utc_date,mom-3|base,mom-3|gross_reference,mom-3|cost_stress,mom-3|delay_stress,mom-3|combined_stress,mom-6|base,mom-6|gross_reference,mom-6|cost_stress,mom-6|delay_stress,mom-6|combined_stress,mom-12|base,mom-12|gross_reference,mom-12|cost_stress,mom-12|delay_stress,mom-12|combined_stress,revert-6-0.5|base,revert-6-0.5|gross_reference,revert-6-0.5|cost_stress,revert-6-0.5|delay_stress,revert-6-0.5|combined_stress,revert-6-1|base,revert-6-1|gross_reference,revert-6-1|cost_stress,revert-6-1|delay_stress,revert-6-1|combined_stress,revert-6-1.5|base,revert-6-1.5|gross_reference,revert-6-1.5|cost_stress,revert-6-1.5|delay_stress,revert-6-1.5|combined_stress,revert-12-0.5|base,revert-12-0.5|gross_reference,revert-12-0.5|cost_stress,revert-12-0.5|delay_stress,revert-12-0.5|combined_stress,revert-12-1|base,revert-12-1|gross_reference,revert-12-1|cost_stress,revert-12-1|delay_stress,revert-12-1|combined_stress,revert-12-1.5|base,revert-12-1.5|gross_reference,revert-12-1.5|cost_stress,revert-12-1.5|delay_stress,revert-12-1.5|combined_stress,flat|base,flat|gross_reference,flat|cost_stress,flat|delay_stress,flat|combined_stress,intraday_long|base,intraday_long|gross_reference,intraday_long|cost_stress,intraday_long|delay_stress,intraday_long|combined_stress
2016-08-12 00:00:00+00:00,-107.5,12.5,-227.5,-120.0,-240.0,-102.5,-12.5,-192.5,-127.5,-217.5,-167.5,12.5,-347.5,-155.0,-335.0,-187.5,-37.5,-337.5,-150.0,-300.0,-67.5,-37.5,-97.5,-67.5,-97.5,-67.5,-37.5,-97.5,-67.5,-97.5,-175.0,-25.0,-325.0,-137.5,-287.5,-55.0,-25.0,-85.0,-42.5,-72.5,-55.0,-25.0,-85.0,-42.5,-72.5,0.0,0.0,0.0,0.0,0.0,-67.5,-37.5,-97.5,-55.0,-85.0
2016-08-16 00:00:00+00:00,22.5,112.5,-67.5,-40.0,-130.0,27.5,87.5,-32.5,-110.0,-170.0,-85.0,-25.0,-145.0,-185.0,-245.0,-155.0,-125.0,-185.0,-142.5,-172.5,-155.0,-125.0,-185.0,-142.5,-172.5,-155.0,-125.0,-185.0,-142.5,-172.5,-80.0,-50.0,-110.0,-55.0,-85.0,-80.0,-50.0,-110.0,-55.0,-85.0,-80.0,-50.0,-110.0,-55.0,-85.0,0.0,0.0,0.0,0.0,0.0,-5.0,25.0,-35.0,-67.5,-97.5
2016-08-17 00:00:00+00:00,-87.5,62.5,-237.5,-125.0,-275.0,-90.0,0.0,-180.0,-77.5,-167.5,-22.5,37.5,-82.5,-22.5,-82.5,-52.5,37.5,-142.5,-40.0,-130.0,-52.5,37.5,-142.5,-40.0,-130.0,-47.5,12.5,-107.5,2.5,-57.5,-42.5,-12.5,-72.5,-17.5,-47.5,-42.5,-12.5,-72.5,-17.5,-47.5,-42.5,-12.5,-72.5,7.5,-22.5,0.0,0.0,0.0,0.0,0.0,57.5,87.5,27.5,70.0,40.0
2016-08-19 00:00:00+00:00,-132.5,-12.5,-252.5,-207.5,-327.5,-40.0,50.0,-130.0,-52.5,-142.5,-47.5,12.5,-107.5,-35.0,-95.0,-72.5,-12.5,-132.5,-85.0,-145.0,-30.0,0.0,-60.0,-42.5,-72.5,-17.5,12.5,-47.5,-5.0,-35.0,15.0,75.0,-45.0,15.0,-45.0,-17.5,12.5,-47.5,-5.0,-35.0,-17.5,12.5,-47.5,-5.0,-35.0,0.0,0.0,0.0,0.0,0.0,-17.5,12.5,-47.5,-30.0,-60.0
2016-08-22 00:00:00+00:00,-480.0,-300.0,-660.0,-480.0,-660.0,-97.5,-37.5,-157.5,-322.5,-382.5,-67.5,-37.5,-97.5,-180.0,-210.0,-87.5,62.5,-237.5,-150.0,-300.0,-102.5,-12.5,-192.5,-115.0,-205.0,-60.0,0.0,-120.0,-85.0,-145.0,-280.0,-250.0,-310.0,-242.5,-272.5,-230.0,-200.0,-260.0,-205.0,-235.0,-230.0,-200.0,-260.0,-205.0,-235.0,0.0,0.0,0.0,0.0,0.0,-317.5,-287.5,-347.5,-417.5,-447.5
2016-08-23 00:00:00+00:00,-145.0,-25.0,-265.0,-120.0,-240.0,-90.0,0.0,-180.0,-102.5,-192.5,-165.0,-75.0,-255.0,-97.5,-157.5,-87.5,62.5,-237.5,-150.0,-300.0,-45.0,75.0,-165.0,-82.5,-202.5,15.0,75.0,-45.0,2.5,-57.5,-60.0,0.0,-120.0,2.5,-57.5,-47.5,12.5,-107.5,-10.0,-70.0,-10.0,50.0,-70.0,-10.0,-70.0,0.0,0.0,0.0,0.0,0.0,-30.0,0.0,-60.0,20.0,-10.0
2016-08-24 00:00:00+00:00,-312.5,-162.5,-462.5,-212.5,-362.5,-245.0,-125.0,-365.0,-207.5,-327.5,-72.5,-12.5,-132.5,-35.0,-95.0,-112.5,37.5,-262.5,-75.0,-225.0,-120.0,0.0,-240.0,-82.5,-202.5,-42.5,-12.5,-72.5,-42.5,-72.5,-65.0,25.0,-155.0,-40.0,-130.0,-65.0,25.0,-155.0,-40.0,-130.0,-60.0,0.0,-120.0,-85.0,-145.0,0.0,0.0,0.0,0.0,0.0,-80.0,-50.0,-110.0,-42.5,-72.5
2016-08-25 00:00:00+00:00,-10.0,50.0,-70.0,65.0,5.0,45.0,75.0,15.0,7.5,-22.5,-30.0,0.0,-60.0,-5.0,-35.0,-82.5,37.5,-202.5,-152.5,-242.5,-172.5,-112.5,-232.5,-185.0,-245.0,-172.5,-112.5,-232.5,-185.0,-245.0,-72.5,-12.5,-132.5,-110.0,-170.0,-47.5,12.5,-107.5,-110.0,-170.0,-30.0,0.0,-60.0,-67.5,-97.5,0.0,0.0,0.0,0.0,0.0,-42.5,-12.5,-72.5,-17.5,-47.5
2016-08-31 00:00:00+00:00,-102.5,-12.5,-192.5,-90.0,-180.0,-102.5,-12.5,-192.5,-115.0,-205.0,-217.5,-37.5,-397.5,-217.5,-397.5,-77.5,12.5,-167.5,-90.0,-180.0,-65.0,25.0,-155.0,-65.0,-155.0,-60.0,0.0,-120.0,-72.5,-132.5,-35.0,25.0,-95.0,-47.5,-107.5,-35.0,25.0,-95.0,-22.5,-82.5,-35.0,25.0,-95.0,-22.5,-82.5,0.0,0.0,0.0,0.0,0.0,-17.5,12.5,-47.5,-17.5,-47.5
2016-09-01 00:00:00+00:00,2.5,62.5,-57.5,-47.5,-107.5,2.5,62.5,-57.5,-35.0,-95.0,-30.0,0.0,-60.0,-17.5,-47.5,-265.0,-175.0,-355.0,-177.5,-267.5,-235.0,-175.0,-295.0,-147.5,-207.5,-235.0,-175.0,-295.0,-147.5,-207.5,-160.0,-100.0,-220.0,-72.5,-132.5,-130.0,-100.0,-160.0,-67.5,-97.5,-130.0,-100.0,-160.0,-67.5,-97.5,0.0,0.0,0.0,0.0,0.0,-180.0,-150.0,-210.0,-105.0,-135.0
2016-09-02 00:00:00+00:00,-167.5,12.5,-347.5,-192.5,-372.5,-212.5,-62.5,-362.5,-95.0,-215.0,-225.0,-75.0,-375.0,-187.5,-337.5,22.5,112.5,-67.5,-90.0,-180.0,2.5,62.5,-57.5,-47.5,-107.5,0.0,0.0,0.0,0.0,0.0,-27.5,62.5,-117.5,-140.0,-230.0,-5.0,25.0,-35.0,-30.0,-60.0,0.0,0.0,0.0,0.0,0.0,0.0,0.0,0.0,0.0,0.0,-42.5,-12.5,-72.5,-105.0,-135.0
2016-09-06 00:00:00+00:00,-125.0,25.0,-275.0,-145.0,-265.0,-60.0,0.0,-120.0,-47.5,-107.5,-110.0,-50.0,-170.0,-85.0,-145.0,-115.0,-25.0,-205.0,-102.5,-192.5,-127.5,-37.5,-217.5,-127.5,-217.5,-30.0,0.0,-60.0,-30.0,-60.0,-60.0,0.0,-120.0,-72.5,-132.5,-10.0,50.0,-70.0,-35.0,-95.0,-22.5,37.5,-82.5,-60.0,-120.0,0.0,0.0,0.0,0.0,0.0,-67.5,-37.5,-97.5,-42.5,-72.5
2016-09-07 00:00:00+00:00,-140.0,-50.0,-230.0,-177.5,-267.5,-140.0,-50.0,-230.0,-190.0,-280.0,-122.5,-62.5,-182.5,-147.5,-207.5,-120.0,0.0,-240.0,-95.0,-215.0,-70.0,50.0,-190.0,-45.0,-165.0,-90.0,0.0,-180.0,-65.0,-155.0,-115.0,-25.0,-205.0,-90.0,-180.0,-85.0,-25.0,-145.0,-47.5,-107.5,-60.0,0.0,-120.0,-22.5,-82.5,0.0,0.0,0.0,0.0,0.0,-117.5,-87.5,-147.5,-130.0,-160.0
2016-09-08 00:00:00+00:00,-85.0,-25.0,-145.0,-85.0,-145.0,-42.5,-12.5,-72.5,-55.0,-85.0,0.0,0.0,0.0,0.0,0.0,-182.5,-62.5,-302.5,-207.5,-327.5,-170.0,-50.0,-290.0,-182.5,-302.5,-127.5,-37.5,-217.5,-165.0,-255.0,-215.0,-125.0,-305.0,-215.0,-305.0,-202.5,-112.5,-292.5,-177.5,-267.5,-190.0,-100.0,-280.0,-190.0,-280.0,0.0,0.0,0.0,0.0,0.0,-192.5,-162.5,-222.5,-180.0,-210.0
2016-09-09 00:00:00+00:00,-145.0,-25.0,-265.0,-195.0,-315.0,-42.5,-12.5,-72.5,-55.0,-85.0,-30.0,0.0,-60.0,-80.0,-110.0,-365.0,-275.0,-455.0,-352.5,-442.5,-365.0,-275.0,-455.0,-352.5,-442.5,-365.0,-275.0,-455.0,-352.5,-442.5,-355.0,-325.0,-385.0,-355.0,-385.0,-367.5,-337.5,-397.5,-342.5,-372.5,-367.5,-337.5,-397.5,-342.5,-372.5,0.0,0.0,0.0,0.0,0.0,-367.5,-337.5,-397.5,-392.5,-422.5
2016-09-12 00:00:00+00:00,-2.5,87.5,-92.5,-90.0,-180.0,-65.0,25.0,-155.0,-127.5,-217.5,-22.5,37.5,-82.5,-35.0,-95.0,-160.0,-100.0,-220.0,-22.5,-82.5,-72.5,-12.5,-132.5,-35.0,-95.0,-60.0,0.0,-120.0,-55.0,-85.0,-47.5,12.5,-107.5,7.5,-22.5,-42.5,-12.5,-72.5,7.5,-22.5,-42.5,-12.5,-72.5,7.5,-22.5,0.0,0.0,0.0,0.0,0.0,57.5,87.5,27.5,32.5,2.5
2016-09-13 00:00:00+00:00,-95.0,25.0,-215.0,-170.0,-290.0,-22.5,37.5,-82.5,-22.5,-82.5,-47.5,12.5,-107.5,-22.5,-82.5,-197.5,-137.5,-257.5,-135.0,-195.0,-185.0,-125.0,-245.0,-147.5,-207.5,-167.5,-137.5,-197.5,-130.0,-160.0,-185.0,-125.0,-245.0,-147.5,-207.5,-105.0,-75.0,-135.0,-55.0,-85.0,-80.0,-50.0,-110.0,0.0,0.0,0.0,0.0,0.0,0.0,0.0,-42.5,-12.5,-72.5,-30.0,-60.0
2016-09-14 00:00:00+00:00,-95.0,25.0,-215.0,-132.5,-252.5,-182.5,-62.5,-302.5,-357.5,-477.5,-295.0,-175.0,-415.0,-120.0,-240.0,-152.5,-62.5,-242.5,22.5,-67.5,-52.5,37.5,-142.5,172.5,82.5,-52.5,37.5,-142.5,172.5,82.5,-15.0,75.0,-105.0,110.0,20.0,15.0,75.0,-45.0,177.5,117.5,82.5,112.5,52.5,20.0,-10.0,0.0,0.0,0.0,0.0,0.0,-42.5,-12.5,-72.5,7.5,-22.5
2016-09-19 00:00:00+00:00,-167.5,12.5,-347.5,-167.5,-347.5,-157.5,-37.5,-277.5,-207.5,-327.5,-97.5,-37.5,-157.5,-97.5,-157.5,-145.0,-25.0,-265.0,-107.5,-227.5,-72.5,-12.5,-132.5,-72.5,-132.5,-72.5,-12.5,-132.5,-72.5,-132.5,-115.0,-25.0,-205.0,-90.0,-180.0,-115.0,-25.0,-205.0,-65.0,-155.0,-17.5,12.5,-47.5,-5.0,-35.0,0.0,0.0,0.0,0.0,0.0,20.0,50.0,-10.0,-5.0,-35.0
2016-09-20 00:00:00+00:00,-60.0,150.0,-270.0,-122.5,-332.5,-20.0,100.0,-140.0,-7.5,-127.5,85.0,175.0,-5.0,15.0,-45.0,-2.5,87.5,-92.5,-165.0,-255.0,15.0,75.0,-45.0,-97.5,-157.5,0.0,0.0,0.0,0.0,0.0,-10.0,50.0,-70.0,-85.0,-145.0,0.0,0.0,0.0,0.0,0.0,0.0,0.0,0.0,0.0,0.0,0.0,0.0,0.0,0.0,0.0,120.0,150.0,90.0,45.0,15.0
2016-09-21 00:00:00+00:00,-247.5,-37.5,-457.5,-247.5,-457.5,-77.5,12.5,-167.5,-165.0,-255.0,-122.5,-62.5,-182.5,-135.0,-195.0,-125.0,25.0,-275.0,-150.0,-300.0,-17.5,12.5,-47.5,-5.0,-35.0,-5.0,25.0,-35.0,-17.5,-47.5,-90.0,0.0,-180.0,-52.5,-142.5,-22.5,37.5,-82.5,-35.0,-95.0,-5.0,25.0,-35.0,-17.5,-47.5,0.0,0.0,0.0,0.0,0.0,-55.0,-25.0,-85.0,-105.0,-135.0
2016-09-22 00:00:00+00:00,105.0,225.0,-15.0,192.5,72.5,135.0,225.0,45.0,147.5,57.5,220.0,250.0,190.0,207.5,177.5,-17.5,12.5,-47.5,-5.0,-35.0,-17.5,12.5,-47.5,-5.0,-35.0,-17.5,12.5,-47.5,-5.0,-35.0,-5.0,25.0,-35.0,32.5,2.5,-5.0,25.0,-35.0,32.5,2.5,7.5,37.5,-22.5,32.5,2.5,0.0,0.0,0.0,0.0,0.0,295.0,325.0,265.0,295.0,265.0
2016-09-23 00:00:00+00:00,-145.0,-25.0,-265.0,-195.0,-315.0,-170.0,-50.0,-290.0,-127.5,-217.5,-90.0,0.0,-180.0,-77.5,-167.5,-82.5,37.5,-202.5,10.0,-80.0,-22.5,37.5,-82.5,27.5,-32.5,7.5,37.5,-22.5,32.5,2.5,-65.0,25.0,-155.0,22.5,-67.5,-72.5,-12.5,-132.5,-10.0,-70.0,-30.0,0.0,-60.0,-17.5,-47.5,0.0,0.0,0.0,0.0,0.0,-30.0,0.0,-60.0,-5.0,-35.0
2016-09-26 00:00:00+00:00,-20.0,100.0,-140.0,-27.5,-117.5,10.0,100.0,-80.0,-22.5,-82.5,-135.0,-75.0,-195.0,-160.0,-220.0,-45.0,75.0,-165.0,-95.0,-215.0,-45.0,75.0,-165.0,-95.0,-215.0,7.5,37.5,-22.5,32.5,2.5,27.5,87.5,-32.5,15.0,-45.0,52.5,112.5,-7.5,15.0,-45.0,32.5,62.5,2.5,45.0,15.0,0.0,0.0,0.0,0.0,0.0,57.5,87.5,27.5,57.5,27.5
2016-09-27 00:00:00+00:00,-40.0,50.0,-130.0,-65.0,-155.0,-170.0,-50.0,-290.0,-107.5,-227.5,27.5,87.5,-32.5,-60.0,-120.0,-215.0,-125.0,-305.0,-102.5,-192.5,-202.5,-112.5,-292.5,-115.0,-205.0,-122.5,-62.5,-182.5,-60.0,-120.0,-147.5,-87.5,-207.5,7.5,-22.5,-147.5,-87.5,-207.5,7.5,-22.5,-117.5,-87.5,-147.5,7.5,-22.5,0.0,0.0,0.0,0.0,0.0,-117.5,-87.5,-147.5,-17.5,-47.5
2016-09-28 00:00:00+00:00,5.0,125.0,-115.0,-182.5,-302.5,22.5,112.5,-67.5,35.0,-55.0,57.5,87.5,27.5,70.0,40.0,-260.0,-200.0,-320.0,-135.0,-195.0,-260.0,-200.0,-320.0,-135.0,-195.0,-230.0,-200.0,-260.0,-130.0,-160.0,-292.5,-262.5,-322.5,-330.0,-360.0,-205.0,-175.0,-235.0,-117.5,-147.5,-205.0,-175.0,-235.0,-117.5,-147.5,0.0,0.0,0.0,0.0,0.0,-192.5,-162.5,-222.5,-192.5,-222.5
2016-09-29 00:00:00+00:00,-305.0,-125.0,-485.0,-255.0,-435.0,-152.5,-62.5,-242.5,-190.0,-280.0,0.0,0.0,0.0,0.0,0.0,-120.0,0.0,-240.0,-157.5,-277.5,-85.0,-25.0,-145.0,-60.0,-120.0,-72.5,-12.5,-132.5,-60.0,-120.0,-77.5,12.5,-167.5,-90.0,-180.0,-60.0,0.0,-120.0,-47.5,-107.5,-47.5,12.5,-107.5,-47.5,-107.5,0.0,0.0,0.0,0.0,0.0,-117.5,-87.5,-147.5,-130.0,-160.0
2016-09-30 00:00:00+00:00,-57.5,62.5,-177.5,-32.5,-152.5,-195.0,-75.0,-315.0,-132.5,-252.5,-282.5,-162.5,-402.5,-170.0,-290.0,-102.5,-12.5,-192.5,-22.5,-82.5,-110.0,-50.0,-170.0,-22.5,-82.5,0.0,0.0,0.0,0.0,0.0,45.0,75.0,15.0,57.5,27.5,82.5,112.5,52.5,70.0,40.0,0.0,0.0,0.0,0.0,0.0,0.0,0.0,0.0,0.0,0.0,45.0,75.0,15.0,70.0,40.0
2016-10-03 00:00:00+00:00,-145.0,-25.0,-265.0,-195.0,-315.0,-97.5,-37.5,-157.5,-72.5,-132.5,-92.5,-62.5,-122.5,-105.0,-135.0,-127.5,-37.5,-217.5,-102.5,-192.5,-110.0,-50.0,-170.0,-72.5,-132.5,-67.5,-37.5,-97.5,-92.5,-122.5,-85.0,-25.0,-145.0,-110.0,-170.0,-72.5,-12.5,-132.5,-110.0,-170.0,-67.5,-37.5,-97.5,-130.0,-160.0,0.0,0.0,0.0,0.0,0.0,-117.5,-87.5,-147.5,-117.5,-147.5
2016-10-04 00:00:00+00:00,-102.5,-12.5,-192.5,-215.0,-305.0,-122.5,-62.5,-182.5,-160.0,-220.0,-152.5,-62.5,-242.5,-152.5,-242.5,-185.0,-125.0,-245.0,-185.0,-245.0,-185.0,-125.0,-245.0,-185.0,-245.0,-192.5,-162.5,-222.5,-167.5,-197.5,-172.5,-112.5,-232.5,-197.5,-257.5,-172.5,-112.5,-232.5,-197.5,-257.5,-117.5,-87.5,-147.5,-142.5,-172.5,0.0,0.0,0.0,0.0,0.0,-217.5,-187.5,-247.5,-167.5,-197.5
2016-10-05 00:00:00+00:00,-52.5,37.5,-142.5,-65.0,-155.0,-50.0,100.0,-200.0,25.0,-125.0,5.0,125.0,-115.0,30.0,-90.0,-72.5,-12.5,-132.5,-60.0,-120.0,-47.5,12.5,-107.5,-60.0,-120.0,-22.5,37.5,-82.5,-10.0,-70.0,-52.5,37.5,-142.5,-102.5,-192.5,27.5,87.5,-32.5,2.5,-57.5,77.5,137.5,17.5,15.0,-45.0,0.0,0.0,0.0,0.0,0.0,132.5,162.5,102.5,120.0,90.0
2016-10-06 00:00:00+00:00,-225.0,-75.0,-375.0,-212.5,-362.5,-232.5,-112.5,-352.5,-190.0,-280.0,-202.5,-112.5,-292.5,-240.0,-330.0,-377.5,-287.5,-467.5,-340.0,-430.0,-347.5,-287.5,-407.5,-222.5,-282.5,-255.0,-225.0,-285.0,-167.5,-197.5,-247.5,-187.5,-307.5,-172.5,-232.5,-217.5,-187.5,-247.5,-167.5,-197.5,-217.5,-187.5,-247.5,-167.5,-197.5,0.0,0.0,0.0,0.0,0.0,-280.0,-250.0,-310.0,-255.0,-285.0
2016-10-07 00:00:00+00:00,-162.5,-12.5,-312.5,-7.5,-127.5,-40.0,50.0,-130.0,-15.0,-105.0,-115.0,-25.0,-205.0,-215.0,-305.0,-152.5,-62.5,-242.5,-190.0,-280.0,-160.0,-100.0,-220.0,-197.5,-257.5,-130.0,-100.0,-160.0,-142.5,-172.5,-97.5,-37.5,-157.5,-85.0,-145.0,-105.0,-75.0,-135.0,-92.5,-122.5,-92.5,-62.5,-122.5,-55.0,-85.0,0.0,0.0,0.0,0.0,0.0,-105.0,-75.0,-135.0,-105.0,-135.0
2016-10-10 00:00:00+00:00,-260.0,-50.0,-470.0,-72.5,-282.5,12.5,162.5,-137.5,-87.5,-237.5,72.5,162.5,-17.5,122.5,32.5,-35.0,25.0,-95.0,90.0,30.0,-5.0,25.0,-35.0,-5.0,-35.0,0.0,0.0,0.0,0.0,0.0,-17.5,12.5,-47.5,70.0,40.0,0.0,0.0,0.0,0.0,0.0,0.0,0.0,0.0,0.0,0.0,0.0,0.0,0.0,0.0,0.0,207.5,237.5,177.5,195.0,165.0
2016-10-11 00:00:00+00:00,72.5,162.5,-17.5,-77.5,-167.5,-60.0,0.0,-120.0,-47.5,-107.5,-17.5,12.5,-47.5,-17.5,-47.5,42.5,162.5,-77.5,10.0,-80.0,35.0,125.0,-55.0,65.0,5.0,-17.5,12.5,-47.5,32.5,2.5,40.0,100.0,-20.0,20.0,-10.0,40.0,100.0,-20.0,20.0,-10.0,7.5,37.5,-22.5,20.0,-10.0,0.0,0.0,0.0,0.0,0.0,82.5,112.5,52.5,107.5,77.5
2016-10-12 00:00:00+00:00,-115.0,-25.0,-205.0,-52.5,-142.5,-22.5,37.5,-82.5,-22.5,-82.5,-72.5,-12.5,-132.5,-235.0,-295.0,-40.0,50.0,-130.0,-90.0,-180.0,-35.0,25.0,-95.0,-122.5,-182.5,-5.0,25.0,-35.0,-80.0,-110.0,-80.0,-50.0,-110.0,-67.5,-97.5,-42.5,-12.5,-72.5,-5.0,-35.0,-30.0,0.0,-60.0,-55.0,-85.0,0.0,0.0,0.0,0.0,0.0,-5.0,25.0,-35.0,-117.5,-147.5
2016-10-13 00:00:00+00:00,-255.0,-75.0,-435.0,-217.5,-397.5,-232.5,-112.5,-352.5,-257.5,-377.5,-152.5,-62.5,-242.5,-265.0,-355.0,22.5,112.5,-67.5,10.0,-80.0,22.5,112.5,-67.5,10.0,-80.0,0.0,0.0,0.0,0.0,0.0,2.5,62.5,-57.5,-17.5,-47.5,-17.5,12.5,-47.5,-17.5,-47.5,7.5,37.5,-22.5,32.5,2.5,0.0,0.0,0.0,0.0,0.0,45.0,75.0,15.0,-5.0,-35.0
2016-10-14 00:00:00+00:00,155.0,275.0,35.0,67.5,-52.5,152.5,212.5,92.5,215.0,155.0,257.5,287.5,227.5,257.5,227.5,-17.5,12.5,-47.5,-30.0,-60.0,0.0,0.0,0.0,0.0,0.0,0.0,0.0,0.0,0.0,0.0,0.0,0.0,0.0,0.0,0.0,0.0,0.0,0.0,0.0,0.0,0.0,0.0,0.0,0.0,0.0,0.0,0.0,0.0,0.0,0.0,220.0,250.0,190.0,232.5,202.5
2016-10-17 00:00:00+00:00,-50.0,100.0,-200.0,-50.0,-200.0,147.5,237.5,57.5,172.5,82.5,165.0,225.0,105.0,165.0,105.0,-15.0,75.0,-105.0,-15.0,-105.0,40.0,100.0,-20.0,-10.0,-70.0,7.5,37.5,-22.5,7.5,-22.5,-30.0,0.0,-60.0,45.0,15.0,7.5,37.5,-22.5,57.5,27.5,7.5,37.5,-22.5,57.5,27.5,0.0,0.0,0.0,0.0,0.0,120.0,150.0,90.0,132.5,102.5
2016-10-18 00:00:00+00:00,-87.5,62.5,-237.5,-100.0,-250.0,-32.5,87.5,-152.5,-120.0,-240.0,-20.0,100.0,-140.0,-95.0,-215.0,-70.0,50.0,-190.0,-70.0,-190.0,-40.0,50.0,-130.0,10.0,-80.0,-30.0,0.0,-60.0,7.5,-22.5,-77.5,12.5,-167.5,-52.5,-142.5,-55.0,-25.0,-85.0,-55.0,-85.0,-5.0,25.0,-35.0,-17.5,-47.5,0.0,0.0,0.0,0.0,0.0,82.5,112.5,52.5,45.0,15.0
2016-10-19 00:00:00+00:00,-167.5,12.5,-347.5,-230.0,-410.0,-162.5,-12.5,-312.5,-150.0,-300.0,-60.0,0.0,-120.0,-10.0,-70.0,-57.5,62.5,-177.5,-57.5,-177.5,2.5,62.5,-57.5,-60.0,-120.0,0.0,0.0,0.0,0.0,0.0,-2.5,87.5,-92.5,-27.5,-117.5,0.0,0.0,0.0,0.0,0.0,0.0,0.0,0.0,0.0,0.0,0.0,0.0,0.0,0.0,0.0,32.5,62.5,2.5,45.0,15.0
2016-10-21 00:00:00+00:00,-145.0,-25.0,-265.0,-195.0,-315.0,45.0,75.0,15.0,-30.0,-60.0,-67.5,-37.5,-97.5,-80.0,-110.0,-45.0,75.0,-165.0,-20.0,-140.0,-122.5,-62.5,-182.5,-47.5,-107.5,-10.0,50.0,-70.0,-10.0,-70.0,15.0,75.0,-45.0,-22.5,-82.5,15.0,75.0,-45.0,-22.5,-82.5,20.0,50.0,-10.0,7.5,-22.5,0.0,0.0,0.0,0.0,0.0,32.5,62.5,2.5,-5.0,-35.0
2016-10-24 00:00:00+00:00,-242.5,-62.5,-422.5,-137.5,-287.5,-17.5,12.5,-47.5,-30.0,-60.0,-110.0,-50.0,-170.0,-110.0,-170.0,-207.5,-87.5,-327.5,-182.5,-302.5,-140.0,-50.0,-230.0,-140.0,-230.0,-97.5,-37.5,-157.5,-97.5,-157.5,-97.5,-37.5,-157.5,-97.5,-157.5,-72.5,-12.5,-132.5,-85.0,-145.0,-72.5,-12.5,-132.5,-85.0,-145.0,0.0,0.0,0.0,0.0,0.0,-80.0,-50.0,-110.0,-67.5,-97.5
2016-10-25 00:00:00+00:00,-102.5,-12.5,-192.5,-65.0,-155.0,-135.0,-75.0,-195.0,-135.0,-195.0,-92.5,-62.5,-122.5,-80.0,-110.0,-222.5,-162.5,-282.5,-197.5,-257.5,-222.5,-162.5,-282.5,-197.5,-257.5,-110.0,-50.0,-170.0,-72.5,-132.5,-110.0,-50.0,-170.0,-60.0,-120.0,-72.5,-12.5,-132.5,-22.5,-82.5,-10.0,50.0,-70.0,15.0,-45.0,0.0,0.0,0.0,0.0,0.0,-167.5,-137.5,-197.5,-167.5,-197.5
2016-10-26 00:00:00+00:00,-155.0,25.0,-335.0,-280.0,-460.0,-90.0,0.0,-180.0,-152.5,-242.5,-97.5,-37.5,-157.5,-35.0,-95.0,-170.0,-50.0,-290.0,-65.0,-155.0,-102.5,-12.5,-192.5,-72.5,-132.5,-102.5,-12.5,-192.5,-72.5,-132.5,-77.5,12.5,-167.5,-10.0,-70.0,-17.5,12.5,-47.5,-30.0,-60.0,-17.5,12.5,-47.5,-30.0,-60.0,0.0,0.0,0.0,0.0,0.0,20.0,50.0,-10.0,32.5,2.5
2016-10-27 00:00:00+00:00,42.5,162.5,-77.5,-70.0,-190.0,-15.0,75.0,-105.0,72.5,-17.5,140.0,200.0,80.0,40.0,-20.0,72.5,162.5,-17.5,185.0,95.0,97.5,187.5,7.5,172.5,82.5,0.0,0.0,0.0,0.0,0.0,52.5,112.5,-7.5,177.5,117.5,77.5,137.5,17.5,165.0,105.0,-5.0,25.0,-35.0,-5.0,-35.0,0.0,0.0,0.0,0.0,0.0,270.0,300.0,240.0,332.5,302.5
2016-10-28 00:00:00+00:00,142.5,262.5,22.5,80.0,-40.0,160.0,250.0,70.0,35.0,-55.0,202.5,262.5,142.5,102.5,42.5,-22.5,37.5,-82.5,27.5,-32.5,-5.0,25.0,-35.0,57.5,27.5,-5.0,25.0,-35.0,57.5,27.5,-5.0,25.0,-35.0,57.5,27.5,0.0,0.0,0.0,0.0,0.0,0.0,0.0,0.0,0.0,0.0,0.0,0.0,0.0,0.0,0.0,232.5,262.5,202.5,220.0,190.0
2016-10-31 00:00:00+00:00,-112.5,37.5,-262.5,-50.0,-200.0,-2.5,87.5,-92.5,-65.0,-155.0,-177.5,-87.5,-267.5,-165.0,-255.0,-152.5,-62.5,-242.5,-115.0,-205.0,-140.0,-50.0,-230.0,-52.5,-142.5,-72.5,-12.5,-132.5,-72.5,-132.5,-97.5,-37.5,-157.5,-47.5,-107.5,-47.5,12.5,-107.5,-60.0,-120.0,-47.5,12.5,-107.5,-85.0,-145.0,0.0,0.0,0.0,0.0,0.0,-55.0,-25.0,-85.0,-42.5,-72.5
2016-11-01 00:00:00+00:00,-87.5,62.5,-237.5,-50.0,-200.0,-35.0,25.0,-95.0,-10.0,-70.0,-30.0,0.0,-60.0,-42.5,-72.5,-150.0,0.0,-300.0,-162.5,-312.5,-27.5,62.5,-117.5,-15.0,-105.0,15.0,75.0,-45.0,-22.5,-82.5,-160.0,-100.0,-220.0,-172.5,-232.5,-172.5,-112.5,-232.5,-185.0,-245.0,-47.5,12.5,-107.5,-60.0,-120.0,0.0,0.0,0.0,0.0,0.0,-55.0,-25.0,-85.0,-42.5,-72.5
2016-11-02 00:00:00+00:00,142.5,262.5,22.5,55.0,-65.0,42.5,162.5,-77.5,-45.0,-165.0,-22.5,37.5,-82.5,-122.5,-182.5,2.5,62.5,-57.5,15.0,-45.0,2.5,62.5,-57.5,15.0,-45.0,32.5,62.5,2.5,32.5,2.5,-27.5,62.5,-117.5,-40.0,-130.0,0.0,0.0,0.0,0.0,0.0,0.0,0.0,0.0,0.0,0.0,0.0,0.0,0.0,0.0,0.0,220.0,250.0,190.0,145.0,115.0
2016-11-03 00:00:00+00:00,-37.5,112.5,-187.5,-137.5,-287.5,-112.5,37.5,-262.5,-25.0,-175.0,-112.5,37.5,-262.5,50.0,-100.0,117.5,237.5,-2.5,192.5,72.5,117.5,237.5,-2.5,192.5,72.5,0.0,0.0,0.0,0.0,0.0,60.0,150.0,-30.0,147.5,57.5,27.5,87.5,-32.5,165.0,105.0,0.0,0.0,0.0,0.0,0.0,0.0,0.0,0.0,0.0,0.0,282.5,312.5,252.5,332.5,302.5
2016-11-04 00:00:00+00:00,-362.5,-212.5,-512.5,-225.0,-375.0,-432.5,-312.5,-552.5,-332.5,-452.5,-140.0,-50.0,-230.0,-277.5,-367.5,112.5,262.5,-37.5,-12.5,-162.5,92.5,212.5,-27.5,80.0,-40.0,10.0,100.0,-80.0,77.5,17.5,110.0,200.0,20.0,140.0,80.0,177.5,237.5,117.5,152.5,92.5,120.0,150.0,90.0,145.0,115.0,0.0,0.0,0.0,0.0,0.0,-55.0,-25.0,-85.0,20.0,-10.0
2016-11-07 00:00:00+00:00,-32.5,87.5,-152.5,-32.5,-152.5,27.5,87.5,-32.5,-35.0,-95.0,32.5,62.5,2.5,-5.0,-35.0,-147.5,-87.5,-207.5,-160.0,-220.0,-147.5,-87.5,-207.5,-160.0,-220.0,-110.0,-50.0,-170.0,-97.5,-157.5,-85.0,-25.0,-145.0,-97.5,-157.5,-85.0,-25.0,-145.0,-97.5,-157.5,-17.5,12.5,-47.5,-5.0,-35.0,0.0,0.0,0.0,0.0,0.0,-30.0,0.0,-60.0,-42.5,-72.5
2016-11-08 00:00:00+00:00,-250.0,-100.0,-400.0,-237.5,-387.5,-182.5,-62.5,-302.5,-220.0,-340.0,-120.0,0.0,-240.0,-145.0,-265.0,-202.5,-112.5,-292.5,-152.5,-242.5,-152.5,-62.5,-242.5,-127.5,-217.5,-135.0,-75.0,-195.0,-122.5,-182.5,-182.5,-62.5,-302.5,-220.0,-340.0,-152.5,-62.5,-242.5,-227.5,-317.5,-97.5,-37.5,-157.5,-210.0,-270.0,0.0,0.0,0.0,0.0,0.0,-217.5,-187.5,-247.5,-242.5,-272.5
2016-11-09 00:00:00+00:00,-502.5,-412.5,-592.5,-1152.5,-1242.5,-1027.5,-937.5,-1117.5,-1415.0,-1505.0,-252.5,-162.5,-342.5,-940.0,-1030.0,-252.5,-162.5,-342.5,-115.0,-205.0,-115.0,-25.0,-205.0,335.0,245.0,-55.0,-25.0,-85.0,-155.0,-185.0,355.0,475.0,235.0,142.5,22.5,265.0,325.0,205.0,190.0,130.0,-92.5,-62.5,-122.5,-42.5,-72.5,0.0,0.0,0.0,0.0,0.0,-642.5,-612.5,-672.5,-1005.0,-1035.0
2016-11-10 00:00:00+00:00,297.5,387.5,207.5,35.0,-55.0,145.0,175.0,115.0,107.5,77.5,-257.5,-137.5,-377.5,-257.5,-377.5,-410.0,-350.0,-470.0,-372.5,-432.5,-410.0,-350.0,-470.0,-347.5,-407.5,-210.0,-150.0,-270.0,-210.0,-270.0,-197.5,-137.5,-257.5,-22.5,-82.5,-160.0,-100.0,-220.0,-85.0,-145.0,7.5,37.5,-22.5,57.5,27.5,0.0,0.0,0.0,0.0,0.0,-217.5,-187.5,-247.5,-80.0,-110.0
2016-11-11 00:00:00+00:00,-277.5,-187.5,-367.5,-427.5,-517.5,-327.5,-237.5,-417.5,-227.5,-317.5,0.0,0.0,0.0,0.0,0.0,-415.0,-325.0,-505.0,-372.5,-432.5,-377.5,-287.5,-467.5,-372.5,-432.5,-265.0,-175.0,-355.0,-272.5,-332.5,-435.0,-375.0,-495.0,-435.0,-495.0,-397.5,-337.5,-457.5,-435.0,-495.0,-285.0,-225.0,-345.0,-335.0,-395.0,0.0,0.0,0.0,0.0,0.0,-442.5,-412.5,-472.5,-405.0,-435.0
2016-11-14 00:00:00+00:00,-97.5,-37.5,-157.5,-85.0,-145.0,-80.0,-50.0,-110.0,-117.5,-147.5,-80.0,-50.0,-110.0,-17.5,-47.5,-495.0,-375.0,-615.0,-620.0,-740.0,-515.0,-425.0,-605.0,-577.5,-667.5,-347.5,-287.5,-407.5,-460.0,-520.0,-490.0,-400.0,-580.0,-527.5,-617.5,-477.5,-387.5,-567.5,-527.5,-617.5,-415.0,-325.0,-505.0,-465.0,-555.0,0.0,0.0,0.0,0.0,0.0,-542.5,-512.5,-572.5,-555.0,-585.0
2016-11-15 00:00:00+00:00,-300.0,-150.0,-450.0,-262.5,-412.5,-252.5,-162.5,-342.5,-127.5,-217.5,-240.0,-150.0,-330.0,-190.0,-280.0,-200.0,-50.0,-350.0,-182.5,-302.5,-120.0,0.0,-240.0,-177.5,-267.5,-60.0,0.0,-120.0,-122.5,-182.5,-152.5,-62.5,-242.5,-165.0,-255.0,-127.5,-37.5,-217.5,-177.5,-267.5,-135.0,-75.0,-195.0,-122.5,-182.5,0.0,0.0,0.0,0.0,0.0,-230.0,-200.0,-260.0,-255.0,-285.0
2016-11-16 00:00:00+00:00,-175.0,-25.0,-325.0,-270.0,-390.0,-145.0,-25.0,-265.0,-195.0,-315.0,-170.0,-50.0,-290.0,-145.0,-265.0,-145.0,-25.0,-265.0,-157.5,-277.5,-82.5,37.5,-202.5,-95.0,-215.0,2.5,62.5,-57.5,2.5,-57.5,-152.5,-62.5,-242.5,-165.0,-255.0,-140.0,-50.0,-230.0,-152.5,-242.5,-90.0,0.0,-180.0,-90.0,-180.0,0.0,0.0,0.0,0.0,0.0,-142.5,-112.5,-172.5,-142.5,-172.5
2016-11-17 00:00:00+00:00,-217.5,-37.5,-397.5,-192.5,-372.5,-77.5,12.5,-167.5,-47.5,-107.5,-85.0,-25.0,-145.0,-122.5,-182.5,-45.0,75.0,-165.0,-57.5,-177.5,-32.5,87.5,-152.5,-82.5,-202.5,-2.5,87.5,-92.5,-65.0,-155.0,-10.0,50.0,-70.0,15.0,-45.0,7.5,37.5,-22.5,-5.0,-35.0,7.5,37.5,-22.5,-5.0,-35.0,0.0,0.0,0.0,0.0,0.0,-55.0,-25.0,-85.0,-55.0,-85.0
2016-11-18 00:00:00+00:00,-200.0,-50.0,-350.0,-212.5,-362.5,-140.0,-50.0,-230.0,-77.5,-167.5,-35.0,25.0,-95.0,-22.5,-82.5,-32.5,87.5,-152.5,17.5,-102.5,55.0,175.0,-65.0,42.5,-77.5,27.5,87.5,-32.5,52.5,-7.5,10.0,100.0,-80.0,-15.0,-105.0,-22.5,37.5,-82.5,-22.5,-82.5,40.0,100.0,-20.0,27.5,-32.5,0.0,0.0,0.0,0.0,0.0,82.5,112.5,52.5,107.5,77.5
2016-11-21 00:00:00+00:00,60.0,150.0,-30.0,-40.0,-130.0,40.0,100.0,-20.0,77.5,17.5,20.0,50.0,-10.0,-17.5,-47.5,-35.0,25.0,-95.0,-85.0,-145.0,-35.0,25.0,-95.0,-85.0,-145.0,-35.0,25.0,-95.0,-85.0,-145.0,52.5,112.5,-7.5,-22.5,-82.5,27.5,87.5,-32.5,-85.0,-145.0,7.5,37.5,-22.5,-30.0,-60.0,0.0,0.0,0.0,0.0,0.0,70.0,100.0,40.0,32.5,2.5
2016-11-22 00:00:00+00:00,-145.0,-25.0,-265.0,-120.0,-240.0,-145.0,-25.0,-265.0,-132.5,-252.5,0.0,0.0,0.0,0.0,0.0,-202.5,-112.5,-292.5,-90.0,-180.0,-90.0,0.0,-180.0,-40.0,-130.0,-90.0,0.0,-180.0,-40.0,-130.0,-157.5,-37.5,-277.5,-145.0,-265.0,-65.0,25.0,-155.0,-65.0,-155.0,-65.0,25.0,-155.0,-65.0,-155.0,0.0,0.0,0.0,0.0,0.0,-105.0,-75.0,-135.0,-80.0,-110.0
2016-11-23 00:00:00+00:00,-127.5,-37.5,-217.5,-165.0,-255.0,-127.5,-37.5,-217.5,-152.5,-242.5,-85.0,-25.0,-145.0,-85.0,-145.0,-147.5,-87.5,-207.5,-135.0,-195.0,-147.5,-87.5,-207.5,-160.0,-220.0,-135.0,-75.0,-195.0,-160.0,-220.0,-117.5,-87.5,-147.5,-117.5,-147.5,-117.5,-87.5,-147.5,-117.5,-147.5,-55.0,-25.0,-85.0,-67.5,-97.5,0.0,0.0,0.0,0.0,0.0,-180.0,-150.0,-210.0,-192.5,-222.5
2016-11-24 00:00:00+00:00,-150.0,0.0,-300.0,-187.5,-337.5,-255.0,-75.0,-435.0,-230.0,-410.0,-287.5,-137.5,-437.5,-175.0,-325.0,2.5,62.5,-57.5,-10.0,-70.0,32.5,62.5,2.5,7.5,-22.5,32.5,62.5,2.5,7.5,-22.5,15.0,75.0,-45.0,2.5,-57.5,0.0,0.0,0.0,0.0,0.0,0.0,0.0,0.0,0.0,0.0,0.0,0.0,0.0,0.0,0.0,20.0,50.0,-10.0,32.5,2.5
2016-11-25 00:00:00+00:00,-70.0,50.0,-190.0,-102.5,-192.5,-77.5,12.5,-167.5,-97.5,-157.5,-80.0,-50.0,-110.0,-117.5,-147.5,-77.5,12.5,-167.5,-40.0,-130.0,-65.0,25.0,-155.0,-40.0,-130.0,-47.5,12.5,-107.5,-10.0,-70.0,-35.0,25.0,-95.0,40.0,-20.0,-35.0,25.0,-95.0,40.0,-20.0,-35.0,25.0,-95.0,40.0,-20.0,0.0,0.0,0.0,0.0,0.0,20.0,50.0,-10.0,45.0,15.0
2016-11-28 00:00:00+00:00,-225.0,-75.0,-375.0,-275.0,-425.0,22.5,112.5,-67.5,-52.5,-142.5,-35.0,25.0,-95.0,15.0,-45.0,30.0,150.0,-90.0,5.0,-115.0,-35.0,25.0,-95.0,-85.0,-145.0,-35.0,25.0,-95.0,-85.0,-145.0,-27.5,62.5,-117.5,-52.5,-142.5,-47.5,12.5,-107.5,-97.5,-157.5,-30.0,0.0,-60.0,-80.0,-110.0,0.0,0.0,0.0,0.0,0.0,45.0,75.0,15.0,20.0,-10.0
2016-11-29 00:00:00+00:00,-207.5,-87.5,-327.5,-182.5,-302.5,-170.0,-50.0,-290.0,-182.5,-302.5,-190.0,-100.0,-280.0,-115.0,-205.0,-2.5,87.5,-92.5,-15.0,-105.0,-42.5,-12.5,-72.5,-30.0,-60.0,-42.5,-12.5,-72.5,-30.0,-60.0,-47.5,12.5,-107.5,-47.5,-107.5,-47.5,12.5,-107.5,-35.0,-95.0,-5.0,25.0,-35.0,7.5,-22.5,0.0,0.0,0.0,0.0,0.0,-55.0,-25.0,-85.0,-42.5,-72.5
2016-11-30 00:00:00+00:00,-130.0,50.0,-310.0,-67.5,-247.5,-150.0,0.0,-300.0,-87.5,-237.5,-40.0,50.0,-130.0,-102.5,-192.5,-70.0,50.0,-190.0,-195.0,-315.0,-82.5,37.5,-202.5,-170.0,-290.0,40.0,100.0,-20.0,2.5,-57.5,-5.0,25.0,-35.0,-30.0,-60.0,-5.0,25.0,-35.0,-30.0,-60.0,-17.5,12.5,-47.5,-5.0,-35.0,0.0,0.0,0.0,0.0,0.0,20.0,50.0,-10.0,7.5,-22.5
2016-12-01 00:00:00+00:00,-77.5,12.5,-167.5,-40.0,-130.0,-47.5,12.5,-107.5,-55.0,-85.0,-235.0,-175.0,-295.0,-197.5,-257.5,-225.0,-75.0,-375.0,-200.0,-350.0,-157.5,-37.5,-277.5,-132.5,-252.5,-102.5,-12.5,-192.5,-77.5,-167.5,-22.5,37.5,-82.5,27.5,-32.5,-10.0,50.0,-70.0,40.0,-20.0,40.0,100.0,-20.0,40.0,-20.0,0.0,0.0,0.0,0.0,0.0,-55.0,-25.0,-85.0,-17.5,-47.5
2016-12-02 00:00:00+00:00,-180.0,0.0,-360.0,-87.5,-237.5,-22.5,37.5,-82.5,-47.5,-107.5,-202.5,-112.5,-292.5,-127.5,-217.5,-90.0,0.0,-180.0,-115.0,-205.0,-110.0,-50.0,-170.0,-60.0,-120.0,-110.0,-50.0,-170.0,-60.0,-120.0,-35.0,25.0,-95.0,-72.5,-132.5,-22.5,37.5,-82.5,-60.0,-120.0,-47.5,12.5,-107.5,-85.0,-145.0,0.0,0.0,0.0,0.0,0.0,-92.5,-62.5,-122.5,-55.0,-85.0
2016-12-05 00:00:00+00:00,-52.5,37.5,-142.5,-165.0,-255.0,-115.0,-25.0,-205.0,-202.5,-292.5,-152.5,-62.5,-242.5,-165.0,-255.0,-172.5,-112.5,-232.5,-35.0,-95.0,-122.5,-62.5,-182.5,2.5,-57.5,-60.0,0.0,-120.0,15.0,-45.0,-60.0,0.0,-120.0,-10.0,-70.0,77.5,137.5,17.5,-10.0,-70.0,-42.5,-12.5,-72.5,-80.0,-110.0,0.0,0.0,0.0,0.0,0.0,-117.5,-87.5,-147.5,-117.5,-147.5
2016-12-06 00:00:00+00:00,-117.5,62.5,-297.5,-67.5,-247.5,-95.0,25.0,-215.0,-120.0,-240.0,7.5,37.5,-22.5,-30.0,-60.0,-52.5,37.5,-142.5,-77.5,-167.5,-52.5,37.5,-142.5,-52.5,-142.5,-17.5,12.5,-47.5,20.0,-10.0,20.0,50.0,-10.0,32.5,2.5,7.5,37.5,-22.5,32.5,2.5,0.0,0.0,0.0,0.0,0.0,0.0,0.0,0.0,0.0,0.0,32.5,62.5,2.5,32.5,2.5
2016-12-07 00:00:00+00:00,-285.0,-75.0,-495.0,-205.0,-385.0,-212.5,-62.5,-362.5,-287.5,-437.5,-225.0,-75.0,-375.0,-175.0,-325.0,-65.0,25.0,-155.0,-40.0,-130.0,-22.5,37.5,-82.5,-35.0,-95.0,-42.5,-12.5,-72.5,-30.0,-60.0,-27.5,62.5,-117.5,-15.0,-105.0,2.5,62.5,-57.5,-22.5,-82.5,32.5,62.5,2.5,-17.5,-47.5,0.0,0.0,0.0,0.0,0.0,-92.5,-62.5,-122.5,-80.0,-110.0
2016-12-08 00:00:00+00:00,-100.0,50.0,-250.0,-87.5,-237.5,27.5,87.5,-32.5,65.0,5.0,20.0,50.0,-10.0,20.0,-10.0,-70.0,50.0,-190.0,-107.5,-227.5,-65.0,25.0,-155.0,-90.0,-180.0,-40.0,50.0,-130.0,-22.5,-82.5,-22.5,37.5,-82.5,-72.5,-132.5,-22.5,37.5,-82.5,-17.5,-47.5,-22.5,37.5,-82.5,-17.5,-47.5,0.0,0.0,0.0,0.0,0.0,32.5,62.5,2.5,20.0,-10.0
2016-12-09 00:00:00+00:00,-57.5,62.5,-177.5,-70.0,-190.0,-120.0,0.0,-240.0,-95.0,-215.0,-120.0,0.0,-240.0,-157.5,-277.5,-45.0,75.0,-165.0,17.5,-102.5,-2.5,87.5,-92.5,22.5,-67.5,7.5,37.5,-22.5,7.5,-22.5,60.0,150.0,-30.0,35.0,-55.0,65.0,125.0,5.0,40.0,-20.0,0.0,0.0,0.0,0.0,0.0,0.0,0.0,0.0,0.0,0.0,95.0,125.0,65.0,95.0,65.0
2016-12-12 00:00:00+00:00,-57.5,62.5,-177.5,-95.0,-215.0,-125.0,25.0,-275.0,-175.0,-325.0,27.5,87.5,-32.5,27.5,-32.5,-140.0,-50.0,-230.0,-65.0,-155.0,-117.5,-87.5,-147.5,-67.5,-97.5,7.5,37.5,-22.5,7.5,-22.5,-110.0,-50.0,-170.0,-22.5,-82.5,-55.0,-25.0,-85.0,-17.5,-47.5,-55.0,-25.0,-85.0,-17.5,-47.5,0.0,0.0,0.0,0.0,0.0,7.5,37.5,-22.5,45.0,15.0
2016-12-15 00:00:00+00:00,-92.5,87.5,-272.5,7.5,-172.5,122.5,212.5,32.5,-115.0,-205.0,-2.5,87.5,-92.5,22.5,-67.5,-15.0,75.0,-105.0,-52.5,-142.5,-30.0,0.0,-60.0,45.0,15.0,7.5,37.5,-22.5,32.5,2.5,15.0,75.0,-45.0,102.5,42.5,7.5,37.5,-22.5,32.5,2.5,7.5,37.5,-22.5,32.5,2.5,0.0,0.0,0.0,0.0,0.0,82.5,112.5,52.5,-5.0,-35.0
2016-12-19 00:00:00+00:00,-162.5,-12.5,-312.5,-237.5,-387.5,-170.0,-50.0,-290.0,-145.0,-265.0,-180.0,0.0,-360.0,-242.5,-422.5,-115.0,-25.0,-205.0,-15.0,-105.0,-27.5,62.5,-117.5,-40.0,-130.0,27.5,87.5,-32.5,15.0,-45.0,-27.5,62.5,-117.5,-40.0,-130.0,-10.0,50.0,-70.0,-35.0,-95.0,20.0,50.0,-10.0,-42.5,-72.5,0.0,0.0,0.0,0.0,0.0,-67.5,-37.5,-97.5,-55.0,-85.0
2016-12-20 00:00:00+00:00,-95.0,25.0,-215.0,-132.5,-252.5,2.5,62.5,-57.5,-5.0,-35.0,-52.5,37.5,-142.5,-102.5,-192.5,-120.0,0.0,-240.0,-132.5,-252.5,-102.5,-12.5,-192.5,-90.0,-180.0,-77.5,12.5,-167.5,-90.0,-180.0,-102.5,-12.5,-192.5,-102.5,-192.5,-102.5,-12.5,-192.5,-115.0,-205.0,-85.0,-25.0,-145.0,-72.5,-132.5,0.0,0.0,0.0,0.0,0.0,-5.0,25.0,-35.0,7.5,-22.5
2016-12-21 00:00:00+00:00,-145.0,-25.0,-265.0,-220.0,-340.0,-212.5,-62.5,-362.5,-150.0,-300.0,-187.5,-37.5,-337.5,-137.5,-287.5,-87.5,62.5,-237.5,-162.5,-312.5,-70.0,50.0,-190.0,-145.0,-265.0,-70.0,50.0,-190.0,-145.0,-265.0,-130.0,50.0,-310.0,-167.5,-347.5,-87.5,62.5,-237.5,-150.0,-300.0,-7.5,112.5,-127.5,-57.5,-177.5,0.0,0.0,0.0,0.0,0.0,-80.0,-50.0,-110.0,-105.0,-135.0
2016-12-22 00:00:00+00:00,-275.0,-125.0,-425.0,-262.5,-412.5,-175.0,-25.0,-325.0,-95.0,-215.0,-110.0,-50.0,-170.0,-135.0,-195.0,-62.5,87.5,-212.5,-32.5,-152.5,15.0,75.0,-45.0,-22.5,-82.5,0.0,0.0,0.0,0.0,0.0,2.5,62.5,-57.5,-22.5,-82.5,27.5,87.5,-32.5,-47.5,-107.5,20.0,50.0,-10.0,-17.5,-47.5,0.0,0.0,0.0,0.0,0.0,-17.5,12.5,-47.5,-42.5,-72.5
2016-12-29 00:00:00+00:00,-142.5,37.5,-322.5,-205.0,-385.0,2.5,62.5,-57.5,-35.0,-95.0,-60.0,0.0,-120.0,-110.0,-170.0,-97.5,-37.5,-157.5,-47.5,-107.5,-85.0,-25.0,-145.0,-60.0,-120.0,-30.0,0.0,-60.0,-17.5,-47.5,-72.5,-12.5,-132.5,-5.0,-35.0,0.0,0.0,0.0,0.0,0.0,0.0,0.0,0.0,0.0,0.0,0.0,0.0,0.0,0.0,0.0,20.0,50.0,-10.0,-5.0,-35.0
2017-01-03 00:00:00+00:00,105.0,225.0,-15.0,130.0,10.0,12.5,162.5,-137.5,0.0,-150.0,97.5,187.5,7.5,122.5,32.5,-10.0,50.0,-70.0,-10.0,-70.0,-10.0,50.0,-70.0,-22.5,-82.5,-17.5,12.5,-47.5,-17.5,-47.5,-65.0,25.0,-155.0,-102.5,-192.5,7.5,37.5,-22.5,-5.0,-35.0,7.5,37.5,-22.5,-5.0,-35.0,0.0,0.0,0.0,0.0,0.0,182.5,212.5,152.5,220.0,190.0
2017-01-04 00:00:00+00:00,10.0,100.0,-80.0,10.0,-80.0,57.5,87.5,27.5,32.5,2.5,-72.5,-12.5,-132.5,-47.5,-107.5,-115.0,-25.0,-205.0,-115.0,-205.0,-110.0,-50.0,-170.0,-85.0,-145.0,-67.5,-37.5,-97.5,-30.0,-60.0,-35.0,25.0,-95.0,2.5,-57.5,-30.0,0.0,-60.0,20.0,-10.0,-5.0,25.0,-35.0,45.0,15.0,0.0,0.0,0.0,0.0,0.0,45.0,75.0,15.0,45.0,15.0
2017-01-05 00:00:00+00:00,-27.5,62.5,-117.5,-77.5,-167.5,-202.5,-112.5,-292.5,-215.0,-305.0,-10.0,50.0,-70.0,-35.0,-95.0,-82.5,37.5,-202.5,30.0,-90.0,-77.5,12.5,-167.5,35.0,-55.0,-47.5,12.5,-107.5,40.0,-20.0,57.5,87.5,27.5,57.5,27.5,57.5,87.5,27.5,57.5,27.5,57.5,87.5,27.5,57.5,27.5,0.0,0.0,0.0,0.0,0.0,32.5,62.5,2.5,20.0,-10.0
2017-01-10 00:00:00+00:00,17.5,137.5,-102.5,-70.0,-190.0,10.0,100.0,-80.0,-15.0,-105.0,-47.5,12.5,-107.5,-10.0,-70.0,-137.5,12.5,-287.5,-162.5,-312.5,-47.5,12.5,-107.5,-35.0,-95.0,-30.0,0.0,-60.0,-17.5,-47.5,-22.5,37.5,-82.5,-10.0,-70.0,-22.5,37.5,-82.5,-10.0,-70.0,7.5,37.5,-22.5,0.0,0.0,0.0,0.0,0.0,0.0,0.0,107.5,137.5,77.5,57.5,27.5
2017-01-13 00:00:00+00:00,15.0,75.0,-45.0,-10.0,-70.0,-10.0,50.0,-70.0,-47.5,-107.5,7.5,37.5,-22.5,-55.0,-85.0,-145.0,-25.0,-265.0,-107.5,-227.5,-145.0,-25.0,-265.0,-145.0,-265.0,-122.5,-62.5,-182.5,-67.5,-97.5,-30.0,0.0,-60.0,-17.5,-47.5,-30.0,0.0,-60.0,-17.5,-47.5,-30.0,0.0,-60.0,-17.5,-47.5,0.0,0.0,0.0,0.0,0.0,7.5,37.5,-22.5,-5.0,-35.0
2017-01-17 00:00:00+00:00,-190.0,-100.0,-280.0,-202.5,-292.5,-182.5,-62.5,-302.5,-170.0,-290.0,-42.5,-12.5,-72.5,-42.5,-72.5,-140.0,-50.0,-230.0,-140.0,-230.0,-127.5,-37.5,-217.5,-152.5,-242.5,-67.5,-37.5,-97.5,-55.0,-85.0,-160.0,-100.0,-220.0,-160.0,-220.0,-135.0,-75.0,-195.0,-172.5,-232.5,-117.5,-87.5,-147.5,-142.5,-172.5,0.0,0.0,0.0,0.0,0.0,-192.5,-162.5,-222.5,-105.0,-135.0
2017-01-20 00:00:00+00:00,-82.5,37.5,-202.5,-120.0,-240.0,-200.0,-50.0,-350.0,-187.5,-337.5,-65.0,25.0,-155.0,-40.0,-130.0,22.5,112.5,-67.5,10.0,-80.0,15.0,75.0,-45.0,2.5,-57.5,7.5,37.5,-22.5,7.5,-22.5,-10.0,50.0,-70.0,-35.0,-95.0,7.5,37.5,-22.5,7.5,-22.5,7.5,37.5,-22.5,7.5,-22.5,0.0,0.0,0.0,0.0,0.0,7.5,37.5,-22.5,45.0,15.0
2017-01-23 00:00:00+00:00,-140.0,100.0,-380.0,-77.5,-317.5,-167.5,12.5,-347.5,-80.0,-260.0,65.0,125.0,5.0,52.5,-7.5,-100.0,50.0,-250.0,-162.5,-312.5,-52.5,37.5,-142.5,-77.5,-167.5,-10.0,50.0,-70.0,-10.0,-70.0,-30.0,0.0,-60.0,-5.0,-35.0,-30.0,0.0,-60.0,-5.0,-35.0,0.0,0.0,0.0,0.0,0.0,0.0,0.0,0.0,0.0,0.0,95.0,125.0,65.0,95.0,65.0
2017-01-24 00:00:00+00:00,-137.5,12.5,-287.5,-125.0,-275.0,27.5,87.5,-32.5,52.5,-7.5,45.0,75.0,15.0,20.0,-10.0,-90.0,0.0,-180.0,-127.5,-217.5,-90.0,0.0,-180.0,-152.5,-242.5,-72.5,-12.5,-132.5,-97.5,-157.5,-102.5,-12.5,-192.5,-152.5,-242.5,-122.5,-62.5,-182.5,-122.5,-182.5,-97.5,-37.5,-157.5,-122.5,-182.5,0.0,0.0,0.0,0.0,0.0,20.0,50.0,-10.0,20.0,-10.0
2017-01-25 00:00:00+00:00,-132.5,-12.5,-252.5,-107.5,-227.5,-157.5,-37.5,-277.5,-102.5,-192.5,-165.0,-75.0,-255.0,-140.0,-230.0,-72.5,-12.5,-132.5,-72.5,-132.5,-60.0,0.0,-120.0,-35.0,-95.0,-60.0,0.0,-120.0,-35.0,-95.0,-5.0,25.0,-35.0,-5.0,-35.0,-5.0,25.0,-35.0,-5.0,-35.0,-5.0,25.0,-35.0,-5.0,-35.0,0.0,0.0,0.0,0.0,0.0,-92.5,-62.5,-122.5,-92.5,-122.5
2017-01-26 00:00:00+00:00,-225.0,-75.0,-375.0,-237.5,-387.5,-127.5,-37.5,-217.5,-115.0,-205.0,-72.5,-12.5,-132.5,-72.5,-132.5,-187.5,-37.5,-337.5,-150.0,-300.0,-132.5,-12.5,-252.5,-120.0,-240.0,-95.0,25.0,-215.0,-107.5,-227.5,-127.5,-37.5,-217.5,-152.5,-242.5,-102.5,-12.5,-192.5,-127.5,-217.5,-35.0,25.0,-95.0,-85.0,-145.0,0.0,0.0,0.0,0.0,0.0,-105.0,-75.0,-135.0,-130.0,-160.0
2017-01-27 00:00:00+00:00,-170.0,-50.0,-290.0,-132.5,-252.5,-40.0,50.0,-130.0,-60.0,-120.0,-42.5,-12.5,-72.5,-42.5,-72.5,-172.5,-112.5,-232.5,-147.5,-207.5,-97.5,-37.5,-157.5,-97.5,-157.5,-97.5,-37.5,-157.5,-97.5,-157.5,-142.5,-112.5,-172.5,-92.5,-122.5,-142.5,-112.5,-172.5,-92.5,-122.5,-117.5,-87.5,-147.5,-55.0,-85.0,0.0,0.0,0.0,0.0,0.0,-142.5,-112.5,-172.5,-130.0,-160.0
2017-01-30 00:00:00+00:00,-290.0,-50.0,-530.0,-227.5,-467.5,-175.0,-25.0,-325.0,-175.0,-325.0,-220.0,-100.0,-340.0,-202.5,-292.5,-60.0,0.0,-120.0,-10.0,-70.0,-60.0,0.0,-120.0,-10.0,-70.0,-35.0,25.0,-95.0,-10.0,-70.0,-57.5,62.5,-177.5,-57.5,-177.5,-35.0,25.0,-95.0,-35.0,-95.0,-35.0,25.0,-95.0,-35.0,-95.0,0.0,0.0,0.0,0.0,0.0,-55.0,-25.0,-85.0,-55.0,-85.0
2017-01-31 00:00:00+00:00,-65.0,25.0,-155.0,-27.5,-117.5,-132.5,-12.5,-252.5,-120.0,-240.0,-177.5,-87.5,-267.5,-215.0,-305.0,-135.0,-75.0,-195.0,-135.0,-195.0,-122.5,-62.5,-182.5,-97.5,-157.5,-117.5,-87.5,-147.5,-55.0,-85.0,-42.5,-12.5,-72.5,-17.5,-47.5,-42.5,-12.5,-72.5,-17.5,-47.5,-42.5,-12.5,-72.5,-17.5,-47.5,0.0,0.0,0.0,0.0,0.0,-92.5,-62.5,-122.5,-55.0,-85.0
2017-02-01 00:00:00+00:00,-137.5,12.5,-287.5,-175.0,-325.0,-77.5,12.5,-167.5,-65.0,-155.0,-90.0,0.0,-180.0,-65.0,-155.0,-22.5,37.5,-82.5,-10.0,-70.0,-35.0,25.0,-95.0,-22.5,-82.5,-30.0,0.0,-60.0,-30.0,-60.0,-110.0,-50.0,-170.0,-110.0,-170.0,-67.5,-37.5,-97.5,-92.5,-122.5,0.0,0.0,0.0,0.0,0.0,0.0,0.0,0.0,0.0,0.0,-30.0,0.0,-60.0,-42.5,-72.5
2017-02-02 00:00:00+00:00,-130.0,50.0,-310.0,-217.5,-397.5,-127.5,-37.5,-217.5,-165.0,-255.0,-47.5,12.5,-107.5,15.0,-45.0,-42.5,137.5,-222.5,-117.5,-297.5,-62.5,87.5,-212.5,-100.0,-250.0,-22.5,37.5,-82.5,-72.5,-132.5,-60.0,0.0,-120.0,-122.5,-182.5,-67.5,-37.5,-97.5,-80.0,-110.0,-17.5,12.5,-47.5,-30.0,-60.0,0.0,0.0,0.0,0.0,0.0,32.5,62.5,2.5,57.5,27.5
2017-02-03 00:00:00+00:00,-95.0,25.0,-215.0,-132.5,-252.5,-107.5,12.5,-227.5,-157.5,-277.5,-195.0,-75.0,-315.0,-220.0,-340.0,-107.5,12.5,-227.5,-32.5,-152.5,-57.5,62.5,-177.5,-20.0,-140.0,-17.5,12.5,-47.5,20.0,-10.0,-32.5,87.5,-152.5,5.0,-115.0,-32.5,87.5,-152.5,5.0,-115.0,20.0,50.0,-10.0,20.0,-10.0,0.0,0.0,0.0,0.0,0.0,20.0,50.0,-10.0,20.0,-10.0
2017-02-06 00:00:00+00:00,-120.0,0.0,-240.0,-170.0,-290.0,-65.0,25.0,-155.0,-102.5,-192.5,20.0,50.0,-10.0,-5.0,-35.0,-132.5,-12.5,-252.5,-107.5,-227.5,-115.0,-25.0,-205.0,-77.5,-167.5,-102.5,-12.5,-192.5,-90.0,-180.0,-155.0,-125.0,-185.0,-130.0,-160.0,-155.0,-125.0,-185.0,-130.0,-160.0,-55.0,-25.0,-85.0,-55.0,-85.0,0.0,0.0,0.0,0.0,0.0,-42.5,-12.5,-72.5,-105.0,-135.0
2017-02-08 00:00:00+00:00,-255.0,-75.0,-435.0,-230.0,-410.0,-127.5,-37.5,-217.5,-227.5,-317.5,-30.0,0.0,-60.0,7.5,-22.5,-35.0,25.0,-95.0,-47.5,-107.5,-80.0,-50.0,-110.0,-67.5,-97.5,-80.0,-50.0,-110.0,-67.5,-97.5,27.5,87.5,-32.5,52.5,-7.5,52.5,112.5,-7.5,27.5,-32.5,0.0,0.0,0.0,0.0,0.0,0.0,0.0,0.0,0.0,0.0,57.5,87.5,27.5,20.0,-10.0
2017-02-10 00:00:00+00:00,-175.0,-25.0,-325.0,-82.5,-202.5,-132.5,-12.5,-252.5,-152.5,-242.5,-97.5,-37.5,-157.5,-85.0,-145.0,-175.0,-25.0,-325.0,-250.0,-400.0,-120.0,0.0,-240.0,-157.5,-277.5,-82.5,37.5,-202.5,-107.5,-227.5,-77.5,12.5,-167.5,-2.5,-92.5,-77.5,12.5,-167.5,-2.5,-92.5,-65.0,25.0,-155.0,-40.0,-130.0,0.0,0.0,0.0,0.0,0.0,-105.0,-75.0,-135.0,-80.0,-110.0
2017-02-13 00:00:00+00:00,-157.5,-37.5,-277.5,-157.5,-277.5,-207.5,-87.5,-327.5,-157.5,-277.5,-195.0,-75.0,-315.0,-195.0,-315.0,-45.0,75.0,-165.0,-20.0,-140.0,-27.5,62.5,-117.5,-2.5,-92.5,-17.5,12.5,-47.5,-17.5,-47.5,-15.0,75.0,-105.0,22.5,-67.5,-15.0,75.0,-105.0,22.5,-67.5,-10.0,50.0,-70.0,27.5,-32.5,0.0,0.0,0.0,0.0,0.0,7.5,37.5,-22.5,32.5,2.5
2017-02-14 00:00:00+00:00,-260.0,-50.0,-470.0,-222.5,-432.5,-232.5,-112.5,-352.5,-170.0,-290.0,-170.0,-50.0,-290.0,-145.0,-265.0,-180.0,0.0,-360.0,-137.5,-287.5,-162.5,-12.5,-312.5,-120.0,-240.0,-17.5,12.5,-47.5,0.0,0.0,5.0,125.0,-115.0,-107.5,-227.5,-102.5,-12.5,-192.5,-77.5,-167.5,-97.5,-37.5,-157.5,-47.5,-107.5,0.0,0.0,0.0,0.0,0.0,-30.0,0.0,-60.0,-5.0,-35.0
2017-02-15 00:00:00+00:00,-207.5,-87.5,-327.5,-170.0,-290.0,-127.5,-37.5,-217.5,-97.5,-157.5,-135.0,-75.0,-195.0,-172.5,-232.5,-152.5,-62.5,-242.5,-127.5,-217.5,-152.5,-62.5,-242.5,-90.0,-180.0,-147.5,-87.5,-207.5,-110.0,-170.0,-85.0,-25.0,-145.0,-72.5,-132.5,-85.0,-25.0,-145.0,-35.0,-95.0,-47.5,12.5,-107.5,2.5,-57.5,0.0,0.0,0.0,0.0,0.0,-155.0,-125.0,-185.0,-142.5,-172.5
2017-02-16 00:00:00+00:00,-152.5,-62.5,-242.5,-127.5,-217.5,-85.0,-25.0,-145.0,-97.5,-157.5,-67.5,-37.5,-97.5,-42.5,-72.5,-147.5,62.5,-357.5,-222.5,-432.5,-112.5,37.5,-262.5,-125.0,-275.0,-30.0,0.0,-60.0,-55.0,-85.0,-42.5,-12.5,-72.5,7.5,-22.5,-42.5,-12.5,-72.5,7.5,-22.5,-42.5,-12.5,-72.5,7.5,-22.5,0.0,0.0,0.0,0.0,0.0,-67.5,-37.5,-97.5,-55.0,-85.0
2017-02-17 00:00:00+00:00,-220.0,-100.0,-340.0,-115.0,-205.0,-172.5,-112.5,-232.5,-85.0,-145.0,-80.0,-50.0,-110.0,-55.0,-85.0,-195.0,-75.0,-315.0,-282.5,-402.5,-77.5,12.5,-167.5,-190.0,-280.0,72.5,162.5,-17.5,-102.5,-192.5,-160.0,-100.0,-220.0,-97.5,-157.5,-160.0,-100.0,-220.0,-60.0,-120.0,-47.5,12.5,-107.5,-72.5,-132.5,0.0,0.0,0.0,0.0,0.0,-142.5,-112.5,-172.5,-55.0,-85.0
2017-02-20 00:00:00+00:00,-187.5,-37.5,-337.5,-200.0,-350.0,-115.0,-25.0,-205.0,-77.5,-167.5,-115.0,-25.0,-205.0,-115.0,-205.0,-60.0,0.0,-120.0,-47.5,-107.5,-60.0,0.0,-120.0,-47.5,-107.5,-35.0,25.0,-95.0,-72.5,-132.5,-127.5,-37.5,-217.5,-122.5,-182.5,-22.5,37.5,-82.5,-47.5,-107.5,-10.0,50.0,-70.0,-60.0,-120.0,0.0,0.0,0.0,0.0,0.0,-105.0,-75.0,-135.0,-130.0,-160.0
2017-02-21 00:00:00+00:00,-27.5,62.5,-117.5,-40.0,-130.0,-137.5,12.5,-287.5,-162.5,-312.5,15.0,75.0,-45.0,40.0,-20.0,-62.5,87.5,-212.5,-100.0,-250.0,-82.5,37.5,-202.5,-115.0,-205.0,0.0,0.0,0.0,0.0,0.0,2.5,62.5,-57.5,20.0,-10.0,0.0,0.0,0.0,0.0,0.0,0.0,0.0,0.0,0.0,0.0,0.0,0.0,0.0,0.0,0.0,120.0,150.0,90.0,70.0,40.0
2017-02-22 00:00:00+00:00,-125.0,25.0,-275.0,-237.5,-387.5,-220.0,-100.0,-340.0,-182.5,-302.5,0.0,0.0,0.0,0.0,0.0,-287.5,-137.5,-437.5,-275.0,-425.0,-235.0,-175.0,-295.0,-147.5,-207.5,-160.0,-100.0,-220.0,-110.0,-170.0,-185.0,-125.0,-245.0,-160.0,-220.0,-185.0,-125.0,-245.0,-160.0,-220.0,-97.5,-37.5,-157.5,-85.0,-145.0,0.0,0.0,0.0,0.0,0.0,-255.0,-225.0,-285.0,-267.5,-297.5
2017-02-23 00:00:00+00:00,-82.5,37.5,-202.5,-45.0,-165.0,-47.5,12.5,-107.5,-22.5,-82.5,-47.5,12.5,-107.5,-47.5,-107.5,-65.0,25.0,-155.0,-65.0,-155.0,-27.5,62.5,-117.5,-52.5,-142.5,-27.5,62.5,-117.5,-52.5,-142.5,-10.0,50.0,-70.0,-22.5,-82.5,2.5,62.5,-57.5,-47.5,-107.5,-42.5,-12.5,-72.5,7.5,-22.5,0.0,0.0,0.0,0.0,0.0,70.0,100.0,40.0,45.0,15.0
2017-02-27 00:00:00+00:00,-132.5,-12.5,-252.5,-207.5,-327.5,-115.0,-25.0,-205.0,-127.5,-217.5,-67.5,-37.5,-97.5,-80.0,-110.0,-245.0,-125.0,-365.0,-232.5,-352.5,-182.5,-62.5,-302.5,-170.0,-290.0,-30.0,0.0,-60.0,-80.0,-110.0,-167.5,-137.5,-197.5,-167.5,-197.5,-167.5,-137.5,-197.5,-167.5,-197.5,-167.5,-137.5,-197.5,-167.5,-197.5,0.0,0.0,0.0,0.0,0.0,-130.0,-100.0,-160.0,-130.0,-160.0
2017-02-28 00:00:00+00:00,-132.5,-12.5,-252.5,-40.0,-130.0,-52.5,37.5,-142.5,-127.5,-217.5,-140.0,-50.0,-230.0,-140.0,-230.0,-47.5,12.5,-107.5,-10.0,-70.0,-10.0,50.0,-70.0,27.5,-32.5,-10.0,50.0,-70.0,27.5,-32.5,-22.5,37.5,-82.5,15.0,-45.0,-22.5,37.5,-82.5,2.5,-57.5,-22.5,37.5,-82.5,2.5,-57.5,0.0,0.0,0.0,0.0,0.0,7.5,37.5,-22.5,7.5,-22.5
2017-03-01 00:00:00+00:00,-180.0,0.0,-360.0,-155.0,-335.0,-162.5,-12.5,-312.5,-100.0,-250.0,-60.0,0.0,-120.0,-47.5,-107.5,-112.5,37.5,-262.5,-150.0,-300.0,-27.5,62.5,-117.5,-77.5,-167.5,-22.5,37.5,-82.5,-47.5,-107.5,-35.0,25.0,-95.0,-47.5,-107.5,-60.0,0.0,-120.0,-60.0,-120.0,0.0,0.0,0.0,0.0,0.0,0.0,0.0,0.0,0.0,0.0,-30.0,0.0,-60.0,-30.0,-60.0
2017-03-02 00:00:00+00:00,-157.5,-37.5,-277.5,-170.0,-290.0,-157.5,-37.5,-277.5,-120.0,-240.0,-127.5,-37.5,-217.5,-127.5,-217.5,-150.0,0.0,-300.0,-175.0,-325.0,-107.5,12.5,-227.5,-132.5,-252.5,-27.5,62.5,-117.5,-72.5,-132.5,-120.0,0.0,-240.0,-157.5,-277.5,-52.5,37.5,-142.5,-2.5,-92.5,-10.0,50.0,-70.0,-35.0,-95.0,0.0,0.0,0.0,0.0,0.0,-67.5,-37.5,-97.5,-42.5,-72.5
2017-03-03 00:00:00+00:00,55.0,175.0,-65.0,92.5,-27.5,165.0,225.0,105.0,127.5,67.5,17.5,137.5,-102.5,30.0,-90.0,-47.5,12.5,-107.5,-47.5,-107.5,-47.5,12.5,-107.5,-47.5,-107.5,-47.5,12.5,-107.5,-47.5,-107.5,-47.5,12.5,-107.5,-47.5,-107.5,-47.5,12.5,-107.5,-47.5,-107.5,-17.5,12.5,-47.5,-5.0,-35.0,0.0,0.0,0.0,0.0,0.0,195.0,225.0,165.0,132.5,102.5
2017-03-06 00:00:00+00:00,-75.0,75.0,-225.0,37.5,-112.5,105.0,225.0,-15.0,55.0,-65.0,65.0,125.0,5.0,90.0,30.0,-10.0,50.0,-70.0,2.5,-57.5,2.5,62.5,-57.5,-35.0,-95.0,0.0,0.0,0.0,0.0,0.0,-5.0,25.0,-35.0,-30.0,-60.0,0.0,0.0,0.0,0.0,0.0,0.0,0.0,0.0,0.0,0.0,0.0,0.0,0.0,0.0,0.0,207.5,237.5,177.5,232.5,202.5
2017-03-07 00:00:00+00:00,-212.5,-62.5,-362.5,-125.0,-275.0,-232.5,-112.5,-352.5,-190.0,-280.0,-177.5,-87.5,-267.5,-190.0,-280.0,-115.0,-25.0,-205.0,-15.0,-105.0,-115.0,-25.0,-205.0,-15.0,-105.0,-72.5,-12.5,-132.5,-10.0,-70.0,-47.5,12.5,-107.5,-47.5,-107.5,-35.0,25.0,-95.0,-47.5,-107.5,-35.0,25.0,-95.0,-47.5,-107.5,0.0,0.0,0.0,0.0,0.0,-117.5,-87.5,-147.5,-117.5,-147.5
2017-03-08 00:00:00+00:00,-117.5,62.5,-297.5,-117.5,-297.5,-37.5,112.5,-187.5,-175.0,-325.0,2.5,62.5,-57.5,65.0,5.0,-192.5,-12.5,-372.5,-212.5,-362.5,-140.0,-50.0,-230.0,-85.0,-145.0,-97.5,-37.5,-157.5,-55.0,-85.0,-147.5,-87.5,-207.5,-122.5,-182.5,-105.0,-75.0,-135.0,-92.5,-122.5,0.0,0.0,0.0,0.0,0.0,0.0,0.0,0.0,0.0,0.0,-17.5,12.5,-47.5,32.5,2.5
2017-03-09 00:00:00+00:00,-242.5,-62.5,-422.5,-275.0,-425.0,-135.0,-75.0,-195.0,-122.5,-182.5,-92.5,-62.5,-122.5,-92.5,-122.5,-290.0,-200.0,-380.0,-202.5,-292.5,-265.0,-175.0,-355.0,-190.0,-280.0,-102.5,-12.5,-192.5,-140.0,-230.0,-205.0,-175.0,-235.0,-155.0,-185.0,-180.0,-150.0,-210.0,-167.5,-197.5,-180.0,-150.0,-210.0,-167.5,-197.5,0.0,0.0,0.0,0.0,0.0,-230.0,-200.0,-260.0,-217.5,-247.5
2017-03-20 00:00:00+00:00,-52.5,37.5,-142.5,-40.0,-130.0,-15.0,75.0,-105.0,-40.0,-130.0,32.5,62.5,2.5,20.0,-10.0,-27.5,62.5,-117.5,-77.5,-167.5,-27.5,62.5,-117.5,-77.5,-167.5,-30.0,0.0,-60.0,-30.0,-60.0,-72.5,-12.5,-132.5,-72.5,-132.5,-72.5,-12.5,-132.5,-72.5,-132.5,-72.5,-12.5,-132.5,-72.5,-132.5,0.0,0.0,0.0,0.0,0.0,45.0,75.0,15.0,20.0,-10.0
2017-03-21 00:00:00+00:00,-87.5,62.5,-237.5,-125.0,-275.0,-170.0,-50.0,-290.0,-165.0,-255.0,-127.5,-37.5,-217.5,-102.5,-192.5,-52.5,37.5,-142.5,-40.0,-130.0,-15.0,75.0,-105.0,-27.5,-117.5,2.5,62.5,-57.5,15.0,-45.0,5.0,125.0,-115.0,5.0,-115.0,10.0,100.0,-80.0,35.0,-55.0,27.5,87.5,-32.5,40.0,-20.0,0.0,0.0,0.0,0.0,0.0,20.0,50.0,-10.0,7.5,-22.5
2017-03-22 00:00:00+00:00,-57.5,62.5,-177.5,55.0,-65.0,52.5,112.5,-7.5,15.0,-45.0,47.5,137.5,-42.5,-115.0,-205.0,-40.0,50.0,-130.0,-35.0,-95.0,-17.5,12.5,-47.5,20.0,-10.0,-17.5,12.5,-47.5,20.0,-10.0,95.0,125.0,65.0,-55.0,-85.0,0.0,0.0,0.0,0.0,0.0,0.0,0.0,0.0,0.0,0.0,0.0,0.0,0.0,0.0,0.0,107.5,137.5,77.5,195.0,165.0
2017-03-24 00:00:00+00:00,-27.5,62.5,-117.5,-52.5,-142.5,-47.5,12.5,-107.5,-60.0,-120.0,-10.0,50.0,-70.0,-97.5,-157.5,-122.5,-62.5,-182.5,-72.5,-132.5,-110.0,-50.0,-170.0,-97.5,-157.5,-92.5,-62.5,-122.5,-105.0,-135.0,-97.5,-37.5,-157.5,-72.5,-132.5,-80.0,-50.0,-110.0,-55.0,-85.0,-55.0,-25.0,-85.0,-17.5,-47.5,0.0,0.0,0.0,0.0,0.0,-42.5,-12.5,-72.5,-55.0,-85.0
2017-03-27 00:00:00+00:00,-70.0,50.0,-190.0,-45.0,-165.0,-40.0,50.0,-130.0,-52.5,-142.5,-40.0,50.0,-130.0,-90.0,-180.0,-90.0,0.0,-180.0,-47.5,-107.5,-85.0,-25.0,-145.0,-55.0,-85.0,-17.5,12.5,-47.5,-5.0,-35.0,-30.0,0.0,-60.0,-30.0,-60.0,-17.5,12.5,-47.5,7.5,-22.5,-5.0,25.0,-35.0,-17.5,-47.5,0.0,0.0,0.0,0.0,0.0,82.5,112.5,52.5,70.0,40.0
2017-03-29 00:00:00+00:00,-232.5,-112.5,-352.5,-157.5,-277.5,-177.5,-87.5,-267.5,-127.5,-217.5,-55.0,-25.0,-85.0,-67.5,-97.5,-150.0,0.0,-300.0,-107.5,-227.5,-70.0,50.0,-190.0,-107.5,-227.5,-17.5,12.5,-47.5,-5.0,-35.0,-102.5,-12.5,-192.5,-115.0,-205.0,-102.5,-12.5,-192.5,-102.5,-192.5,-47.5,12.5,-107.5,-85.0,-145.0,0.0,0.0,0.0,0.0,0.0,-117.5,-87.5,-147.5,-92.5,-122.5
2017-03-30 00:00:00+00:00,-187.5,-37.5,-337.5,-200.0,-350.0,-115.0,-25.0,-205.0,-85.0,-145.0,-55.0,-25.0,-85.0,-55.0,-85.0,-145.0,-25.0,-265.0,-57.5,-177.5,-82.5,37.5,-202.5,-45.0,-165.0,-22.5,37.5,-82.5,-10.0,-70.0,-115.0,-25.0,-205.0,-90.0,-180.0,-52.5,37.5,-142.5,-40.0,-130.0,-47.5,12.5,-107.5,-22.5,-82.5,0.0,0.0,0.0,0.0,0.0,-30.0,0.0,-60.0,-55.0,-85.0
2017-03-31 00:00:00+00:00,-142.5,37.5,-322.5,-105.0,-285.0,-95.0,25.0,-215.0,-132.5,-252.5,-22.5,37.5,-82.5,-47.5,-107.5,-95.0,25.0,-215.0,-95.0,-215.0,-52.5,37.5,-142.5,-90.0,-180.0,-10.0,50.0,-70.0,-35.0,-95.0,-65.0,25.0,-155.0,-65.0,-155.0,-35.0,25.0,-95.0,-72.5,-132.5,-17.5,12.5,-47.5,-42.5,-72.5,0.0,0.0,0.0,0.0,0.0,70.0,100.0,40.0,57.5,27.5
2017-04-03 00:00:00+00:00,-162.5,-12.5,-312.5,-175.0,-325.0,-195.0,-75.0,-315.0,-170.0,-290.0,-72.5,-12.5,-132.5,-97.5,-157.5,-107.5,12.5,-227.5,-127.5,-217.5,-107.5,12.5,-227.5,-127.5,-217.5,-27.5,62.5,-117.5,-60.0,-120.0,-85.0,-25.0,-145.0,-85.0,-145.0,-67.5,-37.5,-97.5,-55.0,-85.0,7.5,37.5,-22.5,0.0,0.0,0.0,0.0,0.0,0.0,0.0,-105.0,-75.0,-135.0,-80.0,-110.0
2017-04-04 00:00:00+00:00,-27.5,62.5,-117.5,-77.5,-167.5,27.5,87.5,-32.5,-35.0,-95.0,-60.0,0.0,-120.0,-185.0,-245.0,-295.0,-175.0,-415.0,-182.5,-302.5,-252.5,-162.5,-342.5,-165.0,-255.0,-222.5,-162.5,-282.5,-185.0,-245.0,-265.0,-175.0,-355.0,-215.0,-305.0,-265.0,-175.0,-355.0,-215.0,-305.0,-235.0,-175.0,-295.0,-185.0,-245.0,0.0,0.0,0.0,0.0,0.0,-142.5,-112.5,-172.5,-117.5,-147.5
2017-04-05 00:00:00+00:00,2.5,62.5,-57.5,-47.5,-107.5,-85.0,-25.0,-145.0,-122.5,-182.5,-22.5,37.5,-82.5,-85.0,-145.0,-102.5,-12.5,-192.5,-40.0,-130.0,-52.5,37.5,-142.5,-40.0,-130.0,2.5,62.5,-57.5,15.0,-45.0,-60.0,0.0,-120.0,2.5,-57.5,-35.0,25.0,-95.0,15.0,-45.0,2.5,62.5,-57.5,15.0,-45.0,0.0,0.0,0.0,0.0,0.0,95.0,125.0,65.0,82.5,52.5
2017-04-06 00:00:00+00:00,-105.0,75.0,-285.0,-130.0,-310.0,10.0,100.0,-80.0,-115.0,-205.0,95.0,125.0,65.0,57.5,27.5,67.5,187.5,-52.5,-82.5,-202.5,32.5,62.5,2.5,-55.0,-85.0,0.0,0.0,0.0,0.0,0.0,0.0,0.0,0.0,0.0,0.0,0.0,0.0,0.0,0.0,0.0,0.0,0.0,0.0,0.0,0.0,0.0,0.0,0.0,0.0,0.0,95.0,125.0,65.0,57.5,27.5
2017-04-07 00:00:00+00:00,-70.0,50.0,-190.0,-32.5,-152.5,22.5,112.5,-67.5,22.5,-67.5,120.0,150.0,90.0,107.5,77.5,-80.0,-50.0,-110.0,-117.5,-147.5,-42.5,-12.5,-72.5,-80.0,-110.0,-42.5,-12.5,-72.5,-80.0,-110.0,-42.5,-12.5,-72.5,-80.0,-110.0,20.0,50.0,-10.0,20.0,-10.0,20.0,50.0,-10.0,20.0,-10.0,0.0,0.0,0.0,0.0,0.0,95.0,125.0,65.0,70.0,40.0
2017-04-10 00:00:00+00:00,27.5,87.5,-32.5,2.5,-57.5,107.5,137.5,77.5,107.5,77.5,65.0,125.0,5.0,65.0,5.0,-155.0,-125.0,-185.0,-130.0,-160.0,-155.0,-125.0,-185.0,-130.0,-160.0,-142.5,-112.5,-172.5,-92.5,-122.5,-142.5,-112.5,-172.5,-105.0,-135.0,-142.5,-112.5,-172.5,-105.0,-135.0,-142.5,-112.5,-172.5,-105.0,-135.0,0.0,0.0,0.0,0.0,0.0,-5.0,25.0,-35.0,32.5,2.5
2017-04-11 00:00:00+00:00,-15.0,75.0,-105.0,-102.5,-192.5,-90.0,0.0,-180.0,-140.0,-230.0,-17.5,12.5,-47.5,-5.0,-35.0,-125.0,25.0,-275.0,-200.0,-350.0,-72.5,-12.5,-132.5,-47.5,-107.5,7.5,37.5,-22.5,20.0,-10.0,-82.5,37.5,-202.5,-120.0,-240.0,-90.0,0.0,-180.0,-140.0,-230.0,-17.5,12.5,-47.5,-17.5,-47.5,0.0,0.0,0.0,0.0,0.0,7.5,37.5,-22.5,-30.0,-60.0
2017-04-12 00:00:00+00:00,-110.0,-50.0,-170.0,-135.0,-195.0,-210.0,-150.0,-270.0,-247.5,-307.5,-92.5,-62.5,-122.5,-142.5,-172.5,-207.5,-87.5,-327.5,-120.0,-240.0,-182.5,-62.5,-302.5,-157.5,-277.5,-190.0,-100.0,-280.0,-152.5,-242.5,-177.5,-87.5,-267.5,-127.5,-217.5,-140.0,-50.0,-230.0,-115.0,-205.0,-140.0,-50.0,-230.0,-115.0,-205.0,0.0,0.0,0.0,0.0,0.0,-255.0,-225.0,-285.0,-230.0,-260.0
2017-04-13 00:00:00+00:00,-152.5,-62.5,-242.5,-152.5,-242.5,-165.0,-75.0,-255.0,-77.5,-167.5,-102.5,-12.5,-192.5,-60.0,-120.0,-122.5,-62.5,-182.5,-160.0,-220.0,-92.5,-62.5,-122.5,-142.5,-172.5,-92.5,-62.5,-122.5,-142.5,-172.5,-135.0,-75.0,-195.0,-197.5,-257.5,-122.5,-62.5,-182.5,-147.5,-207.5,-80.0,-50.0,-110.0,-80.0,-110.0,0.0,0.0,0.0,0.0,0.0,-167.5,-137.5,-197.5,-130.0,-160.0
2017-04-18 00:00:00+00:00,22.5,112.5,-67.5,60.0,-30.0,57.5,87.5,27.5,132.5,102.5,95.0,125.0,65.0,95.0,65.0,-192.5,-162.5,-222.5,-205.0,-235.0,-192.5,-162.5,-222.5,-205.0,-235.0,-180.0,-150.0,-210.0,-205.0,-235.0,-192.5,-162.5,-222.5,-217.5,-247.5,-155.0,-125.0,-185.0,-155.0,-185.0,-155.0,-125.0,-185.0,-155.0,-185.0,0.0,0.0,0.0,0.0,0.0,-30.0,0.0,-60.0,-55.0,-85.0
2017-04-19 00:00:00+00:00,-150.0,0.0,-300.0,-70.0,-190.0,-77.5,12.5,-167.5,-52.5,-142.5,-60.0,0.0,-120.0,-5.0,-35.0,-65.0,25.0,-155.0,-65.0,-155.0,-47.5,12.5,-107.5,-10.0,-70.0,-42.5,-12.5,-72.5,-30.0,-60.0,-17.5,12.5,-47.5,-17.5,-47.5,-5.0,25.0,-35.0,-17.5,-47.5,-5.0,25.0,-35.0,-17.5,-47.5,0.0,0.0,0.0,0.0,0.0,57.5,87.5,27.5,70.0,40.0
2017-04-20 00:00:00+00:00,-155.0,25.0,-335.0,-242.5,-422.5,-212.5,-62.5,-362.5,-150.0,-300.0,-170.0,-50.0,-290.0,-90.0,-180.0,-55.0,125.0,-235.0,-105.0,-285.0,-52.5,37.5,-142.5,-65.0,-155.0,-22.5,37.5,-82.5,-35.0,-95.0,-32.5,87.5,-152.5,-7.5,-127.5,2.5,62.5,-57.5,27.5,-32.5,2.5,62.5,-57.5,27.5,-32.5,0.0,0.0,0.0,0.0,0.0,7.5,37.5,-22.5,-5.0,-35.0
2017-04-21 00:00:00+00:00,-82.5,37.5,-202.5,-107.5,-227.5,-27.5,62.5,-117.5,-102.5,-192.5,-57.5,62.5,-177.5,-82.5,-202.5,-57.5,62.5,-177.5,-65.0,-155.0,-40.0,50.0,-130.0,-47.5,-107.5,-5.0,25.0,-35.0,-17.5,-47.5,2.5,62.5,-57.5,15.0,-45.0,2.5,62.5,-57.5,15.0,-45.0,2.5,62.5,-57.5,15.0,-45.0,0.0,0.0,0.0,0.0,0.0,57.5,87.5,27.5,57.5,27.5
2017-04-24 00:00:00+00:00,35.0,125.0,-55.0,-2.5,-92.5,-40.0,50.0,-130.0,-127.5,-217.5,-35.0,25.0,-95.0,2.5,-57.5,-90.0,0.0,-180.0,-77.5,-167.5,-102.5,-12.5,-192.5,-90.0,-180.0,-47.5,12.5,-107.5,-85.0,-145.0,-42.5,-12.5,-72.5,-17.5,-47.5,-42.5,-12.5,-72.5,-17.5,-47.5,7.5,37.5,-22.5,20.0,-10.0,0.0,0.0,0.0,0.0,0.0,32.5,62.5,2.5,82.5,52.5
2017-04-25 00:00:00+00:00,-132.5,-12.5,-252.5,-70.0,-190.0,-107.5,12.5,-227.5,-132.5,-252.5,-27.5,62.5,-117.5,-52.5,-142.5,-40.0,50.0,-130.0,-35.0,-95.0,-15.0,75.0,-105.0,-47.5,-107.5,-22.5,37.5,-82.5,-47.5,-107.5,-22.5,37.5,-82.5,2.5,-57.5,-22.5,37.5,-82.5,2.5,-57.5,-17.5,12.5,-47.5,7.5,-22.5,0.0,0.0,0.0,0.0,0.0,32.5,62.5,2.5,32.5,2.5
2017-04-26 00:00:00+00:00,-62.5,87.5,-212.5,-175.0,-325.0,-102.5,-12.5,-192.5,-35.0,-95.0,-47.5,12.5,-107.5,-60.0,-120.0,-177.5,-87.5,-267.5,-147.5,-207.5,-117.5,-87.5,-147.5,-117.5,-147.5,-105.0,-75.0,-135.0,-130.0,-160.0,-105.0,-75.0,-135.0,-105.0,-135.0,-67.5,-37.5,-97.5,-55.0,-85.0,-67.5,-37.5,-97.5,-55.0,-85.0,0.0,0.0,0.0,0.0,0.0,-67.5,-37.5,-97.5,-67.5,-97.5
2017-05-04 00:00:00+00:00,-125.0,25.0,-275.0,-175.0,-325.0,-212.5,-62.5,-362.5,-200.0,-350.0,-107.5,12.5,-227.5,-95.0,-215.0,-15.0,75.0,-105.0,10.0,-80.0,-10.0,50.0,-70.0,27.5,-32.5,2.5,62.5,-57.5,15.0,-45.0,-10.0,50.0,-70.0,27.5,-32.5,2.5,62.5,-57.5,15.0,-45.0,2.5,62.5,-57.5,15.0,-45.0,0.0,0.0,0.0,0.0,0.0,45.0,75.0,15.0,32.5,2.5
2017-05-08 00:00:00+00:00,52.5,112.5,-7.5,27.5,-32.5,-2.5,87.5,-92.5,10.0,-80.0,47.5,137.5,-42.5,72.5,-17.5,-40.0,50.0,-130.0,-27.5,-117.5,-40.0,50.0,-130.0,-27.5,-117.5,10.0,100.0,-80.0,-115.0,-205.0,-30.0,0.0,-60.0,-55.0,-85.0,-30.0,0.0,-60.0,-55.0,-85.0,-30.0,0.0,-60.0,-55.0,-85.0,0.0,0.0,0.0,0.0,0.0,70.0,100.0,40.0,57.5,27.5
2017-05-10 00:00:00+00:00,-75.0,75.0,-225.0,-157.5,-277.5,-60.0,0.0,-120.0,-85.0,-145.0,-77.5,12.5,-167.5,-77.5,-167.5,-40.0,50.0,-130.0,-15.0,-105.0,-52.5,37.5,-142.5,-40.0,-130.0,-42.5,-12.5,-72.5,-17.5,-47.5,-35.0,25.0,-95.0,-10.0,-70.0,-22.5,37.5,-82.5,-10.0,-70.0,-17.5,12.5,-47.5,7.5,-22.5,0.0,0.0,0.0,0.0,0.0,82.5,112.5,52.5,70.0,40.0
2017-05-11 00:00:00+00:00,-165.0,-75.0,-255.0,-240.0,-330.0,-195.0,-75.0,-315.0,-295.0,-415.0,-80.0,-50.0,-110.0,-155.0,-185.0,-162.5,-12.5,-312.5,-112.5,-262.5,-120.0,0.0,-240.0,-120.0,-240.0,-52.5,37.5,-142.5,-52.5,-142.5,-115.0,-25.0,-205.0,-140.0,-230.0,-110.0,-50.0,-170.0,-122.5,-182.5,-72.5,-12.5,-132.5,-85.0,-145.0,0.0,0.0,0.0,0.0,0.0,-255.0,-225.0,-285.0,-205.0,-235.0
2017-05-16 00:00:00+00:00,-172.5,37.5,-382.5,27.5,-182.5,-32.5,87.5,-152.5,-7.5,-127.5,90.0,150.0,30.0,102.5,42.5,-32.5,87.5,-152.5,-120.0,-240.0,-10.0,50.0,-70.0,-60.0,-120.0,0.0,0.0,0.0,0.0,0.0,-5.0,25.0,-35.0,-17.5,-47.5,-5.0,25.0,-35.0,-17.5,-47.5,-5.0,25.0,-35.0,-17.5,-47.5,0.0,0.0,0.0,0.0,0.0,132.5,162.5,102.5,195.0,165.0
2017-05-17 00:00:00+00:00,-7.5,112.5,-127.5,42.5,-77.5,95.0,125.0,65.0,95.0,65.0,15.0,75.0,-45.0,15.0,-45.0,-122.5,-62.5,-182.5,-72.5,-132.5,-72.5,-12.5,-132.5,-47.5,-107.5,7.5,37.5,-22.5,-42.5,-72.5,-67.5,-37.5,-97.5,-30.0,-60.0,-67.5,-37.5,-97.5,-30.0,-60.0,-17.5,12.5,-47.5,-42.5,-72.5,0.0,0.0,0.0,0.0,0.0,57.5,87.5,27.5,120.0,90.0
2017-05-18 00:00:00+00:00,-195.0,-75.0,-315.0,5.0,-115.0,-357.5,-237.5,-477.5,-32.5,-152.5,-227.5,-137.5,-317.5,72.5,-17.5,-385.0,-325.0,-445.0,-347.5,-407.5,-385.0,-325.0,-445.0,-347.5,-407.5,-385.0,-325.0,-445.0,-347.5,-407.5,-190.0,-100.0,-280.0,-302.5,-392.5,-247.5,-187.5,-307.5,-247.5,-307.5,-292.5,-262.5,-322.5,-230.0,-260.0,0.0,0.0,0.0,0.0,0.0,-405.0,-375.0,-435.0,-255.0,-285.0
2017-05-19 00:00:00+00:00,-95.0,25.0,-215.0,-82.5,-202.5,-107.5,12.5,-227.5,-157.5,-277.5,-65.0,25.0,-155.0,77.5,17.5,-7.5,112.5,-127.5,-7.5,-127.5,-7.5,112.5,-127.5,-7.5,-127.5,-72.5,-12.5,-132.5,-85.0,-145.0,-17.5,12.5,-47.5,-5.0,-35.0,-17.5,12.5,-47.5,-5.0,-35.0,-42.5,-12.5,-72.5,-30.0,-60.0,0.0,0.0,0.0,0.0,0.0,20.0,50.0,-10.0,57.5,27.5
2017-05-22 00:00:00+00:00,-57.5,62.5,-177.5,-120.0,-240.0,-152.5,-62.5,-242.5,-90.0,-180.0,15.0,75.0,-45.0,-35.0,-95.0,-85.0,-25.0,-145.0,65.0,5.0,-85.0,-25.0,-145.0,65.0,5.0,2.5,62.5,-57.5,52.5,-7.5,-35.0,25.0,-95.0,2.5,-57.5,-30.0,0.0,-60.0,-17.5,-47.5,-30.0,0.0,-60.0,-17.5,-47.5,0.0,0.0,0.0,0.0,0.0,-5.0,25.0,-35.0,20.0,-10.0
2017-05-23 00:00:00+00:00,-187.5,-37.5,-337.5,-137.5,-287.5,-205.0,-25.0,-385.0,-205.0,-385.0,-95.0,25.0,-215.0,-95.0,-215.0,-87.5,62.5,-237.5,-187.5,-337.5,-35.0,25.0,-95.0,-35.0,-95.0,7.5,37.5,-22.5,-17.5,-47.5,-22.5,37.5,-82.5,-60.0,-120.0,-22.5,37.5,-82.5,-35.0,-95.0,-42.5,-12.5,-72.5,-5.0,-35.0,0.0,0.0,0.0,0.0,0.0,7.5,37.5,-22.5,-17.5,-47.5
2017-05-25 00:00:00+00:00,-260.0,-50.0,-470.0,-222.5,-432.5,-87.5,62.5,-237.5,-137.5,-287.5,-115.0,-25.0,-205.0,-65.0,-155.0,-52.5,37.5,-142.5,-115.0,-205.0,-52.5,37.5,-142.5,-115.0,-205.0,-42.5,-12.5,-72.5,-55.0,-85.0,-172.5,-112.5,-232.5,-147.5,-207.5,-167.5,-137.5,-197.5,-117.5,-147.5,-167.5,-137.5,-197.5,-117.5,-147.5,0.0,0.0,0.0,0.0,0.0,-130.0,-100.0,-160.0,-105.0,-135.0
2017-05-26 00:00:00+00:00,-72.5,-12.5,-132.5,-60.0,-120.0,-127.5,-37.5,-217.5,-140.0,-230.0,-67.5,-37.5,-97.5,-55.0,-85.0,-212.5,-62.5,-362.5,-275.0,-425.0,-120.0,0.0,-240.0,-182.5,-302.5,-152.5,-62.5,-242.5,-177.5,-267.5,-102.5,-12.5,-192.5,-115.0,-205.0,-102.5,-12.5,-192.5,-115.0,-205.0,-85.0,-25.0,-145.0,-110.0,-170.0,0.0,0.0,0.0,0.0,0.0,-142.5,-112.5,-172.5,-192.5,-222.5
2017-05-30 00:00:00+00:00,-232.5,-112.5,-352.5,-120.0,-240.0,-30.0,0.0,-60.0,-42.5,-72.5,-135.0,-75.0,-195.0,-110.0,-170.0,-195.0,-75.0,-315.0,-257.5,-377.5,-195.0,-75.0,-315.0,-257.5,-377.5,-177.5,-87.5,-267.5,-227.5,-317.5,-205.0,-175.0,-235.0,-192.5,-222.5,-192.5,-162.5,-222.5,-192.5,-222.5,-192.5,-162.5,-222.5,-192.5,-222.5,0.0,0.0,0.0,0.0,0.0,-242.5,-212.5,-272.5,-230.0,-260.0
2017-05-31 00:00:00+00:00,-7.5,112.5,-127.5,5.0,-115.0,72.5,162.5,-17.5,-52.5,-142.5,115.0,175.0,55.0,77.5,17.5,-60.0,0.0,-120.0,2.5,-57.5,-60.0,0.0,-120.0,2.5,-57.5,-22.5,37.5,-82.5,-22.5,-82.5,-27.5,62.5,-117.5,-65.0,-155.0,2.5,62.5,-57.5,-10.0,-70.0,2.5,62.5,-57.5,-10.0,-70.0,0.0,0.0,0.0,0.0,0.0,157.5,187.5,127.5,120.0,90.0
2017-06-02 00:00:00+00:00,-130.0,50.0,-310.0,-117.5,-297.5,-82.5,37.5,-202.5,-70.0,-190.0,-65.0,25.0,-155.0,-65.0,-155.0,-75.0,75.0,-225.0,-162.5,-312.5,-55.0,-25.0,-85.0,-67.5,-97.5,-55.0,-25.0,-85.0,-67.5,-97.5,-70.0,50.0,-190.0,-115.0,-205.0,0.0,0.0,0.0,0.0,0.0,0.0,0.0,0.0,0.0,0.0,0.0,0.0,0.0,0.0,0.0,45.0,75.0,15.0,20.0,-10.0
2017-06-05 00:00:00+00:00,-102.5,-12.5,-192.5,-115.0,-205.0,-120.0,0.0,-240.0,-157.5,-277.5,-10.0,50.0,-70.0,-60.0,-120.0,-110.0,-50.0,-170.0,-110.0,-170.0,-85.0,-25.0,-145.0,-72.5,-132.5,-42.5,-12.5,-72.5,-30.0,-60.0,-110.0,-50.0,-170.0,-122.5,-182.5,-42.5,-12.5,-72.5,-30.0,-60.0,-42.5,-12.5,-72.5,-30.0,-60.0,0.0,0.0,0.0,0.0,0.0,-67.5,-37.5,-97.5,-92.5,-122.5
2017-06-08 00:00:00+00:00,-162.5,-12.5,-312.5,-87.5,-237.5,-120.0,0.0,-240.0,-95.0,-215.0,20.0,50.0,-10.0,20.0,-10.0,-27.5,62.5,-117.5,-152.5,-242.5,-27.5,62.5,-117.5,-152.5,-242.5,-30.0,0.0,-60.0,-92.5,-122.5,-35.0,25.0,-95.0,-42.5,-72.5,7.5,37.5,-22.5,-42.5,-72.5,0.0,0.0,0.0,0.0,0.0,0.0,0.0,0.0,0.0,0.0,32.5,62.5,2.5,7.5,-22.5
2017-06-09 00:00:00+00:00,-95.0,25.0,-215.0,-145.0,-265.0,-110.0,-50.0,-170.0,-147.5,-207.5,-165.0,-75.0,-255.0,-102.5,-192.5,-135.0,-75.0,-195.0,-22.5,-82.5,-97.5,-37.5,-157.5,-22.5,-82.5,-97.5,-37.5,-157.5,-22.5,-82.5,-72.5,-12.5,-132.5,-47.5,-107.5,-60.0,0.0,-120.0,-60.0,-120.0,-60.0,0.0,-120.0,-60.0,-120.0,0.0,0.0,0.0,0.0,0.0,-42.5,-12.5,-72.5,-42.5,-72.5
2017-06-12 00:00:00+00:00,-107.5,12.5,-227.5,-207.5,-327.5,-97.5,-37.5,-157.5,-122.5,-182.5,-152.5,-62.5,-242.5,-202.5,-292.5,-7.5,112.5,-127.5,92.5,-27.5,5.0,125.0,-115.0,55.0,-65.0,-10.0,50.0,-70.0,52.5,-7.5,12.5,162.5,-137.5,-37.5,-187.5,2.5,62.5,-57.5,27.5,-32.5,0.0,0.0,0.0,0.0,0.0,0.0,0.0,0.0,0.0,0.0,-5.0,25.0,-35.0,-42.5,-72.5
2017-06-14 00:00:00+00:00,-130.0,50.0,-310.0,-125.0,-275.0,-230.0,-50.0,-410.0,-87.5,-237.5,-65.0,25.0,-155.0,-2.5,-92.5,-12.5,137.5,-162.5,-75.0,-225.0,-45.0,75.0,-165.0,-45.0,-165.0,-27.5,62.5,-117.5,-52.5,-142.5,65.0,125.0,5.0,40.0,-20.0,65.0,125.0,5.0,40.0,-20.0,32.5,62.5,2.5,45.0,15.0,0.0,0.0,0.0,0.0,0.0,120.0,150.0,90.0,95.0,65.0
2017-06-19 00:00:00+00:00,-210.0,0.0,-420.0,-167.5,-347.5,-40.0,50.0,-130.0,-102.5,-192.5,-137.5,12.5,-287.5,-137.5,-287.5,-47.5,12.5,-107.5,-35.0,-95.0,-42.5,-12.5,-72.5,-17.5,-47.5,-42.5,-12.5,-72.5,-17.5,-47.5,-47.5,12.5,-107.5,-22.5,-82.5,-42.5,-12.5,-72.5,-17.5,-47.5,-17.5,12.5,-47.5,-30.0,-60.0,0.0,0.0,0.0,0.0,0.0,45.0,75.0,15.0,7.5,-22.5
2017-06-21 00:00:00+00:00,72.5,162.5,-17.5,35.0,-55.0,-127.5,-37.5,-217.5,-177.5,-267.5,-110.0,-50.0,-170.0,-172.5,-232.5,-72.5,-12.5,-132.5,-22.5,-82.5,-60.0,0.0,-120.0,27.5,-32.5,-22.5,37.5,-82.5,-5.0,-35.0,65.0,125.0,5.0,45.0,15.0,65.0,125.0,5.0,45.0,15.0,-17.5,12.5,-47.5,0.0,0.0,0.0,0.0,0.0,0.0,0.0,20.0,50.0,-10.0,7.5,-22.5
2017-06-22 00:00:00+00:00,-185.0,25.0,-395.0,-105.0,-285.0,-70.0,50.0,-190.0,35.0,-55.0,115.0,175.0,55.0,65.0,5.0,-7.5,112.5,-127.5,-20.0,-140.0,10.0,100.0,-80.0,-15.0,-105.0,7.5,37.5,-22.5,32.5,2.5,10.0,100.0,-80.0,47.5,-42.5,2.5,62.5,-57.5,27.5,-32.5,7.5,37.5,-22.5,32.5,2.5,0.0,0.0,0.0,0.0,0.0,145.0,175.0,115.0,132.5,102.5
2017-06-26 00:00:00+00:00,-242.5,-62.5,-422.5,-137.5,-287.5,-162.5,-12.5,-312.5,-137.5,-287.5,-115.0,-25.0,-205.0,-72.5,-132.5,-107.5,12.5,-227.5,-95.0,-215.0,-60.0,0.0,-120.0,-47.5,-107.5,-60.0,0.0,-120.0,-47.5,-107.5,-35.0,25.0,-95.0,-10.0,-70.0,-5.0,25.0,-35.0,-5.0,-35.0,-5.0,25.0,-35.0,-5.0,-35.0,0.0,0.0,0.0,0.0,0.0,7.5,37.5,-22.5,20.0,-10.0
2017-06-27 00:00:00+00:00,-32.5,87.5,-152.5,-65.0,-155.0,-72.5,-12.5,-132.5,-147.5,-207.5,-47.5,12.5,-107.5,-135.0,-195.0,-122.5,-62.5,-182.5,2.5,-57.5,-122.5,-62.5,-182.5,2.5,-57.5,-122.5,-62.5,-182.5,2.5,-57.5,-10.0,50.0,-70.0,15.0,-45.0,15.0,75.0,-45.0,-10.0,-70.0,20.0,50.0,-10.0,-17.5,-47.5,0.0,0.0,0.0,0.0,0.0,-30.0,0.0,-60.0,-55.0,-85.0
2017-06-28 00:00:00+00:00,50.0,200.0,-100.0,125.0,-25.0,220.0,250.0,190.0,157.5,127.5,177.5,237.5,117.5,140.0,80.0,-30.0,0.0,-60.0,-30.0,-60.0,-30.0,0.0,-60.0,-30.0,-60.0,-5.0,25.0,-35.0,-30.0,-60.0,32.5,62.5,2.5,20.0,-10.0,32.5,62.5,2.5,20.0,-10.0,0.0,0.0,0.0,0.0,0.0,0.0,0.0,0.0,0.0,0.0,270.0,300.0,240.0,257.5,227.5
2017-06-29 00:00:00+00:00,-32.5,87.5,-152.5,-82.5,-202.5,47.5,137.5,-42.5,22.5,-67.5,115.0,175.0,55.0,65.0,5.0,-60.0,0.0,-120.0,-10.0,-70.0,-80.0,-50.0,-110.0,-67.5,-97.5,-80.0,-50.0,-110.0,-67.5,-97.5,-72.5,-12.5,-132.5,-35.0,-95.0,-72.5,-12.5,-132.5,-22.5,-82.5,-92.5,-62.5,-122.5,-80.0,-110.0,0.0,0.0,0.0,0.0,0.0,132.5,162.5,102.5,132.5,102.5
2017-06-30 00:00:00+00:00,135.0,225.0,45.0,60.0,-30.0,165.0,225.0,105.0,177.5,117.5,220.0,250.0,190.0,245.0,215.0,-60.0,0.0,-120.0,-30.0,-60.0,-30.0,0.0,-60.0,-30.0,-60.0,0.0,0.0,0.0,0.0,0.0,0.0,0.0,0.0,0.0,0.0,0.0,0.0,0.0,0.0,0.0,0.0,0.0,0.0,0.0,0.0,0.0,0.0,0.0,0.0,0.0,207.5,237.5,177.5,220.0,190.0
2017-07-03 00:00:00+00:00,-175.0,-25.0,-325.0,-250.0,-400.0,-180.0,0.0,-360.0,-292.5,-472.5,-145.0,-25.0,-265.0,-140.0,-230.0,-45.0,75.0,-165.0,30.0,-90.0,-65.0,25.0,-155.0,10.0,-80.0,-2.5,87.5,-92.5,-2.5,-92.5,-57.5,62.5,-177.5,30.0,-90.0,-52.5,37.5,-142.5,22.5,-67.5,40.0,100.0,-20.0,-10.0,-70.0,0.0,0.0,0.0,0.0,0.0,-30.0,0.0,-60.0,20.0,-10.0
2017-07-05 00:00:00+00:00,-137.5,12.5,-287.5,-137.5,-287.5,-162.5,-12.5,-312.5,-200.0,-350.0,-137.5,12.5,-287.5,-170.0,-290.0,-87.5,62.5,-237.5,-75.0,-225.0,-40.0,50.0,-130.0,22.5,-67.5,2.5,62.5,-57.5,27.5,-32.5,7.5,37.5,-22.5,20.0,-10.0,7.5,37.5,-22.5,20.0,-10.0,0.0,0.0,0.0,0.0,0.0,0.0,0.0,0.0,0.0,0.0,45.0,75.0,15.0,57.5,27.5
2017-07-06 00:00:00+00:00,-10.0,50.0,-70.0,27.5,-32.5,-105.0,-75.0,-135.0,-80.0,-110.0,-265.0,-175.0,-355.0,-152.5,-242.5,-285.0,-225.0,-345.0,-260.0,-320.0,-285.0,-225.0,-345.0,-260.0,-320.0,-285.0,-225.0,-345.0,-260.0,-320.0,-222.5,-162.5,-282.5,-260.0,-320.0,-255.0,-225.0,-285.0,-255.0,-285.0,-255.0,-225.0,-285.0,-255.0,-285.0,0.0,0.0,0.0,0.0,0.0,-455.0,-425.0,-485.0,-392.5,-422.5
2017-07-07 00:00:00+00:00,-170.0,-50.0,-290.0,-145.0,-265.0,-232.5,-112.5,-352.5,-207.5,-327.5,-245.0,-125.0,-365.0,-207.5,-327.5,-15.0,75.0,-105.0,-15.0,-105.0,-2.5,87.5,-92.5,-2.5,-92.5,20.0,50.0,-10.0,-5.0,-35.0,30.0,150.0,-90.0,-2.5,-92.5,72.5,162.5,-17.5,-2.5,-92.5,-17.5,12.5,-47.5,-30.0,-60.0,0.0,0.0,0.0,0.0,0.0,-17.5,12.5,-47.5,-17.5,-47.5
2017-07-10 00:00:00+00:00,-40.0,50.0,-130.0,-65.0,-155.0,-5.0,25.0,-35.0,7.5,-22.5,-172.5,-112.5,-232.5,-172.5,-232.5,-247.5,-187.5,-307.5,-222.5,-282.5,-222.5,-162.5,-282.5,-197.5,-257.5,-185.0,-125.0,-245.0,-160.0,-220.0,-185.0,-125.0,-245.0,-185.0,-245.0,-185.0,-125.0,-245.0,-185.0,-245.0,-122.5,-62.5,-182.5,-110.0,-170.0,0.0,0.0,0.0,0.0,0.0,-167.5,-137.5,-197.5,-180.0,-210.0
2017-07-11 00:00:00+00:00,-187.5,-37.5,-337.5,-225.0,-375.0,-140.0,-50.0,-230.0,-165.0,-255.0,-30.0,0.0,-60.0,-55.0,-85.0,-95.0,25.0,-215.0,-70.0,-190.0,-95.0,25.0,-215.0,-70.0,-190.0,-77.5,12.5,-167.5,-77.5,-167.5,-132.5,-12.5,-252.5,-95.0,-215.0,-102.5,-12.5,-192.5,-90.0,-180.0,-67.5,-37.5,-97.5,-55.0,-85.0,0.0,0.0,0.0,0.0,0.0,-117.5,-87.5,-147.5,-117.5,-147.5
2017-07-12 00:00:00+00:00,-80.0,100.0,-260.0,-217.5,-397.5,-75.0,75.0,-225.0,-225.0,-375.0,107.5,137.5,77.5,120.0,90.0,-52.5,37.5,-142.5,47.5,-42.5,-47.5,12.5,-107.5,-22.5,-82.5,-47.5,12.5,-107.5,-22.5,-82.5,-30.0,0.0,-60.0,-42.5,-72.5,-30.0,0.0,-60.0,-42.5,-72.5,-30.0,0.0,-60.0,-42.5,-72.5,0.0,0.0,0.0,0.0,0.0,95.0,125.0,65.0,120.0,90.0
2017-07-13 00:00:00+00:00,-182.5,-62.5,-302.5,-207.5,-327.5,-42.5,-12.5,-72.5,-105.0,-135.0,-55.0,-25.0,-85.0,-105.0,-135.0,-245.0,-125.0,-365.0,-257.5,-377.5,-245.0,-125.0,-365.0,-257.5,-377.5,-152.5,-62.5,-242.5,-140.0,-230.0,-192.5,-162.5,-222.5,-180.0,-210.0,-180.0,-150.0,-210.0,-180.0,-210.0,-167.5,-137.5,-197.5,-180.0,-210.0,0.0,0.0,0.0,0.0,0.0,-205.0,-175.0,-235.0,-255.0,-285.0
2017-07-17 00:00:00+00:00,17.5,137.5,-102.5,-7.5,-127.5,47.5,137.5,-42.5,40.0,-20.0,82.5,112.5,52.5,82.5,52.5,-202.5,-112.5,-292.5,-77.5,-167.5,-105.0,-75.0,-135.0,7.5,-22.5,-105.0,-75.0,-135.0,7.5,-22.5,-92.5,-62.5,-122.5,7.5,-22.5,7.5,37.5,-22.5,-5.0,-35.0,7.5,37.5,-22.5,-5.0,-35.0,0.0,0.0,0.0,0.0,0.0,57.5,87.5,27.5,145.0,115.0
2017-07-20 00:00:00+00:00,-132.5,-12.5,-252.5,-157.5,-277.5,-110.0,-50.0,-170.0,-135.0,-195.0,-72.5,-12.5,-132.5,-47.5,-107.5,-107.5,12.5,-227.5,-32.5,-152.5,-70.0,50.0,-190.0,-45.0,-165.0,-22.5,37.5,-82.5,-22.5,-82.5,-27.5,62.5,-117.5,-27.5,-117.5,15.0,75.0,-45.0,-10.0,-70.0,15.0,75.0,-45.0,-10.0,-70.0,0.0,0.0,0.0,0.0,0.0,20.0,50.0,-10.0,32.5,2.5
2017-07-21 00:00:00+00:00,-77.5,12.5,-167.5,-90.0,-180.0,-127.5,-37.5,-217.5,-52.5,-142.5,-130.0,-100.0,-160.0,-105.0,-135.0,-135.0,-75.0,-195.0,-197.5,-257.5,-135.0,-75.0,-195.0,-197.5,-257.5,-117.5,-87.5,-147.5,-155.0,-185.0,-117.5,-87.5,-147.5,-155.0,-185.0,-117.5,-87.5,-147.5,-155.0,-185.0,-117.5,-87.5,-147.5,-155.0,-185.0,0.0,0.0,0.0,0.0,0.0,-205.0,-175.0,-235.0,-217.5,-247.5
2017-07-24 00:00:00+00:00,-117.5,62.5,-297.5,-75.0,-225.0,15.0,75.0,-45.0,15.0,-45.0,-10.0,50.0,-70.0,2.5,-57.5,-102.5,-12.5,-192.5,-127.5,-217.5,-85.0,-25.0,-145.0,-122.5,-182.5,-55.0,-25.0,-85.0,-67.5,-97.5,-42.5,-12.5,-72.5,-80.0,-110.0,-42.5,-12.5,-72.5,-80.0,-110.0,-42.5,-12.5,-72.5,-80.0,-110.0,0.0,0.0,0.0,0.0,0.0,82.5,112.5,52.5,45.0,15.0
2017-07-25 00:00:00+00:00,62.5,212.5,-87.5,-75.0,-225.0,122.5,212.5,32.5,110.0,20.0,35.0,125.0,-55.0,22.5,-67.5,-35.0,25.0,-95.0,52.5,-7.5,-17.5,12.5,-47.5,-17.5,-47.5,-17.5,12.5,-47.5,-17.5,-47.5,-17.5,12.5,-47.5,70.0,40.0,-30.0,0.0,-60.0,70.0,40.0,0.0,0.0,0.0,0.0,0.0,0.0,0.0,0.0,0.0,0.0,232.5,262.5,202.5,220.0,190.0
2017-07-27 00:00:00+00:00,-175.0,-25.0,-325.0,-150.0,-300.0,-102.5,-12.5,-192.5,-90.0,-180.0,-115.0,-25.0,-205.0,-115.0,-205.0,-185.0,25.0,-395.0,-247.5,-457.5,-137.5,12.5,-287.5,-162.5,-312.5,0.0,0.0,0.0,0.0,0.0,-100.0,50.0,-250.0,-120.0,-240.0,-82.5,37.5,-202.5,-90.0,-180.0,0.0,0.0,0.0,0.0,0.0,0.0,0.0,0.0,0.0,0.0,-17.5,12.5,-47.5,-42.5,-72.5
2017-07-31 00:00:00+00:00,-57.5,62.5,-177.5,-120.0,-240.0,-90.0,0.0,-180.0,-165.0,-255.0,-72.5,-12.5,-132.5,-110.0,-170.0,-120.0,0.0,-240.0,-7.5,-127.5,-107.5,12.5,-227.5,17.5,-102.5,-45.0,75.0,-165.0,5.0,-115.0,-52.5,37.5,-142.5,-2.5,-92.5,-47.5,12.5,-107.5,-10.0,-70.0,-22.5,37.5,-82.5,-10.0,-70.0,0.0,0.0,0.0,0.0,0.0,32.5,62.5,2.5,70.0,40.0
2017-08-01 00:00:00+00:00,-90.0,0.0,-180.0,-102.5,-192.5,-65.0,25.0,-155.0,-90.0,-180.0,-55.0,-25.0,-85.0,-67.5,-97.5,-202.5,-112.5,-292.5,-177.5,-267.5,-177.5,-87.5,-267.5,-140.0,-230.0,-115.0,-25.0,-205.0,-152.5,-242.5,-180.0,-150.0,-210.0,-205.0,-235.0,-180.0,-150.0,-210.0,-205.0,-235.0,-180.0,-150.0,-210.0,-205.0,-235.0,0.0,0.0,0.0,0.0,0.0,-217.5,-187.5,-247.5,-242.5,-272.5
2017-08-02 00:00:00+00:00,-162.5,-12.5,-312.5,-137.5,-287.5,-87.5,62.5,-237.5,-137.5,-287.5,-127.5,-37.5,-217.5,-90.0,-180.0,-157.5,-37.5,-277.5,-195.0,-315.0,-127.5,-37.5,-217.5,-152.5,-242.5,0.0,0.0,0.0,0.0,0.0,-127.5,-37.5,-217.5,-152.5,-242.5,-92.5,-62.5,-122.5,-92.5,-122.5,-42.5,-12.5,-72.5,-30.0,-60.0,0.0,0.0,0.0,0.0,0.0,-55.0,-25.0,-85.0,-80.0,-110.0
2017-08-03 00:00:00+00:00,-52.5,37.5,-142.5,-90.0,-180.0,-90.0,0.0,-180.0,-90.0,-180.0,-140.0,-50.0,-230.0,-152.5,-242.5,-127.5,-37.5,-217.5,-40.0,-130.0,-102.5,-12.5,-192.5,-2.5,-92.5,-67.5,-37.5,-97.5,-42.5,-72.5,-47.5,12.5,-107.5,-72.5,-132.5,7.5,37.5,-22.5,-17.5,-47.5,0.0,0.0,0.0,0.0,0.0,0.0,0.0,0.0,0.0,0.0,-5.0,25.0,-35.0,7.5,-22.5
2017-08-04 00:00:00+00:00,-125.0,25.0,-275.0,-87.5,-237.5,-107.5,12.5,-227.5,-120.0,-240.0,-77.5,12.5,-167.5,-27.5,-117.5,-120.0,0.0,-240.0,-45.0,-165.0,-120.0,0.0,-240.0,-45.0,-165.0,-42.5,-12.5,-72.5,-17.5,-47.5,-65.0,25.0,-155.0,-27.5,-117.5,-65.0,25.0,-155.0,-27.5,-117.5,0.0,0.0,0.0,0.0,0.0,0.0,0.0,0.0,0.0,0.0,70.0,100.0,40.0,70.0,40.0
2017-08-09 00:00:00+00:00,-115.0,-25.0,-205.0,-90.0,-180.0,-160.0,-100.0,-220.0,-135.0,-195.0,-320.0,-200.0,-440.0,-340.0,-430.0,-72.5,-12.5,-132.5,-147.5,-207.5,-72.5,-12.5,-132.5,-147.5,-207.5,-47.5,12.5,-107.5,-97.5,-157.5,-22.5,37.5,-82.5,-85.0,-145.0,2.5,62.5,-57.5,-72.5,-132.5,2.5,62.5,-57.5,-60.0,-120.0,0.0,0.0,0.0,0.0,0.0,-217.5,-187.5,-247.5,-192.5,-222.5
2017-08-10 00:00:00+00:00,-330.0,-150.0,-510.0,-167.5,-347.5,-115.0,-25.0,-205.0,-65.0,-155.0,-67.5,-37.5,-97.5,-167.5,-197.5,-107.5,12.5,-227.5,-95.0,-215.0,-122.5,-62.5,-182.5,77.5,17.5,-22.5,37.5,-82.5,77.5,17.5,-85.0,-25.0,-145.0,-22.5,-82.5,-85.0,-25.0,-145.0,77.5,17.5,15.0,75.0,-45.0,77.5,17.5,0.0,0.0,0.0,0.0,0.0,-67.5,-37.5,-97.5,7.5,-22.5
2017-08-11 00:00:00+00:00,-377.5,-137.5,-617.5,-352.5,-592.5,-242.5,-62.5,-422.5,-230.0,-410.0,-77.5,12.5,-167.5,-77.5,-167.5,-62.5,87.5,-212.5,-100.0,-250.0,-27.5,62.5,-117.5,-65.0,-155.0,65.0,125.0,5.0,27.5,-32.5,-35.0,25.0,-95.0,-10.0,-70.0,2.5,62.5,-57.5,2.5,-57.5,20.0,50.0,-10.0,20.0,-10.0,0.0,0.0,0.0,0.0,0.0,-155.0,-125.0,-185.0,-80.0,-110.0
2017-08-14 00:00:00+00:00,-187.5,-37.5,-337.5,-200.0,-350.0,-242.5,-62.5,-422.5,-242.5,-422.5,-237.5,-87.5,-387.5,-225.0,-375.0,-57.5,62.5,-177.5,-157.5,-277.5,-15.0,75.0,-105.0,-77.5,-167.5,-15.0,75.0,-105.0,-77.5,-167.5,-10.0,50.0,-70.0,-60.0,-120.0,-10.0,50.0,-70.0,-60.0,-120.0,-10.0,50.0,-70.0,-47.5,-107.5,0.0,0.0,0.0,0.0,0.0,-92.5,-62.5,-122.5,-92.5,-122.5
2017-08-15 00:00:00+00:00,-130.0,50.0,-310.0,-112.5,-262.5,-112.5,37.5,-262.5,-112.5,-262.5,-70.0,50.0,-190.0,-57.5,-177.5,-57.5,62.5,-177.5,-45.0,-165.0,-52.5,37.5,-142.5,10.0,-80.0,-52.5,37.5,-142.5,10.0,-80.0,-22.5,37.5,-82.5,40.0,-20.0,7.5,37.5,-22.5,57.5,27.5,7.5,37.5,-22.5,57.5,27.5,0.0,0.0,0.0,0.0,0.0,57.5,87.5,27.5,45.0,15.0
2017-08-16 00:00:00+00:00,-65.0,25.0,-155.0,-127.5,-217.5,-97.5,-37.5,-157.5,-85.0,-145.0,-85.0,-25.0,-145.0,-122.5,-182.5,-35.0,25.0,-95.0,-35.0,-95.0,-35.0,25.0,-95.0,-35.0,-95.0,-42.5,-12.5,-72.5,-42.5,-72.5,-22.5,37.5,-82.5,-35.0,-95.0,-22.5,37.5,-82.5,-22.5,-82.5,-35.0,25.0,-95.0,-22.5,-82.5,0.0,0.0,0.0,0.0,0.0,-55.0,-25.0,-85.0,-80.0,-110.0
2017-08-17 00:00:00+00:00,-260.0,-50.0,-470.0,-235.0,-445.0,-180.0,0.0,-360.0,-192.5,-372.5,-22.5,37.5,-82.5,-72.5,-132.5,-140.0,-50.0,-230.0,-202.5,-292.5,-140.0,-50.0,-230.0,-202.5,-292.5,-105.0,-75.0,-135.0,-167.5,-197.5,-157.5,-37.5,-277.5,-270.0,-390.0,-110.0,-50.0,-170.0,-210.0,-270.0,-105.0,-75.0,-135.0,-167.5,-197.5,0.0,0.0,0.0,0.0,0.0,-180.0,-150.0,-210.0,-130.0,-160.0
2017-08-18 00:00:00+00:00,-20.0,100.0,-140.0,42.5,-77.5,115.0,175.0,55.0,102.5,42.5,-42.5,-12.5,-72.5,-92.5,-122.5,-135.0,-75.0,-195.0,-35.0,-95.0,-67.5,-37.5,-97.5,-42.5,-72.5,-67.5,-37.5,-97.5,-42.5,-72.5,2.5,62.5,-57.5,40.0,-20.0,2.5,62.5,-57.5,40.0,-20.0,-5.0,25.0,-35.0,70.0,40.0,0.0,0.0,0.0,0.0,0.0,270.0,300.0,240.0,270.0,240.0
2017-08-21 00:00:00+00:00,37.5,187.5,-112.5,-62.5,-212.5,55.0,175.0,-65.0,17.5,-102.5,60.0,150.0,-30.0,72.5,-17.5,-15.0,75.0,-105.0,22.5,-67.5,45.0,75.0,15.0,20.0,-10.0,0.0,0.0,0.0,0.0,0.0,-17.5,12.5,-47.5,-30.0,-60.0,0.0,0.0,0.0,0.0,0.0,0.0,0.0,0.0,0.0,0.0,0.0,0.0,0.0,0.0,0.0,270.0,300.0,240.0,195.0,165.0
2017-08-22 00:00:00+00:00,-15.0,75.0,-105.0,-52.5,-142.5,-115.0,-25.0,-205.0,-90.0,-180.0,-140.0,-50.0,-230.0,-190.0,-280.0,-152.5,-62.5,-242.5,-52.5,-142.5,-140.0,-50.0,-230.0,-27.5,-117.5,-77.5,12.5,-167.5,-2.5,-92.5,-72.5,-12.5,-132.5,-10.0,-70.0,-60.0,0.0,-120.0,-35.0,-95.0,-10.0,50.0,-70.0,65.0,5.0,0.0,0.0,0.0,0.0,0.0,-67.5,-37.5,-97.5,-17.5,-47.5
2017-08-24 00:00:00+00:00,-107.5,12.5,-227.5,-132.5,-252.5,-82.5,37.5,-202.5,-132.5,-252.5,-77.5,12.5,-167.5,-140.0,-230.0,-20.0,100.0,-140.0,30.0,-90.0,10.0,100.0,-80.0,60.0,-30.0,52.5,112.5,-7.5,102.5,42.5,27.5,87.5,-32.5,102.5,42.5,52.5,112.5,-7.5,115.0,55.0,77.5,137.5,17.5,90.0,30.0,0.0,0.0,0.0,0.0,0.0,132.5,162.5,102.5,107.5,77.5
2017-08-25 00:00:00+00:00,-70.0,50.0,-190.0,-70.0,-190.0,90.0,150.0,30.0,177.5,117.5,165.0,225.0,105.0,252.5,192.5,40.0,100.0,-20.0,15.0,-45.0,40.0,100.0,-20.0,15.0,-45.0,32.5,62.5,2.5,70.0,40.0,7.5,37.5,-22.5,32.5,2.5,7.5,37.5,-22.5,32.5,2.5,7.5,37.5,-22.5,32.5,2.5,0.0,0.0,0.0,0.0,0.0,345.0,375.0,315.0,357.5,327.5
2017-08-29 00:00:00+00:00,142.5,262.5,22.5,167.5,47.5,97.5,187.5,7.5,235.0,145.0,190.0,250.0,130.0,240.0,180.0,47.5,137.5,-42.5,60.0,-30.0,85.0,175.0,-5.0,35.0,-55.0,52.5,112.5,-7.5,27.5,-32.5,102.5,162.5,42.5,65.0,5.0,82.5,112.5,52.5,95.0,65.0,70.0,100.0,40.0,57.5,27.5,0.0,0.0,0.0,0.0,0.0,395.0,425.0,365.0,470.0,440.0
2017-08-30 00:00:00+00:00,-120.0,0.0,-240.0,-207.5,-327.5,-115.0,-25.0,-205.0,-177.5,-267.5,-17.5,12.5,-47.5,-80.0,-110.0,-107.5,12.5,-227.5,-120.0,-240.0,-77.5,12.5,-167.5,-40.0,-130.0,-90.0,0.0,-180.0,-40.0,-130.0,-127.5,-37.5,-217.5,-115.0,-205.0,-127.5,-37.5,-217.5,-115.0,-205.0,-85.0,-25.0,-145.0,-47.5,-107.5,0.0,0.0,0.0,0.0,0.0,-130.0,-100.0,-160.0,-92.5,-122.5
2017-08-31 00:00:00+00:00,-77.5,12.5,-167.5,-140.0,-230.0,-215.0,-125.0,-305.0,-152.5,-242.5,-185.0,-125.0,-245.0,-72.5,-132.5,-172.5,-112.5,-232.5,-147.5,-207.5,-72.5,-12.5,-132.5,-172.5,-232.5,-17.5,12.5,-47.5,-55.0,-85.0,20.0,50.0,-10.0,-17.5,-47.5,20.0,50.0,-10.0,-17.5,-47.5,20.0,50.0,-10.0,-17.5,-47.5,0.0,0.0,0.0,0.0,0.0,-105.0,-75.0,-135.0,-155.0,-185.0
2017-09-01 00:00:00+00:00,-42.5,137.5,-222.5,-30.0,-210.0,67.5,187.5,-52.5,80.0,-40.0,85.0,175.0,-5.0,110.0,20.0,-22.5,37.5,-82.5,-35.0,-95.0,-30.0,0.0,-60.0,-30.0,-60.0,0.0,0.0,0.0,0.0,0.0,-35.0,25.0,-95.0,-10.0,-70.0,7.5,37.5,-22.5,7.5,-22.5,0.0,0.0,0.0,0.0,0.0,0.0,0.0,0.0,0.0,0.0,195.0,225.0,165.0,195.0,165.0
2017-09-05 00:00:00+00:00,-175.0,-25.0,-325.0,25.0,-125.0,-90.0,0.0,-180.0,60.0,-30.0,-40.0,50.0,-130.0,35.0,-55.0,-200.0,-50.0,-350.0,-262.5,-412.5,-102.5,-12.5,-192.5,-127.5,-217.5,-85.0,-25.0,-145.0,-60.0,-120.0,-122.5,-62.5,-182.5,-110.0,-170.0,-60.0,0.0,-120.0,-47.5,-107.5,-67.5,-37.5,-97.5,-55.0,-85.0,0.0,0.0,0.0,0.0,0.0,-42.5,-12.5,-72.5,-5.0,-35.0
2017-09-06 00:00:00+00:00,-262.5,-112.5,-412.5,-145.0,-265.0,-145.0,-25.0,-265.0,-32.5,-152.5,-182.5,-62.5,-302.5,-40.0,-130.0,-7.5,112.5,-127.5,-20.0,-140.0,-2.5,87.5,-92.5,60.0,-30.0,47.5,137.5,-42.5,22.5,-67.5,30.0,150.0,-90.0,-195.0,-315.0,30.0,150.0,-90.0,-170.0,-290.0,65.0,125.0,5.0,-110.0,-170.0,0.0,0.0,0.0,0.0,0.0,32.5,62.5,2.5,82.5,52.5
2017-09-07 00:00:00+00:00,122.5,212.5,32.5,22.5,-67.5,157.5,187.5,127.5,107.5,77.5,157.5,187.5,127.5,132.5,102.5,-35.0,25.0,-95.0,-22.5,-82.5,-17.5,12.5,-47.5,-5.0,-35.0,45.0,75.0,15.0,0.0,0.0,45.0,75.0,15.0,0.0,0.0,45.0,75.0,15.0,0.0,0.0,0.0,0.0,0.0,0.0,0.0,0.0,0.0,0.0,0.0,0.0,245.0,275.0,215.0,195.0,165.0
2017-09-08 00:00:00+00:00,-120.0,0.0,-240.0,-7.5,-127.5,-152.5,-62.5,-242.5,-15.0,-105.0,-42.5,-12.5,-72.5,-55.0,-85.0,-102.5,-12.5,-192.5,-65.0,-155.0,-102.5,-12.5,-192.5,-65.0,-155.0,-135.0,-75.0,-195.0,-122.5,-182.5,-10.0,50.0,-70.0,-47.5,-107.5,-10.0,50.0,-70.0,-47.5,-107.5,27.5,87.5,-32.5,-22.5,-82.5,0.0,0.0,0.0,0.0,0.0,32.5,62.5,2.5,7.5,-22.5
2017-09-18 00:00:00+00:00,-205.0,-25.0,-385.0,-180.0,-360.0,-132.5,-12.5,-252.5,-182.5,-302.5,-30.0,0.0,-60.0,-42.5,-72.5,-115.0,-25.0,-205.0,-115.0,-205.0,-97.5,-37.5,-157.5,-60.0,-120.0,-72.5,-12.5,-132.5,-72.5,-132.5,-110.0,-50.0,-170.0,-60.0,-120.0,-47.5,12.5,-107.5,-60.0,-120.0,-35.0,25.0,-95.0,-10.0,-70.0,0.0,0.0,0.0,0.0,0.0,-92.5,-62.5,-122.5,-80.0,-110.0
2017-09-20 00:00:00+00:00,-162.5,-12.5,-312.5,-200.0,-350.0,-120.0,0.0,-240.0,-170.0,-290.0,-260.0,-50.0,-470.0,-235.0,-445.0,-125.0,25.0,-275.0,-75.0,-225.0,-82.5,37.5,-202.5,-32.5,-152.5,-82.5,37.5,-202.5,-32.5,-152.5,-52.5,37.5,-142.5,-40.0,-130.0,-27.5,62.5,-117.5,-40.0,-130.0,-10.0,50.0,-70.0,-22.5,-82.5,0.0,0.0,0.0,0.0,0.0,-42.5,-12.5,-72.5,-42.5,-72.5
2017-09-25 00:00:00+00:00,-125.0,25.0,-275.0,-87.5,-237.5,-65.0,25.0,-155.0,-90.0,-180.0,-140.0,-50.0,-230.0,-127.5,-217.5,-77.5,12.5,-167.5,-47.5,-107.5,-85.0,-25.0,-145.0,-47.5,-107.5,-42.5,-12.5,-72.5,-30.0,-60.0,-5.0,25.0,-35.0,20.0,-10.0,7.5,37.5,-22.5,70.0,40.0,45.0,75.0,15.0,70.0,40.0,0.0,0.0,0.0,0.0,0.0,7.5,37.5,-22.5,32.5,2.5
2017-09-27 00:00:00+00:00,-70.0,50.0,-190.0,-107.5,-227.5,-15.0,75.0,-105.0,-40.0,-130.0,45.0,75.0,15.0,32.5,2.5,-47.5,12.5,-107.5,-47.5,-107.5,-47.5,12.5,-107.5,-47.5,-107.5,2.5,62.5,-57.5,-47.5,-107.5,-22.5,37.5,-82.5,2.5,-57.5,27.5,87.5,-32.5,2.5,-57.5,27.5,87.5,-32.5,2.5,-57.5,0.0,0.0,0.0,0.0,0.0,82.5,112.5,52.5,57.5,27.5
2017-09-28 00:00:00+00:00,-255.0,-75.0,-435.0,-305.0,-485.0,-247.5,-37.5,-457.5,-285.0,-495.0,-145.0,-25.0,-265.0,-245.0,-365.0,-40.0,50.0,-130.0,10.0,-80.0,-52.5,37.5,-142.5,-2.5,-92.5,-10.0,50.0,-70.0,-10.0,-70.0,-90.0,0.0,-180.0,-102.5,-192.5,-90.0,0.0,-180.0,-102.5,-192.5,-92.5,-62.5,-122.5,-130.0,-160.0,0.0,0.0,0.0,0.0,0.0,-130.0,-100.0,-160.0,-192.5,-222.5
2017-09-29 00:00:00+00:00,-175.0,-25.0,-325.0,-162.5,-312.5,-77.5,12.5,-167.5,-40.0,-130.0,-77.5,12.5,-167.5,-90.0,-180.0,-77.5,12.5,-167.5,-115.0,-205.0,-77.5,12.5,-167.5,-115.0,-205.0,-72.5,-12.5,-132.5,-85.0,-145.0,-97.5,-37.5,-157.5,-85.0,-145.0,-85.0,-25.0,-145.0,-72.5,-132.5,-85.0,-25.0,-145.0,-72.5,-132.5,0.0,0.0,0.0,0.0,0.0,-30.0,0.0,-60.0,-30.0,-60.0
2017-10-02 00:00:00+00:00,-120.0,0.0,-240.0,-82.5,-202.5,-90.0,0.0,-180.0,-65.0,-155.0,90.0,150.0,30.0,52.5,-7.5,-2.5,87.5,-92.5,-15.0,-105.0,15.0,75.0,-45.0,27.5,-32.5,15.0,75.0,-45.0,27.5,-32.5,2.5,62.5,-57.5,-22.5,-82.5,0.0,0.0,0.0,0.0,0.0,0.0,0.0,0.0,0.0,0.0,0.0,0.0,0.0,0.0,0.0,120.0,150.0,90.0,107.5,77.5
2017-10-06 00:00:00+00:00,-175.0,-25.0,-325.0,-187.5,-337.5,-40.0,50.0,-130.0,-90.0,-180.0,-47.5,12.5,-107.5,-30.0,-60.0,-137.5,12.5,-287.5,-75.0,-225.0,-47.5,12.5,-107.5,-42.5,-72.5,-30.0,0.0,-60.0,-42.5,-72.5,-90.0,0.0,-180.0,-47.5,-107.5,-60.0,0.0,-120.0,-30.0,-60.0,-30.0,0.0,-60.0,-30.0,-60.0,0.0,0.0,0.0,0.0,0.0,-5.0,25.0,-35.0,-17.5,-47.5
2017-10-09 00:00:00+00:00,-95.0,25.0,-215.0,-52.5,-142.5,-172.5,37.5,-382.5,-167.5,-347.5,-100.0,50.0,-250.0,-57.5,-177.5,-87.5,62.5,-237.5,-150.0,-300.0,-27.5,62.5,-117.5,-90.0,-180.0,-15.0,75.0,-105.0,-90.0,-180.0,10.0,100.0,-80.0,-40.0,-130.0,2.5,62.5,-57.5,-60.0,-120.0,2.5,62.5,-57.5,-60.0,-120.0,0.0,0.0,0.0,0.0,0.0,95.0,125.0,65.0,82.5,52.5
2017-10-10 00:00:00+00:00,-70.0,50.0,-190.0,-20.0,-140.0,2.5,62.5,-57.5,27.5,-32.5,82.5,112.5,52.5,70.0,40.0,-60.0,0.0,-120.0,-72.5,-132.5,-60.0,0.0,-120.0,-72.5,-132.5,-60.0,0.0,-120.0,-72.5,-132.5,-90.0,0.0,-180.0,-115.0,-205.0,-30.0,0.0,-60.0,-30.0,-60.0,-30.0,0.0,-60.0,-30.0,-60.0,0.0,0.0,0.0,0.0,0.0,70.0,100.0,40.0,107.5,77.5
2017-10-11 00:00:00+00:00,-242.5,-62.5,-422.5,-192.5,-372.5,-145.0,-25.0,-265.0,-107.5,-227.5,-77.5,12.5,-167.5,-65.0,-155.0,-132.5,-12.5,-252.5,-115.0,-205.0,-127.5,-37.5,-217.5,-60.0,-120.0,-47.5,12.5,-107.5,-60.0,-120.0,-132.5,-12.5,-252.5,-77.5,-167.5,-72.5,-12.5,-132.5,-5.0,-35.0,-72.5,-12.5,-132.5,-5.0,-35.0,0.0,0.0,0.0,0.0,0.0,-80.0,-50.0,-110.0,-80.0,-110.0
2017-10-12 00:00:00+00:00,-15.0,75.0,-105.0,-77.5,-167.5,-22.5,37.5,-82.5,-47.5,-107.5,-30.0,0.0,-60.0,-42.5,-72.5,-122.5,-62.5,-182.5,-135.0,-195.0,-122.5,-62.5,-182.5,-135.0,-195.0,-80.0,-50.0,-110.0,-80.0,-110.0,-97.5,-37.5,-157.5,-110.0,-170.0,-97.5,-37.5,-157.5,-110.0,-170.0,-85.0,-25.0,-145.0,-97.5,-157.5,0.0,0.0,0.0,0.0,0.0,-42.5,-12.5,-72.5,-55.0,-85.0
2017-10-16 00:00:00+00:00,-52.5,37.5,-142.5,-102.5,-192.5,-187.5,-37.5,-337.5,-125.0,-275.0,-47.5,12.5,-107.5,-72.5,-132.5,-157.5,-37.5,-277.5,-132.5,-252.5,-115.0,-25.0,-205.0,-90.0,-180.0,-55.0,-25.0,-85.0,-42.5,-72.5,-102.5,-12.5,-192.5,-90.0,-180.0,-47.5,12.5,-107.5,-60.0,-120.0,-5.0,25.0,-35.0,-17.5,-47.5,0.0,0.0,0.0,0.0,0.0,-42.5,-12.5,-72.5,-5.0,-35.0
2017-10-19 00:00:00+00:00,-162.5,-12.5,-312.5,-250.0,-400.0,-215.0,-125.0,-305.0,-85.0,-145.0,-97.5,-37.5,-157.5,-47.5,-107.5,-157.5,-37.5,-277.5,-120.0,-240.0,-165.0,-75.0,-255.0,-77.5,-167.5,-97.5,-37.5,-157.5,-72.5,-132.5,-80.0,-50.0,-110.0,-92.5,-122.5,-80.0,-50.0,-110.0,-92.5,-122.5,-42.5,-12.5,-72.5,-92.5,-122.5,0.0,0.0,0.0,0.0,0.0,-105.0,-75.0,-135.0,-130.0,-160.0
2017-10-20 00:00:00+00:00,-177.5,62.5,-417.5,-165.0,-405.0,-95.0,25.0,-215.0,-45.0,-165.0,-27.5,62.5,-117.5,-52.5,-142.5,-40.0,50.0,-130.0,-65.0,-155.0,-5.0,25.0,-35.0,-42.5,-72.5,-5.0,25.0,-35.0,-42.5,-72.5,-10.0,50.0,-70.0,-72.5,-132.5,-5.0,25.0,-35.0,-42.5,-72.5,0.0,0.0,0.0,0.0,0.0,0.0,0.0,0.0,0.0,0.0,95.0,125.0,65.0,82.5,52.5
2017-10-24 00:00:00+00:00,-117.5,62.5,-297.5,-62.5,-212.5,-32.5,87.5,-152.5,-15.0,-105.0,22.5,112.5,-67.5,2.5,-57.5,-60.0,0.0,-120.0,-35.0,-95.0,-60.0,0.0,-120.0,-35.0,-95.0,-17.5,12.5,-47.5,-5.0,-35.0,-17.5,12.5,-47.5,-5.0,-35.0,-5.0,25.0,-35.0,-17.5,-47.5,0.0,0.0,0.0,0.0,0.0,0.0,0.0,0.0,0.0,0.0,95.0,125.0,65.0,107.5,77.5
2017-10-25 00:00:00+00:00,-125.0,25.0,-275.0,-212.5,-362.5,-232.5,-112.5,-352.5,-257.5,-377.5,-97.5,-37.5,-157.5,-97.5,-157.5,-95.0,25.0,-215.0,-45.0,-165.0,-95.0,25.0,-215.0,-45.0,-165.0,-60.0,0.0,-120.0,-60.0,-120.0,-65.0,25.0,-155.0,-90.0,-180.0,-110.0,-50.0,-170.0,-60.0,-120.0,-10.0,50.0,-70.0,-5.0,-35.0,0.0,0.0,0.0,0.0,0.0,-55.0,-25.0,-85.0,-42.5,-72.5
2017-10-26 00:00:00+00:00,55.0,175.0,-65.0,92.5,-27.5,195.0,225.0,165.0,195.0,165.0,195.0,225.0,165.0,182.5,152.5,-35.0,25.0,-95.0,-47.5,-107.5,-17.5,12.5,-47.5,-17.5,-47.5,0.0,0.0,0.0,0.0,0.0,-30.0,0.0,-60.0,-17.5,-47.5,-30.0,0.0,-60.0,-17.5,-47.5,-30.0,0.0,-60.0,-17.5,-47.5,0.0,0.0,0.0,0.0,0.0,220.0,250.0,190.0,195.0,165.0
2017-10-27 00:00:00+00:00,-107.5,12.5,-227.5,-82.5,-202.5,2.5,62.5,-57.5,-35.0,-95.0,-60.0,0.0,-120.0,-72.5,-132.5,-102.5,-12.5,-192.5,-65.0,-155.0,-127.5,-37.5,-217.5,-65.0,-155.0,-85.0,-25.0,-145.0,-97.5,-157.5,-72.5,-12.5,-132.5,-17.5,-47.5,-30.0,0.0,-60.0,-17.5,-47.5,-17.5,12.5,-47.5,-17.5,-47.5,0.0,0.0,0.0,0.0,0.0,-5.0,25.0,-35.0,-5.0,-35.0
2017-10-30 00:00:00+00:00,-162.5,-12.5,-312.5,-212.5,-362.5,-115.0,-25.0,-205.0,-127.5,-217.5,-145.0,-25.0,-265.0,-207.5,-327.5,-162.5,-12.5,-312.5,-170.0,-290.0,-132.5,-12.5,-252.5,-140.0,-230.0,-90.0,0.0,-180.0,-152.5,-242.5,-152.5,-62.5,-242.5,-115.0,-205.0,-102.5,-12.5,-192.5,-90.0,-180.0,-60.0,0.0,-120.0,-72.5,-132.5,0.0,0.0,0.0,0.0,0.0,-67.5,-37.5,-97.5,-92.5,-122.5
2017-11-01 00:00:00+00:00,-75.0,75.0,-225.0,-75.0,-225.0,-62.5,87.5,-212.5,-20.0,-140.0,-45.0,75.0,-165.0,17.5,-102.5,-52.5,37.5,-142.5,-40.0,-130.0,-27.5,62.5,-117.5,-65.0,-155.0,-10.0,50.0,-70.0,-35.0,-95.0,-10.0,50.0,-70.0,-60.0,-120.0,-10.0,50.0,-70.0,-60.0,-120.0,7.5,37.5,-22.5,-30.0,-60.0,0.0,0.0,0.0,0.0,0.0,20.0,50.0,-10.0,32.5,2.5
2017-11-02 00:00:00+00:00,-70.0,50.0,-190.0,-57.5,-177.5,-47.5,12.5,-107.5,-35.0,-95.0,-207.5,-87.5,-327.5,-195.0,-315.0,-65.0,25.0,-155.0,-40.0,-130.0,-35.0,25.0,-95.0,2.5,-57.5,20.0,50.0,-10.0,-5.0,-35.0,10.0,100.0,-80.0,-2.5,-92.5,10.0,100.0,-80.0,-2.5,-92.5,65.0,125.0,5.0,52.5,-7.5,0.0,0.0,0.0,0.0,0.0,95.0,125.0,65.0,145.0,115.0
2017-11-07 00:00:00+00:00,-200.0,-50.0,-350.0,-187.5,-337.5,-190.0,-100.0,-280.0,-152.5,-242.5,-182.5,-62.5,-302.5,-95.0,-215.0,-112.5,37.5,-262.5,-107.5,-227.5,5.0,125.0,-115.0,-127.5,-217.5,-2.5,87.5,-92.5,-85.0,-145.0,0.0,150.0,-150.0,-132.5,-252.5,-2.5,87.5,-92.5,-122.5,-182.5,2.5,62.5,-57.5,-122.5,-182.5,0.0,0.0,0.0,0.0,0.0,-92.5,-62.5,-122.5,-105.0,-135.0
2017-11-09 00:00:00+00:00,-195.0,-75.0,-315.0,-232.5,-352.5,-220.0,-100.0,-340.0,-232.5,-352.5,-135.0,-75.0,-195.0,-185.0,-245.0,-337.5,-187.5,-487.5,-325.0,-475.0,-290.0,-200.0,-380.0,-277.5,-367.5,-235.0,-175.0,-295.0,-80.0,-110.0,-215.0,-125.0,-305.0,-97.5,-157.5,-197.5,-137.5,-257.5,-55.0,-85.0,-135.0,-75.0,-195.0,7.5,-22.5,0.0,0.0,0.0,0.0,0.0,-267.5,-237.5,-297.5,-267.5,-297.5
2017-11-10 00:00:00+00:00,-212.5,-62.5,-362.5,-337.5,-487.5,-22.5,37.5,-82.5,-35.0,-95.0,-67.5,-37.5,-97.5,-92.5,-122.5,-155.0,-125.0,-185.0,-80.0,-110.0,-155.0,-125.0,-185.0,-80.0,-110.0,20.0,50.0,-10.0,20.0,-10.0,-180.0,-150.0,-210.0,-205.0,-235.0,-117.5,-87.5,-147.5,-92.5,-122.5,-30.0,0.0,-60.0,-55.0,-85.0,0.0,0.0,0.0,0.0,0.0,-180.0,-150.0,-210.0,-180.0,-210.0
2017-11-13 00:00:00+00:00,-177.5,-87.5,-267.5,-202.5,-292.5,-42.5,-12.5,-72.5,-55.0,-85.0,0.0,0.0,0.0,0.0,0.0,-220.0,-100.0,-340.0,-220.0,-340.0,-202.5,-112.5,-292.5,-202.5,-292.5,-47.5,12.5,-107.5,-135.0,-195.0,-235.0,-175.0,-295.0,-235.0,-295.0,-222.5,-162.5,-282.5,-222.5,-282.5,-172.5,-112.5,-232.5,-210.0,-270.0,0.0,0.0,0.0,0.0,0.0,-217.5,-187.5,-247.5,-217.5,-247.5
2017-11-14 00:00:00+00:00,-262.5,-112.5,-412.5,-287.5,-437.5,-152.5,-62.5,-242.5,-127.5,-217.5,-32.5,87.5,-152.5,-177.5,-267.5,-87.5,62.5,-237.5,-107.5,-227.5,-82.5,37.5,-202.5,-95.0,-215.0,5.0,125.0,-115.0,-57.5,-177.5,-77.5,12.5,-167.5,-177.5,-267.5,-110.0,-50.0,-170.0,-97.5,-157.5,-22.5,37.5,-82.5,-60.0,-120.0,0.0,0.0,0.0,0.0,0.0,-55.0,-25.0,-85.0,-67.5,-97.5
2017-11-15 00:00:00+00:00,-157.5,-37.5,-277.5,-232.5,-352.5,-307.5,-187.5,-427.5,-395.0,-515.0,-52.5,37.5,-142.5,-72.5,-132.5,-15.0,75.0,-105.0,122.5,32.5,-15.0,75.0,-105.0,122.5,32.5,-35.0,25.0,-95.0,77.5,17.5,-15.0,75.0,-105.0,72.5,-17.5,-35.0,25.0,-95.0,65.0,5.0,27.5,87.5,-32.5,115.0,55.0,0.0,0.0,0.0,0.0,0.0,-155.0,-125.0,-185.0,-142.5,-172.5
2017-11-16 00:00:00+00:00,-162.5,-12.5,-312.5,12.5,-137.5,-107.5,12.5,-227.5,-120.0,-240.0,45.0,75.0,15.0,32.5,2.5,-102.5,-12.5,-192.5,-40.0,-130.0,-60.0,0.0,-120.0,-22.5,-82.5,-47.5,12.5,-107.5,-60.0,-120.0,-30.0,0.0,-60.0,-67.5,-97.5,-30.0,0.0,-60.0,-55.0,-85.0,0.0,0.0,0.0,0.0,0.0,0.0,0.0,0.0,0.0,0.0,20.0,50.0,-10.0,20.0,-10.0
2017-11-17 00:00:00+00:00,-225.0,-75.0,-375.0,-150.0,-300.0,-157.5,-37.5,-277.5,-170.0,-290.0,-35.0,25.0,-95.0,27.5,-32.5,-112.5,37.5,-262.5,-45.0,-165.0,-82.5,37.5,-202.5,-90.0,-180.0,20.0,50.0,-10.0,-42.5,-72.5,12.5,162.5,-137.5,-75.0,-225.0,-7.5,112.5,-127.5,-70.0,-190.0,-47.5,12.5,-107.5,-97.5,-157.5,0.0,0.0,0.0,0.0,0.0,45.0,75.0,15.0,45.0,15.0
2017-11-20 00:00:00+00:00,-180.0,0.0,-360.0,-167.5,-347.5,-162.5,-12.5,-312.5,-25.0,-175.0,-7.5,112.5,-127.5,-57.5,-177.5,-2.5,87.5,-92.5,-40.0,-130.0,-5.0,25.0,-35.0,-5.0,-35.0,0.0,0.0,0.0,0.0,0.0,7.5,37.5,-22.5,-5.0,-35.0,7.5,37.5,-22.5,-17.5,-47.5,7.5,37.5,-22.5,-17.5,-47.5,0.0,0.0,0.0,0.0,0.0,132.5,162.5,102.5,82.5,52.5
2017-11-21 00:00:00+00:00,25.0,175.0,-125.0,105.0,-15.0,125.0,275.0,-25.0,130.0,10.0,320.0,350.0,290.0,295.0,265.0,-77.5,12.5,-167.5,-77.5,-167.5,-30.0,0.0,-60.0,-5.0,-35.0,0.0,0.0,0.0,0.0,0.0,0.0,0.0,0.0,0.0,0.0,0.0,0.0,0.0,0.0,0.0,0.0,0.0,0.0,0.0,0.0,0.0,0.0,0.0,0.0,0.0,307.5,337.5,277.5,307.5,277.5
2017-11-22 00:00:00+00:00,-125.0,25.0,-275.0,-150.0,-300.0,-112.5,37.5,-262.5,-137.5,-287.5,-122.5,-62.5,-182.5,-97.5,-157.5,-127.5,-37.5,-217.5,-102.5,-192.5,-102.5,-12.5,-192.5,-102.5,-192.5,2.5,62.5,-57.5,-47.5,-107.5,-90.0,0.0,-180.0,-40.0,-130.0,-90.0,0.0,-180.0,-52.5,-142.5,15.0,75.0,-45.0,2.5,-57.5,0.0,0.0,0.0,0.0,0.0,-30.0,0.0,-60.0,-42.5,-72.5
2017-11-23 00:00:00+00:00,-20.0,100.0,-140.0,-7.5,-127.5,67.5,187.5,-52.5,22.5,-67.5,120.0,150.0,90.0,120.0,90.0,2.5,62.5,-57.5,-60.0,-120.0,2.5,62.5,-57.5,-60.0,-120.0,0.0,0.0,0.0,0.0,0.0,0.0,0.0,0.0,0.0,0.0,0.0,0.0,0.0,0.0,0.0,0.0,0.0,0.0,0.0,0.0,0.0,0.0,0.0,0.0,0.0,145.0,175.0,115.0,120.0,90.0
2017-11-24 00:00:00+00:00,-25.0,125.0,-175.0,-87.5,-237.5,35.0,125.0,-55.0,22.5,-67.5,47.5,137.5,-42.5,47.5,-42.5,-10.0,50.0,-70.0,-22.5,-82.5,-10.0,50.0,-70.0,-22.5,-82.5,0.0,0.0,0.0,0.0,0.0,-35.0,25.0,-95.0,-47.5,-107.5,0.0,0.0,0.0,0.0,0.0,0.0,0.0,0.0,0.0,0.0,0.0,0.0,0.0,0.0,0.0,157.5,187.5,127.5,120.0,90.0
2017-11-28 00:00:00+00:00,-172.5,37.5,-382.5,-205.0,-385.0,-162.5,-12.5,-312.5,-162.5,-312.5,-310.0,-100.0,-520.0,-185.0,-395.0,-92.5,87.5,-272.5,-180.0,-360.0,7.5,37.5,-22.5,-17.5,-47.5,7.5,37.5,-22.5,-17.5,-47.5,-2.5,87.5,-92.5,-40.0,-130.0,0.0,0.0,0.0,0.0,0.0,0.0,0.0,0.0,0.0,0.0,0.0,0.0,0.0,0.0,0.0,7.5,37.5,-22.5,20.0,-10.0
2017-11-29 00:00:00+00:00,-105.0,75.0,-285.0,-75.0,-225.0,17.5,137.5,-102.5,-20.0,-140.0,-70.0,50.0,-190.0,17.5,-102.5,-60.0,0.0,-120.0,-47.5,-107.5,20.0,50.0,-10.0,-5.0,-35.0,20.0,50.0,-10.0,-5.0,-35.0,-10.0,50.0,-70.0,-22.5,-82.5,-10.0,50.0,-70.0,-22.5,-82.5,20.0,50.0,-10.0,-17.5,-47.5,0.0,0.0,0.0,0.0,0.0,120.0,150.0,90.0,145.0,115.0
2017-12-01 00:00:00+00:00,-200.0,-50.0,-350.0,25.0,-125.0,-182.5,-62.5,-302.5,-52.5,-142.5,-92.5,-62.5,-122.5,-167.5,-197.5,-182.5,-62.5,-302.5,-395.0,-515.0,-177.5,-87.5,-267.5,-427.5,-517.5,-172.5,-112.5,-232.5,-297.5,-357.5,-147.5,-87.5,-207.5,-72.5,-132.5,-147.5,-87.5,-207.5,-72.5,-132.5,-180.0,-150.0,-210.0,-80.0,-110.0,0.0,0.0,0.0,0.0,0.0,-142.5,-112.5,-172.5,-167.5,-197.5
2017-12-04 00:00:00+00:00,47.5,137.5,-42.5,35.0,-55.0,77.5,137.5,17.5,52.5,-7.5,-95.0,25.0,-215.0,-70.0,-190.0,-102.5,-12.5,-192.5,-90.0,-180.0,-47.5,12.5,-107.5,-72.5,-132.5,-5.0,25.0,-35.0,-30.0,-60.0,-35.0,25.0,-95.0,-72.5,-132.5,-30.0,0.0,-60.0,-17.5,-47.5,7.5,37.5,-22.5,20.0,-10.0,0.0,0.0,0.0,0.0,0.0,95.0,125.0,65.0,107.5,77.5
2017-12-05 00:00:00+00:00,-102.5,-12.5,-192.5,-115.0,-205.0,-45.0,75.0,-165.0,-190.0,-280.0,-172.5,-112.5,-232.5,-160.0,-220.0,-157.5,-37.5,-277.5,-120.0,-240.0,-127.5,-37.5,-217.5,-40.0,-130.0,-180.0,-150.0,-210.0,-55.0,-85.0,-60.0,0.0,-120.0,-97.5,-157.5,-60.0,0.0,-120.0,-97.5,-157.5,-60.0,0.0,-120.0,-97.5,-157.5,0.0,0.0,0.0,0.0,0.0,-30.0,0.0,-60.0,-55.0,-85.0
2017-12-06 00:00:00+00:00,-107.5,12.5,-227.5,-170.0,-290.0,-102.5,-12.5,-192.5,-102.5,-192.5,-135.0,-75.0,-195.0,-160.0,-220.0,-102.5,-12.5,-192.5,-127.5,-217.5,-90.0,0.0,-180.0,-127.5,-217.5,-22.5,37.5,-82.5,-22.5,-82.5,-55.0,-25.0,-85.0,-67.5,-97.5,-30.0,0.0,-60.0,-17.5,-47.5,-30.0,0.0,-60.0,-17.5,-47.5,0.0,0.0,0.0,0.0,0.0,-55.0,-25.0,-85.0,-67.5,-97.5
2017-12-07 00:00:00+00:00,-95.0,25.0,-215.0,-170.0,-290.0,15.0,75.0,-45.0,-47.5,-107.5,45.0,75.0,15.0,7.5,-22.5,-190.0,-100.0,-280.0,-227.5,-317.5,-190.0,-100.0,-280.0,-227.5,-317.5,-185.0,-125.0,-245.0,-172.5,-232.5,-172.5,-112.5,-232.5,-210.0,-270.0,-172.5,-112.5,-232.5,-210.0,-270.0,-167.5,-137.5,-197.5,-155.0,-185.0,0.0,0.0,0.0,0.0,0.0,-130.0,-100.0,-160.0,-117.5,-147.5
2017-12-18 00:00:00+00:00,-62.5,87.5,-212.5,-137.5,-287.5,2.5,62.5,-57.5,-22.5,-82.5,-125.0,25.0,-275.0,-187.5,-337.5,-35.0,25.0,-95.0,-10.0,-70.0,-35.0,25.0,-95.0,-10.0,-70.0,-35.0,25.0,-95.0,-10.0,-70.0,-77.5,12.5,-167.5,-52.5,-142.5,-17.5,12.5,-47.5,7.5,-22.5,-17.5,12.5,-47.5,7.5,-22.5,0.0,0.0,0.0,0.0,0.0,82.5,112.5,52.5,70.0,40.0
2017-12-19 00:00:00+00:00,-182.5,-62.5,-302.5,-170.0,-290.0,-165.0,-75.0,-255.0,-165.0,-255.0,-97.5,-37.5,-157.5,-72.5,-132.5,-192.5,-12.5,-372.5,-180.0,-360.0,-125.0,25.0,-275.0,-175.0,-325.0,-77.5,12.5,-167.5,-90.0,-180.0,-70.0,50.0,-190.0,-132.5,-252.5,-70.0,50.0,-190.0,-157.5,-277.5,-107.5,12.5,-227.5,-145.0,-265.0,0.0,0.0,0.0,0.0,0.0,-105.0,-75.0,-135.0,-130.0,-160.0
2017-12-21 00:00:00+00:00,-42.5,137.5,-222.5,-42.5,-222.5,90.0,150.0,30.0,90.0,30.0,127.5,187.5,67.5,140.0,80.0,-47.5,12.5,-107.5,-47.5,-107.5,-42.5,-12.5,-72.5,-30.0,-60.0,-42.5,-12.5,-72.5,-30.0,-60.0,-5.0,25.0,-35.0,-17.5,-47.5,-5.0,25.0,-35.0,-17.5,-47.5,-5.0,25.0,-35.0,-17.5,-47.5,0.0,0.0,0.0,0.0,0.0,170.0,200.0,140.0,170.0,140.0
2017-12-22 00:00:00+00:00,-180.0,0.0,-360.0,-150.0,-300.0,-90.0,0.0,-180.0,-72.5,-132.5,-145.0,-25.0,-265.0,-157.5,-277.5,-57.5,62.5,-177.5,-82.5,-202.5,-47.5,12.5,-107.5,-72.5,-132.5,-60.0,0.0,-120.0,-72.5,-132.5,-47.5,12.5,-107.5,-60.0,-120.0,-60.0,0.0,-120.0,-60.0,-120.0,-17.5,12.5,-47.5,-30.0,-60.0,0.0,0.0,0.0,0.0,0.0,-42.5,-12.5,-72.5,-42.5,-72.5
2018-01-02 00:00:00+00:00,-45.0,75.0,-165.0,-52.5,-142.5,127.5,187.5,67.5,177.5,117.5,47.5,137.5,-42.5,35.0,-55.0,-97.5,-37.5,-157.5,15.0,-45.0,-60.0,0.0,-120.0,-10.0,-70.0,-17.5,12.5,-47.5,7.5,-22.5,-72.5,-12.5,-132.5,-10.0,-70.0,-60.0,0.0,-120.0,-22.5,-82.5,-17.5,12.5,-47.5,-5.0,-35.0,0.0,0.0,0.0,0.0,0.0,132.5,162.5,102.5,170.0,140.0
2018-01-03 00:00:00+00:00,-205.0,-25.0,-385.0,-192.5,-372.5,-175.0,-25.0,-325.0,-137.5,-287.5,-170.0,-50.0,-290.0,-132.5,-252.5,-77.5,12.5,-167.5,-52.5,-142.5,-10.0,50.0,-70.0,-47.5,-107.5,-17.5,12.5,-47.5,-30.0,-60.0,-27.5,62.5,-117.5,-90.0,-180.0,-27.5,62.5,-117.5,-90.0,-180.0,7.5,37.5,-22.5,-17.5,-47.5,0.0,0.0,0.0,0.0,0.0,-55.0,-25.0,-85.0,-55.0,-85.0
2018-01-04 00:00:00+00:00,-52.5,37.5,-142.5,-77.5,-167.5,-115.0,-25.0,-205.0,-97.5,-157.5,-102.5,-12.5,-192.5,-65.0,-155.0,-82.5,37.5,-202.5,-120.0,-240.0,-77.5,12.5,-167.5,-77.5,-167.5,-30.0,0.0,-60.0,-55.0,-85.0,-15.0,75.0,-105.0,-15.0,-105.0,22.5,112.5,-67.5,-65.0,-155.0,7.5,37.5,-22.5,45.0,15.0,0.0,0.0,0.0,0.0,0.0,32.5,62.5,2.5,-5.0,-35.0
2018-01-05 00:00:00+00:00,-130.0,50.0,-310.0,-67.5,-247.5,17.5,137.5,-102.5,30.0,-90.0,72.5,162.5,-17.5,52.5,-7.5,-35.0,25.0,-95.0,-22.5,-82.5,-17.5,12.5,-47.5,-5.0,-35.0,0.0,0.0,0.0,0.0,0.0,7.5,37.5,-22.5,32.5,2.5,0.0,0.0,0.0,0.0,0.0,0.0,0.0,0.0,0.0,0.0,0.0,0.0,0.0,0.0,0.0,157.5,187.5,127.5,182.5,152.5
2018-01-08 00:00:00+00:00,-250.0,-100.0,-400.0,-250.0,-400.0,-245.0,-125.0,-365.0,-270.0,-390.0,-232.5,-112.5,-352.5,-232.5,-352.5,-37.5,112.5,-187.5,-125.0,-275.0,-45.0,75.0,-165.0,-107.5,-227.5,-40.0,50.0,-130.0,65.0,5.0,-45.0,75.0,-165.0,-107.5,-227.5,-40.0,50.0,-130.0,52.5,-7.5,-47.5,12.5,-107.5,7.5,-22.5,0.0,0.0,0.0,0.0,0.0,-67.5,-37.5,-97.5,-167.5,-197.5
2018-01-09 00:00:00+00:00,-182.5,-62.5,-302.5,-152.5,-242.5,-177.5,-87.5,-267.5,-202.5,-292.5,-127.5,-37.5,-217.5,-215.0,-305.0,-87.5,62.5,-237.5,-162.5,-312.5,-47.5,12.5,-107.5,-72.5,-132.5,-42.5,-12.5,-72.5,-55.0,-85.0,-107.5,12.5,-227.5,-120.0,-240.0,-47.5,12.5,-107.5,-72.5,-132.5,0.0,0.0,0.0,0.0,0.0,0.0,0.0,0.0,0.0,0.0,-80.0,-50.0,-110.0,-105.0,-135.0
2018-01-10 00:00:00+00:00,-70.0,50.0,-190.0,-107.5,-227.5,-165.0,-75.0,-255.0,-340.0,-430.0,-22.5,37.5,-82.5,-35.0,-95.0,-327.5,-237.5,-417.5,-152.5,-242.5,-265.0,-175.0,-355.0,-177.5,-267.5,-210.0,-150.0,-270.0,-185.0,-245.0,-202.5,-112.5,-292.5,-102.5,-192.5,-185.0,-125.0,-245.0,-47.5,-107.5,-60.0,0.0,-120.0,15.0,-45.0,0.0,0.0,0.0,0.0,0.0,-230.0,-200.0,-260.0,-267.5,-297.5
2018-01-12 00:00:00+00:00,-192.5,-12.5,-372.5,-242.5,-422.5,-70.0,50.0,-190.0,-120.0,-240.0,-35.0,25.0,-95.0,-110.0,-170.0,-115.0,-25.0,-205.0,-72.5,-132.5,-60.0,0.0,-120.0,-85.0,-145.0,-17.5,12.5,-47.5,-30.0,-60.0,-47.5,12.5,-107.5,-85.0,-145.0,-30.0,0.0,-60.0,-30.0,-60.0,-5.0,25.0,-35.0,-17.5,-47.5,0.0,0.0,0.0,0.0,0.0,7.5,37.5,-22.5,-42.5,-72.5
2018-01-15 00:00:00+00:00,-132.5,-12.5,-252.5,-52.5,-142.5,-177.5,-87.5,-267.5,-140.0,-230.0,-97.5,-37.5,-157.5,-72.5,-132.5,-97.5,-37.5,-157.5,-85.0,-145.0,-97.5,-37.5,-157.5,-85.0,-145.0,-72.5,-12.5,-132.5,-47.5,-107.5,-47.5,12.5,-107.5,-72.5,-132.5,-47.5,12.5,-107.5,-72.5,-132.5,-80.0,-50.0,-110.0,-67.5,-97.5,0.0,0.0,0.0,0.0,0.0,-55.0,-25.0,-85.0,-30.0,-60.0
2018-01-16 00:00:00+00:00,22.5,112.5,-67.5,85.0,-5.0,22.5,112.5,-67.5,35.0,-55.0,-70.0,50.0,-190.0,-32.5,-152.5,-60.0,0.0,-120.0,-60.0,-120.0,-60.0,0.0,-120.0,-97.5,-157.5,-42.5,-12.5,-72.5,-67.5,-97.5,-35.0,25.0,-95.0,-35.0,-95.0,-17.5,12.5,-47.5,-30.0,-60.0,-30.0,0.0,-60.0,0.0,0.0,0.0,0.0,0.0,0.0,0.0,132.5,162.5,102.5,120.0,90.0
2018-01-17 00:00:00+00:00,85.0,175.0,-5.0,60.0,-30.0,35.0,125.0,-55.0,35.0,-55.0,-137.5,12.5,-287.5,-62.5,-212.5,-57.5,62.5,-177.5,-82.5,-202.5,-57.5,62.5,-177.5,-82.5,-202.5,-40.0,50.0,-130.0,-40.0,-130.0,-62.5,87.5,-212.5,-112.5,-262.5,-10.0,50.0,-70.0,52.5,-7.5,-10.0,50.0,-70.0,52.5,-7.5,0.0,0.0,0.0,0.0,0.0,107.5,137.5,77.5,132.5,102.5
2018-01-18 00:00:00+00:00,-155.0,25.0,-335.0,-192.5,-372.5,-20.0,100.0,-140.0,-195.0,-315.0,115.0,175.0,55.0,65.0,5.0,-20.0,100.0,-140.0,67.5,-52.5,35.0,125.0,-55.0,22.5,-67.5,27.5,87.5,-32.5,40.0,-20.0,47.5,137.5,-42.5,47.5,-42.5,40.0,100.0,-20.0,65.0,5.0,32.5,62.5,2.5,20.0,-10.0,0.0,0.0,0.0,0.0,0.0,182.5,212.5,152.5,157.5,127.5
2018-01-19 00:00:00+00:00,-67.5,112.5,-247.5,82.5,-97.5,172.5,262.5,82.5,160.0,70.0,270.0,300.0,240.0,245.0,215.0,-5.0,25.0,-35.0,-17.5,-47.5,-5.0,25.0,-35.0,-17.5,-47.5,0.0,0.0,0.0,0.0,0.0,0.0,0.0,0.0,0.0,0.0,0.0,0.0,0.0,0.0,0.0,0.0,0.0,0.0,0.0,0.0,0.0,0.0,0.0,0.0,0.0,257.5,287.5,227.5,232.5,202.5
2018-01-22 00:00:00+00:00,22.5,112.5,-67.5,35.0,-55.0,-2.5,87.5,-92.5,-40.0,-130.0,-212.5,-62.5,-362.5,-162.5,-312.5,-152.5,-62.5,-242.5,-102.5,-192.5,-65.0,25.0,-155.0,-77.5,-167.5,-42.5,-12.5,-72.5,-42.5,-72.5,-40.0,50.0,-130.0,-27.5,-117.5,-40.0,50.0,-130.0,-27.5,-117.5,20.0,50.0,-10.0,7.5,-22.5,0.0,0.0,0.0,0.0,0.0,57.5,87.5,27.5,70.0,40.0
2018-01-23 00:00:00+00:00,-47.5,12.5,-107.5,-85.0,-145.0,-140.0,-50.0,-230.0,-140.0,-230.0,-55.0,-25.0,-85.0,-80.0,-110.0,-532.5,-412.5,-652.5,-495.0,-615.0,-527.5,-437.5,-617.5,-452.5,-542.5,-460.0,-400.0,-520.0,-385.0,-445.0,-452.5,-362.5,-542.5,-440.0,-530.0,-410.0,-350.0,-470.0,-397.5,-457.5,-385.0,-325.0,-445.0,-385.0,-445.0,0.0,0.0,0.0,0.0,0.0,-480.0,-450.0,-510.0,-467.5,-497.5
2018-01-24 00:00:00+00:00,-170.0,-50.0,-290.0,-90.0,-180.0,-187.5,-37.5,-337.5,-120.0,-240.0,-65.0,25.0,-155.0,-102.5,-192.5,-45.0,75.0,-165.0,-70.0,-190.0,-27.5,62.5,-117.5,-52.5,-142.5,0.0,0.0,0.0,0.0,0.0,-2.5,87.5,-92.5,-52.5,-142.5,-22.5,37.5,-82.5,-22.5,-82.5,0.0,0.0,0.0,0.0,0.0,0.0,0.0,0.0,0.0,0.0,-17.5,12.5,-47.5,-30.0,-60.0
2018-01-25 00:00:00+00:00,-25.0,125.0,-175.0,100.0,-50.0,110.0,200.0,20.0,185.0,95.0,282.5,312.5,252.5,270.0,240.0,7.5,37.5,-22.5,-5.0,-35.0,7.5,37.5,-22.5,-5.0,-35.0,0.0,0.0,0.0,0.0,0.0,0.0,0.0,0.0,0.0,0.0,0.0,0.0,0.0,0.0,0.0,0.0,0.0,0.0,0.0,0.0,0.0,0.0,0.0,0.0,0.0,282.5,312.5,252.5,270.0,240.0
2018-01-26 00:00:00+00:00,60.0,150.0,-30.0,35.0,-55.0,122.5,212.5,32.5,72.5,-17.5,220.0,250.0,190.0,220.0,190.0,15.0,75.0,-45.0,7.5,-22.5,-5.0,25.0,-35.0,7.5,-22.5,0.0,0.0,0.0,0.0,0.0,-5.0,25.0,-35.0,7.5,-22.5,-5.0,25.0,-35.0,7.5,-22.5,-5.0,25.0,-35.0,7.5,-22.5,0.0,0.0,0.0,0.0,0.0,257.5,287.5,227.5,245.0,215.0
2018-01-29 00:00:00+00:00,-195.0,-75.0,-315.0,-195.0,-315.0,-122.5,-62.5,-182.5,-210.0,-270.0,-97.5,-37.5,-157.5,-80.0,-110.0,-202.5,-112.5,-292.5,-177.5,-267.5,-102.5,-12.5,-192.5,-40.0,-130.0,-85.0,-25.0,-145.0,-10.0,-70.0,10.0,100.0,-80.0,135.0,45.0,47.5,137.5,-42.5,122.5,32.5,47.5,137.5,-42.5,122.5,32.5,0.0,0.0,0.0,0.0,0.0,-55.0,-25.0,-85.0,-92.5,-122.5
2018-01-30 00:00:00+00:00,-275.0,-125.0,-425.0,-400.0,-550.0,-325.0,-175.0,-475.0,-187.5,-337.5,-190.0,-100.0,-280.0,35.0,-55.0,5.0,125.0,-115.0,-32.5,-152.5,5.0,125.0,-115.0,-32.5,-152.5,-60.0,0.0,-120.0,-47.5,-107.5,97.5,187.5,7.5,-127.5,-217.5,65.0,125.0,5.0,-85.0,-145.0,7.5,37.5,-22.5,-5.0,-35.0,0.0,0.0,0.0,0.0,0.0,-42.5,-12.5,-72.5,-80.0,-110.0
2018-01-31 00:00:00+00:00,-140.0,-50.0,-230.0,-140.0,-230.0,-10.0,50.0,-70.0,-35.0,-95.0,-265.0,-175.0,-355.0,-227.5,-317.5,-202.5,-112.5,-292.5,-65.0,-155.0,-102.5,-12.5,-192.5,-27.5,-117.5,-67.5,-37.5,-97.5,-42.5,-72.5,-160.0,-100.0,-220.0,-135.0,-195.0,-117.5,-87.5,-147.5,-105.0,-135.0,-117.5,-87.5,-147.5,-105.0,-135.0,0.0,0.0,0.0,0.0,0.0,-230.0,-200.0,-260.0,-155.0,-185.0
2018-02-01 00:00:00+00:00,-220.0,-100.0,-340.0,-207.5,-327.5,-315.0,-225.0,-405.0,-252.5,-342.5,-17.5,12.5,-47.5,-92.5,-122.5,-127.5,-37.5,-217.5,-165.0,-255.0,-127.5,-37.5,-217.5,-165.0,-255.0,-160.0,-100.0,-220.0,-172.5,-232.5,-65.0,25.0,-155.0,-140.0,-230.0,-65.0,25.0,-155.0,-140.0,-230.0,-15.0,75.0,-105.0,-102.5,-192.5,0.0,0.0,0.0,0.0,0.0,-267.5,-237.5,-297.5,-267.5,-297.5
2018-02-02 00:00:00+00:00,-520.0,-400.0,-640.0,-332.5,-452.5,-220.0,-100.0,-340.0,-295.0,-415.0,-92.5,-62.5,-122.5,-80.0,-110.0,-77.5,12.5,-167.5,-177.5,-267.5,-160.0,-100.0,-220.0,-210.0,-270.0,102.5,162.5,42.5,190.0,130.0,-135.0,-75.0,-195.0,-222.5,-282.5,-280.0,-250.0,-310.0,-292.5,-322.5,-280.0,-250.0,-310.0,-292.5,-322.5,0.0,0.0,0.0,0.0,0.0,-292.5,-262.5,-322.5,-230.0,-260.0
2018-02-05 00:00:00+00:00,-77.5,12.5,-167.5,22.5,-67.5,102.5,162.5,42.5,65.0,5.0,-17.5,12.5,-47.5,-105.0,-135.0,-380.0,-350.0,-410.0,-342.5,-372.5,-342.5,-312.5,-372.5,-305.0,-335.0,-342.5,-312.5,-372.5,-305.0,-335.0,-492.5,-462.5,-522.5,-405.0,-435.0,-430.0,-400.0,-460.0,-305.0,-335.0,-367.5,-337.5,-397.5,-267.5,-297.5,0.0,0.0,0.0,0.0,0.0,-392.5,-362.5,-422.5,-305.0,-335.0
2018-02-06 00:00:00+00:00,-557.5,-437.5,-677.5,-757.5,-877.5,-565.0,-475.0,-655.0,-802.5,-892.5,-1707.5,-1587.5,-1827.5,-640.0,-730.0,-2410.0,-2350.0,-2470.0,-1847.5,-1907.5,-2310.0,-2250.0,-2370.0,-1647.5,-1707.5,-1935.0,-1875.0,-1995.0,-1297.5,-1357.5,-1472.5,-1412.5,-1532.5,-1085.0,-1145.0,-792.5,-762.5,-822.5,-305.0,-335.0,-792.5,-762.5,-822.5,-305.0,-335.0,0.0,0.0,0.0,0.0,0.0,-2267.5,-2237.5,-2297.5,-2217.5,-2247.5
2018-02-07 00:00:00+00:00,487.5,637.5,337.5,-312.5,-462.5,-355.0,-175.0,-535.0,-412.5,-562.5,250.0,400.0,100.0,-257.5,-377.5,155.0,275.0,35.0,417.5,297.5,255.0,375.0,135.0,342.5,222.5,430.0,550.0,310.0,267.5,147.5,462.5,612.5,312.5,150.0,0.0,530.0,650.0,410.0,342.5,222.5,120.0,150.0,90.0,232.5,202.5,0.0,0.0,0.0,0.0,0.0,420.0,450.0,390.0,382.5,352.5
2018-02-08 00:00:00+00:00,-165.0,-75.0,-255.0,-715.0,-805.0,-790.0,-700.0,-880.0,-485.0,-545.0,-167.5,-137.5,-197.5,-117.5,-147.5,-20.0,100.0,-140.0,-157.5,-277.5,-20.0,100.0,-140.0,-157.5,-277.5,267.5,387.5,147.5,180.0,60.0,10.0,100.0,-80.0,-302.5,-392.5,10.0,100.0,-80.0,-302.5,-392.5,202.5,262.5,142.5,190.0,130.0,0.0,0.0,0.0,0.0,0.0,-505.0,-475.0,-535.0,-567.5,-597.5
2018-02-09 00:00:00+00:00,-600.0,-450.0,-750.0,-450.0,-600.0,-315.0,-225.0,-405.0,-152.5,-242.5,-507.5,-387.5,-627.5,-507.5,-627.5,-977.5,-887.5,-1067.5,-427.5,-517.5,-740.0,-650.0,-830.0,-415.0,-505.0,-922.5,-862.5,-982.5,-622.5,-682.5,-687.5,-537.5,-837.5,-450.0,-600.0,-477.5,-387.5,-567.5,-215.0,-305.0,-672.5,-612.5,-732.5,-410.0,-470.0,0.0,0.0,0.0,0.0,0.0,-980.0,-950.0,-1010.0,-705.0,-735.0
2018-02-12 00:00:00+00:00,-200.0,-50.0,-350.0,-412.5,-562.5,-507.5,-387.5,-627.5,-495.0,-615.0,-60.0,0.0,-120.0,-247.5,-307.5,-182.5,-62.5,-302.5,135.0,45.0,-57.5,62.5,-177.5,35.0,-55.0,120.0,150.0,90.0,70.0,40.0,152.5,212.5,92.5,190.0,130.0,20.0,50.0,-10.0,-17.5,-47.5,20.0,50.0,-10.0,-17.5,-47.5,0.0,0.0,0.0,0.0,0.0,-205.0,-175.0,-235.0,-417.5,-447.5
2018-02-13 00:00:00+00:00,-270.0,-150.0,-390.0,-282.5,-402.5,-420.0,-300.0,-540.0,-382.5,-502.5,-405.0,-225.0,-585.0,-150.0,-300.0,67.5,187.5,-52.5,-107.5,-227.5,22.5,112.5,-67.5,-27.5,-117.5,-55.0,-25.0,-85.0,20.0,-10.0,92.5,212.5,-27.5,67.5,-52.5,60.0,150.0,-30.0,85.0,-5.0,70.0,100.0,40.0,132.5,102.5,0.0,0.0,0.0,0.0,0.0,-155.0,-125.0,-185.0,-180.0,-210.0
2018-02-14 00:00:00+00:00,-267.5,-87.5,-447.5,-142.5,-322.5,-287.5,-137.5,-437.5,-112.5,-262.5,-152.5,-62.5,-242.5,-115.0,-205.0,-152.5,-62.5,-242.5,-102.5,-192.5,-97.5,-37.5,-157.5,-147.5,-207.5,45.0,75.0,15.0,32.5,2.5,-102.5,-12.5,-192.5,10.0,-80.0,-97.5,-37.5,-157.5,40.0,-20.0,7.5,37.5,-22.5,7.5,-22.5,0.0,0.0,0.0,0.0,0.0,-105.0,-75.0,-135.0,-142.5,-172.5
2018-02-15 00:00:00+00:00,52.5,112.5,-7.5,52.5,-7.5,-140.0,-50.0,-230.0,-90.0,-180.0,57.5,87.5,27.5,95.0,65.0,-352.5,-262.5,-442.5,-327.5,-417.5,-327.5,-237.5,-417.5,-340.0,-430.0,-317.5,-287.5,-347.5,-317.5,-347.5,-260.0,-200.0,-320.0,-322.5,-382.5,-405.0,-375.0,-435.0,-317.5,-347.5,-405.0,-375.0,-435.0,-317.5,-347.5,0.0,0.0,0.0,0.0,0.0,-317.5,-287.5,-347.5,-192.5,-222.5
2018-02-16 00:00:00+00:00,-165.0,-75.0,-255.0,-315.0,-405.0,-295.0,-175.0,-415.0,-420.0,-540.0,15.0,75.0,-45.0,15.0,-45.0,-307.5,-187.5,-427.5,-182.5,-302.5,-202.5,-112.5,-292.5,-165.0,-255.0,-122.5,-62.5,-182.5,-222.5,-282.5,-205.0,-175.0,-235.0,-280.0,-310.0,-155.0,-125.0,-185.0,-142.5,-172.5,-155.0,-125.0,-185.0,-142.5,-172.5,0.0,0.0,0.0,0.0,0.0,-292.5,-262.5,-322.5,-280.0,-310.0
2018-02-19 00:00:00+00:00,-27.5,62.5,-117.5,-15.0,-105.0,-85.0,-25.0,-145.0,-85.0,-145.0,-17.5,12.5,-47.5,-17.5,-47.5,-165.0,-75.0,-255.0,-90.0,-180.0,-115.0,-25.0,-205.0,-77.5,-167.5,-85.0,-25.0,-145.0,-72.5,-132.5,-135.0,-75.0,-195.0,-72.5,-132.5,-110.0,-50.0,-170.0,-60.0,-120.0,-97.5,-37.5,-157.5,-72.5,-132.5,0.0,0.0,0.0,0.0,0.0,-105.0,-75.0,-135.0,-55.0,-85.0
2018-02-20 00:00:00+00:00,-190.0,-100.0,-280.0,-152.5,-242.5,-115.0,-25.0,-205.0,-177.5,-267.5,-340.0,-250.0,-430.0,-302.5,-392.5,-410.0,-350.0,-470.0,-397.5,-457.5,-410.0,-350.0,-470.0,-397.5,-457.5,-47.5,12.5,-107.5,-80.0,-110.0,-190.0,-100.0,-280.0,-372.5,-432.5,-160.0,-100.0,-220.0,-292.5,-322.5,-160.0,-100.0,-220.0,-292.5,-322.5,0.0,0.0,0.0,0.0,0.0,-492.5,-462.5,-522.5,-380.0,-410.0
2018-02-21 00:00:00+00:00,-45.0,75.0,-165.0,80.0,-40.0,-65.0,25.0,-155.0,-52.5,-142.5,-82.5,37.5,-202.5,-102.5,-192.5,-95.0,25.0,-215.0,-107.5,-227.5,-115.0,-25.0,-205.0,22.5,-67.5,20.0,50.0,-10.0,-30.0,-60.0,155.0,275.0,35.0,205.0,85.0,160.0,250.0,70.0,235.0,145.0,57.5,87.5,27.5,32.5,2.5,0.0,0.0,0.0,0.0,0.0,32.5,62.5,2.5,157.5,127.5
2018-02-22 00:00:00+00:00,242.5,362.5,122.5,67.5,-52.5,272.5,362.5,182.5,222.5,132.5,440.0,500.0,380.0,227.5,167.5,122.5,212.5,32.5,197.5,107.5,160.0,250.0,70.0,185.0,95.0,102.5,162.5,42.5,127.5,67.5,107.5,137.5,77.5,157.5,127.5,107.5,137.5,77.5,57.5,27.5,107.5,137.5,77.5,57.5,27.5,0.0,0.0,0.0,0.0,0.0,620.0,650.0,590.0,570.0,540.0
2018-02-23 00:00:00+00:00,167.5,287.5,47.5,55.0,-65.0,12.5,162.5,-137.5,-12.5,-162.5,97.5,187.5,7.5,-77.5,-167.5,-222.5,-162.5,-282.5,-147.5,-207.5,-197.5,-137.5,-257.5,-172.5,-232.5,-110.0,-50.0,-170.0,-97.5,-157.5,-110.0,-50.0,-170.0,40.0,-20.0,-67.5,-37.5,-97.5,-17.5,-47.5,-67.5,-37.5,-97.5,-17.5,-47.5,0.0,0.0,0.0,0.0,0.0,82.5,112.5,52.5,82.5,52.5
2018-02-26 00:00:00+00:00,-350.0,-200.0,-500.0,-212.5,-362.5,-320.0,-200.0,-440.0,-245.0,-365.0,-332.5,-212.5,-452.5,-220.0,-340.0,12.5,162.5,-137.5,-137.5,-287.5,67.5,187.5,-52.5,-57.5,-177.5,40.0,100.0,-20.0,-35.0,-95.0,77.5,137.5,17.5,-10.0,-70.0,45.0,75.0,15.0,20.0,-10.0,0.0,0.0,0.0,0.0,0.0,0.0,0.0,0.0,0.0,0.0,-92.5,-62.5,-122.5,-105.0,-135.0
2018-02-27 00:00:00+00:00,-125.0,25.0,-275.0,-175.0,-325.0,-202.5,-112.5,-292.5,-315.0,-405.0,-40.0,50.0,-130.0,-277.5,-367.5,-202.5,-112.5,-292.5,-152.5,-242.5,-140.0,-50.0,-230.0,-177.5,-267.5,-60.0,0.0,-120.0,90.0,30.0,-215.0,-125.0,-305.0,-90.0,-180.0,-185.0,-125.0,-245.0,27.5,-32.5,-122.5,-62.5,-182.5,2.5,-57.5,0.0,0.0,0.0,0.0,0.0,-205.0,-175.0,-235.0,-205.0,-235.0
2018-02-28 00:00:00+00:00,-257.5,-137.5,-377.5,-345.0,-465.0,-547.5,-337.5,-757.5,-385.0,-595.0,-165.0,-75.0,-255.0,-27.5,-117.5,-45.0,75.0,-165.0,5.0,-115.0,30.0,150.0,-90.0,42.5,-77.5,-5.0,25.0,-35.0,32.5,2.5,-60.0,0.0,-120.0,-60.0,-120.0,-10.0,50.0,-70.0,15.0,-45.0,40.0,100.0,-20.0,115.0,55.0,0.0,0.0,0.0,0.0,0.0,-255.0,-225.0,-285.0,-192.5,-222.5
2018-03-01 00:00:00+00:00,-345.0,-225.0,-465.0,-557.5,-677.5,-415.0,-325.0,-505.0,-302.5,-392.5,-390.0,-300.0,-480.0,-515.0,-605.0,-302.5,-212.5,-392.5,97.5,7.5,-302.5,-212.5,-392.5,160.0,70.0,-135.0,-75.0,-195.0,15.0,-45.0,-317.5,-287.5,-347.5,-342.5,-372.5,-317.5,-287.5,-347.5,-342.5,-372.5,-317.5,-287.5,-347.5,-342.5,-372.5,0.0,0.0,0.0,0.0,0.0,-1042.5,-1012.5,-1072.5,-767.5,-797.5
2018-03-02 00:00:00+00:00,-695.0,-575.0,-815.0,-407.5,-527.5,-230.0,-200.0,-260.0,-242.5,-272.5,-385.0,-325.0,-445.0,-185.0,-245.0,-320.0,-200.0,-440.0,-407.5,-527.5,-365.0,-275.0,-455.0,-415.0,-505.0,-2.5,87.5,-92.5,-327.5,-417.5,-422.5,-362.5,-482.5,-297.5,-357.5,-422.5,-362.5,-482.5,-297.5,-357.5,-297.5,-237.5,-357.5,-310.0,-370.0,0.0,0.0,0.0,0.0,0.0,-592.5,-562.5,-622.5,-480.0,-510.0
2018-03-05 00:00:00+00:00,-405.0,-225.0,-585.0,-92.5,-272.5,-162.5,-12.5,-312.5,0.0,-150.0,52.5,112.5,-7.5,2.5,-57.5,292.5,412.5,172.5,-195.0,-315.0,110.0,200.0,20.0,-377.5,-467.5,-217.5,-187.5,-247.5,-205.0,-235.0,-205.0,-175.0,-235.0,-142.5,-172.5,-180.0,-150.0,-210.0,-180.0,-210.0,0.0,0.0,0.0,0.0,0.0,0.0,0.0,0.0,0.0,0.0,57.5,87.5,27.5,157.5,127.5
2018-03-06 00:00:00+00:00,-172.5,37.5,-382.5,40.0,-170.0,15.0,225.0,-195.0,127.5,-82.5,17.5,137.5,-102.5,105.0,-15.0,130.0,250.0,10.0,-107.5,-227.5,27.5,87.5,-32.5,77.5,17.5,20.0,50.0,-10.0,7.5,-22.5,112.5,262.5,-37.5,-175.0,-325.0,7.5,37.5,-22.5,70.0,40.0,32.5,62.5,2.5,70.0,40.0,0.0,0.0,0.0,0.0,0.0,307.5,337.5,277.5,295.0,265.0
2018-03-07 00:00:00+00:00,15.0,75.0,-45.0,177.5,117.5,-47.5,12.5,-107.5,-322.5,-382.5,-317.5,-287.5,-347.5,-455.0,-485.0,-340.0,-250.0,-430.0,-215.0,-305.0,-40.0,50.0,-130.0,-177.5,-267.5,152.5,212.5,92.5,77.5,17.5,-297.5,-237.5,-357.5,-185.0,-245.0,-247.5,-187.5,-307.5,-185.0,-245.0,27.5,87.5,-32.5,65.0,5.0,0.0,0.0,0.0,0.0,0.0,-80.0,-50.0,-110.0,-105.0,-135.0
2018-03-08 00:00:00+00:00,-95.0,25.0,-215.0,-20.0,-140.0,-267.5,-87.5,-447.5,70.0,-110.0,10.0,100.0,-80.0,97.5,7.5,85.0,175.0,-5.0,60.0,-30.0,85.0,175.0,-5.0,60.0,-30.0,102.5,162.5,42.5,40.0,-20.0,52.5,112.5,-7.5,77.5,17.5,20.0,50.0,-10.0,70.0,40.0,0.0,0.0,0.0,0.0,0.0,0.0,0.0,0.0,0.0,0.0,245.0,275.0,215.0,282.5,252.5
2018-03-12 00:00:00+00:00,-250.0,-100.0,-400.0,-262.5,-412.5,-387.5,-237.5,-537.5,-325.0,-475.0,-205.0,-25.0,-385.0,-192.5,-372.5,-267.5,-87.5,-447.5,-50.0,-200.0,-125.0,25.0,-275.0,30.0,-90.0,-72.5,-12.5,-132.5,45.0,15.0,-52.5,37.5,-142.5,-27.5,-117.5,-2.5,87.5,-92.5,-102.5,-192.5,-42.5,-12.5,-72.5,0.0,0.0,0.0,0.0,0.0,0.0,0.0,-155.0,-125.0,-185.0,-205.0,-235.0
2018-03-13 00:00:00+00:00,-132.5,-12.5,-252.5,-70.0,-190.0,-107.5,12.5,-227.5,-195.0,-315.0,-237.5,-87.5,-387.5,-187.5,-337.5,-52.5,37.5,-142.5,-40.0,-130.0,-52.5,37.5,-142.5,-40.0,-130.0,-10.0,50.0,-70.0,-10.0,-70.0,-15.0,75.0,-105.0,-65.0,-155.0,2.5,62.5,-57.5,-22.5,-82.5,-5.0,25.0,-35.0,-17.5,-47.5,0.0,0.0,0.0,0.0,0.0,57.5,87.5,27.5,7.5,-22.5
2018-03-14 00:00:00+00:00,-112.5,37.5,-262.5,-362.5,-512.5,-470.0,-350.0,-590.0,-370.0,-490.0,-435.0,-225.0,-645.0,-597.5,-807.5,-70.0,50.0,-190.0,117.5,-2.5,2.5,62.5,-57.5,177.5,117.5,77.5,137.5,17.5,165.0,105.0,35.0,125.0,-55.0,97.5,7.5,57.5,87.5,27.5,95.0,65.0,57.5,87.5,27.5,20.0,-10.0,0.0,0.0,0.0,0.0,0.0,-42.5,-12.5,-72.5,-67.5,-97.5
2018-03-15 00:00:00+00:00,80.0,200.0,-40.0,-32.5,-152.5,-27.5,62.5,-117.5,-15.0,-105.0,-192.5,-162.5,-222.5,-180.0,-210.0,-372.5,-312.5,-432.5,-322.5,-382.5,-372.5,-312.5,-432.5,-322.5,-382.5,-322.5,-262.5,-382.5,-285.0,-345.0,-147.5,-87.5,-207.5,-110.0,-170.0,-117.5,-87.5,-147.5,-155.0,-185.0,-117.5,-87.5,-147.5,-155.0,-185.0,0.0,0.0,0.0,0.0,0.0,-117.5,-87.5,-147.5,-155.0,-185.0
2018-03-19 00:00:00+00:00,-175.0,-25.0,-325.0,-132.5,-252.5,72.5,162.5,-17.5,-77.5,-167.5,-77.5,12.5,-167.5,-115.0,-205.0,-70.0,50.0,-190.0,-232.5,-352.5,-35.0,25.0,-95.0,-110.0,-170.0,7.5,37.5,-22.5,-55.0,-85.0,-72.5,-12.5,-132.5,-22.5,-82.5,2.5,62.5,-57.5,65.0,5.0,27.5,87.5,-32.5,77.5,17.5,0.0,0.0,0.0,0.0,0.0,70.0,100.0,40.0,-5.0,-35.0
2018-03-20 00:00:00+00:00,150.0,300.0,0.0,-162.5,-312.5,290.0,350.0,230.0,90.0,30.0,152.5,212.5,92.5,-85.0,-145.0,-122.5,-62.5,-182.5,52.5,-7.5,-130.0,-100.0,-160.0,45.0,15.0,-130.0,-100.0,-160.0,45.0,15.0,-42.5,-12.5,-72.5,95.0,65.0,-42.5,-12.5,-72.5,95.0,65.0,-42.5,-12.5,-72.5,95.0,65.0,0.0,0.0,0.0,0.0,0.0,220.0,250.0,190.0,220.0,190.0
2018-03-21 00:00:00+00:00,-230.0,-50.0,-410.0,-217.5,-397.5,-105.0,75.0,-285.0,-92.5,-272.5,22.5,112.5,-67.5,135.0,45.0,50.0,200.0,-100.0,0.0,-150.0,72.5,162.5,-17.5,22.5,-67.5,65.0,125.0,5.0,27.5,-32.5,35.0,125.0,-55.0,-2.5,-92.5,-5.0,25.0,-35.0,-17.5,-47.5,70.0,100.0,40.0,57.5,27.5,0.0,0.0,0.0,0.0,0.0,-67.5,-37.5,-97.5,45.0,15.0
2018-03-22 00:00:00+00:00,-370.0,-250.0,-490.0,-257.5,-377.5,-277.5,-187.5,-367.5,-390.0,-480.0,-482.5,-362.5,-602.5,-595.0,-715.0,-327.5,-237.5,-417.5,-265.0,-355.0,-372.5,-312.5,-432.5,-347.5,-407.5,-47.5,12.5,-107.5,27.5,-32.5,-85.0,-25.0,-145.0,115.0,55.0,65.0,125.0,5.0,165.0,105.0,65.0,125.0,5.0,165.0,105.0,0.0,0.0,0.0,0.0,0.0,-367.5,-337.5,-397.5,-342.5,-372.5
2018-03-23 00:00:00+00:00,-145.0,-25.0,-265.0,205.0,85.0,207.5,237.5,177.5,270.0,240.0,370.0,400.0,340.0,332.5,302.5,22.5,112.5,-67.5,-440.0,-530.0,27.5,87.5,-32.5,-410.0,-470.0,-242.5,-212.5,-272.5,-380.0,-410.0,-155.0,-125.0,-185.0,-242.5,-272.5,-5.0,25.0,-35.0,-105.0,-135.0,-5.0,25.0,-35.0,-105.0,-135.0,0.0,0.0,0.0,0.0,0.0,307.5,337.5,277.5,270.0,240.0
2018-03-26 00:00:00+00:00,202.5,262.5,142.5,152.5,92.5,102.5,162.5,42.5,102.5,42.5,-260.0,-200.0,-320.0,-422.5,-482.5,65.0,125.0,5.0,27.5,-32.5,152.5,212.5,92.5,65.0,5.0,165.0,225.0,105.0,127.5,67.5,165.0,225.0,105.0,177.5,117.5,165.0,225.0,105.0,177.5,117.5,165.0,225.0,105.0,177.5,117.5,0.0,0.0,0.0,0.0,0.0,220.0,250.0,190.0,195.0,165.0
2018-03-27 00:00:00+00:00,-372.5,-162.5,-582.5,-160.0,-370.0,-290.0,-200.0,-380.0,-265.0,-355.0,-85.0,-25.0,-145.0,-160.0,-220.0,47.5,137.5,-42.5,35.0,-55.0,-10.0,50.0,-70.0,115.0,55.0,-10.0,50.0,-70.0,115.0,55.0,7.5,37.5,-22.5,45.0,15.0,7.5,37.5,-22.5,45.0,15.0,7.5,37.5,-22.5,45.0,15.0,0.0,0.0,0.0,0.0,0.0,-117.5,-87.5,-147.5,-55.0,-85.0
2018-03-28 00:00:00+00:00,-10.0,200.0,-220.0,327.5,117.5,160.0,250.0,70.0,447.5,357.5,377.5,437.5,317.5,290.0,230.0,27.5,87.5,-32.5,102.5,42.5,95.0,125.0,65.0,20.0,-10.0,0.0,0.0,0.0,0.0,0.0,70.0,100.0,40.0,95.0,65.0,170.0,200.0,140.0,107.5,77.5,0.0,0.0,0.0,0.0,0.0,0.0,0.0,0.0,0.0,0.0,657.5,687.5,627.5,595.0,565.0
2018-03-29 00:00:00+00:00,-230.0,-50.0,-410.0,-175.0,-325.0,-132.5,-12.5,-252.5,17.5,-102.5,27.5,87.5,-32.5,140.0,80.0,92.5,212.5,-27.5,-57.5,-177.5,35.0,125.0,-55.0,-127.5,-217.5,7.5,37.5,-22.5,-80.0,-110.0,-60.0,0.0,-120.0,-72.5,-132.5,-55.0,-25.0,-85.0,20.0,-10.0,-55.0,-25.0,-85.0,-5.0,-35.0,0.0,0.0,0.0,0.0,0.0,232.5,262.5,202.5,195.0,165.0
2018-04-02 00:00:00+00:00,-65.0,25.0,-155.0,35.0,-55.0,-57.5,62.5,-177.5,-145.0,-265.0,-190.0,-100.0,-280.0,-252.5,-342.5,-202.5,-112.5,-292.5,-327.5,-417.5,-202.5,-112.5,-292.5,-327.5,-417.5,-272.5,-212.5,-332.5,-297.5,-357.5,-165.0,-75.0,-255.0,-302.5,-392.5,-165.0,-75.0,-255.0,-302.5,-392.5,-160.0,-100.0,-220.0,-210.0,-270.0,0.0,0.0,0.0,0.0,0.0,-167.5,-137.5,-197.5,-280.0,-310.0
2018-04-03 00:00:00+00:00,-80.0,100.0,-260.0,-192.5,-372.5,72.5,162.5,-17.5,-115.0,-205.0,2.5,62.5,-57.5,-135.0,-195.0,-70.0,50.0,-190.0,142.5,22.5,-65.0,25.0,-155.0,72.5,-17.5,-35.0,25.0,-95.0,2.5,-57.5,-85.0,-25.0,-145.0,127.5,67.5,-35.0,25.0,-95.0,57.5,27.5,-30.0,0.0,-60.0,57.5,27.5,0.0,0.0,0.0,0.0,0.0,145.0,175.0,115.0,95.0,65.0
2018-04-04 00:00:00+00:00,17.5,137.5,-102.5,235.0,145.0,-2.5,87.5,-92.5,235.0,145.0,-20.0,100.0,-140.0,180.0,60.0,-345.0,-225.0,-465.0,-557.5,-677.5,-315.0,-225.0,-405.0,-515.0,-605.0,32.5,62.5,2.5,270.0,240.0,-257.5,-137.5,-377.5,-445.0,-565.0,-185.0,-125.0,-245.0,27.5,-32.5,132.5,162.5,102.5,320.0,290.0,0.0,0.0,0.0,0.0,0.0,-230.0,-200.0,-260.0,-167.5,-197.5
2018-04-05 00:00:00+00:00,-225.0,-75.0,-375.0,-87.5,-237.5,-27.5,62.5,-117.5,-52.5,-142.5,-147.5,-87.5,-207.5,-55.0,-85.0,105.0,225.0,-15.0,-20.0,-140.0,85.0,175.0,-5.0,35.0,-55.0,102.5,162.5,42.5,77.5,17.5,47.5,137.5,-42.5,85.0,-5.0,47.5,137.5,-42.5,85.0,-5.0,90.0,150.0,30.0,65.0,5.0,0.0,0.0,0.0,0.0,0.0,70.0,100.0,40.0,82.5,52.5
2018-04-06 00:00:00+00:00,-20.0,100.0,-140.0,122.5,32.5,-97.5,-37.5,-157.5,65.0,5.0,-147.5,-87.5,-207.5,-210.0,-270.0,-285.0,-225.0,-345.0,-272.5,-332.5,-260.0,-200.0,-320.0,-135.0,-195.0,-172.5,-112.5,-232.5,-210.0,-270.0,-472.5,-412.5,-532.5,-510.0,-570.0,-455.0,-425.0,-485.0,-517.5,-547.5,-455.0,-425.0,-485.0,-517.5,-547.5,0.0,0.0,0.0,0.0,0.0,-305.0,-275.0,-335.0,-292.5,-322.5
2018-04-09 00:00:00+00:00,-115.0,-25.0,-205.0,-102.5,-192.5,-452.5,-362.5,-542.5,-485.0,-545.0,-97.5,-37.5,-157.5,-22.5,-82.5,-240.0,-150.0,-330.0,-240.0,-330.0,-90.0,0.0,-180.0,-15.0,-105.0,-90.0,0.0,-180.0,-15.0,-105.0,155.0,275.0,35.0,117.5,-2.5,77.5,137.5,17.5,52.5,-7.5,140.0,200.0,80.0,52.5,-7.5,0.0,0.0,0.0,0.0,0.0,-305.0,-275.0,-335.0,-267.5,-297.5
2018-04-10 00:00:00+00:00,-350.0,-200.0,-500.0,-312.5,-462.5,-90.0,0.0,-180.0,-165.0,-255.0,-305.0,-125.0,-485.0,-355.0,-535.0,112.5,262.5,-37.5,-7.5,-127.5,-65.0,25.0,-155.0,-47.5,-107.5,7.5,37.5,-22.5,45.0,15.0,282.5,462.5,102.5,-100.0,-250.0,177.5,237.5,117.5,-30.0,-60.0,0.0,0.0,0.0,0.0,0.0,0.0,0.0,0.0,0.0,0.0,120.0,150.0,90.0,170.0,140.0
2018-04-11 00:00:00+00:00,-170.0,-50.0,-290.0,-195.0,-315.0,-277.5,-187.5,-367.5,-415.0,-505.0,-92.5,-62.5,-122.5,-67.5,-97.5,-740.0,-650.0,-830.0,-490.0,-580.0,-740.0,-650.0,-830.0,-490.0,-580.0,-527.5,-437.5,-617.5,-515.0,-605.0,-517.5,-487.5,-547.5,-517.5,-547.5,-517.5,-487.5,-547.5,-517.5,-547.5,-517.5,-487.5,-547.5,-517.5,-547.5,0.0,0.0,0.0,0.0,0.0,-542.5,-512.5,-572.5,-517.5,-547.5
2018-04-12 00:00:00+00:00,310.0,400.0,220.0,422.5,332.5,470.0,500.0,440.0,432.5,402.5,495.0,525.0,465.0,532.5,502.5,40.0,100.0,-20.0,102.5,42.5,40.0,100.0,-20.0,102.5,42.5,0.0,0.0,0.0,0.0,0.0,107.5,137.5,77.5,195.0,165.0,107.5,137.5,77.5,195.0,165.0,107.5,137.5,77.5,195.0,165.0,0.0,0.0,0.0,0.0,0.0,620.0,650.0,590.0,745.0,715.0
2018-04-13 00:00:00+00:00,160.0,250.0,70.0,22.5,-67.5,60.0,150.0,-30.0,-77.5,-167.5,207.5,237.5,177.5,270.0,240.0,-102.5,-12.5,-192.5,-65.0,-155.0,-140.0,-50.0,-230.0,-52.5,-142.5,-55.0,-25.0,-85.0,7.5,-22.5,0.0,0.0,0.0,0.0,0.0,0.0,0.0,0.0,0.0,0.0,0.0,0.0,0.0,0.0,0.0,0.0,0.0,0.0,0.0,0.0,207.5,237.5,177.5,270.0,240.0
2018-04-16 00:00:00+00:00,97.5,187.5,7.5,-15.0,-105.0,-195.0,-75.0,-315.0,-70.0,-190.0,-10.0,50.0,-70.0,15.0,-45.0,-40.0,50.0,-130.0,-40.0,-130.0,-40.0,50.0,-130.0,-40.0,-130.0,-40.0,50.0,-130.0,-40.0,-130.0,15.0,75.0,-45.0,-10.0,-70.0,27.5,87.5,-32.5,45.0,15.0,107.5,137.5,77.5,45.0,15.0,0.0,0.0,0.0,0.0,0.0,95.0,125.0,65.0,95.0,65.0
2018-04-17 00:00:00+00:00,-317.5,-137.5,-497.5,-105.0,-285.0,-22.5,37.5,-82.5,40.0,-20.0,-60.0,0.0,-120.0,-47.5,-107.5,-27.5,62.5,-117.5,-52.5,-142.5,2.5,62.5,-57.5,2.5,-57.5,2.5,62.5,-57.5,2.5,-57.5,40.0,100.0,-20.0,15.0,-45.0,40.0,100.0,-20.0,15.0,-45.0,-5.0,25.0,-35.0,-30.0,-60.0,0.0,0.0,0.0,0.0,0.0,45.0,75.0,15.0,120.0,90.0
2018-04-18 00:00:00+00:00,167.5,287.5,47.5,67.5,-52.5,240.0,300.0,180.0,265.0,205.0,147.5,237.5,57.5,210.0,120.0,-2.5,87.5,-92.5,-15.0,-105.0,97.5,187.5,7.5,-15.0,-105.0,40.0,100.0,-20.0,2.5,-57.5,-72.5,-12.5,-132.5,-35.0,-95.0,-72.5,-12.5,-132.5,-35.0,-95.0,27.5,87.5,-32.5,-35.0,-95.0,0.0,0.0,0.0,0.0,0.0,232.5,262.5,202.5,270.0,240.0
2018-04-19 00:00:00+00:00,-355.0,-175.0,-535.0,-230.0,-410.0,-77.5,12.5,-167.5,-165.0,-255.0,-245.0,-125.0,-365.0,-232.5,-352.5,25.0,175.0,-125.0,37.5,-112.5,142.5,262.5,22.5,-57.5,-177.5,127.5,187.5,67.5,-10.0,-70.0,-15.0,75.0,-105.0,47.5,-42.5,90.0,150.0,30.0,15.0,-45.0,90.0,150.0,30.0,15.0,-45.0,0.0,0.0,0.0,0.0,0.0,95.0,125.0,65.0,32.5,2.5
2018-04-20 00:00:00+00:00,167.5,287.5,47.5,80.0,-40.0,-2.5,87.5,-92.5,-15.0,-105.0,90.0,150.0,30.0,40.0,-20.0,-15.0,75.0,-105.0,90.0,30.0,-2.5,87.5,-92.5,115.0,55.0,110.0,200.0,20.0,140.0,80.0,-55.0,-25.0,-85.0,45.0,15.0,57.5,87.5,27.5,70.0,40.0,57.5,87.5,27.5,70.0,40.0,0.0,0.0,0.0,0.0,0.0,182.5,212.5,152.5,295.0,265.0
2018-04-23 00:00:00+00:00,-62.5,87.5,-212.5,-137.5,-287.5,72.5,162.5,-17.5,-15.0,-105.0,47.5,137.5,-42.5,-2.5,-92.5,-15.0,75.0,-105.0,47.5,-42.5,22.5,112.5,-67.5,-10.0,-70.0,22.5,112.5,-67.5,-10.0,-70.0,80.0,200.0,-40.0,10.0,-80.0,77.5,137.5,17.5,-5.0,-35.0,20.0,50.0,-10.0,-5.0,-35.0,0.0,0.0,0.0,0.0,0.0,257.5,287.5,227.5,232.5,202.5
2018-04-24 00:00:00+00:00,-75.0,75.0,-225.0,-150.0,-300.0,-127.5,-37.5,-217.5,-115.0,-205.0,-10.0,50.0,-70.0,2.5,-57.5,-95.0,25.0,-215.0,-40.0,-130.0,-2.5,87.5,-92.5,-52.5,-142.5,-30.0,0.0,-60.0,-30.0,-60.0,90.0,150.0,30.0,-47.5,-107.5,95.0,125.0,65.0,0.0,0.0,0.0,0.0,0.0,0.0,0.0,0.0,0.0,0.0,0.0,0.0,107.5,137.5,77.5,145.0,115.0
2018-04-25 00:00:00+00:00,-450.0,-300.0,-600.0,-550.0,-700.0,-77.5,12.5,-167.5,-177.5,-267.5,-92.5,-62.5,-122.5,-305.0,-335.0,-322.5,-262.5,-382.5,-147.5,-207.5,-322.5,-262.5,-382.5,-147.5,-207.5,-430.0,-400.0,-460.0,-280.0,-310.0,-122.5,-62.5,-182.5,90.0,30.0,-47.5,12.5,-107.5,277.5,217.5,-155.0,-125.0,-185.0,145.0,115.0,0.0,0.0,0.0,0.0,0.0,20.0,50.0,-10.0,-17.5,-47.5
2018-04-26 00:00:00+00:00,35.0,125.0,-55.0,47.5,-42.5,-107.5,12.5,-227.5,80.0,-40.0,315.0,375.0,255.0,240.0,180.0,122.5,212.5,32.5,160.0,70.0,147.5,237.5,57.5,160.0,70.0,82.5,112.5,52.5,20.0,-10.0,82.5,112.5,52.5,145.0,115.0,107.5,137.5,77.5,145.0,115.0,0.0,0.0,0.0,0.0,0.0,0.0,0.0,0.0,0.0,0.0,457.5,487.5,427.5,445.0,415.0
2018-04-27 00:00:00+00:00,-27.5,62.5,-117.5,-65.0,-155.0,40.0,100.0,-20.0,2.5,-57.5,27.5,87.5,-32.5,-60.0,-120.0,5.0,125.0,-115.0,67.5,-52.5,-2.5,87.5,-92.5,35.0,-55.0,-10.0,50.0,-70.0,52.5,-7.5,42.5,162.5,-77.5,67.5,-52.5,30.0,150.0,-90.0,67.5,-52.5,15.0,75.0,-45.0,65.0,5.0,0.0,0.0,0.0,0.0,0.0,170.0,200.0,140.0,157.5,127.5
2018-05-01 00:00:00+00:00,5.0,125.0,-115.0,-120.0,-240.0,-190.0,-100.0,-280.0,-35.0,-95.0,2.5,62.5,-57.5,-122.5,-182.5,155.0,275.0,35.0,92.5,-27.5,110.0,200.0,20.0,60.0,-30.0,-5.0,25.0,-35.0,82.5,52.5,190.0,250.0,130.0,165.0,105.0,190.0,250.0,130.0,165.0,105.0,190.0,250.0,130.0,165.0,105.0,0.0,0.0,0.0,0.0,0.0,207.5,237.5,177.5,120.0,90.0
2018-05-02 00:00:00+00:00,-70.0,50.0,-190.0,-20.0,-140.0,-60.0,0.0,-120.0,-110.0,-170.0,-260.0,-200.0,-320.0,-522.5,-582.5,-160.0,-100.0,-220.0,-185.0,-245.0,-160.0,-100.0,-220.0,-185.0,-245.0,-47.5,12.5,-107.5,65.0,5.0,-130.0,-100.0,-160.0,-80.0,-110.0,-130.0,-100.0,-160.0,-80.0,-110.0,-17.5,12.5,-47.5,170.0,140.0,0.0,0.0,0.0,0.0,0.0,-155.0,-125.0,-185.0,-230.0,-260.0
2018-05-03 00:00:00+00:00,10.0,100.0,-80.0,-127.5,-217.5,-85.0,-25.0,-145.0,-247.5,-307.5,-210.0,-150.0,-270.0,-497.5,-557.5,-360.0,-300.0,-420.0,-197.5,-257.5,-360.0,-300.0,-420.0,-197.5,-257.5,-335.0,-275.0,-395.0,-172.5,-232.5,-522.5,-462.5,-582.5,-572.5,-632.5,-535.0,-475.0,-595.0,-522.5,-582.5,-460.0,-400.0,-520.0,-372.5,-432.5,0.0,0.0,0.0,0.0,0.0,-517.5,-487.5,-547.5,-742.5,-772.5
2018-05-04 00:00:00+00:00,-102.5,-12.5,-192.5,-52.5,-142.5,-207.5,-87.5,-327.5,-95.0,-215.0,-230.0,-200.0,-260.0,-230.0,-260.0,-277.5,-187.5,-367.5,-160.0,-220.0,-277.5,-187.5,-367.5,-160.0,-220.0,-27.5,62.5,-117.5,27.5,-32.5,-72.5,-12.5,-132.5,-72.5,-132.5,-22.5,37.5,-82.5,52.5,-7.5,152.5,212.5,92.5,115.0,55.0,0.0,0.0,0.0,0.0,0.0,-267.5,-237.5,-297.5,-230.0,-260.0
2018-05-07 00:00:00+00:00,-50.0,100.0,-200.0,-182.5,-302.5,-105.0,75.0,-285.0,-55.0,-235.0,-212.5,-62.5,-362.5,-162.5,-312.5,80.0,200.0,-40.0,42.5,-77.5,85.0,175.0,-5.0,-2.5,-92.5,20.0,50.0,-10.0,-55.0,-85.0,122.5,212.5,32.5,35.0,-55.0,135.0,225.0,45.0,22.5,-67.5,77.5,137.5,17.5,-22.5,-82.5,0.0,0.0,0.0,0.0,0.0,45.0,75.0,15.0,57.5,27.5
2018-05-08 00:00:00+00:00,-257.5,-137.5,-377.5,-370.0,-490.0,-115.0,-25.0,-205.0,-197.5,-257.5,-142.5,-112.5,-172.5,-155.0,-185.0,10.0,100.0,-80.0,72.5,-17.5,10.0,100.0,-80.0,110.0,20.0,2.5,62.5,-57.5,115.0,55.0,-185.0,-125.0,-245.0,-197.5,-257.5,-10.0,50.0,-70.0,-22.5,-82.5,52.5,112.5,-7.5,115.0,55.0,0.0,0.0,0.0,0.0,0.0,-130.0,-100.0,-160.0,-155.0,-185.0
2018-05-09 00:00:00+00:00,-245.0,-125.0,-365.0,-257.5,-377.5,-232.5,-112.5,-352.5,-270.0,-390.0,-185.0,-125.0,-245.0,-210.0,-270.0,-12.5,137.5,-162.5,-100.0,-250.0,37.5,187.5,-112.5,-100.0,-250.0,27.5,87.5,-32.5,-85.0,-145.0,-27.5,62.5,-117.5,-2.5,-92.5,2.5,62.5,-57.5,-35.0,-95.0,2.5,62.5,-57.5,-35.0,-95.0,0.0,0.0,0.0,0.0,0.0,-155.0,-125.0,-185.0,-192.5,-222.5
2018-05-11 00:00:00+00:00,-2.5,87.5,-92.5,-2.5,-92.5,-95.0,25.0,-215.0,-57.5,-177.5,-165.0,-75.0,-255.0,-165.0,-255.0,-40.0,50.0,-130.0,-65.0,-155.0,-40.0,50.0,-130.0,-65.0,-155.0,15.0,75.0,-45.0,-22.5,-82.5,27.5,87.5,-32.5,-47.5,-107.5,27.5,87.5,-32.5,-47.5,-107.5,0.0,0.0,0.0,0.0,0.0,0.0,0.0,0.0,0.0,0.0,70.0,100.0,40.0,45.0,15.0
2018-05-14 00:00:00+00:00,-40.0,50.0,-130.0,-77.5,-167.5,-140.0,-50.0,-230.0,-140.0,-230.0,-122.5,-62.5,-182.5,-160.0,-220.0,-115.0,-25.0,-205.0,-152.5,-242.5,-97.5,-37.5,-157.5,-105.0,-135.0,-80.0,-50.0,-110.0,-105.0,-135.0,-140.0,-50.0,-230.0,-72.5,-132.5,-67.5,-37.5,-97.5,-80.0,-110.0,-55.0,-25.0,-85.0,-30.0,-60.0,0.0,0.0,0.0,0.0,0.0,-130.0,-100.0,-160.0,-130.0,-160.0
2018-05-15 00:00:00+00:00,-57.5,62.5,-177.5,-20.0,-140.0,47.5,137.5,-42.5,-52.5,-142.5,-35.0,25.0,-95.0,-85.0,-145.0,-215.0,-125.0,-305.0,-177.5,-267.5,-215.0,-125.0,-305.0,-177.5,-267.5,-147.5,-87.5,-207.5,-97.5,-157.5,-217.5,-187.5,-247.5,-180.0,-210.0,-217.5,-187.5,-247.5,-180.0,-210.0,-205.0,-175.0,-235.0,-205.0,-235.0,0.0,0.0,0.0,0.0,0.0,-55.0,-25.0,-85.0,-42.5,-72.5
2018-05-16 00:00:00+00:00,-107.5,12.5,-227.5,-195.0,-315.0,52.5,112.5,-7.5,-85.0,-145.0,-147.5,-87.5,-207.5,-185.0,-245.0,-40.0,50.0,-130.0,10.0,-80.0,22.5,112.5,-67.5,72.5,-17.5,-22.5,37.5,-82.5,102.5,42.5,-22.5,37.5,-82.5,40.0,-20.0,-22.5,37.5,-82.5,40.0,-20.0,52.5,112.5,-7.5,152.5,92.5,0.0,0.0,0.0,0.0,0.0,-167.5,-137.5,-197.5,-142.5,-172.5
2018-05-17 00:00:00+00:00,-70.0,50.0,-190.0,-140.0,-230.0,-232.5,-112.5,-352.5,-165.0,-255.0,-145.0,-25.0,-265.0,-52.5,-142.5,-7.5,112.5,-127.5,-7.5,-127.5,42.5,162.5,-77.5,-95.0,-215.0,2.5,62.5,-57.5,-47.5,-107.5,7.5,37.5,-22.5,-17.5,-47.5,7.5,37.5,-22.5,-17.5,-47.5,20.0,50.0,-10.0,7.5,-22.5,0.0,0.0,0.0,0.0,0.0,57.5,87.5,27.5,-5.0,-35.0
2018-05-18 00:00:00+00:00,-157.5,-37.5,-277.5,-82.5,-202.5,-2.5,87.5,-92.5,-40.0,-130.0,-47.5,12.5,-107.5,2.5,-57.5,-102.5,-12.5,-192.5,-177.5,-267.5,-85.0,-25.0,-145.0,-147.5,-207.5,-85.0,-25.0,-145.0,-147.5,-207.5,-117.5,-87.5,-147.5,-155.0,-185.0,-67.5,-37.5,-97.5,-105.0,-135.0,-67.5,-37.5,-97.5,-105.0,-135.0,0.0,0.0,0.0,0.0,0.0,7.5,37.5,-22.5,20.0,-10.0
2018-05-22 00:00:00+00:00,-275.0,-125.0,-425.0,-195.0,-315.0,-152.5,-62.5,-242.5,-215.0,-305.0,-195.0,-75.0,-315.0,-232.5,-352.5,-52.5,37.5,-142.5,-65.0,-155.0,15.0,75.0,-45.0,2.5,-57.5,40.0,100.0,-20.0,77.5,17.5,47.5,137.5,-42.5,-27.5,-117.5,20.0,50.0,-10.0,7.5,-22.5,32.5,62.5,2.5,-30.0,-60.0,0.0,0.0,0.0,0.0,0.0,-17.5,12.5,-47.5,-30.0,-60.0
2018-05-23 00:00:00+00:00,-207.5,-87.5,-327.5,-70.0,-190.0,-295.0,-175.0,-415.0,135.0,45.0,-115.0,-25.0,-205.0,-127.5,-217.5,105.0,225.0,-15.0,167.5,47.5,147.5,237.5,57.5,10.0,-80.0,147.5,237.5,57.5,10.0,-80.0,35.0,125.0,-55.0,97.5,7.5,172.5,262.5,82.5,47.5,-42.5,102.5,162.5,42.5,77.5,17.5,0.0,0.0,0.0,0.0,0.0,-92.5,-62.5,-122.5,7.5,-22.5
2018-05-24 00:00:00+00:00,-485.0,-275.0,-695.0,-260.0,-470.0,-312.5,-162.5,-462.5,-200.0,-350.0,-355.0,-175.0,-535.0,-255.0,-435.0,-150.0,0.0,-300.0,-162.5,-312.5,-95.0,25.0,-215.0,-132.5,-252.5,40.0,100.0,-20.0,-22.5,-82.5,-112.5,37.5,-262.5,-187.5,-337.5,-95.0,25.0,-215.0,-170.0,-290.0,-57.5,62.5,-177.5,-157.5,-277.5,0.0,0.0,0.0,0.0,0.0,-267.5,-237.5,-297.5,-205.0,-235.0
2018-05-25 00:00:00+00:00,-252.5,-162.5,-342.5,-227.5,-317.5,-295.0,-175.0,-415.0,-320.0,-440.0,-282.5,-162.5,-402.5,-295.0,-415.0,-415.0,-325.0,-505.0,-452.5,-542.5,-415.0,-325.0,-505.0,-452.5,-542.5,-377.5,-287.5,-467.5,-477.5,-567.5,-377.5,-287.5,-467.5,-440.0,-530.0,-290.0,-200.0,-380.0,-365.0,-455.0,-190.0,-100.0,-280.0,-277.5,-367.5,0.0,0.0,0.0,0.0,0.0,-517.5,-487.5,-547.5,-542.5,-572.5
2018-05-29 00:00:00+00:00,-45.0,75.0,-165.0,-95.0,-215.0,-262.5,-112.5,-412.5,-357.5,-477.5,-322.5,-262.5,-382.5,-385.0,-445.0,-57.5,62.5,-177.5,-32.5,-152.5,-52.5,37.5,-142.5,60.0,-30.0,-60.0,0.0,-120.0,-72.5,-132.5,15.0,75.0,-45.0,140.0,80.0,115.0,175.0,55.0,265.0,205.0,115.0,175.0,55.0,265.0,205.0,0.0,0.0,0.0,0.0,0.0,207.5,237.5,177.5,157.5,127.5
2018-05-30 00:00:00+00:00,-162.5,-12.5,-312.5,-175.0,-325.0,-32.5,87.5,-152.5,-95.0,-215.0,85.0,175.0,-5.0,-65.0,-155.0,290.0,350.0,230.0,177.5,117.5,195.0,225.0,165.0,145.0,115.0,195.0,225.0,165.0,145.0,115.0,195.0,225.0,165.0,145.0,115.0,0.0,0.0,0.0,0.0,0.0,0.0,0.0,0.0,0.0,0.0,0.0,0.0,0.0,0.0,0.0,270.0,300.0,240.0,232.5,202.5
2018-05-31 00:00:00+00:00,-305.0,-125.0,-485.0,-337.5,-487.5,-240.0,-150.0,-330.0,-327.5,-417.5,-82.5,37.5,-202.5,-290.0,-380.0,-32.5,87.5,-152.5,-20.0,-140.0,-7.5,112.5,-127.5,-20.0,-140.0,-27.5,62.5,-117.5,-65.0,-155.0,-52.5,37.5,-142.5,-2.5,-92.5,-52.5,37.5,-142.5,-2.5,-92.5,-85.0,-25.0,-145.0,-47.5,-107.5,0.0,0.0,0.0,0.0,0.0,-42.5,-12.5,-72.5,7.5,-22.5
2018-06-01 00:00:00+00:00,-235.0,-25.0,-445.0,-122.5,-332.5,-7.5,112.5,-127.5,-27.5,-117.5,5.0,125.0,-115.0,-15.0,-105.0,17.5,137.5,-102.5,-45.0,-165.0,35.0,125.0,-55.0,-27.5,-117.5,-5.0,25.0,-35.0,7.5,-22.5,32.5,62.5,2.5,45.0,15.0,7.5,37.5,-22.5,32.5,2.5,7.5,37.5,-22.5,32.5,2.5,0.0,0.0,0.0,0.0,0.0,195.0,225.0,165.0,195.0,165.0
2018-06-04 00:00:00+00:00,-205.0,-25.0,-385.0,-175.0,-325.0,-157.5,-37.5,-277.5,-220.0,-340.0,-97.5,-37.5,-157.5,27.5,-32.5,-57.5,62.5,-177.5,-82.5,-202.5,10.0,100.0,-80.0,-2.5,-92.5,-10.0,50.0,-70.0,-47.5,-107.5,85.0,175.0,-5.0,-15.0,-105.0,85.0,175.0,-5.0,-27.5,-117.5,40.0,100.0,-20.0,15.0,-45.0,0.0,0.0,0.0,0.0,0.0,-155.0,-125.0,-185.0,-142.5,-172.5
2018-06-05 00:00:00+00:00,-227.5,12.5,-467.5,-40.0,-280.0,-77.5,12.5,-167.5,10.0,-80.0,-10.0,50.0,-70.0,-35.0,-95.0,-52.5,37.5,-142.5,-135.0,-195.0,-22.5,37.5,-82.5,-135.0,-195.0,0.0,0.0,0.0,0.0,0.0,-35.0,25.0,-95.0,-122.5,-182.5,-17.5,12.5,-47.5,-30.0,-60.0,-17.5,12.5,-47.5,-80.0,-110.0,0.0,0.0,0.0,0.0,0.0,-30.0,0.0,-60.0,-30.0,-60.0
2018-06-06 00:00:00+00:00,-192.5,-12.5,-372.5,-187.5,-337.5,-207.5,-87.5,-327.5,-232.5,-352.5,-85.0,-25.0,-145.0,-72.5,-132.5,45.0,225.0,-135.0,20.0,-160.0,-22.5,37.5,-82.5,-35.0,-95.0,-22.5,37.5,-82.5,-35.0,-95.0,10.0,100.0,-80.0,22.5,-67.5,10.0,100.0,-80.0,35.0,-55.0,-5.0,25.0,-35.0,-5.0,-35.0,0.0,0.0,0.0,0.0,0.0,95.0,125.0,65.0,95.0,65.0
2018-06-07 00:00:00+00:00,-70.0,50.0,-190.0,-220.0,-340.0,-102.5,-12.5,-192.5,-102.5,-192.5,-135.0,-75.0,-195.0,-135.0,-195.0,17.5,137.5,-102.5,-20.0,-140.0,17.5,137.5,-102.5,-20.0,-140.0,20.0,50.0,-10.0,-5.0,-35.0,-52.5,37.5,-142.5,60.0,-30.0,-2.5,87.5,-92.5,35.0,-55.0,2.5,62.5,-57.5,27.5,-32.5,0.0,0.0,0.0,0.0,0.0,-30.0,0.0,-60.0,-42.5,-72.5
2018-06-08 00:00:00+00:00,310.0,400.0,220.0,122.5,32.5,-87.5,62.5,-237.5,-200.0,-350.0,292.5,412.5,172.5,42.5,-77.5,167.5,287.5,47.5,130.0,10.0,97.5,187.5,7.5,210.0,120.0,57.5,87.5,27.5,95.0,65.0,42.5,162.5,-77.5,217.5,97.5,57.5,87.5,27.5,57.5,27.5,0.0,0.0,0.0,0.0,0.0,0.0,0.0,0.0,0.0,0.0,370.0,400.0,340.0,282.5,252.5
2018-06-12 00:00:00+00:00,-372.5,-162.5,-582.5,-235.0,-445.0,-245.0,-125.0,-365.0,-232.5,-352.5,-135.0,-75.0,-195.0,-72.5,-132.5,-95.0,25.0,-215.0,-82.5,-202.5,-115.0,-25.0,-205.0,-40.0,-130.0,-65.0,25.0,-155.0,-97.5,-157.5,-77.5,12.5,-167.5,22.5,-67.5,-47.5,12.5,-107.5,-30.0,-60.0,-47.5,12.5,-107.5,-30.0,-60.0,0.0,0.0,0.0,0.0,0.0,57.5,87.5,27.5,20.0,-10.0
2018-06-18 00:00:00+00:00,-367.5,-187.5,-547.5,-300.0,-450.0,-272.5,-212.5,-332.5,-222.5,-282.5,-130.0,-100.0,-160.0,-167.5,-197.5,-202.5,-112.5,-292.5,-115.0,-205.0,-122.5,-62.5,-182.5,2.5,-57.5,-122.5,-62.5,-182.5,2.5,-57.5,-10.0,50.0,-70.0,-22.5,-82.5,-10.0,50.0,-70.0,-22.5,-82.5,15.0,75.0,-45.0,-10.0,-70.0,0.0,0.0,0.0,0.0,0.0,-367.5,-337.5,-397.5,-455.0,-485.0
2018-06-19 00:00:00+00:00,-70.0,50.0,-190.0,-7.5,-127.5,-2.5,87.5,-92.5,-90.0,-180.0,120.0,150.0,90.0,57.5,27.5,-27.5,62.5,-117.5,110.0,20.0,-47.5,12.5,-107.5,90.0,30.0,2.5,62.5,-57.5,32.5,2.5,-135.0,-75.0,-195.0,152.5,92.5,-35.0,25.0,-95.0,190.0,130.0,-17.5,12.5,-47.5,0.0,0.0,0.0,0.0,0.0,0.0,0.0,157.5,187.5,127.5,207.5,177.5
2018-06-20 00:00:00+00:00,-95.0,25.0,-215.0,-195.0,-315.0,-82.5,37.5,-202.5,-170.0,-290.0,-127.5,-37.5,-217.5,-190.0,-280.0,-152.5,-62.5,-242.5,-190.0,-280.0,-172.5,-112.5,-232.5,-160.0,-220.0,-142.5,-112.5,-172.5,-130.0,-160.0,-135.0,-75.0,-195.0,-197.5,-257.5,-110.0,-50.0,-170.0,-147.5,-207.5,-130.0,-100.0,-160.0,-117.5,-147.5,0.0,0.0,0.0,0.0,0.0,-92.5,-62.5,-122.5,-192.5,-222.5
2018-06-21 00:00:00+00:00,80.0,200.0,-40.0,-27.5,-117.5,-95.0,25.0,-215.0,-120.0,-240.0,102.5,162.5,42.5,40.0,-20.0,-345.0,-225.0,-465.0,-65.0,-155.0,-65.0,25.0,-155.0,172.5,82.5,-5.0,25.0,-35.0,195.0,165.0,-190.0,-100.0,-280.0,-65.0,-155.0,-155.0,-125.0,-185.0,-155.0,-185.0,70.0,100.0,40.0,157.5,127.5,0.0,0.0,0.0,0.0,0.0,-42.5,-12.5,-72.5,32.5,2.5
2018-06-22 00:00:00+00:00,-107.5,12.5,-227.5,-182.5,-302.5,-72.5,-12.5,-132.5,-147.5,-207.5,-235.0,-175.0,-295.0,-235.0,-295.0,-90.0,0.0,-180.0,-27.5,-117.5,-72.5,-12.5,-132.5,52.5,-7.5,-10.0,50.0,-70.0,40.0,-20.0,27.5,87.5,-32.5,140.0,80.0,27.5,87.5,-32.5,140.0,80.0,27.5,87.5,-32.5,140.0,80.0,0.0,0.0,0.0,0.0,0.0,-80.0,-50.0,-110.0,-5.0,-35.0
2018-06-25 00:00:00+00:00,-430.0,-250.0,-610.0,-230.0,-410.0,-115.0,-25.0,-205.0,-2.5,-92.5,-147.5,-87.5,-207.5,-185.0,-245.0,10.0,100.0,-80.0,35.0,-55.0,10.0,100.0,-80.0,35.0,-55.0,27.5,87.5,-32.5,-10.0,-70.0,-10.0,50.0,-70.0,52.5,-7.5,-10.0,50.0,-70.0,52.5,-7.5,-10.0,50.0,-70.0,52.5,-7.5,0.0,0.0,0.0,0.0,0.0,107.5,137.5,77.5,132.5,102.5
2018-06-26 00:00:00+00:00,-420.0,-300.0,-540.0,-407.5,-527.5,-147.5,-87.5,-207.5,-247.5,-307.5,-272.5,-212.5,-332.5,-272.5,-332.5,-157.5,-37.5,-277.5,47.5,-42.5,-202.5,-112.5,-292.5,65.0,5.0,-185.0,-125.0,-245.0,45.0,15.0,-122.5,-62.5,-182.5,15.0,-45.0,-122.5,-62.5,-182.5,15.0,-45.0,-117.5,-87.5,-147.5,-92.5,-122.5,0.0,0.0,0.0,0.0,0.0,-255.0,-225.0,-285.0,-255.0,-285.0
2018-06-27 00:00:00+00:00,210.0,300.0,120.0,22.5,-67.5,365.0,425.0,305.0,302.5,242.5,232.5,262.5,202.5,257.5,227.5,637.5,787.5,487.5,350.0,200.0,572.5,662.5,482.5,322.5,232.5,615.0,675.0,555.0,465.0,405.0,747.5,837.5,657.5,622.5,532.5,797.5,887.5,707.5,685.0,595.0,652.5,712.5,592.5,502.5,442.5,0.0,0.0,0.0,0.0,0.0,1070.0,1100.0,1040.0,907.5,877.5
2018-06-28 00:00:00+00:00,-387.5,-237.5,-537.5,-257.5,-377.5,52.5,112.5,-7.5,152.5,92.5,-205.0,-175.0,-235.0,-142.5,-172.5,22.5,112.5,-67.5,-90.0,-180.0,-2.5,87.5,-92.5,-115.0,-205.0,-22.5,37.5,-82.5,-60.0,-120.0,-152.5,-62.5,-242.5,-177.5,-267.5,27.5,87.5,-32.5,-22.5,-82.5,27.5,87.5,-32.5,-22.5,-82.5,0.0,0.0,0.0,0.0,0.0,-255.0,-225.0,-285.0,-205.0,-235.0
2018-06-29 00:00:00+00:00,-375.0,-225.0,-525.0,-632.5,-752.5,-107.5,12.5,-227.5,-252.5,-342.5,-55.0,-25.0,-85.0,-92.5,-122.5,-95.0,25.0,-215.0,167.5,47.5,-215.0,-125.0,-305.0,147.5,57.5,185.0,275.0,95.0,22.5,-67.5,-235.0,-175.0,-295.0,140.0,80.0,-235.0,-175.0,-295.0,140.0,80.0,-210.0,-150.0,-270.0,102.5,42.5,0.0,0.0,0.0,0.0,0.0,-217.5,-187.5,-247.5,-142.5,-172.5
2018-07-02 00:00:00+00:00,-212.5,-62.5,-362.5,-225.0,-375.0,-307.5,-187.5,-427.5,-420.0,-540.0,-302.5,-212.5,-392.5,-127.5,-217.5,-35.0,25.0,-95.0,65.0,5.0,2.5,62.5,-57.5,115.0,55.0,2.5,62.5,-57.5,115.0,55.0,240.0,300.0,180.0,290.0,230.0,240.0,300.0,180.0,290.0,230.0,240.0,300.0,180.0,290.0,230.0,0.0,0.0,0.0,0.0,0.0,-105.0,-75.0,-135.0,-55.0,-85.0
2018-07-03 00:00:00+00:00,-67.5,112.5,-247.5,-67.5,-247.5,-140.0,-50.0,-230.0,-2.5,-92.5,47.5,137.5,-42.5,-27.5,-117.5,2.5,62.5,-57.5,127.5,67.5,90.0,150.0,30.0,165.0,105.0,90.0,150.0,30.0,165.0,105.0,127.5,187.5,67.5,252.5,192.5,70.0,100.0,40.0,82.5,52.5,57.5,87.5,27.5,95.0,65.0,0.0,0.0,0.0,0.0,0.0,220.0,250.0,190.0,307.5,277.5
2018-07-05 00:00:00+00:00,185.0,275.0,95.0,235.0,145.0,377.5,437.5,317.5,390.0,330.0,327.5,387.5,267.5,365.0,305.0,-77.5,12.5,-167.5,-15.0,-105.0,-65.0,25.0,-155.0,-52.5,-142.5,0.0,0.0,0.0,0.0,0.0,-10.0,50.0,-70.0,-10.0,-70.0,-22.5,37.5,-82.5,-10.0,-70.0,0.0,0.0,0.0,0.0,0.0,0.0,0.0,0.0,0.0,0.0,432.5,462.5,402.5,520.0,490.0
2018-07-06 00:00:00+00:00,-362.5,-212.5,-512.5,-200.0,-350.0,-215.0,-125.0,-305.0,-52.5,-142.5,-142.5,-112.5,-172.5,-130.0,-160.0,-175.0,-25.0,-325.0,-375.0,-525.0,-170.0,-50.0,-290.0,-357.5,-477.5,-77.5,12.5,-167.5,-240.0,-330.0,-247.5,-187.5,-307.5,-360.0,-420.0,-247.5,-187.5,-307.5,-360.0,-420.0,-142.5,-112.5,-172.5,-230.0,-260.0,0.0,0.0,0.0,0.0,0.0,-392.5,-362.5,-422.5,-417.5,-447.5
2018-07-09 00:00:00+00:00,-20.0,100.0,-140.0,-107.5,-227.5,-107.5,12.5,-227.5,-95.0,-215.0,-70.0,50.0,-190.0,-57.5,-177.5,-25.0,125.0,-175.0,-57.5,-177.5,-15.0,75.0,-105.0,-35.0,-95.0,0.0,0.0,0.0,0.0,0.0,15.0,75.0,-45.0,-30.0,-60.0,32.5,62.5,2.5,-30.0,-60.0,32.5,62.5,2.5,-30.0,-60.0,0.0,0.0,0.0,0.0,0.0,95.0,125.0,65.0,45.0,15.0
2018-07-10 00:00:00+00:00,25.0,175.0,-125.0,-112.5,-262.5,-35.0,25.0,-95.0,-72.5,-132.5,-32.5,87.5,-152.5,-107.5,-227.5,52.5,112.5,-7.5,102.5,42.5,57.5,87.5,27.5,95.0,65.0,57.5,87.5,27.5,95.0,65.0,40.0,100.0,-20.0,102.5,42.5,40.0,100.0,-20.0,102.5,42.5,57.5,87.5,27.5,95.0,65.0,0.0,0.0,0.0,0.0,0.0,157.5,187.5,127.5,132.5,102.5
2018-07-11 00:00:00+00:00,-117.5,62.5,-297.5,-67.5,-247.5,115.0,175.0,55.0,65.0,5.0,-202.5,-112.5,-292.5,-115.0,-205.0,-40.0,50.0,-130.0,-60.0,-120.0,-22.5,37.5,-82.5,32.5,2.5,-22.5,37.5,-82.5,32.5,2.5,-22.5,37.5,-82.5,45.0,15.0,-10.0,50.0,-70.0,-5.0,-35.0,7.5,37.5,-22.5,-5.0,-35.0,0.0,0.0,0.0,0.0,0.0,32.5,62.5,2.5,95.0,65.0
2018-07-12 00:00:00+00:00,-170.0,-50.0,-290.0,-157.5,-277.5,-10.0,50.0,-70.0,-22.5,-82.5,-60.0,0.0,-120.0,-10.0,-70.0,130.0,250.0,10.0,42.5,-77.5,155.0,275.0,35.0,30.0,-90.0,107.5,137.5,77.5,-5.0,-35.0,152.5,212.5,92.5,52.5,-7.5,152.5,212.5,92.5,52.5,-7.5,152.5,212.5,92.5,52.5,-7.5,0.0,0.0,0.0,0.0,0.0,207.5,237.5,177.5,120.0,90.0
2018-07-13 00:00:00+00:00,-135.0,-75.0,-195.0,-60.0,-120.0,-172.5,-112.5,-232.5,-185.0,-245.0,-130.0,-100.0,-160.0,-80.0,-110.0,-77.5,12.5,-167.5,-65.0,-155.0,-77.5,12.5,-167.5,-65.0,-155.0,-172.5,-112.5,-232.5,-135.0,-195.0,-40.0,50.0,-130.0,-65.0,-155.0,-142.5,-112.5,-172.5,-142.5,-172.5,-142.5,-112.5,-172.5,-142.5,-172.5,0.0,0.0,0.0,0.0,0.0,-92.5,-62.5,-122.5,-55.0,-85.0
2018-07-16 00:00:00+00:00,-305.0,-125.0,-485.0,-405.0,-585.0,-265.0,-175.0,-355.0,-277.5,-367.5,-30.0,0.0,-60.0,-30.0,-60.0,-325.0,-175.0,-475.0,-137.5,-287.5,-207.5,-87.5,-327.5,-95.0,-215.0,-132.5,-12.5,-252.5,-82.5,-202.5,-97.5,-37.5,-157.5,-122.5,-182.5,-97.5,-37.5,-157.5,-122.5,-182.5,-97.5,-37.5,-157.5,-147.5,-207.5,0.0,0.0,0.0,0.0,0.0,-242.5,-212.5,-272.5,-230.0,-260.0
2018-07-17 00:00:00+00:00,-90.0,0.0,-180.0,-152.5,-242.5,-107.5,12.5,-227.5,-82.5,-202.5,-57.5,62.5,-177.5,-32.5,-152.5,-252.5,-162.5,-342.5,-127.5,-217.5,-252.5,-162.5,-342.5,-127.5,-217.5,-155.0,-125.0,-185.0,-80.0,-110.0,-222.5,-162.5,-282.5,-172.5,-232.5,-192.5,-162.5,-222.5,-155.0,-185.0,-192.5,-162.5,-222.5,-105.0,-135.0,0.0,0.0,0.0,0.0,0.0,-80.0,-50.0,-110.0,-117.5,-147.5
2018-07-18 00:00:00+00:00,-107.5,12.5,-227.5,-132.5,-252.5,-157.5,-37.5,-277.5,-132.5,-252.5,-42.5,-12.5,-72.5,-42.5,-72.5,-170.0,-50.0,-290.0,-77.5,-167.5,-145.0,-25.0,-265.0,-77.5,-167.5,-72.5,-12.5,-132.5,-55.0,-85.0,-122.5,-62.5,-182.5,-80.0,-110.0,-110.0,-50.0,-170.0,-80.0,-110.0,-55.0,-25.0,-85.0,-30.0,-60.0,0.0,0.0,0.0,0.0,0.0,-80.0,-50.0,-110.0,-117.5,-147.5
2018-07-19 00:00:00+00:00,-170.0,-50.0,-290.0,-220.0,-340.0,-115.0,-25.0,-205.0,-140.0,-230.0,-195.0,-75.0,-315.0,-240.0,-330.0,-70.0,50.0,-190.0,-232.5,-352.5,-140.0,-50.0,-230.0,-190.0,-280.0,45.0,75.0,15.0,-30.0,-60.0,-117.5,-87.5,-147.5,-117.5,-147.5,-117.5,-87.5,-147.5,-117.5,-147.5,-105.0,-75.0,-135.0,-105.0,-135.0,0.0,0.0,0.0,0.0,0.0,-242.5,-212.5,-272.5,-255.0,-285.0
2018-07-20 00:00:00+00:00,17.5,137.5,-102.5,-95.0,-215.0,-315.0,-225.0,-405.0,-327.5,-417.5,-65.0,25.0,-155.0,-290.0,-380.0,-27.5,62.5,-117.5,85.0,-5.0,-27.5,62.5,-117.5,85.0,-5.0,-85.0,-25.0,-145.0,2.5,-57.5,10.0,100.0,-80.0,85.0,-5.0,10.0,100.0,-80.0,85.0,-5.0,10.0,100.0,-80.0,85.0,-5.0,0.0,0.0,0.0,0.0,0.0,-117.5,-87.5,-147.5,-142.5,-172.5
2018-07-23 00:00:00+00:00,-102.5,-12.5,-192.5,-15.0,-105.0,-20.0,100.0,-140.0,-45.0,-165.0,-127.5,-37.5,-217.5,-152.5,-242.5,-107.5,12.5,-227.5,-220.0,-340.0,-132.5,-12.5,-252.5,-220.0,-340.0,2.5,62.5,-57.5,-47.5,-107.5,-80.0,-50.0,-110.0,-42.5,-72.5,-80.0,-50.0,-110.0,-42.5,-72.5,-55.0,-25.0,-85.0,-55.0,-85.0,0.0,0.0,0.0,0.0,0.0,7.5,37.5,-22.5,20.0,-10.0
2018-07-24 00:00:00+00:00,-225.0,-75.0,-375.0,-112.5,-262.5,-115.0,-25.0,-205.0,-177.5,-267.5,-17.5,12.5,-47.5,-42.5,-72.5,-32.5,87.5,-152.5,-7.5,-127.5,10.0,100.0,-80.0,35.0,-55.0,-17.5,12.5,-47.5,7.5,-22.5,15.0,75.0,-45.0,27.5,-32.5,7.5,37.5,-22.5,32.5,2.5,20.0,50.0,-10.0,32.5,2.5,0.0,0.0,0.0,0.0,0.0,32.5,62.5,2.5,32.5,2.5
2018-07-25 00:00:00+00:00,-57.5,62.5,-177.5,-120.0,-240.0,-145.0,-25.0,-265.0,-145.0,-265.0,-90.0,0.0,-180.0,-115.0,-205.0,-235.0,-175.0,-295.0,-197.5,-257.5,-230.0,-200.0,-260.0,-180.0,-210.0,-205.0,-175.0,-235.0,-180.0,-210.0,-210.0,-150.0,-270.0,-185.0,-245.0,-172.5,-112.5,-232.5,-160.0,-220.0,-167.5,-137.5,-197.5,-155.0,-185.0,0.0,0.0,0.0,0.0,0.0,-180.0,-150.0,-210.0,-130.0,-160.0
2018-07-26 00:00:00+00:00,-87.5,62.5,-237.5,-200.0,-350.0,-10.0,50.0,-70.0,-22.5,-82.5,-102.5,-12.5,-192.5,-152.5,-242.5,-77.5,12.5,-167.5,10.0,-80.0,-65.0,25.0,-155.0,-2.5,-92.5,-67.5,-37.5,-97.5,-30.0,-60.0,-22.5,37.5,-82.5,40.0,-20.0,-22.5,37.5,-82.5,40.0,-20.0,15.0,75.0,-45.0,52.5,-7.5,0.0,0.0,0.0,0.0,0.0,7.5,37.5,-22.5,20.0,-10.0
2018-07-27 00:00:00+00:00,47.5,137.5,-42.5,-40.0,-130.0,-222.5,-162.5,-282.5,-210.0,-270.0,-157.5,-37.5,-277.5,-245.0,-365.0,-90.0,0.0,-180.0,47.5,-42.5,-102.5,-12.5,-192.5,60.0,-30.0,-77.5,12.5,-167.5,72.5,-17.5,22.5,112.5,-67.5,147.5,57.5,72.5,162.5,-17.5,147.5,57.5,72.5,162.5,-17.5,147.5,57.5,0.0,0.0,0.0,0.0,0.0,-30.0,0.0,-60.0,-17.5,-47.5
2018-07-31 00:00:00+00:00,10.0,100.0,-80.0,22.5,-67.5,52.5,112.5,-7.5,52.5,-7.5,-27.5,62.5,-117.5,-2.5,-92.5,-40.0,50.0,-130.0,-40.0,-130.0,-15.0,75.0,-105.0,-52.5,-142.5,2.5,62.5,-57.5,-35.0,-95.0,-5.0,25.0,-35.0,20.0,-10.0,-5.0,25.0,-35.0,20.0,-10.0,20.0,50.0,-10.0,7.5,-22.5,0.0,0.0,0.0,0.0,0.0,95.0,125.0,65.0,145.0,115.0
2018-08-01 00:00:00+00:00,17.5,137.5,-102.5,-157.5,-277.5,-127.5,-37.5,-217.5,-40.0,-130.0,-122.5,-62.5,-182.5,-85.0,-145.0,-140.0,-50.0,-230.0,-127.5,-217.5,-160.0,-100.0,-220.0,-135.0,-195.0,-60.0,0.0,-120.0,-72.5,-132.5,-135.0,-75.0,-195.0,-47.5,-107.5,-97.5,-37.5,-157.5,-10.0,-70.0,-17.5,12.5,-47.5,20.0,-10.0,0.0,0.0,0.0,0.0,0.0,7.5,37.5,-22.5,20.0,-10.0
2018-08-02 00:00:00+00:00,-157.5,-37.5,-277.5,-157.5,-277.5,2.5,62.5,-57.5,-135.0,-195.0,-72.5,-12.5,-132.5,-47.5,-107.5,-235.0,-175.0,-295.0,-197.5,-257.5,-235.0,-175.0,-295.0,-197.5,-257.5,-185.0,-125.0,-245.0,-97.5,-157.5,-135.0,-75.0,-195.0,-110.0,-170.0,-135.0,-75.0,-195.0,-110.0,-170.0,-160.0,-100.0,-220.0,-185.0,-245.0,0.0,0.0,0.0,0.0,0.0,-155.0,-125.0,-185.0,-142.5,-172.5
2018-08-03 00:00:00+00:00,137.5,287.5,-12.5,62.5,-87.5,277.5,337.5,217.5,202.5,142.5,315.0,375.0,255.0,265.0,205.0,-40.0,50.0,-130.0,-65.0,-155.0,-10.0,50.0,-70.0,-22.5,-82.5,-17.5,12.5,-47.5,-42.5,-72.5,-27.5,62.5,-117.5,-27.5,-117.5,-17.5,12.5,-47.5,-42.5,-72.5,0.0,0.0,0.0,0.0,0.0,0.0,0.0,0.0,0.0,0.0,382.5,412.5,352.5,357.5,327.5
2018-08-06 00:00:00+00:00,202.5,262.5,142.5,190.0,130.0,207.5,237.5,177.5,207.5,177.5,220.0,250.0,190.0,82.5,52.5,-10.0,50.0,-70.0,-22.5,-82.5,-10.0,50.0,-70.0,-22.5,-82.5,-30.0,0.0,-60.0,-67.5,-97.5,-10.0,50.0,-70.0,-35.0,-95.0,45.0,75.0,15.0,57.5,27.5,45.0,75.0,15.0,57.5,27.5,0.0,0.0,0.0,0.0,0.0,257.5,287.5,227.5,257.5,227.5
2018-08-07 00:00:00+00:00,-225.0,-75.0,-375.0,-157.5,-277.5,-175.0,-25.0,-325.0,-125.0,-275.0,-182.5,-62.5,-302.5,-182.5,-302.5,-65.0,25.0,-155.0,-90.0,-180.0,-65.0,25.0,-155.0,-90.0,-180.0,-22.5,37.5,-82.5,-35.0,-95.0,-85.0,-25.0,-145.0,-72.5,-132.5,-35.0,25.0,-95.0,-35.0,-95.0,-35.0,25.0,-95.0,-35.0,-95.0,0.0,0.0,0.0,0.0,0.0,-92.5,-62.5,-122.5,-92.5,-122.5
2018-08-08 00:00:00+00:00,-137.5,12.5,-287.5,-75.0,-225.0,-132.5,-12.5,-252.5,-107.5,-227.5,-90.0,0.0,-180.0,-77.5,-167.5,-35.0,25.0,-95.0,-35.0,-95.0,-35.0,25.0,-95.0,-35.0,-95.0,-5.0,25.0,-35.0,-5.0,-35.0,-5.0,25.0,-35.0,7.5,-22.5,-5.0,25.0,-35.0,7.5,-22.5,7.5,37.5,-22.5,7.5,-22.5,0.0,0.0,0.0,0.0,0.0,7.5,37.5,-22.5,-17.5,-47.5
2018-08-10 00:00:00+00:00,47.5,137.5,-42.5,77.5,17.5,-132.5,-12.5,-252.5,-227.5,-317.5,-10.0,50.0,-70.0,-85.0,-145.0,-165.0,-75.0,-255.0,-177.5,-267.5,-85.0,-25.0,-145.0,-47.5,-107.5,-55.0,-25.0,-85.0,-30.0,-60.0,65.0,125.0,5.0,40.0,-20.0,45.0,75.0,15.0,95.0,65.0,82.5,112.5,52.5,157.5,127.5,0.0,0.0,0.0,0.0,0.0,32.5,62.5,2.5,-30.0,-60.0
2018-08-13 00:00:00+00:00,-225.0,-75.0,-375.0,-225.0,-375.0,-347.5,-137.5,-557.5,-205.0,-385.0,-265.0,-175.0,-355.0,-140.0,-230.0,42.5,162.5,-77.5,-7.5,-127.5,2.5,62.5,-57.5,-10.0,-70.0,0.0,0.0,0.0,0.0,0.0,-5.0,25.0,-35.0,-5.0,-35.0,45.0,75.0,15.0,32.5,2.5,57.5,87.5,27.5,20.0,-10.0,0.0,0.0,0.0,0.0,0.0,57.5,87.5,27.5,207.5,177.5
2018-08-14 00:00:00+00:00,-187.5,-37.5,-337.5,-57.5,-177.5,-185.0,-125.0,-245.0,-35.0,-95.0,-295.0,-175.0,-415.0,-132.5,-252.5,-32.5,87.5,-152.5,-70.0,-190.0,-15.0,75.0,-105.0,22.5,-67.5,-35.0,25.0,-95.0,-22.5,-82.5,47.5,137.5,-42.5,-15.0,-105.0,35.0,125.0,-55.0,47.5,-42.5,-35.0,25.0,-95.0,-10.0,-70.0,0.0,0.0,0.0,0.0,0.0,32.5,62.5,2.5,20.0,-10.0
2018-08-15 00:00:00+00:00,-135.0,-75.0,-195.0,-135.0,-195.0,-67.5,-37.5,-97.5,-17.5,-47.5,0.0,0.0,0.0,0.0,0.0,-652.5,-562.5,-742.5,-547.5,-607.5,-602.5,-512.5,-692.5,-497.5,-557.5,-460.0,-400.0,-520.0,-497.5,-557.5,-730.0,-700.0,-760.0,-705.0,-735.0,-680.0,-650.0,-710.0,-655.0,-685.0,-680.0,-650.0,-710.0,-655.0,-685.0,0.0,0.0,0.0,0.0,0.0,-730.0,-700.0,-760.0,-705.0,-735.0
2018-08-16 00:00:00+00:00,-20.0,100.0,-140.0,-107.5,-227.5,85.0,175.0,-5.0,35.0,-55.0,102.5,162.5,42.5,-35.0,-95.0,-40.0,50.0,-130.0,10.0,-80.0,-10.0,50.0,-70.0,57.5,27.5,0.0,0.0,0.0,0.0,0.0,0.0,0.0,0.0,0.0,0.0,0.0,0.0,0.0,0.0,0.0,0.0,0.0,0.0,0.0,0.0,0.0,0.0,0.0,0.0,0.0,132.5,162.5,102.5,145.0,115.0
2018-08-17 00:00:00+00:00,40.0,100.0,-20.0,-10.0,-70.0,-10.0,50.0,-70.0,-135.0,-195.0,-47.5,12.5,-107.5,-72.5,-132.5,-290.0,-200.0,-380.0,-290.0,-380.0,-285.0,-225.0,-345.0,-285.0,-345.0,-230.0,-200.0,-260.0,-267.5,-297.5,-305.0,-275.0,-335.0,-192.5,-222.5,-305.0,-275.0,-335.0,-192.5,-222.5,-267.5,-237.5,-297.5,-217.5,-247.5,0.0,0.0,0.0,0.0,0.0,-230.0,-200.0,-260.0,-192.5,-222.5
2018-08-20 00:00:00+00:00,-145.0,-25.0,-265.0,-232.5,-352.5,-215.0,-125.0,-305.0,-240.0,-330.0,-277.5,-187.5,-367.5,-327.5,-417.5,-250.0,-100.0,-400.0,-20.0,-140.0,-95.0,25.0,-215.0,-32.5,-152.5,-22.5,37.5,-82.5,27.5,-32.5,-22.5,37.5,-82.5,2.5,-57.5,-22.5,37.5,-82.5,2.5,-57.5,-35.0,25.0,-95.0,-10.0,-70.0,0.0,0.0,0.0,0.0,0.0,-180.0,-150.0,-210.0,-142.5,-172.5
2018-08-21 00:00:00+00:00,-187.5,-37.5,-337.5,-150.0,-300.0,-70.0,50.0,-190.0,55.0,-65.0,40.0,100.0,-20.0,-10.0,-70.0,40.0,100.0,-20.0,-10.0,-70.0,40.0,100.0,-20.0,-10.0,-70.0,-30.0,0.0,-60.0,-42.5,-72.5,-42.5,-12.5,-72.5,-55.0,-85.0,-42.5,-12.5,-72.5,-55.0,-85.0,-30.0,0.0,-60.0,-30.0,-60.0,0.0,0.0,0.0,0.0,0.0,82.5,112.5,52.5,82.5,52.5
2018-08-22 00:00:00+00:00,-57.5,62.5,-177.5,-182.5,-302.5,-157.5,-37.5,-277.5,-157.5,-277.5,-35.0,25.0,-95.0,-85.0,-145.0,5.0,125.0,-115.0,-32.5,-152.5,-27.5,62.5,-117.5,-52.5,-142.5,0.0,0.0,0.0,0.0,0.0,-47.5,12.5,-107.5,20.0,-10.0,0.0,0.0,0.0,0.0,0.0,0.0,0.0,0.0,0.0,0.0,0.0,0.0,0.0,0.0,0.0,20.0,50.0,-10.0,7.5,-22.5
2018-08-23 00:00:00+00:00,-175.0,-25.0,-325.0,-237.5,-387.5,-190.0,-100.0,-280.0,-265.0,-355.0,-147.5,-87.5,-207.5,-260.0,-320.0,-157.5,-37.5,-277.5,-95.0,-215.0,-107.5,12.5,-227.5,5.0,-115.0,-2.5,87.5,-92.5,85.0,-5.0,10.0,100.0,-80.0,60.0,-30.0,10.0,100.0,-80.0,60.0,-30.0,35.0,125.0,-55.0,60.0,-30.0,0.0,0.0,0.0,0.0,0.0,-142.5,-112.5,-172.5,-130.0,-160.0
2018-08-24 00:00:00+00:00,-255.0,-75.0,-435.0,-130.0,-310.0,-157.5,-37.5,-277.5,-95.0,-215.0,-140.0,-50.0,-230.0,-102.5,-192.5,27.5,87.5,-32.5,-47.5,-107.5,15.0,75.0,-45.0,-35.0,-95.0,0.0,0.0,0.0,0.0,0.0,27.5,87.5,-32.5,-47.5,-107.5,27.5,87.5,-32.5,-47.5,-107.5,20.0,50.0,-10.0,-17.5,-47.5,0.0,0.0,0.0,0.0,0.0,20.0,50.0,-10.0,7.5,-22.5
2018-08-27 00:00:00+00:00,-132.5,-12.5,-252.5,-107.5,-227.5,-132.5,-12.5,-252.5,-95.0,-215.0,-115.0,-25.0,-205.0,-90.0,-180.0,-90.0,0.0,-180.0,-102.5,-192.5,-72.5,-12.5,-132.5,-72.5,-132.5,-17.5,12.5,-47.5,-17.5,-47.5,-42.5,-12.5,-72.5,-30.0,-60.0,-30.0,0.0,-60.0,-30.0,-60.0,-30.0,0.0,-60.0,-30.0,-60.0,0.0,0.0,0.0,0.0,0.0,-17.5,12.5,-47.5,-5.0,-35.0
2018-08-28 00:00:00+00:00,-125.0,25.0,-275.0,-37.5,-187.5,-95.0,25.0,-215.0,-45.0,-165.0,-27.5,62.5,-117.5,10.0,-80.0,30.0,150.0,-90.0,-82.5,-202.5,30.0,150.0,-90.0,-82.5,-202.5,-10.0,50.0,-70.0,-72.5,-132.5,17.5,137.5,-102.5,-82.5,-202.5,17.5,137.5,-102.5,-82.5,-202.5,45.0,75.0,15.0,7.5,-22.5,0.0,0.0,0.0,0.0,0.0,170.0,200.0,140.0,145.0,115.0
2018-08-29 00:00:00+00:00,-65.0,25.0,-155.0,-202.5,-292.5,-195.0,-75.0,-315.0,-157.5,-277.5,-102.5,-12.5,-192.5,-90.0,-180.0,-112.5,37.5,-262.5,-75.0,-225.0,-125.0,25.0,-275.0,-75.0,-225.0,-5.0,25.0,-35.0,32.5,2.5,-40.0,50.0,-130.0,-40.0,-130.0,-27.5,62.5,-117.5,-15.0,-105.0,22.5,112.5,-67.5,10.0,-80.0,0.0,0.0,0.0,0.0,0.0,7.5,37.5,-22.5,-30.0,-60.0
2018-08-30 00:00:00+00:00,-145.0,-25.0,-265.0,-170.0,-290.0,-165.0,-75.0,-255.0,-215.0,-305.0,-185.0,-125.0,-245.0,-147.5,-207.5,80.0,200.0,-40.0,80.0,-40.0,97.5,187.5,7.5,185.0,95.0,57.5,87.5,27.5,120.0,90.0,27.5,87.5,-32.5,77.5,17.5,57.5,87.5,27.5,120.0,90.0,57.5,87.5,27.5,120.0,90.0,0.0,0.0,0.0,0.0,0.0,7.5,37.5,-22.5,20.0,-10.0
2018-08-31 00:00:00+00:00,-170.0,-50.0,-290.0,-207.5,-327.5,-60.0,0.0,-120.0,-185.0,-245.0,-235.0,-175.0,-295.0,-222.5,-282.5,-252.5,-162.5,-342.5,-202.5,-292.5,-197.5,-137.5,-257.5,-222.5,-282.5,-197.5,-137.5,-257.5,-222.5,-282.5,-160.0,-100.0,-220.0,-197.5,-257.5,-160.0,-100.0,-220.0,-197.5,-257.5,-135.0,-75.0,-195.0,-80.0,-110.0,0.0,0.0,0.0,0.0,0.0,-230.0,-200.0,-260.0,-280.0,-310.0
2018-09-04 00:00:00+00:00,-227.5,-137.5,-317.5,-290.0,-380.0,-72.5,-12.5,-132.5,-97.5,-157.5,-135.0,-75.0,-195.0,-135.0,-195.0,-327.5,-237.5,-417.5,-527.5,-617.5,-327.5,-237.5,-417.5,-527.5,-617.5,-327.5,-237.5,-417.5,-527.5,-617.5,-447.5,-387.5,-507.5,-522.5,-582.5,-347.5,-287.5,-407.5,-460.0,-520.0,-297.5,-237.5,-357.5,-385.0,-445.0,0.0,0.0,0.0,0.0,0.0,-517.5,-487.5,-547.5,-530.0,-560.0
2018-09-05 00:00:00+00:00,-172.5,37.5,-382.5,-85.0,-295.0,-120.0,0.0,-240.0,-120.0,-240.0,-57.5,62.5,-177.5,-182.5,-302.5,35.0,125.0,-55.0,10.0,-80.0,97.5,187.5,7.5,60.0,-30.0,45.0,75.0,15.0,57.5,27.5,102.5,162.5,42.5,77.5,17.5,102.5,162.5,42.5,77.5,17.5,45.0,75.0,15.0,32.5,2.5,0.0,0.0,0.0,0.0,0.0,132.5,162.5,102.5,70.0,40.0
2018-09-06 00:00:00+00:00,-237.5,-87.5,-387.5,-50.0,-200.0,-140.0,-50.0,-230.0,-135.0,-195.0,-117.5,-87.5,-147.5,-92.5,-122.5,-87.5,62.5,-237.5,-250.0,-400.0,-120.0,0.0,-240.0,-207.5,-327.5,-60.0,0.0,-120.0,-60.0,-120.0,-130.0,-100.0,-160.0,-155.0,-185.0,-105.0,-75.0,-135.0,-155.0,-185.0,-105.0,-75.0,-135.0,-155.0,-185.0,0.0,0.0,0.0,0.0,0.0,-142.5,-112.5,-172.5,-67.5,-97.5
2018-09-07 00:00:00+00:00,-195.0,-75.0,-315.0,-232.5,-352.5,-152.5,-62.5,-242.5,-190.0,-280.0,-160.0,-100.0,-220.0,-247.5,-307.5,-82.5,37.5,-202.5,-95.0,-215.0,-47.5,12.5,-107.5,-35.0,-95.0,0.0,0.0,0.0,0.0,0.0,27.5,87.5,-32.5,65.0,5.0,140.0,200.0,80.0,190.0,130.0,140.0,200.0,80.0,190.0,130.0,0.0,0.0,0.0,0.0,0.0,7.5,37.5,-22.5,-30.0,-60.0
2018-09-10 00:00:00+00:00,-272.5,-62.5,-482.5,-322.5,-532.5,-230.0,-50.0,-410.0,-267.5,-447.5,-270.0,-150.0,-390.0,-282.5,-402.5,-42.5,-12.5,-72.5,57.5,27.5,-17.5,12.5,-47.5,7.5,-22.5,-17.5,12.5,-47.5,7.5,-22.5,20.0,50.0,-10.0,-17.5,-47.5,20.0,50.0,-10.0,-17.5,-47.5,0.0,0.0,0.0,0.0,0.0,0.0,0.0,0.0,0.0,0.0,-42.5,-12.5,-72.5,-17.5,-47.5
2018-09-11 00:00:00+00:00,-170.0,-50.0,-290.0,-232.5,-352.5,-135.0,-75.0,-195.0,-197.5,-257.5,-172.5,-112.5,-232.5,-122.5,-182.5,-292.5,-112.5,-472.5,-242.5,-422.5,-87.5,62.5,-237.5,-150.0,-300.0,-87.5,62.5,-237.5,-150.0,-300.0,-190.0,-100.0,-280.0,-77.5,-167.5,-190.0,-100.0,-280.0,-77.5,-167.5,-22.5,37.5,-82.5,2.5,-57.5,0.0,0.0,0.0,0.0,0.0,-255.0,-225.0,-285.0,-130.0,-160.0
2018-09-12 00:00:00+00:00,-207.5,-87.5,-327.5,-232.5,-352.5,-350.0,-200.0,-500.0,-237.5,-387.5,-290.0,-200.0,-380.0,-215.0,-305.0,-162.5,-12.5,-312.5,-175.0,-325.0,-170.0,-50.0,-290.0,-157.5,-277.5,-122.5,-62.5,-182.5,-135.0,-195.0,-245.0,-125.0,-365.0,-245.0,-365.0,-235.0,-175.0,-295.0,-222.5,-282.5,-235.0,-175.0,-295.0,-222.5,-282.5,0.0,0.0,0.0,0.0,0.0,-330.0,-300.0,-360.0,-255.0,-285.0
2018-09-13 00:00:00+00:00,100.0,250.0,-50.0,-37.5,-187.5,152.5,212.5,92.5,90.0,30.0,-7.5,112.5,-127.5,67.5,-52.5,-60.0,0.0,-120.0,-47.5,-107.5,-67.5,-37.5,-97.5,-5.0,-35.0,7.5,37.5,-22.5,-5.0,-35.0,45.0,75.0,15.0,20.0,-10.0,45.0,75.0,15.0,20.0,-10.0,45.0,75.0,15.0,20.0,-10.0,0.0,0.0,0.0,0.0,0.0,182.5,212.5,152.5,170.0,140.0
2018-09-24 00:00:00+00:00,-250.0,-100.0,-400.0,-350.0,-500.0,-147.5,-87.5,-207.5,-197.5,-257.5,-140.0,-50.0,-230.0,-190.0,-280.0,62.5,212.5,-87.5,112.5,-37.5,87.5,237.5,-62.5,67.5,-52.5,85.0,175.0,-5.0,77.5,17.5,42.5,162.5,-77.5,117.5,-2.5,40.0,100.0,-20.0,82.5,52.5,77.5,137.5,17.5,70.0,40.0,0.0,0.0,0.0,0.0,0.0,-30.0,0.0,-60.0,-67.5,-97.5
2018-09-25 00:00:00+00:00,135.0,225.0,45.0,35.0,-55.0,-20.0,100.0,-140.0,30.0,-90.0,220.0,250.0,190.0,207.5,177.5,67.5,187.5,-52.5,30.0,-90.0,10.0,100.0,-80.0,-65.0,-155.0,7.5,37.5,-22.5,-30.0,-60.0,0.0,0.0,0.0,0.0,0.0,0.0,0.0,0.0,0.0,0.0,0.0,0.0,0.0,0.0,0.0,0.0,0.0,0.0,0.0,0.0,245.0,275.0,215.0,182.5,152.5
2018-09-26 00:00:00+00:00,-242.5,-62.5,-422.5,-267.5,-447.5,-262.5,-112.5,-412.5,-237.5,-387.5,-262.5,-112.5,-412.5,-225.0,-375.0,-92.5,87.5,-272.5,-105.0,-285.0,-52.5,37.5,-142.5,-27.5,-117.5,-47.5,12.5,-107.5,-35.0,-95.0,-55.0,125.0,-235.0,-117.5,-297.5,-35.0,25.0,-95.0,-47.5,-107.5,-17.5,12.5,-47.5,-5.0,-35.0,0.0,0.0,0.0,0.0,0.0,-117.5,-87.5,-147.5,-130.0,-160.0
2018-09-27 00:00:00+00:00,-112.5,37.5,-262.5,-120.0,-240.0,-10.0,50.0,-70.0,-35.0,-95.0,110.0,200.0,20.0,115.0,55.0,42.5,162.5,-77.5,142.5,22.5,72.5,162.5,-17.5,85.0,-5.0,77.5,137.5,17.5,152.5,92.5,102.5,162.5,42.5,152.5,92.5,95.0,125.0,65.0,132.5,102.5,0.0,0.0,0.0,0.0,0.0,0.0,0.0,0.0,0.0,0.0,220.0,250.0,190.0,220.0,190.0
2018-09-28 00:00:00+00:00,-127.5,-37.5,-217.5,-85.0,-145.0,-235.0,-175.0,-295.0,-147.5,-207.5,-135.0,-75.0,-195.0,-97.5,-157.5,-597.5,-537.5,-657.5,-510.0,-570.0,-560.0,-500.0,-620.0,-447.5,-507.5,-522.5,-462.5,-582.5,-497.5,-557.5,-460.0,-400.0,-520.0,-372.5,-432.5,-422.5,-362.5,-482.5,-360.0,-420.0,-385.0,-325.0,-445.0,-410.0,-470.0,0.0,0.0,0.0,0.0,0.0,-642.5,-612.5,-672.5,-505.0,-535.0
2018-10-01 00:00:00+00:00,-380.0,-200.0,-560.0,-317.5,-497.5,-307.5,-187.5,-427.5,-395.0,-515.0,-350.0,-200.0,-500.0,-362.5,-512.5,-25.0,125.0,-175.0,-187.5,-337.5,30.0,150.0,-90.0,-57.5,-177.5,2.5,62.5,-57.5,-22.5,-82.5,72.5,162.5,-17.5,47.5,-42.5,60.0,150.0,-30.0,35.0,-55.0,90.0,150.0,30.0,40.0,-20.0,0.0,0.0,0.0,0.0,0.0,-192.5,-162.5,-222.5,-155.0,-185.0
2018-10-02 00:00:00+00:00,47.5,137.5,-42.5,-177.5,-267.5,-102.5,-12.5,-192.5,60.0,-30.0,207.5,237.5,177.5,170.0,140.0,155.0,275.0,35.0,110.0,20.0,167.5,287.5,47.5,22.5,-67.5,45.0,75.0,15.0,0.0,0.0,97.5,187.5,7.5,-35.0,-95.0,90.0,150.0,30.0,-35.0,-95.0,45.0,75.0,15.0,-92.5,-122.5,0.0,0.0,0.0,0.0,0.0,295.0,325.0,265.0,295.0,265.0
2018-10-03 00:00:00+00:00,92.5,212.5,-27.5,-45.0,-165.0,5.0,125.0,-115.0,-45.0,-165.0,-72.5,-12.5,-132.5,-47.5,-107.5,-127.5,-37.5,-217.5,10.0,-80.0,-127.5,-37.5,-217.5,10.0,-80.0,-35.0,25.0,-95.0,15.0,-45.0,2.5,62.5,-57.5,2.5,-57.5,2.5,62.5,-57.5,2.5,-57.5,-5.0,25.0,-35.0,-5.0,-35.0,0.0,0.0,0.0,0.0,0.0,70.0,100.0,40.0,95.0,65.0
2018-10-04 00:00:00+00:00,-17.5,162.5,-197.5,-167.5,-347.5,142.5,262.5,22.5,92.5,-27.5,57.5,87.5,27.5,120.0,90.0,-32.5,87.5,-152.5,85.0,-5.0,-130.0,-100.0,-160.0,0.0,0.0,-130.0,-100.0,-160.0,0.0,0.0,70.0,100.0,40.0,82.5,52.5,0.0,0.0,0.0,0.0,0.0,0.0,0.0,0.0,0.0,0.0,0.0,0.0,0.0,0.0,0.0,220.0,250.0,190.0,257.5,227.5
2018-10-05 00:00:00+00:00,87.5,237.5,-62.5,37.5,-112.5,127.5,187.5,67.5,115.0,55.0,170.0,200.0,140.0,170.0,140.0,-42.5,-12.5,-72.5,-55.0,-85.0,-42.5,-12.5,-72.5,-55.0,-85.0,-42.5,-12.5,-72.5,-55.0,-85.0,32.5,62.5,2.5,32.5,2.5,0.0,0.0,0.0,0.0,0.0,0.0,0.0,0.0,0.0,0.0,0.0,0.0,0.0,0.0,0.0,207.5,237.5,177.5,195.0,165.0
2018-10-08 00:00:00+00:00,5.0,125.0,-115.0,30.0,-90.0,40.0,100.0,-20.0,-35.0,-95.0,-77.5,12.5,-167.5,-77.5,-167.5,65.0,125.0,5.0,-47.5,-107.5,65.0,125.0,5.0,-47.5,-107.5,7.5,37.5,-22.5,-5.0,-35.0,97.5,187.5,7.5,-65.0,-155.0,77.5,137.5,17.5,-35.0,-95.0,140.0,200.0,80.0,27.5,-32.5,0.0,0.0,0.0,0.0,0.0,257.5,287.5,227.5,157.5,127.5
2018-10-09 00:00:00+00:00,-177.5,-87.5,-267.5,-190.0,-280.0,-160.0,-100.0,-220.0,-285.0,-345.0,-192.5,-162.5,-222.5,-317.5,-347.5,-540.0,-450.0,-630.0,-577.5,-667.5,-460.0,-400.0,-520.0,-410.0,-470.0,-335.0,-275.0,-395.0,-422.5,-482.5,-472.5,-412.5,-532.5,-347.5,-407.5,-347.5,-287.5,-407.5,-347.5,-407.5,-347.5,-287.5,-407.5,-347.5,-407.5,0.0,0.0,0.0,0.0,0.0,-542.5,-512.5,-572.5,-542.5,-572.5
2018-10-10 00:00:00+00:00,-15.0,75.0,-105.0,-165.0,-255.0,-170.0,-50.0,-290.0,-157.5,-277.5,10.0,100.0,-80.0,-15.0,-105.0,-27.5,62.5,-117.5,122.5,32.5,-40.0,50.0,-130.0,72.5,-17.5,7.5,37.5,-22.5,-5.0,-35.0,40.0,100.0,-20.0,15.0,-45.0,0.0,0.0,0.0,0.0,0.0,0.0,0.0,0.0,0.0,0.0,0.0,0.0,0.0,0.0,0.0,7.5,37.5,-22.5,-55.0,-85.0
2018-10-11 00:00:00+00:00,-232.5,-112.5,-352.5,-370.0,-490.0,15.0,75.0,-45.0,-47.5,-107.5,60.0,150.0,-30.0,60.0,-30.0,47.5,137.5,-42.5,272.5,182.5,215.0,275.0,155.0,390.0,330.0,182.5,212.5,152.5,20.0,-10.0,65.0,125.0,5.0,290.0,230.0,65.0,125.0,5.0,290.0,230.0,415.0,475.0,355.0,327.5,267.5,0.0,0.0,0.0,0.0,0.0,532.5,562.5,502.5,732.5,702.5
2018-10-12 00:00:00+00:00,-45.0,75.0,-165.0,-207.5,-327.5,102.5,162.5,42.5,-135.0,-195.0,-132.5,-12.5,-252.5,55.0,-65.0,222.5,312.5,132.5,110.0,20.0,222.5,312.5,132.5,110.0,20.0,82.5,112.5,52.5,-42.5,-72.5,252.5,312.5,192.5,227.5,167.5,252.5,312.5,192.5,227.5,167.5,170.0,200.0,140.0,57.5,27.5,0.0,0.0,0.0,0.0,0.0,307.5,337.5,277.5,207.5,177.5
2018-10-15 00:00:00+00:00,710.0,800.0,620.0,597.5,507.5,572.5,662.5,482.5,585.0,495.0,477.5,537.5,417.5,402.5,342.5,127.5,187.5,67.5,177.5,117.5,177.5,237.5,117.5,27.5,-32.5,0.0,0.0,0.0,0.0,0.0,297.5,387.5,207.5,297.5,207.5,120.0,150.0,90.0,170.0,140.0,0.0,0.0,0.0,0.0,0.0,0.0,0.0,0.0,0.0,0.0,957.5,987.5,927.5,932.5,902.5
2018-10-16 00:00:00+00:00,30.0,150.0,-90.0,-257.5,-377.5,-77.5,12.5,-167.5,-165.0,-255.0,170.0,200.0,140.0,157.5,127.5,25.0,175.0,-125.0,200.0,50.0,25.0,175.0,-125.0,137.5,-12.5,-10.0,50.0,-70.0,-22.5,-82.5,-42.5,-12.5,-72.5,45.0,15.0,-42.5,-12.5,-72.5,45.0,15.0,7.5,37.5,-22.5,20.0,-10.0,0.0,0.0,0.0,0.0,0.0,220.0,250.0,190.0,270.0,240.0
2018-10-17 00:00:00+00:00,-115.0,-25.0,-205.0,-277.5,-367.5,-17.5,12.5,-47.5,-105.0,-135.0,-130.0,-100.0,-160.0,-105.0,-135.0,-225.0,-75.0,-375.0,-325.0,-475.0,-195.0,-75.0,-315.0,-140.0,-230.0,-102.5,-12.5,-192.5,-110.0,-170.0,-385.0,-325.0,-445.0,-192.5,-222.5,-242.5,-212.5,-272.5,-155.0,-185.0,-217.5,-187.5,-247.5,-205.0,-235.0,0.0,0.0,0.0,0.0,0.0,-342.5,-312.5,-372.5,-330.0,-360.0
2018-10-18 00:00:00+00:00,-437.5,-287.5,-587.5,-300.0,-450.0,-17.5,12.5,-47.5,-80.0,-110.0,-230.0,-200.0,-260.0,-180.0,-210.0,-20.0,100.0,-140.0,17.5,-102.5,22.5,112.5,-67.5,135.0,45.0,-17.5,12.5,-47.5,-42.5,-72.5,-35.0,25.0,-95.0,-10.0,-70.0,-35.0,25.0,-95.0,-10.0,-70.0,-35.0,25.0,-95.0,-60.0,-120.0,0.0,0.0,0.0,0.0,0.0,-280.0,-250.0,-310.0,-292.5,-322.5
2018-10-19 00:00:00+00:00,-107.5,12.5,-227.5,-182.5,-302.5,-170.0,-50.0,-290.0,-307.5,-427.5,-7.5,112.5,-127.5,-20.0,-140.0,160.0,250.0,70.0,297.5,207.5,160.0,250.0,70.0,297.5,207.5,0.0,0.0,0.0,0.0,0.0,82.5,112.5,52.5,145.0,115.0,82.5,112.5,52.5,145.0,115.0,82.5,112.5,52.5,145.0,115.0,0.0,0.0,0.0,0.0,0.0,320.0,350.0,290.0,270.0,240.0
2018-10-22 00:00:00+00:00,-145.0,-25.0,-265.0,80.0,-40.0,197.5,287.5,107.5,272.5,182.5,2.5,62.5,-57.5,102.5,42.5,-30.0,0.0,-60.0,-42.5,-72.5,-30.0,0.0,-60.0,-42.5,-72.5,70.0,100.0,40.0,70.0,40.0,140.0,200.0,80.0,27.5,-32.5,70.0,100.0,40.0,57.5,27.5,70.0,100.0,40.0,57.5,27.5,0.0,0.0,0.0,0.0,0.0,470.0,500.0,440.0,395.0,365.0
2018-10-23 00:00:00+00:00,160.0,250.0,70.0,10.0,-80.0,15.0,75.0,-45.0,-197.5,-257.5,-105.0,-75.0,-135.0,7.5,-22.5,-470.0,-350.0,-590.0,-470.0,-590.0,-395.0,-275.0,-515.0,-395.0,-515.0,177.5,237.5,117.5,52.5,-7.5,-202.5,-112.5,-292.5,15.0,-45.0,-55.0,-25.0,-85.0,32.5,2.5,-55.0,-25.0,-85.0,32.5,2.5,0.0,0.0,0.0,0.0,0.0,-317.5,-287.5,-347.5,-117.5,-147.5
2018-10-24 00:00:00+00:00,507.5,687.5,327.5,820.0,640.0,852.5,912.5,792.5,715.0,655.0,690.0,750.0,630.0,790.0,730.0,190.0,250.0,130.0,127.5,67.5,57.5,87.5,27.5,20.0,-10.0,0.0,0.0,0.0,0.0,0.0,145.0,175.0,115.0,207.5,177.5,145.0,175.0,115.0,207.5,177.5,0.0,0.0,0.0,0.0,0.0,0.0,0.0,0.0,0.0,0.0,1045.0,1075.0,1015.0,1070.0,1040.0
2018-10-25 00:00:00+00:00,-120.0,0.0,-240.0,42.5,-77.5,135.0,225.0,45.0,-52.5,-142.5,-290.0,-200.0,-380.0,-160.0,-220.0,-60.0,0.0,-120.0,-85.0,-145.0,-130.0,-100.0,-160.0,-105.0,-135.0,-130.0,-100.0,-160.0,-105.0,-135.0,-47.5,12.5,-107.5,-147.5,-207.5,-117.5,-87.5,-147.5,-167.5,-197.5,7.5,37.5,-22.5,7.5,-22.5,0.0,0.0,0.0,0.0,0.0,-142.5,-112.5,-172.5,-92.5,-122.5
2018-10-26 00:00:00+00:00,-137.5,12.5,-287.5,-150.0,-300.0,-115.0,-25.0,-205.0,-15.0,-105.0,-17.5,12.5,-47.5,-30.0,-60.0,-190.0,-100.0,-280.0,-190.0,-280.0,-222.5,-162.5,-282.5,40.0,-20.0,-280.0,-250.0,-310.0,-167.5,-197.5,-492.5,-462.5,-522.5,-342.5,-372.5,-492.5,-462.5,-522.5,-342.5,-372.5,-342.5,-312.5,-372.5,-92.5,-122.5,0.0,0.0,0.0,0.0,0.0,-242.5,-212.5,-272.5,-267.5,-297.5
2018-10-29 00:00:00+00:00,1215.0,1275.0,1155.0,927.5,867.5,1340.0,1400.0,1280.0,1440.0,1380.0,1370.0,1400.0,1340.0,1295.0,1265.0,165.0,225.0,105.0,202.5,142.5,82.5,112.5,52.5,120.0,90.0,82.5,112.5,52.5,120.0,90.0,82.5,112.5,52.5,120.0,90.0,82.5,112.5,52.5,120.0,90.0,0.0,0.0,0.0,0.0,0.0,0.0,0.0,0.0,0.0,0.0,1457.5,1487.5,1427.5,1520.0,1490.0
2018-10-30 00:00:00+00:00,-370.0,-250.0,-490.0,-470.0,-590.0,-210.0,-150.0,-270.0,-85.0,-145.0,-205.0,-175.0,-235.0,-280.0,-310.0,130.0,250.0,10.0,-70.0,-190.0,180.0,300.0,60.0,17.5,-102.5,22.5,112.5,-67.5,-15.0,-105.0,-35.0,25.0,-95.0,52.5,-7.5,15.0,75.0,-45.0,140.0,80.0,102.5,162.5,42.5,215.0,155.0,0.0,0.0,0.0,0.0,0.0,-167.5,-137.5,-197.5,-55.0,-85.0
2018-10-31 00:00:00+00:00,-287.5,-137.5,-437.5,-225.0,-375.0,35.0,125.0,-55.0,-22.5,-82.5,-47.5,12.5,-107.5,2.5,-57.5,-35.0,25.0,-95.0,-22.5,-82.5,-35.0,25.0,-95.0,-22.5,-82.5,-35.0,25.0,-95.0,-22.5,-82.5,-17.5,12.5,-47.5,-55.0,-85.0,-17.5,12.5,-47.5,-55.0,-85.0,95.0,125.0,65.0,45.0,15.0,0.0,0.0,0.0,0.0,0.0,82.5,112.5,52.5,145.0,115.0
2018-11-01 00:00:00+00:00,-250.0,-100.0,-400.0,-175.0,-325.0,-200.0,-50.0,-350.0,-12.5,-162.5,232.5,262.5,202.5,132.5,102.5,242.5,362.5,122.5,-70.0,-190.0,122.5,212.5,32.5,-65.0,-155.0,7.5,37.5,-22.5,7.5,-22.5,165.0,225.0,105.0,52.5,-7.5,0.0,0.0,0.0,0.0,0.0,0.0,0.0,0.0,0.0,0.0,0.0,0.0,0.0,0.0,0.0,182.5,212.5,152.5,95.0,65.0
2018-11-02 00:00:00+00:00,-42.5,137.5,-222.5,82.5,-97.5,105.0,225.0,-15.0,130.0,10.0,277.5,337.5,217.5,302.5,242.5,55.0,175.0,-65.0,-257.5,-377.5,52.5,112.5,-7.5,-147.5,-207.5,52.5,112.5,-7.5,-147.5,-207.5,40.0,100.0,-20.0,-135.0,-195.0,40.0,100.0,-20.0,-135.0,-195.0,52.5,112.5,-7.5,-147.5,-207.5,0.0,0.0,0.0,0.0,0.0,332.5,362.5,302.5,307.5,277.5
2018-11-05 00:00:00+00:00,230.0,350.0,110.0,80.0,-40.0,315.0,375.0,255.0,302.5,242.5,382.5,412.5,352.5,407.5,377.5,90.0,150.0,30.0,102.5,42.5,127.5,187.5,67.5,115.0,55.0,57.5,87.5,27.5,82.5,52.5,20.0,50.0,-10.0,32.5,2.5,57.5,87.5,27.5,82.5,52.5,57.5,87.5,27.5,82.5,52.5,0.0,0.0,0.0,0.0,0.0,520.0,550.0,490.0,520.0,490.0
2018-11-06 00:00:00+00:00,-430.0,-250.0,-610.0,-362.5,-512.5,-592.5,-412.5,-772.5,-162.5,-312.5,-600.0,-450.0,-750.0,-357.5,-477.5,235.0,325.0,145.0,-265.0,-355.0,235.0,325.0,145.0,-265.0,-355.0,265.0,325.0,205.0,-22.5,-82.5,287.5,437.5,137.5,-287.5,-437.5,265.0,325.0,205.0,-22.5,-82.5,265.0,325.0,205.0,-22.5,-82.5,0.0,0.0,0.0,0.0,0.0,-55.0,-25.0,-85.0,-142.5,-172.5
2018-11-07 00:00:00+00:00,-62.5,87.5,-212.5,92.5,-27.5,190.0,250.0,130.0,40.0,-20.0,232.5,262.5,202.5,257.5,227.5,22.5,112.5,-67.5,-177.5,-267.5,65.0,125.0,5.0,52.5,-7.5,127.5,187.5,67.5,27.5,-32.5,52.5,112.5,-7.5,-110.0,-170.0,45.0,75.0,15.0,20.0,-10.0,45.0,75.0,15.0,20.0,-10.0,0.0,0.0,0.0,0.0,0.0,57.5,87.5,27.5,70.0,40.0
2018-11-08 00:00:00+00:00,-225.0,-75.0,-375.0,-375.0,-525.0,-172.5,-112.5,-232.5,-60.0,-120.0,-42.5,-12.5,-72.5,-130.0,-160.0,-395.0,-275.0,-515.0,-395.0,-515.0,-422.5,-362.5,-482.5,-460.0,-520.0,-430.0,-400.0,-460.0,-380.0,-410.0,-472.5,-412.5,-532.5,-460.0,-520.0,-472.5,-412.5,-532.5,-460.0,-520.0,-430.0,-400.0,-460.0,-467.5,-497.5,0.0,0.0,0.0,0.0,0.0,-505.0,-475.0,-535.0,-467.5,-497.5
2018-11-09 00:00:00+00:00,-380.0,-200.0,-560.0,-125.0,-275.0,-370.0,-250.0,-490.0,-102.5,-192.5,-110.0,-50.0,-170.0,-35.0,-95.0,-102.5,-12.5,-192.5,-152.5,-242.5,-135.0,-75.0,-195.0,-197.5,-257.5,40.0,100.0,-20.0,27.5,-32.5,-72.5,-12.5,-132.5,-97.5,-157.5,52.5,112.5,-7.5,-47.5,-107.5,52.5,112.5,-7.5,-47.5,-107.5,0.0,0.0,0.0,0.0,0.0,-255.0,-225.0,-285.0,-305.0,-335.0
2018-11-12 00:00:00+00:00,-115.0,-25.0,-205.0,-190.0,-280.0,-310.0,-250.0,-370.0,-447.5,-507.5,-297.5,-237.5,-357.5,-447.5,-507.5,-257.5,-137.5,-377.5,-82.5,-202.5,-195.0,-75.0,-315.0,30.0,-90.0,-47.5,12.5,-107.5,-72.5,-132.5,10.0,100.0,-80.0,-115.0,-205.0,35.0,125.0,-55.0,-2.5,-92.5,40.0,100.0,-20.0,-30.0,-60.0,0.0,0.0,0.0,0.0,0.0,-192.5,-162.5,-222.5,-230.0,-260.0
2018-11-13 00:00:00+00:00,-32.5,87.5,-152.5,-70.0,-190.0,165.0,225.0,105.0,290.0,230.0,65.0,125.0,5.0,2.5,-57.5,-140.0,-50.0,-230.0,-127.5,-217.5,-185.0,-125.0,-245.0,-22.5,-82.5,-185.0,-125.0,-245.0,-22.5,-82.5,-147.5,-87.5,-207.5,-185.0,-245.0,-60.0,0.0,-120.0,-135.0,-195.0,2.5,62.5,-57.5,-10.0,-70.0,0.0,0.0,0.0,0.0,0.0,120.0,150.0,90.0,32.5,2.5
2018-11-14 00:00:00+00:00,60.0,150.0,-30.0,110.0,20.0,165.0,225.0,105.0,365.0,305.0,382.5,412.5,352.5,407.5,377.5,202.5,262.5,142.5,215.0,155.0,202.5,262.5,142.5,215.0,155.0,202.5,262.5,142.5,215.0,155.0,202.5,262.5,142.5,215.0,155.0,182.5,212.5,152.5,107.5,77.5,0.0,0.0,0.0,0.0,0.0,0.0,0.0,0.0,0.0,0.0,682.5,712.5,652.5,532.5,502.5
2018-11-15 00:00:00+00:00,-15.0,75.0,-105.0,-102.5,-192.5,207.5,237.5,177.5,245.0,215.0,45.0,75.0,15.0,157.5,127.5,-197.5,-137.5,-257.5,-97.5,-157.5,-197.5,-137.5,-257.5,-97.5,-157.5,145.0,175.0,115.0,107.5,77.5,-280.0,-250.0,-310.0,-192.5,-222.5,-280.0,-250.0,-310.0,-192.5,-222.5,-280.0,-250.0,-310.0,-192.5,-222.5,0.0,0.0,0.0,0.0,0.0,-105.0,-75.0,-135.0,157.5,127.5
2018-11-16 00:00:00+00:00,-97.5,-37.5,-157.5,-85.0,-145.0,-55.0,-25.0,-85.0,-155.0,-185.0,0.0,0.0,0.0,0.0,0.0,-360.0,-300.0,-420.0,-372.5,-432.5,-360.0,-300.0,-420.0,-372.5,-432.5,-360.0,-300.0,-420.0,-372.5,-432.5,-235.0,-175.0,-295.0,-260.0,-320.0,-135.0,-75.0,-195.0,-160.0,-220.0,-135.0,-75.0,-195.0,-160.0,-220.0,0.0,0.0,0.0,0.0,0.0,-280.0,-250.0,-310.0,-317.5,-347.5
2018-11-19 00:00:00+00:00,-470.0,-350.0,-590.0,-407.5,-527.5,-507.5,-387.5,-627.5,-195.0,-315.0,-80.0,-50.0,-110.0,-117.5,-147.5,-357.5,-237.5,-477.5,-152.5,-242.5,-357.5,-237.5,-477.5,-152.5,-242.5,-245.0,-125.0,-365.0,-15.0,-105.0,-372.5,-312.5,-432.5,-242.5,-272.5,-372.5,-312.5,-432.5,-242.5,-272.5,-117.5,-87.5,-147.5,-192.5,-222.5,0.0,0.0,0.0,0.0,0.0,-567.5,-537.5,-597.5,-505.0,-535.0
2018-11-20 00:00:00+00:00,-557.5,-437.5,-677.5,-507.5,-627.5,-322.5,-262.5,-382.5,-322.5,-382.5,-347.5,-287.5,-407.5,-347.5,-407.5,305.0,425.0,185.0,197.5,107.5,235.0,325.0,145.0,160.0,70.0,20.0,50.0,-10.0,20.0,-10.0,480.0,600.0,360.0,247.5,157.5,410.0,500.0,320.0,315.0,255.0,145.0,175.0,115.0,107.5,77.5,0.0,0.0,0.0,0.0,0.0,220.0,250.0,190.0,195.0,165.0
2018-11-21 00:00:00+00:00,-350.0,-200.0,-500.0,-275.0,-425.0,-202.5,-112.5,-292.5,-315.0,-405.0,-277.5,-187.5,-367.5,-410.0,-470.0,-210.0,-150.0,-270.0,-47.5,-107.5,-160.0,-100.0,-220.0,-72.5,-132.5,-10.0,50.0,-70.0,102.5,42.5,-22.5,37.5,-82.5,165.0,105.0,2.5,62.5,-57.5,127.5,67.5,152.5,212.5,92.5,302.5,242.5,0.0,0.0,0.0,0.0,0.0,-205.0,-175.0,-235.0,-117.5,-147.5
2018-11-22 00:00:00+00:00,-190.0,-100.0,-280.0,-177.5,-267.5,-60.0,0.0,-120.0,90.0,30.0,-160.0,-100.0,-220.0,-147.5,-207.5,-122.5,-62.5,-182.5,-22.5,-82.5,-10.0,50.0,-70.0,-47.5,-107.5,177.5,237.5,117.5,127.5,67.5,135.0,225.0,45.0,-10.0,-70.0,15.0,75.0,-45.0,-10.0,-70.0,252.5,312.5,192.5,265.0,205.0,0.0,0.0,0.0,0.0,0.0,20.0,50.0,-10.0,82.5,52.5
2018-11-23 00:00:00+00:00,-232.5,-112.5,-352.5,-182.5,-302.5,-207.5,-87.5,-327.5,-170.0,-290.0,-177.5,-87.5,-267.5,-140.0,-230.0,-247.5,-187.5,-307.5,-235.0,-295.0,-247.5,-187.5,-307.5,-210.0,-270.0,-242.5,-212.5,-272.5,-142.5,-172.5,-272.5,-212.5,-332.5,-210.0,-270.0,-267.5,-237.5,-297.5,-242.5,-272.5,-230.0,-200.0,-260.0,-267.5,-297.5,0.0,0.0,0.0,0.0,0.0,-342.5,-312.5,-372.5,-342.5,-372.5
2018-11-26 00:00:00+00:00,-510.0,-300.0,-720.0,-205.0,-385.0,-387.5,-237.5,-537.5,-275.0,-425.0,-105.0,-75.0,-135.0,-130.0,-160.0,35.0,125.0,-55.0,10.0,-80.0,-10.0,50.0,-70.0,-60.0,-120.0,-10.0,50.0,-70.0,-60.0,-120.0,-10.0,50.0,-70.0,-10.0,-70.0,-10.0,50.0,-70.0,-10.0,-70.0,40.0,100.0,-20.0,15.0,-45.0,0.0,0.0,0.0,0.0,0.0,-217.5,-187.5,-247.5,-180.0,-210.0
2018-11-27 00:00:00+00:00,60.0,150.0,-30.0,147.5,57.5,120.0,150.0,90.0,57.5,27.5,-30.0,0.0,-60.0,-130.0,-160.0,-335.0,-275.0,-395.0,-285.0,-345.0,-260.0,-200.0,-320.0,-310.0,-370.0,-210.0,-150.0,-270.0,-197.5,-257.5,-330.0,-300.0,-360.0,-255.0,-285.0,-305.0,-275.0,-335.0,-242.5,-272.5,-155.0,-125.0,-185.0,-142.5,-172.5,0.0,0.0,0.0,0.0,0.0,-242.5,-212.5,-272.5,-192.5,-222.5
2018-11-28 00:00:00+00:00,-295.0,-175.0,-415.0,-257.5,-377.5,-357.5,-237.5,-477.5,-207.5,-327.5,60.0,150.0,-30.0,-227.5,-317.5,212.5,362.5,62.5,162.5,12.5,180.0,300.0,60.0,230.0,110.0,65.0,125.0,5.0,190.0,130.0,280.0,400.0,160.0,147.5,57.5,0.0,0.0,0.0,0.0,0.0,0.0,0.0,0.0,0.0,0.0,0.0,0.0,0.0,0.0,0.0,157.5,187.5,127.5,170.0,140.0
2018-11-29 00:00:00+00:00,-417.5,-237.5,-597.5,-512.5,-662.5,-575.0,-425.0,-725.0,-725.0,-875.0,-395.0,-275.0,-515.0,-327.5,-417.5,-70.0,50.0,-190.0,17.5,-102.5,22.5,112.5,-67.5,97.5,7.5,15.0,75.0,-45.0,165.0,105.0,-7.5,112.5,-127.5,80.0,-40.0,-20.0,100.0,-140.0,30.0,-90.0,77.5,137.5,17.5,227.5,167.5,0.0,0.0,0.0,0.0,0.0,-230.0,-200.0,-260.0,-142.5,-172.5
2018-11-30 00:00:00+00:00,-160.0,-100.0,-220.0,-172.5,-232.5,-247.5,-187.5,-307.5,-222.5,-282.5,-85.0,-25.0,-145.0,-172.5,-232.5,-70.0,50.0,-190.0,-195.0,-315.0,-57.5,62.5,-177.5,-120.0,-240.0,-65.0,25.0,-155.0,-165.0,-255.0,-82.5,37.5,-202.5,-195.0,-315.0,-82.5,37.5,-202.5,-195.0,-315.0,-90.0,0.0,-180.0,-65.0,-155.0,0.0,0.0,0.0,0.0,0.0,-267.5,-237.5,-297.5,-330.0,-360.0
2018-12-03 00:00:00+00:00,-290.0,-200.0,-380.0,-227.5,-317.5,-185.0,-125.0,-245.0,-147.5,-207.5,-217.5,-187.5,-247.5,-205.0,-235.0,-370.0,-250.0,-490.0,-532.5,-652.5,-307.5,-187.5,-427.5,-545.0,-665.0,-202.5,-112.5,-292.5,-165.0,-255.0,-285.0,-225.0,-345.0,-385.0,-445.0,-285.0,-225.0,-345.0,-385.0,-445.0,-285.0,-225.0,-345.0,-385.0,-445.0,0.0,0.0,0.0,0.0,0.0,-492.5,-462.5,-522.5,-542.5,-572.5
2018-12-04 00:00:00+00:00,-292.5,-112.5,-472.5,-192.5,-372.5,-10.0,50.0,-70.0,27.5,-32.5,15.0,75.0,-45.0,-85.0,-145.0,117.5,237.5,-2.5,-182.5,-302.5,110.0,200.0,20.0,-77.5,-167.5,-10.0,50.0,-70.0,-160.0,-220.0,52.5,112.5,-7.5,-22.5,-82.5,52.5,112.5,-7.5,-22.5,-82.5,45.0,75.0,15.0,82.5,52.5,0.0,0.0,0.0,0.0,0.0,170.0,200.0,140.0,70.0,40.0
2018-12-05 00:00:00+00:00,-250.0,-100.0,-400.0,-100.0,-250.0,-377.5,-287.5,-467.5,-377.5,-467.5,-215.0,-125.0,-305.0,-252.5,-342.5,-2.5,87.5,-92.5,85.0,-5.0,-40.0,50.0,-130.0,127.5,67.5,20.0,50.0,-10.0,95.0,65.0,97.5,187.5,7.5,102.5,42.5,90.0,150.0,30.0,-35.0,-95.0,0.0,0.0,0.0,0.0,0.0,0.0,0.0,0.0,0.0,0.0,-5.0,25.0,-35.0,-67.5,-97.5
2018-12-06 00:00:00+00:00,-352.5,-262.5,-442.5,-315.0,-405.0,-377.5,-287.5,-467.5,-477.5,-567.5,-105.0,-75.0,-135.0,-167.5,-197.5,-490.0,-400.0,-580.0,-527.5,-617.5,-322.5,-262.5,-382.5,-660.0,-720.0,-580.0,-550.0,-610.0,-805.0,-835.0,-647.5,-587.5,-707.5,-497.5,-557.5,-667.5,-637.5,-697.5,-655.0,-685.0,-480.0,-450.0,-510.0,-630.0,-660.0,0.0,0.0,0.0,0.0,0.0,-792.5,-762.5,-822.5,-792.5,-822.5
2018-12-07 00:00:00+00:00,-65.0,25.0,-155.0,-40.0,-130.0,-77.5,12.5,-167.5,-252.5,-342.5,-57.5,62.5,-177.5,-182.5,-302.5,67.5,187.5,-52.5,35.0,-55.0,55.0,175.0,-65.0,72.5,-17.5,-30.0,0.0,-60.0,0.0,0.0,-7.5,112.5,-127.5,167.5,47.5,40.0,100.0,-20.0,245.0,215.0,107.5,137.5,77.5,120.0,90.0,0.0,0.0,0.0,0.0,0.0,107.5,137.5,77.5,57.5,27.5
2018-12-10 00:00:00+00:00,-437.5,-287.5,-587.5,-175.0,-325.0,-287.5,-137.5,-437.5,-112.5,-262.5,-77.5,12.5,-167.5,47.5,-42.5,307.5,487.5,127.5,125.0,-25.0,147.5,237.5,57.5,127.5,67.5,0.0,0.0,0.0,0.0,0.0,397.5,487.5,307.5,172.5,82.5,182.5,212.5,152.5,95.0,65.0,182.5,212.5,152.5,95.0,65.0,0.0,0.0,0.0,0.0,0.0,220.0,250.0,190.0,157.5,127.5
2018-12-11 00:00:00+00:00,955.0,1075.0,835.0,767.5,647.5,915.0,975.0,855.0,927.5,867.5,985.0,1075.0,895.0,922.5,832.5,132.5,162.5,102.5,45.0,15.0,132.5,162.5,102.5,45.0,15.0,0.0,0.0,0.0,0.0,0.0,45.0,75.0,15.0,32.5,2.5,0.0,0.0,0.0,0.0,0.0,0.0,0.0,0.0,0.0,0.0,0.0,0.0,0.0,0.0,0.0,1295.0,1325.0,1265.0,1195.0,1165.0
2018-12-12 00:00:00+00:00,22.5,112.5,-67.5,165.0,105.0,102.5,162.5,42.5,-160.0,-220.0,502.5,562.5,442.5,340.0,280.0,-47.5,12.5,-107.5,215.0,155.0,15.0,75.0,-45.0,290.0,230.0,15.0,75.0,-45.0,290.0,230.0,77.5,137.5,17.5,227.5,167.5,77.5,137.5,17.5,227.5,167.5,215.0,275.0,155.0,140.0,80.0,0.0,0.0,0.0,0.0,0.0,470.0,500.0,440.0,282.5,252.5
2018-12-13 00:00:00+00:00,-287.5,-137.5,-437.5,-725.0,-875.0,-270.0,-150.0,-390.0,-107.5,-227.5,-172.5,-112.5,-232.5,-110.0,-170.0,225.0,375.0,75.0,37.5,-112.5,237.5,387.5,87.5,-25.0,-175.0,185.0,275.0,95.0,-2.5,-92.5,80.0,200.0,-40.0,-170.0,-290.0,15.0,75.0,-45.0,-210.0,-270.0,152.5,212.5,92.5,27.5,-32.5,0.0,0.0,0.0,0.0,0.0,-567.5,-537.5,-597.5,-592.5,-622.5
2018-12-14 00:00:00+00:00,0.0,150.0,-150.0,-112.5,-262.5,227.5,287.5,167.5,177.5,117.5,127.5,187.5,67.5,227.5,167.5,97.5,187.5,7.5,-40.0,-130.0,147.5,237.5,57.5,-15.0,-105.0,145.0,175.0,115.0,-42.5,-72.5,-67.5,-37.5,-97.5,-80.0,-110.0,-67.5,-37.5,-97.5,-80.0,-110.0,107.5,137.5,77.5,57.5,27.5,0.0,0.0,0.0,0.0,0.0,295.0,325.0,265.0,270.0,240.0
2018-12-17 00:00:00+00:00,77.5,137.5,17.5,52.5,-7.5,-47.5,12.5,-107.5,-160.0,-220.0,-265.0,-175.0,-355.0,-327.5,-417.5,-360.0,-300.0,-420.0,-372.5,-432.5,-360.0,-300.0,-420.0,-372.5,-432.5,-110.0,-50.0,-170.0,-122.5,-182.5,-285.0,-225.0,-345.0,-147.5,-207.5,-172.5,-112.5,-232.5,-60.0,-120.0,-255.0,-225.0,-285.0,-192.5,-222.5,0.0,0.0,0.0,0.0,0.0,-317.5,-287.5,-347.5,-342.5,-372.5
2018-12-18 00:00:00+00:00,-95.0,25.0,-215.0,-95.0,-215.0,-345.0,-225.0,-465.0,-120.0,-240.0,-252.5,-162.5,-342.5,-327.5,-417.5,147.5,237.5,57.5,122.5,32.5,285.0,375.0,195.0,160.0,70.0,177.5,237.5,117.5,52.5,-7.5,360.0,450.0,270.0,135.0,45.0,315.0,375.0,255.0,340.0,280.0,315.0,375.0,255.0,340.0,280.0,0.0,0.0,0.0,0.0,0.0,132.5,162.5,102.5,282.5,252.5
2018-12-19 00:00:00+00:00,5.0,125.0,-115.0,-95.0,-215.0,47.5,137.5,-42.5,140.0,80.0,35.0,125.0,-55.0,-40.0,-130.0,-10.0,50.0,-70.0,65.0,5.0,2.5,62.5,-57.5,-10.0,-70.0,32.5,62.5,2.5,7.5,-22.5,20.0,50.0,-10.0,-42.5,-72.5,20.0,50.0,-10.0,7.5,-22.5,7.5,37.5,-22.5,-5.0,-35.0,0.0,0.0,0.0,0.0,0.0,157.5,187.5,127.5,170.0,140.0
2018-12-20 00:00:00+00:00,572.5,662.5,482.5,485.0,395.0,335.0,425.0,245.0,485.0,395.0,622.5,712.5,532.5,722.5,632.5,252.5,312.5,192.5,140.0,80.0,145.0,175.0,115.0,157.5,127.5,145.0,175.0,115.0,157.5,127.5,145.0,175.0,115.0,157.5,127.5,145.0,175.0,115.0,157.5,127.5,0.0,0.0,0.0,0.0,0.0,0.0,0.0,0.0,0.0,0.0,807.5,837.5,777.5,832.5,802.5
2018-12-24 00:00:00+00:00,-287.5,-137.5,-437.5,30.0,-90.0,-277.5,-187.5,-367.5,-90.0,-180.0,-105.0,-75.0,-135.0,-42.5,-72.5,67.5,187.5,-52.5,-282.5,-402.5,35.0,125.0,-55.0,-240.0,-330.0,172.5,262.5,82.5,-152.5,-242.5,-67.5,-37.5,-97.5,-105.0,-135.0,-67.5,-37.5,-97.5,-105.0,-135.0,-67.5,-37.5,-97.5,-105.0,-135.0,0.0,0.0,0.0,0.0,0.0,-30.0,0.0,-60.0,-217.5,-247.5
2018-12-26 00:00:00+00:00,-325.0,-175.0,-475.0,-562.5,-712.5,-52.5,37.5,-142.5,-27.5,-117.5,-652.5,-562.5,-742.5,-602.5,-692.5,230.0,350.0,110.0,367.5,247.5,172.5,262.5,82.5,335.0,245.0,182.5,212.5,152.5,170.0,140.0,210.0,300.0,120.0,322.5,232.5,185.0,275.0,95.0,235.0,145.0,240.0,300.0,180.0,165.0,105.0,0.0,0.0,0.0,0.0,0.0,195.0,225.0,165.0,270.0,240.0
2018-12-27 00:00:00+00:00,-377.5,-287.5,-467.5,65.0,5.0,-565.0,-475.0,-655.0,-272.5,-332.5,-247.5,-187.5,-307.5,-610.0,-670.0,-190.0,-100.0,-280.0,-452.5,-542.5,-247.5,-187.5,-307.5,-360.0,-420.0,90.0,150.0,30.0,2.5,-57.5,-247.5,-187.5,-307.5,-360.0,-420.0,-335.0,-275.0,-395.0,-210.0,-270.0,-335.0,-275.0,-395.0,-210.0,-270.0,0.0,0.0,0.0,0.0,0.0,-555.0,-525.0,-585.0,-530.0,-560.0
2018-12-28 00:00:00+00:00,482.5,662.5,302.5,32.5,-147.5,105.0,225.0,-15.0,272.5,182.5,652.5,712.5,592.5,265.0,205.0,135.0,225.0,45.0,560.0,470.0,82.5,112.5,52.5,495.0,465.0,82.5,112.5,52.5,495.0,465.0,82.5,112.5,52.5,495.0,465.0,132.5,162.5,102.5,470.0,440.0,0.0,0.0,0.0,0.0,0.0,0.0,0.0,0.0,0.0,0.0,845.0,875.0,815.0,795.0,765.0
2018-12-31 00:00:00+00:00,-40.0,50.0,-130.0,27.5,-32.5,-102.5,-12.5,-192.5,-90.0,-180.0,-307.5,-187.5,-427.5,-195.0,-315.0,-32.5,87.5,-152.5,-95.0,-215.0,-27.5,62.5,-117.5,-65.0,-155.0,2.5,62.5,-57.5,-35.0,-95.0,47.5,137.5,-42.5,-27.5,-117.5,47.5,137.5,-42.5,-27.5,-117.5,47.5,137.5,-42.5,-27.5,-117.5,0.0,0.0,0.0,0.0,0.0,95.0,125.0,65.0,82.5,52.5
2019-01-02 00:00:00+00:00,-25.0,125.0,-175.0,37.5,-112.5,377.5,437.5,317.5,227.5,167.5,-257.5,-137.5,-377.5,5.0,-115.0,247.5,337.5,157.5,-65.0,-155.0,32.5,62.5,2.5,-130.0,-160.0,32.5,62.5,2.5,-130.0,-160.0,215.0,275.0,155.0,-97.5,-157.5,265.0,325.0,205.0,15.0,-45.0,107.5,137.5,77.5,-80.0,-110.0,0.0,0.0,0.0,0.0,0.0,532.5,562.5,502.5,345.0,315.0
2019-01-03 00:00:00+00:00,-700.0,-550.0,-850.0,-345.0,-465.0,-682.5,-562.5,-802.5,-265.0,-355.0,-657.5,-537.5,-777.5,-320.0,-440.0,232.5,412.5,52.5,-255.0,-435.0,162.5,312.5,12.5,-125.0,-275.0,-105.0,-75.0,-135.0,-30.0,-60.0,30.0,150.0,-90.0,-232.5,-352.5,-110.0,-50.0,-170.0,-22.5,-82.5,15.0,75.0,-45.0,52.5,-7.5,0.0,0.0,0.0,0.0,0.0,-367.5,-337.5,-397.5,-480.0,-510.0
2019-01-04 00:00:00+00:00,-305.0,-125.0,-485.0,107.5,-72.5,335.0,425.0,245.0,122.5,32.5,-145.0,-25.0,-265.0,55.0,-65.0,392.5,512.5,272.5,180.0,60.0,20.0,50.0,-10.0,-5.0,-35.0,0.0,0.0,0.0,0.0,0.0,290.0,350.0,230.0,290.0,230.0,82.5,112.5,52.5,107.5,77.5,0.0,0.0,0.0,0.0,0.0,0.0,0.0,0.0,0.0,0.0,495.0,525.0,465.0,507.5,477.5
2019-01-07 00:00:00+00:00,-295.0,-175.0,-415.0,-320.0,-440.0,-227.5,-137.5,-317.5,-340.0,-430.0,-272.5,-212.5,-332.5,-210.0,-270.0,-107.5,12.5,-227.5,-70.0,-190.0,-45.0,75.0,-165.0,17.5,-102.5,-22.5,37.5,-82.5,202.5,142.5,-177.5,-87.5,-267.5,-140.0,-230.0,-272.5,-212.5,-332.5,-272.5,-332.5,-110.0,-50.0,-170.0,-197.5,-257.5,0.0,0.0,0.0,0.0,0.0,-305.0,-275.0,-335.0,-330.0,-360.0
2019-01-08 00:00:00+00:00,-77.5,12.5,-167.5,-152.5,-242.5,-215.0,-125.0,-305.0,-52.5,-142.5,-22.5,37.5,-82.5,-10.0,-70.0,-172.5,-112.5,-232.5,-85.0,-145.0,-172.5,-112.5,-232.5,-85.0,-145.0,2.5,62.5,-57.5,-17.5,-47.5,127.5,187.5,67.5,52.5,-7.5,45.0,75.0,15.0,95.0,65.0,45.0,75.0,15.0,95.0,65.0,0.0,0.0,0.0,0.0,0.0,107.5,137.5,77.5,220.0,190.0
2019-01-09 00:00:00+00:00,-220.0,-100.0,-340.0,-182.5,-302.5,-147.5,-87.5,-207.5,-97.5,-157.5,-165.0,-75.0,-255.0,-127.5,-217.5,-120.0,0.0,-240.0,-170.0,-290.0,-190.0,-100.0,-280.0,-115.0,-205.0,-135.0,-75.0,-195.0,-85.0,-145.0,-160.0,-100.0,-220.0,-135.0,-195.0,-80.0,-50.0,-110.0,-30.0,-60.0,32.5,62.5,2.5,145.0,115.0,0.0,0.0,0.0,0.0,0.0,-217.5,-187.5,-247.5,-142.5,-172.5
2019-01-10 00:00:00+00:00,-137.5,12.5,-287.5,-575.0,-725.0,-152.5,-62.5,-242.5,-77.5,-167.5,-85.0,-25.0,-145.0,40.0,-20.0,135.0,225.0,45.0,322.5,232.5,65.0,125.0,5.0,165.0,105.0,20.0,50.0,-10.0,120.0,90.0,70.0,100.0,40.0,107.5,77.5,70.0,100.0,40.0,107.5,77.5,70.0,100.0,40.0,107.5,77.5,0.0,0.0,0.0,0.0,0.0,132.5,162.5,102.5,45.0,15.0
2019-01-11 00:00:00+00:00,-82.5,37.5,-202.5,-182.5,-302.5,-282.5,-162.5,-402.5,-245.0,-365.0,-117.5,-87.5,-147.5,-117.5,-147.5,-190.0,-100.0,-280.0,-265.0,-355.0,-140.0,-50.0,-230.0,-185.0,-245.0,-142.5,-112.5,-172.5,-142.5,-172.5,-142.5,-112.5,-172.5,-142.5,-172.5,-142.5,-112.5,-172.5,-142.5,-172.5,-142.5,-112.5,-172.5,-142.5,-172.5,0.0,0.0,0.0,0.0,0.0,-305.0,-275.0,-335.0,-367.5,-397.5
2019-01-14 00:00:00+00:00,42.5,162.5,-77.5,-195.0,-315.0,-282.5,-162.5,-402.5,-195.0,-315.0,-122.5,-62.5,-182.5,-47.5,-107.5,-182.5,-62.5,-302.5,-157.5,-277.5,-90.0,0.0,-180.0,-240.0,-330.0,-90.0,0.0,-180.0,-240.0,-330.0,-147.5,-87.5,-207.5,-185.0,-245.0,-147.5,-87.5,-207.5,-185.0,-245.0,-155.0,-125.0,-185.0,-192.5,-222.5,0.0,0.0,0.0,0.0,0.0,-217.5,-187.5,-247.5,-230.0,-260.0
2019-01-15 00:00:00+00:00,-115.0,-25.0,-205.0,-202.5,-292.5,-97.5,-37.5,-157.5,-60.0,-120.0,95.0,125.0,65.0,-205.0,-235.0,30.0,150.0,-90.0,-15.0,-105.0,30.0,150.0,-90.0,-15.0,-105.0,52.5,112.5,-7.5,40.0,-20.0,-130.0,-100.0,-160.0,-80.0,-110.0,-130.0,-100.0,-160.0,-80.0,-110.0,-67.5,-37.5,-97.5,-42.5,-72.5,0.0,0.0,0.0,0.0,0.0,-17.5,12.5,-47.5,-242.5,-272.5
2019-01-16 00:00:00+00:00,-287.5,-137.5,-437.5,-195.0,-315.0,-97.5,-37.5,-157.5,-172.5,-232.5,-285.0,-225.0,-345.0,-260.0,-320.0,-215.0,-125.0,-305.0,-290.0,-380.0,-210.0,-150.0,-270.0,-272.5,-332.5,-210.0,-150.0,-270.0,-272.5,-332.5,-185.0,-125.0,-245.0,-172.5,-232.5,-172.5,-112.5,-232.5,-160.0,-220.0,-22.5,37.5,-82.5,-47.5,-107.5,0.0,0.0,0.0,0.0,0.0,-305.0,-275.0,-335.0,-267.5,-297.5
2019-01-17 00:00:00+00:00,-145.0,-25.0,-265.0,-82.5,-202.5,-127.5,-37.5,-217.5,-90.0,-180.0,-47.5,12.5,-107.5,-47.5,-107.5,42.5,162.5,-77.5,-45.0,-165.0,42.5,162.5,-77.5,-77.5,-167.5,-2.5,87.5,-92.5,-22.5,-82.5,-17.5,12.5,-47.5,7.5,-22.5,-17.5,12.5,-47.5,-30.0,-60.0,-17.5,12.5,-47.5,-30.0,-60.0,0.0,0.0,0.0,0.0,0.0,-5.0,25.0,-35.0,20.0,-10.0
2019-01-18 00:00:00+00:00,80.0,200.0,-40.0,-27.5,-117.5,0.0,150.0,-150.0,25.0,-125.0,102.5,162.5,42.5,20.0,-10.0,-15.0,75.0,-105.0,-15.0,-105.0,52.5,112.5,-7.5,52.5,-7.5,90.0,150.0,30.0,115.0,55.0,-17.5,12.5,-47.5,-55.0,-85.0,7.5,37.5,-22.5,-30.0,-60.0,70.0,100.0,40.0,32.5,2.5,0.0,0.0,0.0,0.0,0.0,170.0,200.0,140.0,257.5,227.5
2019-01-22 00:00:00+00:00,-135.0,-75.0,-195.0,-210.0,-270.0,-5.0,25.0,-35.0,-105.0,-135.0,7.5,37.5,-22.5,-105.0,-135.0,-277.5,-187.5,-367.5,-365.0,-455.0,-280.0,-250.0,-310.0,-292.5,-322.5,-280.0,-250.0,-310.0,-292.5,-322.5,-280.0,-250.0,-310.0,-292.5,-322.5,-280.0,-250.0,-310.0,-292.5,-322.5,-317.5,-287.5,-347.5,-305.0,-335.0,0.0,0.0,0.0,0.0,0.0,-280.0,-250.0,-310.0,-342.5,-372.5
2019-01-23 00:00:00+00:00,-150.0,0.0,-300.0,-200.0,-350.0,290.0,350.0,230.0,152.5,92.5,190.0,250.0,130.0,165.0,105.0,-27.5,62.5,-117.5,22.5,-67.5,-5.0,25.0,-35.0,70.0,40.0,-5.0,25.0,-35.0,70.0,40.0,7.5,37.5,-22.5,45.0,15.0,32.5,62.5,2.5,57.5,27.5,32.5,62.5,2.5,57.5,27.5,0.0,0.0,0.0,0.0,0.0,320.0,350.0,290.0,307.5,277.5
2019-01-24 00:00:00+00:00,-317.5,-137.5,-497.5,-292.5,-472.5,-140.0,-50.0,-230.0,-52.5,-142.5,-70.0,50.0,-190.0,-20.0,-140.0,212.5,362.5,62.5,130.0,10.0,130.0,250.0,10.0,72.5,-17.5,165.0,225.0,105.0,127.5,67.5,85.0,175.0,-5.0,165.0,105.0,165.0,225.0,105.0,127.5,67.5,132.5,162.5,102.5,120.0,90.0,0.0,0.0,0.0,0.0,0.0,70.0,100.0,40.0,107.5,77.5
2019-01-25 00:00:00+00:00,155.0,275.0,35.0,67.5,-52.5,-22.5,37.5,-82.5,27.5,-32.5,-140.0,-50.0,-230.0,-152.5,-242.5,-135.0,-75.0,-195.0,-135.0,-195.0,-22.5,37.5,-82.5,-35.0,-95.0,-22.5,37.5,-82.5,2.5,-57.5,-5.0,25.0,-35.0,7.5,-22.5,57.5,87.5,27.5,95.0,65.0,57.5,87.5,27.5,95.0,65.0,0.0,0.0,0.0,0.0,0.0,95.0,125.0,65.0,145.0,115.0
2019-01-28 00:00:00+00:00,-107.5,12.5,-227.5,-120.0,-240.0,-170.0,-50.0,-290.0,-7.5,-127.5,52.5,112.5,-7.5,-35.0,-95.0,27.5,87.5,-32.5,102.5,42.5,40.0,100.0,-20.0,65.0,5.0,0.0,0.0,0.0,0.0,0.0,32.5,62.5,2.5,7.5,-22.5,32.5,62.5,2.5,7.5,-22.5,32.5,62.5,2.5,7.5,-22.5,0.0,0.0,0.0,0.0,0.0,20.0,50.0,-10.0,7.5,-22.5
2019-01-29 00:00:00+00:00,122.5,212.5,32.5,60.0,-30.0,-170.0,-50.0,-290.0,17.5,-102.5,107.5,137.5,77.5,57.5,27.5,-85.0,-25.0,-145.0,-97.5,-157.5,-85.0,-25.0,-145.0,-85.0,-145.0,-117.5,-87.5,-147.5,-80.0,-110.0,-97.5,-37.5,-157.5,-122.5,-182.5,-92.5,-62.5,-122.5,20.0,-10.0,-80.0,-50.0,-110.0,-5.0,-35.0,0.0,0.0,0.0,0.0,0.0,57.5,87.5,27.5,82.5,52.5
2019-01-30 00:00:00+00:00,-150.0,0.0,-300.0,-100.0,-250.0,17.5,137.5,-102.5,-45.0,-165.0,35.0,125.0,-55.0,-90.0,-180.0,-90.0,0.0,-180.0,10.0,-80.0,-60.0,0.0,-120.0,-97.5,-157.5,32.5,62.5,2.5,-30.0,-60.0,-60.0,0.0,-120.0,52.5,-7.5,2.5,62.5,-57.5,15.0,-45.0,32.5,62.5,2.5,-30.0,-60.0,0.0,0.0,0.0,0.0,0.0,95.0,125.0,65.0,107.5,77.5
2019-01-31 00:00:00+00:00,-307.5,-187.5,-427.5,-145.0,-265.0,-22.5,37.5,-82.5,-55.0,-85.0,-7.5,112.5,-127.5,117.5,-2.5,-120.0,0.0,-240.0,-57.5,-177.5,-107.5,12.5,-227.5,-207.5,-327.5,-110.0,-50.0,-170.0,-85.0,-145.0,-160.0,-100.0,-220.0,-135.0,-195.0,-155.0,-125.0,-185.0,-142.5,-172.5,-117.5,-87.5,-147.5,-105.0,-135.0,0.0,0.0,0.0,0.0,0.0,-80.0,-50.0,-110.0,-30.0,-60.0
2019-02-01 00:00:00+00:00,-362.5,-212.5,-512.5,-250.0,-400.0,-370.0,-250.0,-490.0,-370.0,-490.0,-282.5,-162.5,-402.5,-132.5,-252.5,-112.5,37.5,-262.5,92.5,-27.5,60.0,150.0,-30.0,110.0,20.0,72.5,162.5,-17.5,110.0,20.0,97.5,187.5,7.5,110.0,20.0,110.0,200.0,20.0,135.0,45.0,122.5,212.5,32.5,135.0,45.0,0.0,0.0,0.0,0.0,0.0,-155.0,-125.0,-185.0,-130.0,-160.0
2019-02-04 00:00:00+00:00,-152.5,-62.5,-242.5,-127.5,-217.5,-190.0,-100.0,-280.0,-102.5,-192.5,-60.0,0.0,-120.0,-160.0,-220.0,35.0,125.0,-55.0,35.0,-55.0,2.5,62.5,-57.5,2.5,-57.5,95.0,125.0,65.0,95.0,65.0,110.0,200.0,20.0,110.0,20.0,2.5,62.5,-57.5,-22.5,-82.5,0.0,0.0,0.0,0.0,0.0,0.0,0.0,0.0,0.0,0.0,145.0,175.0,115.0,82.5,52.5
2019-02-05 00:00:00+00:00,7.5,187.5,-172.5,82.5,-97.5,122.5,212.5,32.5,72.5,-17.5,220.0,250.0,190.0,195.0,165.0,-30.0,0.0,-60.0,-17.5,-47.5,-30.0,0.0,-60.0,-17.5,-47.5,0.0,0.0,0.0,0.0,0.0,0.0,0.0,0.0,0.0,0.0,0.0,0.0,0.0,0.0,0.0,0.0,0.0,0.0,0.0,0.0,0.0,0.0,0.0,0.0,0.0,220.0,250.0,190.0,195.0,165.0
2019-02-06 00:00:00+00:00,-12.5,137.5,-162.5,-25.0,-175.0,-85.0,-25.0,-145.0,-47.5,-107.5,27.5,87.5,-32.5,65.0,5.0,-102.5,-12.5,-192.5,-102.5,-192.5,-102.5,-12.5,-192.5,-102.5,-192.5,-47.5,12.5,-107.5,-110.0,-170.0,-35.0,25.0,-95.0,15.0,-45.0,-42.5,-12.5,-72.5,-17.5,-47.5,7.5,37.5,-22.5,20.0,-10.0,0.0,0.0,0.0,0.0,0.0,95.0,125.0,65.0,45.0,15.0
2019-02-07 00:00:00+00:00,-262.5,-112.5,-412.5,-387.5,-537.5,-227.5,-137.5,-317.5,-440.0,-530.0,-80.0,-50.0,-110.0,-155.0,-185.0,-532.5,-412.5,-652.5,-532.5,-652.5,-577.5,-487.5,-667.5,-565.0,-655.0,-327.5,-237.5,-417.5,-177.5,-267.5,-540.0,-450.0,-630.0,-565.0,-655.0,-522.5,-462.5,-582.5,-497.5,-557.5,-285.0,-225.0,-345.0,-297.5,-357.5,0.0,0.0,0.0,0.0,0.0,-617.5,-587.5,-647.5,-655.0,-685.0
2019-02-08 00:00:00+00:00,-90.0,0.0,-180.0,-165.0,-255.0,-282.5,-162.5,-402.5,-295.0,-415.0,-252.5,-162.5,-342.5,-140.0,-230.0,-377.5,-287.5,-467.5,-277.5,-367.5,-377.5,-287.5,-467.5,2.5,-57.5,-10.0,50.0,-70.0,27.5,-32.5,-277.5,-187.5,-367.5,40.0,-20.0,15.0,75.0,-45.0,27.5,-32.5,27.5,87.5,-32.5,27.5,-32.5,0.0,0.0,0.0,0.0,0.0,-430.0,-400.0,-460.0,-430.0,-460.0
2019-02-11 00:00:00+00:00,-157.5,-37.5,-277.5,-382.5,-502.5,-432.5,-312.5,-552.5,-295.0,-415.0,-110.0,-50.0,-170.0,-310.0,-370.0,-250.0,-100.0,-400.0,-62.5,-212.5,-140.0,-50.0,-230.0,-40.0,-130.0,-77.5,12.5,-167.5,-77.5,-167.5,-227.5,-137.5,-317.5,-315.0,-405.0,-227.5,-137.5,-317.5,-315.0,-405.0,-77.5,12.5,-167.5,-177.5,-267.5,0.0,0.0,0.0,0.0,0.0,-267.5,-237.5,-297.5,-355.0,-385.0
2019-02-12 00:00:00+00:00,-262.5,-112.5,-412.5,-200.0,-350.0,-120.0,0.0,-240.0,-7.5,-127.5,-82.5,37.5,-202.5,-82.5,-202.5,-2.5,87.5,-92.5,22.5,-67.5,27.5,87.5,-32.5,40.0,-20.0,-5.0,25.0,-35.0,32.5,2.5,-17.5,12.5,-47.5,7.5,-22.5,-17.5,12.5,-47.5,7.5,-22.5,0.0,0.0,0.0,0.0,0.0,0.0,0.0,0.0,0.0,0.0,120.0,150.0,90.0,95.0,65.0
2019-02-13 00:00:00+00:00,-212.5,-62.5,-362.5,-137.5,-287.5,-165.0,-75.0,-255.0,-52.5,-142.5,2.5,62.5,-57.5,-22.5,-82.5,-100.0,50.0,-250.0,-200.0,-350.0,-90.0,0.0,-180.0,-140.0,-230.0,-90.0,0.0,-180.0,-140.0,-230.0,-160.0,-100.0,-220.0,-197.5,-257.5,-110.0,-50.0,-170.0,-160.0,-220.0,-110.0,-50.0,-170.0,-160.0,-220.0,0.0,0.0,0.0,0.0,0.0,-30.0,0.0,-60.0,-67.5,-97.5
2019-02-14 00:00:00+00:00,-112.5,37.5,-262.5,-137.5,-287.5,-60.0,0.0,-120.0,-135.0,-195.0,-20.0,100.0,-140.0,-270.0,-390.0,-132.5,-12.5,-252.5,-20.0,-140.0,-90.0,0.0,-180.0,35.0,-55.0,-60.0,0.0,-120.0,2.5,-57.5,-72.5,-12.5,-132.5,40.0,-20.0,-47.5,12.5,-107.5,-35.0,-95.0,2.5,62.5,-57.5,102.5,42.5,0.0,0.0,0.0,0.0,0.0,45.0,75.0,15.0,45.0,15.0
2019-02-15 00:00:00+00:00,230.0,350.0,110.0,342.5,222.5,410.0,500.0,320.0,497.5,407.5,570.0,600.0,540.0,545.0,515.0,52.5,112.5,-7.5,52.5,-7.5,70.0,100.0,40.0,-55.0,-85.0,0.0,0.0,0.0,0.0,0.0,70.0,100.0,40.0,-55.0,-85.0,0.0,0.0,0.0,0.0,0.0,0.0,0.0,0.0,0.0,0.0,0.0,0.0,0.0,0.0,0.0,570.0,600.0,540.0,545.0,515.0
2019-02-18 00:00:00+00:00,-150.0,0.0,-300.0,-125.0,-275.0,-165.0,-75.0,-255.0,-90.0,-180.0,-17.5,12.5,-47.5,-5.0,-35.0,-175.0,-25.0,-325.0,-145.0,-265.0,-120.0,0.0,-240.0,-77.5,-167.5,-77.5,12.5,-167.5,-72.5,-132.5,-122.5,-62.5,-182.5,-55.0,-85.0,-122.5,-62.5,-182.5,-55.0,-85.0,-17.5,12.5,-47.5,20.0,-10.0,0.0,0.0,0.0,0.0,0.0,-80.0,-50.0,-110.0,-42.5,-72.5
2019-02-19 00:00:00+00:00,-412.5,-262.5,-562.5,-375.0,-525.0,-517.5,-337.5,-697.5,-480.0,-660.0,-370.0,-250.0,-490.0,-445.0,-565.0,-382.5,-262.5,-502.5,-332.5,-452.5,-282.5,-162.5,-402.5,-157.5,-277.5,-152.5,-62.5,-242.5,-127.5,-217.5,-307.5,-187.5,-427.5,-182.5,-302.5,-302.5,-212.5,-392.5,-140.0,-230.0,-285.0,-225.0,-345.0,-147.5,-207.5,0.0,0.0,0.0,0.0,0.0,-517.5,-487.5,-547.5,-455.0,-485.0
2019-02-20 00:00:00+00:00,-252.5,-162.5,-342.5,-265.0,-355.0,-227.5,-137.5,-317.5,-227.5,-317.5,15.0,75.0,-45.0,-160.0,-220.0,-107.5,12.5,-227.5,-132.5,-252.5,-127.5,-37.5,-217.5,-127.5,-217.5,-97.5,-37.5,-157.5,-72.5,-132.5,-52.5,37.5,-142.5,-127.5,-217.5,-52.5,37.5,-142.5,-127.5,-217.5,-92.5,-62.5,-122.5,-80.0,-110.0,0.0,0.0,0.0,0.0,0.0,-105.0,-75.0,-135.0,-180.0,-210.0
2019-02-21 00:00:00+00:00,-275.0,-125.0,-425.0,-262.5,-412.5,-282.5,-162.5,-402.5,-232.5,-352.5,-215.0,-125.0,-305.0,-227.5,-317.5,35.0,125.0,-55.0,72.5,-17.5,135.0,225.0,45.0,85.0,-5.0,115.0,175.0,55.0,52.5,-7.5,35.0,125.0,-55.0,-27.5,-117.5,97.5,187.5,7.5,47.5,-42.5,160.0,250.0,70.0,47.5,-42.5,0.0,0.0,0.0,0.0,0.0,-117.5,-87.5,-147.5,-105.0,-135.0
2019-02-22 00:00:00+00:00,-292.5,-112.5,-472.5,20.0,-160.0,-20.0,100.0,-140.0,105.0,-15.0,60.0,150.0,-30.0,197.5,107.5,22.5,112.5,-67.5,-40.0,-130.0,-35.0,25.0,-95.0,-60.0,-120.0,0.0,0.0,0.0,0.0,0.0,45.0,75.0,15.0,32.5,2.5,0.0,0.0,0.0,0.0,0.0,0.0,0.0,0.0,0.0,0.0,0.0,0.0,0.0,0.0,0.0,120.0,150.0,90.0,232.5,202.5
2019-02-25 00:00:00+00:00,-130.0,50.0,-310.0,-12.5,-162.5,65.0,125.0,5.0,90.0,30.0,95.0,125.0,65.0,95.0,65.0,10.0,100.0,-80.0,-90.0,-180.0,2.5,62.5,-57.5,-35.0,-95.0,2.5,62.5,-57.5,-35.0,-95.0,57.5,87.5,27.5,20.0,-10.0,0.0,0.0,0.0,0.0,0.0,0.0,0.0,0.0,0.0,0.0,0.0,0.0,0.0,0.0,0.0,145.0,175.0,115.0,145.0,115.0
2019-02-26 00:00:00+00:00,-27.5,62.5,-117.5,-77.5,-167.5,-90.0,0.0,-180.0,10.0,-80.0,-337.5,-187.5,-487.5,-357.5,-477.5,-87.5,62.5,-237.5,-62.5,-212.5,-62.5,87.5,-212.5,-100.0,-250.0,-77.5,12.5,-167.5,10.0,-80.0,-97.5,-37.5,-157.5,-122.5,-182.5,-97.5,-37.5,-157.5,-122.5,-182.5,2.5,62.5,-57.5,2.5,-57.5,0.0,0.0,0.0,0.0,0.0,7.5,37.5,-22.5,-42.5,-72.5
2019-02-27 00:00:00+00:00,-150.0,0.0,-300.0,-25.0,-175.0,-127.5,-37.5,-217.5,35.0,-55.0,15.0,75.0,-45.0,77.5,17.5,17.5,137.5,-102.5,-32.5,-152.5,10.0,100.0,-80.0,-2.5,-92.5,2.5,62.5,-57.5,2.5,-57.5,40.0,100.0,-20.0,27.5,-32.5,32.5,62.5,2.5,32.5,2.5,32.5,62.5,2.5,32.5,2.5,0.0,0.0,0.0,0.0,0.0,145.0,175.0,115.0,132.5,102.5
2019-02-28 00:00:00+00:00,-175.0,-25.0,-325.0,-162.5,-312.5,-140.0,-50.0,-230.0,-77.5,-167.5,-102.5,-12.5,-192.5,-115.0,-205.0,47.5,137.5,-42.5,-40.0,-130.0,47.5,137.5,-42.5,-40.0,-130.0,47.5,137.5,-42.5,-40.0,-130.0,-10.0,50.0,-70.0,15.0,-45.0,20.0,50.0,-10.0,-5.0,-35.0,20.0,50.0,-10.0,-5.0,-35.0,0.0,0.0,0.0,0.0,0.0,32.5,62.5,2.5,45.0,15.0
2019-03-01 00:00:00+00:00,-260.0,-50.0,-470.0,-210.0,-420.0,-175.0,-25.0,-325.0,-187.5,-337.5,-187.5,-37.5,-337.5,-125.0,-275.0,-117.5,62.5,-297.5,-155.0,-335.0,-65.0,25.0,-155.0,-90.0,-180.0,-5.0,25.0,-35.0,-42.5,-72.5,-15.0,75.0,-105.0,-77.5,-167.5,7.5,37.5,-22.5,-30.0,-60.0,0.0,0.0,0.0,0.0,0.0,0.0,0.0,0.0,0.0,0.0,7.5,37.5,-22.5,57.5,27.5
2019-03-04 00:00:00+00:00,-162.5,-12.5,-312.5,-150.0,-300.0,-255.0,-75.0,-435.0,-200.0,-350.0,-375.0,-225.0,-525.0,-132.5,-252.5,-197.5,-137.5,-257.5,-235.0,-295.0,-160.0,-100.0,-220.0,-160.0,-220.0,-122.5,-62.5,-182.5,-210.0,-270.0,-140.0,-50.0,-230.0,-115.0,-205.0,-135.0,-75.0,-195.0,-110.0,-170.0,-10.0,50.0,-70.0,-60.0,-120.0,0.0,0.0,0.0,0.0,0.0,-205.0,-175.0,-235.0,-180.0,-210.0
2019-03-05 00:00:00+00:00,-360.0,-150.0,-570.0,-305.0,-485.0,-122.5,-62.5,-182.5,-22.5,-82.5,-110.0,-50.0,-170.0,-85.0,-145.0,-32.5,87.5,-152.5,-32.5,-152.5,5.0,125.0,-115.0,-45.0,-165.0,2.5,62.5,-57.5,2.5,-57.5,-97.5,-37.5,-157.5,-85.0,-145.0,-60.0,0.0,-120.0,-97.5,-157.5,-30.0,0.0,-60.0,-67.5,-97.5,0.0,0.0,0.0,0.0,0.0,-117.5,-87.5,-147.5,-80.0,-110.0
2019-03-06 00:00:00+00:00,-152.5,-62.5,-242.5,-177.5,-267.5,-140.0,-50.0,-230.0,-102.5,-192.5,-147.5,-87.5,-207.5,-122.5,-182.5,22.5,112.5,-67.5,35.0,-55.0,47.5,137.5,-42.5,-2.5,-92.5,65.0,125.0,5.0,27.5,-32.5,102.5,162.5,42.5,90.0,30.0,102.5,162.5,42.5,90.0,30.0,140.0,200.0,80.0,52.5,-7.5,0.0,0.0,0.0,0.0,0.0,45.0,75.0,15.0,70.0,40.0
2019-03-07 00:00:00+00:00,-280.0,-100.0,-460.0,-280.0,-460.0,-162.5,-12.5,-312.5,-250.0,-400.0,-125.0,25.0,-275.0,-187.5,-337.5,35.0,125.0,-55.0,-52.5,-142.5,27.5,87.5,-32.5,-110.0,-170.0,7.5,37.5,-22.5,-42.5,-72.5,52.5,112.5,-7.5,-10.0,-70.0,27.5,87.5,-32.5,-85.0,-145.0,0.0,0.0,0.0,0.0,0.0,0.0,0.0,0.0,0.0,0.0,7.5,37.5,-22.5,-55.0,-85.0
2019-03-08 00:00:00+00:00,-237.5,-87.5,-387.5,-262.5,-412.5,-110.0,-50.0,-170.0,-210.0,-270.0,-200.0,-50.0,-350.0,-337.5,-487.5,-7.5,112.5,-127.5,-7.5,-127.5,2.5,62.5,-57.5,77.5,17.5,15.0,75.0,-45.0,90.0,30.0,2.5,62.5,-57.5,77.5,17.5,15.0,75.0,-45.0,90.0,30.0,102.5,162.5,42.5,190.0,130.0,0.0,0.0,0.0,0.0,0.0,-80.0,-50.0,-110.0,-155.0,-185.0
2019-03-11 00:00:00+00:00,-225.0,-75.0,-375.0,-200.0,-350.0,2.5,62.5,-57.5,-22.5,-82.5,-35.0,25.0,-95.0,-97.5,-157.5,10.0,100.0,-80.0,110.0,20.0,10.0,100.0,-80.0,110.0,20.0,27.5,87.5,-32.5,40.0,-20.0,22.5,112.5,-67.5,135.0,45.0,47.5,137.5,-42.5,147.5,57.5,32.5,62.5,2.5,32.5,2.5,0.0,0.0,0.0,0.0,0.0,157.5,187.5,127.5,132.5,102.5
2019-03-12 00:00:00+00:00,-270.0,-150.0,-390.0,-307.5,-427.5,-140.0,-50.0,-230.0,-152.5,-242.5,-192.5,-162.5,-222.5,-242.5,-272.5,-320.0,-200.0,-440.0,-320.0,-440.0,-285.0,-225.0,-345.0,-310.0,-370.0,-197.5,-137.5,-257.5,-160.0,-220.0,-267.5,-237.5,-297.5,-280.0,-310.0,-267.5,-237.5,-297.5,-280.0,-310.0,-267.5,-237.5,-297.5,-280.0,-310.0,0.0,0.0,0.0,0.0,0.0,-330.0,-300.0,-360.0,-417.5,-447.5
2019-03-13 00:00:00+00:00,-250.0,-100.0,-400.0,-237.5,-387.5,-317.5,-137.5,-497.5,-92.5,-272.5,2.5,62.5,-57.5,65.0,5.0,47.5,137.5,-42.5,10.0,-80.0,47.5,137.5,-42.5,10.0,-80.0,77.5,137.5,17.5,27.5,-32.5,32.5,62.5,2.5,20.0,-10.0,32.5,62.5,2.5,20.0,-10.0,0.0,0.0,0.0,0.0,0.0,0.0,0.0,0.0,0.0,0.0,120.0,150.0,90.0,170.0,140.0
2019-03-14 00:00:00+00:00,-470.0,-350.0,-590.0,-382.5,-502.5,-390.0,-300.0,-480.0,-377.5,-467.5,-342.5,-312.5,-372.5,-305.0,-335.0,-247.5,-187.5,-307.5,-235.0,-295.0,-210.0,-150.0,-270.0,-197.5,-257.5,-205.0,-175.0,-235.0,-230.0,-260.0,-142.5,-112.5,-172.5,-192.5,-222.5,-142.5,-112.5,-172.5,-192.5,-222.5,-142.5,-112.5,-172.5,-192.5,-222.5,0.0,0.0,0.0,0.0,0.0,-417.5,-387.5,-447.5,-417.5,-447.5
2019-03-18 00:00:00+00:00,47.5,137.5,-42.5,-15.0,-105.0,-2.5,87.5,-92.5,-40.0,-130.0,132.5,162.5,102.5,57.5,27.5,-47.5,12.5,-107.5,-22.5,-82.5,-47.5,12.5,-107.5,-22.5,-82.5,-47.5,12.5,-107.5,-22.5,-82.5,-10.0,50.0,-70.0,27.5,-32.5,-10.0,50.0,-70.0,27.5,-32.5,-10.0,50.0,-70.0,27.5,-32.5,0.0,0.0,0.0,0.0,0.0,32.5,62.5,2.5,32.5,2.5
2019-03-19 00:00:00+00:00,130.0,250.0,10.0,80.0,-40.0,72.5,162.5,-17.5,35.0,-55.0,15.0,75.0,-45.0,15.0,-45.0,-140.0,-50.0,-230.0,-72.5,-132.5,-102.5,-12.5,-192.5,-60.0,-120.0,-92.5,-62.5,-122.5,0.0,0.0,2.5,62.5,-57.5,-60.0,-120.0,0.0,0.0,0.0,0.0,0.0,0.0,0.0,0.0,0.0,0.0,0.0,0.0,0.0,0.0,0.0,95.0,125.0,65.0,107.5,77.5
2019-03-20 00:00:00+00:00,-362.5,-212.5,-512.5,-125.0,-275.0,-147.5,-87.5,-207.5,-17.5,-47.5,-185.0,-125.0,-245.0,-110.0,-170.0,-202.5,-112.5,-292.5,-327.5,-417.5,-202.5,-112.5,-292.5,-327.5,-417.5,-152.5,-62.5,-242.5,-277.5,-367.5,-292.5,-262.5,-322.5,-255.0,-285.0,-292.5,-262.5,-322.5,-255.0,-285.0,-255.0,-225.0,-285.0,-192.5,-222.5,0.0,0.0,0.0,0.0,0.0,-380.0,-350.0,-410.0,-242.5,-272.5
2019-03-21 00:00:00+00:00,-275.0,-125.0,-425.0,-287.5,-437.5,-282.5,-162.5,-402.5,-307.5,-427.5,-150.0,0.0,-300.0,-250.0,-400.0,-245.0,-125.0,-365.0,-257.5,-377.5,-227.5,-137.5,-317.5,-152.5,-242.5,-247.5,-187.5,-307.5,-160.0,-220.0,-220.0,-100.0,-340.0,-220.0,-340.0,-335.0,-275.0,-395.0,-285.0,-345.0,-255.0,-225.0,-285.0,-130.0,-160.0,0.0,0.0,0.0,0.0,0.0,-292.5,-262.5,-322.5,-330.0,-360.0
2019-03-22 00:00:00+00:00,-337.5,-187.5,-487.5,-312.5,-462.5,-140.0,-50.0,-230.0,-152.5,-242.5,-122.5,-62.5,-182.5,-160.0,-220.0,30.0,150.0,-90.0,-145.0,-265.0,55.0,175.0,-65.0,-95.0,-215.0,0.0,0.0,0.0,0.0,0.0,-102.5,-12.5,-192.5,-252.5,-342.5,-47.5,12.5,-107.5,-210.0,-270.0,0.0,0.0,0.0,0.0,0.0,0.0,0.0,0.0,0.0,0.0,-105.0,-75.0,-135.0,-192.5,-222.5
2019-03-25 00:00:00+00:00,-102.5,-12.5,-192.5,-152.5,-242.5,-152.5,-62.5,-242.5,-27.5,-117.5,10.0,100.0,-80.0,-202.5,-292.5,17.5,137.5,-102.5,-182.5,-302.5,-10.0,50.0,-70.0,-97.5,-157.5,27.5,87.5,-32.5,-35.0,-95.0,52.5,112.5,-7.5,-47.5,-107.5,-42.5,-12.5,-72.5,-167.5,-197.5,-5.0,25.0,-35.0,-105.0,-135.0,0.0,0.0,0.0,0.0,0.0,-55.0,-25.0,-85.0,-117.5,-147.5
2019-03-26 00:00:00+00:00,67.5,187.5,-52.5,30.0,-90.0,340.0,400.0,280.0,302.5,242.5,245.0,275.0,215.0,245.0,215.0,42.5,162.5,-77.5,-40.0,-130.0,-35.0,25.0,-95.0,70.0,40.0,0.0,0.0,0.0,0.0,0.0,82.5,112.5,52.5,-80.0,-110.0,82.5,112.5,52.5,-80.0,-110.0,0.0,0.0,0.0,0.0,0.0,0.0,0.0,0.0,0.0,0.0,507.5,537.5,477.5,407.5,377.5
2019-03-27 00:00:00+00:00,-145.0,-25.0,-265.0,-357.5,-477.5,-190.0,-100.0,-280.0,-440.0,-530.0,-217.5,-187.5,-247.5,-305.0,-335.0,-420.0,-300.0,-540.0,-232.5,-352.5,-320.0,-200.0,-440.0,-270.0,-390.0,-185.0,-125.0,-245.0,-85.0,-145.0,-422.5,-362.5,-482.5,-335.0,-395.0,-422.5,-362.5,-482.5,-335.0,-395.0,-380.0,-350.0,-410.0,-255.0,-285.0,0.0,0.0,0.0,0.0,0.0,-305.0,-275.0,-335.0,-355.0,-385.0
2019-03-28 00:00:00+00:00,-320.0,-200.0,-440.0,-195.0,-315.0,-655.0,-475.0,-835.0,-280.0,-460.0,40.0,100.0,-20.0,140.0,80.0,-12.5,137.5,-162.5,-25.0,-175.0,75.0,225.0,-75.0,75.0,-75.0,-30.0,0.0,-60.0,-42.5,-72.5,-72.5,-12.5,-132.5,-22.5,-82.5,-130.0,-100.0,-160.0,-130.0,-160.0,-80.0,-50.0,-110.0,-217.5,-247.5,0.0,0.0,0.0,0.0,0.0,-192.5,-162.5,-222.5,-130.0,-160.0
2019-03-29 00:00:00+00:00,285.0,375.0,195.0,272.5,182.5,185.0,275.0,95.0,235.0,145.0,277.5,337.5,217.5,177.5,117.5,-27.5,62.5,-117.5,85.0,-5.0,-27.5,62.5,-117.5,85.0,-5.0,60.0,150.0,-30.0,47.5,-42.5,-2.5,87.5,-92.5,135.0,45.0,65.0,125.0,5.0,127.5,67.5,65.0,125.0,5.0,127.5,67.5,0.0,0.0,0.0,0.0,0.0,420.0,450.0,390.0,382.5,352.5
2019-04-01 00:00:00+00:00,-275.0,-125.0,-425.0,-175.0,-325.0,-72.5,-12.5,-132.5,77.5,17.5,-140.0,-50.0,-230.0,-177.5,-267.5,-195.0,-75.0,-315.0,-170.0,-290.0,-145.0,-25.0,-265.0,-282.5,-402.5,-35.0,25.0,-95.0,-85.0,-145.0,-60.0,0.0,-120.0,-110.0,-170.0,-60.0,0.0,-120.0,-110.0,-170.0,-35.0,25.0,-95.0,-122.5,-182.5,0.0,0.0,0.0,0.0,0.0,-142.5,-112.5,-172.5,-130.0,-160.0
2019-04-02 00:00:00+00:00,-222.5,-12.5,-432.5,-97.5,-307.5,35.0,125.0,-55.0,10.0,-80.0,52.5,112.5,-7.5,90.0,30.0,-7.5,112.5,-127.5,-107.5,-227.5,15.0,75.0,-45.0,-22.5,-82.5,45.0,75.0,15.0,7.5,-22.5,45.0,75.0,15.0,7.5,-22.5,45.0,75.0,15.0,7.5,-22.5,45.0,75.0,15.0,7.5,-22.5,0.0,0.0,0.0,0.0,0.0,157.5,187.5,127.5,157.5,127.5
2019-04-03 00:00:00+00:00,-100.0,50.0,-250.0,-62.5,-212.5,-125.0,25.0,-275.0,25.0,-125.0,-40.0,50.0,-130.0,-40.0,-130.0,-32.5,87.5,-152.5,-145.0,-265.0,-27.5,62.5,-117.5,-77.5,-167.5,-27.5,62.5,-117.5,-77.5,-167.5,-2.5,87.5,-92.5,-40.0,-130.0,-10.0,50.0,-70.0,-47.5,-107.5,-10.0,50.0,-70.0,-47.5,-107.5,0.0,0.0,0.0,0.0,0.0,20.0,50.0,-10.0,70.0,40.0
2019-04-04 00:00:00+00:00,-145.0,-25.0,-265.0,-145.0,-265.0,-200.0,-50.0,-350.0,-287.5,-437.5,85.0,175.0,-5.0,-35.0,-95.0,10.0,100.0,-80.0,35.0,-55.0,27.5,87.5,-32.5,65.0,5.0,0.0,0.0,0.0,0.0,0.0,-10.0,50.0,-70.0,15.0,-45.0,0.0,0.0,0.0,0.0,0.0,0.0,0.0,0.0,0.0,0.0,0.0,0.0,0.0,0.0,0.0,32.5,62.5,2.5,57.5,27.5
2019-04-08 00:00:00+00:00,-175.0,-25.0,-325.0,-125.0,-275.0,-145.0,-25.0,-265.0,-132.5,-252.5,-60.0,0.0,-120.0,-22.5,-82.5,50.0,200.0,-100.0,-12.5,-162.5,85.0,175.0,-5.0,35.0,-55.0,7.5,37.5,-22.5,-5.0,-35.0,72.5,162.5,-17.5,-2.5,-92.5,32.5,62.5,2.5,20.0,-10.0,0.0,0.0,0.0,0.0,0.0,0.0,0.0,0.0,0.0,0.0,70.0,100.0,40.0,57.5,27.5
2019-04-09 00:00:00+00:00,-342.5,-162.5,-522.5,-255.0,-435.0,-312.5,-162.5,-462.5,-187.5,-337.5,-257.5,-137.5,-377.5,-145.0,-265.0,42.5,162.5,-77.5,-32.5,-152.5,42.5,162.5,-77.5,-32.5,-152.5,60.0,150.0,-30.0,-15.0,-105.0,22.5,112.5,-67.5,-115.0,-205.0,-60.0,0.0,-120.0,-85.0,-145.0,7.5,37.5,-22.5,-30.0,-60.0,0.0,0.0,0.0,0.0,0.0,-105.0,-75.0,-135.0,-105.0,-135.0
2019-04-10 00:00:00+00:00,-20.0,100.0,-140.0,5.0,-115.0,-90.0,0.0,-180.0,-27.5,-117.5,52.5,112.5,-7.5,15.0,-45.0,-27.5,62.5,-117.5,-27.5,-117.5,-27.5,62.5,-117.5,-27.5,-117.5,7.5,37.5,-22.5,-5.0,-35.0,7.5,37.5,-22.5,-5.0,-35.0,7.5,37.5,-22.5,-5.0,-35.0,7.5,37.5,-22.5,-5.0,-35.0,0.0,0.0,0.0,0.0,0.0,132.5,162.5,102.5,107.5,77.5
2019-04-11 00:00:00+00:00,30.0,150.0,-90.0,92.5,-27.5,127.5,187.5,67.5,115.0,55.0,157.5,187.5,127.5,170.0,140.0,-42.5,-12.5,-72.5,-67.5,-97.5,-42.5,-12.5,-72.5,-67.5,-97.5,0.0,0.0,0.0,0.0,0.0,0.0,0.0,0.0,0.0,0.0,0.0,0.0,0.0,0.0,0.0,0.0,0.0,0.0,0.0,0.0,0.0,0.0,0.0,0.0,0.0,195.0,225.0,165.0,170.0,140.0
2019-04-12 00:00:00+00:00,-100.0,50.0,-250.0,-150.0,-300.0,-170.0,-50.0,-290.0,-120.0,-240.0,-10.0,50.0,-70.0,-47.5,-107.5,-27.5,62.5,-117.5,-27.5,-117.5,-27.5,62.5,-117.5,-27.5,-117.5,-5.0,25.0,-35.0,32.5,2.5,52.5,112.5,-7.5,-22.5,-82.5,20.0,50.0,-10.0,-30.0,-60.0,0.0,0.0,0.0,0.0,0.0,0.0,0.0,0.0,0.0,0.0,82.5,112.5,52.5,82.5,52.5
2019-04-15 00:00:00+00:00,-205.0,-25.0,-385.0,-162.5,-312.5,-120.0,0.0,-240.0,-132.5,-252.5,-10.0,50.0,-70.0,-35.0,-95.0,47.5,137.5,-42.5,-40.0,-130.0,47.5,137.5,-42.5,-27.5,-117.5,-5.0,25.0,-35.0,-5.0,-35.0,60.0,150.0,-30.0,47.5,-42.5,65.0,125.0,5.0,65.0,5.0,45.0,75.0,15.0,45.0,15.0,0.0,0.0,0.0,0.0,0.0,20.0,50.0,-10.0,20.0,-10.0
2019-04-16 00:00:00+00:00,-347.5,-137.5,-557.5,-122.5,-332.5,-242.5,-62.5,-422.5,-142.5,-322.5,-205.0,-25.0,-385.0,-105.0,-285.0,-75.0,75.0,-225.0,-212.5,-362.5,-27.5,62.5,-117.5,-165.0,-255.0,15.0,75.0,-45.0,-60.0,-120.0,-5.0,25.0,-35.0,-30.0,-60.0,-5.0,25.0,-35.0,-30.0,-60.0,7.5,37.5,-22.5,-17.5,-47.5,0.0,0.0,0.0,0.0,0.0,-80.0,-50.0,-110.0,-55.0,-85.0
2019-04-17 00:00:00+00:00,-192.5,-12.5,-372.5,-267.5,-447.5,-162.5,-12.5,-312.5,-112.5,-262.5,-112.5,37.5,-262.5,-150.0,-300.0,-65.0,25.0,-155.0,-15.0,-105.0,-65.0,25.0,-155.0,-40.0,-130.0,-35.0,25.0,-95.0,-35.0,-95.0,-27.5,62.5,-117.5,-27.5,-117.5,2.5,62.5,-57.5,-10.0,-70.0,2.5,62.5,-57.5,-35.0,-95.0,0.0,0.0,0.0,0.0,0.0,95.0,125.0,65.0,45.0,15.0
2019-04-18 00:00:00+00:00,-147.5,62.5,-357.5,-30.0,-210.0,-67.5,112.5,-247.5,-37.5,-187.5,102.5,162.5,42.5,90.0,30.0,-40.0,50.0,-130.0,-2.5,-92.5,-22.5,37.5,-82.5,15.0,-45.0,-5.0,25.0,-35.0,45.0,15.0,7.5,37.5,-22.5,20.0,-10.0,-17.5,12.5,-47.5,20.0,-10.0,0.0,0.0,0.0,0.0,0.0,0.0,0.0,0.0,0.0,0.0,182.5,212.5,152.5,207.5,177.5
2019-04-22 00:00:00+00:00,-157.5,-37.5,-277.5,-145.0,-265.0,-95.0,25.0,-215.0,-157.5,-277.5,-115.0,-25.0,-205.0,-140.0,-230.0,-132.5,-12.5,-252.5,-82.5,-202.5,-97.5,-37.5,-157.5,2.5,-57.5,-47.5,12.5,-107.5,27.5,-32.5,-102.5,-12.5,-192.5,-40.0,-130.0,-102.5,-12.5,-192.5,-40.0,-130.0,7.5,37.5,-22.5,7.5,-22.5,0.0,0.0,0.0,0.0,0.0,32.5,62.5,2.5,20.0,-10.0
2019-04-23 00:00:00+00:00,-145.0,-25.0,-265.0,-132.5,-252.5,110.0,200.0,20.0,60.0,-30.0,122.5,212.5,32.5,35.0,-55.0,-102.5,-12.5,-192.5,-102.5,-192.5,-92.5,-62.5,-122.5,-80.0,-110.0,-92.5,-62.5,-122.5,-67.5,-97.5,-97.5,-37.5,-157.5,-85.0,-145.0,-80.0,-50.0,-110.0,-67.5,-97.5,-80.0,-50.0,-110.0,-67.5,-97.5,0.0,0.0,0.0,0.0,0.0,145.0,175.0,115.0,82.5,52.5
2019-04-24 00:00:00+00:00,-70.0,50.0,-190.0,-57.5,-177.5,145.0,175.0,115.0,95.0,65.0,52.5,112.5,-7.5,102.5,42.5,-72.5,-12.5,-132.5,-47.5,-107.5,-72.5,-12.5,-132.5,-47.5,-107.5,-42.5,-12.5,-72.5,-17.5,-47.5,27.5,87.5,-32.5,-22.5,-82.5,40.0,100.0,-20.0,-47.5,-107.5,32.5,62.5,2.5,-5.0,-35.0,0.0,0.0,0.0,0.0,0.0,95.0,125.0,65.0,70.0,40.0
2019-04-25 00:00:00+00:00,-287.5,-137.5,-437.5,-207.5,-327.5,-152.5,-62.5,-242.5,-215.0,-305.0,-152.5,-62.5,-242.5,-315.0,-405.0,-22.5,37.5,-82.5,-47.5,-107.5,-22.5,37.5,-82.5,-47.5,-107.5,2.5,62.5,-57.5,2.5,-57.5,52.5,112.5,-7.5,52.5,-7.5,52.5,112.5,-7.5,52.5,-7.5,52.5,112.5,-7.5,77.5,17.5,0.0,0.0,0.0,0.0,0.0,-5.0,25.0,-35.0,-67.5,-97.5
2019-04-26 00:00:00+00:00,-57.5,62.5,-177.5,-70.0,-190.0,15.0,75.0,-45.0,-22.5,-82.5,32.5,62.5,2.5,20.0,-10.0,-70.0,50.0,-190.0,-32.5,-152.5,-65.0,25.0,-155.0,-40.0,-130.0,0.0,0.0,0.0,0.0,0.0,-35.0,25.0,-95.0,-122.5,-182.5,2.5,62.5,-57.5,-110.0,-170.0,7.5,37.5,-22.5,-5.0,-35.0,0.0,0.0,0.0,0.0,0.0,57.5,87.5,27.5,-17.5,-47.5
2019-04-29 00:00:00+00:00,-190.0,-100.0,-280.0,-127.5,-217.5,-147.5,-87.5,-207.5,-122.5,-182.5,-67.5,-37.5,-97.5,-80.0,-110.0,-207.5,-87.5,-327.5,-270.0,-390.0,-207.5,-87.5,-327.5,-270.0,-390.0,-147.5,-87.5,-207.5,-172.5,-232.5,-185.0,-125.0,-245.0,-185.0,-245.0,-172.5,-112.5,-232.5,-172.5,-232.5,-172.5,-112.5,-232.5,-172.5,-232.5,0.0,0.0,0.0,0.0,0.0,-217.5,-187.5,-247.5,-242.5,-272.5
2019-05-01 00:00:00+00:00,-127.5,-37.5,-217.5,-140.0,-230.0,-42.5,-12.5,-72.5,-42.5,-72.5,0.0,0.0,0.0,0.0,0.0,-145.0,-25.0,-265.0,-95.0,-215.0,-145.0,-25.0,-265.0,-70.0,-190.0,-65.0,25.0,-155.0,-15.0,-105.0,-117.5,-87.5,-147.5,-105.0,-135.0,-117.5,-87.5,-147.5,-105.0,-135.0,-80.0,-50.0,-110.0,-80.0,-110.0,0.0,0.0,0.0,0.0,0.0,-117.5,-87.5,-147.5,-117.5,-147.5
2019-05-02 00:00:00+00:00,-312.5,-162.5,-462.5,-325.0,-475.0,-257.5,-137.5,-377.5,-32.5,-152.5,-97.5,-37.5,-157.5,-10.0,-70.0,-202.5,-112.5,-292.5,-140.0,-230.0,-135.0,-75.0,-195.0,-72.5,-132.5,27.5,87.5,-32.5,95.0,65.0,-110.0,-50.0,-170.0,-235.0,-295.0,-97.5,-37.5,-157.5,-272.5,-332.5,-35.0,25.0,-95.0,-260.0,-320.0,0.0,0.0,0.0,0.0,0.0,-117.5,-87.5,-147.5,-167.5,-197.5
2019-05-06 00:00:00+00:00,-12.5,137.5,-162.5,0.0,-150.0,147.5,237.5,57.5,122.5,32.5,207.5,237.5,177.5,220.0,190.0,22.5,112.5,-67.5,122.5,32.5,60.0,150.0,-30.0,85.0,-5.0,45.0,75.0,15.0,120.0,90.0,7.5,37.5,-22.5,95.0,65.0,7.5,37.5,-22.5,95.0,65.0,0.0,0.0,0.0,0.0,0.0,0.0,0.0,0.0,0.0,0.0,332.5,362.5,302.5,395.0,365.0
2019-05-07 00:00:00+00:00,-145.0,-25.0,-265.0,-232.5,-352.5,-185.0,-125.0,-245.0,-147.5,-207.5,-30.0,0.0,-60.0,-67.5,-97.5,-340.0,-250.0,-430.0,-252.5,-342.5,-265.0,-175.0,-355.0,-152.5,-242.5,-235.0,-175.0,-295.0,-172.5,-232.5,-302.5,-212.5,-392.5,-227.5,-317.5,-260.0,-200.0,-320.0,-235.0,-295.0,40.0,100.0,-20.0,65.0,5.0,0.0,0.0,0.0,0.0,0.0,-230.0,-200.0,-260.0,-430.0,-460.0
2019-05-08 00:00:00+00:00,-402.5,-312.5,-492.5,-415.0,-505.0,-597.5,-537.5,-657.5,-372.5,-432.5,-192.5,-162.5,-222.5,45.0,15.0,-390.0,-300.0,-480.0,-640.0,-730.0,-377.5,-287.5,-467.5,-565.0,-655.0,-247.5,-187.5,-307.5,-347.5,-407.5,-497.5,-437.5,-557.5,-597.5,-657.5,-497.5,-437.5,-557.5,-597.5,-657.5,-485.0,-425.0,-545.0,-522.5,-582.5,0.0,0.0,0.0,0.0,0.0,-830.0,-800.0,-860.0,-730.0,-760.0
2019-05-09 00:00:00+00:00,-145.0,-25.0,-265.0,-107.5,-227.5,-27.5,62.5,-117.5,-52.5,-142.5,-40.0,50.0,-130.0,10.0,-80.0,102.5,162.5,42.5,52.5,-7.5,102.5,162.5,42.5,52.5,-7.5,82.5,112.5,52.5,45.0,15.0,32.5,62.5,2.5,70.0,40.0,-17.5,12.5,-47.5,45.0,15.0,82.5,112.5,52.5,45.0,15.0,0.0,0.0,0.0,0.0,0.0,145.0,175.0,115.0,145.0,115.0
2019-05-10 00:00:00+00:00,-200.0,-50.0,-350.0,-312.5,-462.5,-147.5,-87.5,-207.5,-347.5,-407.5,-502.5,-412.5,-592.5,-315.0,-405.0,-515.0,-425.0,-605.0,-390.0,-480.0,-515.0,-425.0,-605.0,-390.0,-480.0,-485.0,-425.0,-545.0,-372.5,-432.5,-372.5,-312.5,-432.5,-335.0,-395.0,-285.0,-225.0,-345.0,-322.5,-382.5,-47.5,12.5,-107.5,-210.0,-270.0,0.0,0.0,0.0,0.0,0.0,-355.0,-325.0,-385.0,-480.0,-510.0
2019-05-13 00:00:00+00:00,-257.5,-137.5,-377.5,-257.5,-377.5,-302.5,-212.5,-392.5,-290.0,-380.0,7.5,37.5,-22.5,-167.5,-197.5,-112.5,37.5,-262.5,-50.0,-200.0,-40.0,50.0,-130.0,72.5,-17.5,-27.5,62.5,-117.5,72.5,-17.5,-122.5,-62.5,-182.5,-185.0,-245.0,40.0,100.0,-20.0,-122.5,-182.5,-10.0,50.0,-70.0,15.0,-45.0,0.0,0.0,0.0,0.0,0.0,-305.0,-275.0,-335.0,-430.0,-460.0
2019-05-14 00:00:00+00:00,-75.0,75.0,-225.0,-250.0,-400.0,0.0,150.0,-150.0,87.5,-62.5,177.5,237.5,117.5,190.0,130.0,297.5,387.5,207.5,185.0,95.0,202.5,262.5,142.5,127.5,67.5,0.0,0.0,0.0,0.0,0.0,70.0,100.0,40.0,132.5,102.5,45.0,75.0,15.0,70.0,40.0,0.0,0.0,0.0,0.0,0.0,0.0,0.0,0.0,0.0,0.0,320.0,350.0,290.0,295.0,265.0
2019-05-15 00:00:00+00:00,-170.0,-50.0,-290.0,-227.5,-317.5,-415.0,-325.0,-505.0,-540.0,-630.0,-382.5,-262.5,-502.5,-265.0,-355.0,-65.0,25.0,-155.0,-27.5,-117.5,-65.0,25.0,-155.0,-27.5,-117.5,-65.0,25.0,-155.0,-27.5,-117.5,-280.0,-250.0,-310.0,-130.0,-160.0,-280.0,-250.0,-310.0,-130.0,-160.0,-167.5,-137.5,-197.5,-55.0,-85.0,0.0,0.0,0.0,0.0,0.0,-355.0,-325.0,-385.0,-480.0,-510.0
2019-05-16 00:00:00+00:00,310.0,400.0,220.0,160.0,70.0,180.0,300.0,60.0,105.0,-15.0,445.0,475.0,415.0,507.5,477.5,22.5,112.5,-67.5,160.0,70.0,-72.5,-12.5,-132.5,152.5,92.5,-42.5,-12.5,-72.5,82.5,52.5,-30.0,0.0,-60.0,45.0,15.0,-5.0,25.0,-35.0,0.0,0.0,0.0,0.0,0.0,0.0,0.0,0.0,0.0,0.0,0.0,0.0,357.5,387.5,327.5,407.5,377.5
2019-05-17 00:00:00+00:00,-412.5,-262.5,-562.5,-132.5,-252.5,-72.5,-12.5,-132.5,-97.5,-157.5,-105.0,-75.0,-135.0,-117.5,-147.5,47.5,137.5,-42.5,-190.0,-280.0,47.5,137.5,-42.5,-190.0,-280.0,127.5,187.5,67.5,-210.0,-270.0,-202.5,-112.5,-292.5,-327.5,-417.5,-210.0,-150.0,-270.0,-447.5,-507.5,-192.5,-162.5,-222.5,-230.0,-260.0,0.0,0.0,0.0,0.0,0.0,-230.0,-200.0,-260.0,-230.0,-260.0
2019-05-20 00:00:00+00:00,-332.5,-212.5,-452.5,-632.5,-752.5,-565.0,-475.0,-655.0,-485.0,-545.0,-392.5,-362.5,-422.5,-530.0,-560.0,-90.0,0.0,-180.0,-265.0,-355.0,-90.0,0.0,-180.0,-265.0,-355.0,-180.0,-150.0,-210.0,-167.5,-197.5,-310.0,-250.0,-370.0,-235.0,-295.0,-310.0,-250.0,-370.0,-235.0,-295.0,-310.0,-250.0,-370.0,-235.0,-295.0,0.0,0.0,0.0,0.0,0.0,-680.0,-650.0,-710.0,-667.5,-697.5
2019-05-21 00:00:00+00:00,-317.5,-137.5,-497.5,-30.0,-210.0,415.0,475.0,355.0,215.0,155.0,90.0,150.0,30.0,140.0,80.0,102.5,162.5,42.5,-10.0,-70.0,-192.5,-162.5,-222.5,-205.0,-235.0,-192.5,-162.5,-222.5,-205.0,-235.0,102.5,162.5,42.5,-10.0,-70.0,152.5,212.5,92.5,-35.0,-95.0,-67.5,-37.5,-97.5,0.0,0.0,0.0,0.0,0.0,0.0,0.0,282.5,312.5,252.5,332.5,302.5
2019-05-22 00:00:00+00:00,47.5,137.5,-42.5,-27.5,-117.5,-15.0,75.0,-105.0,-115.0,-205.0,195.0,225.0,165.0,145.0,115.0,-265.0,-175.0,-355.0,-352.5,-442.5,-240.0,-150.0,-330.0,-340.0,-430.0,-110.0,-50.0,-170.0,-172.5,-232.5,-380.0,-350.0,-410.0,-342.5,-372.5,-380.0,-350.0,-410.0,-342.5,-372.5,-342.5,-312.5,-372.5,-292.5,-322.5,0.0,0.0,0.0,0.0,0.0,-230.0,-200.0,-260.0,-217.5,-247.5
2019-05-23 00:00:00+00:00,-20.0,100.0,-140.0,-132.5,-252.5,92.5,212.5,-27.5,-145.0,-265.0,-17.5,12.5,-47.5,95.0,65.0,-322.5,-262.5,-382.5,-22.5,-82.5,-405.0,-375.0,-435.0,-167.5,-197.5,-255.0,-225.0,-285.0,-117.5,-147.5,-205.0,-175.0,-235.0,-67.5,-97.5,-205.0,-175.0,-235.0,-67.5,-97.5,-205.0,-175.0,-235.0,-67.5,-97.5,0.0,0.0,0.0,0.0,0.0,-267.5,-237.5,-297.5,-130.0,-160.0
2019-05-24 00:00:00+00:00,-387.5,-237.5,-537.5,-275.0,-425.0,-320.0,-200.0,-440.0,-145.0,-265.0,-345.0,-225.0,-465.0,-70.0,-190.0,180.0,300.0,60.0,22.5,-67.5,242.5,362.5,122.5,72.5,-17.5,120.0,150.0,90.0,132.5,102.5,155.0,275.0,35.0,-170.0,-290.0,147.5,237.5,57.5,52.5,-7.5,120.0,150.0,90.0,132.5,102.5,0.0,0.0,0.0,0.0,0.0,-180.0,-150.0,-210.0,-117.5,-147.5
2019-05-28 00:00:00+00:00,-15.0,75.0,-105.0,10.0,-80.0,52.5,112.5,-7.5,-47.5,-107.5,-72.5,-12.5,-132.5,15.0,-45.0,-52.5,37.5,-142.5,-60.0,-120.0,-110.0,-50.0,-170.0,-17.5,-47.5,-110.0,-50.0,-170.0,-17.5,-47.5,-15.0,75.0,-105.0,-60.0,-120.0,52.5,112.5,-7.5,2.5,-57.5,-5.0,25.0,-35.0,45.0,15.0,0.0,0.0,0.0,0.0,0.0,157.5,187.5,127.5,270.0,240.0
2019-05-29 00:00:00+00:00,-52.5,37.5,-142.5,-90.0,-180.0,-60.0,0.0,-120.0,-35.0,-95.0,-122.5,-62.5,-182.5,-110.0,-170.0,-35.0,25.0,-95.0,102.5,42.5,15.0,75.0,-45.0,115.0,55.0,115.0,175.0,55.0,102.5,42.5,-47.5,12.5,-107.5,40.0,-20.0,52.5,112.5,-7.5,177.5,117.5,145.0,175.0,115.0,107.5,77.5,0.0,0.0,0.0,0.0,0.0,32.5,62.5,2.5,95.0,65.0
2019-05-30 00:00:00+00:00,-245.0,-125.0,-365.0,-270.0,-390.0,-22.5,37.5,-82.5,-47.5,-107.5,-202.5,-112.5,-292.5,-227.5,-317.5,-152.5,-62.5,-242.5,-177.5,-267.5,-152.5,-62.5,-242.5,-177.5,-267.5,-5.0,25.0,-35.0,-30.0,-60.0,-72.5,-12.5,-132.5,-222.5,-282.5,-155.0,-125.0,-185.0,-180.0,-210.0,-155.0,-125.0,-185.0,-180.0,-210.0,0.0,0.0,0.0,0.0,0.0,-80.0,-50.0,-110.0,-205.0,-235.0
2019-05-31 00:00:00+00:00,-180.0,0.0,-360.0,-130.0,-310.0,-352.5,-262.5,-442.5,-140.0,-230.0,145.0,175.0,115.0,45.0,15.0,100.0,250.0,-50.0,-150.0,-300.0,30.0,150.0,-90.0,-282.5,-402.5,122.5,212.5,32.5,10.0,-80.0,-110.0,-50.0,-170.0,-197.5,-257.5,-192.5,-162.5,-222.5,-292.5,-322.5,-192.5,-162.5,-222.5,-292.5,-322.5,0.0,0.0,0.0,0.0,0.0,-55.0,-25.0,-85.0,-130.0,-160.0
2019-06-03 00:00:00+00:00,125.0,275.0,-25.0,125.0,-25.0,252.5,312.5,192.5,102.5,42.5,65.0,125.0,5.0,20.0,-10.0,-122.5,-62.5,-182.5,-72.5,-132.5,-155.0,-125.0,-185.0,-105.0,-135.0,0.0,0.0,0.0,0.0,0.0,-30.0,0.0,-60.0,-30.0,-60.0,20.0,50.0,-10.0,7.5,-22.5,57.5,87.5,27.5,20.0,-10.0,0.0,0.0,0.0,0.0,0.0,220.0,250.0,190.0,145.0,115.0
2019-06-04 00:00:00+00:00,-170.0,-50.0,-290.0,-132.5,-252.5,-122.5,-62.5,-182.5,-172.5,-232.5,-272.5,-212.5,-332.5,-197.5,-257.5,297.5,387.5,207.5,147.5,57.5,285.0,375.0,195.0,185.0,95.0,-60.0,0.0,-120.0,-72.5,-132.5,352.5,412.5,292.5,315.0,255.0,402.5,462.5,342.5,302.5,242.5,402.5,462.5,342.5,302.5,242.5,0.0,0.0,0.0,0.0,0.0,182.5,212.5,152.5,157.5,127.5
2019-06-05 00:00:00+00:00,110.0,200.0,20.0,97.5,7.5,85.0,175.0,-5.0,110.0,20.0,115.0,175.0,55.0,102.5,42.5,10.0,100.0,-80.0,-52.5,-142.5,77.5,137.5,17.5,-22.5,-82.5,77.5,137.5,17.5,-22.5,-82.5,22.5,112.5,-67.5,-40.0,-130.0,22.5,112.5,-67.5,-40.0,-130.0,-10.0,50.0,-70.0,-85.0,-145.0,0.0,0.0,0.0,0.0,0.0,320.0,350.0,290.0,270.0,240.0
2019-06-06 00:00:00+00:00,-330.0,-150.0,-510.0,-242.5,-422.5,-345.0,-225.0,-465.0,-257.5,-377.5,-205.0,-25.0,-385.0,-117.5,-297.5,97.5,187.5,7.5,97.5,7.5,97.5,187.5,7.5,110.0,20.0,32.5,62.5,2.5,32.5,2.5,110.0,200.0,20.0,110.0,20.0,90.0,150.0,30.0,90.0,30.0,57.5,87.5,27.5,-5.0,-35.0,0.0,0.0,0.0,0.0,0.0,-155.0,-125.0,-185.0,-5.0,-35.0
2019-06-07 00:00:00+00:00,-280.0,-100.0,-460.0,-230.0,-410.0,-187.5,-37.5,-337.5,-87.5,-237.5,-325.0,-175.0,-475.0,-225.0,-375.0,-12.5,137.5,-162.5,-75.0,-225.0,25.0,175.0,-125.0,-37.5,-187.5,-42.5,-12.5,-72.5,0.0,0.0,-75.0,75.0,-225.0,-57.5,-177.5,-32.5,87.5,-152.5,-2.5,-92.5,0.0,0.0,0.0,0.0,0.0,0.0,0.0,0.0,0.0,0.0,-42.5,-12.5,-72.5,-5.0,-35.0
2019-06-10 00:00:00+00:00,-305.0,-125.0,-485.0,-142.5,-322.5,-20.0,100.0,-140.0,17.5,-102.5,90.0,150.0,30.0,90.0,30.0,122.5,212.5,32.5,110.0,20.0,147.5,237.5,57.5,97.5,7.5,0.0,0.0,0.0,0.0,0.0,122.5,212.5,32.5,85.0,-5.0,147.5,237.5,57.5,97.5,7.5,0.0,0.0,0.0,0.0,0.0,0.0,0.0,0.0,0.0,0.0,257.5,287.5,227.5,245.0,215.0
2019-06-11 00:00:00+00:00,-175.0,-25.0,-325.0,-162.5,-312.5,-70.0,50.0,-190.0,-7.5,-127.5,140.0,200.0,80.0,127.5,67.5,10.0,100.0,-80.0,72.5,-17.5,15.0,75.0,-45.0,90.0,30.0,-17.5,12.5,-47.5,7.5,-22.5,-55.0,-25.0,-85.0,-80.0,-110.0,-55.0,-25.0,-85.0,-42.5,-72.5,-55.0,-25.0,-85.0,-42.5,-72.5,0.0,0.0,0.0,0.0,0.0,145.0,175.0,115.0,132.5,102.5
2019-06-12 00:00:00+00:00,-102.5,-12.5,-192.5,-115.0,-205.0,-35.0,25.0,-95.0,-97.5,-157.5,-370.0,-250.0,-490.0,-270.0,-390.0,167.5,287.5,47.5,-32.5,-152.5,167.5,287.5,47.5,-32.5,-152.5,20.0,50.0,-10.0,-42.5,-72.5,130.0,250.0,10.0,72.5,-17.5,122.5,212.5,32.5,115.0,55.0,20.0,50.0,-10.0,57.5,27.5,0.0,0.0,0.0,0.0,0.0,95.0,125.0,65.0,32.5,2.5
2019-06-13 00:00:00+00:00,-325.0,-175.0,-475.0,-200.0,-350.0,-157.5,-37.5,-277.5,-32.5,-152.5,-122.5,-62.5,-182.5,-210.0,-270.0,-50.0,100.0,-200.0,-87.5,-237.5,-115.0,-25.0,-205.0,-147.5,-207.5,0.0,0.0,0.0,0.0,0.0,52.5,112.5,-7.5,2.5,-57.5,-30.0,0.0,-60.0,-42.5,-72.5,7.5,37.5,-22.5,-30.0,-60.0,0.0,0.0,0.0,0.0,0.0,-42.5,-12.5,-72.5,-30.0,-60.0
2019-06-14 00:00:00+00:00,-362.5,-212.5,-512.5,-250.0,-400.0,-302.5,-212.5,-392.5,-277.5,-367.5,-147.5,-87.5,-207.5,-135.0,-195.0,-20.0,100.0,-140.0,-90.0,-180.0,-15.0,75.0,-105.0,-60.0,-120.0,-35.0,25.0,-95.0,-60.0,-120.0,-5.0,25.0,-35.0,-17.5,-47.5,-5.0,25.0,-35.0,-17.5,-47.5,-5.0,25.0,-35.0,-17.5,-47.5,0.0,0.0,0.0,0.0,0.0,-42.5,-12.5,-72.5,-42.5,-72.5
2019-06-18 00:00:00+00:00,80.0,200.0,-40.0,42.5,-77.5,122.5,212.5,32.5,122.5,32.5,252.5,312.5,192.5,265.0,205.0,-40.0,50.0,-130.0,-60.0,-120.0,-10.0,50.0,-70.0,-17.5,-47.5,0.0,0.0,0.0,0.0,0.0,-47.5,12.5,-107.5,-22.5,-82.5,7.5,37.5,-22.5,-30.0,-60.0,45.0,75.0,15.0,20.0,-10.0,0.0,0.0,0.0,0.0,0.0,395.0,425.0,365.0,432.5,402.5
2019-06-20 00:00:00+00:00,-25.0,125.0,-175.0,-32.5,-152.5,165.0,225.0,105.0,82.5,52.5,107.5,137.5,77.5,45.0,15.0,-97.5,-37.5,-157.5,-72.5,-132.5,-35.0,25.0,-95.0,-60.0,-120.0,-35.0,25.0,-95.0,-60.0,-120.0,-5.0,25.0,-35.0,-42.5,-72.5,-5.0,25.0,-35.0,7.5,-22.5,57.5,87.5,27.5,20.0,-10.0,0.0,0.0,0.0,0.0,0.0,195.0,225.0,165.0,170.0,140.0
2019-06-24 00:00:00+00:00,-187.5,-37.5,-337.5,-200.0,-350.0,-102.5,-12.5,-192.5,-115.0,-205.0,-220.0,-100.0,-340.0,-295.0,-415.0,-197.5,-137.5,-257.5,-210.0,-270.0,-185.0,-125.0,-245.0,-197.5,-257.5,-172.5,-112.5,-232.5,-210.0,-270.0,-65.0,25.0,-155.0,-65.0,-155.0,-60.0,0.0,-120.0,-110.0,-170.0,-60.0,0.0,-120.0,-110.0,-170.0,0.0,0.0,0.0,0.0,0.0,-55.0,-25.0,-85.0,-92.5,-122.5
2019-06-25 00:00:00+00:00,-120.0,0.0,-240.0,-45.0,-165.0,27.5,87.5,-32.5,40.0,-20.0,-235.0,-25.0,-445.0,-172.5,-382.5,5.0,125.0,-115.0,-107.5,-227.5,-15.0,75.0,-105.0,-77.5,-167.5,0.0,0.0,0.0,0.0,0.0,110.0,200.0,20.0,-2.5,-92.5,127.5,187.5,67.5,-10.0,-70.0,0.0,0.0,0.0,0.0,0.0,0.0,0.0,0.0,0.0,0.0,57.5,87.5,27.5,82.5,52.5
2019-06-26 00:00:00+00:00,292.5,412.5,172.5,330.0,210.0,360.0,450.0,270.0,272.5,182.5,327.5,387.5,267.5,390.0,330.0,-240.0,-150.0,-330.0,-227.5,-317.5,-55.0,-25.0,-85.0,-92.5,-122.5,-55.0,-25.0,-85.0,-92.5,-122.5,20.0,50.0,-10.0,-92.5,-122.5,20.0,50.0,-10.0,-92.5,-122.5,20.0,50.0,-10.0,-92.5,-122.5,0.0,0.0,0.0,0.0,0.0,407.5,437.5,377.5,345.0,315.0
2019-06-27 00:00:00+00:00,-200.0,-50.0,-350.0,-57.5,-177.5,-77.5,12.5,-167.5,-22.5,-82.5,-410.0,-350.0,-470.0,-447.5,-507.5,-402.5,-312.5,-492.5,-390.0,-480.0,-385.0,-325.0,-445.0,-372.5,-432.5,-380.0,-350.0,-410.0,-367.5,-397.5,-247.5,-187.5,-307.5,-322.5,-382.5,-10.0,50.0,-70.0,-97.5,-157.5,-42.5,-12.5,-72.5,-117.5,-147.5,0.0,0.0,0.0,0.0,0.0,-417.5,-387.5,-447.5,-442.5,-472.5
2019-06-28 00:00:00+00:00,-177.5,-87.5,-267.5,-190.0,-280.0,-325.0,-175.0,-475.0,-270.0,-390.0,-135.0,-75.0,-195.0,-85.0,-145.0,-95.0,25.0,-215.0,-7.5,-127.5,-2.5,87.5,-92.5,10.0,-80.0,-2.5,87.5,-92.5,22.5,-67.5,-77.5,12.5,-167.5,-40.0,-130.0,-27.5,62.5,-117.5,-2.5,-92.5,2.5,62.5,-57.5,-10.0,-70.0,0.0,0.0,0.0,0.0,0.0,-117.5,-87.5,-147.5,-42.5,-72.5
2019-07-01 00:00:00+00:00,10.0,100.0,-80.0,-77.5,-167.5,-35.0,25.0,-95.0,-10.0,-70.0,-72.5,-12.5,-132.5,-72.5,-132.5,-157.5,-37.5,-277.5,-145.0,-265.0,-152.5,-62.5,-242.5,-77.5,-167.5,-147.5,-87.5,-207.5,-35.0,-95.0,-22.5,37.5,-82.5,27.5,-32.5,-22.5,37.5,-82.5,27.5,-32.5,27.5,87.5,-32.5,102.5,42.5,0.0,0.0,0.0,0.0,0.0,32.5,62.5,2.5,20.0,-10.0
2019-07-02 00:00:00+00:00,-137.5,12.5,-287.5,-37.5,-187.5,-95.0,25.0,-215.0,-70.0,-190.0,-77.5,12.5,-167.5,-127.5,-217.5,-152.5,-62.5,-242.5,-102.5,-192.5,-190.0,-100.0,-280.0,-127.5,-217.5,-115.0,-25.0,-205.0,-65.0,-155.0,-40.0,50.0,-130.0,60.0,-30.0,2.5,62.5,-57.5,15.0,-45.0,7.5,37.5,-22.5,32.5,2.5,0.0,0.0,0.0,0.0,0.0,57.5,87.5,27.5,107.5,77.5
2019-07-03 00:00:00+00:00,-285.0,-75.0,-495.0,-235.0,-445.0,-217.5,-37.5,-397.5,-267.5,-447.5,-107.5,12.5,-227.5,-107.5,-227.5,-95.0,25.0,-215.0,-220.0,-340.0,-40.0,50.0,-130.0,-97.5,-157.5,-30.0,0.0,-60.0,0.0,0.0,-85.0,-25.0,-145.0,-135.0,-195.0,-67.5,-37.5,-97.5,0.0,0.0,-67.5,-37.5,-97.5,0.0,0.0,0.0,0.0,0.0,0.0,0.0,-55.0,-25.0,-85.0,-105.0,-135.0
2019-07-05 00:00:00+00:00,-175.0,-25.0,-325.0,-162.5,-312.5,-202.5,-112.5,-292.5,-190.0,-280.0,-170.0,-50.0,-290.0,-70.0,-190.0,-117.5,62.5,-297.5,-230.0,-410.0,-40.0,50.0,-130.0,-52.5,-142.5,-17.5,12.5,-47.5,32.5,2.5,65.0,125.0,5.0,-22.5,-82.5,90.0,150.0,30.0,-10.0,-70.0,90.0,150.0,30.0,-10.0,-70.0,0.0,0.0,0.0,0.0,0.0,7.5,37.5,-22.5,-55.0,-85.0
2019-07-08 00:00:00+00:00,-52.5,37.5,-142.5,-40.0,-130.0,-97.5,-37.5,-157.5,-85.0,-145.0,-215.0,-125.0,-305.0,-190.0,-280.0,-147.5,-87.5,-207.5,-72.5,-132.5,-147.5,-87.5,-207.5,40.0,-20.0,-110.0,-50.0,-170.0,27.5,-32.5,-97.5,-37.5,-157.5,-22.5,-82.5,-85.0,-25.0,-145.0,27.5,-32.5,90.0,150.0,30.0,127.5,67.5,0.0,0.0,0.0,0.0,0.0,-117.5,-87.5,-147.5,-117.5,-147.5
2019-07-09 00:00:00+00:00,-192.5,-12.5,-372.5,-75.0,-225.0,-77.5,12.5,-167.5,15.0,-45.0,-52.5,37.5,-142.5,-52.5,-142.5,15.0,75.0,-45.0,-72.5,-132.5,-17.5,12.5,-47.5,-42.5,-72.5,0.0,0.0,0.0,0.0,0.0,7.5,37.5,-22.5,-17.5,-47.5,32.5,62.5,2.5,-17.5,-47.5,0.0,0.0,0.0,0.0,0.0,0.0,0.0,0.0,0.0,0.0,57.5,87.5,27.5,70.0,40.0
2019-07-10 00:00:00+00:00,-162.5,-12.5,-312.5,-37.5,-187.5,-190.0,-100.0,-280.0,-240.0,-330.0,-357.5,-237.5,-477.5,-245.0,-365.0,-127.5,-37.5,-217.5,-2.5,-92.5,-47.5,12.5,-107.5,-110.0,-170.0,-47.5,12.5,-107.5,-110.0,-170.0,40.0,100.0,-20.0,-47.5,-107.5,40.0,100.0,-20.0,-47.5,-107.5,-30.0,0.0,-60.0,-105.0,-135.0,0.0,0.0,0.0,0.0,0.0,-117.5,-87.5,-147.5,-67.5,-97.5
2019-07-11 00:00:00+00:00,-195.0,-75.0,-315.0,-207.5,-327.5,-115.0,-25.0,-205.0,-327.5,-417.5,-177.5,-87.5,-267.5,-177.5,-267.5,-45.0,75.0,-165.0,60.0,-30.0,-177.5,-87.5,-267.5,-47.5,-107.5,-147.5,-87.5,-207.5,-80.0,-110.0,2.5,62.5,-57.5,165.0,105.0,-17.5,12.5,-47.5,32.5,2.5,7.5,37.5,-22.5,7.5,-22.5,0.0,0.0,0.0,0.0,0.0,7.5,37.5,-22.5,20.0,-10.0
2019-07-12 00:00:00+00:00,-455.0,-275.0,-635.0,-230.0,-410.0,-447.5,-237.5,-657.5,-222.5,-432.5,-405.0,-225.0,-585.0,-105.0,-285.0,15.0,225.0,-195.0,-235.0,-445.0,50.0,200.0,-100.0,-225.0,-375.0,57.5,87.5,27.5,45.0,15.0,20.0,200.0,-160.0,-255.0,-435.0,40.0,100.0,-20.0,40.0,-20.0,57.5,87.5,27.5,45.0,15.0,0.0,0.0,0.0,0.0,0.0,-67.5,-37.5,-97.5,-55.0,-85.0
2019-07-15 00:00:00+00:00,-10.0,50.0,-70.0,52.5,-7.5,-82.5,37.5,-202.5,35.0,-55.0,-85.0,-25.0,-145.0,32.5,2.5,-40.0,50.0,-130.0,-140.0,-230.0,-55.0,-25.0,-85.0,-80.0,-110.0,-55.0,-25.0,-85.0,-80.0,-110.0,27.5,87.5,-32.5,-35.0,-95.0,-42.5,-12.5,-72.5,-5.0,-35.0,32.5,62.5,2.5,7.5,-22.5,0.0,0.0,0.0,0.0,0.0,20.0,50.0,-10.0,95.0,65.0
2019-07-16 00:00:00+00:00,0.0,150.0,-150.0,-157.5,-277.5,-100.0,50.0,-250.0,-232.5,-352.5,-210.0,-150.0,-270.0,-235.0,-295.0,-85.0,-25.0,-145.0,-60.0,-120.0,-85.0,-25.0,-145.0,-60.0,-120.0,-17.5,12.5,-47.5,7.5,-22.5,2.5,62.5,-57.5,27.5,-32.5,2.5,62.5,-57.5,27.5,-32.5,2.5,62.5,-57.5,65.0,5.0,0.0,0.0,0.0,0.0,0.0,7.5,37.5,-22.5,20.0,-10.0
2019-07-17 00:00:00+00:00,-152.5,-62.5,-242.5,-115.0,-205.0,-115.0,-25.0,-205.0,-202.5,-292.5,-72.5,-12.5,-132.5,-122.5,-182.5,-215.0,-125.0,-305.0,-202.5,-292.5,-215.0,-125.0,-305.0,-202.5,-292.5,-160.0,-100.0,-220.0,-122.5,-182.5,-147.5,-87.5,-207.5,-122.5,-182.5,-147.5,-87.5,-207.5,-122.5,-182.5,-147.5,-87.5,-207.5,-122.5,-182.5,0.0,0.0,0.0,0.0,0.0,-192.5,-162.5,-222.5,-167.5,-197.5
2019-07-18 00:00:00+00:00,7.5,187.5,-172.5,107.5,-72.5,35.0,125.0,-55.0,122.5,32.5,-40.0,50.0,-130.0,-40.0,-130.0,-15.0,75.0,-105.0,-65.0,-155.0,-35.0,25.0,-95.0,2.5,-57.5,-55.0,-25.0,-85.0,45.0,15.0,90.0,150.0,30.0,-22.5,-82.5,57.5,87.5,27.5,20.0,-10.0,0.0,0.0,0.0,0.0,0.0,0.0,0.0,0.0,0.0,0.0,220.0,250.0,190.0,182.5,152.5
2019-07-19 00:00:00+00:00,-115.0,-25.0,-205.0,85.0,-5.0,90.0,150.0,30.0,90.0,30.0,0.0,0.0,0.0,0.0,0.0,-207.5,-87.5,-327.5,-370.0,-490.0,-215.0,-125.0,-305.0,-265.0,-355.0,-135.0,-75.0,-195.0,-310.0,-370.0,-317.5,-287.5,-347.5,-292.5,-322.5,-317.5,-287.5,-347.5,-292.5,-322.5,-317.5,-287.5,-347.5,-292.5,-322.5,0.0,0.0,0.0,0.0,0.0,-130.0,-100.0,-160.0,-117.5,-147.5
2019-07-22 00:00:00+00:00,-120.0,0.0,-240.0,-132.5,-252.5,-320.0,-200.0,-440.0,-57.5,-177.5,-270.0,-150.0,-390.0,-320.0,-440.0,-52.5,37.5,-142.5,47.5,-42.5,10.0,100.0,-80.0,90.0,30.0,15.0,75.0,-45.0,57.5,27.5,47.5,137.5,-42.5,-35.0,-95.0,60.0,150.0,-30.0,-10.0,-70.0,90.0,150.0,30.0,-10.0,-70.0,0.0,0.0,0.0,0.0,0.0,-42.5,-12.5,-72.5,-17.5,-47.5
2019-07-23 00:00:00+00:00,-80.0,100.0,-260.0,-180.0,-360.0,-187.5,-37.5,-337.5,-200.0,-350.0,15.0,75.0,-45.0,65.0,5.0,-65.0,25.0,-155.0,-27.5,-117.5,-52.5,37.5,-142.5,-65.0,-155.0,0.0,0.0,0.0,0.0,0.0,-17.5,12.5,-47.5,-17.5,-47.5,0.0,0.0,0.0,0.0,0.0,0.0,0.0,0.0,0.0,0.0,0.0,0.0,0.0,0.0,0.0,45.0,75.0,15.0,57.5,27.5
2019-07-24 00:00:00+00:00,-20.0,100.0,-140.0,-70.0,-190.0,-47.5,12.5,-107.5,-22.5,-82.5,-32.5,87.5,-152.5,-32.5,-152.5,-92.5,-62.5,-122.5,-17.5,-47.5,-92.5,-62.5,-122.5,-17.5,-47.5,-5.0,25.0,-35.0,-17.5,-47.5,65.0,125.0,5.0,40.0,-20.0,45.0,75.0,15.0,20.0,-10.0,45.0,75.0,15.0,20.0,-10.0,0.0,0.0,0.0,0.0,0.0,107.5,137.5,77.5,95.0,65.0
2019-07-25 00:00:00+00:00,-305.0,-125.0,-485.0,-167.5,-347.5,-212.5,-62.5,-362.5,-212.5,-362.5,25.0,175.0,-125.0,37.5,-112.5,-140.0,-50.0,-230.0,-177.5,-267.5,-140.0,-50.0,-230.0,-177.5,-267.5,-47.5,12.5,-107.5,-47.5,-107.5,-115.0,-25.0,-205.0,-152.5,-242.5,-102.5,-12.5,-192.5,-90.0,-180.0,-10.0,50.0,-70.0,15.0,-45.0,0.0,0.0,0.0,0.0,0.0,70.0,100.0,40.0,82.5,52.5
2019-07-26 00:00:00+00:00,-70.0,50.0,-190.0,22.5,-67.5,-32.5,87.5,-152.5,22.5,-67.5,77.5,137.5,17.5,52.5,-7.5,-22.5,37.5,-82.5,27.5,-32.5,-42.5,-12.5,-72.5,-17.5,-47.5,-42.5,-12.5,-72.5,-17.5,-47.5,-22.5,37.5,-82.5,27.5,-32.5,-35.0,25.0,-95.0,-10.0,-70.0,-42.5,-12.5,-72.5,-17.5,-47.5,0.0,0.0,0.0,0.0,0.0,82.5,112.5,52.5,120.0,90.0
2019-07-29 00:00:00+00:00,0.0,150.0,-150.0,87.5,-62.5,47.5,137.5,-42.5,-2.5,-92.5,-145.0,-25.0,-265.0,-190.0,-280.0,-90.0,0.0,-180.0,-152.5,-242.5,-22.5,37.5,-82.5,-35.0,-95.0,52.5,112.5,-7.5,-10.0,-70.0,22.5,112.5,-67.5,-2.5,-92.5,47.5,137.5,-42.5,10.0,-80.0,77.5,137.5,17.5,77.5,17.5,0.0,0.0,0.0,0.0,0.0,120.0,150.0,90.0,95.0,65.0
2019-07-30 00:00:00+00:00,-262.5,-112.5,-412.5,-237.5,-387.5,-402.5,-312.5,-492.5,-252.5,-342.5,-277.5,-187.5,-367.5,-190.0,-280.0,-270.0,-150.0,-390.0,-257.5,-377.5,-315.0,-225.0,-405.0,-140.0,-230.0,-202.5,-112.5,-292.5,-190.0,-280.0,-82.5,37.5,-202.5,-182.5,-302.5,-82.5,37.5,-202.5,-182.5,-302.5,-140.0,-50.0,-230.0,-177.5,-267.5,0.0,0.0,0.0,0.0,0.0,-380.0,-350.0,-410.0,-367.5,-397.5
2019-07-31 00:00:00+00:00,-285.0,-75.0,-495.0,-260.0,-470.0,-170.0,-50.0,-290.0,-57.5,-177.5,-137.5,12.5,-287.5,-137.5,-287.5,-47.5,12.5,-107.5,-22.5,-82.5,15.0,75.0,-45.0,15.0,-45.0,15.0,75.0,-45.0,15.0,-45.0,10.0,100.0,-80.0,10.0,-80.0,27.5,87.5,-32.5,40.0,-20.0,57.5,87.5,27.5,57.5,27.5,0.0,0.0,0.0,0.0,0.0,-17.5,12.5,-47.5,-67.5,-97.5
2019-08-01 00:00:00+00:00,-165.0,-75.0,-255.0,-265.0,-355.0,30.0,150.0,-90.0,-20.0,-140.0,-97.5,-37.5,-157.5,-210.0,-270.0,-65.0,25.0,-155.0,35.0,-55.0,-65.0,25.0,-155.0,35.0,-55.0,-72.5,-12.5,-132.5,15.0,-45.0,-30.0,0.0,-60.0,32.5,2.5,-30.0,0.0,-60.0,32.5,2.5,-5.0,25.0,-35.0,45.0,15.0,0.0,0.0,0.0,0.0,0.0,-5.0,25.0,-35.0,-5.0,-35.0
2019-08-02 00:00:00+00:00,-400.0,-250.0,-550.0,-162.5,-312.5,-312.5,-162.5,-462.5,-350.0,-500.0,127.5,187.5,67.5,90.0,30.0,42.5,162.5,-77.5,180.0,60.0,135.0,225.0,45.0,172.5,82.5,240.0,300.0,180.0,240.0,180.0,115.0,175.0,55.0,127.5,67.5,115.0,175.0,55.0,127.5,67.5,0.0,0.0,0.0,0.0,0.0,0.0,0.0,0.0,0.0,0.0,82.5,112.5,52.5,95.0,65.0
2019-08-05 00:00:00+00:00,5.0,125.0,-115.0,-220.0,-340.0,132.5,162.5,102.5,-92.5,-122.5,-117.5,-87.5,-147.5,-155.0,-185.0,-82.5,37.5,-202.5,180.0,60.0,42.5,162.5,-77.5,180.0,60.0,185.0,275.0,95.0,297.5,207.5,52.5,112.5,-7.5,140.0,80.0,102.5,162.5,42.5,177.5,117.5,140.0,200.0,80.0,202.5,142.5,0.0,0.0,0.0,0.0,0.0,170.0,200.0,140.0,195.0,165.0
2019-08-06 00:00:00+00:00,-75.0,75.0,-225.0,-225.0,-375.0,-65.0,25.0,-155.0,-102.5,-192.5,122.5,212.5,32.5,197.5,107.5,-40.0,50.0,-130.0,-127.5,-217.5,122.5,212.5,32.5,-152.5,-242.5,265.0,325.0,205.0,-122.5,-182.5,235.0,325.0,145.0,47.5,-42.5,240.0,300.0,180.0,27.5,-32.5,157.5,187.5,127.5,120.0,90.0,0.0,0.0,0.0,0.0,0.0,270.0,300.0,240.0,207.5,177.5
2019-08-07 00:00:00+00:00,-347.5,-137.5,-557.5,-635.0,-845.0,-182.5,-62.5,-302.5,-370.0,-490.0,45.0,75.0,15.0,120.0,90.0,-312.5,-162.5,-462.5,-307.5,-427.5,-257.5,-137.5,-377.5,-177.5,-267.5,22.5,112.5,-67.5,-215.0,-305.0,-477.5,-387.5,-567.5,-527.5,-617.5,-447.5,-387.5,-507.5,-410.0,-470.0,-392.5,-362.5,-422.5,-280.0,-310.0,0.0,0.0,0.0,0.0,0.0,-367.5,-337.5,-397.5,-330.0,-360.0
2019-08-08 00:00:00+00:00,-245.0,-125.0,-365.0,-70.0,-190.0,-382.5,-262.5,-502.5,-20.0,-140.0,-160.0,-100.0,-220.0,-135.0,-195.0,-172.5,-112.5,-232.5,-210.0,-270.0,77.5,137.5,17.5,-85.0,-145.0,-67.5,-37.5,-97.5,-105.0,-135.0,127.5,187.5,67.5,-85.0,-145.0,-17.5,12.5,-47.5,-105.0,-135.0,-17.5,12.5,-47.5,-105.0,-135.0,0.0,0.0,0.0,0.0,0.0,-292.5,-262.5,-322.5,-305.0,-335.0
2019-08-09 00:00:00+00:00,-345.0,-225.0,-465.0,-257.5,-377.5,-545.0,-425.0,-665.0,-457.5,-577.5,-277.5,-187.5,-367.5,-352.5,-442.5,-77.5,12.5,-167.5,147.5,57.5,-77.5,12.5,-167.5,147.5,57.5,90.0,150.0,30.0,165.0,105.0,47.5,137.5,-42.5,147.5,57.5,172.5,262.5,82.5,222.5,132.5,260.0,350.0,170.0,185.0,95.0,0.0,0.0,0.0,0.0,0.0,-305.0,-275.0,-335.0,-255.0,-285.0
2019-08-12 00:00:00+00:00,-565.0,-475.0,-655.0,-802.5,-892.5,-865.0,-775.0,-955.0,-1015.0,-1105.0,-92.5,-62.5,-122.5,-92.5,-122.5,255.0,375.0,135.0,455.0,335.0,217.5,337.5,97.5,492.5,372.5,260.0,350.0,170.0,435.0,345.0,72.5,162.5,-17.5,197.5,107.5,72.5,162.5,-17.5,197.5,107.5,215.0,275.0,155.0,-92.5,-122.5,0.0,0.0,0.0,0.0,0.0,-392.5,-362.5,-422.5,-317.5,-347.5
2019-08-13 00:00:00+00:00,-120.0,0.0,-240.0,130.0,10.0,-27.5,62.5,-117.5,122.5,32.5,-422.5,-362.5,-482.5,-447.5,-507.5,-685.0,-625.0,-745.0,-572.5,-632.5,-635.0,-575.0,-695.0,-497.5,-557.5,-535.0,-475.0,-595.0,-417.5,-447.5,-247.5,-187.5,-307.5,-55.0,-85.0,-247.5,-187.5,-307.5,-55.0,-85.0,-80.0,-50.0,-110.0,-55.0,-85.0,0.0,0.0,0.0,0.0,0.0,-405.0,-375.0,-435.0,-217.5,-247.5
2019-08-14 00:00:00+00:00,-427.5,-337.5,-517.5,-185.0,-245.0,-202.5,-112.5,-292.5,-47.5,-107.5,-230.0,-200.0,-260.0,0.0,0.0,-560.0,-500.0,-620.0,-485.0,-545.0,-560.0,-500.0,-620.0,-485.0,-545.0,-397.5,-337.5,-457.5,-360.0,-420.0,-767.5,-737.5,-797.5,-667.5,-697.5,-655.0,-625.0,-685.0,-605.0,-635.0,-492.5,-462.5,-522.5,-480.0,-510.0,0.0,0.0,0.0,0.0,0.0,-1355.0,-1325.0,-1385.0,-1417.5,-1447.5
2019-08-15 00:00:00+00:00,985.0,1075.0,895.0,860.0,770.0,1070.0,1100.0,1040.0,1295.0,1265.0,152.5,212.5,92.5,827.5,767.5,-1585.0,-1525.0,-1645.0,-797.5,-857.5,-1585.0,-1525.0,-1645.0,-797.5,-857.5,-1260.0,-1200.0,-1320.0,-447.5,-507.5,-1442.5,-1412.5,-1472.5,-967.5,-997.5,-867.5,-837.5,-897.5,-780.0,-810.0,-867.5,-837.5,-897.5,-780.0,-810.0,0.0,0.0,0.0,0.0,0.0,-342.5,-312.5,-372.5,357.5,327.5
2019-08-16 00:00:00+00:00,-152.5,-62.5,-242.5,-252.5,-342.5,-252.5,-162.5,-342.5,-340.0,-430.0,-195.0,-75.0,-315.0,-307.5,-427.5,-102.5,-12.5,-192.5,-15.0,-105.0,-102.5,-12.5,-192.5,-15.0,-105.0,-102.5,-12.5,-192.5,-15.0,-105.0,-40.0,50.0,-130.0,47.5,-42.5,15.0,75.0,-45.0,102.5,42.5,70.0,100.0,40.0,107.5,77.5,0.0,0.0,0.0,0.0,0.0,-92.5,-62.5,-122.5,-142.5,-172.5
2019-08-19 00:00:00+00:00,30.0,150.0,-90.0,30.0,-90.0,147.5,237.5,57.5,90.0,30.0,395.0,425.0,365.0,382.5,352.5,317.5,437.5,197.5,267.5,147.5,277.5,337.5,217.5,340.0,280.0,107.5,137.5,77.5,120.0,90.0,57.5,87.5,27.5,45.0,15.0,0.0,0.0,0.0,0.0,0.0,0.0,0.0,0.0,0.0,0.0,0.0,0.0,0.0,0.0,0.0,507.5,537.5,477.5,495.0,465.0
2019-08-20 00:00:00+00:00,-165.0,-75.0,-255.0,-215.0,-305.0,-172.5,-112.5,-232.5,-110.0,-170.0,-210.0,-150.0,-270.0,-247.5,-307.5,-152.5,-62.5,-242.5,-140.0,-230.0,-210.0,-150.0,-270.0,-122.5,-182.5,-10.0,50.0,-70.0,140.0,80.0,-85.0,-25.0,-145.0,-35.0,-95.0,-85.0,-25.0,-145.0,-35.0,-95.0,-22.5,37.5,-82.5,102.5,42.5,0.0,0.0,0.0,0.0,0.0,-105.0,-75.0,-135.0,-142.5,-172.5
2019-08-21 00:00:00+00:00,-510.0,-300.0,-720.0,-385.0,-595.0,-302.5,-212.5,-392.5,-265.0,-355.0,-287.5,-137.5,-437.5,-300.0,-450.0,-12.5,137.5,-162.5,-25.0,-175.0,22.5,112.5,-67.5,22.5,-67.5,22.5,112.5,-67.5,-2.5,-92.5,72.5,162.5,-17.5,-27.5,-117.5,65.0,125.0,5.0,15.0,-45.0,65.0,125.0,5.0,15.0,-45.0,0.0,0.0,0.0,0.0,0.0,-92.5,-62.5,-122.5,-67.5,-97.5
2019-08-22 00:00:00+00:00,190.0,400.0,-20.0,240.0,30.0,305.0,425.0,185.0,5.0,-115.0,432.5,462.5,402.5,395.0,365.0,-252.5,-162.5,-342.5,-190.0,-280.0,-252.5,-162.5,-342.5,-190.0,-280.0,-10.0,50.0,-70.0,2.5,-57.5,-35.0,25.0,-95.0,-60.0,-120.0,-105.0,-75.0,-135.0,7.5,-22.5,32.5,62.5,2.5,95.0,65.0,0.0,0.0,0.0,0.0,0.0,332.5,362.5,302.5,295.0,265.0
2019-08-23 00:00:00+00:00,-220.0,-100.0,-340.0,-195.0,-315.0,-312.5,-162.5,-462.5,-212.5,-362.5,-92.5,-62.5,-122.5,-67.5,-97.5,-240.0,-150.0,-330.0,-177.5,-267.5,-190.0,-100.0,-280.0,-202.5,-292.5,-122.5,-62.5,-182.5,-10.0,-70.0,-190.0,-100.0,-280.0,-227.5,-317.5,-160.0,-100.0,-220.0,-147.5,-207.5,-110.0,-50.0,-170.0,-172.5,-232.5,0.0,0.0,0.0,0.0,0.0,-142.5,-112.5,-172.5,-142.5,-172.5
2019-08-26 00:00:00+00:00,-1135.0,-925.0,-1345.0,-980.0,-1160.0,-772.5,-562.5,-982.5,-717.5,-897.5,-540.0,-450.0,-630.0,-397.5,-457.5,687.5,837.5,537.5,512.5,362.5,592.5,712.5,472.5,292.5,172.5,257.5,287.5,227.5,32.5,2.5,297.5,387.5,207.5,397.5,307.5,302.5,362.5,242.5,177.5,117.5,145.0,175.0,115.0,-5.0,-35.0,0.0,0.0,0.0,0.0,0.0,-292.5,-262.5,-322.5,-230.0,-260.0
2019-08-27 00:00:00+00:00,137.5,287.5,-12.5,-437.5,-587.5,-32.5,87.5,-152.5,117.5,-2.5,77.5,137.5,17.5,190.0,130.0,197.5,287.5,107.5,222.5,132.5,177.5,237.5,117.5,215.0,155.0,177.5,237.5,117.5,215.0,155.0,145.0,175.0,115.0,120.0,90.0,145.0,175.0,115.0,120.0,90.0,0.0,0.0,0.0,0.0,0.0,0.0,0.0,0.0,0.0,0.0,507.5,537.5,477.5,207.5,177.5
2019-08-28 00:00:00+00:00,-500.0,-350.0,-650.0,-425.0,-575.0,-377.5,-287.5,-467.5,-352.5,-442.5,-332.5,-212.5,-452.5,-257.5,-377.5,-352.5,-262.5,-442.5,-315.0,-405.0,-427.5,-337.5,-517.5,-315.0,-405.0,-415.0,-325.0,-505.0,-277.5,-367.5,-247.5,-187.5,-307.5,-235.0,-295.0,-247.5,-187.5,-307.5,-235.0,-295.0,-280.0,-250.0,-310.0,-180.0,-210.0,0.0,0.0,0.0,0.0,0.0,-442.5,-412.5,-472.5,-505.0,-535.0
2019-08-29 00:00:00+00:00,-247.5,-37.5,-457.5,-122.5,-332.5,175.0,325.0,25.0,-325.0,-475.0,290.0,350.0,230.0,-22.5,-82.5,-15.0,75.0,-105.0,160.0,70.0,-22.5,37.5,-82.5,152.5,92.5,-30.0,0.0,-60.0,95.0,65.0,20.0,50.0,-10.0,95.0,65.0,20.0,50.0,-10.0,95.0,65.0,20.0,50.0,-10.0,95.0,65.0,0.0,0.0,0.0,0.0,0.0,320.0,350.0,290.0,132.5,102.5
2019-08-30 00:00:00+00:00,-180.0,0.0,-360.0,-55.0,-235.0,-32.5,87.5,-152.5,55.0,-65.0,65.0,125.0,5.0,77.5,17.5,17.5,137.5,-102.5,-20.0,-140.0,-60.0,0.0,-120.0,-35.0,-95.0,-92.5,-62.5,-122.5,-5.0,-35.0,-67.5,-37.5,-97.5,45.0,15.0,-67.5,-37.5,-97.5,45.0,15.0,-67.5,-37.5,-97.5,45.0,15.0,0.0,0.0,0.0,0.0,0.0,82.5,112.5,52.5,182.5,152.5
2019-09-02 00:00:00+00:00,192.5,312.5,72.5,30.0,-90.0,172.5,262.5,82.5,135.0,45.0,-70.0,50.0,-190.0,17.5,-102.5,-185.0,-125.0,-245.0,-172.5,-232.5,-97.5,-37.5,-157.5,-185.0,-245.0,-97.5,-37.5,-157.5,-185.0,-245.0,-85.0,-25.0,-145.0,-60.0,-120.0,-10.0,50.0,-70.0,7.5,-22.5,57.5,87.5,27.5,7.5,-22.5,0.0,0.0,0.0,0.0,0.0,145.0,175.0,115.0,120.0,90.0
2019-09-03 00:00:00+00:00,-80.0,100.0,-260.0,45.0,-135.0,-122.5,-62.5,-182.5,-60.0,-120.0,72.5,162.5,-17.5,-402.5,-492.5,-77.5,12.5,-167.5,-285.0,-345.0,-172.5,-112.5,-232.5,-155.0,-185.0,-130.0,-100.0,-160.0,-155.0,-185.0,-142.5,-112.5,-172.5,-155.0,-185.0,20.0,50.0,-10.0,57.5,27.5,20.0,50.0,-10.0,57.5,27.5,0.0,0.0,0.0,0.0,0.0,-105.0,-75.0,-135.0,-292.5,-322.5
2019-09-04 00:00:00+00:00,-145.0,-25.0,-265.0,-295.0,-415.0,-47.5,12.5,-107.5,-10.0,-70.0,-2.5,87.5,-92.5,-190.0,-280.0,-197.5,-137.5,-257.5,-110.0,-170.0,-197.5,-137.5,-257.5,-110.0,-170.0,-197.5,-137.5,-257.5,-110.0,-170.0,-185.0,-125.0,-245.0,-122.5,-182.5,-80.0,-50.0,-110.0,-130.0,-160.0,-80.0,-50.0,-110.0,-130.0,-160.0,0.0,0.0,0.0,0.0,0.0,-105.0,-75.0,-135.0,-130.0,-160.0
2019-09-05 00:00:00+00:00,-132.5,-12.5,-252.5,-102.5,-192.5,-22.5,37.5,-82.5,-97.5,-157.5,40.0,100.0,-20.0,-10.0,-70.0,15.0,75.0,-45.0,27.5,-32.5,77.5,137.5,17.5,40.0,-20.0,77.5,137.5,17.5,40.0,-20.0,-185.0,-125.0,-245.0,-147.5,-207.5,-167.5,-137.5,-197.5,-117.5,-147.5,-167.5,-137.5,-197.5,-117.5,-147.5,0.0,0.0,0.0,0.0,0.0,-55.0,-25.0,-85.0,-67.5,-97.5
2019-09-06 00:00:00+00:00,-232.5,-112.5,-352.5,42.5,-77.5,85.0,175.0,-5.0,185.0,95.0,90.0,150.0,30.0,90.0,30.0,47.5,137.5,-42.5,-165.0,-255.0,-5.0,25.0,-35.0,-42.5,-72.5,-5.0,25.0,-35.0,-42.5,-72.5,-17.5,12.5,-47.5,-5.0,-35.0,20.0,50.0,-10.0,32.5,2.5,70.0,100.0,40.0,70.0,40.0,0.0,0.0,0.0,0.0,0.0,270.0,300.0,240.0,207.5,177.5
2019-09-09 00:00:00+00:00,-62.5,87.5,-212.5,-50.0,-200.0,47.5,137.5,-42.5,-15.0,-105.0,70.0,100.0,40.0,45.0,15.0,-60.0,0.0,-120.0,-10.0,-70.0,-17.5,12.5,-47.5,-55.0,-85.0,-17.5,12.5,-47.5,-55.0,-85.0,-5.0,25.0,-35.0,-42.5,-72.5,7.5,37.5,-22.5,-42.5,-72.5,32.5,62.5,2.5,-17.5,-47.5,0.0,0.0,0.0,0.0,0.0,107.5,137.5,77.5,95.0,65.0
2019-09-10 00:00:00+00:00,-107.5,12.5,-227.5,-232.5,-352.5,-270.0,-150.0,-390.0,-257.5,-377.5,-60.0,0.0,-120.0,-60.0,-120.0,147.5,237.5,57.5,185.0,95.0,147.5,237.5,57.5,185.0,95.0,115.0,175.0,55.0,65.0,5.0,202.5,262.5,142.5,2.5,-57.5,145.0,175.0,115.0,70.0,40.0,145.0,175.0,115.0,70.0,40.0,0.0,0.0,0.0,0.0,0.0,145.0,175.0,115.0,7.5,-22.5
2019-09-11 00:00:00+00:00,-175.0,-25.0,-325.0,-125.0,-275.0,37.5,187.5,-112.5,-132.5,-252.5,-17.5,12.5,-47.5,-67.5,-97.5,67.5,187.5,-52.5,-20.0,-140.0,47.5,137.5,-42.5,-15.0,-105.0,47.5,137.5,-42.5,-15.0,-105.0,65.0,125.0,5.0,102.5,42.5,65.0,125.0,5.0,102.5,42.5,65.0,125.0,5.0,102.5,42.5,0.0,0.0,0.0,0.0,0.0,207.5,237.5,177.5,195.0,165.0
2019-09-12 00:00:00+00:00,-247.5,-37.5,-457.5,-60.0,-270.0,215.0,275.0,155.0,127.5,67.5,-165.0,-75.0,-255.0,-2.5,-92.5,-132.5,-12.5,-252.5,-195.0,-315.0,-110.0,-50.0,-170.0,-85.0,-145.0,-72.5,-12.5,-132.5,-110.0,-170.0,-85.0,-25.0,-145.0,-60.0,-120.0,-85.0,-25.0,-145.0,-60.0,-120.0,-35.0,25.0,-95.0,-10.0,-70.0,0.0,0.0,0.0,0.0,0.0,207.5,237.5,177.5,157.5,127.5
2019-09-13 00:00:00+00:00,72.5,162.5,-17.5,72.5,-17.5,72.5,162.5,-17.5,147.5,57.5,107.5,137.5,77.5,32.5,2.5,-40.0,50.0,-130.0,-102.5,-192.5,-40.0,50.0,-130.0,15.0,-45.0,7.5,37.5,-22.5,-17.5,-47.5,7.5,37.5,-22.5,45.0,15.0,7.5,37.5,-22.5,45.0,15.0,7.5,37.5,-22.5,45.0,15.0,0.0,0.0,0.0,0.0,0.0,195.0,225.0,165.0,170.0,140.0
2019-09-16 00:00:00+00:00,-385.0,-175.0,-595.0,-222.5,-432.5,-355.0,-175.0,-535.0,-180.0,-360.0,-107.5,12.5,-227.5,-145.0,-265.0,175.0,325.0,25.0,262.5,112.5,242.5,362.5,122.5,30.0,-90.0,135.0,225.0,45.0,35.0,-55.0,180.0,300.0,60.0,167.5,47.5,205.0,325.0,85.0,117.5,-2.5,135.0,225.0,45.0,35.0,-55.0,0.0,0.0,0.0,0.0,0.0,70.0,100.0,40.0,120.0,90.0
2019-09-17 00:00:00+00:00,75.0,225.0,-75.0,-25.0,-175.0,-190.0,-100.0,-280.0,-190.0,-280.0,-72.5,-12.5,-132.5,-97.5,-157.5,-232.5,-112.5,-352.5,-257.5,-377.5,-190.0,-100.0,-280.0,-127.5,-217.5,-122.5,-62.5,-182.5,-97.5,-157.5,-57.5,62.5,-177.5,-157.5,-277.5,-72.5,-12.5,-132.5,-35.0,-95.0,-35.0,25.0,-95.0,15.0,-45.0,0.0,0.0,0.0,0.0,0.0,82.5,112.5,52.5,-17.5,-47.5
2019-09-23 00:00:00+00:00,-80.0,100.0,-260.0,-167.5,-347.5,55.0,175.0,-65.0,80.0,-40.0,15.0,75.0,-45.0,52.5,-7.5,117.5,237.5,-2.5,42.5,-77.5,82.5,112.5,52.5,57.5,27.5,0.0,0.0,0.0,0.0,0.0,227.5,287.5,167.5,127.5,67.5,0.0,0.0,0.0,0.0,0.0,0.0,0.0,0.0,0.0,0.0,0.0,0.0,0.0,0.0,0.0,270.0,300.0,240.0,207.5,177.5
2019-09-24 00:00:00+00:00,-75.0,75.0,-225.0,-50.0,-200.0,35.0,125.0,-55.0,-52.5,-142.5,-27.5,62.5,-117.5,-152.5,-242.5,-5.0,25.0,-35.0,-5.0,-35.0,-5.0,25.0,-35.0,-5.0,-35.0,-5.0,25.0,-35.0,-5.0,-35.0,-5.0,25.0,-35.0,-5.0,-35.0,-5.0,25.0,-35.0,-5.0,-35.0,20.0,50.0,-10.0,-5.0,-35.0,0.0,0.0,0.0,0.0,0.0,95.0,125.0,65.0,45.0,15.0
2019-09-25 00:00:00+00:00,-305.0,-125.0,-485.0,-212.5,-362.5,-182.5,-62.5,-302.5,17.5,-102.5,-60.0,0.0,-120.0,-30.0,-60.0,75.0,225.0,-75.0,-50.0,-200.0,87.5,237.5,-62.5,-75.0,-225.0,-10.0,50.0,-70.0,-197.5,-257.5,127.5,187.5,67.5,152.5,92.5,127.5,187.5,67.5,152.5,92.5,95.0,125.0,65.0,145.0,115.0,0.0,0.0,0.0,0.0,0.0,70.0,100.0,40.0,132.5,102.5
2019-09-27 00:00:00+00:00,-330.0,-150.0,-510.0,-217.5,-397.5,-237.5,-87.5,-387.5,-187.5,-337.5,72.5,162.5,-17.5,110.0,20.0,25.0,175.0,-125.0,42.5,-77.5,-20.0,100.0,-140.0,22.5,-67.5,20.0,50.0,-10.0,57.5,27.5,85.0,175.0,-5.0,27.5,-32.5,65.0,125.0,5.0,45.0,15.0,0.0,0.0,0.0,0.0,0.0,0.0,0.0,0.0,0.0,0.0,145.0,175.0,115.0,82.5,52.5
2019-09-30 00:00:00+00:00,-275.0,-125.0,-425.0,-350.0,-500.0,-190.0,-100.0,-280.0,-152.5,-242.5,-257.5,-137.5,-377.5,-157.5,-277.5,-120.0,0.0,-240.0,-195.0,-315.0,-145.0,-25.0,-265.0,-270.0,-390.0,-102.5,-12.5,-192.5,-190.0,-280.0,-95.0,25.0,-215.0,-182.5,-302.5,-102.5,-12.5,-192.5,-190.0,-280.0,-30.0,0.0,-60.0,-30.0,-60.0,0.0,0.0,0.0,0.0,0.0,-192.5,-162.5,-222.5,-217.5,-247.5
2019-10-01 00:00:00+00:00,-362.5,-212.5,-512.5,-295.0,-415.0,-295.0,-175.0,-415.0,-240.0,-330.0,-227.5,-137.5,-317.5,-227.5,-317.5,-32.5,87.5,-152.5,67.5,-52.5,5.0,125.0,-115.0,117.5,-2.5,60.0,150.0,-30.0,35.0,-55.0,35.0,125.0,-55.0,22.5,-67.5,40.0,100.0,-20.0,-22.5,-82.5,52.5,112.5,-7.5,90.0,30.0,0.0,0.0,0.0,0.0,0.0,-105.0,-75.0,-135.0,-55.0,-85.0
2019-10-02 00:00:00+00:00,-505.0,-325.0,-685.0,-417.5,-597.5,-300.0,-150.0,-450.0,-457.5,-577.5,90.0,150.0,30.0,115.0,55.0,-40.0,50.0,-130.0,135.0,45.0,-72.5,-12.5,-132.5,65.0,5.0,-72.5,-12.5,-132.5,65.0,5.0,-7.5,112.5,-127.5,-57.5,-177.5,-65.0,25.0,-155.0,-152.5,-242.5,-67.5,-37.5,-97.5,-17.5,-47.5,0.0,0.0,0.0,0.0,0.0,-17.5,12.5,-47.5,70.0,40.0
2019-10-03 00:00:00+00:00,-220.0,-100.0,-340.0,-520.0,-640.0,-320.0,-200.0,-440.0,-332.5,-452.5,-152.5,-62.5,-242.5,-390.0,-480.0,-20.0,100.0,-140.0,55.0,-65.0,72.5,162.5,-17.5,85.0,-5.0,2.5,62.5,-57.5,65.0,5.0,-365.0,-275.0,-455.0,-390.0,-480.0,-397.5,-337.5,-457.5,-360.0,-420.0,-397.5,-337.5,-457.5,-360.0,-420.0,0.0,0.0,0.0,0.0,0.0,-542.5,-512.5,-572.5,-592.5,-622.5
2019-10-04 00:00:00+00:00,-332.5,-212.5,-452.5,-320.0,-440.0,-177.5,-87.5,-267.5,-252.5,-342.5,-67.5,-37.5,-97.5,-80.0,-110.0,47.5,137.5,-42.5,122.5,32.5,97.5,187.5,7.5,272.5,182.5,90.0,150.0,30.0,202.5,142.5,-27.5,62.5,-117.5,-27.5,-117.5,122.5,212.5,32.5,160.0,70.0,160.0,250.0,70.0,147.5,57.5,0.0,0.0,0.0,0.0,0.0,-67.5,-37.5,-97.5,-130.0,-160.0
2019-10-07 00:00:00+00:00,62.5,212.5,-87.5,12.5,-137.5,130.0,250.0,10.0,205.0,85.0,-125.0,25.0,-275.0,62.5,-87.5,60.0,150.0,-30.0,22.5,-67.5,65.0,125.0,5.0,2.5,-57.5,32.5,62.5,2.5,-42.5,-72.5,27.5,87.5,-32.5,-22.5,-82.5,15.0,75.0,-45.0,-35.0,-95.0,-17.5,12.5,-47.5,7.5,-22.5,0.0,0.0,0.0,0.0,0.0,357.5,387.5,327.5,320.0,290.0
2019-10-08 00:00:00+00:00,-755.0,-575.0,-935.0,-555.0,-735.0,-435.0,-375.0,-495.0,-422.5,-482.5,-85.0,-25.0,-145.0,-85.0,-145.0,-622.5,-562.5,-682.5,-472.5,-532.5,-585.0,-525.0,-645.0,-485.0,-545.0,-297.5,-237.5,-357.5,-297.5,-357.5,-547.5,-487.5,-607.5,-830.0,-860.0,-730.0,-700.0,-760.0,-705.0,-735.0,-592.5,-562.5,-622.5,-667.5,-697.5,0.0,0.0,0.0,0.0,0.0,-717.5,-687.5,-747.5,-730.0,-760.0
2019-10-09 00:00:00+00:00,342.5,462.5,222.5,-595.0,-715.0,67.5,187.5,-52.5,135.0,45.0,385.0,475.0,295.0,360.0,270.0,65.0,125.0,5.0,315.0,255.0,65.0,125.0,5.0,315.0,255.0,57.5,87.5,27.5,145.0,115.0,290.0,350.0,230.0,340.0,280.0,145.0,175.0,115.0,207.5,177.5,0.0,0.0,0.0,0.0,0.0,0.0,0.0,0.0,0.0,0.0,532.5,562.5,502.5,620.0,590.0
2019-10-10 00:00:00+00:00,-52.5,37.5,-142.5,-227.5,-317.5,-40.0,50.0,-130.0,-65.0,-155.0,-440.0,-350.0,-530.0,-352.5,-442.5,-195.0,-75.0,-315.0,-182.5,-302.5,-165.0,-75.0,-255.0,-90.0,-180.0,-165.0,-75.0,-255.0,-90.0,-180.0,-147.5,-87.5,-207.5,-60.0,-120.0,-72.5,-12.5,-132.5,2.5,-57.5,-85.0,-25.0,-145.0,-22.5,-82.5,0.0,0.0,0.0,0.0,0.0,-217.5,-187.5,-247.5,-242.5,-272.5
2019-10-11 00:00:00+00:00,12.5,162.5,-137.5,-462.5,-612.5,0.0,150.0,-150.0,-337.5,-487.5,-40.0,50.0,-130.0,-72.5,-132.5,47.5,137.5,-42.5,185.0,95.0,47.5,137.5,-42.5,185.0,95.0,7.5,37.5,-22.5,70.0,40.0,40.0,100.0,-20.0,215.0,155.0,40.0,100.0,-20.0,177.5,117.5,0.0,0.0,0.0,0.0,0.0,0.0,0.0,0.0,0.0,0.0,282.5,312.5,252.5,82.5,52.5
2019-10-14 00:00:00+00:00,210.0,300.0,120.0,265.0,205.0,240.0,300.0,180.0,77.5,17.5,-60.0,0.0,-120.0,-135.0,-195.0,-642.5,-612.5,-672.5,-667.5,-697.5,-592.5,-562.5,-622.5,-642.5,-672.5,-417.5,-387.5,-447.5,-317.5,-347.5,-417.5,-387.5,-447.5,-267.5,-297.5,-417.5,-387.5,-447.5,-267.5,-297.5,-417.5,-387.5,-447.5,-267.5,-297.5,0.0,0.0,0.0,0.0,0.0,-330.0,-300.0,-360.0,-267.5,-297.5
2019-10-15 00:00:00+00:00,-145.0,-25.0,-265.0,-457.5,-577.5,-125.0,25.0,-275.0,-420.0,-540.0,-247.5,-187.5,-307.5,-317.5,-347.5,-90.0,0.0,-180.0,97.5,7.5,-72.5,-12.5,-132.5,127.5,67.5,-130.0,-100.0,-160.0,57.5,27.5,-60.0,0.0,-120.0,165.0,105.0,-60.0,0.0,-120.0,165.0,105.0,-22.5,37.5,-82.5,202.5,142.5,0.0,0.0,0.0,0.0,0.0,-230.0,-200.0,-260.0,-42.5,-72.5
2019-10-16 00:00:00+00:00,-405.0,-225.0,-585.0,-92.5,-272.5,-12.5,137.5,-162.5,-75.0,-225.0,-237.5,-87.5,-387.5,-150.0,-300.0,210.0,300.0,120.0,147.5,57.5,210.0,300.0,120.0,147.5,57.5,0.0,0.0,0.0,0.0,0.0,230.0,350.0,110.0,155.0,35.0,20.0,50.0,-10.0,20.0,-10.0,0.0,0.0,0.0,0.0,0.0,0.0,0.0,0.0,0.0,0.0,120.0,150.0,90.0,232.5,202.5
2019-10-17 00:00:00+00:00,360.0,450.0,270.0,197.5,107.5,235.0,325.0,145.0,-40.0,-130.0,247.5,337.5,157.5,210.0,120.0,-90.0,0.0,-180.0,60.0,-30.0,85.0,175.0,-5.0,235.0,145.0,177.5,237.5,117.5,77.5,17.5,140.0,200.0,80.0,452.5,392.5,127.5,187.5,67.5,427.5,367.5,-55.0,-25.0,-85.0,-5.0,-35.0,0.0,0.0,0.0,0.0,0.0,445.0,475.0,415.0,457.5,427.5
2019-10-18 00:00:00+00:00,-100.0,50.0,-250.0,-125.0,-275.0,-12.5,137.5,-162.5,-75.0,-225.0,-107.5,12.5,-227.5,17.5,-102.5,-22.5,37.5,-82.5,77.5,17.5,-22.5,37.5,-82.5,77.5,17.5,70.0,100.0,40.0,82.5,52.5,40.0,100.0,-20.0,52.5,-7.5,40.0,100.0,-20.0,52.5,-7.5,0.0,0.0,0.0,0.0,0.0,0.0,0.0,0.0,0.0,0.0,170.0,200.0,140.0,182.5,152.5
2019-10-21 00:00:00+00:00,-355.0,-175.0,-535.0,-342.5,-522.5,-300.0,-150.0,-450.0,-275.0,-425.0,-195.0,-75.0,-315.0,-270.0,-390.0,62.5,212.5,-87.5,175.0,25.0,55.0,175.0,-65.0,130.0,10.0,32.5,62.5,2.5,45.0,15.0,72.5,162.5,-17.5,35.0,-55.0,52.5,112.5,-7.5,15.0,-45.0,7.5,37.5,-22.5,7.5,-22.5,0.0,0.0,0.0,0.0,0.0,82.5,112.5,52.5,82.5,52.5
2019-10-22 00:00:00+00:00,-32.5,87.5,-152.5,-7.5,-127.5,135.0,225.0,45.0,185.0,95.0,110.0,200.0,20.0,47.5,-42.5,35.0,125.0,-55.0,-35.0,-95.0,-10.0,50.0,-70.0,-5.0,-35.0,7.5,37.5,-22.5,-5.0,-35.0,52.5,112.5,-7.5,-35.0,-95.0,-5.0,25.0,-35.0,-30.0,-60.0,-5.0,25.0,-35.0,-30.0,-60.0,0.0,0.0,0.0,0.0,0.0,295.0,325.0,265.0,257.5,227.5
2019-10-23 00:00:00+00:00,-190.0,-100.0,-280.0,-377.5,-467.5,-97.5,-37.5,-157.5,-272.5,-332.5,-282.5,-162.5,-402.5,-207.5,-327.5,-202.5,-112.5,-292.5,-65.0,-155.0,-152.5,-62.5,-242.5,-77.5,-167.5,-140.0,-50.0,-230.0,-197.5,-257.5,-85.0,-25.0,-145.0,-110.0,-170.0,-85.0,-25.0,-145.0,-110.0,-170.0,190.0,250.0,130.0,140.0,80.0,0.0,0.0,0.0,0.0,0.0,-167.5,-137.5,-197.5,-205.0,-235.0
2019-10-24 00:00:00+00:00,-162.5,-12.5,-312.5,-162.5,-312.5,-237.5,-87.5,-387.5,-137.5,-287.5,2.5,62.5,-57.5,77.5,17.5,85.0,175.0,-5.0,10.0,-80.0,85.0,175.0,-5.0,10.0,-80.0,90.0,150.0,30.0,15.0,-45.0,57.5,87.5,27.5,7.5,-22.5,57.5,87.5,27.5,7.5,-22.5,0.0,0.0,0.0,0.0,0.0,0.0,0.0,0.0,0.0,0.0,70.0,100.0,40.0,70.0,40.0
2019-10-25 00:00:00+00:00,-217.5,-37.5,-397.5,-217.5,-397.5,-207.5,-87.5,-327.5,-170.0,-290.0,-32.5,87.5,-152.5,-120.0,-240.0,-27.5,62.5,-117.5,-2.5,-92.5,-27.5,62.5,-117.5,-40.0,-130.0,20.0,50.0,-10.0,57.5,27.5,-35.0,25.0,-95.0,2.5,-57.5,-55.0,-25.0,-85.0,-55.0,-85.0,0.0,0.0,0.0,0.0,0.0,0.0,0.0,0.0,0.0,0.0,45.0,75.0,15.0,-55.0,-85.0
2019-10-28 00:00:00+00:00,47.5,137.5,-42.5,-52.5,-142.5,-70.0,50.0,-190.0,30.0,-90.0,90.0,150.0,30.0,65.0,5.0,-2.5,87.5,-92.5,-2.5,-92.5,2.5,62.5,-57.5,2.5,-57.5,-17.5,12.5,-47.5,-55.0,-85.0,-5.0,25.0,-35.0,-5.0,-35.0,-5.0,25.0,-35.0,-5.0,-35.0,0.0,0.0,0.0,0.0,0.0,0.0,0.0,0.0,0.0,0.0,132.5,162.5,102.5,157.5,127.5
2019-10-29 00:00:00+00:00,-220.0,-100.0,-340.0,-370.0,-490.0,-252.5,-162.5,-342.5,-290.0,-380.0,-227.5,-137.5,-317.5,-252.5,-342.5,-40.0,50.0,-130.0,72.5,-17.5,-15.0,75.0,-105.0,72.5,-17.5,27.5,87.5,-32.5,77.5,17.5,42.5,162.5,-77.5,17.5,-102.5,47.5,137.5,-42.5,47.5,-42.5,40.0,100.0,-20.0,65.0,5.0,0.0,0.0,0.0,0.0,0.0,-142.5,-112.5,-172.5,-192.5,-222.5
2019-10-30 00:00:00+00:00,-155.0,25.0,-335.0,-167.5,-347.5,30.0,150.0,-90.0,5.0,-115.0,77.5,137.5,17.5,40.0,-20.0,-27.5,62.5,-117.5,-77.5,-167.5,2.5,62.5,-57.5,-47.5,-107.5,7.5,37.5,-22.5,-42.5,-72.5,7.5,37.5,-22.5,32.5,2.5,7.5,37.5,-22.5,32.5,2.5,45.0,75.0,15.0,20.0,-10.0,0.0,0.0,0.0,0.0,0.0,145.0,175.0,115.0,157.5,127.5
2019-10-31 00:00:00+00:00,-617.5,-437.5,-797.5,-130.0,-310.0,-140.0,-50.0,-230.0,22.5,-67.5,-67.5,-37.5,-97.5,-92.5,-122.5,-132.5,-12.5,-252.5,-220.0,-340.0,-132.5,-12.5,-252.5,-220.0,-340.0,-157.5,-37.5,-277.5,-245.0,-365.0,-305.0,-275.0,-335.0,-230.0,-260.0,-305.0,-275.0,-335.0,-230.0,-260.0,-305.0,-275.0,-335.0,-230.0,-260.0,0.0,0.0,0.0,0.0,0.0,-655.0,-625.0,-685.0,-230.0,-260.0
2019-11-01 00:00:00+00:00,-175.0,-25.0,-325.0,-175.0,-325.0,-230.0,-50.0,-410.0,-130.0,-310.0,-97.5,-37.5,-157.5,-110.0,-170.0,-45.0,75.0,-165.0,-32.5,-152.5,-47.5,12.5,-107.5,40.0,-20.0,-42.5,-12.5,-72.5,32.5,2.5,-65.0,25.0,-155.0,22.5,-67.5,-17.5,12.5,-47.5,120.0,90.0,45.0,75.0,15.0,132.5,102.5,0.0,0.0,0.0,0.0,0.0,20.0,50.0,-10.0,-67.5,-97.5
2019-11-04 00:00:00+00:00,22.5,112.5,-67.5,22.5,-67.5,-40.0,50.0,-130.0,-2.5,-92.5,132.5,162.5,102.5,170.0,140.0,-2.5,87.5,-92.5,2.5,-57.5,2.5,62.5,-57.5,7.5,-22.5,7.5,37.5,-22.5,0.0,0.0,32.5,62.5,2.5,0.0,0.0,32.5,62.5,2.5,0.0,0.0,32.5,62.5,2.5,0.0,0.0,0.0,0.0,0.0,0.0,0.0,207.5,237.5,177.5,182.5,152.5
2019-11-05 00:00:00+00:00,-130.0,50.0,-310.0,-280.0,-460.0,-100.0,50.0,-250.0,-262.5,-412.5,95.0,125.0,65.0,-17.5,-47.5,-182.5,-62.5,-302.5,-182.5,-302.5,-190.0,-100.0,-280.0,-115.0,-205.0,-85.0,-25.0,-145.0,-47.5,-107.5,-160.0,-100.0,-220.0,-97.5,-157.5,-167.5,-137.5,-197.5,-117.5,-147.5,-92.5,-62.5,-122.5,-67.5,-97.5,0.0,0.0,0.0,0.0,0.0,-42.5,-12.5,-72.5,-105.0,-135.0
2019-11-06 00:00:00+00:00,-230.0,-50.0,-410.0,-137.5,-287.5,-40.0,50.0,-130.0,-65.0,-155.0,-152.5,-62.5,-242.5,-202.5,-292.5,-240.0,-150.0,-330.0,-240.0,-330.0,-230.0,-200.0,-260.0,-192.5,-222.5,-205.0,-175.0,-235.0,-192.5,-222.5,-117.5,-87.5,-147.5,-80.0,-110.0,-117.5,-87.5,-147.5,-80.0,-110.0,-117.5,-87.5,-147.5,-92.5,-122.5,0.0,0.0,0.0,0.0,0.0,-180.0,-150.0,-210.0,-155.0,-185.0
2019-11-07 00:00:00+00:00,-255.0,-75.0,-435.0,-312.5,-462.5,-167.5,12.5,-347.5,-255.0,-435.0,-250.0,-100.0,-400.0,-187.5,-337.5,-7.5,112.5,-127.5,-107.5,-227.5,-15.0,75.0,-105.0,-102.5,-192.5,-22.5,37.5,-82.5,-97.5,-157.5,35.0,125.0,-55.0,-40.0,-130.0,27.5,87.5,-32.5,-72.5,-132.5,7.5,37.5,-22.5,-5.0,-35.0,0.0,0.0,0.0,0.0,0.0,-117.5,-87.5,-147.5,-105.0,-135.0
2019-11-08 00:00:00+00:00,-142.5,37.5,-322.5,-92.5,-272.5,-77.5,12.5,-167.5,-90.0,-180.0,65.0,125.0,5.0,2.5,-57.5,-40.0,50.0,-130.0,-52.5,-142.5,-22.5,37.5,-82.5,-47.5,-107.5,-17.5,12.5,-47.5,7.5,-22.5,-55.0,-25.0,-85.0,-42.5,-72.5,-42.5,-12.5,-72.5,-17.5,-47.5,7.5,37.5,-22.5,-5.0,-35.0,0.0,0.0,0.0,0.0,0.0,82.5,112.5,52.5,82.5,52.5
2019-11-11 00:00:00+00:00,-170.0,-50.0,-290.0,-195.0,-315.0,-232.5,-112.5,-352.5,-302.5,-392.5,-97.5,-37.5,-157.5,-135.0,-195.0,-82.5,37.5,-202.5,-57.5,-177.5,-77.5,12.5,-167.5,-52.5,-142.5,-77.5,12.5,-167.5,-52.5,-142.5,-77.5,12.5,-167.5,22.5,-67.5,-40.0,50.0,-130.0,-2.5,-92.5,-35.0,25.0,-95.0,2.5,-57.5,0.0,0.0,0.0,0.0,0.0,-92.5,-62.5,-122.5,-30.0,-60.0
2019-11-12 00:00:00+00:00,-150.0,0.0,-300.0,-337.5,-487.5,-370.0,-250.0,-490.0,-195.0,-315.0,-197.5,-137.5,-257.5,-185.0,-245.0,167.5,287.5,47.5,97.5,7.5,167.5,287.5,47.5,47.5,-42.5,202.5,262.5,142.5,65.0,5.0,160.0,250.0,70.0,60.0,-30.0,190.0,250.0,130.0,90.0,30.0,195.0,225.0,165.0,107.5,77.5,0.0,0.0,0.0,0.0,0.0,20.0,50.0,-10.0,32.5,2.5
2019-11-13 00:00:00+00:00,10.0,100.0,-80.0,-52.5,-142.5,-115.0,-25.0,-205.0,-102.5,-192.5,-80.0,-50.0,-110.0,-92.5,-122.5,-277.5,-187.5,-367.5,-127.5,-217.5,-252.5,-162.5,-342.5,-127.5,-217.5,-127.5,-37.5,-217.5,-140.0,-230.0,-260.0,-200.0,-320.0,-122.5,-182.5,-260.0,-200.0,-320.0,-122.5,-182.5,-130.0,-100.0,-160.0,-142.5,-172.5,0.0,0.0,0.0,0.0,0.0,-255.0,-225.0,-285.0,-105.0,-135.0
2019-11-14 00:00:00+00:00,60.0,150.0,-30.0,-227.5,-317.5,-160.0,-100.0,-220.0,-97.5,-157.5,-35.0,25.0,-95.0,-335.0,-395.0,-190.0,-100.0,-280.0,135.0,45.0,-115.0,-25.0,-205.0,172.5,82.5,-147.5,-87.5,-207.5,-97.5,-157.5,-72.5,-12.5,-132.5,52.5,-7.5,2.5,62.5,-57.5,77.5,17.5,65.0,125.0,5.0,102.5,42.5,0.0,0.0,0.0,0.0,0.0,45.0,75.0,15.0,120.0,90.0
2019-11-15 00:00:00+00:00,-82.5,37.5,-202.5,-15.0,-105.0,-165.0,-75.0,-255.0,-72.5,-132.5,-5.0,25.0,-35.0,-67.5,-97.5,-127.5,-37.5,-217.5,-202.5,-292.5,-147.5,-87.5,-207.5,-160.0,-220.0,-55.0,-25.0,-85.0,-105.0,-135.0,-92.5,-62.5,-122.5,-92.5,-122.5,-92.5,-62.5,-122.5,-92.5,-122.5,-92.5,-62.5,-122.5,-92.5,-122.5,0.0,0.0,0.0,0.0,0.0,-80.0,-50.0,-110.0,-80.0,-110.0
2019-11-18 00:00:00+00:00,-192.5,-12.5,-372.5,-155.0,-335.0,-127.5,-37.5,-217.5,-127.5,-217.5,-55.0,-25.0,-85.0,-67.5,-97.5,-155.0,25.0,-335.0,-217.5,-397.5,-85.0,-25.0,-145.0,-47.5,-107.5,-85.0,-25.0,-145.0,-47.5,-107.5,-40.0,50.0,-130.0,-15.0,-105.0,-35.0,25.0,-95.0,2.5,-57.5,-30.0,0.0,-60.0,45.0,15.0,0.0,0.0,0.0,0.0,0.0,32.5,62.5,2.5,45.0,15.0
2019-11-19 00:00:00+00:00,50.0,200.0,-100.0,-37.5,-187.5,30.0,150.0,-90.0,5.0,-115.0,122.5,212.5,32.5,-40.0,-130.0,-97.5,-37.5,-157.5,-85.0,-145.0,-72.5,-12.5,-132.5,-60.0,-120.0,-35.0,25.0,-95.0,-35.0,-95.0,-85.0,-25.0,-145.0,-135.0,-195.0,-85.0,-25.0,-145.0,-135.0,-195.0,-72.5,-12.5,-132.5,-97.5,-157.5,0.0,0.0,0.0,0.0,0.0,145.0,175.0,115.0,-5.0,-35.0
2019-11-20 00:00:00+00:00,-27.5,62.5,-117.5,-127.5,-217.5,-182.5,-62.5,-302.5,-307.5,-427.5,-165.0,-75.0,-255.0,-215.0,-305.0,-70.0,50.0,-190.0,-20.0,-140.0,-2.5,87.5,-92.5,122.5,32.5,72.5,162.5,-17.5,85.0,-5.0,72.5,162.5,-17.5,97.5,7.5,72.5,162.5,-17.5,97.5,7.5,85.0,175.0,-5.0,122.5,32.5,0.0,0.0,0.0,0.0,0.0,45.0,75.0,15.0,170.0,140.0
2019-11-21 00:00:00+00:00,-100.0,50.0,-250.0,-287.5,-437.5,72.5,162.5,-17.5,97.5,7.5,82.5,112.5,52.5,107.5,77.5,42.5,162.5,-77.5,142.5,22.5,72.5,162.5,-17.5,97.5,7.5,7.5,37.5,-22.5,7.5,-22.5,27.5,87.5,-32.5,65.0,5.0,27.5,87.5,-32.5,65.0,5.0,0.0,0.0,0.0,0.0,0.0,0.0,0.0,0.0,0.0,0.0,207.5,237.5,177.5,195.0,165.0
2019-11-22 00:00:00+00:00,-267.5,-87.5,-447.5,-255.0,-435.0,-307.5,-187.5,-427.5,-282.5,-402.5,-377.5,-287.5,-467.5,-340.0,-430.0,-382.5,-262.5,-502.5,-145.0,-265.0,-382.5,-262.5,-502.5,-145.0,-265.0,-352.5,-262.5,-442.5,-102.5,-192.5,-240.0,-150.0,-330.0,-102.5,-192.5,-197.5,-137.5,-257.5,-110.0,-170.0,-85.0,-25.0,-145.0,-122.5,-182.5,0.0,0.0,0.0,0.0,0.0,-330.0,-300.0,-360.0,-230.0,-260.0
2019-11-25 00:00:00+00:00,-250.0,-100.0,-400.0,-137.5,-287.5,-357.5,-87.5,-627.5,-232.5,-502.5,-175.0,-25.0,-325.0,-225.0,-375.0,-162.5,-12.5,-312.5,-112.5,-262.5,-102.5,-12.5,-192.5,-27.5,-117.5,-42.5,-12.5,-72.5,-17.5,-47.5,-145.0,-25.0,-265.0,-70.0,-190.0,-42.5,-12.5,-72.5,-17.5,-47.5,-42.5,-12.5,-72.5,-17.5,-47.5,0.0,0.0,0.0,0.0,0.0,-80.0,-50.0,-110.0,-30.0,-60.0
2019-11-26 00:00:00+00:00,-62.5,87.5,-212.5,-75.0,-225.0,27.5,87.5,-32.5,-22.5,-82.5,82.5,112.5,52.5,132.5,102.5,-165.0,-75.0,-255.0,-65.0,-155.0,-27.5,62.5,-117.5,10.0,-80.0,32.5,62.5,2.5,20.0,-10.0,-80.0,-50.0,-110.0,-55.0,-85.0,-80.0,-50.0,-110.0,-55.0,-85.0,-105.0,-75.0,-135.0,-42.5,-72.5,0.0,0.0,0.0,0.0,0.0,45.0,75.0,15.0,32.5,2.5
2019-12-02 00:00:00+00:00,-10.0,50.0,-70.0,-47.5,-107.5,-97.5,-37.5,-157.5,-122.5,-182.5,-297.5,-237.5,-357.5,-285.0,-345.0,-510.0,-450.0,-570.0,-485.0,-545.0,-485.0,-425.0,-545.0,-447.5,-507.5,-435.0,-375.0,-495.0,-410.0,-470.0,-410.0,-350.0,-470.0,-410.0,-470.0,-297.5,-237.5,-357.5,-297.5,-357.5,-235.0,-175.0,-295.0,-272.5,-332.5,0.0,0.0,0.0,0.0,0.0,-467.5,-437.5,-497.5,-467.5,-497.5
2019-12-03 00:00:00+00:00,-725.0,-575.0,-875.0,-832.5,-952.5,-670.0,-550.0,-790.0,-795.0,-915.0,-130.0,-100.0,-160.0,-205.0,-235.0,-265.0,-175.0,-355.0,-77.5,-167.5,-240.0,-150.0,-330.0,-152.5,-242.5,-210.0,-150.0,-270.0,-97.5,-157.5,-147.5,-87.5,-207.5,-22.5,-82.5,-147.5,-87.5,-207.5,-22.5,-82.5,-147.5,-87.5,-207.5,-22.5,-82.5,0.0,0.0,0.0,0.0,0.0,-730.0,-700.0,-760.0,-767.5,-797.5
2019-12-04 00:00:00+00:00,900.0,1050.0,750.0,250.0,100.0,455.0,575.0,335.0,230.0,110.0,567.5,687.5,447.5,392.5,272.5,140.0,200.0,80.0,65.0,5.0,252.5,312.5,192.5,165.0,105.0,252.5,312.5,192.5,165.0,105.0,82.5,112.5,52.5,57.5,27.5,57.5,87.5,27.5,82.5,52.5,82.5,112.5,52.5,45.0,15.0,0.0,0.0,0.0,0.0,0.0,720.0,750.0,690.0,632.5,602.5
2019-12-05 00:00:00+00:00,167.5,287.5,47.5,-182.5,-302.5,-195.0,-75.0,-315.0,-120.0,-240.0,185.0,275.0,95.0,185.0,95.0,72.5,162.5,-17.5,360.0,270.0,15.0,75.0,-45.0,327.5,267.5,70.0,100.0,40.0,45.0,15.0,70.0,100.0,40.0,45.0,15.0,70.0,100.0,40.0,45.0,15.0,0.0,0.0,0.0,0.0,0.0,0.0,0.0,0.0,0.0,0.0,295.0,325.0,265.0,282.5,252.5
2019-12-06 00:00:00+00:00,-100.0,50.0,-250.0,-175.0,-325.0,-192.5,-12.5,-372.5,-250.0,-400.0,-57.5,62.5,-177.5,-107.5,-227.5,-40.0,50.0,-130.0,-65.0,-155.0,-60.0,0.0,-120.0,-35.0,-95.0,-30.0,0.0,-60.0,7.5,-22.5,-22.5,37.5,-82.5,-22.5,-82.5,-30.0,0.0,-60.0,7.5,-22.5,-30.0,0.0,-60.0,7.5,-22.5,0.0,0.0,0.0,0.0,0.0,45.0,75.0,15.0,45.0,15.0
2019-12-10 00:00:00+00:00,92.5,212.5,-27.5,-70.0,-190.0,-82.5,37.5,-202.5,55.0,-65.0,-80.0,-50.0,-110.0,-117.5,-147.5,-295.0,-175.0,-415.0,-95.0,-215.0,-282.5,-162.5,-402.5,-145.0,-265.0,-92.5,-62.5,-122.5,-42.5,-72.5,-185.0,-125.0,-245.0,-72.5,-132.5,-185.0,-125.0,-245.0,-72.5,-132.5,-185.0,-125.0,-245.0,-72.5,-132.5,0.0,0.0,0.0,0.0,0.0,-5.0,25.0,-35.0,45.0,15.0
2019-12-11 00:00:00+00:00,-82.5,37.5,-202.5,-145.0,-265.0,-240.0,-150.0,-330.0,-215.0,-305.0,-110.0,-50.0,-170.0,-147.5,-207.5,42.5,162.5,-77.5,-32.5,-152.5,67.5,187.5,-52.5,-7.5,-127.5,47.5,137.5,-42.5,122.5,32.5,47.5,137.5,-42.5,185.0,95.0,122.5,212.5,32.5,172.5,82.5,102.5,162.5,42.5,90.0,30.0,0.0,0.0,0.0,0.0,0.0,132.5,162.5,102.5,107.5,77.5
2019-12-12 00:00:00+00:00,-225.0,-75.0,-375.0,-275.0,-425.0,-230.0,-50.0,-410.0,-225.0,-375.0,-5.0,25.0,-35.0,-105.0,-135.0,-152.5,-62.5,-242.5,-115.0,-205.0,-152.5,-62.5,-242.5,-165.0,-255.0,-167.5,-137.5,-197.5,-80.0,-110.0,-155.0,-125.0,-185.0,-80.0,-110.0,-155.0,-125.0,-185.0,-80.0,-110.0,-105.0,-75.0,-135.0,-80.0,-110.0,0.0,0.0,0.0,0.0,0.0,-167.5,-137.5,-197.5,-192.5,-222.5
2019-12-13 00:00:00+00:00,-167.5,12.5,-347.5,-42.5,-222.5,-170.0,-50.0,-290.0,-132.5,-252.5,-207.5,-87.5,-327.5,-120.0,-240.0,-20.0,100.0,-140.0,-145.0,-265.0,-27.5,62.5,-117.5,-177.5,-267.5,-92.5,-62.5,-122.5,-142.5,-172.5,-77.5,12.5,-167.5,-127.5,-217.5,-65.0,25.0,-155.0,-127.5,-217.5,-65.0,25.0,-155.0,-127.5,-217.5,0.0,0.0,0.0,0.0,0.0,-30.0,0.0,-60.0,-105.0,-135.0
2019-12-16 00:00:00+00:00,-200.0,-50.0,-350.0,-250.0,-400.0,-82.5,37.5,-202.5,-182.5,-302.5,-205.0,-25.0,-385.0,-292.5,-472.5,-7.5,112.5,-127.5,17.5,-102.5,-15.0,75.0,-105.0,35.0,-55.0,52.5,112.5,-7.5,65.0,5.0,47.5,137.5,-42.5,110.0,20.0,60.0,150.0,-30.0,-2.5,-92.5,40.0,100.0,-20.0,-35.0,-95.0,0.0,0.0,0.0,0.0,0.0,95.0,125.0,65.0,82.5,52.5
2019-12-23 00:00:00+00:00,-70.0,50.0,-190.0,-70.0,-190.0,-95.0,25.0,-215.0,-170.0,-290.0,5.0,125.0,-115.0,-7.5,-127.5,-40.0,50.0,-130.0,-2.5,-92.5,15.0,75.0,-45.0,-10.0,-70.0,7.5,37.5,-22.5,-30.0,-60.0,2.5,62.5,-57.5,-22.5,-82.5,0.0,0.0,0.0,0.0,0.0,0.0,0.0,0.0,0.0,0.0,0.0,0.0,0.0,0.0,0.0,132.5,162.5,102.5,82.5,52.5
2019-12-27 00:00:00+00:00,22.5,112.5,-67.5,60.0,-30.0,10.0,100.0,-80.0,47.5,-42.5,15.0,75.0,-45.0,40.0,-20.0,-132.5,-12.5,-252.5,-107.5,-227.5,-60.0,0.0,-120.0,-47.5,-107.5,0.0,0.0,0.0,0.0,0.0,-30.0,0.0,-60.0,7.5,-22.5,-30.0,0.0,-60.0,7.5,-22.5,0.0,0.0,0.0,0.0,0.0,0.0,0.0,0.0,0.0,0.0,132.5,162.5,102.5,120.0,90.0
2020-01-02 00:00:00+00:00,-120.0,0.0,-240.0,-107.5,-227.5,15.0,75.0,-45.0,-22.5,-82.5,57.5,87.5,27.5,-5.0,-35.0,-110.0,-50.0,-170.0,-97.5,-157.5,-110.0,-50.0,-170.0,-97.5,-157.5,-22.5,37.5,-82.5,-47.5,-107.5,-105.0,-75.0,-135.0,-92.5,-122.5,-105.0,-75.0,-135.0,-92.5,-122.5,-92.5,-62.5,-122.5,-55.0,-85.0,0.0,0.0,0.0,0.0,0.0,-5.0,25.0,-35.0,-30.0,-60.0
2020-01-03 00:00:00+00:00,-295.0,-175.0,-415.0,-45.0,-165.0,-285.0,-225.0,-345.0,-310.0,-370.0,-282.5,-162.5,-402.5,-207.5,-327.5,-512.5,-362.5,-662.5,-612.5,-762.5,-440.0,-350.0,-530.0,-352.5,-442.5,-327.5,-237.5,-417.5,-265.0,-355.0,-272.5,-212.5,-332.5,-247.5,-307.5,-272.5,-212.5,-332.5,-247.5,-307.5,-247.5,-187.5,-307.5,-235.0,-295.0,0.0,0.0,0.0,0.0,0.0,-467.5,-437.5,-497.5,-530.0,-560.0
2020-01-06 00:00:00+00:00,-187.5,-37.5,-337.5,42.5,-77.5,-132.5,-12.5,-252.5,55.0,-65.0,-47.5,12.5,-107.5,45.0,15.0,320.0,500.0,140.0,20.0,-160.0,320.0,500.0,140.0,20.0,-160.0,152.5,212.5,92.5,140.0,80.0,230.0,350.0,110.0,-70.0,-190.0,140.0,200.0,80.0,-22.5,-82.5,0.0,0.0,0.0,0.0,0.0,0.0,0.0,0.0,0.0,0.0,257.5,287.5,227.5,220.0,190.0
2020-01-07 00:00:00+00:00,-232.5,-112.5,-352.5,-407.5,-527.5,-395.0,-275.0,-515.0,-132.5,-252.5,-215.0,-125.0,-305.0,-140.0,-230.0,-270.0,-150.0,-390.0,-245.0,-365.0,-95.0,25.0,-215.0,-120.0,-240.0,77.5,137.5,17.5,102.5,42.5,-132.5,-12.5,-252.5,-220.0,-340.0,97.5,187.5,7.5,22.5,-67.5,140.0,200.0,80.0,90.0,30.0,0.0,0.0,0.0,0.0,0.0,-380.0,-350.0,-410.0,-380.0,-410.0
2020-01-08 00:00:00+00:00,162.5,312.5,12.5,217.5,97.5,565.0,625.0,505.0,477.5,417.5,197.5,287.5,107.5,347.5,257.5,90.0,150.0,30.0,-35.0,-95.0,-42.5,-12.5,-72.5,-17.5,-47.5,-42.5,-12.5,-72.5,-17.5,-47.5,132.5,162.5,102.5,-17.5,-47.5,0.0,0.0,0.0,0.0,0.0,0.0,0.0,0.0,0.0,0.0,0.0,0.0,0.0,0.0,0.0,682.5,712.5,652.5,557.5,527.5
2020-01-09 00:00:00+00:00,-255.0,-75.0,-435.0,-205.0,-385.0,-207.5,-87.5,-327.5,-107.5,-227.5,-202.5,-112.5,-292.5,-215.0,-305.0,-37.5,112.5,-187.5,-187.5,-337.5,-32.5,87.5,-152.5,-220.0,-340.0,27.5,87.5,-32.5,-122.5,-182.5,15.0,75.0,-45.0,-47.5,-107.5,15.0,75.0,-45.0,-47.5,-107.5,102.5,162.5,42.5,-10.0,-70.0,0.0,0.0,0.0,0.0,0.0,-67.5,-37.5,-97.5,-30.0,-60.0
2020-01-10 00:00:00+00:00,-67.5,112.5,-247.5,-17.5,-197.5,90.0,150.0,30.0,127.5,67.5,90.0,150.0,30.0,52.5,-7.5,15.0,75.0,-45.0,2.5,-57.5,15.0,75.0,-45.0,2.5,-57.5,0.0,0.0,0.0,0.0,0.0,20.0,50.0,-10.0,45.0,15.0,45.0,75.0,15.0,20.0,-10.0,0.0,0.0,0.0,0.0,0.0,0.0,0.0,0.0,0.0,0.0,182.5,212.5,152.5,170.0,140.0
2020-01-13 00:00:00+00:00,-205.0,-25.0,-385.0,-155.0,-335.0,-235.0,-25.0,-445.0,-72.5,-282.5,-40.0,50.0,-130.0,-52.5,-142.5,-142.5,37.5,-322.5,-255.0,-435.0,-137.5,12.5,-287.5,-262.5,-412.5,-147.5,-87.5,-207.5,-42.5,-72.5,-157.5,-37.5,-277.5,-232.5,-352.5,-160.0,-100.0,-220.0,-160.0,-220.0,-192.5,-162.5,-222.5,-205.0,-235.0,0.0,0.0,0.0,0.0,0.0,-67.5,-37.5,-97.5,-155.0,-185.0
2020-01-14 00:00:00+00:00,-2.5,87.5,-92.5,22.5,-67.5,215.0,275.0,155.0,352.5,292.5,220.0,250.0,190.0,107.5,77.5,-90.0,0.0,-180.0,-377.5,-467.5,-90.0,0.0,-180.0,-377.5,-467.5,-110.0,-50.0,-170.0,-135.0,-195.0,-167.5,-137.5,-197.5,-155.0,-185.0,-167.5,-137.5,-197.5,-155.0,-185.0,-142.5,-112.5,-172.5,57.5,27.5,0.0,0.0,0.0,0.0,0.0,107.5,137.5,77.5,182.5,152.5
2020-01-15 00:00:00+00:00,-162.5,-12.5,-312.5,-187.5,-337.5,-200.0,-50.0,-350.0,-100.0,-250.0,15.0,75.0,-45.0,-22.5,-82.5,-70.0,50.0,-190.0,17.5,-102.5,-52.5,37.5,-142.5,-27.5,-117.5,20.0,50.0,-10.0,-5.0,-35.0,27.5,87.5,-32.5,52.5,-7.5,20.0,50.0,-10.0,-17.5,-47.5,0.0,0.0,0.0,0.0,0.0,0.0,0.0,0.0,0.0,0.0,95.0,125.0,65.0,132.5,102.5
2020-01-16 00:00:00+00:00,-267.5,-87.5,-447.5,-125.0,-275.0,-152.5,-62.5,-242.5,-52.5,-142.5,-245.0,-125.0,-365.0,-220.0,-340.0,-132.5,-12.5,-252.5,-157.5,-277.5,-70.0,50.0,-190.0,-170.0,-290.0,-70.0,50.0,-190.0,-170.0,-290.0,27.5,87.5,-32.5,-22.5,-82.5,27.5,87.5,-32.5,-22.5,-82.5,27.5,87.5,-32.5,-22.5,-82.5,0.0,0.0,0.0,0.0,0.0,-67.5,-37.5,-97.5,-5.0,-35.0
2020-01-17 00:00:00+00:00,-250.0,-100.0,-400.0,-150.0,-300.0,-170.0,-50.0,-290.0,-70.0,-190.0,-52.5,37.5,-142.5,-77.5,-167.5,25.0,175.0,-125.0,25.0,-125.0,25.0,175.0,-125.0,12.5,-137.5,-47.5,12.5,-107.5,-22.5,-82.5,2.5,62.5,-57.5,40.0,-20.0,27.5,87.5,-32.5,65.0,5.0,20.0,50.0,-10.0,-55.0,-85.0,0.0,0.0,0.0,0.0,0.0,45.0,75.0,15.0,70.0,40.0
2020-01-20 00:00:00+00:00,-57.5,62.5,-177.5,-45.0,-165.0,-107.5,12.5,-227.5,-82.5,-202.5,-125.0,25.0,-275.0,-100.0,-250.0,-162.5,-12.5,-312.5,-200.0,-350.0,-162.5,-12.5,-312.5,-200.0,-350.0,-47.5,12.5,-107.5,-72.5,-132.5,2.5,62.5,-57.5,-22.5,-82.5,-10.0,50.0,-70.0,-47.5,-107.5,20.0,50.0,-10.0,7.5,-22.5,0.0,0.0,0.0,0.0,0.0,107.5,137.5,77.5,107.5,77.5
2020-01-21 00:00:00+00:00,-255.0,-75.0,-435.0,-317.5,-497.5,-102.5,-12.5,-192.5,-127.5,-217.5,-220.0,-100.0,-340.0,-70.0,-190.0,-40.0,50.0,-130.0,-140.0,-230.0,-40.0,50.0,-130.0,-140.0,-230.0,2.5,62.5,-57.5,-47.5,-107.5,65.0,125.0,5.0,90.0,30.0,65.0,125.0,5.0,15.0,-45.0,32.5,62.5,2.5,57.5,27.5,0.0,0.0,0.0,0.0,0.0,57.5,87.5,27.5,20.0,-10.0
2020-01-22 00:00:00+00:00,-182.5,-62.5,-302.5,-232.5,-352.5,-140.0,-50.0,-230.0,-165.0,-255.0,-200.0,-50.0,-350.0,-187.5,-337.5,70.0,250.0,-110.0,-75.0,-225.0,30.0,150.0,-90.0,-90.0,-180.0,7.5,37.5,-22.5,0.0,0.0,22.5,112.5,-67.5,-40.0,-130.0,52.5,112.5,-7.5,-42.5,-72.5,52.5,112.5,-7.5,-42.5,-72.5,0.0,0.0,0.0,0.0,0.0,95.0,125.0,65.0,-5.0,-35.0
2020-01-23 00:00:00+00:00,-212.5,-62.5,-362.5,-150.0,-300.0,-95.0,25.0,-215.0,-7.5,-127.5,-102.5,-12.5,-192.5,-27.5,-117.5,-7.5,112.5,-127.5,-45.0,-165.0,10.0,100.0,-80.0,-65.0,-155.0,0.0,0.0,0.0,0.0,0.0,-65.0,25.0,-155.0,10.0,-80.0,-42.5,-12.5,-72.5,20.0,-10.0,-30.0,0.0,-60.0,7.5,-22.5,0.0,0.0,0.0,0.0,0.0,70.0,100.0,40.0,95.0,65.0
2020-01-24 00:00:00+00:00,-237.5,-87.5,-387.5,-175.0,-325.0,-242.5,-62.5,-422.5,-67.5,-247.5,-47.5,12.5,-107.5,-60.0,-120.0,-107.5,12.5,-227.5,-170.0,-290.0,-95.0,25.0,-215.0,-157.5,-277.5,15.0,75.0,-45.0,15.0,-45.0,-77.5,12.5,-167.5,-202.5,-292.5,-65.0,25.0,-155.0,-190.0,-280.0,-35.0,25.0,-95.0,-97.5,-157.5,0.0,0.0,0.0,0.0,0.0,-92.5,-62.5,-122.5,-42.5,-72.5
2020-01-27 00:00:00+00:00,27.5,87.5,-32.5,-172.5,-232.5,-80.0,-50.0,-110.0,0.0,0.0,-30.0,0.0,-60.0,-42.5,-72.5,-960.0,-900.0,-1020.0,-785.0,-845.0,-622.5,-562.5,-682.5,-597.5,-657.5,-460.0,-400.0,-520.0,-347.5,-407.5,-767.5,-737.5,-797.5,-767.5,-797.5,-767.5,-737.5,-797.5,-755.0,-785.0,-605.0,-575.0,-635.0,-517.5,-547.5,0.0,0.0,0.0,0.0,0.0,-817.5,-787.5,-847.5,-930.0,-960.0
2020-01-28 00:00:00+00:00,-450.0,-300.0,-600.0,-462.5,-612.5,-392.5,-212.5,-572.5,-280.0,-460.0,-390.0,-300.0,-480.0,-202.5,-292.5,5.0,125.0,-115.0,55.0,-65.0,97.5,187.5,7.5,-40.0,-130.0,310.0,400.0,220.0,160.0,70.0,80.0,200.0,-40.0,92.5,-27.5,260.0,350.0,170.0,297.5,207.5,385.0,475.0,295.0,197.5,107.5,0.0,0.0,0.0,0.0,0.0,20.0,50.0,-10.0,295.0,265.0
2020-01-29 00:00:00+00:00,-187.5,-37.5,-337.5,-537.5,-687.5,-162.5,-12.5,-312.5,-225.0,-375.0,65.0,125.0,5.0,-97.5,-157.5,-140.0,-50.0,-230.0,60.0,-30.0,-140.0,-50.0,-230.0,60.0,-30.0,-135.0,-75.0,-195.0,15.0,-45.0,-67.5,-37.5,-97.5,-30.0,-60.0,-67.5,-37.5,-97.5,-30.0,-60.0,-67.5,-37.5,-97.5,-30.0,-60.0,0.0,0.0,0.0,0.0,0.0,32.5,62.5,2.5,-30.0,-60.0
2020-01-30 00:00:00+00:00,17.5,137.5,-102.5,142.5,22.5,-127.5,-37.5,-217.5,-27.5,-117.5,-127.5,-37.5,-217.5,-40.0,-130.0,-182.5,-62.5,-302.5,-57.5,-177.5,-52.5,37.5,-142.5,72.5,-17.5,57.5,87.5,27.5,57.5,27.5,-135.0,-75.0,-195.0,-160.0,-220.0,40.0,100.0,-20.0,-10.0,-70.0,115.0,175.0,55.0,77.5,17.5,0.0,0.0,0.0,0.0,0.0,-17.5,12.5,-47.5,-130.0,-160.0
2020-01-31 00:00:00+00:00,-145.0,-25.0,-265.0,-132.5,-252.5,-370.0,-250.0,-490.0,-170.0,-290.0,45.0,75.0,15.0,0.0,0.0,-312.5,-162.5,-462.5,-320.0,-440.0,-312.5,-162.5,-462.5,-320.0,-440.0,-335.0,-275.0,-395.0,-185.0,-245.0,-377.5,-287.5,-467.5,-115.0,-205.0,-377.5,-287.5,-467.5,-115.0,-205.0,-322.5,-262.5,-382.5,-47.5,-107.5,0.0,0.0,0.0,0.0,0.0,-392.5,-362.5,-422.5,-392.5,-422.5
2020-02-03 00:00:00+00:00,-262.5,-112.5,-412.5,-175.0,-325.0,-345.0,-225.0,-465.0,-82.5,-202.5,-272.5,-212.5,-332.5,-210.0,-270.0,-40.0,50.0,-130.0,27.5,-32.5,-155.0,-125.0,-185.0,-30.0,-60.0,-92.5,-62.5,-122.5,-105.0,-135.0,-17.5,12.5,-47.5,-5.0,-35.0,7.5,37.5,-22.5,107.5,77.5,45.0,75.0,15.0,145.0,115.0,0.0,0.0,0.0,0.0,0.0,-42.5,-12.5,-72.5,70.0,40.0
2020-02-04 00:00:00+00:00,-170.0,-50.0,-290.0,-120.0,-240.0,-277.5,-187.5,-367.5,-240.0,-330.0,-252.5,-162.5,-342.5,-252.5,-342.5,102.5,162.5,42.5,227.5,167.5,102.5,162.5,42.5,227.5,167.5,177.5,237.5,117.5,202.5,142.5,165.0,225.0,105.0,227.5,167.5,177.5,237.5,117.5,265.0,205.0,120.0,150.0,90.0,95.0,65.0,0.0,0.0,0.0,0.0,0.0,107.5,137.5,77.5,20.0,-10.0
2020-02-05 00:00:00+00:00,187.5,337.5,37.5,450.0,300.0,322.5,412.5,232.5,347.5,257.5,215.0,275.0,155.0,457.5,427.5,-15.0,75.0,-105.0,-40.0,-130.0,-47.5,12.5,-107.5,-10.0,-70.0,0.0,0.0,0.0,0.0,0.0,-17.5,12.5,-47.5,157.5,127.5,45.0,75.0,15.0,170.0,140.0,45.0,75.0,15.0,170.0,140.0,0.0,0.0,0.0,0.0,0.0,382.5,412.5,352.5,357.5,327.5
2020-02-06 00:00:00+00:00,-212.5,-62.5,-362.5,-262.5,-412.5,-20.0,100.0,-140.0,-315.0,-405.0,-165.0,-75.0,-255.0,-127.5,-217.5,-332.5,-212.5,-452.5,-170.0,-290.0,-270.0,-150.0,-390.0,-220.0,-340.0,-252.5,-162.5,-342.5,10.0,-80.0,-295.0,-175.0,-415.0,-170.0,-290.0,-290.0,-200.0,-380.0,-252.5,-342.5,-252.5,-162.5,-342.5,-365.0,-455.0,0.0,0.0,0.0,0.0,0.0,-167.5,-137.5,-197.5,-142.5,-172.5
2020-02-07 00:00:00+00:00,-570.0,-450.0,-690.0,-170.0,-290.0,-307.5,-187.5,-427.5,-70.0,-190.0,-210.0,-150.0,-270.0,-35.0,-95.0,-402.5,-312.5,-492.5,-552.5,-642.5,-390.0,-300.0,-480.0,-552.5,-642.5,-277.5,-187.5,-367.5,-427.5,-517.5,-385.0,-325.0,-445.0,-597.5,-657.5,-380.0,-350.0,-410.0,-430.0,-460.0,-380.0,-350.0,-410.0,-430.0,-460.0,0.0,0.0,0.0,0.0,0.0,-517.5,-487.5,-547.5,-467.5,-497.5
2020-02-10 00:00:00+00:00,335.0,425.0,245.0,60.0,-30.0,65.0,125.0,5.0,-235.0,-295.0,-97.5,-37.5,-157.5,-285.0,-345.0,-147.5,-87.5,-207.5,-235.0,-295.0,-147.5,-87.5,-207.5,-235.0,-295.0,-92.5,-62.5,-122.5,-142.5,-172.5,152.5,212.5,92.5,190.0,130.0,-105.0,-75.0,-135.0,232.5,202.5,-30.0,0.0,-60.0,270.0,240.0,0.0,0.0,0.0,0.0,0.0,195.0,225.0,165.0,-17.5,-47.5
2020-02-11 00:00:00+00:00,-180.0,0.0,-360.0,-67.5,-247.5,140.0,200.0,80.0,65.0,5.0,70.0,100.0,40.0,32.5,2.5,-2.5,87.5,-92.5,15.0,-45.0,-2.5,87.5,-92.5,15.0,-45.0,27.5,87.5,-32.5,15.0,-45.0,-147.5,-87.5,-207.5,20.0,-10.0,-10.0,50.0,-70.0,32.5,2.5,-10.0,50.0,-70.0,32.5,2.5,0.0,0.0,0.0,0.0,0.0,7.5,37.5,-22.5,157.5,127.5
2020-02-13 00:00:00+00:00,-135.0,-75.0,-195.0,-285.0,-345.0,-80.0,-50.0,-110.0,-142.5,-172.5,-320.0,-200.0,-440.0,-357.5,-477.5,-365.0,-275.0,-455.0,-140.0,-230.0,-215.0,-125.0,-305.0,-90.0,-180.0,-177.5,-87.5,-267.5,-77.5,-167.5,-335.0,-275.0,-395.0,-122.5,-182.5,-247.5,-187.5,-307.5,-147.5,-207.5,-247.5,-187.5,-307.5,-147.5,-207.5,0.0,0.0,0.0,0.0,0.0,-317.5,-287.5,-347.5,-342.5,-372.5
2020-02-14 00:00:00+00:00,-212.5,-62.5,-362.5,-182.5,-302.5,-127.5,-37.5,-217.5,-40.0,-130.0,-85.0,-25.0,-145.0,-92.5,-122.5,-40.0,50.0,-130.0,-40.0,-130.0,-40.0,50.0,-130.0,-40.0,-130.0,-47.5,12.5,-107.5,-47.5,-107.5,-35.0,25.0,-95.0,15.0,-45.0,-35.0,25.0,-95.0,15.0,-45.0,-35.0,25.0,-95.0,15.0,-45.0,0.0,0.0,0.0,0.0,0.0,-17.5,12.5,-47.5,32.5,2.5
2020-02-17 00:00:00+00:00,-82.5,37.5,-202.5,-82.5,-202.5,-157.5,-37.5,-277.5,-95.0,-215.0,-72.5,-12.5,-132.5,-85.0,-145.0,-82.5,37.5,-202.5,-115.0,-205.0,-35.0,25.0,-95.0,-60.0,-120.0,0.0,0.0,0.0,0.0,0.0,2.5,62.5,-57.5,-10.0,-70.0,2.5,62.5,-57.5,-10.0,-70.0,20.0,50.0,-10.0,20.0,-10.0,0.0,0.0,0.0,0.0,0.0,57.5,87.5,27.5,32.5,2.5
2020-02-18 00:00:00+00:00,-267.5,-87.5,-447.5,-105.0,-285.0,-237.5,-87.5,-387.5,62.5,-87.5,-122.5,-62.5,-182.5,-110.0,-170.0,-77.5,12.5,-167.5,-127.5,-217.5,-52.5,37.5,-142.5,-127.5,-217.5,-60.0,0.0,-120.0,-122.5,-182.5,-22.5,37.5,-82.5,-97.5,-157.5,-92.5,-62.5,-122.5,-80.0,-110.0,32.5,62.5,2.5,32.5,2.5,0.0,0.0,0.0,0.0,0.0,-117.5,-87.5,-147.5,-17.5,-47.5
2020-02-19 00:00:00+00:00,-237.5,-87.5,-387.5,-195.0,-315.0,-52.5,37.5,-142.5,-165.0,-255.0,-350.0,-200.0,-500.0,-175.0,-325.0,-120.0,0.0,-240.0,-132.5,-252.5,-90.0,0.0,-180.0,-102.5,-192.5,-97.5,-37.5,-157.5,-72.5,-132.5,2.5,62.5,-57.5,-110.0,-170.0,2.5,62.5,-57.5,-110.0,-170.0,-17.5,12.5,-47.5,-67.5,-97.5,0.0,0.0,0.0,0.0,0.0,-17.5,12.5,-47.5,-42.5,-72.5
2020-02-20 00:00:00+00:00,-200.0,-50.0,-350.0,-250.0,-400.0,-200.0,-50.0,-350.0,-212.5,-362.5,10.0,100.0,-80.0,-35.0,-95.0,-90.0,0.0,-180.0,-65.0,-155.0,-22.5,37.5,-82.5,-10.0,-70.0,-30.0,0.0,-60.0,-30.0,-60.0,40.0,100.0,-20.0,40.0,-20.0,-30.0,0.0,-60.0,-42.5,-72.5,-55.0,-25.0,-85.0,-55.0,-85.0,0.0,0.0,0.0,0.0,0.0,-142.5,-112.5,-172.5,-205.0,-235.0
2020-02-21 00:00:00+00:00,-237.5,-87.5,-387.5,-595.0,-715.0,-480.0,-300.0,-660.0,-430.0,-610.0,-502.5,-412.5,-592.5,-502.5,-592.5,305.0,425.0,185.0,317.5,197.5,317.5,437.5,197.5,267.5,147.5,132.5,162.5,102.5,120.0,90.0,247.5,337.5,157.5,247.5,157.5,215.0,275.0,155.0,240.0,180.0,215.0,275.0,155.0,240.0,180.0,0.0,0.0,0.0,0.0,0.0,-67.5,-37.5,-97.5,-17.5,-47.5
2020-02-24 00:00:00+00:00,197.5,287.5,107.5,610.0,520.0,340.0,400.0,280.0,265.0,205.0,-547.5,-487.5,-607.5,-622.5,-682.5,-910.0,-850.0,-970.0,-397.5,-457.5,-910.0,-850.0,-970.0,-397.5,-457.5,-435.0,-375.0,-495.0,-185.0,-245.0,-560.0,-500.0,-620.0,-85.0,-145.0,-572.5,-512.5,-632.5,-135.0,-195.0,-285.0,-225.0,-345.0,-247.5,-307.5,0.0,0.0,0.0,0.0,0.0,-355.0,-325.0,-385.0,120.0,90.0
2020-02-25 00:00:00+00:00,-215.0,-125.0,-305.0,-415.0,-505.0,-552.5,-462.5,-642.5,-165.0,-255.0,0.0,0.0,0.0,0.0,0.0,-607.5,-487.5,-727.5,-270.0,-390.0,-490.0,-400.0,-580.0,-40.0,-130.0,-422.5,-362.5,-482.5,-435.0,-495.0,-747.5,-687.5,-807.5,-610.0,-670.0,-747.5,-687.5,-807.5,-610.0,-670.0,-417.5,-387.5,-447.5,-592.5,-622.5,0.0,0.0,0.0,0.0,0.0,-567.5,-537.5,-597.5,-505.0,-535.0
2020-02-26 00:00:00+00:00,642.5,762.5,522.5,530.0,410.0,92.5,212.5,-27.5,-245.0,-365.0,707.5,737.5,677.5,507.5,477.5,-40.0,50.0,-130.0,297.5,207.5,365.0,425.0,305.0,952.5,892.5,915.0,975.0,855.0,740.0,680.0,427.5,487.5,367.5,827.5,767.5,490.0,550.0,430.0,665.0,605.0,157.5,187.5,127.5,407.5,377.5,0.0,0.0,0.0,0.0,0.0,1145.0,1175.0,1115.0,1520.0,1490.0
2020-02-27 00:00:00+00:00,-487.5,-337.5,-637.5,-787.5,-937.5,-130.0,-100.0,-160.0,-217.5,-247.5,-167.5,-137.5,-197.5,-267.5,-297.5,-602.5,-512.5,-692.5,22.5,-67.5,-190.0,-100.0,-280.0,235.0,145.0,-47.5,12.5,-107.5,465.0,405.0,-230.0,-200.0,-260.0,-430.0,-460.0,-230.0,-200.0,-260.0,-430.0,-460.0,-142.5,-112.5,-172.5,-392.5,-422.5,0.0,0.0,0.0,0.0,0.0,-580.0,-550.0,-610.0,-705.0,-735.0
2020-02-28 00:00:00+00:00,480.0,600.0,360.0,530.0,410.0,865.0,925.0,805.0,927.5,867.5,527.5,587.5,467.5,1190.0,1130.0,327.5,387.5,267.5,407.5,377.5,477.5,537.5,417.5,295.0,265.0,1557.5,1587.5,1527.5,957.5,927.5,32.5,62.5,2.5,57.5,27.5,82.5,112.5,52.5,245.0,215.0,1557.5,1587.5,1527.5,957.5,927.5,0.0,0.0,0.0,0.0,0.0,870.0,900.0,840.0,1157.5,1127.5
2020-03-02 00:00:00+00:00,-1367.5,-1187.5,-1547.5,-1317.5,-1497.5,-1690.0,-1600.0,-1780.0,-1202.5,-1292.5,-952.5,-862.5,-1042.5,-902.5,-992.5,-1912.5,-1762.5,-2062.5,-3150.0,-3300.0,-1537.5,-1387.5,-1687.5,-2387.5,-2537.5,-1740.0,-1650.0,-1830.0,-2165.0,-2255.0,-3065.0,-2975.0,-3155.0,-2915.0,-3005.0,-1952.5,-1862.5,-2042.5,-1752.5,-1842.5,-1952.5,-1862.5,-2042.5,-1752.5,-1842.5,0.0,0.0,0.0,0.0,0.0,-3442.5,-3412.5,-3472.5,-3842.5,-3872.5
2020-03-03 00:00:00+00:00,-832.5,-712.5,-952.5,-982.5,-1102.5,-327.5,-237.5,-417.5,547.5,457.5,60.0,150.0,-30.0,35.0,-55.0,17.5,137.5,-102.5,517.5,397.5,205.0,325.0,85.0,367.5,247.5,-385.0,-325.0,-445.0,-147.5,-207.5,35.0,125.0,-55.0,60.0,-30.0,-522.5,-462.5,-582.5,-210.0,-270.0,-517.5,-487.5,-547.5,-317.5,-347.5,0.0,0.0,0.0,0.0,0.0,-330.0,-300.0,-360.0,-192.5,-222.5
2020-03-04 00:00:00+00:00,300.0,450.0,150.0,-157.5,-277.5,105.0,225.0,-15.0,117.5,-2.5,440.0,500.0,380.0,77.5,17.5,-222.5,-162.5,-282.5,52.5,-7.5,-317.5,-287.5,-347.5,-80.0,-110.0,-317.5,-287.5,-347.5,-80.0,-110.0,107.5,137.5,77.5,57.5,27.5,107.5,137.5,77.5,57.5,27.5,-5.0,25.0,-35.0,45.0,15.0,0.0,0.0,0.0,0.0,0.0,382.5,412.5,352.5,257.5,227.5
2020-03-05 00:00:00+00:00,-895.0,-775.0,-1015.0,-1420.0,-1540.0,-837.5,-687.5,-987.5,-732.5,-852.5,-467.5,-437.5,-497.5,-492.5,-522.5,-320.0,-200.0,-440.0,97.5,7.5,-415.0,-325.0,-505.0,97.5,7.5,-260.0,-200.0,-320.0,-172.5,-232.5,-647.5,-587.5,-707.5,-172.5,-232.5,-647.5,-587.5,-707.5,-172.5,-232.5,-647.5,-587.5,-707.5,-172.5,-232.5,0.0,0.0,0.0,0.0,0.0,-842.5,-812.5,-872.5,-892.5,-922.5
2020-03-06 00:00:00+00:00,-90.0,0.0,-180.0,-1297.5,-1357.5,-735.0,-675.0,-795.0,-1360.0,-1420.0,7.5,37.5,-22.5,-342.5,-372.5,-1697.5,-1637.5,-1757.5,-2022.5,-2082.5,-1610.0,-1550.0,-1670.0,-2110.0,-2170.0,-1980.0,-1950.0,-2010.0,-1930.0,-1960.0,-1310.0,-1250.0,-1370.0,-1897.5,-1957.5,-1222.5,-1162.5,-1282.5,-1985.0,-2045.0,-1180.0,-1150.0,-1210.0,-1405.0,-1435.0,0.0,0.0,0.0,0.0,0.0,-2117.5,-2087.5,-2147.5,-2142.5,-2172.5
2020-03-10 00:00:00+00:00,530.0,650.0,410.0,-95.0,-215.0,522.5,612.5,432.5,160.0,70.0,577.5,637.5,517.5,427.5,367.5,167.5,287.5,47.5,-70.0,-190.0,-247.5,-187.5,-307.5,-372.5,-432.5,7.5,37.5,-22.5,-17.5,-47.5,-90.0,0.0,-180.0,-627.5,-717.5,-97.5,-37.5,-157.5,-610.0,-670.0,-155.0,-125.0,-185.0,-417.5,-447.5,0.0,0.0,0.0,0.0,0.0,307.5,337.5,277.5,-155.0,-185.0
2020-03-11 00:00:00+00:00,-1180.0,-1000.0,-1360.0,-355.0,-535.0,-1320.0,-1200.0,-1440.0,-1345.0,-1465.0,-847.5,-787.5,-907.5,-1060.0,-1120.0,245.0,425.0,65.0,-455.0,-635.0,330.0,450.0,210.0,-520.0,-640.0,-152.5,-62.5,-242.5,-1190.0,-1280.0,-602.5,-512.5,-692.5,-890.0,-980.0,-585.0,-525.0,-645.0,-1097.5,-1157.5,107.5,137.5,77.5,-280.0,-310.0,0.0,0.0,0.0,0.0,0.0,-1767.5,-1737.5,-1797.5,-1855.0,-1885.0
2020-03-12 00:00:00+00:00,-352.5,-262.5,-442.5,-765.0,-855.0,-647.5,-587.5,-707.5,-1610.0,-1670.0,-1495.0,-1375.0,-1615.0,-845.0,-965.0,605.0,725.0,485.0,1117.5,997.5,-15.0,75.0,-105.0,-65.0,-155.0,482.5,512.5,452.5,195.0,165.0,872.5,962.5,782.5,1627.5,1567.5,357.5,387.5,327.5,1207.5,1177.5,0.0,0.0,0.0,0.0,0.0,0.0,0.0,0.0,0.0,0.0,-180.0,-150.0,-210.0,-30.0,-60.0
2020-03-13 00:00:00+00:00,1512.5,1662.5,1362.5,3087.5,2937.5,2015.0,2075.0,1955.0,1590.0,1530.0,2402.5,2462.5,2342.5,1402.5,1342.5,502.5,562.5,442.5,1040.0,980.0,502.5,562.5,442.5,1040.0,980.0,0.0,0.0,0.0,0.0,0.0,815.0,875.0,755.0,1502.5,1442.5,932.5,962.5,902.5,420.0,390.0,0.0,0.0,0.0,0.0,0.0,0.0,0.0,0.0,0.0,0.0,2857.5,2887.5,2827.5,3295.0,3265.0
2020-03-19 00:00:00+00:00,-1925.0,-1775.0,-2075.0,-1737.5,-1887.5,-2587.5,-2437.5,-2737.5,-2487.5,-2637.5,-1885.0,-1825.0,-1945.0,-2272.5,-2332.5,-707.5,-587.5,-827.5,210.0,120.0,697.5,787.5,607.5,1097.5,1007.5,-97.5,-37.5,-157.5,790.0,730.0,-1330.0,-1300.0,-1360.0,-655.0,-685.0,-1330.0,-1300.0,-1360.0,-655.0,-685.0,-355.0,-325.0,-385.0,-905.0,-935.0,0.0,0.0,0.0,0.0,0.0,-2905.0,-2875.0,-2935.0,-2630.0,-2660.0
2020-03-20 00:00:00+00:00,-907.5,-787.5,-1027.5,-220.0,-340.0,-1497.5,-1437.5,-1557.5,-772.5,-832.5,-885.0,-825.0,-945.0,27.5,-32.5,-1872.5,-1812.5,-1932.5,-1860.0,-1920.0,-1872.5,-1812.5,-1932.5,-1860.0,-1920.0,-1872.5,-1812.5,-1932.5,-1860.0,-1920.0,-2067.5,-2037.5,-2097.5,-1830.0,-1860.0,-1605.0,-1575.0,-1635.0,-1192.5,-1222.5,-1605.0,-1575.0,-1635.0,-1192.5,-1222.5,0.0,0.0,0.0,0.0,0.0,-2780.0,-2750.0,-2810.0,-1980.0,-2010.0
2020-03-23 00:00:00+00:00,-307.5,-187.5,-427.5,-457.5,-577.5,-850.0,-700.0,-1000.0,-237.5,-387.5,-602.5,-512.5,-692.5,-502.5,-592.5,612.5,762.5,462.5,-525.0,-675.0,292.5,412.5,172.5,-482.5,-602.5,-730.0,-700.0,-760.0,-767.5,-797.5,-272.5,-212.5,-332.5,-197.5,-257.5,0.0,0.0,0.0,0.0,0.0,0.0,0.0,0.0,0.0,0.0,0.0,0.0,0.0,0.0,0.0,-5.0,25.0,-35.0,-355.0,-385.0
2020-03-25 00:00:00+00:00,-1832.5,-1712.5,-1952.5,460.0,370.0,-1322.5,-1262.5,-1382.5,-367.5,-397.5,-517.5,-487.5,-547.5,-517.5,-547.5,-3280.0,-3250.0,-3310.0,-3855.0,-3885.0,-2855.0,-2825.0,-2885.0,-3405.0,-3435.0,-2855.0,-2825.0,-2885.0,-3405.0,-3435.0,-4217.5,-4187.5,-4247.5,-4405.0,-4435.0,-4217.5,-4187.5,-4247.5,-4405.0,-4435.0,-3742.5,-3712.5,-3772.5,-4180.0,-4210.0,0.0,0.0,0.0,0.0,0.0,-4230.0,-4200.0,-4260.0,-4667.5,-4697.5
2020-03-26 00:00:00+00:00,-392.5,-212.5,-572.5,-925.0,-1075.0,-120.0,0.0,-240.0,-570.0,-690.0,805.0,925.0,685.0,-295.0,-415.0,152.5,212.5,92.5,-97.5,-157.5,27.5,87.5,-32.5,-85.0,-145.0,0.0,0.0,0.0,0.0,0.0,295.0,325.0,265.0,70.0,40.0,0.0,0.0,0.0,0.0,0.0,0.0,0.0,0.0,0.0,0.0,0.0,0.0,0.0,0.0,0.0,7.5,37.5,-22.5,-555.0,-585.0
2020-03-27 00:00:00+00:00,-1195.0,-1075.0,-1315.0,-2145.0,-2265.0,-742.5,-712.5,-772.5,-292.5,-322.5,-647.5,-587.5,-707.5,-985.0,-1045.0,100.0,250.0,-50.0,1367.5,1247.5,100.0,250.0,-50.0,1367.5,1247.5,455.0,575.0,335.0,1080.0,960.0,-452.5,-362.5,-542.5,40.0,-20.0,-452.5,-362.5,-542.5,40.0,-20.0,-417.5,-387.5,-447.5,-242.5,-272.5,0.0,0.0,0.0,0.0,0.0,-1467.5,-1437.5,-1497.5,-1392.5,-1422.5
2020-03-30 00:00:00+00:00,30.0,150.0,-90.0,-982.5,-1102.5,-1555.0,-1375.0,-1735.0,-642.5,-822.5,-2690.0,-2450.0,-2930.0,-515.0,-755.0,1417.5,1537.5,1297.5,1455.0,1335.0,1897.5,1987.5,1807.5,1135.0,1045.0,1515.0,1575.0,1455.0,1390.0,1330.0,772.5,862.5,682.5,872.5,782.5,245.0,275.0,215.0,332.5,302.5,0.0,0.0,0.0,0.0,0.0,0.0,0.0,0.0,0.0,0.0,820.0,850.0,790.0,1357.5,1327.5
2020-03-31 00:00:00+00:00,-457.5,-337.5,-577.5,-407.5,-527.5,-392.5,-362.5,-422.5,-455.0,-485.0,90.0,150.0,30.0,-160.0,-220.0,-972.5,-912.5,-1032.5,-1035.0,-1095.0,-735.0,-675.0,-795.0,-760.0,-820.0,-380.0,-350.0,-410.0,-492.5,-522.5,-1160.0,-1100.0,-1220.0,-1285.0,-1345.0,-1330.0,-1300.0,-1360.0,-1330.0,-1360.0,-1255.0,-1225.0,-1285.0,-1330.0,-1360.0,0.0,0.0,0.0,0.0,0.0,-1492.5,-1462.5,-1522.5,-1567.5,-1597.5
2020-04-01 00:00:00+00:00,-680.0,-500.0,-860.0,95.0,-85.0,-240.0,-150.0,-330.0,322.5,232.5,-520.0,-400.0,-640.0,-232.5,-352.5,-165.0,-75.0,-255.0,-652.5,-742.5,-165.0,-75.0,-255.0,-652.5,-742.5,207.5,237.5,177.5,132.5,102.5,-167.5,-137.5,-197.5,-92.5,-122.5,-167.5,-137.5,-197.5,-92.5,-122.5,-167.5,-137.5,-197.5,-92.5,-122.5,0.0,0.0,0.0,0.0,0.0,-617.5,-587.5,-647.5,-505.0,-535.0
2020-04-02 00:00:00+00:00,-300.0,-150.0,-450.0,5.0,-115.0,-277.5,-187.5,-367.5,-172.5,-232.5,-590.0,-500.0,-680.0,-327.5,-417.5,-57.5,62.5,-177.5,-207.5,-327.5,-57.5,62.5,-177.5,-207.5,-327.5,-2.5,87.5,-92.5,-465.0,-555.0,-127.5,-37.5,-217.5,-165.0,-255.0,-235.0,-175.0,-295.0,77.5,17.5,-110.0,-50.0,-170.0,77.5,17.5,0.0,0.0,0.0,0.0,0.0,-55.0,-25.0,-85.0,-117.5,-147.5
2020-04-03 00:00:00+00:00,487.5,637.5,337.5,-257.5,-377.5,262.5,412.5,112.5,-457.5,-577.5,732.5,762.5,702.5,857.5,827.5,317.5,437.5,197.5,455.0,335.0,405.0,525.0,285.0,230.0,110.0,385.0,475.0,295.0,-40.0,-130.0,165.0,225.0,105.0,77.5,17.5,327.5,387.5,267.5,427.5,367.5,377.5,437.5,317.5,127.5,67.5,0.0,0.0,0.0,0.0,0.0,770.0,800.0,740.0,1007.5,977.5
2020-04-06 00:00:00+00:00,-357.5,-237.5,-477.5,-127.5,-217.5,-272.5,-212.5,-332.5,-272.5,-332.5,82.5,112.5,52.5,-192.5,-222.5,160.0,250.0,70.0,272.5,182.5,210.0,300.0,120.0,247.5,157.5,-30.0,0.0,-60.0,45.0,15.0,140.0,200.0,80.0,65.0,5.0,7.5,37.5,-22.5,70.0,40.0,107.5,137.5,77.5,220.0,190.0,0.0,0.0,0.0,0.0,0.0,-180.0,-150.0,-210.0,-80.0,-110.0
2020-04-07 00:00:00+00:00,-230.0,-50.0,-410.0,745.0,565.0,602.5,662.5,542.5,690.0,630.0,735.0,825.0,645.0,810.0,720.0,-177.5,-87.5,-267.5,35.0,-55.0,97.5,187.5,7.5,85.0,-5.0,-42.5,-12.5,-72.5,282.5,252.5,65.0,125.0,5.0,-435.0,-495.0,265.0,325.0,205.0,-197.5,-257.5,432.5,462.5,402.5,207.5,177.5,0.0,0.0,0.0,0.0,0.0,732.5,762.5,702.5,470.0,440.0
2020-04-08 00:00:00+00:00,-87.5,62.5,-237.5,500.0,350.0,-232.5,-112.5,-352.5,142.5,22.5,515.0,575.0,455.0,1027.5,967.5,585.0,675.0,495.0,60.0,-30.0,402.5,462.5,342.5,-97.5,-157.5,515.0,575.0,455.0,-185.0,-245.0,552.5,612.5,492.5,40.0,-20.0,270.0,300.0,240.0,207.5,177.5,270.0,300.0,240.0,207.5,177.5,0.0,0.0,0.0,0.0,0.0,907.5,937.5,877.5,895.0,865.0
2020-04-09 00:00:00+00:00,-1220.0,-1100.0,-1340.0,-1670.0,-1790.0,-1615.0,-1525.0,-1705.0,-790.0,-880.0,-660.0,-600.0,-720.0,-647.5,-707.5,387.5,537.5,237.5,80.0,-40.0,387.5,537.5,237.5,80.0,-40.0,410.0,500.0,320.0,72.5,-17.5,67.5,187.5,-52.5,322.5,232.5,60.0,150.0,-30.0,322.5,232.5,1047.5,1137.5,957.5,572.5,482.5,0.0,0.0,0.0,0.0,0.0,-917.5,-887.5,-947.5,-880.0,-910.0
2020-04-13 00:00:00+00:00,642.5,762.5,522.5,830.0,710.0,952.5,1012.5,892.5,927.5,867.5,915.0,975.0,855.0,765.0,705.0,-22.5,37.5,-82.5,-35.0,-95.0,65.0,125.0,5.0,102.5,42.5,65.0,125.0,5.0,102.5,42.5,140.0,200.0,80.0,65.0,5.0,2.5,62.5,-57.5,-10.0,-70.0,107.5,137.5,77.5,57.5,27.5,0.0,0.0,0.0,0.0,0.0,1032.5,1062.5,1002.5,1045.0,1015.0
2020-04-14 00:00:00+00:00,-265.0,-175.0,-355.0,-490.0,-580.0,-450.0,-300.0,-600.0,-620.0,-740.0,-102.5,-12.5,-192.5,-527.5,-617.5,367.5,487.5,247.5,617.5,497.5,335.0,425.0,245.0,410.0,320.0,477.5,537.5,417.5,302.5,242.5,380.0,500.0,260.0,855.0,735.0,430.0,550.0,310.0,692.5,572.5,585.0,675.0,495.0,310.0,220.0,0.0,0.0,0.0,0.0,0.0,682.5,712.5,652.5,457.5,427.5
2020-04-15 00:00:00+00:00,-545.0,-425.0,-665.0,-507.5,-627.5,-442.5,-262.5,-622.5,-292.5,-472.5,-170.0,-50.0,-290.0,-107.5,-227.5,-20.0,100.0,-140.0,5.0,-115.0,232.5,262.5,202.5,170.0,140.0,232.5,262.5,202.5,170.0,140.0,260.0,350.0,170.0,297.5,207.5,152.5,212.5,92.5,77.5,17.5,0.0,0.0,0.0,0.0,0.0,0.0,0.0,0.0,0.0,0.0,57.5,87.5,27.5,-67.5,-97.5
2020-04-16 00:00:00+00:00,5.0,125.0,-115.0,-1020.0,-1140.0,-272.5,-212.5,-332.5,-597.5,-657.5,-182.5,-62.5,-302.5,-270.0,-390.0,-20.0,100.0,-140.0,342.5,222.5,480.0,600.0,360.0,130.0,10.0,385.0,475.0,295.0,47.5,-42.5,-377.5,-287.5,-467.5,222.5,132.5,-377.5,-287.5,-467.5,222.5,132.5,245.0,275.0,215.0,307.5,277.5,0.0,0.0,0.0,0.0,0.0,-630.0,-600.0,-660.0,-180.0,-210.0
2020-04-17 00:00:00+00:00,-75.0,75.0,-225.0,-300.0,-450.0,-27.5,62.5,-117.5,10.0,-80.0,2.5,62.5,-57.5,165.0,105.0,380.0,500.0,260.0,305.0,185.0,122.5,212.5,32.5,72.5,-17.5,-55.0,-25.0,-85.0,95.0,65.0,85.0,175.0,-5.0,260.0,170.0,310.0,400.0,220.0,285.0,195.0,-55.0,-25.0,-85.0,95.0,65.0,0.0,0.0,0.0,0.0,0.0,632.5,662.5,602.5,607.5,577.5
2020-04-20 00:00:00+00:00,-402.5,-312.5,-492.5,-215.0,-305.0,-272.5,-212.5,-332.5,-285.0,-345.0,-235.0,-175.0,-295.0,-322.5,-382.5,-1182.5,-1062.5,-1302.5,-1182.5,-1302.5,-682.5,-562.5,-802.5,-932.5,-1052.5,-540.0,-450.0,-630.0,-727.5,-817.5,-1435.0,-1375.0,-1495.0,-1235.0,-1295.0,-1072.5,-1012.5,-1132.5,-1335.0,-1395.0,-1072.5,-1012.5,-1132.5,-1335.0,-1395.0,0.0,0.0,0.0,0.0,0.0,-1880.0,-1850.0,-1910.0,-1930.0,-1960.0
2020-04-21 00:00:00+00:00,-1175.0,-1025.0,-1325.0,-1007.5,-1127.5,-790.0,-700.0,-880.0,-1277.5,-1367.5,-160.0,-100.0,-220.0,-735.0,-795.0,-290.0,-200.0,-380.0,-52.5,-142.5,-65.0,25.0,-155.0,35.0,-55.0,-210.0,-150.0,-270.0,202.5,142.5,-1297.5,-1237.5,-1357.5,-1160.0,-1220.0,-1072.5,-1012.5,-1132.5,-1072.5,-1132.5,-555.0,-525.0,-585.0,-655.0,-685.0,0.0,0.0,0.0,0.0,0.0,-2092.5,-2062.5,-2122.5,-1742.5,-1772.5
2020-04-22 00:00:00+00:00,-525.0,-375.0,-675.0,-312.5,-462.5,-427.5,-337.5,-517.5,-415.0,-505.0,-447.5,-387.5,-507.5,-385.0,-445.0,-15.0,75.0,-105.0,-140.0,-230.0,-15.0,75.0,-105.0,-140.0,-230.0,-80.0,-50.0,-110.0,-180.0,-210.0,-217.5,-187.5,-247.5,-242.5,-272.5,-205.0,-175.0,-235.0,-280.0,-310.0,-155.0,-125.0,-185.0,-155.0,-185.0,0.0,0.0,0.0,0.0,0.0,-605.0,-575.0,-635.0,-305.0,-335.0
2020-04-23 00:00:00+00:00,-362.5,-212.5,-512.5,-100.0,-250.0,240.0,300.0,180.0,27.5,-32.5,215.0,275.0,155.0,2.5,-57.5,147.5,237.5,57.5,172.5,82.5,152.5,212.5,92.5,52.5,-7.5,40.0,100.0,-20.0,52.5,-7.5,20.0,50.0,-10.0,-17.5,-47.5,20.0,50.0,-10.0,-17.5,-47.5,20.0,50.0,-10.0,-17.5,-47.5,0.0,0.0,0.0,0.0,0.0,245.0,275.0,215.0,45.0,15.0
2020-04-24 00:00:00+00:00,760.0,850.0,670.0,810.0,720.0,1245.0,1275.0,1215.0,1032.5,1002.5,907.5,937.5,877.5,595.0,565.0,177.5,237.5,117.5,-335.0,-395.0,0.0,0.0,0.0,0.0,0.0,0.0,0.0,0.0,0.0,0.0,0.0,0.0,0.0,0.0,0.0,0.0,0.0,0.0,0.0,0.0,0.0,0.0,0.0,0.0,0.0,0.0,0.0,0.0,0.0,0.0,982.5,1012.5,952.5,945.0,915.0
2020-04-27 00:00:00+00:00,-17.5,162.5,-197.5,-42.5,-222.5,-265.0,-175.0,-355.0,-15.0,-105.0,132.5,162.5,102.5,195.0,165.0,182.5,362.5,2.5,-155.0,-335.0,425.0,575.0,275.0,-162.5,-312.5,277.5,337.5,217.5,27.5,-32.5,-105.0,-75.0,-135.0,-42.5,-72.5,-105.0,-75.0,-135.0,-42.5,-72.5,7.5,37.5,-22.5,-117.5,-147.5,0.0,0.0,0.0,0.0,0.0,107.5,137.5,77.5,170.0,140.0
2020-04-28 00:00:00+00:00,792.5,912.5,672.5,980.0,860.0,917.5,1037.5,797.5,467.5,347.5,977.5,1037.5,917.5,1077.5,1017.5,252.5,312.5,192.5,90.0,30.0,315.0,375.0,255.0,177.5,117.5,0.0,0.0,0.0,0.0,0.0,120.0,150.0,90.0,95.0,65.0,182.5,212.5,152.5,182.5,152.5,0.0,0.0,0.0,0.0,0.0,0.0,0.0,0.0,0.0,0.0,1370.0,1400.0,1340.0,1232.5,1202.5
2020-04-29 00:00:00+00:00,42.5,162.5,-77.5,-295.0,-415.0,-552.5,-462.5,-642.5,-652.5,-742.5,-485.0,-425.0,-545.0,-422.5,-482.5,-415.0,-325.0,-505.0,-602.5,-692.5,-415.0,-325.0,-505.0,-602.5,-692.5,-402.5,-312.5,-492.5,-372.5,-432.5,-335.0,-275.0,-395.0,-30.0,-60.0,-335.0,-275.0,-395.0,-30.0,-60.0,-80.0,-50.0,-110.0,-30.0,-60.0,0.0,0.0,0.0,0.0,0.0,-730.0,-700.0,-760.0,-730.0,-760.0
2020-04-30 00:00:00+00:00,32.5,62.5,2.5,-80.0,-110.0,-347.5,-287.5,-407.5,-322.5,-382.5,-612.5,-462.5,-762.5,-175.0,-325.0,-640.0,-550.0,-730.0,-540.0,-630.0,-810.0,-750.0,-870.0,-560.0,-620.0,-585.0,-525.0,-645.0,-360.0,-420.0,-422.5,-362.5,-482.5,-947.5,-1007.5,-505.0,-475.0,-535.0,-992.5,-1022.5,-505.0,-475.0,-535.0,-992.5,-1022.5,0.0,0.0,0.0,0.0,0.0,-805.0,-775.0,-835.0,-805.0,-835.0
2020-05-01 00:00:00+00:00,-412.5,-262.5,-562.5,-62.5,-212.5,-502.5,-412.5,-592.5,-115.0,-205.0,-477.5,-387.5,-567.5,-677.5,-767.5,-215.0,-125.0,-305.0,-202.5,-292.5,-27.5,62.5,-117.5,-77.5,-167.5,185.0,275.0,95.0,-110.0,-170.0,172.5,262.5,82.5,-52.5,-142.5,-22.5,37.5,-82.5,-60.0,-120.0,-22.5,37.5,-82.5,-60.0,-120.0,0.0,0.0,0.0,0.0,0.0,-192.5,-162.5,-222.5,-180.0,-210.0
2020-05-04 00:00:00+00:00,330.0,450.0,210.0,192.5,72.5,427.5,487.5,367.5,45.0,15.0,-30.0,0.0,-60.0,45.0,15.0,-365.0,-275.0,-455.0,-2.5,-92.5,-110.0,-50.0,-170.0,-47.5,-107.5,-110.0,-50.0,-170.0,-47.5,-107.5,115.0,175.0,55.0,302.5,242.5,215.0,275.0,155.0,265.0,205.0,240.0,300.0,180.0,352.5,292.5,0.0,0.0,0.0,0.0,0.0,382.5,412.5,352.5,757.5,727.5
2020-05-05 00:00:00+00:00,305.0,425.0,185.0,-182.5,-302.5,90.0,150.0,30.0,540.0,480.0,457.5,487.5,427.5,357.5,327.5,310.0,400.0,220.0,302.5,242.5,240.0,300.0,180.0,302.5,242.5,-30.0,0.0,-60.0,107.5,77.5,257.5,287.5,227.5,257.5,227.5,257.5,287.5,227.5,257.5,227.5,257.5,287.5,227.5,257.5,227.5,0.0,0.0,0.0,0.0,0.0,1020.0,1050.0,990.0,932.5,902.5
2020-05-06 00:00:00+00:00,-125.0,25.0,-275.0,117.5,-2.5,-15.0,75.0,-105.0,85.0,-5.0,27.5,87.5,-32.5,-35.0,-95.0,2.5,62.5,-57.5,-110.0,-170.0,-22.5,37.5,-82.5,-110.0,-170.0,-80.0,-50.0,-110.0,-117.5,-147.5,-230.0,-200.0,-260.0,-205.0,-235.0,-230.0,-200.0,-260.0,-205.0,-235.0,-230.0,-200.0,-260.0,-205.0,-235.0,0.0,0.0,0.0,0.0,0.0,-42.5,-12.5,-72.5,7.5,-22.5
2020-05-07 00:00:00+00:00,-107.5,12.5,-227.5,42.5,-77.5,-270.0,-150.0,-390.0,-107.5,-227.5,95.0,125.0,65.0,170.0,140.0,15.0,75.0,-45.0,27.5,-32.5,90.0,150.0,30.0,65.0,5.0,165.0,225.0,105.0,202.5,142.5,7.5,37.5,-22.5,7.5,-22.5,7.5,37.5,-22.5,7.5,-22.5,95.0,125.0,65.0,82.5,52.5,0.0,0.0,0.0,0.0,0.0,157.5,187.5,127.5,307.5,277.5
2020-05-08 00:00:00+00:00,-207.5,-87.5,-327.5,-107.5,-227.5,172.5,262.5,82.5,60.0,-30.0,120.0,150.0,90.0,120.0,90.0,52.5,112.5,-7.5,90.0,30.0,52.5,112.5,-7.5,90.0,30.0,7.5,37.5,-22.5,95.0,65.0,-117.5,-87.5,-147.5,-117.5,-147.5,7.5,37.5,-22.5,20.0,-10.0,7.5,37.5,-22.5,20.0,-10.0,0.0,0.0,0.0,0.0,0.0,7.5,37.5,-22.5,45.0,15.0
2020-05-11 00:00:00+00:00,-90.0,0.0,-180.0,-402.5,-492.5,-400.0,-250.0,-550.0,-620.0,-740.0,-17.5,12.5,-47.5,32.5,2.5,-200.0,-50.0,-350.0,30.0,-90.0,-232.5,-112.5,-352.5,97.5,7.5,-397.5,-337.5,-457.5,140.0,80.0,-865.0,-775.0,-955.0,-60.0,-120.0,-865.0,-775.0,-955.0,-60.0,-120.0,-47.5,12.5,-107.5,-85.0,-145.0,0.0,0.0,0.0,0.0,0.0,-1130.0,-1100.0,-1160.0,-955.0,-985.0
2020-05-12 00:00:00+00:00,125.0,275.0,-25.0,-175.0,-325.0,422.5,512.5,332.5,472.5,382.5,552.5,612.5,492.5,602.5,542.5,435.0,525.0,345.0,410.0,320.0,435.0,525.0,345.0,410.0,320.0,490.0,550.0,430.0,402.5,342.5,340.0,400.0,280.0,515.0,455.0,232.5,262.5,202.5,282.5,252.5,232.5,262.5,202.5,282.5,252.5,0.0,0.0,0.0,0.0,0.0,1082.5,1112.5,1052.5,1220.0,1190.0
2020-05-13 00:00:00+00:00,562.5,712.5,412.5,555.0,435.0,540.0,600.0,480.0,527.5,467.5,67.5,187.5,-52.5,205.0,85.0,360.0,450.0,270.0,210.0,120.0,360.0,450.0,270.0,210.0,120.0,7.5,37.5,-22.5,-42.5,-72.5,572.5,662.5,482.5,585.0,495.0,572.5,662.5,482.5,585.0,495.0,497.5,587.5,407.5,297.5,207.5,0.0,0.0,0.0,0.0,0.0,1182.5,1212.5,1152.5,1132.5,1102.5
2020-05-14 00:00:00+00:00,-212.5,-62.5,-362.5,-812.5,-962.5,-607.5,-487.5,-727.5,-970.0,-1090.0,-497.5,-437.5,-557.5,-510.0,-570.0,-440.0,-350.0,-530.0,97.5,7.5,35.0,125.0,-55.0,135.0,45.0,232.5,262.5,202.5,120.0,90.0,97.5,187.5,7.5,197.5,107.5,-147.5,-87.5,-207.5,-35.0,-95.0,-147.5,-87.5,-207.5,-35.0,-95.0,0.0,0.0,0.0,0.0,0.0,-530.0,-500.0,-560.0,-492.5,-522.5
2020-05-15 00:00:00+00:00,-607.5,-487.5,-727.5,-882.5,-1002.5,-572.5,-512.5,-632.5,-872.5,-932.5,-242.5,-212.5,-272.5,-55.0,-85.0,-1697.5,-1637.5,-1757.5,-1197.5,-1257.5,-1347.5,-1287.5,-1407.5,-722.5,-782.5,-1010.0,-950.0,-1070.0,-572.5,-632.5,-1347.5,-1287.5,-1407.5,-1172.5,-1232.5,-1347.5,-1287.5,-1407.5,-1172.5,-1232.5,-797.5,-737.5,-857.5,-710.0,-770.0,0.0,0.0,0.0,0.0,0.0,-1830.0,-1800.0,-1860.0,-1955.0,-1985.0
2020-05-18 00:00:00+00:00,-187.5,-37.5,-337.5,100.0,-50.0,130.0,250.0,10.0,-70.0,-190.0,760.0,850.0,670.0,872.5,782.5,-10.0,50.0,-70.0,52.5,-7.5,-80.0,-50.0,-110.0,-30.0,-60.0,-80.0,-50.0,-110.0,-30.0,-60.0,15.0,75.0,-45.0,-72.5,-132.5,-67.5,-37.5,-97.5,-92.5,-122.5,-67.5,-37.5,-97.5,-92.5,-122.5,0.0,0.0,0.0,0.0,0.0,820.0,850.0,790.0,1032.5,1002.5
2020-05-19 00:00:00+00:00,162.5,312.5,12.5,337.5,187.5,-62.5,87.5,-212.5,212.5,62.5,185.0,275.0,95.0,-77.5,-167.5,-297.5,-237.5,-357.5,-60.0,-120.0,-172.5,-112.5,-232.5,-160.0,-220.0,-172.5,-112.5,-232.5,-160.0,-220.0,47.5,137.5,-42.5,97.5,7.5,290.0,350.0,230.0,127.5,67.5,120.0,150.0,90.0,132.5,102.5,0.0,0.0,0.0,0.0,0.0,170.0,200.0,140.0,170.0,140.0
2020-05-20 00:00:00+00:00,-255.0,-75.0,-435.0,45.0,-135.0,-282.5,-162.5,-402.5,192.5,72.5,97.5,187.5,7.5,272.5,182.5,55.0,175.0,-65.0,80.0,-40.0,47.5,137.5,-42.5,197.5,107.5,-47.5,12.5,-107.5,77.5,17.5,-22.5,37.5,-82.5,-72.5,-132.5,-30.0,0.0,-60.0,45.0,15.0,-30.0,0.0,-60.0,45.0,15.0,0.0,0.0,0.0,0.0,0.0,345.0,375.0,315.0,332.5,302.5
2020-05-21 00:00:00+00:00,-217.5,-37.5,-397.5,-5.0,-185.0,-62.5,87.5,-212.5,-250.0,-400.0,-112.5,37.5,-262.5,0.0,-150.0,22.5,112.5,-67.5,-90.0,-180.0,97.5,187.5,7.5,97.5,7.5,290.0,350.0,230.0,152.5,92.5,-30.0,0.0,-60.0,7.5,-22.5,-30.0,0.0,-60.0,7.5,-22.5,-5.0,25.0,-35.0,195.0,165.0,0.0,0.0,0.0,0.0,0.0,45.0,75.0,15.0,120.0,90.0
2020-05-22 00:00:00+00:00,-375.0,-225.0,-525.0,-262.5,-412.5,-237.5,-87.5,-387.5,437.5,287.5,652.5,712.5,592.5,627.5,567.5,227.5,287.5,167.5,340.0,280.0,240.0,300.0,180.0,327.5,267.5,157.5,187.5,127.5,195.0,165.0,157.5,187.5,127.5,195.0,165.0,157.5,187.5,127.5,195.0,165.0,157.5,187.5,127.5,195.0,165.0,0.0,0.0,0.0,0.0,0.0,870.0,900.0,840.0,882.5,852.5
2020-05-25 00:00:00+00:00,-477.5,-237.5,-717.5,-240.0,-480.0,-357.5,-237.5,-477.5,-320.0,-440.0,-507.5,-387.5,-627.5,-557.5,-677.5,-75.0,75.0,-225.0,155.0,35.0,65.0,125.0,5.0,-22.5,-82.5,20.0,50.0,-10.0,7.5,-22.5,140.0,200.0,80.0,227.5,167.5,140.0,200.0,80.0,227.5,167.5,32.5,62.5,2.5,-5.0,-35.0,0.0,0.0,0.0,0.0,0.0,-117.5,-87.5,-147.5,-30.0,-60.0
2020-05-26 00:00:00+00:00,60.0,150.0,-30.0,-315.0,-405.0,-60.0,0.0,-120.0,-222.5,-282.5,-252.5,-162.5,-342.5,-440.0,-530.0,-297.5,-237.5,-357.5,-185.0,-245.0,-297.5,-237.5,-357.5,-185.0,-245.0,-260.0,-200.0,-320.0,-135.0,-195.0,-60.0,0.0,-120.0,90.0,30.0,-72.5,-12.5,-132.5,90.0,30.0,127.5,187.5,67.5,252.5,192.5,0.0,0.0,0.0,0.0,0.0,-205.0,-175.0,-235.0,-105.0,-135.0
2020-05-27 00:00:00+00:00,62.5,212.5,-87.5,-112.5,-262.5,-70.0,50.0,-190.0,385.0,295.0,202.5,262.5,142.5,340.0,280.0,62.5,212.5,-87.5,50.0,-100.0,117.5,237.5,-2.5,155.0,35.0,-60.0,0.0,-120.0,77.5,17.5,52.5,112.5,-7.5,52.5,-7.5,52.5,112.5,-7.5,52.5,-7.5,152.5,212.5,92.5,77.5,17.5,0.0,0.0,0.0,0.0,0.0,82.5,112.5,52.5,45.0,15.0
2020-05-28 00:00:00+00:00,172.5,262.5,82.5,-2.5,-92.5,27.5,87.5,-32.5,40.0,-20.0,-222.5,-162.5,-282.5,-172.5,-232.5,-172.5,-112.5,-232.5,-60.0,-120.0,-172.5,-112.5,-232.5,-60.0,-120.0,327.5,387.5,267.5,265.0,205.0,310.0,400.0,220.0,360.0,270.0,170.0,200.0,140.0,245.0,215.0,220.0,250.0,190.0,245.0,215.0,0.0,0.0,0.0,0.0,0.0,182.5,212.5,152.5,207.5,177.5
2020-05-29 00:00:00+00:00,-692.5,-512.5,-872.5,-130.0,-310.0,-200.0,-50.0,-350.0,-237.5,-387.5,140.0,200.0,80.0,290.0,230.0,750.0,900.0,600.0,425.0,275.0,680.0,800.0,560.0,292.5,172.5,0.0,0.0,0.0,0.0,0.0,340.0,400.0,280.0,40.0,-20.0,0.0,0.0,0.0,0.0,0.0,0.0,0.0,0.0,0.0,0.0,0.0,0.0,0.0,0.0,0.0,620.0,650.0,590.0,657.5,627.5
2020-06-01 00:00:00+00:00,205.0,325.0,85.0,-70.0,-190.0,180.0,300.0,60.0,130.0,10.0,-140.0,-50.0,-230.0,-90.0,-180.0,127.5,187.5,67.5,40.0,-20.0,127.5,187.5,67.5,40.0,-20.0,45.0,75.0,15.0,95.0,65.0,32.5,62.5,2.5,220.0,190.0,32.5,62.5,2.5,220.0,190.0,32.5,62.5,2.5,220.0,190.0,0.0,0.0,0.0,0.0,0.0,482.5,512.5,452.5,270.0,240.0
2020-06-02 00:00:00+00:00,162.5,312.5,12.5,-187.5,-337.5,135.0,225.0,45.0,-152.5,-242.5,257.5,287.5,227.5,220.0,190.0,-195.0,-75.0,-315.0,-207.5,-327.5,-152.5,-62.5,-242.5,-52.5,-142.5,-152.5,-62.5,-242.5,-52.5,-142.5,-155.0,-125.0,-185.0,-292.5,-322.5,-155.0,-125.0,-185.0,-255.0,-285.0,-142.5,-112.5,-172.5,-205.0,-235.0,0.0,0.0,0.0,0.0,0.0,132.5,162.5,102.5,-42.5,-72.5
2020-06-03 00:00:00+00:00,-300.0,-150.0,-450.0,-162.5,-312.5,-77.5,12.5,-167.5,-65.0,-155.0,95.0,125.0,65.0,32.5,2.5,65.0,125.0,5.0,-60.0,-120.0,65.0,125.0,5.0,-60.0,-120.0,190.0,250.0,130.0,102.5,42.5,185.0,275.0,95.0,-147.5,-207.5,202.5,262.5,142.5,27.5,-32.5,82.5,112.5,52.5,-30.0,-60.0,0.0,0.0,0.0,0.0,0.0,57.5,87.5,27.5,170.0,140.0
2020-06-04 00:00:00+00:00,-207.5,-87.5,-327.5,-232.5,-352.5,-277.5,-187.5,-367.5,-340.0,-430.0,-77.5,12.5,-167.5,260.0,170.0,-35.0,25.0,-95.0,-47.5,-107.5,-35.0,25.0,-95.0,-47.5,-107.5,15.0,75.0,-45.0,-97.5,-157.5,27.5,87.5,-32.5,-47.5,-107.5,27.5,87.5,-32.5,-47.5,-107.5,-192.5,-162.5,-222.5,-217.5,-247.5,0.0,0.0,0.0,0.0,0.0,157.5,187.5,127.5,270.0,240.0
2020-06-05 00:00:00+00:00,-82.5,37.5,-202.5,-407.5,-527.5,-52.5,37.5,-142.5,-152.5,-242.5,107.5,137.5,77.5,45.0,15.0,-127.5,-37.5,-217.5,122.5,32.5,-47.5,12.5,-107.5,27.5,-32.5,-47.5,12.5,-107.5,27.5,-32.5,-235.0,-175.0,-295.0,-322.5,-382.5,-235.0,-175.0,-295.0,-322.5,-382.5,-130.0,-100.0,-160.0,-105.0,-135.0,0.0,0.0,0.0,0.0,0.0,-92.5,-62.5,-122.5,-167.5,-197.5
2020-06-08 00:00:00+00:00,-172.5,37.5,-382.5,15.0,-195.0,-125.0,25.0,-275.0,75.0,-75.0,-190.0,-100.0,-280.0,-265.0,-355.0,-20.0,100.0,-140.0,-232.5,-352.5,-140.0,-50.0,-230.0,-140.0,-230.0,0.0,0.0,0.0,0.0,0.0,-92.5,-62.5,-122.5,157.5,127.5,-92.5,-62.5,-122.5,157.5,127.5,-17.5,12.5,-47.5,95.0,65.0,0.0,0.0,0.0,0.0,0.0,45.0,75.0,15.0,107.5,77.5
2020-06-09 00:00:00+00:00,-132.5,-12.5,-252.5,-232.5,-352.5,-302.5,-212.5,-392.5,-352.5,-442.5,-60.0,0.0,-120.0,-110.0,-170.0,255.0,375.0,135.0,105.0,-15.0,255.0,375.0,135.0,105.0,-15.0,-22.5,37.5,-82.5,-260.0,-320.0,297.5,387.5,207.5,247.5,157.5,95.0,125.0,65.0,95.0,65.0,0.0,0.0,0.0,0.0,0.0,0.0,0.0,0.0,0.0,0.0,370.0,400.0,340.0,195.0,165.0
2020-06-10 00:00:00+00:00,-145.0,-25.0,-265.0,117.5,-2.5,-322.5,-262.5,-382.5,-435.0,-495.0,65.0,125.0,5.0,-22.5,-82.5,-390.0,-300.0,-480.0,97.5,7.5,-177.5,-87.5,-267.5,322.5,232.5,-72.5,-12.5,-132.5,452.5,392.5,-292.5,-262.5,-322.5,170.0,140.0,-292.5,-262.5,-322.5,170.0,140.0,-292.5,-262.5,-322.5,170.0,140.0,0.0,0.0,0.0,0.0,0.0,-5.0,25.0,-35.0,432.5,402.5
2020-06-11 00:00:00+00:00,267.5,387.5,147.5,280.0,160.0,420.0,450.0,390.0,-5.0,-35.0,-297.5,-237.5,-357.5,-110.0,-170.0,-560.0,-500.0,-620.0,-797.5,-857.5,-717.5,-687.5,-747.5,-792.5,-822.5,-717.5,-687.5,-747.5,-792.5,-822.5,-347.5,-287.5,-407.5,-635.0,-695.0,-372.5,-312.5,-432.5,-572.5,-632.5,-755.0,-725.0,-785.0,-742.5,-772.5,0.0,0.0,0.0,0.0,0.0,-317.5,-287.5,-347.5,-530.0,-560.0
2020-06-12 00:00:00+00:00,-592.5,-412.5,-772.5,-280.0,-460.0,67.5,187.5,-52.5,-782.5,-902.5,-130.0,-100.0,-160.0,-117.5,-147.5,-122.5,-62.5,-182.5,90.0,30.0,-22.5,37.5,-82.5,377.5,317.5,302.5,362.5,242.5,377.5,317.5,245.0,275.0,215.0,270.0,240.0,245.0,275.0,215.0,270.0,240.0,245.0,275.0,215.0,270.0,240.0,0.0,0.0,0.0,0.0,0.0,-117.5,-87.5,-147.5,-67.5,-97.5
2020-06-15 00:00:00+00:00,-467.5,-287.5,-647.5,-105.0,-285.0,635.0,725.0,545.0,635.0,545.0,-460.0,-400.0,-520.0,-60.0,-120.0,500.0,650.0,350.0,25.0,-125.0,-77.5,12.5,-167.5,-415.0,-505.0,-222.5,-162.5,-282.5,-885.0,-945.0,-180.0,-150.0,-210.0,-92.5,-122.5,-42.5,-12.5,-72.5,-92.5,-122.5,220.0,250.0,190.0,182.5,152.5,0.0,0.0,0.0,0.0,0.0,382.5,412.5,352.5,482.5,452.5
2020-06-16 00:00:00+00:00,-387.5,-237.5,-537.5,-425.0,-575.0,-190.0,-100.0,-280.0,-265.0,-355.0,-440.0,-350.0,-530.0,-315.0,-405.0,205.0,325.0,85.0,155.0,35.0,-27.5,62.5,-117.5,-102.5,-192.5,-30.0,0.0,-60.0,32.5,2.5,347.5,437.5,257.5,672.5,582.5,115.0,175.0,55.0,415.0,355.0,115.0,175.0,55.0,415.0,355.0,0.0,0.0,0.0,0.0,0.0,207.5,237.5,177.5,357.5,327.5
2020-06-17 00:00:00+00:00,-132.5,-12.5,-252.5,155.0,35.0,207.5,237.5,177.5,407.5,377.5,-660.0,-600.0,-720.0,-397.5,-457.5,-327.5,-237.5,-417.5,-340.0,-430.0,-485.0,-425.0,-545.0,-555.0,-585.0,-580.0,-550.0,-610.0,-555.0,-585.0,-422.5,-362.5,-482.5,-617.5,-647.5,-517.5,-487.5,-547.5,-617.5,-647.5,-517.5,-487.5,-547.5,-617.5,-647.5,0.0,0.0,0.0,0.0,0.0,-242.5,-212.5,-272.5,-267.5,-297.5
2020-06-18 00:00:00+00:00,-1130.0,-950.0,-1310.0,-655.0,-835.0,-675.0,-525.0,-825.0,-425.0,-575.0,-292.5,-262.5,-322.5,-130.0,-160.0,-562.5,-412.5,-712.5,-775.0,-925.0,-562.5,-412.5,-712.5,-775.0,-925.0,-182.5,-62.5,-302.5,-457.5,-577.5,-1102.5,-1012.5,-1192.5,-1327.5,-1417.5,-385.0,-325.0,-445.0,-847.5,-907.5,-385.0,-325.0,-445.0,-847.5,-907.5,0.0,0.0,0.0,0.0,0.0,-1380.0,-1350.0,-1410.0,-1230.0,-1260.0
2020-06-22 00:00:00+00:00,-445.0,-325.0,-565.0,-307.5,-427.5,-222.5,-162.5,-282.5,-397.5,-457.5,-55.0,-25.0,-85.0,-255.0,-285.0,-685.0,-625.0,-745.0,-560.0,-620.0,-685.0,-625.0,-745.0,-560.0,-620.0,-435.0,-375.0,-495.0,-222.5,-282.5,-605.0,-575.0,-635.0,-542.5,-572.5,-555.0,-525.0,-585.0,-492.5,-522.5,-280.0,-250.0,-310.0,-217.5,-247.5,0.0,0.0,0.0,0.0,0.0,-605.0,-575.0,-635.0,-792.5,-822.5
2020-06-23 00:00:00+00:00,50.0,200.0,-100.0,-325.0,-475.0,110.0,200.0,20.0,-52.5,-142.5,-85.0,-25.0,-145.0,-80.0,-110.0,242.5,362.5,122.5,505.0,385.0,210.0,300.0,120.0,222.5,132.5,190.0,250.0,130.0,315.0,255.0,265.0,325.0,205.0,377.5,317.5,265.0,325.0,205.0,377.5,317.5,265.0,325.0,205.0,377.5,317.5,0.0,0.0,0.0,0.0,0.0,482.5,512.5,452.5,432.5,402.5
2020-06-24 00:00:00+00:00,-205.0,-25.0,-385.0,-717.5,-897.5,-402.5,-312.5,-492.5,-765.0,-855.0,357.5,387.5,327.5,245.0,215.0,-90.0,0.0,-180.0,-2.5,-92.5,120.0,150.0,90.0,282.5,252.5,120.0,150.0,90.0,282.5,252.5,157.5,187.5,127.5,395.0,365.0,157.5,187.5,127.5,395.0,365.0,157.5,187.5,127.5,395.0,365.0,0.0,0.0,0.0,0.0,0.0,-105.0,-75.0,-135.0,-80.0,-110.0
2020-06-25 00:00:00+00:00,-917.5,-737.5,-1097.5,-992.5,-1172.5,-550.0,-400.0,-700.0,-512.5,-662.5,-640.0,-550.0,-730.0,-852.5,-942.5,-615.0,-525.0,-705.0,-665.0,-755.0,-315.0,-225.0,-405.0,-277.5,-367.5,-315.0,-225.0,-405.0,-277.5,-367.5,-827.5,-737.5,-917.5,-365.0,-455.0,-585.0,-525.0,-645.0,-422.5,-482.5,-585.0,-525.0,-645.0,-422.5,-482.5,0.0,0.0,0.0,0.0,0.0,-842.5,-812.5,-872.5,-1055.0,-1085.0
2020-06-26 00:00:00+00:00,142.5,262.5,22.5,-70.0,-190.0,595.0,625.0,565.0,582.5,552.5,620.0,650.0,590.0,432.5,402.5,-110.0,-50.0,-170.0,132.5,102.5,-110.0,-50.0,-170.0,132.5,102.5,0.0,0.0,0.0,0.0,0.0,-255.0,-225.0,-285.0,0.0,0.0,0.0,0.0,0.0,0.0,0.0,0.0,0.0,0.0,0.0,0.0,0.0,0.0,0.0,0.0,0.0,432.5,462.5,402.5,507.5,477.5
2020-06-29 00:00:00+00:00,25.0,175.0,-125.0,-475.0,-625.0,-157.5,-37.5,-277.5,85.0,-5.0,-27.5,62.5,-117.5,297.5,207.5,60.0,150.0,-30.0,197.5,107.5,247.5,337.5,157.5,122.5,32.5,202.5,262.5,142.5,52.5,-7.5,127.5,187.5,67.5,-122.5,-182.5,132.5,162.5,102.5,57.5,27.5,257.5,287.5,227.5,207.5,177.5,0.0,0.0,0.0,0.0,0.0,120.0,150.0,90.0,570.0,540.0
2020-06-30 00:00:00+00:00,205.0,325.0,85.0,255.0,135.0,-7.5,112.5,-127.5,242.5,122.5,335.0,425.0,245.0,160.0,70.0,185.0,275.0,95.0,172.5,82.5,260.0,350.0,170.0,235.0,145.0,70.0,100.0,40.0,-5.0,-35.0,252.5,312.5,192.5,577.5,517.5,327.5,387.5,267.5,415.0,355.0,232.5,262.5,202.5,182.5,152.5,0.0,0.0,0.0,0.0,0.0,570.0,600.0,540.0,745.0,715.0
2020-07-01 00:00:00+00:00,-277.5,-187.5,-367.5,-415.0,-505.0,-820.0,-700.0,-940.0,-1002.5,-1092.5,-492.5,-462.5,-522.5,-455.0,-485.0,-590.0,-500.0,-680.0,-990.0,-1080.0,-190.0,-100.0,-280.0,-552.5,-642.5,-122.5,-62.5,-182.5,-147.5,-207.5,-547.5,-487.5,-607.5,-585.0,-645.0,-547.5,-487.5,-607.5,-585.0,-645.0,-547.5,-487.5,-607.5,-585.0,-645.0,0.0,0.0,0.0,0.0,0.0,-1117.5,-1087.5,-1147.5,-930.0,-960.0
2020-07-02 00:00:00+00:00,-140.0,-50.0,-230.0,-65.0,-155.0,72.5,162.5,-17.5,135.0,45.0,110.0,200.0,20.0,-52.5,-142.5,67.5,187.5,-52.5,-20.0,-140.0,22.5,112.5,-67.5,110.0,20.0,2.5,62.5,-57.5,40.0,-20.0,-230.0,-200.0,-260.0,-130.0,-160.0,-217.5,-187.5,-247.5,-80.0,-110.0,-105.0,-75.0,-135.0,-30.0,-60.0,0.0,0.0,0.0,0.0,0.0,107.5,137.5,77.5,107.5,77.5
2020-07-03 00:00:00+00:00,-220.0,-100.0,-340.0,-407.5,-527.5,-252.5,-162.5,-342.5,-377.5,-467.5,-360.0,-300.0,-420.0,-422.5,-482.5,-622.5,-562.5,-682.5,-560.0,-620.0,-622.5,-562.5,-682.5,-560.0,-620.0,-242.5,-212.5,-272.5,-92.5,-122.5,-585.0,-525.0,-645.0,-242.5,-272.5,-217.5,-187.5,-247.5,-167.5,-197.5,-217.5,-187.5,-247.5,-167.5,-197.5,0.0,0.0,0.0,0.0,0.0,-655.0,-625.0,-685.0,-680.0,-710.0
2020-07-06 00:00:00+00:00,35.0,125.0,-55.0,72.5,-17.5,27.5,87.5,-32.5,-72.5,-132.5,-302.5,-212.5,-392.5,-152.5,-242.5,-227.5,-137.5,-317.5,-315.0,-405.0,-115.0,-25.0,-205.0,-152.5,-242.5,95.0,125.0,65.0,107.5,77.5,-47.5,12.5,-107.5,-97.5,-157.5,-60.0,0.0,-120.0,-147.5,-207.5,315.0,375.0,255.0,245.0,215.0,0.0,0.0,0.0,0.0,0.0,-30.0,0.0,-60.0,107.5,77.5
2020-07-07 00:00:00+00:00,-347.5,-137.5,-557.5,-235.0,-445.0,-80.0,100.0,-260.0,-42.5,-222.5,267.5,387.5,147.5,55.0,-65.0,80.0,200.0,-40.0,242.5,122.5,-85.0,-25.0,-145.0,77.5,17.5,-142.5,-112.5,-172.5,57.5,27.5,-110.0,-50.0,-170.0,177.5,117.5,-180.0,-150.0,-210.0,20.0,-10.0,7.5,37.5,-22.5,-42.5,-72.5,0.0,0.0,0.0,0.0,0.0,270.0,300.0,240.0,370.0,340.0
2020-07-08 00:00:00+00:00,-262.5,-112.5,-412.5,-112.5,-262.5,127.5,187.5,67.5,140.0,80.0,335.0,425.0,245.0,422.5,332.5,-182.5,-62.5,-302.5,-415.0,-505.0,-177.5,-87.5,-267.5,-360.0,-420.0,222.5,312.5,132.5,102.5,42.5,-535.0,-475.0,-595.0,-597.5,-657.5,-530.0,-500.0,-560.0,-542.5,-572.5,-130.0,-100.0,-160.0,-80.0,-110.0,0.0,0.0,0.0,0.0,0.0,-5.0,25.0,-35.0,120.0,90.0
2020-07-09 00:00:00+00:00,205.0,325.0,85.0,80.0,-40.0,-20.0,100.0,-140.0,-132.5,-252.5,-222.5,-162.5,-282.5,-322.5,-382.5,-227.5,-137.5,-317.5,-152.5,-242.5,-190.0,-100.0,-280.0,-102.5,-192.5,-97.5,-37.5,-157.5,77.5,17.5,10.0,100.0,-80.0,160.0,70.0,47.5,137.5,-42.5,160.0,70.0,152.5,212.5,92.5,315.0,255.0,0.0,0.0,0.0,0.0,0.0,182.5,212.5,152.5,157.5,127.5
2020-07-10 00:00:00+00:00,272.5,362.5,182.5,247.5,157.5,47.5,137.5,-42.5,72.5,-17.5,-17.5,12.5,-47.5,-80.0,-110.0,-85.0,-25.0,-145.0,52.5,-7.5,265.0,325.0,205.0,277.5,217.5,265.0,325.0,205.0,277.5,217.5,-10.0,50.0,-70.0,127.5,67.5,-10.0,50.0,-70.0,127.5,67.5,320.0,350.0,290.0,257.5,227.5,0.0,0.0,0.0,0.0,0.0,82.5,112.5,52.5,57.5,27.5
2020-07-13 00:00:00+00:00,-5.0,175.0,-185.0,107.5,-72.5,-32.5,87.5,-152.5,130.0,10.0,372.5,462.5,282.5,610.0,520.0,327.5,387.5,267.5,427.5,367.5,327.5,387.5,267.5,427.5,367.5,327.5,387.5,267.5,352.5,292.5,227.5,287.5,167.5,227.5,167.5,227.5,287.5,167.5,227.5,167.5,207.5,237.5,177.5,220.0,190.0,0.0,0.0,0.0,0.0,0.0,707.5,737.5,677.5,607.5,577.5
2020-07-14 00:00:00+00:00,-512.5,-362.5,-662.5,-337.5,-487.5,-595.0,-475.0,-715.0,-320.0,-440.0,-317.5,-137.5,-497.5,-17.5,-197.5,300.0,450.0,150.0,437.5,287.5,587.5,737.5,437.5,137.5,-12.5,215.0,275.0,155.0,-60.0,-120.0,397.5,487.5,307.5,260.0,170.0,177.5,237.5,117.5,177.5,117.5,215.0,275.0,155.0,52.5,-7.5,0.0,0.0,0.0,0.0,0.0,-17.5,12.5,-47.5,232.5,202.5
2020-07-15 00:00:00+00:00,535.0,625.0,445.0,547.5,457.5,1047.5,1137.5,957.5,1085.0,995.0,1145.0,1175.0,1115.0,1107.5,1077.5,310.0,400.0,220.0,435.0,345.0,277.5,337.5,217.5,515.0,455.0,0.0,0.0,0.0,0.0,0.0,272.5,362.5,182.5,397.5,307.5,352.5,412.5,292.5,390.0,330.0,70.0,100.0,40.0,20.0,-10.0,0.0,0.0,0.0,0.0,0.0,1095.0,1125.0,1065.0,1207.5,1177.5
2020-07-16 00:00:00+00:00,-337.5,-187.5,-487.5,-282.5,-402.5,-57.5,62.5,-177.5,-170.0,-290.0,-7.5,112.5,-127.5,-120.0,-240.0,280.0,400.0,160.0,255.0,135.0,185.0,275.0,95.0,397.5,307.5,152.5,212.5,92.5,365.0,305.0,40.0,100.0,-20.0,202.5,142.5,115.0,175.0,55.0,265.0,205.0,177.5,237.5,117.5,240.0,180.0,0.0,0.0,0.0,0.0,0.0,395.0,425.0,365.0,307.5,277.5
2020-07-17 00:00:00+00:00,-45.0,75.0,-165.0,130.0,10.0,-70.0,50.0,-190.0,-120.0,-240.0,190.0,250.0,130.0,127.5,67.5,112.5,262.5,-37.5,-112.5,-262.5,160.0,250.0,70.0,85.0,-5.0,197.5,287.5,107.5,35.0,-55.0,197.5,287.5,107.5,272.5,182.5,90.0,150.0,30.0,152.5,92.5,7.5,37.5,-22.5,-17.5,-47.5,0.0,0.0,0.0,0.0,0.0,257.5,287.5,227.5,295.0,265.0
2020-07-20 00:00:00+00:00,-182.5,-62.5,-302.5,-132.5,-252.5,-7.5,112.5,-127.5,-32.5,-152.5,-52.5,37.5,-142.5,-77.5,-167.5,-102.5,-12.5,-192.5,-52.5,-142.5,-2.5,87.5,-92.5,-115.0,-205.0,20.0,50.0,-10.0,-42.5,-72.5,-80.0,-50.0,-110.0,-55.0,-85.0,-42.5,-12.5,-72.5,-17.5,-47.5,45.0,75.0,15.0,-5.0,-35.0,0.0,0.0,0.0,0.0,0.0,95.0,125.0,65.0,45.0,15.0
2020-07-21 00:00:00+00:00,-270.0,-150.0,-390.0,-257.5,-377.5,-320.0,-200.0,-440.0,-195.0,-315.0,-300.0,-150.0,-450.0,-275.0,-425.0,82.5,262.5,-97.5,-17.5,-197.5,135.0,225.0,45.0,10.0,-80.0,32.5,62.5,2.5,-5.0,-35.0,85.0,175.0,-5.0,110.0,20.0,165.0,225.0,105.0,115.0,55.0,82.5,112.5,52.5,-5.0,-35.0,0.0,0.0,0.0,0.0,0.0,-42.5,-12.5,-72.5,-17.5,-47.5
2020-07-22 00:00:00+00:00,435.0,525.0,345.0,310.0,220.0,222.5,312.5,132.5,310.0,220.0,457.5,487.5,427.5,395.0,365.0,77.5,137.5,17.5,102.5,42.5,77.5,137.5,17.5,102.5,42.5,7.5,37.5,-22.5,95.0,65.0,20.0,50.0,-10.0,45.0,15.0,-42.5,-12.5,-72.5,282.5,252.5,195.0,225.0,165.0,382.5,352.5,0.0,0.0,0.0,0.0,0.0,632.5,662.5,602.5,582.5,552.5
2020-07-23 00:00:00+00:00,-225.0,-75.0,-375.0,-362.5,-512.5,-345.0,-225.0,-465.0,-457.5,-577.5,-117.5,-87.5,-147.5,-192.5,-222.5,267.5,387.5,147.5,117.5,-2.5,272.5,362.5,182.5,172.5,82.5,132.5,162.5,102.5,7.5,-22.5,160.0,250.0,70.0,22.5,-67.5,247.5,337.5,157.5,85.0,-5.0,157.5,187.5,127.5,120.0,90.0,0.0,0.0,0.0,0.0,0.0,-105.0,-75.0,-135.0,-142.5,-172.5
2020-07-24 00:00:00+00:00,-77.5,12.5,-167.5,35.0,-55.0,-210.0,-150.0,-270.0,-272.5,-332.5,-122.5,-62.5,-182.5,-335.0,-395.0,-102.5,-12.5,-192.5,-152.5,-242.5,-122.5,-62.5,-182.5,-47.5,-107.5,0.0,0.0,0.0,0.0,0.0,-22.5,37.5,-82.5,65.0,5.0,-60.0,0.0,-120.0,90.0,30.0,0.0,0.0,0.0,0.0,0.0,0.0,0.0,0.0,0.0,0.0,-155.0,-125.0,-185.0,-117.5,-147.5
2020-07-27 00:00:00+00:00,42.5,162.5,-77.5,142.5,22.5,-115.0,-25.0,-205.0,-77.5,-167.5,-17.5,12.5,-47.5,-205.0,-235.0,230.0,350.0,110.0,142.5,22.5,235.0,325.0,145.0,347.5,257.5,70.0,100.0,40.0,157.5,127.5,360.0,450.0,270.0,210.0,120.0,265.0,325.0,205.0,240.0,180.0,265.0,325.0,205.0,240.0,180.0,0.0,0.0,0.0,0.0,0.0,357.5,387.5,327.5,395.0,365.0
2020-07-28 00:00:00+00:00,-90.0,0.0,-180.0,-315.0,-405.0,-472.5,-412.5,-532.5,-372.5,-432.5,-547.5,-487.5,-607.5,-535.0,-595.0,-797.5,-737.5,-857.5,-460.0,-520.0,-797.5,-737.5,-857.5,-460.0,-520.0,-747.5,-687.5,-807.5,-510.0,-570.0,-360.0,-300.0,-420.0,-535.0,-595.0,-360.0,-300.0,-420.0,-535.0,-595.0,-360.0,-300.0,-420.0,-535.0,-595.0,0.0,0.0,0.0,0.0,0.0,-767.5,-737.5,-797.5,-805.0,-835.0
2020-07-29 00:00:00+00:00,-392.5,-212.5,-572.5,-355.0,-535.0,-207.5,-87.5,-327.5,-357.5,-477.5,-332.5,-212.5,-452.5,-82.5,-202.5,10.0,100.0,-80.0,-40.0,-130.0,115.0,175.0,55.0,-35.0,-95.0,115.0,175.0,55.0,-35.0,-95.0,160.0,250.0,70.0,122.5,32.5,177.5,237.5,117.5,165.0,105.0,177.5,237.5,117.5,165.0,105.0,0.0,0.0,0.0,0.0,0.0,70.0,100.0,40.0,70.0,40.0
2020-07-30 00:00:00+00:00,85.0,175.0,-5.0,60.0,-30.0,67.5,187.5,-52.5,192.5,72.5,-292.5,-262.5,-322.5,-230.0,-260.0,35.0,125.0,-55.0,-77.5,-167.5,110.0,200.0,20.0,122.5,32.5,110.0,200.0,20.0,122.5,32.5,140.0,200.0,80.0,90.0,30.0,140.0,200.0,80.0,65.0,5.0,327.5,387.5,267.5,415.0,355.0,0.0,0.0,0.0,0.0,0.0,557.5,587.5,527.5,495.0,465.0
2020-07-31 00:00:00+00:00,-680.0,-500.0,-860.0,-380.0,-560.0,-162.5,-12.5,-312.5,-50.0,-200.0,-157.5,-37.5,-277.5,92.5,-27.5,20.0,200.0,-160.0,170.0,-10.0,180.0,300.0,60.0,-95.0,-215.0,85.0,175.0,-5.0,-202.5,-292.5,142.5,262.5,22.5,-7.5,-127.5,122.5,212.5,32.5,197.5,107.5,-17.5,12.5,-47.5,57.5,27.5,0.0,0.0,0.0,0.0,0.0,-67.5,-37.5,-97.5,82.5,52.5
2020-08-03 00:00:00+00:00,690.0,750.0,630.0,777.5,717.5,840.0,900.0,780.0,777.5,717.5,877.5,937.5,817.5,915.0,855.0,140.0,200.0,80.0,252.5,192.5,132.5,162.5,102.5,120.0,90.0,0.0,0.0,0.0,0.0,0.0,57.5,87.5,27.5,20.0,-10.0,132.5,162.5,102.5,120.0,90.0,0.0,0.0,0.0,0.0,0.0,0.0,0.0,0.0,0.0,0.0,1007.5,1037.5,977.5,1045.0,1015.0
2020-08-04 00:00:00+00:00,-475.0,-325.0,-625.0,-437.5,-587.5,-562.5,-412.5,-712.5,-375.0,-525.0,-265.0,-175.0,-355.0,-215.0,-305.0,-137.5,12.5,-287.5,-150.0,-300.0,-87.5,62.5,-237.5,-200.0,-350.0,-267.5,-237.5,-297.5,-230.0,-260.0,-132.5,-12.5,-252.5,-70.0,-190.0,-120.0,0.0,-240.0,-132.5,-252.5,70.0,100.0,40.0,70.0,40.0,0.0,0.0,0.0,0.0,0.0,-367.5,-337.5,-397.5,-367.5,-397.5
2020-08-05 00:00:00+00:00,-112.5,37.5,-262.5,-175.0,-325.0,-337.5,-187.5,-487.5,-200.0,-350.0,-127.5,-37.5,-217.5,-90.0,-180.0,-17.5,162.5,-197.5,-180.0,-360.0,-120.0,0.0,-240.0,-132.5,-252.5,-52.5,37.5,-142.5,-27.5,-117.5,80.0,200.0,-40.0,-20.0,-140.0,15.0,75.0,-45.0,-47.5,-107.5,-30.0,0.0,-60.0,-42.5,-72.5,0.0,0.0,0.0,0.0,0.0,-5.0,25.0,-35.0,107.5,77.5
2020-08-06 00:00:00+00:00,-170.0,-50.0,-290.0,-357.5,-477.5,-362.5,-212.5,-512.5,-132.5,-252.5,-165.0,-75.0,-255.0,-252.5,-342.5,-407.5,-287.5,-527.5,-545.0,-665.0,-492.5,-462.5,-522.5,-355.0,-385.0,-492.5,-462.5,-522.5,-355.0,-385.0,-410.0,-350.0,-470.0,-335.0,-395.0,-380.0,-350.0,-410.0,-305.0,-335.0,-380.0,-350.0,-410.0,-305.0,-335.0,0.0,0.0,0.0,0.0,0.0,-855.0,-825.0,-885.0,-792.5,-822.5
2020-08-07 00:00:00+00:00,-337.5,-187.5,-487.5,137.5,-12.5,-32.5,87.5,-152.5,55.0,-65.0,40.0,100.0,-20.0,127.5,67.5,35.0,125.0,-55.0,-40.0,-130.0,90.0,150.0,30.0,-47.5,-107.5,90.0,150.0,30.0,-47.5,-107.5,-122.5,-62.5,-182.5,-60.0,-120.0,127.5,187.5,67.5,-47.5,-107.5,7.5,37.5,-22.5,-67.5,-97.5,0.0,0.0,0.0,0.0,0.0,-117.5,-87.5,-147.5,57.5,27.5
2020-08-10 00:00:00+00:00,-320.0,-200.0,-440.0,-307.5,-427.5,-77.5,12.5,-167.5,-215.0,-305.0,-72.5,-12.5,-132.5,-147.5,-207.5,-95.0,25.0,-215.0,55.0,-65.0,5.0,125.0,-115.0,80.0,-40.0,22.5,112.5,-67.5,47.5,-42.5,-57.5,62.5,-177.5,-57.5,-177.5,-110.0,-50.0,-170.0,-35.0,-95.0,-35.0,25.0,-95.0,-72.5,-132.5,0.0,0.0,0.0,0.0,0.0,-142.5,-112.5,-172.5,-105.0,-135.0
2020-08-11 00:00:00+00:00,-485.0,-275.0,-695.0,-85.0,-295.0,-337.5,-187.5,-487.5,-100.0,-250.0,-282.5,-162.5,-402.5,-257.5,-377.5,-62.5,87.5,-212.5,-225.0,-375.0,-120.0,0.0,-240.0,-195.0,-315.0,-42.5,-12.5,-72.5,-92.5,-122.5,-140.0,-50.0,-230.0,-202.5,-292.5,-190.0,-100.0,-280.0,-252.5,-342.5,-10.0,50.0,-70.0,-185.0,-245.0,0.0,0.0,0.0,0.0,0.0,-292.5,-262.5,-322.5,-242.5,-272.5
2020-08-12 00:00:00+00:00,77.5,137.5,17.5,-210.0,-270.0,-265.0,-175.0,-355.0,-302.5,-392.5,-252.5,-162.5,-342.5,-327.5,-417.5,-172.5,-112.5,-232.5,-10.0,-70.0,-110.0,-50.0,-170.0,65.0,5.0,-22.5,37.5,-82.5,102.5,42.5,-97.5,-37.5,-157.5,40.0,-20.0,-10.0,50.0,-70.0,165.0,105.0,-92.5,-62.5,-122.5,-67.5,-97.5,0.0,0.0,0.0,0.0,0.0,-92.5,-62.5,-122.5,-117.5,-147.5
2020-08-13 00:00:00+00:00,-137.5,12.5,-287.5,-237.5,-387.5,-165.0,-75.0,-255.0,-102.5,-192.5,-360.0,-300.0,-420.0,-360.0,-420.0,-90.0,0.0,-180.0,-210.0,-270.0,-90.0,0.0,-180.0,-210.0,-270.0,-40.0,50.0,-130.0,-135.0,-195.0,-65.0,25.0,-155.0,-35.0,-95.0,-65.0,25.0,-155.0,-35.0,-95.0,40.0,100.0,-20.0,7.5,-22.5,0.0,0.0,0.0,0.0,0.0,-180.0,-150.0,-210.0,-205.0,-235.0
2020-08-14 00:00:00+00:00,167.5,287.5,47.5,417.5,297.5,267.5,387.5,147.5,80.0,-40.0,335.0,425.0,245.0,385.0,295.0,255.0,375.0,135.0,5.0,-115.0,247.5,337.5,157.5,172.5,82.5,0.0,0.0,0.0,0.0,0.0,177.5,237.5,117.5,115.0,55.0,177.5,237.5,117.5,115.0,55.0,0.0,0.0,0.0,0.0,0.0,0.0,0.0,0.0,0.0,0.0,607.5,637.5,577.5,620.0,590.0
2020-08-17 00:00:00+00:00,-75.0,75.0,-225.0,-275.0,-425.0,-150.0,0.0,-300.0,-245.0,-365.0,-132.5,-12.5,-252.5,-265.0,-355.0,-102.5,-12.5,-192.5,-40.0,-130.0,-102.5,-12.5,-192.5,-40.0,-130.0,-17.5,12.5,-47.5,-42.5,-72.5,-107.5,12.5,-227.5,-45.0,-165.0,27.5,87.5,-32.5,-35.0,-95.0,-17.5,12.5,-47.5,-42.5,-72.5,0.0,0.0,0.0,0.0,0.0,20.0,50.0,-10.0,-92.5,-122.5
2020-08-18 00:00:00+00:00,-112.5,37.5,-262.5,87.5,-62.5,55.0,175.0,-65.0,117.5,-2.5,152.5,212.5,92.5,220.0,190.0,-97.5,-37.5,-157.5,-160.0,-220.0,7.5,37.5,-22.5,7.5,-22.5,0.0,0.0,0.0,0.0,0.0,-80.0,-50.0,-110.0,-130.0,-160.0,0.0,0.0,0.0,0.0,0.0,0.0,0.0,0.0,0.0,0.0,0.0,0.0,0.0,0.0,0.0,145.0,175.0,115.0,120.0,90.0
2020-08-19 00:00:00+00:00,-27.5,62.5,-117.5,-115.0,-205.0,-102.5,-12.5,-192.5,-52.5,-142.5,-252.5,-162.5,-342.5,-252.5,-342.5,-95.0,25.0,-215.0,-120.0,-240.0,-102.5,-12.5,-192.5,-140.0,-230.0,-80.0,-50.0,-110.0,-105.0,-135.0,-40.0,50.0,-130.0,-65.0,-155.0,35.0,125.0,-55.0,15.0,-45.0,-30.0,0.0,-60.0,20.0,-10.0,0.0,0.0,0.0,0.0,0.0,20.0,50.0,-10.0,-17.5,-47.5
2020-08-20 00:00:00+00:00,17.5,137.5,-102.5,-170.0,-290.0,-107.5,12.5,-227.5,-57.5,-177.5,170.0,200.0,140.0,195.0,165.0,10.0,100.0,-80.0,22.5,-67.5,-85.0,-25.0,-145.0,-185.0,-245.0,-130.0,-100.0,-160.0,-167.5,-197.5,-130.0,-100.0,-160.0,-167.5,-197.5,0.0,0.0,0.0,0.0,0.0,0.0,0.0,0.0,0.0,0.0,0.0,0.0,0.0,0.0,0.0,132.5,162.5,102.5,70.0,40.0
2020-08-21 00:00:00+00:00,-170.0,-50.0,-290.0,-270.0,-390.0,-302.5,-212.5,-392.5,-377.5,-467.5,-160.0,-100.0,-220.0,-110.0,-170.0,-570.0,-450.0,-690.0,-277.5,-367.5,-627.5,-537.5,-717.5,-297.5,-357.5,-97.5,-37.5,-157.5,-310.0,-370.0,-717.5,-687.5,-747.5,-642.5,-672.5,-667.5,-637.5,-697.5,-655.0,-685.0,-667.5,-637.5,-697.5,-655.0,-685.0,0.0,0.0,0.0,0.0,0.0,-592.5,-562.5,-622.5,-667.5,-697.5
2020-08-24 00:00:00+00:00,-30.0,150.0,-210.0,-42.5,-222.5,20.0,200.0,-160.0,-130.0,-310.0,72.5,162.5,-17.5,185.0,95.0,27.5,87.5,-32.5,27.5,-32.5,65.0,125.0,5.0,15.0,-45.0,7.5,37.5,-22.5,-17.5,-47.5,0.0,0.0,0.0,0.0,0.0,0.0,0.0,0.0,0.0,0.0,0.0,0.0,0.0,0.0,0.0,0.0,0.0,0.0,0.0,0.0,232.5,262.5,202.5,257.5,227.5
2020-08-25 00:00:00+00:00,-297.5,-87.5,-507.5,-147.5,-357.5,-45.0,75.0,-165.0,-145.0,-265.0,-102.5,-12.5,-192.5,-90.0,-180.0,117.5,237.5,-2.5,67.5,-52.5,142.5,262.5,22.5,-65.0,-155.0,95.0,125.0,65.0,0.0,0.0,72.5,162.5,-17.5,102.5,42.5,160.0,250.0,70.0,27.5,-32.5,0.0,0.0,0.0,0.0,0.0,0.0,0.0,0.0,0.0,0.0,157.5,187.5,127.5,182.5,152.5
2020-08-26 00:00:00+00:00,-287.5,-137.5,-437.5,-120.0,-240.0,-372.5,-162.5,-582.5,-372.5,-582.5,-115.0,-25.0,-205.0,-265.0,-355.0,30.0,150.0,-90.0,17.5,-102.5,10.0,100.0,-80.0,22.5,-67.5,-42.5,-12.5,-72.5,-17.5,-47.5,-47.5,12.5,-107.5,15.0,-45.0,-30.0,0.0,-60.0,-5.0,-35.0,-30.0,0.0,-60.0,-5.0,-35.0,0.0,0.0,0.0,0.0,0.0,-55.0,-25.0,-85.0,-92.5,-122.5
2020-08-27 00:00:00+00:00,-145.0,-25.0,-265.0,-195.0,-315.0,-65.0,25.0,-155.0,-27.5,-117.5,-85.0,-25.0,-145.0,-160.0,-220.0,-132.5,-12.5,-252.5,-57.5,-177.5,-40.0,50.0,-130.0,122.5,32.5,-40.0,50.0,-130.0,122.5,32.5,-77.5,12.5,-167.5,35.0,-55.0,-77.5,12.5,-167.5,110.0,20.0,-15.0,75.0,-105.0,85.0,-5.0,0.0,0.0,0.0,0.0,0.0,-117.5,-87.5,-147.5,-42.5,-72.5
2020-08-28 00:00:00+00:00,-45.0,75.0,-165.0,-32.5,-152.5,-232.5,-112.5,-352.5,-207.5,-327.5,-145.0,-25.0,-265.0,-220.0,-340.0,-182.5,-62.5,-302.5,55.0,-65.0,-165.0,-75.0,-255.0,-15.0,-105.0,-242.5,-212.5,-272.5,-105.0,-135.0,-110.0,-50.0,-170.0,-35.0,-95.0,-110.0,-50.0,-170.0,-35.0,-95.0,-130.0,-100.0,-160.0,-5.0,-35.0,0.0,0.0,0.0,0.0,0.0,-117.5,-87.5,-147.5,-67.5,-97.5
2020-08-31 00:00:00+00:00,-380.0,-200.0,-560.0,-305.0,-485.0,-387.5,-237.5,-537.5,-32.5,-152.5,-122.5,-62.5,-182.5,-110.0,-170.0,-200.0,-50.0,-350.0,-337.5,-487.5,-120.0,0.0,-240.0,-257.5,-377.5,-95.0,25.0,-215.0,-170.0,-290.0,-135.0,-75.0,-195.0,-235.0,-295.0,-130.0,-100.0,-160.0,-217.5,-247.5,-80.0,-50.0,-110.0,-130.0,-160.0,0.0,0.0,0.0,0.0,0.0,-280.0,-250.0,-310.0,-280.0,-310.0
2020-09-01 00:00:00+00:00,47.5,137.5,-42.5,-127.5,-217.5,-400.0,-250.0,-550.0,-287.5,-437.5,-390.0,-300.0,-480.0,-190.0,-280.0,-132.5,-12.5,-252.5,80.0,-40.0,-40.0,50.0,-130.0,10.0,-80.0,-135.0,-75.0,-195.0,-172.5,-232.5,5.0,125.0,-115.0,117.5,-2.5,67.5,187.5,-52.5,80.0,-40.0,60.0,150.0,-30.0,35.0,-55.0,0.0,0.0,0.0,0.0,0.0,-42.5,-12.5,-72.5,-92.5,-122.5
2020-09-02 00:00:00+00:00,-612.5,-462.5,-762.5,-387.5,-537.5,-470.0,-350.0,-590.0,-370.0,-490.0,-365.0,-275.0,-455.0,-115.0,-205.0,17.5,137.5,-102.5,80.0,-40.0,92.5,212.5,-27.5,-7.5,-127.5,90.0,150.0,30.0,127.5,67.5,40.0,100.0,-20.0,40.0,-20.0,115.0,175.0,55.0,102.5,42.5,20.0,50.0,-10.0,7.5,-22.5,0.0,0.0,0.0,0.0,0.0,-242.5,-212.5,-272.5,-105.0,-135.0
2020-09-03 00:00:00+00:00,-632.5,-512.5,-752.5,-757.5,-877.5,-502.5,-412.5,-592.5,-390.0,-480.0,-155.0,-125.0,-185.0,-205.0,-235.0,-157.5,-37.5,-277.5,92.5,-27.5,-157.5,-37.5,-277.5,92.5,-27.5,-152.5,-62.5,-242.5,-15.0,-105.0,-327.5,-237.5,-417.5,-327.5,-417.5,-315.0,-225.0,-405.0,-277.5,-367.5,-297.5,-237.5,-357.5,-447.5,-507.5,0.0,0.0,0.0,0.0,0.0,-505.0,-475.0,-535.0,-480.0,-510.0
2020-09-04 00:00:00+00:00,122.5,212.5,32.5,-152.5,-242.5,-72.5,-12.5,-132.5,-247.5,-307.5,-315.0,-225.0,-405.0,-340.0,-430.0,-1347.5,-1287.5,-1407.5,-1085.0,-1145.0,-1235.0,-1175.0,-1295.0,-1022.5,-1082.5,-1235.0,-1175.0,-1295.0,-1022.5,-1082.5,-1352.5,-1262.5,-1442.5,-1090.0,-1180.0,-1167.5,-1137.5,-1197.5,-1142.5,-1172.5,-792.5,-762.5,-822.5,-555.0,-585.0,0.0,0.0,0.0,0.0,0.0,-1280.0,-1250.0,-1310.0,-1155.0,-1185.0
2020-09-07 00:00:00+00:00,237.5,387.5,87.5,-62.5,-212.5,155.0,275.0,35.0,-115.0,-205.0,-80.0,100.0,-260.0,182.5,2.5,222.5,312.5,132.5,497.5,407.5,222.5,312.5,132.5,497.5,407.5,207.5,237.5,177.5,170.0,140.0,560.0,650.0,470.0,597.5,507.5,535.0,625.0,445.0,422.5,332.5,427.5,487.5,367.5,327.5,267.5,0.0,0.0,0.0,0.0,0.0,720.0,750.0,690.0,720.0,690.0
2020-09-08 00:00:00+00:00,-650.0,-500.0,-800.0,-525.0,-675.0,-627.5,-537.5,-717.5,-590.0,-680.0,-155.0,-125.0,-185.0,-42.5,-72.5,-607.5,-487.5,-727.5,-732.5,-852.5,-915.0,-825.0,-1005.0,-690.0,-780.0,-235.0,-175.0,-295.0,-110.0,-170.0,-292.5,-262.5,-322.5,-580.0,-610.0,-292.5,-262.5,-322.5,-580.0,-610.0,-230.0,-200.0,-260.0,-142.5,-172.5,0.0,0.0,0.0,0.0,0.0,-1180.0,-1150.0,-1210.0,-1580.0,-1610.0
2020-09-09 00:00:00+00:00,260.0,350.0,170.0,297.5,207.5,35.0,125.0,-55.0,47.5,-42.5,-210.0,-150.0,-270.0,-135.0,-195.0,-297.5,-237.5,-357.5,-185.0,-245.0,-222.5,-162.5,-282.5,-260.0,-320.0,-122.5,-62.5,-182.5,-97.5,-157.5,-147.5,-87.5,-207.5,-10.0,-70.0,-147.5,-87.5,-207.5,-10.0,-70.0,2.5,62.5,-57.5,2.5,-57.5,0.0,0.0,0.0,0.0,0.0,157.5,187.5,127.5,407.5,377.5
2020-09-10 00:00:00+00:00,-447.5,-237.5,-657.5,107.5,-72.5,85.0,175.0,-5.0,110.0,20.0,70.0,100.0,40.0,-155.0,-185.0,-147.5,-87.5,-207.5,-322.5,-382.5,-255.0,-225.0,-285.0,-417.5,-447.5,-130.0,-100.0,-160.0,-192.5,-222.5,-292.5,-262.5,-322.5,-42.5,-72.5,-292.5,-262.5,-322.5,-42.5,-72.5,32.5,62.5,2.5,70.0,40.0,0.0,0.0,0.0,0.0,0.0,307.5,337.5,277.5,232.5,202.5
2020-09-11 00:00:00+00:00,-395.0,-275.0,-515.0,-657.5,-777.5,-645.0,-525.0,-765.0,-557.5,-677.5,-252.5,-162.5,-342.5,-540.0,-630.0,37.5,187.5,-112.5,192.5,72.5,150.0,300.0,0.0,180.0,60.0,255.0,375.0,135.0,322.5,232.5,205.0,325.0,85.0,372.5,282.5,260.0,350.0,170.0,277.5,217.5,260.0,350.0,170.0,277.5,217.5,0.0,0.0,0.0,0.0,0.0,-80.0,-50.0,-110.0,-5.0,-35.0
2020-09-14 00:00:00+00:00,-295.0,-175.0,-415.0,-370.0,-490.0,-395.0,-275.0,-515.0,-532.5,-652.5,-85.0,-25.0,-145.0,-35.0,-95.0,22.5,112.5,-67.5,310.0,220.0,22.5,112.5,-67.5,310.0,220.0,-117.5,-87.5,-147.5,107.5,77.5,285.0,375.0,195.0,72.5,-17.5,285.0,375.0,195.0,72.5,-17.5,20.0,50.0,-10.0,-55.0,-85.0,0.0,0.0,0.0,0.0,0.0,57.5,87.5,27.5,20.0,-10.0
2020-09-15 00:00:00+00:00,242.5,362.5,122.5,130.0,10.0,215.0,275.0,155.0,2.5,-57.5,90.0,150.0,30.0,52.5,-7.5,-27.5,62.5,-117.5,-85.0,-145.0,-85.0,-25.0,-145.0,-5.0,-35.0,0.0,0.0,0.0,0.0,0.0,82.5,112.5,52.5,195.0,165.0,82.5,112.5,52.5,195.0,165.0,132.5,162.5,102.5,220.0,190.0,0.0,0.0,0.0,0.0,0.0,395.0,425.0,365.0,320.0,290.0
2020-09-16 00:00:00+00:00,180.0,300.0,60.0,-20.0,-140.0,2.5,62.5,-57.5,-272.5,-332.5,-97.5,-37.5,-157.5,-322.5,-382.5,-332.5,-212.5,-452.5,-45.0,-165.0,-285.0,-225.0,-345.0,40.0,-20.0,-60.0,0.0,-120.0,165.0,105.0,-72.5,-12.5,-132.5,252.5,192.5,177.5,237.5,117.5,232.5,202.5,95.0,125.0,65.0,232.5,202.5,0.0,0.0,0.0,0.0,0.0,57.5,87.5,27.5,82.5,52.5
2020-09-17 00:00:00+00:00,-385.0,-175.0,-595.0,-60.0,-270.0,-387.5,-237.5,-537.5,-562.5,-712.5,-232.5,-112.5,-352.5,-257.5,-377.5,97.5,187.5,7.5,-40.0,-130.0,2.5,62.5,-57.5,40.0,-20.0,-5.0,25.0,-35.0,20.0,-10.0,90.0,150.0,30.0,-72.5,-132.5,-5.0,25.0,-35.0,-67.5,-97.5,-5.0,25.0,-35.0,-67.5,-97.5,0.0,0.0,0.0,0.0,0.0,-217.5,-187.5,-247.5,-205.0,-235.0
2020-09-21 00:00:00+00:00,242.5,362.5,122.5,67.5,-52.5,-612.5,-462.5,-762.5,-1050.0,-1200.0,-627.5,-537.5,-717.5,-977.5,-1067.5,600.0,750.0,450.0,217.5,97.5,480.0,600.0,360.0,-152.5,-242.5,257.5,287.5,227.5,0.0,0.0,1247.5,1337.5,1157.5,1485.0,1395.0,1040.0,1100.0,980.0,732.5,702.5,307.5,337.5,277.5,0.0,0.0,0.0,0.0,0.0,0.0,0.0,645.0,675.0,615.0,570.0,540.0
2020-09-22 00:00:00+00:00,175.0,325.0,25.0,-375.0,-525.0,-57.5,62.5,-177.5,-695.0,-815.0,-57.5,62.5,-177.5,-582.5,-702.5,260.0,350.0,170.0,360.0,270.0,227.5,287.5,167.5,427.5,367.5,207.5,237.5,177.5,207.5,177.5,560.0,650.0,470.0,722.5,632.5,120.0,150.0,90.0,232.5,202.5,207.5,237.5,177.5,207.5,177.5,0.0,0.0,0.0,0.0,0.0,632.5,662.5,602.5,157.5,127.5
2020-09-23 00:00:00+00:00,-325.0,-175.0,-475.0,-425.0,-575.0,-482.5,-362.5,-602.5,-695.0,-815.0,-240.0,-150.0,-330.0,-390.0,-480.0,-62.5,87.5,-212.5,212.5,62.5,-7.5,112.5,-127.5,367.5,247.5,-42.5,-12.5,-72.5,-55.0,-85.0,397.5,487.5,307.5,272.5,182.5,397.5,487.5,307.5,272.5,182.5,465.0,525.0,405.0,190.0,130.0,0.0,0.0,0.0,0.0,0.0,-217.5,-187.5,-247.5,-367.5,-397.5
2020-09-24 00:00:00+00:00,-157.5,-37.5,-277.5,-307.5,-427.5,180.0,300.0,60.0,-407.5,-527.5,247.5,337.5,157.5,-102.5,-192.5,-282.5,-162.5,-402.5,-145.0,-265.0,-232.5,-112.5,-352.5,-70.0,-190.0,-190.0,-100.0,-280.0,-440.0,-530.0,-252.5,-162.5,-342.5,-215.0,-305.0,-197.5,-137.5,-257.5,-635.0,-695.0,-367.5,-337.5,-397.5,-630.0,-660.0,0.0,0.0,0.0,0.0,0.0,70.0,100.0,40.0,-180.0,-210.0
2020-09-25 00:00:00+00:00,-245.0,-125.0,-365.0,-132.5,-252.5,65.0,125.0,5.0,-405.0,-435.0,-360.0,-300.0,-420.0,-472.5,-532.5,-960.0,-900.0,-1020.0,-822.5,-882.5,-960.0,-900.0,-1020.0,-822.5,-882.5,-960.0,-900.0,-1020.0,-822.5,-882.5,-1030.0,-1000.0,-1060.0,-942.5,-972.5,-892.5,-862.5,-922.5,-980.0,-1010.0,-892.5,-862.5,-922.5,-980.0,-1010.0,0.0,0.0,0.0,0.0,0.0,-905.0,-875.0,-935.0,-830.0,-860.0
2020-09-28 00:00:00+00:00,505.0,625.0,385.0,597.5,507.5,640.0,700.0,580.0,652.5,592.5,422.5,512.5,332.5,497.5,407.5,-2.5,87.5,-92.5,10.0,-80.0,47.5,137.5,-42.5,72.5,-17.5,0.0,0.0,0.0,0.0,0.0,152.5,212.5,92.5,177.5,117.5,152.5,212.5,92.5,90.0,30.0,107.5,137.5,77.5,-17.5,-47.5,0.0,0.0,0.0,0.0,0.0,745.0,775.0,715.0,732.5,702.5
2020-09-29 00:00:00+00:00,-102.5,-12.5,-192.5,-227.5,-317.5,-282.5,-162.5,-402.5,-545.0,-665.0,-52.5,37.5,-142.5,-227.5,-317.5,-40.0,50.0,-130.0,252.5,192.5,177.5,237.5,117.5,265.0,205.0,45.0,75.0,15.0,157.5,127.5,152.5,212.5,92.5,327.5,267.5,152.5,212.5,92.5,327.5,267.5,157.5,187.5,127.5,120.0,90.0,0.0,0.0,0.0,0.0,0.0,45.0,75.0,15.0,-105.0,-135.0
2020-09-30 00:00:00+00:00,390.0,450.0,330.0,640.0,580.0,377.5,437.5,317.5,227.5,167.5,240.0,300.0,180.0,165.0,105.0,-85.0,-25.0,-145.0,-435.0,-495.0,-47.5,12.5,-107.5,-297.5,-357.5,7.5,37.5,-22.5,-155.0,-185.0,102.5,162.5,42.5,32.5,2.5,20.0,50.0,-10.0,170.0,140.0,132.5,162.5,102.5,95.0,65.0,0.0,0.0,0.0,0.0,0.0,320.0,350.0,290.0,370.0,340.0
2020-10-01 00:00:00+00:00,75.0,225.0,-75.0,400.0,250.0,92.5,212.5,-27.5,117.5,-2.5,-10.0,50.0,-70.0,140.0,80.0,242.5,362.5,122.5,-27.5,-117.5,65.0,125.0,5.0,-10.0,-70.0,0.0,0.0,0.0,0.0,0.0,480.0,600.0,360.0,147.5,57.5,0.0,0.0,0.0,0.0,0.0,0.0,0.0,0.0,0.0,0.0,0.0,0.0,0.0,0.0,0.0,607.5,637.5,577.5,570.0,540.0
2020-10-02 00:00:00+00:00,-7.5,112.5,-127.5,-170.0,-290.0,-222.5,-162.5,-282.5,-572.5,-632.5,-485.0,-425.0,-545.0,-872.5,-932.5,-640.0,-550.0,-730.0,-427.5,-517.5,-690.0,-600.0,-780.0,-390.0,-480.0,-485.0,-425.0,-545.0,-405.0,-435.0,-597.5,-537.5,-657.5,-305.0,-335.0,-597.5,-537.5,-657.5,-305.0,-335.0,-597.5,-537.5,-657.5,-305.0,-335.0,0.0,0.0,0.0,0.0,0.0,-705.0,-675.0,-735.0,-792.5,-822.5
2020-10-05 00:00:00+00:00,-20.0,100.0,-140.0,-57.5,-177.5,-40.0,50.0,-130.0,-115.0,-205.0,55.0,175.0,-65.0,-257.5,-377.5,147.5,237.5,57.5,72.5,-17.5,285.0,375.0,195.0,-10.0,-70.0,7.5,37.5,-22.5,45.0,15.0,252.5,312.5,192.5,15.0,-45.0,215.0,275.0,155.0,-22.5,-82.5,0.0,0.0,0.0,0.0,0.0,0.0,0.0,0.0,0.0,0.0,407.5,437.5,377.5,157.5,127.5
2020-10-06 00:00:00+00:00,-230.0,-50.0,-410.0,-5.0,-185.0,-22.5,187.5,-232.5,15.0,-195.0,112.5,262.5,-37.5,187.5,37.5,362.5,512.5,212.5,125.0,-25.0,140.0,200.0,80.0,165.0,105.0,82.5,112.5,52.5,245.0,215.0,140.0,200.0,80.0,165.0,105.0,140.0,200.0,80.0,165.0,105.0,82.5,112.5,52.5,245.0,215.0,0.0,0.0,0.0,0.0,0.0,432.5,462.5,402.5,432.5,402.5
2020-10-07 00:00:00+00:00,-395.0,-275.0,-515.0,-582.5,-702.5,-650.0,-500.0,-800.0,-587.5,-737.5,-157.5,-37.5,-277.5,5.0,-115.0,255.0,375.0,135.0,305.0,185.0,530.0,650.0,410.0,342.5,222.5,572.5,662.5,482.5,385.0,295.0,260.0,350.0,170.0,260.0,170.0,572.5,662.5,482.5,385.0,295.0,490.0,550.0,430.0,277.5,217.5,0.0,0.0,0.0,0.0,0.0,145.0,175.0,115.0,145.0,115.0
2020-10-08 00:00:00+00:00,-162.5,-12.5,-312.5,-337.5,-487.5,-295.0,-175.0,-415.0,-190.0,-280.0,-420.0,-300.0,-540.0,-520.0,-640.0,-277.5,-187.5,-367.5,35.0,-55.0,-147.5,-87.5,-207.5,127.5,67.5,-72.5,-12.5,-132.5,90.0,30.0,115.0,175.0,55.0,127.5,67.5,115.0,175.0,55.0,127.5,67.5,70.0,100.0,40.0,120.0,90.0,0.0,0.0,0.0,0.0,0.0,20.0,50.0,-10.0,32.5,2.5
2020-10-09 00:00:00+00:00,-105.0,75.0,-285.0,-105.0,-285.0,-32.5,87.5,-152.5,42.5,-77.5,-182.5,-62.5,-302.5,-227.5,-317.5,-40.0,50.0,-130.0,-102.5,-192.5,15.0,75.0,-45.0,27.5,-32.5,7.5,37.5,-22.5,57.5,27.5,22.5,112.5,-67.5,-52.5,-142.5,7.5,37.5,-22.5,57.5,27.5,82.5,112.5,52.5,170.0,140.0,0.0,0.0,0.0,0.0,0.0,82.5,112.5,52.5,132.5,102.5
2020-10-12 00:00:00+00:00,80.0,200.0,-40.0,-65.0,-155.0,140.0,200.0,80.0,65.0,5.0,477.5,537.5,417.5,402.5,342.5,-22.5,37.5,-82.5,27.5,-32.5,-22.5,37.5,-82.5,27.5,-32.5,-55.0,-25.0,-85.0,32.5,2.5,115.0,175.0,55.0,52.5,-7.5,115.0,175.0,55.0,52.5,-7.5,45.0,75.0,15.0,57.5,27.5,0.0,0.0,0.0,0.0,0.0,482.5,512.5,452.5,432.5,402.5
2020-10-13 00:00:00+00:00,197.5,287.5,107.5,-177.5,-267.5,-177.5,-87.5,-267.5,-515.0,-605.0,60.0,150.0,-30.0,-202.5,-292.5,-107.5,12.5,-227.5,205.0,85.0,-10.0,50.0,-70.0,190.0,130.0,115.0,175.0,55.0,115.0,55.0,60.0,150.0,-30.0,310.0,220.0,60.0,150.0,-30.0,310.0,220.0,215.0,275.0,155.0,315.0,255.0,0.0,0.0,0.0,0.0,0.0,107.5,137.5,77.5,-105.0,-135.0
2020-10-14 00:00:00+00:00,-600.0,-450.0,-750.0,-425.0,-575.0,-97.5,-37.5,-157.5,-97.5,-157.5,-272.5,-212.5,-332.5,-335.0,-395.0,-432.5,-312.5,-552.5,-707.5,-827.5,-432.5,-312.5,-552.5,-707.5,-827.5,-202.5,-112.5,-292.5,-277.5,-367.5,-772.5,-712.5,-832.5,-772.5,-832.5,-780.0,-750.0,-810.0,-655.0,-685.0,-780.0,-750.0,-810.0,-655.0,-685.0,0.0,0.0,0.0,0.0,0.0,-1030.0,-1000.0,-1060.0,-992.5,-1022.5
2020-10-15 00:00:00+00:00,-160.0,50.0,-370.0,-55.0,-235.0,-287.5,-137.5,-437.5,12.5,-137.5,165.0,225.0,105.0,-10.0,-70.0,130.0,250.0,10.0,267.5,147.5,417.5,537.5,297.5,-82.5,-202.5,270.0,300.0,240.0,-5.0,-35.0,152.5,212.5,92.5,177.5,117.5,-30.0,0.0,-60.0,145.0,115.0,207.5,237.5,177.5,420.0,390.0,0.0,0.0,0.0,0.0,0.0,157.5,187.5,127.5,7.5,-22.5
2020-10-16 00:00:00+00:00,-17.5,162.5,-197.5,95.0,-85.0,180.0,300.0,60.0,-7.5,-127.5,22.5,112.5,-67.5,-265.0,-355.0,105.0,225.0,-15.0,-245.0,-365.0,-47.5,12.5,-107.5,-72.5,-132.5,-47.5,12.5,-107.5,-72.5,-132.5,-10.0,50.0,-70.0,2.5,-57.5,-117.5,-87.5,-147.5,7.5,-22.5,-117.5,-87.5,-147.5,7.5,-22.5,0.0,0.0,0.0,0.0,0.0,332.5,362.5,302.5,282.5,252.5
2020-10-19 00:00:00+00:00,-75.0,75.0,-225.0,-37.5,-187.5,-165.0,-75.0,-255.0,-202.5,-292.5,-265.0,-175.0,-355.0,-265.0,-355.0,-160.0,-100.0,-220.0,-172.5,-232.5,-110.0,-50.0,-170.0,-235.0,-295.0,-92.5,-62.5,-122.5,-180.0,-210.0,-85.0,-25.0,-145.0,-60.0,-120.0,-85.0,-25.0,-145.0,-60.0,-120.0,20.0,50.0,-10.0,70.0,40.0,0.0,0.0,0.0,0.0,0.0,-130.0,-100.0,-160.0,-155.0,-185.0
2020-10-20 00:00:00+00:00,-5.0,175.0,-185.0,-42.5,-222.5,-17.5,162.5,-197.5,82.5,-97.5,-2.5,87.5,-92.5,172.5,82.5,-212.5,-62.5,-362.5,-62.5,-212.5,-202.5,-112.5,-292.5,-252.5,-342.5,-122.5,-62.5,-182.5,20.0,-10.0,-122.5,-62.5,-182.5,20.0,-10.0,-122.5,-62.5,-182.5,20.0,-10.0,-155.0,-125.0,-185.0,0.0,0.0,0.0,0.0,0.0,0.0,0.0,132.5,162.5,102.5,82.5,52.5
2020-10-21 00:00:00+00:00,280.0,400.0,160.0,160.0,70.0,-365.0,-275.0,-455.0,-65.0,-155.0,-365.0,-275.0,-455.0,-2.5,-92.5,292.5,412.5,172.5,242.5,122.5,197.5,287.5,107.5,360.0,270.0,440.0,500.0,380.0,415.0,355.0,455.0,575.0,335.0,180.0,60.0,555.0,675.0,435.0,280.0,160.0,352.5,412.5,292.5,365.0,305.0,0.0,0.0,0.0,0.0,0.0,407.5,437.5,377.5,257.5,227.5
2020-10-22 00:00:00+00:00,-705.0,-525.0,-885.0,-405.0,-585.0,-407.5,-287.5,-527.5,-282.5,-402.5,-215.0,-125.0,-305.0,-127.5,-217.5,285.0,375.0,195.0,335.0,245.0,490.0,550.0,430.0,402.5,342.5,490.0,550.0,430.0,402.5,342.5,490.0,550.0,430.0,402.5,342.5,490.0,550.0,430.0,402.5,342.5,357.5,387.5,327.5,370.0,340.0,0.0,0.0,0.0,0.0,0.0,195.0,225.0,165.0,232.5,202.5
2020-10-23 00:00:00+00:00,-195.0,-75.0,-315.0,-532.5,-652.5,-140.0,-50.0,-230.0,-277.5,-367.5,-402.5,-312.5,-492.5,-290.0,-380.0,300.0,450.0,150.0,475.0,325.0,230.0,350.0,110.0,255.0,135.0,230.0,350.0,110.0,255.0,135.0,285.0,375.0,195.0,447.5,357.5,315.0,375.0,255.0,340.0,280.0,245.0,275.0,215.0,257.5,227.5,0.0,0.0,0.0,0.0,0.0,257.5,287.5,227.5,307.5,277.5
2020-10-26 00:00:00+00:00,122.5,212.5,32.5,-190.0,-280.0,-52.5,37.5,-142.5,-277.5,-367.5,-35.0,25.0,-95.0,-322.5,-382.5,-102.5,-12.5,-192.5,15.0,-45.0,-97.5,-37.5,-157.5,15.0,-45.0,-97.5,-37.5,-157.5,15.0,-45.0,-92.5,-62.5,-122.5,7.5,-22.5,-92.5,-62.5,-122.5,7.5,-22.5,7.5,37.5,-22.5,45.0,15.0,0.0,0.0,0.0,0.0,0.0,20.0,50.0,-10.0,-192.5,-222.5
2020-10-27 00:00:00+00:00,305.0,425.0,185.0,55.0,-65.0,-95.0,25.0,-215.0,255.0,135.0,385.0,475.0,295.0,272.5,182.5,215.0,275.0,155.0,182.5,152.5,215.0,275.0,155.0,182.5,152.5,182.5,212.5,152.5,182.5,152.5,182.5,212.5,152.5,182.5,152.5,182.5,212.5,152.5,182.5,152.5,0.0,0.0,0.0,0.0,0.0,0.0,0.0,0.0,0.0,0.0,470.0,500.0,440.0,482.5,452.5
2020-10-28 00:00:00+00:00,-170.0,-50.0,-290.0,-457.5,-577.5,-222.5,-162.5,-282.5,-222.5,-282.5,-827.5,-737.5,-917.5,-640.0,-730.0,35.0,125.0,-55.0,210.0,120.0,172.5,262.5,82.5,260.0,170.0,360.0,450.0,270.0,235.0,145.0,335.0,425.0,245.0,410.0,320.0,265.0,325.0,205.0,315.0,255.0,365.0,425.0,305.0,240.0,180.0,0.0,0.0,0.0,0.0,0.0,-167.5,-137.5,-197.5,-142.5,-172.5
2020-10-29 00:00:00+00:00,-502.5,-412.5,-592.5,-340.0,-430.0,-835.0,-775.0,-895.0,-747.5,-807.5,-640.0,-550.0,-730.0,-52.5,-142.5,-370.0,-250.0,-490.0,-632.5,-752.5,-377.5,-287.5,-467.5,-802.5,-892.5,90.0,150.0,30.0,-272.5,-332.5,-965.0,-875.0,-1055.0,-702.5,-792.5,-672.5,-612.5,-732.5,-822.5,-882.5,-722.5,-662.5,-782.5,-585.0,-645.0,0.0,0.0,0.0,0.0,0.0,-1255.0,-1225.0,-1285.0,-1355.0,-1385.0
2020-10-30 00:00:00+00:00,505.0,625.0,385.0,492.5,372.5,1022.5,1112.5,932.5,35.0,-55.0,435.0,525.0,345.0,847.5,757.5,490.0,550.0,430.0,390.0,330.0,132.5,162.5,102.5,307.5,277.5,0.0,0.0,0.0,0.0,0.0,447.5,537.5,357.5,60.0,-30.0,0.0,0.0,0.0,0.0,0.0,0.0,0.0,0.0,0.0,0.0,0.0,0.0,0.0,0.0,0.0,1157.5,1187.5,1127.5,1132.5,1102.5
2020-11-02 00:00:00+00:00,1192.5,1312.5,1072.5,817.5,697.5,1360.0,1450.0,1270.0,1122.5,1032.5,1320.0,1350.0,1290.0,982.5,952.5,182.5,212.5,152.5,-255.0,-285.0,182.5,212.5,152.5,-255.0,-285.0,0.0,0.0,0.0,0.0,0.0,0.0,0.0,0.0,0.0,0.0,0.0,0.0,0.0,0.0,0.0,0.0,0.0,0.0,0.0,0.0,0.0,0.0,0.0,0.0,0.0,1320.0,1350.0,1290.0,982.5,952.5
2020-11-03 00:00:00+00:00,-412.5,-262.5,-562.5,-100.0,-250.0,55.0,175.0,-65.0,55.0,-65.0,220.0,250.0,190.0,282.5,252.5,392.5,512.5,272.5,305.0,185.0,185.0,275.0,95.0,222.5,132.5,-5.0,25.0,-35.0,32.5,2.5,-167.5,-137.5,-197.5,-5.0,-35.0,-167.5,-137.5,-197.5,-5.0,-35.0,-17.5,12.5,-47.5,7.5,-22.5,0.0,0.0,0.0,0.0,0.0,232.5,262.5,202.5,320.0,290.0
2020-11-04 00:00:00+00:00,217.5,337.5,97.5,-195.0,-315.0,-585.0,-525.0,-645.0,-847.5,-907.5,-465.0,-375.0,-555.0,-290.0,-380.0,97.5,187.5,7.5,-90.0,-180.0,322.5,412.5,232.5,222.5,132.5,652.5,712.5,592.5,415.0,355.0,-192.5,-162.5,-222.5,132.5,102.5,-92.5,-62.5,-122.5,70.0,40.0,820.0,850.0,790.0,457.5,427.5,0.0,0.0,0.0,0.0,0.0,470.0,500.0,440.0,307.5,277.5
2020-11-05 00:00:00+00:00,387.5,537.5,237.5,600.0,450.0,747.5,837.5,657.5,610.0,520.0,197.5,287.5,107.5,260.0,170.0,97.5,187.5,7.5,97.5,7.5,132.5,162.5,102.5,132.5,102.5,0.0,0.0,0.0,0.0,0.0,497.5,587.5,407.5,672.5,582.5,132.5,162.5,102.5,132.5,102.5,132.5,162.5,102.5,132.5,102.5,0.0,0.0,0.0,0.0,0.0,920.0,950.0,890.0,1095.0,1065.0
2020-11-06 00:00:00+00:00,360.0,450.0,270.0,410.0,320.0,590.0,650.0,530.0,252.5,192.5,20.0,50.0,-10.0,32.5,2.5,-322.5,-262.5,-382.5,-510.0,-570.0,-322.5,-262.5,-382.5,-510.0,-570.0,152.5,212.5,92.5,2.5,-57.5,-280.0,-250.0,-310.0,-242.5,-272.5,-280.0,-250.0,-310.0,-242.5,-272.5,-280.0,-250.0,-310.0,-242.5,-272.5,0.0,0.0,0.0,0.0,0.0,-130.0,-100.0,-160.0,-67.5,-97.5
2020-11-09 00:00:00+00:00,-397.5,-187.5,-607.5,-447.5,-657.5,-387.5,-237.5,-537.5,-25.0,-175.0,-250.0,-100.0,-400.0,-625.0,-775.0,2680.0,2800.0,2560.0,160.0,70.0,2635.0,2725.0,2545.0,277.5,217.5,2470.0,2500.0,2440.0,0.0,0.0,2697.5,2787.5,2607.5,340.0,280.0,70.0,100.0,40.0,232.5,202.5,0.0,0.0,0.0,0.0,0.0,0.0,0.0,0.0,0.0,0.0,2520.0,2550.0,2490.0,3357.5,3327.5
2020-11-10 00:00:00+00:00,-95.0,25.0,-215.0,-270.0,-390.0,27.5,87.5,-32.5,452.5,392.5,-577.5,-487.5,-667.5,-715.0,-805.0,-715.0,-625.0,-805.0,-227.5,-317.5,-547.5,-487.5,-607.5,65.0,5.0,-455.0,-425.0,-485.0,-230.0,-260.0,-460.0,-400.0,-520.0,-285.0,-345.0,-530.0,-500.0,-560.0,-405.0,-435.0,-530.0,-500.0,-560.0,-405.0,-435.0,0.0,0.0,0.0,0.0,0.0,-755.0,-725.0,-785.0,-417.5,-447.5
2020-11-11 00:00:00+00:00,-317.5,-137.5,-497.5,-142.5,-322.5,-317.5,-137.5,-497.5,-280.0,-460.0,2.5,62.5,-57.5,215.0,155.0,510.0,600.0,420.0,110.0,20.0,20.0,50.0,-10.0,-17.5,-47.5,0.0,0.0,0.0,0.0,0.0,257.5,287.5,227.5,20.0,-10.0,0.0,0.0,0.0,0.0,0.0,0.0,0.0,0.0,0.0,0.0,0.0,0.0,0.0,0.0,0.0,20.0,50.0,-10.0,245.0,215.0
2020-11-12 00:00:00+00:00,292.5,412.5,172.5,567.5,447.5,540.0,600.0,480.0,665.0,605.0,690.0,750.0,630.0,415.0,355.0,192.5,312.5,72.5,-40.0,-130.0,165.0,225.0,105.0,-117.5,-147.5,157.5,187.5,127.5,-117.5,-147.5,47.5,137.5,-42.5,77.5,17.5,32.5,62.5,2.5,7.5,-22.5,0.0,0.0,0.0,0.0,0.0,0.0,0.0,0.0,0.0,0.0,845.0,875.0,815.0,695.0,665.0
2020-11-13 00:00:00+00:00,97.5,187.5,7.5,10.0,-80.0,172.5,262.5,82.5,285.0,195.0,357.5,387.5,327.5,345.0,315.0,-110.0,-50.0,-170.0,-22.5,-82.5,-72.5,-12.5,-132.5,-97.5,-157.5,-217.5,-187.5,-247.5,-142.5,-172.5,-72.5,-12.5,-132.5,-97.5,-157.5,-217.5,-187.5,-247.5,-142.5,-172.5,-217.5,-187.5,-247.5,-142.5,-172.5,0.0,0.0,0.0,0.0,0.0,170.0,200.0,140.0,232.5,202.5
2020-11-16 00:00:00+00:00,-255.0,-75.0,-435.0,-425.0,-575.0,-152.5,-62.5,-242.5,-215.0,-305.0,-637.5,-487.5,-787.5,-182.5,-302.5,242.5,362.5,122.5,305.0,185.0,260.0,350.0,170.0,185.0,95.0,190.0,250.0,130.0,115.0,55.0,222.5,312.5,132.5,47.5,-42.5,165.0,225.0,105.0,77.5,17.5,157.5,187.5,127.5,-5.0,-35.0,0.0,0.0,0.0,0.0,0.0,20.0,50.0,-10.0,295.0,265.0
2020-11-17 00:00:00+00:00,-282.5,-162.5,-402.5,-395.0,-515.0,-357.5,-237.5,-477.5,-257.5,-377.5,-185.0,-125.0,-245.0,-235.0,-295.0,-155.0,25.0,-335.0,-492.5,-672.5,-157.5,-37.5,-277.5,-332.5,-452.5,-27.5,62.5,-117.5,110.0,20.0,-95.0,25.0,-215.0,-282.5,-402.5,-102.5,-12.5,-192.5,-240.0,-330.0,147.5,237.5,57.5,122.5,32.5,0.0,0.0,0.0,0.0,0.0,-280.0,-250.0,-310.0,-330.0,-360.0
2020-11-18 00:00:00+00:00,347.5,437.5,257.5,110.0,20.0,217.5,337.5,97.5,-7.5,-127.5,545.0,575.0,515.0,570.0,540.0,135.0,225.0,45.0,240.0,180.0,52.5,112.5,-7.5,240.0,180.0,20.0,50.0,-10.0,182.5,152.5,0.0,0.0,0.0,0.0,0.0,0.0,0.0,0.0,0.0,0.0,0.0,0.0,0.0,0.0,0.0,0.0,0.0,0.0,0.0,0.0,732.5,762.5,702.5,682.5,652.5
2020-11-19 00:00:00+00:00,-362.5,-212.5,-512.5,-162.5,-312.5,-52.5,37.5,-142.5,-265.0,-355.0,-610.0,-550.0,-670.0,-397.5,-457.5,72.5,162.5,-17.5,272.5,182.5,72.5,162.5,-17.5,272.5,182.5,102.5,162.5,42.5,302.5,242.5,272.5,362.5,182.5,685.0,595.0,572.5,662.5,482.5,910.0,820.0,572.5,662.5,482.5,910.0,820.0,0.0,0.0,0.0,0.0,0.0,470.0,500.0,440.0,582.5,552.5
2020-11-20 00:00:00+00:00,-82.5,37.5,-202.5,-195.0,-315.0,-282.5,-162.5,-402.5,-157.5,-277.5,382.5,412.5,352.5,420.0,390.0,297.5,387.5,207.5,410.0,320.0,397.5,487.5,307.5,372.5,282.5,120.0,150.0,90.0,-5.0,-35.0,57.5,87.5,27.5,0.0,0.0,0.0,0.0,0.0,0.0,0.0,0.0,0.0,0.0,0.0,0.0,0.0,0.0,0.0,0.0,0.0,495.0,525.0,465.0,545.0,515.0
2020-11-23 00:00:00+00:00,-137.5,12.5,-287.5,-150.0,-300.0,-212.5,-62.5,-362.5,-250.0,-400.0,-312.5,-162.5,-462.5,-12.5,-162.5,-290.0,-200.0,-380.0,-77.5,-167.5,-202.5,-112.5,-292.5,-15.0,-105.0,-202.5,-112.5,-292.5,-77.5,-167.5,-102.5,-12.5,-192.5,90.0,30.0,140.0,200.0,80.0,115.0,55.0,20.0,50.0,-10.0,-17.5,-47.5,0.0,0.0,0.0,0.0,0.0,-292.5,-262.5,-322.5,-180.0,-210.0
2020-11-24 00:00:00+00:00,-150.0,0.0,-300.0,-150.0,-300.0,-72.5,-12.5,-132.5,-35.0,-95.0,-275.0,-125.0,-425.0,-250.0,-400.0,97.5,187.5,7.5,60.0,-30.0,90.0,150.0,30.0,77.5,17.5,57.5,87.5,27.5,82.5,52.5,155.0,275.0,35.0,105.0,-15.0,57.5,87.5,27.5,45.0,15.0,0.0,0.0,0.0,0.0,0.0,0.0,0.0,0.0,0.0,0.0,170.0,200.0,140.0,107.5,77.5
2020-11-25 00:00:00+00:00,-192.5,-12.5,-372.5,-275.0,-425.0,-775.0,-625.0,-925.0,-295.0,-415.0,-47.5,12.5,-107.5,2.5,-57.5,-5.0,175.0,-185.0,-30.0,-210.0,55.0,175.0,-65.0,-282.5,-402.5,85.0,175.0,-5.0,-165.0,-255.0,-145.0,-25.0,-265.0,-82.5,-202.5,22.5,112.5,-67.5,-227.5,-317.5,-47.5,12.5,-107.5,-222.5,-282.5,0.0,0.0,0.0,0.0,0.0,-167.5,-137.5,-197.5,-155.0,-185.0
2020-11-27 00:00:00+00:00,-342.5,-162.5,-522.5,-425.0,-575.0,-47.5,12.5,-107.5,-147.5,-207.5,-240.0,-150.0,-330.0,-272.5,-332.5,-90.0,0.0,-180.0,-127.5,-217.5,-135.0,-75.0,-195.0,-22.5,-82.5,-72.5,-12.5,-132.5,-72.5,-132.5,-80.0,-50.0,-110.0,-67.5,-97.5,-42.5,-12.5,-72.5,-42.5,-72.5,-30.0,0.0,-60.0,-17.5,-47.5,0.0,0.0,0.0,0.0,0.0,-105.0,-75.0,-135.0,-155.0,-185.0
2020-11-30 00:00:00+00:00,-207.5,-87.5,-327.5,-307.5,-427.5,-220.0,-100.0,-340.0,-382.5,-502.5,-590.0,-500.0,-680.0,-640.0,-730.0,-190.0,-100.0,-280.0,-77.5,-167.5,-90.0,0.0,-180.0,40.0,-20.0,-142.5,-112.5,-172.5,0.0,0.0,145.0,175.0,115.0,120.0,90.0,145.0,175.0,115.0,120.0,90.0,0.0,0.0,0.0,0.0,0.0,0.0,0.0,0.0,0.0,0.0,-117.5,-87.5,-147.5,-217.5,-247.5
2020-12-01 00:00:00+00:00,137.5,287.5,-12.5,25.0,-125.0,-385.0,-175.0,-595.0,-185.0,-395.0,-92.5,87.5,-272.5,-30.0,-210.0,187.5,337.5,37.5,-37.5,-187.5,102.5,162.5,42.5,77.5,17.5,45.0,75.0,15.0,-30.0,-60.0,102.5,162.5,42.5,77.5,17.5,0.0,0.0,0.0,0.0,0.0,0.0,0.0,0.0,0.0,0.0,0.0,0.0,0.0,0.0,0.0,220.0,250.0,190.0,182.5,152.5
2020-12-02 00:00:00+00:00,-350.0,-200.0,-500.0,-462.5,-612.5,-157.5,-37.5,-277.5,-232.5,-352.5,65.0,125.0,5.0,-85.0,-145.0,-45.0,75.0,-165.0,17.5,-102.5,-102.5,-12.5,-192.5,22.5,-67.5,32.5,62.5,2.5,32.5,2.5,-52.5,37.5,-142.5,110.0,20.0,-30.0,0.0,-60.0,20.0,-10.0,-30.0,0.0,-60.0,20.0,-10.0,0.0,0.0,0.0,0.0,0.0,-55.0,-25.0,-85.0,32.5,2.5
2020-12-03 00:00:00+00:00,-82.5,37.5,-202.5,-382.5,-502.5,-295.0,-175.0,-415.0,-257.5,-377.5,10.0,100.0,-80.0,-40.0,-130.0,147.5,237.5,57.5,22.5,-67.5,32.5,62.5,2.5,70.0,40.0,32.5,62.5,2.5,70.0,40.0,127.5,187.5,67.5,15.0,-45.0,215.0,275.0,155.0,-10.0,-70.0,215.0,275.0,155.0,-10.0,-70.0,0.0,0.0,0.0,0.0,0.0,145.0,175.0,115.0,-67.5,-97.5
2020-12-04 00:00:00+00:00,-202.5,-112.5,-292.5,-265.0,-355.0,-185.0,-125.0,-245.0,-335.0,-395.0,-265.0,-175.0,-355.0,-365.0,-455.0,-20.0,100.0,-140.0,67.5,-52.5,42.5,162.5,-77.5,92.5,-27.5,-22.5,37.5,-82.5,82.5,52.5,85.0,175.0,-5.0,127.5,67.5,77.5,137.5,17.5,77.5,17.5,20.0,50.0,-10.0,20.0,-10.0,0.0,0.0,0.0,0.0,0.0,-5.0,25.0,-35.0,-17.5,-47.5
2020-12-07 00:00:00+00:00,-62.5,87.5,-212.5,-25.0,-175.0,352.5,412.5,292.5,202.5,142.5,65.0,125.0,5.0,65.0,5.0,115.0,175.0,55.0,40.0,-20.0,190.0,250.0,130.0,27.5,-32.5,45.0,75.0,15.0,32.5,2.5,252.5,312.5,192.5,177.5,117.5,107.5,137.5,77.5,45.0,15.0,0.0,0.0,0.0,0.0,0.0,0.0,0.0,0.0,0.0,0.0,507.5,537.5,477.5,495.0,465.0
2020-12-08 00:00:00+00:00,-170.0,-50.0,-290.0,-227.5,-317.5,-215.0,-125.0,-305.0,-402.5,-492.5,-360.0,-300.0,-420.0,-497.5,-557.5,-435.0,-375.0,-495.0,-347.5,-407.5,-347.5,-287.5,-407.5,-260.0,-320.0,-110.0,-50.0,-170.0,-10.0,-70.0,-572.5,-512.5,-632.5,-422.5,-482.5,-335.0,-275.0,-395.0,-172.5,-232.5,-272.5,-212.5,-332.5,-197.5,-257.5,0.0,0.0,0.0,0.0,0.0,-742.5,-712.5,-772.5,-742.5,-772.5
2020-12-09 00:00:00+00:00,-220.0,-100.0,-340.0,-145.0,-265.0,-295.0,-175.0,-415.0,-245.0,-365.0,-142.5,-112.5,-172.5,-105.0,-135.0,-170.0,-50.0,-290.0,-232.5,-352.5,-182.5,-62.5,-302.5,-202.5,-292.5,-97.5,-37.5,-157.5,-135.0,-195.0,-127.5,-37.5,-217.5,-52.5,-142.5,-77.5,12.5,-167.5,-65.0,-155.0,-67.5,-37.5,-97.5,-55.0,-85.0,0.0,0.0,0.0,0.0,0.0,-317.5,-287.5,-347.5,-242.5,-272.5
2020-12-10 00:00:00+00:00,-212.5,-62.5,-362.5,-12.5,-162.5,-117.5,62.5,-297.5,-67.5,-247.5,-10.0,50.0,-70.0,65.0,5.0,-27.5,62.5,-117.5,-65.0,-155.0,2.5,62.5,-57.5,-22.5,-82.5,-55.0,-25.0,-85.0,-55.0,-85.0,-90.0,0.0,-180.0,-202.5,-292.5,-135.0,-75.0,-195.0,-122.5,-182.5,-117.5,-87.5,-147.5,-5.0,-35.0,0.0,0.0,0.0,0.0,0.0,7.5,37.5,-22.5,45.0,15.0
2020-12-11 00:00:00+00:00,-707.5,-587.5,-827.5,-257.5,-377.5,-565.0,-475.0,-655.0,-602.5,-692.5,-267.5,-237.5,-297.5,-267.5,-297.5,-447.5,-387.5,-507.5,-397.5,-457.5,-447.5,-387.5,-507.5,-397.5,-457.5,-335.0,-275.0,-395.0,-297.5,-357.5,-15.0,75.0,-105.0,-290.0,-380.0,-210.0,-150.0,-270.0,-147.5,-207.5,-210.0,-150.0,-270.0,-147.5,-207.5,0.0,0.0,0.0,0.0,0.0,-467.5,-437.5,-497.5,-792.5,-822.5
2020-12-14 00:00:00+00:00,-5.0,175.0,-185.0,-5.0,-185.0,55.0,175.0,-65.0,230.0,110.0,302.5,362.5,242.5,327.5,267.5,-17.5,12.5,-47.5,45.0,15.0,-17.5,12.5,-47.5,45.0,15.0,-17.5,12.5,-47.5,45.0,15.0,20.0,50.0,-10.0,20.0,-10.0,20.0,50.0,-10.0,20.0,-10.0,0.0,0.0,0.0,0.0,0.0,0.0,0.0,0.0,0.0,0.0,282.5,312.5,252.5,332.5,302.5
2020-12-15 00:00:00+00:00,-480.0,-300.0,-660.0,-87.5,-237.5,-457.5,-337.5,-577.5,-382.5,-502.5,-252.5,-162.5,-342.5,-215.0,-305.0,92.5,212.5,-27.5,-120.0,-240.0,185.0,275.0,95.0,-115.0,-205.0,177.5,237.5,117.5,-35.0,-95.0,20.0,50.0,-10.0,7.5,-22.5,20.0,50.0,-10.0,7.5,-22.5,57.5,87.5,27.5,32.5,2.5,0.0,0.0,0.0,0.0,0.0,-130.0,-100.0,-160.0,-42.5,-72.5
2020-12-16 00:00:00+00:00,-27.5,212.5,-267.5,-115.0,-355.0,-97.5,112.5,-307.5,145.0,-35.0,147.5,237.5,57.5,10.0,-80.0,-27.5,62.5,-117.5,-15.0,-105.0,-22.5,37.5,-82.5,15.0,-45.0,32.5,62.5,2.5,-55.0,-85.0,-85.0,-25.0,-145.0,-47.5,-107.5,-5.0,25.0,-35.0,-30.0,-60.0,-5.0,25.0,-35.0,-30.0,-60.0,0.0,0.0,0.0,0.0,0.0,170.0,200.0,140.0,157.5,127.5
2020-12-21 00:00:00+00:00,-1190.0,-1100.0,-1280.0,-1390.0,-1480.0,465.0,525.0,405.0,440.0,380.0,0.0,0.0,0.0,0.0,0.0,-2785.0,-2725.0,-2845.0,-2735.0,-2795.0,-2735.0,-2675.0,-2795.0,-2660.0,-2720.0,-2067.5,-2037.5,-2097.5,-1930.0,-1960.0,-2647.5,-2587.5,-2707.5,-2697.5,-2757.5,-2647.5,-2587.5,-2707.5,-2697.5,-2757.5,-2605.0,-2575.0,-2635.0,-2155.0,-2185.0,0.0,0.0,0.0,0.0,0.0,-2305.0,-2275.0,-2335.0,-2417.5,-2447.5
2020-12-22 00:00:00+00:00,-542.5,-362.5,-722.5,-567.5,-747.5,-245.0,-125.0,-365.0,30.0,-90.0,-72.5,-12.5,-132.5,-197.5,-257.5,255.0,375.0,135.0,-95.0,-215.0,115.0,175.0,55.0,52.5,-7.5,-17.5,12.5,-47.5,70.0,40.0,-10.0,50.0,-70.0,102.5,42.5,-17.5,12.5,-47.5,70.0,40.0,70.0,100.0,40.0,170.0,140.0,0.0,0.0,0.0,0.0,0.0,70.0,100.0,40.0,20.0,-10.0
2020-12-23 00:00:00+00:00,85.0,175.0,-5.0,-127.5,-217.5,-27.5,62.5,-117.5,-190.0,-280.0,90.0,150.0,30.0,2.5,-57.5,-102.5,-12.5,-192.5,-102.5,-192.5,-140.0,-50.0,-230.0,-102.5,-192.5,-210.0,-150.0,-270.0,-122.5,-182.5,-185.0,-125.0,-245.0,-235.0,-295.0,-180.0,-150.0,-210.0,-130.0,-160.0,-180.0,-150.0,-210.0,-130.0,-160.0,0.0,0.0,0.0,0.0,0.0,-30.0,0.0,-60.0,-92.5,-122.5
2020-12-28 00:00:00+00:00,-117.5,62.5,-297.5,-80.0,-260.0,-27.5,62.5,-117.5,-27.5,-117.5,10.0,100.0,-80.0,-27.5,-117.5,22.5,112.5,-67.5,22.5,-67.5,35.0,125.0,-55.0,-15.0,-105.0,102.5,162.5,42.5,-10.0,-70.0,102.5,162.5,42.5,152.5,92.5,90.0,150.0,30.0,2.5,-57.5,90.0,150.0,30.0,2.5,-57.5,0.0,0.0,0.0,0.0,0.0,170.0,200.0,140.0,170.0,140.0
2020-12-29 00:00:00+00:00,-452.5,-212.5,-692.5,-277.5,-517.5,-95.0,25.0,-215.0,-170.0,-290.0,-102.5,-12.5,-192.5,-215.0,-305.0,-80.0,100.0,-260.0,-292.5,-472.5,-82.5,37.5,-202.5,-220.0,-340.0,-5.0,25.0,-35.0,0.0,0.0,-127.5,-37.5,-217.5,-177.5,-267.5,-97.5,-37.5,-157.5,-97.5,-157.5,-72.5,-12.5,-132.5,-85.0,-145.0,0.0,0.0,0.0,0.0,0.0,-67.5,-37.5,-97.5,-167.5,-197.5
2020-12-30 00:00:00+00:00,-212.5,-62.5,-362.5,-37.5,-187.5,-282.5,-162.5,-402.5,-32.5,-152.5,-327.5,-237.5,-417.5,-152.5,-242.5,-7.5,112.5,-127.5,60.0,-30.0,122.5,212.5,32.5,65.0,5.0,77.5,137.5,17.5,-5.0,-35.0,97.5,187.5,7.5,15.0,-45.0,102.5,162.5,42.5,20.0,-10.0,102.5,162.5,42.5,20.0,-10.0,0.0,0.0,0.0,0.0,0.0,-42.5,-12.5,-72.5,57.5,27.5
2020-12-31 00:00:00+00:00,142.5,262.5,22.5,217.5,97.5,285.0,375.0,195.0,447.5,357.5,347.5,437.5,257.5,347.5,257.5,-110.0,-50.0,-170.0,-210.0,-270.0,-67.5,-37.5,-97.5,-55.0,-85.0,0.0,0.0,0.0,0.0,0.0,-35.0,25.0,-95.0,-222.5,-282.5,7.5,37.5,-22.5,-67.5,-97.5,45.0,75.0,15.0,-17.5,-47.5,0.0,0.0,0.0,0.0,0.0,382.5,412.5,352.5,357.5,327.5
2021-01-04 00:00:00+00:00,130.0,250.0,10.0,-132.5,-252.5,237.5,387.5,87.5,30.0,-90.0,77.5,137.5,17.5,140.0,80.0,130.0,250.0,10.0,-177.5,-267.5,135.0,225.0,45.0,52.5,-7.5,7.5,37.5,-22.5,-5.0,-35.0,27.5,87.5,-32.5,32.5,2.5,27.5,87.5,-32.5,32.5,2.5,-17.5,12.5,-47.5,32.5,2.5,0.0,0.0,0.0,0.0,0.0,282.5,312.5,252.5,132.5,102.5
2021-01-05 00:00:00+00:00,-437.5,-287.5,-587.5,-712.5,-862.5,-147.5,-87.5,-207.5,-147.5,-207.5,-320.0,-200.0,-440.0,-557.5,-677.5,387.5,537.5,237.5,350.0,200.0,127.5,187.5,67.5,77.5,17.5,20.0,50.0,-10.0,-30.0,-60.0,292.5,412.5,172.5,492.5,372.5,190.0,250.0,130.0,265.0,205.0,82.5,112.5,52.5,132.5,102.5,0.0,0.0,0.0,0.0,0.0,20.0,50.0,-10.0,-180.0,-210.0
2021-01-06 00:00:00+00:00,547.5,637.5,457.5,185.0,95.0,252.5,312.5,192.5,-222.5,-282.5,157.5,187.5,127.5,245.0,215.0,335.0,425.0,245.0,247.5,157.5,260.0,350.0,170.0,310.0,220.0,157.5,187.5,127.5,170.0,140.0,685.0,775.0,595.0,897.5,807.5,32.5,62.5,2.5,407.5,377.5,220.0,250.0,190.0,182.5,152.5,0.0,0.0,0.0,0.0,0.0,807.5,837.5,777.5,745.0,715.0
2021-01-07 00:00:00+00:00,-565.0,-325.0,-805.0,-190.0,-430.0,-182.5,-62.5,-302.5,-290.0,-380.0,-460.0,-400.0,-520.0,-385.0,-445.0,-370.0,-250.0,-490.0,-645.0,-765.0,-185.0,-125.0,-245.0,65.0,5.0,-97.5,-37.5,-157.5,152.5,92.5,-172.5,-112.5,-232.5,-285.0,-345.0,90.0,150.0,30.0,190.0,130.0,177.5,237.5,117.5,277.5,217.5,0.0,0.0,0.0,0.0,0.0,-392.5,-362.5,-422.5,-380.0,-410.0
2021-01-08 00:00:00+00:00,-112.5,37.5,-262.5,-112.5,-262.5,-107.5,12.5,-227.5,-82.5,-202.5,-40.0,50.0,-130.0,-165.0,-255.0,150.0,300.0,0.0,200.0,50.0,112.5,262.5,-37.5,175.0,25.0,172.5,262.5,82.5,110.0,20.0,90.0,150.0,30.0,177.5,117.5,90.0,150.0,30.0,177.5,117.5,127.5,187.5,67.5,240.0,180.0,0.0,0.0,0.0,0.0,0.0,70.0,100.0,40.0,207.5,177.5
2021-01-11 00:00:00+00:00,-300.0,-150.0,-450.0,-525.0,-675.0,-197.5,-137.5,-257.5,-322.5,-382.5,-285.0,-75.0,-495.0,-310.0,-520.0,210.0,300.0,120.0,85.0,-5.0,152.5,212.5,92.5,190.0,130.0,132.5,162.5,102.5,132.5,102.5,140.0,200.0,80.0,215.0,155.0,215.0,275.0,155.0,277.5,217.5,227.5,287.5,167.5,327.5,267.5,0.0,0.0,0.0,0.0,0.0,32.5,62.5,2.5,-42.5,-72.5
2021-01-12 00:00:00+00:00,-50.0,100.0,-200.0,-132.5,-252.5,197.5,287.5,107.5,-52.5,-142.5,-22.5,37.5,-82.5,-135.0,-195.0,10.0,100.0,-80.0,72.5,-17.5,35.0,125.0,-55.0,22.5,-67.5,-17.5,12.5,-47.5,-17.5,-47.5,7.5,37.5,-22.5,-17.5,-47.5,32.5,62.5,2.5,-17.5,-47.5,32.5,62.5,2.5,57.5,27.5,0.0,0.0,0.0,0.0,0.0,182.5,212.5,152.5,157.5,127.5
2021-01-13 00:00:00+00:00,-262.5,-112.5,-412.5,-600.0,-750.0,-27.5,62.5,-117.5,-465.0,-555.0,-205.0,-175.0,-235.0,-155.0,-185.0,-347.5,-287.5,-407.5,-385.0,-445.0,-347.5,-287.5,-407.5,-385.0,-445.0,-347.5,-287.5,-407.5,-385.0,-445.0,-135.0,-75.0,-195.0,-260.0,-320.0,-317.5,-287.5,-347.5,-380.0,-410.0,120.0,150.0,90.0,95.0,65.0,0.0,0.0,0.0,0.0,0.0,-355.0,-325.0,-385.0,-405.0,-435.0
2021-01-14 00:00:00+00:00,-40.0,50.0,-130.0,-202.5,-292.5,-170.0,-50.0,-290.0,-190.0,-280.0,-72.5,-12.5,-132.5,-160.0,-220.0,-465.0,-375.0,-555.0,-265.0,-355.0,-465.0,-375.0,-555.0,-265.0,-355.0,-322.5,-262.5,-382.5,-110.0,-170.0,-315.0,-225.0,-405.0,-352.5,-442.5,-355.0,-325.0,-385.0,-317.5,-347.5,-317.5,-287.5,-347.5,-292.5,-322.5,0.0,0.0,0.0,0.0,0.0,-267.5,-237.5,-297.5,-317.5,-347.5
2021-01-15 00:00:00+00:00,-557.5,-437.5,-677.5,-657.5,-777.5,-275.0,-125.0,-425.0,-625.0,-775.0,-382.5,-262.5,-502.5,-545.0,-665.0,167.5,287.5,47.5,-70.0,-190.0,240.0,300.0,180.0,152.5,92.5,240.0,300.0,180.0,152.5,92.5,160.0,250.0,70.0,10.0,-80.0,277.5,337.5,217.5,177.5,117.5,277.5,337.5,217.5,177.5,117.5,0.0,0.0,0.0,0.0,0.0,-205.0,-175.0,-235.0,-380.0,-410.0
2021-01-18 00:00:00+00:00,-105.0,75.0,-285.0,-342.5,-522.5,197.5,287.5,107.5,260.0,170.0,280.0,400.0,160.0,242.5,122.5,15.0,75.0,-45.0,102.5,42.5,27.5,87.5,-32.5,65.0,5.0,32.5,62.5,2.5,70.0,40.0,40.0,100.0,-20.0,127.5,67.5,40.0,100.0,-20.0,127.5,67.5,52.5,112.5,-7.5,90.0,30.0,0.0,0.0,0.0,0.0,0.0,370.0,400.0,340.0,432.5,402.5
2021-01-19 00:00:00+00:00,205.0,325.0,85.0,-70.0,-190.0,-15.0,75.0,-105.0,-65.0,-155.0,115.0,175.0,55.0,2.5,-57.5,30.0,150.0,-90.0,42.5,-77.5,72.5,162.5,-17.5,-40.0,-130.0,140.0,200.0,80.0,15.0,-45.0,90.0,150.0,30.0,27.5,-32.5,120.0,150.0,90.0,-5.0,-35.0,120.0,150.0,90.0,-5.0,-35.0,0.0,0.0,0.0,0.0,0.0,307.5,337.5,277.5,170.0,140.0
2021-01-20 00:00:00+00:00,-117.5,62.5,-297.5,95.0,-85.0,-52.5,37.5,-142.5,-127.5,-217.5,140.0,200.0,80.0,90.0,30.0,-35.0,25.0,-95.0,-97.5,-157.5,-10.0,50.0,-70.0,82.5,52.5,0.0,0.0,0.0,0.0,0.0,95.0,125.0,65.0,82.5,52.5,0.0,0.0,0.0,0.0,0.0,0.0,0.0,0.0,0.0,0.0,0.0,0.0,0.0,0.0,0.0,145.0,175.0,115.0,107.5,77.5
2021-01-21 00:00:00+00:00,-125.0,25.0,-275.0,-225.0,-375.0,-45.0,75.0,-165.0,-95.0,-215.0,-95.0,25.0,-215.0,-20.0,-140.0,-120.0,0.0,-240.0,-82.5,-202.5,-90.0,0.0,-180.0,-65.0,-155.0,-5.0,25.0,-35.0,57.5,27.5,-7.5,112.5,-127.5,-45.0,-165.0,52.5,112.5,-7.5,27.5,-32.5,70.0,100.0,40.0,45.0,15.0,0.0,0.0,0.0,0.0,0.0,107.5,137.5,77.5,82.5,52.5
2021-01-22 00:00:00+00:00,-345.0,-225.0,-465.0,-382.5,-502.5,-540.0,-450.0,-630.0,-515.0,-605.0,-837.5,-687.5,-987.5,-587.5,-737.5,-320.0,-200.0,-440.0,-107.5,-227.5,-145.0,-25.0,-265.0,-157.5,-277.5,135.0,225.0,45.0,-27.5,-117.5,-85.0,-25.0,-145.0,165.0,105.0,90.0,150.0,30.0,77.5,17.5,90.0,150.0,30.0,77.5,17.5,0.0,0.0,0.0,0.0,0.0,-567.5,-537.5,-597.5,-555.0,-585.0
2021-01-25 00:00:00+00:00,-312.5,-162.5,-462.5,-212.5,-362.5,-40.0,50.0,-130.0,-52.5,-142.5,-177.5,-87.5,-267.5,-240.0,-330.0,-50.0,100.0,-200.0,130.0,10.0,-65.0,25.0,-155.0,-47.5,-107.5,127.5,187.5,67.5,27.5,-32.5,-65.0,25.0,-155.0,72.5,-17.5,-65.0,25.0,-155.0,72.5,-17.5,57.5,87.5,27.5,7.5,-22.5,0.0,0.0,0.0,0.0,0.0,-80.0,-50.0,-110.0,-117.5,-147.5
2021-01-26 00:00:00+00:00,97.5,187.5,7.5,47.5,-42.5,172.5,262.5,82.5,-52.5,-142.5,415.0,475.0,355.0,365.0,305.0,-35.0,25.0,-95.0,-72.5,-132.5,-22.5,37.5,-82.5,2.5,-57.5,140.0,200.0,80.0,177.5,117.5,152.5,212.5,92.5,165.0,105.0,240.0,300.0,180.0,177.5,117.5,132.5,162.5,102.5,107.5,77.5,0.0,0.0,0.0,0.0,0.0,507.5,537.5,477.5,445.0,415.0
2021-01-27 00:00:00+00:00,-252.5,-162.5,-342.5,-427.5,-517.5,107.5,137.5,77.5,-117.5,-147.5,-360.0,-300.0,-420.0,-247.5,-307.5,-315.0,-225.0,-405.0,-577.5,-667.5,-435.0,-375.0,-495.0,-472.5,-532.5,-435.0,-375.0,-495.0,-472.5,-532.5,-1510.0,-1450.0,-1570.0,-1322.5,-1382.5,-1655.0,-1625.0,-1685.0,-1217.5,-1247.5,-1517.5,-1487.5,-1547.5,-1105.0,-1135.0,0.0,0.0,0.0,0.0,0.0,-1642.5,-1612.5,-1672.5,-1367.5,-1397.5
2021-01-28 00:00:00+00:00,775.0,925.0,625.0,-162.5,-312.5,547.5,637.5,457.5,47.5,-42.5,795.0,825.0,765.0,770.0,740.0,210.0,300.0,120.0,472.5,382.5,410.0,500.0,320.0,472.5,382.5,7.5,37.5,-22.5,345.0,315.0,340.0,400.0,280.0,327.5,267.5,157.5,187.5,127.5,95.0,65.0,157.5,187.5,127.5,95.0,65.0,0.0,0.0,0.0,0.0,0.0,1270.0,1300.0,1240.0,1057.5,1027.5
2021-01-29 00:00:00+00:00,55.0,175.0,-65.0,-32.5,-152.5,-7.5,112.5,-127.5,-145.0,-265.0,247.5,337.5,157.5,-77.5,-167.5,447.5,537.5,357.5,360.0,270.0,177.5,237.5,117.5,165.0,105.0,552.5,612.5,492.5,390.0,330.0,165.0,225.0,105.0,440.0,380.0,352.5,412.5,292.5,565.0,505.0,32.5,62.5,2.5,132.5,102.5,0.0,0.0,0.0,0.0,0.0,682.5,712.5,652.5,345.0,315.0
2021-02-01 00:00:00+00:00,-192.5,-12.5,-372.5,-42.5,-222.5,-400.0,-250.0,-550.0,-137.5,-287.5,-462.5,-312.5,-612.5,-375.0,-525.0,400.0,550.0,250.0,0.0,-150.0,180.0,300.0,60.0,205.0,85.0,140.0,200.0,80.0,390.0,330.0,497.5,587.5,407.5,660.0,570.0,477.5,537.5,417.5,740.0,680.0,527.5,587.5,467.5,652.5,592.5,0.0,0.0,0.0,0.0,0.0,382.5,412.5,352.5,332.5,302.5
2021-02-02 00:00:00+00:00,5.0,125.0,-115.0,142.5,22.5,65.0,125.0,5.0,-172.5,-232.5,165.0,225.0,105.0,-85.0,-145.0,-40.0,50.0,-130.0,-177.5,-267.5,-35.0,25.0,-95.0,-97.5,-157.5,77.5,137.5,17.5,145.0,115.0,77.5,137.5,17.5,145.0,115.0,195.0,225.0,165.0,145.0,115.0,195.0,225.0,165.0,157.5,127.5,0.0,0.0,0.0,0.0,0.0,195.0,225.0,165.0,120.0,90.0
2021-02-03 00:00:00+00:00,-137.5,12.5,-287.5,-57.5,-177.5,-115.0,-25.0,-205.0,-165.0,-255.0,-202.5,-112.5,-292.5,-152.5,-242.5,67.5,187.5,-52.5,5.0,-115.0,67.5,187.5,-52.5,5.0,-115.0,27.5,87.5,-32.5,-35.0,-95.0,-22.5,37.5,-82.5,15.0,-45.0,-22.5,37.5,-82.5,15.0,-45.0,45.0,75.0,15.0,-5.0,-35.0,0.0,0.0,0.0,0.0,0.0,-117.5,-87.5,-147.5,-55.0,-85.0
2021-02-04 00:00:00+00:00,-150.0,0.0,-300.0,-50.0,-200.0,27.5,87.5,-32.5,-85.0,-145.0,-135.0,-75.0,-195.0,-135.0,-195.0,-507.5,-387.5,-627.5,-165.0,-255.0,-365.0,-275.0,-455.0,-35.0,-95.0,-17.5,12.5,-47.5,-42.5,-72.5,-10.0,50.0,-70.0,-22.5,-82.5,-30.0,0.0,-60.0,-80.0,-110.0,95.0,125.0,65.0,7.5,-22.5,0.0,0.0,0.0,0.0,0.0,-355.0,-325.0,-385.0,-392.5,-422.5
2021-02-05 00:00:00+00:00,112.5,262.5,-37.5,-25.0,-175.0,292.5,412.5,172.5,242.5,122.5,582.5,612.5,552.5,520.0,490.0,20.0,50.0,-10.0,107.5,77.5,0.0,0.0,0.0,0.0,0.0,0.0,0.0,0.0,0.0,0.0,0.0,0.0,0.0,0.0,0.0,0.0,0.0,0.0,0.0,0.0,0.0,0.0,0.0,0.0,0.0,0.0,0.0,0.0,0.0,0.0,582.5,612.5,552.5,520.0,490.0
2021-02-08 00:00:00+00:00,0.0,150.0,-150.0,-200.0,-350.0,-215.0,-125.0,-305.0,-190.0,-280.0,-232.5,-112.5,-352.5,-370.0,-490.0,122.5,212.5,32.5,85.0,-5.0,122.5,212.5,32.5,85.0,-5.0,140.0,200.0,80.0,102.5,42.5,210.0,300.0,120.0,360.0,270.0,215.0,275.0,155.0,340.0,280.0,95.0,125.0,65.0,232.5,202.5,0.0,0.0,0.0,0.0,0.0,170.0,200.0,140.0,145.0,115.0
2021-02-09 00:00:00+00:00,-20.0,100.0,-140.0,-40.0,-130.0,-47.5,12.5,-107.5,-22.5,-82.5,-140.0,-50.0,-230.0,-152.5,-242.5,-365.0,-275.0,-455.0,-265.0,-355.0,-365.0,-275.0,-455.0,-265.0,-355.0,-210.0,-150.0,-270.0,-160.0,-220.0,-260.0,-200.0,-320.0,-160.0,-220.0,-210.0,-150.0,-270.0,-47.5,-107.5,-210.0,-150.0,-270.0,-47.5,-107.5,0.0,0.0,0.0,0.0,0.0,-192.5,-162.5,-222.5,-130.0,-160.0
2021-02-10 00:00:00+00:00,-297.5,-87.5,-507.5,-197.5,-407.5,-312.5,-162.5,-462.5,-262.5,-412.5,-215.0,-125.0,-305.0,-215.0,-305.0,0.0,150.0,-150.0,-150.0,-300.0,30.0,150.0,-90.0,-157.5,-277.5,35.0,125.0,-55.0,-90.0,-180.0,65.0,125.0,5.0,52.5,-7.5,77.5,137.5,17.5,65.0,5.0,57.5,87.5,27.5,82.5,52.5,0.0,0.0,0.0,0.0,0.0,-130.0,-100.0,-160.0,-30.0,-60.0
2021-02-11 00:00:00+00:00,-292.5,-112.5,-472.5,-205.0,-385.0,-50.0,100.0,-200.0,-100.0,-250.0,10.0,100.0,-80.0,-140.0,-230.0,85.0,175.0,-5.0,10.0,-80.0,-55.0,-25.0,-85.0,-30.0,-60.0,0.0,0.0,0.0,0.0,0.0,-30.0,0.0,-60.0,-42.5,-72.5,7.5,37.5,-22.5,7.5,-22.5,7.5,37.5,-22.5,7.5,-22.5,0.0,0.0,0.0,0.0,0.0,82.5,112.5,52.5,57.5,27.5
2021-02-12 00:00:00+00:00,-100.0,50.0,-250.0,0.0,-150.0,72.5,162.5,-17.5,147.5,57.5,95.0,125.0,65.0,70.0,40.0,-52.5,37.5,-142.5,22.5,-67.5,-85.0,-25.0,-145.0,-10.0,-70.0,7.5,37.5,-22.5,0.0,0.0,-72.5,-12.5,-132.5,40.0,-20.0,-92.5,-62.5,-122.5,32.5,2.5,-92.5,-62.5,-122.5,32.5,2.5,0.0,0.0,0.0,0.0,0.0,157.5,187.5,127.5,207.5,177.5
2021-02-15 00:00:00+00:00,-267.5,-87.5,-447.5,-342.5,-522.5,-182.5,-62.5,-302.5,-257.5,-377.5,-252.5,-162.5,-342.5,-277.5,-367.5,35.0,125.0,-55.0,172.5,82.5,35.0,125.0,-55.0,172.5,82.5,-35.0,25.0,-95.0,52.5,-7.5,45.0,75.0,15.0,7.5,-22.5,45.0,75.0,15.0,7.5,-22.5,45.0,75.0,15.0,7.5,-22.5,0.0,0.0,0.0,0.0,0.0,-55.0,-25.0,-85.0,-17.5,-47.5
2021-02-16 00:00:00+00:00,-157.5,-37.5,-277.5,-190.0,-280.0,-432.5,-312.5,-552.5,-482.5,-602.5,-182.5,-62.5,-302.5,-140.0,-230.0,85.0,175.0,-5.0,135.0,45.0,122.5,212.5,32.5,172.5,82.5,102.5,162.5,42.5,165.0,105.0,102.5,162.5,42.5,127.5,67.5,152.5,212.5,92.5,215.0,155.0,165.0,225.0,105.0,227.5,167.5,0.0,0.0,0.0,0.0,0.0,-42.5,-12.5,-72.5,32.5,2.5
2021-02-17 00:00:00+00:00,-140.0,-50.0,-230.0,-115.0,-205.0,-335.0,-275.0,-395.0,-297.5,-357.5,-410.0,-350.0,-470.0,-572.5,-632.5,-235.0,-175.0,-295.0,-110.0,-170.0,-60.0,0.0,-120.0,-60.0,-120.0,-60.0,0.0,-120.0,-60.0,-120.0,2.5,62.5,-57.5,-135.0,-195.0,-47.5,12.5,-107.5,-35.0,-95.0,152.5,212.5,92.5,127.5,67.5,0.0,0.0,0.0,0.0,0.0,-205.0,-175.0,-235.0,-205.0,-235.0
2021-02-18 00:00:00+00:00,-220.0,-100.0,-340.0,-295.0,-415.0,-297.5,-237.5,-357.5,-410.0,-470.0,-472.5,-412.5,-532.5,-460.0,-520.0,-572.5,-512.5,-632.5,-397.5,-457.5,-560.0,-500.0,-620.0,-310.0,-370.0,-347.5,-287.5,-407.5,-122.5,-182.5,-160.0,-100.0,-220.0,2.5,-57.5,-160.0,-100.0,-220.0,2.5,-57.5,2.5,62.5,-57.5,127.5,67.5,0.0,0.0,0.0,0.0,0.0,-630.0,-600.0,-660.0,-492.5,-522.5
2021-02-19 00:00:00+00:00,235.0,325.0,145.0,135.0,45.0,35.0,125.0,-55.0,297.5,207.5,290.0,350.0,230.0,327.5,267.5,-2.5,87.5,-92.5,-77.5,-167.5,-2.5,87.5,-92.5,-77.5,-167.5,2.5,62.5,-57.5,-172.5,-232.5,-35.0,25.0,-95.0,-160.0,-220.0,-35.0,25.0,-95.0,-160.0,-220.0,-105.0,-75.0,-135.0,-142.5,-172.5,0.0,0.0,0.0,0.0,0.0,270.0,300.0,240.0,257.5,227.5
2021-02-22 00:00:00+00:00,-137.5,12.5,-287.5,80.0,-40.0,-512.5,-362.5,-662.5,-82.5,-202.5,-90.0,0.0,-180.0,-377.5,-467.5,-102.5,-12.5,-192.5,197.5,107.5,90.0,150.0,30.0,127.5,67.5,-30.0,0.0,-60.0,45.0,15.0,97.5,187.5,7.5,-177.5,-267.5,2.5,62.5,-57.5,-160.0,-220.0,7.5,37.5,-22.5,-67.5,-97.5,0.0,0.0,0.0,0.0,0.0,207.5,237.5,177.5,45.0,15.0
2021-02-23 00:00:00+00:00,60.0,150.0,-30.0,-65.0,-155.0,257.5,287.5,227.5,157.5,127.5,0.0,0.0,0.0,0.0,0.0,-1015.0,-925.0,-1105.0,-1052.5,-1142.5,-802.5,-712.5,-892.5,-1027.5,-1117.5,-147.5,-87.5,-207.5,-410.0,-470.0,-1267.5,-1237.5,-1297.5,-1167.5,-1197.5,-1267.5,-1237.5,-1297.5,-1167.5,-1197.5,-1005.0,-975.0,-1035.0,-1155.0,-1185.0,0.0,0.0,0.0,0.0,0.0,-917.5,-887.5,-947.5,-805.0,-835.0
2021-02-24 00:00:00+00:00,-555.0,-375.0,-735.0,-325.0,-475.0,-250.0,-100.0,-400.0,205.0,85.0,-140.0,-50.0,-230.0,52.5,-7.5,-60.0,0.0,-120.0,190.0,130.0,2.5,62.5,-57.5,140.0,80.0,52.5,112.5,-7.5,115.0,55.0,2.5,62.5,-57.5,140.0,80.0,52.5,112.5,-7.5,115.0,55.0,57.5,87.5,27.5,145.0,115.0,0.0,0.0,0.0,0.0,0.0,120.0,150.0,90.0,145.0,115.0
2021-02-25 00:00:00+00:00,-462.5,-312.5,-612.5,-312.5,-462.5,-450.0,-300.0,-600.0,-475.0,-625.0,-280.0,-250.0,-310.0,-542.5,-572.5,-262.5,-112.5,-412.5,-387.5,-537.5,-237.5,-87.5,-387.5,-475.0,-625.0,-315.0,-225.0,-405.0,-277.5,-367.5,-312.5,-162.5,-462.5,-187.5,-337.5,-212.5,-62.5,-362.5,-337.5,-487.5,-107.5,12.5,-227.5,-65.0,-155.0,0.0,0.0,0.0,0.0,0.0,-580.0,-550.0,-610.0,-392.5,-422.5
2021-02-26 00:00:00+00:00,-507.5,-387.5,-627.5,-295.0,-415.0,-770.0,-650.0,-890.0,-195.0,-315.0,-385.0,-325.0,-445.0,-260.0,-320.0,-687.5,-537.5,-837.5,-987.5,-1137.5,-495.0,-375.0,-615.0,-695.0,-815.0,-735.0,-675.0,-795.0,-760.0,-820.0,-632.5,-512.5,-752.5,-570.0,-690.0,-220.0,-100.0,-340.0,-382.5,-502.5,-177.5,-87.5,-267.5,-127.5,-217.5,0.0,0.0,0.0,0.0,0.0,-1430.0,-1400.0,-1460.0,-1105.0,-1135.0
2021-03-01 00:00:00+00:00,-40.0,50.0,-130.0,-190.0,-280.0,-5.0,25.0,-35.0,-55.0,-85.0,-352.5,-262.5,-442.5,-102.5,-192.5,-545.0,-425.0,-665.0,-182.5,-302.5,-477.5,-387.5,-567.5,-202.5,-292.5,-205.0,-175.0,-235.0,-205.0,-235.0,-252.5,-162.5,-342.5,-377.5,-467.5,-252.5,-162.5,-342.5,-377.5,-467.5,-240.0,-150.0,-330.0,-252.5,-342.5,0.0,0.0,0.0,0.0,0.0,-455.0,-425.0,-485.0,-380.0,-410.0
2021-03-02 00:00:00+00:00,287.5,437.5,137.5,505.0,385.0,172.5,262.5,82.5,302.5,242.5,407.5,437.5,377.5,545.0,515.0,355.0,475.0,235.0,305.0,185.0,410.0,500.0,320.0,310.0,220.0,182.5,212.5,152.5,207.5,177.5,432.5,462.5,402.5,320.0,290.0,432.5,462.5,402.5,320.0,290.0,432.5,462.5,402.5,320.0,290.0,0.0,0.0,0.0,0.0,0.0,957.5,987.5,927.5,957.5,927.5
2021-03-03 00:00:00+00:00,-250.0,-100.0,-400.0,-182.5,-302.5,-232.5,-112.5,-352.5,-307.5,-427.5,-65.0,25.0,-155.0,-140.0,-230.0,62.5,212.5,-87.5,0.0,-150.0,52.5,112.5,-7.5,2.5,-57.5,52.5,112.5,-7.5,2.5,-57.5,217.5,337.5,97.5,92.5,-27.5,160.0,250.0,70.0,72.5,-17.5,45.0,75.0,15.0,45.0,15.0,0.0,0.0,0.0,0.0,0.0,-30.0,0.0,-60.0,-130.0,-160.0
2021-03-04 00:00:00+00:00,-1112.5,-962.5,-1262.5,-1062.5,-1212.5,-420.0,-300.0,-540.0,-770.0,-890.0,-235.0,-175.0,-295.0,-285.0,-345.0,270.0,450.0,90.0,-267.5,-447.5,412.5,562.5,262.5,-12.5,-162.5,-417.5,-387.5,-447.5,-617.5,-647.5,-190.0,-100.0,-280.0,-527.5,-617.5,22.5,112.5,-67.5,22.5,-67.5,-347.5,-287.5,-407.5,-397.5,-457.5,0.0,0.0,0.0,0.0,0.0,-580.0,-550.0,-610.0,-492.5,-522.5
2021-03-05 00:00:00+00:00,362.5,512.5,212.5,117.5,-2.5,852.5,912.5,792.5,777.5,717.5,472.5,562.5,382.5,360.0,270.0,-5.0,25.0,-35.0,132.5,102.5,-5.0,25.0,-35.0,132.5,102.5,-5.0,25.0,-35.0,132.5,102.5,157.5,187.5,127.5,45.0,15.0,170.0,200.0,140.0,-42.5,-72.5,0.0,0.0,0.0,0.0,0.0,0.0,0.0,0.0,0.0,0.0,1070.0,1100.0,1040.0,882.5,852.5
2021-03-08 00:00:00+00:00,-792.5,-612.5,-972.5,-362.5,-512.5,-127.5,-37.5,-217.5,-190.0,-280.0,-32.5,87.5,-152.5,-57.5,-177.5,160.0,250.0,70.0,422.5,332.5,315.0,375.0,255.0,777.5,717.5,320.0,350.0,290.0,482.5,452.5,7.5,37.5,-22.5,70.0,40.0,245.0,275.0,215.0,520.0,490.0,632.5,662.5,602.5,457.5,427.5,0.0,0.0,0.0,0.0,0.0,232.5,262.5,202.5,432.5,402.5
2021-03-09 00:00:00+00:00,-217.5,-37.5,-397.5,-167.5,-347.5,335.0,425.0,245.0,185.0,95.0,55.0,175.0,-65.0,-107.5,-227.5,185.0,275.0,95.0,210.0,120.0,102.5,162.5,42.5,-35.0,-95.0,102.5,162.5,42.5,-35.0,-95.0,115.0,175.0,55.0,165.0,105.0,227.5,287.5,167.5,265.0,205.0,182.5,212.5,152.5,132.5,102.5,0.0,0.0,0.0,0.0,0.0,445.0,475.0,415.0,207.5,177.5
2021-03-10 00:00:00+00:00,-550.0,-400.0,-700.0,-750.0,-900.0,32.5,62.5,2.5,207.5,177.5,-17.5,12.5,-47.5,132.5,102.5,-307.5,-187.5,-427.5,-15.0,-105.0,-377.5,-287.5,-467.5,-47.5,-107.5,32.5,62.5,2.5,145.0,115.0,-530.0,-500.0,-560.0,-430.0,-460.0,-530.0,-500.0,-560.0,-430.0,-460.0,-530.0,-500.0,-560.0,-430.0,-460.0,0.0,0.0,0.0,0.0,0.0,-505.0,-475.0,-535.0,-192.5,-222.5
2021-03-11 00:00:00+00:00,-425.0,-275.0,-575.0,-200.0,-350.0,-295.0,-175.0,-415.0,-220.0,-340.0,-325.0,-175.0,-475.0,-350.0,-500.0,-45.0,75.0,-165.0,-202.5,-292.5,-70.0,50.0,-190.0,-252.5,-342.5,-60.0,0.0,-120.0,-5.0,-35.0,-20.0,100.0,-140.0,-152.5,-242.5,-35.0,25.0,-95.0,-5.0,-35.0,-35.0,25.0,-95.0,-5.0,-35.0,0.0,0.0,0.0,0.0,0.0,-92.5,-62.5,-122.5,-92.5,-122.5
2021-03-12 00:00:00+00:00,-787.5,-637.5,-937.5,-500.0,-650.0,-637.5,-487.5,-787.5,-225.0,-375.0,-67.5,-37.5,-97.5,95.0,65.0,382.5,562.5,202.5,-25.0,-175.0,475.0,625.0,325.0,180.0,60.0,70.0,100.0,40.0,170.0,140.0,392.5,512.5,272.5,-52.5,-142.5,410.0,500.0,320.0,-52.5,-142.5,315.0,375.0,255.0,-60.0,-120.0,0.0,0.0,0.0,0.0,0.0,45.0,75.0,15.0,132.5,102.5
2021-03-15 00:00:00+00:00,-82.5,37.5,-202.5,30.0,-90.0,-77.5,12.5,-167.5,-90.0,-180.0,-92.5,-62.5,-122.5,-30.0,-60.0,-252.5,-162.5,-342.5,-160.0,-220.0,-165.0,-75.0,-255.0,-260.0,-320.0,-165.0,-75.0,-255.0,-260.0,-320.0,-397.5,-337.5,-457.5,-397.5,-457.5,-285.0,-225.0,-345.0,-117.5,-147.5,-197.5,-137.5,-257.5,-92.5,-122.5,0.0,0.0,0.0,0.0,0.0,-305.0,-275.0,-335.0,-317.5,-347.5
2021-03-16 00:00:00+00:00,67.5,187.5,-52.5,105.0,-15.0,165.0,225.0,105.0,152.5,92.5,155.0,275.0,35.0,92.5,-27.5,52.5,112.5,-7.5,15.0,-45.0,7.5,37.5,-22.5,45.0,15.0,7.5,37.5,-22.5,45.0,15.0,52.5,112.5,-7.5,102.5,42.5,52.5,112.5,-7.5,15.0,-45.0,0.0,0.0,0.0,0.0,0.0,0.0,0.0,0.0,0.0,0.0,295.0,325.0,265.0,307.5,277.5
2021-03-17 00:00:00+00:00,-95.0,25.0,-215.0,-270.0,-390.0,-345.0,-225.0,-465.0,-457.5,-577.5,-452.5,-362.5,-542.5,-427.5,-517.5,-590.0,-500.0,-680.0,-552.5,-642.5,-527.5,-437.5,-617.5,-477.5,-567.5,-465.0,-375.0,-555.0,-490.0,-580.0,-490.0,-400.0,-580.0,-365.0,-455.0,-427.5,-337.5,-517.5,-377.5,-467.5,-327.5,-237.5,-417.5,-177.5,-267.5,0.0,0.0,0.0,0.0,0.0,-667.5,-637.5,-697.5,-642.5,-672.5
2021-03-18 00:00:00+00:00,-182.5,-62.5,-302.5,-282.5,-402.5,-172.5,-112.5,-232.5,-222.5,-282.5,-397.5,-337.5,-457.5,-347.5,-407.5,-395.0,-275.0,-515.0,-520.0,-640.0,-635.0,-575.0,-695.0,-585.0,-645.0,-617.5,-587.5,-647.5,-567.5,-597.5,-270.0,-150.0,-390.0,-457.5,-577.5,-210.0,-150.0,-270.0,-347.5,-407.5,-405.0,-375.0,-435.0,-467.5,-497.5,0.0,0.0,0.0,0.0,0.0,-355.0,-325.0,-385.0,-392.5,-422.5
2021-03-22 00:00:00+00:00,225.0,375.0,75.0,312.5,162.5,192.5,312.5,72.5,280.0,160.0,317.5,437.5,197.5,442.5,322.5,-70.0,50.0,-190.0,-82.5,-202.5,-65.0,25.0,-155.0,-52.5,-142.5,-42.5,-12.5,-72.5,145.0,115.0,-5.0,25.0,-35.0,145.0,115.0,-5.0,25.0,-35.0,145.0,115.0,-5.0,25.0,-35.0,145.0,115.0,0.0,0.0,0.0,0.0,0.0,595.0,625.0,565.0,595.0,565.0
2021-03-23 00:00:00+00:00,-287.5,-137.5,-437.5,-562.5,-712.5,80.0,200.0,-40.0,-220.0,-340.0,-82.5,37.5,-202.5,-282.5,-402.5,105.0,225.0,-15.0,155.0,35.0,-60.0,0.0,-120.0,-297.5,-357.5,-60.0,0.0,-120.0,-297.5,-357.5,2.5,62.5,-57.5,-35.0,-95.0,2.5,62.5,-57.5,-35.0,-95.0,45.0,75.0,15.0,-5.0,-35.0,0.0,0.0,0.0,0.0,0.0,7.5,37.5,-22.5,-205.0,-235.0
2021-03-24 00:00:00+00:00,30.0,150.0,-90.0,-57.5,-177.5,-350.0,-200.0,-500.0,-387.5,-537.5,-465.0,-375.0,-555.0,-627.5,-717.5,-15.0,75.0,-105.0,47.5,-42.5,97.5,187.5,7.5,47.5,-42.5,45.0,75.0,15.0,107.5,77.5,90.0,150.0,30.0,152.5,92.5,132.5,162.5,102.5,257.5,227.5,132.5,162.5,102.5,257.5,227.5,0.0,0.0,0.0,0.0,0.0,-130.0,-100.0,-160.0,-130.0,-160.0
2021-03-25 00:00:00+00:00,-95.0,25.0,-215.0,-20.0,-140.0,-40.0,50.0,-130.0,35.0,-55.0,-360.0,-300.0,-420.0,-272.5,-332.5,-1077.5,-987.5,-1167.5,-1265.0,-1355.0,-877.5,-787.5,-967.5,-1115.0,-1205.0,-877.5,-787.5,-967.5,-1115.0,-1205.0,-885.0,-825.0,-945.0,-1047.5,-1107.5,-822.5,-762.5,-882.5,-972.5,-1032.5,-822.5,-762.5,-882.5,-972.5,-1032.5,0.0,0.0,0.0,0.0,0.0,-917.5,-887.5,-947.5,-1055.0,-1085.0
2021-03-26 00:00:00+00:00,-382.5,-262.5,-502.5,-432.5,-552.5,-407.5,-287.5,-527.5,-620.0,-740.0,-205.0,-175.0,-235.0,-67.5,-97.5,70.0,250.0,-110.0,-167.5,-347.5,17.5,137.5,-102.5,35.0,-55.0,40.0,100.0,-20.0,40.0,-20.0,75.0,225.0,-75.0,-250.0,-400.0,80.0,200.0,-40.0,-65.0,-155.0,40.0,100.0,-20.0,-10.0,-70.0,0.0,0.0,0.0,0.0,0.0,-280.0,-250.0,-310.0,-317.5,-347.5
2021-03-29 00:00:00+00:00,285.0,375.0,195.0,347.5,257.5,427.5,487.5,367.5,227.5,167.5,407.5,437.5,377.5,345.0,315.0,127.5,187.5,67.5,-60.0,-120.0,132.5,162.5,102.5,-30.0,-60.0,132.5,162.5,102.5,-30.0,-60.0,132.5,162.5,102.5,-30.0,-60.0,0.0,0.0,0.0,0.0,0.0,0.0,0.0,0.0,0.0,0.0,0.0,0.0,0.0,0.0,0.0,457.5,487.5,427.5,357.5,327.5
2021-03-30 00:00:00+00:00,-2.5,87.5,-92.5,-15.0,-105.0,-375.0,-225.0,-525.0,-137.5,-287.5,-30.0,0.0,-60.0,-17.5,-47.5,-477.5,-387.5,-567.5,-452.5,-542.5,-547.5,-487.5,-607.5,-522.5,-582.5,-555.0,-525.0,-585.0,-567.5,-597.5,-667.5,-637.5,-697.5,-642.5,-672.5,-667.5,-637.5,-697.5,-480.0,-510.0,-480.0,-450.0,-510.0,-430.0,-460.0,0.0,0.0,0.0,0.0,0.0,-555.0,-525.0,-585.0,-555.0,-585.0
2021-03-31 00:00:00+00:00,-390.0,-150.0,-630.0,65.0,-145.0,-145.0,-25.0,-265.0,205.0,85.0,172.5,262.5,82.5,222.5,132.5,130.0,250.0,10.0,-220.0,-340.0,72.5,162.5,-17.5,-190.0,-280.0,40.0,100.0,-20.0,-135.0,-195.0,0.0,0.0,0.0,0.0,0.0,0.0,0.0,0.0,0.0,0.0,0.0,0.0,0.0,0.0,0.0,0.0,0.0,0.0,0.0,0.0,257.5,287.5,227.5,295.0,265.0
2021-04-01 00:00:00+00:00,-525.0,-375.0,-675.0,-375.0,-525.0,-257.5,-137.5,-377.5,-82.5,-202.5,-277.5,-187.5,-367.5,-190.0,-280.0,17.5,137.5,-102.5,55.0,-65.0,55.0,175.0,-65.0,130.0,10.0,-22.5,37.5,-82.5,-47.5,-107.5,-47.5,12.5,-107.5,-97.5,-157.5,-17.5,12.5,-47.5,-17.5,-47.5,-30.0,0.0,-60.0,-67.5,-97.5,0.0,0.0,0.0,0.0,0.0,-167.5,-137.5,-197.5,-55.0,-85.0
2021-04-05 00:00:00+00:00,-20.0,100.0,-140.0,-70.0,-190.0,-50.0,100.0,-200.0,-262.5,-412.5,202.5,262.5,142.5,127.5,67.5,60.0,150.0,-30.0,160.0,70.0,110.0,200.0,20.0,147.5,57.5,52.5,112.5,-7.5,140.0,80.0,32.5,62.5,2.5,57.5,27.5,0.0,0.0,0.0,0.0,0.0,0.0,0.0,0.0,0.0,0.0,0.0,0.0,0.0,0.0,0.0,220.0,250.0,190.0,120.0,90.0
2021-04-06 00:00:00+00:00,-262.5,-112.5,-412.5,-350.0,-500.0,-262.5,-112.5,-412.5,-200.0,-350.0,-12.5,137.5,-162.5,-37.5,-187.5,170.0,350.0,-10.0,-142.5,-322.5,135.0,225.0,45.0,60.0,-30.0,140.0,200.0,80.0,40.0,-20.0,235.0,325.0,145.0,-52.5,-142.5,152.5,212.5,92.5,77.5,17.5,215.0,275.0,155.0,102.5,42.5,0.0,0.0,0.0,0.0,0.0,95.0,125.0,65.0,70.0,40.0
2021-04-07 00:00:00+00:00,-550.0,-400.0,-700.0,-275.0,-425.0,-412.5,-262.5,-562.5,-337.5,-487.5,-205.0,-175.0,-235.0,-142.5,-172.5,12.5,162.5,-137.5,-320.0,-440.0,12.5,162.5,-137.5,-295.0,-415.0,92.5,212.5,-27.5,-215.0,-305.0,117.5,237.5,-2.5,-77.5,-167.5,117.5,237.5,-2.5,-77.5,-167.5,172.5,262.5,82.5,-35.0,-95.0,0.0,0.0,0.0,0.0,0.0,-142.5,-112.5,-172.5,-205.0,-235.0
2021-04-08 00:00:00+00:00,-20.0,100.0,-140.0,-95.0,-215.0,-265.0,-175.0,-355.0,-302.5,-392.5,-207.5,-87.5,-327.5,-45.0,-165.0,-85.0,-25.0,-145.0,-135.0,-195.0,27.5,87.5,-32.5,-97.5,-157.5,7.5,37.5,-22.5,-17.5,-47.5,97.5,187.5,7.5,-27.5,-117.5,65.0,125.0,5.0,-35.0,-95.0,65.0,125.0,5.0,-35.0,-95.0,0.0,0.0,0.0,0.0,0.0,20.0,50.0,-10.0,-30.0,-60.0
2021-04-09 00:00:00+00:00,-175.0,-25.0,-325.0,-175.0,-325.0,-355.0,-175.0,-535.0,70.0,-110.0,-300.0,-150.0,-450.0,75.0,-75.0,130.0,250.0,10.0,-7.5,-127.5,92.5,212.5,-27.5,-57.5,-177.5,82.5,112.5,52.5,107.5,77.5,102.5,162.5,42.5,40.0,-20.0,7.5,37.5,-22.5,45.0,15.0,20.0,50.0,-10.0,107.5,77.5,0.0,0.0,0.0,0.0,0.0,45.0,75.0,15.0,195.0,165.0
2021-04-12 00:00:00+00:00,115.0,175.0,55.0,127.5,67.5,-22.5,37.5,-82.5,102.5,42.5,-165.0,-75.0,-255.0,-65.0,-155.0,27.5,87.5,-32.5,-110.0,-170.0,27.5,87.5,-32.5,-110.0,-170.0,32.5,62.5,2.5,-105.0,-135.0,52.5,112.5,-7.5,-122.5,-182.5,20.0,50.0,-10.0,-17.5,-47.5,20.0,50.0,-10.0,-17.5,-47.5,0.0,0.0,0.0,0.0,0.0,20.0,50.0,-10.0,82.5,52.5
2021-04-13 00:00:00+00:00,-750.0,-600.0,-900.0,-850.0,-1000.0,-177.5,-87.5,-267.5,-277.5,-367.5,-110.0,-50.0,-170.0,-97.5,-157.5,-390.0,-300.0,-480.0,10.0,-80.0,-315.0,-225.0,-405.0,-15.0,-105.0,-235.0,-175.0,-295.0,240.0,180.0,-560.0,-500.0,-620.0,-660.0,-720.0,-547.5,-487.5,-607.5,-622.5,-682.5,2.5,62.5,-57.5,315.0,255.0,0.0,0.0,0.0,0.0,0.0,-592.5,-562.5,-622.5,-642.5,-672.5
2021-04-14 00:00:00+00:00,-355.0,-175.0,-535.0,-175.0,-325.0,-317.5,-137.5,-497.5,-217.5,-397.5,-35.0,25.0,-95.0,-60.0,-120.0,10.0,100.0,-80.0,-40.0,-130.0,10.0,100.0,-80.0,-40.0,-130.0,-30.0,0.0,-60.0,-17.5,-47.5,-60.0,0.0,-120.0,2.5,-57.5,-60.0,0.0,-120.0,2.5,-57.5,-42.5,-12.5,-72.5,20.0,-10.0,0.0,0.0,0.0,0.0,0.0,-80.0,-50.0,-110.0,-55.0,-85.0
2021-04-15 00:00:00+00:00,-257.5,-137.5,-377.5,-182.5,-302.5,-182.5,-62.5,-302.5,-270.0,-390.0,-215.0,-125.0,-305.0,-227.5,-317.5,5.0,125.0,-115.0,105.0,-15.0,135.0,225.0,45.0,160.0,70.0,102.5,162.5,42.5,140.0,80.0,35.0,125.0,-55.0,122.5,32.5,90.0,150.0,30.0,152.5,92.5,20.0,50.0,-10.0,-17.5,-47.5,0.0,0.0,0.0,0.0,0.0,120.0,150.0,90.0,95.0,65.0
2021-04-16 00:00:00+00:00,87.5,237.5,-62.5,125.0,-25.0,172.5,262.5,82.5,222.5,132.5,377.5,437.5,317.5,377.5,317.5,-22.5,37.5,-82.5,40.0,-20.0,7.5,37.5,-22.5,45.0,15.0,0.0,0.0,0.0,0.0,0.0,0.0,0.0,0.0,0.0,0.0,0.0,0.0,0.0,0.0,0.0,0.0,0.0,0.0,0.0,0.0,0.0,0.0,0.0,0.0,0.0,370.0,400.0,340.0,407.5,377.5
2021-04-19 00:00:00+00:00,-307.5,-187.5,-427.5,-120.0,-240.0,-335.0,-275.0,-395.0,-435.0,-495.0,-415.0,-325.0,-505.0,-202.5,-292.5,-227.5,-137.5,-317.5,-10.0,-70.0,-227.5,-137.5,-317.5,-10.0,-70.0,-227.5,-137.5,-317.5,-10.0,-70.0,-115.0,-25.0,-205.0,27.5,-32.5,-72.5,-12.5,-132.5,77.5,17.5,152.5,212.5,92.5,77.5,17.5,0.0,0.0,0.0,0.0,0.0,-367.5,-337.5,-397.5,-330.0,-360.0
2021-04-20 00:00:00+00:00,-365.0,-275.0,-455.0,-365.0,-455.0,-565.0,-475.0,-655.0,-327.5,-417.5,-67.5,-37.5,-97.5,-142.5,-172.5,-415.0,-325.0,-505.0,-515.0,-605.0,-340.0,-250.0,-430.0,-465.0,-555.0,-327.5,-237.5,-417.5,-610.0,-670.0,-427.5,-337.5,-517.5,-972.5,-1032.5,-497.5,-437.5,-557.5,-972.5,-1032.5,-422.5,-362.5,-482.5,-922.5,-982.5,0.0,0.0,0.0,0.0,0.0,-742.5,-712.5,-772.5,-742.5,-772.5
2021-04-21 00:00:00+00:00,-57.5,62.5,-177.5,-320.0,-440.0,-177.5,-87.5,-267.5,-340.0,-430.0,7.5,37.5,-22.5,7.5,-22.5,-102.5,-12.5,-192.5,-2.5,-92.5,52.5,112.5,-7.5,202.5,142.5,52.5,112.5,-7.5,202.5,142.5,85.0,175.0,-5.0,60.0,-30.0,177.5,237.5,117.5,90.0,30.0,120.0,150.0,90.0,-42.5,-72.5,0.0,0.0,0.0,0.0,0.0,-92.5,-62.5,-122.5,-80.0,-110.0
2021-04-22 00:00:00+00:00,-195.0,-75.0,-315.0,-407.5,-527.5,-495.0,-375.0,-615.0,-352.5,-442.5,-277.5,-187.5,-367.5,-352.5,-442.5,80.0,200.0,-40.0,155.0,35.0,80.0,200.0,-40.0,155.0,35.0,-5.0,25.0,-35.0,7.5,-22.5,87.5,237.5,-62.5,180.0,60.0,117.5,237.5,-2.5,180.0,60.0,77.5,137.5,17.5,90.0,30.0,0.0,0.0,0.0,0.0,0.0,-80.0,-50.0,-110.0,-42.5,-72.5
2021-04-23 00:00:00+00:00,-275.0,-125.0,-425.0,-250.0,-400.0,-467.5,-287.5,-647.5,-430.0,-610.0,-237.5,-87.5,-387.5,-212.5,-362.5,-17.5,162.5,-197.5,-80.0,-260.0,-77.5,12.5,-167.5,-140.0,-230.0,-110.0,-50.0,-170.0,-67.5,-97.5,-50.0,100.0,-200.0,12.5,-137.5,-127.5,-37.5,-217.5,52.5,-7.5,-85.0,-25.0,-145.0,32.5,2.5,0.0,0.0,0.0,0.0,0.0,-217.5,-187.5,-247.5,-117.5,-147.5
2021-04-26 00:00:00+00:00,-285.0,-75.0,-495.0,-285.0,-495.0,-182.5,-62.5,-302.5,-145.0,-265.0,-107.5,12.5,-227.5,-57.5,-177.5,-12.5,137.5,-162.5,-50.0,-200.0,35.0,125.0,-55.0,-90.0,-180.0,0.0,0.0,0.0,0.0,0.0,245.0,425.0,65.0,132.5,-47.5,97.5,187.5,7.5,-102.5,-192.5,32.5,62.5,2.5,-67.5,-97.5,0.0,0.0,0.0,0.0,0.0,120.0,150.0,90.0,170.0,140.0
2021-04-27 00:00:00+00:00,-180.0,0.0,-360.0,-30.0,-210.0,-175.0,-25.0,-325.0,37.5,-112.5,-85.0,-25.0,-145.0,-85.0,-145.0,-112.5,37.5,-262.5,-207.5,-327.5,-70.0,50.0,-190.0,-115.0,-205.0,-115.0,-25.0,-205.0,-135.0,-195.0,-127.5,-37.5,-217.5,-215.0,-305.0,-105.0,-75.0,-135.0,-67.5,-97.5,-105.0,-75.0,-135.0,-67.5,-97.5,0.0,0.0,0.0,0.0,0.0,-80.0,-50.0,-110.0,-117.5,-147.5
2021-04-28 00:00:00+00:00,-387.5,-237.5,-537.5,-500.0,-650.0,-530.0,-350.0,-710.0,-455.0,-635.0,-470.0,-350.0,-590.0,-432.5,-552.5,-2.5,87.5,-92.5,60.0,-30.0,2.5,62.5,-57.5,-10.0,-70.0,2.5,62.5,-57.5,-10.0,-70.0,-22.5,37.5,-82.5,-35.0,-95.0,7.5,37.5,-22.5,7.5,-22.5,32.5,62.5,2.5,20.0,-10.0,0.0,0.0,0.0,0.0,0.0,-205.0,-175.0,-235.0,-242.5,-272.5
2021-04-29 00:00:00+00:00,-187.5,-37.5,-337.5,-87.5,-237.5,-2.5,87.5,-92.5,-52.5,-142.5,-182.5,-62.5,-302.5,-120.0,-240.0,67.5,187.5,-52.5,17.5,-102.5,47.5,137.5,-42.5,35.0,-55.0,40.0,100.0,-20.0,52.5,-7.5,47.5,137.5,-42.5,-65.0,-155.0,97.5,187.5,7.5,-90.0,-180.0,32.5,62.5,2.5,-55.0,-85.0,0.0,0.0,0.0,0.0,0.0,82.5,112.5,52.5,20.0,-10.0
2021-04-30 00:00:00+00:00,-370.0,-250.0,-490.0,-195.0,-315.0,-265.0,-175.0,-355.0,-190.0,-280.0,-5.0,25.0,-35.0,-42.5,-72.5,-382.5,-262.5,-502.5,-277.5,-367.5,-340.0,-250.0,-430.0,-277.5,-367.5,-347.5,-287.5,-407.5,-285.0,-345.0,-417.5,-387.5,-447.5,-455.0,-485.0,-417.5,-387.5,-447.5,-455.0,-485.0,-417.5,-387.5,-447.5,-455.0,-485.0,0.0,0.0,0.0,0.0,0.0,-492.5,-462.5,-522.5,-555.0,-585.0
2021-05-03 00:00:00+00:00,310.0,400.0,220.0,347.5,257.5,55.0,175.0,-65.0,160.0,70.0,120.0,150.0,90.0,70.0,40.0,-322.5,-262.5,-382.5,-247.5,-307.5,-305.0,-275.0,-335.0,-217.5,-247.5,-292.5,-262.5,-322.5,-192.5,-222.5,-305.0,-275.0,-335.0,-280.0,-310.0,-242.5,-212.5,-272.5,-217.5,-247.5,-230.0,-200.0,-260.0,-192.5,-222.5,0.0,0.0,0.0,0.0,0.0,20.0,50.0,-10.0,82.5,52.5
2021-05-04 00:00:00+00:00,-205.0,-25.0,-385.0,-117.5,-297.5,-65.0,25.0,-155.0,-302.5,-392.5,-332.5,-212.5,-452.5,-57.5,-177.5,87.5,237.5,-62.5,-162.5,-312.5,92.5,212.5,-27.5,35.0,-55.0,140.0,200.0,80.0,65.0,5.0,97.5,187.5,7.5,35.0,-55.0,127.5,187.5,67.5,77.5,17.5,45.0,75.0,15.0,145.0,115.0,0.0,0.0,0.0,0.0,0.0,-592.5,-562.5,-622.5,-305.0,-335.0
2021-05-05 00:00:00+00:00,-20.0,100.0,-140.0,-120.0,-240.0,-110.0,-50.0,-170.0,-260.0,-320.0,-170.0,-50.0,-290.0,-245.0,-365.0,-27.5,62.5,-117.5,85.0,-5.0,-22.5,37.5,-82.5,102.5,42.5,107.5,137.5,77.5,145.0,115.0,52.5,112.5,-7.5,140.0,80.0,102.5,162.5,42.5,190.0,130.0,32.5,62.5,2.5,145.0,115.0,0.0,0.0,0.0,0.0,0.0,32.5,62.5,2.5,-5.0,-35.0
2021-05-06 00:00:00+00:00,-327.5,-237.5,-417.5,-540.0,-630.0,-357.5,-237.5,-477.5,-277.5,-367.5,-260.0,-200.0,-320.0,-122.5,-182.5,22.5,112.5,-67.5,247.5,157.5,127.5,187.5,67.5,65.0,5.0,140.0,200.0,80.0,140.0,80.0,155.0,275.0,35.0,67.5,-52.5,210.0,300.0,120.0,110.0,20.0,315.0,375.0,255.0,52.5,-7.5,0.0,0.0,0.0,0.0,0.0,-92.5,-62.5,-122.5,-142.5,-172.5
2021-05-07 00:00:00+00:00,-75.0,75.0,-225.0,-12.5,-162.5,122.5,212.5,32.5,185.0,95.0,182.5,212.5,152.5,232.5,202.5,-5.0,25.0,-35.0,-42.5,-72.5,-5.0,25.0,-35.0,-42.5,-72.5,57.5,87.5,27.5,0.0,0.0,-17.5,12.5,-47.5,-30.0,-60.0,-17.5,12.5,-47.5,57.5,27.5,-17.5,12.5,-47.5,7.5,-22.5,0.0,0.0,0.0,0.0,0.0,207.5,237.5,177.5,270.0,240.0
2021-05-10 00:00:00+00:00,-187.5,-37.5,-337.5,-25.0,-175.0,-345.0,-225.0,-465.0,-195.0,-315.0,2.5,62.5,-57.5,102.5,42.5,180.0,300.0,60.0,60.0,-30.0,180.0,300.0,60.0,60.0,-30.0,115.0,175.0,55.0,27.5,-32.5,152.5,212.5,92.5,102.5,42.5,152.5,212.5,92.5,102.5,42.5,70.0,100.0,40.0,32.5,2.5,0.0,0.0,0.0,0.0,0.0,145.0,175.0,115.0,132.5,102.5
2021-05-11 00:00:00+00:00,-412.5,-262.5,-562.5,-562.5,-712.5,-15.0,75.0,-105.0,-190.0,-280.0,-472.5,-412.5,-532.5,-485.0,-545.0,162.5,312.5,12.5,-200.0,-350.0,85.0,175.0,-5.0,-152.5,-242.5,227.5,287.5,167.5,107.5,77.5,-185.0,-125.0,-245.0,-85.0,-145.0,-35.0,25.0,-95.0,202.5,142.5,327.5,387.5,267.5,190.0,130.0,0.0,0.0,0.0,0.0,0.0,-92.5,-62.5,-122.5,-417.5,-447.5
2021-05-12 00:00:00+00:00,-95.0,25.0,-215.0,-420.0,-540.0,-310.0,-250.0,-370.0,-585.0,-645.0,-980.0,-800.0,-1160.0,-830.0,-1010.0,22.5,112.5,-67.5,65.0,5.0,-47.5,12.5,-107.5,65.0,5.0,65.0,125.0,5.0,190.0,130.0,460.0,550.0,370.0,385.0,295.0,315.0,375.0,255.0,465.0,405.0,427.5,487.5,367.5,502.5,442.5,0.0,0.0,0.0,0.0,0.0,-155.0,-125.0,-185.0,-130.0,-160.0
2021-05-13 00:00:00+00:00,-110.0,100.0,-320.0,-197.5,-407.5,442.5,562.5,322.5,230.0,110.0,260.0,350.0,170.0,597.5,507.5,40.0,100.0,-20.0,77.5,17.5,-167.5,-137.5,-197.5,45.0,15.0,-167.5,-137.5,-197.5,45.0,15.0,320.0,350.0,290.0,120.0,90.0,320.0,350.0,290.0,120.0,90.0,320.0,350.0,290.0,120.0,90.0,0.0,0.0,0.0,0.0,0.0,832.5,862.5,802.5,720.0,690.0
2021-05-14 00:00:00+00:00,-212.5,-62.5,-362.5,-150.0,-300.0,-145.0,-25.0,-265.0,-45.0,-165.0,27.5,87.5,-32.5,-97.5,-157.5,-32.5,87.5,-152.5,-127.5,-217.5,-60.0,0.0,-120.0,-10.0,-70.0,-67.5,-37.5,-97.5,-80.0,-110.0,-22.5,37.5,-82.5,-22.5,-82.5,-10.0,50.0,-70.0,2.5,-57.5,-55.0,-25.0,-85.0,20.0,-10.0,0.0,0.0,0.0,0.0,0.0,70.0,100.0,40.0,32.5,2.5
2021-05-17 00:00:00+00:00,-415.0,-325.0,-505.0,-402.5,-492.5,-432.5,-312.5,-552.5,-382.5,-502.5,-105.0,-75.0,-135.0,-80.0,-110.0,-352.5,-262.5,-442.5,-210.0,-270.0,-222.5,-162.5,-282.5,-210.0,-270.0,-135.0,-75.0,-195.0,-47.5,-107.5,-427.5,-337.5,-517.5,-347.5,-407.5,-340.0,-250.0,-430.0,-297.5,-357.5,-267.5,-237.5,-297.5,-255.0,-285.0,0.0,0.0,0.0,0.0,0.0,-705.0,-675.0,-735.0,-655.0,-685.0
2021-05-18 00:00:00+00:00,-407.5,-287.5,-527.5,-445.0,-565.0,-590.0,-500.0,-680.0,-502.5,-592.5,-277.5,-187.5,-367.5,-2.5,-92.5,-67.5,112.5,-247.5,-212.5,-362.5,-45.0,75.0,-165.0,-140.0,-230.0,-30.0,0.0,-60.0,-5.0,-35.0,50.0,200.0,-100.0,-182.5,-302.5,125.0,275.0,-25.0,-107.5,-227.5,90.0,150.0,30.0,-22.5,-82.5,0.0,0.0,0.0,0.0,0.0,-305.0,-275.0,-335.0,-355.0,-385.0
2021-05-19 00:00:00+00:00,-232.5,-112.5,-352.5,-157.5,-277.5,77.5,137.5,17.5,-310.0,-370.0,-1152.5,-1062.5,-1242.5,-827.5,-917.5,-502.5,-412.5,-592.5,-690.0,-780.0,-622.5,-562.5,-682.5,-485.0,-545.0,-435.0,-375.0,-495.0,-297.5,-357.5,-322.5,-262.5,-382.5,-222.5,-282.5,-10.0,50.0,-70.0,-172.5,-232.5,-10.0,50.0,-70.0,-172.5,-232.5,0.0,0.0,0.0,0.0,0.0,-492.5,-462.5,-522.5,-780.0,-810.0
2021-05-20 00:00:00+00:00,25.0,175.0,-125.0,200.0,50.0,577.5,637.5,517.5,552.5,492.5,532.5,562.5,502.5,482.5,452.5,397.5,487.5,307.5,222.5,132.5,232.5,262.5,202.5,120.0,90.0,232.5,262.5,202.5,120.0,90.0,-117.5,-87.5,-147.5,-105.0,-135.0,-117.5,-87.5,-147.5,-105.0,-135.0,232.5,262.5,202.5,120.0,90.0,0.0,0.0,0.0,0.0,0.0,582.5,612.5,552.5,557.5,527.5
2021-05-21 00:00:00+00:00,17.5,137.5,-102.5,-157.5,-277.5,-100.0,50.0,-250.0,12.5,-137.5,40.0,100.0,-20.0,202.5,142.5,10.0,100.0,-80.0,172.5,82.5,110.0,200.0,20.0,97.5,7.5,57.5,87.5,27.5,-42.5,-72.5,82.5,112.5,52.5,45.0,15.0,82.5,112.5,52.5,45.0,15.0,0.0,0.0,0.0,0.0,0.0,0.0,0.0,0.0,0.0,0.0,420.0,450.0,390.0,420.0,390.0
2021-05-24 00:00:00+00:00,-70.0,50.0,-190.0,-207.5,-327.5,2.5,62.5,-57.5,-147.5,-207.5,-55.0,-25.0,-85.0,-5.0,-35.0,117.5,237.5,-2.5,217.5,97.5,-65.0,25.0,-155.0,35.0,-55.0,-47.5,12.5,-107.5,-60.0,-120.0,102.5,162.5,42.5,115.0,55.0,152.5,212.5,92.5,140.0,80.0,-30.0,0.0,-60.0,-67.5,-97.5,0.0,0.0,0.0,0.0,0.0,182.5,212.5,152.5,170.0,140.0
2021-05-25 00:00:00+00:00,-330.0,-150.0,-510.0,-230.0,-410.0,-162.5,-12.5,-312.5,-337.5,-487.5,-190.0,-100.0,-280.0,-227.5,-317.5,22.5,112.5,-67.5,85.0,-5.0,22.5,112.5,-67.5,85.0,-5.0,32.5,62.5,2.5,95.0,65.0,115.0,175.0,55.0,115.0,55.0,115.0,175.0,55.0,115.0,55.0,115.0,175.0,55.0,115.0,55.0,0.0,0.0,0.0,0.0,0.0,82.5,112.5,52.5,20.0,-10.0
2021-05-26 00:00:00+00:00,-57.5,62.5,-177.5,-220.0,-340.0,-182.5,-62.5,-302.5,-195.0,-315.0,-352.5,-262.5,-442.5,-365.0,-455.0,60.0,150.0,-30.0,-40.0,-130.0,60.0,150.0,-30.0,-40.0,-130.0,27.5,87.5,-32.5,-10.0,-70.0,40.0,100.0,-20.0,15.0,-45.0,-80.0,-50.0,-110.0,-17.5,-47.5,0.0,0.0,0.0,0.0,0.0,0.0,0.0,0.0,0.0,0.0,20.0,50.0,-10.0,-67.5,-97.5
2021-05-27 00:00:00+00:00,-70.0,50.0,-190.0,-70.0,-190.0,52.5,112.5,-7.5,-35.0,-95.0,-135.0,-75.0,-195.0,-35.0,-95.0,17.5,137.5,-102.5,-82.5,-202.5,47.5,137.5,-42.5,-102.5,-192.5,-47.5,12.5,-107.5,-160.0,-220.0,2.5,62.5,-57.5,-85.0,-145.0,2.5,62.5,-57.5,-85.0,-145.0,2.5,62.5,-57.5,-85.0,-145.0,0.0,0.0,0.0,0.0,0.0,107.5,137.5,77.5,195.0,165.0
2021-05-28 00:00:00+00:00,-360.0,-150.0,-570.0,-110.0,-320.0,-347.5,-137.5,-557.5,-410.0,-620.0,-425.0,-275.0,-575.0,-350.0,-500.0,87.5,237.5,-62.5,-112.5,-262.5,87.5,237.5,-62.5,-112.5,-262.5,95.0,125.0,65.0,32.5,2.5,55.0,175.0,-65.0,-20.0,-140.0,15.0,75.0,-45.0,-35.0,-95.0,0.0,0.0,0.0,0.0,0.0,0.0,0.0,0.0,0.0,0.0,-42.5,-12.5,-72.5,-55.0,-85.0
2021-06-01 00:00:00+00:00,-12.5,137.5,-162.5,100.0,-50.0,-7.5,112.5,-127.5,30.0,-90.0,147.5,237.5,57.5,147.5,57.5,35.0,125.0,-55.0,-2.5,-92.5,35.0,125.0,-55.0,-2.5,-92.5,45.0,75.0,15.0,20.0,-10.0,-5.0,25.0,-35.0,7.5,-22.5,0.0,0.0,0.0,0.0,0.0,0.0,0.0,0.0,0.0,0.0,0.0,0.0,0.0,0.0,0.0,220.0,250.0,190.0,257.5,227.5
2021-06-02 00:00:00+00:00,12.5,162.5,-137.5,-225.0,-375.0,27.5,87.5,-32.5,-10.0,-70.0,107.5,137.5,77.5,107.5,77.5,97.5,187.5,7.5,85.0,-5.0,97.5,187.5,7.5,85.0,-5.0,57.5,87.5,27.5,45.0,15.0,160.0,250.0,70.0,90.0,30.0,95.0,125.0,65.0,20.0,-10.0,0.0,0.0,0.0,0.0,0.0,0.0,0.0,0.0,0.0,0.0,282.5,312.5,252.5,145.0,115.0
2021-06-03 00:00:00+00:00,-570.0,-450.0,-690.0,-920.0,-1040.0,-572.5,-512.5,-632.5,-535.0,-595.0,-292.5,-262.5,-322.5,-255.0,-285.0,-860.0,-800.0,-920.0,-735.0,-795.0,-860.0,-800.0,-920.0,-735.0,-795.0,-772.5,-712.5,-832.5,-697.5,-757.5,-1367.5,-1337.5,-1397.5,-1205.0,-1235.0,-1380.0,-1350.0,-1410.0,-1105.0,-1135.0,-1255.0,-1225.0,-1285.0,-1092.5,-1122.5,0.0,0.0,0.0,0.0,0.0,-1517.5,-1487.5,-1547.5,-1317.5,-1347.5
2021-06-04 00:00:00+00:00,-2.5,87.5,-92.5,85.0,-5.0,-295.0,-175.0,-415.0,-157.5,-277.5,-147.5,-87.5,-207.5,15.0,-45.0,40.0,100.0,-20.0,-10.0,-70.0,-10.0,50.0,-70.0,52.5,-7.5,207.5,237.5,177.5,107.5,77.5,180.0,300.0,60.0,280.0,160.0,215.0,275.0,155.0,177.5,117.5,207.5,237.5,177.5,107.5,77.5,0.0,0.0,0.0,0.0,0.0,70.0,100.0,40.0,182.5,152.5
2021-06-07 00:00:00+00:00,-157.5,-37.5,-277.5,-145.0,-265.0,172.5,262.5,82.5,135.0,45.0,115.0,175.0,55.0,152.5,92.5,122.5,212.5,32.5,-65.0,-155.0,122.5,212.5,32.5,-65.0,-155.0,45.0,75.0,15.0,32.5,2.5,20.0,50.0,-10.0,7.5,-22.5,45.0,75.0,15.0,-5.0,-35.0,45.0,75.0,15.0,-5.0,-35.0,0.0,0.0,0.0,0.0,0.0,232.5,262.5,202.5,245.0,215.0
2021-06-08 00:00:00+00:00,372.5,462.5,282.5,-2.5,-92.5,365.0,425.0,305.0,215.0,155.0,177.5,237.5,117.5,-22.5,-82.5,-85.0,-25.0,-145.0,-185.0,-245.0,-47.5,12.5,-107.5,-210.0,-270.0,-105.0,-75.0,-135.0,-205.0,-235.0,-105.0,-75.0,-135.0,-205.0,-235.0,-105.0,-75.0,-135.0,-205.0,-235.0,-105.0,-75.0,-135.0,-205.0,-235.0,0.0,0.0,0.0,0.0,0.0,257.5,287.5,227.5,145.0,115.0
2021-06-09 00:00:00+00:00,-505.0,-325.0,-685.0,-162.5,-312.5,-517.5,-337.5,-697.5,-350.0,-500.0,-390.0,-300.0,-480.0,-465.0,-555.0,17.5,137.5,-102.5,-45.0,-165.0,17.5,137.5,-102.5,-45.0,-165.0,2.5,62.5,-57.5,27.5,-32.5,147.5,237.5,57.5,72.5,-17.5,90.0,150.0,30.0,77.5,17.5,20.0,50.0,-10.0,20.0,-10.0,0.0,0.0,0.0,0.0,0.0,-17.5,12.5,-47.5,95.0,65.0
2021-06-10 00:00:00+00:00,-345.0,-225.0,-465.0,-307.5,-427.5,-157.5,-37.5,-277.5,-257.5,-377.5,-17.5,12.5,-47.5,-30.0,-60.0,117.5,237.5,-2.5,35.0,-55.0,197.5,287.5,107.5,35.0,-55.0,145.0,175.0,115.0,70.0,40.0,110.0,200.0,20.0,65.0,5.0,110.0,200.0,20.0,65.0,5.0,202.5,262.5,142.5,90.0,30.0,0.0,0.0,0.0,0.0,0.0,-92.5,-62.5,-122.5,-17.5,-47.5
2021-06-11 00:00:00+00:00,17.5,137.5,-102.5,-57.5,-177.5,110.0,200.0,20.0,97.5,7.5,-10.0,50.0,-70.0,-85.0,-145.0,-95.0,25.0,-215.0,-195.0,-315.0,-95.0,25.0,-215.0,-195.0,-315.0,15.0,75.0,-45.0,-5.0,-35.0,-97.5,-37.5,-157.5,7.5,-22.5,-97.5,-37.5,-157.5,7.5,-22.5,-5.0,25.0,-35.0,-5.0,-35.0,0.0,0.0,0.0,0.0,0.0,70.0,100.0,40.0,82.5,52.5
2021-06-14 00:00:00+00:00,-337.5,-187.5,-487.5,-387.5,-537.5,-325.0,-175.0,-475.0,-462.5,-612.5,-397.5,-187.5,-607.5,-285.0,-495.0,-207.5,-87.5,-327.5,-132.5,-252.5,-95.0,25.0,-215.0,-120.0,-240.0,-15.0,75.0,-105.0,-2.5,-92.5,-112.5,37.5,-262.5,-87.5,-237.5,-157.5,-37.5,-277.5,-120.0,-240.0,-95.0,25.0,-215.0,-120.0,-240.0,0.0,0.0,0.0,0.0,0.0,-267.5,-237.5,-297.5,-267.5,-297.5
2021-06-15 00:00:00+00:00,-262.5,-112.5,-412.5,-137.5,-287.5,-22.5,37.5,-82.5,-10.0,-70.0,-227.5,-137.5,-317.5,-27.5,-117.5,-177.5,-87.5,-267.5,-160.0,-220.0,-110.0,-50.0,-170.0,-147.5,-207.5,-155.0,-125.0,-185.0,-92.5,-122.5,-90.0,0.0,-180.0,-190.0,-280.0,-110.0,-50.0,-170.0,-160.0,-220.0,-117.5,-87.5,-147.5,-117.5,-147.5,0.0,0.0,0.0,0.0,0.0,-155.0,-125.0,-185.0,-55.0,-85.0
2021-06-17 00:00:00+00:00,435.0,525.0,345.0,235.0,145.0,-27.5,62.5,-117.5,-215.0,-305.0,-127.5,-37.5,-217.5,-427.5,-517.5,-22.5,37.5,-82.5,-60.0,-120.0,-22.5,37.5,-82.5,-60.0,-120.0,-80.0,-50.0,-110.0,-5.0,-35.0,215.0,275.0,155.0,140.0,80.0,107.5,137.5,77.5,132.5,102.5,107.5,137.5,77.5,132.5,102.5,0.0,0.0,0.0,0.0,0.0,382.5,412.5,352.5,257.5,227.5
2021-06-21 00:00:00+00:00,-95.0,25.0,-215.0,-182.5,-302.5,-27.5,62.5,-117.5,-302.5,-392.5,-60.0,0.0,-120.0,-185.0,-245.0,-82.5,37.5,-202.5,-307.5,-427.5,110.0,200.0,20.0,-115.0,-205.0,77.5,137.5,17.5,-147.5,-207.5,-35.0,25.0,-95.0,-60.0,-120.0,40.0,100.0,-20.0,15.0,-45.0,115.0,175.0,55.0,-85.0,-145.0,0.0,0.0,0.0,0.0,0.0,-67.5,-37.5,-97.5,-17.5,-47.5
2021-06-22 00:00:00+00:00,17.5,137.5,-102.5,217.5,97.5,85.0,175.0,-5.0,85.0,-5.0,185.0,275.0,95.0,197.5,107.5,235.0,325.0,145.0,310.0,220.0,202.5,262.5,142.5,202.5,142.5,207.5,237.5,177.5,232.5,202.5,202.5,262.5,142.5,202.5,142.5,202.5,262.5,142.5,202.5,142.5,0.0,0.0,0.0,0.0,0.0,0.0,0.0,0.0,0.0,0.0,507.5,537.5,477.5,470.0,440.0
2021-06-23 00:00:00+00:00,-277.5,-187.5,-367.5,-227.5,-317.5,-197.5,-137.5,-257.5,-260.0,-320.0,-42.5,-12.5,-72.5,-105.0,-135.0,-315.0,-225.0,-405.0,-165.0,-255.0,-140.0,-50.0,-230.0,-77.5,-167.5,-90.0,0.0,-180.0,-102.5,-192.5,-40.0,50.0,-130.0,85.0,-5.0,97.5,187.5,7.5,185.0,95.0,135.0,225.0,45.0,110.0,20.0,0.0,0.0,0.0,0.0,0.0,-205.0,-175.0,-235.0,-80.0,-110.0
2021-06-24 00:00:00+00:00,-195.0,-75.0,-315.0,-157.5,-277.5,-157.5,-37.5,-277.5,-127.5,-217.5,-187.5,-37.5,-337.5,-162.5,-312.5,-65.0,25.0,-155.0,-65.0,-155.0,-40.0,50.0,-130.0,-65.0,-155.0,20.0,50.0,-10.0,7.5,-22.5,72.5,162.5,-17.5,-40.0,-130.0,52.5,112.5,-7.5,15.0,-45.0,-5.0,25.0,-35.0,-67.5,-97.5,0.0,0.0,0.0,0.0,0.0,32.5,62.5,2.5,7.5,-22.5
2021-06-25 00:00:00+00:00,-55.0,125.0,-235.0,-125.0,-275.0,-125.0,25.0,-275.0,-245.0,-365.0,-182.5,-62.5,-302.5,-132.5,-252.5,-27.5,62.5,-117.5,-27.5,-117.5,-10.0,50.0,-70.0,15.0,-45.0,7.5,37.5,-22.5,-42.5,-72.5,-10.0,50.0,-70.0,-47.5,-107.5,7.5,37.5,-22.5,-42.5,-72.5,7.5,37.5,-22.5,-42.5,-72.5,0.0,0.0,0.0,0.0,0.0,32.5,62.5,2.5,-30.0,-60.0
2021-06-28 00:00:00+00:00,-310.0,-100.0,-520.0,-260.0,-470.0,-77.5,12.5,-167.5,-40.0,-130.0,-140.0,-50.0,-230.0,47.5,-42.5,-135.0,-75.0,-195.0,-35.0,-95.0,-22.5,37.5,-82.5,90.0,30.0,-10.0,50.0,-70.0,15.0,-45.0,-47.5,12.5,-107.5,-22.5,-82.5,-35.0,25.0,-95.0,-97.5,-157.5,-35.0,25.0,-95.0,-97.5,-157.5,0.0,0.0,0.0,0.0,0.0,-55.0,-25.0,-85.0,-17.5,-47.5
2021-06-29 00:00:00+00:00,-107.5,12.5,-227.5,-45.0,-165.0,-337.5,-187.5,-487.5,-150.0,-300.0,-252.5,-162.5,-342.5,-135.0,-195.0,25.0,175.0,-125.0,-312.5,-462.5,-90.0,0.0,-180.0,-190.0,-280.0,57.5,87.5,27.5,-17.5,-47.5,-82.5,37.5,-202.5,-182.5,-302.5,57.5,87.5,27.5,-17.5,-47.5,57.5,87.5,27.5,-17.5,-47.5,0.0,0.0,0.0,0.0,0.0,-30.0,0.0,-60.0,-80.0,-110.0
2021-06-30 00:00:00+00:00,175.0,325.0,25.0,187.5,37.5,260.0,350.0,170.0,60.0,-30.0,165.0,225.0,105.0,-22.5,-82.5,-97.5,-37.5,-157.5,2.5,-57.5,-47.5,12.5,-107.5,-10.0,-70.0,-47.5,12.5,-107.5,-10.0,-70.0,-2.5,87.5,-92.5,160.0,70.0,-35.0,25.0,-95.0,77.5,17.5,70.0,100.0,40.0,57.5,27.5,0.0,0.0,0.0,0.0,0.0,357.5,387.5,327.5,420.0,390.0
2021-07-01 00:00:00+00:00,-265.0,-175.0,-355.0,-227.5,-317.5,10.0,100.0,-80.0,-110.0,-170.0,0.0,0.0,0.0,0.0,0.0,-377.5,-287.5,-467.5,-415.0,-505.0,-377.5,-287.5,-467.5,-415.0,-505.0,-40.0,50.0,-130.0,-127.5,-217.5,-467.5,-437.5,-497.5,-417.5,-447.5,-467.5,-437.5,-497.5,-417.5,-447.5,-292.5,-262.5,-322.5,-292.5,-322.5,0.0,0.0,0.0,0.0,0.0,-267.5,-237.5,-297.5,-267.5,-297.5
2021-07-02 00:00:00+00:00,0.0,150.0,-150.0,-7.5,-127.5,-27.5,62.5,-117.5,-115.0,-205.0,-132.5,-12.5,-252.5,-182.5,-302.5,-10.0,50.0,-70.0,40.0,-20.0,-5.0,25.0,-35.0,32.5,2.5,0.0,0.0,0.0,0.0,0.0,77.5,137.5,17.5,52.5,-7.5,32.5,62.5,2.5,20.0,-10.0,0.0,0.0,0.0,0.0,0.0,0.0,0.0,0.0,0.0,0.0,220.0,250.0,190.0,170.0,140.0
2021-07-05 00:00:00+00:00,-7.5,112.5,-127.5,-7.5,-127.5,10.0,100.0,-80.0,-165.0,-255.0,10.0,100.0,-80.0,47.5,-42.5,47.5,137.5,-42.5,85.0,-5.0,52.5,112.5,-7.5,102.5,42.5,0.0,0.0,0.0,0.0,0.0,77.5,137.5,17.5,52.5,-7.5,70.0,100.0,40.0,45.0,15.0,0.0,0.0,0.0,0.0,0.0,0.0,0.0,0.0,0.0,0.0,145.0,175.0,115.0,170.0,140.0
2021-07-06 00:00:00+00:00,-282.5,-162.5,-402.5,-190.0,-280.0,-357.5,-237.5,-477.5,-382.5,-502.5,-447.5,-237.5,-657.5,-192.5,-372.5,42.5,162.5,-77.5,180.0,60.0,72.5,162.5,-17.5,260.0,170.0,90.0,150.0,30.0,15.0,-45.0,180.0,300.0,60.0,117.5,-2.5,192.5,312.5,72.5,30.0,-90.0,127.5,187.5,67.5,-47.5,-107.5,0.0,0.0,0.0,0.0,0.0,-30.0,0.0,-60.0,-5.0,-35.0
2021-07-07 00:00:00+00:00,240.0,300.0,180.0,102.5,42.5,-22.5,37.5,-82.5,-97.5,-157.5,-190.0,-100.0,-280.0,-265.0,-355.0,-72.5,-12.5,-132.5,-97.5,-157.5,-72.5,-12.5,-132.5,-97.5,-157.5,-30.0,0.0,-60.0,-55.0,-85.0,127.5,187.5,67.5,115.0,55.0,82.5,112.5,52.5,57.5,27.5,82.5,112.5,52.5,57.5,27.5,0.0,0.0,0.0,0.0,0.0,157.5,187.5,127.5,107.5,77.5
2021-07-08 00:00:00+00:00,-320.0,-200.0,-440.0,-557.5,-677.5,-770.0,-650.0,-890.0,-607.5,-727.5,-247.5,-187.5,-307.5,-235.0,-295.0,-710.0,-650.0,-770.0,-535.0,-595.0,-497.5,-437.5,-557.5,-660.0,-720.0,-497.5,-437.5,-557.5,-660.0,-720.0,-422.5,-362.5,-482.5,15.0,-45.0,-210.0,-150.0,-270.0,-110.0,-170.0,-135.0,-75.0,-195.0,-10.0,-70.0,0.0,0.0,0.0,0.0,0.0,-1042.5,-1012.5,-1072.5,-992.5,-1022.5
2021-07-09 00:00:00+00:00,277.5,337.5,217.5,152.5,92.5,490.0,550.0,430.0,277.5,217.5,115.0,175.0,55.0,102.5,42.5,-205.0,-175.0,-235.0,-105.0,-135.0,-205.0,-175.0,-235.0,-105.0,-135.0,-205.0,-175.0,-235.0,-105.0,-135.0,-142.5,-112.5,-172.5,-167.5,-197.5,70.0,100.0,40.0,-67.5,-97.5,70.0,100.0,40.0,-67.5,-97.5,0.0,0.0,0.0,0.0,0.0,345.0,375.0,315.0,232.5,202.5
2021-07-12 00:00:00+00:00,-242.5,-62.5,-422.5,-380.0,-560.0,-112.5,37.5,-262.5,-275.0,-425.0,-177.5,-87.5,-267.5,-52.5,-142.5,5.0,125.0,-115.0,-207.5,-327.5,172.5,262.5,82.5,210.0,120.0,177.5,237.5,117.5,165.0,105.0,-127.5,-37.5,-217.5,-77.5,-167.5,160.0,250.0,70.0,197.5,107.5,115.0,175.0,55.0,240.0,180.0,0.0,0.0,0.0,0.0,0.0,45.0,75.0,15.0,-5.0,-35.0
2021-07-13 00:00:00+00:00,-237.5,-87.5,-387.5,-250.0,-400.0,-355.0,-175.0,-535.0,-242.5,-422.5,-190.0,-100.0,-280.0,-90.0,-180.0,55.0,175.0,-65.0,55.0,-65.0,55.0,175.0,-65.0,55.0,-65.0,32.5,62.5,2.5,32.5,2.5,27.5,87.5,-32.5,15.0,-45.0,40.0,100.0,-20.0,-60.0,-120.0,40.0,100.0,-20.0,-60.0,-120.0,0.0,0.0,0.0,0.0,0.0,7.5,37.5,-22.5,7.5,-22.5
2021-07-14 00:00:00+00:00,130.0,250.0,10.0,155.0,35.0,-15.0,75.0,-105.0,110.0,20.0,185.0,275.0,95.0,385.0,295.0,210.0,300.0,120.0,10.0,-80.0,165.0,225.0,105.0,-85.0,-145.0,82.5,112.5,52.5,-17.5,-47.5,57.5,87.5,27.5,7.5,-22.5,57.5,87.5,27.5,7.5,-22.5,0.0,0.0,0.0,0.0,0.0,0.0,0.0,0.0,0.0,0.0,320.0,350.0,290.0,432.5,402.5
2021-07-15 00:00:00+00:00,-202.5,-112.5,-292.5,-340.0,-430.0,-272.5,-212.5,-332.5,-410.0,-470.0,-242.5,-212.5,-272.5,-230.0,-260.0,-665.0,-575.0,-755.0,-327.5,-417.5,-415.0,-325.0,-505.0,-377.5,-467.5,-415.0,-325.0,-505.0,-377.5,-467.5,-422.5,-362.5,-482.5,-310.0,-370.0,-422.5,-362.5,-482.5,-310.0,-370.0,-422.5,-362.5,-482.5,-310.0,-370.0,0.0,0.0,0.0,0.0,0.0,-617.5,-587.5,-647.5,-630.0,-660.0
2021-07-16 00:00:00+00:00,-82.5,37.5,-202.5,-32.5,-152.5,-102.5,-12.5,-192.5,-140.0,-230.0,-132.5,-12.5,-252.5,-95.0,-215.0,47.5,137.5,-42.5,-102.5,-192.5,102.5,162.5,42.5,-10.0,-70.0,-42.5,-12.5,-72.5,45.0,15.0,215.0,275.0,155.0,27.5,-32.5,145.0,175.0,115.0,157.5,127.5,145.0,175.0,115.0,157.5,127.5,0.0,0.0,0.0,0.0,0.0,95.0,125.0,65.0,107.5,77.5
2021-07-19 00:00:00+00:00,-450.0,-300.0,-600.0,-450.0,-600.0,-520.0,-400.0,-640.0,-382.5,-502.5,-97.5,-37.5,-157.5,-360.0,-420.0,-700.0,-550.0,-850.0,-425.0,-575.0,-765.0,-675.0,-855.0,-590.0,-680.0,-590.0,-500.0,-680.0,-315.0,-405.0,-790.0,-700.0,-880.0,-727.5,-817.5,-640.0,-550.0,-730.0,-640.0,-730.0,-547.5,-487.5,-607.5,-710.0,-770.0,0.0,0.0,0.0,0.0,0.0,-767.5,-737.5,-797.5,-967.5,-997.5
2021-07-20 00:00:00+00:00,137.5,287.5,-12.5,-470.0,-590.0,-340.0,-250.0,-430.0,-490.0,-580.0,-245.0,-125.0,-365.0,-127.5,-217.5,-532.5,-412.5,-652.5,517.5,397.5,-65.0,25.0,-155.0,272.5,182.5,-97.5,-37.5,-157.5,252.5,192.5,-95.0,25.0,-215.0,255.0,135.0,297.5,387.5,207.5,335.0,245.0,157.5,187.5,127.5,182.5,152.5,0.0,0.0,0.0,0.0,0.0,-130.0,-100.0,-160.0,120.0,90.0
2021-07-21 00:00:00+00:00,-557.5,-437.5,-677.5,-370.0,-490.0,-220.0,-100.0,-340.0,-270.0,-390.0,27.5,87.5,-32.5,27.5,-32.5,-657.5,-537.5,-777.5,-352.5,-442.5,-395.0,-275.0,-515.0,-140.0,-230.0,110.0,200.0,20.0,35.0,-55.0,-795.0,-675.0,-915.0,-732.5,-852.5,-527.5,-437.5,-617.5,-515.0,-605.0,-265.0,-175.0,-355.0,-302.5,-392.5,0.0,0.0,0.0,0.0,0.0,-892.5,-862.5,-922.5,-917.5,-947.5
2021-07-22 00:00:00+00:00,-77.5,12.5,-167.5,-15.0,-105.0,-140.0,-50.0,-230.0,-40.0,-130.0,-225.0,-75.0,-375.0,-175.0,-325.0,-70.0,50.0,-190.0,-370.0,-490.0,-52.5,37.5,-142.5,-252.5,-342.5,7.5,37.5,-22.5,-30.0,-60.0,-52.5,37.5,-142.5,-102.5,-192.5,-47.5,12.5,-107.5,-85.0,-145.0,-47.5,12.5,-107.5,-85.0,-145.0,0.0,0.0,0.0,0.0,0.0,-92.5,-62.5,-122.5,-80.0,-110.0
2021-07-23 00:00:00+00:00,-52.5,37.5,-142.5,-27.5,-117.5,40.0,100.0,-20.0,-47.5,-107.5,65.0,125.0,5.0,27.5,-32.5,-152.5,-62.5,-242.5,-177.5,-267.5,-130.0,-100.0,-160.0,-105.0,-135.0,-130.0,-100.0,-160.0,-105.0,-135.0,-142.5,-112.5,-172.5,-55.0,-85.0,-142.5,-112.5,-172.5,-55.0,-85.0,-92.5,-62.5,-122.5,-17.5,-47.5,0.0,0.0,0.0,0.0,0.0,-17.5,12.5,-47.5,7.5,-22.5
2021-07-26 00:00:00+00:00,310.0,400.0,220.0,122.5,32.5,470.0,500.0,440.0,357.5,327.5,382.5,412.5,352.5,195.0,165.0,-122.5,-62.5,-182.5,2.5,-57.5,-122.5,-62.5,-182.5,2.5,-57.5,-17.5,12.5,-47.5,-42.5,-72.5,-17.5,12.5,-47.5,145.0,115.0,57.5,87.5,27.5,320.0,290.0,95.0,125.0,65.0,195.0,165.0,0.0,0.0,0.0,0.0,0.0,545.0,575.0,515.0,420.0,390.0
2021-07-27 00:00:00+00:00,392.5,512.5,272.5,355.0,235.0,130.0,250.0,10.0,380.0,260.0,482.5,512.5,452.5,470.0,440.0,52.5,112.5,-7.5,-72.5,-132.5,52.5,112.5,-7.5,-72.5,-132.5,0.0,0.0,0.0,0.0,0.0,140.0,200.0,80.0,-197.5,-257.5,82.5,112.5,52.5,-17.5,-47.5,0.0,0.0,0.0,0.0,0.0,0.0,0.0,0.0,0.0,0.0,432.5,462.5,402.5,557.5,527.5
2021-07-28 00:00:00+00:00,-350.0,-200.0,-500.0,-537.5,-687.5,-792.5,-612.5,-972.5,-542.5,-722.5,-207.5,-87.5,-327.5,-140.0,-230.0,112.5,262.5,-37.5,-95.0,-215.0,162.5,312.5,12.5,-120.0,-240.0,82.5,112.5,52.5,-42.5,-72.5,177.5,237.5,117.5,-10.0,-70.0,215.0,275.0,155.0,-35.0,-95.0,132.5,162.5,102.5,-42.5,-72.5,0.0,0.0,0.0,0.0,0.0,-380.0,-350.0,-410.0,-455.0,-485.0
2021-07-29 00:00:00+00:00,-150.0,0.0,-300.0,-262.5,-412.5,-342.5,-162.5,-522.5,-317.5,-497.5,32.5,62.5,2.5,-92.5,-122.5,0.0,150.0,-150.0,-20.0,-140.0,-57.5,62.5,-177.5,-52.5,-142.5,-15.0,75.0,-105.0,127.5,67.5,80.0,200.0,-40.0,47.5,-42.5,27.5,87.5,-32.5,132.5,102.5,27.5,87.5,-32.5,132.5,102.5,0.0,0.0,0.0,0.0,0.0,45.0,75.0,15.0,45.0,15.0
2021-07-30 00:00:00+00:00,-27.5,62.5,-117.5,297.5,207.5,-215.0,-125.0,-305.0,172.5,82.5,-135.0,-75.0,-195.0,-147.5,-207.5,-57.5,62.5,-177.5,-327.5,-417.5,-57.5,62.5,-177.5,-327.5,-417.5,-80.0,-50.0,-110.0,-92.5,-122.5,20.0,50.0,-10.0,-55.0,-85.0,20.0,50.0,-10.0,-55.0,-85.0,157.5,187.5,127.5,107.5,77.5,0.0,0.0,0.0,0.0,0.0,-117.5,-87.5,-147.5,-105.0,-135.0
2021-08-02 00:00:00+00:00,-270.0,-150.0,-390.0,-145.0,-265.0,-257.5,-137.5,-377.5,-132.5,-252.5,-147.5,-87.5,-207.5,-22.5,-82.5,-177.5,-87.5,-267.5,-390.0,-480.0,-222.5,-162.5,-282.5,-447.5,-507.5,140.0,200.0,80.0,15.0,-45.0,-330.0,-300.0,-360.0,-305.0,-335.0,-292.5,-262.5,-322.5,-217.5,-247.5,-217.5,-187.5,-247.5,-267.5,-297.5,0.0,0.0,0.0,0.0,0.0,-355.0,-325.0,-385.0,-330.0,-360.0
2021-08-03 00:00:00+00:00,-257.5,-137.5,-377.5,-307.5,-427.5,-425.0,-275.0,-575.0,-325.0,-475.0,-195.0,-75.0,-315.0,-220.0,-340.0,-45.0,75.0,-165.0,5.0,-115.0,22.5,112.5,-67.5,160.0,70.0,-5.0,25.0,-35.0,20.0,-10.0,22.5,112.5,-67.5,85.0,-5.0,165.0,225.0,105.0,265.0,205.0,127.5,187.5,67.5,190.0,130.0,0.0,0.0,0.0,0.0,0.0,-17.5,12.5,-47.5,7.5,-22.5
2021-08-04 00:00:00+00:00,-200.0,-50.0,-350.0,-250.0,-400.0,-245.0,-125.0,-365.0,-270.0,-390.0,-152.5,-62.5,-242.5,-127.5,-217.5,-282.5,-162.5,-402.5,-207.5,-327.5,-265.0,-175.0,-355.0,-215.0,-305.0,-167.5,-137.5,-197.5,-142.5,-172.5,-202.5,-112.5,-292.5,-152.5,-242.5,-167.5,-137.5,-197.5,-142.5,-172.5,-167.5,-137.5,-197.5,-142.5,-172.5,0.0,0.0,0.0,0.0,0.0,-192.5,-162.5,-222.5,-192.5,-222.5
2021-08-05 00:00:00+00:00,-312.5,-162.5,-462.5,-87.5,-237.5,7.5,37.5,-22.5,-5.0,-35.0,-30.0,0.0,-60.0,-30.0,-60.0,-57.5,62.5,-177.5,-152.5,-242.5,-60.0,0.0,-120.0,-97.5,-157.5,45.0,75.0,15.0,-55.0,-85.0,57.5,87.5,27.5,32.5,2.5,57.5,87.5,27.5,32.5,2.5,57.5,87.5,27.5,32.5,2.5,0.0,0.0,0.0,0.0,0.0,32.5,62.5,2.5,45.0,15.0
2021-08-06 00:00:00+00:00,-175.0,-25.0,-325.0,-275.0,-425.0,-220.0,-100.0,-340.0,-195.0,-315.0,-60.0,0.0,-120.0,-97.5,-157.5,-15.0,75.0,-105.0,-65.0,-155.0,-10.0,50.0,-70.0,-60.0,-120.0,32.5,62.5,2.5,-30.0,-60.0,32.5,62.5,2.5,-30.0,-60.0,32.5,62.5,2.5,-30.0,-60.0,32.5,62.5,2.5,-30.0,-60.0,0.0,0.0,0.0,0.0,0.0,20.0,50.0,-10.0,7.5,-22.5
2021-08-09 00:00:00+00:00,-157.5,-37.5,-277.5,-182.5,-302.5,-120.0,0.0,-240.0,-120.0,-240.0,-300.0,-150.0,-450.0,-475.0,-625.0,5.0,125.0,-115.0,-32.5,-152.5,-27.5,62.5,-117.5,-27.5,-117.5,0.0,0.0,0.0,0.0,0.0,67.5,187.5,-52.5,-57.5,-177.5,40.0,100.0,-20.0,-22.5,-82.5,20.0,50.0,-10.0,-17.5,-47.5,0.0,0.0,0.0,0.0,0.0,95.0,125.0,65.0,70.0,40.0
2021-08-10 00:00:00+00:00,-227.5,12.5,-467.5,-240.0,-480.0,-192.5,-12.5,-372.5,-242.5,-422.5,-112.5,37.5,-262.5,-187.5,-337.5,-27.5,62.5,-117.5,-102.5,-192.5,-27.5,62.5,-117.5,-102.5,-192.5,-80.0,-50.0,-110.0,20.0,-10.0,-35.0,25.0,-95.0,-22.5,-82.5,-42.5,-12.5,-72.5,32.5,2.5,20.0,50.0,-10.0,-5.0,-35.0,0.0,0.0,0.0,0.0,0.0,32.5,62.5,2.5,32.5,2.5
2021-08-11 00:00:00+00:00,-280.0,-100.0,-460.0,-130.0,-310.0,-10.0,50.0,-70.0,40.0,-20.0,-195.0,-75.0,-315.0,-95.0,-215.0,-100.0,50.0,-250.0,-75.0,-225.0,-85.0,-25.0,-145.0,-97.5,-157.5,-85.0,-25.0,-145.0,-97.5,-157.5,-145.0,-25.0,-265.0,-145.0,-265.0,-52.5,37.5,-142.5,-27.5,-117.5,-47.5,12.5,-107.5,-5.0,-35.0,0.0,0.0,0.0,0.0,0.0,20.0,50.0,-10.0,32.5,2.5
2021-08-12 00:00:00+00:00,-280.0,-100.0,-460.0,-180.0,-360.0,-297.5,-87.5,-507.5,-122.5,-332.5,-162.5,-12.5,-312.5,-87.5,-237.5,35.0,125.0,-55.0,60.0,-30.0,65.0,125.0,5.0,27.5,-32.5,0.0,0.0,0.0,0.0,0.0,-5.0,25.0,-35.0,-30.0,-60.0,0.0,0.0,0.0,0.0,0.0,0.0,0.0,0.0,0.0,0.0,0.0,0.0,0.0,0.0,0.0,32.5,62.5,2.5,45.0,15.0
2021-08-13 00:00:00+00:00,-102.5,-12.5,-192.5,-140.0,-230.0,-152.5,-62.5,-242.5,-177.5,-267.5,-157.5,-37.5,-277.5,-132.5,-252.5,-110.0,-50.0,-170.0,-160.0,-220.0,-97.5,-37.5,-157.5,-135.0,-195.0,-97.5,-37.5,-157.5,-135.0,-195.0,-147.5,-87.5,-207.5,-147.5,-207.5,-130.0,-100.0,-160.0,-105.0,-135.0,-80.0,-50.0,-110.0,-42.5,-72.5,0.0,0.0,0.0,0.0,0.0,-167.5,-137.5,-197.5,-155.0,-185.0
2021-08-16 00:00:00+00:00,-70.0,50.0,-190.0,-120.0,-240.0,-190.0,-100.0,-280.0,-165.0,-255.0,-267.5,-237.5,-297.5,-242.5,-272.5,-207.5,-87.5,-327.5,-157.5,-277.5,-95.0,25.0,-215.0,-95.0,-215.0,-95.0,25.0,-215.0,-95.0,-215.0,-185.0,-125.0,-245.0,-210.0,-270.0,-135.0,-75.0,-195.0,-197.5,-257.5,15.0,75.0,-45.0,40.0,-20.0,0.0,0.0,0.0,0.0,0.0,-230.0,-200.0,-260.0,-280.0,-310.0
2021-08-17 00:00:00+00:00,-312.5,-162.5,-462.5,-112.5,-262.5,-315.0,-225.0,-405.0,-102.5,-192.5,-352.5,-262.5,-442.5,-115.0,-205.0,80.0,200.0,-40.0,-70.0,-190.0,147.5,237.5,57.5,122.5,32.5,197.5,287.5,107.5,160.0,70.0,92.5,212.5,-27.5,-107.5,-227.5,47.5,137.5,-42.5,-27.5,-117.5,122.5,212.5,32.5,85.0,-5.0,0.0,0.0,0.0,0.0,0.0,-80.0,-50.0,-110.0,-5.0,-35.0
2021-08-18 00:00:00+00:00,-52.5,37.5,-142.5,-65.0,-155.0,-127.5,-37.5,-217.5,-165.0,-255.0,-375.0,-225.0,-525.0,-275.0,-425.0,-72.5,-12.5,-132.5,-110.0,-170.0,-72.5,-12.5,-132.5,-110.0,-170.0,-17.5,12.5,-47.5,-30.0,-60.0,7.5,37.5,-22.5,7.5,-22.5,32.5,62.5,2.5,45.0,15.0,57.5,87.5,27.5,57.5,27.5,0.0,0.0,0.0,0.0,0.0,45.0,75.0,15.0,20.0,-10.0
2021-08-19 00:00:00+00:00,465.0,525.0,405.0,202.5,142.5,297.5,387.5,207.5,347.5,257.5,420.0,450.0,390.0,382.5,352.5,-102.5,-12.5,-192.5,35.0,-55.0,-102.5,-12.5,-192.5,35.0,-55.0,-180.0,-150.0,-210.0,-105.0,-135.0,-235.0,-175.0,-295.0,277.5,217.5,-72.5,-12.5,-132.5,152.5,92.5,52.5,112.5,-7.5,127.5,67.5,0.0,0.0,0.0,0.0,0.0,345.0,375.0,315.0,157.5,127.5
2021-08-20 00:00:00+00:00,-362.5,-212.5,-512.5,-370.0,-490.0,-277.5,-187.5,-367.5,-340.0,-430.0,-120.0,0.0,-240.0,-57.5,-177.5,380.0,500.0,260.0,142.5,22.5,385.0,475.0,295.0,435.0,345.0,277.5,337.5,217.5,527.5,467.5,235.0,325.0,145.0,-52.5,-142.5,145.0,175.0,115.0,282.5,252.5,145.0,175.0,115.0,282.5,252.5,0.0,0.0,0.0,0.0,0.0,120.0,150.0,90.0,7.5,-22.5
2021-08-23 00:00:00+00:00,-180.0,0.0,-360.0,-205.0,-385.0,-45.0,75.0,-165.0,-157.5,-277.5,-40.0,50.0,-130.0,-2.5,-92.5,17.5,137.5,-102.5,117.5,-2.5,22.5,112.5,-67.5,72.5,-17.5,32.5,62.5,2.5,0.0,0.0,47.5,137.5,-42.5,135.0,45.0,32.5,62.5,2.5,0.0,0.0,32.5,62.5,2.5,0.0,0.0,0.0,0.0,0.0,0.0,0.0,120.0,150.0,90.0,107.5,77.5
2021-08-24 00:00:00+00:00,-157.5,-37.5,-277.5,-132.5,-252.5,-52.5,37.5,-142.5,-90.0,-180.0,-42.5,-12.5,-72.5,-142.5,-172.5,-145.0,-25.0,-265.0,-140.0,-230.0,-115.0,-25.0,-205.0,-177.5,-267.5,-30.0,0.0,-60.0,20.0,-10.0,-15.0,75.0,-105.0,-110.0,-170.0,-22.5,37.5,-82.5,-110.0,-170.0,-22.5,37.5,-82.5,-122.5,-182.5,0.0,0.0,0.0,0.0,0.0,-155.0,-125.0,-185.0,-192.5,-222.5
2021-08-25 00:00:00+00:00,-145.0,-25.0,-265.0,-220.0,-340.0,-170.0,-50.0,-290.0,-295.0,-415.0,-152.5,-62.5,-242.5,-77.5,-167.5,-187.5,-37.5,-337.5,-162.5,-312.5,-195.0,-75.0,-315.0,-132.5,-252.5,-95.0,25.0,-215.0,-45.0,-165.0,-145.0,-25.0,-265.0,-95.0,-215.0,-127.5,-37.5,-217.5,-152.5,-242.5,-172.5,-112.5,-232.5,-160.0,-220.0,0.0,0.0,0.0,0.0,0.0,-142.5,-112.5,-172.5,-205.0,-235.0
2021-08-26 00:00:00+00:00,-155.0,25.0,-335.0,-142.5,-322.5,-65.0,25.0,-155.0,52.5,-7.5,65.0,125.0,5.0,27.5,-32.5,60.0,150.0,-30.0,122.5,32.5,60.0,150.0,-30.0,122.5,32.5,-17.5,12.5,-47.5,32.5,2.5,65.0,125.0,5.0,40.0,-20.0,20.0,50.0,-10.0,82.5,52.5,20.0,50.0,-10.0,82.5,52.5,0.0,0.0,0.0,0.0,0.0,207.5,237.5,177.5,257.5,227.5
2021-08-27 00:00:00+00:00,-140.0,-50.0,-230.0,-152.5,-242.5,-112.5,37.5,-262.5,-137.5,-287.5,-72.5,-12.5,-132.5,-72.5,-132.5,-230.0,-50.0,-410.0,-205.0,-385.0,-82.5,37.5,-202.5,-107.5,-227.5,-40.0,50.0,-130.0,-15.0,-105.0,-250.0,-100.0,-400.0,-262.5,-412.5,-252.5,-162.5,-342.5,-215.0,-305.0,-172.5,-112.5,-232.5,-147.5,-207.5,0.0,0.0,0.0,0.0,0.0,-230.0,-200.0,-260.0,-142.5,-172.5
2021-08-30 00:00:00+00:00,-175.0,-25.0,-325.0,-225.0,-375.0,-72.5,-12.5,-132.5,-110.0,-170.0,-137.5,12.5,-287.5,-187.5,-337.5,-40.0,50.0,-130.0,22.5,-67.5,-10.0,50.0,-70.0,15.0,-45.0,-30.0,0.0,-60.0,32.5,2.5,22.5,112.5,-67.5,35.0,-55.0,15.0,75.0,-45.0,27.5,-32.5,32.5,62.5,2.5,7.5,-22.5,0.0,0.0,0.0,0.0,0.0,7.5,37.5,-22.5,20.0,-10.0
2021-08-31 00:00:00+00:00,-320.0,-200.0,-440.0,-195.0,-315.0,-257.5,-137.5,-377.5,-182.5,-302.5,0.0,0.0,0.0,0.0,0.0,-410.0,-350.0,-470.0,-410.0,-470.0,-297.5,-237.5,-357.5,-310.0,-370.0,-260.0,-200.0,-320.0,-322.5,-382.5,-522.5,-462.5,-582.5,-660.0,-720.0,-492.5,-462.5,-522.5,-530.0,-560.0,-455.0,-425.0,-485.0,-542.5,-572.5,0.0,0.0,0.0,0.0,0.0,-630.0,-600.0,-660.0,-617.5,-647.5
2021-09-01 00:00:00+00:00,-312.5,-162.5,-462.5,-232.5,-352.5,-52.5,37.5,-142.5,-90.0,-180.0,7.5,37.5,-22.5,-30.0,-60.0,-70.0,50.0,-190.0,-95.0,-215.0,-60.0,0.0,-120.0,-35.0,-95.0,-55.0,-25.0,-85.0,-30.0,-60.0,-97.5,-37.5,-157.5,-22.5,-82.5,-72.5,-12.5,-132.5,15.0,-45.0,-72.5,-12.5,-132.5,15.0,-45.0,0.0,0.0,0.0,0.0,0.0,-92.5,-62.5,-122.5,-67.5,-97.5
2021-09-02 00:00:00+00:00,-282.5,-162.5,-402.5,-295.0,-415.0,-262.5,-112.5,-412.5,-162.5,-312.5,-60.0,0.0,-120.0,-110.0,-170.0,-80.0,100.0,-260.0,-17.5,-197.5,-25.0,125.0,-175.0,25.0,-125.0,2.5,62.5,-57.5,90.0,30.0,7.5,187.5,-172.5,7.5,-172.5,7.5,187.5,-172.5,-67.5,-247.5,110.0,200.0,20.0,-10.0,-70.0,0.0,0.0,0.0,0.0,0.0,-67.5,-37.5,-97.5,-80.0,-110.0
2021-09-03 00:00:00+00:00,-62.5,87.5,-212.5,5.0,-115.0,-27.5,62.5,-117.5,10.0,-80.0,-35.0,25.0,-95.0,-47.5,-107.5,-27.5,62.5,-117.5,-77.5,-167.5,-27.5,62.5,-117.5,-65.0,-155.0,-22.5,37.5,-82.5,-60.0,-120.0,-40.0,50.0,-130.0,-65.0,-155.0,-40.0,50.0,-130.0,-65.0,-155.0,-15.0,75.0,-105.0,-52.5,-142.5,0.0,0.0,0.0,0.0,0.0,32.5,62.5,2.5,-17.5,-47.5
2021-09-07 00:00:00+00:00,12.5,162.5,-137.5,-25.0,-175.0,17.5,137.5,-102.5,-70.0,-190.0,147.5,237.5,57.5,85.0,-5.0,-177.5,-87.5,-267.5,-165.0,-255.0,-65.0,25.0,-155.0,-52.5,-142.5,-117.5,-87.5,-147.5,-105.0,-135.0,2.5,62.5,-57.5,-85.0,-145.0,-80.0,-50.0,-110.0,-130.0,-160.0,-80.0,-50.0,-110.0,-130.0,-160.0,0.0,0.0,0.0,0.0,0.0,45.0,75.0,15.0,-30.0,-60.0
2021-09-08 00:00:00+00:00,87.5,237.5,-62.5,362.5,212.5,455.0,575.0,335.0,292.5,172.5,607.5,637.5,577.5,595.0,565.0,-17.5,12.5,-47.5,-30.0,-60.0,0.0,0.0,0.0,0.0,0.0,0.0,0.0,0.0,0.0,0.0,0.0,0.0,0.0,0.0,0.0,0.0,0.0,0.0,0.0,0.0,0.0,0.0,0.0,0.0,0.0,0.0,0.0,0.0,0.0,0.0,607.5,637.5,577.5,595.0,565.0
2021-09-09 00:00:00+00:00,-320.0,-200.0,-440.0,-457.5,-577.5,-195.0,-75.0,-315.0,-532.5,-652.5,-295.0,-175.0,-415.0,-152.5,-242.5,192.5,312.5,72.5,92.5,-27.5,135.0,225.0,45.0,85.0,-5.0,235.0,325.0,145.0,122.5,32.5,255.0,375.0,135.0,192.5,72.5,302.5,362.5,242.5,302.5,242.5,207.5,237.5,177.5,245.0,215.0,0.0,0.0,0.0,0.0,0.0,457.5,487.5,427.5,457.5,427.5
2021-09-10 00:00:00+00:00,40.0,100.0,-20.0,-10.0,-70.0,-207.5,-87.5,-327.5,-220.0,-340.0,-127.5,-37.5,-217.5,-102.5,-192.5,-160.0,-100.0,-220.0,-160.0,-220.0,-160.0,-100.0,-220.0,-160.0,-220.0,-160.0,-100.0,-220.0,-160.0,-220.0,-122.5,-62.5,-182.5,-85.0,-145.0,-122.5,-62.5,-182.5,-60.0,-120.0,-67.5,-37.5,-97.5,-30.0,-60.0,0.0,0.0,0.0,0.0,0.0,-130.0,-100.0,-160.0,-80.0,-110.0
2021-09-13 00:00:00+00:00,142.5,262.5,22.5,105.0,-15.0,257.5,287.5,227.5,232.5,202.5,90.0,150.0,30.0,15.0,-45.0,-155.0,-125.0,-185.0,-130.0,-160.0,-105.0,-75.0,-135.0,-67.5,-97.5,-130.0,-100.0,-160.0,-55.0,-85.0,-147.5,-87.5,-207.5,-10.0,-70.0,-55.0,-25.0,-85.0,-42.5,-72.5,0.0,0.0,0.0,0.0,0.0,0.0,0.0,0.0,0.0,0.0,182.5,212.5,152.5,220.0,190.0
2021-09-14 00:00:00+00:00,-110.0,-50.0,-170.0,-197.5,-257.5,-240.0,-150.0,-330.0,-240.0,-330.0,-297.5,-237.5,-357.5,-260.0,-320.0,-202.5,-112.5,-292.5,-152.5,-242.5,-110.0,-50.0,-170.0,-110.0,-170.0,115.0,175.0,55.0,2.5,-57.5,-447.5,-387.5,-507.5,-597.5,-657.5,-397.5,-337.5,-457.5,-472.5,-532.5,-335.0,-275.0,-395.0,-397.5,-457.5,0.0,0.0,0.0,0.0,0.0,-580.0,-550.0,-610.0,-630.0,-660.0
2021-09-20 00:00:00+00:00,-357.5,-237.5,-477.5,-95.0,-215.0,-327.5,-237.5,-417.5,-402.5,-492.5,-285.0,-225.0,-345.0,-385.0,-445.0,-645.0,-525.0,-765.0,-657.5,-777.5,-415.0,-325.0,-505.0,-385.0,-445.0,-415.0,-325.0,-505.0,-385.0,-445.0,-615.0,-525.0,-705.0,-765.0,-855.0,-515.0,-425.0,-605.0,-852.5,-942.5,-440.0,-350.0,-530.0,-460.0,-520.0,0.0,0.0,0.0,0.0,0.0,-792.5,-762.5,-822.5,-880.0,-910.0
2021-09-21 00:00:00+00:00,-270.0,-150.0,-390.0,-357.5,-477.5,-197.5,-137.5,-257.5,-197.5,-257.5,-247.5,-187.5,-307.5,-210.0,-270.0,-457.5,-337.5,-577.5,-195.0,-315.0,-382.5,-262.5,-502.5,-157.5,-277.5,-185.0,-125.0,-245.0,-35.0,-95.0,-295.0,-175.0,-415.0,-195.0,-315.0,-295.0,-175.0,-415.0,-195.0,-315.0,-322.5,-262.5,-382.5,-172.5,-232.5,0.0,0.0,0.0,0.0,0.0,-480.0,-450.0,-510.0,-430.0,-460.0
2021-09-22 00:00:00+00:00,80.0,200.0,-40.0,-127.5,-217.5,-177.5,-87.5,-267.5,-165.0,-255.0,-422.5,-362.5,-482.5,-560.0,-620.0,-152.5,-62.5,-242.5,-152.5,-242.5,-27.5,62.5,-117.5,-202.5,-292.5,215.0,275.0,155.0,77.5,17.5,127.5,187.5,67.5,65.0,5.0,240.0,300.0,180.0,127.5,67.5,240.0,300.0,180.0,127.5,67.5,0.0,0.0,0.0,0.0,0.0,-42.5,-12.5,-72.5,-117.5,-147.5
2021-09-23 00:00:00+00:00,-1422.5,-1212.5,-1632.5,-1097.5,-1307.5,-295.0,-175.0,-415.0,42.5,-77.5,-777.5,-687.5,-867.5,-540.0,-630.0,655.0,775.0,535.0,205.0,85.0,547.5,637.5,457.5,197.5,107.5,547.5,637.5,457.5,197.5,107.5,-397.5,-337.5,-457.5,-510.0,-570.0,-347.5,-287.5,-407.5,-510.0,-570.0,95.0,125.0,65.0,-92.5,-122.5,0.0,0.0,0.0,0.0,0.0,-380.0,-350.0,-410.0,-355.0,-385.0
2021-09-24 00:00:00+00:00,-800.0,-650.0,-950.0,-500.0,-650.0,-620.0,-500.0,-740.0,-382.5,-502.5,-932.5,-812.5,-1052.5,-720.0,-840.0,275.0,425.0,125.0,50.0,-100.0,217.5,337.5,97.5,105.0,-15.0,122.5,212.5,32.5,22.5,-67.5,405.0,525.0,285.0,130.0,10.0,405.0,525.0,285.0,130.0,10.0,302.5,362.5,242.5,390.0,330.0,0.0,0.0,0.0,0.0,0.0,-380.0,-350.0,-410.0,-417.5,-447.5
2021-09-27 00:00:00+00:00,-482.5,-362.5,-602.5,-565.0,-655.0,-85.0,-25.0,-145.0,-435.0,-495.0,-67.5,-37.5,-97.5,-355.0,-385.0,-747.5,-687.5,-807.5,-635.0,-695.0,-685.0,-625.0,-745.0,-410.0,-470.0,-572.5,-512.5,-632.5,-385.0,-445.0,-780.0,-750.0,-810.0,-592.5,-622.5,-780.0,-750.0,-810.0,-592.5,-622.5,-505.0,-475.0,-535.0,-642.5,-672.5,0.0,0.0,0.0,0.0,0.0,-830.0,-800.0,-860.0,-930.0,-960.0
2021-09-28 00:00:00+00:00,-912.5,-762.5,-1062.5,-812.5,-962.5,-570.0,-450.0,-690.0,-507.5,-627.5,-465.0,-375.0,-555.0,-877.5,-967.5,-282.5,-162.5,-402.5,-245.0,-365.0,-340.0,-250.0,-430.0,-547.5,-607.5,-340.0,-250.0,-430.0,-547.5,-607.5,-340.0,-250.0,-430.0,-352.5,-442.5,-10.0,50.0,-70.0,-317.5,-347.5,-10.0,50.0,-70.0,-317.5,-347.5,0.0,0.0,0.0,0.0,0.0,-105.0,-75.0,-135.0,-92.5,-122.5
2021-09-29 00:00:00+00:00,127.5,187.5,67.5,-210.0,-270.0,65.0,125.0,5.0,-272.5,-332.5,-557.5,-437.5,-677.5,-570.0,-690.0,-440.0,-350.0,-530.0,-627.5,-717.5,-385.0,-325.0,-445.0,-572.5,-632.5,-260.0,-200.0,-320.0,-660.0,-720.0,-272.5,-212.5,-332.5,-285.0,-345.0,-272.5,-212.5,-332.5,-222.5,-282.5,-330.0,-300.0,-360.0,-280.0,-310.0,0.0,0.0,0.0,0.0,0.0,-355.0,-325.0,-385.0,-405.0,-435.0
2021-09-30 00:00:00+00:00,-470.0,-350.0,-590.0,-945.0,-1065.0,-590.0,-500.0,-680.0,-665.0,-755.0,-372.5,-312.5,-432.5,-472.5,-532.5,-577.5,-487.5,-667.5,-302.5,-392.5,-340.0,-250.0,-430.0,-215.0,-305.0,-185.0,-125.0,-245.0,-247.5,-307.5,-360.0,-300.0,-420.0,-210.0,-270.0,-235.0,-175.0,-295.0,-410.0,-470.0,-392.5,-362.5,-422.5,-505.0,-535.0,0.0,0.0,0.0,0.0,0.0,-942.5,-912.5,-972.5,-767.5,-797.5
2021-10-01 00:00:00+00:00,1780.0,1900.0,1660.0,1280.0,1160.0,1667.5,1787.5,1547.5,1292.5,1172.5,1865.0,1925.0,1805.0,1615.0,1555.0,220.0,250.0,190.0,145.0,115.0,245.0,275.0,215.0,82.5,52.5,0.0,0.0,0.0,0.0,0.0,245.0,275.0,215.0,82.5,52.5,207.5,237.5,177.5,-17.5,-47.5,0.0,0.0,0.0,0.0,0.0,0.0,0.0,0.0,0.0,0.0,2032.5,2062.5,2002.5,1645.0,1615.0
2021-10-04 00:00:00+00:00,-1050.0,-900.0,-1200.0,-650.0,-800.0,-937.5,-787.5,-1087.5,-737.5,-887.5,-602.5,-512.5,-692.5,-290.0,-380.0,305.0,425.0,185.0,492.5,372.5,342.5,462.5,222.5,380.0,260.0,327.5,387.5,267.5,215.0,155.0,160.0,250.0,70.0,35.0,-55.0,322.5,412.5,232.5,135.0,45.0,322.5,412.5,232.5,135.0,45.0,0.0,0.0,0.0,0.0,0.0,-505.0,-475.0,-535.0,-380.0,-410.0
2021-10-05 00:00:00+00:00,-117.5,62.5,-297.5,182.5,2.5,142.5,262.5,22.5,117.5,-2.5,2.5,62.5,-57.5,265.0,205.0,400.0,550.0,250.0,92.5,-27.5,475.0,625.0,325.0,-107.5,-227.5,152.5,212.5,92.5,-160.0,-220.0,35.0,125.0,-55.0,72.5,-17.5,160.0,250.0,70.0,122.5,32.5,160.0,250.0,70.0,-215.0,-305.0,0.0,0.0,0.0,0.0,0.0,445.0,475.0,415.0,220.0,190.0
2021-10-06 00:00:00+00:00,-207.5,-87.5,-327.5,-145.0,-265.0,-382.5,-262.5,-502.5,17.5,-102.5,-197.5,-137.5,-257.5,2.5,-57.5,-197.5,-137.5,-257.5,-235.0,-295.0,-172.5,-112.5,-232.5,-135.0,-195.0,-130.0,-100.0,-160.0,-130.0,-160.0,-247.5,-187.5,-307.5,-122.5,-182.5,-247.5,-187.5,-307.5,-122.5,-182.5,-217.5,-187.5,-247.5,-155.0,-185.0,0.0,0.0,0.0,0.0,0.0,-155.0,-125.0,-185.0,20.0,-10.0
2021-10-07 00:00:00+00:00,647.5,737.5,557.5,597.5,507.5,522.5,612.5,432.5,310.0,220.0,477.5,537.5,417.5,365.0,305.0,47.5,137.5,-42.5,47.5,-42.5,47.5,137.5,-42.5,47.5,-42.5,0.0,0.0,0.0,0.0,0.0,70.0,100.0,40.0,120.0,90.0,57.5,87.5,27.5,45.0,15.0,0.0,0.0,0.0,0.0,0.0,0.0,0.0,0.0,0.0,0.0,757.5,787.5,727.5,720.0,690.0
2021-10-08 00:00:00+00:00,260.0,350.0,170.0,247.5,157.5,340.0,400.0,280.0,377.5,317.5,127.5,187.5,67.5,52.5,-7.5,147.5,237.5,57.5,197.5,107.5,52.5,112.5,-7.5,190.0,130.0,20.0,50.0,-10.0,170.0,140.0,140.0,200.0,80.0,202.5,142.5,140.0,200.0,80.0,202.5,142.5,107.5,137.5,77.5,182.5,152.5,0.0,0.0,0.0,0.0,0.0,557.5,587.5,527.5,507.5,477.5
2021-10-11 00:00:00+00:00,212.5,362.5,62.5,-312.5,-462.5,-382.5,-262.5,-502.5,-220.0,-340.0,-325.0,-175.0,-475.0,-100.0,-250.0,-367.5,-337.5,-397.5,-330.0,-360.0,-367.5,-337.5,-397.5,-330.0,-360.0,-367.5,-337.5,-397.5,-330.0,-360.0,-67.5,-37.5,-97.5,-205.0,-235.0,-67.5,-37.5,-97.5,-205.0,-235.0,-67.5,-37.5,-97.5,-205.0,-235.0,0.0,0.0,0.0,0.0,0.0,-317.5,-287.5,-347.5,-430.0,-460.0
2021-10-12 00:00:00+00:00,275.0,425.0,125.0,150.0,0.0,402.5,462.5,342.5,252.5,192.5,102.5,162.5,42.5,-297.5,-357.5,-60.0,0.0,-120.0,40.0,-20.0,-60.0,0.0,-120.0,40.0,-20.0,-55.0,-25.0,-85.0,70.0,40.0,57.5,87.5,27.5,95.0,65.0,57.5,87.5,27.5,95.0,65.0,7.5,37.5,-22.5,207.5,177.5,0.0,0.0,0.0,0.0,0.0,270.0,300.0,240.0,220.0,190.0
2021-10-13 00:00:00+00:00,-380.0,-200.0,-560.0,-392.5,-572.5,-120.0,0.0,-240.0,-107.5,-227.5,40.0,100.0,-20.0,65.0,5.0,217.5,337.5,97.5,80.0,-40.0,442.5,562.5,322.5,280.0,160.0,195.0,225.0,165.0,82.5,52.5,27.5,87.5,-32.5,-110.0,-170.0,-5.0,25.0,-35.0,-17.5,-47.5,-5.0,25.0,-35.0,-17.5,-47.5,0.0,0.0,0.0,0.0,0.0,-67.5,-37.5,-97.5,70.0,40.0
2021-10-14 00:00:00+00:00,-160.0,50.0,-370.0,-35.0,-245.0,192.5,312.5,72.5,317.5,197.5,335.0,425.0,245.0,247.5,157.5,-60.0,0.0,-120.0,-60.0,-120.0,-42.5,-12.5,-72.5,-55.0,-85.0,95.0,125.0,65.0,-30.0,-60.0,-42.5,-12.5,-72.5,-42.5,-72.5,-17.5,12.5,-47.5,-42.5,-72.5,-17.5,12.5,-47.5,-42.5,-72.5,0.0,0.0,0.0,0.0,0.0,357.5,387.5,327.5,395.0,365.0
2021-10-15 00:00:00+00:00,105.0,225.0,-15.0,80.0,-40.0,190.0,250.0,130.0,165.0,105.0,10.0,100.0,-80.0,-52.5,-142.5,25.0,175.0,-125.0,-125.0,-275.0,30.0,150.0,-90.0,-70.0,-190.0,52.5,112.5,-7.5,-35.0,-95.0,-127.5,-37.5,-217.5,-2.5,-92.5,-65.0,25.0,-155.0,72.5,-17.5,2.5,62.5,-57.5,-47.5,-107.5,0.0,0.0,0.0,0.0,0.0,182.5,212.5,152.5,270.0,240.0
2021-10-18 00:00:00+00:00,-307.5,-187.5,-427.5,-557.5,-677.5,-122.5,-62.5,-182.5,-22.5,-82.5,-140.0,-50.0,-230.0,-377.5,-467.5,230.0,350.0,110.0,455.0,335.0,230.0,350.0,110.0,455.0,335.0,190.0,250.0,130.0,327.5,267.5,40.0,100.0,-20.0,15.0,-45.0,240.0,300.0,180.0,202.5,142.5,240.0,300.0,180.0,202.5,142.5,0.0,0.0,0.0,0.0,0.0,-5.0,25.0,-35.0,170.0,140.0
2021-10-19 00:00:00+00:00,25.0,175.0,-125.0,75.0,-75.0,352.5,412.5,292.5,252.5,192.5,347.5,437.5,257.5,260.0,170.0,0.0,0.0,0.0,0.0,0.0,0.0,0.0,0.0,0.0,0.0,0.0,0.0,0.0,0.0,0.0,0.0,0.0,0.0,0.0,0.0,0.0,0.0,0.0,0.0,0.0,0.0,0.0,0.0,0.0,0.0,0.0,0.0,0.0,0.0,0.0,432.5,462.5,402.5,332.5,302.5
2021-10-20 00:00:00+00:00,-572.5,-362.5,-782.5,-72.5,-282.5,-412.5,-262.5,-562.5,-287.5,-437.5,-592.5,-412.5,-772.5,-205.0,-385.0,-12.5,137.5,-162.5,-237.5,-387.5,-77.5,12.5,-167.5,-60.0,-120.0,-2.5,87.5,-92.5,-47.5,-107.5,30.0,150.0,-90.0,-115.0,-205.0,-90.0,0.0,-180.0,-22.5,-82.5,-167.5,-137.5,-197.5,0.0,0.0,0.0,0.0,0.0,0.0,0.0,-192.5,-162.5,-222.5,-192.5,-222.5
2021-10-21 00:00:00+00:00,-300.0,-150.0,-450.0,-137.5,-287.5,-187.5,-37.5,-337.5,-287.5,-437.5,-182.5,-62.5,-302.5,-115.0,-205.0,10.0,100.0,-80.0,-40.0,-130.0,-10.0,50.0,-70.0,-35.0,-95.0,0.0,0.0,0.0,0.0,0.0,2.5,62.5,-57.5,52.5,-7.5,140.0,200.0,80.0,140.0,80.0,140.0,200.0,80.0,140.0,80.0,0.0,0.0,0.0,0.0,0.0,-80.0,-50.0,-110.0,-117.5,-147.5
2021-10-22 00:00:00+00:00,130.0,250.0,10.0,205.0,85.0,327.5,387.5,267.5,340.0,280.0,140.0,200.0,80.0,190.0,130.0,-60.0,0.0,-120.0,-35.0,-95.0,-30.0,0.0,-60.0,-80.0,-110.0,20.0,50.0,-10.0,-17.5,-47.5,-10.0,50.0,-70.0,52.5,-7.5,-5.0,25.0,-35.0,20.0,-10.0,-17.5,12.5,-47.5,20.0,-10.0,0.0,0.0,0.0,0.0,0.0,307.5,337.5,277.5,357.5,327.5
2021-10-25 00:00:00+00:00,-195.0,-75.0,-315.0,-157.5,-277.5,15.0,75.0,-45.0,-22.5,-82.5,-85.0,-25.0,-145.0,-185.0,-245.0,-57.5,62.5,-177.5,-132.5,-252.5,5.0,125.0,-115.0,-20.0,-140.0,105.0,225.0,-15.0,-7.5,-127.5,77.5,137.5,17.5,-60.0,-120.0,77.5,137.5,17.5,-60.0,-120.0,77.5,137.5,17.5,-60.0,-120.0,0.0,0.0,0.0,0.0,0.0,20.0,50.0,-10.0,20.0,-10.0
2021-10-26 00:00:00+00:00,-180.0,0.0,-360.0,-130.0,-310.0,-275.0,-125.0,-425.0,-300.0,-450.0,-362.5,-212.5,-512.5,-232.5,-352.5,-40.0,50.0,-130.0,35.0,-55.0,-40.0,50.0,-130.0,35.0,-55.0,-22.5,37.5,-82.5,40.0,-20.0,47.5,137.5,-42.5,110.0,20.0,47.5,137.5,-42.5,97.5,7.5,52.5,112.5,-7.5,77.5,17.5,0.0,0.0,0.0,0.0,0.0,-80.0,-50.0,-110.0,-30.0,-60.0
2021-10-27 00:00:00+00:00,-370.0,-250.0,-490.0,-345.0,-465.0,-290.0,-200.0,-380.0,-377.5,-467.5,-252.5,-162.5,-342.5,-240.0,-330.0,47.5,137.5,-42.5,185.0,95.0,47.5,137.5,-42.5,185.0,95.0,110.0,200.0,20.0,372.5,282.5,90.0,150.0,30.0,202.5,142.5,90.0,150.0,30.0,202.5,142.5,90.0,150.0,30.0,140.0,80.0,0.0,0.0,0.0,0.0,0.0,-42.5,-12.5,-72.5,-5.0,-35.0
2021-10-28 00:00:00+00:00,117.5,237.5,-2.5,105.0,-15.0,85.0,175.0,-5.0,10.0,-80.0,-10.0,50.0,-70.0,-47.5,-107.5,-122.5,-62.5,-182.5,-172.5,-232.5,-167.5,-137.5,-197.5,-180.0,-210.0,-92.5,-62.5,-122.5,-67.5,-97.5,-5.0,25.0,-35.0,45.0,15.0,7.5,37.5,-22.5,20.0,-10.0,70.0,100.0,40.0,32.5,2.5,0.0,0.0,0.0,0.0,0.0,132.5,162.5,102.5,45.0,15.0
2021-10-29 00:00:00+00:00,-250.0,-100.0,-400.0,-395.0,-515.0,-220.0,-100.0,-340.0,-440.0,-530.0,125.0,275.0,-25.0,-162.5,-312.5,222.5,312.5,132.5,10.0,-80.0,222.5,312.5,132.5,10.0,-80.0,140.0,200.0,80.0,2.5,-57.5,185.0,275.0,95.0,47.5,-42.5,115.0,175.0,55.0,115.0,55.0,120.0,150.0,90.0,132.5,102.5,0.0,0.0,0.0,0.0,0.0,70.0,100.0,40.0,70.0,40.0
2021-11-01 00:00:00+00:00,-7.5,112.5,-127.5,-132.5,-252.5,-120.0,0.0,-240.0,-220.0,-340.0,-115.0,-25.0,-205.0,-127.5,-217.5,-12.5,137.5,-162.5,-150.0,-300.0,-52.5,37.5,-142.5,-102.5,-192.5,-97.5,-37.5,-157.5,7.5,-22.5,27.5,87.5,-32.5,-10.0,-70.0,-17.5,12.5,-47.5,7.5,-22.5,0.0,0.0,0.0,0.0,0.0,0.0,0.0,0.0,0.0,0.0,57.5,87.5,27.5,-67.5,-97.5
2021-11-02 00:00:00+00:00,-57.5,62.5,-177.5,-40.0,-130.0,-107.5,12.5,-227.5,155.0,35.0,-40.0,50.0,-130.0,-27.5,-117.5,35.0,125.0,-55.0,185.0,95.0,85.0,175.0,-5.0,147.5,57.5,102.5,162.5,42.5,90.0,30.0,222.5,312.5,132.5,160.0,70.0,222.5,312.5,132.5,160.0,70.0,240.0,300.0,180.0,102.5,42.5,0.0,0.0,0.0,0.0,0.0,307.5,337.5,277.5,282.5,252.5
2021-11-03 00:00:00+00:00,-262.5,-112.5,-412.5,-307.5,-427.5,-140.0,-50.0,-230.0,-122.5,-182.5,-140.0,-50.0,-230.0,-190.0,-280.0,-90.0,0.0,-180.0,-40.0,-130.0,-65.0,25.0,-155.0,-40.0,-130.0,-5.0,25.0,-35.0,20.0,-10.0,-65.0,25.0,-155.0,-65.0,-155.0,-40.0,50.0,-130.0,-90.0,-180.0,-22.5,37.5,-82.5,-35.0,-95.0,0.0,0.0,0.0,0.0,0.0,-105.0,-75.0,-135.0,-105.0,-135.0
2021-11-04 00:00:00+00:00,-40.0,50.0,-130.0,-90.0,-180.0,-102.5,-12.5,-192.5,-40.0,-130.0,-77.5,12.5,-167.5,-90.0,-180.0,-95.0,25.0,-215.0,17.5,-102.5,35.0,125.0,-55.0,-2.5,-92.5,-22.5,37.5,-82.5,-10.0,-70.0,77.5,137.5,17.5,90.0,30.0,77.5,137.5,17.5,90.0,30.0,0.0,0.0,0.0,0.0,0.0,0.0,0.0,0.0,0.0,0.0,7.5,37.5,-22.5,45.0,15.0
2021-11-05 00:00:00+00:00,122.5,212.5,32.5,135.0,45.0,265.0,325.0,205.0,165.0,105.0,395.0,425.0,365.0,232.5,202.5,-10.0,50.0,-70.0,2.5,-57.5,-10.0,50.0,-70.0,2.5,-57.5,40.0,100.0,-20.0,20.0,-10.0,20.0,50.0,-10.0,0.0,0.0,20.0,50.0,-10.0,0.0,0.0,20.0,50.0,-10.0,0.0,0.0,0.0,0.0,0.0,0.0,0.0,370.0,400.0,340.0,295.0,265.0
2021-11-08 00:00:00+00:00,-20.0,100.0,-140.0,-145.0,-265.0,-120.0,0.0,-240.0,-120.0,-240.0,-152.5,-62.5,-242.5,-165.0,-255.0,10.0,100.0,-80.0,-10.0,-70.0,10.0,100.0,-80.0,-10.0,-70.0,10.0,100.0,-80.0,-10.0,-70.0,-15.0,75.0,-105.0,-10.0,-70.0,20.0,50.0,-10.0,45.0,15.0,32.5,62.5,2.5,32.5,2.5,0.0,0.0,0.0,0.0,0.0,120.0,150.0,90.0,70.0,40.0
2021-11-09 00:00:00+00:00,-242.5,-62.5,-422.5,-380.0,-560.0,-207.5,-87.5,-327.5,-20.0,-140.0,-147.5,-87.5,-207.5,-60.0,-120.0,67.5,187.5,-52.5,-95.0,-215.0,92.5,212.5,-27.5,-95.0,-215.0,102.5,162.5,42.5,2.5,-57.5,127.5,187.5,67.5,27.5,-32.5,165.0,225.0,105.0,77.5,17.5,107.5,137.5,77.5,32.5,2.5,0.0,0.0,0.0,0.0,0.0,45.0,75.0,15.0,57.5,27.5
2021-11-10 00:00:00+00:00,-47.5,12.5,-107.5,2.5,-57.5,-365.0,-275.0,-455.0,-260.0,-320.0,-435.0,-375.0,-495.0,-310.0,-370.0,-390.0,-300.0,-480.0,-365.0,-455.0,-390.0,-300.0,-480.0,-365.0,-455.0,-315.0,-225.0,-405.0,-390.0,-480.0,-127.5,-37.5,-217.5,-165.0,-255.0,-127.5,-37.5,-217.5,-165.0,-255.0,-60.0,0.0,-120.0,-47.5,-107.5,0.0,0.0,0.0,0.0,0.0,-567.5,-537.5,-597.5,-567.5,-597.5
2021-11-11 00:00:00+00:00,205.0,325.0,85.0,342.5,222.5,197.5,287.5,107.5,260.0,170.0,220.0,250.0,190.0,145.0,115.0,-72.5,-12.5,-132.5,-10.0,-70.0,-42.5,-12.5,-72.5,107.5,77.5,-42.5,-12.5,-72.5,107.5,77.5,-5.0,25.0,-35.0,45.0,15.0,82.5,112.5,52.5,7.5,-22.5,82.5,112.5,52.5,7.5,-22.5,0.0,0.0,0.0,0.0,0.0,332.5,362.5,302.5,307.5,277.5
2021-11-12 00:00:00+00:00,-205.0,-25.0,-385.0,-92.5,-272.5,-265.0,-175.0,-355.0,-152.5,-242.5,-162.5,-12.5,-312.5,275.0,125.0,105.0,225.0,-15.0,-57.5,-177.5,130.0,250.0,10.0,-20.0,-140.0,0.0,0.0,0.0,0.0,0.0,165.0,225.0,105.0,177.5,117.5,202.5,262.5,142.5,152.5,92.5,7.5,37.5,-22.5,20.0,-10.0,0.0,0.0,0.0,0.0,0.0,120.0,150.0,90.0,257.5,227.5
2021-11-16 00:00:00+00:00,217.5,337.5,97.5,155.0,35.0,135.0,225.0,45.0,97.5,7.5,165.0,225.0,105.0,77.5,17.5,57.5,87.5,27.5,107.5,77.5,57.5,87.5,27.5,107.5,77.5,57.5,87.5,27.5,107.5,77.5,65.0,125.0,5.0,115.0,55.0,70.0,100.0,40.0,95.0,65.0,70.0,100.0,40.0,95.0,65.0,0.0,0.0,0.0,0.0,0.0,345.0,375.0,315.0,395.0,365.0
2021-11-18 00:00:00+00:00,-210.0,0.0,-420.0,-322.5,-532.5,30.0,150.0,-90.0,-132.5,-252.5,-22.5,37.5,-82.5,-247.5,-307.5,-135.0,-75.0,-195.0,-210.0,-270.0,-142.5,-112.5,-172.5,-142.5,-172.5,7.5,37.5,-22.5,7.5,-22.5,-67.5,-37.5,-97.5,7.5,-22.5,-67.5,-37.5,-97.5,7.5,-22.5,7.5,37.5,-22.5,57.5,27.5,0.0,0.0,0.0,0.0,0.0,82.5,112.5,52.5,-105.0,-135.0
2021-11-19 00:00:00+00:00,-347.5,-287.5,-407.5,-460.0,-520.0,-260.0,-200.0,-320.0,-410.0,-470.0,-285.0,-225.0,-345.0,-585.0,-645.0,-777.5,-687.5,-867.5,-1002.5,-1092.5,-777.5,-687.5,-867.5,-1002.5,-1092.5,-760.0,-700.0,-820.0,-997.5,-1057.5,-1235.0,-1175.0,-1295.0,-1435.0,-1495.0,-1310.0,-1250.0,-1370.0,-1067.5,-1097.5,-1017.5,-987.5,-1047.5,-1067.5,-1097.5,0.0,0.0,0.0,0.0,0.0,-1417.5,-1387.5,-1447.5,-1417.5,-1447.5
2021-11-22 00:00:00+00:00,30.0,150.0,-90.0,-307.5,-427.5,-140.0,-50.0,-230.0,-340.0,-430.0,37.5,187.5,-112.5,-212.5,-362.5,-27.5,62.5,-117.5,10.0,-80.0,15.0,75.0,-45.0,65.0,5.0,-5.0,25.0,-35.0,-5.0,-35.0,90.0,150.0,30.0,240.0,180.0,107.5,137.5,77.5,95.0,65.0,0.0,0.0,0.0,0.0,0.0,0.0,0.0,0.0,0.0,0.0,220.0,250.0,190.0,-42.5,-72.5
2021-11-23 00:00:00+00:00,-350.0,-200.0,-500.0,-12.5,-162.5,395.0,425.0,365.0,645.0,615.0,345.0,375.0,315.0,107.5,77.5,-2.5,87.5,-92.5,-315.0,-405.0,-2.5,87.5,-92.5,-315.0,-405.0,0.0,0.0,0.0,0.0,0.0,-80.0,-50.0,-110.0,45.0,15.0,-80.0,-50.0,-110.0,45.0,15.0,-80.0,-50.0,-110.0,45.0,15.0,0.0,0.0,0.0,0.0,0.0,470.0,500.0,440.0,732.5,702.5
2021-11-24 00:00:00+00:00,122.5,212.5,32.5,-227.5,-317.5,-27.5,62.5,-117.5,-452.5,-542.5,-210.0,-150.0,-270.0,-222.5,-282.5,-265.0,-175.0,-355.0,60.0,-30.0,-102.5,-12.5,-192.5,-15.0,-105.0,72.5,162.5,-17.5,-2.5,-92.5,-27.5,62.5,-117.5,-215.0,-305.0,160.0,250.0,70.0,-40.0,-130.0,335.0,425.0,245.0,-27.5,-117.5,0.0,0.0,0.0,0.0,0.0,-205.0,-175.0,-235.0,-180.0,-210.0
2021-11-25 00:00:00+00:00,-270.0,-150.0,-390.0,-295.0,-415.0,-215.0,-125.0,-305.0,-240.0,-330.0,-302.5,-212.5,-392.5,-302.5,-392.5,-302.5,-212.5,-392.5,-140.0,-230.0,-215.0,-125.0,-305.0,-115.0,-205.0,-210.0,-150.0,-270.0,-72.5,-132.5,-222.5,-162.5,-282.5,-85.0,-145.0,-135.0,-75.0,-195.0,-35.0,-95.0,-47.5,12.5,-107.5,65.0,5.0,0.0,0.0,0.0,0.0,0.0,-242.5,-212.5,-272.5,-205.0,-235.0
2021-11-26 00:00:00+00:00,-755.0,-575.0,-935.0,-580.0,-760.0,-800.0,-650.0,-950.0,-675.0,-825.0,-345.0,-225.0,-465.0,-607.5,-727.5,-252.5,-162.5,-342.5,-402.5,-492.5,-252.5,-162.5,-342.5,-402.5,-492.5,0.0,0.0,0.0,0.0,0.0,777.5,837.5,717.5,1140.0,1080.0,977.5,1037.5,917.5,727.5,667.5,0.0,0.0,0.0,0.0,0.0,0.0,0.0,0.0,0.0,0.0,-367.5,-337.5,-397.5,120.0,90.0
2021-11-29 00:00:00+00:00,367.5,487.5,247.5,310.0,220.0,272.5,362.5,182.5,247.5,157.5,-427.5,-337.5,-517.5,-265.0,-355.0,-5.0,25.0,-35.0,32.5,2.5,-5.0,25.0,-35.0,32.5,2.5,-5.0,25.0,-35.0,32.5,2.5,165.0,225.0,105.0,377.5,317.5,-17.5,12.5,-47.5,95.0,65.0,0.0,0.0,0.0,0.0,0.0,0.0,0.0,0.0,0.0,0.0,332.5,362.5,302.5,257.5,227.5
2021-11-30 00:00:00+00:00,-455.0,-275.0,-635.0,-305.0,-485.0,-675.0,-525.0,-825.0,-495.0,-615.0,130.0,250.0,10.0,-470.0,-590.0,85.0,175.0,-5.0,622.5,532.5,85.0,175.0,-5.0,622.5,532.5,0.0,0.0,0.0,0.0,0.0,77.5,137.5,17.5,65.0,5.0,-30.0,0.0,-60.0,20.0,-10.0,-30.0,0.0,-60.0,20.0,-10.0,0.0,0.0,0.0,0.0,0.0,482.5,512.5,452.5,382.5,352.5
2021-12-01 00:00:00+00:00,590.0,650.0,530.0,515.0,455.0,327.5,387.5,267.5,365.0,305.0,267.5,387.5,147.5,235.0,145.0,-72.5,-12.5,-132.5,-47.5,-107.5,-72.5,-12.5,-132.5,-47.5,-107.5,165.0,225.0,105.0,165.0,105.0,352.5,412.5,292.5,402.5,342.5,302.5,362.5,242.5,415.0,355.0,145.0,175.0,115.0,220.0,190.0,0.0,0.0,0.0,0.0,0.0,582.5,612.5,552.5,645.0,615.0
2021-12-02 00:00:00+00:00,510.0,600.0,420.0,-527.5,-617.5,-245.0,-125.0,-365.0,-882.5,-1002.5,-545.0,-425.0,-665.0,-595.0,-715.0,-77.5,12.5,-167.5,410.0,320.0,435.0,525.0,345.0,260.0,170.0,240.0,300.0,180.0,390.0,330.0,40.0,100.0,-20.0,2.5,-57.5,40.0,100.0,-20.0,2.5,-57.5,670.0,700.0,640.0,420.0,390.0,0.0,0.0,0.0,0.0,0.0,-30.0,0.0,-60.0,-255.0,-285.0
2021-12-03 00:00:00+00:00,-795.0,-675.0,-915.0,-670.0,-790.0,-115.0,-25.0,-205.0,-90.0,-180.0,-447.5,-387.5,-507.5,-297.5,-357.5,-7.5,112.5,-127.5,-182.5,-302.5,35.0,125.0,-55.0,-177.5,-267.5,152.5,212.5,92.5,227.5,167.5,-182.5,-62.5,-302.5,-232.5,-352.5,-10.0,50.0,-70.0,-185.0,-245.0,-17.5,12.5,-47.5,-5.0,-35.0,0.0,0.0,0.0,0.0,0.0,-192.5,-162.5,-222.5,-155.0,-185.0
2021-12-06 00:00:00+00:00,155.0,275.0,35.0,-757.5,-877.5,540.0,600.0,480.0,40.0,-20.0,-372.5,-312.5,-432.5,-805.0,-835.0,-1285.0,-1225.0,-1345.0,-422.5,-482.5,-1285.0,-1225.0,-1345.0,-422.5,-482.5,-685.0,-625.0,-745.0,-360.0,-420.0,-980.0,-950.0,-1010.0,-867.5,-897.5,-630.0,-600.0,-660.0,-742.5,-772.5,-630.0,-600.0,-660.0,-642.5,-672.5,0.0,0.0,0.0,0.0,0.0,-792.5,-762.5,-822.5,-955.0,-985.0
2021-12-07 00:00:00+00:00,360.0,450.0,270.0,85.0,-5.0,177.5,237.5,117.5,27.5,-32.5,545.0,575.0,515.0,457.5,427.5,52.5,112.5,-7.5,152.5,92.5,190.0,250.0,130.0,157.5,127.5,190.0,250.0,130.0,157.5,127.5,20.0,50.0,-10.0,182.5,152.5,95.0,125.0,65.0,32.5,2.5,0.0,0.0,0.0,0.0,0.0,0.0,0.0,0.0,0.0,0.0,545.0,575.0,515.0,457.5,427.5
2021-12-08 00:00:00+00:00,-625.0,-475.0,-775.0,-662.5,-812.5,455.0,575.0,335.0,755.0,635.0,-317.5,-287.5,-347.5,-317.5,-347.5,-270.0,-150.0,-390.0,-270.0,-390.0,-302.5,-212.5,-392.5,-240.0,-330.0,-310.0,-250.0,-370.0,-197.5,-257.5,-347.5,-287.5,-407.5,-297.5,-357.5,-347.5,-287.5,-407.5,-297.5,-357.5,-235.0,-175.0,-295.0,-210.0,-270.0,0.0,0.0,0.0,0.0,0.0,82.5,112.5,52.5,432.5,402.5
2021-12-09 00:00:00+00:00,-27.5,62.5,-117.5,-227.5,-317.5,-297.5,-237.5,-357.5,-622.5,-682.5,-30.0,0.0,-60.0,-5.0,-35.0,-427.5,-337.5,-517.5,135.0,45.0,-165.0,-75.0,-255.0,-40.0,-130.0,-72.5,-12.5,-132.5,-10.0,-70.0,135.0,225.0,45.0,-2.5,-92.5,135.0,225.0,45.0,-2.5,-92.5,372.5,462.5,282.5,185.0,95.0,0.0,0.0,0.0,0.0,0.0,-517.5,-487.5,-547.5,-430.0,-460.0
2021-12-10 00:00:00+00:00,112.5,262.5,-37.5,175.0,25.0,175.0,325.0,25.0,187.5,37.5,247.5,337.5,157.5,535.0,445.0,65.0,125.0,5.0,52.5,-7.5,20.0,50.0,-10.0,70.0,40.0,20.0,50.0,-10.0,70.0,40.0,90.0,150.0,30.0,40.0,-20.0,0.0,0.0,0.0,0.0,0.0,0.0,0.0,0.0,0.0,0.0,0.0,0.0,0.0,0.0,0.0,445.0,475.0,415.0,545.0,515.0
2021-12-13 00:00:00+00:00,-325.0,-175.0,-475.0,-150.0,-300.0,-152.5,-62.5,-242.5,47.5,-42.5,-322.5,-262.5,-382.5,-335.0,-395.0,85.0,175.0,-5.0,-77.5,-167.5,85.0,175.0,-5.0,-77.5,-167.5,202.5,262.5,142.5,27.5,-32.5,20.0,50.0,-10.0,70.0,40.0,20.0,50.0,-10.0,70.0,40.0,20.0,50.0,-10.0,70.0,40.0,0.0,0.0,0.0,0.0,0.0,70.0,100.0,40.0,-92.5,-122.5
2021-12-14 00:00:00+00:00,-312.5,-162.5,-462.5,-350.0,-500.0,-865.0,-775.0,-955.0,-440.0,-530.0,-55.0,-25.0,-85.0,-80.0,-110.0,-990.0,-900.0,-1080.0,-940.0,-1030.0,-402.5,-312.5,-492.5,-365.0,-455.0,-635.0,-575.0,-695.0,-647.5,-707.5,-990.0,-900.0,-1080.0,-1102.5,-1192.5,-1160.0,-1100.0,-1220.0,-1297.5,-1357.5,-572.5,-512.5,-632.5,-722.5,-782.5,0.0,0.0,0.0,0.0,0.0,-1117.5,-1087.5,-1147.5,-1117.5,-1147.5
2021-12-15 00:00:00+00:00,-220.0,-100.0,-340.0,-270.0,-390.0,-415.0,-325.0,-505.0,-440.0,-530.0,-235.0,-175.0,-295.0,-235.0,-295.0,-352.5,-262.5,-442.5,-177.5,-267.5,-102.5,-12.5,-192.5,-52.5,-142.5,-17.5,12.5,-47.5,32.5,2.5,-472.5,-412.5,-532.5,-410.0,-470.0,52.5,112.5,-7.5,27.5,-32.5,-35.0,25.0,-95.0,-5.0,-35.0,0.0,0.0,0.0,0.0,0.0,-405.0,-375.0,-435.0,-367.5,-397.5
2021-12-16 00:00:00+00:00,457.5,637.5,277.5,520.0,340.0,685.0,775.0,595.0,597.5,507.5,590.0,650.0,530.0,590.0,530.0,10.0,100.0,-80.0,-65.0,-155.0,-80.0,-50.0,-110.0,-5.0,-35.0,-80.0,-50.0,-110.0,-5.0,-35.0,32.5,62.5,2.5,95.0,65.0,70.0,100.0,40.0,7.5,-22.5,0.0,0.0,0.0,0.0,0.0,0.0,0.0,0.0,0.0,0.0,757.5,787.5,727.5,657.5,627.5
2021-12-20 00:00:00+00:00,155.0,275.0,35.0,142.5,22.5,640.0,700.0,580.0,702.5,642.5,532.5,562.5,502.5,457.5,427.5,662.5,812.5,512.5,625.0,475.0,277.5,337.5,217.5,527.5,467.5,0.0,0.0,0.0,0.0,0.0,-105.0,-75.0,-135.0,82.5,52.5,-105.0,-75.0,-135.0,82.5,52.5,182.5,212.5,152.5,220.0,190.0,0.0,0.0,0.0,0.0,0.0,870.0,900.0,840.0,1107.5,1077.5
2021-12-21 00:00:00+00:00,847.5,937.5,757.5,685.0,595.0,740.0,800.0,680.0,652.5,592.5,240.0,300.0,180.0,365.0,305.0,-267.5,-237.5,-297.5,-242.5,-272.5,-267.5,-237.5,-297.5,-242.5,-272.5,-267.5,-237.5,-297.5,-242.5,-272.5,157.5,187.5,127.5,357.5,327.5,157.5,187.5,127.5,357.5,327.5,295.0,325.0,265.0,220.0,190.0,0.0,0.0,0.0,0.0,0.0,807.5,837.5,777.5,870.0,840.0
2021-12-22 00:00:00+00:00,-142.5,37.5,-322.5,95.0,-85.0,172.5,262.5,82.5,235.0,145.0,30.0,150.0,-90.0,342.5,222.5,215.0,275.0,155.0,140.0,80.0,240.0,300.0,180.0,90.0,30.0,232.5,262.5,202.5,82.5,52.5,335.0,425.0,245.0,35.0,-55.0,0.0,0.0,0.0,0.0,0.0,0.0,0.0,0.0,0.0,0.0,0.0,0.0,0.0,0.0,0.0,657.5,687.5,627.5,620.0,590.0
2021-12-23 00:00:00+00:00,47.5,137.5,-42.5,97.5,7.5,147.5,237.5,57.5,22.5,-67.5,140.0,200.0,80.0,77.5,17.5,-90.0,0.0,-180.0,35.0,-55.0,32.5,62.5,2.5,82.5,52.5,32.5,62.5,2.5,82.5,52.5,-5.0,25.0,-35.0,-5.0,-35.0,0.0,0.0,0.0,0.0,0.0,0.0,0.0,0.0,0.0,0.0,0.0,0.0,0.0,0.0,0.0,232.5,262.5,202.5,207.5,177.5
2021-12-27 00:00:00+00:00,-262.5,-112.5,-412.5,-37.5,-187.5,-280.0,-100.0,-460.0,20.0,-160.0,35.0,125.0,-55.0,47.5,-42.5,162.5,312.5,12.5,17.5,-102.5,167.5,287.5,47.5,-2.5,-92.5,190.0,250.0,130.0,-42.5,-72.5,135.0,225.0,45.0,2.5,-57.5,135.0,225.0,45.0,2.5,-57.5,-55.0,-25.0,-85.0,0.0,0.0,0.0,0.0,0.0,0.0,0.0,120.0,150.0,90.0,282.5,252.5
2021-12-28 00:00:00+00:00,25.0,175.0,-125.0,-50.0,-200.0,-87.5,62.5,-237.5,25.0,-125.0,165.0,225.0,105.0,190.0,130.0,105.0,225.0,-15.0,-120.0,-240.0,115.0,175.0,55.0,-85.0,-145.0,70.0,100.0,40.0,-92.5,-122.5,115.0,175.0,55.0,-35.0,-95.0,45.0,75.0,15.0,57.5,27.5,0.0,0.0,0.0,0.0,0.0,0.0,0.0,0.0,0.0,0.0,245.0,275.0,215.0,145.0,115.0
2021-12-29 00:00:00+00:00,-307.5,-187.5,-427.5,-190.0,-280.0,-257.5,-137.5,-377.5,-182.5,-302.5,-175.0,-25.0,-325.0,-162.5,-312.5,-212.5,-62.5,-362.5,-375.0,-525.0,-212.5,-62.5,-362.5,-375.0,-525.0,-160.0,-100.0,-220.0,-297.5,-357.5,-190.0,-100.0,-280.0,-377.5,-467.5,-177.5,-87.5,-267.5,-390.0,-480.0,-247.5,-187.5,-307.5,-435.0,-495.0,0.0,0.0,0.0,0.0,0.0,-317.5,-287.5,-347.5,-405.0,-435.0
2021-12-30 00:00:00+00:00,-112.5,37.5,-262.5,-100.0,-250.0,77.5,137.5,17.5,2.5,-57.5,110.0,200.0,20.0,-72.5,-132.5,-85.0,-25.0,-145.0,-147.5,-207.5,40.0,100.0,-20.0,-47.5,-107.5,102.5,162.5,42.5,-72.5,-132.5,-80.0,-50.0,-110.0,-5.0,-35.0,-17.5,12.5,-47.5,-30.0,-60.0,-17.5,12.5,-47.5,-30.0,-60.0,0.0,0.0,0.0,0.0,0.0,332.5,362.5,302.5,170.0,140.0
2021-12-31 00:00:00+00:00,-457.5,-337.5,-577.5,-515.0,-605.0,-135.0,-75.0,-195.0,-335.0,-395.0,-35.0,25.0,-95.0,-272.5,-332.5,-120.0,0.0,-240.0,80.0,-40.0,-45.0,75.0,-165.0,105.0,-15.0,-110.0,-50.0,-170.0,40.0,-20.0,-82.5,37.5,-202.5,-57.5,-177.5,-97.5,-37.5,-157.5,-60.0,-120.0,-97.5,-37.5,-157.5,-60.0,-120.0,0.0,0.0,0.0,0.0,0.0,-330.0,-300.0,-360.0,-380.0,-410.0
2022-01-03 00:00:00+00:00,455.0,575.0,335.0,555.0,435.0,377.5,437.5,317.5,465.0,405.0,297.5,387.5,207.5,510.0,420.0,7.5,37.5,-22.5,-17.5,-47.5,7.5,37.5,-22.5,-17.5,-47.5,0.0,0.0,0.0,0.0,0.0,77.5,137.5,17.5,-60.0,-120.0,7.5,37.5,-22.5,-17.5,-47.5,95.0,125.0,65.0,20.0,-10.0,0.0,0.0,0.0,0.0,0.0,570.0,600.0,540.0,682.5,652.5
2022-01-04 00:00:00+00:00,280.0,400.0,160.0,105.0,-15.0,167.5,287.5,47.5,80.0,-40.0,352.5,412.5,292.5,352.5,292.5,60.0,150.0,-30.0,222.5,132.5,60.0,150.0,-30.0,222.5,132.5,95.0,125.0,65.0,107.5,77.5,40.0,100.0,-20.0,90.0,30.0,45.0,75.0,15.0,57.5,27.5,0.0,0.0,0.0,0.0,0.0,0.0,0.0,0.0,0.0,0.0,532.5,562.5,502.5,520.0,490.0
2022-01-05 00:00:00+00:00,-57.5,62.5,-177.5,-145.0,-265.0,77.5,137.5,17.5,-47.5,-107.5,57.5,87.5,27.5,70.0,40.0,-107.5,12.5,-227.5,-227.5,-317.5,-115.0,-25.0,-205.0,-60.0,-120.0,-85.0,-25.0,-145.0,-60.0,-120.0,-155.0,-125.0,-185.0,-67.5,-97.5,-155.0,-125.0,-185.0,-67.5,-97.5,-142.5,-112.5,-172.5,-92.5,-122.5,0.0,0.0,0.0,0.0,0.0,45.0,75.0,15.0,82.5,52.5
2022-01-06 00:00:00+00:00,-220.0,-100.0,-340.0,42.5,-77.5,90.0,150.0,30.0,140.0,80.0,-532.5,-412.5,-652.5,-220.0,-340.0,-27.5,62.5,-117.5,-227.5,-317.5,197.5,287.5,107.5,65.0,5.0,0.0,0.0,0.0,0.0,0.0,-122.5,-62.5,-182.5,27.5,-32.5,-230.0,-200.0,-260.0,-130.0,-160.0,-130.0,-100.0,-160.0,0.0,0.0,0.0,0.0,0.0,0.0,0.0,-142.5,-112.5,-172.5,282.5,252.5
2022-01-07 00:00:00+00:00,455.0,575.0,335.0,417.5,297.5,142.5,262.5,22.5,180.0,60.0,165.0,225.0,105.0,65.0,5.0,277.5,337.5,217.5,290.0,230.0,252.5,312.5,192.5,215.0,155.0,252.5,312.5,192.5,215.0,155.0,397.5,487.5,307.5,160.0,70.0,70.0,100.0,40.0,-17.5,-47.5,0.0,0.0,0.0,0.0,0.0,0.0,0.0,0.0,0.0,0.0,795.0,825.0,765.0,682.5,652.5
2022-01-10 00:00:00+00:00,-475.0,-325.0,-625.0,300.0,150.0,-115.0,-25.0,-205.0,-390.0,-480.0,-105.0,-75.0,-135.0,-142.5,-172.5,-102.5,-12.5,-192.5,-435.0,-495.0,135.0,225.0,45.0,-235.0,-295.0,-92.5,-62.5,-122.5,-267.5,-297.5,-35.0,25.0,-95.0,-285.0,-345.0,-392.5,-362.5,-422.5,-430.0,-460.0,-155.0,-125.0,-185.0,-230.0,-260.0,0.0,0.0,0.0,0.0,0.0,-180.0,-150.0,-210.0,-142.5,-172.5
2022-01-11 00:00:00+00:00,540.0,600.0,480.0,390.0,330.0,460.0,550.0,370.0,385.0,295.0,657.5,687.5,627.5,557.5,527.5,35.0,125.0,-55.0,-15.0,-105.0,-22.5,37.5,-82.5,27.5,-32.5,90.0,150.0,30.0,152.5,92.5,-85.0,-25.0,-145.0,215.0,155.0,115.0,175.0,55.0,177.5,117.5,115.0,175.0,55.0,177.5,117.5,0.0,0.0,0.0,0.0,0.0,532.5,562.5,502.5,545.0,515.0
2022-01-12 00:00:00+00:00,-180.0,0.0,-360.0,-337.5,-487.5,92.5,212.5,-27.5,322.5,232.5,152.5,212.5,92.5,27.5,-32.5,405.0,525.0,285.0,17.5,-102.5,102.5,162.5,42.5,-97.5,-157.5,70.0,100.0,40.0,-117.5,-147.5,415.0,475.0,355.0,115.0,55.0,415.0,475.0,355.0,115.0,55.0,0.0,0.0,0.0,0.0,0.0,0.0,0.0,0.0,0.0,0.0,695.0,725.0,665.0,407.5,377.5
2022-01-13 00:00:00+00:00,-102.5,-12.5,-192.5,-40.0,-130.0,182.5,212.5,152.5,145.0,115.0,-85.0,-25.0,-145.0,15.0,-45.0,5.0,125.0,-115.0,17.5,-102.5,-40.0,50.0,-130.0,152.5,92.5,0.0,0.0,0.0,0.0,0.0,27.5,87.5,-32.5,32.5,2.5,27.5,87.5,-32.5,32.5,2.5,-55.0,-25.0,-85.0,0.0,0.0,0.0,0.0,0.0,0.0,0.0,145.0,175.0,115.0,157.5,127.5
2022-01-14 00:00:00+00:00,197.5,287.5,107.5,-127.5,-217.5,127.5,187.5,67.5,-172.5,-232.5,-337.5,-187.5,-487.5,-300.0,-450.0,-415.0,-325.0,-505.0,-322.5,-382.5,-510.0,-450.0,-570.0,-180.0,-210.0,170.0,200.0,140.0,95.0,65.0,385.0,475.0,295.0,-190.0,-280.0,-55.0,-25.0,-85.0,-142.5,-172.5,295.0,325.0,265.0,157.5,127.5,0.0,0.0,0.0,0.0,0.0,-92.5,-62.5,-122.5,-305.0,-335.0
2022-01-17 00:00:00+00:00,22.5,112.5,-67.5,-165.0,-255.0,-295.0,-175.0,-415.0,-107.5,-227.5,220.0,250.0,190.0,295.0,265.0,-15.0,75.0,-105.0,260.0,170.0,-15.0,75.0,-105.0,260.0,170.0,-35.0,25.0,-95.0,115.0,55.0,7.5,37.5,-22.5,82.5,52.5,70.0,100.0,40.0,145.0,115.0,82.5,112.5,52.5,170.0,140.0,0.0,0.0,0.0,0.0,0.0,232.5,262.5,202.5,357.5,327.5
2022-01-18 00:00:00+00:00,-580.0,-400.0,-760.0,-117.5,-297.5,-540.0,-450.0,-630.0,-377.5,-467.5,-342.5,-312.5,-372.5,-155.0,-185.0,-602.5,-512.5,-692.5,-477.5,-567.5,-602.5,-512.5,-692.5,-477.5,-567.5,-410.0,-350.0,-470.0,-222.5,-282.5,-190.0,-100.0,-280.0,-202.5,-292.5,-85.0,-25.0,-145.0,-235.0,-295.0,-85.0,-25.0,-145.0,-235.0,-295.0,0.0,0.0,0.0,0.0,0.0,-492.5,-462.5,-522.5,-430.0,-460.0
2022-01-19 00:00:00+00:00,275.0,425.0,125.0,-475.0,-625.0,50.0,200.0,-100.0,-687.5,-837.5,545.0,575.0,515.0,345.0,315.0,350.0,500.0,200.0,-37.5,-187.5,692.5,812.5,572.5,22.5,-67.5,360.0,450.0,270.0,-35.0,-95.0,785.0,875.0,695.0,140.0,80.0,332.5,362.5,302.5,57.5,27.5,0.0,0.0,0.0,0.0,0.0,0.0,0.0,0.0,0.0,0.0,870.0,900.0,840.0,770.0,740.0
2022-01-20 00:00:00+00:00,-25.0,125.0,-175.0,75.0,-75.0,-150.0,0.0,-300.0,-437.5,-587.5,332.5,362.5,302.5,170.0,140.0,472.5,562.5,382.5,372.5,282.5,365.0,425.0,305.0,365.0,305.0,0.0,0.0,0.0,0.0,0.0,282.5,312.5,252.5,270.0,240.0,282.5,312.5,252.5,270.0,240.0,282.5,312.5,252.5,270.0,240.0,0.0,0.0,0.0,0.0,0.0,395.0,425.0,365.0,445.0,415.0
2022-01-21 00:00:00+00:00,-637.5,-487.5,-787.5,-675.0,-825.0,-45.0,75.0,-165.0,-307.5,-427.5,-82.5,37.5,-202.5,-245.0,-365.0,155.0,275.0,35.0,205.0,85.0,-7.5,112.5,-127.5,-257.5,-377.5,-35.0,25.0,-95.0,-472.5,-532.5,-172.5,-112.5,-232.5,-35.0,-95.0,-367.5,-337.5,-397.5,-392.5,-422.5,-367.5,-337.5,-397.5,-392.5,-422.5,0.0,0.0,0.0,0.0,0.0,-667.5,-637.5,-697.5,-592.5,-622.5
2022-01-24 00:00:00+00:00,-457.5,-337.5,-577.5,-370.0,-490.0,-540.0,-450.0,-630.0,-515.0,-605.0,-910.0,-850.0,-970.0,182.5,152.5,-1735.0,-1675.0,-1795.0,-1397.5,-1457.5,-1535.0,-1475.0,-1595.0,-1110.0,-1170.0,-1535.0,-1475.0,-1595.0,-1110.0,-1170.0,-1117.5,-1087.5,-1147.5,-1105.0,-1135.0,-1117.5,-1087.5,-1147.5,-1105.0,-1135.0,-1117.5,-1087.5,-1147.5,-1105.0,-1135.0,0.0,0.0,0.0,0.0,0.0,-1080.0,-1050.0,-1110.0,-1267.5,-1297.5
2022-01-25 00:00:00+00:00,922.5,1012.5,832.5,760.0,670.0,-432.5,-312.5,-552.5,-245.0,-365.0,365.0,425.0,305.0,-110.0,-170.0,-247.5,-187.5,-307.5,40.0,-20.0,-247.5,-187.5,-307.5,40.0,-20.0,-180.0,-150.0,-210.0,120.0,90.0,-540.0,-450.0,-630.0,-877.5,-967.5,70.0,100.0,40.0,-55.0,-85.0,70.0,100.0,40.0,-55.0,-85.0,0.0,0.0,0.0,0.0,0.0,182.5,212.5,152.5,182.5,152.5
2022-01-26 00:00:00+00:00,1272.5,1362.5,1182.5,715.0,655.0,1110.0,1200.0,1020.0,635.0,545.0,997.5,1087.5,907.5,935.0,845.0,165.0,225.0,105.0,402.5,342.5,82.5,112.5,52.5,195.0,165.0,82.5,112.5,52.5,195.0,165.0,370.0,400.0,340.0,457.5,427.5,395.0,425.0,365.0,295.0,265.0,0.0,0.0,0.0,0.0,0.0,0.0,0.0,0.0,0.0,0.0,1407.5,1437.5,1377.5,1345.0,1315.0
2022-01-27 00:00:00+00:00,417.5,537.5,297.5,-245.0,-365.0,1152.5,1212.5,1092.5,677.5,617.5,682.5,712.5,652.5,207.5,177.5,-385.0,-325.0,-445.0,502.5,442.5,90.0,150.0,30.0,927.5,867.5,132.5,162.5,102.5,557.5,527.5,240.0,300.0,180.0,40.0,-20.0,-30.0,0.0,-60.0,57.5,27.5,445.0,475.0,415.0,482.5,452.5,0.0,0.0,0.0,0.0,0.0,807.5,837.5,777.5,695.0,665.0
2022-01-28 00:00:00+00:00,-1417.5,-1237.5,-1597.5,-130.0,-310.0,-950.0,-800.0,-1100.0,62.5,-87.5,-1022.5,-962.5,-1082.5,-22.5,-82.5,1220.0,1400.0,1040.0,-80.0,-260.0,1150.0,1300.0,1000.0,-350.0,-500.0,510.0,600.0,420.0,310.0,220.0,122.5,212.5,32.5,-1602.5,-1692.5,-467.5,-437.5,-497.5,-467.5,-497.5,-467.5,-437.5,-497.5,-467.5,-497.5,0.0,0.0,0.0,0.0,0.0,-1455.0,-1425.0,-1485.0,-1167.5,-1197.5
2022-01-31 00:00:00+00:00,-300.0,-150.0,-450.0,-287.5,-437.5,-422.5,-362.5,-482.5,-72.5,-132.5,-455.0,-425.0,-485.0,-330.0,-360.0,-370.0,-250.0,-490.0,-1270.0,-1390.0,-370.0,-250.0,-490.0,-1270.0,-1390.0,-572.5,-512.5,-632.5,-847.5,-907.5,-830.0,-800.0,-860.0,-855.0,-885.0,-830.0,-800.0,-860.0,-855.0,-885.0,-830.0,-800.0,-860.0,-855.0,-885.0,0.0,0.0,0.0,0.0,0.0,-980.0,-950.0,-1010.0,-1042.5,-1072.5
2022-02-01 00:00:00+00:00,-657.5,-537.5,-777.5,-907.5,-1027.5,-457.5,-337.5,-577.5,-382.5,-502.5,-552.5,-462.5,-642.5,-402.5,-492.5,-527.5,-437.5,-617.5,247.5,157.5,-310.0,-250.0,-370.0,27.5,-32.5,-197.5,-137.5,-257.5,90.0,30.0,-35.0,25.0,-95.0,65.0,5.0,-35.0,25.0,-95.0,65.0,5.0,-35.0,25.0,-95.0,65.0,5.0,0.0,0.0,0.0,0.0,0.0,-667.5,-637.5,-697.5,-730.0,-760.0
2022-02-02 00:00:00+00:00,37.5,187.5,-112.5,-132.5,-252.5,215.0,275.0,155.0,290.0,230.0,295.0,325.0,265.0,332.5,302.5,-127.5,-37.5,-217.5,-177.5,-267.5,-147.5,-87.5,-207.5,-247.5,-307.5,-167.5,-137.5,-197.5,-167.5,-197.5,177.5,237.5,117.5,-22.5,-82.5,-92.5,-62.5,-122.5,-117.5,-147.5,-92.5,-62.5,-122.5,-117.5,-147.5,0.0,0.0,0.0,0.0,0.0,645.0,675.0,615.0,482.5,452.5
2022-02-03 00:00:00+00:00,-975.0,-825.0,-1125.0,-712.5,-862.5,-507.5,-387.5,-627.5,-470.0,-590.0,-155.0,-125.0,-185.0,-42.5,-72.5,-95.0,25.0,-215.0,-145.0,-265.0,-215.0,-125.0,-305.0,-90.0,-180.0,-72.5,-12.5,-132.5,-147.5,-207.5,-270.0,-150.0,-390.0,-282.5,-402.5,30.0,150.0,-90.0,-70.0,-190.0,10.0,100.0,-80.0,-152.5,-242.5,0.0,0.0,0.0,0.0,0.0,-730.0,-700.0,-760.0,-530.0,-560.0
2022-02-04 00:00:00+00:00,-527.5,-437.5,-617.5,-427.5,-517.5,-627.5,-537.5,-717.5,-365.0,-455.0,-5.0,25.0,-35.0,-230.0,-260.0,-1620.0,-1500.0,-1740.0,-1295.0,-1415.0,-1082.5,-962.5,-1202.5,-1307.5,-1427.5,-1140.0,-1050.0,-1230.0,-1227.5,-1317.5,-1535.0,-1475.0,-1595.0,-1610.0,-1670.0,-1460.0,-1400.0,-1520.0,-1560.0,-1620.0,-1160.0,-1100.0,-1220.0,-1497.5,-1557.5,0.0,0.0,0.0,0.0,0.0,-2355.0,-2325.0,-2385.0,-2280.0,-2310.0
2022-02-07 00:00:00+00:00,-437.5,-287.5,-587.5,-550.0,-700.0,-657.5,-537.5,-777.5,-452.5,-542.5,-507.5,-387.5,-627.5,-815.0,-905.0,222.5,312.5,132.5,310.0,220.0,185.0,275.0,95.0,360.0,270.0,-80.0,-50.0,-110.0,57.5,27.5,215.0,275.0,155.0,215.0,155.0,190.0,250.0,130.0,315.0,255.0,365.0,425.0,305.0,515.0,455.0,0.0,0.0,0.0,0.0,0.0,-180.0,-150.0,-210.0,-192.5,-222.5
2022-02-08 00:00:00+00:00,60.0,150.0,-30.0,-27.5,-117.5,-185.0,-125.0,-245.0,-322.5,-382.5,257.5,287.5,227.5,-142.5,-172.5,-997.5,-937.5,-1057.5,-885.0,-945.0,-960.0,-900.0,-1020.0,-847.5,-907.5,-535.0,-475.0,-595.0,-560.0,-620.0,-685.0,-625.0,-745.0,-835.0,-895.0,-422.5,-362.5,-482.5,-585.0,-645.0,-297.5,-237.5,-357.5,-322.5,-382.5,0.0,0.0,0.0,0.0,0.0,-905.0,-875.0,-935.0,-1005.0,-1035.0
2022-02-09 00:00:00+00:00,-335.0,-125.0,-545.0,-247.5,-457.5,-7.5,112.5,-127.5,-132.5,-252.5,-77.5,12.5,-167.5,-2.5,-92.5,-20.0,100.0,-140.0,-57.5,-177.5,47.5,137.5,-42.5,147.5,57.5,-35.0,25.0,-95.0,165.0,105.0,97.5,187.5,7.5,240.0,180.0,90.0,150.0,30.0,240.0,180.0,107.5,137.5,77.5,195.0,165.0,0.0,0.0,0.0,0.0,0.0,182.5,212.5,152.5,332.5,302.5
2022-02-10 00:00:00+00:00,-192.5,-12.5,-372.5,20.0,-160.0,-162.5,-12.5,-312.5,-100.0,-250.0,-220.0,-100.0,-340.0,-57.5,-177.5,150.0,300.0,0.0,-137.5,-287.5,85.0,175.0,-5.0,-65.0,-155.0,0.0,0.0,0.0,0.0,0.0,242.5,362.5,122.5,55.0,-65.0,227.5,287.5,167.5,127.5,67.5,0.0,0.0,0.0,0.0,0.0,0.0,0.0,0.0,0.0,0.0,195.0,225.0,165.0,132.5,102.5
2022-02-11 00:00:00+00:00,35.0,125.0,-55.0,-327.5,-417.5,-422.5,-362.5,-482.5,-410.0,-470.0,-327.5,-237.5,-417.5,-152.5,-242.5,-2.5,87.5,-92.5,160.0,70.0,110.0,200.0,20.0,135.0,45.0,70.0,100.0,40.0,107.5,77.5,280.0,400.0,160.0,155.0,35.0,247.5,337.5,157.5,135.0,45.0,0.0,0.0,0.0,0.0,0.0,0.0,0.0,0.0,0.0,0.0,-30.0,0.0,-60.0,-180.0,-210.0
2022-02-14 00:00:00+00:00,-357.5,-237.5,-477.5,-70.0,-190.0,-970.0,-850.0,-1090.0,-445.0,-565.0,247.5,337.5,157.5,422.5,332.5,592.5,712.5,472.5,830.0,710.0,347.5,437.5,257.5,910.0,820.0,-30.0,0.0,-60.0,182.5,152.5,447.5,537.5,357.5,797.5,707.5,515.0,575.0,455.0,640.0,580.0,0.0,0.0,0.0,0.0,0.0,0.0,0.0,0.0,0.0,0.0,482.5,512.5,452.5,770.0,740.0
2022-02-15 00:00:00+00:00,-180.0,0.0,-360.0,507.5,327.5,285.0,375.0,195.0,660.0,570.0,455.0,575.0,335.0,230.0,110.0,1100.0,1250.0,950.0,-625.0,-775.0,1010.0,1100.0,920.0,-152.5,-242.5,940.0,1000.0,880.0,202.5,142.5,665.0,725.0,605.0,65.0,5.0,207.5,237.5,177.5,145.0,115.0,207.5,237.5,177.5,145.0,115.0,0.0,0.0,0.0,0.0,0.0,795.0,825.0,765.0,882.5,852.5
2022-02-16 00:00:00+00:00,-970.0,-850.0,-1090.0,-995.0,-1115.0,-785.0,-725.0,-845.0,-122.5,-182.5,-147.5,-87.5,-207.5,-580.0,-610.0,-152.5,-62.5,-242.5,-302.5,-392.5,-152.5,-62.5,-242.5,-302.5,-392.5,-235.0,-175.0,-295.0,-197.5,-257.5,-330.0,-300.0,-360.0,-542.5,-572.5,-480.0,-450.0,-510.0,-505.0,-535.0,-305.0,-275.0,-335.0,-330.0,-360.0,0.0,0.0,0.0,0.0,0.0,-717.5,-687.5,-747.5,-1017.5,-1047.5
2022-02-17 00:00:00+00:00,-32.5,87.5,-152.5,-282.5,-402.5,-695.0,-575.0,-815.0,-307.5,-427.5,-72.5,-12.5,-132.5,-110.0,-170.0,10.0,100.0,-80.0,297.5,207.5,247.5,337.5,157.5,247.5,157.5,195.0,225.0,165.0,45.0,15.0,72.5,162.5,-17.5,160.0,70.0,302.5,362.5,242.5,-60.0,-120.0,302.5,362.5,242.5,-60.0,-120.0,0.0,0.0,0.0,0.0,0.0,-205.0,-175.0,-235.0,57.5,27.5
2022-02-18 00:00:00+00:00,-487.5,-337.5,-637.5,-525.0,-675.0,-332.5,-212.5,-452.5,-570.0,-690.0,-270.0,-150.0,-390.0,-245.0,-365.0,-127.5,-37.5,-217.5,-27.5,-117.5,-310.0,-250.0,-370.0,-147.5,-207.5,215.0,275.0,155.0,165.0,105.0,-97.5,-37.5,-157.5,90.0,30.0,-122.5,-62.5,-182.5,190.0,130.0,302.5,362.5,242.5,440.0,380.0,0.0,0.0,0.0,0.0,0.0,-605.0,-575.0,-635.0,-492.5,-522.5
2022-02-21 00:00:00+00:00,-787.5,-637.5,-937.5,-250.0,-400.0,-865.0,-775.0,-955.0,-615.0,-705.0,-180.0,-150.0,-210.0,32.5,2.5,-1015.0,-925.0,-1105.0,-677.5,-767.5,-1015.0,-925.0,-1105.0,-677.5,-767.5,90.0,150.0,30.0,190.0,130.0,-1627.5,-1537.5,-1717.5,-1415.0,-1505.0,-1710.0,-1650.0,-1770.0,-1285.0,-1345.0,-330.0,-300.0,-360.0,-455.0,-485.0,0.0,0.0,0.0,0.0,0.0,-1917.5,-1887.5,-1947.5,-1267.5,-1297.5
2022-02-22 00:00:00+00:00,1255.0,1375.0,1135.0,2142.5,2022.5,1630.0,1750.0,1510.0,2392.5,2272.5,1190.0,1250.0,1130.0,1827.5,1767.5,92.5,212.5,-27.5,-70.0,-190.0,140.0,200.0,80.0,140.0,80.0,0.0,0.0,0.0,0.0,0.0,245.0,275.0,215.0,45.0,15.0,0.0,0.0,0.0,0.0,0.0,0.0,0.0,0.0,0.0,0.0,0.0,0.0,0.0,0.0,0.0,1932.5,1962.5,1902.5,2270.0,2240.0
2022-02-23 00:00:00+00:00,-445.0,-325.0,-565.0,-320.0,-440.0,-335.0,-275.0,-395.0,-547.5,-607.5,-155.0,-125.0,-185.0,-80.0,-110.0,-227.5,-137.5,-317.5,-77.5,-167.5,10.0,100.0,-80.0,-77.5,-167.5,-147.5,-87.5,-207.5,2.5,-57.5,-585.0,-525.0,-645.0,-797.5,-857.5,-297.5,-237.5,-357.5,-885.0,-945.0,-297.5,-237.5,-357.5,-885.0,-945.0,0.0,0.0,0.0,0.0,0.0,-717.5,-687.5,-747.5,-780.0,-810.0
2022-02-24 00:00:00+00:00,-375.0,-225.0,-525.0,-1582.5,-1702.5,165.0,225.0,105.0,-772.5,-832.5,-280.0,-250.0,-310.0,-517.5,-547.5,10.0,100.0,-80.0,-515.0,-605.0,-2.5,87.5,-92.5,-702.5,-792.5,77.5,137.5,17.5,-322.5,-382.5,-127.5,-37.5,-217.5,-415.0,-505.0,360.0,450.0,270.0,497.5,407.5,772.5,862.5,682.5,910.0,820.0,0.0,0.0,0.0,0.0,0.0,-655.0,-625.0,-685.0,-1055.0,-1085.0
2022-02-25 00:00:00+00:00,412.5,562.5,262.5,692.5,572.5,742.5,862.5,622.5,817.5,697.5,332.5,362.5,302.5,170.0,140.0,35.0,125.0,-55.0,122.5,32.5,35.0,125.0,-55.0,122.5,32.5,452.5,512.5,392.5,377.5,317.5,872.5,962.5,782.5,1135.0,1045.0,665.0,725.0,605.0,827.5,767.5,457.5,487.5,427.5,895.0,865.0,0.0,0.0,0.0,0.0,0.0,745.0,775.0,715.0,595.0,565.0
2022-02-28 00:00:00+00:00,-387.5,-237.5,-537.5,-375.0,-525.0,-365.0,-275.0,-455.0,-777.5,-867.5,-665.0,-575.0,-755.0,-202.5,-292.5,842.5,962.5,722.5,167.5,47.5,992.5,1112.5,872.5,167.5,47.5,202.5,262.5,142.5,-372.5,-432.5,1140.0,1200.0,1080.0,1252.5,1192.5,557.5,587.5,527.5,545.0,515.0,0.0,0.0,0.0,0.0,0.0,0.0,0.0,0.0,0.0,0.0,757.5,787.5,727.5,270.0,240.0
2022-03-01 00:00:00+00:00,-1257.5,-1137.5,-1377.5,-665.0,-755.0,95.0,125.0,65.0,-92.5,-122.5,-485.0,-425.0,-545.0,-180.0,-210.0,-1077.5,-987.5,-1167.5,-1090.0,-1180.0,-440.0,-350.0,-530.0,-427.5,-517.5,-1005.0,-975.0,-1035.0,-1005.0,-1035.0,-1667.5,-1637.5,-1697.5,-1442.5,-1472.5,-1667.5,-1637.5,-1697.5,-1442.5,-1472.5,-1105.0,-1075.0,-1135.0,-792.5,-822.5,0.0,0.0,0.0,0.0,0.0,-1892.5,-1862.5,-1922.5,-2255.0,-2285.0
2022-03-02 00:00:00+00:00,417.5,537.5,297.5,155.0,35.0,890.0,950.0,830.0,945.0,915.0,622.5,712.5,532.5,247.5,157.5,377.5,437.5,317.5,552.5,492.5,65.0,125.0,5.0,65.0,5.0,182.5,212.5,152.5,270.0,240.0,977.5,1037.5,917.5,1065.0,1005.0,1040.0,1100.0,980.0,702.5,642.5,507.5,537.5,477.5,507.5,477.5,0.0,0.0,0.0,0.0,0.0,1807.5,1837.5,1777.5,1882.5,1852.5
2022-03-03 00:00:00+00:00,-712.5,-562.5,-862.5,-475.0,-625.0,-675.0,-525.0,-825.0,-107.5,-227.5,-427.5,-337.5,-517.5,-602.5,-692.5,-52.5,37.5,-142.5,-202.5,-292.5,-197.5,-137.5,-257.5,-72.5,-132.5,82.5,112.5,52.5,132.5,102.5,-252.5,-162.5,-342.5,-215.0,-305.0,-42.5,-12.5,-72.5,-17.5,-47.5,220.0,250.0,190.0,207.5,177.5,0.0,0.0,0.0,0.0,0.0,-467.5,-437.5,-497.5,-317.5,-347.5
2022-03-04 00:00:00+00:00,-515.0,-425.0,-605.0,-402.5,-492.5,-995.0,-875.0,-1115.0,-52.5,-142.5,-572.5,-512.5,-632.5,-472.5,-532.5,400.0,550.0,250.0,162.5,12.5,680.0,800.0,560.0,367.5,247.5,365.0,425.0,305.0,315.0,255.0,535.0,625.0,445.0,-202.5,-292.5,535.0,625.0,445.0,-202.5,-292.5,765.0,825.0,705.0,140.0,80.0,0.0,0.0,0.0,0.0,0.0,-305.0,-275.0,-335.0,-42.5,-72.5
2022-03-07 00:00:00+00:00,192.5,312.5,72.5,-57.5,-177.5,-310.0,-250.0,-370.0,-360.0,-420.0,-607.5,-487.5,-727.5,-245.0,-365.0,872.5,962.5,782.5,847.5,757.5,872.5,962.5,782.5,847.5,757.5,170.0,200.0,140.0,220.0,190.0,1072.5,1162.5,982.5,1060.0,970.0,765.0,825.0,705.0,802.5,742.5,370.0,400.0,340.0,370.0,340.0,0.0,0.0,0.0,0.0,0.0,245.0,275.0,215.0,507.5,477.5
2022-03-08 00:00:00+00:00,-1330.0,-1150.0,-1510.0,-37.5,-187.5,-387.5,-237.5,-537.5,-587.5,-737.5,-797.5,-587.5,-1007.5,-510.0,-720.0,442.5,562.5,322.5,305.0,185.0,842.5,962.5,722.5,-145.0,-265.0,772.5,862.5,682.5,-52.5,-142.5,622.5,712.5,532.5,122.5,32.5,45.0,75.0,15.0,82.5,52.5,195.0,225.0,165.0,-92.5,-122.5,0.0,0.0,0.0,0.0,0.0,107.5,137.5,77.5,-55.0,-85.0
2022-03-09 00:00:00+00:00,370.0,550.0,190.0,-17.5,-197.5,-137.5,12.5,-287.5,655.0,535.0,152.5,212.5,92.5,532.5,502.5,680.0,800.0,560.0,455.0,335.0,277.5,337.5,217.5,2.5,-57.5,277.5,337.5,217.5,2.5,-57.5,290.0,350.0,230.0,490.0,430.0,170.0,200.0,140.0,532.5,502.5,170.0,200.0,140.0,532.5,502.5,0.0,0.0,0.0,0.0,0.0,570.0,600.0,540.0,607.5,577.5
2022-03-10 00:00:00+00:00,-1400.0,-1250.0,-1550.0,-1432.5,-1552.5,-677.5,-587.5,-767.5,-1290.0,-1380.0,-977.5,-887.5,-1067.5,-1090.0,-1180.0,387.5,537.5,237.5,662.5,512.5,205.0,325.0,85.0,480.0,360.0,-510.0,-450.0,-570.0,115.0,55.0,42.5,162.5,-77.5,442.5,322.5,-140.0,-50.0,-230.0,260.0,170.0,-635.0,-575.0,-695.0,-47.5,-107.5,0.0,0.0,0.0,0.0,0.0,-1130.0,-1100.0,-1160.0,-1580.0,-1610.0
2022-03-11 00:00:00+00:00,745.0,925.0,565.0,-300.0,-450.0,1067.5,1187.5,947.5,2097.5,2007.5,922.5,1012.5,832.5,590.0,530.0,1760.0,1850.0,1670.0,2747.5,2657.5,302.5,362.5,242.5,352.5,292.5,302.5,362.5,242.5,352.5,292.5,1765.0,1825.0,1705.0,2240.0,2180.0,1852.5,1912.5,1792.5,790.0,730.0,0.0,0.0,0.0,0.0,0.0,0.0,0.0,0.0,0.0,0.0,2795.0,2825.0,2765.0,2445.0,2415.0
2022-03-14 00:00:00+00:00,-787.5,-637.5,-937.5,-1525.0,-1675.0,-645.0,-525.0,-765.0,-1170.0,-1290.0,97.5,187.5,7.5,-65.0,-155.0,-845.0,-725.0,-965.0,-132.5,-252.5,-507.5,-387.5,-627.5,-470.0,-590.0,440.0,500.0,380.0,777.5,717.5,-935.0,-875.0,-995.0,-1047.5,-1107.5,-860.0,-800.0,-920.0,-1072.5,-1132.5,-597.5,-537.5,-657.5,-1210.0,-1270.0,0.0,0.0,0.0,0.0,0.0,-730.0,-700.0,-760.0,-1180.0,-1210.0
2022-03-15 00:00:00+00:00,330.0,450.0,210.0,1205.0,1085.0,1245.0,1275.0,1215.0,1220.0,1190.0,620.0,650.0,590.0,582.5,552.5,-47.5,12.5,-107.5,357.5,327.5,282.5,312.5,252.5,357.5,327.5,282.5,312.5,252.5,357.5,327.5,282.5,312.5,252.5,357.5,327.5,282.5,312.5,252.5,357.5,327.5,282.5,312.5,252.5,357.5,327.5,0.0,0.0,0.0,0.0,0.0,1257.5,1287.5,1227.5,1407.5,1377.5
2022-03-16 00:00:00+00:00,-7.5,112.5,-127.5,-407.5,-527.5,-390.0,-300.0,-480.0,-40.0,-130.0,170.0,200.0,140.0,182.5,152.5,435.0,525.0,345.0,485.0,395.0,360.0,450.0,270.0,535.0,445.0,82.5,112.5,52.5,57.5,27.5,815.0,875.0,755.0,727.5,667.5,927.5,987.5,867.5,627.5,567.5,257.5,287.5,227.5,245.0,215.0,0.0,0.0,0.0,0.0,0.0,357.5,387.5,327.5,482.5,452.5
2022-03-17 00:00:00+00:00,-870.0,-750.0,-990.0,-1057.5,-1177.5,95.0,125.0,65.0,45.0,15.0,-480.0,-450.0,-510.0,-580.0,-610.0,-470.0,-350.0,-590.0,-377.5,-467.5,-432.5,-312.5,-552.5,-215.0,-305.0,-215.0,-125.0,-305.0,-240.0,-330.0,-660.0,-600.0,-720.0,-360.0,-420.0,-660.0,-600.0,-720.0,-360.0,-420.0,-372.5,-312.5,-432.5,-110.0,-170.0,0.0,0.0,0.0,0.0,0.0,-692.5,-662.5,-722.5,-530.0,-560.0
2022-03-21 00:00:00+00:00,272.5,362.5,182.5,335.0,245.0,-40.0,50.0,-130.0,-127.5,-217.5,95.0,275.0,-85.0,-342.5,-522.5,-7.5,112.5,-127.5,92.5,-27.5,47.5,137.5,-42.5,60.0,-30.0,-10.0,50.0,-70.0,-97.5,-157.5,165.0,225.0,105.0,302.5,242.5,152.5,212.5,92.5,465.0,405.0,82.5,112.5,52.5,295.0,265.0,0.0,0.0,0.0,0.0,0.0,370.0,400.0,340.0,370.0,340.0
2022-03-22 00:00:00+00:00,-512.5,-362.5,-662.5,-537.5,-687.5,-707.5,-587.5,-827.5,-557.5,-677.5,-502.5,-412.5,-592.5,-815.0,-905.0,117.5,237.5,-2.5,230.0,110.0,147.5,237.5,57.5,235.0,145.0,215.0,275.0,155.0,90.0,30.0,-72.5,-12.5,-132.5,15.0,-45.0,90.0,150.0,30.0,-35.0,-95.0,140.0,200.0,80.0,15.0,-45.0,0.0,0.0,0.0,0.0,0.0,-305.0,-275.0,-335.0,-317.5,-347.5
2022-03-23 00:00:00+00:00,-482.5,-362.5,-602.5,-220.0,-340.0,-320.0,-200.0,-440.0,-482.5,-602.5,-447.5,-387.5,-507.5,-485.0,-545.0,-450.0,-300.0,-600.0,-625.0,-775.0,-362.5,-212.5,-512.5,-687.5,-837.5,-197.5,-137.5,-257.5,-322.5,-382.5,-690.0,-600.0,-780.0,-522.5,-582.5,-565.0,-475.0,-655.0,-447.5,-507.5,-565.0,-475.0,-655.0,-447.5,-507.5,0.0,0.0,0.0,0.0,0.0,-880.0,-850.0,-910.0,-880.0,-910.0
2022-03-24 00:00:00+00:00,275.0,425.0,125.0,-212.5,-362.5,-170.0,-50.0,-290.0,-457.5,-577.5,-352.5,-262.5,-442.5,-590.0,-680.0,-277.5,-187.5,-367.5,85.0,-5.0,-277.5,-187.5,-367.5,85.0,-5.0,-117.5,-87.5,-147.5,-167.5,-197.5,-360.0,-300.0,-420.0,-372.5,-432.5,-310.0,-250.0,-370.0,-385.0,-445.0,-167.5,-137.5,-197.5,-192.5,-222.5,0.0,0.0,0.0,0.0,0.0,-217.5,-187.5,-247.5,-480.0,-510.0
2022-03-25 00:00:00+00:00,-355.0,-175.0,-535.0,-137.5,-287.5,522.5,612.5,432.5,622.5,532.5,970.0,1000.0,940.0,995.0,965.0,440.0,500.0,380.0,352.5,292.5,232.5,262.5,202.5,157.5,127.5,232.5,262.5,202.5,157.5,127.5,195.0,225.0,165.0,120.0,90.0,0.0,0.0,0.0,0.0,0.0,0.0,0.0,0.0,0.0,0.0,0.0,0.0,0.0,0.0,0.0,932.5,962.5,902.5,1095.0,1065.0
2022-03-28 00:00:00+00:00,155.0,275.0,35.0,105.0,-15.0,-150.0,0.0,-300.0,-187.5,-337.5,210.0,300.0,120.0,285.0,195.0,97.5,187.5,7.5,197.5,107.5,165.0,225.0,105.0,177.5,117.5,0.0,0.0,0.0,0.0,0.0,282.5,312.5,252.5,207.5,177.5,0.0,0.0,0.0,0.0,0.0,0.0,0.0,0.0,0.0,0.0,0.0,0.0,0.0,0.0,0.0,445.0,475.0,415.0,582.5,552.5
2022-03-29 00:00:00+00:00,-437.5,-287.5,-587.5,-562.5,-712.5,-492.5,-312.5,-672.5,-37.5,-187.5,-160.0,-100.0,-220.0,-247.5,-307.5,-85.0,-25.0,-145.0,-285.0,-345.0,82.5,112.5,52.5,-17.5,-47.5,82.5,112.5,52.5,-17.5,-47.5,207.5,237.5,177.5,107.5,77.5,207.5,237.5,177.5,107.5,77.5,207.5,237.5,177.5,107.5,77.5,0.0,0.0,0.0,0.0,0.0,632.5,662.5,602.5,632.5,602.5
2022-03-30 00:00:00+00:00,300.0,450.0,150.0,-20.0,-140.0,467.5,587.5,347.5,60.0,-30.0,-102.5,-12.5,-192.5,-15.0,-105.0,-427.5,-337.5,-517.5,-65.0,-155.0,82.5,112.5,52.5,82.5,52.5,82.5,112.5,52.5,82.5,52.5,-80.0,-50.0,-110.0,257.5,227.5,170.0,200.0,140.0,232.5,202.5,170.0,200.0,140.0,232.5,202.5,0.0,0.0,0.0,0.0,0.0,282.5,312.5,252.5,232.5,202.5
2022-03-31 00:00:00+00:00,-462.5,-312.5,-612.5,-175.0,-325.0,-350.0,-200.0,-500.0,-250.0,-400.0,-190.0,-100.0,-280.0,-252.5,-342.5,-330.0,-150.0,-510.0,-442.5,-622.5,-347.5,-287.5,-407.5,-172.5,-232.5,-197.5,-137.5,-257.5,-160.0,-220.0,-220.0,-100.0,-340.0,-257.5,-377.5,-140.0,-50.0,-230.0,-190.0,-280.0,-147.5,-87.5,-207.5,-135.0,-195.0,0.0,0.0,0.0,0.0,0.0,-367.5,-337.5,-397.5,-292.5,-322.5
2022-04-01 00:00:00+00:00,-95.0,25.0,-215.0,-107.5,-227.5,-282.5,-162.5,-402.5,-202.5,-292.5,-150.0,0.0,-300.0,12.5,-137.5,-57.5,62.5,-177.5,67.5,-52.5,35.0,125.0,-55.0,60.0,-30.0,127.5,187.5,67.5,90.0,30.0,2.5,62.5,-57.5,90.0,30.0,127.5,187.5,67.5,77.5,17.5,115.0,175.0,55.0,102.5,42.5,0.0,0.0,0.0,0.0,0.0,107.5,137.5,77.5,120.0,90.0
2022-04-04 00:00:00+00:00,142.5,262.5,22.5,92.5,-27.5,17.5,137.5,-102.5,105.0,-15.0,357.5,387.5,327.5,170.0,140.0,-40.0,50.0,-130.0,-165.0,-255.0,2.5,62.5,-57.5,-35.0,-95.0,0.0,0.0,0.0,0.0,0.0,7.5,37.5,-22.5,107.5,77.5,45.0,75.0,15.0,145.0,115.0,0.0,0.0,0.0,0.0,0.0,0.0,0.0,0.0,0.0,0.0,382.5,412.5,352.5,307.5,277.5
2022-04-05 00:00:00+00:00,-182.5,-62.5,-302.5,-265.0,-355.0,-97.5,-37.5,-157.5,-60.0,-120.0,132.5,162.5,102.5,0.0,0.0,-282.5,-162.5,-402.5,-570.0,-690.0,-282.5,-162.5,-402.5,-570.0,-690.0,-335.0,-275.0,-395.0,-647.5,-707.5,-472.5,-412.5,-532.5,-447.5,-507.5,-480.0,-450.0,-510.0,-480.0,-510.0,-480.0,-450.0,-510.0,-480.0,-510.0,0.0,0.0,0.0,0.0,0.0,-355.0,-325.0,-385.0,-367.5,-397.5
2022-04-06 00:00:00+00:00,-527.5,-437.5,-617.5,-677.5,-767.5,-485.0,-425.0,-545.0,-360.0,-420.0,-272.5,-212.5,-332.5,-122.5,-182.5,-885.0,-825.0,-945.0,-860.0,-920.0,-735.0,-675.0,-795.0,-922.5,-982.5,-660.0,-600.0,-720.0,-822.5,-882.5,-1055.0,-1025.0,-1085.0,-1142.5,-1172.5,-1042.5,-1012.5,-1072.5,-1042.5,-1072.5,-942.5,-912.5,-972.5,-867.5,-897.5,0.0,0.0,0.0,0.0,0.0,-1405.0,-1375.0,-1435.0,-1330.0,-1360.0
2022-04-07 00:00:00+00:00,-345.0,-225.0,-465.0,-132.5,-252.5,-102.5,-12.5,-192.5,-115.0,-205.0,-177.5,-87.5,-267.5,-65.0,-155.0,-65.0,25.0,-155.0,-185.0,-245.0,-52.5,37.5,-142.5,-222.5,-282.5,65.0,125.0,5.0,-222.5,-282.5,-60.0,0.0,-120.0,-105.0,-135.0,-60.0,0.0,-120.0,-105.0,-135.0,-60.0,0.0,-120.0,-105.0,-135.0,0.0,0.0,0.0,0.0,0.0,-205.0,-175.0,-235.0,-105.0,-135.0
2022-04-08 00:00:00+00:00,185.0,275.0,95.0,222.5,132.5,197.5,287.5,107.5,172.5,82.5,197.5,287.5,107.5,-77.5,-167.5,-102.5,-12.5,-192.5,10.0,-80.0,-102.5,-12.5,-192.5,10.0,-80.0,-22.5,37.5,-82.5,65.0,5.0,-160.0,-100.0,-220.0,152.5,92.5,-160.0,-100.0,-220.0,152.5,92.5,-160.0,-100.0,-220.0,152.5,92.5,0.0,0.0,0.0,0.0,0.0,232.5,262.5,202.5,270.0,240.0
2022-04-11 00:00:00+00:00,347.5,437.5,257.5,22.5,-67.5,-10.0,50.0,-70.0,52.5,-7.5,72.5,162.5,-17.5,222.5,132.5,-365.0,-275.0,-455.0,-365.0,-455.0,-372.5,-312.5,-432.5,-410.0,-470.0,-355.0,-325.0,-385.0,-405.0,-435.0,-110.0,-50.0,-170.0,-247.5,-307.5,77.5,137.5,17.5,-260.0,-320.0,432.5,462.5,402.5,145.0,115.0,0.0,0.0,0.0,0.0,0.0,-130.0,-100.0,-160.0,-155.0,-185.0
2022-04-12 00:00:00+00:00,-62.5,87.5,-212.5,100.0,-50.0,17.5,137.5,-102.5,-282.5,-402.5,227.5,287.5,167.5,352.5,292.5,130.0,250.0,10.0,80.0,-40.0,97.5,187.5,7.5,297.5,207.5,57.5,87.5,27.5,132.5,102.5,202.5,262.5,142.5,365.0,305.0,207.5,237.5,177.5,207.5,177.5,0.0,0.0,0.0,0.0,0.0,0.0,0.0,0.0,0.0,0.0,332.5,362.5,302.5,407.5,377.5
2022-04-13 00:00:00+00:00,-132.5,-12.5,-252.5,230.0,110.0,165.0,225.0,105.0,-97.5,-157.5,-415.0,-325.0,-505.0,-777.5,-867.5,-1047.5,-987.5,-1107.5,-642.5,-672.5,-567.5,-537.5,-597.5,-642.5,-672.5,-480.0,-450.0,-510.0,-605.0,-635.0,-430.0,-400.0,-460.0,-255.0,-285.0,-367.5,-337.5,-397.5,-205.0,-235.0,-92.5,-62.5,-122.5,157.5,127.5,0.0,0.0,0.0,0.0,0.0,-780.0,-750.0,-810.0,-930.0,-960.0
2022-04-14 00:00:00+00:00,-20.0,100.0,-140.0,-207.5,-327.5,-507.5,-387.5,-627.5,-532.5,-652.5,-395.0,-275.0,-515.0,-382.5,-502.5,-70.0,50.0,-190.0,-65.0,-155.0,160.0,250.0,70.0,77.5,17.5,107.5,137.5,77.5,107.5,77.5,-42.5,-12.5,-72.5,132.5,102.5,107.5,137.5,77.5,107.5,77.5,107.5,137.5,77.5,107.5,77.5,0.0,0.0,0.0,0.0,0.0,-155.0,-125.0,-185.0,-355.0,-385.0
2022-04-18 00:00:00+00:00,442.5,562.5,322.5,555.0,435.0,427.5,487.5,367.5,302.5,242.5,290.0,350.0,230.0,177.5,117.5,-147.5,-87.5,-207.5,-122.5,-182.5,-147.5,-87.5,-207.5,-122.5,-182.5,-255.0,-225.0,-285.0,-267.5,-297.5,-167.5,-137.5,-197.5,-142.5,-172.5,-167.5,-137.5,-197.5,-142.5,-172.5,-167.5,-137.5,-197.5,-142.5,-172.5,0.0,0.0,0.0,0.0,0.0,295.0,325.0,265.0,282.5,252.5
2022-04-19 00:00:00+00:00,-17.5,162.5,-197.5,112.5,-37.5,127.5,187.5,67.5,102.5,42.5,295.0,325.0,265.0,432.5,402.5,-57.5,62.5,-177.5,-370.0,-490.0,-235.0,-175.0,-295.0,-585.0,-645.0,40.0,100.0,-20.0,-197.5,-257.5,-292.5,-262.5,-322.5,-180.0,-210.0,-292.5,-262.5,-322.5,-180.0,-210.0,-292.5,-262.5,-322.5,-180.0,-210.0,0.0,0.0,0.0,0.0,0.0,257.5,287.5,227.5,370.0,340.0
2022-04-20 00:00:00+00:00,-220.0,-100.0,-340.0,367.5,247.5,607.5,637.5,577.5,670.0,640.0,545.0,575.0,515.0,570.0,540.0,77.5,137.5,17.5,-72.5,-132.5,-42.5,-12.5,-72.5,-105.0,-135.0,-42.5,-12.5,-72.5,-105.0,-135.0,70.0,100.0,40.0,70.0,40.0,70.0,100.0,40.0,70.0,40.0,70.0,100.0,40.0,70.0,40.0,0.0,0.0,0.0,0.0,0.0,1045.0,1075.0,1015.0,1082.5,1052.5
2022-04-21 00:00:00+00:00,-287.5,-137.5,-437.5,-150.0,-300.0,-245.0,-125.0,-365.0,117.5,-2.5,-315.0,-225.0,-405.0,35.0,-55.0,135.0,225.0,45.0,322.5,232.5,135.0,225.0,45.0,322.5,232.5,222.5,312.5,132.5,247.5,157.5,60.0,150.0,-30.0,210.0,120.0,15.0,75.0,-45.0,152.5,92.5,77.5,137.5,17.5,140.0,80.0,0.0,0.0,0.0,0.0,0.0,32.5,62.5,2.5,407.5,377.5
2022-04-22 00:00:00+00:00,-175.0,-25.0,-325.0,-350.0,-500.0,-102.5,-12.5,-192.5,-127.5,-217.5,90.0,150.0,30.0,190.0,130.0,-152.5,-62.5,-242.5,-15.0,-105.0,-185.0,-125.0,-245.0,-135.0,-195.0,52.5,112.5,-7.5,215.0,155.0,-185.0,-125.0,-245.0,-135.0,-195.0,52.5,112.5,-7.5,215.0,155.0,-67.5,-37.5,-97.5,82.5,52.5,0.0,0.0,0.0,0.0,0.0,-80.0,-50.0,-110.0,7.5,-22.5
2022-04-25 00:00:00+00:00,-50.0,100.0,-200.0,-907.5,-1027.5,-1312.5,-1162.5,-1462.5,80.0,-40.0,-1052.5,-962.5,-1142.5,-835.0,-895.0,755.0,875.0,635.0,842.5,722.5,847.5,937.5,757.5,535.0,445.0,0.0,0.0,0.0,0.0,0.0,735.0,825.0,645.0,560.0,470.0,735.0,825.0,645.0,560.0,470.0,952.5,1012.5,892.5,-260.0,-320.0,0.0,0.0,0.0,0.0,0.0,357.5,387.5,327.5,370.0,340.0
2022-04-26 00:00:00+00:00,-817.5,-637.5,-997.5,-842.5,-1022.5,-482.5,-362.5,-602.5,-532.5,-652.5,-782.5,-662.5,-902.5,-645.0,-765.0,-75.0,75.0,-225.0,250.0,100.0,192.5,312.5,72.5,467.5,347.5,310.0,400.0,220.0,510.0,420.0,140.0,200.0,80.0,2.5,-57.5,90.0,150.0,30.0,27.5,-32.5,302.5,362.5,242.5,302.5,242.5,0.0,0.0,0.0,0.0,0.0,-417.5,-387.5,-447.5,-430.0,-460.0
2022-04-27 00:00:00+00:00,-862.5,-712.5,-1012.5,-712.5,-862.5,-937.5,-787.5,-1087.5,-675.0,-825.0,-322.5,-262.5,-382.5,-460.0,-520.0,-82.5,37.5,-202.5,-457.5,-577.5,-190.0,-100.0,-280.0,-515.0,-605.0,-322.5,-262.5,-382.5,-360.0,-420.0,-182.5,-62.5,-302.5,-445.0,-565.0,-422.5,-362.5,-482.5,-622.5,-682.5,-655.0,-625.0,-685.0,-505.0,-535.0,0.0,0.0,0.0,0.0,0.0,-792.5,-762.5,-822.5,-980.0,-1010.0
2022-04-28 00:00:00+00:00,-667.5,-487.5,-847.5,-842.5,-1022.5,-272.5,-212.5,-332.5,-435.0,-495.0,-702.5,-612.5,-792.5,-852.5,-942.5,-472.5,-412.5,-532.5,-347.5,-407.5,-447.5,-387.5,-507.5,-435.0,-495.0,-360.0,-300.0,-420.0,-72.5,-132.5,-280.0,-250.0,-310.0,-130.0,-160.0,-280.0,-250.0,-310.0,-130.0,-160.0,-205.0,-175.0,-235.0,157.5,127.5,0.0,0.0,0.0,0.0,0.0,-655.0,-625.0,-685.0,-880.0,-910.0
2022-04-29 00:00:00+00:00,-775.0,-625.0,-925.0,-975.0,-1125.0,-615.0,-525.0,-705.0,-540.0,-630.0,0.0,0.0,0.0,0.0,0.0,-532.5,-412.5,-652.5,-270.0,-390.0,-327.5,-237.5,-417.5,-90.0,-180.0,-152.5,-62.5,-242.5,-127.5,-217.5,-522.5,-462.5,-582.5,-397.5,-457.5,-397.5,-337.5,-457.5,-160.0,-220.0,-110.0,-50.0,-170.0,-147.5,-207.5,0.0,0.0,0.0,0.0,0.0,-1155.0,-1125.0,-1185.0,-1142.5,-1172.5
2022-05-02 00:00:00+00:00,-420.0,-300.0,-540.0,230.0,110.0,-420.0,-300.0,-540.0,-445.0,-565.0,77.5,137.5,17.5,-160.0,-220.0,-882.5,-762.5,-1002.5,-1432.5,-1552.5,-847.5,-787.5,-907.5,-1085.0,-1145.0,-697.5,-637.5,-757.5,-722.5,-782.5,-565.0,-475.0,-655.0,-1127.5,-1217.5,-602.5,-512.5,-692.5,-1052.5,-1142.5,-1017.5,-987.5,-1047.5,-1192.5,-1222.5,0.0,0.0,0.0,0.0,0.0,-730.0,-700.0,-760.0,-1155.0,-1185.0
2022-05-03 00:00:00+00:00,-145.0,-25.0,-265.0,-240.0,-330.0,27.5,87.5,-32.5,140.0,80.0,-435.0,-375.0,-495.0,-335.0,-395.0,-682.5,-562.5,-802.5,-682.5,-802.5,-482.5,-362.5,-602.5,-645.0,-765.0,-685.0,-625.0,-745.0,-747.5,-807.5,-472.5,-412.5,-532.5,-372.5,-432.5,-272.5,-212.5,-332.5,-335.0,-395.0,-330.0,-300.0,-360.0,-167.5,-197.5,0.0,0.0,0.0,0.0,0.0,-592.5,-562.5,-622.5,-405.0,-435.0
2022-05-04 00:00:00+00:00,300.0,450.0,150.0,-50.0,-200.0,97.5,187.5,7.5,-77.5,-167.5,-207.5,-87.5,-327.5,72.5,-17.5,97.5,187.5,7.5,297.5,207.5,97.5,187.5,7.5,297.5,207.5,122.5,212.5,32.5,235.0,145.0,140.0,200.0,80.0,365.0,305.0,240.0,300.0,180.0,477.5,417.5,107.5,137.5,77.5,207.5,177.5,0.0,0.0,0.0,0.0,0.0,295.0,325.0,265.0,382.5,352.5
2022-05-05 00:00:00+00:00,-212.5,-62.5,-362.5,-737.5,-887.5,-670.0,-550.0,-790.0,-832.5,-952.5,-80.0,-50.0,-110.0,70.0,40.0,335.0,425.0,245.0,172.5,82.5,472.5,562.5,382.5,10.0,-80.0,357.5,387.5,327.5,195.0,165.0,612.5,762.5,462.5,417.5,297.5,357.5,387.5,327.5,195.0,165.0,357.5,387.5,327.5,195.0,165.0,0.0,0.0,0.0,0.0,0.0,195.0,225.0,165.0,170.0,140.0
2022-05-06 00:00:00+00:00,-232.5,-112.5,-352.5,-545.0,-665.0,-297.5,-237.5,-357.5,-235.0,-295.0,-510.0,-450.0,-570.0,-310.0,-370.0,-627.5,-537.5,-717.5,-240.0,-330.0,-527.5,-437.5,-617.5,-240.0,-330.0,-235.0,-175.0,-295.0,90.0,30.0,-310.0,-250.0,-370.0,-510.0,-570.0,-310.0,-250.0,-370.0,-510.0,-570.0,240.0,300.0,180.0,402.5,342.5,0.0,0.0,0.0,0.0,0.0,-430.0,-400.0,-460.0,-517.5,-547.5
2022-05-09 00:00:00+00:00,-1162.5,-1012.5,-1312.5,-1150.0,-1300.0,-365.0,-275.0,-455.0,-40.0,-130.0,-142.5,-112.5,-172.5,145.0,115.0,-340.0,-250.0,-430.0,-502.5,-592.5,-390.0,-300.0,-480.0,-585.0,-645.0,-302.5,-212.5,-392.5,-660.0,-720.0,-717.5,-687.5,-747.5,-342.5,-372.5,-505.0,-475.0,-535.0,-205.0,-235.0,-505.0,-475.0,-535.0,-205.0,-235.0,0.0,0.0,0.0,0.0,0.0,-930.0,-900.0,-960.0,-717.5,-747.5
2022-05-10 00:00:00+00:00,-182.5,-62.5,-302.5,-995.0,-1115.0,-187.5,-37.5,-337.5,-500.0,-650.0,-260.0,-200.0,-320.0,-410.0,-470.0,-665.0,-575.0,-755.0,22.5,-67.5,-652.5,-562.5,-742.5,-115.0,-205.0,-210.0,-150.0,-270.0,190.0,130.0,-602.5,-512.5,-692.5,-90.0,-180.0,-590.0,-500.0,-680.0,-227.5,-317.5,177.5,237.5,117.5,-135.0,-195.0,0.0,0.0,0.0,0.0,0.0,-767.5,-737.5,-797.5,-1042.5,-1072.5
2022-05-11 00:00:00+00:00,212.5,362.5,62.5,-587.5,-737.5,-412.5,-262.5,-562.5,-657.5,-777.5,-90.0,0.0,-180.0,-415.0,-505.0,222.5,312.5,132.5,360.0,270.0,222.5,312.5,132.5,360.0,270.0,140.0,200.0,80.0,327.5,267.5,57.5,87.5,27.5,382.5,352.5,57.5,87.5,27.5,382.5,352.5,182.5,212.5,152.5,407.5,377.5,0.0,0.0,0.0,0.0,0.0,232.5,262.5,202.5,-5.0,-35.0
2022-05-12 00:00:00+00:00,-1555.0,-1375.0,-1735.0,-817.5,-997.5,-370.0,-250.0,-490.0,-470.0,-590.0,-1432.5,-1312.5,-1552.5,-1432.5,-1552.5,875.0,1025.0,725.0,537.5,387.5,635.0,725.0,545.0,260.0,170.0,57.5,87.5,27.5,-30.0,-60.0,730.0,850.0,610.0,755.0,635.0,27.5,87.5,-32.5,115.0,55.0,315.0,375.0,255.0,-97.5,-157.5,0.0,0.0,0.0,0.0,0.0,-530.0,-500.0,-560.0,-267.5,-297.5
2022-05-13 00:00:00+00:00,-237.5,-87.5,-387.5,-87.5,-237.5,-377.5,-287.5,-467.5,-240.0,-330.0,-32.5,87.5,-152.5,-82.5,-202.5,22.5,112.5,-67.5,-190.0,-280.0,60.0,150.0,-30.0,-215.0,-305.0,-167.5,-137.5,-197.5,-280.0,-310.0,22.5,112.5,-67.5,260.0,170.0,-42.5,-12.5,-72.5,-105.0,-135.0,195.0,225.0,165.0,45.0,15.0,0.0,0.0,0.0,0.0,0.0,270.0,300.0,240.0,282.5,252.5
2022-05-16 00:00:00+00:00,-505.0,-325.0,-685.0,-455.0,-635.0,-812.5,-662.5,-962.5,-900.0,-1050.0,-712.5,-562.5,-862.5,-625.0,-775.0,-227.5,-137.5,-317.5,-2.5,-92.5,-40.0,50.0,-130.0,-52.5,-142.5,-147.5,-87.5,-207.5,-197.5,-257.5,10.0,100.0,-80.0,-152.5,-242.5,-17.5,12.5,-47.5,-130.0,-160.0,57.5,87.5,27.5,-17.5,-47.5,0.0,0.0,0.0,0.0,0.0,-455.0,-425.0,-485.0,-342.5,-372.5
2022-05-17 00:00:00+00:00,147.5,237.5,57.5,-52.5,-142.5,22.5,112.5,-67.5,165.0,105.0,440.0,500.0,380.0,90.0,30.0,-15.0,75.0,-105.0,-102.5,-192.5,40.0,100.0,-20.0,165.0,105.0,245.0,275.0,215.0,270.0,240.0,107.5,137.5,77.5,107.5,77.5,132.5,162.5,102.5,7.5,-22.5,370.0,400.0,340.0,307.5,277.5,0.0,0.0,0.0,0.0,0.0,220.0,250.0,190.0,-5.0,-35.0
2022-05-18 00:00:00+00:00,-140.0,-50.0,-230.0,122.5,32.5,-147.5,-87.5,-207.5,-85.0,-145.0,-272.5,-212.5,-332.5,-222.5,-282.5,-785.0,-725.0,-845.0,-710.0,-770.0,-892.5,-862.5,-922.5,-717.5,-747.5,-892.5,-862.5,-922.5,-717.5,-747.5,-892.5,-862.5,-922.5,-717.5,-747.5,-892.5,-862.5,-922.5,-717.5,-747.5,-892.5,-862.5,-922.5,-717.5,-747.5,0.0,0.0,0.0,0.0,0.0,-980.0,-950.0,-1010.0,-792.5,-822.5
2022-05-19 00:00:00+00:00,255.0,375.0,135.0,22.5,-67.5,305.0,425.0,185.0,597.5,507.5,910.0,1000.0,820.0,885.0,795.0,660.0,750.0,570.0,772.5,682.5,77.5,137.5,17.5,90.0,30.0,77.5,137.5,17.5,90.0,30.0,240.0,300.0,180.0,-85.0,-145.0,-92.5,-62.5,-122.5,-230.0,-260.0,-92.5,-62.5,-122.5,-230.0,-260.0,0.0,0.0,0.0,0.0,0.0,1195.0,1225.0,1165.0,1182.5,1152.5
2022-05-20 00:00:00+00:00,260.0,350.0,170.0,65.0,5.0,47.5,137.5,-42.5,-2.5,-92.5,-115.0,-25.0,-205.0,-202.5,-292.5,75.0,225.0,-75.0,-412.5,-562.5,-65.0,25.0,-155.0,-290.0,-380.0,202.5,262.5,142.5,-72.5,-132.5,272.5,362.5,182.5,-15.0,-105.0,265.0,325.0,205.0,40.0,-20.0,265.0,325.0,205.0,40.0,-20.0,0.0,0.0,0.0,0.0,0.0,207.5,237.5,177.5,157.5,127.5
2022-05-23 00:00:00+00:00,1105.0,1225.0,985.0,1017.5,897.5,660.0,750.0,570.0,635.0,545.0,440.0,500.0,380.0,665.0,605.0,-235.0,-175.0,-295.0,82.5,52.5,-160.0,-100.0,-220.0,82.5,52.5,-292.5,-262.5,-322.5,0.0,0.0,52.5,112.5,-7.5,215.0,155.0,0.0,0.0,0.0,0.0,0.0,0.0,0.0,0.0,0.0,0.0,0.0,0.0,0.0,0.0,0.0,707.5,737.5,677.5,782.5,752.5
2022-05-24 00:00:00+00:00,447.5,537.5,357.5,447.5,357.5,477.5,537.5,417.5,165.0,105.0,520.0,550.0,490.0,282.5,252.5,315.0,375.0,255.0,490.0,430.0,315.0,375.0,255.0,490.0,430.0,0.0,0.0,0.0,0.0,0.0,132.5,162.5,102.5,232.5,202.5,132.5,162.5,102.5,232.5,202.5,132.5,162.5,102.5,232.5,202.5,0.0,0.0,0.0,0.0,0.0,820.0,850.0,790.0,745.0,715.0
2022-05-25 00:00:00+00:00,-40.0,50.0,-130.0,-215.0,-305.0,-77.5,12.5,-167.5,122.5,32.5,-530.0,-500.0,-560.0,-617.5,-647.5,-982.5,-862.5,-1102.5,-657.5,-777.5,-1007.5,-887.5,-1127.5,-757.5,-877.5,-1040.0,-950.0,-1130.0,-665.0,-755.0,-822.5,-762.5,-882.5,-710.0,-770.0,-822.5,-762.5,-882.5,-772.5,-832.5,-285.0,-225.0,-345.0,-347.5,-407.5,0.0,0.0,0.0,0.0,0.0,-930.0,-900.0,-960.0,-630.0,-660.0
2022-05-26 00:00:00+00:00,805.0,925.0,685.0,742.5,622.5,1527.5,1587.5,1467.5,1152.5,1092.5,1177.5,1237.5,1117.5,1152.5,1092.5,115.0,175.0,55.0,240.0,180.0,115.0,175.0,55.0,240.0,180.0,0.0,0.0,0.0,0.0,0.0,752.5,812.5,692.5,677.5,617.5,790.0,850.0,730.0,577.5,517.5,0.0,0.0,0.0,0.0,0.0,0.0,0.0,0.0,0.0,0.0,1607.5,1637.5,1577.5,1570.0,1540.0
2022-05-27 00:00:00+00:00,-287.5,-137.5,-437.5,-225.0,-375.0,-587.5,-437.5,-737.5,-612.5,-762.5,-65.0,25.0,-155.0,-115.0,-205.0,275.0,425.0,125.0,-300.0,-450.0,355.0,475.0,235.0,-195.0,-315.0,210.0,300.0,120.0,-327.5,-417.5,80.0,200.0,-40.0,-157.5,-277.5,-255.0,-225.0,-285.0,-267.5,-297.5,-255.0,-225.0,-285.0,-267.5,-297.5,0.0,0.0,0.0,0.0,0.0,-392.5,-362.5,-422.5,-280.0,-310.0
2022-05-30 00:00:00+00:00,-180.0,0.0,-360.0,132.5,-47.5,-365.0,-275.0,-455.0,-327.5,-417.5,-347.5,-287.5,-407.5,-447.5,-507.5,-520.0,-400.0,-640.0,-552.5,-642.5,-472.5,-412.5,-532.5,-547.5,-607.5,-455.0,-425.0,-485.0,-542.5,-572.5,-402.5,-312.5,-492.5,-365.0,-455.0,-85.0,-25.0,-145.0,-22.5,-82.5,-355.0,-325.0,-385.0,-230.0,-260.0,0.0,0.0,0.0,0.0,0.0,-567.5,-537.5,-597.5,-530.0,-560.0
2022-05-31 00:00:00+00:00,330.0,450.0,210.0,205.0,85.0,322.5,412.5,232.5,102.5,42.5,-310.0,-250.0,-370.0,-685.0,-745.0,-927.5,-837.5,-1017.5,-1160.0,-1220.0,-1010.0,-950.0,-1070.0,-1160.0,-1220.0,-1267.5,-1237.5,-1297.5,-1167.5,-1197.5,-867.5,-837.5,-897.5,-830.0,-860.0,-867.5,-837.5,-897.5,-830.0,-860.0,-867.5,-837.5,-897.5,-830.0,-860.0,0.0,0.0,0.0,0.0,0.0,-805.0,-775.0,-835.0,-817.5,-847.5
2022-06-01 00:00:00+00:00,-7.5,112.5,-127.5,-145.0,-265.0,-145.0,-25.0,-265.0,-107.5,-227.5,-97.5,-37.5,-157.5,-247.5,-307.5,122.5,212.5,32.5,-252.5,-342.5,122.5,212.5,32.5,-252.5,-342.5,-185.0,-125.0,-245.0,-610.0,-670.0,-35.0,25.0,-95.0,190.0,130.0,127.5,187.5,67.5,127.5,67.5,265.0,325.0,205.0,277.5,217.5,0.0,0.0,0.0,0.0,0.0,120.0,150.0,90.0,170.0,140.0
2022-06-02 00:00:00+00:00,-207.5,-87.5,-327.5,-427.5,-517.5,-240.0,-150.0,-330.0,-677.5,-767.5,-70.0,50.0,-190.0,-245.0,-365.0,355.0,475.0,235.0,630.0,510.0,405.0,525.0,285.0,530.0,410.0,377.5,437.5,317.5,540.0,480.0,315.0,375.0,255.0,440.0,380.0,315.0,375.0,255.0,440.0,380.0,220.0,250.0,190.0,382.5,352.5,0.0,0.0,0.0,0.0,0.0,270.0,300.0,240.0,207.5,177.5
2022-06-03 00:00:00+00:00,-712.5,-562.5,-862.5,-807.5,-927.5,-465.0,-375.0,-555.0,-390.0,-480.0,-422.5,-362.5,-482.5,-485.0,-545.0,-295.0,-175.0,-415.0,-32.5,-152.5,-447.5,-387.5,-507.5,-35.0,-95.0,-447.5,-387.5,-507.5,-35.0,-95.0,-227.5,-137.5,-317.5,-327.5,-417.5,-372.5,-312.5,-432.5,-397.5,-457.5,-272.5,-212.5,-332.5,-272.5,-332.5,0.0,0.0,0.0,0.0,0.0,-1105.0,-1075.0,-1135.0,-917.5,-947.5
2022-06-06 00:00:00+00:00,-337.5,-187.5,-487.5,-437.5,-587.5,-177.5,-87.5,-267.5,-110.0,-170.0,-190.0,-100.0,-280.0,-440.0,-530.0,-190.0,-100.0,-280.0,-102.5,-192.5,-260.0,-200.0,-320.0,-60.0,-120.0,95.0,125.0,65.0,170.0,140.0,-122.5,-62.5,-182.5,-35.0,-95.0,-22.5,37.5,-82.5,65.0,5.0,-55.0,-25.0,-85.0,-80.0,-110.0,0.0,0.0,0.0,0.0,0.0,-480.0,-450.0,-510.0,-180.0,-210.0
2022-06-07 00:00:00+00:00,-840.0,-750.0,-930.0,-1002.5,-1092.5,-977.5,-887.5,-1067.5,-690.0,-780.0,-1170.0,-1050.0,-1290.0,-170.0,-290.0,-82.5,37.5,-202.5,92.5,-27.5,-82.5,37.5,-202.5,92.5,-27.5,-82.5,37.5,-202.5,92.5,-27.5,-302.5,-212.5,-392.5,-502.5,-592.5,-302.5,-212.5,-392.5,-502.5,-592.5,-165.0,-75.0,-255.0,-477.5,-567.5,0.0,0.0,0.0,0.0,0.0,-980.0,-950.0,-1010.0,-930.0,-960.0
2022-06-08 00:00:00+00:00,-155.0,25.0,-335.0,482.5,302.5,-52.5,37.5,-142.5,-177.5,-267.5,-315.0,-225.0,-405.0,-52.5,-142.5,-60.0,0.0,-120.0,102.5,42.5,-60.0,0.0,-120.0,102.5,42.5,40.0,100.0,-20.0,240.0,180.0,240.0,300.0,180.0,640.0,580.0,440.0,500.0,380.0,527.5,467.5,440.0,500.0,380.0,527.5,467.5,0.0,0.0,0.0,0.0,0.0,82.5,112.5,52.5,182.5,152.5
2022-06-09 00:00:00+00:00,-605.0,-425.0,-785.0,-225.0,-375.0,-475.0,-325.0,-625.0,-107.5,-227.5,15.0,75.0,-45.0,-397.5,-457.5,625.0,775.0,475.0,-37.5,-187.5,510.0,600.0,420.0,297.5,207.5,0.0,0.0,0.0,0.0,0.0,315.0,375.0,255.0,102.5,42.5,352.5,412.5,292.5,215.0,155.0,352.5,412.5,292.5,227.5,167.5,0.0,0.0,0.0,0.0,0.0,-92.5,-62.5,-122.5,-292.5,-322.5
2022-06-10 00:00:00+00:00,-102.5,-12.5,-192.5,-315.0,-405.0,190.0,250.0,130.0,-172.5,-232.5,-325.0,-175.0,-475.0,-432.5,-552.5,130.0,250.0,10.0,17.5,-102.5,-85.0,-25.0,-145.0,-285.0,-345.0,-30.0,0.0,-60.0,-5.0,-35.0,35.0,125.0,-55.0,10.0,-80.0,-47.5,12.5,-107.5,-60.0,-120.0,-47.5,12.5,-107.5,-60.0,-120.0,0.0,0.0,0.0,0.0,0.0,32.5,62.5,2.5,-105.0,-135.0
2022-06-13 00:00:00+00:00,-767.5,-587.5,-947.5,445.0,265.0,-100.0,50.0,-250.0,262.5,112.5,-495.0,-375.0,-615.0,305.0,185.0,275.0,425.0,125.0,-825.0,-975.0,172.5,262.5,82.5,-190.0,-280.0,302.5,362.5,242.5,15.0,-45.0,42.5,162.5,-77.5,-257.5,-377.5,-217.5,-187.5,-247.5,0.0,0.0,-217.5,-187.5,-247.5,0.0,0.0,0.0,0.0,0.0,0.0,0.0,157.5,187.5,127.5,-155.0,-185.0
2022-06-14 00:00:00+00:00,-632.5,-512.5,-752.5,-840.0,-930.0,-570.0,-450.0,-690.0,-532.5,-652.5,-597.5,-537.5,-657.5,15.0,-45.0,67.5,187.5,-52.5,430.0,310.0,347.5,437.5,257.5,-340.0,-430.0,622.5,712.5,532.5,-215.0,-305.0,210.0,300.0,120.0,160.0,70.0,165.0,225.0,105.0,65.0,5.0,165.0,225.0,105.0,65.0,5.0,0.0,0.0,0.0,0.0,0.0,-617.5,-587.5,-647.5,-867.5,-897.5
2022-06-15 00:00:00+00:00,232.5,412.5,52.5,257.5,77.5,-225.0,-75.0,-375.0,937.5,787.5,-195.0,-75.0,-315.0,130.0,10.0,400.0,550.0,250.0,162.5,12.5,322.5,412.5,232.5,297.5,207.5,260.0,350.0,170.0,422.5,332.5,360.0,450.0,270.0,72.5,-17.5,190.0,250.0,130.0,152.5,92.5,127.5,187.5,67.5,277.5,217.5,0.0,0.0,0.0,0.0,0.0,232.5,262.5,202.5,857.5,827.5
2022-06-16 00:00:00+00:00,142.5,262.5,22.5,-195.0,-315.0,-307.5,-187.5,-427.5,-265.0,-355.0,-67.5,-37.5,-97.5,-642.5,-672.5,330.0,450.0,210.0,742.5,622.5,-147.5,-87.5,-207.5,165.0,105.0,-147.5,-87.5,-207.5,165.0,105.0,290.0,350.0,230.0,640.0,580.0,440.0,500.0,380.0,677.5,617.5,70.0,100.0,40.0,332.5,302.5,0.0,0.0,0.0,0.0,0.0,-92.5,-62.5,-122.5,70.0,40.0
2022-06-20 00:00:00+00:00,-337.5,-187.5,-487.5,-100.0,-250.0,-432.5,-312.5,-552.5,-282.5,-402.5,-402.5,-312.5,-492.5,-465.0,-555.0,45.0,225.0,-135.0,37.5,-112.5,-57.5,62.5,-177.5,-65.0,-155.0,40.0,100.0,-20.0,-30.0,-60.0,152.5,212.5,92.5,115.0,55.0,152.5,212.5,92.5,115.0,55.0,0.0,0.0,0.0,0.0,0.0,0.0,0.0,0.0,0.0,0.0,307.5,337.5,277.5,557.5,527.5
2022-06-21 00:00:00+00:00,-752.5,-512.5,-992.5,-385.0,-595.0,-382.5,-262.5,-502.5,-432.5,-552.5,-720.0,-600.0,-840.0,-645.0,-765.0,-320.0,-200.0,-440.0,-370.0,-490.0,-415.0,-325.0,-505.0,-302.5,-392.5,-47.5,12.5,-107.5,-72.5,-132.5,-410.0,-350.0,-470.0,-422.5,-482.5,-410.0,-350.0,-470.0,-422.5,-482.5,-85.0,-25.0,-145.0,-435.0,-495.0,0.0,0.0,0.0,0.0,0.0,-742.5,-712.5,-772.5,-1017.5,-1047.5
2022-06-22 00:00:00+00:00,55.0,175.0,-65.0,230.0,110.0,42.5,162.5,-77.5,280.0,160.0,557.5,587.5,527.5,595.0,565.0,335.0,425.0,245.0,135.0,45.0,132.5,162.5,102.5,7.5,-22.5,0.0,0.0,0.0,0.0,0.0,70.0,100.0,40.0,-30.0,-60.0,0.0,0.0,0.0,0.0,0.0,0.0,0.0,0.0,0.0,0.0,0.0,0.0,0.0,0.0,0.0,557.5,587.5,527.5,595.0,565.0
2022-06-23 00:00:00+00:00,1060.0,1150.0,970.0,1027.5,967.5,1582.5,1612.5,1552.5,1632.5,1602.5,1795.0,1825.0,1765.0,1570.0,1540.0,145.0,175.0,115.0,157.5,127.5,45.0,75.0,15.0,57.5,27.5,0.0,0.0,0.0,0.0,0.0,0.0,0.0,0.0,0.0,0.0,0.0,0.0,0.0,0.0,0.0,0.0,0.0,0.0,0.0,0.0,0.0,0.0,0.0,0.0,0.0,1795.0,1825.0,1765.0,1570.0,1540.0
2022-06-24 00:00:00+00:00,-187.5,-37.5,-337.5,-450.0,-600.0,-642.5,-462.5,-822.5,-230.0,-410.0,10.0,100.0,-80.0,-72.5,-132.5,230.0,350.0,110.0,17.5,-102.5,210.0,300.0,120.0,110.0,20.0,0.0,0.0,0.0,0.0,0.0,160.0,250.0,70.0,-240.0,-330.0,115.0,175.0,55.0,2.5,-57.5,0.0,0.0,0.0,0.0,0.0,0.0,0.0,0.0,0.0,0.0,-67.5,-37.5,-97.5,57.5,27.5
2022-06-27 00:00:00+00:00,-32.5,87.5,-152.5,180.0,60.0,165.0,225.0,105.0,-72.5,-132.5,27.5,87.5,-32.5,77.5,17.5,55.0,175.0,-65.0,-170.0,-290.0,205.0,325.0,85.0,-157.5,-277.5,272.5,362.5,182.5,185.0,95.0,-165.0,-75.0,-255.0,-177.5,-267.5,-110.0,-50.0,-170.0,52.5,-7.5,40.0,100.0,-20.0,65.0,5.0,0.0,0.0,0.0,0.0,0.0,-105.0,-75.0,-135.0,-80.0,-110.0
2022-06-28 00:00:00+00:00,-220.0,-100.0,-340.0,117.5,-2.5,-152.5,-62.5,-242.5,-40.0,-130.0,-297.5,-237.5,-357.5,-272.5,-332.5,-135.0,-75.0,-195.0,-197.5,-257.5,-105.0,-75.0,-135.0,7.5,-22.5,-105.0,-75.0,-135.0,7.5,-22.5,-105.0,-75.0,-135.0,7.5,-22.5,70.0,100.0,40.0,70.0,40.0,82.5,112.5,52.5,70.0,40.0,0.0,0.0,0.0,0.0,0.0,-55.0,-25.0,-85.0,-55.0,-85.0
2022-06-29 00:00:00+00:00,-37.5,112.5,-187.5,300.0,150.0,497.5,587.5,407.5,397.5,307.5,-32.5,87.5,-152.5,-502.5,-592.5,-327.5,-237.5,-417.5,-640.0,-730.0,-422.5,-362.5,-482.5,-560.0,-620.0,-135.0,-75.0,-195.0,-197.5,-257.5,-630.0,-600.0,-660.0,-580.0,-610.0,-342.5,-312.5,-372.5,-242.5,-272.5,-342.5,-312.5,-372.5,-242.5,-272.5,0.0,0.0,0.0,0.0,0.0,-192.5,-162.5,-222.5,-92.5,-122.5
2022-06-30 00:00:00+00:00,205.0,325.0,85.0,330.0,210.0,-365.0,-275.0,-455.0,-465.0,-555.0,-532.5,-412.5,-652.5,-345.0,-465.0,-535.0,-475.0,-595.0,-397.5,-457.5,-510.0,-450.0,-570.0,-310.0,-370.0,140.0,200.0,80.0,177.5,117.5,-310.0,-250.0,-370.0,-72.5,-132.5,-235.0,-175.0,-295.0,40.0,-20.0,-117.5,-87.5,-147.5,420.0,390.0,0.0,0.0,0.0,0.0,0.0,-717.5,-687.5,-747.5,-555.0,-585.0
2022-07-01 00:00:00+00:00,-375.0,-225.0,-525.0,-845.0,-965.0,-45.0,75.0,-165.0,-177.5,-267.5,-85.0,-25.0,-145.0,-347.5,-407.5,97.5,187.5,7.5,360.0,270.0,165.0,225.0,105.0,-10.0,-70.0,0.0,0.0,0.0,0.0,0.0,65.0,125.0,5.0,127.5,67.5,20.0,50.0,-10.0,7.5,-22.5,20.0,50.0,-10.0,45.0,15.0,0.0,0.0,0.0,0.0,0.0,-455.0,-425.0,-485.0,-630.0,-660.0
2022-07-04 00:00:00+00:00,255.0,375.0,135.0,292.5,172.5,477.5,537.5,417.5,327.5,267.5,272.5,362.5,182.5,422.5,332.5,240.0,300.0,180.0,277.5,217.5,240.0,300.0,180.0,277.5,217.5,45.0,75.0,15.0,182.5,152.5,365.0,425.0,305.0,377.5,317.5,120.0,150.0,90.0,257.5,227.5,195.0,225.0,165.0,0.0,0.0,0.0,0.0,0.0,0.0,0.0,745.0,775.0,715.0,757.5,727.5
2022-07-05 00:00:00+00:00,-525.0,-375.0,-675.0,0.0,-150.0,-282.5,-162.5,-402.5,-482.5,-602.5,132.5,162.5,102.5,32.5,2.5,-307.5,-187.5,-427.5,-670.0,-790.0,-52.5,37.5,-142.5,-252.5,-342.5,-380.0,-350.0,-410.0,-642.5,-672.5,-435.0,-375.0,-495.0,-522.5,-582.5,-435.0,-375.0,-495.0,-522.5,-582.5,-210.0,-150.0,-270.0,-622.5,-682.5,0.0,0.0,0.0,0.0,0.0,-367.5,-337.5,-397.5,-655.0,-685.0
2022-07-06 00:00:00+00:00,-205.0,-25.0,-385.0,-5.0,-185.0,195.0,225.0,165.0,82.5,52.5,-60.0,0.0,-120.0,-85.0,-145.0,167.5,287.5,47.5,17.5,-102.5,-97.5,-37.5,-157.5,-310.0,-370.0,-130.0,-100.0,-160.0,-142.5,-172.5,-235.0,-175.0,-295.0,52.5,-7.5,-235.0,-175.0,-295.0,52.5,-7.5,-617.5,-587.5,-647.5,-367.5,-397.5,0.0,0.0,0.0,0.0,0.0,-217.5,-187.5,-247.5,70.0,40.0
2022-07-07 00:00:00+00:00,-775.0,-625.0,-925.0,150.0,0.0,-172.5,-112.5,-232.5,-397.5,-457.5,-527.5,-437.5,-617.5,-502.5,-592.5,-122.5,-62.5,-182.5,-135.0,-195.0,-85.0,-25.0,-145.0,2.5,-57.5,-85.0,-25.0,-145.0,2.5,-57.5,72.5,162.5,-17.5,352.5,292.5,190.0,250.0,130.0,157.5,127.5,190.0,250.0,130.0,157.5,127.5,0.0,0.0,0.0,0.0,0.0,-17.5,12.5,-47.5,157.5,127.5
2022-07-08 00:00:00+00:00,685.0,775.0,595.0,447.5,357.5,552.5,612.5,492.5,182.5,152.5,245.0,275.0,215.0,157.5,127.5,-285.0,-225.0,-345.0,27.5,-32.5,-235.0,-175.0,-295.0,277.5,217.5,-217.5,-187.5,-247.5,207.5,177.5,177.5,237.5,117.5,415.0,355.0,315.0,375.0,255.0,352.5,292.5,390.0,450.0,330.0,340.0,280.0,0.0,0.0,0.0,0.0,0.0,632.5,662.5,602.5,732.5,702.5
2022-07-11 00:00:00+00:00,-375.0,-225.0,-525.0,-600.0,-750.0,-170.0,-50.0,-290.0,-582.5,-702.5,-82.5,37.5,-202.5,-245.0,-365.0,125.0,275.0,-25.0,317.5,197.5,405.0,525.0,285.0,317.5,197.5,-92.5,-62.5,-122.5,95.0,65.0,240.0,300.0,180.0,227.5,167.5,120.0,150.0,90.0,182.5,152.5,0.0,0.0,0.0,0.0,0.0,0.0,0.0,0.0,0.0,0.0,-55.0,-25.0,-85.0,-430.0,-460.0
2022-07-12 00:00:00+00:00,67.5,187.5,-52.5,-32.5,-152.5,72.5,162.5,-17.5,-72.5,-132.5,-810.0,-750.0,-870.0,-785.0,-845.0,-415.0,-325.0,-505.0,-202.5,-292.5,-327.5,-237.5,-417.5,-227.5,-317.5,-110.0,-50.0,-170.0,215.0,155.0,290.0,350.0,230.0,640.0,580.0,290.0,350.0,230.0,640.0,580.0,402.5,462.5,342.5,602.5,542.5,0.0,0.0,0.0,0.0,0.0,182.5,212.5,152.5,232.5,202.5
2022-07-13 00:00:00+00:00,-605.0,-425.0,-785.0,-655.0,-835.0,-302.5,-212.5,-392.5,-77.5,-167.5,-360.0,-300.0,-420.0,-435.0,-495.0,180.0,300.0,60.0,-52.5,-142.5,205.0,325.0,85.0,-65.0,-155.0,82.5,112.5,52.5,32.5,2.5,-47.5,12.5,-107.5,-142.5,-172.5,-130.0,-100.0,-160.0,-142.5,-172.5,-130.0,-100.0,-160.0,-142.5,-172.5,0.0,0.0,0.0,0.0,0.0,32.5,62.5,2.5,-30.0,-60.0
2022-07-14 00:00:00+00:00,400.0,550.0,250.0,-895.0,-1015.0,-415.0,-325.0,-505.0,-427.5,-517.5,-17.5,12.5,-47.5,-530.0,-560.0,-340.0,-250.0,-430.0,372.5,282.5,322.5,412.5,232.5,335.0,245.0,322.5,412.5,232.5,335.0,245.0,-497.5,-437.5,-557.5,-97.5,-157.5,165.0,225.0,105.0,-135.0,-195.0,57.5,87.5,27.5,-230.0,-260.0,0.0,0.0,0.0,0.0,0.0,-317.5,-287.5,-347.5,-517.5,-547.5
2022-07-15 00:00:00+00:00,-317.5,-137.5,-497.5,-192.5,-372.5,-45.0,75.0,-165.0,-307.5,-427.5,-290.0,-200.0,-380.0,-427.5,-517.5,177.5,237.5,117.5,315.0,255.0,177.5,237.5,117.5,315.0,255.0,-67.5,-37.5,-97.5,107.5,77.5,-67.5,-37.5,-97.5,120.0,90.0,107.5,137.5,77.5,220.0,190.0,107.5,137.5,77.5,220.0,190.0,0.0,0.0,0.0,0.0,0.0,82.5,112.5,52.5,-30.0,-60.0
2022-07-18 00:00:00+00:00,-407.5,-287.5,-527.5,-295.0,-415.0,-445.0,-325.0,-565.0,-470.0,-590.0,-362.5,-212.5,-512.5,-650.0,-800.0,30.0,150.0,-90.0,-120.0,-240.0,-15.0,75.0,-105.0,-227.5,-317.5,52.5,112.5,-7.5,-47.5,-107.5,102.5,162.5,42.5,40.0,-20.0,102.5,162.5,42.5,77.5,17.5,-30.0,0.0,-60.0,20.0,-10.0,0.0,0.0,0.0,0.0,0.0,-180.0,-150.0,-210.0,-242.5,-272.5
2022-07-19 00:00:00+00:00,547.5,637.5,457.5,760.0,670.0,632.5,662.5,602.5,632.5,602.5,670.0,700.0,640.0,820.0,790.0,152.5,212.5,92.5,-197.5,-257.5,157.5,187.5,127.5,-17.5,-47.5,157.5,187.5,127.5,-17.5,-47.5,177.5,237.5,117.5,102.5,42.5,177.5,237.5,117.5,102.5,42.5,157.5,187.5,127.5,-17.5,-47.5,0.0,0.0,0.0,0.0,0.0,707.5,737.5,677.5,795.0,765.0
2022-07-20 00:00:00+00:00,-1012.5,-862.5,-1162.5,-1132.5,-1252.5,-625.0,-475.0,-775.0,-450.0,-600.0,-720.0,-600.0,-840.0,-982.5,-1102.5,-477.5,-387.5,-567.5,10.0,-80.0,-40.0,50.0,-130.0,185.0,95.0,-60.0,0.0,-120.0,77.5,17.5,-482.5,-362.5,-602.5,155.0,35.0,-377.5,-287.5,-467.5,35.0,-55.0,-155.0,-125.0,-185.0,132.5,102.5,0.0,0.0,0.0,0.0,0.0,-780.0,-750.0,-810.0,-792.5,-822.5
2022-07-21 00:00:00+00:00,22.5,112.5,-67.5,-77.5,-167.5,-45.0,75.0,-165.0,-182.5,-302.5,70.0,100.0,40.0,-17.5,-47.5,-160.0,-100.0,-220.0,-5.0,-35.0,-47.5,12.5,-107.5,95.0,65.0,-47.5,12.5,-107.5,95.0,65.0,-167.5,-137.5,-197.5,45.0,15.0,-167.5,-137.5,-197.5,45.0,15.0,-80.0,-50.0,-110.0,70.0,40.0,0.0,0.0,0.0,0.0,0.0,45.0,75.0,15.0,232.5,202.5
2022-07-22 00:00:00+00:00,-337.5,-187.5,-487.5,-345.0,-465.0,-395.0,-275.0,-515.0,-557.5,-677.5,-675.0,-525.0,-825.0,-245.0,-365.0,417.5,537.5,297.5,55.0,-65.0,152.5,212.5,92.5,115.0,55.0,0.0,0.0,0.0,0.0,0.0,367.5,487.5,247.5,92.5,-27.5,290.0,350.0,230.0,-72.5,-132.5,0.0,0.0,0.0,0.0,0.0,0.0,0.0,0.0,0.0,0.0,207.5,237.5,177.5,295.0,265.0
2022-07-25 00:00:00+00:00,342.5,462.5,222.5,80.0,-40.0,547.5,637.5,457.5,397.5,307.5,495.0,525.0,465.0,407.5,377.5,65.0,125.0,5.0,65.0,5.0,-30.0,0.0,-60.0,32.5,2.5,0.0,0.0,0.0,0.0,0.0,-35.0,25.0,-95.0,40.0,-20.0,0.0,0.0,0.0,0.0,0.0,0.0,0.0,0.0,0.0,0.0,0.0,0.0,0.0,0.0,0.0,495.0,525.0,465.0,407.5,377.5
2022-07-26 00:00:00+00:00,-127.5,-37.5,-217.5,-452.5,-542.5,-440.0,-350.0,-530.0,-752.5,-842.5,-127.5,-37.5,-217.5,-335.0,-395.0,-57.5,62.5,-177.5,5.0,-115.0,-52.5,37.5,-142.5,185.0,95.0,-97.5,-37.5,-157.5,77.5,17.5,135.0,225.0,45.0,235.0,145.0,-35.0,25.0,-95.0,102.5,42.5,127.5,187.5,67.5,302.5,242.5,0.0,0.0,0.0,0.0,0.0,-155.0,-125.0,-185.0,-367.5,-397.5
2022-07-27 00:00:00+00:00,-462.5,-312.5,-612.5,-432.5,-552.5,-390.0,-300.0,-480.0,-452.5,-542.5,-127.5,-37.5,-217.5,-290.0,-380.0,-100.0,50.0,-250.0,-187.5,-337.5,-70.0,50.0,-190.0,-7.5,-127.5,-110.0,-50.0,-170.0,-35.0,-95.0,-182.5,-62.5,-302.5,-157.5,-277.5,-190.0,-100.0,-280.0,-165.0,-255.0,-177.5,-87.5,-267.5,-165.0,-255.0,0.0,0.0,0.0,0.0,0.0,-480.0,-450.0,-510.0,-417.5,-447.5
2022-07-28 00:00:00+00:00,160.0,250.0,70.0,110.0,20.0,122.5,212.5,32.5,85.0,-5.0,157.5,187.5,127.5,57.5,27.5,-115.0,-25.0,-205.0,60.0,-30.0,-127.5,-37.5,-217.5,47.5,-42.5,-42.5,-12.5,-72.5,170.0,140.0,-42.5,-12.5,-72.5,32.5,2.5,-42.5,-12.5,-72.5,32.5,2.5,-42.5,-12.5,-72.5,32.5,2.5,0.0,0.0,0.0,0.0,0.0,182.5,212.5,152.5,207.5,177.5
2022-07-29 00:00:00+00:00,112.5,262.5,-37.5,-195.0,-315.0,122.5,212.5,32.5,-165.0,-255.0,-42.5,-12.5,-72.5,-105.0,-135.0,-170.0,-50.0,-290.0,30.0,-90.0,-272.5,-212.5,-332.5,77.5,17.5,-280.0,-250.0,-310.0,-105.0,-135.0,-185.0,-125.0,-245.0,65.0,5.0,-72.5,-12.5,-132.5,65.0,5.0,-242.5,-212.5,-272.5,-105.0,-135.0,0.0,0.0,0.0,0.0,0.0,-105.0,-75.0,-135.0,-30.0,-60.0
2022-08-01 00:00:00+00:00,120.0,300.0,-60.0,82.5,-97.5,272.5,362.5,182.5,235.0,145.0,165.0,225.0,105.0,-47.5,-107.5,75.0,225.0,-75.0,-150.0,-300.0,-35.0,25.0,-95.0,-22.5,-82.5,32.5,62.5,2.5,32.5,2.5,90.0,150.0,30.0,77.5,17.5,102.5,162.5,42.5,115.0,55.0,32.5,62.5,2.5,32.5,2.5,0.0,0.0,0.0,0.0,0.0,582.5,612.5,552.5,432.5,402.5
2022-08-02 00:00:00+00:00,-355.0,-175.0,-535.0,-100.0,-250.0,340.0,400.0,280.0,202.5,142.5,-115.0,-25.0,-205.0,-252.5,-342.5,-7.5,112.5,-127.5,-245.0,-365.0,-15.0,75.0,-105.0,-102.5,-192.5,-15.0,75.0,-105.0,-102.5,-192.5,142.5,262.5,22.5,367.5,247.5,-122.5,-62.5,-182.5,-172.5,-232.5,-122.5,-62.5,-182.5,-172.5,-232.5,0.0,0.0,0.0,0.0,0.0,132.5,162.5,102.5,32.5,2.5
2022-08-03 00:00:00+00:00,367.5,487.5,247.5,355.0,235.0,105.0,225.0,-15.0,-20.0,-140.0,440.0,500.0,380.0,290.0,230.0,-110.0,-50.0,-170.0,102.5,42.5,-110.0,-50.0,-170.0,102.5,42.5,-60.0,0.0,-120.0,77.5,17.5,2.5,62.5,-57.5,-60.0,-120.0,-17.5,12.5,-47.5,145.0,115.0,-17.5,12.5,-47.5,120.0,90.0,0.0,0.0,0.0,0.0,0.0,482.5,512.5,452.5,495.0,465.0
2022-08-04 00:00:00+00:00,485.0,575.0,395.0,722.5,632.5,645.0,675.0,615.0,570.0,540.0,245.0,275.0,215.0,157.5,127.5,-222.5,-162.5,-282.5,-72.5,-132.5,-210.0,-150.0,-270.0,-97.5,-157.5,-80.0,-50.0,-110.0,-17.5,-47.5,-247.5,-187.5,-307.5,-347.5,-407.5,-60.0,0.0,-120.0,-172.5,-232.5,-117.5,-87.5,-147.5,-267.5,-297.5,0.0,0.0,0.0,0.0,0.0,445.0,475.0,415.0,307.5,277.5
2022-08-05 00:00:00+00:00,-255.0,-75.0,-435.0,-67.5,-247.5,-245.0,-125.0,-365.0,-170.0,-290.0,-197.5,-137.5,-257.5,-60.0,-120.0,-37.5,112.5,-187.5,-25.0,-175.0,-37.5,112.5,-187.5,-112.5,-262.5,32.5,62.5,2.5,57.5,27.5,97.5,187.5,7.5,-40.0,-130.0,140.0,200.0,80.0,2.5,-57.5,-42.5,-12.5,-72.5,-17.5,-47.5,0.0,0.0,0.0,0.0,0.0,95.0,125.0,65.0,195.0,165.0
2022-08-08 00:00:00+00:00,42.5,162.5,-77.5,180.0,60.0,47.5,137.5,-42.5,222.5,132.5,285.0,375.0,195.0,697.5,607.5,155.0,275.0,35.0,217.5,97.5,15.0,75.0,-45.0,177.5,117.5,57.5,87.5,27.5,-17.5,-47.5,95.0,125.0,65.0,20.0,-10.0,95.0,125.0,65.0,20.0,-10.0,95.0,125.0,65.0,20.0,-10.0,0.0,0.0,0.0,0.0,0.0,495.0,525.0,465.0,570.0,540.0
2022-08-09 00:00:00+00:00,-127.5,-37.5,-217.5,-452.5,-542.5,-515.0,-425.0,-605.0,-365.0,-455.0,-222.5,-162.5,-282.5,-347.5,-407.5,-777.5,-687.5,-867.5,-410.0,-470.0,-472.5,-412.5,-532.5,-447.5,-507.5,-422.5,-362.5,-482.5,-460.0,-520.0,-542.5,-512.5,-572.5,-567.5,-597.5,-492.5,-462.5,-522.5,-580.0,-610.0,-492.5,-462.5,-522.5,-580.0,-610.0,0.0,0.0,0.0,0.0,0.0,-1042.5,-1012.5,-1072.5,-1117.5,-1147.5
2022-08-10 00:00:00+00:00,-132.5,-12.5,-252.5,-120.0,-240.0,-127.5,-37.5,-217.5,-202.5,-292.5,-327.5,-237.5,-417.5,-297.5,-357.5,-202.5,-112.5,-292.5,-127.5,-217.5,-215.0,-125.0,-305.0,-65.0,-155.0,-210.0,-150.0,-270.0,-47.5,-107.5,-147.5,-87.5,-207.5,-35.0,-95.0,-172.5,-112.5,-232.5,40.0,-20.0,-60.0,0.0,-120.0,102.5,42.5,0.0,0.0,0.0,0.0,0.0,-105.0,-75.0,-135.0,-217.5,-247.5
2022-08-11 00:00:00+00:00,80.0,200.0,-40.0,-32.5,-152.5,272.5,362.5,182.5,310.0,220.0,222.5,312.5,132.5,185.0,95.0,-127.5,-37.5,-217.5,-22.5,-82.5,-22.5,37.5,-82.5,82.5,52.5,-5.0,25.0,-35.0,82.5,52.5,65.0,125.0,5.0,15.0,-45.0,107.5,137.5,77.5,-17.5,-47.5,0.0,0.0,0.0,0.0,0.0,0.0,0.0,0.0,0.0,0.0,432.5,462.5,402.5,420.0,390.0
2022-08-12 00:00:00+00:00,-842.5,-662.5,-1022.5,-330.0,-510.0,-297.5,-237.5,-357.5,-522.5,-582.5,-305.0,-275.0,-335.0,-242.5,-272.5,-245.0,-125.0,-365.0,-20.0,-140.0,-27.5,62.5,-117.5,-90.0,-180.0,-27.5,62.5,-117.5,-90.0,-180.0,-160.0,-100.0,-220.0,-285.0,-345.0,-160.0,-100.0,-220.0,-285.0,-345.0,-192.5,-162.5,-222.5,-180.0,-210.0,0.0,0.0,0.0,0.0,0.0,-467.5,-437.5,-497.5,-355.0,-385.0
2022-08-15 00:00:00+00:00,-107.5,12.5,-227.5,-82.5,-202.5,2.5,62.5,-57.5,-335.0,-395.0,-10.0,50.0,-70.0,-235.0,-295.0,-232.5,-112.5,-352.5,172.5,82.5,-232.5,-112.5,-352.5,172.5,82.5,-207.5,-87.5,-327.5,185.0,95.0,-60.0,0.0,-120.0,215.0,155.0,-60.0,0.0,-120.0,215.0,155.0,57.5,87.5,27.5,57.5,27.5,0.0,0.0,0.0,0.0,0.0,-255.0,-225.0,-285.0,-342.5,-372.5
2022-08-16 00:00:00+00:00,-170.0,-50.0,-290.0,105.0,-15.0,-35.0,25.0,-95.0,-60.0,-120.0,-265.0,-175.0,-355.0,-77.5,-167.5,-40.0,50.0,-130.0,-90.0,-180.0,72.5,162.5,-17.5,-27.5,-117.5,140.0,200.0,80.0,2.5,-57.5,110.0,200.0,20.0,135.0,45.0,122.5,212.5,32.5,172.5,82.5,15.0,75.0,-45.0,-10.0,-70.0,0.0,0.0,0.0,0.0,0.0,-30.0,0.0,-60.0,107.5,77.5
2022-08-17 00:00:00+00:00,-800.0,-650.0,-950.0,-525.0,-675.0,-122.5,-62.5,-182.5,40.0,-20.0,0.0,0.0,0.0,0.0,0.0,-645.0,-525.0,-765.0,-870.0,-990.0,-645.0,-525.0,-765.0,-870.0,-990.0,-342.5,-312.5,-372.5,-367.5,-397.5,-897.5,-837.5,-957.5,-1047.5,-1107.5,-897.5,-837.5,-957.5,-1047.5,-1107.5,-955.0,-925.0,-985.0,-905.0,-935.0,0.0,0.0,0.0,0.0,0.0,-1030.0,-1000.0,-1060.0,-1005.0,-1035.0
2022-08-18 00:00:00+00:00,105.0,225.0,-15.0,-20.0,-140.0,302.5,362.5,242.5,590.0,530.0,345.0,375.0,315.0,320.0,290.0,77.5,137.5,17.5,15.0,-45.0,70.0,100.0,40.0,82.5,52.5,70.0,100.0,40.0,95.0,65.0,82.5,112.5,52.5,20.0,-10.0,82.5,112.5,52.5,32.5,2.5,82.5,112.5,52.5,32.5,2.5,0.0,0.0,0.0,0.0,0.0,507.5,537.5,477.5,532.5,502.5
2022-08-19 00:00:00+00:00,-350.0,-200.0,-500.0,-545.0,-665.0,-190.0,-100.0,-280.0,-215.0,-305.0,-192.5,-162.5,-222.5,-305.0,-335.0,-402.5,-312.5,-492.5,-65.0,-155.0,-372.5,-312.5,-432.5,-35.0,-95.0,-155.0,-125.0,-185.0,132.5,102.5,-392.5,-362.5,-422.5,-380.0,-410.0,-330.0,-300.0,-360.0,-330.0,-360.0,-330.0,-300.0,-360.0,-330.0,-360.0,0.0,0.0,0.0,0.0,0.0,-380.0,-350.0,-410.0,-392.5,-422.5
2022-08-22 00:00:00+00:00,-392.5,-212.5,-572.5,12.5,-137.5,-370.0,-250.0,-490.0,117.5,-2.5,-290.0,-200.0,-380.0,-147.5,-207.5,267.5,387.5,147.5,67.5,-52.5,430.0,550.0,310.0,92.5,-27.5,157.5,187.5,127.5,270.0,240.0,347.5,437.5,257.5,197.5,107.5,340.0,400.0,280.0,202.5,142.5,245.0,275.0,215.0,245.0,215.0,0.0,0.0,0.0,0.0,0.0,7.5,37.5,-22.5,95.0,65.0
2022-08-23 00:00:00+00:00,-332.5,-212.5,-452.5,-652.5,-742.5,-797.5,-737.5,-857.5,-735.0,-795.0,-307.5,-187.5,-427.5,-165.0,-255.0,-232.5,-112.5,-352.5,92.5,-27.5,167.5,287.5,47.5,430.0,310.0,145.0,175.0,115.0,345.0,315.0,235.0,325.0,145.0,572.5,482.5,472.5,562.5,382.5,610.0,520.0,327.5,387.5,267.5,415.0,355.0,0.0,0.0,0.0,0.0,0.0,-205.0,-175.0,-235.0,-5.0,-35.0
2022-08-24 00:00:00+00:00,107.5,287.5,-72.5,120.0,-60.0,22.5,112.5,-67.5,122.5,32.5,-90.0,0.0,-180.0,-140.0,-230.0,-77.5,12.5,-167.5,-77.5,-167.5,-97.5,-37.5,-157.5,65.0,5.0,115.0,175.0,55.0,252.5,192.5,27.5,87.5,-32.5,202.5,142.5,165.0,225.0,105.0,315.0,255.0,265.0,325.0,205.0,302.5,242.5,0.0,0.0,0.0,0.0,0.0,182.5,212.5,152.5,220.0,190.0
2022-08-25 00:00:00+00:00,17.5,137.5,-102.5,-45.0,-165.0,-165.0,-75.0,-255.0,-265.0,-355.0,-67.5,-37.5,-97.5,7.5,-22.5,-765.0,-675.0,-855.0,-740.0,-830.0,-742.5,-712.5,-772.5,-767.5,-797.5,-742.5,-712.5,-772.5,-767.5,-797.5,-680.0,-650.0,-710.0,-567.5,-597.5,-680.0,-650.0,-710.0,-567.5,-597.5,-680.0,-650.0,-710.0,-567.5,-597.5,0.0,0.0,0.0,0.0,0.0,-617.5,-587.5,-647.5,-517.5,-547.5
2022-08-26 00:00:00+00:00,-735.0,-525.0,-945.0,65.0,-145.0,-240.0,-150.0,-330.0,-77.5,-167.5,-315.0,-225.0,-405.0,-240.0,-330.0,225.0,375.0,75.0,-187.5,-337.5,150.0,300.0,0.0,-150.0,-300.0,20.0,50.0,-10.0,20.0,-10.0,-27.5,62.5,-117.5,-52.5,-142.5,-110.0,-50.0,-170.0,-10.0,-70.0,-22.5,37.5,-82.5,15.0,-45.0,0.0,0.0,0.0,0.0,0.0,32.5,62.5,2.5,170.0,140.0
2022-08-29 00:00:00+00:00,-375.0,-225.0,-525.0,-7.5,-127.5,-695.0,-575.0,-815.0,-407.5,-527.5,-402.5,-312.5,-492.5,-327.5,-417.5,172.5,262.5,82.5,272.5,182.5,310.0,400.0,220.0,210.0,120.0,310.0,400.0,220.0,210.0,120.0,475.0,625.0,325.0,400.0,250.0,460.0,550.0,370.0,372.5,282.5,710.0,800.0,620.0,435.0,345.0,0.0,0.0,0.0,0.0,0.0,145.0,175.0,115.0,157.5,127.5
2022-08-30 00:00:00+00:00,-325.0,-175.0,-475.0,-300.0,-450.0,-390.0,-300.0,-480.0,-177.5,-267.5,-235.0,-175.0,-295.0,-247.5,-307.5,32.5,212.5,-147.5,-225.0,-375.0,0.0,150.0,-150.0,-307.5,-427.5,20.0,50.0,-10.0,45.0,15.0,-215.0,-125.0,-305.0,-302.5,-392.5,-97.5,-37.5,-157.5,-122.5,-182.5,152.5,212.5,92.5,-197.5,-257.5,0.0,0.0,0.0,0.0,0.0,-317.5,-287.5,-347.5,-305.0,-335.0
2022-08-31 00:00:00+00:00,-447.5,-237.5,-657.5,52.5,-157.5,622.5,712.5,532.5,697.5,607.5,382.5,412.5,352.5,207.5,177.5,27.5,87.5,-32.5,77.5,17.5,-117.5,-87.5,-147.5,-142.5,-172.5,-117.5,-87.5,-147.5,-142.5,-172.5,-205.0,-175.0,-235.0,-92.5,-122.5,-205.0,-175.0,-235.0,-92.5,-122.5,-205.0,-175.0,-235.0,-92.5,-122.5,0.0,0.0,0.0,0.0,0.0,270.0,300.0,240.0,395.0,365.0
2022-09-01 00:00:00+00:00,450.0,600.0,300.0,512.5,362.5,370.0,550.0,190.0,670.0,490.0,715.0,775.0,655.0,540.0,480.0,180.0,300.0,60.0,17.5,-102.5,77.5,137.5,17.5,-97.5,-157.5,0.0,0.0,0.0,0.0,0.0,252.5,312.5,192.5,277.5,217.5,327.5,387.5,267.5,77.5,17.5,145.0,175.0,115.0,-105.0,-135.0,0.0,0.0,0.0,0.0,0.0,832.5,862.5,802.5,732.5,702.5
2022-09-02 00:00:00+00:00,-307.5,-187.5,-427.5,-157.5,-277.5,-515.0,-425.0,-605.0,-440.0,-530.0,-397.5,-337.5,-457.5,-22.5,-82.5,-257.5,-137.5,-377.5,-120.0,-240.0,-207.5,-87.5,-327.5,67.5,-52.5,-72.5,-12.5,-132.5,2.5,-57.5,130.0,250.0,10.0,-102.5,-192.5,142.5,262.5,22.5,-202.5,-292.5,322.5,412.5,232.5,40.0,-20.0,0.0,0.0,0.0,0.0,0.0,-142.5,-112.5,-172.5,-30.0,-60.0
2022-09-05 00:00:00+00:00,-315.0,-225.0,-405.0,-515.0,-605.0,-415.0,-325.0,-505.0,-490.0,-580.0,-565.0,-475.0,-655.0,-15.0,-105.0,-427.5,-337.5,-517.5,285.0,195.0,-290.0,-200.0,-380.0,335.0,245.0,177.5,237.5,117.5,215.0,155.0,272.5,362.5,182.5,35.0,-55.0,360.0,450.0,270.0,-27.5,-117.5,360.0,450.0,270.0,-27.5,-117.5,0.0,0.0,0.0,0.0,0.0,-380.0,-350.0,-410.0,-280.0,-310.0
2022-09-06 00:00:00+00:00,192.5,312.5,72.5,155.0,35.0,2.5,62.5,-57.5,-22.5,-82.5,177.5,237.5,117.5,127.5,67.5,-320.0,-200.0,-440.0,160.0,70.0,-427.5,-337.5,-517.5,215.0,155.0,-342.5,-312.5,-372.5,0.0,0.0,-422.5,-362.5,-482.5,-72.5,-132.5,-147.5,-87.5,-207.5,282.5,252.5,-342.5,-312.5,-372.5,0.0,0.0,0.0,0.0,0.0,0.0,0.0,-342.5,-312.5,-372.5,95.0,65.0
2022-09-07 00:00:00+00:00,-1110.0,-900.0,-1320.0,-280.0,-460.0,-1227.5,-987.5,-1467.5,-590.0,-830.0,-382.5,-112.5,-652.5,-102.5,-342.5,175.0,325.0,25.0,37.5,-112.5,300.0,450.0,150.0,-50.0,-200.0,0.0,0.0,0.0,0.0,0.0,187.5,337.5,37.5,-125.0,-275.0,230.0,350.0,110.0,-145.0,-265.0,20.0,50.0,-10.0,-80.0,-110.0,0.0,0.0,0.0,0.0,0.0,-592.5,-562.5,-622.5,-255.0,-285.0
2022-09-08 00:00:00+00:00,-337.5,-187.5,-487.5,-112.5,-262.5,-145.0,-25.0,-265.0,-57.5,-177.5,-415.0,-325.0,-505.0,-165.0,-255.0,-90.0,0.0,-180.0,-277.5,-367.5,-77.5,12.5,-167.5,-302.5,-392.5,0.0,0.0,0.0,0.0,0.0,35.0,125.0,-55.0,-85.0,-145.0,132.5,162.5,102.5,32.5,2.5,0.0,0.0,0.0,0.0,0.0,0.0,0.0,0.0,0.0,0.0,-167.5,-137.5,-197.5,-167.5,-197.5
2022-09-09 00:00:00+00:00,175.0,325.0,25.0,-250.0,-400.0,-165.0,-75.0,-255.0,-40.0,-130.0,-372.5,-312.5,-432.5,-472.5,-532.5,-270.0,-150.0,-390.0,-245.0,-365.0,-207.5,-87.5,-327.5,-382.5,-502.5,-177.5,-87.5,-267.5,-340.0,-430.0,-102.5,-12.5,-192.5,-2.5,-92.5,27.5,87.5,-32.5,120.0,90.0,27.5,87.5,-32.5,120.0,90.0,0.0,0.0,0.0,0.0,0.0,-117.5,-87.5,-147.5,-167.5,-197.5
2022-09-12 00:00:00+00:00,22.5,112.5,-67.5,22.5,-67.5,-347.5,-287.5,-407.5,-410.0,-470.0,-222.5,-162.5,-282.5,-167.5,-197.5,-252.5,-162.5,-342.5,-240.0,-330.0,-235.0,-175.0,-295.0,-60.0,-120.0,-235.0,-175.0,-295.0,-60.0,-120.0,-110.0,-50.0,-170.0,-60.0,-120.0,-110.0,-50.0,-170.0,-60.0,-120.0,-72.5,-12.5,-132.5,-35.0,-95.0,0.0,0.0,0.0,0.0,0.0,-192.5,-162.5,-222.5,-180.0,-210.0
2022-09-13 00:00:00+00:00,337.5,487.5,187.5,337.5,187.5,422.5,512.5,332.5,472.5,382.5,427.5,487.5,367.5,452.5,392.5,22.5,112.5,-67.5,22.5,-67.5,27.5,87.5,-32.5,-110.0,-170.0,0.0,0.0,0.0,0.0,0.0,-17.5,12.5,-47.5,20.0,-10.0,-17.5,12.5,-47.5,20.0,-10.0,-17.5,12.5,-47.5,20.0,-10.0,0.0,0.0,0.0,0.0,0.0,532.5,562.5,502.5,507.5,477.5
2022-09-14 00:00:00+00:00,-570.0,-450.0,-690.0,-357.5,-477.5,-712.5,-562.5,-862.5,-187.5,-337.5,-222.5,-162.5,-282.5,65.0,5.0,-405.0,-225.0,-585.0,-880.0,-1060.0,-495.0,-375.0,-615.0,-432.5,-552.5,-440.0,-350.0,-530.0,-477.5,-567.5,-557.5,-437.5,-677.5,-1132.5,-1252.5,-810.0,-750.0,-870.0,-847.5,-907.5,-810.0,-750.0,-870.0,-847.5,-907.5,0.0,0.0,0.0,0.0,0.0,-1155.0,-1125.0,-1185.0,-1367.5,-1397.5
2022-09-15 00:00:00+00:00,-67.5,112.5,-247.5,-155.0,-335.0,140.0,200.0,80.0,-185.0,-245.0,-155.0,-125.0,-185.0,-317.5,-347.5,-565.0,-475.0,-655.0,-440.0,-530.0,-685.0,-625.0,-745.0,-460.0,-520.0,-617.5,-587.5,-647.5,-392.5,-422.5,-392.5,-362.5,-422.5,-205.0,-235.0,-392.5,-362.5,-422.5,-205.0,-235.0,-180.0,-150.0,-210.0,57.5,27.5,0.0,0.0,0.0,0.0,0.0,-317.5,-287.5,-347.5,-605.0,-635.0
2022-09-19 00:00:00+00:00,-440.0,-350.0,-530.0,-40.0,-130.0,-5.0,25.0,-35.0,120.0,90.0,-85.0,-25.0,-145.0,40.0,-20.0,47.5,137.5,-42.5,-110.0,-170.0,47.5,137.5,-42.5,-110.0,-170.0,-15.0,75.0,-105.0,-72.5,-132.5,-267.5,-237.5,-297.5,-367.5,-397.5,-267.5,-237.5,-297.5,-367.5,-397.5,-267.5,-237.5,-297.5,-367.5,-397.5,0.0,0.0,0.0,0.0,0.0,-130.0,-100.0,-160.0,-130.0,-160.0
2022-09-20 00:00:00+00:00,-650.0,-500.0,-800.0,-237.5,-387.5,-102.5,-12.5,-192.5,-165.0,-255.0,7.5,37.5,-22.5,-130.0,-160.0,-352.5,-262.5,-442.5,-740.0,-830.0,-352.5,-262.5,-442.5,-740.0,-830.0,-10.0,50.0,-70.0,-47.5,-107.5,-305.0,-275.0,-335.0,-242.5,-272.5,-305.0,-275.0,-335.0,-242.5,-272.5,-130.0,-100.0,-160.0,7.5,-22.5,0.0,0.0,0.0,0.0,0.0,-505.0,-475.0,-535.0,-605.0,-635.0
2022-09-21 00:00:00+00:00,15.0,75.0,-45.0,-147.5,-207.5,-45.0,75.0,-165.0,-170.0,-290.0,-457.5,-337.5,-577.5,-252.5,-342.5,92.5,212.5,-27.5,167.5,47.5,180.0,300.0,60.0,192.5,72.5,247.5,337.5,157.5,135.0,45.0,492.5,612.5,372.5,280.0,160.0,440.0,500.0,380.0,465.0,405.0,427.5,487.5,367.5,527.5,467.5,0.0,0.0,0.0,0.0,0.0,470.0,500.0,440.0,632.5,602.5
2022-09-22 00:00:00+00:00,-490.0,-400.0,-580.0,-565.0,-655.0,-97.5,-37.5,-157.5,-722.5,-782.5,-1190.0,-1100.0,-1280.0,-1365.0,-1455.0,-1070.0,-950.0,-1190.0,-545.0,-665.0,-540.0,-450.0,-630.0,22.5,-67.5,-460.0,-400.0,-520.0,-535.0,-595.0,-522.5,-462.5,-582.5,327.5,267.5,-322.5,-262.5,-382.5,90.0,30.0,-322.5,-262.5,-382.5,90.0,30.0,0.0,0.0,0.0,0.0,0.0,-1130.0,-1100.0,-1160.0,-667.5,-697.5
2022-09-23 00:00:00+00:00,-315.0,-225.0,-405.0,-260.0,-320.0,-417.5,-387.5,-447.5,-430.0,-460.0,0.0,0.0,0.0,0.0,0.0,-1097.5,-1037.5,-1157.5,-872.5,-932.5,-1097.5,-1037.5,-1157.5,-872.5,-932.5,-910.0,-850.0,-970.0,-460.0,-520.0,-872.5,-812.5,-932.5,-935.0,-995.0,-872.5,-812.5,-932.5,-935.0,-995.0,-897.5,-837.5,-957.5,-760.0,-820.0,0.0,0.0,0.0,0.0,0.0,-1292.5,-1262.5,-1322.5,-1217.5,-1247.5
2022-09-26 00:00:00+00:00,-100.0,50.0,-250.0,-245.0,-365.0,165.0,225.0,105.0,127.5,67.5,-765.0,-675.0,-855.0,-552.5,-642.5,-1365.0,-1275.0,-1455.0,-1215.0,-1305.0,-1365.0,-1275.0,-1455.0,-1215.0,-1305.0,-1135.0,-1075.0,-1195.0,-997.5,-1057.5,-497.5,-437.5,-557.5,-260.0,-320.0,-497.5,-437.5,-557.5,-260.0,-320.0,-247.5,-187.5,-307.5,127.5,67.5,0.0,0.0,0.0,0.0,0.0,-1055.0,-1025.0,-1085.0,-980.0,-1010.0
2022-09-27 00:00:00+00:00,755.0,875.0,635.0,-152.5,-242.5,55.0,175.0,-65.0,285.0,195.0,832.5,862.5,802.5,832.5,802.5,-32.5,87.5,-152.5,-170.0,-290.0,-165.0,-75.0,-255.0,-590.0,-680.0,-310.0,-250.0,-370.0,-435.0,-495.0,-272.5,-212.5,-332.5,-635.0,-695.0,-272.5,-212.5,-332.5,-635.0,-695.0,-480.0,-450.0,-510.0,-492.5,-522.5,0.0,0.0,0.0,0.0,0.0,645.0,675.0,615.0,745.0,715.0
2022-09-28 00:00:00+00:00,757.5,937.5,577.5,1037.5,887.5,822.5,912.5,732.5,747.5,657.5,-292.5,-262.5,-322.5,-180.0,-210.0,-815.0,-725.0,-905.0,-52.5,-142.5,-27.5,62.5,-117.5,97.5,7.5,-27.5,62.5,-117.5,97.5,7.5,-347.5,-287.5,-407.5,565.0,505.0,-347.5,-287.5,-407.5,565.0,505.0,-297.5,-237.5,-357.5,777.5,717.5,0.0,0.0,0.0,0.0,0.0,170.0,200.0,140.0,170.0,140.0
2022-09-29 00:00:00+00:00,-505.0,-325.0,-685.0,-855.0,-1035.0,-365.0,-275.0,-455.0,235.0,145.0,302.5,362.5,242.5,127.5,67.5,430.0,550.0,310.0,142.5,22.5,195.0,225.0,165.0,-80.0,-110.0,195.0,225.0,165.0,-80.0,-110.0,652.5,712.5,592.5,565.0,505.0,382.5,412.5,352.5,370.0,340.0,382.5,412.5,352.5,370.0,340.0,0.0,0.0,0.0,0.0,0.0,720.0,750.0,690.0,495.0,465.0
2022-09-30 00:00:00+00:00,-1025.0,-875.0,-1175.0,-420.0,-540.0,-610.0,-550.0,-670.0,-422.5,-482.5,-1172.5,-1112.5,-1232.5,-810.0,-870.0,-735.0,-675.0,-795.0,-147.5,-207.5,-485.0,-425.0,-545.0,-247.5,-307.5,-297.5,-237.5,-357.5,-47.5,-107.5,-710.0,-650.0,-770.0,-647.5,-707.5,-710.0,-650.0,-770.0,-647.5,-707.5,-397.5,-337.5,-457.5,-610.0,-670.0,0.0,0.0,0.0,0.0,0.0,-1567.5,-1537.5,-1597.5,-1417.5,-1447.5
2022-10-03 00:00:00+00:00,337.5,487.5,187.5,-112.5,-262.5,335.0,425.0,245.0,85.0,-5.0,720.0,750.0,690.0,607.5,577.5,497.5,587.5,407.5,847.5,757.5,195.0,225.0,165.0,595.0,565.0,195.0,225.0,165.0,595.0,565.0,420.0,450.0,390.0,632.5,602.5,420.0,450.0,390.0,632.5,602.5,420.0,450.0,390.0,632.5,602.5,0.0,0.0,0.0,0.0,0.0,907.5,937.5,877.5,1132.5,1102.5
2022-10-04 00:00:00+00:00,267.5,387.5,147.5,-132.5,-252.5,502.5,562.5,442.5,140.0,80.0,-120.0,0.0,-240.0,55.0,-65.0,-85.0,-25.0,-145.0,65.0,5.0,-85.0,-25.0,-145.0,65.0,5.0,-85.0,-25.0,-145.0,65.0,5.0,265.0,325.0,205.0,252.5,192.5,265.0,325.0,205.0,252.5,192.5,265.0,325.0,205.0,252.5,192.5,0.0,0.0,0.0,0.0,0.0,107.5,137.5,77.5,407.5,377.5
2022-10-05 00:00:00+00:00,-557.5,-437.5,-677.5,-507.5,-627.5,-550.0,-400.0,-700.0,-300.0,-450.0,-372.5,-312.5,-432.5,-672.5,-732.5,210.0,300.0,120.0,135.0,45.0,110.0,200.0,20.0,35.0,-55.0,152.5,212.5,92.5,52.5,-7.5,-110.0,-50.0,-170.0,90.0,30.0,-135.0,-75.0,-195.0,195.0,165.0,-135.0,-75.0,-195.0,195.0,165.0,0.0,0.0,0.0,0.0,0.0,-317.5,-287.5,-347.5,-242.5,-272.5
2022-10-06 00:00:00+00:00,-117.5,62.5,-297.5,-130.0,-310.0,100.0,250.0,-50.0,-200.0,-350.0,-5.0,25.0,-35.0,-30.0,-60.0,-382.5,-262.5,-502.5,-295.0,-415.0,-472.5,-412.5,-532.5,-647.5,-707.5,-505.0,-475.0,-535.0,-492.5,-522.5,-480.0,-450.0,-510.0,-67.5,-97.5,-555.0,-525.0,-585.0,-280.0,-310.0,-342.5,-312.5,-372.5,70.0,40.0,0.0,0.0,0.0,0.0,0.0,-192.5,-162.5,-222.5,-155.0,-185.0
2022-10-07 00:00:00+00:00,402.5,462.5,342.5,202.5,142.5,127.5,187.5,67.5,-22.5,-82.5,-177.5,-87.5,-267.5,-265.0,-355.0,-227.5,-137.5,-317.5,-135.0,-195.0,-122.5,-62.5,-182.5,-192.5,-222.5,-167.5,-137.5,-197.5,-192.5,-222.5,-67.5,-37.5,-97.5,-242.5,-272.5,-67.5,-37.5,-97.5,-242.5,-272.5,-67.5,-37.5,-97.5,-242.5,-272.5,0.0,0.0,0.0,0.0,0.0,245.0,275.0,215.0,95.0,65.0
2022-10-10 00:00:00+00:00,267.5,387.5,147.5,205.0,85.0,502.5,562.5,442.5,377.5,317.5,90.0,150.0,30.0,77.5,17.5,385.0,475.0,295.0,147.5,57.5,40.0,100.0,-20.0,90.0,30.0,-42.5,-12.5,-72.5,-92.5,-122.5,32.5,62.5,2.5,120.0,90.0,82.5,112.5,52.5,145.0,115.0,0.0,0.0,0.0,0.0,0.0,0.0,0.0,0.0,0.0,0.0,620.0,650.0,590.0,432.5,402.5
2022-10-11 00:00:00+00:00,710.0,800.0,620.0,135.0,45.0,442.5,562.5,322.5,392.5,272.5,227.5,287.5,167.5,302.5,242.5,272.5,362.5,182.5,97.5,7.5,102.5,162.5,42.5,115.0,55.0,102.5,162.5,42.5,115.0,55.0,452.5,512.5,392.5,52.5,-7.5,452.5,512.5,392.5,52.5,-7.5,220.0,250.0,190.0,45.0,15.0,0.0,0.0,0.0,0.0,0.0,557.5,587.5,527.5,482.5,452.5
2022-10-12 00:00:00+00:00,610.0,700.0,520.0,-2.5,-92.5,152.5,212.5,92.5,165.0,105.0,365.0,425.0,305.0,-130.0,-160.0,-60.0,0.0,-120.0,27.5,-32.5,177.5,237.5,117.5,40.0,-20.0,70.0,100.0,40.0,-55.0,-85.0,-255.0,-225.0,-285.0,-55.0,-85.0,-80.0,-50.0,-110.0,120.0,90.0,157.5,187.5,127.5,132.5,102.5,0.0,0.0,0.0,0.0,0.0,320.0,350.0,290.0,-55.0,-85.0
2022-10-13 00:00:00+00:00,980.0,1100.0,860.0,842.5,722.5,1002.5,1062.5,942.5,977.5,917.5,640.0,700.0,580.0,577.5,517.5,-117.5,-87.5,-147.5,-80.0,-110.0,-117.5,-87.5,-147.5,-80.0,-110.0,95.0,125.0,65.0,45.0,15.0,-5.0,25.0,-35.0,70.0,40.0,20.0,50.0,-10.0,70.0,40.0,95.0,125.0,65.0,95.0,65.0,0.0,0.0,0.0,0.0,0.0,957.5,987.5,927.5,970.0,940.0
2022-10-14 00:00:00+00:00,167.5,287.5,47.5,592.5,472.5,1005.0,1125.0,885.0,942.5,822.5,632.5,662.5,602.5,57.5,27.5,27.5,87.5,-32.5,327.5,267.5,27.5,87.5,-32.5,327.5,267.5,0.0,0.0,0.0,0.0,0.0,20.0,50.0,-10.0,145.0,115.0,20.0,50.0,-10.0,145.0,115.0,0.0,0.0,0.0,0.0,0.0,0.0,0.0,0.0,0.0,0.0,582.5,612.5,552.5,545.0,515.0
2022-10-17 00:00:00+00:00,5.0,125.0,-115.0,92.5,-27.5,235.0,325.0,145.0,285.0,195.0,-97.5,-37.5,-157.5,332.5,302.5,-35.0,25.0,-95.0,40.0,-20.0,132.5,162.5,102.5,295.0,265.0,0.0,0.0,0.0,0.0,0.0,140.0,200.0,80.0,90.0,30.0,190.0,250.0,130.0,15.0,-45.0,0.0,0.0,0.0,0.0,0.0,0.0,0.0,0.0,0.0,0.0,445.0,475.0,415.0,370.0,340.0
2022-10-18 00:00:00+00:00,1260.0,1350.0,1170.0,472.5,382.5,972.5,1062.5,882.5,622.5,532.5,1057.5,1087.5,1027.5,895.0,865.0,505.0,625.0,385.0,117.5,-2.5,492.5,612.5,372.5,155.0,35.0,-117.5,-87.5,-147.5,-292.5,-322.5,402.5,462.5,342.5,140.0,80.0,32.5,62.5,2.5,-5.0,-35.0,32.5,62.5,2.5,-5.0,-35.0,0.0,0.0,0.0,0.0,0.0,1470.0,1500.0,1440.0,1232.5,1202.5
2022-10-19 00:00:00+00:00,-290.0,-200.0,-380.0,-427.5,-517.5,620.0,650.0,590.0,332.5,302.5,157.5,187.5,127.5,-105.0,-135.0,-922.5,-862.5,-982.5,-660.0,-720.0,-835.0,-775.0,-895.0,-235.0,-295.0,-672.5,-612.5,-732.5,-260.0,-320.0,-1180.0,-1150.0,-1210.0,-1217.5,-1247.5,-1180.0,-1150.0,-1210.0,-1217.5,-1247.5,-1180.0,-1150.0,-1210.0,-1217.5,-1247.5,0.0,0.0,0.0,0.0,0.0,-692.5,-662.5,-722.5,-830.0,-860.0
2022-10-20 00:00:00+00:00,992.5,1112.5,872.5,642.5,522.5,1010.0,1100.0,920.0,1122.5,1032.5,1020.0,1050.0,990.0,1195.0,1165.0,-240.0,-150.0,-330.0,315.0,255.0,240.0,300.0,180.0,290.0,230.0,0.0,0.0,0.0,0.0,0.0,0.0,0.0,0.0,0.0,0.0,0.0,0.0,0.0,0.0,0.0,0.0,0.0,0.0,0.0,0.0,0.0,0.0,0.0,0.0,0.0,1007.5,1037.5,977.5,1195.0,1165.0
2022-10-21 00:00:00+00:00,-47.5,162.5,-257.5,-735.0,-945.0,-207.5,-87.5,-327.5,-720.0,-840.0,172.5,262.5,82.5,172.5,82.5,185.0,275.0,95.0,122.5,32.5,115.0,175.0,55.0,152.5,92.5,170.0,200.0,140.0,145.0,115.0,280.0,400.0,160.0,367.5,247.5,170.0,200.0,140.0,145.0,115.0,170.0,200.0,140.0,145.0,115.0,0.0,0.0,0.0,0.0,0.0,307.5,337.5,277.5,207.5,177.5
2022-10-24 00:00:00+00:00,900.0,1050.0,750.0,-70.0,-190.0,1592.5,1712.5,1472.5,792.5,672.5,2520.0,2550.0,2490.0,2432.5,2402.5,440.0,500.0,380.0,777.5,717.5,440.0,500.0,380.0,777.5,717.5,440.0,500.0,380.0,777.5,717.5,157.5,187.5,127.5,57.5,27.5,0.0,0.0,0.0,0.0,0.0,0.0,0.0,0.0,0.0,0.0,0.0,0.0,0.0,0.0,0.0,2357.5,2387.5,2327.5,2057.5,2027.5
2022-10-25 00:00:00+00:00,-300.0,-150.0,-450.0,-437.5,-587.5,-302.5,-212.5,-392.5,-140.0,-230.0,-72.5,-12.5,-132.5,-85.0,-145.0,-65.0,25.0,-155.0,-127.5,-217.5,-2.5,87.5,-92.5,-277.5,-367.5,-110.0,-50.0,-170.0,-272.5,-332.5,-172.5,-112.5,-232.5,15.0,-45.0,-110.0,-50.0,-170.0,-135.0,-195.0,-110.0,-50.0,-170.0,-135.0,-195.0,0.0,0.0,0.0,0.0,0.0,-130.0,-100.0,-160.0,-80.0,-110.0
2022-10-26 00:00:00+00:00,-362.5,-212.5,-512.5,-220.0,-340.0,-515.0,-425.0,-605.0,-790.0,-880.0,-495.0,-375.0,-615.0,-657.5,-777.5,-77.5,12.5,-167.5,160.0,70.0,185.0,275.0,95.0,185.0,95.0,185.0,275.0,95.0,185.0,95.0,-117.5,-87.5,-147.5,-92.5,-122.5,-117.5,-87.5,-147.5,-92.5,-122.5,7.5,37.5,-22.5,95.0,65.0,0.0,0.0,0.0,0.0,0.0,-567.5,-537.5,-597.5,-580.0,-610.0
2022-10-27 00:00:00+00:00,-320.0,-200.0,-440.0,-232.5,-352.5,-177.5,-87.5,-267.5,-690.0,-780.0,-590.0,-500.0,-680.0,-502.5,-592.5,-445.0,-325.0,-565.0,-207.5,-327.5,-445.0,-325.0,-565.0,-207.5,-327.5,22.5,112.5,-67.5,-15.0,-105.0,-585.0,-525.0,-645.0,-335.0,-395.0,-460.0,-400.0,-520.0,-47.5,-107.5,-360.0,-300.0,-420.0,-110.0,-170.0,0.0,0.0,0.0,0.0,0.0,-655.0,-625.0,-685.0,-755.0,-785.0
2022-10-28 00:00:00+00:00,-380.0,-200.0,-560.0,-505.0,-685.0,-37.5,112.5,-187.5,225.0,75.0,-45.0,75.0,-165.0,80.0,-40.0,862.5,1012.5,712.5,600.0,450.0,672.5,762.5,582.5,622.5,532.5,195.0,225.0,165.0,245.0,215.0,472.5,562.5,382.5,647.5,557.5,402.5,462.5,342.5,465.0,405.0,0.0,0.0,0.0,0.0,0.0,0.0,0.0,0.0,0.0,0.0,657.5,687.5,627.5,745.0,715.0
2022-10-31 00:00:00+00:00,-150.0,0.0,-300.0,12.5,-137.5,40.0,100.0,-20.0,52.5,-7.5,-235.0,-175.0,-295.0,-222.5,-282.5,492.5,612.5,372.5,155.0,35.0,485.0,575.0,395.0,272.5,182.5,-17.5,12.5,-47.5,32.5,2.5,590.0,650.0,530.0,302.5,242.5,470.0,500.0,440.0,195.0,165.0,0.0,0.0,0.0,0.0,0.0,0.0,0.0,0.0,0.0,0.0,457.5,487.5,427.5,382.5,352.5
2022-11-01 00:00:00+00:00,135.0,225.0,45.0,385.0,295.0,195.0,225.0,165.0,170.0,140.0,-47.5,12.5,-107.5,-85.0,-145.0,147.5,237.5,57.5,135.0,45.0,97.5,187.5,7.5,60.0,-30.0,165.0,225.0,105.0,290.0,230.0,227.5,287.5,167.5,290.0,230.0,227.5,287.5,167.5,290.0,230.0,290.0,350.0,230.0,327.5,267.5,0.0,0.0,0.0,0.0,0.0,370.0,400.0,340.0,520.0,490.0
2022-11-02 00:00:00+00:00,172.5,262.5,82.5,160.0,70.0,90.0,150.0,30.0,-122.5,-182.5,-660.0,-600.0,-720.0,-497.5,-557.5,-665.0,-575.0,-755.0,-702.5,-792.5,-360.0,-300.0,-420.0,-285.0,-345.0,-360.0,-300.0,-420.0,-285.0,-345.0,-235.0,-175.0,-295.0,-135.0,-195.0,-235.0,-175.0,-295.0,-135.0,-195.0,-147.5,-87.5,-207.5,-35.0,-95.0,0.0,0.0,0.0,0.0,0.0,-430.0,-400.0,-460.0,-392.5,-422.5
2022-11-03 00:00:00+00:00,-845.0,-725.0,-965.0,-757.5,-877.5,-55.0,-25.0,-85.0,-167.5,-197.5,-355.0,-325.0,-385.0,-330.0,-360.0,-687.5,-537.5,-837.5,-925.0,-1075.0,-227.5,-137.5,-317.5,-540.0,-630.0,-227.5,-137.5,-317.5,-540.0,-630.0,-1117.5,-1087.5,-1147.5,-992.5,-1022.5,-1117.5,-1087.5,-1147.5,-992.5,-1022.5,-1117.5,-1087.5,-1147.5,-880.0,-910.0,0.0,0.0,0.0,0.0,0.0,-1380.0,-1350.0,-1410.0,-1342.5,-1372.5
2022-11-04 00:00:00+00:00,-25.0,125.0,-175.0,412.5,262.5,297.5,387.5,207.5,385.0,295.0,315.0,375.0,255.0,390.0,330.0,67.5,187.5,-52.5,17.5,-102.5,327.5,387.5,267.5,52.5,-7.5,145.0,175.0,115.0,170.0,140.0,-22.5,37.5,-82.5,157.5,127.5,157.5,187.5,127.5,157.5,127.5,182.5,212.5,152.5,57.5,27.5,0.0,0.0,0.0,0.0,0.0,320.0,350.0,290.0,645.0,615.0
2022-11-07 00:00:00+00:00,317.5,437.5,197.5,142.5,22.5,342.5,462.5,222.5,-70.0,-190.0,302.5,362.5,242.5,90.0,30.0,272.5,362.5,182.5,165.0,105.0,297.5,387.5,207.5,240.0,180.0,70.0,100.0,40.0,245.0,215.0,70.0,100.0,40.0,245.0,215.0,70.0,100.0,40.0,245.0,215.0,145.0,175.0,115.0,282.5,252.5,0.0,0.0,0.0,0.0,0.0,670.0,700.0,640.0,432.5,402.5
2022-11-08 00:00:00+00:00,727.5,937.5,517.5,640.0,430.0,425.0,575.0,275.0,230.0,110.0,877.5,937.5,817.5,645.0,615.0,285.0,375.0,195.0,260.0,170.0,285.0,375.0,195.0,260.0,170.0,190.0,250.0,130.0,52.5,-7.5,7.5,37.5,-22.5,-30.0,-60.0,-17.5,12.5,-47.5,-17.5,-47.5,0.0,0.0,0.0,0.0,0.0,0.0,0.0,0.0,0.0,0.0,1082.5,1112.5,1052.5,1145.0,1115.0
2022-11-09 00:00:00+00:00,477.5,537.5,417.5,765.0,705.0,482.5,512.5,452.5,320.0,290.0,415.0,475.0,355.0,-85.0,-145.0,-955.0,-925.0,-985.0,-780.0,-810.0,-730.0,-700.0,-760.0,-617.5,-647.5,-480.0,-450.0,-510.0,-505.0,-535.0,-692.5,-662.5,-722.5,-605.0,-635.0,-755.0,-725.0,-785.0,-455.0,-485.0,-530.0,-500.0,-560.0,-292.5,-322.5,0.0,0.0,0.0,0.0,0.0,-142.5,-112.5,-172.5,-255.0,-285.0
2022-11-10 00:00:00+00:00,150.0,300.0,0.0,-87.5,-237.5,102.5,162.5,42.5,2.5,-57.5,-485.0,-275.0,-695.0,-10.0,-220.0,-165.0,-75.0,-255.0,-440.0,-530.0,85.0,175.0,-5.0,-240.0,-330.0,7.5,37.5,-22.5,-80.0,-110.0,115.0,175.0,55.0,327.5,267.5,227.5,287.5,167.5,240.0,180.0,57.5,87.5,27.5,170.0,140.0,0.0,0.0,0.0,0.0,0.0,270.0,300.0,240.0,270.0,240.0
2022-11-11 00:00:00+00:00,-295.0,-175.0,-415.0,-32.5,-152.5,-627.5,-537.5,-717.5,-502.5,-592.5,-685.0,-625.0,-745.0,-547.5,-607.5,-502.5,-412.5,-592.5,-115.0,-205.0,-335.0,-275.0,-395.0,-185.0,-245.0,-297.5,-237.5,-357.5,-272.5,-332.5,-185.0,-125.0,-245.0,-222.5,-282.5,-147.5,-87.5,-207.5,-310.0,-370.0,-47.5,12.5,-107.5,-72.5,-132.5,0.0,0.0,0.0,0.0,0.0,-705.0,-675.0,-735.0,-430.0,-460.0
2022-11-14 00:00:00+00:00,-750.0,-600.0,-900.0,-512.5,-662.5,-717.5,-537.5,-897.5,20.0,-160.0,-657.5,-537.5,-777.5,-120.0,-240.0,135.0,225.0,45.0,285.0,195.0,135.0,225.0,45.0,285.0,195.0,-85.0,-25.0,-145.0,102.5,42.5,237.5,387.5,87.5,-112.5,-262.5,77.5,137.5,17.5,102.5,42.5,77.5,137.5,17.5,102.5,42.5,0.0,0.0,0.0,0.0,0.0,-255.0,-225.0,-285.0,-105.0,-135.0
2022-11-15 00:00:00+00:00,-472.5,-262.5,-682.5,-322.5,-532.5,-277.5,-187.5,-367.5,-390.0,-480.0,60.0,150.0,-30.0,-90.0,-180.0,67.5,187.5,-52.5,-7.5,-127.5,117.5,237.5,-2.5,-107.5,-227.5,107.5,137.5,77.5,82.5,52.5,155.0,275.0,35.0,17.5,-102.5,-80.0,-50.0,-110.0,20.0,-10.0,-30.0,0.0,-60.0,0.0,0.0,0.0,0.0,0.0,0.0,0.0,-17.5,12.5,-47.5,-92.5,-122.5
2022-11-16 00:00:00+00:00,-115.0,-25.0,-205.0,-235.0,-295.0,-55.0,-25.0,-85.0,-30.0,-60.0,-235.0,-175.0,-295.0,-22.5,-82.5,10.0,100.0,-80.0,110.0,20.0,-110.0,-50.0,-170.0,2.5,-57.5,-205.0,-175.0,-235.0,-105.0,-135.0,-315.0,-225.0,-405.0,-365.0,-455.0,-315.0,-225.0,-405.0,-365.0,-455.0,-185.0,-125.0,-245.0,-422.5,-482.5,0.0,0.0,0.0,0.0,0.0,-417.5,-387.5,-447.5,-405.0,-435.0
2022-11-17 00:00:00+00:00,-540.0,-450.0,-630.0,-515.0,-605.0,-592.5,-562.5,-622.5,-955.0,-985.0,0.0,0.0,0.0,0.0,0.0,-1760.0,-1700.0,-1820.0,-1560.0,-1620.0,-1285.0,-1225.0,-1345.0,-772.5,-832.5,-572.5,-512.5,-632.5,-247.5,-307.5,-997.5,-937.5,-1057.5,-547.5,-607.5,-997.5,-937.5,-1057.5,-547.5,-607.5,-997.5,-937.5,-1057.5,-547.5,-607.5,0.0,0.0,0.0,0.0,0.0,-1617.5,-1587.5,-1647.5,-1517.5,-1547.5
2022-11-18 00:00:00+00:00,535.0,625.0,445.0,210.0,120.0,802.5,862.5,742.5,652.5,592.5,602.5,662.5,542.5,790.0,730.0,27.5,87.5,-32.5,190.0,130.0,102.5,162.5,42.5,215.0,155.0,0.0,0.0,0.0,0.0,0.0,257.5,287.5,227.5,145.0,115.0,0.0,0.0,0.0,0.0,0.0,0.0,0.0,0.0,0.0,0.0,0.0,0.0,0.0,0.0,0.0,1032.5,1062.5,1002.5,795.0,765.0
2022-11-21 00:00:00+00:00,-312.5,-162.5,-462.5,-175.0,-325.0,-215.0,-125.0,-305.0,-52.5,-142.5,-547.5,-337.5,-757.5,-122.5,-332.5,22.5,112.5,-67.5,22.5,-67.5,22.5,112.5,-67.5,22.5,-67.5,107.5,137.5,77.5,-30.0,-60.0,-35.0,25.0,-95.0,165.0,105.0,-35.0,25.0,-95.0,165.0,105.0,-117.5,-87.5,-147.5,20.0,-10.0,0.0,0.0,0.0,0.0,0.0,-142.5,-112.5,-172.5,-80.0,-110.0
2022-11-22 00:00:00+00:00,300.0,450.0,150.0,-50.0,-200.0,415.0,475.0,355.0,240.0,180.0,315.0,375.0,255.0,352.5,292.5,-65.0,25.0,-155.0,-352.5,-442.5,-65.0,25.0,-155.0,-352.5,-442.5,15.0,75.0,-45.0,-222.5,-282.5,-297.5,-237.5,-357.5,27.5,-32.5,-172.5,-112.5,-232.5,-147.5,-207.5,-172.5,-112.5,-232.5,-147.5,-207.5,0.0,0.0,0.0,0.0,0.0,320.0,350.0,290.0,120.0,90.0
2022-11-23 00:00:00+00:00,-195.0,-75.0,-315.0,-232.5,-352.5,102.5,162.5,42.5,-72.5,-132.5,-5.0,25.0,-35.0,7.5,-22.5,110.0,200.0,20.0,147.5,57.5,110.0,200.0,20.0,147.5,57.5,-80.0,-50.0,-110.0,-17.5,-47.5,210.0,300.0,120.0,297.5,207.5,335.0,425.0,245.0,235.0,145.0,435.0,525.0,345.0,310.0,220.0,0.0,0.0,0.0,0.0,0.0,207.5,237.5,177.5,245.0,215.0
2022-11-24 00:00:00+00:00,-125.0,25.0,-275.0,-100.0,-250.0,-145.0,-25.0,-265.0,-145.0,-265.0,-165.0,-75.0,-255.0,-177.5,-267.5,35.0,125.0,-55.0,10.0,-80.0,20.0,50.0,-10.0,-30.0,-60.0,0.0,0.0,0.0,0.0,0.0,32.5,62.5,2.5,32.5,2.5,45.0,75.0,15.0,57.5,27.5,70.0,100.0,40.0,57.5,27.5,0.0,0.0,0.0,0.0,0.0,157.5,187.5,127.5,120.0,90.0
2022-11-25 00:00:00+00:00,-280.0,-100.0,-460.0,-112.5,-262.5,-177.5,-87.5,-267.5,122.5,32.5,-5.0,25.0,-35.0,-67.5,-97.5,-20.0,100.0,-140.0,-70.0,-190.0,-115.0,-25.0,-205.0,-215.0,-305.0,-122.5,-62.5,-182.5,-147.5,-207.5,-122.5,-62.5,-182.5,-97.5,-157.5,-92.5,-62.5,-122.5,45.0,15.0,-92.5,-62.5,-122.5,45.0,15.0,0.0,0.0,0.0,0.0,0.0,-155.0,-125.0,-185.0,-180.0,-210.0
2022-11-28 00:00:00+00:00,-232.5,-112.5,-352.5,-232.5,-352.5,-347.5,-287.5,-407.5,-360.0,-420.0,-260.0,-200.0,-320.0,-72.5,-132.5,-490.0,-400.0,-580.0,-152.5,-242.5,-390.0,-300.0,-480.0,-265.0,-355.0,-105.0,-75.0,-135.0,182.5,152.5,-530.0,-500.0,-560.0,-455.0,-485.0,-530.0,-500.0,-560.0,-455.0,-485.0,-430.0,-400.0,-460.0,-392.5,-422.5,0.0,0.0,0.0,0.0,0.0,-642.5,-612.5,-672.5,-542.5,-572.5
2022-11-29 00:00:00+00:00,177.5,237.5,117.5,82.5,52.5,-92.5,-62.5,-122.5,-130.0,-160.0,-490.0,-400.0,-580.0,-502.5,-592.5,-610.0,-550.0,-670.0,-397.5,-457.5,-522.5,-462.5,-582.5,-222.5,-282.5,-435.0,-375.0,-495.0,-210.0,-270.0,-235.0,-175.0,-295.0,-72.5,-132.5,-235.0,-175.0,-295.0,-72.5,-132.5,-72.5,-12.5,-132.5,-10.0,-70.0,0.0,0.0,0.0,0.0,0.0,-380.0,-350.0,-410.0,-255.0,-285.0
2022-11-30 00:00:00+00:00,-325.0,-175.0,-475.0,-407.5,-527.5,-407.5,-287.5,-527.5,-427.5,-517.5,-297.5,-237.5,-357.5,-422.5,-482.5,-260.0,-200.0,-320.0,27.5,-32.5,-47.5,12.5,-107.5,27.5,-32.5,-47.5,12.5,-107.5,27.5,-32.5,115.0,175.0,55.0,215.0,155.0,115.0,175.0,55.0,215.0,155.0,-17.5,12.5,-47.5,70.0,40.0,0.0,0.0,0.0,0.0,0.0,-55.0,-25.0,-85.0,-105.0,-135.0
2022-12-01 00:00:00+00:00,-445.0,-325.0,-565.0,-182.5,-302.5,-172.5,-112.5,-232.5,-210.0,-270.0,-285.0,-225.0,-345.0,-322.5,-382.5,197.5,287.5,107.5,122.5,32.5,197.5,287.5,107.5,122.5,32.5,260.0,350.0,170.0,197.5,107.5,-2.5,87.5,-92.5,85.0,-5.0,122.5,212.5,32.5,260.0,170.0,290.0,350.0,230.0,240.0,180.0,0.0,0.0,0.0,0.0,0.0,-155.0,-125.0,-185.0,-30.0,-60.0
2022-12-02 00:00:00+00:00,-32.5,87.5,-152.5,-270.0,-390.0,-357.5,-237.5,-477.5,-420.0,-540.0,95.0,125.0,65.0,45.0,15.0,-307.5,-187.5,-427.5,-32.5,-152.5,-177.5,-87.5,-267.5,60.0,-30.0,-85.0,-25.0,-145.0,27.5,-32.5,-272.5,-212.5,-332.5,65.0,5.0,-42.5,-12.5,-72.5,20.0,-10.0,-42.5,-12.5,-72.5,20.0,-10.0,0.0,0.0,0.0,0.0,0.0,-117.5,-87.5,-147.5,-80.0,-110.0
2022-12-05 00:00:00+00:00,-512.5,-362.5,-662.5,-662.5,-812.5,-340.0,-250.0,-430.0,-427.5,-517.5,-720.0,-600.0,-840.0,-640.0,-730.0,92.5,212.5,-27.5,105.0,-15.0,55.0,175.0,-65.0,17.5,-102.5,85.0,175.0,-5.0,110.0,20.0,277.5,337.5,217.5,215.0,155.0,277.5,337.5,217.5,215.0,155.0,340.0,400.0,280.0,190.0,130.0,0.0,0.0,0.0,0.0,0.0,20.0,50.0,-10.0,-130.0,-160.0
2022-12-06 00:00:00+00:00,-357.5,-237.5,-477.5,-232.5,-352.5,-515.0,-425.0,-605.0,-240.0,-330.0,-247.5,-187.5,-307.5,-147.5,-207.5,-307.5,-187.5,-427.5,-357.5,-477.5,-327.5,-237.5,-417.5,-302.5,-392.5,-85.0,-25.0,-145.0,-272.5,-332.5,-147.5,-87.5,-207.5,-185.0,-245.0,95.0,125.0,65.0,-155.0,-185.0,95.0,125.0,65.0,-155.0,-185.0,0.0,0.0,0.0,0.0,0.0,-480.0,-450.0,-510.0,-380.0,-410.0
2022-12-07 00:00:00+00:00,-165.0,-75.0,-255.0,-165.0,-255.0,-590.0,-500.0,-680.0,-640.0,-730.0,-620.0,-500.0,-740.0,-202.5,-292.5,-365.0,-275.0,-455.0,-397.5,-457.5,-365.0,-275.0,-455.0,-397.5,-457.5,-372.5,-312.5,-432.5,-435.0,-495.0,-422.5,-362.5,-482.5,-535.0,-595.0,-567.5,-537.5,-597.5,-555.0,-585.0,-342.5,-312.5,-372.5,-280.0,-310.0,0.0,0.0,0.0,0.0,0.0,-1005.0,-975.0,-1035.0,-967.5,-997.5
2022-12-08 00:00:00+00:00,-517.5,-337.5,-697.5,-750.0,-900.0,-160.0,50.0,-370.0,152.5,-57.5,-117.5,62.5,-297.5,-650.0,-800.0,250.0,400.0,100.0,550.0,400.0,122.5,212.5,32.5,422.5,332.5,45.0,75.0,15.0,207.5,177.5,405.0,525.0,285.0,380.0,260.0,340.0,400.0,280.0,227.5,167.5,327.5,387.5,267.5,102.5,42.5,0.0,0.0,0.0,0.0,0.0,207.5,237.5,177.5,282.5,252.5
2022-12-09 00:00:00+00:00,-95.0,25.0,-215.0,-132.5,-252.5,-107.5,12.5,-227.5,-170.0,-290.0,-10.0,50.0,-70.0,90.0,30.0,102.5,162.5,42.5,252.5,192.5,-142.5,-112.5,-172.5,-30.0,-60.0,7.5,37.5,-22.5,107.5,77.5,120.0,150.0,90.0,120.0,90.0,120.0,150.0,90.0,120.0,90.0,120.0,150.0,90.0,120.0,90.0,0.0,0.0,0.0,0.0,0.0,170.0,200.0,140.0,232.5,202.5
2022-12-12 00:00:00+00:00,455.0,575.0,335.0,342.5,222.5,397.5,487.5,307.5,597.5,507.5,582.5,612.5,552.5,557.5,527.5,82.5,112.5,52.5,95.0,65.0,0.0,0.0,0.0,0.0,0.0,0.0,0.0,0.0,0.0,0.0,0.0,0.0,0.0,0.0,0.0,0.0,0.0,0.0,0.0,0.0,0.0,0.0,0.0,0.0,0.0,0.0,0.0,0.0,0.0,0.0,632.5,662.5,602.5,632.5,602.5
2022-12-13 00:00:00+00:00,132.5,312.5,-47.5,375.0,225.0,577.5,637.5,517.5,565.0,505.0,645.0,675.0,615.0,870.0,840.0,-47.5,12.5,-107.5,-110.0,-170.0,-35.0,25.0,-95.0,-110.0,-170.0,45.0,75.0,15.0,-17.5,-47.5,-80.0,-50.0,-110.0,-92.5,-122.5,0.0,0.0,0.0,0.0,0.0,0.0,0.0,0.0,0.0,0.0,0.0,0.0,0.0,0.0,0.0,770.0,800.0,740.0,957.5,927.5
2022-12-14 00:00:00+00:00,-457.5,-337.5,-577.5,-695.0,-815.0,-277.5,-187.5,-367.5,-365.0,-455.0,-452.5,-362.5,-542.5,-452.5,-542.5,-182.5,-62.5,-302.5,-282.5,-402.5,-377.5,-287.5,-467.5,-440.0,-530.0,-147.5,-87.5,-207.5,-72.5,-132.5,-260.0,-200.0,-320.0,52.5,-7.5,-210.0,-150.0,-270.0,15.0,-45.0,177.5,237.5,117.5,302.5,242.5,0.0,0.0,0.0,0.0,0.0,-317.5,-287.5,-347.5,-205.0,-235.0
2022-12-15 00:00:00+00:00,-682.5,-562.5,-802.5,-795.0,-915.0,-910.0,-700.0,-1120.0,-335.0,-545.0,-332.5,-212.5,-452.5,-420.0,-540.0,205.0,325.0,85.0,530.0,410.0,705.0,825.0,585.0,267.5,147.5,705.0,825.0,585.0,267.5,147.5,-147.5,-87.5,-207.5,177.5,117.5,202.5,262.5,142.5,115.0,55.0,20.0,50.0,-10.0,-30.0,-60.0,0.0,0.0,0.0,0.0,0.0,-105.0,-75.0,-135.0,170.0,140.0
2022-12-16 00:00:00+00:00,-525.0,-375.0,-675.0,-575.0,-725.0,-215.0,-125.0,-305.0,-402.5,-492.5,-447.5,-387.5,-507.5,-372.5,-432.5,-95.0,25.0,-215.0,-170.0,-290.0,-7.5,112.5,-127.5,-120.0,-240.0,52.5,112.5,-7.5,-110.0,-170.0,-185.0,-125.0,-245.0,65.0,5.0,-185.0,-125.0,-245.0,65.0,5.0,240.0,300.0,180.0,402.5,342.5,0.0,0.0,0.0,0.0,0.0,-305.0,-275.0,-335.0,-330.0,-360.0
2022-12-19 00:00:00+00:00,-270.0,-150.0,-390.0,-645.0,-765.0,-215.0,-125.0,-305.0,-315.0,-405.0,-627.5,-537.5,-717.5,-227.5,-317.5,-82.5,37.5,-202.5,-7.5,-127.5,110.0,200.0,20.0,222.5,132.5,-30.0,0.0,-60.0,57.5,27.5,-145.0,-25.0,-265.0,-132.5,-252.5,-190.0,-100.0,-280.0,-115.0,-205.0,132.5,162.5,102.5,270.0,240.0,0.0,0.0,0.0,0.0,0.0,-417.5,-387.5,-447.5,-192.5,-222.5
2022-12-20 00:00:00+00:00,-580.0,-400.0,-760.0,-592.5,-772.5,-245.0,-125.0,-365.0,-457.5,-577.5,-107.5,12.5,-227.5,-407.5,-527.5,292.5,412.5,172.5,317.5,197.5,365.0,425.0,305.0,302.5,242.5,207.5,237.5,177.5,207.5,177.5,310.0,400.0,220.0,260.0,170.0,207.5,237.5,177.5,207.5,177.5,207.5,237.5,177.5,207.5,177.5,0.0,0.0,0.0,0.0,0.0,107.5,137.5,77.5,57.5,27.5
2022-12-21 00:00:00+00:00,-195.0,-75.0,-315.0,-732.5,-852.5,-120.0,0.0,-240.0,-207.5,-327.5,-72.5,-12.5,-132.5,-10.0,-70.0,30.0,150.0,-90.0,217.5,97.5,230.0,350.0,110.0,155.0,35.0,222.5,312.5,132.5,65.0,5.0,27.5,87.5,-32.5,27.5,-32.5,40.0,100.0,-20.0,-22.5,-82.5,40.0,100.0,-20.0,-22.5,-82.5,0.0,0.0,0.0,0.0,0.0,70.0,100.0,40.0,-5.0,-35.0
2022-12-22 00:00:00+00:00,-312.5,-162.5,-462.5,-362.5,-512.5,-352.5,-262.5,-442.5,-177.5,-267.5,-92.5,-62.5,-122.5,-67.5,-97.5,-420.0,-300.0,-540.0,-457.5,-577.5,-257.5,-137.5,-377.5,-220.0,-340.0,-215.0,-125.0,-305.0,-152.5,-242.5,-552.5,-462.5,-642.5,-602.5,-692.5,-452.5,-362.5,-542.5,-440.0,-530.0,-177.5,-87.5,-267.5,-215.0,-305.0,0.0,0.0,0.0,0.0,0.0,-742.5,-712.5,-772.5,-742.5,-772.5
2022-12-23 00:00:00+00:00,150.0,300.0,0.0,412.5,262.5,115.0,175.0,55.0,127.5,67.5,-225.0,-75.0,-375.0,-87.5,-237.5,-172.5,-112.5,-232.5,-185.0,-245.0,-172.5,-112.5,-232.5,-185.0,-245.0,-85.0,-25.0,-145.0,-17.5,-47.5,65.0,125.0,5.0,195.0,165.0,65.0,125.0,5.0,195.0,165.0,0.0,0.0,0.0,0.0,0.0,0.0,0.0,0.0,0.0,0.0,182.5,212.5,152.5,245.0,215.0
2022-12-27 00:00:00+00:00,-325.0,-175.0,-475.0,42.5,-77.5,-190.0,-100.0,-280.0,60.0,-30.0,-5.0,25.0,-35.0,-92.5,-122.5,47.5,137.5,-42.5,10.0,-80.0,47.5,137.5,-42.5,10.0,-80.0,15.0,75.0,-45.0,177.5,117.5,-10.0,50.0,-70.0,52.5,-7.5,-10.0,50.0,-70.0,27.5,-32.5,77.5,137.5,17.5,152.5,92.5,0.0,0.0,0.0,0.0,0.0,107.5,137.5,77.5,182.5,152.5
2022-12-28 00:00:00+00:00,315.0,375.0,255.0,115.0,55.0,-122.5,-62.5,-182.5,-122.5,-182.5,382.5,412.5,352.5,245.0,215.0,-227.5,-137.5,-317.5,-115.0,-205.0,-197.5,-137.5,-257.5,-97.5,-157.5,52.5,112.5,-7.5,252.5,192.5,-230.0,-200.0,-260.0,-130.0,-160.0,-230.0,-200.0,-260.0,-130.0,-160.0,-230.0,-200.0,-260.0,-130.0,-160.0,0.0,0.0,0.0,0.0,0.0,207.5,237.5,177.5,245.0,215.0
2022-12-29 00:00:00+00:00,302.5,362.5,242.5,227.5,167.5,340.0,400.0,280.0,77.5,17.5,17.5,137.5,-102.5,-45.0,-165.0,-80.0,-50.0,-110.0,-30.0,-60.0,-80.0,-50.0,-110.0,-30.0,-60.0,0.0,0.0,0.0,0.0,0.0,-5.0,25.0,-35.0,57.5,27.5,7.5,37.5,-22.5,120.0,90.0,57.5,87.5,27.5,120.0,90.0,0.0,0.0,0.0,0.0,0.0,282.5,312.5,252.5,282.5,252.5
2022-12-30 00:00:00+00:00,-275.0,-125.0,-425.0,-95.0,-215.0,65.0,125.0,5.0,15.0,-45.0,27.5,87.5,-32.5,-35.0,-95.0,292.5,412.5,172.5,267.5,147.5,272.5,362.5,182.5,260.0,170.0,227.5,287.5,167.5,227.5,167.5,410.0,500.0,320.0,335.0,245.0,107.5,137.5,77.5,157.5,127.5,107.5,137.5,77.5,157.5,127.5,0.0,0.0,0.0,0.0,0.0,395.0,425.0,365.0,320.0,290.0
2023-01-03 00:00:00+00:00,200.0,350.0,50.0,-37.5,-187.5,172.5,262.5,82.5,-315.0,-405.0,170.0,200.0,140.0,-305.0,-335.0,-260.0,-200.0,-320.0,-60.0,-120.0,-260.0,-200.0,-320.0,-60.0,-120.0,-122.5,-62.5,-182.5,40.0,-20.0,-1147.5,-1087.5,-1207.5,-1047.5,-1107.5,-1010.0,-950.0,-1070.0,-947.5,-1007.5,-885.0,-825.0,-945.0,-922.5,-982.5,0.0,0.0,0.0,0.0,0.0,-980.0,-950.0,-1010.0,-1355.0,-1385.0
2023-01-04 00:00:00+00:00,-350.0,-200.0,-500.0,112.5,-37.5,-15.0,75.0,-105.0,-202.5,-292.5,-707.5,-587.5,-827.5,-695.0,-815.0,-165.0,-75.0,-255.0,-165.0,-255.0,-165.0,-75.0,-255.0,-165.0,-255.0,27.5,87.5,-32.5,177.5,117.5,40.0,100.0,-20.0,415.0,355.0,215.0,275.0,155.0,502.5,442.5,215.0,275.0,155.0,502.5,442.5,0.0,0.0,0.0,0.0,0.0,70.0,100.0,40.0,132.5,102.5
2023-01-05 00:00:00+00:00,-330.0,-150.0,-510.0,-42.5,-222.5,342.5,462.5,222.5,317.5,197.5,415.0,475.0,355.0,427.5,367.5,115.0,175.0,55.0,152.5,92.5,-30.0,0.0,-60.0,-80.0,-110.0,0.0,0.0,0.0,0.0,0.0,145.0,175.0,115.0,232.5,202.5,0.0,0.0,0.0,0.0,0.0,0.0,0.0,0.0,0.0,0.0,0.0,0.0,0.0,0.0,0.0,620.0,650.0,590.0,920.0,890.0
2023-01-06 00:00:00+00:00,-412.5,-262.5,-562.5,-775.0,-925.0,-332.5,-212.5,-452.5,-370.0,-490.0,-390.0,-300.0,-480.0,-440.0,-530.0,-102.5,-12.5,-192.5,97.5,7.5,-60.0,0.0,-120.0,-85.0,-145.0,102.5,162.5,42.5,65.0,5.0,-10.0,50.0,-70.0,-35.0,-95.0,152.5,212.5,92.5,115.0,55.0,152.5,212.5,92.5,115.0,55.0,0.0,0.0,0.0,0.0,0.0,-205.0,-175.0,-235.0,-105.0,-135.0
2023-01-09 00:00:00+00:00,172.5,262.5,82.5,72.5,-17.5,-357.5,-237.5,-477.5,42.5,-77.5,327.5,387.5,267.5,140.0,80.0,92.5,212.5,-27.5,205.0,85.0,85.0,175.0,-5.0,185.0,95.0,57.5,87.5,27.5,70.0,40.0,110.0,200.0,20.0,-65.0,-155.0,77.5,137.5,17.5,102.5,42.5,7.5,37.5,-22.5,0.0,0.0,0.0,0.0,0.0,0.0,0.0,345.0,375.0,315.0,295.0,265.0
2023-01-10 00:00:00+00:00,-2.5,87.5,-92.5,60.0,-30.0,-65.0,25.0,-155.0,-352.5,-442.5,-340.0,-250.0,-430.0,-215.0,-305.0,-527.5,-437.5,-617.5,-365.0,-455.0,-477.5,-387.5,-567.5,-290.0,-380.0,-190.0,-100.0,-280.0,-115.0,-205.0,-222.5,-162.5,-282.5,140.0,80.0,-135.0,-75.0,-195.0,90.0,30.0,-47.5,12.5,-107.5,177.5,117.5,0.0,0.0,0.0,0.0,0.0,-280.0,-250.0,-310.0,-230.0,-260.0
2023-01-11 00:00:00+00:00,300.0,450.0,150.0,30.0,-90.0,192.5,312.5,72.5,17.5,-102.5,377.5,437.5,317.5,240.0,180.0,-157.5,-37.5,-277.5,-432.5,-552.5,-60.0,0.0,-120.0,-110.0,-170.0,-67.5,-37.5,-97.5,-55.0,-85.0,107.5,137.5,77.5,107.5,77.5,107.5,137.5,77.5,107.5,77.5,0.0,0.0,0.0,0.0,0.0,0.0,0.0,0.0,0.0,0.0,545.0,575.0,515.0,320.0,290.0
2023-01-12 00:00:00+00:00,-7.5,112.5,-127.5,80.0,-40.0,85.0,175.0,-5.0,-65.0,-155.0,15.0,75.0,-45.0,-85.0,-145.0,-72.5,-12.5,-132.5,-35.0,-95.0,-72.5,-12.5,-132.5,-35.0,-95.0,-72.5,-12.5,-132.5,-35.0,-95.0,-5.0,25.0,-35.0,57.5,27.5,-5.0,25.0,-35.0,57.5,27.5,7.5,37.5,-22.5,95.0,65.0,0.0,0.0,0.0,0.0,0.0,145.0,175.0,115.0,107.5,77.5
2023-01-13 00:00:00+00:00,-225.0,-75.0,-375.0,-250.0,-400.0,-290.0,-200.0,-380.0,-302.5,-392.5,-270.0,-150.0,-390.0,-57.5,-177.5,-427.5,-337.5,-517.5,-752.5,-842.5,-452.5,-362.5,-542.5,-702.5,-792.5,-440.0,-350.0,-530.0,-727.5,-817.5,-472.5,-412.5,-532.5,-622.5,-682.5,-460.0,-400.0,-520.0,-547.5,-607.5,-460.0,-400.0,-520.0,-547.5,-607.5,0.0,0.0,0.0,0.0,0.0,-455.0,-425.0,-485.0,-780.0,-810.0
2023-01-16 00:00:00+00:00,135.0,225.0,45.0,122.5,32.5,140.0,200.0,80.0,2.5,-57.5,352.5,412.5,292.5,190.0,130.0,-110.0,-50.0,-170.0,140.0,80.0,-105.0,-75.0,-135.0,107.5,77.5,-105.0,-75.0,-135.0,107.5,77.5,90.0,150.0,30.0,277.5,217.5,90.0,150.0,30.0,277.5,217.5,45.0,75.0,15.0,207.5,177.5,0.0,0.0,0.0,0.0,0.0,445.0,475.0,415.0,482.5,452.5
2023-01-17 00:00:00+00:00,-282.5,-162.5,-402.5,-307.5,-427.5,-445.0,-325.0,-565.0,-695.0,-815.0,-187.5,-37.5,-337.5,-457.5,-577.5,142.5,262.5,22.5,267.5,147.5,72.5,162.5,-17.5,247.5,157.5,265.0,325.0,205.0,277.5,217.5,197.5,287.5,107.5,510.0,420.0,365.0,425.0,305.0,315.0,255.0,245.0,275.0,215.0,182.5,152.5,0.0,0.0,0.0,0.0,0.0,7.5,37.5,-22.5,7.5,-22.5
2023-01-18 00:00:00+00:00,-530.0,-350.0,-710.0,-267.5,-447.5,-340.0,-250.0,-430.0,-302.5,-392.5,-25.0,125.0,-175.0,50.0,-100.0,97.5,187.5,7.5,147.5,57.5,15.0,75.0,-45.0,227.5,167.5,7.5,37.5,-22.5,195.0,165.0,202.5,262.5,142.5,302.5,242.5,215.0,275.0,155.0,290.0,230.0,195.0,225.0,165.0,170.0,140.0,0.0,0.0,0.0,0.0,0.0,-30.0,0.0,-60.0,132.5,102.5
2023-01-19 00:00:00+00:00,-352.5,-262.5,-442.5,-527.5,-617.5,-490.0,-400.0,-580.0,-227.5,-317.5,0.0,0.0,0.0,0.0,0.0,-500.0,-350.0,-650.0,-762.5,-912.5,-287.5,-137.5,-437.5,-500.0,-650.0,-60.0,0.0,-120.0,-310.0,-370.0,-735.0,-675.0,-795.0,-772.5,-832.5,-735.0,-675.0,-795.0,-772.5,-832.5,-710.0,-650.0,-770.0,-660.0,-720.0,0.0,0.0,0.0,0.0,0.0,-805.0,-775.0,-835.0,-805.0,-835.0
2023-01-20 00:00:00+00:00,-332.5,-212.5,-452.5,-220.0,-340.0,-780.0,-600.0,-960.0,-692.5,-872.5,-302.5,-212.5,-392.5,-365.0,-455.0,17.5,137.5,-102.5,55.0,-65.0,342.5,462.5,222.5,172.5,82.5,252.5,312.5,192.5,290.0,230.0,-52.5,37.5,-142.5,-40.0,-130.0,222.5,312.5,132.5,115.0,55.0,585.0,675.0,495.0,427.5,367.5,0.0,0.0,0.0,0.0,0.0,-217.5,-187.5,-247.5,-142.5,-172.5
2023-01-23 00:00:00+00:00,-52.5,37.5,-142.5,-85.0,-145.0,-265.0,-175.0,-355.0,-402.5,-492.5,-245.0,-125.0,-365.0,-370.0,-490.0,5.0,125.0,-115.0,85.0,-5.0,10.0,100.0,-80.0,85.0,-5.0,-72.5,-12.5,-132.5,90.0,30.0,30.0,150.0,-90.0,60.0,-30.0,65.0,125.0,5.0,140.0,80.0,-17.5,12.5,-47.5,145.0,115.0,0.0,0.0,0.0,0.0,0.0,-105.0,-75.0,-135.0,-230.0,-260.0
2023-01-24 00:00:00+00:00,-445.0,-325.0,-565.0,-395.0,-515.0,-477.5,-387.5,-567.5,-377.5,-467.5,-185.0,-125.0,-245.0,-272.5,-332.5,-212.5,-62.5,-362.5,-212.5,-362.5,-157.5,-37.5,-277.5,-120.0,-240.0,80.0,200.0,-40.0,17.5,-102.5,-115.0,-25.0,-205.0,22.5,-67.5,-115.0,-25.0,-205.0,22.5,-67.5,-77.5,12.5,-167.5,60.0,-30.0,0.0,0.0,0.0,0.0,0.0,-167.5,-137.5,-197.5,-230.0,-260.0
2023-01-25 00:00:00+00:00,-165.0,-75.0,-255.0,-177.5,-267.5,32.5,62.5,2.5,45.0,15.0,-180.0,-150.0,-210.0,-392.5,-422.5,-477.5,-387.5,-567.5,-502.5,-592.5,-477.5,-387.5,-567.5,-502.5,-592.5,-485.0,-425.0,-545.0,-447.5,-507.5,-605.0,-575.0,-635.0,-555.0,-585.0,-605.0,-575.0,-635.0,-555.0,-585.0,-555.0,-525.0,-585.0,-580.0,-610.0,0.0,0.0,0.0,0.0,0.0,-767.5,-737.5,-797.5,-805.0,-835.0
2023-01-26 00:00:00+00:00,-455.0,-275.0,-635.0,-255.0,-435.0,-165.0,-75.0,-255.0,-77.5,-167.5,-110.0,-50.0,-170.0,-297.5,-357.5,-145.0,-25.0,-265.0,-52.5,-142.5,-122.5,-62.5,-182.5,-85.0,-145.0,120.0,150.0,90.0,45.0,15.0,-47.5,12.5,-107.5,-60.0,-120.0,-47.5,12.5,-107.5,-60.0,-120.0,-47.5,12.5,-107.5,-60.0,-120.0,0.0,0.0,0.0,0.0,0.0,-180.0,-150.0,-210.0,-255.0,-285.0
2023-01-27 00:00:00+00:00,-285.0,-75.0,-495.0,90.0,-120.0,-150.0,0.0,-300.0,175.0,25.0,-27.5,62.5,-117.5,35.0,-55.0,230.0,350.0,110.0,5.0,-115.0,230.0,350.0,110.0,5.0,-115.0,230.0,350.0,110.0,-120.0,-240.0,45.0,75.0,15.0,7.5,-22.5,45.0,75.0,15.0,7.5,-22.5,45.0,75.0,15.0,7.5,-22.5,0.0,0.0,0.0,0.0,0.0,245.0,275.0,215.0,170.0,140.0
2023-01-30 00:00:00+00:00,-337.5,-187.5,-487.5,-312.5,-462.5,-437.5,-287.5,-587.5,-250.0,-400.0,-765.0,-675.0,-855.0,-765.0,-855.0,-417.5,-237.5,-597.5,-417.5,-597.5,-560.0,-500.0,-620.0,-385.0,-445.0,102.5,162.5,42.5,32.5,2.5,-557.5,-437.5,-677.5,-370.0,-490.0,-397.5,-337.5,-457.5,-347.5,-407.5,-97.5,-37.5,-157.5,-97.5,-157.5,0.0,0.0,0.0,0.0,0.0,-642.5,-612.5,-672.5,-492.5,-522.5
2023-01-31 00:00:00+00:00,-725.0,-575.0,-875.0,-550.0,-700.0,-110.0,-50.0,-170.0,-147.5,-207.5,-92.5,-62.5,-122.5,20.0,-10.0,-295.0,-175.0,-415.0,-207.5,-327.5,67.5,187.5,-52.5,17.5,-102.5,140.0,200.0,80.0,190.0,130.0,-207.5,-87.5,-327.5,-245.0,-365.0,-120.0,0.0,-240.0,-145.0,-265.0,97.5,187.5,7.5,-15.0,-105.0,0.0,0.0,0.0,0.0,0.0,-367.5,-337.5,-397.5,-267.5,-297.5
2023-02-01 00:00:00+00:00,-505.0,-325.0,-685.0,-230.0,-410.0,-442.5,-262.5,-622.5,-142.5,-322.5,132.5,162.5,102.5,57.5,27.5,50.0,200.0,-100.0,87.5,-62.5,205.0,325.0,85.0,130.0,10.0,85.0,175.0,-5.0,-52.5,-142.5,-72.5,-12.5,-132.5,2.5,-57.5,-192.5,-162.5,-222.5,-180.0,-210.0,-217.5,-187.5,-247.5,-230.0,-260.0,0.0,0.0,0.0,0.0,0.0,-17.5,12.5,-47.5,20.0,-10.0
2023-02-02 00:00:00+00:00,-70.0,50.0,-190.0,-95.0,-215.0,-165.0,-75.0,-255.0,-515.0,-605.0,-895.0,-775.0,-1015.0,-440.0,-530.0,-220.0,-100.0,-340.0,-220.0,-340.0,-170.0,-50.0,-290.0,-420.0,-540.0,127.5,187.5,67.5,190.0,130.0,52.5,112.5,-7.5,302.5,242.5,177.5,237.5,117.5,302.5,242.5,190.0,250.0,130.0,202.5,142.5,0.0,0.0,0.0,0.0,0.0,-380.0,-350.0,-410.0,-455.0,-485.0
2023-02-03 00:00:00+00:00,-37.5,112.5,-187.5,-170.0,-290.0,-122.5,-62.5,-182.5,27.5,-32.5,-302.5,-212.5,-392.5,-297.5,-357.5,-2.5,87.5,-92.5,135.0,45.0,77.5,137.5,17.5,-22.5,-82.5,77.5,137.5,17.5,-22.5,-82.5,85.0,175.0,-5.0,197.5,107.5,115.0,175.0,55.0,140.0,80.0,-5.0,25.0,-35.0,20.0,-10.0,0.0,0.0,0.0,0.0,0.0,157.5,187.5,127.5,295.0,265.0
2023-02-06 00:00:00+00:00,-595.0,-475.0,-715.0,-632.5,-752.5,-220.0,-100.0,-340.0,-45.0,-165.0,0.0,0.0,0.0,0.0,0.0,-565.0,-475.0,-655.0,-465.0,-555.0,-415.0,-325.0,-505.0,-490.0,-580.0,-152.5,-62.5,-242.5,-427.5,-517.5,-647.5,-587.5,-707.5,-722.5,-782.5,-680.0,-650.0,-710.0,-742.5,-772.5,-630.0,-600.0,-660.0,-730.0,-760.0,0.0,0.0,0.0,0.0,0.0,-642.5,-612.5,-672.5,-480.0,-510.0
2023-02-07 00:00:00+00:00,-32.5,87.5,-152.5,-270.0,-390.0,102.5,162.5,42.5,-35.0,-95.0,-122.5,-62.5,-182.5,-310.0,-370.0,-240.0,-150.0,-330.0,-102.5,-192.5,10.0,100.0,-80.0,90.0,30.0,152.5,212.5,92.5,152.5,92.5,-197.5,-137.5,-257.5,-60.0,-120.0,-85.0,-25.0,-145.0,-35.0,-95.0,115.0,175.0,55.0,27.5,-32.5,0.0,0.0,0.0,0.0,0.0,-42.5,-12.5,-72.5,-30.0,-60.0
2023-02-08 00:00:00+00:00,-500.0,-350.0,-650.0,-37.5,-187.5,-302.5,-212.5,-392.5,-290.0,-380.0,-717.5,-537.5,-897.5,-255.0,-435.0,42.5,162.5,-77.5,-182.5,-302.5,-27.5,62.5,-117.5,-77.5,-167.5,-122.5,-62.5,-182.5,-72.5,-132.5,-170.0,-50.0,-290.0,-170.0,-290.0,-52.5,37.5,-142.5,-65.0,-155.0,-142.5,-112.5,-172.5,0.0,0.0,0.0,0.0,0.0,0.0,0.0,-305.0,-275.0,-335.0,-280.0,-310.0
2023-02-09 00:00:00+00:00,172.5,262.5,82.5,-27.5,-117.5,97.5,187.5,7.5,-52.5,-142.5,-72.5,-12.5,-132.5,-135.0,-195.0,-82.5,37.5,-202.5,180.0,60.0,-110.0,-50.0,-170.0,27.5,-32.5,-80.0,-50.0,-110.0,20.0,-10.0,40.0,100.0,-20.0,227.5,167.5,-30.0,0.0,-60.0,20.0,-10.0,-5.0,25.0,-35.0,0.0,0.0,0.0,0.0,0.0,0.0,0.0,157.5,187.5,127.5,195.0,165.0
2023-02-10 00:00:00+00:00,-127.5,-37.5,-217.5,-290.0,-380.0,-205.0,-175.0,-235.0,-367.5,-397.5,-305.0,-275.0,-335.0,-267.5,-297.5,-1297.5,-1237.5,-1357.5,-1260.0,-1320.0,-1297.5,-1237.5,-1357.5,-1260.0,-1320.0,-1297.5,-1237.5,-1357.5,-1260.0,-1320.0,-1360.0,-1300.0,-1420.0,-1060.0,-1120.0,-1360.0,-1300.0,-1420.0,-1060.0,-1120.0,-810.0,-750.0,-870.0,-910.0,-970.0,0.0,0.0,0.0,0.0,0.0,-1442.5,-1412.5,-1472.5,-1567.5,-1597.5
2023-02-13 00:00:00+00:00,-117.5,62.5,-297.5,-300.0,-450.0,-202.5,-112.5,-292.5,-265.0,-355.0,-40.0,50.0,-130.0,-77.5,-167.5,-2.5,87.5,-92.5,47.5,-42.5,90.0,150.0,30.0,77.5,17.5,202.5,262.5,142.5,115.0,55.0,277.5,337.5,217.5,152.5,92.5,277.5,337.5,217.5,152.5,92.5,277.5,337.5,217.5,152.5,92.5,0.0,0.0,0.0,0.0,0.0,70.0,100.0,40.0,82.5,52.5
2023-02-14 00:00:00+00:00,180.0,300.0,60.0,-345.0,-465.0,272.5,362.5,182.5,35.0,-55.0,115.0,175.0,55.0,365.0,305.0,210.0,300.0,120.0,197.5,107.5,0.0,0.0,0.0,0.0,0.0,0.0,0.0,0.0,0.0,0.0,0.0,0.0,0.0,0.0,0.0,0.0,0.0,0.0,0.0,0.0,0.0,0.0,0.0,0.0,0.0,0.0,0.0,0.0,0.0,0.0,495.0,525.0,465.0,20.0,-10.0
2023-02-15 00:00:00+00:00,-307.5,-187.5,-427.5,-545.0,-665.0,-462.5,-312.5,-612.5,-200.0,-350.0,-332.5,-212.5,-452.5,-445.0,-565.0,55.0,175.0,-65.0,92.5,-27.5,205.0,325.0,85.0,55.0,-65.0,185.0,275.0,95.0,-2.5,-92.5,127.5,187.5,67.5,115.0,55.0,127.5,187.5,67.5,115.0,55.0,82.5,112.5,52.5,107.5,77.5,0.0,0.0,0.0,0.0,0.0,-30.0,0.0,-60.0,-155.0,-185.0
2023-02-16 00:00:00+00:00,-307.5,-187.5,-427.5,-45.0,-165.0,-352.5,-262.5,-442.5,-302.5,-392.5,-347.5,-287.5,-407.5,-47.5,-107.5,-257.5,-137.5,-377.5,-432.5,-552.5,-277.5,-187.5,-367.5,-327.5,-417.5,-102.5,-12.5,-192.5,-240.0,-330.0,22.5,112.5,-67.5,-65.0,-155.0,110.0,200.0,20.0,-27.5,-117.5,-72.5,-12.5,-132.5,-135.0,-195.0,0.0,0.0,0.0,0.0,0.0,-292.5,-262.5,-322.5,-405.0,-435.0
2023-02-17 00:00:00+00:00,30.0,150.0,-90.0,110.0,20.0,170.0,200.0,140.0,145.0,115.0,-167.5,-137.5,-197.5,-230.0,-260.0,-77.5,12.5,-167.5,-165.0,-255.0,-52.5,37.5,-142.5,-152.5,-242.5,-135.0,-75.0,-195.0,15.0,-45.0,-180.0,-150.0,-210.0,-167.5,-197.5,-92.5,-62.5,-122.5,-92.5,-122.5,20.0,50.0,-10.0,120.0,90.0,0.0,0.0,0.0,0.0,0.0,-205.0,-175.0,-235.0,-167.5,-197.5
2023-02-20 00:00:00+00:00,-87.5,62.5,-237.5,-62.5,-212.5,-282.5,-162.5,-402.5,-170.0,-290.0,-22.5,37.5,-82.5,-22.5,-82.5,-115.0,-25.0,-205.0,-40.0,-130.0,-152.5,-62.5,-242.5,-165.0,-255.0,-72.5,-12.5,-132.5,-97.5,-157.5,-85.0,-25.0,-145.0,2.5,-57.5,-167.5,-137.5,-197.5,-167.5,-197.5,-105.0,-75.0,-135.0,-180.0,-210.0,0.0,0.0,0.0,0.0,0.0,-67.5,-37.5,-97.5,-5.0,-35.0
2023-02-21 00:00:00+00:00,185.0,275.0,95.0,460.0,370.0,260.0,350.0,170.0,90.0,30.0,-260.0,-200.0,-320.0,-230.0,-260.0,52.5,112.5,-7.5,40.0,-20.0,127.5,187.5,67.5,115.0,55.0,45.0,75.0,15.0,145.0,115.0,152.5,212.5,92.5,315.0,255.0,152.5,212.5,92.5,315.0,255.0,452.5,512.5,392.5,590.0,530.0,0.0,0.0,0.0,0.0,0.0,445.0,475.0,415.0,457.5,427.5
2023-02-22 00:00:00+00:00,-300.0,-150.0,-450.0,-500.0,-650.0,-902.5,-812.5,-992.5,-627.5,-717.5,-400.0,-250.0,-550.0,-307.5,-427.5,-15.0,75.0,-105.0,285.0,195.0,-2.5,87.5,-92.5,185.0,95.0,97.5,187.5,7.5,222.5,132.5,235.0,325.0,145.0,222.5,132.5,-35.0,25.0,-95.0,70.0,40.0,232.5,262.5,202.5,70.0,40.0,0.0,0.0,0.0,0.0,0.0,-342.5,-312.5,-372.5,-330.0,-360.0
2023-02-23 00:00:00+00:00,-387.5,-237.5,-537.5,-887.5,-1037.5,-550.0,-400.0,-700.0,-375.0,-525.0,-552.5,-462.5,-642.5,-815.0,-905.0,362.5,512.5,212.5,450.0,300.0,362.5,512.5,212.5,450.0,300.0,45.0,75.0,15.0,20.0,-10.0,310.0,400.0,220.0,485.0,395.0,115.0,175.0,55.0,290.0,230.0,115.0,175.0,55.0,340.0,280.0,0.0,0.0,0.0,0.0,0.0,-92.5,-62.5,-122.5,-180.0,-210.0
2023-02-24 00:00:00+00:00,-550.0,-400.0,-700.0,-600.0,-750.0,-105.0,-75.0,-135.0,-155.0,-185.0,-80.0,-50.0,-110.0,-67.5,-97.5,-475.0,-325.0,-625.0,-700.0,-850.0,-437.5,-287.5,-587.5,-725.0,-875.0,-490.0,-400.0,-580.0,-690.0,-780.0,-677.5,-587.5,-767.5,-690.0,-780.0,-652.5,-562.5,-742.5,-752.5,-842.5,-672.5,-612.5,-732.5,-672.5,-732.5,0.0,0.0,0.0,0.0,0.0,-780.0,-750.0,-810.0,-805.0,-835.0
2023-02-27 00:00:00+00:00,-187.5,-37.5,-337.5,-75.0,-225.0,-237.5,-87.5,-387.5,-437.5,-587.5,-107.5,12.5,-227.5,92.5,-27.5,67.5,187.5,-52.5,55.0,-65.0,60.0,150.0,-30.0,47.5,-42.5,20.0,50.0,-10.0,-17.5,-47.5,155.0,275.0,35.0,-77.5,-167.5,57.5,87.5,27.5,-42.5,-72.5,0.0,0.0,0.0,0.0,0.0,0.0,0.0,0.0,0.0,0.0,145.0,175.0,115.0,132.5,102.5
2023-02-28 00:00:00+00:00,200.0,350.0,50.0,167.5,47.5,465.0,525.0,405.0,340.0,280.0,857.5,887.5,827.5,720.0,690.0,52.5,112.5,-7.5,152.5,92.5,-42.5,-12.5,-72.5,-42.5,-72.5,-42.5,-12.5,-72.5,-42.5,-72.5,95.0,125.0,65.0,70.0,40.0,0.0,0.0,0.0,0.0,0.0,0.0,0.0,0.0,0.0,0.0,0.0,0.0,0.0,0.0,0.0,857.5,887.5,827.5,720.0,690.0
2023-03-01 00:00:00+00:00,-30.0,150.0,-210.0,-405.0,-585.0,-27.5,62.5,-117.5,-152.5,-242.5,-7.5,112.5,-127.5,-557.5,-677.5,-22.5,37.5,-82.5,90.0,30.0,-30.0,0.0,-60.0,32.5,2.5,0.0,0.0,0.0,0.0,0.0,52.5,112.5,-7.5,77.5,17.5,7.5,37.5,-22.5,57.5,27.5,0.0,0.0,0.0,0.0,0.0,0.0,0.0,0.0,0.0,0.0,132.5,162.5,102.5,-117.5,-147.5
2023-03-02 00:00:00+00:00,37.5,187.5,-112.5,-100.0,-250.0,110.0,200.0,20.0,-240.0,-330.0,347.5,437.5,257.5,-77.5,-167.5,-160.0,-100.0,-220.0,-47.5,-107.5,-160.0,-100.0,-220.0,-47.5,-107.5,57.5,87.5,27.5,370.0,340.0,-42.5,-12.5,-72.5,95.0,65.0,-42.5,-12.5,-72.5,95.0,65.0,-17.5,12.5,-47.5,132.5,102.5,0.0,0.0,0.0,0.0,0.0,282.5,312.5,252.5,182.5,152.5
2023-03-03 00:00:00+00:00,30.0,150.0,-90.0,192.5,72.5,122.5,212.5,32.5,160.0,70.0,557.5,587.5,527.5,457.5,427.5,147.5,237.5,57.5,122.5,32.5,102.5,162.5,42.5,140.0,80.0,0.0,0.0,0.0,0.0,0.0,0.0,0.0,0.0,0.0,0.0,0.0,0.0,0.0,0.0,0.0,0.0,0.0,0.0,0.0,0.0,0.0,0.0,0.0,0.0,0.0,557.5,587.5,527.5,457.5,427.5
2023-03-06 00:00:00+00:00,-162.5,-12.5,-312.5,-300.0,-450.0,-125.0,25.0,-275.0,-312.5,-462.5,-372.5,-312.5,-432.5,-360.0,-420.0,-215.0,-125.0,-305.0,-2.5,-92.5,-165.0,-75.0,-255.0,-102.5,-192.5,0.0,0.0,0.0,0.0,0.0,-110.0,-50.0,-170.0,15.0,-45.0,-110.0,-50.0,-170.0,15.0,-45.0,52.5,112.5,-7.5,90.0,30.0,0.0,0.0,0.0,0.0,0.0,-405.0,-375.0,-435.0,-442.5,-472.5
2023-03-07 00:00:00+00:00,-242.5,-62.5,-422.5,-405.0,-585.0,-182.5,-62.5,-302.5,-120.0,-240.0,-160.0,-100.0,-220.0,-322.5,-382.5,-75.0,75.0,-225.0,-220.0,-340.0,-65.0,25.0,-155.0,-85.0,-145.0,32.5,62.5,2.5,0.0,0.0,-10.0,50.0,-70.0,-30.0,-60.0,-10.0,50.0,-70.0,-30.0,-60.0,27.5,87.5,-32.5,32.5,2.5,0.0,0.0,0.0,0.0,0.0,-117.5,-87.5,-147.5,-267.5,-297.5
2023-03-08 00:00:00+00:00,110.0,200.0,20.0,185.0,95.0,22.5,112.5,-67.5,10.0,-80.0,-210.0,-150.0,-270.0,-110.0,-170.0,-185.0,-125.0,-245.0,-97.5,-157.5,-155.0,-125.0,-185.0,-42.5,-72.5,0.0,0.0,0.0,0.0,0.0,-55.0,-25.0,-85.0,20.0,-10.0,82.5,112.5,52.5,45.0,15.0,45.0,75.0,15.0,82.5,52.5,0.0,0.0,0.0,0.0,0.0,20.0,50.0,-10.0,70.0,40.0
2023-03-09 00:00:00+00:00,160.0,250.0,70.0,172.5,82.5,115.0,175.0,55.0,240.0,180.0,120.0,150.0,90.0,170.0,140.0,-210.0,-150.0,-270.0,-147.5,-207.5,-47.5,12.5,-107.5,-210.0,-270.0,-47.5,12.5,-107.5,-210.0,-270.0,-155.0,-125.0,-185.0,-130.0,-160.0,-155.0,-125.0,-185.0,-130.0,-160.0,-155.0,-125.0,-185.0,-130.0,-160.0,0.0,0.0,0.0,0.0,0.0,20.0,50.0,-10.0,170.0,140.0
2023-03-10 00:00:00+00:00,185.0,275.0,95.0,110.0,20.0,-215.0,-125.0,-305.0,-2.5,-92.5,402.5,462.5,342.5,115.0,55.0,122.5,212.5,32.5,472.5,382.5,460.0,550.0,370.0,322.5,232.5,140.0,200.0,80.0,140.0,80.0,215.0,275.0,155.0,340.0,280.0,7.5,37.5,-22.5,257.5,227.5,145.0,175.0,115.0,370.0,340.0,0.0,0.0,0.0,0.0,0.0,1007.5,1037.5,977.5,832.5,802.5
2023-03-13 00:00:00+00:00,-1357.5,-1237.5,-1477.5,-595.0,-715.0,-307.5,-187.5,-427.5,467.5,347.5,-560.0,-500.0,-620.0,-735.0,-795.0,187.5,337.5,37.5,-82.5,-202.5,-252.5,-162.5,-342.5,190.0,130.0,632.5,662.5,602.5,532.5,502.5,205.0,325.0,85.0,-345.0,-465.0,-2.5,87.5,-92.5,-490.0,-580.0,-492.5,-462.5,-522.5,-380.0,-410.0,0.0,0.0,0.0,0.0,0.0,-905.0,-875.0,-935.0,-717.5,-747.5
2023-03-14 00:00:00+00:00,162.5,312.5,12.5,87.5,-62.5,-50.0,100.0,-200.0,-212.5,-362.5,-365.0,-275.0,-455.0,47.5,-42.5,322.5,412.5,232.5,372.5,282.5,45.0,75.0,15.0,107.5,77.5,45.0,75.0,15.0,107.5,77.5,290.0,350.0,230.0,315.0,255.0,182.5,212.5,152.5,282.5,252.5,257.5,287.5,227.5,295.0,265.0,0.0,0.0,0.0,0.0,0.0,282.5,312.5,252.5,470.0,440.0
2023-03-15 00:00:00+00:00,-255.0,-225.0,-285.0,-92.5,-122.5,-272.5,-212.5,-332.5,-47.5,-107.5,0.0,0.0,0.0,0.0,0.0,-2792.5,-2762.5,-2822.5,-2830.0,-2860.0,-2792.5,-2762.5,-2822.5,-2830.0,-2860.0,-2567.5,-2537.5,-2597.5,-2592.5,-2622.5,-2817.5,-2787.5,-2847.5,-3142.5,-3172.5,-2817.5,-2787.5,-2847.5,-3142.5,-3172.5,-2817.5,-2787.5,-2847.5,-3142.5,-3172.5,0.0,0.0,0.0,0.0,0.0,-3092.5,-3062.5,-3122.5,-3080.0,-3110.0
2023-03-16 00:00:00+00:00,-1192.5,-1012.5,-1372.5,-92.5,-272.5,-445.0,-325.0,-565.0,130.0,10.0,-497.5,-437.5,-557.5,-347.5,-407.5,107.5,287.5,-72.5,-680.0,-860.0,-145.0,-25.0,-265.0,-545.0,-665.0,565.0,625.0,505.0,-397.5,-457.5,60.0,150.0,-30.0,-152.5,-242.5,-15.0,75.0,-105.0,-477.5,-567.5,285.0,375.0,195.0,-140.0,-230.0,0.0,0.0,0.0,0.0,0.0,-180.0,-150.0,-210.0,-442.5,-472.5
2023-03-20 00:00:00+00:00,310.0,400.0,220.0,-90.0,-180.0,167.5,287.5,47.5,-245.0,-365.0,527.5,587.5,467.5,420.0,390.0,885.0,975.0,795.0,547.5,457.5,395.0,425.0,365.0,132.5,102.5,395.0,425.0,365.0,132.5,102.5,395.0,425.0,365.0,132.5,102.5,557.5,587.5,527.5,-80.0,-110.0,0.0,0.0,0.0,0.0,0.0,0.0,0.0,0.0,0.0,0.0,357.5,387.5,327.5,220.0,190.0
2023-03-21 00:00:00+00:00,145.0,325.0,-35.0,245.0,65.0,372.5,462.5,282.5,385.0,295.0,907.5,937.5,877.5,1120.0,1090.0,222.5,312.5,132.5,122.5,32.5,107.5,137.5,77.5,95.0,65.0,0.0,0.0,0.0,0.0,0.0,52.5,112.5,-7.5,15.0,-45.0,0.0,0.0,0.0,0.0,0.0,0.0,0.0,0.0,0.0,0.0,0.0,0.0,0.0,0.0,0.0,907.5,937.5,877.5,1120.0,1090.0
2023-03-22 00:00:00+00:00,185.0,275.0,95.0,60.0,-30.0,360.0,450.0,270.0,235.0,145.0,102.5,162.5,42.5,52.5,-7.5,-17.5,12.5,-47.5,70.0,40.0,-17.5,12.5,-47.5,70.0,40.0,-17.5,12.5,-47.5,70.0,40.0,45.0,75.0,15.0,70.0,40.0,0.0,0.0,0.0,0.0,0.0,0.0,0.0,0.0,0.0,0.0,0.0,0.0,0.0,0.0,0.0,345.0,375.0,315.0,295.0,265.0
2023-03-23 00:00:00+00:00,252.5,312.5,192.5,102.5,42.5,165.0,225.0,105.0,-97.5,-157.5,-290.0,-200.0,-380.0,160.0,70.0,-772.5,-712.5,-832.5,-747.5,-807.5,-447.5,-387.5,-507.5,-572.5,-632.5,-447.5,-387.5,-507.5,-572.5,-632.5,-592.5,-562.5,-622.5,-317.5,-347.5,-430.0,-400.0,-460.0,-342.5,-372.5,-430.0,-400.0,-460.0,-342.5,-372.5,0.0,0.0,0.0,0.0,0.0,-355.0,-325.0,-385.0,-130.0,-160.0
2023-03-24 00:00:00+00:00,-657.5,-537.5,-777.5,-727.5,-817.5,-427.5,-337.5,-517.5,-165.0,-255.0,-147.5,-87.5,-207.5,-72.5,-132.5,-427.5,-337.5,-517.5,-377.5,-467.5,-385.0,-325.0,-445.0,-685.0,-745.0,-385.0,-325.0,-445.0,-685.0,-745.0,-535.0,-475.0,-595.0,-560.0,-620.0,-310.0,-250.0,-370.0,-85.0,-145.0,-310.0,-250.0,-370.0,-85.0,-145.0,0.0,0.0,0.0,0.0,0.0,-1317.5,-1287.5,-1347.5,-1380.0,-1410.0
2023-03-27 00:00:00+00:00,-17.5,162.5,-197.5,382.5,202.5,72.5,162.5,-17.5,297.5,207.5,240.0,300.0,180.0,315.0,255.0,172.5,262.5,82.5,60.0,-30.0,107.5,137.5,77.5,20.0,-10.0,107.5,137.5,77.5,20.0,-10.0,202.5,262.5,142.5,115.0,55.0,202.5,262.5,142.5,115.0,55.0,0.0,0.0,0.0,0.0,0.0,0.0,0.0,0.0,0.0,0.0,682.5,712.5,652.5,520.0,490.0
2023-03-28 00:00:00+00:00,57.5,237.5,-122.5,-167.5,-347.5,-20.0,100.0,-140.0,-157.5,-277.5,15.0,75.0,-45.0,2.5,-57.5,-107.5,12.5,-227.5,-107.5,-227.5,-72.5,-12.5,-132.5,-22.5,-82.5,-72.5,-12.5,-132.5,-22.5,-82.5,-85.0,-25.0,-145.0,-185.0,-245.0,-85.0,-25.0,-145.0,-185.0,-245.0,-117.5,-87.5,-147.5,-167.5,-197.5,0.0,0.0,0.0,0.0,0.0,107.5,137.5,77.5,-80.0,-110.0
2023-03-29 00:00:00+00:00,-142.5,37.5,-322.5,-137.5,-287.5,-325.0,-175.0,-475.0,-137.5,-287.5,-47.5,12.5,-107.5,32.5,2.5,-15.0,75.0,-105.0,-127.5,-217.5,-15.0,75.0,-105.0,-177.5,-267.5,27.5,87.5,-32.5,-110.0,-170.0,-35.0,25.0,-95.0,-135.0,-195.0,-35.0,25.0,-95.0,-135.0,-195.0,40.0,100.0,-20.0,-47.5,-107.5,0.0,0.0,0.0,0.0,0.0,20.0,50.0,-10.0,-92.5,-122.5
2023-03-30 00:00:00+00:00,80.0,200.0,-40.0,55.0,-65.0,130.0,250.0,10.0,-20.0,-140.0,122.5,212.5,32.5,172.5,82.5,47.5,137.5,-42.5,-15.0,-105.0,15.0,75.0,-45.0,40.0,-20.0,0.0,0.0,0.0,0.0,0.0,45.0,75.0,15.0,70.0,40.0,45.0,75.0,15.0,70.0,40.0,45.0,75.0,15.0,70.0,40.0,0.0,0.0,0.0,0.0,0.0,332.5,362.5,302.5,345.0,315.0
2023-03-31 00:00:00+00:00,42.5,162.5,-77.5,-32.5,-152.5,-100.0,50.0,-250.0,12.5,-137.5,60.0,150.0,-30.0,-215.0,-305.0,175.0,325.0,25.0,5.0,-115.0,147.5,237.5,57.5,-72.5,-132.5,20.0,50.0,-10.0,-17.5,-47.5,70.0,100.0,40.0,32.5,2.5,70.0,100.0,40.0,32.5,2.5,70.0,100.0,40.0,32.5,2.5,0.0,0.0,0.0,0.0,0.0,270.0,300.0,240.0,120.0,90.0
2023-04-03 00:00:00+00:00,-262.5,-112.5,-412.5,-375.0,-525.0,-120.0,0.0,-240.0,-127.5,-217.5,32.5,62.5,2.5,-55.0,-85.0,117.5,237.5,-2.5,155.0,35.0,140.0,200.0,80.0,265.0,205.0,82.5,112.5,52.5,70.0,40.0,57.5,87.5,27.5,145.0,115.0,57.5,87.5,27.5,145.0,115.0,82.5,112.5,52.5,70.0,40.0,0.0,0.0,0.0,0.0,0.0,20.0,50.0,-10.0,32.5,2.5
2023-04-04 00:00:00+00:00,540.0,600.0,480.0,427.5,367.5,465.0,525.0,405.0,265.0,205.0,457.5,487.5,427.5,470.0,440.0,-77.5,12.5,-167.5,-115.0,-205.0,-122.5,-62.5,-182.5,-160.0,-220.0,-30.0,0.0,-60.0,-17.5,-47.5,-105.0,-75.0,-135.0,-42.5,-72.5,-105.0,-75.0,-135.0,-42.5,-72.5,-30.0,0.0,-60.0,-67.5,-97.5,0.0,0.0,0.0,0.0,0.0,457.5,487.5,427.5,432.5,402.5
2023-04-05 00:00:00+00:00,-87.5,62.5,-237.5,-270.0,-390.0,-50.0,100.0,-200.0,17.5,-102.5,35.0,125.0,-55.0,-77.5,-167.5,47.5,137.5,-42.5,35.0,-55.0,7.5,37.5,-22.5,-67.5,-97.5,0.0,0.0,0.0,0.0,0.0,210.0,300.0,120.0,22.5,-67.5,0.0,0.0,0.0,0.0,0.0,0.0,0.0,0.0,0.0,0.0,0.0,0.0,0.0,0.0,0.0,332.5,362.5,302.5,157.5,127.5
2023-04-06 00:00:00+00:00,-175.0,-25.0,-325.0,-287.5,-437.5,17.5,137.5,-102.5,-107.5,-227.5,252.5,312.5,192.5,227.5,167.5,60.0,150.0,-30.0,122.5,32.5,60.0,150.0,-30.0,122.5,32.5,165.0,225.0,105.0,265.0,205.0,-17.5,12.5,-47.5,20.0,-10.0,7.5,37.5,-22.5,32.5,2.5,7.5,37.5,-22.5,32.5,2.5,0.0,0.0,0.0,0.0,0.0,207.5,237.5,177.5,207.5,177.5
2023-04-11 00:00:00+00:00,-152.5,-62.5,-242.5,-27.5,-117.5,95.0,125.0,65.0,57.5,27.5,-17.5,12.5,-47.5,-92.5,-122.5,-422.5,-362.5,-482.5,-385.0,-445.0,-422.5,-362.5,-482.5,-385.0,-445.0,-422.5,-362.5,-482.5,-385.0,-445.0,-505.0,-475.0,-535.0,-430.0,-460.0,-505.0,-475.0,-535.0,-430.0,-460.0,-505.0,-475.0,-535.0,-430.0,-460.0,0.0,0.0,0.0,0.0,0.0,-492.5,-462.5,-522.5,-492.5,-522.5
2023-04-12 00:00:00+00:00,-287.5,-137.5,-437.5,-175.0,-325.0,52.5,112.5,-7.5,2.5,-57.5,-22.5,37.5,-82.5,52.5,-7.5,67.5,187.5,-52.5,5.0,-115.0,67.5,187.5,-52.5,42.5,-77.5,110.0,200.0,20.0,122.5,32.5,-22.5,37.5,-82.5,127.5,67.5,15.0,75.0,-45.0,102.5,42.5,-5.0,25.0,-35.0,107.5,77.5,0.0,0.0,0.0,0.0,0.0,120.0,150.0,90.0,232.5,202.5
2023-04-13 00:00:00+00:00,42.5,162.5,-77.5,-207.5,-327.5,27.5,87.5,-32.5,-10.0,-70.0,-360.0,-300.0,-420.0,-560.0,-620.0,-150.0,0.0,-300.0,-45.0,-165.0,80.0,200.0,-40.0,55.0,-65.0,65.0,125.0,5.0,202.5,142.5,-122.5,-62.5,-182.5,52.5,-7.5,65.0,125.0,5.0,152.5,92.5,90.0,150.0,30.0,227.5,167.5,0.0,0.0,0.0,0.0,0.0,-105.0,-75.0,-135.0,-117.5,-147.5
2023-04-14 00:00:00+00:00,-170.0,-50.0,-290.0,-107.5,-227.5,152.5,212.5,92.5,-72.5,-132.5,-120.0,0.0,-240.0,-82.5,-202.5,-140.0,-50.0,-230.0,47.5,-42.5,-2.5,87.5,-92.5,160.0,70.0,10.0,100.0,-80.0,185.0,95.0,97.5,187.5,7.5,385.0,295.0,210.0,300.0,120.0,410.0,320.0,140.0,200.0,80.0,177.5,117.5,0.0,0.0,0.0,0.0,0.0,220.0,250.0,190.0,307.5,277.5
2023-04-17 00:00:00+00:00,-430.0,-250.0,-610.0,-317.5,-497.5,-220.0,-100.0,-340.0,-145.0,-265.0,-80.0,-50.0,-110.0,-80.0,-110.0,-125.0,25.0,-275.0,-95.0,-215.0,-82.5,37.5,-202.5,10.0,-80.0,32.5,62.5,2.5,20.0,-10.0,-110.0,-50.0,-170.0,-247.5,-307.5,-35.0,25.0,-95.0,-147.5,-207.5,-42.5,-12.5,-72.5,-67.5,-97.5,0.0,0.0,0.0,0.0,0.0,-117.5,-87.5,-147.5,-155.0,-185.0
2023-04-18 00:00:00+00:00,160.0,250.0,70.0,22.5,-67.5,67.5,187.5,-52.5,67.5,-52.5,395.0,425.0,365.0,345.0,315.0,135.0,225.0,45.0,72.5,-17.5,40.0,100.0,-20.0,-10.0,-70.0,20.0,50.0,-10.0,7.5,-22.5,0.0,0.0,0.0,0.0,0.0,0.0,0.0,0.0,0.0,0.0,0.0,0.0,0.0,0.0,0.0,0.0,0.0,0.0,0.0,0.0,320.0,350.0,290.0,345.0,315.0
2023-04-19 00:00:00+00:00,-395.0,-275.0,-515.0,-157.5,-277.5,-165.0,-75.0,-255.0,-77.5,-167.5,-222.5,-162.5,-282.5,90.0,30.0,-240.0,-150.0,-330.0,-140.0,-230.0,-122.5,-62.5,-182.5,15.0,-45.0,-97.5,-37.5,-157.5,77.5,17.5,-255.0,-225.0,-285.0,7.5,-22.5,-255.0,-225.0,-285.0,7.5,-22.5,-255.0,-225.0,-285.0,7.5,-22.5,0.0,0.0,0.0,0.0,0.0,-305.0,-275.0,-335.0,-92.5,-122.5
2023-04-20 00:00:00+00:00,-150.0,0.0,-300.0,-312.5,-462.5,-467.5,-287.5,-647.5,-180.0,-360.0,-290.0,-200.0,-380.0,-340.0,-430.0,72.5,162.5,-17.5,122.5,32.5,-42.5,-12.5,-72.5,132.5,102.5,-5.0,25.0,-35.0,82.5,52.5,215.0,275.0,155.0,127.5,67.5,215.0,275.0,155.0,127.5,67.5,157.5,187.5,127.5,107.5,77.5,0.0,0.0,0.0,0.0,0.0,157.5,187.5,127.5,-42.5,-72.5
2023-04-21 00:00:00+00:00,-600.0,-450.0,-750.0,-600.0,-750.0,-227.5,-137.5,-317.5,-390.0,-480.0,-117.5,-87.5,-147.5,-155.0,-185.0,-202.5,-112.5,-292.5,-90.0,-180.0,-40.0,50.0,-130.0,22.5,-67.5,-122.5,-62.5,-182.5,15.0,-45.0,-242.5,-212.5,-272.5,-192.5,-222.5,-242.5,-212.5,-272.5,-192.5,-222.5,-242.5,-212.5,-272.5,-192.5,-222.5,0.0,0.0,0.0,0.0,0.0,-442.5,-412.5,-472.5,-467.5,-497.5
2023-04-24 00:00:00+00:00,572.5,662.5,482.5,497.5,407.5,447.5,537.5,357.5,285.0,195.0,210.0,300.0,120.0,135.0,45.0,-47.5,12.5,-107.5,-85.0,-145.0,20.0,50.0,-10.0,-67.5,-97.5,20.0,50.0,-10.0,-67.5,-97.5,20.0,50.0,-10.0,-17.5,-47.5,20.0,50.0,-10.0,-17.5,-47.5,0.0,0.0,0.0,0.0,0.0,0.0,0.0,0.0,0.0,0.0,582.5,612.5,552.5,520.0,490.0
2023-04-25 00:00:00+00:00,-337.5,-187.5,-487.5,-287.5,-437.5,-237.5,-87.5,-387.5,-337.5,-487.5,-537.5,-387.5,-687.5,-487.5,-637.5,-40.0,50.0,-130.0,135.0,45.0,40.0,100.0,-20.0,165.0,105.0,82.5,112.5,52.5,107.5,77.5,197.5,287.5,107.5,97.5,7.5,115.0,175.0,55.0,-10.0,-70.0,0.0,0.0,0.0,0.0,0.0,0.0,0.0,0.0,0.0,0.0,32.5,62.5,2.5,145.0,115.0
2023-04-26 00:00:00+00:00,-1042.5,-862.5,-1222.5,-530.0,-710.0,-397.5,-337.5,-457.5,-410.0,-470.0,-397.5,-337.5,-457.5,-410.0,-470.0,-120.0,0.0,-240.0,-420.0,-540.0,-70.0,50.0,-190.0,-432.5,-552.5,317.5,437.5,197.5,-45.0,-165.0,-147.5,-87.5,-207.5,-472.5,-532.5,-122.5,-62.5,-182.5,-572.5,-632.5,-122.5,-62.5,-182.5,-572.5,-632.5,0.0,0.0,0.0,0.0,0.0,-680.0,-650.0,-710.0,-792.5,-822.5
2023-04-27 00:00:00+00:00,-120.0,0.0,-240.0,155.0,35.0,-125.0,25.0,-275.0,-100.0,-250.0,-305.0,-125.0,-485.0,-192.5,-372.5,47.5,137.5,-42.5,-35.0,-95.0,-22.5,37.5,-82.5,-35.0,-95.0,40.0,100.0,-20.0,-10.0,-70.0,90.0,150.0,30.0,27.5,-32.5,115.0,175.0,55.0,90.0,30.0,152.5,212.5,92.5,52.5,-7.5,0.0,0.0,0.0,0.0,0.0,20.0,50.0,-10.0,82.5,52.5
2023-04-28 00:00:00+00:00,75.0,225.0,-75.0,-112.5,-262.5,-70.0,50.0,-190.0,-102.5,-192.5,2.5,62.5,-57.5,-10.0,-70.0,10.0,100.0,-80.0,147.5,57.5,10.0,100.0,-80.0,147.5,57.5,147.5,237.5,57.5,222.5,132.5,127.5,187.5,67.5,365.0,305.0,127.5,187.5,67.5,365.0,305.0,290.0,350.0,230.0,565.0,505.0,0.0,0.0,0.0,0.0,0.0,320.0,350.0,290.0,195.0,165.0
2023-05-01 00:00:00+00:00,-107.5,12.5,-227.5,-120.0,-240.0,-202.5,-112.5,-292.5,-190.0,-280.0,-172.5,-112.5,-232.5,-180.0,-210.0,-27.5,62.5,-117.5,-65.0,-155.0,-2.5,87.5,-92.5,-65.0,-155.0,10.0,100.0,-80.0,-77.5,-167.5,30.0,150.0,-90.0,-70.0,-190.0,15.0,75.0,-45.0,-47.5,-107.5,27.5,87.5,-32.5,-60.0,-120.0,0.0,0.0,0.0,0.0,0.0,-130.0,-100.0,-160.0,-155.0,-185.0
2023-05-02 00:00:00+00:00,-380.0,-200.0,-560.0,-192.5,-372.5,-457.5,-337.5,-577.5,-395.0,-515.0,-452.5,-362.5,-542.5,-515.0,-605.0,-7.5,112.5,-127.5,-45.0,-165.0,147.5,237.5,57.5,-102.5,-192.5,147.5,237.5,57.5,-102.5,-192.5,222.5,312.5,132.5,197.5,107.5,252.5,312.5,192.5,290.0,230.0,290.0,350.0,230.0,190.0,130.0,0.0,0.0,0.0,0.0,0.0,-105.0,-75.0,-135.0,-130.0,-160.0
2023-05-03 00:00:00+00:00,-237.5,-87.5,-387.5,-262.5,-412.5,-355.0,-175.0,-535.0,-292.5,-472.5,-240.0,-150.0,-330.0,-152.5,-242.5,142.5,262.5,22.5,80.0,-40.0,52.5,112.5,-7.5,215.0,155.0,115.0,175.0,55.0,177.5,117.5,27.5,87.5,-32.5,127.5,67.5,52.5,112.5,-7.5,215.0,155.0,102.5,162.5,42.5,202.5,142.5,0.0,0.0,0.0,0.0,0.0,107.5,137.5,77.5,120.0,90.0
2023-05-04 00:00:00+00:00,-347.5,-137.5,-557.5,-717.5,-897.5,-570.0,-450.0,-690.0,-620.0,-740.0,0.0,0.0,0.0,0.0,0.0,-337.5,-187.5,-487.5,-275.0,-425.0,-377.5,-287.5,-467.5,35.0,-55.0,-377.5,-287.5,-467.5,35.0,-55.0,-335.0,-275.0,-395.0,-222.5,-282.5,-335.0,-275.0,-395.0,-222.5,-282.5,-185.0,-125.0,-245.0,-222.5,-282.5,0.0,0.0,0.0,0.0,0.0,-592.5,-562.5,-622.5,-730.0,-760.0
2023-05-05 00:00:00+00:00,230.0,350.0,110.0,230.0,110.0,162.5,312.5,12.5,275.0,125.0,445.0,475.0,415.0,470.0,440.0,65.0,125.0,5.0,-47.5,-107.5,32.5,62.5,2.5,-30.0,-60.0,0.0,0.0,0.0,0.0,0.0,0.0,0.0,0.0,0.0,0.0,0.0,0.0,0.0,0.0,0.0,0.0,0.0,0.0,0.0,0.0,0.0,0.0,0.0,0.0,0.0,445.0,475.0,415.0,470.0,440.0
2023-05-08 00:00:00+00:00,137.5,287.5,-12.5,25.0,-125.0,215.0,275.0,155.0,215.0,155.0,152.5,212.5,92.5,65.0,5.0,20.0,50.0,-10.0,20.0,-10.0,20.0,50.0,-10.0,20.0,-10.0,0.0,0.0,0.0,0.0,0.0,57.5,87.5,27.5,45.0,15.0,57.5,87.5,27.5,45.0,15.0,32.5,62.5,2.5,7.5,-22.5,0.0,0.0,0.0,0.0,0.0,307.5,337.5,277.5,282.5,252.5
2023-05-09 00:00:00+00:00,-262.5,-112.5,-412.5,-562.5,-712.5,-387.5,-237.5,-537.5,-375.0,-525.0,-235.0,-25.0,-445.0,-122.5,-332.5,-75.0,75.0,-225.0,-100.0,-250.0,50.0,200.0,-100.0,-95.0,-215.0,40.0,100.0,-20.0,-35.0,-95.0,-110.0,100.0,-320.0,-172.5,-382.5,125.0,275.0,-25.0,-95.0,-215.0,40.0,100.0,-20.0,-35.0,-95.0,0.0,0.0,0.0,0.0,0.0,-105.0,-75.0,-135.0,-167.5,-197.5
2023-05-10 00:00:00+00:00,-442.5,-262.5,-622.5,-180.0,-360.0,-430.0,-250.0,-610.0,-267.5,-447.5,-150.0,0.0,-300.0,-137.5,-287.5,87.5,237.5,-62.5,-287.5,-437.5,85.0,175.0,-5.0,-65.0,-155.0,65.0,125.0,5.0,-35.0,-95.0,207.5,387.5,27.5,-242.5,-422.5,20.0,50.0,-10.0,-17.5,-47.5,20.0,50.0,-10.0,-17.5,-47.5,0.0,0.0,0.0,0.0,0.0,57.5,87.5,27.5,7.5,-22.5
2023-05-11 00:00:00+00:00,-302.5,-212.5,-392.5,-115.0,-205.0,-185.0,-125.0,-245.0,-22.5,-82.5,-235.0,-175.0,-295.0,-235.0,-295.0,-885.0,-825.0,-945.0,-947.5,-1007.5,-810.0,-750.0,-870.0,-897.5,-957.5,-847.5,-787.5,-907.5,-972.5,-1032.5,-807.5,-687.5,-927.5,-870.0,-990.0,-672.5,-612.5,-732.5,-747.5,-807.5,-672.5,-612.5,-732.5,-747.5,-807.5,0.0,0.0,0.0,0.0,0.0,-917.5,-887.5,-947.5,-855.0,-885.0
2023-05-12 00:00:00+00:00,-145.0,-25.0,-265.0,-132.5,-252.5,-152.5,-62.5,-242.5,-152.5,-242.5,-277.5,-187.5,-367.5,-390.0,-480.0,-157.5,-37.5,-277.5,-395.0,-515.0,-127.5,-37.5,-217.5,-265.0,-355.0,-97.5,-37.5,-157.5,-197.5,-257.5,-172.5,-112.5,-232.5,-97.5,-157.5,-122.5,-62.5,-182.5,-147.5,-207.5,-97.5,-37.5,-157.5,-42.5,-72.5,0.0,0.0,0.0,0.0,0.0,-230.0,-200.0,-260.0,-280.0,-310.0
2023-05-15 00:00:00+00:00,-30.0,150.0,-210.0,-62.5,-212.5,-152.5,-62.5,-242.5,-252.5,-342.5,-77.5,12.5,-167.5,-265.0,-355.0,0.0,150.0,-150.0,187.5,37.5,30.0,150.0,-90.0,242.5,122.5,27.5,87.5,-32.5,165.0,105.0,97.5,187.5,7.5,110.0,20.0,115.0,175.0,55.0,165.0,105.0,127.5,187.5,67.5,227.5,167.5,0.0,0.0,0.0,0.0,0.0,57.5,87.5,27.5,-17.5,-47.5
2023-05-16 00:00:00+00:00,-295.0,-175.0,-415.0,-382.5,-502.5,-490.0,-400.0,-580.0,-527.5,-617.5,-512.5,-362.5,-662.5,-312.5,-462.5,-57.5,62.5,-177.5,-145.0,-265.0,135.0,225.0,45.0,110.0,20.0,247.5,337.5,157.5,85.0,-5.0,-52.5,37.5,-142.5,-77.5,-167.5,-52.5,37.5,-142.5,-77.5,-167.5,297.5,387.5,207.5,47.5,-42.5,0.0,0.0,0.0,0.0,0.0,-230.0,-200.0,-260.0,-355.0,-385.0
2023-05-17 00:00:00+00:00,155.0,275.0,35.0,-7.5,-127.5,17.5,137.5,-102.5,-20.0,-140.0,-250.0,-100.0,-400.0,-262.5,-412.5,-57.5,62.5,-177.5,192.5,72.5,-82.5,37.5,-202.5,117.5,-2.5,-60.0,0.0,-120.0,15.0,-45.0,35.0,125.0,-55.0,322.5,232.5,115.0,175.0,55.0,140.0,80.0,127.5,187.5,67.5,115.0,55.0,0.0,0.0,0.0,0.0,0.0,132.5,162.5,102.5,145.0,115.0
2023-05-18 00:00:00+00:00,47.5,137.5,-42.5,147.5,57.5,90.0,150.0,30.0,-35.0,-95.0,-47.5,12.5,-107.5,-35.0,-95.0,-32.5,87.5,-152.5,-27.5,-117.5,-52.5,37.5,-142.5,65.0,5.0,0.0,0.0,0.0,0.0,0.0,-110.0,-50.0,-170.0,57.5,27.5,7.5,37.5,-22.5,57.5,27.5,70.0,100.0,40.0,45.0,15.0,0.0,0.0,0.0,0.0,0.0,120.0,150.0,90.0,195.0,165.0
2023-05-19 00:00:00+00:00,-120.0,0.0,-240.0,-157.5,-277.5,-250.0,-100.0,-400.0,-187.5,-337.5,-77.5,12.5,-167.5,-102.5,-192.5,30.0,150.0,-90.0,67.5,-52.5,110.0,200.0,20.0,122.5,32.5,110.0,200.0,20.0,122.5,32.5,177.5,237.5,117.5,115.0,55.0,177.5,237.5,117.5,115.0,55.0,82.5,112.5,52.5,95.0,65.0,0.0,0.0,0.0,0.0,0.0,-30.0,0.0,-60.0,45.0,15.0
2023-05-22 00:00:00+00:00,-230.0,-50.0,-410.0,-142.5,-322.5,-282.5,-162.5,-402.5,-157.5,-277.5,-122.5,-62.5,-182.5,-272.5,-332.5,-232.5,-112.5,-352.5,-190.0,-280.0,-202.5,-112.5,-292.5,-240.0,-330.0,-135.0,-75.0,-195.0,-235.0,-295.0,-35.0,25.0,-95.0,177.5,117.5,-35.0,25.0,-95.0,177.5,117.5,-22.5,37.5,-82.5,127.5,67.5,0.0,0.0,0.0,0.0,0.0,-67.5,-37.5,-97.5,-67.5,-97.5
2023-05-23 00:00:00+00:00,-77.5,12.5,-167.5,-52.5,-142.5,27.5,87.5,-32.5,-172.5,-232.5,-105.0,-75.0,-135.0,-117.5,-147.5,-120.0,0.0,-240.0,-207.5,-327.5,-120.0,0.0,-240.0,-207.5,-327.5,27.5,87.5,-32.5,-60.0,-120.0,-327.5,-237.5,-417.5,-452.5,-542.5,-227.5,-137.5,-317.5,-390.0,-480.0,-252.5,-162.5,-342.5,-365.0,-455.0,0.0,0.0,0.0,0.0,0.0,-367.5,-337.5,-397.5,-505.0,-535.0
2023-05-24 00:00:00+00:00,-692.5,-512.5,-872.5,-255.0,-435.0,-607.5,-487.5,-727.5,-332.5,-452.5,-335.0,-275.0,-395.0,-335.0,-395.0,-150.0,0.0,-300.0,-620.0,-740.0,-187.5,-37.5,-337.5,-745.0,-865.0,-102.5,-12.5,-192.5,-577.5,-667.5,-107.5,12.5,-227.5,-552.5,-642.5,-90.0,0.0,-180.0,-335.0,-395.0,-17.5,12.5,-47.5,-92.5,-122.5,0.0,0.0,0.0,0.0,0.0,-692.5,-662.5,-722.5,-855.0,-885.0
2023-05-25 00:00:00+00:00,-250.0,-100.0,-400.0,-287.5,-437.5,-70.0,50.0,-190.0,-82.5,-202.5,-30.0,0.0,-60.0,-30.0,-60.0,-217.5,-187.5,-247.5,-205.0,-235.0,-217.5,-187.5,-247.5,-205.0,-235.0,-105.0,-75.0,-135.0,-67.5,-97.5,-155.0,-125.0,-185.0,-217.5,-247.5,-42.5,-12.5,-72.5,-80.0,-110.0,-42.5,-12.5,-72.5,-80.0,-110.0,0.0,0.0,0.0,0.0,0.0,-42.5,-12.5,-72.5,-80.0,-110.0
2023-05-26 00:00:00+00:00,287.5,437.5,137.5,467.5,347.5,417.5,537.5,297.5,467.5,347.5,572.5,662.5,482.5,285.0,195.0,130.0,250.0,10.0,330.0,210.0,22.5,112.5,-67.5,97.5,7.5,-97.5,-37.5,-157.5,102.5,42.5,65.0,125.0,5.0,202.5,142.5,40.0,100.0,-20.0,65.0,5.0,40.0,100.0,-20.0,65.0,5.0,0.0,0.0,0.0,0.0,0.0,632.5,662.5,602.5,607.5,577.5
2023-05-29 00:00:00+00:00,-375.0,-225.0,-525.0,-137.5,-287.5,-340.0,-250.0,-430.0,-77.5,-167.5,-340.0,-250.0,-430.0,-77.5,-167.5,-42.5,137.5,-222.5,-325.0,-475.0,-70.0,50.0,-190.0,-202.5,-292.5,-40.0,50.0,-130.0,52.5,-7.5,-127.5,-37.5,-217.5,-215.0,-305.0,-127.5,-37.5,-217.5,-215.0,-305.0,-172.5,-112.5,-232.5,-160.0,-220.0,0.0,0.0,0.0,0.0,0.0,-192.5,-162.5,-222.5,-180.0,-210.0
2023-05-30 00:00:00+00:00,-347.5,-137.5,-557.5,-247.5,-457.5,-45.0,75.0,-165.0,-145.0,-265.0,102.5,162.5,42.5,-60.0,-120.0,-25.0,125.0,-175.0,150.0,0.0,-27.5,62.5,-117.5,110.0,20.0,-85.0,-25.0,-145.0,102.5,42.5,45.0,75.0,15.0,107.5,77.5,45.0,75.0,15.0,107.5,77.5,45.0,75.0,15.0,107.5,77.5,0.0,0.0,0.0,0.0,0.0,120.0,150.0,90.0,45.0,15.0
2023-05-31 00:00:00+00:00,-212.5,-62.5,-362.5,-282.5,-402.5,-377.5,-287.5,-467.5,-390.0,-480.0,-595.0,-475.0,-715.0,-607.5,-727.5,-140.0,-50.0,-230.0,35.0,-55.0,-185.0,-125.0,-245.0,-35.0,-95.0,-185.0,-125.0,-245.0,-35.0,-95.0,27.5,87.5,-32.5,52.5,-7.5,-17.5,12.5,-47.5,45.0,15.0,-17.5,12.5,-47.5,45.0,15.0,0.0,0.0,0.0,0.0,0.0,-480.0,-450.0,-510.0,-617.5,-647.5
2023-06-01 00:00:00+00:00,-237.5,-87.5,-387.5,12.5,-137.5,-227.5,-137.5,-317.5,-140.0,-230.0,-257.5,-137.5,-377.5,-320.0,-440.0,52.5,112.5,-7.5,90.0,30.0,52.5,112.5,-7.5,90.0,30.0,52.5,112.5,-7.5,90.0,30.0,-40.0,50.0,-130.0,27.5,-32.5,202.5,262.5,142.5,52.5,-7.5,107.5,137.5,77.5,20.0,-10.0,0.0,0.0,0.0,0.0,0.0,-117.5,-87.5,-147.5,-155.0,-185.0
2023-06-02 00:00:00+00:00,280.0,400.0,160.0,30.0,-90.0,-307.5,-187.5,-427.5,-320.0,-440.0,190.0,250.0,130.0,77.5,17.5,-35.0,25.0,-95.0,177.5,117.5,-60.0,0.0,-120.0,165.0,105.0,-60.0,0.0,-120.0,165.0,105.0,90.0,150.0,30.0,65.0,5.0,0.0,0.0,0.0,0.0,0.0,0.0,0.0,0.0,0.0,0.0,0.0,0.0,0.0,0.0,0.0,195.0,225.0,165.0,207.5,177.5
2023-06-05 00:00:00+00:00,-75.0,75.0,-225.0,-200.0,-350.0,-140.0,-50.0,-230.0,-77.5,-167.5,-220.0,-100.0,-340.0,-20.0,-140.0,-82.5,37.5,-202.5,-40.0,-130.0,-27.5,62.5,-117.5,-10.0,-70.0,2.5,62.5,-57.5,7.5,-22.5,-22.5,37.5,-82.5,52.5,-7.5,102.5,162.5,42.5,77.5,17.5,45.0,75.0,15.0,7.5,-22.5,0.0,0.0,0.0,0.0,0.0,-5.0,25.0,-35.0,70.0,40.0
2023-06-06 00:00:00+00:00,-190.0,-100.0,-280.0,-165.0,-255.0,-112.5,37.5,-262.5,-175.0,-325.0,-40.0,50.0,-130.0,-102.5,-192.5,-25.0,125.0,-175.0,-107.5,-227.5,-7.5,112.5,-127.5,-65.0,-155.0,85.0,175.0,-5.0,-122.5,-182.5,87.5,237.5,-62.5,-7.5,-127.5,17.5,137.5,-102.5,-7.5,-127.5,90.0,150.0,30.0,65.0,5.0,0.0,0.0,0.0,0.0,0.0,82.5,112.5,52.5,57.5,27.5
2023-06-07 00:00:00+00:00,-92.5,87.5,-272.5,157.5,-22.5,-2.5,87.5,-92.5,97.5,7.5,470.0,500.0,440.0,457.5,427.5,167.5,287.5,47.5,67.5,-52.5,115.0,175.0,55.0,-30.0,-60.0,0.0,0.0,0.0,0.0,0.0,0.0,0.0,0.0,0.0,0.0,0.0,0.0,0.0,0.0,0.0,0.0,0.0,0.0,0.0,0.0,0.0,0.0,0.0,0.0,0.0,470.0,500.0,440.0,457.5,427.5
2023-06-08 00:00:00+00:00,-70.0,50.0,-190.0,-270.0,-390.0,-90.0,0.0,-180.0,-77.5,-167.5,-122.5,-62.5,-182.5,-60.0,-120.0,-7.5,112.5,-127.5,-132.5,-252.5,-147.5,-87.5,-207.5,-247.5,-307.5,-30.0,0.0,-60.0,-5.0,-35.0,-185.0,-125.0,-245.0,-110.0,-170.0,-47.5,12.5,-107.5,65.0,5.0,-105.0,-75.0,-135.0,7.5,-22.5,0.0,0.0,0.0,0.0,0.0,-192.5,-162.5,-222.5,-80.0,-110.0
2023-06-09 00:00:00+00:00,-280.0,-100.0,-460.0,-280.0,-460.0,-32.5,87.5,-152.5,-320.0,-440.0,-77.5,12.5,-167.5,-215.0,-305.0,-15.0,75.0,-105.0,-140.0,-230.0,22.5,112.5,-67.5,-152.5,-242.5,-22.5,37.5,-82.5,-110.0,-170.0,-35.0,25.0,-95.0,177.5,117.5,-67.5,-37.5,-97.5,57.5,27.5,7.5,37.5,-22.5,32.5,2.5,0.0,0.0,0.0,0.0,0.0,170.0,200.0,140.0,20.0,-10.0
2023-06-12 00:00:00+00:00,105.0,225.0,-15.0,192.5,72.5,102.5,162.5,42.5,15.0,-45.0,-127.5,-37.5,-217.5,-165.0,-255.0,-597.5,-537.5,-657.5,-547.5,-607.5,-492.5,-462.5,-522.5,-467.5,-497.5,-317.5,-287.5,-347.5,-292.5,-322.5,-455.0,-425.0,-485.0,-392.5,-422.5,-280.0,-250.0,-310.0,-217.5,-247.5,-280.0,-250.0,-310.0,-217.5,-247.5,0.0,0.0,0.0,0.0,0.0,-292.5,-262.5,-322.5,-317.5,-347.5
2023-06-13 00:00:00+00:00,-320.0,-200.0,-440.0,-332.5,-452.5,-265.0,-175.0,-355.0,-402.5,-492.5,-127.5,-37.5,-217.5,-240.0,-330.0,-315.0,-225.0,-405.0,-252.5,-342.5,-277.5,-187.5,-367.5,-190.0,-280.0,-205.0,-175.0,-235.0,-255.0,-285.0,-397.5,-337.5,-457.5,-422.5,-482.5,-392.5,-362.5,-422.5,-380.0,-410.0,-342.5,-312.5,-372.5,-267.5,-297.5,0.0,0.0,0.0,0.0,0.0,-492.5,-462.5,-522.5,-517.5,-547.5
2023-06-14 00:00:00+00:00,-375.0,-225.0,-525.0,-295.0,-415.0,-202.5,-112.5,-292.5,-172.5,-232.5,-395.0,-275.0,-515.0,-370.0,-490.0,-157.5,-37.5,-277.5,-45.0,-165.0,-132.5,-12.5,-252.5,55.0,-65.0,-65.0,25.0,-155.0,-102.5,-192.5,40.0,100.0,-20.0,52.5,-7.5,-5.0,25.0,-35.0,-5.0,-35.0,-5.0,25.0,-35.0,-5.0,-35.0,0.0,0.0,0.0,0.0,0.0,-267.5,-237.5,-297.5,-205.0,-235.0
2023-06-15 00:00:00+00:00,-492.5,-312.5,-672.5,-562.5,-712.5,-195.0,-75.0,-315.0,-227.5,-317.5,0.0,0.0,0.0,0.0,0.0,-242.5,-62.5,-422.5,-267.5,-447.5,5.0,125.0,-115.0,-45.0,-165.0,52.5,112.5,-7.5,-122.5,-182.5,-385.0,-325.0,-445.0,-410.0,-470.0,-385.0,-325.0,-445.0,-410.0,-470.0,-160.0,-100.0,-220.0,-297.5,-357.5,0.0,0.0,0.0,0.0,0.0,-355.0,-325.0,-385.0,-392.5,-422.5
2023-06-19 00:00:00+00:00,-297.5,-87.5,-507.5,-172.5,-382.5,-275.0,-125.0,-425.0,-212.5,-362.5,-30.0,0.0,-60.0,-80.0,-110.0,-207.5,-87.5,-327.5,-220.0,-340.0,-52.5,37.5,-142.5,-27.5,-117.5,-77.5,12.5,-167.5,-52.5,-142.5,-2.5,87.5,-92.5,-15.0,-105.0,-27.5,62.5,-117.5,-40.0,-130.0,-10.0,50.0,-70.0,-72.5,-132.5,0.0,0.0,0.0,0.0,0.0,-230.0,-200.0,-260.0,-142.5,-172.5
2023-06-20 00:00:00+00:00,-2.5,87.5,-92.5,-15.0,-105.0,-125.0,25.0,-275.0,-150.0,-300.0,182.5,212.5,152.5,195.0,165.0,30.0,150.0,-90.0,72.5,-17.5,40.0,100.0,-20.0,40.0,-20.0,0.0,0.0,0.0,0.0,0.0,-30.0,0.0,-60.0,20.0,-10.0,-30.0,0.0,-60.0,20.0,-10.0,0.0,0.0,0.0,0.0,0.0,0.0,0.0,0.0,0.0,0.0,232.5,262.5,202.5,370.0,340.0
2023-06-21 00:00:00+00:00,52.5,112.5,-7.5,-72.5,-132.5,-47.5,12.5,-107.5,-122.5,-182.5,-160.0,-100.0,-220.0,-197.5,-257.5,-227.5,-137.5,-317.5,-177.5,-267.5,-185.0,-125.0,-245.0,-122.5,-182.5,-135.0,-75.0,-195.0,-147.5,-207.5,-197.5,-137.5,-257.5,-10.0,-70.0,-147.5,-87.5,-207.5,65.0,5.0,-97.5,-37.5,-157.5,-35.0,-95.0,0.0,0.0,0.0,0.0,0.0,-117.5,-87.5,-147.5,-42.5,-72.5
2023-06-22 00:00:00+00:00,-647.5,-437.5,-857.5,-260.0,-470.0,-482.5,-362.5,-602.5,-182.5,-302.5,-202.5,-112.5,-292.5,-265.0,-355.0,57.5,237.5,-122.5,-405.0,-585.0,87.5,237.5,-62.5,-350.0,-500.0,0.0,0.0,0.0,0.0,0.0,-202.5,-112.5,-292.5,-215.0,-305.0,-130.0,-100.0,-160.0,-167.5,-197.5,-105.0,-75.0,-135.0,-205.0,-235.0,0.0,0.0,0.0,0.0,0.0,-142.5,-112.5,-172.5,-117.5,-147.5
2023-06-23 00:00:00+00:00,60.0,150.0,-30.0,-52.5,-142.5,-127.5,-37.5,-217.5,-215.0,-305.0,-427.5,-337.5,-517.5,-465.0,-555.0,-77.5,12.5,-167.5,35.0,-55.0,-77.5,12.5,-167.5,35.0,-55.0,2.5,62.5,-57.5,-97.5,-157.5,160.0,250.0,70.0,122.5,32.5,160.0,250.0,70.0,122.5,32.5,90.0,150.0,30.0,177.5,117.5,0.0,0.0,0.0,0.0,0.0,20.0,50.0,-10.0,70.0,40.0
2023-06-26 00:00:00+00:00,85.0,175.0,-5.0,-65.0,-155.0,-20.0,100.0,-140.0,117.5,-2.5,10.0,100.0,-80.0,172.5,82.5,10.0,100.0,-80.0,122.5,32.5,2.5,62.5,-57.5,127.5,67.5,-42.5,-12.5,-72.5,45.0,15.0,122.5,212.5,32.5,72.5,-17.5,115.0,175.0,55.0,77.5,17.5,140.0,200.0,80.0,65.0,5.0,0.0,0.0,0.0,0.0,0.0,345.0,375.0,315.0,370.0,340.0
2023-06-27 00:00:00+00:00,-200.0,-50.0,-350.0,-112.5,-262.5,-47.5,12.5,-107.5,-185.0,-245.0,-302.5,-212.5,-392.5,-240.0,-330.0,-245.0,-125.0,-365.0,-270.0,-390.0,-232.5,-112.5,-352.5,-270.0,-390.0,-317.5,-287.5,-347.5,-305.0,-335.0,-227.5,-137.5,-317.5,-165.0,-255.0,-102.5,-12.5,-192.5,-77.5,-167.5,-110.0,-50.0,-170.0,-110.0,-170.0,0.0,0.0,0.0,0.0,0.0,-205.0,-175.0,-235.0,-230.0,-260.0
2023-06-28 00:00:00+00:00,10.0,100.0,-80.0,-165.0,-255.0,-120.0,0.0,-240.0,-7.5,-127.5,182.5,212.5,152.5,182.5,152.5,135.0,225.0,45.0,22.5,-67.5,115.0,175.0,55.0,90.0,30.0,115.0,175.0,55.0,90.0,30.0,7.5,37.5,-22.5,57.5,27.5,7.5,37.5,-22.5,57.5,27.5,0.0,0.0,0.0,0.0,0.0,0.0,0.0,0.0,0.0,0.0,182.5,212.5,152.5,182.5,152.5
2023-06-29 00:00:00+00:00,-112.5,37.5,-262.5,-162.5,-312.5,147.5,237.5,57.5,35.0,-55.0,227.5,287.5,167.5,340.0,280.0,67.5,187.5,-52.5,42.5,-77.5,-35.0,25.0,-95.0,40.0,-20.0,7.5,37.5,-22.5,7.5,-22.5,7.5,37.5,-22.5,7.5,-22.5,0.0,0.0,0.0,0.0,0.0,0.0,0.0,0.0,0.0,0.0,0.0,0.0,0.0,0.0,0.0,220.0,250.0,190.0,257.5,227.5
2023-06-30 00:00:00+00:00,12.5,162.5,-137.5,-150.0,-300.0,127.5,187.5,67.5,-47.5,-107.5,227.5,287.5,167.5,145.0,115.0,-85.0,-25.0,-145.0,15.0,-45.0,-155.0,-125.0,-185.0,-117.5,-147.5,0.0,0.0,0.0,0.0,0.0,-105.0,-75.0,-135.0,-105.0,-135.0,0.0,0.0,0.0,0.0,0.0,0.0,0.0,0.0,0.0,0.0,0.0,0.0,0.0,0.0,0.0,195.0,225.0,165.0,70.0,40.0
2023-07-03 00:00:00+00:00,-115.0,-25.0,-205.0,-165.0,-255.0,-15.0,75.0,-105.0,-240.0,-330.0,-227.5,-137.5,-317.5,-277.5,-367.5,-395.0,-275.0,-515.0,-345.0,-465.0,-445.0,-325.0,-565.0,-432.5,-552.5,-407.5,-287.5,-527.5,-395.0,-515.0,-222.5,-162.5,-282.5,-235.0,-295.0,-210.0,-150.0,-270.0,-160.0,-220.0,-160.0,-100.0,-220.0,-135.0,-195.0,0.0,0.0,0.0,0.0,0.0,-317.5,-287.5,-347.5,-317.5,-347.5
2023-07-04 00:00:00+00:00,-25.0,125.0,-175.0,-137.5,-287.5,-40.0,50.0,-130.0,-77.5,-167.5,-102.5,-12.5,-192.5,-202.5,-292.5,-27.5,62.5,-117.5,35.0,-55.0,102.5,162.5,42.5,27.5,-32.5,102.5,162.5,42.5,27.5,-32.5,90.0,150.0,30.0,52.5,-7.5,90.0,150.0,30.0,52.5,-7.5,102.5,162.5,42.5,52.5,-7.5,0.0,0.0,0.0,0.0,0.0,95.0,125.0,65.0,70.0,40.0
2023-07-05 00:00:00+00:00,-182.5,-62.5,-302.5,-145.0,-265.0,20.0,50.0,-10.0,7.5,-22.5,-142.5,-112.5,-172.5,-180.0,-210.0,-527.5,-437.5,-617.5,-397.5,-457.5,-485.0,-425.0,-545.0,-397.5,-457.5,-397.5,-337.5,-457.5,-347.5,-407.5,-422.5,-362.5,-482.5,-447.5,-507.5,-347.5,-287.5,-407.5,-310.0,-370.0,-385.0,-325.0,-445.0,-397.5,-457.5,0.0,0.0,0.0,0.0,0.0,-467.5,-437.5,-497.5,-492.5,-522.5
2023-07-06 00:00:00+00:00,-270.0,-150.0,-390.0,-307.5,-427.5,-330.0,-150.0,-510.0,-417.5,-597.5,-380.0,-200.0,-560.0,-380.0,-560.0,305.0,425.0,185.0,80.0,-40.0,305.0,425.0,185.0,80.0,-40.0,102.5,162.5,42.5,-122.5,-182.5,305.0,425.0,185.0,80.0,-40.0,190.0,250.0,130.0,15.0,-45.0,82.5,112.5,52.5,-92.5,-122.5,0.0,0.0,0.0,0.0,0.0,-55.0,-25.0,-85.0,-55.0,-85.0
2023-07-07 00:00:00+00:00,-62.5,87.5,-212.5,-187.5,-337.5,10.0,100.0,-80.0,-40.0,-130.0,-177.5,-87.5,-267.5,-165.0,-255.0,-177.5,-87.5,-267.5,-122.5,-182.5,-160.0,-100.0,-220.0,-55.0,-85.0,27.5,87.5,-32.5,32.5,2.5,2.5,62.5,-57.5,70.0,40.0,132.5,162.5,102.5,7.5,-22.5,132.5,162.5,102.5,7.5,-22.5,0.0,0.0,0.0,0.0,0.0,132.5,162.5,102.5,70.0,40.0
2023-07-10 00:00:00+00:00,-120.0,0.0,-240.0,-82.5,-202.5,67.5,187.5,-52.5,230.0,110.0,242.5,362.5,122.5,155.0,35.0,122.5,212.5,32.5,10.0,-80.0,0.0,0.0,0.0,0.0,0.0,0.0,0.0,0.0,0.0,0.0,65.0,125.0,5.0,27.5,-32.5,57.5,87.5,27.5,70.0,40.0,0.0,0.0,0.0,0.0,0.0,0.0,0.0,0.0,0.0,0.0,432.5,462.5,402.5,420.0,390.0
2023-07-11 00:00:00+00:00,335.0,425.0,245.0,510.0,420.0,272.5,362.5,182.5,347.5,257.5,147.5,237.5,57.5,97.5,7.5,90.0,150.0,30.0,-35.0,-95.0,90.0,150.0,30.0,-35.0,-95.0,90.0,150.0,30.0,-35.0,-95.0,90.0,150.0,30.0,2.5,-57.5,70.0,100.0,40.0,-17.5,-47.5,70.0,100.0,40.0,-17.5,-47.5,0.0,0.0,0.0,0.0,0.0,470.0,500.0,440.0,545.0,515.0
2023-07-12 00:00:00+00:00,-42.5,137.5,-222.5,-230.0,-410.0,67.5,187.5,-52.5,-95.0,-215.0,65.0,125.0,5.0,-72.5,-132.5,-65.0,25.0,-155.0,-15.0,-105.0,-85.0,-25.0,-145.0,-60.0,-120.0,-30.0,0.0,-60.0,20.0,-10.0,35.0,125.0,-55.0,47.5,-42.5,35.0,125.0,-55.0,47.5,-42.5,7.5,37.5,-22.5,7.5,-22.5,0.0,0.0,0.0,0.0,0.0,170.0,200.0,140.0,132.5,102.5
2023-07-13 00:00:00+00:00,-220.0,-100.0,-340.0,-120.0,-240.0,-22.5,37.5,-82.5,-85.0,-145.0,-222.5,-162.5,-282.5,-285.0,-345.0,-222.5,-162.5,-282.5,-110.0,-170.0,-147.5,-87.5,-207.5,-47.5,-107.5,90.0,150.0,30.0,77.5,17.5,15.0,75.0,-45.0,115.0,55.0,15.0,75.0,-45.0,115.0,55.0,115.0,175.0,55.0,152.5,92.5,0.0,0.0,0.0,0.0,0.0,-55.0,-25.0,-85.0,-42.5,-72.5
2023-07-14 00:00:00+00:00,235.0,325.0,145.0,160.0,70.0,277.5,337.5,217.5,277.5,217.5,215.0,275.0,155.0,290.0,230.0,-35.0,25.0,-95.0,15.0,-45.0,-35.0,25.0,-95.0,15.0,-45.0,52.5,112.5,-7.5,65.0,5.0,40.0,100.0,-20.0,2.5,-57.5,127.5,187.5,67.5,77.5,17.5,127.5,187.5,67.5,77.5,17.5,0.0,0.0,0.0,0.0,0.0,370.0,400.0,340.0,382.5,352.5
2023-07-17 00:00:00+00:00,-372.5,-162.5,-582.5,-272.5,-482.5,-250.0,-100.0,-400.0,-250.0,-400.0,-172.5,-112.5,-232.5,-122.5,-182.5,-237.5,-87.5,-387.5,-362.5,-512.5,-190.0,-100.0,-280.0,-215.0,-305.0,-172.5,-112.5,-232.5,-160.0,-220.0,-197.5,-137.5,-257.5,-222.5,-282.5,-197.5,-137.5,-257.5,-222.5,-282.5,-160.0,-100.0,-220.0,-135.0,-195.0,0.0,0.0,0.0,0.0,0.0,-255.0,-225.0,-285.0,-330.0,-360.0
2023-07-18 00:00:00+00:00,-157.5,-37.5,-277.5,-32.5,-152.5,-115.0,-25.0,-205.0,-102.5,-192.5,-130.0,-100.0,-160.0,-217.5,-247.5,-115.0,-25.0,-205.0,-190.0,-280.0,-85.0,-25.0,-145.0,-122.5,-182.5,-105.0,-75.0,-135.0,-167.5,-197.5,-27.5,62.5,-117.5,-177.5,-267.5,-10.0,50.0,-70.0,-122.5,-182.5,-55.0,-25.0,-85.0,-30.0,-60.0,0.0,0.0,0.0,0.0,0.0,-55.0,-25.0,-85.0,-117.5,-147.5
2023-07-19 00:00:00+00:00,-267.5,-87.5,-447.5,-405.0,-585.0,-237.5,-87.5,-387.5,-312.5,-462.5,-220.0,-100.0,-340.0,-257.5,-377.5,-132.5,-12.5,-252.5,5.0,-115.0,-70.0,50.0,-190.0,17.5,-102.5,-22.5,37.5,-82.5,-60.0,-120.0,-97.5,-37.5,-157.5,15.0,-45.0,-97.5,-37.5,-157.5,15.0,-45.0,2.5,62.5,-57.5,15.0,-45.0,0.0,0.0,0.0,0.0,0.0,-230.0,-200.0,-260.0,-180.0,-210.0
2023-07-20 00:00:00+00:00,-90.0,0.0,-180.0,-140.0,-230.0,-215.0,-125.0,-305.0,-90.0,-180.0,-5.0,25.0,-35.0,-67.5,-97.5,-7.5,112.5,-127.5,92.5,-27.5,-102.5,-12.5,-192.5,-2.5,-92.5,-22.5,37.5,-82.5,-35.0,-95.0,85.0,175.0,-5.0,22.5,-67.5,147.5,237.5,57.5,-2.5,-92.5,52.5,112.5,-7.5,-97.5,-157.5,0.0,0.0,0.0,0.0,0.0,20.0,50.0,-10.0,120.0,90.0
2023-07-21 00:00:00+00:00,-95.0,25.0,-215.0,-95.0,-215.0,-52.5,37.5,-142.5,-65.0,-155.0,-72.5,-12.5,-132.5,-135.0,-195.0,-87.5,62.5,-237.5,-20.0,-140.0,12.5,162.5,-137.5,-7.5,-127.5,115.0,175.0,55.0,52.5,-7.5,-110.0,-50.0,-170.0,-22.5,-82.5,-35.0,25.0,-95.0,-47.5,-107.5,-22.5,37.5,-82.5,95.0,65.0,0.0,0.0,0.0,0.0,0.0,-42.5,-12.5,-72.5,7.5,-22.5
2023-07-24 00:00:00+00:00,5.0,125.0,-115.0,-145.0,-265.0,-215.0,-125.0,-305.0,-240.0,-330.0,-165.0,-75.0,-255.0,-52.5,-142.5,-15.0,75.0,-105.0,-15.0,-105.0,85.0,175.0,-5.0,97.5,7.5,115.0,175.0,55.0,90.0,30.0,15.0,75.0,-45.0,-35.0,-95.0,152.5,212.5,92.5,127.5,67.5,152.5,212.5,92.5,127.5,67.5,0.0,0.0,0.0,0.0,0.0,7.5,37.5,-22.5,-67.5,-97.5
2023-07-25 00:00:00+00:00,-145.0,-25.0,-265.0,30.0,-90.0,-65.0,25.0,-155.0,-177.5,-267.5,-185.0,-125.0,-245.0,-185.0,-245.0,-222.5,-162.5,-282.5,-135.0,-195.0,-135.0,-75.0,-195.0,-35.0,-95.0,-135.0,-75.0,-195.0,-35.0,-95.0,-142.5,-112.5,-172.5,-130.0,-160.0,-142.5,-112.5,-172.5,-167.5,-197.5,-142.5,-112.5,-172.5,-167.5,-197.5,0.0,0.0,0.0,0.0,0.0,-192.5,-162.5,-222.5,-192.5,-222.5
2023-07-26 00:00:00+00:00,-667.5,-487.5,-847.5,-705.0,-885.0,-337.5,-187.5,-487.5,-212.5,-362.5,-117.5,-87.5,-147.5,-92.5,-122.5,137.5,287.5,-12.5,37.5,-112.5,137.5,287.5,-12.5,37.5,-112.5,135.0,225.0,45.0,-65.0,-155.0,-247.5,-187.5,-307.5,-247.5,-307.5,-35.0,25.0,-95.0,-122.5,-182.5,-35.0,25.0,-95.0,-122.5,-182.5,0.0,0.0,0.0,0.0,0.0,-230.0,-200.0,-260.0,-155.0,-185.0
2023-07-27 00:00:00+00:00,-75.0,75.0,-225.0,-220.0,-340.0,-130.0,50.0,-310.0,-175.0,-325.0,-87.5,62.5,-237.5,-245.0,-365.0,22.5,112.5,-67.5,172.5,82.5,47.5,137.5,-42.5,160.0,70.0,27.5,87.5,-32.5,102.5,42.5,72.5,162.5,-17.5,85.0,-5.0,45.0,75.0,15.0,45.0,15.0,82.5,112.5,52.5,57.5,27.5,0.0,0.0,0.0,0.0,0.0,170.0,200.0,140.0,195.0,165.0
2023-07-28 00:00:00+00:00,167.5,287.5,47.5,342.5,222.5,205.0,325.0,85.0,230.0,110.0,52.5,112.5,-7.5,15.0,-45.0,-30.0,0.0,-60.0,-92.5,-122.5,-30.0,0.0,-60.0,-92.5,-122.5,-5.0,25.0,-35.0,-5.0,-35.0,70.0,100.0,40.0,120.0,90.0,120.0,150.0,90.0,107.5,77.5,120.0,150.0,90.0,107.5,77.5,0.0,0.0,0.0,0.0,0.0,407.5,437.5,377.5,545.0,515.0
2023-07-31 00:00:00+00:00,0.0,150.0,-150.0,87.5,-62.5,102.5,162.5,42.5,2.5,-57.5,-102.5,-12.5,-192.5,-27.5,-117.5,-135.0,-75.0,-195.0,-185.0,-245.0,-72.5,-12.5,-132.5,-160.0,-220.0,-80.0,-50.0,-110.0,-105.0,-135.0,-5.0,25.0,-35.0,-42.5,-72.5,107.5,137.5,77.5,45.0,15.0,107.5,137.5,77.5,45.0,15.0,0.0,0.0,0.0,0.0,0.0,82.5,112.5,52.5,107.5,77.5
2023-08-01 00:00:00+00:00,92.5,212.5,-27.5,42.5,-77.5,60.0,150.0,-30.0,-15.0,-105.0,-55.0,-25.0,-85.0,-55.0,-85.0,-285.0,-225.0,-345.0,-335.0,-395.0,-247.5,-187.5,-307.5,-247.5,-307.5,0.0,0.0,0.0,0.0,0.0,-260.0,-200.0,-320.0,-55.0,-85.0,7.5,37.5,-22.5,32.5,2.5,32.5,62.5,2.5,57.5,27.5,0.0,0.0,0.0,0.0,0.0,-92.5,-62.5,-122.5,-117.5,-147.5
2023-08-02 00:00:00+00:00,535.0,625.0,445.0,497.5,407.5,752.5,812.5,692.5,752.5,692.5,845.0,875.0,815.0,857.5,827.5,22.5,112.5,-67.5,147.5,57.5,57.5,87.5,27.5,70.0,40.0,0.0,0.0,0.0,0.0,0.0,0.0,0.0,0.0,0.0,0.0,0.0,0.0,0.0,0.0,0.0,0.0,0.0,0.0,0.0,0.0,0.0,0.0,0.0,0.0,0.0,845.0,875.0,815.0,857.5,827.5
2023-08-03 00:00:00+00:00,237.5,387.5,87.5,-187.5,-337.5,-280.0,-100.0,-460.0,-42.5,-222.5,282.5,312.5,252.5,182.5,152.5,30.0,150.0,-90.0,-65.0,-155.0,30.0,150.0,-90.0,-65.0,-155.0,-55.0,-25.0,-85.0,-80.0,-110.0,147.5,237.5,57.5,-47.5,-107.5,147.5,237.5,57.5,-47.5,-107.5,147.5,237.5,57.5,-47.5,-107.5,0.0,0.0,0.0,0.0,0.0,170.0,200.0,140.0,120.0,90.0
2023-08-04 00:00:00+00:00,-402.5,-312.5,-492.5,-215.0,-305.0,-30.0,0.0,-60.0,-80.0,-110.0,-297.5,-237.5,-357.5,-260.0,-320.0,-702.5,-612.5,-792.5,-815.0,-905.0,-702.5,-612.5,-792.5,-690.0,-780.0,-767.5,-737.5,-797.5,-630.0,-660.0,-752.5,-662.5,-842.5,-702.5,-792.5,-822.5,-762.5,-882.5,-935.0,-995.0,-767.5,-737.5,-797.5,-630.0,-660.0,0.0,0.0,0.0,0.0,0.0,-1017.5,-987.5,-1047.5,-855.0,-885.0
2023-08-07 00:00:00+00:00,-87.5,62.5,-237.5,0.0,-150.0,-165.0,-75.0,-255.0,-415.0,-505.0,-272.5,-212.5,-332.5,-422.5,-482.5,-365.0,-275.0,-455.0,-65.0,-155.0,-335.0,-275.0,-395.0,-105.0,-135.0,-192.5,-162.5,-222.5,-55.0,-85.0,-115.0,-25.0,-205.0,-60.0,-120.0,-35.0,25.0,-95.0,-97.5,-157.5,-67.5,-37.5,-97.5,-130.0,-160.0,0.0,0.0,0.0,0.0,0.0,-142.5,-112.5,-172.5,-30.0,-60.0
2023-08-08 00:00:00+00:00,-465.0,-375.0,-555.0,-590.0,-680.0,-502.5,-412.5,-592.5,-540.0,-630.0,0.0,0.0,0.0,0.0,0.0,-775.0,-625.0,-925.0,-725.0,-875.0,-607.5,-487.5,-727.5,-507.5,-627.5,-515.0,-425.0,-605.0,-402.5,-492.5,-835.0,-775.0,-895.0,-535.0,-595.0,-647.5,-587.5,-707.5,-422.5,-482.5,-472.5,-412.5,-532.5,-335.0,-395.0,0.0,0.0,0.0,0.0,0.0,-1080.0,-1050.0,-1110.0,-905.0,-935.0
2023-08-09 00:00:00+00:00,-432.5,-312.5,-552.5,-357.5,-477.5,-215.0,-125.0,-305.0,-252.5,-342.5,-272.5,-212.5,-332.5,-260.0,-320.0,-65.0,25.0,-155.0,-202.5,-292.5,-135.0,-75.0,-195.0,-297.5,-357.5,-135.0,-75.0,-195.0,-297.5,-357.5,-65.0,25.0,-155.0,-202.5,-292.5,-65.0,25.0,-155.0,-202.5,-292.5,-47.5,12.5,-107.5,-222.5,-282.5,0.0,0.0,0.0,0.0,0.0,-217.5,-187.5,-247.5,-142.5,-172.5
2023-08-10 00:00:00+00:00,-407.5,-287.5,-527.5,-432.5,-552.5,-357.5,-237.5,-477.5,-407.5,-527.5,-327.5,-237.5,-417.5,-427.5,-517.5,-120.0,0.0,-240.0,85.0,-5.0,-82.5,37.5,-202.5,-77.5,-167.5,-102.5,-12.5,-192.5,-85.0,-145.0,2.5,62.5,-57.5,77.5,17.5,65.0,125.0,5.0,-10.0,-70.0,20.0,50.0,-10.0,-55.0,-85.0,0.0,0.0,0.0,0.0,0.0,-292.5,-262.5,-322.5,-217.5,-247.5
2023-08-11 00:00:00+00:00,-292.5,-112.5,-472.5,-230.0,-410.0,-190.0,-100.0,-280.0,-402.5,-492.5,-507.5,-387.5,-627.5,-470.0,-590.0,110.0,200.0,20.0,272.5,182.5,160.0,250.0,70.0,297.5,207.5,-55.0,-25.0,-85.0,195.0,165.0,165.0,225.0,105.0,402.5,342.5,270.0,300.0,240.0,157.5,127.5,270.0,300.0,240.0,157.5,127.5,0.0,0.0,0.0,0.0,0.0,-5.0,25.0,-35.0,-130.0,-160.0
2023-08-14 00:00:00+00:00,-182.5,-62.5,-302.5,-282.5,-402.5,-357.5,-237.5,-477.5,-332.5,-452.5,-487.5,-337.5,-637.5,-357.5,-477.5,-195.0,-75.0,-315.0,-57.5,-177.5,-152.5,-62.5,-242.5,-65.0,-155.0,-210.0,-150.0,-270.0,-135.0,-195.0,-57.5,62.5,-177.5,80.0,-40.0,-77.5,12.5,-167.5,-90.0,-180.0,82.5,112.5,52.5,-5.0,-35.0,0.0,0.0,0.0,0.0,0.0,-192.5,-162.5,-222.5,-130.0,-160.0
2023-08-15 00:00:00+00:00,-562.5,-412.5,-712.5,-150.0,-300.0,-490.0,-400.0,-580.0,-540.0,-630.0,-515.0,-425.0,-605.0,-415.0,-505.0,-302.5,-212.5,-392.5,-602.5,-692.5,-247.5,-187.5,-307.5,-347.5,-407.5,-247.5,-187.5,-307.5,-347.5,-407.5,-272.5,-212.5,-332.5,-322.5,-382.5,-430.0,-400.0,-460.0,-417.5,-447.5,-255.0,-225.0,-285.0,-280.0,-310.0,0.0,0.0,0.0,0.0,0.0,-767.5,-737.5,-797.5,-730.0,-760.0
2023-08-16 00:00:00+00:00,-170.0,-50.0,-290.0,-377.5,-467.5,-110.0,-50.0,-170.0,-135.0,-195.0,-197.5,-137.5,-257.5,-335.0,-395.0,-477.5,-387.5,-567.5,-402.5,-492.5,-402.5,-312.5,-492.5,-290.0,-380.0,-185.0,-125.0,-245.0,52.5,-7.5,-485.0,-425.0,-545.0,-297.5,-357.5,-385.0,-325.0,-445.0,-85.0,-145.0,-147.5,-87.5,-207.5,102.5,42.5,0.0,0.0,0.0,0.0,0.0,-542.5,-512.5,-572.5,-605.0,-635.0
2023-08-17 00:00:00+00:00,55.0,175.0,-65.0,-270.0,-390.0,-77.5,12.5,-167.5,-15.0,-105.0,-362.5,-212.5,-512.5,-282.5,-402.5,-165.0,-75.0,-255.0,110.0,20.0,-90.0,0.0,-180.0,-40.0,-130.0,-47.5,12.5,-107.5,15.0,-45.0,60.0,150.0,-30.0,147.5,57.5,60.0,150.0,-30.0,22.5,-67.5,165.0,225.0,105.0,90.0,30.0,0.0,0.0,0.0,0.0,0.0,195.0,225.0,165.0,145.0,115.0
2023-08-18 00:00:00+00:00,-365.0,-275.0,-455.0,-465.0,-555.0,-147.5,-87.5,-207.5,-260.0,-320.0,-247.5,-187.5,-307.5,-522.5,-582.5,-715.0,-625.0,-805.0,-677.5,-767.5,-715.0,-625.0,-805.0,-677.5,-767.5,-502.5,-412.5,-592.5,-640.0,-730.0,-747.5,-687.5,-807.5,-672.5,-732.5,-747.5,-687.5,-807.5,-672.5,-732.5,-485.0,-425.0,-545.0,-272.5,-332.5,0.0,0.0,0.0,0.0,0.0,-1017.5,-987.5,-1047.5,-1030.0,-1060.0
2023-08-21 00:00:00+00:00,-110.0,100.0,-320.0,-92.5,-272.5,105.0,225.0,-15.0,155.0,35.0,315.0,375.0,255.0,20.0,-10.0,-40.0,50.0,-130.0,147.5,57.5,-22.5,37.5,-82.5,127.5,67.5,-67.5,-37.5,-97.5,45.0,15.0,77.5,137.5,17.5,27.5,-32.5,7.5,37.5,-22.5,20.0,-10.0,0.0,0.0,0.0,0.0,0.0,0.0,0.0,0.0,0.0,0.0,307.5,337.5,277.5,245.0,215.0
2023-08-22 00:00:00+00:00,255.0,375.0,135.0,342.5,222.5,32.5,212.5,-147.5,220.0,40.0,305.0,425.0,185.0,142.5,22.5,22.5,112.5,-67.5,35.0,-55.0,35.0,125.0,-55.0,47.5,-42.5,0.0,0.0,0.0,0.0,0.0,35.0,125.0,-55.0,47.5,-42.5,77.5,137.5,17.5,177.5,117.5,32.5,62.5,2.5,95.0,65.0,0.0,0.0,0.0,0.0,0.0,445.0,475.0,415.0,532.5,502.5
2023-08-23 00:00:00+00:00,-140.0,-50.0,-230.0,-347.5,-407.5,-272.5,-212.5,-332.5,-322.5,-382.5,-227.5,-137.5,-317.5,-490.0,-580.0,-740.0,-650.0,-830.0,-702.5,-792.5,-722.5,-662.5,-782.5,-710.0,-770.0,-572.5,-512.5,-632.5,-697.5,-757.5,-710.0,-650.0,-770.0,-510.0,-570.0,-710.0,-650.0,-770.0,-510.0,-570.0,-647.5,-587.5,-707.5,-360.0,-420.0,0.0,0.0,0.0,0.0,0.0,-780.0,-750.0,-810.0,-842.5,-872.5
2023-08-24 00:00:00+00:00,-27.5,62.5,-117.5,335.0,245.0,170.0,200.0,140.0,220.0,190.0,-42.5,-12.5,-72.5,182.5,152.5,-455.0,-425.0,-485.0,-355.0,-385.0,-305.0,-275.0,-335.0,-405.0,-435.0,-305.0,-275.0,-335.0,-405.0,-435.0,-292.5,-262.5,-322.5,-155.0,-185.0,-292.5,-262.5,-322.5,-155.0,-185.0,-142.5,-112.5,-172.5,-205.0,-235.0,0.0,0.0,0.0,0.0,0.0,-192.5,-162.5,-222.5,-205.0,-235.0
2023-08-25 00:00:00+00:00,75.0,225.0,-75.0,-112.5,-262.5,-95.0,25.0,-215.0,-95.0,-215.0,-307.5,-187.5,-427.5,-70.0,-190.0,-67.5,112.5,-247.5,-155.0,-335.0,-72.5,-12.5,-132.5,152.5,92.5,65.0,125.0,5.0,165.0,105.0,-2.5,87.5,-92.5,222.5,132.5,-2.5,87.5,-92.5,222.5,132.5,127.5,187.5,67.5,152.5,92.5,0.0,0.0,0.0,0.0,0.0,-5.0,25.0,-35.0,7.5,-22.5
2023-08-29 00:00:00+00:00,-237.5,-87.5,-387.5,-425.0,-575.0,57.5,87.5,27.5,120.0,90.0,-215.0,-125.0,-305.0,-202.5,-292.5,55.0,175.0,-65.0,17.5,-102.5,160.0,250.0,70.0,-127.5,-217.5,160.0,250.0,70.0,-127.5,-217.5,-115.0,-25.0,-205.0,-215.0,-305.0,-65.0,25.0,-155.0,-77.5,-167.5,-97.5,-37.5,-157.5,-122.5,-182.5,0.0,0.0,0.0,0.0,0.0,-55.0,-25.0,-85.0,-92.5,-122.5
2023-08-30 00:00:00+00:00,10.0,100.0,-80.0,2.5,-57.5,90.0,150.0,30.0,27.5,-32.5,27.5,87.5,-32.5,95.0,65.0,72.5,162.5,-17.5,-27.5,-117.5,72.5,162.5,-17.5,-27.5,-117.5,140.0,200.0,80.0,27.5,-32.5,80.0,200.0,-40.0,-170.0,-290.0,85.0,175.0,-5.0,-77.5,-167.5,147.5,237.5,57.5,-2.5,-92.5,0.0,0.0,0.0,0.0,0.0,132.5,162.5,102.5,157.5,127.5
2023-08-31 00:00:00+00:00,37.5,187.5,-112.5,50.0,-100.0,67.5,187.5,-52.5,92.5,-27.5,160.0,250.0,70.0,-72.5,-132.5,40.0,100.0,-20.0,140.0,80.0,40.0,100.0,-20.0,140.0,80.0,40.0,100.0,-20.0,140.0,80.0,15.0,75.0,-45.0,152.5,92.5,15.0,75.0,-45.0,152.5,92.5,152.5,212.5,92.5,152.5,92.5,0.0,0.0,0.0,0.0,0.0,245.0,275.0,215.0,395.0,365.0
2023-09-01 00:00:00+00:00,-187.5,-37.5,-337.5,50.0,-100.0,-20.0,100.0,-140.0,-70.0,-190.0,47.5,137.5,-42.5,10.0,-80.0,42.5,162.5,-77.5,42.5,-77.5,-2.5,87.5,-92.5,-40.0,-130.0,57.5,87.5,27.5,95.0,65.0,297.5,387.5,207.5,47.5,-42.5,207.5,237.5,177.5,45.0,15.0,207.5,237.5,177.5,45.0,15.0,0.0,0.0,0.0,0.0,0.0,270.0,300.0,240.0,207.5,177.5
2023-09-04 00:00:00+00:00,-342.5,-162.5,-522.5,-280.0,-460.0,-287.5,-137.5,-437.5,-387.5,-537.5,-190.0,-100.0,-280.0,-165.0,-255.0,-95.0,25.0,-215.0,-32.5,-152.5,-2.5,87.5,-92.5,40.0,-20.0,-10.0,50.0,-70.0,7.5,-22.5,-52.5,37.5,-142.5,40.0,-20.0,-52.5,37.5,-142.5,40.0,-20.0,-60.0,0.0,-120.0,7.5,-22.5,0.0,0.0,0.0,0.0,0.0,-130.0,-100.0,-160.0,-67.5,-97.5
2023-09-05 00:00:00+00:00,117.5,237.5,-2.5,-7.5,-127.5,35.0,125.0,-55.0,-2.5,-92.5,145.0,175.0,115.0,45.0,15.0,-65.0,25.0,-155.0,-52.5,-142.5,-110.0,-50.0,-170.0,-147.5,-207.5,-22.5,37.5,-82.5,-110.0,-170.0,-5.0,25.0,-35.0,145.0,115.0,82.5,112.5,52.5,182.5,152.5,82.5,112.5,52.5,182.5,152.5,0.0,0.0,0.0,0.0,0.0,332.5,362.5,302.5,307.5,277.5
2023-09-06 00:00:00+00:00,-195.0,-75.0,-315.0,-95.0,-215.0,-430.0,-250.0,-610.0,-467.5,-647.5,-362.5,-212.5,-512.5,-507.5,-627.5,12.5,162.5,-137.5,-87.5,-237.5,15.0,75.0,-45.0,102.5,42.5,70.0,100.0,40.0,132.5,102.5,15.0,75.0,-45.0,102.5,42.5,57.5,87.5,27.5,45.0,15.0,70.0,100.0,40.0,132.5,102.5,0.0,0.0,0.0,0.0,0.0,-105.0,-75.0,-135.0,-130.0,-160.0
2023-09-07 00:00:00+00:00,-232.5,-112.5,-352.5,-432.5,-552.5,-122.5,-62.5,-182.5,-235.0,-295.0,-55.0,-25.0,-85.0,-42.5,-72.5,-240.0,-150.0,-330.0,-252.5,-342.5,-115.0,-25.0,-205.0,-60.0,-120.0,-115.0,-25.0,-205.0,-60.0,-120.0,-322.5,-262.5,-382.5,-347.5,-407.5,-285.0,-225.0,-345.0,-322.5,-382.5,-172.5,-112.5,-232.5,-142.5,-172.5,0.0,0.0,0.0,0.0,0.0,-367.5,-337.5,-397.5,-405.0,-435.0
2023-09-08 00:00:00+00:00,-157.5,-37.5,-277.5,-170.0,-290.0,105.0,225.0,-15.0,17.5,-102.5,82.5,112.5,52.5,-55.0,-85.0,-390.0,-300.0,-480.0,10.0,-80.0,-315.0,-225.0,-405.0,97.5,7.5,-360.0,-300.0,-420.0,15.0,-45.0,-172.5,-112.5,-232.5,65.0,5.0,-172.5,-112.5,-232.5,65.0,5.0,-10.0,50.0,-70.0,77.5,17.5,0.0,0.0,0.0,0.0,0.0,-55.0,-25.0,-85.0,145.0,115.0
2023-09-11 00:00:00+00:00,-125.0,25.0,-275.0,162.5,12.5,-57.5,62.5,-177.5,55.0,-65.0,-165.0,-75.0,-255.0,-190.0,-280.0,167.5,287.5,47.5,-70.0,-190.0,72.5,162.5,-17.5,-77.5,-167.5,7.5,37.5,-22.5,-92.5,-122.5,135.0,225.0,45.0,-27.5,-117.5,127.5,187.5,67.5,65.0,5.0,32.5,62.5,2.5,107.5,77.5,0.0,0.0,0.0,0.0,0.0,307.5,337.5,277.5,70.0,40.0
2023-09-12 00:00:00+00:00,-565.0,-325.0,-805.0,-165.0,-405.0,-392.5,-212.5,-572.5,-317.5,-497.5,-245.0,-125.0,-365.0,-507.5,-627.5,-75.0,75.0,-225.0,-175.0,-325.0,-32.5,87.5,-152.5,-32.5,-152.5,-142.5,-112.5,-172.5,-30.0,-60.0,-120.0,0.0,-240.0,-20.0,-140.0,-82.5,37.5,-202.5,42.5,-77.5,-197.5,-137.5,-257.5,52.5,-7.5,0.0,0.0,0.0,0.0,0.0,-117.5,-87.5,-147.5,-217.5,-247.5
2023-09-13 00:00:00+00:00,12.5,162.5,-137.5,-307.5,-427.5,-240.0,-150.0,-330.0,-390.0,-480.0,-20.0,100.0,-140.0,-170.0,-290.0,17.5,137.5,-102.5,167.5,47.5,-52.5,37.5,-142.5,22.5,-67.5,40.0,100.0,-20.0,-72.5,-132.5,97.5,187.5,7.5,335.0,245.0,15.0,75.0,-45.0,202.5,142.5,70.0,100.0,40.0,95.0,65.0,0.0,0.0,0.0,0.0,0.0,207.5,237.5,177.5,257.5,227.5
2023-09-14 00:00:00+00:00,192.5,312.5,72.5,67.5,-52.5,202.5,262.5,142.5,90.0,30.0,232.5,262.5,202.5,220.0,190.0,-85.0,-25.0,-145.0,107.5,77.5,-85.0,-25.0,-145.0,107.5,77.5,70.0,100.0,40.0,107.5,77.5,82.5,112.5,52.5,57.5,27.5,0.0,0.0,0.0,0.0,0.0,0.0,0.0,0.0,0.0,0.0,0.0,0.0,0.0,0.0,0.0,232.5,262.5,202.5,145.0,115.0
2023-09-18 00:00:00+00:00,-220.0,-100.0,-340.0,-432.5,-552.5,-122.5,-62.5,-182.5,-197.5,-257.5,-190.0,-100.0,-280.0,-290.0,-380.0,-500.0,-350.0,-650.0,-537.5,-687.5,-445.0,-325.0,-565.0,-532.5,-652.5,-460.0,-400.0,-520.0,-560.0,-620.0,-507.5,-387.5,-627.5,-595.0,-715.0,-445.0,-325.0,-565.0,-532.5,-652.5,-515.0,-425.0,-605.0,-577.5,-667.5,0.0,0.0,0.0,0.0,0.0,-730.0,-700.0,-760.0,-755.0,-785.0
2023-09-19 00:00:00+00:00,-175.0,-25.0,-325.0,-70.0,-190.0,-202.5,-112.5,-292.5,-252.5,-342.5,-52.5,37.5,-142.5,-65.0,-155.0,-107.5,12.5,-227.5,17.5,-102.5,47.5,137.5,-42.5,110.0,20.0,45.0,75.0,15.0,-5.0,-35.0,-102.5,-12.5,-192.5,-40.0,-130.0,-2.5,87.5,-92.5,60.0,-30.0,65.0,125.0,5.0,90.0,30.0,0.0,0.0,0.0,0.0,0.0,-42.5,-12.5,-72.5,-17.5,-47.5
2023-09-20 00:00:00+00:00,-242.5,-62.5,-422.5,-217.5,-397.5,-325.0,-175.0,-475.0,-187.5,-337.5,102.5,162.5,42.5,-22.5,-82.5,52.5,112.5,-7.5,40.0,-20.0,102.5,162.5,42.5,-10.0,-70.0,0.0,0.0,0.0,0.0,0.0,52.5,112.5,-7.5,40.0,-20.0,0.0,0.0,0.0,0.0,0.0,0.0,0.0,0.0,0.0,0.0,0.0,0.0,0.0,0.0,0.0,120.0,150.0,90.0,57.5,27.5
2023-09-21 00:00:00+00:00,-425.0,-275.0,-575.0,-412.5,-562.5,-340.0,-250.0,-430.0,-277.5,-367.5,0.0,0.0,0.0,0.0,0.0,-612.5,-462.5,-762.5,-987.5,-1137.5,-672.5,-612.5,-732.5,-560.0,-620.0,-272.5,-212.5,-332.5,-210.0,-270.0,-780.0,-750.0,-810.0,-980.0,-1010.0,-780.0,-750.0,-810.0,-980.0,-1010.0,-680.0,-650.0,-710.0,-717.5,-747.5,0.0,0.0,0.0,0.0,0.0,-780.0,-750.0,-810.0,-980.0,-1010.0
2023-09-22 00:00:00+00:00,-20.0,100.0,-140.0,-52.5,-142.5,-295.0,-175.0,-415.0,-282.5,-402.5,-120.0,0.0,-240.0,22.5,-67.5,110.0,200.0,20.0,85.0,-5.0,110.0,200.0,20.0,85.0,-5.0,95.0,125.0,65.0,120.0,90.0,247.5,337.5,157.5,122.5,32.5,247.5,337.5,157.5,122.5,32.5,0.0,0.0,0.0,0.0,0.0,0.0,0.0,0.0,0.0,0.0,120.0,150.0,90.0,232.5,202.5
2023-09-25 00:00:00+00:00,-82.5,37.5,-202.5,-220.0,-340.0,-390.0,-300.0,-480.0,-427.5,-517.5,60.0,150.0,-30.0,-102.5,-192.5,-352.5,-262.5,-442.5,-177.5,-267.5,-190.0,-100.0,-280.0,-227.5,-317.5,452.5,512.5,392.5,165.0,105.0,10.0,100.0,-80.0,85.0,-5.0,-347.5,-287.5,-407.5,-260.0,-320.0,0.0,0.0,0.0,0.0,0.0,0.0,0.0,0.0,0.0,0.0,-192.5,-162.5,-222.5,-167.5,-197.5
2023-09-26 00:00:00+00:00,-585.0,-375.0,-795.0,-260.0,-470.0,-457.5,-337.5,-577.5,-395.0,-515.0,-505.0,-325.0,-685.0,-17.5,-197.5,155.0,275.0,35.0,130.0,10.0,110.0,200.0,20.0,197.5,107.5,327.5,387.5,267.5,15.0,-45.0,310.0,400.0,220.0,447.5,357.5,547.5,637.5,457.5,347.5,257.5,560.0,650.0,470.0,222.5,132.5,0.0,0.0,0.0,0.0,0.0,32.5,62.5,2.5,107.5,77.5
2023-09-27 00:00:00+00:00,-287.5,-137.5,-437.5,-462.5,-612.5,-152.5,-62.5,-242.5,-265.0,-355.0,-222.5,-162.5,-282.5,-272.5,-332.5,-140.0,-50.0,-230.0,-215.0,-305.0,-140.0,-50.0,-230.0,-215.0,-305.0,-180.0,-150.0,-210.0,-80.0,-110.0,-127.5,-37.5,-217.5,-190.0,-280.0,-77.5,12.5,-167.5,-65.0,-155.0,-155.0,-125.0,-185.0,-80.0,-110.0,0.0,0.0,0.0,0.0,0.0,-217.5,-187.5,-247.5,-142.5,-172.5
2023-09-28 00:00:00+00:00,-237.5,-87.5,-387.5,130.0,10.0,-270.0,-150.0,-390.0,-7.5,-127.5,-160.0,-100.0,-220.0,-135.0,-195.0,17.5,137.5,-102.5,130.0,10.0,342.5,462.5,222.5,242.5,122.5,315.0,375.0,255.0,465.0,405.0,-240.0,-150.0,-330.0,-202.5,-292.5,-202.5,-112.5,-292.5,-152.5,-242.5,-185.0,-125.0,-245.0,15.0,-45.0,0.0,0.0,0.0,0.0,0.0,-217.5,-187.5,-247.5,-55.0,-85.0
2023-09-29 00:00:00+00:00,-525.0,-375.0,-675.0,-537.5,-687.5,-382.5,-262.5,-502.5,-357.5,-477.5,-357.5,-237.5,-477.5,-182.5,-302.5,232.5,412.5,52.5,107.5,-72.5,-32.5,87.5,-152.5,-82.5,-202.5,-40.0,50.0,-130.0,-90.0,-180.0,117.5,237.5,-2.5,-107.5,-227.5,-22.5,37.5,-82.5,-160.0,-220.0,-22.5,37.5,-82.5,-160.0,-220.0,0.0,0.0,0.0,0.0,0.0,45.0,75.0,15.0,-105.0,-135.0
2023-10-02 00:00:00+00:00,-245.0,-125.0,-365.0,-220.0,-340.0,-372.5,-312.5,-432.5,-410.0,-470.0,-342.5,-312.5,-372.5,0.0,0.0,-1002.5,-912.5,-1092.5,-702.5,-792.5,-1010.0,-950.0,-1070.0,-735.0,-795.0,-892.5,-862.5,-922.5,-792.5,-822.5,-972.5,-912.5,-1032.5,-772.5,-832.5,-992.5,-962.5,-1022.5,-880.0,-910.0,-992.5,-962.5,-1022.5,-880.0,-910.0,0.0,0.0,0.0,0.0,0.0,-1217.5,-1187.5,-1247.5,-1205.0,-1235.0
2023-10-03 00:00:00+00:00,-730.0,-550.0,-910.0,-567.5,-747.5,-402.5,-312.5,-492.5,-490.0,-580.0,-615.0,-525.0,-705.0,-565.0,-655.0,-1100.0,-950.0,-1250.0,-1100.0,-1250.0,-1057.5,-937.5,-1177.5,-1095.0,-1215.0,-760.0,-700.0,-820.0,-597.5,-657.5,-1107.5,-987.5,-1227.5,-1045.0,-1165.0,-1107.5,-987.5,-1227.5,-1170.0,-1290.0,-1177.5,-1087.5,-1267.5,-1140.0,-1230.0,0.0,0.0,0.0,0.0,0.0,-1492.5,-1462.5,-1522.5,-1355.0,-1385.0
2023-10-04 00:00:00+00:00,160.0,250.0,70.0,97.5,7.5,180.0,300.0,60.0,180.0,60.0,502.5,562.5,442.5,365.0,305.0,-10.0,50.0,-70.0,90.0,30.0,-47.5,12.5,-107.5,-147.5,-207.5,-105.0,-75.0,-135.0,-105.0,-135.0,290.0,350.0,230.0,227.5,167.5,232.5,262.5,202.5,270.0,240.0,232.5,262.5,202.5,270.0,240.0,0.0,0.0,0.0,0.0,0.0,782.5,812.5,752.5,757.5,727.5
2023-10-05 00:00:00+00:00,242.5,362.5,122.5,310.0,220.0,577.5,637.5,517.5,282.5,252.5,732.5,762.5,702.5,545.0,515.0,375.0,525.0,225.0,50.0,-100.0,260.0,350.0,170.0,60.0,-30.0,0.0,0.0,0.0,0.0,0.0,165.0,225.0,105.0,27.5,-32.5,165.0,225.0,105.0,27.5,-32.5,-17.5,12.5,-47.5,20.0,-10.0,0.0,0.0,0.0,0.0,0.0,732.5,762.5,702.5,732.5,702.5
2023-10-06 00:00:00+00:00,-2.5,87.5,-92.5,147.5,57.5,327.5,387.5,267.5,215.0,155.0,-72.5,-12.5,-132.5,115.0,55.0,142.5,262.5,22.5,-40.0,-130.0,127.5,187.5,67.5,-85.0,-145.0,32.5,62.5,2.5,-155.0,-185.0,135.0,225.0,45.0,15.0,-45.0,135.0,225.0,45.0,15.0,-45.0,145.0,175.0,115.0,-80.0,-110.0,0.0,0.0,0.0,0.0,0.0,307.5,337.5,277.5,170.0,140.0
2023-10-09 00:00:00+00:00,-20.0,100.0,-140.0,-277.5,-367.5,-135.0,-75.0,-195.0,-197.5,-257.5,-90.0,0.0,-180.0,-227.5,-317.5,-165.0,-75.0,-255.0,-65.0,-155.0,-165.0,-75.0,-255.0,-65.0,-155.0,-215.0,-125.0,-305.0,-127.5,-217.5,-285.0,-225.0,-345.0,-97.5,-157.5,-222.5,-162.5,-282.5,-35.0,-95.0,-222.5,-162.5,-282.5,-35.0,-95.0,0.0,0.0,0.0,0.0,0.0,-242.5,-212.5,-272.5,-255.0,-285.0
2023-10-10 00:00:00+00:00,-112.5,37.5,-262.5,-237.5,-387.5,-375.0,-225.0,-525.0,-275.0,-425.0,-270.0,-150.0,-390.0,-57.5,-177.5,-102.5,-12.5,-192.5,-90.0,-180.0,-52.5,37.5,-142.5,-15.0,-105.0,-122.5,-62.5,-182.5,-285.0,-345.0,-215.0,-125.0,-305.0,-352.5,-442.5,-310.0,-250.0,-370.0,-510.0,-570.0,-392.5,-362.5,-422.5,-442.5,-472.5,0.0,0.0,0.0,0.0,0.0,-455.0,-425.0,-485.0,-455.0,-485.0
2023-10-11 00:00:00+00:00,-210.0,0.0,-420.0,102.5,-107.5,30.0,150.0,-90.0,-57.5,-177.5,295.0,325.0,265.0,345.0,315.0,105.0,225.0,-15.0,-157.5,-277.5,15.0,75.0,-45.0,-110.0,-170.0,-5.0,25.0,-35.0,-80.0,-110.0,-5.0,25.0,-35.0,-80.0,-110.0,0.0,0.0,0.0,0.0,0.0,0.0,0.0,0.0,0.0,0.0,0.0,0.0,0.0,0.0,0.0,295.0,325.0,265.0,345.0,315.0
2023-10-12 00:00:00+00:00,-162.5,-12.5,-312.5,-150.0,-300.0,-72.5,-12.5,-132.5,-85.0,-145.0,20.0,50.0,-10.0,32.5,2.5,-172.5,-112.5,-232.5,-85.0,-145.0,-172.5,-112.5,-232.5,-85.0,-145.0,-105.0,-75.0,-135.0,0.0,0.0,-130.0,-100.0,-160.0,-117.5,-147.5,-117.5,-87.5,-147.5,-130.0,-160.0,-117.5,-87.5,-147.5,-130.0,-160.0,0.0,0.0,0.0,0.0,0.0,-67.5,-37.5,-97.5,-30.0,-60.0
2023-10-13 00:00:00+00:00,-635.0,-425.0,-845.0,82.5,-97.5,-102.5,-12.5,-192.5,535.0,445.0,320.0,350.0,290.0,307.5,277.5,-52.5,37.5,-142.5,-565.0,-655.0,-77.5,12.5,-167.5,-715.0,-805.0,-272.5,-212.5,-332.5,-647.5,-707.5,-435.0,-375.0,-495.0,-797.5,-857.5,-435.0,-375.0,-495.0,-797.5,-857.5,-405.0,-375.0,-435.0,-530.0,-560.0,0.0,0.0,0.0,0.0,0.0,-230.0,-200.0,-260.0,-80.0,-110.0
2023-10-16 00:00:00+00:00,-237.5,-87.5,-387.5,50.0,-100.0,-157.5,-37.5,-277.5,-307.5,-427.5,205.0,325.0,85.0,167.5,47.5,230.0,350.0,110.0,242.5,122.5,172.5,262.5,82.5,147.5,57.5,182.5,212.5,152.5,157.5,127.5,240.0,300.0,180.0,252.5,192.5,182.5,212.5,152.5,157.5,127.5,182.5,212.5,152.5,157.5,127.5,0.0,0.0,0.0,0.0,0.0,432.5,462.5,402.5,457.5,427.5
2023-10-17 00:00:00+00:00,-497.5,-287.5,-707.5,-317.5,-497.5,-302.5,-212.5,-392.5,122.5,32.5,-422.5,-362.5,-482.5,190.0,130.0,125.0,275.0,-25.0,-137.5,-287.5,235.0,325.0,145.0,-290.0,-380.0,272.5,362.5,182.5,-140.0,-230.0,197.5,287.5,107.5,-165.0,-255.0,197.5,287.5,107.5,-165.0,-255.0,40.0,100.0,-20.0,-222.5,-282.5,0.0,0.0,0.0,0.0,0.0,-80.0,-50.0,-110.0,-105.0,-135.0
2023-10-18 00:00:00+00:00,-622.5,-412.5,-832.5,-347.5,-557.5,-190.0,-100.0,-280.0,10.0,-80.0,-280.0,-250.0,-310.0,-355.0,-385.0,-125.0,25.0,-275.0,-457.5,-577.5,-207.5,-87.5,-327.5,-415.0,-505.0,-190.0,-100.0,-280.0,-415.0,-505.0,-297.5,-237.5,-357.5,-167.5,-197.5,-280.0,-250.0,-310.0,-167.5,-197.5,-280.0,-250.0,-310.0,-167.5,-197.5,0.0,0.0,0.0,0.0,0.0,-567.5,-537.5,-597.5,-530.0,-560.0
2023-10-19 00:00:00+00:00,690.0,750.0,630.0,540.0,480.0,452.5,512.5,392.5,352.5,292.5,682.5,712.5,652.5,532.5,502.5,-85.0,-25.0,-145.0,-185.0,-245.0,-280.0,-250.0,-310.0,-280.0,-310.0,-280.0,-250.0,-310.0,-280.0,-310.0,-185.0,-125.0,-245.0,-185.0,-245.0,-242.5,-212.5,-272.5,-267.5,-297.5,-130.0,-100.0,-160.0,-142.5,-172.5,0.0,0.0,0.0,0.0,0.0,470.0,500.0,440.0,295.0,265.0
2023-10-20 00:00:00+00:00,-432.5,-312.5,-552.5,-432.5,-552.5,-407.5,-287.5,-527.5,-95.0,-215.0,-457.5,-337.5,-577.5,-432.5,-552.5,-20.0,100.0,-140.0,-207.5,-327.5,30.0,150.0,-90.0,-132.5,-252.5,-10.0,50.0,-70.0,77.5,17.5,-190.0,-100.0,-280.0,-402.5,-492.5,-85.0,-25.0,-145.0,-22.5,-82.5,-85.0,-25.0,-145.0,-22.5,-82.5,0.0,0.0,0.0,0.0,0.0,-305.0,-275.0,-335.0,-180.0,-210.0
2023-10-23 00:00:00+00:00,5.0,125.0,-115.0,580.0,460.0,427.5,487.5,367.5,490.0,430.0,202.5,262.5,142.5,177.5,117.5,-897.5,-837.5,-957.5,-760.0,-820.0,-897.5,-837.5,-957.5,-760.0,-820.0,-955.0,-925.0,-985.0,-780.0,-810.0,-867.5,-837.5,-897.5,-817.5,-847.5,-867.5,-837.5,-897.5,-817.5,-847.5,-680.0,-650.0,-710.0,-680.0,-710.0,0.0,0.0,0.0,0.0,0.0,-380.0,-350.0,-410.0,-255.0,-285.0
2023-10-24 00:00:00+00:00,82.5,262.5,-97.5,70.0,-110.0,215.0,275.0,155.0,227.5,167.5,315.0,375.0,255.0,227.5,167.5,45.0,75.0,15.0,107.5,77.5,45.0,75.0,15.0,107.5,77.5,45.0,75.0,15.0,107.5,77.5,2.5,62.5,-57.5,40.0,-20.0,45.0,75.0,15.0,107.5,77.5,32.5,62.5,2.5,107.5,77.5,0.0,0.0,0.0,0.0,0.0,407.5,437.5,377.5,395.0,365.0
2023-10-25 00:00:00+00:00,-145.0,-25.0,-265.0,-132.5,-252.5,-177.5,-87.5,-267.5,-2.5,-92.5,-197.5,12.5,-407.5,-47.5,-257.5,417.5,537.5,297.5,417.5,297.5,397.5,487.5,307.5,235.0,145.0,290.0,350.0,230.0,-10.0,-70.0,322.5,412.5,232.5,560.0,470.0,447.5,537.5,357.5,335.0,245.0,145.0,175.0,115.0,220.0,190.0,0.0,0.0,0.0,0.0,0.0,157.5,187.5,127.5,220.0,190.0
2023-10-26 00:00:00+00:00,-320.0,-200.0,-440.0,-470.0,-590.0,-477.5,-387.5,-567.5,-377.5,-467.5,-352.5,-262.5,-442.5,-490.0,-580.0,-115.0,-25.0,-205.0,135.0,45.0,-372.5,-312.5,-432.5,-185.0,-245.0,-372.5,-312.5,-432.5,-185.0,-245.0,97.5,187.5,7.5,335.0,245.0,-135.0,-75.0,-195.0,-85.0,-145.0,-180.0,-150.0,-210.0,-105.0,-135.0,0.0,0.0,0.0,0.0,0.0,-292.5,-262.5,-322.5,-292.5,-322.5
2023-10-27 00:00:00+00:00,-377.5,-287.5,-467.5,-352.5,-442.5,-385.0,-325.0,-445.0,-510.0,-570.0,-602.5,-512.5,-692.5,-540.0,-630.0,-740.0,-650.0,-830.0,-702.5,-792.5,-652.5,-562.5,-742.5,-715.0,-805.0,-27.5,62.5,-117.5,-127.5,-217.5,-722.5,-662.5,-782.5,-660.0,-720.0,-660.0,-600.0,-720.0,-685.0,-745.0,-585.0,-525.0,-645.0,-522.5,-582.5,0.0,0.0,0.0,0.0,0.0,-1030.0,-1000.0,-1060.0,-1067.5,-1097.5
2023-10-30 00:00:00+00:00,-12.5,137.5,-162.5,-137.5,-287.5,-367.5,-187.5,-547.5,-242.5,-422.5,-120.0,0.0,-240.0,-132.5,-252.5,-102.5,-12.5,-192.5,60.0,-30.0,-22.5,37.5,-82.5,77.5,17.5,65.0,125.0,5.0,15.0,-45.0,-17.5,12.5,-47.5,-30.0,-60.0,-17.5,12.5,-47.5,-30.0,-60.0,70.0,100.0,40.0,32.5,2.5,0.0,0.0,0.0,0.0,0.0,357.5,387.5,327.5,120.0,90.0
2023-10-31 00:00:00+00:00,-75.0,75.0,-225.0,-225.0,-375.0,-257.5,-137.5,-377.5,-207.5,-327.5,-145.0,-25.0,-265.0,47.5,-42.5,0.0,150.0,-150.0,-87.5,-237.5,222.5,312.5,132.5,235.0,145.0,0.0,0.0,0.0,0.0,0.0,210.0,300.0,120.0,-27.5,-117.5,57.5,87.5,27.5,-17.5,-47.5,0.0,0.0,0.0,0.0,0.0,0.0,0.0,0.0,0.0,0.0,95.0,125.0,65.0,282.5,252.5
2023-11-01 00:00:00+00:00,-245.0,-125.0,-365.0,-257.5,-377.5,-135.0,-75.0,-195.0,-222.5,-282.5,-155.0,-125.0,-185.0,-55.0,-85.0,92.5,212.5,-27.5,-232.5,-352.5,-85.0,-25.0,-145.0,-147.5,-207.5,2.5,62.5,-57.5,-55.0,-85.0,-127.5,-37.5,-217.5,52.5,-7.5,-77.5,12.5,-167.5,-60.0,-120.0,-247.5,-187.5,-307.5,-55.0,-85.0,0.0,0.0,0.0,0.0,0.0,-292.5,-262.5,-322.5,-392.5,-422.5
2023-11-02 00:00:00+00:00,-137.5,12.5,-287.5,-175.0,-325.0,22.5,112.5,-67.5,-40.0,-130.0,110.0,200.0,20.0,-27.5,-117.5,17.5,137.5,-102.5,-152.5,-242.5,47.5,137.5,-42.5,-152.5,-242.5,-42.5,-12.5,-72.5,-67.5,-97.5,7.5,37.5,-22.5,20.0,-10.0,7.5,37.5,-22.5,20.0,-10.0,7.5,37.5,-22.5,20.0,-10.0,0.0,0.0,0.0,0.0,0.0,195.0,225.0,165.0,145.0,115.0
2023-11-03 00:00:00+00:00,-75.0,75.0,-225.0,75.0,-75.0,2.5,62.5,-57.5,-47.5,-107.5,-130.0,-100.0,-160.0,-130.0,-160.0,-20.0,100.0,-140.0,-107.5,-227.5,-27.5,62.5,-117.5,-2.5,-92.5,-10.0,50.0,-70.0,90.0,30.0,-52.5,37.5,-142.5,-2.5,-92.5,-52.5,37.5,-142.5,-2.5,-92.5,-10.0,50.0,-70.0,90.0,30.0,0.0,0.0,0.0,0.0,0.0,170.0,200.0,140.0,220.0,190.0
2023-11-06 00:00:00+00:00,-225.0,-75.0,-375.0,0.0,-150.0,-262.5,-112.5,-412.5,25.0,-125.0,-237.5,-87.5,-387.5,-75.0,-225.0,42.5,162.5,-77.5,-145.0,-265.0,-122.5,-62.5,-182.5,-135.0,-195.0,7.5,37.5,-22.5,-17.5,-47.5,217.5,337.5,97.5,-45.0,-165.0,152.5,212.5,92.5,65.0,5.0,45.0,75.0,15.0,-30.0,-60.0,0.0,0.0,0.0,0.0,0.0,170.0,200.0,140.0,107.5,77.5
2023-11-07 00:00:00+00:00,-7.5,112.5,-127.5,-270.0,-390.0,22.5,112.5,-67.5,-177.5,-267.5,-322.5,-262.5,-382.5,-410.0,-470.0,-545.0,-425.0,-665.0,-470.0,-590.0,-515.0,-425.0,-605.0,-402.5,-492.5,-397.5,-337.5,-457.5,-360.0,-420.0,-485.0,-425.0,-545.0,-272.5,-332.5,-272.5,-212.5,-332.5,-172.5,-232.5,-235.0,-175.0,-295.0,-135.0,-195.0,0.0,0.0,0.0,0.0,0.0,-455.0,-425.0,-485.0,-380.0,-410.0
2023-11-08 00:00:00+00:00,-120.0,0.0,-240.0,30.0,-90.0,40.0,100.0,-20.0,102.5,42.5,-220.0,-100.0,-340.0,-95.0,-215.0,30.0,150.0,-90.0,-82.5,-202.5,30.0,150.0,-90.0,-82.5,-202.5,20.0,50.0,-10.0,70.0,40.0,102.5,162.5,42.5,240.0,180.0,102.5,162.5,42.5,240.0,180.0,152.5,212.5,92.5,152.5,92.5,0.0,0.0,0.0,0.0,0.0,207.5,237.5,177.5,245.0,215.0
2023-11-09 00:00:00+00:00,402.5,462.5,342.5,115.0,55.0,-40.0,50.0,-130.0,-77.5,-167.5,-10.0,50.0,-70.0,-22.5,-82.5,-302.5,-212.5,-392.5,-40.0,-130.0,-27.5,62.5,-117.5,-15.0,-105.0,-155.0,-125.0,-185.0,-205.0,-235.0,-60.0,0.0,-120.0,102.5,42.5,-10.0,50.0,-70.0,90.0,30.0,-42.5,-12.5,-72.5,0.0,0.0,0.0,0.0,0.0,0.0,0.0,70.0,100.0,40.0,132.5,102.5
2023-11-10 00:00:00+00:00,-400.0,-250.0,-550.0,-145.0,-265.0,-215.0,-125.0,-305.0,-390.0,-480.0,-332.5,-212.5,-452.5,-15.0,-105.0,-232.5,-112.5,-352.5,-320.0,-440.0,-240.0,-150.0,-330.0,-265.0,-355.0,40.0,100.0,-20.0,52.5,-7.5,-95.0,25.0,-215.0,-170.0,-290.0,-177.5,-87.5,-267.5,-177.5,-267.5,-260.0,-200.0,-320.0,-172.5,-232.5,0.0,0.0,0.0,0.0,0.0,-492.5,-462.5,-522.5,-405.0,-435.0
2023-11-13 00:00:00+00:00,55.0,175.0,-65.0,-195.0,-315.0,-27.5,62.5,-117.5,110.0,20.0,-232.5,-112.5,-352.5,-95.0,-215.0,-77.5,12.5,-167.5,185.0,95.0,2.5,62.5,-57.5,120.0,90.0,32.5,62.5,2.5,120.0,90.0,107.5,137.5,77.5,7.5,-22.5,107.5,137.5,77.5,7.5,-22.5,107.5,137.5,77.5,7.5,-22.5,0.0,0.0,0.0,0.0,0.0,170.0,200.0,140.0,145.0,115.0
2023-11-14 00:00:00+00:00,-157.5,-37.5,-277.5,-265.0,-355.0,-102.5,-12.5,-192.5,-265.0,-355.0,-172.5,-112.5,-232.5,-185.0,-245.0,-152.5,-62.5,-242.5,-140.0,-230.0,-127.5,-37.5,-217.5,-40.0,-130.0,-92.5,-62.5,-122.5,-67.5,-97.5,-122.5,-62.5,-182.5,-60.0,-120.0,-97.5,-37.5,-157.5,40.0,-20.0,27.5,87.5,-32.5,115.0,55.0,0.0,0.0,0.0,0.0,0.0,-217.5,-187.5,-247.5,-180.0,-210.0
2023-11-15 00:00:00+00:00,347.5,437.5,257.5,102.5,42.5,-110.0,-50.0,-170.0,-247.5,-307.5,-202.5,-112.5,-292.5,-40.0,-130.0,-322.5,-262.5,-382.5,-97.5,-157.5,-322.5,-262.5,-382.5,-97.5,-157.5,-297.5,-237.5,-357.5,-47.5,-107.5,52.5,112.5,-7.5,140.0,80.0,20.0,50.0,-10.0,-55.0,-85.0,20.0,50.0,-10.0,-55.0,-85.0,0.0,0.0,0.0,0.0,0.0,20.0,50.0,-10.0,82.5,52.5
2023-11-16 00:00:00+00:00,-200.0,-50.0,-350.0,-250.0,-400.0,-412.5,-262.5,-562.5,-475.0,-625.0,-207.5,-87.5,-327.5,-132.5,-252.5,-87.5,62.5,-237.5,-50.0,-200.0,-127.5,-37.5,-217.5,-52.5,-142.5,0.0,0.0,0.0,0.0,0.0,47.5,137.5,-42.5,110.0,20.0,140.0,200.0,80.0,115.0,55.0,82.5,112.5,52.5,45.0,15.0,0.0,0.0,0.0,0.0,0.0,-55.0,-25.0,-85.0,45.0,15.0
2023-11-17 00:00:00+00:00,-392.5,-212.5,-572.5,-267.5,-447.5,-320.0,-200.0,-440.0,-257.5,-377.5,-202.5,-112.5,-292.5,-240.0,-330.0,95.0,275.0,-85.0,25.0,-125.0,62.5,212.5,-87.5,5.0,-115.0,180.0,300.0,60.0,5.0,-115.0,115.0,175.0,55.0,102.5,42.5,115.0,175.0,55.0,102.5,42.5,52.5,112.5,-7.5,52.5,-7.5,0.0,0.0,0.0,0.0,0.0,-42.5,-12.5,-72.5,-42.5,-72.5
2023-11-20 00:00:00+00:00,135.0,225.0,45.0,-65.0,-155.0,-15.0,75.0,-105.0,172.5,82.5,-15.0,75.0,-105.0,97.5,7.5,-65.0,25.0,-155.0,47.5,-42.5,-90.0,0.0,-180.0,2.5,-57.5,-67.5,-37.5,-97.5,-30.0,-60.0,-10.0,50.0,-70.0,-80.0,-110.0,-10.0,50.0,-70.0,-80.0,-110.0,-30.0,0.0,-60.0,-80.0,-110.0,0.0,0.0,0.0,0.0,0.0,132.5,162.5,102.5,182.5,152.5
2023-11-21 00:00:00+00:00,-175.0,-25.0,-325.0,-195.0,-315.0,-197.5,-137.5,-257.5,-210.0,-270.0,-412.5,-262.5,-562.5,-175.0,-325.0,-102.5,-12.5,-192.5,-27.5,-117.5,-40.0,50.0,-130.0,-15.0,-105.0,45.0,75.0,15.0,57.5,27.5,22.5,112.5,-67.5,60.0,-30.0,47.5,137.5,-42.5,110.0,20.0,85.0,175.0,-5.0,147.5,57.5,0.0,0.0,0.0,0.0,0.0,-92.5,-62.5,-122.5,-167.5,-197.5
2023-11-22 00:00:00+00:00,-17.5,162.5,-197.5,-142.5,-322.5,27.5,87.5,-32.5,-22.5,-82.5,290.0,350.0,230.0,165.0,105.0,135.0,225.0,45.0,85.0,-5.0,115.0,175.0,55.0,90.0,30.0,0.0,0.0,0.0,0.0,0.0,95.0,125.0,65.0,120.0,90.0,95.0,125.0,65.0,120.0,90.0,0.0,0.0,0.0,0.0,0.0,0.0,0.0,0.0,0.0,0.0,370.0,400.0,340.0,295.0,265.0
2023-11-23 00:00:00+00:00,-225.0,-75.0,-375.0,-137.5,-287.5,-190.0,-100.0,-280.0,-152.5,-242.5,-220.0,-100.0,-340.0,-45.0,-165.0,-207.5,-87.5,-327.5,-145.0,-265.0,-170.0,-50.0,-290.0,-70.0,-190.0,-27.5,62.5,-117.5,-65.0,-155.0,-127.5,-37.5,-217.5,-15.0,-105.0,-97.5,-37.5,-157.5,15.0,-45.0,7.5,37.5,-22.5,-5.0,-35.0,0.0,0.0,0.0,0.0,0.0,-167.5,-137.5,-197.5,-67.5,-97.5
2023-11-24 00:00:00+00:00,22.5,112.5,-67.5,-65.0,-155.0,-172.5,-112.5,-232.5,-72.5,-132.5,-102.5,-12.5,-192.5,-240.0,-330.0,30.0,150.0,-90.0,42.5,-77.5,30.0,150.0,-90.0,42.5,-77.5,40.0,100.0,-20.0,-10.0,-70.0,-2.5,87.5,-92.5,60.0,-30.0,60.0,150.0,-30.0,35.0,-55.0,77.5,137.5,17.5,15.0,-45.0,0.0,0.0,0.0,0.0,0.0,45.0,75.0,15.0,32.5,2.5
2023-11-27 00:00:00+00:00,152.5,212.5,92.5,-10.0,-70.0,95.0,125.0,65.0,32.5,2.5,-152.5,-62.5,-242.5,-115.0,-205.0,-352.5,-262.5,-442.5,-240.0,-330.0,-227.5,-137.5,-317.5,-215.0,-305.0,-190.0,-100.0,-280.0,-240.0,-330.0,32.5,62.5,2.5,82.5,52.5,32.5,62.5,2.5,82.5,52.5,32.5,62.5,2.5,82.5,52.5,0.0,0.0,0.0,0.0,0.0,7.5,37.5,-22.5,45.0,15.0
2023-11-28 00:00:00+00:00,-187.5,-37.5,-337.5,-337.5,-487.5,-187.5,-37.5,-337.5,-287.5,-437.5,-100.0,50.0,-250.0,67.5,-52.5,142.5,262.5,22.5,167.5,47.5,-30.0,0.0,-60.0,7.5,-22.5,-5.0,25.0,-35.0,-67.5,-97.5,35.0,125.0,-55.0,-52.5,-142.5,-10.0,50.0,-70.0,-72.5,-132.5,-5.0,25.0,-35.0,-67.5,-97.5,0.0,0.0,0.0,0.0,0.0,95.0,125.0,65.0,32.5,2.5
2023-11-29 00:00:00+00:00,-37.5,112.5,-187.5,-145.0,-265.0,55.0,175.0,-65.0,-20.0,-140.0,135.0,225.0,45.0,202.5,142.5,80.0,200.0,-40.0,17.5,-102.5,-35.0,25.0,-95.0,-22.5,-82.5,-17.5,12.5,-47.5,-5.0,-35.0,-10.0,50.0,-70.0,-10.0,-70.0,-35.0,25.0,-95.0,-22.5,-82.5,-17.5,12.5,-47.5,-5.0,-35.0,0.0,0.0,0.0,0.0,0.0,207.5,237.5,177.5,345.0,315.0
2023-11-30 00:00:00+00:00,155.0,275.0,35.0,92.5,-27.5,-40.0,50.0,-130.0,-102.5,-192.5,-65.0,25.0,-155.0,-27.5,-117.5,-40.0,50.0,-130.0,-40.0,-130.0,-15.0,75.0,-105.0,-77.5,-167.5,20.0,50.0,-10.0,0.0,0.0,172.5,262.5,82.5,85.0,-5.0,20.0,50.0,-10.0,0.0,0.0,20.0,50.0,-10.0,0.0,0.0,0.0,0.0,0.0,0.0,0.0,270.0,300.0,240.0,207.5,177.5
2023-12-01 00:00:00+00:00,-325.0,-175.0,-475.0,-170.0,-290.0,-185.0,-125.0,-245.0,-80.0,-110.0,-30.0,0.0,-60.0,-80.0,-110.0,-267.5,-237.5,-297.5,-180.0,-210.0,-267.5,-237.5,-297.5,-180.0,-210.0,-267.5,-237.5,-297.5,-180.0,-210.0,-230.0,-200.0,-260.0,-192.5,-222.5,-230.0,-200.0,-260.0,-192.5,-222.5,-155.0,-125.0,-185.0,-167.5,-197.5,0.0,0.0,0.0,0.0,0.0,-330.0,-300.0,-360.0,-317.5,-347.5
2023-12-04 00:00:00+00:00,-517.5,-337.5,-697.5,-287.5,-437.5,-220.0,-100.0,-340.0,-357.5,-477.5,-557.5,-437.5,-677.5,-207.5,-327.5,-127.5,-37.5,-217.5,-2.5,-92.5,-210.0,-150.0,-270.0,2.5,-57.5,65.0,125.0,5.0,190.0,130.0,222.5,312.5,132.5,247.5,157.5,222.5,312.5,132.5,247.5,157.5,152.5,212.5,92.5,90.0,30.0,0.0,0.0,0.0,0.0,0.0,-342.5,-312.5,-372.5,-242.5,-272.5
2023-12-05 00:00:00+00:00,-257.5,-137.5,-377.5,-570.0,-690.0,-607.5,-487.5,-727.5,-407.5,-527.5,-390.0,-300.0,-480.0,-227.5,-317.5,-27.5,62.5,-117.5,210.0,120.0,172.5,262.5,82.5,197.5,107.5,-17.5,12.5,-47.5,95.0,65.0,52.5,112.5,-7.5,115.0,55.0,152.5,212.5,92.5,165.0,105.0,152.5,212.5,92.5,165.0,105.0,0.0,0.0,0.0,0.0,0.0,-467.5,-437.5,-497.5,-430.0,-460.0
2023-12-06 00:00:00+00:00,-405.0,-225.0,-585.0,-217.5,-397.5,-252.5,-162.5,-342.5,-240.0,-330.0,-110.0,-50.0,-170.0,-235.0,-295.0,-177.5,-87.5,-267.5,-115.0,-205.0,-197.5,-137.5,-257.5,-122.5,-182.5,2.5,62.5,-57.5,52.5,-7.5,-152.5,-62.5,-242.5,-115.0,-205.0,-85.0,-25.0,-145.0,-22.5,-82.5,65.0,125.0,5.0,77.5,17.5,0.0,0.0,0.0,0.0,0.0,-117.5,-87.5,-147.5,-80.0,-110.0
2023-12-07 00:00:00+00:00,-220.0,-100.0,-340.0,-120.0,-240.0,-152.5,-62.5,-242.5,-52.5,-142.5,-97.5,-37.5,-157.5,-85.0,-145.0,225.0,375.0,75.0,42.5,-77.5,180.0,300.0,60.0,67.5,-52.5,-30.0,0.0,-60.0,32.5,2.5,165.0,225.0,105.0,127.5,67.5,165.0,225.0,105.0,127.5,67.5,165.0,225.0,105.0,127.5,67.5,0.0,0.0,0.0,0.0,0.0,245.0,275.0,215.0,145.0,115.0
2023-12-08 00:00:00+00:00,110.0,200.0,20.0,72.5,-17.5,10.0,100.0,-80.0,122.5,32.5,102.5,162.5,42.5,40.0,-20.0,-260.0,-200.0,-320.0,-385.0,-445.0,-260.0,-200.0,-320.0,-385.0,-445.0,-330.0,-300.0,-360.0,-367.5,-397.5,-247.5,-187.5,-307.5,-347.5,-407.5,-222.5,-162.5,-282.5,-297.5,-357.5,-292.5,-262.5,-322.5,-280.0,-310.0,0.0,0.0,0.0,0.0,0.0,-80.0,-50.0,-110.0,-155.0,-185.0
2023-12-11 00:00:00+00:00,-77.5,12.5,-167.5,-315.0,-405.0,-67.5,-37.5,-97.5,-117.5,-147.5,-105.0,-75.0,-135.0,-55.0,-85.0,-145.0,-25.0,-265.0,80.0,-40.0,-177.5,-87.5,-267.5,-52.5,-142.5,40.0,100.0,-20.0,127.5,67.5,-65.0,25.0,-155.0,-2.5,-92.5,-110.0,-50.0,-170.0,-122.5,-182.5,-122.5,-62.5,-182.5,-160.0,-220.0,0.0,0.0,0.0,0.0,0.0,-67.5,-37.5,-97.5,-17.5,-47.5
2023-12-12 00:00:00+00:00,-157.5,-37.5,-277.5,-120.0,-240.0,-382.5,-262.5,-502.5,-270.0,-390.0,-182.5,-62.5,-302.5,-95.0,-215.0,-7.5,112.5,-127.5,-282.5,-402.5,-27.5,62.5,-117.5,-252.5,-342.5,-110.0,-50.0,-170.0,-122.5,-182.5,-82.5,37.5,-202.5,-252.5,-342.5,60.0,150.0,-30.0,-265.0,-355.0,45.0,75.0,15.0,-17.5,-47.5,0.0,0.0,0.0,0.0,0.0,-67.5,-37.5,-97.5,-167.5,-197.5
2023-12-13 00:00:00+00:00,-402.5,-162.5,-642.5,-227.5,-467.5,-305.0,-125.0,-485.0,-242.5,-422.5,-275.0,-125.0,-425.0,-212.5,-362.5,12.5,162.5,-137.5,-12.5,-162.5,37.5,187.5,-112.5,-12.5,-162.5,45.0,75.0,15.0,-42.5,-72.5,100.0,250.0,-50.0,-87.5,-237.5,180.0,300.0,60.0,-7.5,-127.5,147.5,237.5,57.5,-65.0,-155.0,0.0,0.0,0.0,0.0,0.0,-80.0,-50.0,-110.0,-5.0,-35.0
2023-12-14 00:00:00+00:00,-15.0,75.0,-105.0,47.5,-42.5,-102.5,-12.5,-192.5,90.0,30.0,-147.5,-87.5,-207.5,-35.0,-95.0,-20.0,100.0,-140.0,-120.0,-240.0,-72.5,-12.5,-132.5,-85.0,-145.0,-205.0,-175.0,-235.0,-55.0,-85.0,-35.0,25.0,-95.0,-10.0,-70.0,-230.0,-200.0,-260.0,-55.0,-85.0,-42.5,-12.5,-72.5,-92.5,-122.5,0.0,0.0,0.0,0.0,0.0,-117.5,-87.5,-147.5,70.0,40.0
2023-12-18 00:00:00+00:00,-237.5,-87.5,-387.5,-337.5,-487.5,-345.0,-225.0,-465.0,-382.5,-502.5,-40.0,50.0,-130.0,-177.5,-267.5,-102.5,-12.5,-192.5,10.0,-80.0,-65.0,25.0,-155.0,35.0,-55.0,32.5,62.5,2.5,70.0,40.0,102.5,162.5,42.5,115.0,55.0,140.0,200.0,80.0,140.0,80.0,70.0,100.0,40.0,70.0,40.0,0.0,0.0,0.0,0.0,0.0,-217.5,-187.5,-247.5,-142.5,-172.5
2023-12-19 00:00:00+00:00,-212.5,-62.5,-362.5,-232.5,-352.5,-245.0,-125.0,-365.0,-202.5,-292.5,-95.0,25.0,-215.0,-27.5,-117.5,0.0,150.0,-150.0,0.0,-150.0,0.0,150.0,-150.0,37.5,-112.5,-77.5,12.5,-167.5,-127.5,-217.5,35.0,125.0,-55.0,-27.5,-117.5,35.0,125.0,-55.0,-27.5,-117.5,77.5,137.5,17.5,65.0,5.0,0.0,0.0,0.0,0.0,0.0,32.5,62.5,2.5,82.5,52.5
2023-12-20 00:00:00+00:00,-382.5,-262.5,-502.5,-170.0,-290.0,-97.5,-37.5,-157.5,-172.5,-232.5,-247.5,-187.5,-307.5,-210.0,-270.0,-200.0,-50.0,-350.0,-200.0,-350.0,-32.5,87.5,-152.5,-20.0,-140.0,15.0,75.0,-45.0,2.5,-57.5,-107.5,12.5,-227.5,-70.0,-190.0,60.0,150.0,-30.0,10.0,-80.0,-5.0,25.0,-35.0,20.0,-10.0,0.0,0.0,0.0,0.0,0.0,-317.5,-287.5,-347.5,-180.0,-210.0
2023-12-21 00:00:00+00:00,-127.5,-37.5,-217.5,-52.5,-142.5,-147.5,-87.5,-207.5,-197.5,-257.5,-285.0,-225.0,-345.0,-185.0,-245.0,-277.5,-187.5,-367.5,-290.0,-380.0,-242.5,-212.5,-272.5,-255.0,-285.0,-242.5,-212.5,-272.5,-255.0,-285.0,-130.0,-100.0,-160.0,-80.0,-110.0,-92.5,-62.5,-122.5,20.0,-10.0,-5.0,25.0,-35.0,-17.5,-47.5,0.0,0.0,0.0,0.0,0.0,-217.5,-187.5,-247.5,-167.5,-197.5
2023-12-22 00:00:00+00:00,-15.0,75.0,-105.0,-127.5,-217.5,-32.5,87.5,-152.5,-70.0,-190.0,77.5,137.5,17.5,15.0,-45.0,155.0,275.0,35.0,110.0,20.0,197.5,287.5,107.5,110.0,20.0,0.0,0.0,0.0,0.0,0.0,210.0,300.0,120.0,147.5,57.5,115.0,175.0,55.0,90.0,30.0,0.0,0.0,0.0,0.0,0.0,0.0,0.0,0.0,0.0,0.0,270.0,300.0,240.0,307.5,277.5
2023-12-28 00:00:00+00:00,-212.5,-62.5,-362.5,-287.5,-437.5,-240.0,-150.0,-330.0,-315.0,-405.0,-265.0,-175.0,-355.0,-152.5,-242.5,-120.0,0.0,-240.0,35.0,-55.0,-70.0,50.0,-190.0,22.5,-67.5,-27.5,62.5,-117.5,22.5,-67.5,35.0,125.0,-55.0,90.0,30.0,35.0,125.0,-55.0,90.0,30.0,140.0,200.0,80.0,140.0,80.0,0.0,0.0,0.0,0.0,0.0,-117.5,-87.5,-147.5,-92.5,-122.5
2023-12-29 00:00:00+00:00,-72.5,-12.5,-132.5,-72.5,-132.5,-140.0,-50.0,-230.0,-115.0,-205.0,-132.5,-12.5,-252.5,-82.5,-202.5,-190.0,-100.0,-280.0,-240.0,-330.0,-155.0,-125.0,-185.0,-142.5,-172.5,-155.0,-125.0,-185.0,-142.5,-172.5,-217.5,-187.5,-247.5,-230.0,-260.0,-155.0,-125.0,-185.0,-142.5,-172.5,-130.0,-100.0,-160.0,-67.5,-97.5,0.0,0.0,0.0,0.0,0.0,-180.0,-150.0,-210.0,-167.5,-197.5
2024-01-02 00:00:00+00:00,-185.0,-125.0,-245.0,-197.5,-257.5,-372.5,-312.5,-432.5,-347.5,-407.5,-222.5,-162.5,-282.5,-185.0,-245.0,-1610.0,-1550.0,-1670.0,-1560.0,-1620.0,-1547.5,-1487.5,-1607.5,-1522.5,-1582.5,-1547.5,-1487.5,-1607.5,-1522.5,-1582.5,-1547.5,-1487.5,-1607.5,-1522.5,-1582.5,-1460.0,-1400.0,-1520.0,-1447.5,-1507.5,-1360.0,-1300.0,-1420.0,-1360.0,-1420.0,0.0,0.0,0.0,0.0,0.0,-1830.0,-1800.0,-1860.0,-1780.0,-1810.0
2024-01-03 00:00:00+00:00,-362.5,-212.5,-512.5,-200.0,-350.0,-252.5,-162.5,-342.5,-177.5,-267.5,-210.0,-150.0,-270.0,-72.5,-132.5,-345.0,-225.0,-465.0,-282.5,-402.5,-415.0,-325.0,-505.0,-365.0,-455.0,-310.0,-250.0,-370.0,-285.0,-345.0,-397.5,-337.5,-457.5,-410.0,-470.0,-385.0,-325.0,-445.0,-335.0,-395.0,-285.0,-225.0,-345.0,-167.5,-197.5,0.0,0.0,0.0,0.0,0.0,-480.0,-450.0,-510.0,-467.5,-497.5
2024-01-04 00:00:00+00:00,-412.5,-262.5,-562.5,-475.0,-625.0,-750.0,-600.0,-900.0,-812.5,-962.5,-207.5,-87.5,-327.5,-295.0,-415.0,242.5,362.5,122.5,405.0,285.0,242.5,362.5,122.5,405.0,285.0,355.0,475.0,235.0,317.5,197.5,260.0,350.0,170.0,435.0,345.0,372.5,462.5,282.5,347.5,257.5,240.0,300.0,180.0,252.5,192.5,0.0,0.0,0.0,0.0,0.0,-130.0,-100.0,-160.0,-117.5,-147.5
2024-01-05 00:00:00+00:00,-307.5,-187.5,-427.5,-407.5,-527.5,-420.0,-300.0,-540.0,-557.5,-677.5,-272.5,-212.5,-332.5,-222.5,-282.5,-245.0,-125.0,-365.0,80.0,-40.0,-195.0,-75.0,-315.0,185.0,95.0,210.0,300.0,120.0,222.5,132.5,-315.0,-225.0,-405.0,77.5,17.5,-47.5,12.5,-107.5,152.5,92.5,-47.5,12.5,-107.5,152.5,92.5,0.0,0.0,0.0,0.0,0.0,-480.0,-450.0,-510.0,-317.5,-347.5
2024-01-08 00:00:00+00:00,47.5,137.5,-42.5,22.5,-67.5,-122.5,-62.5,-182.5,-35.0,-95.0,-222.5,-162.5,-282.5,-185.0,-245.0,-122.5,-62.5,-182.5,-97.5,-157.5,-122.5,-62.5,-182.5,-97.5,-157.5,77.5,137.5,17.5,-10.0,-70.0,-47.5,12.5,-107.5,-97.5,-157.5,15.0,75.0,-45.0,15.0,-45.0,15.0,75.0,-45.0,15.0,-45.0,0.0,0.0,0.0,0.0,0.0,170.0,200.0,140.0,145.0,115.0
2024-01-09 00:00:00+00:00,-270.0,-150.0,-390.0,-557.5,-677.5,-290.0,-200.0,-380.0,-290.0,-380.0,-235.0,-175.0,-295.0,-185.0,-245.0,-215.0,-125.0,-305.0,-152.5,-242.5,-215.0,-125.0,-305.0,-152.5,-242.5,-215.0,-125.0,-305.0,-152.5,-242.5,-335.0,-275.0,-395.0,-310.0,-370.0,-335.0,-275.0,-395.0,-310.0,-370.0,-272.5,-212.5,-332.5,-322.5,-382.5,0.0,0.0,0.0,0.0,0.0,-442.5,-412.5,-472.5,-530.0,-560.0
2024-01-10 00:00:00+00:00,55.0,175.0,-65.0,92.5,-27.5,240.0,300.0,180.0,277.5,217.5,220.0,250.0,190.0,120.0,90.0,-490.0,-400.0,-580.0,-540.0,-630.0,-427.5,-337.5,-517.5,-552.5,-642.5,-155.0,-125.0,-185.0,-180.0,-210.0,-397.5,-337.5,-457.5,-522.5,-582.5,-397.5,-337.5,-457.5,-522.5,-582.5,-397.5,-337.5,-457.5,-522.5,-582.5,0.0,0.0,0.0,0.0,0.0,-167.5,-137.5,-197.5,-292.5,-322.5
2024-01-11 00:00:00+00:00,-177.5,-87.5,-267.5,-265.0,-355.0,-190.0,-100.0,-280.0,-290.0,-380.0,-360.0,-300.0,-420.0,-247.5,-307.5,-502.5,-412.5,-592.5,-415.0,-505.0,-515.0,-425.0,-605.0,-440.0,-530.0,-385.0,-325.0,-445.0,-185.0,-245.0,-405.0,-375.0,-435.0,-317.5,-347.5,-255.0,-225.0,-285.0,-280.0,-310.0,-255.0,-225.0,-285.0,-280.0,-310.0,0.0,0.0,0.0,0.0,0.0,-605.0,-575.0,-635.0,-467.5,-497.5
2024-01-12 00:00:00+00:00,-270.0,-150.0,-390.0,-382.5,-502.5,-607.5,-487.5,-727.5,-457.5,-577.5,-270.0,-150.0,-390.0,-432.5,-552.5,-832.5,-712.5,-952.5,-1095.0,-1215.0,-745.0,-625.0,-865.0,-845.0,-965.0,140.0,200.0,80.0,-185.0,-245.0,-827.5,-737.5,-917.5,-1065.0,-1155.0,-1072.5,-1012.5,-1132.5,-835.0,-895.0,-885.0,-825.0,-945.0,-697.5,-757.5,0.0,0.0,0.0,0.0,0.0,-1205.0,-1175.0,-1235.0,-1242.5,-1272.5
2024-01-15 00:00:00+00:00,-207.5,-87.5,-327.5,-420.0,-540.0,-407.5,-287.5,-527.5,-370.0,-490.0,-437.5,-287.5,-587.5,-700.0,-850.0,162.5,312.5,12.5,87.5,-62.5,242.5,362.5,122.5,92.5,-27.5,147.5,237.5,57.5,110.0,20.0,230.0,350.0,110.0,180.0,60.0,285.0,375.0,195.0,272.5,182.5,327.5,387.5,267.5,327.5,267.5,0.0,0.0,0.0,0.0,0.0,-5.0,25.0,-35.0,-17.5,-47.5
2024-01-16 00:00:00+00:00,-392.5,-212.5,-572.5,-117.5,-297.5,-242.5,-62.5,-422.5,-92.5,-272.5,-57.5,62.5,-177.5,-32.5,-152.5,142.5,262.5,22.5,55.0,-65.0,65.0,125.0,5.0,177.5,117.5,157.5,187.5,127.5,-42.5,-72.5,217.5,337.5,97.5,-145.0,-265.0,247.5,337.5,157.5,-165.0,-255.0,-17.5,12.5,-47.5,20.0,-10.0,0.0,0.0,0.0,0.0,0.0,95.0,125.0,65.0,207.5,177.5
2024-01-17 00:00:00+00:00,35.0,125.0,-55.0,-40.0,-130.0,-60.0,0.0,-120.0,102.5,42.5,-130.0,-100.0,-160.0,-142.5,-172.5,5.0,125.0,-115.0,42.5,-77.5,5.0,125.0,-115.0,42.5,-77.5,2.5,62.5,-57.5,65.0,5.0,-10.0,50.0,-70.0,177.5,117.5,-10.0,50.0,-70.0,177.5,117.5,2.5,62.5,-57.5,290.0,230.0,0.0,0.0,0.0,0.0,0.0,245.0,275.0,215.0,307.5,277.5
2024-01-18 00:00:00+00:00,475.0,625.0,325.0,625.0,475.0,417.5,537.5,297.5,442.5,322.5,317.5,437.5,197.5,192.5,72.5,-92.5,-62.5,-122.5,-67.5,-97.5,-67.5,-37.5,-97.5,-5.0,-35.0,-67.5,-37.5,-97.5,-5.0,-35.0,-35.0,25.0,-95.0,-10.0,-70.0,15.0,75.0,-45.0,-72.5,-132.5,-17.5,12.5,-47.5,-67.5,-97.5,0.0,0.0,0.0,0.0,0.0,695.0,725.0,665.0,595.0,565.0
2024-01-19 00:00:00+00:00,197.5,287.5,107.5,110.0,20.0,35.0,125.0,-55.0,-115.0,-205.0,402.5,462.5,342.5,227.5,167.5,77.5,137.5,17.5,190.0,130.0,227.5,287.5,167.5,290.0,230.0,157.5,187.5,127.5,245.0,215.0,170.0,200.0,140.0,170.0,140.0,0.0,0.0,0.0,0.0,0.0,0.0,0.0,0.0,0.0,0.0,0.0,0.0,0.0,0.0,0.0,457.5,487.5,427.5,345.0,315.0
2024-01-22 00:00:00+00:00,-267.5,-87.5,-447.5,-130.0,-310.0,-335.0,-125.0,-545.0,-160.0,-370.0,-267.5,-87.5,-447.5,-17.5,-197.5,85.0,175.0,-5.0,60.0,-30.0,57.5,87.5,27.5,-5.0,-35.0,0.0,0.0,0.0,0.0,0.0,57.5,87.5,27.5,-5.0,-35.0,57.5,87.5,27.5,-5.0,-35.0,0.0,0.0,0.0,0.0,0.0,0.0,0.0,0.0,0.0,0.0,82.5,112.5,52.5,107.5,77.5
2024-01-23 00:00:00+00:00,-175.0,-25.0,-325.0,-125.0,-275.0,-207.5,-87.5,-327.5,-257.5,-377.5,-285.0,-225.0,-345.0,-360.0,-420.0,-77.5,12.5,-167.5,-47.5,-107.5,-17.5,12.5,-47.5,45.0,15.0,-17.5,12.5,-47.5,45.0,15.0,-35.0,25.0,-95.0,77.5,17.5,-30.0,0.0,-60.0,7.5,-22.5,57.5,87.5,27.5,7.5,-22.5,0.0,0.0,0.0,0.0,0.0,45.0,75.0,15.0,107.5,77.5
2024-01-24 00:00:00+00:00,-157.5,-37.5,-277.5,-82.5,-202.5,85.0,175.0,-5.0,-77.5,-167.5,-290.0,-200.0,-380.0,-140.0,-230.0,-20.0,100.0,-140.0,-107.5,-227.5,-47.5,12.5,-107.5,-10.0,-70.0,7.5,37.5,-22.5,57.5,27.5,45.0,75.0,15.0,82.5,52.5,45.0,75.0,15.0,82.5,52.5,45.0,75.0,15.0,82.5,52.5,0.0,0.0,0.0,0.0,0.0,57.5,87.5,27.5,82.5,52.5
2024-01-25 00:00:00+00:00,-217.5,-37.5,-397.5,-392.5,-572.5,-400.0,-250.0,-550.0,-537.5,-687.5,-82.5,37.5,-202.5,-182.5,-302.5,-157.5,-37.5,-277.5,-7.5,-127.5,-160.0,-100.0,-220.0,-10.0,-70.0,-72.5,-12.5,-132.5,15.0,-45.0,127.5,187.5,67.5,140.0,80.0,-5.0,25.0,-35.0,57.5,27.5,0.0,0.0,0.0,0.0,0.0,0.0,0.0,0.0,0.0,0.0,-5.0,25.0,-35.0,7.5,-22.5
2024-01-26 00:00:00+00:00,-230.0,-50.0,-410.0,187.5,37.5,80.0,200.0,-40.0,435.0,345.0,352.5,412.5,292.5,670.0,640.0,272.5,362.5,182.5,22.5,-67.5,272.5,362.5,182.5,22.5,-67.5,0.0,0.0,0.0,0.0,0.0,57.5,87.5,27.5,145.0,115.0,57.5,87.5,27.5,145.0,115.0,132.5,162.5,102.5,145.0,115.0,0.0,0.0,0.0,0.0,0.0,507.5,537.5,477.5,645.0,615.0
2024-01-29 00:00:00+00:00,-137.5,12.5,-287.5,-162.5,-312.5,-145.0,-25.0,-265.0,-15.0,-105.0,-135.0,-75.0,-195.0,-97.5,-157.5,-197.5,-137.5,-257.5,-47.5,-107.5,-197.5,-137.5,-257.5,-47.5,-107.5,-180.0,-150.0,-210.0,-67.5,-97.5,-42.5,-12.5,-72.5,-5.0,-35.0,-42.5,-12.5,-72.5,-5.0,-35.0,-42.5,-12.5,-72.5,-5.0,-35.0,0.0,0.0,0.0,0.0,0.0,-42.5,-12.5,-72.5,-42.5,-72.5
2024-01-30 00:00:00+00:00,-107.5,12.5,-227.5,-257.5,-377.5,-40.0,50.0,-130.0,-102.5,-192.5,-385.0,-325.0,-445.0,-335.0,-395.0,-147.5,-87.5,-207.5,-185.0,-245.0,-135.0,-75.0,-195.0,-160.0,-220.0,-47.5,12.5,-107.5,-35.0,-95.0,-22.5,37.5,-82.5,27.5,-32.5,15.0,75.0,-45.0,65.0,5.0,52.5,112.5,-7.5,127.5,67.5,0.0,0.0,0.0,0.0,0.0,-192.5,-162.5,-222.5,-205.0,-235.0
2024-01-31 00:00:00+00:00,-82.5,37.5,-202.5,-220.0,-340.0,-252.5,-162.5,-342.5,-115.0,-205.0,-170.0,-50.0,-290.0,-57.5,-177.5,-465.0,-375.0,-555.0,-265.0,-355.0,-465.0,-375.0,-555.0,-265.0,-355.0,-222.5,-162.5,-282.5,77.5,17.5,-485.0,-425.0,-545.0,-410.0,-470.0,-410.0,-350.0,-470.0,-347.5,-407.5,-372.5,-312.5,-432.5,-285.0,-345.0,0.0,0.0,0.0,0.0,0.0,-405.0,-375.0,-435.0,-367.5,-397.5
2024-02-01 00:00:00+00:00,42.5,162.5,-77.5,-145.0,-265.0,47.5,137.5,-42.5,-2.5,-92.5,-70.0,50.0,-190.0,-7.5,-127.5,197.5,287.5,107.5,222.5,132.5,147.5,237.5,57.5,110.0,20.0,160.0,250.0,70.0,72.5,-17.5,102.5,162.5,42.5,140.0,80.0,2.5,62.5,-57.5,-10.0,-70.0,2.5,62.5,-57.5,-10.0,-70.0,0.0,0.0,0.0,0.0,0.0,82.5,112.5,52.5,170.0,140.0
2024-02-02 00:00:00+00:00,-112.5,37.5,-262.5,12.5,-137.5,-177.5,-87.5,-267.5,-127.5,-217.5,-302.5,-212.5,-392.5,-277.5,-367.5,-165.0,-75.0,-255.0,-177.5,-267.5,-97.5,-37.5,-157.5,-35.0,-95.0,-55.0,-25.0,-85.0,-42.5,-72.5,2.5,62.5,-57.5,52.5,-7.5,40.0,100.0,-20.0,127.5,67.5,52.5,112.5,-7.5,40.0,-20.0,0.0,0.0,0.0,0.0,0.0,-42.5,-12.5,-72.5,-67.5,-97.5
2024-02-05 00:00:00+00:00,-175.0,-25.0,-325.0,25.0,-125.0,-22.5,37.5,-82.5,27.5,-32.5,-60.0,0.0,-120.0,-10.0,-70.0,-202.5,-112.5,-292.5,-240.0,-330.0,-90.0,0.0,-180.0,-227.5,-317.5,72.5,162.5,-17.5,-77.5,-167.5,-167.5,-137.5,-197.5,-192.5,-222.5,-167.5,-137.5,-197.5,-192.5,-222.5,-155.0,-125.0,-185.0,-230.0,-260.0,0.0,0.0,0.0,0.0,0.0,-105.0,-75.0,-135.0,-92.5,-122.5
2024-02-06 00:00:00+00:00,-97.5,-37.5,-157.5,-147.5,-207.5,-227.5,-137.5,-317.5,-215.0,-305.0,-92.5,-62.5,-122.5,-105.0,-135.0,-390.0,-300.0,-480.0,-415.0,-505.0,-390.0,-300.0,-480.0,-415.0,-505.0,-242.5,-212.5,-272.5,-130.0,-160.0,-102.5,-12.5,-192.5,-165.0,-255.0,-147.5,-87.5,-207.5,-172.5,-232.5,-72.5,-12.5,-132.5,-135.0,-195.0,0.0,0.0,0.0,0.0,0.0,-455.0,-425.0,-485.0,-480.0,-510.0
2024-02-07 00:00:00+00:00,-260.0,-50.0,-470.0,-117.5,-297.5,-110.0,100.0,-320.0,-147.5,-357.5,-165.0,-75.0,-255.0,-90.0,-180.0,-165.0,-75.0,-255.0,-202.5,-292.5,-180.0,-150.0,-210.0,-167.5,-197.5,-167.5,-137.5,-197.5,-167.5,-197.5,-80.0,-50.0,-110.0,-80.0,-110.0,45.0,75.0,15.0,70.0,40.0,45.0,75.0,15.0,70.0,40.0,0.0,0.0,0.0,0.0,0.0,-17.5,12.5,-47.5,-80.0,-110.0
2024-02-08 00:00:00+00:00,-145.0,-25.0,-265.0,-182.5,-302.5,-157.5,-37.5,-277.5,-195.0,-315.0,-257.5,-137.5,-377.5,-145.0,-265.0,-345.0,-225.0,-465.0,-220.0,-340.0,-295.0,-175.0,-415.0,-245.0,-365.0,-40.0,50.0,-130.0,-47.5,-107.5,-307.5,-187.5,-427.5,-307.5,-427.5,-297.5,-237.5,-357.5,-297.5,-357.5,-242.5,-212.5,-272.5,-192.5,-222.5,0.0,0.0,0.0,0.0,0.0,-305.0,-275.0,-335.0,-305.0,-335.0
2024-02-09 00:00:00+00:00,-62.5,87.5,-212.5,-287.5,-437.5,77.5,137.5,17.5,27.5,-32.5,-252.5,-162.5,-342.5,-190.0,-280.0,-77.5,12.5,-167.5,60.0,-30.0,-77.5,12.5,-167.5,60.0,-30.0,40.0,100.0,-20.0,40.0,-20.0,-10.0,50.0,-70.0,152.5,92.5,102.5,162.5,42.5,102.5,42.5,102.5,162.5,42.5,102.5,42.5,0.0,0.0,0.0,0.0,0.0,57.5,87.5,27.5,32.5,2.5
2024-02-12 00:00:00+00:00,-290.0,-50.0,-530.0,-190.0,-430.0,-340.0,-100.0,-580.0,-90.0,-330.0,-267.5,-87.5,-447.5,-205.0,-385.0,-25.0,125.0,-175.0,-150.0,-300.0,17.5,137.5,-102.5,-107.5,-227.5,-5.0,25.0,-35.0,45.0,15.0,80.0,200.0,-40.0,-95.0,-215.0,40.0,100.0,-20.0,40.0,-20.0,45.0,75.0,15.0,-5.0,-35.0,0.0,0.0,0.0,0.0,0.0,120.0,150.0,90.0,107.5,77.5
2024-02-13 00:00:00+00:00,-400.0,-250.0,-550.0,-387.5,-537.5,-445.0,-325.0,-565.0,-257.5,-377.5,-285.0,-225.0,-345.0,-235.0,-295.0,75.0,225.0,-75.0,192.5,72.5,167.5,287.5,47.5,267.5,147.5,70.0,100.0,40.0,82.5,52.5,-27.5,62.5,-117.5,-2.5,-92.5,47.5,137.5,-42.5,97.5,7.5,160.0,250.0,70.0,85.0,-5.0,0.0,0.0,0.0,0.0,0.0,-205.0,-175.0,-235.0,-217.5,-247.5
2024-02-14 00:00:00+00:00,-37.5,112.5,-187.5,92.5,-27.5,27.5,87.5,-32.5,-10.0,-70.0,370.0,400.0,340.0,270.0,240.0,-27.5,62.5,-117.5,-152.5,-242.5,-27.5,62.5,-117.5,-152.5,-242.5,0.0,0.0,0.0,0.0,0.0,102.5,162.5,42.5,102.5,42.5,127.5,187.5,67.5,90.0,30.0,70.0,100.0,40.0,82.5,52.5,0.0,0.0,0.0,0.0,0.0,382.5,412.5,352.5,282.5,252.5
2024-02-15 00:00:00+00:00,-207.5,-87.5,-327.5,-432.5,-552.5,-332.5,-212.5,-452.5,-407.5,-527.5,-402.5,-312.5,-492.5,-360.0,-420.0,-57.5,62.5,-177.5,30.0,-90.0,10.0,100.0,-80.0,135.0,45.0,35.0,125.0,-55.0,135.0,45.0,77.5,137.5,17.5,115.0,55.0,77.5,137.5,17.5,115.0,55.0,102.5,162.5,42.5,115.0,55.0,0.0,0.0,0.0,0.0,0.0,-230.0,-200.0,-260.0,-230.0,-260.0
2024-02-16 00:00:00+00:00,-120.0,0.0,-240.0,-270.0,-390.0,-190.0,-100.0,-280.0,-115.0,-205.0,157.5,187.5,127.5,157.5,127.5,137.5,287.5,-12.5,230.0,110.0,185.0,275.0,95.0,347.5,257.5,127.5,187.5,67.5,177.5,117.5,110.0,200.0,20.0,122.5,32.5,27.5,87.5,-32.5,-5.0,-35.0,0.0,0.0,0.0,0.0,0.0,0.0,0.0,0.0,0.0,0.0,145.0,175.0,115.0,157.5,127.5
2024-02-20 00:00:00+00:00,-395.0,-275.0,-515.0,-532.5,-652.5,-372.5,-312.5,-432.5,-510.0,-570.0,-342.5,-312.5,-372.5,-180.0,-210.0,-190.0,-100.0,-280.0,22.5,-67.5,10.0,100.0,-80.0,122.5,32.5,47.5,137.5,-42.5,210.0,120.0,-110.0,-50.0,-170.0,-10.0,-70.0,-110.0,-50.0,-170.0,-10.0,-70.0,-47.5,12.5,-107.5,-47.5,-107.5,0.0,0.0,0.0,0.0,0.0,-280.0,-250.0,-310.0,-342.5,-372.5
2024-02-21 00:00:00+00:00,-107.5,12.5,-227.5,-382.5,-502.5,-257.5,-137.5,-377.5,-120.0,-240.0,-240.0,-150.0,-330.0,-177.5,-267.5,87.5,237.5,-62.5,37.5,-112.5,212.5,362.5,62.5,25.0,-125.0,2.5,62.5,-57.5,-110.0,-170.0,85.0,175.0,-5.0,-15.0,-105.0,15.0,75.0,-45.0,-22.5,-82.5,-55.0,-25.0,-85.0,7.5,-22.5,0.0,0.0,0.0,0.0,0.0,95.0,125.0,65.0,82.5,52.5
2024-02-22 00:00:00+00:00,275.0,425.0,125.0,-137.5,-287.5,435.0,525.0,345.0,335.0,245.0,490.0,550.0,430.0,365.0,305.0,-45.0,75.0,-165.0,380.0,260.0,85.0,175.0,-5.0,347.5,257.5,-167.5,-137.5,-197.5,-55.0,-85.0,90.0,150.0,30.0,-22.5,-82.5,45.0,75.0,15.0,82.5,52.5,107.5,137.5,77.5,195.0,165.0,0.0,0.0,0.0,0.0,0.0,532.5,562.5,502.5,470.0,440.0
2024-02-23 00:00:00+00:00,-275.0,-125.0,-425.0,-200.0,-350.0,115.0,175.0,55.0,90.0,30.0,132.5,162.5,102.5,145.0,115.0,30.0,150.0,-90.0,55.0,-65.0,40.0,100.0,-20.0,-35.0,-95.0,70.0,100.0,40.0,82.5,52.5,-77.5,12.5,-167.5,-27.5,-117.5,-72.5,-12.5,-132.5,-35.0,-95.0,40.0,100.0,-20.0,-60.0,-120.0,0.0,0.0,0.0,0.0,0.0,145.0,175.0,115.0,170.0,140.0
2024-02-26 00:00:00+00:00,-20.0,100.0,-140.0,67.5,-52.5,-45.0,75.0,-165.0,92.5,-27.5,157.5,187.5,127.5,145.0,115.0,52.5,112.5,-7.5,152.5,92.5,102.5,162.5,42.5,152.5,92.5,0.0,0.0,0.0,0.0,0.0,2.5,62.5,-57.5,-72.5,-132.5,20.0,50.0,-10.0,95.0,65.0,20.0,50.0,-10.0,95.0,65.0,0.0,0.0,0.0,0.0,0.0,270.0,300.0,240.0,232.5,202.5
2024-02-27 00:00:00+00:00,-292.5,-112.5,-472.5,-317.5,-497.5,-245.0,-125.0,-365.0,-182.5,-302.5,-72.5,-12.5,-132.5,-110.0,-170.0,275.0,425.0,125.0,-100.0,-250.0,312.5,462.5,162.5,-237.5,-387.5,127.5,187.5,67.5,-110.0,-170.0,222.5,312.5,132.5,-40.0,-130.0,260.0,350.0,170.0,10.0,-80.0,260.0,350.0,170.0,-40.0,-130.0,0.0,0.0,0.0,0.0,0.0,232.5,262.5,202.5,-17.5,-47.5
2024-02-28 00:00:00+00:00,155.0,275.0,35.0,230.0,110.0,252.5,312.5,192.5,302.5,242.5,120.0,150.0,90.0,45.0,15.0,-610.0,-550.0,-670.0,-547.5,-607.5,-610.0,-550.0,-670.0,-547.5,-607.5,-260.0,-200.0,-320.0,-122.5,-182.5,-530.0,-500.0,-560.0,-455.0,-485.0,-530.0,-500.0,-560.0,-455.0,-485.0,-180.0,-150.0,-210.0,-30.0,-60.0,0.0,0.0,0.0,0.0,0.0,-192.5,-162.5,-222.5,-230.0,-260.0
2024-02-29 00:00:00+00:00,-262.5,-112.5,-412.5,-375.0,-525.0,-542.5,-362.5,-722.5,-280.0,-460.0,-290.0,-200.0,-380.0,-227.5,-317.5,147.5,237.5,57.5,197.5,107.5,97.5,187.5,7.5,185.0,95.0,210.0,300.0,120.0,110.0,20.0,152.5,212.5,92.5,265.0,205.0,102.5,162.5,42.5,252.5,192.5,215.0,275.0,155.0,177.5,117.5,0.0,0.0,0.0,0.0,0.0,45.0,75.0,15.0,282.5,252.5
2024-03-01 00:00:00+00:00,-82.5,37.5,-202.5,-32.5,-152.5,277.5,337.5,217.5,115.0,55.0,-390.0,-300.0,-480.0,-277.5,-367.5,-772.5,-712.5,-832.5,-772.5,-832.5,-842.5,-812.5,-872.5,-817.5,-847.5,-692.5,-662.5,-722.5,-617.5,-647.5,-472.5,-412.5,-532.5,-535.0,-595.0,-472.5,-412.5,-532.5,-535.0,-595.0,-492.5,-462.5,-522.5,-605.0,-635.0,0.0,0.0,0.0,0.0,0.0,-467.5,-437.5,-497.5,-467.5,-497.5
2024-03-04 00:00:00+00:00,-112.5,37.5,-262.5,-232.5,-352.5,-147.5,-87.5,-207.5,-210.0,-270.0,-80.0,-50.0,-110.0,-142.5,-172.5,-260.0,-200.0,-320.0,-260.0,-320.0,-222.5,-162.5,-282.5,-210.0,-270.0,-185.0,-125.0,-245.0,-72.5,-132.5,-147.5,-87.5,-207.5,15.0,-45.0,-97.5,-37.5,-157.5,15.0,-45.0,27.5,87.5,-32.5,-10.0,-70.0,0.0,0.0,0.0,0.0,0.0,-255.0,-225.0,-285.0,-280.0,-310.0
2024-03-05 00:00:00+00:00,92.5,212.5,-27.5,35.0,-55.0,-65.0,25.0,-155.0,-190.0,-280.0,-55.0,-25.0,-85.0,-5.0,-35.0,27.5,87.5,-32.5,2.5,-57.5,27.5,87.5,-32.5,2.5,-57.5,-30.0,0.0,-60.0,-5.0,-35.0,52.5,112.5,-7.5,102.5,42.5,52.5,112.5,-7.5,102.5,42.5,127.5,187.5,67.5,127.5,67.5,0.0,0.0,0.0,0.0,0.0,70.0,100.0,40.0,-5.0,-35.0
2024-03-06 00:00:00+00:00,-287.5,-137.5,-437.5,-237.5,-387.5,-77.5,12.5,-167.5,-190.0,-280.0,-115.0,-25.0,-205.0,-152.5,-242.5,102.5,162.5,42.5,115.0,55.0,102.5,162.5,42.5,115.0,55.0,102.5,162.5,42.5,115.0,55.0,120.0,150.0,90.0,7.5,-22.5,120.0,150.0,90.0,7.5,-22.5,120.0,150.0,90.0,7.5,-22.5,0.0,0.0,0.0,0.0,0.0,82.5,112.5,52.5,-92.5,-122.5
2024-03-07 00:00:00+00:00,1145.0,1175.0,1115.0,870.0,840.0,1057.5,1087.5,1027.5,882.5,852.5,1207.5,1237.5,1177.5,970.0,940.0,120.0,150.0,90.0,107.5,77.5,120.0,150.0,90.0,107.5,77.5,120.0,150.0,90.0,107.5,77.5,120.0,150.0,90.0,107.5,77.5,0.0,0.0,0.0,0.0,0.0,0.0,0.0,0.0,0.0,0.0,0.0,0.0,0.0,0.0,0.0,1207.5,1237.5,1177.5,970.0,940.0
2024-03-08 00:00:00+00:00,-182.5,-62.5,-302.5,-207.5,-327.5,-270.0,-150.0,-390.0,-357.5,-477.5,-177.5,-87.5,-267.5,-377.5,-467.5,-32.5,87.5,-152.5,-282.5,-402.5,-110.0,-50.0,-170.0,-72.5,-132.5,-55.0,-25.0,-85.0,-17.5,-47.5,-140.0,-50.0,-230.0,-215.0,-305.0,-92.5,-62.5,-122.5,-92.5,-122.5,-80.0,-50.0,-110.0,-17.5,-47.5,0.0,0.0,0.0,0.0,0.0,-455.0,-425.0,-485.0,-517.5,-547.5
2024-03-11 00:00:00+00:00,-115.0,-25.0,-205.0,-352.5,-442.5,-295.0,-175.0,-415.0,-907.5,-1027.5,-675.0,-525.0,-825.0,-337.5,-487.5,-427.5,-337.5,-517.5,-315.0,-405.0,-215.0,-125.0,-305.0,-65.0,-155.0,202.5,262.5,142.5,427.5,367.5,407.5,437.5,377.5,332.5,302.5,407.5,437.5,377.5,332.5,302.5,407.5,437.5,377.5,332.5,302.5,0.0,0.0,0.0,0.0,0.0,-342.5,-312.5,-372.5,-430.0,-460.0
2024-03-12 00:00:00+00:00,5.0,125.0,-115.0,-240.0,-330.0,-20.0,100.0,-140.0,-420.0,-540.0,-420.0,-300.0,-540.0,-207.5,-327.5,-27.5,62.5,-117.5,85.0,-5.0,160.0,250.0,70.0,135.0,45.0,102.5,162.5,42.5,65.0,5.0,147.5,237.5,57.5,147.5,57.5,310.0,400.0,220.0,72.5,-17.5,252.5,312.5,192.5,2.5,-57.5,0.0,0.0,0.0,0.0,0.0,-67.5,-37.5,-97.5,-55.0,-85.0
2024-03-13 00:00:00+00:00,-227.5,12.5,-467.5,-172.5,-382.5,-102.5,137.5,-342.5,-97.5,-307.5,-20.0,100.0,-140.0,17.5,-102.5,30.0,150.0,-90.0,55.0,-65.0,-15.0,75.0,-105.0,47.5,-42.5,-42.5,-12.5,-72.5,20.0,-10.0,-7.5,112.5,-127.5,55.0,-65.0,20.0,50.0,-10.0,82.5,52.5,0.0,0.0,0.0,0.0,0.0,0.0,0.0,0.0,0.0,0.0,232.5,262.5,202.5,257.5,227.5
2024-03-14 00:00:00+00:00,-310.0,-100.0,-520.0,-222.5,-432.5,-427.5,-187.5,-667.5,-127.5,-367.5,-267.5,-87.5,-447.5,-280.0,-460.0,-32.5,87.5,-152.5,-82.5,-202.5,-2.5,87.5,-92.5,-27.5,-117.5,-17.5,12.5,-47.5,70.0,40.0,-20.0,100.0,-140.0,-145.0,-265.0,-17.5,12.5,-47.5,70.0,40.0,20.0,50.0,-10.0,82.5,52.5,0.0,0.0,0.0,0.0,0.0,-92.5,-62.5,-122.5,-67.5,-97.5
2024-03-18 00:00:00+00:00,557.5,737.5,377.5,532.5,352.5,680.0,800.0,560.0,667.5,547.5,815.0,875.0,755.0,765.0,705.0,185.0,275.0,95.0,-65.0,-155.0,165.0,225.0,105.0,-35.0,-95.0,165.0,225.0,105.0,-35.0,-95.0,90.0,150.0,30.0,-122.5,-182.5,0.0,0.0,0.0,0.0,0.0,0.0,0.0,0.0,0.0,0.0,0.0,0.0,0.0,0.0,0.0,882.5,912.5,852.5,757.5,727.5
2024-03-19 00:00:00+00:00,-222.5,-162.5,-282.5,-222.5,-282.5,-422.5,-362.5,-482.5,-410.0,-470.0,-572.5,-512.5,-632.5,-572.5,-632.5,-797.5,-737.5,-857.5,-847.5,-907.5,-797.5,-737.5,-857.5,-847.5,-907.5,-797.5,-737.5,-857.5,-847.5,-907.5,-697.5,-637.5,-757.5,-760.0,-820.0,-697.5,-637.5,-757.5,-760.0,-820.0,-397.5,-337.5,-457.5,-485.0,-545.0,0.0,0.0,0.0,0.0,0.0,-1067.5,-1037.5,-1097.5,-1142.5,-1172.5
2024-03-20 00:00:00+00:00,-225.0,-75.0,-375.0,37.5,-112.5,75.0,225.0,-75.0,162.5,12.5,272.5,362.5,182.5,385.0,295.0,210.0,300.0,120.0,160.0,70.0,185.0,275.0,95.0,47.5,-42.5,45.0,75.0,15.0,7.5,-22.5,140.0,200.0,80.0,40.0,-20.0,70.0,100.0,40.0,95.0,65.0,0.0,0.0,0.0,0.0,0.0,0.0,0.0,0.0,0.0,0.0,445.0,475.0,415.0,507.5,477.5
2024-03-21 00:00:00+00:00,-95.0,25.0,-215.0,-82.5,-202.5,-127.5,-37.5,-217.5,-115.0,-205.0,-7.5,112.5,-127.5,30.0,-90.0,-107.5,12.5,-227.5,-82.5,-202.5,92.5,212.5,-27.5,42.5,-77.5,35.0,125.0,-55.0,-15.0,-105.0,47.5,137.5,-42.5,47.5,-42.5,-22.5,37.5,-82.5,52.5,-7.5,177.5,237.5,117.5,177.5,117.5,0.0,0.0,0.0,0.0,0.0,-5.0,25.0,-35.0,70.0,40.0
2024-03-22 00:00:00+00:00,-462.5,-312.5,-612.5,-600.0,-750.0,-220.0,-100.0,-340.0,-357.5,-477.5,-395.0,-275.0,-515.0,-507.5,-627.5,-432.5,-312.5,-552.5,147.5,57.5,-540.0,-450.0,-630.0,52.5,-7.5,-530.0,-500.0,-560.0,0.0,0.0,-677.5,-587.5,-767.5,-490.0,-580.0,-510.0,-450.0,-570.0,82.5,52.5,-530.0,-500.0,-560.0,0.0,0.0,0.0,0.0,0.0,0.0,0.0,-680.0,-650.0,-710.0,-655.0,-685.0
2024-03-25 00:00:00+00:00,-97.5,-37.5,-157.5,-110.0,-170.0,-67.5,-37.5,-97.5,20.0,-10.0,-130.0,-100.0,-160.0,-80.0,-110.0,-822.5,-762.5,-882.5,-672.5,-732.5,-722.5,-662.5,-782.5,-622.5,-682.5,-660.0,-600.0,-720.0,-572.5,-632.5,-842.5,-812.5,-872.5,-667.5,-697.5,-742.5,-712.5,-772.5,-617.5,-647.5,-742.5,-712.5,-772.5,-617.5,-647.5,0.0,0.0,0.0,0.0,0.0,-842.5,-812.5,-872.5,-667.5,-697.5
2024-03-26 00:00:00+00:00,67.5,187.5,-52.5,-145.0,-265.0,17.5,137.5,-102.5,42.5,-77.5,170.0,200.0,140.0,207.5,177.5,-65.0,25.0,-155.0,-140.0,-230.0,-22.5,37.5,-82.5,-135.0,-195.0,-22.5,37.5,-82.5,-135.0,-195.0,-67.5,-37.5,-97.5,-55.0,-85.0,-67.5,-37.5,-97.5,-55.0,-85.0,-67.5,-37.5,-97.5,-55.0,-85.0,0.0,0.0,0.0,0.0,0.0,132.5,162.5,102.5,182.5,152.5
2024-03-27 00:00:00+00:00,-362.5,-212.5,-512.5,-262.5,-412.5,-202.5,-112.5,-292.5,-102.5,-192.5,-152.5,-62.5,-242.5,-277.5,-367.5,317.5,437.5,197.5,217.5,97.5,317.5,437.5,197.5,230.0,110.0,170.0,200.0,140.0,132.5,102.5,52.5,112.5,-7.5,140.0,80.0,82.5,112.5,52.5,120.0,90.0,107.5,137.5,77.5,-30.0,-60.0,0.0,0.0,0.0,0.0,0.0,232.5,262.5,202.5,32.5,2.5
2024-03-28 00:00:00+00:00,-220.0,-100.0,-340.0,-7.5,-127.5,-215.0,-125.0,-305.0,140.0,80.0,-260.0,-200.0,-320.0,-322.5,-382.5,-37.5,112.5,-187.5,-250.0,-400.0,60.0,150.0,-30.0,-65.0,-155.0,15.0,75.0,-45.0,-60.0,-120.0,155.0,275.0,35.0,-32.5,-152.5,57.5,87.5,27.5,82.5,52.5,57.5,87.5,27.5,82.5,52.5,0.0,0.0,0.0,0.0,0.0,-67.5,-37.5,-97.5,-17.5,-47.5
2024-04-01 00:00:00+00:00,-245.0,-125.0,-365.0,-157.5,-277.5,-47.5,12.5,-107.5,-85.0,-145.0,-272.5,-212.5,-332.5,-197.5,-257.5,-265.0,-175.0,-355.0,-415.0,-505.0,-265.0,-175.0,-355.0,-415.0,-505.0,-265.0,-175.0,-355.0,-415.0,-505.0,-197.5,-137.5,-257.5,-222.5,-282.5,-197.5,-137.5,-257.5,-222.5,-282.5,-185.0,-125.0,-245.0,-197.5,-257.5,0.0,0.0,0.0,0.0,0.0,-317.5,-287.5,-347.5,-305.0,-335.0
2024-04-02 00:00:00+00:00,-162.5,-12.5,-312.5,-575.0,-725.0,-657.5,-537.5,-777.5,-270.0,-390.0,-272.5,-212.5,-332.5,-85.0,-145.0,-162.5,-12.5,-312.5,-337.5,-487.5,-207.5,-87.5,-327.5,-395.0,-515.0,10.0,100.0,-80.0,-60.0,-120.0,-597.5,-537.5,-657.5,-585.0,-645.0,-597.5,-537.5,-657.5,-585.0,-645.0,-655.0,-625.0,-685.0,-655.0,-685.0,0.0,0.0,0.0,0.0,0.0,-742.5,-712.5,-772.5,-767.5,-797.5
2024-04-03 00:00:00+00:00,-75.0,75.0,-225.0,-187.5,-337.5,-32.5,87.5,-152.5,-7.5,-127.5,77.5,137.5,17.5,152.5,92.5,-120.0,0.0,-240.0,-7.5,-127.5,-27.5,62.5,-117.5,-27.5,-117.5,90.0,150.0,30.0,115.0,55.0,-167.5,-137.5,-197.5,-205.0,-235.0,-167.5,-137.5,-197.5,-205.0,-235.0,20.0,50.0,-10.0,7.5,-22.5,0.0,0.0,0.0,0.0,0.0,32.5,62.5,2.5,232.5,202.5
2024-04-04 00:00:00+00:00,-82.5,37.5,-202.5,-182.5,-302.5,-140.0,-50.0,-230.0,-77.5,-167.5,-350.0,-200.0,-500.0,-475.0,-625.0,-80.0,100.0,-260.0,57.5,-122.5,50.0,200.0,-100.0,130.0,10.0,22.5,112.5,-67.5,65.0,5.0,147.5,237.5,57.5,235.0,145.0,185.0,275.0,95.0,172.5,82.5,140.0,200.0,80.0,65.0,5.0,0.0,0.0,0.0,0.0,0.0,32.5,62.5,2.5,95.0,65.0
2024-04-05 00:00:00+00:00,-175.0,-25.0,-325.0,-212.5,-362.5,-32.5,87.5,-152.5,17.5,-102.5,-87.5,62.5,-237.5,-87.5,-237.5,125.0,275.0,-25.0,-25.0,-175.0,20.0,50.0,-10.0,-5.0,-35.0,82.5,112.5,52.5,32.5,2.5,72.5,162.5,-17.5,47.5,-42.5,52.5,112.5,-7.5,27.5,-32.5,0.0,0.0,0.0,0.0,0.0,0.0,0.0,0.0,0.0,0.0,232.5,262.5,202.5,220.0,190.0
2024-04-08 00:00:00+00:00,30.0,150.0,-90.0,117.5,-2.5,212.5,362.5,62.5,-187.5,-337.5,-470.0,-350.0,-590.0,-57.5,-177.5,192.5,312.5,72.5,-45.0,-165.0,235.0,325.0,145.0,-77.5,-167.5,107.5,137.5,77.5,120.0,90.0,152.5,212.5,92.5,177.5,117.5,57.5,87.5,27.5,170.0,140.0,107.5,137.5,77.5,120.0,90.0,0.0,0.0,0.0,0.0,0.0,482.5,512.5,452.5,320.0,290.0
2024-04-09 00:00:00+00:00,62.5,212.5,-87.5,-287.5,-437.5,197.5,287.5,107.5,235.0,145.0,-177.5,-87.5,-267.5,-147.5,-207.5,-40.0,50.0,-130.0,72.5,-17.5,-55.0,-25.0,-85.0,45.0,15.0,-55.0,-25.0,-85.0,45.0,15.0,82.5,112.5,52.5,345.0,315.0,82.5,112.5,52.5,345.0,315.0,82.5,112.5,52.5,345.0,315.0,0.0,0.0,0.0,0.0,0.0,157.5,187.5,127.5,170.0,140.0
2024-04-10 00:00:00+00:00,-387.5,-237.5,-537.5,75.0,-75.0,-20.0,100.0,-140.0,42.5,-77.5,-215.0,-125.0,-305.0,-27.5,-117.5,-210.0,-150.0,-270.0,-272.5,-332.5,-205.0,-175.0,-235.0,-280.0,-310.0,-42.5,-12.5,-72.5,-80.0,-110.0,-255.0,-225.0,-285.0,-167.5,-197.5,-130.0,-100.0,-160.0,-30.0,-60.0,-80.0,-50.0,-110.0,-42.5,-72.5,0.0,0.0,0.0,0.0,0.0,-142.5,-112.5,-172.5,45.0,15.0
2024-04-11 00:00:00+00:00,-562.5,-412.5,-712.5,-237.5,-387.5,-612.5,-462.5,-762.5,-375.0,-525.0,-290.0,-200.0,-380.0,-222.5,-282.5,312.5,462.5,162.5,-212.5,-362.5,305.0,425.0,185.0,-220.0,-340.0,147.5,237.5,57.5,-165.0,-255.0,-245.0,-125.0,-365.0,-557.5,-677.5,-95.0,25.0,-215.0,-270.0,-390.0,-152.5,-62.5,-242.5,-252.5,-342.5,0.0,0.0,0.0,0.0,0.0,-567.5,-537.5,-597.5,-642.5,-672.5
2024-04-12 00:00:00+00:00,292.5,412.5,172.5,-52.5,-142.5,412.5,562.5,262.5,-195.0,-315.0,0.0,0.0,0.0,0.0,0.0,-670.0,-550.0,-790.0,-595.0,-715.0,-720.0,-600.0,-840.0,-720.0,-840.0,-2.5,87.5,-92.5,-2.5,-92.5,-785.0,-725.0,-845.0,-810.0,-870.0,-672.5,-612.5,-732.5,-710.0,-770.0,15.0,75.0,-45.0,-47.5,-107.5,0.0,0.0,0.0,0.0,0.0,-367.5,-337.5,-397.5,-642.5,-672.5
2024-04-15 00:00:00+00:00,-225.0,-75.0,-375.0,-525.0,-675.0,-32.5,87.5,-152.5,-245.0,-365.0,-300.0,-150.0,-450.0,37.5,-112.5,187.5,337.5,37.5,225.0,75.0,105.0,225.0,-15.0,142.5,22.5,77.5,137.5,17.5,90.0,30.0,220.0,400.0,40.0,220.0,40.0,85.0,175.0,-5.0,22.5,-67.5,85.0,175.0,-5.0,22.5,-67.5,0.0,0.0,0.0,0.0,0.0,57.5,87.5,27.5,-117.5,-147.5
2024-04-16 00:00:00+00:00,232.5,412.5,52.5,720.0,540.0,742.5,862.5,622.5,717.5,597.5,877.5,937.5,817.5,890.0,830.0,102.5,162.5,42.5,290.0,230.0,102.5,162.5,42.5,290.0,230.0,290.0,350.0,230.0,77.5,17.5,-105.0,-75.0,-135.0,207.5,177.5,82.5,112.5,52.5,-5.0,-35.0,82.5,112.5,52.5,-5.0,-35.0,0.0,0.0,0.0,0.0,0.0,932.5,962.5,902.5,870.0,840.0
2024-04-17 00:00:00+00:00,102.5,162.5,42.5,227.5,167.5,117.5,237.5,-2.5,-7.5,-127.5,177.5,237.5,117.5,2.5,-57.5,-40.0,50.0,-130.0,-315.0,-405.0,-40.0,50.0,-130.0,-315.0,-405.0,165.0,225.0,105.0,-10.0,-70.0,-147.5,-87.5,-207.5,-72.5,-132.5,52.5,112.5,-7.5,2.5,-57.5,252.5,312.5,192.5,90.0,30.0,0.0,0.0,0.0,0.0,0.0,307.5,337.5,277.5,95.0,65.0
2024-04-18 00:00:00+00:00,-375.0,-225.0,-525.0,-662.5,-812.5,-202.5,-112.5,-292.5,-565.0,-655.0,20.0,50.0,-10.0,132.5,102.5,50.0,200.0,-100.0,62.5,-87.5,167.5,287.5,47.5,355.0,235.0,102.5,162.5,42.5,90.0,30.0,167.5,287.5,47.5,130.0,10.0,-142.5,-112.5,-172.5,145.0,115.0,-142.5,-112.5,-172.5,145.0,115.0,0.0,0.0,0.0,0.0,0.0,107.5,137.5,77.5,45.0,15.0
2024-04-19 00:00:00+00:00,-205.0,-25.0,-385.0,-17.5,-197.5,35.0,125.0,-55.0,310.0,220.0,-207.5,-87.5,-327.5,-157.5,-277.5,405.0,525.0,285.0,17.5,-102.5,140.0,200.0,80.0,-147.5,-207.5,140.0,200.0,80.0,-147.5,-207.5,335.0,425.0,245.0,185.0,95.0,232.5,262.5,202.5,195.0,165.0,307.5,337.5,277.5,57.5,27.5,0.0,0.0,0.0,0.0,0.0,607.5,637.5,577.5,620.0,590.0
2024-04-22 00:00:00+00:00,80.0,200.0,-40.0,80.0,-40.0,502.5,562.5,442.5,340.0,280.0,395.0,425.0,365.0,132.5,102.5,27.5,87.5,-32.5,15.0,-45.0,-5.0,25.0,-35.0,82.5,52.5,-5.0,25.0,-35.0,82.5,52.5,70.0,100.0,40.0,-17.5,-47.5,120.0,150.0,90.0,32.5,2.5,182.5,212.5,152.5,7.5,-22.5,0.0,0.0,0.0,0.0,0.0,595.0,625.0,565.0,320.0,290.0
2024-04-23 00:00:00+00:00,167.5,287.5,47.5,330.0,210.0,235.0,325.0,145.0,435.0,345.0,5.0,125.0,-115.0,-20.0,-140.0,-290.0,-200.0,-380.0,-327.5,-417.5,-347.5,-287.5,-407.5,-235.0,-295.0,0.0,0.0,0.0,0.0,0.0,127.5,187.5,67.5,65.0,5.0,20.0,50.0,-10.0,182.5,152.5,132.5,162.5,102.5,232.5,202.5,0.0,0.0,0.0,0.0,0.0,182.5,212.5,152.5,145.0,115.0
2024-04-24 00:00:00+00:00,-70.0,50.0,-190.0,317.5,197.5,-47.5,12.5,-107.5,65.0,5.0,-47.5,12.5,-107.5,57.5,27.5,-77.5,12.5,-167.5,-252.5,-342.5,-77.5,12.5,-167.5,-252.5,-342.5,-60.0,0.0,-120.0,-85.0,-145.0,-35.0,25.0,-95.0,-172.5,-232.5,-35.0,25.0,-95.0,-172.5,-232.5,-167.5,-137.5,-197.5,-205.0,-235.0,0.0,0.0,0.0,0.0,0.0,120.0,150.0,90.0,170.0,140.0
2024-04-25 00:00:00+00:00,-295.0,-175.0,-415.0,-682.5,-802.5,-125.0,25.0,-275.0,-375.0,-525.0,-190.0,-100.0,-280.0,-190.0,-280.0,-175.0,-25.0,-325.0,-87.5,-237.5,-32.5,87.5,-152.5,-107.5,-227.5,-60.0,0.0,-120.0,-35.0,-95.0,-292.5,-112.5,-472.5,-62.5,-212.5,-227.5,-137.5,-317.5,-115.0,-205.0,-35.0,25.0,-95.0,-122.5,-182.5,0.0,0.0,0.0,0.0,0.0,-155.0,-125.0,-185.0,-217.5,-247.5
2024-04-26 00:00:00+00:00,-182.5,-62.5,-302.5,-182.5,-302.5,-475.0,-325.0,-625.0,-250.0,-400.0,-310.0,-250.0,-370.0,-185.0,-245.0,-32.5,87.5,-152.5,42.5,-77.5,142.5,262.5,22.5,117.5,-2.5,57.5,87.5,27.5,82.5,52.5,215.0,275.0,155.0,265.0,205.0,7.5,37.5,-22.5,70.0,40.0,7.5,37.5,-22.5,70.0,40.0,0.0,0.0,0.0,0.0,0.0,45.0,75.0,15.0,207.5,177.5
2024-04-29 00:00:00+00:00,-162.5,-12.5,-312.5,-345.0,-465.0,-90.0,0.0,-180.0,-110.0,-170.0,52.5,112.5,-7.5,82.5,52.5,35.0,125.0,-55.0,197.5,107.5,35.0,125.0,-55.0,197.5,107.5,-5.0,25.0,-35.0,32.5,2.5,22.5,112.5,-67.5,210.0,120.0,-22.5,37.5,-82.5,52.5,-7.5,-22.5,37.5,-82.5,52.5,-7.5,0.0,0.0,0.0,0.0,0.0,170.0,200.0,140.0,195.0,165.0
2024-04-30 00:00:00+00:00,-197.5,12.5,-407.5,65.0,-145.0,-27.5,62.5,-117.5,35.0,-55.0,-202.5,-112.5,-292.5,-40.0,-130.0,130.0,250.0,10.0,-2.5,-92.5,22.5,112.5,-67.5,-147.5,-207.5,-5.0,25.0,-35.0,-17.5,-47.5,72.5,162.5,-17.5,-65.0,-155.0,107.5,137.5,77.5,45.0,15.0,107.5,137.5,77.5,45.0,15.0,0.0,0.0,0.0,0.0,0.0,270.0,300.0,240.0,157.5,127.5
2024-05-01 00:00:00+00:00,-145.0,-25.0,-265.0,-395.0,-515.0,-27.5,62.5,-117.5,-190.0,-280.0,-190.0,-100.0,-280.0,-502.5,-592.5,-322.5,-262.5,-382.5,-10.0,-70.0,-322.5,-262.5,-382.5,-10.0,-70.0,27.5,87.5,-32.5,-60.0,-120.0,-405.0,-375.0,-435.0,-55.0,-85.0,-405.0,-375.0,-435.0,-55.0,-85.0,-405.0,-375.0,-435.0,-55.0,-85.0,0.0,0.0,0.0,0.0,0.0,-405.0,-375.0,-435.0,-392.5,-422.5
2024-05-02 00:00:00+00:00,-237.5,-87.5,-387.5,337.5,187.5,-52.5,37.5,-142.5,97.5,7.5,70.0,100.0,40.0,20.0,-10.0,-52.5,37.5,-142.5,27.5,-32.5,115.0,175.0,55.0,-10.0,-70.0,20.0,50.0,-10.0,-17.5,-47.5,240.0,300.0,180.0,65.0,5.0,145.0,175.0,115.0,57.5,27.5,145.0,175.0,115.0,57.5,27.5,0.0,0.0,0.0,0.0,0.0,232.5,262.5,202.5,182.5,152.5
2024-05-03 00:00:00+00:00,210.0,300.0,120.0,22.5,-67.5,110.0,200.0,20.0,85.0,-5.0,-190.0,-100.0,-280.0,-202.5,-292.5,-185.0,-125.0,-245.0,-72.5,-132.5,-97.5,-37.5,-157.5,-10.0,-70.0,-35.0,25.0,-95.0,40.0,-20.0,40.0,100.0,-20.0,127.5,67.5,77.5,137.5,17.5,115.0,55.0,77.5,137.5,17.5,227.5,167.5,0.0,0.0,0.0,0.0,0.0,20.0,50.0,-10.0,-80.0,-110.0
2024-05-06 00:00:00+00:00,155.0,275.0,35.0,205.0,85.0,307.5,337.5,277.5,307.5,277.5,332.5,362.5,302.5,320.0,290.0,-10.0,50.0,-70.0,7.5,-22.5,0.0,0.0,0.0,0.0,0.0,0.0,0.0,0.0,0.0,0.0,0.0,0.0,0.0,0.0,0.0,0.0,0.0,0.0,0.0,0.0,0.0,0.0,0.0,0.0,0.0,0.0,0.0,0.0,0.0,0.0,332.5,362.5,302.5,320.0,290.0
2024-05-07 00:00:00+00:00,-337.5,-187.5,-487.5,-262.5,-412.5,-215.0,-125.0,-305.0,-190.0,-280.0,-210.0,-150.0,-270.0,-235.0,-295.0,-290.0,-200.0,-380.0,-227.5,-317.5,-190.0,-100.0,-280.0,-202.5,-292.5,-147.5,-87.5,-207.5,-97.5,-157.5,-197.5,-137.5,-257.5,-97.5,-157.5,-110.0,-50.0,-170.0,-122.5,-182.5,-110.0,-50.0,-170.0,-122.5,-182.5,0.0,0.0,0.0,0.0,0.0,-342.5,-312.5,-372.5,-317.5,-347.5
2024-05-08 00:00:00+00:00,-445.0,-325.0,-565.0,-470.0,-590.0,-370.0,-250.0,-490.0,-132.5,-252.5,-260.0,-200.0,-320.0,-260.0,-320.0,-175.0,-25.0,-325.0,-312.5,-462.5,-270.0,-150.0,-390.0,-320.0,-440.0,-85.0,-25.0,-145.0,-147.5,-207.5,-215.0,-125.0,-305.0,-290.0,-380.0,-215.0,-125.0,-305.0,-290.0,-380.0,-130.0,-100.0,-160.0,-217.5,-247.5,0.0,0.0,0.0,0.0,0.0,-342.5,-312.5,-372.5,-417.5,-447.5
2024-05-09 00:00:00+00:00,-145.0,-25.0,-265.0,-132.5,-252.5,15.0,75.0,-45.0,115.0,55.0,-160.0,-100.0,-220.0,-147.5,-207.5,-7.5,112.5,-127.5,147.5,57.5,22.5,112.5,-67.5,60.0,-30.0,90.0,150.0,30.0,152.5,92.5,110.0,200.0,20.0,-110.0,-170.0,60.0,150.0,-30.0,-60.0,-120.0,115.0,175.0,55.0,-60.0,-120.0,0.0,0.0,0.0,0.0,0.0,345.0,375.0,315.0,295.0,265.0
2024-05-10 00:00:00+00:00,-20.0,100.0,-140.0,-132.5,-252.5,-77.5,12.5,-167.5,-115.0,-205.0,7.5,37.5,-22.5,-30.0,-60.0,-115.0,-25.0,-205.0,-177.5,-267.5,-122.5,-62.5,-182.5,-135.0,-195.0,-122.5,-62.5,-182.5,-135.0,-195.0,-247.5,-187.5,-307.5,-185.0,-245.0,-185.0,-125.0,-245.0,-197.5,-257.5,-185.0,-125.0,-245.0,-197.5,-257.5,0.0,0.0,0.0,0.0,0.0,-167.5,-137.5,-197.5,-192.5,-222.5
2024-05-13 00:00:00+00:00,-130.0,50.0,-310.0,-117.5,-297.5,210.0,300.0,120.0,185.0,95.0,290.0,350.0,230.0,302.5,242.5,-5.0,25.0,-35.0,-5.0,-35.0,-5.0,25.0,-35.0,-5.0,-35.0,0.0,0.0,0.0,0.0,0.0,65.0,125.0,5.0,-10.0,-70.0,0.0,0.0,0.0,0.0,0.0,0.0,0.0,0.0,0.0,0.0,0.0,0.0,0.0,0.0,0.0,445.0,475.0,415.0,420.0,390.0
2024-05-14 00:00:00+00:00,-350.0,-200.0,-500.0,-212.5,-362.5,-220.0,-100.0,-340.0,-157.5,-277.5,-367.5,-187.5,-547.5,-267.5,-447.5,42.5,162.5,-77.5,-32.5,-152.5,42.5,162.5,-77.5,-32.5,-152.5,40.0,100.0,-20.0,27.5,-32.5,15.0,75.0,-45.0,40.0,-20.0,2.5,62.5,-57.5,65.0,5.0,32.5,62.5,2.5,45.0,15.0,0.0,0.0,0.0,0.0,0.0,-42.5,-12.5,-72.5,-30.0,-60.0
2024-05-15 00:00:00+00:00,-300.0,-150.0,-450.0,-187.5,-337.5,-442.5,-262.5,-622.5,-267.5,-447.5,-165.0,-75.0,-255.0,-127.5,-217.5,-20.0,100.0,-140.0,-32.5,-152.5,-2.5,87.5,-92.5,22.5,-67.5,45.0,75.0,15.0,32.5,2.5,30.0,150.0,-90.0,-82.5,-202.5,10.0,100.0,-80.0,-102.5,-192.5,45.0,75.0,15.0,7.5,-22.5,0.0,0.0,0.0,0.0,0.0,-105.0,-75.0,-135.0,-92.5,-122.5
2024-05-16 00:00:00+00:00,-245.0,-125.0,-365.0,-170.0,-290.0,-220.0,-100.0,-340.0,-120.0,-240.0,-110.0,-50.0,-170.0,-97.5,-157.5,10.0,100.0,-80.0,-90.0,-180.0,47.5,137.5,-42.5,-65.0,-155.0,45.0,75.0,15.0,20.0,-10.0,-15.0,75.0,-105.0,-77.5,-167.5,40.0,100.0,-20.0,-85.0,-145.0,77.5,137.5,17.5,-60.0,-120.0,0.0,0.0,0.0,0.0,0.0,7.5,37.5,-22.5,20.0,-10.0
2024-05-17 00:00:00+00:00,-117.5,62.5,-297.5,-67.5,-247.5,-130.0,50.0,-310.0,-55.0,-235.0,-115.0,-25.0,-205.0,-102.5,-192.5,27.5,87.5,-32.5,-60.0,-120.0,115.0,175.0,55.0,27.5,-32.5,0.0,0.0,0.0,0.0,0.0,85.0,175.0,-5.0,35.0,-55.0,115.0,175.0,55.0,27.5,-32.5,70.0,100.0,40.0,20.0,-10.0,0.0,0.0,0.0,0.0,0.0,270.0,300.0,240.0,170.0,140.0
2024-05-20 00:00:00+00:00,-92.5,87.5,-272.5,-87.5,-237.5,-72.5,137.5,-282.5,-85.0,-295.0,47.5,137.5,-42.5,-2.5,-92.5,30.0,150.0,-90.0,-7.5,-127.5,10.0,100.0,-80.0,60.0,-30.0,0.0,0.0,0.0,0.0,0.0,10.0,100.0,-80.0,-77.5,-167.5,27.5,87.5,-32.5,-60.0,-120.0,0.0,0.0,0.0,0.0,0.0,0.0,0.0,0.0,0.0,0.0,170.0,200.0,140.0,220.0,190.0
2024-05-21 00:00:00+00:00,-55.0,125.0,-235.0,95.0,-85.0,-77.5,12.5,-167.5,47.5,-42.5,-162.5,-12.5,-312.5,-25.0,-175.0,15.0,75.0,-45.0,-42.5,-72.5,15.0,75.0,-45.0,-42.5,-72.5,27.5,87.5,-32.5,-30.0,-60.0,22.5,112.5,-67.5,-72.5,-132.5,7.5,37.5,-22.5,-5.0,-35.0,20.0,50.0,-10.0,-30.0,-60.0,0.0,0.0,0.0,0.0,0.0,70.0,100.0,40.0,95.0,65.0
2024-05-22 00:00:00+00:00,-132.5,-12.5,-252.5,-157.5,-277.5,-177.5,-87.5,-267.5,-415.0,-505.0,-247.5,-187.5,-307.5,-272.5,-332.5,-307.5,-187.5,-427.5,-220.0,-340.0,-170.0,-50.0,-290.0,-170.0,-290.0,-152.5,-62.5,-242.5,-140.0,-230.0,27.5,87.5,-32.5,127.5,67.5,27.5,87.5,-32.5,127.5,67.5,102.5,162.5,42.5,202.5,142.5,0.0,0.0,0.0,0.0,0.0,-205.0,-175.0,-235.0,-267.5,-297.5
2024-05-23 00:00:00+00:00,265.0,325.0,205.0,240.0,180.0,327.5,387.5,267.5,290.0,230.0,382.5,412.5,352.5,382.5,352.5,52.5,112.5,-7.5,40.0,-20.0,20.0,50.0,-10.0,32.5,2.5,0.0,0.0,0.0,0.0,0.0,102.5,162.5,42.5,52.5,-7.5,95.0,125.0,65.0,70.0,40.0,0.0,0.0,0.0,0.0,0.0,0.0,0.0,0.0,0.0,0.0,557.5,587.5,527.5,495.0,465.0
2024-05-24 00:00:00+00:00,-150.0,0.0,-300.0,-62.5,-212.5,-70.0,50.0,-190.0,30.0,-90.0,-252.5,-162.5,-342.5,-115.0,-205.0,-52.5,37.5,-142.5,22.5,-67.5,-42.5,-12.5,-72.5,7.5,-22.5,-30.0,0.0,-60.0,-42.5,-72.5,-17.5,12.5,-47.5,-42.5,-72.5,-17.5,12.5,-47.5,-42.5,-72.5,32.5,62.5,2.5,45.0,15.0,0.0,0.0,0.0,0.0,0.0,132.5,162.5,102.5,170.0,140.0
2024-05-27 00:00:00+00:00,-280.0,-100.0,-460.0,-305.0,-485.0,-347.5,-137.5,-557.5,-310.0,-520.0,-232.5,-112.5,-352.5,-207.5,-327.5,27.5,237.5,-182.5,-35.0,-245.0,50.0,200.0,-100.0,-20.0,-140.0,40.0,100.0,-20.0,15.0,-45.0,40.0,250.0,-170.0,-35.0,-245.0,27.5,87.5,-32.5,57.5,27.5,27.5,87.5,-32.5,57.5,27.5,0.0,0.0,0.0,0.0,0.0,20.0,50.0,-10.0,-17.5,-47.5
2024-05-28 00:00:00+00:00,-395.0,-275.0,-515.0,-157.5,-277.5,-380.0,-200.0,-560.0,-305.0,-485.0,-172.5,-112.5,-232.5,-135.0,-195.0,-362.5,-212.5,-512.5,-570.0,-690.0,-302.5,-212.5,-392.5,-522.5,-582.5,-292.5,-262.5,-322.5,-130.0,-160.0,-232.5,-112.5,-352.5,-427.5,-517.5,-322.5,-262.5,-382.5,-372.5,-432.5,-242.5,-212.5,-272.5,-42.5,-72.5,0.0,0.0,0.0,0.0,0.0,-505.0,-475.0,-535.0,-480.0,-510.0
2024-05-29 00:00:00+00:00,-450.0,-300.0,-600.0,-325.0,-475.0,-85.0,-25.0,-145.0,-122.5,-182.5,-85.0,-25.0,-145.0,-272.5,-332.5,-235.0,-175.0,-295.0,-160.0,-220.0,-235.0,-175.0,-295.0,-160.0,-220.0,-110.0,-50.0,-170.0,-47.5,-107.5,-160.0,-100.0,-220.0,-197.5,-257.5,-110.0,-50.0,-170.0,-147.5,-207.5,-122.5,-62.5,-182.5,2.5,-57.5,0.0,0.0,0.0,0.0,0.0,-167.5,-137.5,-197.5,-92.5,-122.5
2024-05-30 00:00:00+00:00,-187.5,-37.5,-337.5,-175.0,-325.0,-157.5,-37.5,-277.5,-190.0,-280.0,-85.0,-25.0,-145.0,-197.5,-257.5,-77.5,12.5,-167.5,35.0,-55.0,-22.5,37.5,-82.5,15.0,-45.0,-10.0,50.0,-70.0,-22.5,-82.5,-105.0,-75.0,-135.0,-92.5,-122.5,-105.0,-75.0,-135.0,-92.5,-122.5,-80.0,-50.0,-110.0,-55.0,-85.0,0.0,0.0,0.0,0.0,0.0,45.0,75.0,15.0,7.5,-22.5
2024-05-31 00:00:00+00:00,-370.0,-250.0,-490.0,-532.5,-652.5,-95.0,25.0,-215.0,117.5,-2.5,-202.5,-112.5,-292.5,22.5,-67.5,230.0,350.0,110.0,-82.5,-202.5,285.0,375.0,195.0,-2.5,-92.5,360.0,450.0,270.0,72.5,-17.5,10.0,100.0,-80.0,97.5,7.5,210.0,300.0,120.0,-152.5,-242.5,360.0,450.0,270.0,-77.5,-167.5,0.0,0.0,0.0,0.0,0.0,20.0,50.0,-10.0,120.0,90.0
2024-06-03 00:00:00+00:00,-342.5,-162.5,-522.5,-392.5,-572.5,-497.5,-287.5,-707.5,-360.0,-570.0,-120.0,0.0,-240.0,-182.5,-302.5,117.5,237.5,-2.5,142.5,22.5,117.5,237.5,-2.5,142.5,22.5,190.0,250.0,130.0,127.5,67.5,172.5,262.5,82.5,160.0,70.0,235.0,325.0,145.0,160.0,70.0,215.0,275.0,155.0,290.0,230.0,0.0,0.0,0.0,0.0,0.0,132.5,162.5,102.5,120.0,90.0
2024-06-04 00:00:00+00:00,-142.5,37.5,-322.5,-117.5,-297.5,-112.5,37.5,-262.5,50.0,-100.0,140.0,200.0,80.0,490.0,430.0,130.0,250.0,10.0,342.5,222.5,180.0,300.0,60.0,217.5,97.5,170.0,200.0,140.0,-5.0,-35.0,185.0,275.0,95.0,397.5,307.5,102.5,162.5,42.5,440.0,380.0,345.0,375.0,315.0,132.5,102.5,0.0,0.0,0.0,0.0,0.0,195.0,225.0,165.0,807.5,777.5
2024-06-05 00:00:00+00:00,77.5,287.5,-132.5,127.5,-82.5,-40.0,50.0,-130.0,-2.5,-92.5,157.5,187.5,127.5,145.0,115.0,-35.0,25.0,-95.0,40.0,-20.0,32.5,62.5,2.5,-42.5,-72.5,32.5,62.5,2.5,-42.5,-72.5,32.5,62.5,2.5,-42.5,-72.5,32.5,62.5,2.5,-42.5,-72.5,32.5,62.5,2.5,-42.5,-72.5,0.0,0.0,0.0,0.0,0.0,482.5,512.5,452.5,445.0,415.0
2024-06-06 00:00:00+00:00,-200.0,-50.0,-350.0,-232.5,-352.5,-102.5,-12.5,-192.5,-77.5,-167.5,-22.5,37.5,-82.5,65.0,5.0,67.5,187.5,-52.5,-32.5,-152.5,15.0,75.0,-45.0,-35.0,-95.0,-42.5,-12.5,-72.5,-42.5,-72.5,20.0,50.0,-10.0,7.5,-22.5,20.0,50.0,-10.0,7.5,-22.5,20.0,50.0,-10.0,7.5,-22.5,0.0,0.0,0.0,0.0,0.0,95.0,125.0,65.0,82.5,52.5
2024-06-07 00:00:00+00:00,-187.5,-37.5,-337.5,-212.5,-362.5,-122.5,-62.5,-182.5,-72.5,-132.5,-110.0,-50.0,-170.0,-147.5,-207.5,-57.5,62.5,-177.5,55.0,-65.0,-32.5,87.5,-152.5,17.5,-102.5,35.0,125.0,-55.0,35.0,-55.0,-72.5,-12.5,-132.5,52.5,-7.5,-72.5,-12.5,-132.5,52.5,-7.5,-72.5,-12.5,-132.5,-10.0,-70.0,0.0,0.0,0.0,0.0,0.0,82.5,112.5,52.5,120.0,90.0
2024-06-10 00:00:00+00:00,230.0,350.0,110.0,167.5,47.5,235.0,325.0,145.0,210.0,120.0,395.0,425.0,365.0,307.5,277.5,-85.0,-25.0,-145.0,65.0,5.0,-85.0,-25.0,-145.0,65.0,5.0,132.5,162.5,102.5,107.5,77.5,-105.0,-75.0,-135.0,7.5,-22.5,-105.0,-75.0,-135.0,7.5,-22.5,-105.0,-75.0,-135.0,7.5,-22.5,0.0,0.0,0.0,0.0,0.0,357.5,387.5,327.5,370.0,340.0
2024-06-11 00:00:00+00:00,-262.5,-112.5,-412.5,-395.0,-515.0,-172.5,-112.5,-232.5,-422.5,-482.5,-372.5,-312.5,-432.5,-272.5,-332.5,-332.5,-212.5,-452.5,-220.0,-340.0,-332.5,-212.5,-452.5,-257.5,-377.5,72.5,162.5,-17.5,-52.5,-142.5,-147.5,-87.5,-207.5,2.5,-57.5,15.0,75.0,-45.0,-110.0,-170.0,15.0,75.0,-45.0,-110.0,-170.0,0.0,0.0,0.0,0.0,0.0,-317.5,-287.5,-347.5,-355.0,-385.0
2024-06-12 00:00:00+00:00,-275.0,-125.0,-425.0,-50.0,-200.0,-32.5,87.5,-152.5,-120.0,-240.0,-187.5,-37.5,-337.5,42.5,-77.5,72.5,162.5,-17.5,-40.0,-130.0,65.0,125.0,5.0,15.0,-45.0,32.5,62.5,2.5,20.0,-10.0,32.5,62.5,2.5,-5.0,-35.0,-5.0,25.0,-35.0,-42.5,-72.5,0.0,0.0,0.0,0.0,0.0,0.0,0.0,0.0,0.0,0.0,20.0,50.0,-10.0,70.0,40.0
2024-06-13 00:00:00+00:00,-320.0,-200.0,-440.0,-332.5,-452.5,-270.0,-150.0,-390.0,-207.5,-327.5,-35.0,25.0,-95.0,-110.0,-170.0,-15.0,75.0,-105.0,-65.0,-155.0,-60.0,0.0,-120.0,-60.0,-120.0,-105.0,-75.0,-135.0,-142.5,-172.5,-142.5,-112.5,-172.5,-130.0,-160.0,-142.5,-112.5,-172.5,-130.0,-160.0,-142.5,-112.5,-172.5,-130.0,-160.0,0.0,0.0,0.0,0.0,0.0,-205.0,-175.0,-235.0,-280.0,-310.0
2024-06-14 00:00:00+00:00,-307.5,-187.5,-427.5,-465.0,-555.0,-430.0,-400.0,-460.0,-467.5,-497.5,95.0,125.0,65.0,0.0,0.0,-560.0,-500.0,-620.0,-422.5,-482.5,-560.0,-500.0,-620.0,-422.5,-482.5,-447.5,-387.5,-507.5,-235.0,-295.0,-597.5,-537.5,-657.5,-485.0,-545.0,-497.5,-437.5,-557.5,-435.0,-495.0,-497.5,-437.5,-557.5,-435.0,-495.0,0.0,0.0,0.0,0.0,0.0,-705.0,-675.0,-735.0,-730.0,-760.0
2024-06-17 00:00:00+00:00,130.0,250.0,10.0,-95.0,-215.0,55.0,175.0,-65.0,17.5,-102.5,-160.0,-100.0,-220.0,-172.5,-232.5,-210.0,-150.0,-270.0,-85.0,-145.0,-192.5,-162.5,-222.5,-105.0,-135.0,-5.0,25.0,-35.0,-67.5,-97.5,65.0,125.0,5.0,-85.0,-145.0,57.5,87.5,27.5,7.5,-22.5,57.5,87.5,27.5,7.5,-22.5,0.0,0.0,0.0,0.0,0.0,120.0,150.0,90.0,-42.5,-72.5
2024-06-18 00:00:00+00:00,-175.0,-25.0,-325.0,-232.5,-352.5,-365.0,-275.0,-455.0,-302.5,-392.5,-127.5,-37.5,-217.5,-215.0,-305.0,-52.5,37.5,-142.5,85.0,-5.0,10.0,100.0,-80.0,185.0,95.0,-67.5,-37.5,-97.5,-42.5,-72.5,-2.5,87.5,-92.5,85.0,-5.0,-67.5,-37.5,-97.5,-30.0,-60.0,-67.5,-37.5,-97.5,-30.0,-60.0,0.0,0.0,0.0,0.0,0.0,-80.0,-50.0,-110.0,-117.5,-147.5
2024-06-24 00:00:00+00:00,-45.0,75.0,-165.0,-232.5,-352.5,-35.0,25.0,-95.0,-147.5,-207.5,-235.0,-175.0,-295.0,-260.0,-320.0,-210.0,-150.0,-270.0,-230.0,-260.0,-85.0,-25.0,-145.0,-167.5,-197.5,-85.0,-25.0,-145.0,-167.5,-197.5,-210.0,-150.0,-270.0,-267.5,-297.5,-197.5,-137.5,-257.5,-292.5,-322.5,-180.0,-150.0,-210.0,-205.0,-235.0,0.0,0.0,0.0,0.0,0.0,-155.0,-125.0,-185.0,-280.0,-310.0
2024-06-25 00:00:00+00:00,-342.5,-162.5,-522.5,-230.0,-410.0,-250.0,-100.0,-400.0,-175.0,-325.0,-132.5,-12.5,-252.5,-95.0,-215.0,150.0,300.0,0.0,-45.0,-165.0,197.5,287.5,107.5,52.5,-7.5,82.5,112.5,52.5,-5.0,-35.0,110.0,200.0,20.0,-22.5,-82.5,152.5,212.5,92.5,-5.0,-35.0,82.5,112.5,52.5,-5.0,-35.0,0.0,0.0,0.0,0.0,0.0,32.5,62.5,2.5,32.5,2.5
2024-06-26 00:00:00+00:00,-160.0,-100.0,-220.0,-247.5,-307.5,0.0,0.0,0.0,0.0,0.0,-80.0,-50.0,-110.0,-67.5,-97.5,-595.0,-475.0,-715.0,-607.5,-727.5,-595.0,-475.0,-715.0,-607.5,-727.5,-330.0,-300.0,-360.0,-317.5,-347.5,-717.5,-687.5,-747.5,-705.0,-735.0,-742.5,-712.5,-772.5,-680.0,-710.0,-617.5,-587.5,-647.5,-530.0,-560.0,0.0,0.0,0.0,0.0,0.0,-717.5,-687.5,-747.5,-705.0,-735.0
2024-06-27 00:00:00+00:00,12.5,162.5,-137.5,-37.5,-187.5,15.0,75.0,-45.0,52.5,-7.5,-55.0,-25.0,-85.0,-55.0,-85.0,-110.0,-50.0,-170.0,-72.5,-132.5,-80.0,-50.0,-110.0,-42.5,-72.5,57.5,87.5,27.5,82.5,52.5,82.5,112.5,52.5,-55.0,-85.0,82.5,112.5,52.5,-55.0,-85.0,82.5,112.5,52.5,-55.0,-85.0,0.0,0.0,0.0,0.0,0.0,232.5,262.5,202.5,157.5,127.5
2024-06-28 00:00:00+00:00,10.0,100.0,-80.0,-15.0,-105.0,-115.0,-25.0,-205.0,-127.5,-217.5,-187.5,-37.5,-337.5,-200.0,-350.0,-110.0,-50.0,-170.0,-122.5,-182.5,-122.5,-62.5,-182.5,-122.5,-182.5,-60.0,0.0,-120.0,-110.0,-170.0,-22.5,37.5,-82.5,82.5,52.5,2.5,62.5,-57.5,20.0,-10.0,2.5,62.5,-57.5,20.0,-10.0,0.0,0.0,0.0,0.0,0.0,20.0,50.0,-10.0,-30.0,-60.0
2024-07-01 00:00:00+00:00,335.0,425.0,245.0,197.5,107.5,215.0,275.0,155.0,52.5,-7.5,135.0,225.0,45.0,185.0,95.0,15.0,75.0,-45.0,202.5,142.5,15.0,75.0,-45.0,277.5,217.5,0.0,0.0,0.0,0.0,0.0,40.0,100.0,-20.0,202.5,142.5,-30.0,0.0,-60.0,107.5,77.5,0.0,0.0,0.0,0.0,0.0,0.0,0.0,0.0,0.0,0.0,382.5,412.5,352.5,445.0,415.0
2024-07-02 00:00:00+00:00,-207.5,-87.5,-327.5,-607.5,-727.5,-387.5,-237.5,-537.5,-425.0,-575.0,-30.0,150.0,-210.0,-405.0,-585.0,-170.0,-50.0,-290.0,-7.5,-127.5,-122.5,-62.5,-182.5,-210.0,-270.0,15.0,75.0,-45.0,-160.0,-220.0,-272.5,-212.5,-332.5,-285.0,-345.0,-135.0,-75.0,-195.0,-235.0,-295.0,-230.0,-200.0,-260.0,-230.0,-260.0,0.0,0.0,0.0,0.0,0.0,-392.5,-362.5,-422.5,-505.0,-535.0
2024-07-03 00:00:00+00:00,-112.5,37.5,-262.5,-225.0,-375.0,-162.5,-12.5,-312.5,-175.0,-325.0,-312.5,-162.5,-462.5,-162.5,-312.5,-130.0,50.0,-310.0,-205.0,-385.0,-102.5,-12.5,-192.5,-152.5,-242.5,-97.5,-37.5,-157.5,-122.5,-182.5,-187.5,-37.5,-337.5,-237.5,-387.5,-47.5,12.5,-107.5,-185.0,-245.0,-47.5,12.5,-107.5,-185.0,-245.0,0.0,0.0,0.0,0.0,0.0,-142.5,-112.5,-172.5,-167.5,-197.5
2024-07-05 00:00:00+00:00,-167.5,12.5,-347.5,-242.5,-422.5,-207.5,-87.5,-327.5,-152.5,-242.5,-72.5,-12.5,-132.5,-122.5,-182.5,-117.5,62.5,-297.5,-155.0,-335.0,-45.0,75.0,-165.0,-107.5,-227.5,20.0,50.0,-10.0,-80.0,-110.0,-55.0,125.0,-235.0,-317.5,-497.5,-50.0,100.0,-200.0,-225.0,-375.0,-10.0,50.0,-70.0,-122.5,-182.5,0.0,0.0,0.0,0.0,0.0,-55.0,-25.0,-85.0,-130.0,-160.0
2024-07-08 00:00:00+00:00,-75.0,75.0,-225.0,-100.0,-250.0,-25.0,125.0,-175.0,-100.0,-250.0,0.0,150.0,-150.0,-50.0,-200.0,-7.5,112.5,-127.5,142.5,22.5,-22.5,37.5,-82.5,140.0,80.0,-10.0,50.0,-70.0,140.0,80.0,22.5,112.5,-67.5,85.0,-5.0,-10.0,50.0,-70.0,65.0,5.0,27.5,87.5,-32.5,90.0,30.0,0.0,0.0,0.0,0.0,0.0,170.0,200.0,140.0,207.5,177.5
2024-07-09 00:00:00+00:00,-330.0,-150.0,-510.0,-155.0,-335.0,-187.5,-37.5,-337.5,-262.5,-412.5,-122.5,-62.5,-182.5,-210.0,-270.0,-90.0,0.0,-180.0,-215.0,-305.0,-90.0,0.0,-180.0,-215.0,-305.0,-35.0,25.0,-95.0,-97.5,-157.5,-65.0,25.0,-155.0,-140.0,-230.0,-10.0,50.0,-70.0,-22.5,-82.5,-10.0,50.0,-70.0,-22.5,-82.5,0.0,0.0,0.0,0.0,0.0,-142.5,-112.5,-172.5,-180.0,-210.0
2024-07-10 00:00:00+00:00,-125.0,25.0,-275.0,-175.0,-325.0,-77.5,12.5,-167.5,-102.5,-192.5,-10.0,50.0,-70.0,40.0,-20.0,5.0,125.0,-115.0,-90.0,-180.0,-35.0,25.0,-95.0,-47.5,-107.5,2.5,62.5,-57.5,-85.0,-145.0,22.5,112.5,-67.5,97.5,7.5,52.5,112.5,-7.5,15.0,-45.0,-5.0,25.0,-35.0,-92.5,-122.5,0.0,0.0,0.0,0.0,0.0,245.0,275.0,215.0,257.5,227.5
2024-07-12 00:00:00+00:00,-125.0,25.0,-275.0,-500.0,-650.0,-115.0,-25.0,-205.0,-502.5,-592.5,-457.5,-337.5,-577.5,-445.0,-565.0,122.5,212.5,32.5,-302.5,-392.5,115.0,175.0,55.0,2.5,-57.5,115.0,175.0,55.0,2.5,-57.5,202.5,262.5,142.5,65.0,5.0,202.5,262.5,142.5,65.0,5.0,202.5,262.5,142.5,65.0,5.0,0.0,0.0,0.0,0.0,0.0,-167.5,-137.5,-197.5,-205.0,-235.0
2024-07-15 00:00:00+00:00,-142.5,37.5,-322.5,-42.5,-222.5,-57.5,62.5,-177.5,-120.0,-240.0,-122.5,-62.5,-182.5,-135.0,-195.0,-125.0,25.0,-275.0,-275.0,-425.0,-40.0,50.0,-130.0,-202.5,-292.5,0.0,0.0,0.0,0.0,0.0,-30.0,0.0,-60.0,-17.5,-47.5,-30.0,0.0,-60.0,-17.5,-47.5,-17.5,12.5,-47.5,-5.0,-35.0,0.0,0.0,0.0,0.0,0.0,70.0,100.0,40.0,7.5,-22.5
2024-07-16 00:00:00+00:00,-180.0,0.0,-360.0,-130.0,-310.0,-127.5,-37.5,-217.5,-65.0,-155.0,157.5,187.5,127.5,170.0,140.0,197.5,287.5,107.5,2.5,-57.5,197.5,287.5,107.5,2.5,-57.5,127.5,187.5,67.5,2.5,-57.5,70.0,100.0,40.0,0.0,0.0,70.0,100.0,40.0,0.0,0.0,70.0,100.0,40.0,0.0,0.0,0.0,0.0,0.0,0.0,0.0,207.5,237.5,177.5,220.0,190.0
2024-07-17 00:00:00+00:00,-200.0,-50.0,-350.0,-412.5,-562.5,-137.5,12.5,-287.5,-275.0,-425.0,-127.5,-37.5,-217.5,-340.0,-430.0,-570.0,-450.0,-690.0,-557.5,-677.5,-627.5,-537.5,-717.5,-552.5,-642.5,-415.0,-325.0,-505.0,-577.5,-667.5,-602.5,-512.5,-692.5,-465.0,-555.0,-602.5,-512.5,-692.5,-465.0,-555.0,-680.0,-650.0,-710.0,-442.5,-472.5,0.0,0.0,0.0,0.0,0.0,-730.0,-700.0,-760.0,-630.0,-660.0
2024-07-18 00:00:00+00:00,-467.5,-287.5,-647.5,-105.0,-285.0,-127.5,-37.5,-217.5,-390.0,-480.0,-377.5,-287.5,-467.5,-152.5,-242.5,-432.5,-312.5,-552.5,-395.0,-515.0,-565.0,-475.0,-655.0,-402.5,-492.5,-622.5,-562.5,-682.5,-435.0,-495.0,-405.0,-375.0,-435.0,-192.5,-222.5,-405.0,-375.0,-435.0,-192.5,-222.5,-405.0,-375.0,-435.0,-192.5,-222.5,0.0,0.0,0.0,0.0,0.0,-330.0,-300.0,-360.0,-280.0,-310.0
2024-07-19 00:00:00+00:00,335.0,425.0,245.0,310.0,220.0,-7.5,112.5,-127.5,55.0,-65.0,-82.5,37.5,-202.5,-32.5,-152.5,277.5,337.5,217.5,152.5,92.5,277.5,337.5,217.5,152.5,92.5,277.5,337.5,217.5,152.5,92.5,772.5,862.5,682.5,660.0,570.0,527.5,587.5,467.5,365.0,305.0,527.5,587.5,467.5,365.0,305.0,0.0,0.0,0.0,0.0,0.0,795.0,825.0,765.0,682.5,652.5
2024-07-22 00:00:00+00:00,80.0,200.0,-40.0,255.0,135.0,327.5,387.5,267.5,302.5,242.5,540.0,600.0,480.0,502.5,442.5,185.0,275.0,95.0,110.0,20.0,115.0,175.0,55.0,77.5,17.5,0.0,0.0,0.0,0.0,0.0,140.0,200.0,80.0,-5.0,-35.0,95.0,125.0,65.0,0.0,0.0,0.0,0.0,0.0,0.0,0.0,0.0,0.0,0.0,0.0,0.0,620.0,650.0,590.0,520.0,490.0
2024-07-23 00:00:00+00:00,367.5,487.5,247.5,242.5,122.5,652.5,712.5,592.5,515.0,455.0,720.0,750.0,690.0,595.0,565.0,77.5,137.5,17.5,2.5,-57.5,-5.0,25.0,-35.0,20.0,-10.0,0.0,0.0,0.0,0.0,0.0,0.0,0.0,0.0,0.0,0.0,0.0,0.0,0.0,0.0,0.0,0.0,0.0,0.0,0.0,0.0,0.0,0.0,0.0,0.0,0.0,720.0,750.0,690.0,595.0,565.0
2024-07-24 00:00:00+00:00,135.0,225.0,45.0,-65.0,-155.0,-195.0,-75.0,-315.0,-245.0,-365.0,-597.5,-537.5,-657.5,-597.5,-657.5,-260.0,-200.0,-320.0,2.5,-57.5,-272.5,-212.5,-332.5,115.0,55.0,-197.5,-137.5,-257.5,102.5,42.5,-10.0,50.0,-70.0,365.0,305.0,90.0,150.0,30.0,277.5,217.5,220.0,250.0,190.0,257.5,227.5,0.0,0.0,0.0,0.0,0.0,-217.5,-187.5,-247.5,-105.0,-135.0
2024-07-25 00:00:00+00:00,-795.0,-675.0,-915.0,-95.0,-215.0,-1055.0,-875.0,-1235.0,20.0,-160.0,-635.0,-575.0,-695.0,-747.5,-807.5,-40.0,50.0,-130.0,-802.5,-892.5,-217.5,-187.5,-247.5,-680.0,-710.0,-292.5,-262.5,-322.5,-517.5,-547.5,285.0,375.0,195.0,-552.5,-642.5,285.0,375.0,195.0,-552.5,-642.5,-292.5,-262.5,-322.5,-517.5,-547.5,0.0,0.0,0.0,0.0,0.0,-755.0,-725.0,-785.0,-730.0,-760.0
2024-07-26 00:00:00+00:00,-505.0,-325.0,-685.0,-267.5,-447.5,-562.5,-412.5,-712.5,-562.5,-712.5,-300.0,-150.0,-450.0,-445.0,-565.0,80.0,200.0,-40.0,355.0,235.0,185.0,275.0,95.0,310.0,220.0,135.0,225.0,45.0,110.0,20.0,197.5,287.5,107.5,335.0,245.0,285.0,375.0,195.0,235.0,145.0,240.0,300.0,180.0,40.0,-20.0,0.0,0.0,0.0,0.0,0.0,-80.0,-50.0,-110.0,95.0,65.0
2024-07-29 00:00:00+00:00,447.5,537.5,357.5,310.0,220.0,472.5,562.5,382.5,290.0,230.0,47.5,137.5,-42.5,90.0,30.0,52.5,112.5,-7.5,177.5,117.5,-10.0,50.0,-70.0,227.5,167.5,115.0,175.0,55.0,240.0,180.0,140.0,200.0,80.0,252.5,192.5,90.0,150.0,30.0,215.0,155.0,0.0,0.0,0.0,0.0,0.0,0.0,0.0,0.0,0.0,0.0,557.5,587.5,527.5,570.0,540.0
2024-07-30 00:00:00+00:00,-257.5,-137.5,-377.5,-145.0,-265.0,-140.0,-50.0,-230.0,-140.0,-230.0,-172.5,-112.5,-232.5,-272.5,-332.5,-70.0,50.0,-190.0,-132.5,-252.5,-72.5,-12.5,-132.5,-85.0,-145.0,-72.5,-12.5,-132.5,-85.0,-145.0,102.5,162.5,42.5,115.0,55.0,20.0,50.0,-10.0,20.0,-10.0,95.0,125.0,65.0,182.5,152.5,0.0,0.0,0.0,0.0,0.0,170.0,200.0,140.0,-42.5,-72.5
2024-07-31 00:00:00+00:00,-580.0,-400.0,-760.0,-592.5,-772.5,-337.5,-187.5,-487.5,-175.0,-325.0,-320.0,-200.0,-440.0,-157.5,-277.5,310.0,400.0,220.0,285.0,195.0,310.0,400.0,220.0,285.0,195.0,165.0,225.0,105.0,127.5,67.5,197.5,287.5,107.5,72.5,-17.5,210.0,300.0,120.0,-90.0,-180.0,65.0,125.0,5.0,-47.5,-107.5,0.0,0.0,0.0,0.0,0.0,232.5,262.5,202.5,295.0,265.0
2024-08-01 00:00:00+00:00,150.0,300.0,0.0,287.5,137.5,385.0,475.0,295.0,435.0,345.0,407.5,437.5,377.5,457.5,427.5,310.0,400.0,220.0,22.5,-67.5,-5.0,25.0,-35.0,-55.0,-85.0,0.0,0.0,0.0,0.0,0.0,315.0,375.0,255.0,77.5,17.5,0.0,0.0,0.0,0.0,0.0,0.0,0.0,0.0,0.0,0.0,0.0,0.0,0.0,0.0,0.0,907.5,937.5,877.5,770.0,740.0
2024-08-02 00:00:00+00:00,-1000.0,-850.0,-1150.0,-700.0,-850.0,-720.0,-600.0,-840.0,-707.5,-827.5,-740.0,-650.0,-830.0,-290.0,-380.0,117.5,237.5,-2.5,42.5,-77.5,-2.5,87.5,-92.5,160.0,70.0,202.5,262.5,142.5,390.0,330.0,317.5,437.5,197.5,-102.5,-192.5,265.0,325.0,205.0,165.0,105.0,-17.5,12.5,-47.5,-167.5,-197.5,0.0,0.0,0.0,0.0,0.0,-730.0,-700.0,-760.0,-555.0,-585.0
2024-08-05 00:00:00+00:00,-1607.5,-1487.5,-1727.5,-2607.5,-2727.5,-2040.0,-1950.0,-2130.0,-1615.0,-1705.0,-760.0,-700.0,-820.0,-230.0,-260.0,355.0,475.0,235.0,55.0,-65.0,160.0,250.0,70.0,610.0,520.0,202.5,262.5,142.5,977.5,917.5,-527.5,-437.5,-617.5,-1027.5,-1117.5,222.5,312.5,132.5,-515.0,-605.0,1065.0,1125.0,1005.0,-122.5,-182.5,0.0,0.0,0.0,0.0,0.0,-2042.5,-2012.5,-2072.5,-2617.5,-2647.5
2024-08-06 00:00:00+00:00,330.0,450.0,210.0,292.5,172.5,1395.0,1425.0,1365.0,1520.0,1490.0,-410.0,-350.0,-470.0,352.5,292.5,917.5,1037.5,797.5,585.0,495.0,972.5,1062.5,882.5,447.5,357.5,702.5,762.5,642.5,640.0,580.0,32.5,62.5,2.5,-30.0,-60.0,32.5,62.5,2.5,-30.0,-60.0,32.5,62.5,2.5,-30.0,-60.0,0.0,0.0,0.0,0.0,0.0,282.5,312.5,252.5,870.0,840.0
2024-08-07 00:00:00+00:00,-462.5,-312.5,-612.5,-125.0,-275.0,285.0,375.0,195.0,235.0,145.0,332.5,362.5,302.5,520.0,490.0,522.5,612.5,432.5,85.0,-5.0,195.0,225.0,165.0,45.0,15.0,0.0,0.0,0.0,0.0,0.0,0.0,0.0,0.0,0.0,0.0,0.0,0.0,0.0,0.0,0.0,0.0,0.0,0.0,0.0,0.0,0.0,0.0,0.0,0.0,0.0,245.0,275.0,215.0,270.0,240.0
2024-08-08 00:00:00+00:00,-25.0,125.0,-175.0,37.5,-112.5,540.0,600.0,480.0,427.5,367.5,-422.5,-362.5,-482.5,-710.0,-770.0,-497.5,-437.5,-557.5,-385.0,-445.0,-367.5,-337.5,-397.5,-255.0,-285.0,-367.5,-337.5,-397.5,-255.0,-285.0,-142.5,-112.5,-172.5,257.5,227.5,-142.5,-112.5,-172.5,257.5,227.5,307.5,337.5,277.5,557.5,527.5,0.0,0.0,0.0,0.0,0.0,257.5,287.5,227.5,232.5,202.5
2024-08-09 00:00:00+00:00,-407.5,-287.5,-527.5,-820.0,-940.0,-632.5,-512.5,-752.5,-657.5,-777.5,-447.5,-387.5,-507.5,-547.5,-607.5,-825.0,-675.0,-975.0,-157.5,-277.5,-302.5,-212.5,-392.5,-215.0,-305.0,-310.0,-250.0,-370.0,-297.5,-357.5,-342.5,-312.5,-372.5,-480.0,-510.0,-342.5,-312.5,-372.5,-480.0,-510.0,-342.5,-312.5,-372.5,-480.0,-510.0,0.0,0.0,0.0,0.0,0.0,-1255.0,-1225.0,-1285.0,-1117.5,-1147.5
2024-08-12 00:00:00+00:00,-212.5,-62.5,-362.5,-137.5,-287.5,-295.0,-175.0,-415.0,92.5,-27.5,2.5,62.5,-57.5,290.0,230.0,210.0,300.0,120.0,247.5,157.5,210.0,300.0,120.0,247.5,157.5,32.5,62.5,2.5,20.0,-10.0,390.0,450.0,330.0,277.5,217.5,390.0,450.0,330.0,277.5,217.5,232.5,262.5,202.5,120.0,90.0,0.0,0.0,0.0,0.0,0.0,507.5,537.5,477.5,557.5,527.5
2024-08-13 00:00:00+00:00,242.5,362.5,122.5,155.0,35.0,160.0,250.0,70.0,-152.5,-242.5,-67.5,-37.5,-97.5,-317.5,-347.5,-635.0,-575.0,-695.0,-560.0,-620.0,-635.0,-575.0,-695.0,-560.0,-620.0,-630.0,-600.0,-660.0,-617.5,-647.5,-522.5,-462.5,-582.5,-285.0,-345.0,-485.0,-425.0,-545.0,-297.5,-357.5,-292.5,-262.5,-322.5,-317.5,-347.5,0.0,0.0,0.0,0.0,0.0,-367.5,-337.5,-397.5,-430.0,-460.0
2024-08-14 00:00:00+00:00,-322.5,-112.5,-532.5,-135.0,-345.0,-447.5,-237.5,-657.5,-260.0,-470.0,-290.0,-200.0,-380.0,-40.0,-130.0,0.0,150.0,-150.0,-137.5,-287.5,-15.0,75.0,-105.0,-240.0,-330.0,-17.5,12.5,-47.5,32.5,2.5,122.5,212.5,32.5,10.0,-80.0,15.0,75.0,-45.0,90.0,30.0,-5.0,25.0,-35.0,32.5,2.5,0.0,0.0,0.0,0.0,0.0,20.0,50.0,-10.0,70.0,40.0
2024-08-15 00:00:00+00:00,250.0,400.0,100.0,100.0,-50.0,172.5,262.5,82.5,60.0,-30.0,-10.0,50.0,-70.0,-260.0,-320.0,-147.5,-87.5,-207.5,-85.0,-145.0,-167.5,-137.5,-197.5,-67.5,-97.5,-167.5,-137.5,-197.5,-67.5,-97.5,-117.5,-87.5,-147.5,-30.0,-60.0,57.5,87.5,27.5,82.5,52.5,57.5,87.5,27.5,82.5,52.5,0.0,0.0,0.0,0.0,0.0,320.0,350.0,290.0,232.5,202.5
2024-08-16 00:00:00+00:00,-250.0,-100.0,-400.0,-307.5,-427.5,-177.5,-87.5,-267.5,-215.0,-305.0,-255.0,-225.0,-285.0,-267.5,-297.5,-660.0,-600.0,-720.0,-560.0,-620.0,-547.5,-487.5,-607.5,-522.5,-582.5,-547.5,-487.5,-607.5,-522.5,-582.5,-240.0,-150.0,-330.0,-690.0,-780.0,-322.5,-262.5,-382.5,-622.5,-682.5,-297.5,-237.5,-357.5,-685.0,-745.0,0.0,0.0,0.0,0.0,0.0,-605.0,-575.0,-635.0,-867.5,-897.5
2024-08-19 00:00:00+00:00,5.0,125.0,-115.0,-270.0,-390.0,-407.5,-287.5,-527.5,-282.5,-402.5,-520.0,-400.0,-640.0,-295.0,-415.0,-82.5,37.5,-202.5,292.5,172.5,30.0,150.0,-90.0,355.0,235.0,27.5,87.5,-32.5,-47.5,-107.5,197.5,287.5,107.5,460.0,370.0,215.0,275.0,155.0,440.0,380.0,107.5,137.5,77.5,170.0,140.0,0.0,0.0,0.0,0.0,0.0,107.5,137.5,77.5,245.0,215.0
2024-08-20 00:00:00+00:00,42.5,162.5,-77.5,-32.5,-152.5,-97.5,-37.5,-157.5,-60.0,-120.0,-360.0,-300.0,-420.0,-397.5,-457.5,-210.0,-150.0,-270.0,-110.0,-170.0,-160.0,-100.0,-220.0,-67.5,-97.5,-155.0,-125.0,-185.0,-67.5,-97.5,52.5,112.5,-7.5,57.5,27.5,40.0,100.0,-20.0,70.0,40.0,32.5,62.5,2.5,70.0,40.0,0.0,0.0,0.0,0.0,0.0,7.5,37.5,-22.5,-30.0,-60.0
2024-08-21 00:00:00+00:00,130.0,250.0,10.0,155.0,35.0,252.5,312.5,192.5,290.0,230.0,67.5,187.5,-52.5,292.5,172.5,117.5,237.5,-2.5,42.5,-77.5,140.0,200.0,80.0,177.5,117.5,0.0,0.0,0.0,0.0,0.0,160.0,250.0,70.0,122.5,32.5,140.0,200.0,80.0,177.5,117.5,0.0,0.0,0.0,0.0,0.0,0.0,0.0,0.0,0.0,0.0,382.5,412.5,352.5,432.5,402.5
2024-08-22 00:00:00+00:00,172.5,262.5,82.5,110.0,20.0,127.5,187.5,67.5,52.5,-7.5,35.0,125.0,-55.0,172.5,82.5,-55.0,-25.0,-85.0,-30.0,-60.0,-42.5,-12.5,-72.5,-30.0,-60.0,0.0,0.0,0.0,0.0,0.0,7.5,37.5,-22.5,95.0,65.0,7.5,37.5,-22.5,95.0,65.0,0.0,0.0,0.0,0.0,0.0,0.0,0.0,0.0,0.0,0.0,345.0,375.0,315.0,320.0,290.0
2024-08-23 00:00:00+00:00,185.0,275.0,95.0,-40.0,-130.0,-215.0,-125.0,-305.0,-352.5,-442.5,270.0,300.0,240.0,307.5,277.5,85.0,175.0,-5.0,235.0,145.0,210.0,300.0,120.0,372.5,282.5,70.0,100.0,40.0,0.0,0.0,177.5,237.5,117.5,182.5,152.5,0.0,0.0,0.0,0.0,0.0,0.0,0.0,0.0,0.0,0.0,0.0,0.0,0.0,0.0,0.0,257.5,287.5,227.5,307.5,277.5
2024-08-26 00:00:00+00:00,-422.5,-212.5,-632.5,-242.5,-422.5,-400.0,-250.0,-550.0,-237.5,-387.5,-462.5,-312.5,-612.5,-225.0,-375.0,-100.0,50.0,-250.0,-237.5,-387.5,-60.0,0.0,-120.0,-10.0,-70.0,7.5,37.5,-22.5,-30.0,-60.0,67.5,187.5,-52.5,-70.0,-190.0,122.5,212.5,32.5,-27.5,-117.5,45.0,75.0,15.0,45.0,15.0,0.0,0.0,0.0,0.0,0.0,-367.5,-337.5,-397.5,-142.5,-172.5
2024-08-27 00:00:00+00:00,160.0,250.0,70.0,10.0,-80.0,52.5,112.5,-7.5,15.0,-45.0,55.0,175.0,-65.0,-240.0,-330.0,-452.5,-362.5,-542.5,-377.5,-467.5,-377.5,-287.5,-467.5,-365.0,-455.0,65.0,125.0,5.0,165.0,105.0,-322.5,-262.5,-382.5,-310.0,-370.0,-297.5,-237.5,-357.5,-372.5,-432.5,-85.0,-25.0,-145.0,15.0,-45.0,0.0,0.0,0.0,0.0,0.0,-180.0,-150.0,-210.0,-305.0,-335.0
2024-08-28 00:00:00+00:00,-362.5,-212.5,-512.5,-462.5,-612.5,-302.5,-212.5,-392.5,-227.5,-317.5,-222.5,-162.5,-282.5,-172.5,-232.5,-232.5,-112.5,-352.5,-182.5,-302.5,-157.5,-37.5,-277.5,-95.0,-215.0,10.0,100.0,-80.0,-140.0,-230.0,-385.0,-325.0,-445.0,-347.5,-407.5,-385.0,-325.0,-445.0,-347.5,-407.5,-310.0,-250.0,-370.0,-247.5,-307.5,0.0,0.0,0.0,0.0,0.0,-480.0,-450.0,-510.0,-455.0,-485.0
2024-08-29 00:00:00+00:00,117.5,237.5,-2.5,-32.5,-152.5,520.0,550.0,490.0,407.5,377.5,195.0,225.0,165.0,245.0,215.0,52.5,112.5,-7.5,40.0,-20.0,52.5,112.5,-7.5,40.0,-20.0,52.5,112.5,-7.5,40.0,-20.0,-5.0,25.0,-35.0,-67.5,-97.5,-5.0,25.0,-35.0,-67.5,-97.5,145.0,175.0,115.0,-5.0,-35.0,0.0,0.0,0.0,0.0,0.0,745.0,775.0,715.0,570.0,540.0
2024-08-30 00:00:00+00:00,55.0,175.0,-65.0,-107.5,-227.5,-215.0,-125.0,-305.0,-427.5,-517.5,-340.0,-250.0,-430.0,-465.0,-555.0,-20.0,100.0,-140.0,-52.5,-142.5,-15.0,75.0,-105.0,-52.5,-142.5,-67.5,-37.5,-97.5,-17.5,-47.5,85.0,175.0,-5.0,222.5,132.5,135.0,225.0,45.0,197.5,107.5,327.5,387.5,267.5,427.5,367.5,0.0,0.0,0.0,0.0,0.0,-17.5,12.5,-47.5,-42.5,-72.5
2024-09-02 00:00:00+00:00,-37.5,112.5,-187.5,-25.0,-175.0,-92.5,87.5,-272.5,-42.5,-222.5,72.5,162.5,-17.5,97.5,7.5,-7.5,112.5,-127.5,-45.0,-165.0,35.0,125.0,-55.0,22.5,-67.5,-42.5,-12.5,-72.5,7.5,-22.5,2.5,62.5,-57.5,2.5,-57.5,2.5,62.5,-57.5,15.0,-45.0,7.5,37.5,-22.5,0.0,0.0,0.0,0.0,0.0,0.0,0.0,145.0,175.0,115.0,207.5,177.5
2024-09-03 00:00:00+00:00,-125.0,25.0,-275.0,-500.0,-650.0,-340.0,-250.0,-430.0,-190.0,-280.0,-260.0,-200.0,-320.0,40.0,-20.0,-470.0,-350.0,-590.0,-307.5,-427.5,-340.0,-250.0,-430.0,-190.0,-280.0,-240.0,-150.0,-330.0,-465.0,-555.0,-202.5,-112.5,-292.5,-360.0,-420.0,-285.0,-225.0,-345.0,-560.0,-620.0,-285.0,-225.0,-345.0,-560.0,-620.0,0.0,0.0,0.0,0.0,0.0,-567.5,-537.5,-597.5,-517.5,-547.5
2024-09-04 00:00:00+00:00,-530.0,-350.0,-710.0,-92.5,-272.5,-115.0,-25.0,-205.0,-502.5,-592.5,-490.0,-400.0,-580.0,-65.0,-155.0,185.0,275.0,95.0,-65.0,-155.0,-60.0,0.0,-120.0,-160.0,-220.0,152.5,212.5,92.5,115.0,55.0,177.5,237.5,117.5,140.0,80.0,-67.5,-37.5,-97.5,45.0,15.0,57.5,87.5,27.5,45.0,15.0,0.0,0.0,0.0,0.0,0.0,-230.0,-200.0,-260.0,-305.0,-335.0
2024-09-05 00:00:00+00:00,-350.0,-200.0,-500.0,-825.0,-975.0,-382.5,-262.5,-502.5,-290.0,-380.0,-2.5,87.5,-92.5,-260.0,-320.0,-22.5,37.5,-82.5,277.5,217.5,27.5,87.5,-32.5,102.5,42.5,152.5,212.5,92.5,152.5,92.5,-60.0,0.0,-120.0,-10.0,-70.0,-60.0,0.0,-120.0,-10.0,-70.0,-60.0,0.0,-120.0,-10.0,-70.0,0.0,0.0,0.0,0.0,0.0,-505.0,-475.0,-535.0,-330.0,-360.0
2024-09-06 00:00:00+00:00,-542.5,-362.5,-722.5,107.5,-72.5,-200.0,-50.0,-350.0,87.5,-62.5,-282.5,-162.5,-402.5,42.5,-77.5,375.0,525.0,225.0,400.0,250.0,410.0,500.0,320.0,310.0,220.0,57.5,87.5,27.5,-105.0,-135.0,410.0,500.0,320.0,210.0,120.0,285.0,375.0,195.0,97.5,7.5,115.0,175.0,55.0,-122.5,-182.5,0.0,0.0,0.0,0.0,0.0,420.0,450.0,390.0,457.5,427.5
2024-09-09 00:00:00+00:00,247.5,337.5,157.5,-65.0,-155.0,42.5,162.5,-77.5,-20.0,-140.0,-15.0,75.0,-105.0,27.5,-32.5,-102.5,-12.5,-192.5,-127.5,-217.5,-27.5,62.5,-117.5,-90.0,-180.0,0.0,0.0,0.0,0.0,0.0,157.5,187.5,127.5,120.0,90.0,145.0,175.0,115.0,132.5,102.5,0.0,0.0,0.0,0.0,0.0,0.0,0.0,0.0,0.0,0.0,132.5,162.5,102.5,57.5,27.5
2024-09-10 00:00:00+00:00,167.5,287.5,47.5,-282.5,-402.5,-165.0,-75.0,-255.0,-410.0,-470.0,-52.5,37.5,-142.5,-152.5,-242.5,260.0,350.0,170.0,647.5,557.5,347.5,437.5,257.5,947.5,857.5,190.0,250.0,130.0,715.0,655.0,377.5,437.5,317.5,652.5,592.5,20.0,50.0,-10.0,195.0,165.0,107.5,137.5,77.5,495.0,465.0,0.0,0.0,0.0,0.0,0.0,582.5,612.5,552.5,645.0,615.0
2024-09-11 00:00:00+00:00,-530.0,-350.0,-710.0,-192.5,-372.5,250.0,400.0,100.0,50.0,-100.0,452.5,512.5,392.5,515.0,455.0,530.0,650.0,410.0,442.5,322.5,397.5,487.5,307.5,272.5,182.5,90.0,150.0,30.0,115.0,55.0,505.0,625.0,385.0,355.0,235.0,415.0,475.0,355.0,240.0,180.0,0.0,0.0,0.0,0.0,0.0,0.0,0.0,0.0,0.0,0.0,670.0,700.0,640.0,670.0,640.0
2024-09-12 00:00:00+00:00,-232.5,-112.5,-352.5,-457.5,-577.5,-10.0,50.0,-70.0,-122.5,-182.5,-222.5,-162.5,-282.5,-247.5,-307.5,105.0,225.0,-15.0,230.0,110.0,-65.0,25.0,-155.0,147.5,57.5,-122.5,-62.5,-182.5,-22.5,-82.5,90.0,150.0,30.0,402.5,342.5,202.5,262.5,142.5,390.0,330.0,95.0,125.0,65.0,220.0,190.0,0.0,0.0,0.0,0.0,0.0,7.5,37.5,-22.5,145.0,115.0
2024-09-13 00:00:00+00:00,-572.5,-362.5,-782.5,-460.0,-670.0,-2.5,87.5,-92.5,-127.5,-217.5,52.5,112.5,-7.5,-85.0,-145.0,92.5,212.5,-27.5,192.5,72.5,185.0,275.0,95.0,210.0,120.0,45.0,75.0,15.0,132.5,102.5,40.0,100.0,-20.0,190.0,130.0,40.0,100.0,-20.0,190.0,130.0,40.0,100.0,-20.0,190.0,130.0,0.0,0.0,0.0,0.0,0.0,120.0,150.0,90.0,120.0,90.0
2024-09-16 00:00:00+00:00,-232.5,-112.5,-352.5,-307.5,-427.5,-247.5,-187.5,-307.5,-335.0,-395.0,-157.5,-37.5,-277.5,-332.5,-452.5,-307.5,-187.5,-427.5,-257.5,-377.5,-227.5,-137.5,-317.5,-215.0,-305.0,-127.5,-37.5,-217.5,-40.0,-130.0,-235.0,-175.0,-295.0,-110.0,-170.0,-185.0,-125.0,-245.0,-72.5,-132.5,-72.5,-12.5,-132.5,-117.5,-147.5,0.0,0.0,0.0,0.0,0.0,-317.5,-287.5,-347.5,-442.5,-472.5
2024-09-17 00:00:00+00:00,167.5,287.5,47.5,117.5,-2.5,290.0,350.0,230.0,127.5,67.5,257.5,287.5,227.5,107.5,77.5,-317.5,-287.5,-347.5,-167.5,-197.5,-317.5,-287.5,-347.5,-167.5,-197.5,-230.0,-200.0,-260.0,-5.0,-35.0,-55.0,-25.0,-85.0,270.0,240.0,-55.0,-25.0,-85.0,270.0,240.0,-55.0,-25.0,-85.0,270.0,240.0,0.0,0.0,0.0,0.0,0.0,332.5,362.5,302.5,407.5,377.5
2024-09-18 00:00:00+00:00,-25.0,125.0,-175.0,-87.5,-237.5,22.5,112.5,-67.5,85.0,-5.0,165.0,225.0,105.0,90.0,30.0,35.0,125.0,-55.0,-40.0,-130.0,2.5,62.5,-57.5,-22.5,-82.5,-17.5,12.5,-47.5,-30.0,-60.0,-17.5,12.5,-47.5,-30.0,-60.0,0.0,0.0,0.0,0.0,0.0,0.0,0.0,0.0,0.0,0.0,0.0,0.0,0.0,0.0,0.0,82.5,112.5,52.5,32.5,2.5
2024-09-19 00:00:00+00:00,92.5,212.5,-27.5,430.0,310.0,510.0,600.0,420.0,572.5,482.5,795.0,825.0,765.0,645.0,615.0,177.5,237.5,117.5,2.5,-57.5,177.5,237.5,117.5,2.5,-57.5,57.5,87.5,27.5,-55.0,-85.0,182.5,212.5,152.5,132.5,102.5,0.0,0.0,0.0,0.0,0.0,0.0,0.0,0.0,0.0,0.0,0.0,0.0,0.0,0.0,0.0,807.5,837.5,777.5,570.0,540.0
2024-09-23 00:00:00+00:00,-132.5,-12.5,-252.5,-182.5,-302.5,-40.0,50.0,-130.0,10.0,-80.0,27.5,87.5,-32.5,115.0,55.0,-90.0,0.0,-180.0,-152.5,-242.5,-90.0,0.0,-180.0,-152.5,-242.5,-35.0,25.0,-95.0,-10.0,-70.0,77.5,137.5,17.5,77.5,17.5,140.0,200.0,80.0,190.0,130.0,7.5,37.5,-22.5,170.0,140.0,0.0,0.0,0.0,0.0,0.0,245.0,275.0,215.0,282.5,252.5
2024-09-24 00:00:00+00:00,117.5,237.5,-2.5,-45.0,-165.0,-447.5,-387.5,-507.5,-397.5,-457.5,-335.0,-275.0,-395.0,-385.0,-445.0,-615.0,-525.0,-705.0,-415.0,-505.0,-552.5,-462.5,-642.5,-402.5,-492.5,-610.0,-550.0,-670.0,-435.0,-495.0,-222.5,-162.5,-282.5,-85.0,-145.0,-222.5,-162.5,-282.5,-85.0,-145.0,-122.5,-62.5,-182.5,152.5,92.5,0.0,0.0,0.0,0.0,0.0,-467.5,-437.5,-497.5,-542.5,-572.5
2024-09-25 00:00:00+00:00,0.0,150.0,-150.0,-362.5,-512.5,-52.5,37.5,-142.5,-165.0,-255.0,-140.0,-50.0,-230.0,-127.5,-217.5,92.5,212.5,-27.5,472.5,382.5,22.5,112.5,-67.5,340.0,280.0,190.0,250.0,130.0,340.0,280.0,107.5,137.5,77.5,182.5,152.5,107.5,137.5,77.5,182.5,152.5,157.5,187.5,127.5,107.5,77.5,0.0,0.0,0.0,0.0,0.0,232.5,262.5,202.5,320.0,290.0
2024-09-26 00:00:00+00:00,-170.0,-50.0,-290.0,-257.5,-377.5,-72.5,-12.5,-132.5,-222.5,-282.5,-207.5,-87.5,-327.5,-170.0,-290.0,110.0,200.0,20.0,-2.5,-92.5,177.5,237.5,117.5,52.5,-7.5,0.0,0.0,0.0,0.0,0.0,122.5,212.5,32.5,222.5,132.5,177.5,237.5,117.5,152.5,92.5,45.0,75.0,15.0,120.0,90.0,0.0,0.0,0.0,0.0,0.0,-17.5,12.5,-47.5,-30.0,-60.0
2024-09-27 00:00:00+00:00,-250.0,-100.0,-400.0,-25.0,-175.0,-245.0,-125.0,-365.0,17.5,-102.5,-115.0,-25.0,-205.0,-177.5,-267.5,85.0,175.0,-5.0,-15.0,-105.0,-22.5,37.5,-82.5,-85.0,-145.0,0.0,0.0,0.0,0.0,0.0,110.0,200.0,20.0,-52.5,-142.5,-17.5,12.5,-47.5,-67.5,-97.5,-5.0,25.0,-35.0,-92.5,-122.5,0.0,0.0,0.0,0.0,0.0,170.0,200.0,140.0,232.5,202.5
2024-09-30 00:00:00+00:00,-382.5,-262.5,-502.5,-557.5,-677.5,-182.5,-62.5,-302.5,-207.5,-327.5,-210.0,-150.0,-270.0,-247.5,-307.5,-345.0,-225.0,-465.0,-195.0,-315.0,-340.0,-250.0,-430.0,-240.0,-330.0,60.0,150.0,-30.0,-102.5,-192.5,-760.0,-700.0,-820.0,-485.0,-545.0,-760.0,-700.0,-820.0,-485.0,-545.0,-397.5,-337.5,-457.5,-522.5,-582.5,0.0,0.0,0.0,0.0,0.0,-667.5,-637.5,-697.5,-617.5,-647.5
2024-10-01 00:00:00+00:00,165.0,225.0,105.0,40.0,-20.0,177.5,237.5,117.5,-10.0,-70.0,182.5,212.5,152.5,32.5,2.5,-197.5,-137.5,-257.5,-85.0,-145.0,-135.0,-75.0,-195.0,145.0,115.0,-192.5,-162.5,-222.5,0.0,0.0,-135.0,-75.0,-195.0,145.0,115.0,-160.0,-100.0,-220.0,170.0,140.0,32.5,62.5,2.5,170.0,140.0,0.0,0.0,0.0,0.0,0.0,95.0,125.0,65.0,95.0,65.0
2024-10-02 00:00:00+00:00,105.0,225.0,-15.0,-240.0,-330.0,202.5,262.5,142.5,-147.5,-207.5,102.5,162.5,42.5,157.5,127.5,-2.5,87.5,-92.5,260.0,170.0,247.5,337.5,157.5,-15.0,-105.0,335.0,425.0,245.0,47.5,-42.5,35.0,125.0,-55.0,-340.0,-430.0,-97.5,-37.5,-157.5,-122.5,-182.5,-380.0,-350.0,-410.0,-255.0,-285.0,0.0,0.0,0.0,0.0,0.0,-105.0,-75.0,-135.0,-192.5,-222.5
2024-10-03 00:00:00+00:00,-400.0,-250.0,-550.0,-212.5,-362.5,45.0,225.0,-135.0,657.5,477.5,155.0,275.0,35.0,280.0,160.0,342.5,462.5,222.5,192.5,72.5,342.5,462.5,222.5,192.5,72.5,115.0,175.0,55.0,52.5,-7.5,247.5,337.5,157.5,285.0,195.0,120.0,150.0,90.0,120.0,90.0,120.0,150.0,90.0,120.0,90.0,0.0,0.0,0.0,0.0,0.0,607.5,637.5,577.5,770.0,740.0
2024-10-04 00:00:00+00:00,-12.5,137.5,-162.5,212.5,62.5,0.0,150.0,-150.0,125.0,-25.0,422.5,512.5,332.5,385.0,295.0,202.5,262.5,142.5,15.0,-45.0,202.5,262.5,142.5,15.0,-45.0,202.5,262.5,142.5,15.0,-45.0,272.5,362.5,182.5,-27.5,-117.5,120.0,150.0,90.0,-30.0,-60.0,120.0,150.0,90.0,-30.0,-60.0,0.0,0.0,0.0,0.0,0.0,695.0,725.0,665.0,595.0,565.0
2024-10-07 00:00:00+00:00,-575.0,-425.0,-725.0,-95.0,-215.0,-415.0,-325.0,-505.0,-77.5,-167.5,132.5,162.5,102.5,257.5,227.5,122.5,212.5,32.5,97.5,7.5,122.5,212.5,32.5,97.5,7.5,115.0,175.0,55.0,90.0,30.0,-35.0,25.0,-95.0,-22.5,-82.5,-92.5,-62.5,-122.5,57.5,27.5,-92.5,-62.5,-122.5,57.5,27.5,0.0,0.0,0.0,0.0,0.0,82.5,112.5,52.5,307.5,277.5
2024-10-08 00:00:00+00:00,242.5,362.5,122.5,55.0,-65.0,167.5,287.5,47.5,80.0,-40.0,285.0,375.0,195.0,272.5,182.5,230.0,350.0,110.0,142.5,22.5,240.0,300.0,180.0,315.0,255.0,240.0,300.0,180.0,315.0,255.0,335.0,425.0,245.0,65.0,5.0,132.5,162.5,102.5,207.5,177.5,132.5,162.5,102.5,207.5,177.5,0.0,0.0,0.0,0.0,0.0,682.5,712.5,652.5,445.0,415.0
2024-10-09 00:00:00+00:00,160.0,250.0,70.0,-15.0,-105.0,277.5,337.5,217.5,202.5,142.5,357.5,387.5,327.5,282.5,252.5,2.5,62.5,-57.5,52.5,-7.5,52.5,112.5,-7.5,77.5,17.5,0.0,0.0,0.0,0.0,0.0,57.5,87.5,27.5,-42.5,-72.5,57.5,87.5,27.5,-42.5,-72.5,0.0,0.0,0.0,0.0,0.0,0.0,0.0,0.0,0.0,0.0,407.5,437.5,377.5,382.5,352.5
2024-10-10 00:00:00+00:00,-262.5,-112.5,-412.5,-325.0,-475.0,2.5,62.5,-57.5,2.5,-57.5,-415.0,-325.0,-505.0,-190.0,-280.0,130.0,250.0,10.0,155.0,35.0,147.5,237.5,57.5,72.5,-17.5,147.5,237.5,57.5,72.5,-17.5,197.5,287.5,107.5,285.0,195.0,260.0,350.0,170.0,197.5,107.5,177.5,237.5,117.5,177.5,117.5,0.0,0.0,0.0,0.0,0.0,157.5,187.5,127.5,220.0,190.0
2024-10-11 00:00:00+00:00,-32.5,87.5,-152.5,-332.5,-452.5,10.0,100.0,-80.0,35.0,-55.0,-2.5,87.5,-92.5,72.5,-17.5,125.0,275.0,-25.0,150.0,0.0,40.0,100.0,-20.0,2.5,-57.5,57.5,87.5,27.5,70.0,40.0,272.5,362.5,182.5,110.0,20.0,190.0,250.0,130.0,52.5,-7.5,132.5,162.5,102.5,-17.5,-47.5,0.0,0.0,0.0,0.0,0.0,257.5,287.5,227.5,120.0,90.0
2024-10-14 00:00:00+00:00,55.0,175.0,-65.0,5.0,-115.0,65.0,125.0,5.0,77.5,17.5,15.0,75.0,-45.0,-60.0,-120.0,-85.0,-25.0,-145.0,-60.0,-120.0,-10.0,50.0,-70.0,-72.5,-132.5,-67.5,-37.5,-97.5,45.0,15.0,102.5,162.5,42.5,65.0,5.0,152.5,212.5,92.5,52.5,-7.5,45.0,75.0,15.0,70.0,40.0,0.0,0.0,0.0,0.0,0.0,270.0,300.0,240.0,95.0,65.0
2024-10-15 00:00:00+00:00,-267.5,-87.5,-447.5,-17.5,-197.5,-357.5,-237.5,-477.5,-432.5,-552.5,-270.0,-150.0,-390.0,-320.0,-440.0,132.5,312.5,-47.5,7.5,-172.5,225.0,375.0,75.0,-50.0,-200.0,197.5,287.5,107.5,-77.5,-167.5,205.0,325.0,85.0,30.0,-90.0,95.0,125.0,65.0,120.0,90.0,70.0,100.0,40.0,-42.5,-72.5,0.0,0.0,0.0,0.0,0.0,7.5,37.5,-22.5,157.5,127.5
2024-10-16 00:00:00+00:00,-200.0,-50.0,-350.0,-150.0,-300.0,-32.5,87.5,-152.5,-232.5,-352.5,-87.5,62.5,-237.5,-250.0,-400.0,47.5,137.5,-42.5,22.5,-67.5,57.5,87.5,27.5,-5.0,-35.0,0.0,0.0,0.0,0.0,0.0,110.0,200.0,20.0,-2.5,-92.5,-30.0,0.0,-60.0,-30.0,-60.0,0.0,0.0,0.0,0.0,0.0,0.0,0.0,0.0,0.0,0.0,132.5,162.5,102.5,120.0,90.0
2024-10-17 00:00:00+00:00,-255.0,-75.0,-435.0,-155.0,-335.0,-282.5,-162.5,-402.5,-70.0,-190.0,77.5,137.5,17.5,2.5,-57.5,135.0,225.0,45.0,85.0,-5.0,177.5,237.5,117.5,77.5,17.5,177.5,237.5,117.5,77.5,17.5,252.5,312.5,192.5,140.0,80.0,132.5,162.5,102.5,170.0,140.0,132.5,162.5,102.5,170.0,140.0,0.0,0.0,0.0,0.0,0.0,20.0,50.0,-10.0,32.5,2.5
2024-10-18 00:00:00+00:00,-312.5,-162.5,-462.5,-62.5,-212.5,-145.0,-25.0,-265.0,-232.5,-352.5,12.5,162.5,-137.5,-137.5,-287.5,217.5,337.5,97.5,-20.0,-140.0,217.5,337.5,97.5,-20.0,-140.0,20.0,50.0,-10.0,-117.5,-147.5,-2.5,87.5,-92.5,10.0,-80.0,-67.5,-37.5,-97.5,-30.0,-60.0,-55.0,-25.0,-85.0,-80.0,-110.0,0.0,0.0,0.0,0.0,0.0,107.5,137.5,77.5,57.5,27.5
2024-10-21 00:00:00+00:00,-607.5,-487.5,-727.5,-445.0,-565.0,-357.5,-237.5,-477.5,-420.0,-540.0,-210.0,-150.0,-270.0,-297.5,-357.5,-670.0,-550.0,-790.0,-682.5,-802.5,-670.0,-550.0,-790.0,-682.5,-802.5,-597.5,-537.5,-657.5,-447.5,-507.5,-797.5,-737.5,-857.5,-847.5,-907.5,-672.5,-612.5,-732.5,-560.0,-620.0,-622.5,-562.5,-682.5,-422.5,-482.5,0.0,0.0,0.0,0.0,0.0,-930.0,-900.0,-960.0,-892.5,-922.5
2024-10-22 00:00:00+00:00,-295.0,-175.0,-415.0,-332.5,-452.5,-272.5,-212.5,-332.5,-97.5,-157.5,-352.5,-262.5,-442.5,-10.0,-70.0,-215.0,-125.0,-305.0,-177.5,-267.5,-190.0,-100.0,-280.0,-127.5,-217.5,265.0,325.0,205.0,-10.0,-70.0,-147.5,-87.5,-207.5,-185.0,-245.0,-330.0,-300.0,-360.0,-205.0,-235.0,-330.0,-300.0,-360.0,-205.0,-235.0,0.0,0.0,0.0,0.0,0.0,-342.5,-312.5,-372.5,-255.0,-285.0
2024-10-23 00:00:00+00:00,-145.0,-25.0,-265.0,-357.5,-477.5,-97.5,-37.5,-157.5,-235.0,-295.0,-327.5,-237.5,-417.5,-177.5,-267.5,-202.5,-112.5,-292.5,-202.5,-292.5,-280.0,-250.0,-310.0,-167.5,-197.5,-217.5,-187.5,-247.5,-180.0,-210.0,-185.0,-125.0,-245.0,-147.5,-207.5,-122.5,-62.5,-182.5,-160.0,-220.0,-230.0,-200.0,-260.0,-155.0,-185.0,0.0,0.0,0.0,0.0,0.0,-192.5,-162.5,-222.5,-280.0,-310.0
2024-10-25 00:00:00+00:00,145.0,325.0,-35.0,70.0,-110.0,-145.0,-25.0,-265.0,-182.5,-302.5,15.0,75.0,-45.0,-85.0,-145.0,-27.5,62.5,-117.5,72.5,-17.5,15.0,75.0,-45.0,115.0,55.0,-17.5,12.5,-47.5,57.5,27.5,7.5,37.5,-22.5,145.0,115.0,7.5,37.5,-22.5,145.0,115.0,7.5,37.5,-22.5,145.0,115.0,0.0,0.0,0.0,0.0,0.0,295.0,325.0,265.0,220.0,190.0
2024-10-28 00:00:00+00:00,-162.5,-12.5,-312.5,-250.0,-400.0,35.0,125.0,-55.0,-315.0,-405.0,-227.5,-137.5,-317.5,-290.0,-380.0,-432.5,-312.5,-552.5,-315.0,-405.0,-240.0,-150.0,-330.0,-290.0,-380.0,-115.0,-25.0,-205.0,-102.5,-192.5,-290.0,-200.0,-380.0,-377.5,-467.5,-335.0,-275.0,-395.0,-185.0,-245.0,-97.5,-37.5,-157.5,-60.0,-120.0,0.0,0.0,0.0,0.0,0.0,-442.5,-412.5,-472.5,-480.0,-510.0
2024-10-29 00:00:00+00:00,-170.0,-50.0,-290.0,-302.5,-392.5,-557.5,-437.5,-677.5,-120.0,-240.0,-207.5,-87.5,-327.5,17.5,-102.5,-90.0,0.0,-180.0,-127.5,-217.5,-65.0,25.0,-155.0,-190.0,-280.0,122.5,212.5,32.5,-165.0,-255.0,85.0,175.0,-5.0,-102.5,-192.5,197.5,287.5,107.5,35.0,-55.0,152.5,212.5,92.5,-35.0,-95.0,0.0,0.0,0.0,0.0,0.0,-392.5,-362.5,-422.5,-330.0,-360.0
2024-10-30 00:00:00+00:00,-370.0,-250.0,-490.0,-507.5,-627.5,-515.0,-425.0,-605.0,-552.5,-642.5,47.5,137.5,-42.5,85.0,-5.0,105.0,225.0,-15.0,-82.5,-202.5,105.0,225.0,-15.0,-82.5,-202.5,177.5,237.5,117.5,140.0,80.0,147.5,237.5,57.5,110.0,20.0,147.5,237.5,57.5,110.0,20.0,172.5,262.5,82.5,22.5,-67.5,0.0,0.0,0.0,0.0,0.0,-455.0,-425.0,-485.0,-380.0,-410.0
2024-10-31 00:00:00+00:00,12.5,162.5,-137.5,-237.5,-387.5,92.5,212.5,-27.5,17.5,-102.5,35.0,125.0,-55.0,335.0,245.0,52.5,112.5,-7.5,140.0,80.0,52.5,112.5,-7.5,140.0,80.0,0.0,0.0,0.0,0.0,0.0,82.5,112.5,52.5,45.0,15.0,82.5,112.5,52.5,45.0,15.0,0.0,0.0,0.0,0.0,0.0,0.0,0.0,0.0,0.0,0.0,370.0,400.0,340.0,507.5,477.5
2024-11-01 00:00:00+00:00,130.0,250.0,10.0,-157.5,-277.5,-132.5,-12.5,-252.5,-257.5,-377.5,30.0,150.0,-90.0,142.5,22.5,135.0,225.0,45.0,210.0,120.0,135.0,225.0,45.0,210.0,120.0,57.5,87.5,27.5,145.0,115.0,65.0,125.0,5.0,15.0,-45.0,95.0,125.0,65.0,7.5,-22.5,0.0,0.0,0.0,0.0,0.0,0.0,0.0,0.0,0.0,0.0,270.0,300.0,240.0,357.5,327.5
2024-11-04 00:00:00+00:00,280.0,400.0,160.0,267.5,147.5,140.0,200.0,80.0,90.0,30.0,302.5,362.5,242.5,115.0,55.0,-122.5,-62.5,-182.5,-60.0,-120.0,-122.5,-62.5,-182.5,-60.0,-120.0,152.5,212.5,92.5,65.0,5.0,140.0,200.0,80.0,90.0,30.0,177.5,237.5,117.5,127.5,67.5,32.5,62.5,2.5,0.0,0.0,0.0,0.0,0.0,0.0,0.0,395.0,425.0,365.0,270.0,240.0
2024-11-05 00:00:00+00:00,-57.5,62.5,-177.5,-195.0,-315.0,30.0,150.0,-90.0,42.5,-77.5,-60.0,0.0,-120.0,-110.0,-170.0,72.5,162.5,-17.5,122.5,32.5,-22.5,37.5,-82.5,90.0,30.0,7.5,37.5,-22.5,45.0,15.0,-67.5,-37.5,-97.5,-80.0,-110.0,-30.0,0.0,-60.0,70.0,40.0,70.0,100.0,40.0,95.0,65.0,0.0,0.0,0.0,0.0,0.0,120.0,150.0,90.0,132.5,102.5
2024-11-06 00:00:00+00:00,-300.0,-150.0,-450.0,-375.0,-525.0,-582.5,-462.5,-702.5,-152.5,-242.5,-402.5,-312.5,-492.5,-277.5,-367.5,102.5,162.5,42.5,152.5,92.5,215.0,275.0,155.0,252.5,192.5,82.5,112.5,52.5,132.5,102.5,95.0,125.0,65.0,170.0,140.0,95.0,125.0,65.0,170.0,140.0,95.0,125.0,65.0,170.0,140.0,0.0,0.0,0.0,0.0,0.0,-467.5,-437.5,-497.5,-842.5,-872.5
2024-11-07 00:00:00+00:00,-332.5,-212.5,-452.5,-207.5,-327.5,-277.5,-187.5,-367.5,-265.0,-355.0,-162.5,-12.5,-312.5,-125.0,-275.0,205.0,325.0,85.0,-70.0,-190.0,205.0,325.0,85.0,-70.0,-190.0,215.0,275.0,155.0,15.0,-45.0,355.0,475.0,235.0,5.0,-115.0,327.5,387.5,267.5,65.0,5.0,132.5,162.5,102.5,107.5,77.5,0.0,0.0,0.0,0.0,0.0,70.0,100.0,40.0,220.0,190.0
2024-11-08 00:00:00+00:00,180.0,300.0,60.0,67.5,-52.5,-10.0,50.0,-70.0,52.5,-7.5,-185.0,-125.0,-245.0,-322.5,-382.5,-702.5,-612.5,-792.5,-640.0,-730.0,-785.0,-725.0,-845.0,-722.5,-782.5,-830.0,-800.0,-860.0,-867.5,-897.5,-597.5,-537.5,-657.5,-385.0,-445.0,-642.5,-612.5,-672.5,-530.0,-560.0,-642.5,-612.5,-672.5,-530.0,-560.0,0.0,0.0,0.0,0.0,0.0,-517.5,-487.5,-547.5,-480.0,-510.0
2024-11-11 00:00:00+00:00,-205.0,-25.0,-385.0,-355.0,-535.0,-120.0,0.0,-240.0,-152.5,-242.5,-27.5,62.5,-117.5,-27.5,-117.5,-90.0,0.0,-180.0,110.0,20.0,-90.0,0.0,-180.0,110.0,20.0,-72.5,-12.5,-132.5,-35.0,-95.0,-27.5,62.5,-117.5,60.0,-30.0,35.0,125.0,-55.0,85.0,-5.0,15.0,75.0,-45.0,52.5,-7.5,0.0,0.0,0.0,0.0,0.0,57.5,87.5,27.5,70.0,40.0
2024-11-12 00:00:00+00:00,-200.0,-50.0,-350.0,62.5,-87.5,-232.5,-112.5,-352.5,-195.0,-315.0,-395.0,-275.0,-515.0,-457.5,-577.5,-360.0,-300.0,-420.0,-347.5,-407.5,-335.0,-275.0,-395.0,-260.0,-320.0,-185.0,-125.0,-245.0,-272.5,-332.5,-260.0,-200.0,-320.0,-385.0,-445.0,-272.5,-212.5,-332.5,-385.0,-445.0,-167.5,-137.5,-197.5,-242.5,-272.5,0.0,0.0,0.0,0.0,0.0,-355.0,-325.0,-385.0,-442.5,-472.5
2024-11-13 00:00:00+00:00,-207.5,-87.5,-327.5,-245.0,-365.0,-72.5,-12.5,-132.5,-47.5,-107.5,-42.5,-12.5,-72.5,-67.5,-97.5,-255.0,-225.0,-285.0,-255.0,-285.0,-255.0,-225.0,-285.0,-255.0,-285.0,-255.0,-225.0,-285.0,-255.0,-285.0,-455.0,-425.0,-485.0,-455.0,-485.0,-405.0,-375.0,-435.0,-405.0,-435.0,-342.5,-312.5,-372.5,-367.5,-397.5,0.0,0.0,0.0,0.0,0.0,-417.5,-387.5,-447.5,-442.5,-472.5
2024-11-14 00:00:00+00:00,-430.0,-250.0,-610.0,-192.5,-372.5,-295.0,-175.0,-415.0,-170.0,-290.0,-342.5,-162.5,-522.5,-380.0,-560.0,5.0,125.0,-115.0,-270.0,-390.0,142.5,262.5,22.5,-107.5,-227.5,32.5,62.5,2.5,107.5,77.5,275.0,425.0,125.0,-100.0,-250.0,57.5,87.5,27.5,57.5,27.5,57.5,87.5,27.5,57.5,27.5,0.0,0.0,0.0,0.0,0.0,57.5,87.5,27.5,-67.5,-97.5
2024-11-15 00:00:00+00:00,-180.0,0.0,-360.0,-155.0,-335.0,-355.0,-175.0,-535.0,-292.5,-472.5,-145.0,-25.0,-265.0,30.0,-90.0,222.5,312.5,132.5,185.0,95.0,65.0,125.0,5.0,165.0,105.0,0.0,0.0,0.0,0.0,0.0,52.5,112.5,-7.5,177.5,117.5,52.5,112.5,-7.5,177.5,117.5,2.5,62.5,-57.5,127.5,67.5,0.0,0.0,0.0,0.0,0.0,70.0,100.0,40.0,195.0,165.0
2024-11-18 00:00:00+00:00,-320.0,-200.0,-440.0,105.0,-15.0,27.5,87.5,-32.5,15.0,-45.0,-465.0,-375.0,-555.0,-340.0,-430.0,-170.0,-50.0,-290.0,-407.5,-527.5,-177.5,-87.5,-267.5,-427.5,-517.5,-272.5,-212.5,-332.5,-397.5,-457.5,-80.0,-50.0,-110.0,-230.0,-260.0,-80.0,-50.0,-110.0,-230.0,-260.0,-80.0,-50.0,-110.0,-230.0,-260.0,0.0,0.0,0.0,0.0,0.0,-442.5,-412.5,-472.5,-130.0,-160.0
2024-11-19 00:00:00+00:00,-825.0,-675.0,-975.0,-1137.5,-1287.5,-477.5,-387.5,-567.5,-477.5,-567.5,195.0,225.0,165.0,45.0,15.0,-697.5,-637.5,-757.5,-785.0,-845.0,-697.5,-637.5,-757.5,-785.0,-845.0,-792.5,-762.5,-822.5,-792.5,-822.5,-1085.0,-1025.0,-1145.0,-1060.0,-1120.0,-705.0,-675.0,-735.0,-392.5,-422.5,257.5,287.5,227.5,345.0,315.0,0.0,0.0,0.0,0.0,0.0,-1217.5,-1187.5,-1247.5,-1180.0,-1210.0
2024-11-20 00:00:00+00:00,-265.0,-175.0,-355.0,-652.5,-742.5,-310.0,-250.0,-370.0,-485.0,-545.0,-340.0,-250.0,-430.0,-415.0,-505.0,-147.5,-87.5,-207.5,-147.5,-207.5,-147.5,-87.5,-207.5,-147.5,-207.5,290.0,350.0,230.0,252.5,192.5,-77.5,12.5,-167.5,47.5,-42.5,115.0,175.0,55.0,102.5,42.5,115.0,175.0,55.0,102.5,42.5,0.0,0.0,0.0,0.0,0.0,-305.0,-275.0,-335.0,-255.0,-285.0
2024-11-21 00:00:00+00:00,650.0,800.0,500.0,500.0,350.0,822.5,912.5,732.5,860.0,770.0,1045.0,1075.0,1015.0,1107.5,1077.5,-67.5,-37.5,-97.5,120.0,90.0,145.0,175.0,115.0,45.0,15.0,0.0,0.0,0.0,0.0,0.0,-130.0,-100.0,-160.0,70.0,40.0,-130.0,-100.0,-160.0,70.0,40.0,82.5,112.5,52.5,-5.0,-35.0,0.0,0.0,0.0,0.0,0.0,1107.5,1137.5,1077.5,1145.0,1115.0
2024-11-22 00:00:00+00:00,-465.0,-375.0,-555.0,-665.0,-755.0,-285.0,-225.0,-345.0,-460.0,-520.0,-60.0,0.0,-120.0,-322.5,-382.5,-352.5,-262.5,-442.5,-302.5,-392.5,-352.5,-262.5,-442.5,-302.5,-392.5,-447.5,-387.5,-507.5,-210.0,-270.0,-152.5,-62.5,-242.5,-402.5,-492.5,-397.5,-337.5,-457.5,-610.0,-670.0,-580.0,-550.0,-610.0,-542.5,-572.5,0.0,0.0,0.0,0.0,0.0,-680.0,-650.0,-710.0,-567.5,-597.5
2024-11-25 00:00:00+00:00,-112.5,37.5,-262.5,-137.5,-287.5,-10.0,50.0,-70.0,-22.5,-82.5,140.0,200.0,80.0,102.5,42.5,180.0,300.0,60.0,230.0,110.0,155.0,275.0,35.0,167.5,47.5,82.5,112.5,52.5,82.5,52.5,135.0,225.0,45.0,235.0,145.0,82.5,112.5,52.5,95.0,65.0,82.5,112.5,52.5,95.0,65.0,0.0,0.0,0.0,0.0,0.0,282.5,312.5,252.5,257.5,227.5
2024-11-26 00:00:00+00:00,87.5,237.5,-62.5,-262.5,-412.5,-470.0,-350.0,-590.0,-370.0,-490.0,190.0,250.0,130.0,340.0,280.0,227.5,287.5,167.5,365.0,305.0,227.5,287.5,167.5,365.0,305.0,227.5,287.5,167.5,365.0,305.0,207.5,237.5,177.5,345.0,315.0,207.5,237.5,177.5,345.0,315.0,120.0,150.0,90.0,195.0,165.0,0.0,0.0,0.0,0.0,0.0,757.5,787.5,727.5,720.0,690.0
2024-11-27 00:00:00+00:00,-382.5,-262.5,-502.5,-345.0,-465.0,-662.5,-512.5,-812.5,-325.0,-475.0,-247.5,-187.5,-307.5,-260.0,-320.0,160.0,250.0,70.0,-202.5,-292.5,65.0,125.0,5.0,27.5,-32.5,127.5,187.5,67.5,-47.5,-107.5,197.5,287.5,107.5,-140.0,-230.0,152.5,212.5,92.5,190.0,130.0,215.0,275.0,155.0,115.0,55.0,0.0,0.0,0.0,0.0,0.0,-67.5,-37.5,-97.5,-142.5,-172.5
2024-11-28 00:00:00+00:00,-137.5,12.5,-287.5,-137.5,-287.5,-157.5,-37.5,-277.5,-107.5,-227.5,-220.0,-100.0,-340.0,-220.0,-340.0,-82.5,37.5,-202.5,-15.0,-105.0,-77.5,12.5,-167.5,2.5,-57.5,-77.5,12.5,-167.5,2.5,-57.5,-60.0,0.0,-120.0,2.5,-57.5,-60.0,0.0,-120.0,2.5,-57.5,-5.0,25.0,-35.0,32.5,2.5,0.0,0.0,0.0,0.0,0.0,32.5,62.5,2.5,57.5,27.5
2024-11-29 00:00:00+00:00,-117.5,62.5,-297.5,-187.5,-337.5,-152.5,-62.5,-242.5,-202.5,-292.5,40.0,100.0,-20.0,-122.5,-182.5,-107.5,12.5,-227.5,-57.5,-177.5,-102.5,-12.5,-192.5,22.5,-67.5,45.0,75.0,15.0,7.5,-22.5,-72.5,-12.5,-132.5,15.0,-45.0,-42.5,-12.5,-72.5,20.0,-10.0,57.5,87.5,27.5,-5.0,-35.0,0.0,0.0,0.0,0.0,0.0,70.0,100.0,40.0,-42.5,-72.5
2024-12-02 00:00:00+00:00,-415.0,-175.0,-655.0,-165.0,-405.0,-190.0,-100.0,-280.0,-102.5,-192.5,-182.5,-62.5,-302.5,-107.5,-227.5,-65.0,25.0,-155.0,-77.5,-167.5,-65.0,25.0,-155.0,-77.5,-167.5,32.5,62.5,2.5,20.0,-10.0,32.5,62.5,2.5,20.0,-10.0,32.5,62.5,2.5,20.0,-10.0,32.5,62.5,2.5,20.0,-10.0,0.0,0.0,0.0,0.0,0.0,7.5,37.5,-22.5,70.0,40.0
2024-12-03 00:00:00+00:00,-175.0,-25.0,-325.0,-162.5,-312.5,-227.5,-137.5,-317.5,-215.0,-305.0,-122.5,-62.5,-182.5,-122.5,-182.5,-215.0,-125.0,-305.0,-190.0,-280.0,-222.5,-162.5,-282.5,-172.5,-232.5,-135.0,-75.0,-195.0,-147.5,-207.5,-160.0,-100.0,-220.0,-122.5,-182.5,-135.0,-75.0,-195.0,-147.5,-207.5,-97.5,-37.5,-157.5,-110.0,-170.0,0.0,0.0,0.0,0.0,0.0,-155.0,-125.0,-185.0,-117.5,-147.5
2024-12-04 00:00:00+00:00,-250.0,-100.0,-400.0,-75.0,-225.0,-145.0,-25.0,-265.0,-165.0,-255.0,10.0,100.0,-80.0,172.5,82.5,10.0,100.0,-80.0,47.5,-42.5,-35.0,25.0,-95.0,-10.0,-70.0,-55.0,-25.0,-85.0,-17.5,-47.5,15.0,75.0,-45.0,52.5,-7.5,7.5,37.5,-22.5,70.0,40.0,70.0,100.0,40.0,95.0,65.0,0.0,0.0,0.0,0.0,0.0,70.0,100.0,40.0,170.0,140.0
2024-12-05 00:00:00+00:00,-57.5,62.5,-177.5,-132.5,-252.5,-120.0,0.0,-240.0,-132.5,-252.5,-240.0,-150.0,-330.0,-215.0,-305.0,-182.5,-62.5,-302.5,-107.5,-227.5,-52.5,37.5,-142.5,-102.5,-192.5,-60.0,0.0,-120.0,-72.5,-132.5,-157.5,-37.5,-277.5,-57.5,-177.5,27.5,87.5,-32.5,-35.0,-95.0,52.5,112.5,-7.5,2.5,-57.5,0.0,0.0,0.0,0.0,0.0,20.0,50.0,-10.0,-30.0,-60.0
2024-12-06 00:00:00+00:00,-220.0,-100.0,-340.0,-295.0,-415.0,-290.0,-200.0,-380.0,-402.5,-492.5,-185.0,-125.0,-245.0,-185.0,-245.0,-265.0,-175.0,-355.0,-177.5,-267.5,-265.0,-175.0,-355.0,-177.5,-267.5,-197.5,-137.5,-257.5,-147.5,-207.5,-165.0,-75.0,-255.0,-77.5,-167.5,-90.0,0.0,-180.0,10.0,-80.0,35.0,125.0,-55.0,22.5,-67.5,0.0,0.0,0.0,0.0,0.0,-305.0,-275.0,-335.0,-242.5,-272.5
2024-12-09 00:00:00+00:00,-457.5,-337.5,-577.5,-327.5,-417.5,-197.5,-137.5,-257.5,-172.5,-232.5,-55.0,-25.0,-85.0,-155.0,-185.0,-352.5,-262.5,-442.5,-202.5,-292.5,-302.5,-212.5,-392.5,-327.5,-417.5,-160.0,-100.0,-220.0,-322.5,-382.5,-317.5,-287.5,-347.5,-392.5,-422.5,-317.5,-287.5,-347.5,-392.5,-422.5,-317.5,-287.5,-347.5,-392.5,-422.5,0.0,0.0,0.0,0.0,0.0,-492.5,-462.5,-522.5,-505.0,-535.0
2024-12-10 00:00:00+00:00,360.0,450.0,270.0,272.5,182.5,280.0,400.0,160.0,167.5,47.5,290.0,350.0,230.0,315.0,255.0,2.5,62.5,-57.5,115.0,55.0,2.5,62.5,-57.5,115.0,55.0,-5.0,25.0,-35.0,70.0,40.0,2.5,62.5,-57.5,40.0,-20.0,65.0,125.0,5.0,152.5,92.5,90.0,150.0,30.0,165.0,105.0,0.0,0.0,0.0,0.0,0.0,470.0,500.0,440.0,482.5,452.5
2024-12-11 00:00:00+00:00,-330.0,-150.0,-510.0,-192.5,-372.5,-125.0,25.0,-275.0,-112.5,-262.5,-127.5,-37.5,-217.5,-102.5,-192.5,5.0,125.0,-115.0,-57.5,-177.5,-40.0,50.0,-130.0,-102.5,-192.5,-42.5,-12.5,-72.5,-67.5,-97.5,-40.0,50.0,-130.0,-140.0,-230.0,-30.0,0.0,-60.0,-67.5,-97.5,32.5,62.5,2.5,32.5,2.5,0.0,0.0,0.0,0.0,0.0,45.0,75.0,15.0,7.5,-22.5
2024-12-12 00:00:00+00:00,-380.0,-200.0,-560.0,-130.0,-310.0,-197.5,-137.5,-257.5,-160.0,-220.0,-217.5,-187.5,-247.5,-130.0,-160.0,-95.0,25.0,-215.0,-107.5,-227.5,-77.5,12.5,-167.5,-52.5,-142.5,95.0,125.0,65.0,7.5,-22.5,55.0,175.0,-65.0,67.5,-52.5,122.5,212.5,32.5,-2.5,-92.5,95.0,125.0,65.0,7.5,-22.5,0.0,0.0,0.0,0.0,0.0,-92.5,-62.5,-122.5,-80.0,-110.0
2024-12-13 00:00:00+00:00,-32.5,87.5,-152.5,30.0,-90.0,-62.5,87.5,-212.5,117.5,-2.5,240.0,300.0,180.0,202.5,142.5,105.0,225.0,-15.0,-20.0,-140.0,32.5,62.5,2.5,57.5,27.5,0.0,0.0,0.0,0.0,0.0,0.0,0.0,0.0,0.0,0.0,0.0,0.0,0.0,0.0,0.0,0.0,0.0,0.0,0.0,0.0,0.0,0.0,0.0,0.0,0.0,257.5,287.5,227.5,170.0,140.0
2024-12-16 00:00:00+00:00,177.5,237.5,117.5,177.5,117.5,182.5,212.5,152.5,170.0,140.0,127.5,187.5,67.5,15.0,-45.0,2.5,62.5,-57.5,15.0,-45.0,2.5,62.5,-57.5,15.0,-45.0,-92.5,-62.5,-122.5,-80.0,-110.0,115.0,175.0,55.0,227.5,167.5,115.0,175.0,55.0,227.5,167.5,102.5,162.5,42.5,165.0,105.0,0.0,0.0,0.0,0.0,0.0,382.5,412.5,352.5,407.5,377.5
2024-12-17 00:00:00+00:00,-362.5,-212.5,-512.5,-575.0,-725.0,-470.0,-350.0,-590.0,-657.5,-777.5,-145.0,-25.0,-265.0,-445.0,-565.0,117.5,237.5,-2.5,392.5,272.5,230.0,350.0,110.0,292.5,172.5,215.0,275.0,155.0,290.0,230.0,172.5,262.5,82.5,235.0,145.0,20.0,50.0,-10.0,7.5,-22.5,20.0,50.0,-10.0,7.5,-22.5,0.0,0.0,0.0,0.0,0.0,-17.5,12.5,-47.5,-167.5,-197.5
2024-12-18 00:00:00+00:00,37.5,187.5,-112.5,250.0,100.0,322.5,412.5,232.5,260.0,170.0,257.5,287.5,227.5,232.5,202.5,90.0,150.0,30.0,40.0,-20.0,90.0,150.0,30.0,-35.0,-95.0,0.0,0.0,0.0,0.0,0.0,77.5,137.5,17.5,140.0,80.0,45.0,75.0,15.0,32.5,2.5,45.0,75.0,15.0,-42.5,-72.5,0.0,0.0,0.0,0.0,0.0,432.5,462.5,402.5,382.5,352.5
2024-12-19 00:00:00+00:00,-362.5,-212.5,-512.5,-537.5,-687.5,-670.0,-550.0,-790.0,-420.0,-540.0,-445.0,-325.0,-565.0,-682.5,-802.5,90.0,150.0,30.0,177.5,117.5,90.0,150.0,30.0,177.5,117.5,240.0,300.0,180.0,327.5,267.5,290.0,350.0,230.0,365.0,305.0,290.0,350.0,230.0,365.0,305.0,282.5,312.5,252.5,332.5,302.5,0.0,0.0,0.0,0.0,0.0,170.0,200.0,140.0,32.5,2.5
2024-12-23 00:00:00+00:00,-527.5,-437.5,-617.5,-552.5,-642.5,-352.5,-262.5,-442.5,-390.0,-480.0,-85.0,-25.0,-145.0,40.0,-20.0,-852.5,-762.5,-942.5,-1365.0,-1455.0,-827.5,-737.5,-917.5,-1365.0,-1455.0,-742.5,-712.5,-772.5,-942.5,-972.5,-707.5,-587.5,-827.5,-1395.0,-1515.0,-742.5,-712.5,-772.5,-942.5,-972.5,-742.5,-712.5,-772.5,-942.5,-972.5,0.0,0.0,0.0,0.0,0.0,-1242.5,-1212.5,-1272.5,-1292.5,-1322.5
2024-12-24 00:00:00+00:00,5.0,125.0,-115.0,-207.5,-327.5,140.0,200.0,80.0,-10.0,-70.0,-227.5,-137.5,-317.5,-152.5,-242.5,-207.5,-87.5,-327.5,-132.5,-252.5,-177.5,-87.5,-267.5,-47.5,-107.5,-177.5,-87.5,-267.5,-47.5,-107.5,-185.0,-125.0,-245.0,-17.5,-47.5,82.5,112.5,52.5,82.5,52.5,82.5,112.5,52.5,82.5,52.5,0.0,0.0,0.0,0.0,0.0,70.0,100.0,40.0,-5.0,-35.0
2024-12-26 00:00:00+00:00,-157.5,-37.5,-277.5,-545.0,-665.0,-345.0,-225.0,-465.0,-795.0,-915.0,-5.0,25.0,-35.0,-130.0,-160.0,-507.5,-387.5,-627.5,80.0,-40.0,-507.5,-387.5,-627.5,80.0,-40.0,-132.5,-12.5,-252.5,-7.5,-127.5,-345.0,-225.0,-465.0,167.5,47.5,-152.5,-62.5,-242.5,197.5,107.5,222.5,312.5,132.5,110.0,20.0,0.0,0.0,0.0,0.0,0.0,-505.0,-475.0,-535.0,-242.5,-272.5
2024-12-27 00:00:00+00:00,55.0,175.0,-65.0,-157.5,-277.5,-270.0,-150.0,-390.0,-307.5,-427.5,-182.5,-62.5,-302.5,-257.5,-377.5,22.5,112.5,-67.5,110.0,20.0,60.0,150.0,-30.0,35.0,-55.0,60.0,150.0,-30.0,35.0,-55.0,10.0,100.0,-80.0,-27.5,-117.5,-35.0,25.0,-95.0,-22.5,-82.5,-5.0,25.0,-35.0,57.5,27.5,0.0,0.0,0.0,0.0,0.0,145.0,175.0,115.0,132.5,102.5
2024-12-30 00:00:00+00:00,-25.0,125.0,-175.0,200.0,50.0,-175.0,-25.0,-325.0,-12.5,-162.5,-267.5,-87.5,-447.5,25.0,-125.0,-50.0,100.0,-200.0,-337.5,-487.5,15.0,75.0,-45.0,-97.5,-157.5,45.0,75.0,15.0,-55.0,-85.0,42.5,162.5,-77.5,-295.0,-415.0,27.5,87.5,-32.5,-110.0,-170.0,45.0,75.0,15.0,-55.0,-85.0,0.0,0.0,0.0,0.0,0.0,120.0,150.0,90.0,95.0,65.0
2024-12-31 00:00:00+00:00,972.5,1062.5,882.5,1035.0,945.0,865.0,925.0,805.0,902.5,842.5,440.0,500.0,380.0,315.0,255.0,110.0,200.0,20.0,-65.0,-155.0,65.0,125.0,5.0,77.5,17.5,0.0,0.0,0.0,0.0,0.0,215.0,275.0,155.0,15.0,-45.0,0.0,0.0,0.0,0.0,0.0,0.0,0.0,0.0,0.0,0.0,0.0,0.0,0.0,0.0,0.0,1220.0,1250.0,1190.0,1170.0,1140.0
2025-01-02 00:00:00+00:00,-167.5,12.5,-347.5,-42.5,-222.5,-567.5,-387.5,-747.5,7.5,-172.5,-262.5,-112.5,-412.5,62.5,-87.5,342.5,462.5,222.5,-120.0,-240.0,272.5,362.5,182.5,-277.5,-367.5,272.5,362.5,182.5,-277.5,-367.5,40.0,100.0,-20.0,-210.0,-270.0,40.0,100.0,-20.0,-210.0,-270.0,82.5,112.5,52.5,-55.0,-85.0,0.0,0.0,0.0,0.0,0.0,945.0,975.0,915.0,970.0,940.0
2025-01-03 00:00:00+00:00,125.0,275.0,-25.0,192.5,72.5,427.5,487.5,367.5,307.5,277.5,-67.5,-37.5,-97.5,-80.0,-110.0,-272.5,-212.5,-332.5,-410.0,-470.0,-330.0,-300.0,-360.0,-342.5,-372.5,-330.0,-300.0,-360.0,-342.5,-372.5,-317.5,-287.5,-347.5,-380.0,-410.0,-317.5,-287.5,-347.5,-380.0,-410.0,-317.5,-287.5,-347.5,-380.0,-410.0,0.0,0.0,0.0,0.0,0.0,-117.5,-87.5,-147.5,-167.5,-197.5
2025-01-06 00:00:00+00:00,617.5,737.5,497.5,730.0,610.0,615.0,675.0,555.0,727.5,667.5,602.5,662.5,542.5,652.5,592.5,140.0,200.0,80.0,102.5,42.5,70.0,100.0,40.0,70.0,40.0,70.0,100.0,40.0,45.0,15.0,220.0,250.0,190.0,245.0,215.0,232.5,262.5,202.5,320.0,290.0,232.5,262.5,202.5,320.0,290.0,0.0,0.0,0.0,0.0,0.0,895.0,925.0,865.0,1032.5,1002.5
2025-01-07 00:00:00+00:00,-517.5,-337.5,-697.5,-150.0,-300.0,-87.5,62.5,-237.5,-75.0,-225.0,-502.5,-412.5,-592.5,-335.0,-395.0,255.0,375.0,135.0,317.5,197.5,277.5,337.5,217.5,177.5,117.5,220.0,250.0,190.0,232.5,202.5,365.0,425.0,305.0,415.0,355.0,332.5,362.5,302.5,282.5,252.5,332.5,362.5,302.5,282.5,252.5,0.0,0.0,0.0,0.0,0.0,-42.5,-12.5,-72.5,-217.5,-247.5
2025-01-08 00:00:00+00:00,-212.5,-62.5,-362.5,-287.5,-437.5,-177.5,-87.5,-267.5,-302.5,-392.5,90.0,150.0,30.0,-147.5,-207.5,-897.5,-837.5,-957.5,-722.5,-782.5,-897.5,-837.5,-957.5,-722.5,-782.5,-897.5,-837.5,-957.5,-722.5,-782.5,-785.0,-725.0,-845.0,-735.0,-795.0,-992.5,-962.5,-1022.5,-880.0,-910.0,-992.5,-962.5,-1022.5,-880.0,-910.0,0.0,0.0,0.0,0.0,0.0,-892.5,-862.5,-922.5,-955.0,-985.0
2025-01-09 00:00:00+00:00,-337.5,-187.5,-487.5,-125.0,-275.0,22.5,112.5,-67.5,22.5,-67.5,-365.0,-275.0,-455.0,-215.0,-305.0,112.5,262.5,-37.5,-87.5,-237.5,35.0,125.0,-55.0,-90.0,-180.0,27.5,87.5,-32.5,-35.0,-95.0,-185.0,-125.0,-245.0,-222.5,-282.5,45.0,75.0,15.0,70.0,40.0,45.0,75.0,15.0,70.0,40.0,0.0,0.0,0.0,0.0,0.0,-55.0,-25.0,-85.0,-30.0,-60.0
2025-01-10 00:00:00+00:00,-175.0,-25.0,-325.0,62.5,-87.5,515.0,575.0,455.0,327.5,267.5,160.0,250.0,70.0,335.0,245.0,-140.0,-50.0,-230.0,47.5,-42.5,115.0,175.0,55.0,27.5,-32.5,115.0,175.0,55.0,27.5,-32.5,-160.0,-100.0,-220.0,40.0,-20.0,177.5,237.5,117.5,2.5,-57.5,95.0,125.0,65.0,20.0,-10.0,0.0,0.0,0.0,0.0,0.0,407.5,437.5,377.5,570.0,540.0
2025-01-13 00:00:00+00:00,-150.0,0.0,-300.0,50.0,-100.0,142.5,262.5,22.5,122.5,32.5,257.5,287.5,227.5,245.0,215.0,-470.0,-350.0,-590.0,-32.5,-152.5,-247.5,-187.5,-307.5,-272.5,-332.5,-380.0,-350.0,-410.0,-142.5,-172.5,-492.5,-462.5,-522.5,-55.0,-85.0,-492.5,-462.5,-522.5,-55.0,-85.0,-142.5,-112.5,-172.5,-155.0,-185.0,0.0,0.0,0.0,0.0,0.0,-117.5,-87.5,-147.5,345.0,315.0
2025-01-14 00:00:00+00:00,-462.5,-312.5,-612.5,-387.5,-537.5,-730.0,-550.0,-910.0,-555.0,-735.0,-502.5,-412.5,-592.5,-552.5,-642.5,-207.5,-87.5,-327.5,-420.0,-540.0,-145.0,-25.0,-265.0,-345.0,-465.0,-322.5,-262.5,-382.5,-397.5,-457.5,-87.5,62.5,-237.5,-237.5,-387.5,-45.0,75.0,-165.0,-95.0,-215.0,-77.5,12.5,-167.5,-2.5,-92.5,0.0,0.0,0.0,0.0,0.0,-730.0,-700.0,-760.0,-705.0,-735.0
2025-01-15 00:00:00+00:00,197.5,287.5,107.5,185.0,95.0,610.0,700.0,520.0,585.0,495.0,527.5,587.5,467.5,690.0,630.0,110.0,200.0,20.0,115.0,55.0,27.5,87.5,-32.5,115.0,55.0,82.5,112.5,52.5,245.0,215.0,195.0,225.0,165.0,145.0,115.0,195.0,225.0,165.0,145.0,115.0,0.0,0.0,0.0,0.0,0.0,0.0,0.0,0.0,0.0,0.0,745.0,775.0,715.0,845.0,815.0
2025-01-16 00:00:00+00:00,-327.5,-237.5,-417.5,-302.5,-392.5,220.0,250.0,190.0,7.5,-22.5,-180.0,-150.0,-210.0,-267.5,-297.5,-282.5,-162.5,-402.5,105.0,-15.0,-402.5,-312.5,-492.5,72.5,-17.5,-130.0,-100.0,-160.0,95.0,65.0,-210.0,-150.0,-270.0,177.5,117.5,-135.0,-75.0,-195.0,165.0,105.0,-135.0,-75.0,-195.0,165.0,105.0,0.0,0.0,0.0,0.0,0.0,-155.0,-125.0,-185.0,32.5,2.5
2025-01-17 00:00:00+00:00,112.5,262.5,-37.5,-25.0,-175.0,-82.5,37.5,-202.5,-107.5,-227.5,-192.5,-12.5,-372.5,-167.5,-347.5,-90.0,0.0,-180.0,60.0,-30.0,-147.5,-87.5,-207.5,-10.0,-70.0,-30.0,0.0,-60.0,32.5,2.5,85.0,175.0,-5.0,122.5,32.5,27.5,87.5,-32.5,52.5,-7.5,145.0,175.0,115.0,95.0,65.0,0.0,0.0,0.0,0.0,0.0,207.5,237.5,177.5,45.0,15.0
2025-01-20 00:00:00+00:00,-307.5,-187.5,-427.5,-382.5,-502.5,-287.5,-137.5,-437.5,-262.5,-412.5,-500.0,-350.0,-650.0,-225.0,-375.0,30.0,150.0,-90.0,-7.5,-127.5,-40.0,50.0,-130.0,22.5,-67.5,172.5,262.5,82.5,15.0,-45.0,232.5,412.5,52.5,132.5,-47.5,180.0,300.0,60.0,55.0,-65.0,102.5,162.5,42.5,32.5,2.5,0.0,0.0,0.0,0.0,0.0,-5.0,25.0,-35.0,-92.5,-122.5
2025-01-21 00:00:00+00:00,-125.0,25.0,-275.0,0.0,-150.0,162.5,312.5,12.5,337.5,187.5,295.0,325.0,265.0,245.0,215.0,160.0,250.0,70.0,-52.5,-142.5,235.0,325.0,145.0,10.0,-80.0,340.0,400.0,280.0,90.0,30.0,-305.0,-275.0,-335.0,-292.5,-322.5,-205.0,-175.0,-235.0,-142.5,-172.5,-205.0,-175.0,-235.0,-142.5,-172.5,0.0,0.0,0.0,0.0,0.0,195.0,225.0,165.0,82.5,52.5
2025-01-22 00:00:00+00:00,-162.5,-12.5,-312.5,-150.0,-300.0,27.5,87.5,-32.5,-110.0,-170.0,-275.0,-125.0,-425.0,-125.0,-275.0,-105.0,-75.0,-135.0,-67.5,-97.5,-105.0,-75.0,-135.0,-67.5,-97.5,-30.0,0.0,-60.0,-42.5,-72.5,-5.0,25.0,-35.0,70.0,40.0,-5.0,25.0,-35.0,70.0,40.0,95.0,125.0,65.0,182.5,152.5,0.0,0.0,0.0,0.0,0.0,7.5,37.5,-22.5,-5.0,-35.0
2025-01-23 00:00:00+00:00,62.5,212.5,-87.5,237.5,87.5,-7.5,112.5,-127.5,242.5,122.5,60.0,150.0,-30.0,-35.0,-95.0,-22.5,37.5,-82.5,27.5,-32.5,-22.5,37.5,-82.5,27.5,-32.5,-17.5,12.5,-47.5,32.5,2.5,77.5,137.5,17.5,140.0,80.0,77.5,137.5,17.5,140.0,80.0,70.0,100.0,40.0,170.0,140.0,0.0,0.0,0.0,0.0,0.0,257.5,287.5,227.5,370.0,340.0
2025-01-24 00:00:00+00:00,-165.0,-75.0,-255.0,-202.5,-292.5,-185.0,-125.0,-245.0,-210.0,-270.0,-135.0,-75.0,-195.0,-72.5,-132.5,-240.0,-150.0,-330.0,-202.5,-292.5,-215.0,-125.0,-305.0,-185.0,-245.0,-160.0,-100.0,-220.0,-185.0,-245.0,-72.5,-12.5,-132.5,-172.5,-232.5,-72.5,-12.5,-132.5,-135.0,-195.0,15.0,75.0,-45.0,-22.5,-82.5,0.0,0.0,0.0,0.0,0.0,-67.5,-37.5,-97.5,-217.5,-247.5
2025-01-27 00:00:00+00:00,-340.0,-250.0,-430.0,-215.0,-305.0,-290.0,-200.0,-380.0,-2.5,-92.5,-355.0,-325.0,-385.0,-180.0,-210.0,-1285.0,-1225.0,-1345.0,-1322.5,-1382.5,-1285.0,-1225.0,-1345.0,-1322.5,-1382.5,-1092.5,-1062.5,-1122.5,-792.5,-822.5,-1002.5,-912.5,-1092.5,-1227.5,-1317.5,-1285.0,-1225.0,-1345.0,-1322.5,-1382.5,-1092.5,-1062.5,-1122.5,-792.5,-822.5,0.0,0.0,0.0,0.0,0.0,-1242.5,-1212.5,-1272.5,-1255.0,-1285.0
2025-01-28 00:00:00+00:00,80.0,200.0,-40.0,-307.5,-427.5,-40.0,50.0,-130.0,-290.0,-380.0,252.5,312.5,192.5,52.5,-7.5,-252.5,-162.5,-342.5,-27.5,-117.5,110.0,200.0,20.0,190.0,130.0,110.0,200.0,20.0,190.0,130.0,-185.0,-125.0,-245.0,-247.5,-307.5,-185.0,-125.0,-245.0,-247.5,-307.5,-10.0,50.0,-70.0,-105.0,-135.0,0.0,0.0,0.0,0.0,0.0,107.5,137.5,77.5,-255.0,-285.0
2025-01-29 00:00:00+00:00,-325.0,-175.0,-475.0,-187.5,-337.5,-110.0,-50.0,-170.0,-210.0,-270.0,-157.5,-37.5,-277.5,-82.5,-202.5,-62.5,87.5,-212.5,75.0,-75.0,-45.0,75.0,-165.0,255.0,135.0,310.0,400.0,220.0,-40.0,-130.0,222.5,312.5,132.5,485.0,395.0,-17.5,12.5,-47.5,232.5,202.5,-17.5,12.5,-47.5,232.5,202.5,0.0,0.0,0.0,0.0,0.0,20.0,50.0,-10.0,357.5,327.5
2025-01-30 00:00:00+00:00,-787.5,-637.5,-937.5,-537.5,-687.5,-557.5,-437.5,-677.5,-370.0,-490.0,-185.0,-125.0,-245.0,-147.5,-207.5,130.0,250.0,10.0,-132.5,-252.5,147.5,237.5,57.5,47.5,-42.5,235.0,325.0,145.0,247.5,157.5,-60.0,0.0,-120.0,-60.0,-120.0,-160.0,-100.0,-220.0,-172.5,-232.5,27.5,87.5,-32.5,140.0,80.0,0.0,0.0,0.0,0.0,0.0,-530.0,-500.0,-560.0,-505.0,-535.0
2025-01-31 00:00:00+00:00,-82.5,37.5,-202.5,-70.0,-190.0,-170.0,-50.0,-290.0,-170.0,-290.0,-140.0,-50.0,-230.0,-177.5,-267.5,222.5,312.5,132.5,122.5,32.5,222.5,312.5,132.5,122.5,32.5,177.5,237.5,117.5,90.0,30.0,260.0,350.0,170.0,197.5,107.5,210.0,300.0,120.0,247.5,157.5,322.5,412.5,232.5,222.5,132.5,0.0,0.0,0.0,0.0,0.0,357.5,387.5,327.5,232.5,202.5
2025-02-03 00:00:00+00:00,-662.5,-512.5,-812.5,-887.5,-1037.5,115.0,175.0,55.0,-85.0,-145.0,-820.0,-700.0,-940.0,-370.0,-490.0,52.5,112.5,-7.5,-47.5,-107.5,252.5,312.5,192.5,-60.0,-120.0,402.5,462.5,342.5,-197.5,-257.5,52.5,112.5,-7.5,-47.5,-107.5,52.5,112.5,-7.5,-47.5,-107.5,252.5,312.5,192.5,-60.0,-120.0,0.0,0.0,0.0,0.0,0.0,-142.5,-112.5,-172.5,-455.0,-485.0
2025-02-04 00:00:00+00:00,-250.0,-100.0,-400.0,-287.5,-437.5,-95.0,25.0,-215.0,-502.5,-592.5,-97.5,-37.5,-157.5,-60.0,-120.0,240.0,300.0,180.0,202.5,142.5,95.0,125.0,65.0,170.0,140.0,95.0,125.0,65.0,170.0,140.0,207.5,237.5,177.5,182.5,152.5,170.0,200.0,140.0,232.5,202.5,0.0,0.0,0.0,0.0,0.0,0.0,0.0,0.0,0.0,0.0,307.5,337.5,277.5,170.0,140.0
2025-02-05 00:00:00+00:00,467.5,587.5,347.5,-157.5,-277.5,2.5,62.5,-57.5,27.5,-32.5,240.0,300.0,180.0,102.5,42.5,-167.5,-137.5,-197.5,7.5,-22.5,-167.5,-137.5,-197.5,7.5,-22.5,0.0,0.0,0.0,0.0,0.0,327.5,387.5,267.5,-135.0,-195.0,32.5,62.5,2.5,-42.5,-72.5,232.5,262.5,202.5,207.5,177.5,0.0,0.0,0.0,0.0,0.0,407.5,437.5,377.5,170.0,140.0
2025-02-06 00:00:00+00:00,-342.5,-162.5,-522.5,-367.5,-547.5,-135.0,-75.0,-195.0,-172.5,-232.5,20.0,50.0,-10.0,-217.5,-247.5,-510.0,-450.0,-570.0,-472.5,-532.5,-510.0,-450.0,-570.0,-472.5,-532.5,-510.0,-450.0,-570.0,-472.5,-532.5,-617.5,-587.5,-647.5,-655.0,-685.0,-617.5,-587.5,-647.5,-655.0,-685.0,-592.5,-562.5,-622.5,-592.5,-622.5,0.0,0.0,0.0,0.0,0.0,-642.5,-612.5,-672.5,-780.0,-810.0
2025-02-07 00:00:00+00:00,-300.0,-150.0,-450.0,-425.0,-575.0,-100.0,50.0,-250.0,-62.5,-212.5,22.5,112.5,-67.5,-77.5,-167.5,262.5,412.5,112.5,242.5,122.5,110.0,200.0,20.0,102.5,42.5,45.0,75.0,15.0,0.0,0.0,130.0,250.0,10.0,167.5,47.5,85.0,175.0,-5.0,27.5,-32.5,2.5,62.5,-57.5,20.0,-10.0,0.0,0.0,0.0,0.0,0.0,357.5,387.5,327.5,307.5,277.5
2025-02-10 00:00:00+00:00,92.5,212.5,-27.5,67.5,-52.5,92.5,212.5,-27.5,17.5,-102.5,432.5,462.5,402.5,332.5,302.5,115.0,175.0,55.0,102.5,42.5,115.0,175.0,55.0,102.5,42.5,152.5,212.5,92.5,77.5,17.5,0.0,0.0,0.0,0.0,0.0,0.0,0.0,0.0,0.0,0.0,0.0,0.0,0.0,0.0,0.0,0.0,0.0,0.0,0.0,0.0,432.5,462.5,402.5,332.5,302.5
2025-02-11 00:00:00+00:00,-257.5,-137.5,-377.5,-632.5,-752.5,-332.5,-212.5,-452.5,-282.5,-402.5,-277.5,-187.5,-367.5,-302.5,-392.5,-132.5,-12.5,-252.5,-195.0,-315.0,-102.5,-12.5,-192.5,-65.0,-155.0,52.5,112.5,-7.5,40.0,-20.0,65.0,125.0,5.0,65.0,5.0,65.0,125.0,5.0,65.0,5.0,165.0,225.0,105.0,115.0,55.0,0.0,0.0,0.0,0.0,0.0,-105.0,-75.0,-135.0,-130.0,-160.0
2025-02-12 00:00:00+00:00,-107.5,12.5,-227.5,-302.5,-392.5,-177.5,-87.5,-267.5,-52.5,-142.5,157.5,187.5,127.5,120.0,90.0,-127.5,-37.5,-217.5,85.0,-5.0,-172.5,-112.5,-232.5,-72.5,-132.5,-230.0,-200.0,-260.0,-80.0,-110.0,-230.0,-200.0,-260.0,-192.5,-222.5,-230.0,-200.0,-260.0,-192.5,-222.5,-130.0,-100.0,-160.0,-42.5,-72.5,0.0,0.0,0.0,0.0,0.0,-92.5,-62.5,-122.5,-17.5,-47.5
2025-02-13 00:00:00+00:00,442.5,562.5,322.5,-320.0,-440.0,347.5,437.5,257.5,22.5,-67.5,45.0,75.0,15.0,-42.5,-72.5,517.5,637.5,397.5,505.0,385.0,365.0,425.0,305.0,502.5,442.5,0.0,0.0,0.0,0.0,0.0,540.0,600.0,480.0,465.0,405.0,0.0,0.0,0.0,0.0,0.0,0.0,0.0,0.0,0.0,0.0,0.0,0.0,0.0,0.0,0.0,732.5,762.5,702.5,470.0,440.0
2025-02-14 00:00:00+00:00,-400.0,-250.0,-550.0,-582.5,-702.5,-17.5,12.5,-47.5,-55.0,-85.0,-255.0,-225.0,-285.0,-230.0,-260.0,-647.5,-587.5,-707.5,-697.5,-757.5,-492.5,-462.5,-522.5,-617.5,-647.5,-380.0,-350.0,-410.0,-467.5,-497.5,-435.0,-375.0,-495.0,-760.0,-820.0,-667.5,-637.5,-697.5,-655.0,-685.0,-667.5,-637.5,-697.5,-655.0,-685.0,0.0,0.0,0.0,0.0,0.0,-642.5,-612.5,-672.5,-855.0,-885.0
2025-02-18 00:00:00+00:00,47.5,137.5,-42.5,-40.0,-130.0,52.5,112.5,-7.5,-60.0,-120.0,-90.0,0.0,-180.0,-252.5,-342.5,-167.5,-137.5,-197.5,-167.5,-197.5,-167.5,-137.5,-197.5,-167.5,-197.5,-167.5,-137.5,-197.5,-167.5,-197.5,-130.0,-100.0,-160.0,-30.0,-60.0,-67.5,-37.5,-97.5,7.5,-22.5,-42.5,-12.5,-72.5,70.0,40.0,0.0,0.0,0.0,0.0,0.0,-55.0,-25.0,-85.0,-42.5,-72.5
2025-02-19 00:00:00+00:00,-182.5,-62.5,-302.5,-207.5,-327.5,-295.0,-175.0,-415.0,-370.0,-490.0,-52.5,37.5,-142.5,-90.0,-180.0,-732.5,-612.5,-852.5,-577.5,-667.5,-665.0,-575.0,-755.0,-510.0,-570.0,-405.0,-375.0,-435.0,-430.0,-460.0,-690.0,-600.0,-780.0,-585.0,-645.0,-635.0,-575.0,-695.0,-480.0,-510.0,-430.0,-400.0,-460.0,-505.0,-535.0,0.0,0.0,0.0,0.0,0.0,-805.0,-775.0,-835.0,-767.5,-797.5
2025-02-20 00:00:00+00:00,-30.0,150.0,-210.0,57.5,-122.5,-40.0,50.0,-130.0,-102.5,-192.5,82.5,112.5,52.5,132.5,102.5,-210.0,-150.0,-270.0,-35.0,-95.0,-267.5,-237.5,-297.5,-155.0,-185.0,-267.5,-237.5,-297.5,-155.0,-185.0,-267.5,-237.5,-297.5,-155.0,-185.0,-267.5,-237.5,-297.5,-155.0,-185.0,-267.5,-237.5,-297.5,-155.0,-185.0,0.0,0.0,0.0,0.0,0.0,-92.5,-62.5,-122.5,7.5,-22.5
2025-02-21 00:00:00+00:00,-217.5,-37.5,-397.5,-380.0,-560.0,-195.0,-75.0,-315.0,-257.5,-377.5,2.5,62.5,-57.5,15.0,-45.0,30.0,150.0,-90.0,135.0,45.0,47.5,137.5,-42.5,135.0,45.0,47.5,137.5,-42.5,135.0,45.0,20.0,50.0,-10.0,57.5,27.5,20.0,50.0,-10.0,57.5,27.5,32.5,62.5,2.5,7.5,-22.5,0.0,0.0,0.0,0.0,0.0,57.5,87.5,27.5,70.0,40.0
2025-02-24 00:00:00+00:00,50.0,200.0,-100.0,-175.0,-325.0,135.0,225.0,45.0,-202.5,-292.5,85.0,175.0,-5.0,-235.0,-295.0,-90.0,0.0,-180.0,-240.0,-330.0,-27.5,62.5,-117.5,-215.0,-305.0,52.5,112.5,-7.5,-222.5,-282.5,-35.0,25.0,-95.0,-110.0,-170.0,-92.5,-62.5,-122.5,-155.0,-185.0,20.0,50.0,-10.0,-167.5,-197.5,0.0,0.0,0.0,0.0,0.0,132.5,162.5,102.5,-242.5,-272.5
2025-02-25 00:00:00+00:00,547.5,637.5,457.5,285.0,195.0,-127.5,-37.5,-217.5,-872.5,-932.5,160.0,250.0,70.0,-152.5,-242.5,-165.0,-75.0,-255.0,-427.5,-517.5,185.0,275.0,95.0,235.0,145.0,397.5,487.5,307.5,335.0,245.0,347.5,437.5,257.5,497.5,407.5,560.0,650.0,470.0,597.5,507.5,597.5,687.5,507.5,422.5,332.5,0.0,0.0,0.0,0.0,0.0,245.0,275.0,215.0,57.5,27.5
2025-02-26 00:00:00+00:00,-250.0,-100.0,-400.0,-187.5,-337.5,-170.0,-50.0,-290.0,-145.0,-265.0,65.0,125.0,5.0,-222.5,-282.5,167.5,287.5,47.5,122.5,32.5,177.5,237.5,117.5,52.5,-7.5,0.0,0.0,0.0,0.0,0.0,185.0,275.0,95.0,47.5,-42.5,45.0,75.0,15.0,-5.0,-35.0,0.0,0.0,0.0,0.0,0.0,0.0,0.0,0.0,0.0,0.0,245.0,275.0,215.0,-67.5,-97.5
2025-02-27 00:00:00+00:00,-112.5,37.5,-262.5,-387.5,-537.5,-132.5,-12.5,-252.5,-432.5,-552.5,2.5,62.5,-57.5,-60.0,-120.0,-52.5,37.5,-142.5,260.0,170.0,10.0,100.0,-80.0,97.5,7.5,-42.5,-12.5,-72.5,107.5,77.5,32.5,62.5,2.5,20.0,-10.0,32.5,62.5,2.5,20.0,-10.0,7.5,37.5,-22.5,-30.0,-60.0,0.0,0.0,0.0,0.0,0.0,245.0,275.0,215.0,207.5,177.5
2025-02-28 00:00:00+00:00,-100.0,50.0,-250.0,355.0,235.0,-182.5,-62.5,-302.5,72.5,-17.5,-77.5,12.5,-167.5,-15.0,-105.0,182.5,362.5,2.5,-5.0,-185.0,197.5,287.5,107.5,-140.0,-230.0,0.0,0.0,0.0,0.0,0.0,140.0,200.0,80.0,140.0,80.0,120.0,150.0,90.0,7.5,-22.5,0.0,0.0,0.0,0.0,0.0,0.0,0.0,0.0,0.0,0.0,232.5,262.5,202.5,257.5,227.5
2025-03-03 00:00:00+00:00,647.5,737.5,557.5,510.0,420.0,560.0,650.0,470.0,435.0,345.0,652.5,712.5,592.5,577.5,517.5,165.0,225.0,105.0,640.0,580.0,102.5,162.5,42.5,502.5,442.5,0.0,0.0,0.0,0.0,0.0,95.0,125.0,65.0,220.0,190.0,0.0,0.0,0.0,0.0,0.0,0.0,0.0,0.0,0.0,0.0,0.0,0.0,0.0,0.0,0.0,1095.0,1125.0,1065.0,1082.5,1052.5
2025-03-04 00:00:00+00:00,-387.5,-237.5,-537.5,-787.5,-937.5,-332.5,-212.5,-452.5,-7.5,-127.5,-272.5,-212.5,-332.5,-360.0,-420.0,32.5,212.5,-147.5,170.0,-10.0,-140.0,-50.0,-230.0,297.5,207.5,-97.5,-37.5,-157.5,227.5,167.5,-402.5,-312.5,-492.5,-490.0,-580.0,-47.5,12.5,-107.5,-422.5,-482.5,-292.5,-262.5,-322.5,-305.0,-335.0,0.0,0.0,0.0,0.0,0.0,-680.0,-650.0,-710.0,-892.5,-922.5
2025-03-05 00:00:00+00:00,60.0,150.0,-30.0,-115.0,-205.0,152.5,212.5,92.5,415.0,355.0,-10.0,50.0,-70.0,2.5,-57.5,-390.0,-300.0,-480.0,-240.0,-330.0,-365.0,-275.0,-455.0,-452.5,-542.5,-55.0,-25.0,-85.0,20.0,-10.0,27.5,87.5,-32.5,-1485.0,-1545.0,-342.5,-312.5,-372.5,-1530.0,-1560.0,-267.5,-237.5,-297.5,-1367.5,-1397.5,0.0,0.0,0.0,0.0,0.0,-92.5,-62.5,-122.5,-1142.5,-1172.5
2025-03-06 00:00:00+00:00,-520.0,-400.0,-640.0,-145.0,-265.0,60.0,150.0,-30.0,-422.5,-482.5,-80.0,-50.0,-110.0,-280.0,-310.0,-132.5,-12.5,-252.5,-420.0,-540.0,442.5,562.5,322.5,-245.0,-365.0,197.5,287.5,107.5,-477.5,-567.5,-647.5,-587.5,-707.5,-835.0,-895.0,-385.0,-325.0,-445.0,-810.0,-870.0,-385.0,-325.0,-445.0,-810.0,-870.0,0.0,0.0,0.0,0.0,0.0,-255.0,-225.0,-285.0,-692.5,-722.5
2025-03-07 00:00:00+00:00,-1010.0,-800.0,-1220.0,-680.0,-860.0,-825.0,-675.0,-975.0,-620.0,-740.0,-515.0,-425.0,-605.0,-647.5,-707.5,287.5,437.5,137.5,125.0,-25.0,192.5,312.5,72.5,267.5,147.5,120.0,150.0,90.0,357.5,327.5,-122.5,-62.5,-182.5,40.0,-20.0,127.5,187.5,67.5,377.5,317.5,-10.0,50.0,-70.0,315.0,255.0,0.0,0.0,0.0,0.0,0.0,120.0,150.0,90.0,-242.5,-272.5
2025-03-10 00:00:00+00:00,377.5,437.5,317.5,440.0,380.0,-47.5,12.5,-107.5,-372.5,-432.5,-697.5,-637.5,-757.5,-1372.5,-1432.5,355.0,475.0,235.0,-45.0,-165.0,72.5,162.5,-17.5,-252.5,-342.5,-160.0,-100.0,-220.0,-110.0,-170.0,477.5,537.5,417.5,465.0,405.0,465.0,525.0,405.0,727.5,667.5,615.0,675.0,555.0,652.5,592.5,0.0,0.0,0.0,0.0,0.0,95.0,125.0,65.0,-155.0,-185.0
2025-03-11 00:00:00+00:00,-575.0,-425.0,-725.0,-337.5,-487.5,-1175.0,-1025.0,-1325.0,-875.0,-1025.0,-610.0,-550.0,-670.0,-660.0,-720.0,10.0,100.0,-80.0,-2.5,-92.5,10.0,100.0,-80.0,-2.5,-92.5,390.0,450.0,330.0,515.0,455.0,647.5,737.5,557.5,385.0,295.0,465.0,525.0,405.0,315.0,255.0,665.0,725.0,605.0,565.0,505.0,0.0,0.0,0.0,0.0,0.0,-55.0,-25.0,-85.0,7.5,-22.5
2025-03-12 00:00:00+00:00,192.5,312.5,72.5,-170.0,-290.0,42.5,162.5,-77.5,-7.5,-127.5,272.5,362.5,182.5,22.5,-67.5,210.0,300.0,120.0,560.0,470.0,302.5,362.5,242.5,490.0,430.0,282.5,312.5,252.5,220.0,190.0,415.0,475.0,355.0,352.5,292.5,565.0,625.0,505.0,377.5,317.5,282.5,312.5,252.5,220.0,190.0,0.0,0.0,0.0,0.0,0.0,457.5,487.5,427.5,370.0,340.0
2025-03-13 00:00:00+00:00,622.5,712.5,532.5,335.0,245.0,1157.5,1187.5,1127.5,1182.5,1152.5,1032.5,1062.5,1002.5,1057.5,1027.5,-535.0,-475.0,-595.0,-197.5,-257.5,-880.0,-850.0,-910.0,-442.5,-472.5,-880.0,-850.0,-910.0,-442.5,-472.5,-880.0,-850.0,-910.0,-442.5,-472.5,-880.0,-850.0,-910.0,-442.5,-472.5,-755.0,-725.0,-785.0,-317.5,-347.5,0.0,0.0,0.0,0.0,0.0,307.5,337.5,277.5,770.0,740.0
2025-03-14 00:00:00+00:00,-620.0,-500.0,-740.0,-357.5,-477.5,-790.0,-700.0,-880.0,-902.5,-992.5,305.0,425.0,185.0,-540.0,-630.0,-152.5,-62.5,-242.5,197.5,107.5,-152.5,-62.5,-242.5,197.5,107.5,-40.0,50.0,-130.0,85.0,-5.0,285.0,375.0,195.0,547.5,457.5,495.0,525.0,465.0,532.5,502.5,495.0,525.0,465.0,532.5,502.5,0.0,0.0,0.0,0.0,0.0,495.0,525.0,465.0,307.5,277.5
2025-03-17 00:00:00+00:00,367.5,487.5,247.5,192.5,72.5,310.0,400.0,220.0,272.5,182.5,390.0,450.0,330.0,490.0,430.0,235.0,325.0,145.0,222.5,132.5,235.0,325.0,145.0,222.5,132.5,0.0,0.0,0.0,0.0,0.0,0.0,0.0,0.0,0.0,0.0,0.0,0.0,0.0,0.0,0.0,0.0,0.0,0.0,0.0,0.0,0.0,0.0,0.0,0.0,0.0,620.0,650.0,590.0,595.0,565.0
2025-03-18 00:00:00+00:00,-332.5,-212.5,-452.5,-45.0,-165.0,-277.5,-187.5,-367.5,-490.0,-580.0,-577.5,-487.5,-667.5,-702.5,-792.5,-690.0,-600.0,-780.0,-990.0,-1080.0,-710.0,-650.0,-770.0,-835.0,-895.0,-530.0,-500.0,-560.0,-530.0,-560.0,-692.5,-662.5,-722.5,-617.5,-647.5,-567.5,-537.5,-597.5,-455.0,-485.0,-517.5,-487.5,-547.5,-305.0,-335.0,0.0,0.0,0.0,0.0,0.0,-655.0,-625.0,-685.0,-555.0,-585.0
2025-03-19 00:00:00+00:00,225.0,375.0,75.0,125.0,-25.0,192.5,312.5,72.5,167.5,47.5,210.0,300.0,120.0,260.0,170.0,272.5,362.5,182.5,135.0,45.0,285.0,375.0,195.0,160.0,70.0,315.0,375.0,255.0,-35.0,-95.0,427.5,487.5,367.5,527.5,467.5,427.5,487.5,367.5,527.5,467.5,145.0,175.0,115.0,157.5,127.5,0.0,0.0,0.0,0.0,0.0,632.5,662.5,602.5,645.0,615.0
2025-03-20 00:00:00+00:00,65.0,125.0,5.0,177.5,117.5,232.5,262.5,202.5,195.0,165.0,-85.0,-25.0,-145.0,252.5,192.5,-2992.5,-2962.5,-3022.5,-2492.5,-2522.5,-2992.5,-2962.5,-3022.5,-2492.5,-2522.5,-2992.5,-2962.5,-3022.5,-2492.5,-2522.5,-2730.0,-2700.0,-2760.0,-2405.0,-2435.0,-2730.0,-2700.0,-2760.0,-2405.0,-2435.0,-2680.0,-2650.0,-2710.0,-2492.5,-2522.5,0.0,0.0,0.0,0.0,0.0,-2217.5,-2187.5,-2247.5,-2030.0,-2060.0
2025-03-24 00:00:00+00:00,0.0,150.0,-150.0,-300.0,-450.0,97.5,187.5,7.5,247.5,157.5,240.0,300.0,180.0,2.5,-57.5,17.5,137.5,-102.5,305.0,185.0,-55.0,-25.0,-85.0,170.0,140.0,170.0,200.0,140.0,157.5,127.5,120.0,150.0,90.0,320.0,290.0,120.0,150.0,90.0,320.0,290.0,345.0,375.0,315.0,307.5,277.5,0.0,0.0,0.0,0.0,0.0,407.5,437.5,377.5,470.0,440.0
2025-03-25 00:00:00+00:00,635.0,725.0,545.0,190.0,130.0,485.0,575.0,395.0,510.0,420.0,965.0,1025.0,905.0,902.5,842.5,322.5,412.5,232.5,360.0,270.0,372.5,462.5,282.5,285.0,195.0,372.5,462.5,282.5,285.0,195.0,32.5,62.5,2.5,57.5,27.5,32.5,62.5,2.5,57.5,27.5,32.5,62.5,2.5,57.5,27.5,0.0,0.0,0.0,0.0,0.0,995.0,1025.0,965.0,1007.5,977.5
2025-03-26 00:00:00+00:00,105.0,225.0,-15.0,-140.0,-230.0,197.5,287.5,107.5,260.0,170.0,-57.5,62.5,-177.5,392.5,272.5,280.0,400.0,160.0,430.0,310.0,165.0,225.0,105.0,265.0,205.0,57.5,87.5,27.5,220.0,190.0,310.0,400.0,220.0,422.5,332.5,265.0,325.0,205.0,315.0,255.0,132.5,162.5,102.5,207.5,177.5,0.0,0.0,0.0,0.0,0.0,482.5,512.5,452.5,520.0,490.0
2025-03-27 00:00:00+00:00,-462.5,-312.5,-612.5,-150.0,-300.0,-185.0,-125.0,-245.0,52.5,-7.5,-135.0,-75.0,-195.0,40.0,-20.0,-95.0,25.0,-215.0,-607.5,-727.5,-460.0,-400.0,-520.0,-622.5,-682.5,-292.5,-262.5,-322.5,-517.5,-547.5,-360.0,-300.0,-420.0,-660.0,-720.0,-392.5,-362.5,-422.5,-480.0,-510.0,-255.0,-225.0,-285.0,-205.0,-235.0,0.0,0.0,0.0,0.0,0.0,-405.0,-375.0,-435.0,-530.0,-560.0
2025-03-28 00:00:00+00:00,-312.5,-162.5,-462.5,12.5,-137.5,-340.0,-250.0,-430.0,-197.5,-257.5,-235.0,-175.0,-295.0,-322.5,-382.5,105.0,225.0,-15.0,-157.5,-277.5,147.5,237.5,57.5,47.5,-42.5,65.0,125.0,5.0,177.5,117.5,27.5,87.5,-32.5,252.5,192.5,27.5,87.5,-32.5,252.5,192.5,65.0,125.0,5.0,302.5,242.5,0.0,0.0,0.0,0.0,0.0,132.5,162.5,102.5,107.5,77.5
2025-03-31 00:00:00+00:00,-145.0,-25.0,-265.0,-895.0,-1015.0,-402.5,-312.5,-492.5,-777.5,-867.5,-397.5,-337.5,-457.5,-360.0,-420.0,-437.5,-287.5,-587.5,-575.0,-725.0,-182.5,-62.5,-302.5,-107.5,-227.5,-222.5,-162.5,-282.5,27.5,-32.5,-7.5,112.5,-127.5,292.5,172.5,-22.5,37.5,-82.5,165.0,105.0,-22.5,37.5,-82.5,165.0,105.0,0.0,0.0,0.0,0.0,0.0,-467.5,-437.5,-497.5,-280.0,-310.0
2025-04-01 00:00:00+00:00,-240.0,-150.0,-330.0,-315.0,-405.0,-397.5,-337.5,-457.5,-760.0,-820.0,-655.0,-625.0,-685.0,-542.5,-572.5,-1297.5,-1237.5,-1357.5,-1147.5,-1207.5,-1197.5,-1137.5,-1257.5,-1260.0,-1320.0,-1172.5,-1112.5,-1232.5,-722.5,-782.5,-1530.0,-1500.0,-1560.0,-1067.5,-1097.5,-1530.0,-1500.0,-1560.0,-1067.5,-1097.5,-880.0,-850.0,-910.0,-1017.5,-1047.5,0.0,0.0,0.0,0.0,0.0,-1505.0,-1475.0,-1535.0,-1530.0,-1560.0
2025-04-02 00:00:00+00:00,-712.5,-562.5,-862.5,-725.0,-875.0,-115.0,-25.0,-205.0,-227.5,-317.5,-217.5,-187.5,-247.5,-230.0,-260.0,-57.5,62.5,-177.5,-32.5,-152.5,80.0,200.0,-40.0,-332.5,-452.5,52.5,112.5,-7.5,-347.5,-407.5,-722.5,-662.5,-782.5,-472.5,-532.5,-560.0,-500.0,-620.0,-385.0,-445.0,-472.5,-412.5,-532.5,-485.0,-545.0,0.0,0.0,0.0,0.0,0.0,-867.5,-837.5,-897.5,-955.0,-985.0
2025-04-03 00:00:00+00:00,-2337.5,-2187.5,-2487.5,-1237.5,-1387.5,-1587.5,-1437.5,-1737.5,-737.5,-887.5,-1210.0,-1150.0,-1270.0,-885.0,-945.0,155.0,275.0,35.0,-932.5,-1052.5,155.0,275.0,35.0,-932.5,-1052.5,217.5,337.5,97.5,-995.0,-1115.0,-967.5,-937.5,-997.5,-567.5,-597.5,-967.5,-937.5,-997.5,-567.5,-597.5,-967.5,-937.5,-997.5,-567.5,-597.5,0.0,0.0,0.0,0.0,0.0,-1530.0,-1500.0,-1560.0,-1667.5,-1697.5
2025-04-04 00:00:00+00:00,-782.5,-662.5,-902.5,-2007.5,-2127.5,-2015.0,-1925.0,-2105.0,-1940.0,-2030.0,-1567.5,-1537.5,-1597.5,-292.5,-322.5,-4270.0,-4150.0,-4390.0,-6057.5,-6177.5,-3370.0,-3250.0,-3490.0,-4252.5,-4342.5,-3160.0,-3100.0,-3220.0,-4122.5,-4182.5,-5752.5,-5662.5,-5842.5,-6540.0,-6630.0,-5760.0,-5700.0,-5820.0,-5222.5,-5282.5,-5535.0,-5475.0,-5595.0,-5410.0,-5470.0,0.0,0.0,0.0,0.0,0.0,-7392.5,-7362.5,-7422.5,-6705.0,-6735.0
2025-04-07 00:00:00+00:00,-365.0,-275.0,-455.0,1597.5,1507.5,3852.5,3912.5,3792.5,4215.0,4155.0,1185.0,1275.0,1095.0,872.5,782.5,2330.0,2450.0,2210.0,1285.0,1195.0,-192.5,-162.5,-222.5,282.5,252.5,-192.5,-162.5,-222.5,282.5,252.5,332.5,362.5,302.5,757.5,727.5,332.5,362.5,302.5,757.5,727.5,507.5,537.5,477.5,1120.0,1090.0,0.0,0.0,0.0,0.0,0.0,2770.0,2800.0,2740.0,2532.5,2502.5
2025-04-08 00:00:00+00:00,1237.5,1387.5,1087.5,-1120.0,-1240.0,1685.0,1775.0,1595.0,1947.5,1857.5,1777.5,1837.5,1717.5,1827.5,1767.5,210.0,300.0,120.0,660.0,570.0,522.5,612.5,432.5,935.0,845.0,390.0,450.0,330.0,127.5,67.5,-35.0,25.0,-95.0,302.5,242.5,315.0,375.0,255.0,665.0,605.0,315.0,375.0,255.0,665.0,605.0,0.0,0.0,0.0,0.0,0.0,1982.5,2012.5,1952.5,2270.0,2240.0
2025-04-09 00:00:00+00:00,-4507.5,-4387.5,-4627.5,-4782.5,-4902.5,-4715.0,-4625.0,-4805.0,-4327.5,-4417.5,-5860.0,-5800.0,-5920.0,-5685.0,-5745.0,135.0,225.0,45.0,-1402.5,-1492.5,97.5,187.5,7.5,-852.5,-942.5,1097.5,1187.5,1007.5,35.0,-55.0,-522.5,-462.5,-582.5,-935.0,-995.0,-522.5,-462.5,-582.5,-935.0,-995.0,-222.5,-162.5,-282.5,-185.0,-245.0,0.0,0.0,0.0,0.0,0.0,-4605.0,-4575.0,-4635.0,-4817.5,-4847.5
2025-04-10 00:00:00+00:00,90.0,300.0,-120.0,1820.0,1640.0,747.5,837.5,657.5,277.5,217.5,-652.5,-562.5,-742.5,1072.5,982.5,542.5,662.5,422.5,1080.0,960.0,-535.0,-475.0,-595.0,752.5,692.5,95.0,125.0,65.0,445.0,415.0,1372.5,1462.5,1282.5,547.5,457.5,315.0,375.0,255.0,477.5,417.5,0.0,0.0,0.0,0.0,0.0,0.0,0.0,0.0,0.0,0.0,1270.0,1300.0,1240.0,1645.0,1615.0
2025-04-11 00:00:00+00:00,1822.5,1912.5,1732.5,1322.5,1232.5,1060.0,1150.0,970.0,2372.5,2282.5,2065.0,2125.0,2005.0,915.0,855.0,-1027.5,-937.5,-1117.5,-802.5,-892.5,-797.5,-737.5,-857.5,-747.5,-807.5,-797.5,-737.5,-857.5,-747.5,-807.5,-835.0,-775.0,-895.0,-172.5,-232.5,-1455.0,-1425.0,-1485.0,-467.5,-497.5,-1455.0,-1425.0,-1485.0,-467.5,-497.5,0.0,0.0,0.0,0.0,0.0,870.0,900.0,840.0,1432.5,1402.5
2025-04-14 00:00:00+00:00,322.5,412.5,232.5,47.5,-42.5,-415.0,-325.0,-505.0,-815.0,-905.0,102.5,162.5,42.5,-785.0,-845.0,-240.0,-150.0,-330.0,-290.0,-380.0,-240.0,-150.0,-330.0,-290.0,-380.0,-580.0,-550.0,-610.0,-242.5,-272.5,-360.0,-300.0,-420.0,-522.5,-582.5,-360.0,-300.0,-420.0,-522.5,-582.5,-442.5,-412.5,-472.5,-442.5,-472.5,0.0,0.0,0.0,0.0,0.0,-217.5,-187.5,-247.5,-905.0,-935.0
2025-04-15 00:00:00+00:00,-545.0,-425.0,-665.0,-1095.0,-1215.0,-245.0,-125.0,-365.0,-1495.0,-1615.0,-925.0,-775.0,-1075.0,-1025.0,-1175.0,442.5,562.5,322.5,792.5,672.5,705.0,825.0,585.0,1067.5,947.5,402.5,462.5,342.5,740.0,680.0,572.5,662.5,482.5,1060.0,970.0,747.5,837.5,657.5,910.0,820.0,540.0,600.0,480.0,815.0,755.0,0.0,0.0,0.0,0.0,0.0,-1330.0,-1300.0,-1360.0,-1092.5,-1122.5
2025-04-16 00:00:00+00:00,-247.5,-37.5,-457.5,-297.5,-507.5,-687.5,-537.5,-837.5,112.5,-37.5,-932.5,-812.5,-1052.5,992.5,872.5,620.0,800.0,440.0,532.5,352.5,592.5,712.5,472.5,230.0,110.0,577.5,637.5,517.5,-85.0,-145.0,335.0,425.0,245.0,-440.0,-530.0,322.5,412.5,232.5,-597.5,-657.5,215.0,275.0,155.0,-322.5,-382.5,0.0,0.0,0.0,0.0,0.0,-30.0,0.0,-60.0,57.5,27.5
2025-04-17 00:00:00+00:00,-357.5,-237.5,-477.5,-532.5,-652.5,-647.5,-587.5,-707.5,-860.0,-920.0,-585.0,-525.0,-645.0,-885.0,-945.0,-752.5,-662.5,-842.5,-927.5,-1017.5,-277.5,-187.5,-367.5,-727.5,-817.5,-485.0,-425.0,-545.0,-297.5,-357.5,-202.5,-112.5,-292.5,-327.5,-417.5,-202.5,-112.5,-292.5,-327.5,-417.5,260.0,350.0,170.0,-52.5,-142.5,0.0,0.0,0.0,0.0,0.0,-855.0,-825.0,-885.0,-1280.0,-1310.0
2025-04-21 00:00:00+00:00,-177.5,-87.5,-267.5,-802.5,-892.5,-272.5,-212.5,-332.5,-1010.0,-1070.0,-182.5,-62.5,-302.5,-1057.5,-1177.5,-700.0,-550.0,-850.0,-150.0,-300.0,-732.5,-612.5,-852.5,92.5,-27.5,-52.5,37.5,-142.5,202.5,142.5,-765.0,-675.0,-855.0,160.0,70.0,-235.0,-175.0,-295.0,132.5,102.5,-160.0,-100.0,-220.0,207.5,177.5,0.0,0.0,0.0,0.0,0.0,-1030.0,-1000.0,-1060.0,-880.0,-910.0
2025-04-22 00:00:00+00:00,-787.5,-637.5,-937.5,-670.0,-790.0,-320.0,-200.0,-440.0,-582.5,-702.5,-302.5,-212.5,-392.5,-377.5,-467.5,117.5,237.5,-2.5,180.0,60.0,155.0,275.0,35.0,55.0,-65.0,435.0,525.0,345.0,347.5,257.5,72.5,162.5,-17.5,-477.5,-567.5,72.5,162.5,-17.5,-477.5,-567.5,-280.0,-250.0,-310.0,-705.0,-735.0,0.0,0.0,0.0,0.0,0.0,-605.0,-575.0,-635.0,-867.5,-897.5
2025-04-23 00:00:00+00:00,855.0,975.0,735.0,467.5,347.5,622.5,712.5,532.5,397.5,307.5,247.5,337.5,157.5,-215.0,-305.0,-415.0,-325.0,-505.0,240.0,180.0,-415.0,-325.0,-505.0,240.0,180.0,-447.5,-387.5,-507.5,195.0,165.0,20.0,50.0,-10.0,195.0,165.0,20.0,50.0,-10.0,195.0,165.0,170.0,200.0,140.0,170.0,140.0,0.0,0.0,0.0,0.0,0.0,370.0,400.0,340.0,307.5,277.5
2025-04-24 00:00:00+00:00,885.0,975.0,795.0,560.0,470.0,1257.5,1287.5,1227.5,1107.5,1077.5,670.0,700.0,640.0,582.5,552.5,-385.0,-325.0,-445.0,-97.5,-157.5,-235.0,-175.0,-295.0,177.5,117.5,0.0,0.0,0.0,0.0,0.0,-280.0,-250.0,-310.0,-55.0,-85.0,0.0,0.0,0.0,0.0,0.0,0.0,0.0,0.0,0.0,0.0,0.0,0.0,0.0,0.0,0.0,882.5,912.5,852.5,920.0,890.0
2025-04-25 00:00:00+00:00,110.0,200.0,20.0,-752.5,-842.5,-260.0,-200.0,-320.0,-722.5,-782.5,0.0,0.0,0.0,0.0,0.0,-1202.5,-1112.5,-1292.5,-627.5,-717.5,-802.5,-712.5,-892.5,-815.0,-905.0,-802.5,-712.5,-892.5,-815.0,-905.0,-915.0,-825.0,-1005.0,-227.5,-317.5,-777.5,-687.5,-867.5,-315.0,-405.0,-585.0,-525.0,-645.0,-660.0,-720.0,0.0,0.0,0.0,0.0,0.0,-1617.5,-1587.5,-1647.5,-1530.0,-1560.0
2025-04-28 00:00:00+00:00,12.5,162.5,-137.5,250.0,100.0,210.0,300.0,120.0,360.0,270.0,2.5,62.5,-57.5,-205.0,-235.0,-97.5,-37.5,-157.5,-235.0,-295.0,152.5,212.5,92.5,-22.5,-82.5,152.5,212.5,92.5,-22.5,-82.5,-367.5,-337.5,-397.5,-192.5,-222.5,-367.5,-337.5,-397.5,-192.5,-222.5,-167.5,-137.5,-197.5,45.0,15.0,0.0,0.0,0.0,0.0,0.0,157.5,187.5,127.5,157.5,127.5
2025-04-29 00:00:00+00:00,-265.0,-175.0,-355.0,-727.5,-817.5,-1182.5,-1062.5,-1302.5,-732.5,-852.5,-685.0,-625.0,-745.0,-885.0,-945.0,-152.5,-62.5,-242.5,-52.5,-142.5,-152.5,-62.5,-242.5,-52.5,-142.5,-172.5,-112.5,-232.5,-110.0,-170.0,192.5,312.5,72.5,330.0,210.0,135.0,225.0,45.0,272.5,182.5,165.0,225.0,105.0,127.5,67.5,0.0,0.0,0.0,0.0,0.0,-705.0,-675.0,-735.0,-892.5,-922.5
2025-04-30 00:00:00+00:00,235.0,325.0,145.0,-27.5,-117.5,-222.5,-162.5,-282.5,-447.5,-507.5,-457.5,-337.5,-577.5,-632.5,-752.5,-615.0,-525.0,-705.0,-490.0,-580.0,-460.0,-400.0,-520.0,-205.0,-235.0,-285.0,-225.0,-345.0,-55.0,-85.0,-190.0,-100.0,-280.0,127.5,67.5,2.5,62.5,-57.5,165.0,105.0,-5.0,25.0,-35.0,132.5,102.5,0.0,0.0,0.0,0.0,0.0,-355.0,-325.0,-385.0,-567.5,-597.5
2025-05-01 00:00:00+00:00,-390.0,-300.0,-480.0,-515.0,-605.0,-365.0,-275.0,-455.0,-477.5,-567.5,70.0,100.0,40.0,-80.0,-110.0,492.5,612.5,372.5,392.5,272.5,240.0,300.0,180.0,265.0,205.0,327.5,387.5,267.5,70.0,40.0,240.0,300.0,180.0,265.0,205.0,240.0,300.0,180.0,265.0,205.0,327.5,387.5,267.5,70.0,40.0,0.0,0.0,0.0,0.0,0.0,182.5,212.5,152.5,57.5,27.5
2025-05-02 00:00:00+00:00,-755.0,-575.0,-935.0,-817.5,-997.5,22.5,112.5,-67.5,-2.5,-92.5,-527.5,-437.5,-617.5,-52.5,-142.5,425.0,575.0,275.0,817.5,697.5,277.5,337.5,217.5,577.5,517.5,307.5,337.5,277.5,432.5,402.5,580.0,700.0,460.0,610.0,520.0,677.5,737.5,617.5,627.5,567.5,495.0,525.0,465.0,707.5,677.5,0.0,0.0,0.0,0.0,0.0,382.5,412.5,352.5,382.5,352.5
2025-05-05 00:00:00+00:00,-702.5,-462.5,-942.5,-127.5,-367.5,-290.0,-200.0,-380.0,-190.0,-280.0,-385.0,-325.0,-445.0,-572.5,-632.5,-137.5,12.5,-287.5,-200.0,-350.0,230.0,350.0,110.0,292.5,172.5,132.5,162.5,102.5,157.5,127.5,197.5,287.5,107.5,135.0,45.0,197.5,287.5,107.5,135.0,45.0,52.5,112.5,-7.5,-60.0,-120.0,0.0,0.0,0.0,0.0,0.0,-42.5,-12.5,-72.5,-92.5,-122.5
2025-05-06 00:00:00+00:00,-282.5,-162.5,-402.5,-70.0,-190.0,-440.0,-350.0,-530.0,-565.0,-655.0,-155.0,-125.0,-185.0,-255.0,-285.0,-190.0,-100.0,-280.0,160.0,70.0,-72.5,-12.5,-132.5,-217.5,-247.5,95.0,125.0,65.0,0.0,0.0,-235.0,-175.0,-295.0,132.5,102.5,65.0,125.0,5.0,270.0,240.0,140.0,200.0,80.0,295.0,265.0,0.0,0.0,0.0,0.0,0.0,-405.0,-375.0,-435.0,-567.5,-597.5
2025-05-07 00:00:00+00:00,-837.5,-687.5,-987.5,-737.5,-887.5,-407.5,-287.5,-527.5,-170.0,-290.0,-690.0,-600.0,-780.0,-702.5,-792.5,622.5,712.5,532.5,535.0,445.0,622.5,712.5,532.5,535.0,445.0,157.5,187.5,127.5,207.5,177.5,672.5,762.5,582.5,610.0,520.0,377.5,437.5,317.5,315.0,255.0,270.0,300.0,240.0,195.0,165.0,0.0,0.0,0.0,0.0,0.0,-55.0,-25.0,-85.0,-217.5,-247.5
2025-05-08 00:00:00+00:00,-245.0,-125.0,-365.0,-370.0,-490.0,-257.5,-137.5,-377.5,17.5,-102.5,-135.0,-75.0,-195.0,-160.0,-220.0,-245.0,-125.0,-365.0,-95.0,-215.0,-132.5,-12.5,-252.5,-57.5,-177.5,-405.0,-375.0,-435.0,-405.0,-435.0,-260.0,-200.0,-320.0,-272.5,-332.5,-260.0,-200.0,-320.0,-272.5,-332.5,-367.5,-337.5,-397.5,-367.5,-397.5,0.0,0.0,0.0,0.0,0.0,-242.5,-212.5,-272.5,-255.0,-285.0
2025-05-09 00:00:00+00:00,-470.0,-350.0,-590.0,-470.0,-590.0,-477.5,-387.5,-567.5,-315.0,-405.0,-297.5,-237.5,-357.5,-197.5,-257.5,365.0,425.0,305.0,390.0,330.0,365.0,425.0,305.0,390.0,330.0,207.5,237.5,177.5,82.5,52.5,0.0,0.0,0.0,0.0,0.0,0.0,0.0,0.0,0.0,0.0,0.0,0.0,0.0,0.0,0.0,0.0,0.0,0.0,0.0,0.0,545.0,575.0,515.0,420.0,390.0
2025-05-12 00:00:00+00:00,412.5,562.5,262.5,100.0,-50.0,922.5,1012.5,832.5,485.0,395.0,845.0,875.0,815.0,1070.0,1040.0,-147.5,-87.5,-207.5,-235.0,-295.0,-155.0,-125.0,-185.0,107.5,77.5,0.0,0.0,0.0,0.0,0.0,0.0,0.0,0.0,0.0,0.0,0.0,0.0,0.0,0.0,0.0,0.0,0.0,0.0,0.0,0.0,0.0,0.0,0.0,0.0,0.0,695.0,725.0,665.0,370.0,340.0
2025-05-13 00:00:00+00:00,-195.0,-75.0,-315.0,-332.5,-452.5,192.5,312.5,72.5,-220.0,-340.0,242.5,362.5,122.5,267.5,147.5,155.0,275.0,35.0,117.5,-2.5,82.5,112.5,52.5,132.5,102.5,0.0,0.0,0.0,0.0,0.0,322.5,412.5,232.5,347.5,257.5,315.0,375.0,255.0,302.5,242.5,0.0,0.0,0.0,0.0,0.0,0.0,0.0,0.0,0.0,0.0,607.5,637.5,577.5,632.5,602.5
2025-05-14 00:00:00+00:00,297.5,387.5,207.5,-115.0,-205.0,247.5,337.5,157.5,110.0,20.0,557.5,587.5,527.5,420.0,390.0,347.5,437.5,257.5,797.5,707.5,302.5,362.5,242.5,502.5,442.5,277.5,337.5,217.5,590.0,530.0,115.0,175.0,55.0,340.0,280.0,440.0,500.0,380.0,590.0,530.0,502.5,562.5,442.5,552.5,492.5,0.0,0.0,0.0,0.0,0.0,607.5,637.5,577.5,820.0,790.0
2025-05-15 00:00:00+00:00,450.0,600.0,300.0,255.0,135.0,385.0,475.0,295.0,222.5,132.5,77.5,137.5,17.5,15.0,-45.0,-45.0,75.0,-165.0,142.5,22.5,115.0,175.0,55.0,215.0,155.0,0.0,0.0,0.0,0.0,0.0,52.5,112.5,-7.5,340.0,280.0,107.5,137.5,77.5,282.5,252.5,0.0,0.0,0.0,0.0,0.0,0.0,0.0,0.0,0.0,0.0,632.5,662.5,602.5,670.0,640.0
2025-05-16 00:00:00+00:00,-132.5,-12.5,-252.5,-220.0,-340.0,-152.5,-62.5,-242.5,-102.5,-192.5,165.0,225.0,105.0,277.5,217.5,162.5,312.5,12.5,-12.5,-162.5,60.0,150.0,-30.0,35.0,-55.0,152.5,212.5,92.5,265.0,205.0,242.5,362.5,122.5,155.0,35.0,152.5,212.5,92.5,265.0,205.0,32.5,62.5,2.5,195.0,165.0,0.0,0.0,0.0,0.0,0.0,282.5,312.5,252.5,382.5,352.5
2025-05-19 00:00:00+00:00,267.5,387.5,147.5,380.0,260.0,160.0,250.0,70.0,377.5,317.5,-585.0,-525.0,-645.0,-422.5,-482.5,185.0,275.0,95.0,60.0,-30.0,190.0,250.0,130.0,27.5,-32.5,245.0,275.0,215.0,245.0,215.0,352.5,412.5,292.5,490.0,430.0,95.0,125.0,65.0,282.5,252.5,220.0,250.0,190.0,220.0,190.0,0.0,0.0,0.0,0.0,0.0,970.0,1000.0,940.0,945.0,915.0
2025-05-20 00:00:00+00:00,-12.5,137.5,-162.5,-32.5,-152.5,-32.5,87.5,-152.5,-95.0,-215.0,110.0,200.0,20.0,122.5,32.5,155.0,275.0,35.0,-20.0,-140.0,47.5,137.5,-42.5,110.0,20.0,70.0,100.0,40.0,-5.0,-35.0,215.0,275.0,155.0,27.5,-32.5,45.0,75.0,15.0,220.0,190.0,170.0,200.0,140.0,245.0,215.0,0.0,0.0,0.0,0.0,0.0,520.0,550.0,490.0,207.5,177.5
2025-05-21 00:00:00+00:00,560.0,650.0,470.0,772.5,682.5,697.5,787.5,607.5,785.0,695.0,390.0,450.0,330.0,790.0,730.0,-610.0,-550.0,-670.0,-660.0,-720.0,-542.5,-512.5,-572.5,-492.5,-522.5,-542.5,-512.5,-572.5,-492.5,-522.5,-592.5,-562.5,-622.5,-530.0,-560.0,-492.5,-462.5,-522.5,-392.5,-422.5,-405.0,-375.0,-435.0,-355.0,-385.0,0.0,0.0,0.0,0.0,0.0,57.5,87.5,27.5,295.0,265.0
2025-05-22 00:00:00+00:00,-645.0,-525.0,-765.0,-632.5,-752.5,-540.0,-450.0,-630.0,-727.5,-817.5,-930.0,-750.0,-1110.0,-492.5,-672.5,-387.5,-237.5,-537.5,-137.5,-287.5,-262.5,-112.5,-412.5,-487.5,-637.5,372.5,462.5,282.5,410.0,320.0,-287.5,-137.5,-437.5,-275.0,-425.0,-125.0,25.0,-275.0,-612.5,-762.5,-227.5,-137.5,-317.5,-765.0,-855.0,0.0,0.0,0.0,0.0,0.0,-867.5,-837.5,-897.5,-830.0,-860.0
2025-05-23 00:00:00+00:00,-562.5,-412.5,-712.5,-1037.5,-1187.5,-1340.0,-1250.0,-1430.0,-990.0,-1080.0,-1265.0,-1175.0,-1355.0,-402.5,-492.5,-2620.0,-2500.0,-2740.0,-1820.0,-1940.0,-2620.0,-2500.0,-2740.0,-1820.0,-1940.0,-2532.5,-2412.5,-2652.5,-1895.0,-2015.0,-2432.5,-2312.5,-2552.5,-2120.0,-2240.0,-2502.5,-2412.5,-2592.5,-2177.5,-2267.5,-2502.5,-2412.5,-2592.5,-2177.5,-2267.5,0.0,0.0,0.0,0.0,0.0,-3630.0,-3600.0,-3660.0,-3167.5,-3197.5
2025-05-26 00:00:00+00:00,-512.5,-362.5,-662.5,-62.5,-212.5,-262.5,-112.5,-412.5,-345.0,-465.0,-252.5,-162.5,-342.5,-102.5,-192.5,217.5,337.5,97.5,80.0,-40.0,185.0,275.0,95.0,160.0,70.0,95.0,125.0,65.0,95.0,65.0,215.0,275.0,155.0,127.5,67.5,215.0,275.0,155.0,127.5,67.5,277.5,337.5,217.5,40.0,-20.0,0.0,0.0,0.0,0.0,0.0,220.0,250.0,190.0,182.5,152.5
2025-05-27 00:00:00+00:00,-427.5,-337.5,-517.5,-590.0,-680.0,-482.5,-362.5,-602.5,-520.0,-640.0,-570.0,-450.0,-690.0,-557.5,-677.5,122.5,212.5,32.5,285.0,195.0,197.5,287.5,107.5,122.5,32.5,-97.5,-37.5,-157.5,52.5,-7.5,467.5,587.5,347.5,155.0,35.0,7.5,37.5,-22.5,-30.0,-60.0,7.5,37.5,-22.5,-30.0,-60.0,0.0,0.0,0.0,0.0,0.0,-5.0,25.0,-35.0,-192.5,-222.5
2025-05-28 00:00:00+00:00,522.5,612.5,432.5,1035.0,945.0,632.5,662.5,602.5,532.5,502.5,632.5,662.5,602.5,657.5,627.5,197.5,287.5,107.5,-252.5,-342.5,197.5,287.5,107.5,-252.5,-342.5,107.5,137.5,77.5,-17.5,-47.5,-72.5,-12.5,-132.5,-17.5,-47.5,-42.5,-12.5,-72.5,-17.5,-47.5,82.5,112.5,52.5,132.5,102.5,0.0,0.0,0.0,0.0,0.0,695.0,725.0,665.0,745.0,715.0
2025-05-29 00:00:00+00:00,-752.5,-512.5,-992.5,-690.0,-930.0,-942.5,-762.5,-1122.5,-555.0,-735.0,-117.5,-87.5,-147.5,-305.0,-335.0,-822.5,-612.5,-1032.5,-805.0,-985.0,-125.0,25.0,-275.0,-745.0,-865.0,-410.0,-350.0,-470.0,-392.5,-422.5,-1095.0,-975.0,-1215.0,-1227.5,-1317.5,-1165.0,-1075.0,-1255.0,-1185.0,-1245.0,-740.0,-650.0,-830.0,-847.5,-907.5,0.0,0.0,0.0,0.0,0.0,-1605.0,-1575.0,-1635.0,-1980.0,-2010.0
2025-05-30 00:00:00+00:00,-575.0,-425.0,-725.0,-12.5,-162.5,-170.0,-50.0,-290.0,-295.0,-415.0,-570.0,-450.0,-690.0,-207.5,-327.5,437.5,587.5,287.5,-387.5,-537.5,267.5,387.5,147.5,-357.5,-477.5,95.0,125.0,65.0,-92.5,-122.5,642.5,762.5,522.5,-220.0,-340.0,497.5,587.5,407.5,-90.0,-180.0,522.5,612.5,432.5,-252.5,-342.5,0.0,0.0,0.0,0.0,0.0,320.0,350.0,290.0,32.5,2.5
2025-06-02 00:00:00+00:00,167.5,287.5,47.5,267.5,147.5,-15.0,75.0,-105.0,235.0,145.0,72.5,162.5,-17.5,60.0,-30.0,35.0,125.0,-55.0,135.0,45.0,227.5,287.5,167.5,165.0,105.0,227.5,287.5,167.5,165.0,105.0,-242.5,-212.5,-272.5,-17.5,-47.5,-5.0,25.0,-35.0,-5.0,-35.0,-5.0,25.0,-35.0,-5.0,-35.0,0.0,0.0,0.0,0.0,0.0,495.0,525.0,465.0,432.5,402.5
2025-06-03 00:00:00+00:00,-75.0,75.0,-225.0,437.5,287.5,267.5,387.5,147.5,592.5,472.5,237.5,387.5,87.5,512.5,362.5,107.5,137.5,77.5,107.5,77.5,107.5,137.5,77.5,107.5,77.5,107.5,137.5,77.5,107.5,77.5,157.5,187.5,127.5,132.5,102.5,0.0,0.0,0.0,0.0,0.0,0.0,0.0,0.0,0.0,0.0,0.0,0.0,0.0,0.0,0.0,732.5,762.5,702.5,957.5,927.5
2025-06-04 00:00:00+00:00,-132.5,-12.5,-252.5,-420.0,-540.0,-215.0,-125.0,-305.0,-540.0,-630.0,-320.0,-200.0,-440.0,-307.5,-427.5,-7.5,112.5,-127.5,285.0,195.0,-15.0,75.0,-105.0,165.0,105.0,2.5,62.5,-57.5,107.5,77.5,322.5,412.5,232.5,240.0,180.0,322.5,412.5,232.5,240.0,180.0,277.5,337.5,217.5,302.5,242.5,0.0,0.0,0.0,0.0,0.0,157.5,187.5,127.5,220.0,190.0
2025-06-05 00:00:00+00:00,-90.0,0.0,-180.0,-390.0,-480.0,-160.0,-100.0,-220.0,-585.0,-645.0,-167.5,-137.5,-197.5,-442.5,-472.5,-262.5,-112.5,-412.5,-487.5,-637.5,-95.0,25.0,-215.0,130.0,10.0,35.0,125.0,-55.0,47.5,-42.5,-90.0,0.0,-180.0,22.5,-67.5,-90.0,0.0,-180.0,22.5,-67.5,-90.0,0.0,-180.0,22.5,-67.5,0.0,0.0,0.0,0.0,0.0,-192.5,-162.5,-222.5,-155.0,-185.0
2025-06-06 00:00:00+00:00,-225.0,-75.0,-375.0,-175.0,-325.0,-145.0,-25.0,-265.0,-227.5,-317.5,-52.5,37.5,-142.5,-290.0,-380.0,60.0,150.0,-30.0,-127.5,-217.5,65.0,125.0,5.0,-47.5,-107.5,65.0,125.0,5.0,-47.5,-107.5,65.0,125.0,5.0,-47.5,-107.5,32.5,62.5,2.5,-80.0,-110.0,32.5,62.5,2.5,-105.0,-135.0,0.0,0.0,0.0,0.0,0.0,-67.5,-37.5,-97.5,82.5,52.5
2025-06-09 00:00:00+00:00,37.5,187.5,-112.5,-137.5,-287.5,42.5,162.5,-77.5,-57.5,-177.5,-12.5,137.5,-162.5,-100.0,-250.0,-82.5,37.5,-202.5,80.0,-40.0,17.5,137.5,-102.5,142.5,22.5,32.5,62.5,2.5,-17.5,-47.5,-92.5,-62.5,-122.5,45.0,15.0,-17.5,12.5,-47.5,82.5,52.5,45.0,75.0,15.0,7.5,-22.5,0.0,0.0,0.0,0.0,0.0,82.5,112.5,52.5,95.0,65.0
2025-06-10 00:00:00+00:00,-117.5,62.5,-297.5,-487.5,-637.5,10.0,100.0,-80.0,-415.0,-505.0,182.5,212.5,152.5,-117.5,-147.5,205.0,325.0,85.0,492.5,372.5,272.5,362.5,182.5,547.5,457.5,132.5,162.5,102.5,357.5,327.5,227.5,287.5,167.5,365.0,305.0,220.0,250.0,190.0,295.0,265.0,220.0,250.0,190.0,295.0,265.0,0.0,0.0,0.0,0.0,0.0,382.5,412.5,352.5,295.0,265.0
2025-06-11 00:00:00+00:00,-295.0,-175.0,-415.0,-382.5,-502.5,-457.5,-337.5,-577.5,-257.5,-377.5,-260.0,-200.0,-320.0,-435.0,-495.0,-120.0,0.0,-240.0,167.5,47.5,-32.5,87.5,-152.5,155.0,35.0,232.5,262.5,202.5,370.0,340.0,-15.0,75.0,-105.0,-265.0,-355.0,-10.0,50.0,-70.0,-97.5,-157.5,252.5,312.5,192.5,277.5,217.5,0.0,0.0,0.0,0.0,0.0,-192.5,-162.5,-222.5,-5.0,-35.0
2025-06-12 00:00:00+00:00,-315.0,-225.0,-405.0,-502.5,-592.5,-677.5,-587.5,-767.5,-440.0,-530.0,-620.0,-500.0,-740.0,-227.5,-317.5,580.0,700.0,460.0,-420.0,-540.0,222.5,312.5,132.5,-427.5,-517.5,440.0,500.0,380.0,-47.5,-107.5,-160.0,-100.0,-220.0,-335.0,-395.0,-17.5,12.5,-47.5,-17.5,-47.5,157.5,187.5,127.5,70.0,40.0,0.0,0.0,0.0,0.0,0.0,-417.5,-387.5,-447.5,-617.5,-647.5
2025-06-13 00:00:00+00:00,-192.5,-12.5,-372.5,-80.0,-260.0,310.0,400.0,220.0,560.0,470.0,755.0,875.0,635.0,542.5,422.5,630.0,750.0,510.0,285.0,195.0,65.0,125.0,5.0,340.0,280.0,0.0,0.0,0.0,0.0,0.0,-145.0,-25.0,-265.0,330.0,210.0,310.0,400.0,220.0,210.0,120.0,-17.5,12.5,-47.5,182.5,152.5,0.0,0.0,0.0,0.0,0.0,945.0,975.0,915.0,795.0,765.0
2025-06-16 00:00:00+00:00,342.5,462.5,222.5,-402.5,-492.5,-227.5,-137.5,-317.5,-302.5,-392.5,260.0,350.0,170.0,-197.5,-257.5,-227.5,-137.5,-317.5,-2.5,-92.5,-210.0,-150.0,-270.0,-47.5,-107.5,-235.0,-175.0,-295.0,-197.5,-257.5,-60.0,0.0,-120.0,102.5,42.5,7.5,37.5,-22.5,-30.0,-60.0,7.5,37.5,-22.5,-30.0,-60.0,0.0,0.0,0.0,0.0,0.0,195.0,225.0,165.0,395.0,365.0
2025-06-17 00:00:00+00:00,-357.5,-237.5,-477.5,-370.0,-490.0,-525.0,-375.0,-675.0,-262.5,-412.5,-302.5,-212.5,-392.5,-152.5,-242.5,85.0,175.0,-5.0,197.5,107.5,-122.5,-62.5,-182.5,102.5,42.5,202.5,262.5,142.5,477.5,417.5,160.0,250.0,70.0,-27.5,-117.5,485.0,575.0,395.0,347.5,257.5,277.5,337.5,217.5,252.5,192.5,0.0,0.0,0.0,0.0,0.0,-180.0,-150.0,-210.0,-17.5,-47.5
2025-06-18 00:00:00+00:00,212.5,362.5,62.5,112.5,-37.5,477.5,537.5,417.5,-267.5,-297.5,-80.0,-50.0,-110.0,-417.5,-447.5,-860.0,-800.0,-920.0,-610.0,-670.0,-860.0,-800.0,-920.0,-610.0,-670.0,-597.5,-537.5,-657.5,-572.5,-632.5,-755.0,-725.0,-785.0,-730.0,-760.0,-730.0,-700.0,-760.0,-555.0,-585.0,-555.0,-525.0,-585.0,-517.5,-547.5,0.0,0.0,0.0,0.0,0.0,-242.5,-212.5,-272.5,-517.5,-547.5
2025-06-23 00:00:00+00:00,-745.0,-625.0,-865.0,-70.0,-190.0,-540.0,-450.0,-630.0,-152.5,-242.5,-445.0,-325.0,-565.0,-345.0,-465.0,-940.0,-850.0,-1030.0,-977.5,-1067.5,-765.0,-675.0,-855.0,-902.5,-992.5,-752.5,-662.5,-842.5,-852.5,-942.5,-965.0,-875.0,-1055.0,-1127.5,-1217.5,-797.5,-737.5,-857.5,-935.0,-995.0,-785.0,-725.0,-845.0,-760.0,-820.0,0.0,0.0,0.0,0.0,0.0,-1330.0,-1300.0,-1360.0,-1130.0,-1160.0
2025-06-24 00:00:00+00:00,-215.0,-125.0,-305.0,-140.0,-230.0,-102.5,-12.5,-192.5,-240.0,-330.0,-30.0,0.0,-60.0,-205.0,-235.0,-65.0,25.0,-155.0,-277.5,-367.5,110.0,200.0,20.0,-102.5,-192.5,245.0,275.0,215.0,57.5,27.5,-160.0,-100.0,-220.0,-197.5,-257.5,177.5,237.5,117.5,77.5,17.5,245.0,275.0,215.0,57.5,27.5,0.0,0.0,0.0,0.0,0.0,-142.5,-112.5,-172.5,-130.0,-160.0
2025-06-25 00:00:00+00:00,-257.5,-137.5,-377.5,30.0,-90.0,-57.5,62.5,-177.5,30.0,-90.0,115.0,175.0,55.0,202.5,142.5,-185.0,-125.0,-245.0,-197.5,-257.5,-205.0,-175.0,-235.0,-105.0,-135.0,7.5,37.5,-22.5,95.0,65.0,-105.0,-75.0,-135.0,45.0,15.0,-80.0,-50.0,-110.0,70.0,40.0,-105.0,-75.0,-135.0,70.0,40.0,0.0,0.0,0.0,0.0,0.0,220.0,250.0,190.0,357.5,327.5
2025-06-26 00:00:00+00:00,-27.5,62.5,-117.5,10.0,-80.0,-72.5,-12.5,-132.5,-260.0,-320.0,-135.0,-75.0,-195.0,-185.0,-245.0,27.5,87.5,-32.5,2.5,-57.5,27.5,87.5,-32.5,2.5,-57.5,52.5,112.5,-7.5,77.5,17.5,140.0,200.0,80.0,177.5,117.5,152.5,212.5,92.5,152.5,92.5,-5.0,25.0,-35.0,45.0,15.0,0.0,0.0,0.0,0.0,0.0,32.5,62.5,2.5,57.5,27.5
2025-06-27 00:00:00+00:00,-57.5,62.5,-177.5,17.5,-102.5,-50.0,100.0,-200.0,137.5,-12.5,20.0,200.0,-160.0,-55.0,-235.0,95.0,275.0,-85.0,-105.0,-285.0,105.0,225.0,-15.0,-82.5,-202.5,0.0,0.0,0.0,0.0,0.0,112.5,262.5,-37.5,-25.0,-175.0,105.0,225.0,-15.0,-82.5,-202.5,0.0,0.0,0.0,0.0,0.0,0.0,0.0,0.0,0.0,0.0,220.0,250.0,190.0,232.5,202.5
2025-06-30 00:00:00+00:00,50.0,200.0,-100.0,-212.5,-362.5,-240.0,-150.0,-330.0,-190.0,-280.0,-2.5,87.5,-92.5,35.0,-55.0,60.0,150.0,-30.0,122.5,32.5,60.0,150.0,-30.0,122.5,32.5,-10.0,50.0,-70.0,15.0,-45.0,172.5,262.5,82.5,310.0,220.0,15.0,75.0,-45.0,90.0,30.0,7.5,37.5,-22.5,82.5,52.5,0.0,0.0,0.0,0.0,0.0,307.5,337.5,277.5,220.0,190.0
2025-07-01 00:00:00+00:00,-482.5,-362.5,-602.5,-470.0,-590.0,-60.0,0.0,-120.0,-185.0,-245.0,-325.0,-175.0,-475.0,-332.5,-452.5,217.5,337.5,97.5,317.5,197.5,185.0,275.0,95.0,397.5,307.5,45.0,75.0,15.0,107.5,77.5,140.0,200.0,80.0,202.5,142.5,127.5,187.5,67.5,265.0,205.0,57.5,87.5,27.5,-67.5,-97.5,0.0,0.0,0.0,0.0,0.0,-205.0,-175.0,-235.0,-217.5,-247.5
2025-07-02 00:00:00+00:00,-30.0,150.0,-210.0,-230.0,-410.0,-7.5,112.5,-127.5,-32.5,-152.5,-425.0,-275.0,-575.0,-170.0,-290.0,-27.5,62.5,-117.5,160.0,70.0,47.5,137.5,-42.5,147.5,57.5,-55.0,-25.0,-85.0,7.5,-22.5,85.0,175.0,-5.0,222.5,132.5,127.5,187.5,67.5,215.0,155.0,45.0,75.0,15.0,82.5,52.5,0.0,0.0,0.0,0.0,0.0,-292.5,-262.5,-322.5,-355.0,-385.0
2025-07-03 00:00:00+00:00,35.0,125.0,-55.0,-202.5,-292.5,-35.0,25.0,-95.0,-185.0,-245.0,-127.5,-37.5,-217.5,-240.0,-330.0,-152.5,-62.5,-242.5,97.5,7.5,-165.0,-75.0,-255.0,-2.5,-92.5,-17.5,12.5,-47.5,57.5,27.5,60.0,150.0,-30.0,72.5,-17.5,65.0,125.0,5.0,127.5,67.5,215.0,275.0,155.0,165.0,105.0,0.0,0.0,0.0,0.0,0.0,57.5,87.5,27.5,82.5,52.5
2025-07-04 00:00:00+00:00,-275.0,-125.0,-425.0,-137.5,-287.5,-277.5,-187.5,-367.5,-177.5,-267.5,-265.0,-175.0,-355.0,-365.0,-455.0,-87.5,62.5,-237.5,-125.0,-275.0,-107.5,12.5,-227.5,-20.0,-140.0,-185.0,-125.0,-245.0,-172.5,-232.5,210.0,300.0,120.0,-15.0,-105.0,165.0,225.0,105.0,102.5,42.5,165.0,225.0,105.0,102.5,42.5,0.0,0.0,0.0,0.0,0.0,-105.0,-75.0,-135.0,-130.0,-160.0
2025-07-07 00:00:00+00:00,222.5,312.5,132.5,335.0,245.0,527.5,587.5,467.5,552.5,492.5,315.0,375.0,255.0,227.5,167.5,2.5,62.5,-57.5,90.0,30.0,-10.0,50.0,-70.0,152.5,92.5,32.5,62.5,2.5,82.5,52.5,102.5,162.5,42.5,27.5,-32.5,77.5,137.5,17.5,77.5,17.5,15.0,75.0,-45.0,-22.5,-82.5,0.0,0.0,0.0,0.0,0.0,720.0,750.0,690.0,745.0,715.0
2025-07-08 00:00:00+00:00,-112.5,37.5,-262.5,-87.5,-237.5,-7.5,112.5,-127.5,-182.5,-302.5,-202.5,-112.5,-292.5,-252.5,-342.5,-27.5,62.5,-117.5,-127.5,-217.5,-27.5,62.5,-117.5,-127.5,-217.5,-85.0,-25.0,-145.0,-97.5,-157.5,-65.0,25.0,-155.0,-2.5,-92.5,-35.0,25.0,-95.0,115.0,55.0,-35.0,25.0,-95.0,115.0,55.0,0.0,0.0,0.0,0.0,0.0,107.5,137.5,77.5,145.0,115.0
2025-07-09 00:00:00+00:00,312.5,462.5,162.5,550.0,400.0,0.0,150.0,-150.0,-12.5,-162.5,540.0,600.0,480.0,302.5,242.5,-65.0,25.0,-155.0,-90.0,-180.0,27.5,87.5,-32.5,-97.5,-157.5,120.0,150.0,90.0,20.0,-10.0,90.0,150.0,30.0,90.0,30.0,107.5,137.5,77.5,7.5,-22.5,0.0,0.0,0.0,0.0,0.0,0.0,0.0,0.0,0.0,0.0,632.5,662.5,602.5,582.5,552.5
2025-07-10 00:00:00+00:00,275.0,425.0,125.0,325.0,175.0,640.0,700.0,580.0,540.0,480.0,327.5,387.5,267.5,315.0,255.0,-97.5,-37.5,-157.5,-35.0,-95.0,-117.5,-87.5,-147.5,20.0,-10.0,-117.5,-87.5,-147.5,20.0,-10.0,-5.0,25.0,-35.0,170.0,140.0,-5.0,25.0,-35.0,170.0,140.0,-5.0,25.0,-35.0,170.0,140.0,0.0,0.0,0.0,0.0,0.0,482.5,512.5,452.5,457.5,427.5
2025-07-11 00:00:00+00:00,-50.0,100.0,-200.0,75.0,-75.0,185.0,275.0,95.0,185.0,95.0,180.0,300.0,60.0,17.5,-102.5,-427.5,-337.5,-517.5,-440.0,-530.0,-110.0,-50.0,-170.0,-285.0,-345.0,-110.0,-50.0,-170.0,-285.0,-345.0,-197.5,-137.5,-257.5,-122.5,-182.5,-435.0,-375.0,-495.0,-235.0,-295.0,-317.5,-287.5,-347.5,-405.0,-435.0,0.0,0.0,0.0,0.0,0.0,-5.0,25.0,-35.0,95.0,65.0
2025-07-14 00:00:00+00:00,-192.5,-12.5,-372.5,-192.5,-372.5,-127.5,-37.5,-217.5,-40.0,-130.0,-160.0,-100.0,-220.0,-185.0,-245.0,-15.0,75.0,-105.0,147.5,57.5,47.5,137.5,-42.5,85.0,-5.0,65.0,125.0,5.0,165.0,105.0,77.5,137.5,17.5,252.5,192.5,77.5,137.5,17.5,252.5,192.5,115.0,175.0,55.0,390.0,330.0,0.0,0.0,0.0,0.0,0.0,220.0,250.0,190.0,220.0,190.0
2025-07-15 00:00:00+00:00,105.0,225.0,-15.0,142.5,22.5,-165.0,-75.0,-255.0,-290.0,-380.0,215.0,275.0,155.0,165.0,105.0,277.5,337.5,217.5,227.5,167.5,277.5,337.5,217.5,227.5,167.5,195.0,225.0,165.0,170.0,140.0,195.0,225.0,165.0,170.0,140.0,195.0,225.0,165.0,170.0,140.0,0.0,0.0,0.0,0.0,0.0,0.0,0.0,0.0,0.0,0.0,145.0,175.0,115.0,120.0,90.0
2025-07-16 00:00:00+00:00,-395.0,-275.0,-515.0,-127.5,-217.5,-200.0,-50.0,-350.0,17.5,-102.5,-247.5,-187.5,-307.5,-60.0,-120.0,172.5,262.5,82.5,10.0,-80.0,215.0,275.0,155.0,90.0,30.0,227.5,287.5,167.5,140.0,80.0,152.5,212.5,92.5,152.5,92.5,82.5,112.5,52.5,57.5,27.5,82.5,112.5,52.5,57.5,27.5,0.0,0.0,0.0,0.0,0.0,107.5,137.5,77.5,232.5,202.5
2025-07-17 00:00:00+00:00,-45.0,75.0,-165.0,-257.5,-377.5,65.0,125.0,5.0,-172.5,-232.5,32.5,62.5,2.5,-92.5,-122.5,-472.5,-412.5,-532.5,-297.5,-357.5,-272.5,-212.5,-332.5,-322.5,-382.5,-272.5,-212.5,-332.5,-322.5,-382.5,-535.0,-475.0,-595.0,-435.0,-495.0,-535.0,-475.0,-595.0,-410.0,-470.0,-535.0,-475.0,-595.0,-410.0,-470.0,0.0,0.0,0.0,0.0,0.0,-430.0,-400.0,-460.0,-530.0,-560.0
2025-07-18 00:00:00+00:00,-275.0,-125.0,-425.0,-237.5,-387.5,-320.0,-200.0,-440.0,-207.5,-327.5,-160.0,-100.0,-220.0,-147.5,-207.5,-220.0,-100.0,-340.0,-432.5,-552.5,-310.0,-250.0,-370.0,-335.0,-395.0,-310.0,-250.0,-370.0,-197.5,-257.5,-317.5,-287.5,-347.5,-342.5,-372.5,-317.5,-287.5,-347.5,-342.5,-372.5,-317.5,-287.5,-347.5,-342.5,-372.5,0.0,0.0,0.0,0.0,0.0,-280.0,-250.0,-310.0,-305.0,-335.0
2025-07-21 00:00:00+00:00,-422.5,-212.5,-632.5,-355.0,-535.0,-215.0,-125.0,-305.0,-310.0,-370.0,-77.5,12.5,-167.5,-127.5,-217.5,47.5,137.5,-42.5,97.5,7.5,72.5,162.5,-17.5,72.5,-17.5,77.5,137.5,17.5,2.5,-57.5,2.5,62.5,-57.5,27.5,-32.5,-10.0,50.0,-70.0,27.5,-32.5,52.5,112.5,-7.5,-47.5,-107.5,0.0,0.0,0.0,0.0,0.0,-242.5,-212.5,-272.5,-255.0,-285.0
2025-07-22 00:00:00+00:00,37.5,187.5,-112.5,-137.5,-287.5,-82.5,37.5,-202.5,-232.5,-352.5,-140.0,-50.0,-230.0,-110.0,-170.0,112.5,262.5,-37.5,-157.5,-277.5,-22.5,37.5,-82.5,15.0,-45.0,7.5,37.5,-22.5,32.5,2.5,35.0,125.0,-55.0,-52.5,-142.5,-22.5,37.5,-82.5,15.0,-45.0,-22.5,37.5,-82.5,2.5,-57.5,0.0,0.0,0.0,0.0,0.0,370.0,400.0,340.0,282.5,252.5
2025-07-23 00:00:00+00:00,55.0,175.0,-65.0,-140.0,-230.0,-365.0,-275.0,-455.0,-415.0,-505.0,-227.5,-137.5,-317.5,-265.0,-355.0,-215.0,-125.0,-305.0,-27.5,-117.5,-160.0,-100.0,-220.0,-47.5,-107.5,-160.0,-100.0,-220.0,-47.5,-107.5,-10.0,50.0,-70.0,27.5,-32.5,-67.5,-37.5,-97.5,-80.0,-110.0,-67.5,-37.5,-97.5,-80.0,-110.0,0.0,0.0,0.0,0.0,0.0,-117.5,-87.5,-147.5,-130.0,-160.0
2025-07-24 00:00:00+00:00,50.0,200.0,-100.0,-12.5,-162.5,105.0,225.0,-15.0,67.5,-52.5,77.5,137.5,17.5,-35.0,-95.0,-285.0,-225.0,-345.0,-247.5,-307.5,-230.0,-200.0,-260.0,-205.0,-235.0,-5.0,25.0,-35.0,-5.0,-35.0,-130.0,-100.0,-160.0,-92.5,-122.5,-105.0,-75.0,-135.0,-55.0,-85.0,-30.0,0.0,-60.0,82.5,52.5,0.0,0.0,0.0,0.0,0.0,107.5,137.5,77.5,82.5,52.5
2025-07-25 00:00:00+00:00,-140.0,-50.0,-230.0,-190.0,-280.0,-120.0,0.0,-240.0,-32.5,-152.5,-65.0,25.0,-155.0,-152.5,-242.5,-70.0,50.0,-190.0,-7.5,-127.5,-122.5,-62.5,-182.5,-122.5,-182.5,-122.5,-62.5,-182.5,-160.0,-220.0,-95.0,25.0,-215.0,-57.5,-177.5,-85.0,-25.0,-145.0,107.5,77.5,0.0,0.0,0.0,0.0,0.0,0.0,0.0,0.0,0.0,0.0,-42.5,-12.5,-72.5,-42.5,-72.5
2025-07-28 00:00:00+00:00,-187.5,-37.5,-337.5,-357.5,-477.5,-135.0,-75.0,-195.0,20.0,-10.0,-17.5,12.5,-47.5,-80.0,-110.0,-432.5,-312.5,-552.5,-695.0,-815.0,-385.0,-325.0,-445.0,-385.0,-445.0,-392.5,-362.5,-422.5,-330.0,-360.0,-465.0,-375.0,-555.0,-690.0,-780.0,-347.5,-287.5,-407.5,-472.5,-532.5,-355.0,-325.0,-385.0,-417.5,-447.5,0.0,0.0,0.0,0.0,0.0,-455.0,-425.0,-485.0,-492.5,-522.5
2025-07-29 00:00:00+00:00,-90.0,0.0,-180.0,-90.0,-180.0,-145.0,-25.0,-265.0,-145.0,-265.0,-102.5,-12.5,-192.5,-52.5,-142.5,-207.5,-87.5,-327.5,-157.5,-277.5,-260.0,-200.0,-320.0,-135.0,-195.0,-172.5,-112.5,-232.5,-85.0,-145.0,-102.5,-12.5,-192.5,-140.0,-230.0,-122.5,-62.5,-182.5,-147.5,-207.5,-155.0,-125.0,-185.0,-117.5,-147.5,0.0,0.0,0.0,0.0,0.0,-5.0,25.0,-35.0,-42.5,-72.5
2025-07-30 00:00:00+00:00,42.5,162.5,-77.5,42.5,-77.5,-147.5,62.5,-357.5,-47.5,-257.5,35.0,125.0,-55.0,10.0,-80.0,-7.5,112.5,-127.5,-170.0,-290.0,-17.5,12.5,-47.5,-17.5,-47.5,-17.5,12.5,-47.5,-17.5,-47.5,157.5,187.5,127.5,145.0,115.0,157.5,187.5,127.5,145.0,115.0,120.0,150.0,90.0,145.0,115.0,0.0,0.0,0.0,0.0,0.0,295.0,325.0,265.0,220.0,190.0
2025-07-31 00:00:00+00:00,-582.5,-462.5,-702.5,-607.5,-727.5,-222.5,-162.5,-282.5,-397.5,-457.5,-317.5,-287.5,-347.5,-442.5,-472.5,-532.5,-412.5,-652.5,-140.0,-230.0,-170.0,-50.0,-290.0,110.0,20.0,-160.0,-100.0,-220.0,40.0,-20.0,-385.0,-325.0,-445.0,-197.5,-257.5,-385.0,-325.0,-445.0,-197.5,-257.5,-335.0,-275.0,-395.0,-135.0,-195.0,0.0,0.0,0.0,0.0,0.0,-480.0,-450.0,-510.0,-555.0,-585.0
2025-08-01 00:00:00+00:00,-207.5,-87.5,-327.5,-282.5,-402.5,-390.0,-300.0,-480.0,-465.0,-555.0,-72.5,-12.5,-132.5,-572.5,-632.5,47.5,137.5,-42.5,22.5,-67.5,135.0,225.0,45.0,422.5,332.5,-72.5,-12.5,-132.5,240.0,180.0,190.0,250.0,130.0,127.5,67.5,-55.0,-25.0,-85.0,-42.5,-72.5,-30.0,0.0,-60.0,332.5,302.5,0.0,0.0,0.0,0.0,0.0,-180.0,-150.0,-210.0,-267.5,-297.5
2025-08-04 00:00:00+00:00,-432.5,-312.5,-552.5,-70.0,-190.0,-190.0,-100.0,-280.0,-402.5,-492.5,-117.5,-87.5,-147.5,-205.0,-235.0,-95.0,25.0,-215.0,-207.5,-327.5,-95.0,25.0,-215.0,-207.5,-327.5,-217.5,-187.5,-247.5,-167.5,-197.5,-160.0,-100.0,-220.0,-347.5,-407.5,-160.0,-100.0,-220.0,-347.5,-407.5,-147.5,-87.5,-207.5,-297.5,-357.5,0.0,0.0,0.0,0.0,0.0,-392.5,-362.5,-422.5,-517.5,-547.5
2025-08-05 00:00:00+00:00,-197.5,12.5,-407.5,-272.5,-482.5,122.5,212.5,32.5,97.5,7.5,177.5,237.5,117.5,177.5,117.5,185.0,275.0,95.0,160.0,70.0,102.5,162.5,42.5,140.0,80.0,0.0,0.0,0.0,0.0,0.0,57.5,87.5,27.5,45.0,15.0,0.0,0.0,0.0,0.0,0.0,0.0,0.0,0.0,0.0,0.0,0.0,0.0,0.0,0.0,0.0,445.0,475.0,415.0,445.0,415.0
2025-08-06 00:00:00+00:00,-670.0,-550.0,-790.0,-532.5,-652.5,-757.5,-637.5,-877.5,-807.5,-927.5,77.5,137.5,17.5,-110.0,-170.0,110.0,200.0,20.0,152.5,92.5,202.5,262.5,142.5,202.5,142.5,202.5,262.5,142.5,202.5,142.5,192.5,312.5,72.5,67.5,-52.5,202.5,262.5,142.5,202.5,142.5,202.5,262.5,142.5,202.5,142.5,0.0,0.0,0.0,0.0,0.0,-292.5,-262.5,-322.5,-380.0,-410.0
2025-08-07 00:00:00+00:00,25.0,175.0,-125.0,150.0,0.0,345.0,375.0,315.0,195.0,165.0,402.5,462.5,342.5,315.0,255.0,-160.0,-100.0,-220.0,-97.5,-157.5,-160.0,-100.0,-220.0,-97.5,-157.5,-80.0,-50.0,-110.0,-167.5,-197.5,-167.5,-137.5,-197.5,-367.5,-397.5,-167.5,-137.5,-197.5,-367.5,-397.5,0.0,0.0,0.0,0.0,0.0,0.0,0.0,0.0,0.0,0.0,220.0,250.0,190.0,120.0,90.0
2025-08-08 00:00:00+00:00,-112.5,37.5,-262.5,-25.0,-175.0,-57.5,62.5,-177.5,-95.0,-215.0,85.0,175.0,-5.0,160.0,70.0,235.0,325.0,145.0,160.0,70.0,202.5,262.5,142.5,102.5,42.5,170.0,200.0,140.0,120.0,90.0,170.0,200.0,140.0,120.0,90.0,170.0,200.0,140.0,120.0,90.0,0.0,0.0,0.0,0.0,0.0,0.0,0.0,0.0,0.0,0.0,370.0,400.0,340.0,407.5,377.5
2025-08-11 00:00:00+00:00,-7.5,112.5,-127.5,92.5,-27.5,-157.5,-37.5,-277.5,-170.0,-290.0,27.5,87.5,-32.5,40.0,-20.0,200.0,350.0,50.0,192.5,72.5,210.0,300.0,120.0,260.0,170.0,182.5,212.5,152.5,182.5,152.5,182.5,212.5,152.5,182.5,152.5,182.5,212.5,152.5,182.5,152.5,182.5,212.5,152.5,182.5,152.5,0.0,0.0,0.0,0.0,0.0,507.5,537.5,477.5,457.5,427.5
2025-08-12 00:00:00+00:00,-380.0,-200.0,-560.0,-287.5,-437.5,-177.5,-87.5,-267.5,-352.5,-442.5,-222.5,-162.5,-282.5,-172.5,-232.5,-207.5,-87.5,-327.5,-245.0,-365.0,-107.5,12.5,-227.5,-207.5,-327.5,-77.5,12.5,-167.5,-2.5,-92.5,-185.0,-125.0,-245.0,-197.5,-257.5,-185.0,-125.0,-245.0,-197.5,-257.5,-192.5,-162.5,-222.5,-180.0,-210.0,0.0,0.0,0.0,0.0,0.0,-517.5,-487.5,-547.5,-330.0,-360.0
2025-08-13 00:00:00+00:00,-210.0,0.0,-420.0,-72.5,-282.5,-125.0,25.0,-275.0,-12.5,-162.5,-145.0,-25.0,-265.0,-82.5,-202.5,-112.5,37.5,-262.5,-225.0,-375.0,5.0,125.0,-115.0,-132.5,-252.5,2.5,62.5,-57.5,-135.0,-195.0,40.0,100.0,-20.0,52.5,-7.5,90.0,150.0,30.0,40.0,-20.0,-5.0,25.0,-35.0,-5.0,-35.0,0.0,0.0,0.0,0.0,0.0,70.0,100.0,40.0,7.5,-22.5
2025-08-14 00:00:00+00:00,55.0,175.0,-65.0,17.5,-102.5,155.0,275.0,35.0,30.0,-90.0,-325.0,-175.0,-475.0,-50.0,-200.0,-15.0,75.0,-105.0,-27.5,-117.5,10.0,100.0,-80.0,-90.0,-180.0,45.0,75.0,15.0,20.0,-10.0,110.0,200.0,20.0,110.0,20.0,85.0,175.0,-5.0,35.0,-55.0,45.0,75.0,15.0,20.0,-10.0,0.0,0.0,0.0,0.0,0.0,257.5,287.5,227.5,245.0,215.0
2025-08-15 00:00:00+00:00,-32.5,87.5,-152.5,197.5,107.5,17.5,137.5,-102.5,-32.5,-152.5,127.5,187.5,67.5,27.5,-32.5,-70.0,50.0,-190.0,-107.5,-227.5,52.5,112.5,-7.5,40.0,-20.0,20.0,50.0,-10.0,45.0,15.0,-72.5,-12.5,-132.5,65.0,5.0,27.5,87.5,-32.5,77.5,17.5,82.5,112.5,52.5,132.5,102.5,0.0,0.0,0.0,0.0,0.0,257.5,287.5,227.5,270.0,240.0
2025-08-18 00:00:00+00:00,-200.0,-50.0,-350.0,37.5,-112.5,177.5,237.5,117.5,90.0,30.0,-140.0,-50.0,-230.0,-190.0,-280.0,-170.0,-50.0,-290.0,-282.5,-402.5,-235.0,-175.0,-295.0,-260.0,-320.0,-235.0,-175.0,-295.0,-260.0,-320.0,-135.0,-75.0,-195.0,-30.0,-60.0,-110.0,-50.0,-170.0,107.5,77.5,132.5,162.5,102.5,82.5,52.5,0.0,0.0,0.0,0.0,0.0,-42.5,-12.5,-72.5,-42.5,-72.5
2025-08-19 00:00:00+00:00,-62.5,87.5,-212.5,-75.0,-225.0,-10.0,50.0,-70.0,57.5,27.5,-55.0,-25.0,-85.0,-42.5,-72.5,-227.5,-137.5,-317.5,-152.5,-242.5,-227.5,-137.5,-317.5,-152.5,-242.5,-72.5,-12.5,-132.5,-22.5,-82.5,-42.5,-12.5,-72.5,-117.5,-147.5,-105.0,-75.0,-135.0,-105.0,-135.0,-105.0,-75.0,-135.0,-105.0,-135.0,0.0,0.0,0.0,0.0,0.0,45.0,75.0,15.0,70.0,40.0
2025-08-20 00:00:00+00:00,80.0,200.0,-40.0,-57.5,-177.5,-110.0,-50.0,-170.0,-160.0,-220.0,122.5,212.5,32.5,-252.5,-342.5,125.0,275.0,-25.0,142.5,22.5,152.5,212.5,92.5,152.5,92.5,45.0,75.0,15.0,145.0,115.0,70.0,100.0,40.0,332.5,302.5,70.0,100.0,40.0,332.5,302.5,120.0,150.0,90.0,270.0,240.0,0.0,0.0,0.0,0.0,0.0,232.5,262.5,202.5,207.5,177.5
2025-08-21 00:00:00+00:00,85.0,175.0,-5.0,-152.5,-242.5,-110.0,-50.0,-170.0,-185.0,-245.0,-365.0,-275.0,-455.0,-402.5,-492.5,-152.5,-62.5,-242.5,-140.0,-230.0,-27.5,62.5,-117.5,-202.5,-292.5,-60.0,0.0,-120.0,-110.0,-170.0,140.0,200.0,80.0,152.5,92.5,140.0,200.0,80.0,152.5,92.5,102.5,162.5,42.5,115.0,55.0,0.0,0.0,0.0,0.0,0.0,-255.0,-225.0,-285.0,-367.5,-397.5
2025-08-22 00:00:00+00:00,-212.5,-62.5,-362.5,-375.0,-525.0,-25.0,125.0,-175.0,-75.0,-225.0,-165.0,-75.0,-255.0,-140.0,-230.0,5.0,125.0,-115.0,-57.5,-177.5,-77.5,12.5,-167.5,-65.0,-155.0,-72.5,-12.5,-132.5,-10.0,-70.0,-72.5,-12.5,-132.5,-10.0,-70.0,-72.5,-12.5,-132.5,-10.0,-70.0,-117.5,-87.5,-147.5,-80.0,-110.0,0.0,0.0,0.0,0.0,0.0,-42.5,-12.5,-72.5,-30.0,-60.0
2025-08-26 00:00:00+00:00,147.5,237.5,57.5,-65.0,-155.0,85.0,175.0,-5.0,22.5,-67.5,145.0,175.0,115.0,20.0,-10.0,-265.0,-175.0,-355.0,-165.0,-255.0,-247.5,-187.5,-307.5,-122.5,-182.5,-122.5,-62.5,-182.5,27.5,-32.5,-267.5,-237.5,-297.5,-255.0,-285.0,-180.0,-150.0,-210.0,-105.0,-135.0,-180.0,-150.0,-210.0,-105.0,-135.0,0.0,0.0,0.0,0.0,0.0,-5.0,25.0,-35.0,-55.0,-85.0
2025-08-27 00:00:00+00:00,-12.5,137.5,-162.5,-100.0,-250.0,75.0,225.0,-75.0,-37.5,-187.5,-27.5,62.5,-117.5,-40.0,-130.0,-40.0,50.0,-130.0,-2.5,-92.5,-10.0,50.0,-70.0,52.5,-7.5,15.0,75.0,-45.0,40.0,-20.0,10.0,100.0,-80.0,-52.5,-142.5,52.5,112.5,-7.5,-22.5,-82.5,0.0,0.0,0.0,0.0,0.0,0.0,0.0,0.0,0.0,0.0,245.0,275.0,215.0,170.0,140.0
2025-08-28 00:00:00+00:00,-642.5,-462.5,-822.5,-542.5,-722.5,0.0,0.0,0.0,0.0,0.0,0.0,0.0,0.0,0.0,0.0,120.0,300.0,-60.0,-67.5,-247.5,157.5,337.5,-22.5,-5.0,-185.0,52.5,112.5,-7.5,152.5,92.5,-172.5,-112.5,-232.5,-147.5,-207.5,-35.0,25.0,-95.0,15.0,-45.0,-35.0,25.0,-95.0,15.0,-45.0,0.0,0.0,0.0,0.0,0.0,-217.5,-187.5,-247.5,-230.0,-260.0
2025-08-29 00:00:00+00:00,-70.0,50.0,-190.0,-7.5,-127.5,-165.0,-75.0,-255.0,-340.0,-430.0,-140.0,-50.0,-230.0,-227.5,-317.5,110.0,200.0,20.0,10.0,-80.0,147.5,237.5,57.5,72.5,-17.5,65.0,125.0,5.0,90.0,30.0,190.0,250.0,130.0,190.0,130.0,190.0,250.0,130.0,165.0,105.0,190.0,250.0,130.0,165.0,105.0,0.0,0.0,0.0,0.0,0.0,95.0,125.0,65.0,107.5,77.5
2025-09-01 00:00:00+00:00,-327.5,-237.5,-417.5,-315.0,-405.0,-232.5,-112.5,-352.5,-295.0,-415.0,-102.5,-12.5,-192.5,-240.0,-330.0,-445.0,-325.0,-565.0,-295.0,-415.0,-420.0,-300.0,-540.0,-282.5,-402.5,-347.5,-287.5,-407.5,-160.0,-220.0,-370.0,-250.0,-490.0,-332.5,-452.5,-452.5,-362.5,-542.5,-352.5,-442.5,-272.5,-212.5,-332.5,-160.0,-220.0,0.0,0.0,0.0,0.0,0.0,-480.0,-450.0,-510.0,-417.5,-447.5
2025-09-02 00:00:00+00:00,-407.5,-287.5,-527.5,-782.5,-902.5,-365.0,-275.0,-455.0,-397.5,-457.5,45.0,75.0,15.0,-255.0,-285.0,-365.0,-275.0,-455.0,-340.0,-430.0,-365.0,-275.0,-455.0,-340.0,-430.0,-510.0,-450.0,-570.0,-360.0,-420.0,-842.5,-812.5,-872.5,-717.5,-747.5,-842.5,-812.5,-872.5,-717.5,-747.5,-842.5,-812.5,-872.5,-717.5,-747.5,0.0,0.0,0.0,0.0,0.0,-805.0,-775.0,-835.0,-942.5,-972.5
2025-09-03 00:00:00+00:00,-45.0,75.0,-165.0,-120.0,-240.0,-147.5,-87.5,-207.5,-60.0,-120.0,-352.5,-262.5,-442.5,-65.0,-155.0,47.5,137.5,-42.5,290.0,230.0,135.0,225.0,45.0,277.5,217.5,7.5,37.5,-22.5,57.5,27.5,132.5,162.5,102.5,220.0,190.0,132.5,162.5,102.5,220.0,190.0,0.0,0.0,0.0,0.0,0.0,0.0,0.0,0.0,0.0,0.0,120.0,150.0,90.0,220.0,190.0
2025-09-04 00:00:00+00:00,-132.5,-12.5,-252.5,-282.5,-402.5,-152.5,-62.5,-242.5,-227.5,-317.5,-240.0,-150.0,-330.0,-65.0,-155.0,67.5,187.5,-52.5,172.5,82.5,67.5,187.5,-52.5,172.5,82.5,-22.5,37.5,-82.5,7.5,-22.5,22.5,112.5,-67.5,152.5,92.5,177.5,237.5,117.5,152.5,92.5,0.0,0.0,0.0,0.0,0.0,0.0,0.0,0.0,0.0,0.0,-92.5,-62.5,-122.5,-180.0,-210.0
2025-09-05 00:00:00+00:00,-325.0,-175.0,-475.0,-387.5,-537.5,-287.5,-137.5,-437.5,-157.5,-277.5,-190.0,-100.0,-280.0,-277.5,-367.5,-72.5,-12.5,-132.5,-85.0,-145.0,-10.0,50.0,-70.0,-60.0,-120.0,-10.0,50.0,-70.0,-60.0,-120.0,-72.5,-12.5,-132.5,-72.5,-132.5,-10.0,50.0,-70.0,-47.5,-107.5,-17.5,12.5,-47.5,32.5,2.5,0.0,0.0,0.0,0.0,0.0,-230.0,-200.0,-260.0,-280.0,-310.0
2025-09-08 00:00:00+00:00,-372.5,-162.5,-582.5,90.0,-120.0,-195.0,-75.0,-315.0,167.5,47.5,-222.5,-162.5,-282.5,-135.0,-195.0,20.0,200.0,-160.0,-75.0,-225.0,110.0,200.0,20.0,65.0,5.0,95.0,125.0,65.0,0.0,0.0,-77.5,12.5,-167.5,97.5,7.5,-27.5,62.5,-117.5,102.5,42.5,60.0,150.0,-30.0,65.0,5.0,0.0,0.0,0.0,0.0,0.0,-5.0,25.0,-35.0,57.5,27.5
2025-09-09 00:00:00+00:00,-455.0,-275.0,-635.0,-467.5,-647.5,-270.0,-150.0,-390.0,-170.0,-290.0,-312.5,-162.5,-462.5,-262.5,-412.5,0.0,150.0,-150.0,-25.0,-175.0,42.5,162.5,-77.5,17.5,-102.5,-35.0,25.0,-95.0,2.5,-57.5,80.0,200.0,-40.0,92.5,-27.5,-15.0,75.0,-105.0,47.5,-42.5,-17.5,12.5,-47.5,-55.0,-85.0,0.0,0.0,0.0,0.0,0.0,7.5,37.5,-22.5,7.5,-22.5
2025-09-10 00:00:00+00:00,235.0,325.0,145.0,410.0,320.0,607.5,637.5,577.5,582.5,552.5,470.0,500.0,440.0,420.0,390.0,-67.5,-37.5,-97.5,-17.5,-47.5,-67.5,-37.5,-97.5,-17.5,-47.5,-67.5,-37.5,-97.5,-17.5,-47.5,-117.5,-87.5,-147.5,132.5,102.5,-30.0,0.0,-60.0,107.5,77.5,0.0,0.0,0.0,0.0,0.0,0.0,0.0,0.0,0.0,0.0,507.5,537.5,477.5,657.5,627.5
2025-09-11 00:00:00+00:00,80.0,200.0,-40.0,80.0,-40.0,97.5,187.5,7.5,47.5,-42.5,190.0,250.0,130.0,115.0,55.0,-77.5,12.5,-167.5,-15.0,-105.0,-10.0,50.0,-70.0,-5.0,-35.0,15.0,75.0,-45.0,-17.5,-47.5,-35.0,25.0,-95.0,15.0,-45.0,32.5,62.5,2.5,45.0,15.0,7.5,37.5,-22.5,-17.5,-47.5,0.0,0.0,0.0,0.0,0.0,220.0,250.0,190.0,232.5,202.5
2025-09-12 00:00:00+00:00,-130.0,50.0,-310.0,-162.5,-312.5,-7.5,112.5,-127.5,-165.0,-255.0,22.5,112.5,-67.5,90.0,30.0,110.0,200.0,20.0,210.0,120.0,115.0,175.0,55.0,140.0,80.0,95.0,125.0,65.0,132.5,102.5,77.5,137.5,17.5,127.5,67.5,77.5,137.5,17.5,127.5,67.5,0.0,0.0,0.0,0.0,0.0,0.0,0.0,0.0,0.0,0.0,220.0,250.0,190.0,195.0,165.0
2025-09-15 00:00:00+00:00,85.0,175.0,-5.0,110.0,20.0,302.5,362.5,242.5,252.5,192.5,247.5,337.5,157.5,222.5,132.5,-17.5,12.5,-47.5,-5.0,-35.0,-17.5,12.5,-47.5,-5.0,-35.0,0.0,0.0,0.0,0.0,0.0,32.5,62.5,2.5,-17.5,-47.5,32.5,62.5,2.5,-17.5,-47.5,0.0,0.0,0.0,0.0,0.0,0.0,0.0,0.0,0.0,0.0,345.0,375.0,315.0,370.0,340.0
2025-09-16 00:00:00+00:00,-432.5,-312.5,-552.5,-220.0,-340.0,-450.0,-300.0,-600.0,-387.5,-537.5,-407.5,-287.5,-527.5,-320.0,-440.0,-137.5,12.5,-287.5,-225.0,-375.0,-177.5,-87.5,-267.5,-165.0,-255.0,-197.5,-137.5,-257.5,-160.0,-220.0,-165.0,-75.0,-255.0,-177.5,-267.5,-165.0,-75.0,-255.0,-177.5,-267.5,-115.0,-25.0,-205.0,-65.0,-155.0,0.0,0.0,0.0,0.0,0.0,-380.0,-350.0,-410.0,-342.5,-372.5
2025-09-17 00:00:00+00:00,-120.0,0.0,-240.0,-195.0,-315.0,-272.5,-212.5,-332.5,-297.5,-357.5,-140.0,-50.0,-230.0,-77.5,-167.5,-217.5,-187.5,-247.5,-142.5,-172.5,-217.5,-187.5,-247.5,-117.5,-147.5,-105.0,-75.0,-135.0,-42.5,-72.5,-130.0,-100.0,-160.0,-142.5,-172.5,-142.5,-112.5,-172.5,-155.0,-185.0,-30.0,0.0,-60.0,-105.0,-135.0,0.0,0.0,0.0,0.0,0.0,-180.0,-150.0,-210.0,-142.5,-172.5
2025-09-22 00:00:00+00:00,47.5,137.5,-42.5,-40.0,-130.0,-35.0,25.0,-95.0,-10.0,-70.0,-435.0,-375.0,-495.0,-397.5,-457.5,-352.5,-262.5,-442.5,-340.0,-430.0,-190.0,-100.0,-280.0,-297.5,-357.5,-235.0,-175.0,-295.0,-297.5,-357.5,-347.5,-287.5,-407.5,-135.0,-195.0,-347.5,-287.5,-407.5,-135.0,-195.0,-222.5,-162.5,-282.5,-160.0,-220.0,0.0,0.0,0.0,0.0,0.0,-305.0,-275.0,-335.0,-167.5,-197.5
2025-09-23 00:00:00+00:00,-400.0,-250.0,-550.0,-237.5,-387.5,-140.0,-50.0,-230.0,-90.0,-180.0,-177.5,-87.5,-267.5,-127.5,-217.5,-157.5,-37.5,-277.5,-157.5,-277.5,-157.5,-37.5,-277.5,-157.5,-277.5,117.5,237.5,-2.5,42.5,-77.5,-295.0,-175.0,-415.0,-157.5,-277.5,-185.0,-125.0,-245.0,-122.5,-182.5,-22.5,37.5,-82.5,-47.5,-107.5,0.0,0.0,0.0,0.0,0.0,-42.5,-12.5,-72.5,32.5,2.5
2025-09-24 00:00:00+00:00,-45.0,75.0,-165.0,-45.0,-165.0,-290.0,-200.0,-380.0,-340.0,-430.0,-185.0,-125.0,-245.0,-197.5,-257.5,-35.0,25.0,-95.0,102.5,42.5,40.0,100.0,-20.0,140.0,80.0,15.0,75.0,-45.0,40.0,-20.0,152.5,212.5,92.5,102.5,42.5,57.5,87.5,27.5,70.0,40.0,57.5,87.5,27.5,70.0,40.0,0.0,0.0,0.0,0.0,0.0,-80.0,-50.0,-110.0,-80.0,-110.0
2025-09-25 00:00:00+00:00,85.0,175.0,-5.0,-227.5,-317.5,-547.5,-487.5,-607.5,-522.5,-582.5,0.0,0.0,0.0,0.0,0.0,-782.5,-662.5,-902.5,-520.0,-640.0,-577.5,-487.5,-667.5,-502.5,-592.5,-90.0,0.0,-180.0,-315.0,-405.0,-1105.0,-1075.0,-1135.0,-955.0,-985.0,-1105.0,-1075.0,-1135.0,-955.0,-985.0,-1105.0,-1075.0,-1135.0,-955.0,-985.0,0.0,0.0,0.0,0.0,0.0,-1105.0,-1075.0,-1135.0,-955.0,-985.0
2025-09-26 00:00:00+00:00,-357.5,-237.5,-477.5,-570.0,-690.0,-570.0,-450.0,-690.0,-232.5,-352.5,-360.0,-300.0,-420.0,-485.0,-545.0,317.5,437.5,197.5,210.0,120.0,310.0,400.0,220.0,140.0,80.0,-92.5,-62.5,-122.5,-155.0,-185.0,60.0,150.0,-30.0,215.0,155.0,60.0,150.0,-30.0,215.0,155.0,15.0,75.0,-45.0,215.0,155.0,0.0,0.0,0.0,0.0,0.0,307.5,337.5,277.5,532.5,502.5
2025-09-29 00:00:00+00:00,-497.5,-287.5,-707.5,-460.0,-670.0,-452.5,-362.5,-542.5,-365.0,-455.0,-385.0,-325.0,-445.0,-460.0,-520.0,12.5,162.5,-137.5,-137.5,-287.5,72.5,162.5,-17.5,85.0,-5.0,-217.5,-187.5,-247.5,-105.0,-135.0,72.5,162.5,-17.5,85.0,-5.0,-22.5,37.5,-82.5,65.0,5.0,-117.5,-87.5,-147.5,70.0,40.0,0.0,0.0,0.0,0.0,0.0,-217.5,-187.5,-247.5,-130.0,-160.0
2025-09-30 00:00:00+00:00,-320.0,-200.0,-440.0,-357.5,-477.5,-645.0,-525.0,-765.0,-482.5,-602.5,-395.0,-275.0,-515.0,-432.5,-552.5,80.0,200.0,-40.0,217.5,97.5,167.5,287.5,47.5,230.0,110.0,290.0,350.0,230.0,115.0,55.0,197.5,287.5,107.5,260.0,170.0,240.0,300.0,180.0,302.5,242.5,240.0,300.0,180.0,302.5,242.5,0.0,0.0,0.0,0.0,0.0,-80.0,-50.0,-110.0,-42.5,-72.5
2025-10-01 00:00:00+00:00,680.0,800.0,560.0,492.5,372.5,522.5,612.5,432.5,510.0,420.0,365.0,425.0,305.0,565.0,505.0,210.0,300.0,120.0,222.5,132.5,77.5,137.5,17.5,215.0,155.0,107.5,137.5,77.5,157.5,127.5,107.5,137.5,77.5,157.5,127.5,107.5,137.5,77.5,157.5,127.5,107.5,137.5,77.5,157.5,127.5,0.0,0.0,0.0,0.0,0.0,720.0,750.0,690.0,845.0,815.0
2025-10-02 00:00:00+00:00,-137.5,12.5,-287.5,-137.5,-287.5,-187.5,-37.5,-337.5,-87.5,-237.5,-170.0,-50.0,-290.0,-20.0,-140.0,-95.0,25.0,-215.0,105.0,-15.0,90.0,150.0,30.0,177.5,117.5,45.0,75.0,15.0,57.5,27.5,40.0,100.0,-20.0,127.5,67.5,145.0,175.0,115.0,157.5,127.5,145.0,175.0,115.0,157.5,127.5,0.0,0.0,0.0,0.0,0.0,70.0,100.0,40.0,257.5,227.5
2025-10-03 00:00:00+00:00,-52.5,37.5,-142.5,-40.0,-130.0,-77.5,12.5,-167.5,-115.0,-205.0,-315.0,-225.0,-405.0,-290.0,-380.0,-377.5,-287.5,-467.5,-502.5,-592.5,-372.5,-312.5,-432.5,-485.0,-545.0,-285.0,-225.0,-345.0,-322.5,-382.5,-352.5,-262.5,-442.5,-565.0,-655.0,-322.5,-262.5,-382.5,-460.0,-520.0,-322.5,-262.5,-382.5,-460.0,-520.0,0.0,0.0,0.0,0.0,0.0,-317.5,-287.5,-347.5,-492.5,-522.5
2025-10-06 00:00:00+00:00,27.5,87.5,-32.5,52.5,-7.5,77.5,137.5,17.5,-97.5,-157.5,140.0,200.0,80.0,15.0,-45.0,-85.0,-25.0,-145.0,27.5,-32.5,-60.0,0.0,-120.0,-10.0,-70.0,-180.0,-150.0,-210.0,-67.5,-97.5,40.0,100.0,-20.0,140.0,80.0,7.5,37.5,-22.5,57.5,27.5,7.5,37.5,-22.5,57.5,27.5,0.0,0.0,0.0,0.0,0.0,182.5,212.5,152.5,195.0,165.0
2025-10-07 00:00:00+00:00,-222.5,-12.5,-432.5,-147.5,-357.5,-237.5,-87.5,-387.5,37.5,-112.5,60.0,150.0,-30.0,110.0,20.0,37.5,187.5,-112.5,-120.0,-240.0,22.5,112.5,-67.5,40.0,-20.0,0.0,0.0,0.0,0.0,0.0,-55.0,-25.0,-85.0,-30.0,-60.0,-55.0,-25.0,-85.0,-30.0,-60.0,0.0,0.0,0.0,0.0,0.0,0.0,0.0,0.0,0.0,0.0,157.5,187.5,127.5,270.0,240.0
2025-10-08 00:00:00+00:00,-195.0,-75.0,-315.0,-232.5,-352.5,-340.0,-250.0,-430.0,-290.0,-380.0,-320.0,-200.0,-440.0,-370.0,-490.0,205.0,325.0,85.0,280.0,160.0,205.0,325.0,85.0,280.0,160.0,205.0,325.0,85.0,280.0,160.0,200.0,350.0,50.0,275.0,125.0,355.0,475.0,235.0,210.0,120.0,185.0,275.0,95.0,122.5,32.5,0.0,0.0,0.0,0.0,0.0,95.0,125.0,65.0,145.0,115.0
2025-10-09 00:00:00+00:00,-62.5,87.5,-212.5,0.0,-150.0,-52.5,37.5,-142.5,-52.5,-142.5,-240.0,-150.0,-330.0,-347.5,-407.5,-2.5,87.5,-92.5,197.5,107.5,110.0,200.0,20.0,160.0,70.0,45.0,75.0,15.0,70.0,40.0,190.0,250.0,130.0,315.0,255.0,327.5,387.5,267.5,240.0,180.0,120.0,150.0,90.0,170.0,140.0,0.0,0.0,0.0,0.0,0.0,270.0,300.0,240.0,307.5,277.5
2025-10-10 00:00:00+00:00,242.5,362.5,122.5,10.0,-80.0,280.0,400.0,160.0,292.5,172.5,365.0,425.0,305.0,452.5,392.5,-340.0,-250.0,-430.0,-265.0,-355.0,-385.0,-325.0,-445.0,-597.5,-657.5,-385.0,-325.0,-445.0,-597.5,-657.5,-430.0,-400.0,-460.0,-392.5,-422.5,-430.0,-400.0,-460.0,-392.5,-422.5,-430.0,-400.0,-460.0,-392.5,-422.5,0.0,0.0,0.0,0.0,0.0,45.0,75.0,15.0,20.0,-10.0
2025-10-13 00:00:00+00:00,-2197.5,-1987.5,-2407.5,-1342.5,-1522.5,-570.0,-450.0,-690.0,-995.0,-1115.0,-372.5,-312.5,-432.5,-347.5,-407.5,-232.5,-112.5,-352.5,92.5,-27.5,430.0,550.0,310.0,142.5,22.5,485.0,575.0,395.0,172.5,82.5,-315.0,-225.0,-405.0,-252.5,-342.5,-460.0,-400.0,-520.0,-247.5,-307.5,-447.5,-387.5,-507.5,-247.5,-307.5,0.0,0.0,0.0,0.0,0.0,-1005.0,-975.0,-1035.0,-905.0,-935.0
2025-10-14 00:00:00+00:00,765.0,825.0,705.0,840.0,780.0,252.5,312.5,192.5,402.5,342.5,-652.5,-562.5,-742.5,-597.5,-657.5,-1330.0,-1300.0,-1360.0,-1155.0,-1185.0,-1330.0,-1300.0,-1360.0,-1155.0,-1185.0,-1330.0,-1300.0,-1360.0,-1155.0,-1185.0,-955.0,-925.0,-985.0,-592.5,-622.5,-717.5,-687.5,-747.5,-580.0,-610.0,-655.0,-625.0,-685.0,-380.0,-410.0,0.0,0.0,0.0,0.0,0.0,-592.5,-562.5,-622.5,-467.5,-497.5
2025-10-15 00:00:00+00:00,-525.0,-375.0,-675.0,-550.0,-700.0,-282.5,-162.5,-402.5,-570.0,-690.0,272.5,362.5,182.5,-277.5,-367.5,405.0,525.0,285.0,267.5,147.5,385.0,475.0,295.0,372.5,282.5,227.5,287.5,167.5,415.0,355.0,340.0,400.0,280.0,402.5,342.5,290.0,350.0,230.0,207.5,177.5,0.0,0.0,0.0,0.0,0.0,0.0,0.0,0.0,0.0,0.0,595.0,625.0,565.0,232.5,202.5
2025-10-16 00:00:00+00:00,-200.0,-50.0,-350.0,-112.5,-262.5,-2.5,87.5,-92.5,-102.5,-192.5,395.0,425.0,365.0,395.0,365.0,302.5,362.5,242.5,315.0,255.0,302.5,362.5,242.5,315.0,255.0,0.0,0.0,0.0,0.0,0.0,360.0,450.0,270.0,260.0,170.0,0.0,0.0,0.0,0.0,0.0,0.0,0.0,0.0,0.0,0.0,0.0,0.0,0.0,0.0,0.0,495.0,525.0,465.0,445.0,415.0
2025-10-17 00:00:00+00:00,1785.0,1875.0,1695.0,1335.0,1245.0,1980.0,2100.0,1860.0,1930.0,1810.0,2127.5,2187.5,2067.5,1777.5,1717.5,752.5,812.5,692.5,915.0,855.0,357.5,387.5,327.5,195.0,165.0,357.5,387.5,327.5,195.0,165.0,740.0,800.0,680.0,502.5,442.5,777.5,837.5,717.5,627.5,567.5,382.5,412.5,352.5,-92.5,-122.5,0.0,0.0,0.0,0.0,0.0,2707.5,2737.5,2677.5,2407.5,2377.5
2025-10-20 00:00:00+00:00,-330.0,-150.0,-510.0,-642.5,-822.5,-570.0,-450.0,-690.0,-595.0,-715.0,-690.0,-600.0,-780.0,-665.0,-755.0,-17.5,162.5,-197.5,207.5,27.5,77.5,137.5,17.5,90.0,30.0,215.0,275.0,155.0,115.0,55.0,642.5,762.5,522.5,517.5,397.5,572.5,662.5,482.5,285.0,195.0,245.0,275.0,215.0,170.0,140.0,0.0,0.0,0.0,0.0,0.0,82.5,112.5,52.5,107.5,77.5
2025-10-21 00:00:00+00:00,-12.5,137.5,-162.5,137.5,-12.5,297.5,387.5,207.5,172.5,82.5,365.0,425.0,305.0,340.0,280.0,152.5,212.5,92.5,190.0,130.0,152.5,212.5,92.5,190.0,130.0,120.0,150.0,90.0,82.5,52.5,152.5,212.5,92.5,190.0,130.0,195.0,225.0,165.0,57.5,27.5,195.0,225.0,165.0,57.5,27.5,0.0,0.0,0.0,0.0,0.0,507.5,537.5,477.5,445.0,415.0
2025-10-22 00:00:00+00:00,-362.5,-212.5,-512.5,-382.5,-502.5,-102.5,-12.5,-192.5,-227.5,-317.5,-110.0,-50.0,-170.0,-272.5,-332.5,-177.5,-87.5,-267.5,-215.0,-305.0,-65.0,25.0,-155.0,-27.5,-117.5,-267.5,-237.5,-297.5,-242.5,-272.5,-435.0,-375.0,-495.0,-47.5,-107.5,-260.0,-200.0,-320.0,265.0,205.0,-260.0,-200.0,-320.0,265.0,205.0,0.0,0.0,0.0,0.0,0.0,-367.5,-337.5,-397.5,-117.5,-147.5
2025-10-23 00:00:00+00:00,-625.0,-475.0,-775.0,-325.0,-475.0,-72.5,-12.5,-132.5,-135.0,-195.0,-497.5,-437.5,-557.5,-347.5,-407.5,-470.0,-350.0,-590.0,-682.5,-802.5,-377.5,-287.5,-467.5,-465.0,-555.0,-377.5,-287.5,-467.5,-465.0,-555.0,-807.5,-687.5,-927.5,-1107.5,-1227.5,-827.5,-737.5,-917.5,-965.0,-1055.0,-560.0,-500.0,-620.0,-547.5,-607.5,0.0,0.0,0.0,0.0,0.0,-1055.0,-1025.0,-1085.0,-980.0,-1010.0
2025-10-24 00:00:00+00:00,-75.0,75.0,-225.0,-250.0,-400.0,-225.0,-75.0,-375.0,-20.0,-140.0,227.5,287.5,167.5,265.0,205.0,35.0,125.0,-55.0,72.5,-17.5,65.0,125.0,5.0,127.5,67.5,0.0,0.0,0.0,0.0,0.0,147.5,237.5,57.5,-10.0,-70.0,95.0,125.0,65.0,57.5,27.5,0.0,0.0,0.0,0.0,0.0,0.0,0.0,0.0,0.0,0.0,332.5,362.5,302.5,370.0,340.0
2025-10-27 00:00:00+00:00,-87.5,62.5,-237.5,-187.5,-337.5,-182.5,-62.5,-302.5,-195.0,-315.0,60.0,150.0,-30.0,197.5,107.5,-200.0,-50.0,-350.0,-362.5,-512.5,-65.0,25.0,-155.0,-227.5,-317.5,-97.5,-37.5,-157.5,-172.5,-232.5,-97.5,-37.5,-157.5,-172.5,-232.5,-97.5,-37.5,-157.5,-172.5,-232.5,-242.5,-212.5,-272.5,-230.0,-260.0,0.0,0.0,0.0,0.0,0.0,-42.5,-12.5,-72.5,-92.5,-122.5
2025-10-28 00:00:00+00:00,235.0,325.0,145.0,185.0,95.0,60.0,150.0,-30.0,47.5,-42.5,35.0,125.0,-55.0,85.0,-5.0,-115.0,-25.0,-205.0,-115.0,-205.0,-60.0,0.0,-120.0,27.5,-32.5,-42.5,-12.5,-72.5,-5.0,-35.0,127.5,187.5,67.5,190.0,130.0,107.5,137.5,77.5,107.5,77.5,0.0,0.0,0.0,0.0,0.0,0.0,0.0,0.0,0.0,0.0,245.0,275.0,215.0,257.5,227.5
2025-10-29 00:00:00+00:00,222.5,312.5,132.5,335.0,245.0,322.5,412.5,232.5,297.5,207.5,457.5,487.5,427.5,320.0,290.0,-115.0,-25.0,-205.0,35.0,-55.0,-155.0,-125.0,-185.0,-80.0,-110.0,-92.5,-62.5,-122.5,-5.0,-35.0,-117.5,-87.5,-147.5,-67.5,-97.5,-117.5,-87.5,-147.5,-67.5,-97.5,157.5,187.5,127.5,95.0,65.0,0.0,0.0,0.0,0.0,0.0,382.5,412.5,352.5,382.5,352.5
2025-10-30 00:00:00+00:00,160.0,250.0,70.0,60.0,-30.0,377.5,437.5,317.5,377.5,317.5,127.5,187.5,67.5,90.0,30.0,-247.5,-187.5,-307.5,-322.5,-382.5,-280.0,-250.0,-310.0,-155.0,-185.0,-267.5,-237.5,-297.5,-230.0,-260.0,-180.0,-150.0,-210.0,-155.0,-185.0,-180.0,-150.0,-210.0,-155.0,-185.0,-180.0,-150.0,-210.0,-155.0,-185.0,0.0,0.0,0.0,0.0,0.0,32.5,62.5,2.5,20.0,-10.0
2025-10-31 00:00:00+00:00,-70.0,50.0,-190.0,-70.0,-190.0,365.0,425.0,305.0,377.5,317.5,152.5,212.5,92.5,52.5,-7.5,-152.5,-62.5,-242.5,-240.0,-330.0,-152.5,-62.5,-242.5,-240.0,-330.0,65.0,125.0,5.0,-60.0,-120.0,2.5,62.5,-57.5,-97.5,-157.5,-117.5,-87.5,-147.5,-55.0,-85.0,82.5,112.5,52.5,95.0,65.0,0.0,0.0,0.0,0.0,0.0,245.0,275.0,215.0,282.5,252.5
2025-11-03 00:00:00+00:00,292.5,412.5,172.5,267.5,147.5,-37.5,112.5,-187.5,262.5,112.5,240.0,300.0,180.0,152.5,92.5,47.5,137.5,-42.5,135.0,45.0,-22.5,37.5,-82.5,127.5,67.5,57.5,87.5,27.5,70.0,40.0,127.5,187.5,67.5,252.5,192.5,70.0,100.0,40.0,120.0,90.0,0.0,0.0,0.0,0.0,0.0,0.0,0.0,0.0,0.0,0.0,520.0,550.0,490.0,295.0,265.0
2025-11-04 00:00:00+00:00,360.0,450.0,270.0,740.0,680.0,490.0,550.0,430.0,595.0,565.0,-185.0,-125.0,-245.0,-135.0,-195.0,-472.5,-412.5,-532.5,-435.0,-495.0,-592.5,-562.5,-622.5,-505.0,-535.0,-592.5,-562.5,-622.5,-505.0,-535.0,-542.5,-512.5,-572.5,-467.5,-497.5,-542.5,-512.5,-572.5,-467.5,-497.5,-305.0,-275.0,-335.0,-217.5,-247.5,0.0,0.0,0.0,0.0,0.0,-130.0,-100.0,-160.0,-30.0,-60.0
2025-11-05 00:00:00+00:00,-415.0,-325.0,-505.0,-302.5,-392.5,-595.0,-475.0,-715.0,-215.0,-305.0,-285.0,-225.0,-345.0,-172.5,-232.5,-227.5,-137.5,-317.5,-402.5,-492.5,-227.5,-137.5,-317.5,-402.5,-492.5,-65.0,25.0,-155.0,-365.0,-455.0,-247.5,-187.5,-307.5,-460.0,-520.0,-260.0,-200.0,-320.0,-447.5,-507.5,-222.5,-162.5,-282.5,-297.5,-357.5,0.0,0.0,0.0,0.0,0.0,-430.0,-400.0,-460.0,-455.0,-485.0
2025-11-06 00:00:00+00:00,82.5,262.5,-97.5,282.5,102.5,542.5,662.5,422.5,742.5,622.5,832.5,862.5,802.5,532.5,502.5,80.0,200.0,-40.0,-345.0,-465.0,-5.0,25.0,-35.0,-30.0,-60.0,-5.0,25.0,-35.0,-30.0,-60.0,152.5,212.5,92.5,-117.5,-147.5,0.0,0.0,0.0,0.0,0.0,0.0,0.0,0.0,0.0,0.0,0.0,0.0,0.0,0.0,0.0,795.0,825.0,765.0,682.5,652.5
2025-11-07 00:00:00+00:00,-1320.0,-1200.0,-1440.0,-1295.0,-1415.0,-670.0,-550.0,-790.0,-945.0,-1065.0,0.0,0.0,0.0,0.0,0.0,-632.5,-512.5,-752.5,205.0,85.0,-282.5,-162.5,-402.5,417.5,297.5,-522.5,-462.5,-582.5,277.5,217.5,-527.5,-437.5,-617.5,-365.0,-455.0,-527.5,-437.5,-617.5,-365.0,-455.0,-635.0,-575.0,-695.0,40.0,-20.0,0.0,0.0,0.0,0.0,0.0,-1317.5,-1287.5,-1347.5,-1155.0,-1185.0
2025-11-10 00:00:00+00:00,55.0,175.0,-65.0,-170.0,-290.0,160.0,250.0,70.0,85.0,-5.0,315.0,375.0,255.0,215.0,155.0,-52.5,37.5,-142.5,-102.5,-192.5,-85.0,-25.0,-145.0,-247.5,-307.5,-80.0,-50.0,-110.0,-167.5,-197.5,-17.5,12.5,-47.5,-80.0,-110.0,-17.5,12.5,-47.5,-80.0,-110.0,-17.5,12.5,-47.5,-80.0,-110.0,0.0,0.0,0.0,0.0,0.0,182.5,212.5,152.5,157.5,127.5
2025-11-11 00:00:00+00:00,-425.0,-275.0,-575.0,-400.0,-550.0,-517.5,-337.5,-697.5,-630.0,-810.0,-140.0,-50.0,-230.0,-165.0,-255.0,125.0,275.0,-25.0,50.0,-100.0,235.0,325.0,145.0,-27.5,-117.5,95.0,125.0,65.0,7.5,-22.5,185.0,275.0,95.0,10.0,-80.0,185.0,275.0,95.0,10.0,-80.0,165.0,225.0,105.0,152.5,92.5,0.0,0.0,0.0,0.0,0.0,-42.5,-12.5,-72.5,-167.5,-197.5
2025-11-12 00:00:00+00:00,-157.5,-37.5,-277.5,30.0,-90.0,15.0,75.0,-45.0,65.0,5.0,15.0,75.0,-45.0,-72.5,-132.5,-365.0,-275.0,-455.0,-365.0,-455.0,-315.0,-225.0,-405.0,-202.5,-292.5,-422.5,-362.5,-482.5,-335.0,-395.0,-397.5,-337.5,-457.5,-210.0,-270.0,-285.0,-225.0,-345.0,-235.0,-295.0,-442.5,-412.5,-472.5,-367.5,-397.5,0.0,0.0,0.0,0.0,0.0,-342.5,-312.5,-372.5,-267.5,-297.5
2025-11-13 00:00:00+00:00,-540.0,-450.0,-630.0,-365.0,-455.0,-302.5,-212.5,-392.5,-402.5,-492.5,-247.5,-187.5,-307.5,-635.0,-695.0,-652.5,-562.5,-742.5,-377.5,-467.5,-615.0,-525.0,-705.0,-235.0,-295.0,-797.5,-737.5,-857.5,-367.5,-397.5,-585.0,-525.0,-645.0,-397.5,-457.5,-585.0,-525.0,-645.0,-397.5,-457.5,-160.0,-100.0,-220.0,-30.0,-60.0,0.0,0.0,0.0,0.0,0.0,-892.5,-862.5,-922.5,-855.0,-885.0
2025-11-14 00:00:00+00:00,-115.0,-25.0,-205.0,-665.0,-755.0,-665.0,-575.0,-755.0,-677.5,-767.5,-1352.5,-1262.5,-1442.5,-1502.5,-1592.5,-1510.0,-1450.0,-1570.0,-1647.5,-1707.5,-1447.5,-1387.5,-1507.5,-1297.5,-1357.5,-1297.5,-1237.5,-1357.5,-1410.0,-1470.0,-1297.5,-1237.5,-1357.5,-1410.0,-1470.0,-1322.5,-1262.5,-1382.5,-1347.5,-1407.5,-1222.5,-1162.5,-1282.5,-1122.5,-1182.5,0.0,0.0,0.0,0.0,0.0,-1942.5,-1912.5,-1972.5,-2192.5,-2222.5
2025-11-17 00:00:00+00:00,-282.5,-162.5,-402.5,217.5,97.5,-285.0,-225.0,-345.0,265.0,205.0,-392.5,-362.5,-422.5,145.0,115.0,-847.5,-787.5,-907.5,-910.0,-970.0,-847.5,-787.5,-907.5,-910.0,-970.0,-910.0,-850.0,-970.0,-1060.0,-1120.0,-917.5,-887.5,-947.5,-1030.0,-1060.0,-917.5,-887.5,-947.5,-1030.0,-1060.0,-917.5,-887.5,-947.5,-1030.0,-1060.0,0.0,0.0,0.0,0.0,0.0,-1330.0,-1300.0,-1360.0,-730.0,-760.0
2025-11-18 00:00:00+00:00,-1267.5,-1087.5,-1447.5,-1062.5,-1212.5,-1610.0,-1400.0,-1820.0,-585.0,-795.0,-437.5,-287.5,-587.5,-157.5,-277.5,675.0,825.0,525.0,987.5,837.5,542.5,662.5,422.5,230.0,110.0,0.0,0.0,0.0,0.0,0.0,975.0,1125.0,825.0,425.0,275.0,1085.0,1175.0,995.0,660.0,570.0,0.0,0.0,0.0,0.0,0.0,0.0,0.0,0.0,0.0,0.0,-317.5,-287.5,-347.5,-117.5,-147.5
2025-11-19 00:00:00+00:00,755.0,875.0,635.0,217.5,97.5,760.0,850.0,670.0,672.5,582.5,1290.0,1350.0,1230.0,452.5,392.5,460.0,550.0,370.0,535.0,445.0,252.5,312.5,192.5,427.5,367.5,0.0,0.0,0.0,0.0,0.0,282.5,312.5,252.5,495.0,465.0,445.0,475.0,415.0,257.5,227.5,0.0,0.0,0.0,0.0,0.0,0.0,0.0,0.0,0.0,0.0,1382.5,1412.5,1352.5,1207.5,1177.5
2025-11-20 00:00:00+00:00,-477.5,-387.5,-567.5,247.5,157.5,-192.5,-162.5,-222.5,132.5,102.5,-205.0,-175.0,-235.0,-305.0,-335.0,-285.0,-225.0,-345.0,-322.5,-382.5,-285.0,-225.0,-345.0,-322.5,-382.5,-172.5,-112.5,-232.5,-435.0,-495.0,-160.0,-100.0,-220.0,-235.0,-295.0,-222.5,-162.5,-282.5,-97.5,-157.5,77.5,137.5,17.5,-555.0,-585.0,0.0,0.0,0.0,0.0,0.0,-592.5,-562.5,-622.5,-617.5,-647.5
2025-11-21 00:00:00+00:00,410.0,500.0,320.0,947.5,857.5,-160.0,-100.0,-220.0,-172.5,-232.5,-1572.5,-1512.5,-1632.5,-1322.5,-1382.5,-1342.5,-1312.5,-1372.5,-1117.5,-1147.5,-1042.5,-1012.5,-1072.5,-855.0,-885.0,-780.0,-750.0,-810.0,-880.0,-910.0,-792.5,-762.5,-822.5,-917.5,-947.5,-530.0,-500.0,-560.0,-942.5,-972.5,-530.0,-500.0,-560.0,-942.5,-972.5,0.0,0.0,0.0,0.0,0.0,-1592.5,-1562.5,-1622.5,-1667.5,-1697.5
2025-11-24 00:00:00+00:00,-870.0,-750.0,-990.0,-970.0,-1090.0,-1002.5,-912.5,-1092.5,-1590.0,-1680.0,-520.0,-400.0,-640.0,-565.0,-655.0,-877.5,-787.5,-967.5,-802.5,-892.5,-877.5,-787.5,-967.5,-802.5,-892.5,-1015.0,-925.0,-1105.0,-827.5,-917.5,-1060.0,-1000.0,-1120.0,-947.5,-1007.5,-947.5,-887.5,-1007.5,-585.0,-645.0,-1092.5,-1062.5,-1122.5,-767.5,-797.5,0.0,0.0,0.0,0.0,0.0,-1317.5,-1287.5,-1347.5,-1242.5,-1272.5
2025-11-25 00:00:00+00:00,-270.0,-150.0,-390.0,-220.0,-340.0,47.5,137.5,-42.5,-52.5,-142.5,-302.5,-212.5,-392.5,-115.0,-205.0,-250.0,-100.0,-400.0,-312.5,-462.5,2.5,62.5,-57.5,102.5,42.5,127.5,187.5,67.5,90.0,30.0,-92.5,-62.5,-122.5,-255.0,-285.0,-92.5,-62.5,-122.5,-255.0,-285.0,245.0,275.0,215.0,170.0,140.0,0.0,0.0,0.0,0.0,0.0,-117.5,-87.5,-147.5,-142.5,-172.5
2025-11-26 00:00:00+00:00,-387.5,-237.5,-537.5,-157.5,-277.5,-120.0,0.0,-240.0,147.5,57.5,-30.0,0.0,-60.0,7.5,-22.5,-27.5,62.5,-117.5,122.5,32.5,-40.0,50.0,-130.0,10.0,-80.0,-142.5,-112.5,-172.5,20.0,-10.0,40.0,100.0,-20.0,240.0,180.0,-17.5,12.5,-47.5,45.0,15.0,-17.5,12.5,-47.5,45.0,15.0,0.0,0.0,0.0,0.0,0.0,32.5,62.5,2.5,7.5,-22.5
2025-11-27 00:00:00+00:00,-177.5,-87.5,-267.5,-277.5,-367.5,-197.5,-137.5,-257.5,-272.5,-332.5,-215.0,-125.0,-305.0,-177.5,-267.5,67.5,187.5,-52.5,155.0,35.0,67.5,187.5,-52.5,155.0,35.0,-2.5,87.5,-92.5,197.5,107.5,247.5,337.5,157.5,297.5,207.5,222.5,312.5,132.5,227.5,167.5,252.5,312.5,192.5,240.0,180.0,0.0,0.0,0.0,0.0,0.0,32.5,62.5,2.5,-17.5,-47.5
2025-12-01 00:00:00+00:00,-450.0,-300.0,-600.0,-195.0,-315.0,-327.5,-237.5,-417.5,-677.5,-767.5,-590.0,-500.0,-680.0,-590.0,-680.0,25.0,175.0,-125.0,-262.5,-412.5,-172.5,-112.5,-232.5,-197.5,-257.5,-172.5,-112.5,-232.5,-197.5,-257.5,-115.0,-25.0,-205.0,35.0,-55.0,-160.0,-100.0,-220.0,115.0,55.0,140.0,200.0,80.0,202.5,142.5,0.0,0.0,0.0,0.0,0.0,-280.0,-250.0,-310.0,-242.5,-272.5
2025-12-02 00:00:00+00:00,317.5,437.5,197.5,305.0,185.0,142.5,262.5,22.5,330.0,210.0,490.0,550.0,430.0,565.0,505.0,277.5,337.5,217.5,152.5,92.5,315.0,375.0,255.0,140.0,80.0,0.0,0.0,0.0,0.0,0.0,0.0,0.0,0.0,0.0,0.0,0.0,0.0,0.0,0.0,0.0,0.0,0.0,0.0,0.0,0.0,0.0,0.0,0.0,0.0,0.0,695.0,725.0,665.0,682.5,652.5
2025-12-03 00:00:00+00:00,-205.0,-25.0,-385.0,-155.0,-335.0,-157.5,-37.5,-277.5,-7.5,-127.5,-595.0,-475.0,-715.0,-370.0,-490.0,-72.5,-12.5,-132.5,-35.0,-95.0,-72.5,-12.5,-132.5,-35.0,-95.0,-72.5,-12.5,-132.5,-35.0,-95.0,140.0,200.0,80.0,-22.5,-82.5,32.5,62.5,2.5,32.5,2.5,220.0,250.0,190.0,157.5,127.5,0.0,0.0,0.0,0.0,0.0,-55.0,-25.0,-85.0,20.0,-10.0
2025-12-04 00:00:00+00:00,-150.0,0.0,-300.0,-25.0,-175.0,215.0,275.0,155.0,-35.0,-95.0,45.0,75.0,15.0,20.0,-10.0,55.0,175.0,-65.0,-145.0,-265.0,80.0,200.0,-40.0,-332.5,-452.5,-280.0,-250.0,-310.0,-280.0,-310.0,235.0,325.0,145.0,-65.0,-155.0,90.0,150.0,30.0,27.5,-32.5,-55.0,-25.0,-85.0,-5.0,-35.0,0.0,0.0,0.0,0.0,0.0,232.5,262.5,202.5,95.0,65.0
2025-12-05 00:00:00+00:00,-232.5,-112.5,-352.5,-245.0,-365.0,-165.0,-75.0,-255.0,-172.5,-232.5,-297.5,-237.5,-357.5,-197.5,-257.5,17.5,137.5,-102.5,30.0,-90.0,35.0,125.0,-55.0,47.5,-42.5,102.5,162.5,42.5,-10.0,-70.0,185.0,275.0,95.0,97.5,7.5,185.0,275.0,95.0,97.5,7.5,202.5,262.5,142.5,-10.0,-70.0,0.0,0.0,0.0,0.0,0.0,20.0,50.0,-10.0,-67.5,-97.5
2025-12-08 00:00:00+00:00,-257.5,-137.5,-377.5,-82.5,-202.5,-222.5,-162.5,-282.5,-247.5,-307.5,-485.0,-425.0,-545.0,-635.0,-695.0,-120.0,0.0,-240.0,-157.5,-277.5,-185.0,-125.0,-245.0,-272.5,-332.5,-185.0,-125.0,-245.0,-272.5,-332.5,-52.5,37.5,-142.5,-2.5,-92.5,-115.0,-25.0,-205.0,147.5,57.5,-47.5,12.5,-107.5,207.5,177.5,0.0,0.0,0.0,0.0,0.0,-167.5,-137.5,-197.5,-155.0,-185.0
2025-12-09 00:00:00+00:00,-532.5,-412.5,-652.5,-445.0,-565.0,-260.0,-200.0,-320.0,-147.5,-207.5,-477.5,-387.5,-567.5,-265.0,-355.0,312.5,462.5,162.5,100.0,-50.0,192.5,312.5,72.5,-70.0,-190.0,35.0,125.0,-55.0,-177.5,-267.5,135.0,225.0,45.0,122.5,32.5,-47.5,12.5,-107.5,-22.5,-82.5,52.5,112.5,-7.5,90.0,30.0,0.0,0.0,0.0,0.0,0.0,-105.0,-75.0,-135.0,-67.5,-97.5
2025-12-10 00:00:00+00:00,-557.5,-437.5,-677.5,-445.0,-565.0,-470.0,-350.0,-590.0,-232.5,-352.5,-135.0,-75.0,-195.0,-110.0,-170.0,-490.0,-400.0,-580.0,-327.5,-417.5,-497.5,-437.5,-557.5,-397.5,-457.5,-67.5,-37.5,-97.5,220.0,190.0,-277.5,-187.5,-367.5,-440.0,-530.0,-272.5,-212.5,-332.5,-285.0,-345.0,115.0,175.0,55.0,415.0,355.0,0.0,0.0,0.0,0.0,0.0,-642.5,-612.5,-672.5,-530.0,-560.0
2025-12-11 00:00:00+00:00,522.5,612.5,432.5,297.5,207.5,342.5,462.5,222.5,455.0,335.0,510.0,600.0,420.0,310.0,220.0,-17.5,12.5,-47.5,57.5,27.5,-55.0,-25.0,-85.0,95.0,65.0,0.0,0.0,0.0,0.0,0.0,82.5,112.5,52.5,170.0,140.0,45.0,75.0,15.0,120.0,90.0,0.0,0.0,0.0,0.0,0.0,0.0,0.0,0.0,0.0,0.0,970.0,1000.0,940.0,970.0,940.0
2025-12-12 00:00:00+00:00,-177.5,-87.5,-267.5,-202.5,-292.5,-165.0,-75.0,-255.0,-590.0,-680.0,-727.5,-637.5,-817.5,-415.0,-505.0,-515.0,-425.0,-605.0,-540.0,-630.0,-477.5,-387.5,-567.5,-115.0,-205.0,-267.5,-237.5,-297.5,-455.0,-485.0,-422.5,-362.5,-482.5,77.5,17.5,2.5,62.5,-57.5,-222.5,-282.5,2.5,62.5,-57.5,-222.5,-282.5,0.0,0.0,0.0,0.0,0.0,-930.0,-900.0,-960.0,-880.0,-910.0
2025-12-15 00:00:00+00:00,197.5,287.5,107.5,247.5,157.5,260.0,350.0,170.0,147.5,57.5,440.0,500.0,380.0,382.5,352.5,310.0,400.0,220.0,-102.5,-192.5,285.0,375.0,195.0,-140.0,-230.0,0.0,0.0,0.0,0.0,0.0,20.0,50.0,-10.0,-80.0,-110.0,0.0,0.0,0.0,0.0,0.0,0.0,0.0,0.0,0.0,0.0,0.0,0.0,0.0,0.0,0.0,607.5,637.5,577.5,495.0,465.0
2025-12-16 00:00:00+00:00,480.0,600.0,360.0,217.5,97.5,547.5,637.5,457.5,102.5,42.5,15.0,75.0,-45.0,40.0,-20.0,-240.0,-150.0,-330.0,-52.5,-142.5,-272.5,-212.5,-332.5,2.5,-57.5,-192.5,-162.5,-222.5,-30.0,-60.0,-67.5,-37.5,-97.5,95.0,65.0,7.5,37.5,-22.5,220.0,190.0,257.5,287.5,227.5,432.5,402.5,0.0,0.0,0.0,0.0,0.0,607.5,637.5,577.5,682.5,652.5
2025-12-17 00:00:00+00:00,245.0,425.0,65.0,307.5,127.5,285.0,375.0,195.0,460.0,370.0,620.0,650.0,590.0,532.5,502.5,305.0,425.0,185.0,55.0,-65.0,340.0,400.0,280.0,315.0,255.0,95.0,125.0,65.0,170.0,140.0,340.0,400.0,280.0,315.0,255.0,95.0,125.0,65.0,170.0,140.0,95.0,125.0,65.0,170.0,140.0,0.0,0.0,0.0,0.0,0.0,832.5,862.5,802.5,782.5,752.5
2025-12-18 00:00:00+00:00,132.5,312.5,-47.5,157.5,-22.5,145.0,325.0,-35.0,407.5,227.5,390.0,450.0,330.0,352.5,292.5,197.5,287.5,107.5,-152.5,-242.5,115.0,175.0,55.0,-47.5,-107.5,20.0,50.0,-10.0,-92.5,-122.5,90.0,150.0,30.0,-10.0,-70.0,82.5,112.5,52.5,-105.0,-135.0,0.0,0.0,0.0,0.0,0.0,0.0,0.0,0.0,0.0,0.0,520.0,550.0,490.0,595.0,565.0
2025-12-22 00:00:00+00:00,-75.0,75.0,-225.0,-112.5,-262.5,-200.0,-50.0,-350.0,-87.5,-237.5,-40.0,50.0,-130.0,-102.5,-192.5,62.5,212.5,-87.5,-162.5,-312.5,90.0,150.0,30.0,-47.5,-107.5,0.0,0.0,0.0,0.0,0.0,202.5,262.5,142.5,65.0,5.0,202.5,262.5,142.5,65.0,5.0,157.5,187.5,127.5,95.0,65.0,0.0,0.0,0.0,0.0,0.0,245.0,275.0,215.0,132.5,102.5
2025-12-23 00:00:00+00:00,17.5,137.5,-102.5,17.5,-102.5,152.5,212.5,92.5,15.0,-45.0,132.5,162.5,102.5,20.0,-10.0,-77.5,12.5,-167.5,-27.5,-117.5,-85.0,-25.0,-145.0,15.0,-45.0,-10.0,50.0,-70.0,52.5,-7.5,-80.0,-50.0,-110.0,-105.0,-135.0,-80.0,-50.0,-110.0,-105.0,-135.0,-80.0,-50.0,-110.0,-105.0,-135.0,0.0,0.0,0.0,0.0,0.0,7.5,37.5,-22.5,-30.0,-60.0
2025-12-24 00:00:00+00:00,-200.0,-50.0,-350.0,-162.5,-312.5,-182.5,-62.5,-302.5,-195.0,-315.0,-140.0,-50.0,-230.0,-102.5,-192.5,-152.5,-62.5,-242.5,-47.5,-107.5,-152.5,-62.5,-242.5,-47.5,-107.5,-110.0,-50.0,-170.0,-17.5,-47.5,-7.5,112.5,-127.5,160.0,70.0,57.5,87.5,27.5,20.0,-10.0,57.5,87.5,27.5,20.0,-10.0,0.0,0.0,0.0,0.0,0.0,45.0,75.0,15.0,32.5,2.5
2025-12-26 00:00:00+00:00,-107.5,12.5,-227.5,-182.5,-302.5,22.5,112.5,-67.5,-2.5,-92.5,70.0,100.0,40.0,45.0,15.0,-265.0,-175.0,-355.0,-190.0,-280.0,-247.5,-187.5,-307.5,-222.5,-282.5,-167.5,-137.5,-197.5,0.0,0.0,-242.5,-212.5,-272.5,-192.5,-222.5,-242.5,-212.5,-272.5,-192.5,-222.5,-205.0,-175.0,-235.0,-167.5,-197.5,0.0,0.0,0.0,0.0,0.0,-105.0,-75.0,-135.0,-92.5,-122.5
2025-12-29 00:00:00+00:00,52.5,112.5,-7.5,-10.0,-70.0,-110.0,-50.0,-170.0,-235.0,-295.0,-165.0,-75.0,-255.0,-127.5,-217.5,50.0,200.0,-100.0,100.0,-50.0,122.5,212.5,32.5,247.5,157.5,52.5,112.5,-7.5,102.5,42.5,72.5,162.5,-17.5,110.0,20.0,77.5,137.5,17.5,90.0,30.0,32.5,62.5,2.5,-5.0,-35.0,0.0,0.0,0.0,0.0,0.0,182.5,212.5,152.5,207.5,177.5
2025-12-30 00:00:00+00:00,-282.5,-162.5,-402.5,-282.5,-402.5,-195.0,-75.0,-315.0,-270.0,-390.0,-172.5,-112.5,-232.5,-235.0,-295.0,-332.5,-212.5,-452.5,-70.0,-190.0,-260.0,-200.0,-320.0,-60.0,-120.0,-247.5,-187.5,-307.5,65.0,5.0,-15.0,75.0,-105.0,-27.5,-117.5,-35.0,25.0,-95.0,65.0,5.0,-35.0,25.0,-95.0,65.0,5.0,0.0,0.0,0.0,0.0,0.0,-117.5,-87.5,-147.5,-155.0,-185.0
2025-12-31 00:00:00+00:00,-142.5,37.5,-322.5,-37.5,-187.5,-125.0,25.0,-275.0,100.0,-50.0,5.0,125.0,-115.0,17.5,-102.5,67.5,187.5,-52.5,-170.0,-290.0,72.5,162.5,-17.5,-140.0,-230.0,0.0,0.0,0.0,0.0,0.0,27.5,87.5,-32.5,-110.0,-170.0,65.0,125.0,5.0,-47.5,-107.5,45.0,75.0,15.0,57.5,27.5,0.0,0.0,0.0,0.0,0.0,195.0,225.0,165.0,70.0,40.0
2026-01-02 00:00:00+00:00,-82.5,37.5,-202.5,-107.5,-227.5,-170.0,-50.0,-290.0,-170.0,-290.0,-157.5,-37.5,-277.5,-120.0,-240.0,-135.0,-75.0,-195.0,-47.5,-107.5,52.5,112.5,-7.5,77.5,17.5,52.5,112.5,-7.5,77.5,17.5,177.5,237.5,117.5,107.5,77.5,132.5,162.5,102.5,107.5,77.5,132.5,162.5,102.5,107.5,77.5,0.0,0.0,0.0,0.0,0.0,82.5,112.5,52.5,-42.5,-72.5
2026-01-05 00:00:00+00:00,-412.5,-262.5,-562.5,-420.0,-540.0,-55.0,125.0,-235.0,-100.0,-250.0,190.0,250.0,130.0,-147.5,-207.5,387.5,537.5,237.5,237.5,87.5,310.0,400.0,220.0,147.5,57.5,107.5,137.5,77.5,107.5,77.5,202.5,262.5,142.5,277.5,217.5,195.0,225.0,165.0,282.5,252.5,195.0,225.0,165.0,282.5,252.5,0.0,0.0,0.0,0.0,0.0,270.0,300.0,240.0,132.5,102.5
2026-01-06 00:00:00+00:00,-317.5,-137.5,-497.5,-155.0,-335.0,-70.0,50.0,-190.0,-132.5,-252.5,82.5,112.5,52.5,132.5,102.5,155.0,275.0,35.0,80.0,-40.0,70.0,100.0,40.0,57.5,27.5,0.0,0.0,0.0,0.0,0.0,0.0,0.0,0.0,0.0,0.0,0.0,0.0,0.0,0.0,0.0,0.0,0.0,0.0,0.0,0.0,0.0,0.0,0.0,0.0,0.0,82.5,112.5,52.5,132.5,102.5
2026-01-07 00:00:00+00:00,-200.0,-50.0,-350.0,37.5,-112.5,-212.5,-62.5,-362.5,12.5,-137.5,-210.0,-150.0,-270.0,-122.5,-182.5,-135.0,-75.0,-195.0,-35.0,-95.0,-47.5,12.5,-107.5,90.0,30.0,-47.5,12.5,-107.5,90.0,30.0,97.5,187.5,7.5,-40.0,-130.0,15.0,75.0,-45.0,-10.0,-70.0,15.0,75.0,-45.0,-10.0,-70.0,0.0,0.0,0.0,0.0,0.0,57.5,87.5,27.5,107.5,77.5
2026-01-08 00:00:00+00:00,-610.0,-400.0,-820.0,-180.0,-360.0,45.0,75.0,15.0,82.5,52.5,52.5,112.5,-7.5,-185.0,-245.0,60.0,150.0,-30.0,-190.0,-280.0,60.0,150.0,-30.0,-190.0,-280.0,-92.5,-62.5,-122.5,-230.0,-260.0,-235.0,-175.0,-295.0,-335.0,-395.0,-85.0,-25.0,-145.0,-260.0,-320.0,-117.5,-87.5,-147.5,-167.5,-197.5,0.0,0.0,0.0,0.0,0.0,-92.5,-62.5,-122.5,-192.5,-222.5
2026-01-09 00:00:00+00:00,200.0,350.0,50.0,125.0,-25.0,167.5,287.5,47.5,160.0,70.0,72.5,162.5,-17.5,-2.5,-92.5,52.5,112.5,-7.5,140.0,80.0,32.5,62.5,2.5,7.5,-22.5,45.0,75.0,15.0,95.0,65.0,110.0,200.0,20.0,197.5,107.5,110.0,200.0,20.0,222.5,132.5,45.0,75.0,15.0,95.0,65.0,0.0,0.0,0.0,0.0,0.0,532.5,562.5,502.5,557.5,527.5
2026-01-12 00:00:00+00:00,-95.0,25.0,-215.0,-232.5,-352.5,-282.5,-162.5,-402.5,-295.0,-415.0,302.5,362.5,242.5,177.5,117.5,315.0,375.0,255.0,440.0,380.0,315.0,375.0,255.0,440.0,380.0,0.0,0.0,0.0,0.0,0.0,215.0,275.0,155.0,240.0,180.0,0.0,0.0,0.0,0.0,0.0,0.0,0.0,0.0,0.0,0.0,0.0,0.0,0.0,0.0,0.0,282.5,312.5,252.5,257.5,227.5
2026-01-13 00:00:00+00:00,-207.5,-87.5,-327.5,-107.5,-227.5,-282.5,-162.5,-402.5,-32.5,-152.5,-465.0,-375.0,-555.0,-265.0,-355.0,-247.5,-187.5,-307.5,-210.0,-270.0,-230.0,-200.0,-260.0,-42.5,-72.5,-230.0,-200.0,-260.0,-42.5,-72.5,-10.0,50.0,-70.0,-185.0,-245.0,-42.5,-12.5,-72.5,-180.0,-210.0,-42.5,-12.5,-72.5,-180.0,-210.0,0.0,0.0,0.0,0.0,0.0,-117.5,-87.5,-147.5,-117.5,-147.5
2026-01-14 00:00:00+00:00,190.0,250.0,130.0,27.5,-32.5,-160.0,-100.0,-220.0,-247.5,-307.5,-310.0,-250.0,-370.0,-147.5,-207.5,-960.0,-900.0,-1020.0,-847.5,-907.5,-935.0,-875.0,-995.0,-835.0,-895.0,-760.0,-700.0,-820.0,-747.5,-807.5,-692.5,-662.5,-722.5,-755.0,-785.0,-667.5,-637.5,-697.5,-655.0,-685.0,-642.5,-612.5,-672.5,-730.0,-760.0,0.0,0.0,0.0,0.0,0.0,-942.5,-912.5,-972.5,-905.0,-935.0
2026-01-15 00:00:00+00:00,262.5,412.5,112.5,337.5,187.5,460.0,550.0,370.0,435.0,345.0,510.0,600.0,420.0,410.0,320.0,105.0,225.0,-15.0,-57.5,-177.5,102.5,162.5,42.5,40.0,-20.0,45.0,75.0,15.0,57.5,27.5,65.0,125.0,5.0,-47.5,-107.5,57.5,87.5,27.5,-17.5,-47.5,0.0,0.0,0.0,0.0,0.0,0.0,0.0,0.0,0.0,0.0,695.0,725.0,665.0,582.5,552.5
2026-01-16 00:00:00+00:00,-187.5,-37.5,-337.5,-150.0,-300.0,-312.5,-162.5,-462.5,-175.0,-325.0,-172.5,-112.5,-232.5,-422.5,-482.5,147.5,237.5,57.5,222.5,132.5,147.5,237.5,57.5,222.5,132.5,-35.0,25.0,-95.0,190.0,130.0,172.5,262.5,82.5,97.5,7.5,45.0,75.0,15.0,145.0,115.0,70.0,100.0,40.0,107.5,77.5,0.0,0.0,0.0,0.0,0.0,-242.5,-212.5,-272.5,-442.5,-472.5
2026-01-19 00:00:00+00:00,-550.0,-400.0,-700.0,117.5,-2.5,-477.5,-387.5,-567.5,-415.0,-505.0,-485.0,-425.0,-545.0,-547.5,-607.5,-915.0,-825.0,-1005.0,-890.0,-980.0,-915.0,-825.0,-1005.0,-890.0,-980.0,-897.5,-837.5,-957.5,-860.0,-920.0,-372.5,-312.5,-432.5,-472.5,-532.5,-322.5,-262.5,-382.5,-422.5,-482.5,-322.5,-262.5,-382.5,-422.5,-482.5,0.0,0.0,0.0,0.0,0.0,-1155.0,-1125.0,-1185.0,-992.5,-1022.5
2026-01-20 00:00:00+00:00,-295.0,-175.0,-415.0,785.0,695.0,-170.0,-50.0,-290.0,522.5,432.5,220.0,250.0,190.0,407.5,377.5,367.5,487.5,247.5,-270.0,-390.0,-347.5,-287.5,-407.5,-422.5,-482.5,45.0,75.0,15.0,-130.0,-160.0,65.0,125.0,5.0,-235.0,-295.0,32.5,62.5,2.5,7.5,-22.5,182.5,212.5,152.5,170.0,140.0,0.0,0.0,0.0,0.0,0.0,32.5,62.5,2.5,507.5,477.5
2026-01-21 00:00:00+00:00,-190.0,-100.0,-280.0,-252.5,-342.5,-310.0,-250.0,-370.0,-110.0,-170.0,-645.0,-525.0,-765.0,-470.0,-590.0,-1265.0,-1175.0,-1355.0,-1715.0,-1805.0,-1265.0,-1175.0,-1355.0,-1715.0,-1805.0,-1265.0,-1175.0,-1355.0,-1715.0,-1805.0,-922.5,-862.5,-982.5,-1085.0,-1145.0,-997.5,-937.5,-1057.5,-1172.5,-1232.5,-885.0,-825.0,-945.0,-1097.5,-1157.5,0.0,0.0,0.0,0.0,0.0,-1255.0,-1225.0,-1285.0,-1517.5,-1547.5
2026-01-22 00:00:00+00:00,-282.5,-162.5,-402.5,-120.0,-240.0,-170.0,-50.0,-290.0,105.0,-15.0,-235.0,-175.0,-295.0,-360.0,-420.0,97.5,187.5,7.5,-340.0,-430.0,-160.0,-100.0,-220.0,-272.5,-332.5,107.5,137.5,77.5,157.5,127.5,-197.5,-137.5,-257.5,-260.0,-320.0,-60.0,0.0,-120.0,15.0,-45.0,45.0,75.0,15.0,157.5,127.5,0.0,0.0,0.0,0.0,0.0,-130.0,-100.0,-160.0,-342.5,-372.5
2026-01-23 00:00:00+00:00,37.5,187.5,-112.5,400.0,250.0,-20.0,100.0,-140.0,-832.5,-952.5,282.5,312.5,252.5,-105.0,-135.0,-287.5,-137.5,-437.5,-162.5,-312.5,-145.0,-25.0,-265.0,-82.5,-202.5,-80.0,-50.0,-110.0,120.0,90.0,-485.0,-425.0,-545.0,-97.5,-157.5,-347.5,-287.5,-407.5,65.0,5.0,-267.5,-237.5,-297.5,182.5,152.5,0.0,0.0,0.0,0.0,0.0,-192.5,-162.5,-222.5,-280.0,-310.0
2026-01-26 00:00:00+00:00,72.5,162.5,-17.5,252.5,192.5,-77.5,12.5,-167.5,-90.0,-180.0,-372.5,-312.5,-432.5,-285.0,-345.0,-835.0,-775.0,-895.0,-1035.0,-1095.0,-835.0,-775.0,-895.0,-1035.0,-1095.0,-272.5,-212.5,-332.5,-285.0,-345.0,-730.0,-700.0,-760.0,-680.0,-710.0,-655.0,-625.0,-685.0,-517.5,-547.5,-517.5,-487.5,-547.5,-155.0,-185.0,0.0,0.0,0.0,0.0,0.0,-605.0,-575.0,-635.0,-655.0,-685.0
2026-01-27 00:00:00+00:00,-187.5,-37.5,-337.5,-187.5,-337.5,-300.0,-150.0,-450.0,-250.0,-400.0,-220.0,-100.0,-340.0,-332.5,-452.5,-25.0,125.0,-175.0,112.5,-37.5,42.5,162.5,-77.5,17.5,-102.5,60.0,150.0,-30.0,35.0,-55.0,217.5,337.5,97.5,30.0,-90.0,240.0,300.0,180.0,152.5,92.5,265.0,325.0,205.0,52.5,-7.5,0.0,0.0,0.0,0.0,0.0,257.5,287.5,227.5,170.0,140.0
2026-01-28 00:00:00+00:00,35.0,125.0,-55.0,-202.5,-292.5,-120.0,0.0,-240.0,5.0,-115.0,152.5,212.5,92.5,-42.5,-72.5,242.5,362.5,122.5,205.0,85.0,102.5,162.5,42.5,140.0,80.0,32.5,62.5,2.5,70.0,40.0,77.5,137.5,17.5,240.0,180.0,215.0,275.0,155.0,215.0,155.0,0.0,0.0,0.0,0.0,0.0,0.0,0.0,0.0,0.0,0.0,195.0,225.0,165.0,207.5,177.5
2026-01-29 00:00:00+00:00,-37.5,112.5,-187.5,-150.0,-300.0,-287.5,-137.5,-437.5,-457.5,-577.5,-495.0,-375.0,-615.0,-345.0,-465.0,-427.5,-337.5,-517.5,-152.5,-242.5,-177.5,-87.5,-267.5,-27.5,-117.5,-177.5,-87.5,-267.5,-27.5,-117.5,-397.5,-337.5,-457.5,-222.5,-282.5,-180.0,-150.0,-210.0,-117.5,-147.5,-180.0,-150.0,-210.0,-117.5,-147.5,0.0,0.0,0.0,0.0,0.0,-405.0,-375.0,-435.0,-492.5,-522.5
2026-01-30 00:00:00+00:00,680.0,800.0,560.0,1205.0,1085.0,765.0,825.0,705.0,1202.5,1142.5,675.0,825.0,525.0,1212.5,1062.5,40.0,100.0,-20.0,-360.0,-420.0,-105.0,-75.0,-135.0,-330.0,-360.0,-105.0,-75.0,-135.0,-330.0,-360.0,32.5,62.5,2.5,-92.5,-122.5,157.5,187.5,127.5,182.5,152.5,620.0,650.0,590.0,470.0,440.0,0.0,0.0,0.0,0.0,0.0,857.5,887.5,827.5,1170.0,1140.0
2026-02-02 00:00:00+00:00,370.0,550.0,190.0,-480.0,-660.0,75.0,225.0,-75.0,62.5,-87.5,567.5,687.5,447.5,210.0,120.0,342.5,462.5,222.5,1180.0,1060.0,372.5,462.5,282.5,1085.0,995.0,340.0,400.0,280.0,1152.5,1092.5,2.5,62.5,-57.5,102.5,42.5,2.5,62.5,-57.5,102.5,42.5,157.5,187.5,127.5,420.0,390.0,0.0,0.0,0.0,0.0,0.0,882.5,912.5,852.5,957.5,927.5
2026-02-03 00:00:00+00:00,-612.5,-462.5,-762.5,-462.5,-612.5,-507.5,-387.5,-627.5,-295.0,-415.0,0.0,0.0,0.0,0.0,0.0,207.5,387.5,27.5,-305.0,-485.0,5.0,125.0,-115.0,-245.0,-365.0,27.5,87.5,-32.5,-35.0,-95.0,-260.0,-200.0,-320.0,-347.5,-407.5,-185.0,-125.0,-245.0,-197.5,-257.5,77.5,137.5,17.5,40.0,-20.0,0.0,0.0,0.0,0.0,0.0,-567.5,-537.5,-597.5,-542.5,-572.5
2026-02-04 00:00:00+00:00,675.0,825.0,525.0,462.5,312.5,1172.5,1262.5,1082.5,397.5,307.5,457.5,487.5,427.5,295.0,265.0,-535.0,-475.0,-595.0,-160.0,-220.0,-297.5,-237.5,-357.5,15.0,-45.0,-405.0,-375.0,-435.0,-92.5,-122.5,-180.0,-150.0,-210.0,-105.0,-135.0,-105.0,-75.0,-135.0,332.5,302.5,270.0,300.0,240.0,482.5,452.5,0.0,0.0,0.0,0.0,0.0,995.0,1025.0,965.0,732.5,702.5
2026-02-05 00:00:00+00:00,-562.5,-412.5,-712.5,-762.5,-912.5,-702.5,-612.5,-792.5,-840.0,-930.0,67.5,187.5,-52.5,67.5,-52.5,155.0,275.0,35.0,467.5,347.5,197.5,287.5,107.5,460.0,370.0,-92.5,-62.5,-122.5,-67.5,-97.5,752.5,812.5,692.5,1015.0,955.0,852.5,912.5,792.5,840.0,780.0,520.0,550.0,490.0,707.5,677.5,0.0,0.0,0.0,0.0,0.0,420.0,450.0,390.0,570.0,540.0
2026-02-06 00:00:00+00:00,1647.5,1737.5,1557.5,2135.0,2045.0,2190.0,2250.0,2130.0,2427.5,2367.5,1790.0,1850.0,1730.0,2052.5,1992.5,107.5,137.5,77.5,220.0,190.0,107.5,137.5,77.5,220.0,190.0,257.5,287.5,227.5,95.0,65.0,332.5,362.5,302.5,320.0,290.0,332.5,362.5,302.5,320.0,290.0,0.0,0.0,0.0,0.0,0.0,0.0,0.0,0.0,0.0,0.0,2332.5,2362.5,2302.5,2495.0,2465.0
2026-02-09 00:00:00+00:00,-147.5,-87.5,-207.5,-310.0,-370.0,-297.5,-237.5,-357.5,-35.0,-95.0,45.0,75.0,15.0,-30.0,-60.0,-990.0,-900.0,-1080.0,-1227.5,-1317.5,-990.0,-900.0,-1080.0,-1227.5,-1317.5,-960.0,-900.0,-1020.0,-1060.0,-1120.0,-1230.0,-1200.0,-1260.0,-1155.0,-1185.0,-1230.0,-1200.0,-1260.0,-1155.0,-1185.0,-1180.0,-1150.0,-1210.0,-1117.5,-1147.5,0.0,0.0,0.0,0.0,0.0,-1080.0,-1050.0,-1110.0,-1067.5,-1097.5
2026-02-10 00:00:00+00:00,0.0,150.0,-150.0,-45.0,-165.0,-165.0,-75.0,-255.0,-365.0,-455.0,-427.5,-337.5,-517.5,-297.5,-357.5,60.0,150.0,-30.0,-52.5,-142.5,147.5,237.5,57.5,-102.5,-192.5,15.0,75.0,-45.0,-122.5,-182.5,240.0,300.0,180.0,190.0,130.0,327.5,387.5,267.5,140.0,80.0,402.5,462.5,342.5,177.5,117.5,0.0,0.0,0.0,0.0,0.0,207.5,237.5,177.5,45.0,15.0
2026-02-11 00:00:00+00:00,-532.5,-412.5,-652.5,-1057.5,-1177.5,-182.5,-62.5,-302.5,-132.5,-252.5,-410.0,-350.0,-470.0,-410.0,-470.0,55.0,175.0,-65.0,17.5,-102.5,10.0,100.0,-80.0,135.0,45.0,185.0,275.0,95.0,110.0,20.0,-542.5,-512.5,-572.5,-505.0,-535.0,-542.5,-512.5,-572.5,-505.0,-535.0,-542.5,-512.5,-572.5,-505.0,-535.0,0.0,0.0,0.0,0.0,0.0,-280.0,-250.0,-310.0,-380.0,-410.0
2026-02-12 00:00:00+00:00,-262.5,-112.5,-412.5,-475.0,-625.0,-140.0,-50.0,-230.0,-340.0,-430.0,-322.5,-262.5,-382.5,-222.5,-282.5,47.5,137.5,-42.5,10.0,-80.0,47.5,137.5,-42.5,10.0,-80.0,15.0,75.0,-45.0,40.0,-20.0,27.5,87.5,-32.5,-22.5,-82.5,27.5,87.5,-32.5,-22.5,-82.5,20.0,50.0,-10.0,-30.0,-60.0,0.0,0.0,0.0,0.0,0.0,-42.5,-12.5,-72.5,-42.5,-72.5
2026-02-13 00:00:00+00:00,-1045.0,-925.0,-1165.0,-245.0,-365.0,-1225.0,-1075.0,-1375.0,-112.5,-262.5,-122.5,-62.5,-182.5,152.5,92.5,305.0,425.0,185.0,-407.5,-527.5,122.5,212.5,32.5,-165.0,-255.0,-422.5,-362.5,-482.5,-510.0,-570.0,-552.5,-462.5,-642.5,-690.0,-780.0,-910.0,-850.0,-970.0,-597.5,-657.5,-755.0,-725.0,-785.0,-255.0,-285.0,0.0,0.0,0.0,0.0,0.0,-967.5,-937.5,-997.5,-217.5,-247.5
2026-02-16 00:00:00+00:00,-105.0,75.0,-285.0,-317.5,-497.5,127.5,187.5,67.5,-135.0,-195.0,40.0,100.0,-20.0,-85.0,-145.0,-210.0,-150.0,-270.0,52.5,-7.5,-122.5,-62.5,-182.5,152.5,92.5,7.5,37.5,-22.5,-17.5,-47.5,-60.0,0.0,-120.0,-210.0,-270.0,-22.5,37.5,-82.5,-72.5,-132.5,57.5,87.5,27.5,45.0,15.0,0.0,0.0,0.0,0.0,0.0,-55.0,-25.0,-85.0,-117.5,-147.5
2026-02-17 00:00:00+00:00,-297.5,-237.5,-357.5,-185.0,-245.0,-65.0,25.0,-155.0,-15.0,-105.0,-422.5,-362.5,-482.5,-597.5,-657.5,-210.0,-150.0,-270.0,-385.0,-445.0,-210.0,-150.0,-270.0,-385.0,-445.0,-292.5,-262.5,-322.5,-405.0,-435.0,-290.0,-200.0,-380.0,-415.0,-505.0,-97.5,-37.5,-157.5,-422.5,-482.5,-80.0,-50.0,-110.0,-130.0,-160.0,0.0,0.0,0.0,0.0,0.0,-355.0,-325.0,-385.0,-280.0,-310.0
2026-02-18 00:00:00+00:00,-255.0,-75.0,-435.0,-25.0,-175.0,-10.0,50.0,-70.0,40.0,-20.0,77.5,137.5,17.5,15.0,-45.0,-165.0,-75.0,-255.0,-290.0,-380.0,-85.0,-25.0,-145.0,-435.0,-495.0,15.0,75.0,-45.0,-210.0,-270.0,-222.5,-162.5,-282.5,-572.5,-632.5,-442.5,-412.5,-472.5,-392.5,-422.5,-342.5,-312.5,-372.5,-280.0,-310.0,0.0,0.0,0.0,0.0,0.0,-217.5,-187.5,-247.5,-317.5,-347.5
2026-02-19 00:00:00+00:00,-592.5,-412.5,-772.5,-417.5,-597.5,-232.5,-112.5,-352.5,-170.0,-290.0,-230.0,-200.0,-260.0,-17.5,-47.5,-1172.5,-1112.5,-1232.5,-1110.0,-1170.0,-1172.5,-1112.5,-1232.5,-1110.0,-1170.0,-755.0,-725.0,-785.0,-567.5,-597.5,-967.5,-937.5,-997.5,-855.0,-885.0,-967.5,-937.5,-997.5,-855.0,-885.0,-967.5,-937.5,-997.5,-855.0,-885.0,0.0,0.0,0.0,0.0,0.0,-992.5,-962.5,-1022.5,-680.0,-710.0
2026-02-20 00:00:00+00:00,-50.0,100.0,-200.0,-362.5,-512.5,57.5,87.5,27.5,7.5,-22.5,-105.0,-75.0,-135.0,-192.5,-222.5,-790.0,-700.0,-880.0,-602.5,-692.5,-790.0,-700.0,-880.0,-602.5,-692.5,-427.5,-337.5,-517.5,-40.0,-130.0,-1180.0,-1150.0,-1210.0,-1180.0,-1210.0,-1180.0,-1150.0,-1210.0,-1180.0,-1210.0,-1180.0,-1150.0,-1210.0,-1180.0,-1210.0,0.0,0.0,0.0,0.0,0.0,-1255.0,-1225.0,-1285.0,-1342.5,-1372.5
2026-02-23 00:00:00+00:00,242.5,362.5,122.5,-20.0,-140.0,210.0,300.0,120.0,172.5,82.5,527.5,587.5,467.5,477.5,417.5,-182.5,-62.5,-302.5,110.0,20.0,177.5,237.5,117.5,-47.5,-107.5,82.5,112.5,52.5,-55.0,-85.0,-277.5,-187.5,-367.5,102.5,42.5,227.5,287.5,167.5,102.5,42.5,0.0,0.0,0.0,0.0,0.0,0.0,0.0,0.0,0.0,0.0,107.5,137.5,77.5,-105.0,-135.0
2026-02-24 00:00:00+00:00,-87.5,62.5,-237.5,25.0,-125.0,-162.5,-12.5,-312.5,162.5,12.5,57.5,87.5,27.5,-42.5,-72.5,255.0,375.0,135.0,-382.5,-502.5,292.5,412.5,172.5,-120.0,-240.0,307.5,337.5,277.5,20.0,-10.0,-97.5,-37.5,-157.5,-97.5,-157.5,2.5,62.5,-57.5,-222.5,-282.5,127.5,187.5,67.5,-30.0,-60.0,0.0,0.0,0.0,0.0,0.0,257.5,287.5,227.5,107.5,77.5
2026-02-25 00:00:00+00:00,192.5,312.5,72.5,80.0,-40.0,87.5,237.5,-62.5,-295.0,-415.0,250.0,400.0,100.0,212.5,62.5,392.5,512.5,272.5,167.5,47.5,140.0,200.0,80.0,52.5,-7.5,95.0,125.0,65.0,45.0,15.0,177.5,237.5,117.5,140.0,80.0,32.5,62.5,2.5,45.0,15.0,0.0,0.0,0.0,0.0,0.0,0.0,0.0,0.0,0.0,0.0,470.0,500.0,440.0,570.0,540.0
2026-02-26 00:00:00+00:00,-300.0,-150.0,-450.0,92.5,-27.5,27.5,87.5,-32.5,107.5,77.5,-72.5,-12.5,-132.5,-72.5,-132.5,-172.5,-112.5,-232.5,-197.5,-257.5,-85.0,-25.0,-145.0,-222.5,-282.5,-110.0,-50.0,-170.0,-97.5,-157.5,65.0,125.0,5.0,115.0,55.0,7.5,37.5,-22.5,57.5,27.5,7.5,37.5,-22.5,57.5,27.5,0.0,0.0,0.0,0.0,0.0,157.5,187.5,127.5,195.0,165.0
2026-02-27 00:00:00+00:00,-145.0,-25.0,-265.0,-15.0,-105.0,-310.0,-250.0,-370.0,-535.0,-595.0,-570.0,-450.0,-690.0,-520.0,-640.0,-872.5,-812.5,-932.5,-885.0,-945.0,-872.5,-812.5,-932.5,-885.0,-945.0,-330.0,-300.0,-360.0,-230.0,-260.0,-822.5,-762.5,-882.5,-897.5,-957.5,-560.0,-500.0,-620.0,-760.0,-820.0,-142.5,-112.5,-172.5,-280.0,-310.0,0.0,0.0,0.0,0.0,0.0,-1230.0,-1200.0,-1260.0,-1305.0,-1335.0
2026-03-02 00:00:00+00:00,415.0,625.0,205.0,770.0,590.0,640.0,700.0,580.0,715.0,655.0,1182.5,1212.5,1152.5,970.0,940.0,660.0,750.0,570.0,235.0,145.0,527.5,587.5,467.5,302.5,242.5,45.0,75.0,15.0,107.5,77.5,227.5,287.5,167.5,-210.0,-270.0,170.0,200.0,140.0,170.0,140.0,170.0,200.0,140.0,170.0,140.0,0.0,0.0,0.0,0.0,0.0,1745.0,1775.0,1715.0,1257.5,1227.5
2026-03-03 00:00:00+00:00,-837.5,-687.5,-987.5,-1332.5,-1452.5,-520.0,-400.0,-640.0,-1240.0,-1330.0,20.0,50.0,-10.0,-405.0,-435.0,-157.5,-37.5,-277.5,80.0,-40.0,-177.5,-87.5,-267.5,147.5,57.5,1960.0,2050.0,1870.0,472.5,382.5,1067.5,1187.5,947.5,-557.5,-677.5,922.5,1012.5,832.5,-152.5,-242.5,927.5,987.5,867.5,-172.5,-232.5,0.0,0.0,0.0,0.0,0.0,-492.5,-462.5,-522.5,-430.0,-460.0
2026-03-04 00:00:00+00:00,897.5,987.5,807.5,685.0,595.0,1455.0,1575.0,1335.0,1192.5,1072.5,1020.0,1050.0,990.0,1195.0,1165.0,1027.5,1087.5,967.5,502.5,442.5,0.0,0.0,0.0,0.0,0.0,0.0,0.0,0.0,0.0,0.0,732.5,762.5,702.5,345.0,315.0,0.0,0.0,0.0,0.0,0.0,0.0,0.0,0.0,0.0,0.0,0.0,0.0,0.0,0.0,0.0,1757.5,1787.5,1727.5,1570.0,1540.0
2026-03-05 00:00:00+00:00,967.5,1087.5,847.5,105.0,-15.0,-40.0,50.0,-130.0,-765.0,-855.0,-845.0,-725.0,-965.0,-982.5,-1102.5,47.5,137.5,-42.5,-240.0,-330.0,-285.0,-225.0,-345.0,190.0,130.0,290.0,350.0,230.0,227.5,167.5,672.5,762.5,582.5,397.5,307.5,627.5,687.5,567.5,365.0,305.0,0.0,0.0,0.0,0.0,0.0,0.0,0.0,0.0,0.0,0.0,795.0,825.0,765.0,-42.5,-72.5
2026-03-06 00:00:00+00:00,-1202.5,-1112.5,-1292.5,-1040.0,-1130.0,-370.0,-250.0,-490.0,-70.0,-190.0,-497.5,-437.5,-557.5,-260.0,-320.0,-690.0,-600.0,-780.0,-627.5,-717.5,-290.0,-200.0,-380.0,-177.5,-267.5,-547.5,-487.5,-607.5,-322.5,-382.5,-510.0,-450.0,-570.0,-485.0,-545.0,-510.0,-450.0,-570.0,-485.0,-545.0,-510.0,-450.0,-570.0,-485.0,-545.0,0.0,0.0,0.0,0.0,0.0,-1992.5,-1962.5,-2022.5,-1905.0,-1935.0
2026-03-09 00:00:00+00:00,-282.5,-162.5,-402.5,305.0,185.0,32.5,212.5,-147.5,612.5,462.5,920.0,950.0,890.0,782.5,752.5,610.0,700.0,520.0,-802.5,-892.5,610.0,700.0,520.0,-802.5,-892.5,357.5,387.5,327.5,195.0,165.0,127.5,187.5,67.5,15.0,-45.0,390.0,450.0,330.0,-435.0,-495.0,445.0,475.0,415.0,-417.5,-447.5,0.0,0.0,0.0,0.0,0.0,570.0,600.0,540.0,1057.5,1027.5
2026-03-10 00:00:00+00:00,-1220.0,-1100.0,-1340.0,-1032.5,-1152.5,-1270.0,-1150.0,-1390.0,30.0,-90.0,-672.5,-612.5,-732.5,-372.5,-432.5,-617.5,-437.5,-797.5,-1255.0,-1435.0,-257.5,-137.5,-377.5,-982.5,-1102.5,235.0,325.0,145.0,-652.5,-742.5,-1095.0,-975.0,-1215.0,-670.0,-790.0,-765.0,-675.0,-855.0,-290.0,-380.0,-352.5,-262.5,-442.5,60.0,-30.0,0.0,0.0,0.0,0.0,0.0,-1517.5,-1487.5,-1547.5,-1667.5,-1697.5
2026-03-11 00:00:00+00:00,-220.0,-100.0,-340.0,-157.5,-277.5,315.0,375.0,255.0,65.0,5.0,332.5,362.5,302.5,107.5,77.5,-345.0,-225.0,-465.0,-7.5,-127.5,67.5,187.5,-52.5,-145.0,-265.0,-535.0,-475.0,-595.0,-242.5,-272.5,-397.5,-337.5,-457.5,595.0,565.0,-397.5,-337.5,-457.5,595.0,565.0,332.5,362.5,302.5,457.5,427.5,0.0,0.0,0.0,0.0,0.0,220.0,250.0,190.0,445.0,415.0
2026-03-12 00:00:00+00:00,442.5,562.5,322.5,-82.5,-202.5,342.5,462.5,222.5,10.0,-80.0,-110.0,-50.0,-170.0,-360.0,-420.0,-295.0,-175.0,-415.0,-132.5,-252.5,-177.5,-87.5,-267.5,160.0,70.0,190.0,250.0,130.0,602.5,542.5,-390.0,-300.0,-480.0,-77.5,-167.5,52.5,112.5,-7.5,177.5,117.5,152.5,212.5,92.5,390.0,330.0,0.0,0.0,0.0,0.0,0.0,157.5,187.5,127.5,-117.5,-147.5
2026-03-13 00:00:00+00:00,362.5,512.5,212.5,642.5,522.5,510.0,600.0,420.0,410.0,320.0,1357.5,1387.5,1327.5,1307.5,1277.5,410.0,500.0,320.0,272.5,182.5,452.5,512.5,392.5,177.5,117.5,0.0,0.0,0.0,0.0,0.0,0.0,0.0,0.0,0.0,0.0,0.0,0.0,0.0,0.0,0.0,0.0,0.0,0.0,0.0,0.0,0.0,0.0,0.0,0.0,0.0,1357.5,1387.5,1327.5,1307.5,1277.5
2026-03-16 00:00:00+00:00,250.0,400.0,100.0,625.0,475.0,865.0,925.0,805.0,502.5,442.5,660.0,750.0,570.0,747.5,657.5,122.5,212.5,32.5,-72.5,-132.5,77.5,137.5,17.5,-72.5,-132.5,170.0,200.0,140.0,-5.0,-35.0,240.0,300.0,180.0,265.0,205.0,82.5,112.5,52.5,-130.0,-160.0,170.0,200.0,140.0,-5.0,-35.0,0.0,0.0,0.0,0.0,0.0,1070.0,1100.0,1040.0,1132.5,1102.5
2026-03-17 00:00:00+00:00,467.5,587.5,347.5,360.0,270.0,722.5,812.5,632.5,740.0,680.0,127.5,187.5,67.5,-210.0,-270.0,227.5,287.5,167.5,-160.0,-220.0,-17.5,12.5,-47.5,-55.0,-85.0,-17.5,12.5,-47.5,-55.0,-85.0,282.5,312.5,252.5,220.0,190.0,282.5,312.5,252.5,220.0,190.0,282.5,312.5,252.5,220.0,190.0,0.0,0.0,0.0,0.0,0.0,732.5,762.5,702.5,457.5,427.5
2026-03-18 00:00:00+00:00,-1242.5,-1062.5,-1422.5,-555.0,-735.0,-1300.0,-1150.0,-1450.0,-195.0,-315.0,-320.0,-200.0,-440.0,-132.5,-252.5,147.5,237.5,57.5,-40.0,-130.0,147.5,237.5,57.5,-40.0,-130.0,310.0,400.0,220.0,197.5,107.5,80.0,200.0,-40.0,110.0,20.0,385.0,475.0,295.0,10.0,-80.0,315.0,375.0,255.0,15.0,-45.0,0.0,0.0,0.0,0.0,0.0,-592.5,-562.5,-622.5,-630.0,-660.0
2026-03-19 00:00:00+00:00,342.5,462.5,222.5,-657.5,-777.5,-802.5,-712.5,-892.5,-1040.0,-1130.0,590.0,650.0,530.0,352.5,292.5,542.5,662.5,422.5,855.0,735.0,542.5,662.5,422.5,855.0,735.0,385.0,475.0,295.0,785.0,695.0,102.5,162.5,42.5,502.5,442.5,127.5,187.5,67.5,552.5,492.5,-692.5,-662.5,-722.5,-517.5,-547.5,0.0,0.0,0.0,0.0,0.0,-430.0,-400.0,-460.0,-492.5,-522.5
2026-03-20 00:00:00+00:00,-1107.5,-987.5,-1227.5,-1870.0,-1990.0,445.0,475.0,415.0,32.5,2.5,-205.0,-175.0,-235.0,-317.5,-347.5,-870.0,-750.0,-990.0,-745.0,-865.0,-1365.0,-1275.0,-1455.0,-927.5,-1017.5,-1460.0,-1400.0,-1520.0,-635.0,-695.0,-1185.0,-1125.0,-1245.0,-1535.0,-1595.0,-1185.0,-1125.0,-1245.0,-1535.0,-1595.0,-1280.0,-1250.0,-1310.0,-1242.5,-1272.5,0.0,0.0,0.0,0.0,0.0,-1830.0,-1800.0,-1860.0,-1705.0,-1735.0
2026-03-23 00:00:00+00:00,9220.0,9400.0,9040.0,8657.5,8477.5,8730.0,8850.0,8610.0,7542.5,7422.5,6815.0,6875.0,6755.0,7115.0,7055.0,397.5,487.5,307.5,597.5,507.5,397.5,487.5,307.5,597.5,507.5,152.5,212.5,92.5,640.0,580.0,1115.0,1175.0,1055.0,815.0,755.0,1115.0,1175.0,1055.0,815.0,755.0,1252.5,1312.5,1192.5,602.5,542.5,0.0,0.0,0.0,0.0,0.0,6820.0,6850.0,6790.0,7295.0,7265.0
2026-03-24 00:00:00+00:00,335.0,425.0,245.0,-40.0,-130.0,-427.5,-337.5,-517.5,-365.0,-455.0,327.5,387.5,267.5,-247.5,-307.5,-120.0,0.0,-240.0,-745.0,-865.0,72.5,162.5,-17.5,-615.0,-705.0,-110.0,-50.0,-170.0,-460.0,-520.0,297.5,387.5,207.5,-115.0,-205.0,297.5,387.5,207.5,-115.0,-205.0,382.5,412.5,352.5,970.0,940.0,0.0,0.0,0.0,0.0,0.0,357.5,387.5,327.5,-617.5,-647.5
2026-03-25 00:00:00+00:00,-1050.0,-900.0,-1200.0,-120.0,-240.0,-452.5,-362.5,-542.5,-127.5,-217.5,-195.0,-75.0,-315.0,-20.0,-140.0,830.0,950.0,710.0,480.0,360.0,830.0,950.0,710.0,480.0,360.0,640.0,700.0,580.0,415.0,355.0,647.5,737.5,557.5,-27.5,-117.5,295.0,325.0,265.0,32.5,2.5,295.0,325.0,265.0,32.5,2.5,0.0,0.0,0.0,0.0,0.0,157.5,187.5,127.5,245.0,215.0
2026-03-26 00:00:00+00:00,485.0,575.0,395.0,-165.0,-255.0,-395.0,-275.0,-515.0,-745.0,-865.0,-267.5,-237.5,-297.5,-55.0,-85.0,-865.0,-775.0,-955.0,-552.5,-642.5,-640.0,-550.0,-730.0,40.0,-20.0,240.0,300.0,180.0,365.0,305.0,-852.5,-762.5,-942.5,-690.0,-780.0,45.0,75.0,15.0,20.0,-10.0,245.0,275.0,215.0,220.0,190.0,0.0,0.0,0.0,0.0,0.0,-630.0,-600.0,-660.0,-630.0,-660.0
2026-03-27 00:00:00+00:00,217.5,337.5,97.5,242.5,122.5,-292.5,-262.5,-322.5,-592.5,-622.5,-217.5,-187.5,-247.5,45.0,15.0,-1152.5,-1062.5,-1242.5,-902.5,-992.5,-1152.5,-1062.5,-1242.5,-902.5,-992.5,-327.5,-237.5,-417.5,-77.5,-167.5,-935.0,-875.0,-995.0,-35.0,-95.0,-660.0,-600.0,-720.0,102.5,42.5,127.5,187.5,67.5,865.0,805.0,0.0,0.0,0.0,0.0,0.0,-917.5,-887.5,-947.5,-567.5,-597.5
2026-03-30 00:00:00+00:00,290.0,500.0,80.0,215.0,5.0,385.0,475.0,295.0,197.5,107.5,-177.5,-87.5,-267.5,-90.0,-180.0,-90.0,0.0,-180.0,-77.5,-167.5,340.0,400.0,280.0,-47.5,-107.5,340.0,400.0,280.0,-47.5,-107.5,477.5,537.5,417.5,-35.0,-95.0,477.5,537.5,417.5,-35.0,-95.0,-55.0,-25.0,-85.0,-142.5,-172.5,0.0,0.0,0.0,0.0,0.0,457.5,487.5,427.5,320.0,290.0
2026-03-31 00:00:00+00:00,-387.5,-237.5,-537.5,862.5,712.5,-232.5,-112.5,-352.5,-182.5,-302.5,-1007.5,-887.5,-1127.5,-357.5,-477.5,292.5,412.5,172.5,-332.5,-452.5,-40.0,50.0,-130.0,247.5,157.5,-117.5,-87.5,-147.5,407.5,377.5,197.5,287.5,107.5,-390.0,-480.0,-372.5,-312.5,-432.5,-535.0,-595.0,-442.5,-412.5,-472.5,-430.0,-460.0,0.0,0.0,0.0,0.0,0.0,182.5,212.5,152.5,132.5,102.5
2026-04-01 00:00:00+00:00,1035.0,1125.0,945.0,697.5,607.5,1452.5,1512.5,1392.5,1415.0,1355.0,972.5,1062.5,882.5,685.0,595.0,110.0,200.0,20.0,-77.5,-167.5,-205.0,-175.0,-235.0,-142.5,-172.5,157.5,187.5,127.5,132.5,102.5,282.5,312.5,252.5,470.0,440.0,282.5,312.5,252.5,470.0,440.0,232.5,262.5,202.5,595.0,565.0,0.0,0.0,0.0,0.0,0.0,1257.5,1287.5,1227.5,1370.0,1340.0
2026-04-02 00:00:00+00:00,-902.5,-812.5,-992.5,-940.0,-1030.0,-785.0,-725.0,-845.0,-660.0,-720.0,-192.5,-162.5,-222.5,-242.5,-272.5,-520.0,-400.0,-640.0,-195.0,-315.0,-652.5,-562.5,-742.5,-240.0,-330.0,-652.5,-562.5,-742.5,-240.0,-330.0,-357.5,-237.5,-477.5,55.0,-65.0,-157.5,-37.5,-277.5,230.0,110.0,-110.0,-50.0,-170.0,127.5,67.5,0.0,0.0,0.0,0.0,0.0,-1455.0,-1425.0,-1485.0,-1142.5,-1172.5
2026-04-03 00:00:00+00:00,-187.5,-37.5,-337.5,-137.5,-287.5,-250.0,-100.0,-400.0,-37.5,-187.5,70.0,100.0,40.0,157.5,127.5,227.5,437.5,17.5,-97.5,-307.5,257.5,437.5,77.5,7.5,-172.5,372.5,462.5,282.5,-77.5,-167.5,147.5,237.5,57.5,-27.5,-117.5,260.0,350.0,170.0,-27.5,-117.5,397.5,487.5,307.5,60.0,-30.0,0.0,0.0,0.0,0.0,0.0,107.5,137.5,77.5,145.0,115.0
2026-04-06 00:00:00+00:00,-820.0,-700.0,-940.0,-670.0,-790.0,-210.0,-150.0,-270.0,-72.5,-132.5,-67.5,-37.5,-97.5,-255.0,-285.0,-267.5,-87.5,-447.5,-575.0,-725.0,-352.5,-262.5,-442.5,-515.0,-605.0,-235.0,-175.0,-295.0,-147.5,-207.5,-867.5,-837.5,-897.5,-817.5,-847.5,-792.5,-762.5,-822.5,-817.5,-847.5,-792.5,-762.5,-822.5,-817.5,-847.5,0.0,0.0,0.0,0.0,0.0,-905.0,-875.0,-935.0,-1042.5,-1072.5
2026-04-07 00:00:00+00:00,580.0,700.0,460.0,-507.5,-627.5,-652.5,-562.5,-742.5,-102.5,-192.5,-217.5,-187.5,-247.5,-17.5,-47.5,-2085.0,-2025.0,-2145.0,-1497.5,-1557.5,-2085.0,-2025.0,-2145.0,-1497.5,-1557.5,-1697.5,-1637.5,-1757.5,-1335.0,-1395.0,-2080.0,-2050.0,-2110.0,-1805.0,-1835.0,-1605.0,-1575.0,-1635.0,-1892.5,-1922.5,-1605.0,-1575.0,-1635.0,-1892.5,-1922.5,0.0,0.0,0.0,0.0,0.0,-1792.5,-1762.5,-1822.5,-1880.0,-1910.0
2026-04-08 00:00:00+00:00,-200.0,-50.0,-350.0,250.0,100.0,-187.5,-37.5,-337.5,387.5,237.5,-37.5,112.5,-187.5,525.0,375.0,342.5,462.5,222.5,17.5,-102.5,460.0,550.0,370.0,247.5,157.5,132.5,162.5,102.5,-5.0,-35.0,415.0,475.0,355.0,140.0,80.0,465.0,525.0,405.0,2.5,-57.5,0.0,0.0,0.0,0.0,0.0,0.0,0.0,0.0,0.0,0.0,420.0,450.0,390.0,495.0,465.0
2026-04-09 00:00:00+00:00,-692.5,-512.5,-872.5,-267.5,-447.5,-462.5,-312.5,-612.5,-450.0,-600.0,-270.0,-150.0,-390.0,-420.0,-540.0,137.5,287.5,-12.5,375.0,225.0,217.5,337.5,97.5,155.0,35.0,65.0,125.0,5.0,-122.5,-182.5,180.0,300.0,60.0,605.0,485.0,297.5,387.5,207.5,297.5,207.5,115.0,175.0,55.0,215.0,155.0,0.0,0.0,0.0,0.0,0.0,520.0,550.0,490.0,520.0,490.0
2026-04-10 00:00:00+00:00,245.0,425.0,65.0,-50.0,-200.0,-157.5,-37.5,-277.5,380.0,260.0,185.0,275.0,95.0,197.5,107.5,222.5,312.5,132.5,485.0,395.0,202.5,262.5,142.5,-110.0,-170.0,0.0,0.0,0.0,0.0,0.0,440.0,500.0,380.0,177.5,117.5,295.0,325.0,265.0,120.0,90.0,295.0,325.0,265.0,120.0,90.0,0.0,0.0,0.0,0.0,0.0,745.0,775.0,715.0,582.5,552.5
2026-04-13 00:00:00+00:00,122.5,212.5,32.5,35.0,-55.0,-165.0,-75.0,-255.0,-290.0,-380.0,-525.0,-375.0,-675.0,-637.5,-787.5,-407.5,-287.5,-527.5,-52.5,-142.5,-560.0,-500.0,-620.0,-5.0,-35.0,-560.0,-500.0,-620.0,-5.0,-35.0,35.0,125.0,-55.0,-140.0,-230.0,110.0,200.0,20.0,-152.5,-242.5,0.0,0.0,0.0,0.0,0.0,0.0,0.0,0.0,0.0,0.0,-430.0,-400.0,-460.0,-605.0,-635.0
2026-04-14 00:00:00+00:00,-32.5,87.5,-152.5,-95.0,-215.0,-27.5,62.5,-117.5,-402.5,-492.5,-305.0,-275.0,-335.0,-355.0,-385.0,-522.5,-462.5,-582.5,-135.0,-195.0,-522.5,-462.5,-582.5,-135.0,-195.0,-372.5,-312.5,-432.5,52.5,-7.5,-110.0,-50.0,-170.0,265.0,205.0,152.5,212.5,92.5,315.0,255.0,215.0,275.0,155.0,302.5,242.5,0.0,0.0,0.0,0.0,0.0,-230.0,-200.0,-260.0,-317.5,-347.5
2026-04-15 00:00:00+00:00,-367.5,-187.5,-547.5,-562.5,-712.5,-315.0,-225.0,-405.0,-227.5,-317.5,-400.0,-250.0,-550.0,-50.0,-200.0,47.5,137.5,-42.5,285.0,195.0,-47.5,12.5,-107.5,140.0,80.0,-47.5,12.5,-107.5,140.0,80.0,77.5,137.5,17.5,227.5,167.5,165.0,225.0,105.0,240.0,180.0,165.0,225.0,105.0,240.0,180.0,0.0,0.0,0.0,0.0,0.0,-105.0,-75.0,-135.0,132.5,102.5
2026-04-16 00:00:00+00:00,-320.0,-200.0,-440.0,-370.0,-490.0,-290.0,-200.0,-380.0,-315.0,-405.0,-340.0,-250.0,-430.0,-415.0,-505.0,35.0,125.0,-55.0,-97.5,-157.5,160.0,250.0,70.0,77.5,17.5,90.0,150.0,30.0,115.0,55.0,102.5,162.5,42.5,215.0,155.0,202.5,262.5,142.5,190.0,130.0,202.5,262.5,142.5,190.0,130.0,0.0,0.0,0.0,0.0,0.0,-17.5,12.5,-47.5,-67.5,-97.5
2026-04-17 00:00:00+00:00,267.5,387.5,147.5,342.5,222.5,280.0,400.0,160.0,192.5,72.5,140.0,200.0,80.0,215.0,155.0,-10.0,50.0,-70.0,-35.0,-95.0,2.5,62.5,-57.5,2.5,-57.5,82.5,112.5,52.5,32.5,2.5,57.5,87.5,27.5,32.5,2.5,45.0,75.0,15.0,45.0,15.0,0.0,0.0,0.0,0.0,0.0,0.0,0.0,0.0,0.0,0.0,432.5,462.5,402.5,495.0,465.0
2026-04-20 00:00:00+00:00,-412.5,-262.5,-562.5,-412.5,-562.5,-402.5,-312.5,-492.5,-490.0,-580.0,-522.5,-462.5,-582.5,-260.0,-320.0,67.5,187.5,-52.5,-90.0,-180.0,-110.0,-50.0,-170.0,-230.0,-260.0,95.0,125.0,65.0,-80.0,-110.0,-22.5,37.5,-82.5,65.0,5.0,-155.0,-125.0,-185.0,-92.5,-122.5,82.5,112.5,52.5,57.5,27.5,0.0,0.0,0.0,0.0,0.0,-142.5,-112.5,-172.5,-180.0,-210.0
2026-04-21 00:00:00+00:00,722.5,812.5,632.5,515.0,455.0,352.5,412.5,292.5,502.5,442.5,447.5,537.5,357.5,510.0,420.0,15.0,75.0,-45.0,315.0,255.0,115.0,175.0,55.0,252.5,192.5,115.0,175.0,55.0,252.5,192.5,57.5,87.5,27.5,132.5,102.5,0.0,0.0,0.0,0.0,0.0,0.0,0.0,0.0,0.0,0.0,0.0,0.0,0.0,0.0,0.0,832.5,862.5,802.5,870.0,840.0
2026-04-22 00:00:00+00:00,-137.5,12.5,-287.5,-112.5,-262.5,-452.5,-362.5,-542.5,-365.0,-455.0,-260.0,-200.0,-320.0,-472.5,-532.5,-252.5,-162.5,-342.5,-222.5,-282.5,160.0,250.0,70.0,-147.5,-207.5,127.5,187.5,67.5,-97.5,-157.5,372.5,462.5,282.5,2.5,-57.5,472.5,562.5,382.5,-135.0,-195.0,332.5,362.5,302.5,20.0,-10.0,0.0,0.0,0.0,0.0,0.0,95.0,125.0,65.0,57.5,27.5
2026-04-23 00:00:00+00:00,110.0,200.0,20.0,-2.5,-92.5,-215.0,-125.0,-305.0,85.0,-5.0,-527.5,-437.5,-617.5,-402.5,-492.5,10.0,100.0,-80.0,472.5,382.5,365.0,425.0,305.0,365.0,305.0,515.0,575.0,455.0,552.5,492.5,327.5,387.5,267.5,565.0,505.0,327.5,387.5,267.5,565.0,505.0,602.5,662.5,542.5,527.5,467.5,0.0,0.0,0.0,0.0,0.0,957.5,987.5,927.5,1545.0,1515.0
2026-04-24 00:00:00+00:00,1162.5,1312.5,1012.5,1125.0,975.0,707.5,887.5,527.5,932.5,752.5,997.5,1087.5,907.5,985.0,895.0,92.5,212.5,-27.5,217.5,97.5,127.5,187.5,67.5,102.5,42.5,0.0,0.0,0.0,0.0,0.0,35.0,125.0,-55.0,122.5,32.5,127.5,187.5,67.5,102.5,42.5,0.0,0.0,0.0,0.0,0.0,0.0,0.0,0.0,0.0,0.0,1320.0,1350.0,1290.0,1407.5,1377.5
2026-04-27 00:00:00+00:00,-92.5,87.5,-272.5,195.0,15.0,75.0,225.0,-75.0,-225.0,-375.0,277.5,337.5,217.5,227.5,167.5,47.5,137.5,-42.5,-40.0,-130.0,47.5,137.5,-42.5,-27.5,-117.5,0.0,0.0,0.0,0.0,0.0,20.0,50.0,-10.0,70.0,40.0,20.0,50.0,-10.0,70.0,40.0,0.0,0.0,0.0,0.0,0.0,0.0,0.0,0.0,0.0,0.0,357.5,387.5,327.5,345.0,315.0
2026-04-28 00:00:00+00:00,-697.5,-487.5,-907.5,-597.5,-807.5,-552.5,-462.5,-642.5,-340.0,-430.0,-267.5,-237.5,-297.5,-292.5,-322.5,-1150.0,-1000.0,-1300.0,-1275.0,-1425.0,-1150.0,-1000.0,-1300.0,-1275.0,-1425.0,-1102.5,-1012.5,-1192.5,-1115.0,-1205.0,-1522.5,-1462.5,-1582.5,-1535.0,-1595.0,-1522.5,-1462.5,-1582.5,-1535.0,-1595.0,-1522.5,-1462.5,-1582.5,-1535.0,-1595.0,0.0,0.0,0.0,0.0,0.0,-2130.0,-2100.0,-2160.0,-2017.5,-2047.5
2026-04-29 00:00:00+00:00,37.5,187.5,-112.5,-120.0,-240.0,115.0,175.0,55.0,-210.0,-270.0,-550.0,-400.0,-700.0,-450.0,-600.0,-245.0,-125.0,-365.0,-102.5,-192.5,-77.5,12.5,-167.5,-140.0,-230.0,-77.5,12.5,-167.5,-140.0,-230.0,-35.0,25.0,-95.0,90.0,30.0,-35.0,25.0,-95.0,90.0,30.0,320.0,350.0,290.0,320.0,290.0,0.0,0.0,0.0,0.0,0.0,32.5,62.5,2.5,70.0,40.0
2026-04-30 00:00:00+00:00,430.0,550.0,310.0,330.0,210.0,-107.5,12.5,-227.5,355.0,235.0,567.5,687.5,447.5,655.0,535.0,780.0,900.0,660.0,1105.0,985.0,635.0,725.0,545.0,572.5,482.5,452.5,512.5,392.5,465.0,405.0,602.5,662.5,542.5,665.0,605.0,607.5,637.5,577.5,657.5,627.5,920.0,950.0,890.0,707.5,677.5,0.0,0.0,0.0,0.0,0.0,1307.5,1337.5,1277.5,1345.0,1315.0
2026-05-01 00:00:00+00:00,-467.5,-287.5,-647.5,-200.0,-350.0,-270.0,-150.0,-390.0,-132.5,-252.5,-575.0,-425.0,-725.0,-295.0,-415.0,217.5,337.5,97.5,230.0,110.0,247.5,337.5,157.5,210.0,120.0,202.5,262.5,142.5,190.0,130.0,535.0,625.0,445.0,335.0,245.0,390.0,450.0,330.0,215.0,155.0,390.0,450.0,330.0,215.0,155.0,0.0,0.0,0.0,0.0,0.0,220.0,250.0,190.0,332.5,302.5
2026-05-04 00:00:00+00:00,812.5,962.5,662.5,287.5,137.5,-232.5,-112.5,-352.5,-1040.0,-1130.0,-1835.0,-1775.0,-1895.0,-2497.5,-2557.5,-1490.0,-1400.0,-1580.0,297.5,207.5,-1460.0,-1400.0,-1520.0,177.5,117.5,-1592.5,-1562.5,-1622.5,232.5,202.5,-905.0,-875.0,-935.0,195.0,165.0,-905.0,-875.0,-935.0,195.0,165.0,-905.0,-875.0,-935.0,195.0,165.0,0.0,0.0,0.0,0.0,0.0,-867.5,-837.5,-897.5,-930.0,-960.0
2026-05-05 00:00:00+00:00,-145.0,-25.0,-265.0,-102.5,-192.5,-345.0,-225.0,-465.0,-120.0,-240.0,-417.5,-237.5,-597.5,-42.5,-222.5,235.0,325.0,145.0,-27.5,-117.5,235.0,325.0,145.0,-27.5,-117.5,397.5,487.5,307.5,122.5,32.5,185.0,275.0,95.0,-52.5,-142.5,185.0,275.0,95.0,-52.5,-142.5,315.0,375.0,255.0,202.5,142.5,0.0,0.0,0.0,0.0,0.0,182.5,212.5,152.5,257.5,227.5
2026-05-06 00:00:00+00:00,522.5,612.5,432.5,1397.5,1307.5,690.0,750.0,630.0,1102.5,1042.5,707.5,737.5,677.5,1207.5,1177.5,-30.0,0.0,-60.0,0.0,0.0,-30.0,0.0,-60.0,0.0,0.0,0.0,0.0,0.0,0.0,0.0,0.0,0.0,0.0,0.0,0.0,0.0,0.0,0.0,0.0,0.0,0.0,0.0,0.0,0.0,0.0,0.0,0.0,0.0,0.0,0.0,582.5,612.5,552.5,1207.5,1177.5
2026-05-07 00:00:00+00:00,-632.5,-512.5,-752.5,-207.5,-327.5,-457.5,-337.5,-577.5,-507.5,-627.5,-420.0,-300.0,-540.0,-257.5,-377.5,425.0,575.0,275.0,-62.5,-212.5,425.0,575.0,275.0,-225.0,-375.0,215.0,275.0,155.0,77.5,17.5,485.0,575.0,395.0,110.0,20.0,485.0,575.0,395.0,110.0,20.0,302.5,362.5,242.5,27.5,-32.5,0.0,0.0,0.0,0.0,0.0,-80.0,-50.0,-110.0,95.0,65.0
2026-05-08 00:00:00+00:00,-245.0,-125.0,-365.0,-70.0,-190.0,10.0,100.0,-80.0,-15.0,-105.0,-65.0,25.0,-155.0,-2.5,-92.5,190.0,250.0,130.0,2.5,-57.5,-47.5,12.5,-107.5,-72.5,-132.5,-55.0,-25.0,-85.0,-55.0,-85.0,195.0,225.0,165.0,157.5,127.5,195.0,225.0,165.0,157.5,127.5,257.5,287.5,227.5,45.0,15.0,0.0,0.0,0.0,0.0,0.0,320.0,350.0,290.0,207.5,177.5
2026-05-11 00:00:00+00:00,-330.0,-150.0,-510.0,-192.5,-372.5,-177.5,-87.5,-267.5,-277.5,-367.5,-557.5,-437.5,-677.5,-257.5,-377.5,-72.5,-12.5,-132.5,27.5,-32.5,-130.0,-100.0,-160.0,-30.0,-60.0,-130.0,-100.0,-160.0,-30.0,-60.0,-130.0,-100.0,-160.0,-92.5,-122.5,-130.0,-100.0,-160.0,-92.5,-122.5,57.5,87.5,27.5,-30.0,-60.0,0.0,0.0,0.0,0.0,0.0,-180.0,-150.0,-210.0,-192.5,-222.5
2026-05-12 00:00:00+00:00,-470.0,-350.0,-590.0,-195.0,-315.0,92.5,212.5,-27.5,-57.5,-177.5,-370.0,-250.0,-490.0,142.5,22.5,267.5,387.5,147.5,-407.5,-527.5,197.5,287.5,107.5,-365.0,-455.0,0.0,0.0,0.0,0.0,0.0,410.0,500.0,320.0,-152.5,-242.5,410.0,500.0,320.0,-152.5,-242.5,472.5,562.5,382.5,-77.5,-167.5,0.0,0.0,0.0,0.0,0.0,32.5,62.5,2.5,-80.0,-110.0
2026-05-13 00:00:00+00:00,-60.0,0.0,-120.0,-247.5,-307.5,-147.5,-87.5,-207.5,-135.0,-195.0,-610.0,-550.0,-670.0,-622.5,-682.5,-202.5,-112.5,-292.5,-27.5,-117.5,22.5,112.5,-67.5,185.0,95.0,15.0,75.0,-45.0,90.0,30.0,-185.0,-125.0,-245.0,-122.5,-182.5,-35.0,25.0,-95.0,77.5,17.5,202.5,262.5,142.5,165.0,105.0,0.0,0.0,0.0,0.0,0.0,-330.0,-300.0,-360.0,-280.0,-310.0
2026-05-14 00:00:00+00:00,-215.0,-125.0,-305.0,-127.5,-217.5,-357.5,-237.5,-477.5,-370.0,-490.0,17.5,137.5,-102.5,-290.0,-380.0,297.5,387.5,207.5,77.5,17.5,285.0,375.0,195.0,115.0,55.0,270.0,300.0,240.0,207.5,177.5,215.0,275.0,155.0,52.5,-7.5,290.0,350.0,230.0,140.0,80.0,270.0,300.0,240.0,207.5,177.5,0.0,0.0,0.0,0.0,0.0,257.5,287.5,227.5,270.0,240.0
2026-05-15 00:00:00+00:00,-780.0,-600.0,-960.0,320.0,140.0,127.5,187.5,67.5,-122.5,-182.5,-122.5,-62.5,-182.5,-47.5,-107.5,225.0,375.0,75.0,-212.5,-362.5,730.0,850.0,610.0,285.0,195.0,45.0,75.0,15.0,195.0,165.0,215.0,275.0,155.0,302.5,242.5,357.5,387.5,327.5,532.5,502.5,407.5,437.5,377.5,595.0,565.0,0.0,0.0,0.0,0.0,0.0,307.5,337.5,277.5,182.5,152.5
2026-05-18 00:00:00+00:00,-1200.0,-1050.0,-1350.0,-600.0,-750.0,-1280.0,-1100.0,-1460.0,-192.5,-372.5,-472.5,-412.5,-532.5,-360.0,-420.0,462.5,612.5,312.5,725.0,575.0,625.0,775.0,475.0,275.0,125.0,722.5,812.5,632.5,722.5,632.5,392.5,512.5,272.5,-32.5,-152.5,647.5,737.5,557.5,-202.5,-292.5,627.5,687.5,567.5,227.5,167.5,0.0,0.0,0.0,0.0,0.0,-42.5,-12.5,-72.5,57.5,27.5
2026-05-19 00:00:00+00:00,-95.0,25.0,-215.0,-70.0,-190.0,-682.5,-562.5,-802.5,-382.5,-502.5,-117.5,-87.5,-147.5,195.0,165.0,-220.0,-100.0,-340.0,-377.5,-467.5,-220.0,-100.0,-340.0,-377.5,-467.5,-535.0,-475.0,-595.0,-47.5,-107.5,-85.0,-25.0,-145.0,-222.5,-282.5,65.0,125.0,5.0,-222.5,-282.5,265.0,325.0,205.0,227.5,167.5,0.0,0.0,0.0,0.0,0.0,-880.0,-850.0,-910.0,-805.0,-835.0
2026-05-20 00:00:00+00:00,-45.0,75.0,-165.0,310.0,220.0,-90.0,0.0,-180.0,2.5,-57.5,-185.0,-125.0,-245.0,-85.0,-145.0,-247.5,-187.5,-307.5,2.5,-57.5,-185.0,-125.0,-245.0,40.0,-20.0,0.0,0.0,0.0,0.0,0.0,140.0,200.0,80.0,127.5,67.5,302.5,362.5,242.5,252.5,192.5,145.0,175.0,115.0,157.5,127.5,0.0,0.0,0.0,0.0,0.0,-105.0,-75.0,-135.0,45.0,15.0
2026-05-21 00:00:00+00:00,-1680.0,-1500.0,-1860.0,-1430.0,-1610.0,-727.5,-637.5,-817.5,-1065.0,-1155.0,-332.5,-212.5,-452.5,-70.0,-190.0,-777.5,-687.5,-867.5,-177.5,-267.5,40.0,100.0,-20.0,-472.5,-532.5,40.0,100.0,-20.0,-472.5,-532.5,-127.5,-37.5,-217.5,-127.5,-217.5,540.0,600.0,480.0,-210.0,-270.0,540.0,600.0,480.0,-210.0,-270.0,0.0,0.0,0.0,0.0,0.0,-1005.0,-975.0,-1035.0,-1005.0,-1035.0
2026-05-22 00:00:00+00:00,-252.5,-162.5,-342.5,-152.5,-242.5,-190.0,-100.0,-280.0,-385.0,-445.0,-585.0,-525.0,-645.0,-97.5,-157.5,-277.5,-187.5,-367.5,-102.5,-192.5,-340.0,-250.0,-430.0,-165.0,-255.0,-472.5,-412.5,-532.5,-335.0,-395.0,-160.0,-100.0,-220.0,77.5,17.5,-97.5,-37.5,-157.5,-110.0,-170.0,-97.5,-37.5,-157.5,-110.0,-170.0,0.0,0.0,0.0,0.0,0.0,-130.0,-100.0,-160.0,7.5,-22.5
2026-05-25 00:00:00+00:00,-267.5,-87.5,-447.5,-205.0,-385.0,-400.0,-250.0,-550.0,-275.0,-425.0,-102.5,-12.5,-192.5,-185.0,-245.0,145.0,325.0,-35.0,-242.5,-422.5,47.5,137.5,-42.5,-90.0,-180.0,70.0,100.0,40.0,32.5,2.5,127.5,187.5,67.5,40.0,-20.0,90.0,150.0,30.0,27.5,-32.5,70.0,100.0,40.0,32.5,2.5,0.0,0.0,0.0,0.0,0.0,145.0,175.0,115.0,132.5,102.5
2026-05-26 00:00:00+00:00,-157.5,-37.5,-277.5,97.5,7.5,117.5,237.5,-2.5,85.0,-5.0,227.5,287.5,167.5,345.0,315.0,-60.0,0.0,-120.0,-60.0,-120.0,-55.0,-25.0,-85.0,-92.5,-122.5,120.0,150.0,90.0,-30.0,-60.0,-55.0,-25.0,-85.0,-117.5,-147.5,45.0,75.0,15.0,-30.0,-60.0,0.0,0.0,0.0,0.0,0.0,0.0,0.0,0.0,0.0,0.0,407.5,437.5,377.5,345.0,315.0
2026-05-27 00:00:00+00:00,-217.5,-37.5,-397.5,37.5,-112.5,-265.0,-175.0,-355.0,-265.0,-355.0,-237.5,-87.5,-387.5,-95.0,-215.0,22.5,112.5,-67.5,-127.5,-217.5,-10.0,50.0,-70.0,15.0,-45.0,15.0,75.0,-45.0,2.5,-57.5,152.5,212.5,92.5,-22.5,-82.5,0.0,0.0,0.0,0.0,0.0,0.0,0.0,0.0,0.0,0.0,0.0,0.0,0.0,0.0,0.0,-142.5,-112.5,-172.5,-255.0,-285.0
2026-05-28 00:00:00+00:00,-800.0,-650.0,-950.0,-495.0,-615.0,-147.5,-87.5,-207.5,-310.0,-370.0,-220.0,-100.0,-340.0,-395.0,-515.0,-390.0,-300.0,-480.0,-390.0,-480.0,-347.5,-287.5,-407.5,-260.0,-320.0,190.0,250.0,130.0,127.5,67.5,-272.5,-212.5,-332.5,-197.5,-257.5,-272.5,-212.5,-332.5,-197.5,-257.5,-110.0,-50.0,-170.0,-60.0,-120.0,0.0,0.0,0.0,0.0,0.0,-580.0,-550.0,-610.0,-617.5,-647.5
2026-05-29 00:00:00+00:00,97.5,187.5,7.5,-2.5,-92.5,102.5,162.5,42.5,-47.5,-107.5,-472.5,-412.5,-532.5,-410.0,-470.0,-160.0,-100.0,-220.0,-147.5,-207.5,90.0,150.0,30.0,115.0,55.0,95.0,125.0,65.0,145.0,115.0,-130.0,-100.0,-160.0,157.5,127.5,95.0,125.0,65.0,182.5,152.5,95.0,125.0,65.0,182.5,152.5,0.0,0.0,0.0,0.0,0.0,182.5,212.5,152.5,32.5,2.5
2026-06-01 00:00:00+00:00,-127.5,-37.5,-217.5,-152.5,-242.5,-215.0,-125.0,-305.0,-240.0,-330.0,-315.0,-225.0,-405.0,-377.5,-467.5,115.0,175.0,55.0,165.0,105.0,177.5,237.5,117.5,277.5,217.5,177.5,237.5,117.5,277.5,217.5,202.5,262.5,142.5,182.5,152.5,202.5,262.5,142.5,182.5,152.5,195.0,225.0,165.0,182.5,152.5,0.0,0.0,0.0,0.0,0.0,20.0,50.0,-10.0,-67.5,-97.5
2026-06-02 00:00:00+00:00,-492.5,-312.5,-672.5,-430.0,-610.0,-482.5,-362.5,-602.5,-232.5,-352.5,-130.0,-100.0,-160.0,-130.0,-160.0,150.0,300.0,0.0,17.5,-102.5,-52.5,37.5,-142.5,-40.0,-130.0,47.5,137.5,-42.5,-165.0,-255.0,122.5,212.5,32.5,97.5,7.5,40.0,100.0,-20.0,40.0,-20.0,40.0,100.0,-20.0,27.5,-32.5,0.0,0.0,0.0,0.0,0.0,-292.5,-262.5,-322.5,-230.0,-260.0
2026-06-03 00:00:00+00:00,-450.0,-300.0,-600.0,-357.5,-477.5,-587.5,-437.5,-737.5,-312.5,-462.5,-245.0,-125.0,-365.0,-45.0,-165.0,47.5,137.5,-42.5,-152.5,-242.5,90.0,150.0,30.0,-22.5,-82.5,402.5,462.5,342.5,377.5,317.5,190.0,250.0,130.0,140.0,80.0,190.0,250.0,130.0,140.0,80.0,265.0,325.0,205.0,277.5,217.5,0.0,0.0,0.0,0.0,0.0,-67.5,-37.5,-97.5,-105.0,-135.0
2026-06-04 00:00:00+00:00,-10.0,50.0,-70.0,65.0,5.0,-435.0,-375.0,-495.0,-697.5,-757.5,-335.0,-275.0,-395.0,-522.5,-582.5,-85.0,-25.0,-145.0,-385.0,-445.0,90.0,150.0,30.0,-122.5,-182.5,165.0,225.0,105.0,-210.0,-270.0,-10.0,50.0,-70.0,252.5,192.5,115.0,175.0,55.0,227.5,167.5,165.0,225.0,105.0,427.5,367.5,0.0,0.0,0.0,0.0,0.0,120.0,150.0,90.0,257.5,227.5
2026-06-05 00:00:00+00:00,-35.0,25.0,-95.0,-60.0,-120.0,-147.5,-87.5,-207.5,-135.0,-195.0,422.5,512.5,332.5,210.0,120.0,522.5,612.5,432.5,572.5,482.5,390.0,450.0,330.0,415.0,355.0,20.0,50.0,-10.0,45.0,15.0,515.0,575.0,455.0,-272.5,-332.5,95.0,125.0,65.0,-130.0,-160.0,32.5,62.5,2.5,-80.0,-110.0,0.0,0.0,0.0,0.0,0.0,270.0,300.0,240.0,245.0,215.0
2026-06-08 00:00:00+00:00,20.0,200.0,-160.0,32.5,-147.5,-82.5,37.5,-202.5,-220.0,-340.0,1352.5,1412.5,1292.5,965.0,905.0,1305.0,1425.0,1185.0,842.5,722.5,1422.5,1512.5,1332.5,1297.5,1207.5,1422.5,1512.5,1332.5,1297.5,1207.5,402.5,462.5,342.5,427.5,367.5,20.0,50.0,-10.0,-30.0,-60.0,220.0,250.0,190.0,-17.5,-47.5,0.0,0.0,0.0,0.0,0.0,1645.0,1675.0,1615.0,1470.0,1440.0
2026-06-09 00:00:00+00:00,-622.5,-412.5,-832.5,-347.5,-557.5,-990.0,-750.0,-1230.0,247.5,7.5,-612.5,-462.5,-762.5,0.0,-150.0,795.0,975.0,615.0,-142.5,-322.5,642.5,762.5,522.5,-157.5,-277.5,560.0,650.0,470.0,-247.5,-307.5,625.0,775.0,475.0,-57.5,-177.5,252.5,312.5,192.5,-217.5,-247.5,252.5,312.5,192.5,-217.5,-247.5,0.0,0.0,0.0,0.0,0.0,195.0,225.0,165.0,-30.0,-60.0
2026-06-10 00:00:00+00:00,-882.5,-762.5,-1002.5,-695.0,-815.0,-1840.0,-1750.0,-1930.0,-765.0,-855.0,-1202.5,-1112.5,-1292.5,-1102.5,-1192.5,1537.5,1687.5,1387.5,-1062.5,-1212.5,910.0,1000.0,820.0,710.0,620.0,1660.0,1750.0,1570.0,622.5,532.5,1022.5,1112.5,932.5,147.5,57.5,1022.5,1112.5,932.5,147.5,57.5,1660.0,1750.0,1570.0,622.5,532.5,0.0,0.0,0.0,0.0,0.0,-880.0,-850.0,-910.0,-630.0,-660.0
2026-06-11 00:00:00+00:00,-77.5,162.5,-317.5,-347.5,-557.5,-562.5,-412.5,-712.5,-662.5,-812.5,-387.5,-237.5,-537.5,-437.5,-587.5,-87.5,62.5,-237.5,-250.0,-400.0,-132.5,-12.5,-252.5,-282.5,-402.5,-22.5,37.5,-82.5,-22.5,-82.5,-12.5,137.5,-162.5,-112.5,-262.5,10.0,100.0,-80.0,110.0,20.0,-35.0,25.0,-95.0,115.0,55.0,0.0,0.0,0.0,0.0,0.0,-455.0,-425.0,-485.0,-292.5,-322.5
2026-06-12 00:00:00+00:00,1267.5,1387.5,1147.5,1555.0,1435.0,1840.0,1900.0,1780.0,2040.0,1980.0,327.5,387.5,267.5,120.0,90.0,-472.5,-412.5,-532.5,-785.0,-845.0,-472.5,-412.5,-532.5,-785.0,-845.0,-455.0,-425.0,-485.0,-455.0,-485.0,-467.5,-437.5,-497.5,-467.5,-497.5,-192.5,-162.5,-222.5,-342.5,-372.5,70.0,100.0,40.0,132.5,102.5,0.0,0.0,0.0,0.0,0.0,1245.0,1275.0,1215.0,1307.5,1277.5
2026-06-15 00:00:00+00:00,55.0,175.0,-65.0,-82.5,-202.5,22.5,112.5,-67.5,310.0,220.0,52.5,112.5,-7.5,-97.5,-157.5,-260.0,-200.0,-320.0,-60.0,-120.0,-160.0,-100.0,-220.0,-197.5,-257.5,0.0,0.0,0.0,0.0,0.0,20.0,50.0,-10.0,57.5,27.5,20.0,50.0,-10.0,57.5,27.5,20.0,50.0,-10.0,57.5,27.5,0.0,0.0,0.0,0.0,0.0,207.5,237.5,177.5,195.0,165.0
2026-06-16 00:00:00+00:00,-207.5,-87.5,-327.5,-170.0,-290.0,140.0,200.0,80.0,-10.0,-70.0,285.0,375.0,195.0,-2.5,-92.5,20.0,50.0,-10.0,-5.0,-35.0,20.0,50.0,-10.0,-5.0,-35.0,20.0,50.0,-10.0,-5.0,-35.0,32.5,62.5,2.5,45.0,15.0,32.5,62.5,2.5,45.0,15.0,95.0,125.0,65.0,145.0,115.0,0.0,0.0,0.0,0.0,0.0,332.5,362.5,302.5,120.0,90.0
2026-06-17 00:00:00+00:00,-775.0,-625.0,-925.0,-550.0,-700.0,-182.5,-62.5,-302.5,-457.5,-577.5,-1045.0,-925.0,-1165.0,-770.0,-890.0,72.5,162.5,-17.5,-115.0,-205.0,27.5,87.5,-32.5,-147.5,-207.5,120.0,150.0,90.0,-42.5,-72.5,-180.0,-150.0,-210.0,-180.0,-210.0,-30.0,0.0,-60.0,-42.5,-72.5,-30.0,0.0,-60.0,-42.5,-72.5,0.0,0.0,0.0,0.0,0.0,-630.0,-600.0,-660.0,-680.0,-710.0
2026-06-19 00:00:00+00:00,-565.0,-475.0,-655.0,-352.5,-442.5,-720.0,-600.0,-840.0,-245.0,-365.0,-397.5,-337.5,-457.5,-372.5,-432.5,-390.0,-300.0,-480.0,-240.0,-330.0,-390.0,-300.0,-480.0,-240.0,-330.0,-392.5,-362.5,-422.5,-492.5,-522.5,-585.0,-525.0,-645.0,-635.0,-695.0,-185.0,-125.0,-245.0,-347.5,-407.5,-467.5,-437.5,-497.5,-505.0,-535.0,0.0,0.0,0.0,0.0,0.0,-892.5,-862.5,-922.5,-855.0,-885.0
2026-06-22 00:00:00+00:00,-945.0,-825.0,-1065.0,-345.0,-465.0,-465.0,-375.0,-555.0,-815.0,-905.0,-370.0,-250.0,-490.0,-620.0,-740.0,760.0,850.0,670.0,235.0,145.0,27.5,87.5,-32.5,165.0,105.0,140.0,200.0,80.0,365.0,305.0,1010.0,1100.0,920.0,360.0,270.0,865.0,925.0,805.0,377.5,317.5,132.5,162.5,102.5,307.5,277.5,0.0,0.0,0.0,0.0,0.0,295.0,325.0,265.0,-105.0,-135.0
2026-06-23 00:00:00+00:00,180.0,300.0,60.0,367.5,247.5,860.0,950.0,770.0,772.5,682.5,185.0,275.0,95.0,22.5,-67.5,22.5,112.5,-67.5,-15.0,-105.0,-97.5,-37.5,-157.5,-35.0,-95.0,-192.5,-162.5,-222.5,120.0,90.0,32.5,62.5,2.5,345.0,315.0,32.5,62.5,2.5,345.0,315.0,320.0,350.0,290.0,395.0,365.0,0.0,0.0,0.0,0.0,0.0,707.5,737.5,677.5,907.5,877.5
2026-06-24 00:00:00+00:00,-625.0,-475.0,-775.0,-262.5,-412.5,-175.0,-25.0,-325.0,-37.5,-187.5,-367.5,-187.5,-547.5,-37.5,-187.5,430.0,550.0,310.0,842.5,722.5,592.5,712.5,472.5,930.0,810.0,207.5,237.5,177.5,145.0,115.0,417.5,537.5,297.5,505.0,385.0,547.5,637.5,457.5,597.5,507.5,465.0,525.0,405.0,365.0,305.0,0.0,0.0,0.0,0.0,0.0,695.0,725.0,665.0,895.0,865.0
2026-06-25 00:00:00+00:00,-600.0,-450.0,-750.0,-337.5,-487.5,-10.0,50.0,-70.0,77.5,17.5,20.0,50.0,-10.0,-117.5,-147.5,-37.5,112.5,-187.5,-87.5,-237.5,67.5,187.5,-52.5,-45.0,-165.0,-10.0,50.0,-70.0,-110.0,-170.0,-182.5,-62.5,-302.5,-445.0,-565.0,-235.0,-175.0,-295.0,-222.5,-282.5,-235.0,-175.0,-295.0,-222.5,-282.5,0.0,0.0,0.0,0.0,0.0,-155.0,-125.0,-185.0,-292.5,-322.5
2026-06-26 00:00:00+00:00,-962.5,-812.5,-1112.5,-450.0,-600.0,-340.0,-250.0,-430.0,-315.0,-405.0,-307.5,-187.5,-427.5,-857.5,-977.5,625.0,775.0,475.0,0.0,-150.0,535.0,625.0,445.0,122.5,32.5,282.5,312.5,252.5,-67.5,-97.5,885.0,975.0,795.0,160.0,70.0,885.0,975.0,795.0,160.0,70.0,640.0,700.0,580.0,290.0,230.0,0.0,0.0,0.0,0.0,0.0,45.0,75.0,15.0,-317.5,-347.5
2026-06-29 00:00:00+00:00,-307.5,-187.5,-427.5,-607.5,-727.5,65.0,125.0,5.0,-335.0,-395.0,-50.0,100.0,-200.0,-337.5,-487.5,405.0,525.0,285.0,542.5,422.5,360.0,450.0,270.0,697.5,607.5,207.5,237.5,177.5,257.5,227.5,597.5,687.5,507.5,547.5,457.5,377.5,437.5,317.5,402.5,342.5,377.5,437.5,317.5,402.5,342.5,0.0,0.0,0.0,0.0,0.0,807.5,837.5,777.5,595.0,565.0
2026-06-30 00:00:00+00:00,-137.5,12.5,-287.5,-300.0,-450.0,130.0,250.0,10.0,280.0,160.0,427.5,487.5,367.5,290.0,230.0,485.0,575.0,395.0,402.5,342.5,422.5,512.5,332.5,102.5,42.5,415.0,475.0,355.0,-5.0,-35.0,165.0,225.0,105.0,102.5,42.5,0.0,0.0,0.0,0.0,0.0,0.0,0.0,0.0,0.0,0.0,0.0,0.0,0.0,0.0,0.0,570.0,600.0,540.0,457.5,427.5
2026-07-01 00:00:00+00:00,-207.5,-87.5,-327.5,-20.0,-140.0,185.0,275.0,95.0,310.0,220.0,340.0,400.0,280.0,402.5,342.5,-152.5,-62.5,-242.5,165.0,105.0,152.5,212.5,92.5,165.0,105.0,0.0,0.0,0.0,0.0,0.0,70.0,100.0,40.0,107.5,77.5,0.0,0.0,0.0,0.0,0.0,0.0,0.0,0.0,0.0,0.0,0.0,0.0,0.0,0.0,0.0,220.0,250.0,190.0,270.0,240.0
2026-07-02 00:00:00+00:00,162.5,312.5,12.5,162.5,12.5,-482.5,-362.5,-602.5,-695.0,-815.0,355.0,475.0,235.0,67.5,-52.5,22.5,112.5,-67.5,60.0,-30.0,-72.5,-12.5,-132.5,277.5,217.5,40.0,100.0,-20.0,177.5,117.5,202.5,262.5,142.5,602.5,542.5,315.0,375.0,255.0,502.5,442.5,220.0,250.0,190.0,320.0,290.0,0.0,0.0,0.0,0.0,0.0,407.5,437.5,377.5,257.5,227.5
2026-07-03 00:00:00+00:00,-307.5,-187.5,-427.5,-20.0,-140.0,-197.5,-137.5,-257.5,-260.0,-320.0,-402.5,-312.5,-492.5,-202.5,-292.5,217.5,337.5,97.5,-57.5,-177.5,72.5,162.5,-17.5,-152.5,-242.5,-42.5,-12.5,-72.5,-92.5,-122.5,260.0,350.0,170.0,260.0,170.0,190.0,250.0,130.0,215.0,155.0,45.0,75.0,15.0,57.5,27.5,0.0,0.0,0.0,0.0,0.0,132.5,162.5,102.5,182.5,152.5
2026-07-06 00:00:00+00:00,-1047.5,-837.5,-1257.5,-222.5,-432.5,-942.5,-762.5,-1122.5,-430.0,-610.0,-427.5,-337.5,-517.5,-352.5,-442.5,542.5,662.5,422.5,405.0,285.0,517.5,637.5,397.5,55.0,-65.0,390.0,450.0,330.0,-85.0,-145.0,575.0,725.0,425.0,337.5,187.5,555.0,675.0,435.0,92.5,-27.5,327.5,387.5,267.5,-22.5,-82.5,0.0,0.0,0.0,0.0,0.0,-67.5,-37.5,-97.5,-167.5,-197.5
2026-07-07 00:00:00+00:00,-512.5,-362.5,-662.5,-550.0,-700.0,-742.5,-562.5,-922.5,-262.5,-412.5,-370.0,-250.0,-490.0,-232.5,-352.5,230.0,350.0,110.0,17.5,-102.5,267.5,387.5,147.5,-70.0,-190.0,240.0,300.0,180.0,102.5,42.5,172.5,262.5,82.5,-240.0,-330.0,172.5,262.5,82.5,-240.0,-330.0,40.0,100.0,-20.0,-247.5,-307.5,0.0,0.0,0.0,0.0,0.0,-5.0,25.0,-35.0,-242.5,-272.5
2026-07-08 00:00:00+00:00,47.5,137.5,-42.5,297.5,207.5,-160.0,-100.0,-220.0,-310.0,-370.0,720.0,750.0,690.0,1020.0,990.0,105.0,225.0,-15.0,-102.5,-192.5,105.0,225.0,-15.0,-102.5,-192.5,385.0,475.0,295.0,-85.0,-145.0,610.0,700.0,520.0,152.5,92.5,302.5,362.5,242.5,-5.0,-35.0,282.5,312.5,252.5,0.0,0.0,0.0,0.0,0.0,0.0,0.0,632.5,662.5,602.5,1007.5,977.5
2026-07-09 00:00:00+00:00,25.0,175.0,-125.0,-120.0,-240.0,52.5,112.5,-7.5,265.0,205.0,-535.0,-475.0,-595.0,-335.0,-395.0,-277.5,-187.5,-367.5,-552.5,-642.5,-210.0,-150.0,-270.0,-435.0,-495.0,-160.0,-100.0,-220.0,-347.5,-407.5,-347.5,-287.5,-407.5,-210.0,-270.0,-22.5,37.5,-82.5,215.0,155.0,252.5,312.5,192.5,515.0,455.0,0.0,0.0,0.0,0.0,0.0,57.5,87.5,27.5,-42.5,-72.5
2026-07-10 00:00:00+00:00,25.0,175.0,-125.0,267.5,147.5,247.5,337.5,157.5,35.0,-55.0,357.5,387.5,327.5,245.0,215.0,272.5,362.5,182.5,222.5,132.5,227.5,287.5,167.5,227.5,167.5,0.0,0.0,0.0,0.0,0.0,70.0,100.0,40.0,20.0,-10.0,0.0,0.0,0.0,0.0,0.0,0.0,0.0,0.0,0.0,0.0,0.0,0.0,0.0,0.0,0.0,457.5,487.5,427.5,345.0,315.0
2026-07-13 00:00:00+00:00,-500.0,-350.0,-650.0,-400.0,-550.0,-285.0,-225.0,-345.0,65.0,5.0,-10.0,50.0,-70.0,-22.5,-82.5,217.5,337.5,97.5,255.0,135.0,35.0,125.0,-55.0,47.5,-42.5,-67.5,-37.5,-97.5,-167.5,-197.5,277.5,337.5,217.5,227.5,167.5,440.0,500.0,380.0,165.0,105.0,390.0,450.0,330.0,65.0,5.0,0.0,0.0,0.0,0.0,0.0,-92.5,-62.5,-122.5,-117.5,-147.5
2026-07-14 00:00:00+00:00,-1065.0,-825.0,-1305.0,-715.0,-955.0,-1330.0,-1150.0,-1510.0,-25.0,-175.0,-607.5,-487.5,-727.5,-265.0,-355.0,412.5,562.5,262.5,0.0,-150.0,280.0,400.0,160.0,155.0,35.0,402.5,462.5,342.5,727.5,667.5,662.5,812.5,512.5,50.0,-100.0,662.5,812.5,512.5,50.0,-100.0,57.5,87.5,27.5,207.5,177.5,0.0,0.0,0.0,0.0,0.0,157.5,187.5,127.5,-142.5,-172.5
2026-07-15 00:00:00+00:00,-612.5,-462.5,-762.5,-675.0,-825.0,-97.5,-37.5,-157.5,-85.0,-145.0,-247.5,-187.5,-307.5,-192.5,-222.5,-57.5,62.5,-177.5,80.0,-40.0,-57.5,62.5,-177.5,80.0,-40.0,127.5,187.5,67.5,102.5,42.5,-230.0,-200.0,-260.0,-192.5,-222.5,-92.5,-62.5,-122.5,-167.5,-197.5,-92.5,-62.5,-122.5,-167.5,-197.5,0.0,0.0,0.0,0.0,0.0,-405.0,-375.0,-435.0,-492.5,-522.5
2026-07-16 00:00:00+00:00,-545.0,-425.0,-665.0,-327.5,-417.5,-427.5,-337.5,-517.5,-110.0,-170.0,-597.5,-537.5,-657.5,-292.5,-322.5,-282.5,-162.5,-402.5,-870.0,-990.0,-82.5,37.5,-202.5,-595.0,-715.0,135.0,225.0,45.0,-302.5,-392.5,-197.5,-137.5,-257.5,-410.0,-470.0,-197.5,-137.5,-257.5,-410.0,-470.0,65.0,125.0,5.0,-197.5,-257.5,0.0,0.0,0.0,0.0,0.0,-1142.5,-1112.5,-1172.5,-930.0,-960.0
2026-07-17 00:00:00+00:00,622.5,712.5,532.5,347.5,257.5,785.0,875.0,695.0,247.5,157.5,320.0,350.0,290.0,170.0,140.0,-147.5,-87.5,-207.5,127.5,67.5,-35.0,25.0,-95.0,265.0,205.0,45.0,75.0,15.0,82.5,52.5,45.0,75.0,15.0,82.5,52.5,45.0,75.0,15.0,82.5,52.5,107.5,137.5,77.5,145.0,115.0,0.0,0.0,0.0,0.0,0.0,770.0,800.0,740.0,920.0,890.0
2026-07-20 00:00:00+00:00,67.5,187.5,-52.5,-45.0,-165.0,165.0,225.0,105.0,77.5,17.5,465.0,525.0,405.0,740.0,680.0,885.0,975.0,795.0,227.5,167.5,-142.5,-112.5,-172.5,32.5,2.5,0.0,0.0,0.0,0.0,0.0,147.5,237.5,57.5,335.0,245.0,245.0,275.0,215.0,195.0,165.0,0.0,0.0,0.0,0.0,0.0,0.0,0.0,0.0,0.0,0.0,882.5,912.5,852.5,1195.0,1165.0
2026-07-21 00:00:00+00:00,-295.0,-175.0,-415.0,-315.0,-405.0,-350.0,-200.0,-500.0,-237.5,-387.5,-445.0,-325.0,-565.0,-495.0,-615.0,-70.0,50.0,-190.0,-395.0,-515.0,-70.0,50.0,-190.0,-395.0,-515.0,-110.0,-50.0,-170.0,-285.0,-345.0,0.0,150.0,-150.0,-537.5,-687.5,-15.0,75.0,-105.0,-215.0,-305.0,-272.5,-212.5,-332.5,-360.0,-420.0,0.0,0.0,0.0,0.0,0.0,-367.5,-337.5,-397.5,-567.5,-597.5
2026-07-22 00:00:00+00:00,-505.0,-325.0,-685.0,-617.5,-797.5,-327.5,-237.5,-417.5,-252.5,-342.5,-750.0,-600.0,-900.0,-712.5,-862.5,-215.0,-125.0,-305.0,-340.0,-430.0,-215.0,-125.0,-305.0,-340.0,-430.0,182.5,212.5,152.5,232.5,202.5,-260.0,-200.0,-320.0,-435.0,-495.0,-97.5,-37.5,-157.5,-172.5,-232.5,-110.0,-50.0,-170.0,-285.0,-345.0,0.0,0.0,0.0,0.0,0.0,-367.5,-337.5,-397.5,-542.5,-572.5
2026-07-23 00:00:00+00:00,60.0,150.0,-30.0,-102.5,-192.5,-652.5,-562.5,-742.5,-1115.0,-1205.0,-1052.5,-962.5,-1142.5,-1602.5,-1692.5,-757.5,-637.5,-877.5,-845.0,-965.0,-557.5,-437.5,-677.5,-707.5,-827.5,-652.5,-562.5,-742.5,-627.5,-717.5,-672.5,-612.5,-732.5,-835.0,-895.0,-622.5,-562.5,-682.5,-697.5,-757.5,-410.0,-350.0,-470.0,70.0,40.0,0.0,0.0,0.0,0.0,0.0,-1105.0,-1075.0,-1135.0,-1292.5,-1322.5
2026-07-24 00:00:00+00:00,-75.0,75.0,-225.0,-82.5,-202.5,-285.0,-225.0,-345.0,-160.0,-220.0,40.0,100.0,-20.0,165.0,105.0,387.5,537.5,237.5,-112.5,-262.5,330.0,450.0,210.0,30.0,-90.0,110.0,200.0,20.0,-65.0,-155.0,40.0,100.0,-20.0,-85.0,-145.0,7.5,37.5,-22.5,-80.0,-110.0,70.0,100.0,40.0,-30.0,-60.0,0.0,0.0,0.0,0.0,0.0,-42.5,-12.5,-72.5,-67.5,-97.5
2026-07-27 00:00:00+00:00,122.5,212.5,32.5,-77.5,-167.5,-127.5,-37.5,-217.5,-315.0,-405.0,257.5,287.5,227.5,232.5,202.5,-265.0,-175.0,-355.0,-327.5,-417.5,-265.0,-175.0,-355.0,-327.5,-417.5,-342.5,-312.5,-372.5,-380.0,-410.0,-272.5,-212.5,-332.5,-322.5,-382.5,-342.5,-312.5,-372.5,-380.0,-410.0,-342.5,-312.5,-372.5,-380.0,-410.0,0.0,0.0,0.0,0.0,0.0,-217.5,-187.5,-247.5,-330.0,-360.0
2026-07-28 00:00:00+00:00,-1192.5,-1012.5,-1372.5,-855.0,-1035.0,-505.0,-325.0,-685.0,-317.5,-497.5,-640.0,-550.0,-730.0,-315.0,-405.0,825.0,975.0,675.0,400.0,250.0,292.5,412.5,172.5,-220.0,-340.0,410.0,500.0,320.0,-102.5,-192.5,725.0,875.0,575.0,387.5,237.5,667.5,787.5,547.5,-282.5,-402.5,410.0,500.0,320.0,-102.5,-192.5,0.0,0.0,0.0,0.0,0.0,20.0,50.0,-10.0,132.5,102.5
2026-07-29 00:00:00+00:00,-282.5,-162.5,-402.5,-345.0,-465.0,-452.5,-362.5,-542.5,-527.5,-617.5,-217.5,-187.5,-247.5,-67.5,-97.5,10.0,100.0,-80.0,310.0,220.0,-2.5,87.5,-92.5,310.0,220.0,-210.0,-150.0,-270.0,27.5,-32.5,340.0,400.0,280.0,452.5,392.5,352.5,412.5,292.5,402.5,342.5,232.5,262.5,202.5,-5.0,-35.0,0.0,0.0,0.0,0.0,0.0,-92.5,-62.5,-122.5,-267.5,-297.5
2026-07-30 00:00:00+00:00,1060.0,1150.0,970.0,785.0,695.0,672.5,762.5,582.5,235.0,145.0,667.5,787.5,547.5,1092.5,972.5,-10.0,50.0,-70.0,415.0,355.0,232.5,262.5,202.5,132.5,102.5,232.5,262.5,202.5,132.5,102.5,457.5,487.5,427.5,532.5,502.5,457.5,487.5,427.5,532.5,502.5,457.5,487.5,427.5,532.5,502.5,0.0,0.0,0.0,0.0,0.0,1332.5,1362.5,1302.5,1220.0,1190.0
2026-07-31 00:00:00+00:00,-532.5,-412.5,-652.5,-482.5,-602.5,-640.0,-550.0,-730.0,-777.5,-867.5,-615.0,-525.0,-705.0,-690.0,-780.0,-365.0,-275.0,-455.0,-177.5,-267.5,-427.5,-337.5,-517.5,-227.5,-317.5,-385.0,-325.0,-445.0,-147.5,-207.5,-115.0,-25.0,-205.0,-152.5,-242.5,-35.0,25.0,-95.0,-72.5,-132.5,40.0,100.0,-20.0,-110.0,-170.0,0.0,0.0,0.0,0.0,0.0,-767.5,-737.5,-797.5,-717.5,-747.5
2026-08-03 00:00:00+00:00,-430.0,-250.0,-610.0,-30.0,-210.0,-350.0,-200.0,-500.0,-62.5,-212.5,27.5,87.5,-32.5,252.5,192.5,160.0,250.0,70.0,72.5,-17.5,115.0,175.0,55.0,77.5,17.5,115.0,175.0,55.0,77.5,17.5,152.5,212.5,92.5,27.5,-32.5,157.5,187.5,127.5,32.5,2.5,0.0,0.0,0.0,0.0,0.0,0.0,0.0,0.0,0.0,0.0,120.0,150.0,90.0,20.0,-10.0
2026-08-04 00:00:00+00:00,505.0,625.0,385.0,692.5,572.5,617.5,737.5,497.5,397.5,307.5,690.0,750.0,630.0,1040.0,980.0,67.5,187.5,-52.5,-45.0,-165.0,47.5,137.5,-42.5,10.0,-80.0,20.0,50.0,-10.0,70.0,40.0,-97.5,-37.5,-157.5,-35.0,-95.0,-42.5,-12.5,-72.5,70.0,40.0,107.5,137.5,77.5,132.5,102.5,0.0,0.0,0.0,0.0,0.0,820.0,850.0,790.0,995.0,965.0
2026-08-05 00:00:00+00:00,380.0,500.0,260.0,142.5,22.5,302.5,362.5,242.5,352.5,292.5,457.5,487.5,427.5,345.0,315.0,-55.0,-25.0,-85.0,-55.0,-85.0,-55.0,-25.0,-85.0,-55.0,-85.0,0.0,0.0,0.0,0.0,0.0,0.0,0.0,0.0,0.0,0.0,0.0,0.0,0.0,0.0,0.0,0.0,0.0,0.0,0.0,0.0,0.0,0.0,0.0,0.0,0.0,545.0,575.0,515.0,557.5,527.5
2026-08-06 00:00:00+00:00,-430.0,-250.0,-610.0,-480.0,-660.0,65.0,125.0,5.0,52.5,-7.5,-410.0,-350.0,-470.0,-222.5,-282.5,5.0,125.0,-115.0,-70.0,-190.0,5.0,125.0,-115.0,-70.0,-190.0,40.0,100.0,-20.0,-110.0,-170.0,215.0,275.0,155.0,465.0,405.0,115.0,175.0,55.0,302.5,242.5,-55.0,-25.0,-85.0,95.0,65.0,0.0,0.0,0.0,0.0,0.0,-317.5,-287.5,-347.5,-205.0,-235.0
2026-08-07 00:00:00+00:00,12.5,162.5,-137.5,-25.0,-175.0,312.5,462.5,162.5,-25.0,-175.0,5.0,125.0,-115.0,-57.5,-177.5,127.5,187.5,67.5,227.5,167.5,127.5,187.5,67.5,227.5,167.5,127.5,187.5,67.5,227.5,167.5,140.0,200.0,80.0,127.5,67.5,-17.5,12.5,-47.5,70.0,40.0,45.0,75.0,15.0,95.0,65.0,0.0,0.0,0.0,0.0,0.0,420.0,450.0,390.0,345.0,315.0
