market,config_id,scenario,execution_sha256,run_id,commission_per_side,slippage_ticks_per_side,fee_bps,slippage_bps,delay_minutes,mask_sha256,period,status,days,gross_pnl_usd,net_pnl_usd,commission_usd,slippage_usd,entry_trades,fills,account_return,mean_session_pnl_usd,annual_mean_return,volatility,sharpe,max_drawdown,drawdown_scope,exposure,mean_entry_notional_usd,notional_note,terminal_flat_windows,periods_per_year,maximum_window_reconciliation_error_usd,reconciliation_error_usd
NQ,mom-3,base,69f0ad5e89bf5a25df8f38dbc276ec7b232dab4b3f32e9a8e5cd11779c78c784,a8f994d0af4371fa,2.5,1,0.0,0.0,1,90761e0f3b59792feaff58da8495688f20cba575442992addb11855ad5bf9453,whole,ok,89,-1265.0,-7400.0,2045.0,4090.0,409,818,-0.074,-83.14606741573034,-0.20952808988764046,0.018332925344455894,-11.429059244546828,-0.0747,"conditional complete-window sum on stated capital, not live equity or intraday drawdown",0.33590823970037453,526610.8790128411,mean across entered windows; not equal-risk sizing or margin availability,89,252,0.0,0.0
NQ,mom-3,base,69f0ad5e89bf5a25df8f38dbc276ec7b232dab4b3f32e9a8e5cd11779c78c784,a8f994d0af4371fa,2.5,1,0.0,0.0,1,90761e0f3b59792feaff58da8495688f20cba575442992addb11855ad5bf9453,development,ok,30,-280.0,-2260.0,660.0,1320.0,132,264,-0.0226,-75.33333333333333,-0.18983999999999998,0.014152514093701296,-13.413871114566845,-0.0226,"conditional complete-window sum on stated capital, not live equity or intraday drawdown",0.34097222222222223,224966.8125,mean across entered windows; not equal-risk sizing or margin availability,30,252,0.0,0.0
NQ,mom-3,base,69f0ad5e89bf5a25df8f38dbc276ec7b232dab4b3f32e9a8e5cd11779c78c784,a8f994d0af4371fa,2.5,1,0.0,0.0,1,90761e0f3b59792feaff58da8495688f20cba575442992addb11855ad5bf9453,validation,ok,29,-685.0,-2755.0,690.0,1380.0,138,276,-0.02755,-95.0,-0.2394,0.020871032557111303,-11.470443512792576,-0.0276,"conditional complete-window sum on stated capital, not live equity or intraday drawdown",0.31896551724137934,529983.3735632184,mean across entered windows; not equal-risk sizing or margin availability,29,252,0.0,0.0
NQ,mom-3,base,69f0ad5e89bf5a25df8f38dbc276ec7b232dab4b3f32e9a8e5cd11779c78c784,a8f994d0af4371fa,2.5,1,0.0,0.0,1,90761e0f3b59792feaff58da8495688f20cba575442992addb11855ad5bf9453,historical_final,ok,30,-300.0,-2385.0,695.0,1390.0,139,278,-0.02385,-79.5,-0.20034000000000002,0.019837495844468638,-10.099056935952003,-0.02455,"conditional complete-window sum on stated capital, not live equity or intraday drawdown",0.3472222222222222,824994.8674603176,mean across entered windows; not equal-risk sizing or margin availability,30,252,0.0,0.0
NQ,mom-3,base,69f0ad5e89bf5a25df8f38dbc276ec7b232dab4b3f32e9a8e5cd11779c78c784,a8f994d0af4371fa,2.5,1,0.0,0.0,1,90761e0f3b59792feaff58da8495688f20cba575442992addb11855ad5bf9453,2020,ok,89,-1265.0,-7400.0,2045.0,4090.0,409,818,-0.074,-83.14606741573034,-0.20952808988764046,0.018332925344455894,-11.429059244546828,-0.0747,"conditional complete-window sum on stated capital, not live equity or intraday drawdown",0.33590823970037453,526610.8790128411,mean across entered windows; not equal-risk sizing or margin availability,89,252,0.0,0.0
NQ,mom-3,gross_reference,69f0ad5e89bf5a25df8f38dbc276ec7b232dab4b3f32e9a8e5cd11779c78c784,51544300a0e88134,0.0,0,0.0,0.0,1,90761e0f3b59792feaff58da8495688f20cba575442992addb11855ad5bf9453,whole,ok,89,-1265.0,-1265.0,0.0,0.0,409,818,-0.01265,-14.213483146067416,-0.035817977528089885,0.017534742326524497,-2.0426862773973395,-0.015492253873063468,"conditional complete-window sum on stated capital, not live equity or intraday drawdown",0.33590823970037453,526610.8790128411,mean across entered windows; not equal-risk sizing or margin availability,89,252,0.0,0.0
NQ,mom-3,gross_reference,69f0ad5e89bf5a25df8f38dbc276ec7b232dab4b3f32e9a8e5cd11779c78c784,51544300a0e88134,0.0,0,0.0,0.0,1,90761e0f3b59792feaff58da8495688f20cba575442992addb11855ad5bf9453,development,ok,30,-280.0,-280.0,0.0,0.0,132,264,-0.0028,-9.333333333333334,-0.023520000000000003,0.013691885339058718,-1.7178057964672486,-0.00355,"conditional complete-window sum on stated capital, not live equity or intraday drawdown",0.34097222222222223,224966.8125,mean across entered windows; not equal-risk sizing or margin availability,30,252,0.0,0.0
NQ,mom-3,gross_reference,69f0ad5e89bf5a25df8f38dbc276ec7b232dab4b3f32e9a8e5cd11779c78c784,51544300a0e88134,0.0,0,0.0,0.0,1,90761e0f3b59792feaff58da8495688f20cba575442992addb11855ad5bf9453,validation,ok,29,-685.0,-685.0,0.0,0.0,138,276,-0.00685,-23.620689655172413,-0.059524137931034476,0.019853220011564532,-2.9982107636122297,-0.01018930123370461,"conditional complete-window sum on stated capital, not live equity or intraday drawdown",0.31896551724137934,529983.3735632184,mean across entered windows; not equal-risk sizing or margin availability,29,252,0.0,0.0
NQ,mom-3,gross_reference,69f0ad5e89bf5a25df8f38dbc276ec7b232dab4b3f32e9a8e5cd11779c78c784,51544300a0e88134,0.0,0,0.0,0.0,1,90761e0f3b59792feaff58da8495688f20cba575442992addb11855ad5bf9453,historical_final,ok,30,-300.0,-300.0,0.0,0.0,139,278,-0.003,-10.0,-0.0252,0.01901745115087356,-1.3250987106567356,-0.00811995616219986,"conditional complete-window sum on stated capital, not live equity or intraday drawdown",0.3472222222222222,824994.8674603176,mean across entered windows; not equal-risk sizing or margin availability,30,252,0.0,0.0
NQ,mom-3,gross_reference,69f0ad5e89bf5a25df8f38dbc276ec7b232dab4b3f32e9a8e5cd11779c78c784,51544300a0e88134,0.0,0,0.0,0.0,1,90761e0f3b59792feaff58da8495688f20cba575442992addb11855ad5bf9453,2020,ok,89,-1265.0,-1265.0,0.0,0.0,409,818,-0.01265,-14.213483146067416,-0.035817977528089885,0.017534742326524497,-2.0426862773973395,-0.015492253873063468,"conditional complete-window sum on stated capital, not live equity or intraday drawdown",0.33590823970037453,526610.8790128411,mean across entered windows; not equal-risk sizing or margin availability,89,252,0.0,0.0
NQ,mom-3,cost_stress,69f0ad5e89bf5a25df8f38dbc276ec7b232dab4b3f32e9a8e5cd11779c78c784,fd48b6c1e14f25ce,5.0,2,0.0,0.0,1,90761e0f3b59792feaff58da8495688f20cba575442992addb11855ad5bf9453,whole,ok,89,-1265.0,-13535.0,4090.0,8180.0,409,818,-0.13535,-152.07865168539325,-0.383238202247191,0.01952299324044329,-19.630094500739027,-0.13535,"conditional complete-window sum on stated capital, not live equity or intraday drawdown",0.33590823970037453,526610.8790128411,mean across entered windows; not equal-risk sizing or margin availability,89,252,0.0,0.0
NQ,mom-3,cost_stress,69f0ad5e89bf5a25df8f38dbc276ec7b232dab4b3f32e9a8e5cd11779c78c784,fd48b6c1e14f25ce,5.0,2,0.0,0.0,1,90761e0f3b59792feaff58da8495688f20cba575442992addb11855ad5bf9453,development,ok,30,-280.0,-4240.0,1320.0,2640.0,132,264,-0.0424,-141.33333333333334,-0.35616000000000003,0.015166155605890012,-23.483868242897348,-0.0424,"conditional complete-window sum on stated capital, not live equity or intraday drawdown",0.34097222222222223,224966.8125,mean across entered windows; not equal-risk sizing or margin availability,30,252,0.0,0.0
NQ,mom-3,cost_stress,69f0ad5e89bf5a25df8f38dbc276ec7b232dab4b3f32e9a8e5cd11779c78c784,fd48b6c1e14f25ce,5.0,2,0.0,0.0,1,90761e0f3b59792feaff58da8495688f20cba575442992addb11855ad5bf9453,validation,ok,29,-685.0,-4825.0,1380.0,2760.0,138,276,-0.04825,-166.3793103448276,-0.4192758620689655,0.022202935500234795,-18.883803092817693,-0.04825,"conditional complete-window sum on stated capital, not live equity or intraday drawdown",0.31896551724137934,529983.3735632184,mean across entered windows; not equal-risk sizing or margin availability,29,252,0.0,0.0
NQ,mom-3,cost_stress,69f0ad5e89bf5a25df8f38dbc276ec7b232dab4b3f32e9a8e5cd11779c78c784,fd48b6c1e14f25ce,5.0,2,0.0,0.0,1,90761e0f3b59792feaff58da8495688f20cba575442992addb11855ad5bf9453,historical_final,ok,30,-300.0,-4470.0,1390.0,2780.0,139,278,-0.0447,-149.0,-0.37548,0.021028325724094646,-17.855915155896987,-0.0447,"conditional complete-window sum on stated capital, not live equity or intraday drawdown",0.3472222222222222,824994.8674603176,mean across entered windows; not equal-risk sizing or margin availability,30,252,0.0,0.0
NQ,mom-3,cost_stress,69f0ad5e89bf5a25df8f38dbc276ec7b232dab4b3f32e9a8e5cd11779c78c784,fd48b6c1e14f25ce,5.0,2,0.0,0.0,1,90761e0f3b59792feaff58da8495688f20cba575442992addb11855ad5bf9453,2020,ok,89,-1265.0,-13535.0,4090.0,8180.0,409,818,-0.13535,-152.07865168539325,-0.383238202247191,0.01952299324044329,-19.630094500739027,-0.13535,"conditional complete-window sum on stated capital, not live equity or intraday drawdown",0.33590823970037453,526610.8790128411,mean across entered windows; not equal-risk sizing or margin availability,89,252,0.0,0.0
NQ,mom-3,delay_stress,69f0ad5e89bf5a25df8f38dbc276ec7b232dab4b3f32e9a8e5cd11779c78c784,f0cafd6547c00b03,2.5,1,0.0,0.0,5,90761e0f3b59792feaff58da8495688f20cba575442992addb11855ad5bf9453,whole,ok,89,-840.0,-6885.0,2015.0,4030.0,403,806,-0.06885,-77.35955056179775,-0.1949460674157303,0.017111636543866788,-11.392602157951023,-0.07048590281943612,"conditional complete-window sum on stated capital, not live equity or intraday drawdown",0.3330992509363296,526611.1824505083,mean across entered windows; not equal-risk sizing or margin availability,89,252,0.0,0.0
NQ,mom-3,delay_stress,69f0ad5e89bf5a25df8f38dbc276ec7b232dab4b3f32e9a8e5cd11779c78c784,f0cafd6547c00b03,2.5,1,0.0,0.0,5,90761e0f3b59792feaff58da8495688f20cba575442992addb11855ad5bf9453,development,ok,30,-125.0,-2075.0,650.0,1300.0,130,260,-0.02075,-69.16666666666667,-0.1743,0.015937447768677088,-10.936506430004636,-0.020945810837832434,"conditional complete-window sum on stated capital, not live equity or intraday drawdown",0.33611111111111114,224965.97222222222,mean across entered windows; not equal-risk sizing or margin availability,30,252,0.0,0.0
NQ,mom-3,delay_stress,69f0ad5e89bf5a25df8f38dbc276ec7b232dab4b3f32e9a8e5cd11779c78c784,f0cafd6547c00b03,2.5,1,0.0,0.0,5,90761e0f3b59792feaff58da8495688f20cba575442992addb11855ad5bf9453,validation,ok,29,-595.0,-2620.0,675.0,1350.0,135,270,-0.0262,-90.34482758620689,-0.22766896551724136,0.01564598659566485,-14.551269370275653,-0.0262,"conditional complete-window sum on stated capital, not live equity or intraday drawdown",0.3139367816091954,529982.8255336618,mean across entered windows; not equal-risk sizing or margin availability,29,252,0.0,0.0
NQ,mom-3,delay_stress,69f0ad5e89bf5a25df8f38dbc276ec7b232dab4b3f32e9a8e5cd11779c78c784,f0cafd6547c00b03,2.5,1,0.0,0.0,5,90761e0f3b59792feaff58da8495688f20cba575442992addb11855ad5bf9453,historical_final,ok,30,-120.0,-2190.0,690.0,1380.0,138,276,-0.0219,-73.0,-0.18395999999999998,0.019790624739664156,-9.295310401763588,-0.02335,"conditional complete-window sum on stated capital, not live equity or intraday drawdown",0.3486111111111111,824997.1376984126,mean across entered windows; not equal-risk sizing or margin availability,30,252,0.0,0.0
NQ,mom-3,delay_stress,69f0ad5e89bf5a25df8f38dbc276ec7b232dab4b3f32e9a8e5cd11779c78c784,f0cafd6547c00b03,2.5,1,0.0,0.0,5,90761e0f3b59792feaff58da8495688f20cba575442992addb11855ad5bf9453,2020,ok,89,-840.0,-6885.0,2015.0,4030.0,403,806,-0.06885,-77.35955056179775,-0.1949460674157303,0.017111636543866788,-11.392602157951023,-0.07048590281943612,"conditional complete-window sum on stated capital, not live equity or intraday drawdown",0.3330992509363296,526611.1824505083,mean across entered windows; not equal-risk sizing or margin availability,89,252,0.0,0.0
NQ,mom-3,combined_stress,69f0ad5e89bf5a25df8f38dbc276ec7b232dab4b3f32e9a8e5cd11779c78c784,9d04f3264e671277,5.0,2,0.0,0.0,5,90761e0f3b59792feaff58da8495688f20cba575442992addb11855ad5bf9453,whole,ok,89,-840.0,-12930.0,4030.0,8060.0,403,806,-0.1293,-145.2808988764045,-0.3661078651685394,0.01784653424264647,-20.514227591241777,-0.13,"conditional complete-window sum on stated capital, not live equity or intraday drawdown",0.3330992509363296,526611.1824505083,mean across entered windows; not equal-risk sizing or margin availability,89,252,0.0,0.0
NQ,mom-3,combined_stress,69f0ad5e89bf5a25df8f38dbc276ec7b232dab4b3f32e9a8e5cd11779c78c784,9d04f3264e671277,5.0,2,0.0,0.0,5,90761e0f3b59792feaff58da8495688f20cba575442992addb11855ad5bf9453,development,ok,30,-125.0,-4025.0,1300.0,2600.0,130,260,-0.04025,-134.16666666666666,-0.33809999999999996,0.016741817352840225,-20.194940183279556,-0.04025,"conditional complete-window sum on stated capital, not live equity or intraday drawdown",0.33611111111111114,224965.97222222222,mean across entered windows; not equal-risk sizing or margin availability,30,252,0.0,0.0
NQ,mom-3,combined_stress,69f0ad5e89bf5a25df8f38dbc276ec7b232dab4b3f32e9a8e5cd11779c78c784,9d04f3264e671277,5.0,2,0.0,0.0,5,90761e0f3b59792feaff58da8495688f20cba575442992addb11855ad5bf9453,validation,ok,29,-595.0,-4645.0,1350.0,2700.0,135,270,-0.04645,-160.17241379310346,-0.4036344827586207,0.016319672917614835,-24.73300076516564,-0.04645,"conditional complete-window sum on stated capital, not live equity or intraday drawdown",0.3139367816091954,529982.8255336618,mean across entered windows; not equal-risk sizing or margin availability,29,252,0.0,0.0
NQ,mom-3,combined_stress,69f0ad5e89bf5a25df8f38dbc276ec7b232dab4b3f32e9a8e5cd11779c78c784,9d04f3264e671277,5.0,2,0.0,0.0,5,90761e0f3b59792feaff58da8495688f20cba575442992addb11855ad5bf9453,historical_final,ok,30,-120.0,-4260.0,1380.0,2760.0,138,276,-0.0426,-142.0,-0.35784,0.020492770802710253,-17.46176753963765,-0.0433,"conditional complete-window sum on stated capital, not live equity or intraday drawdown",0.3486111111111111,824997.1376984126,mean across entered windows; not equal-risk sizing or margin availability,30,252,0.0,0.0
NQ,mom-3,combined_stress,69f0ad5e89bf5a25df8f38dbc276ec7b232dab4b3f32e9a8e5cd11779c78c784,9d04f3264e671277,5.0,2,0.0,0.0,5,90761e0f3b59792feaff58da8495688f20cba575442992addb11855ad5bf9453,2020,ok,89,-840.0,-12930.0,4030.0,8060.0,403,806,-0.1293,-145.2808988764045,-0.3661078651685394,0.01784653424264647,-20.514227591241777,-0.13,"conditional complete-window sum on stated capital, not live equity or intraday drawdown",0.3330992509363296,526611.1824505083,mean across entered windows; not equal-risk sizing or margin availability,89,252,0.0,0.0
NQ,mom-6,base,69f0ad5e89bf5a25df8f38dbc276ec7b232dab4b3f32e9a8e5cd11779c78c784,a4a66f81af10df3d,2.5,1,0.0,0.0,1,90761e0f3b59792feaff58da8495688f20cba575442992addb11855ad5bf9453,whole,ok,89,-1215.0,-5520.0,1435.0,2870.0,287,574,-0.0552,-62.02247191011236,-0.15629662921348314,0.016999828230220358,-9.194012262761387,-0.0557,"conditional complete-window sum on stated capital, not live equity or intraday drawdown",0.33941947565543074,526614.6198501873,mean across entered windows; not equal-risk sizing or margin availability,89,252,0.0,0.0
NQ,mom-6,base,69f0ad5e89bf5a25df8f38dbc276ec7b232dab4b3f32e9a8e5cd11779c78c784,a4a66f81af10df3d,2.5,1,0.0,0.0,1,90761e0f3b59792feaff58da8495688f20cba575442992addb11855ad5bf9453,development,ok,30,-205.0,-1600.0,465.0,930.0,93,186,-0.016,-53.333333333333336,-0.13440000000000002,0.014197571429042313,-9.466407735415485,-0.016,"conditional complete-window sum on stated capital, not live equity or intraday drawdown",0.34791666666666665,224970.59166666667,mean across entered windows; not equal-risk sizing or margin availability,30,252,0.0,0.0
NQ,mom-6,base,69f0ad5e89bf5a25df8f38dbc276ec7b232dab4b3f32e9a8e5cd11779c78c784,a4a66f81af10df3d,2.5,1,0.0,0.0,1,90761e0f3b59792feaff58da8495688f20cba575442992addb11855ad5bf9453,validation,ok,29,-1050.0,-2520.0,490.0,980.0,98,196,-0.0252,-86.89655172413794,-0.2189793103448276,0.017404413827809752,-12.581826225881285,-0.0252,"conditional complete-window sum on stated capital, not live equity or intraday drawdown",0.3333333333333333,529997.433908046,mean across entered windows; not equal-risk sizing or margin availability,29,252,0.0,0.0
NQ,mom-6,base,69f0ad5e89bf5a25df8f38dbc276ec7b232dab4b3f32e9a8e5cd11779c78c784,a4a66f81af10df3d,2.5,1,0.0,0.0,1,90761e0f3b59792feaff58da8495688f20cba575442992addb11855ad5bf9453,historical_final,ok,30,40.0,-1400.0,480.0,960.0,96,192,-0.014,-46.666666666666664,-0.1176,0.018952608773209687,-6.204950537797866,-0.0145,"conditional complete-window sum on stated capital, not live equity or intraday drawdown",0.3368055555555556,824988.5944444444,mean across entered windows; not equal-risk sizing or margin availability,30,252,0.0,0.0
NQ,mom-6,base,69f0ad5e89bf5a25df8f38dbc276ec7b232dab4b3f32e9a8e5cd11779c78c784,a4a66f81af10df3d,2.5,1,0.0,0.0,1,90761e0f3b59792feaff58da8495688f20cba575442992addb11855ad5bf9453,2020,ok,89,-1215.0,-5520.0,1435.0,2870.0,287,574,-0.0552,-62.02247191011236,-0.15629662921348314,0.016999828230220358,-9.194012262761387,-0.0557,"conditional complete-window sum on stated capital, not live equity or intraday drawdown",0.33941947565543074,526614.6198501873,mean across entered windows; not equal-risk sizing or margin availability,89,252,0.0,0.0
NQ,mom-6,gross_reference,69f0ad5e89bf5a25df8f38dbc276ec7b232dab4b3f32e9a8e5cd11779c78c784,3e6b6b6500c6c52b,0.0,0,0.0,0.0,1,90761e0f3b59792feaff58da8495688f20cba575442992addb11855ad5bf9453,whole,ok,89,-1215.0,-1215.0,0.0,0.0,287,574,-0.01215,-13.651685393258427,-0.03440224719101124,0.01596030683539253,-2.155487832772931,-0.020258470136220747,"conditional complete-window sum on stated capital, not live equity or intraday drawdown",0.33941947565543074,526614.6198501873,mean across entered windows; not equal-risk sizing or margin availability,89,252,0.0,0.0
NQ,mom-6,gross_reference,69f0ad5e89bf5a25df8f38dbc276ec7b232dab4b3f32e9a8e5cd11779c78c784,3e6b6b6500c6c52b,0.0,0,0.0,0.0,1,90761e0f3b59792feaff58da8495688f20cba575442992addb11855ad5bf9453,development,ok,30,-205.0,-205.0,0.0,0.0,93,186,-0.00205,-6.833333333333333,-0.01722,0.013797387308897438,-1.248062376917943,-0.004141509904695375,"conditional complete-window sum on stated capital, not live equity or intraday drawdown",0.34791666666666665,224970.59166666667,mean across entered windows; not equal-risk sizing or margin availability,30,252,0.0,0.0
NQ,mom-6,gross_reference,69f0ad5e89bf5a25df8f38dbc276ec7b232dab4b3f32e9a8e5cd11779c78c784,3e6b6b6500c6c52b,0.0,0,0.0,0.0,1,90761e0f3b59792feaff58da8495688f20cba575442992addb11855ad5bf9453,validation,ok,29,-1050.0,-1050.0,0.0,0.0,98,196,-0.0105,-36.206896551724135,-0.09124137931034482,0.016473599568965516,-5.538642537010171,-0.011898810118988102,"conditional complete-window sum on stated capital, not live equity or intraday drawdown",0.3333333333333333,529997.433908046,mean across entered windows; not equal-risk sizing or margin availability,29,252,0.0,0.0
NQ,mom-6,gross_reference,69f0ad5e89bf5a25df8f38dbc276ec7b232dab4b3f32e9a8e5cd11779c78c784,3e6b6b6500c6c52b,0.0,0,0.0,0.0,1,90761e0f3b59792feaff58da8495688f20cba575442992addb11855ad5bf9453,historical_final,ok,30,40.0,40.0,0.0,0.0,96,192,0.0004,1.3333333333333333,0.00336,0.01734077912579637,0.19376292008711532,-0.006047883240865697,"conditional complete-window sum on stated capital, not live equity or intraday drawdown",0.3368055555555556,824988.5944444444,mean across entered windows; not equal-risk sizing or margin availability,30,252,0.0,0.0
NQ,mom-6,gross_reference,69f0ad5e89bf5a25df8f38dbc276ec7b232dab4b3f32e9a8e5cd11779c78c784,3e6b6b6500c6c52b,0.0,0,0.0,0.0,1,90761e0f3b59792feaff58da8495688f20cba575442992addb11855ad5bf9453,2020,ok,89,-1215.0,-1215.0,0.0,0.0,287,574,-0.01215,-13.651685393258427,-0.03440224719101124,0.01596030683539253,-2.155487832772931,-0.020258470136220747,"conditional complete-window sum on stated capital, not live equity or intraday drawdown",0.33941947565543074,526614.6198501873,mean across entered windows; not equal-risk sizing or margin availability,89,252,0.0,0.0
NQ,mom-6,cost_stress,69f0ad5e89bf5a25df8f38dbc276ec7b232dab4b3f32e9a8e5cd11779c78c784,7ea28972af89af23,5.0,2,0.0,0.0,1,90761e0f3b59792feaff58da8495688f20cba575442992addb11855ad5bf9453,whole,ok,89,-1215.0,-9825.0,2870.0,5740.0,287,574,-0.09825,-110.3932584269663,-0.2781910112359551,0.018402631712137917,-15.116914558066561,-0.09845,"conditional complete-window sum on stated capital, not live equity or intraday drawdown",0.33941947565543074,526614.6198501873,mean across entered windows; not equal-risk sizing or margin availability,89,252,0.0,0.0
NQ,mom-6,cost_stress,69f0ad5e89bf5a25df8f38dbc276ec7b232dab4b3f32e9a8e5cd11779c78c784,7ea28972af89af23,5.0,2,0.0,0.0,1,90761e0f3b59792feaff58da8495688f20cba575442992addb11855ad5bf9453,development,ok,30,-205.0,-2995.0,930.0,1860.0,93,186,-0.02995,-99.83333333333333,-0.25157999999999997,0.014992629223537904,-16.7802455626014,-0.02995,"conditional complete-window sum on stated capital, not live equity or intraday drawdown",0.34791666666666665,224970.59166666667,mean across entered windows; not equal-risk sizing or margin availability,30,252,0.0,0.0
NQ,mom-6,cost_stress,69f0ad5e89bf5a25df8f38dbc276ec7b232dab4b3f32e9a8e5cd11779c78c784,7ea28972af89af23,5.0,2,0.0,0.0,1,90761e0f3b59792feaff58da8495688f20cba575442992addb11855ad5bf9453,validation,ok,29,-1050.0,-3990.0,980.0,1960.0,98,196,-0.0399,-137.58620689655172,-0.3467172413793103,0.018712908139422977,-18.528239373380558,-0.0399,"conditional complete-window sum on stated capital, not live equity or intraday drawdown",0.3333333333333333,529997.433908046,mean across entered windows; not equal-risk sizing or margin availability,29,252,0.0,0.0
NQ,mom-6,cost_stress,69f0ad5e89bf5a25df8f38dbc276ec7b232dab4b3f32e9a8e5cd11779c78c784,7ea28972af89af23,5.0,2,0.0,0.0,1,90761e0f3b59792feaff58da8495688f20cba575442992addb11855ad5bf9453,historical_final,ok,30,40.0,-2840.0,960.0,1920.0,96,192,-0.0284,-94.66666666666667,-0.23856000000000002,0.02089934498231117,-11.41471181043774,-0.0286,"conditional complete-window sum on stated capital, not live equity or intraday drawdown",0.3368055555555556,824988.5944444444,mean across entered windows; not equal-risk sizing or margin availability,30,252,0.0,0.0
NQ,mom-6,cost_stress,69f0ad5e89bf5a25df8f38dbc276ec7b232dab4b3f32e9a8e5cd11779c78c784,7ea28972af89af23,5.0,2,0.0,0.0,1,90761e0f3b59792feaff58da8495688f20cba575442992addb11855ad5bf9453,2020,ok,89,-1215.0,-9825.0,2870.0,5740.0,287,574,-0.09825,-110.3932584269663,-0.2781910112359551,0.018402631712137917,-15.116914558066561,-0.09845,"conditional complete-window sum on stated capital, not live equity or intraday drawdown",0.33941947565543074,526614.6198501873,mean across entered windows; not equal-risk sizing or margin availability,89,252,0.0,0.0
NQ,mom-6,delay_stress,69f0ad5e89bf5a25df8f38dbc276ec7b232dab4b3f32e9a8e5cd11779c78c784,e53405980e032f8a,2.5,1,0.0,0.0,5,90761e0f3b59792feaff58da8495688f20cba575442992addb11855ad5bf9453,whole,ok,89,-1335.0,-5490.0,1385.0,2770.0,277,554,-0.0549,-61.68539325842696,-0.15544719101123597,0.01832220746844806,-8.48408638964084,-0.05535,"conditional complete-window sum on stated capital, not live equity or intraday drawdown",0.3330992509363296,526613.9016853933,mean across entered windows; not equal-risk sizing or margin availability,89,252,0.0,0.0
NQ,mom-6,delay_stress,69f0ad5e89bf5a25df8f38dbc276ec7b232dab4b3f32e9a8e5cd11779c78c784,e53405980e032f8a,2.5,1,0.0,0.0,5,90761e0f3b59792feaff58da8495688f20cba575442992addb11855ad5bf9453,development,ok,30,-545.0,-1895.0,450.0,900.0,90,180,-0.01895,-63.166666666666664,-0.15918,0.01572115749884366,-10.125208656659549,-0.01895,"conditional complete-window sum on stated capital, not live equity or intraday drawdown",0.34097222222222223,224968.75,mean across entered windows; not equal-risk sizing or margin availability,30,252,0.0,0.0
NQ,mom-6,delay_stress,69f0ad5e89bf5a25df8f38dbc276ec7b232dab4b3f32e9a8e5cd11779c78c784,e53405980e032f8a,2.5,1,0.0,0.0,5,90761e0f3b59792feaff58da8495688f20cba575442992addb11855ad5bf9453,validation,ok,29,-1005.0,-2415.0,470.0,940.0,94,188,-0.02415,-83.27586206896552,-0.20985517241379312,0.016434792782177188,-12.768957612983833,-0.02415,"conditional complete-window sum on stated capital, not live equity or intraday drawdown",0.3239942528735632,529994.2729885058,mean across entered windows; not equal-risk sizing or margin availability,29,252,0.0,0.0
NQ,mom-6,delay_stress,69f0ad5e89bf5a25df8f38dbc276ec7b232dab4b3f32e9a8e5cd11779c78c784,e53405980e032f8a,2.5,1,0.0,0.0,5,90761e0f3b59792feaff58da8495688f20cba575442992addb11855ad5bf9453,historical_final,ok,30,215.0,-1180.0,465.0,930.0,93,186,-0.0118,-39.333333333333336,-0.09912000000000001,0.022043455514834394,-4.4965726872221135,-0.01289162044670964,"conditional complete-window sum on stated capital, not live equity or intraday drawdown",0.33402777777777776,824991.3611111111,mean across entered windows; not equal-risk sizing or margin availability,30,252,0.0,0.0
NQ,mom-6,delay_stress,69f0ad5e89bf5a25df8f38dbc276ec7b232dab4b3f32e9a8e5cd11779c78c784,e53405980e032f8a,2.5,1,0.0,0.0,5,90761e0f3b59792feaff58da8495688f20cba575442992addb11855ad5bf9453,2020,ok,89,-1335.0,-5490.0,1385.0,2770.0,277,554,-0.0549,-61.68539325842696,-0.15544719101123597,0.01832220746844806,-8.48408638964084,-0.05535,"conditional complete-window sum on stated capital, not live equity or intraday drawdown",0.3330992509363296,526613.9016853933,mean across entered windows; not equal-risk sizing or margin availability,89,252,0.0,0.0
NQ,mom-6,combined_stress,69f0ad5e89bf5a25df8f38dbc276ec7b232dab4b3f32e9a8e5cd11779c78c784,4f92fed95ef36be0,5.0,2,0.0,0.0,5,90761e0f3b59792feaff58da8495688f20cba575442992addb11855ad5bf9453,whole,ok,89,-1335.0,-9645.0,2770.0,5540.0,277,554,-0.09645,-108.37078651685393,-0.2730943820224719,0.019202419607817357,-14.221873472200059,-0.0966,"conditional complete-window sum on stated capital, not live equity or intraday drawdown",0.3330992509363296,526613.9016853933,mean across entered windows; not equal-risk sizing or margin availability,89,252,0.0,0.0
NQ,mom-6,combined_stress,69f0ad5e89bf5a25df8f38dbc276ec7b232dab4b3f32e9a8e5cd11779c78c784,4f92fed95ef36be0,5.0,2,0.0,0.0,5,90761e0f3b59792feaff58da8495688f20cba575442992addb11855ad5bf9453,development,ok,30,-545.0,-3245.0,900.0,1800.0,90,180,-0.03245,-108.16666666666667,-0.27258000000000004,0.016263168669494076,-16.760571419965455,-0.03245,"conditional complete-window sum on stated capital, not live equity or intraday drawdown",0.34097222222222223,224968.75,mean across entered windows; not equal-risk sizing or margin availability,30,252,0.0,0.0
NQ,mom-6,combined_stress,69f0ad5e89bf5a25df8f38dbc276ec7b232dab4b3f32e9a8e5cd11779c78c784,4f92fed95ef36be0,5.0,2,0.0,0.0,5,90761e0f3b59792feaff58da8495688f20cba575442992addb11855ad5bf9453,validation,ok,29,-1005.0,-3825.0,940.0,1880.0,94,188,-0.03825,-131.89655172413794,-0.3323793103448276,0.017409584161882076,-19.091743217656244,-0.03825,"conditional complete-window sum on stated capital, not live equity or intraday drawdown",0.3239942528735632,529994.2729885058,mean across entered windows; not equal-risk sizing or margin availability,29,252,0.0,0.0
NQ,mom-6,combined_stress,69f0ad5e89bf5a25df8f38dbc276ec7b232dab4b3f32e9a8e5cd11779c78c784,4f92fed95ef36be0,5.0,2,0.0,0.0,5,90761e0f3b59792feaff58da8495688f20cba575442992addb11855ad5bf9453,historical_final,ok,30,215.0,-2575.0,930.0,1860.0,93,186,-0.02575,-85.83333333333333,-0.21629999999999996,0.02312122849021115,-9.355039248523282,-0.0259,"conditional complete-window sum on stated capital, not live equity or intraday drawdown",0.33402777777777776,824991.3611111111,mean across entered windows; not equal-risk sizing or margin availability,30,252,0.0,0.0
NQ,mom-6,combined_stress,69f0ad5e89bf5a25df8f38dbc276ec7b232dab4b3f32e9a8e5cd11779c78c784,4f92fed95ef36be0,5.0,2,0.0,0.0,5,90761e0f3b59792feaff58da8495688f20cba575442992addb11855ad5bf9453,2020,ok,89,-1335.0,-9645.0,2770.0,5540.0,277,554,-0.09645,-108.37078651685393,-0.2730943820224719,0.019202419607817357,-14.221873472200059,-0.0966,"conditional complete-window sum on stated capital, not live equity or intraday drawdown",0.3330992509363296,526613.9016853933,mean across entered windows; not equal-risk sizing or margin availability,89,252,0.0,0.0
NQ,mom-12,base,69f0ad5e89bf5a25df8f38dbc276ec7b232dab4b3f32e9a8e5cd11779c78c784,dd9b4ff764ed605b,2.5,1,0.0,0.0,1,90761e0f3b59792feaff58da8495688f20cba575442992addb11855ad5bf9453,whole,ok,89,-850.0,-4060.0,1070.0,2140.0,214,428,-0.0406,-45.61797752808989,-0.11495730337078651,0.01769443719825594,-6.496804734886812,-0.0461,"conditional complete-window sum on stated capital, not live equity or intraday drawdown",0.33590823970037453,523743.79450757575,mean across entered windows; not equal-risk sizing or margin availability,89,252,0.0,0.0
NQ,mom-12,base,69f0ad5e89bf5a25df8f38dbc276ec7b232dab4b3f32e9a8e5cd11779c78c784,dd9b4ff764ed605b,2.5,1,0.0,0.0,1,90761e0f3b59792feaff58da8495688f20cba575442992addb11855ad5bf9453,development,ok,30,-700.0,-1885.0,395.0,790.0,79,158,-0.01885,-62.833333333333336,-0.15834,0.017067716046222554,-9.277163949246978,-0.01885,"conditional complete-window sum on stated capital, not live equity or intraday drawdown",0.3388888888888889,224975.9416666667,mean across entered windows; not equal-risk sizing or margin availability,30,252,0.0,0.0
NQ,mom-12,base,69f0ad5e89bf5a25df8f38dbc276ec7b232dab4b3f32e9a8e5cd11779c78c784,dd9b4ff764ed605b,2.5,1,0.0,0.0,1,90761e0f3b59792feaff58da8495688f20cba575442992addb11855ad5bf9453,validation,ok,29,-720.0,-1710.0,330.0,660.0,66,132,-0.0171,-58.96551724137931,-0.14859310344827587,0.015853771442956948,-9.37272900539313,-0.0177,"conditional complete-window sum on stated capital, not live equity or intraday drawdown",0.3275862068965517,530001.7356321838,mean across entered windows; not equal-risk sizing or margin availability,29,252,0.0,0.0
NQ,mom-12,base,69f0ad5e89bf5a25df8f38dbc276ec7b232dab4b3f32e9a8e5cd11779c78c784,dd9b4ff764ed605b,2.5,1,0.0,0.0,1,90761e0f3b59792feaff58da8495688f20cba575442992addb11855ad5bf9453,historical_final,ok,30,570.0,-465.0,345.0,690.0,69,138,-0.00465,-15.5,-0.03906,0.019499514582817627,-2.003126787290309,-0.010990657940750362,"conditional complete-window sum on stated capital, not live equity or intraday drawdown",0.34097222222222223,826556.0459770114,mean across entered windows; not equal-risk sizing or margin availability,30,252,0.0,0.0
NQ,mom-12,base,69f0ad5e89bf5a25df8f38dbc276ec7b232dab4b3f32e9a8e5cd11779c78c784,dd9b4ff764ed605b,2.5,1,0.0,0.0,1,90761e0f3b59792feaff58da8495688f20cba575442992addb11855ad5bf9453,2020,ok,89,-850.0,-4060.0,1070.0,2140.0,214,428,-0.0406,-45.61797752808989,-0.11495730337078651,0.01769443719825594,-6.496804734886812,-0.0461,"conditional complete-window sum on stated capital, not live equity or intraday drawdown",0.33590823970037453,523743.79450757575,mean across entered windows; not equal-risk sizing or margin availability,89,252,0.0,0.0
NQ,mom-12,gross_reference,69f0ad5e89bf5a25df8f38dbc276ec7b232dab4b3f32e9a8e5cd11779c78c784,397288336e5b18de,0.0,0,0.0,0.0,1,90761e0f3b59792feaff58da8495688f20cba575442992addb11855ad5bf9453,whole,ok,89,-850.0,-850.0,0.0,0.0,214,428,-0.0085,-9.55056179775281,-0.02406741573033708,0.016794732320220683,-1.433033600741595,-0.01985,"conditional complete-window sum on stated capital, not live equity or intraday drawdown",0.33590823970037453,523743.79450757575,mean across entered windows; not equal-risk sizing or margin availability,89,252,0.0,0.0
NQ,mom-12,gross_reference,69f0ad5e89bf5a25df8f38dbc276ec7b232dab4b3f32e9a8e5cd11779c78c784,397288336e5b18de,0.0,0,0.0,0.0,1,90761e0f3b59792feaff58da8495688f20cba575442992addb11855ad5bf9453,development,ok,30,-700.0,-700.0,0.0,0.0,79,158,-0.007,-23.333333333333332,-0.0588,0.01623087734259442,-3.6227246844933116,-0.00795,"conditional complete-window sum on stated capital, not live equity or intraday drawdown",0.3388888888888889,224975.9416666667,mean across entered windows; not equal-risk sizing or margin availability,30,252,0.0,0.0
NQ,mom-12,gross_reference,69f0ad5e89bf5a25df8f38dbc276ec7b232dab4b3f32e9a8e5cd11779c78c784,397288336e5b18de,0.0,0,0.0,0.0,1,90761e0f3b59792feaff58da8495688f20cba575442992addb11855ad5bf9453,validation,ok,29,-720.0,-720.0,0.0,0.0,66,132,-0.0072,-24.82758620689655,-0.06256551724137932,0.015170752260119836,-4.124087993042284,-0.010183197723755803,"conditional complete-window sum on stated capital, not live equity or intraday drawdown",0.3275862068965517,530001.7356321838,mean across entered windows; not equal-risk sizing or margin availability,29,252,0.0,0.0
NQ,mom-12,gross_reference,69f0ad5e89bf5a25df8f38dbc276ec7b232dab4b3f32e9a8e5cd11779c78c784,397288336e5b18de,0.0,0,0.0,0.0,1,90761e0f3b59792feaff58da8495688f20cba575442992addb11855ad5bf9453,historical_final,ok,30,570.0,570.0,0.0,0.0,69,138,0.0057,19.0,0.047880000000000006,0.018389543505612845,2.6036535374239222,-0.007238418530351438,"conditional complete-window sum on stated capital, not live equity or intraday drawdown",0.34097222222222223,826556.0459770114,mean across entered windows; not equal-risk sizing or margin availability,30,252,0.0,0.0
NQ,mom-12,gross_reference,69f0ad5e89bf5a25df8f38dbc276ec7b232dab4b3f32e9a8e5cd11779c78c784,397288336e5b18de,0.0,0,0.0,0.0,1,90761e0f3b59792feaff58da8495688f20cba575442992addb11855ad5bf9453,2020,ok,89,-850.0,-850.0,0.0,0.0,214,428,-0.0085,-9.55056179775281,-0.02406741573033708,0.016794732320220683,-1.433033600741595,-0.01985,"conditional complete-window sum on stated capital, not live equity or intraday drawdown",0.33590823970037453,523743.79450757575,mean across entered windows; not equal-risk sizing or margin availability,89,252,0.0,0.0
NQ,mom-12,cost_stress,69f0ad5e89bf5a25df8f38dbc276ec7b232dab4b3f32e9a8e5cd11779c78c784,84de5df617fc0892,5.0,2,0.0,0.0,1,90761e0f3b59792feaff58da8495688f20cba575442992addb11855ad5bf9453,whole,ok,89,-850.0,-7270.0,2140.0,4280.0,214,428,-0.0727,-81.68539325842697,-0.20584719101123594,0.019008380093779198,-10.8292863461102,-0.074,"conditional complete-window sum on stated capital, not live equity or intraday drawdown",0.33590823970037453,523743.79450757575,mean across entered windows; not equal-risk sizing or margin availability,89,252,0.0,0.0
NQ,mom-12,cost_stress,69f0ad5e89bf5a25df8f38dbc276ec7b232dab4b3f32e9a8e5cd11779c78c784,84de5df617fc0892,5.0,2,0.0,0.0,1,90761e0f3b59792feaff58da8495688f20cba575442992addb11855ad5bf9453,development,ok,30,-700.0,-3070.0,790.0,1580.0,79,158,-0.0307,-102.33333333333333,-0.25788,0.018435950636245178,-13.987887312575385,-0.0307,"conditional complete-window sum on stated capital, not live equity or intraday drawdown",0.3388888888888889,224975.9416666667,mean across entered windows; not equal-risk sizing or margin availability,30,252,0.0,0.0
NQ,mom-12,cost_stress,69f0ad5e89bf5a25df8f38dbc276ec7b232dab4b3f32e9a8e5cd11779c78c784,84de5df617fc0892,5.0,2,0.0,0.0,1,90761e0f3b59792feaff58da8495688f20cba575442992addb11855ad5bf9453,validation,ok,29,-720.0,-2700.0,660.0,1320.0,66,132,-0.027,-93.10344827586206,-0.2346206896551724,0.017084748189237536,-13.732756670242921,-0.027,"conditional complete-window sum on stated capital, not live equity or intraday drawdown",0.3275862068965517,530001.7356321838,mean across entered windows; not equal-risk sizing or margin availability,29,252,0.0,0.0
NQ,mom-12,cost_stress,69f0ad5e89bf5a25df8f38dbc276ec7b232dab4b3f32e9a8e5cd11779c78c784,84de5df617fc0892,5.0,2,0.0,0.0,1,90761e0f3b59792feaff58da8495688f20cba575442992addb11855ad5bf9453,historical_final,ok,30,570.0,-1500.0,690.0,1380.0,69,138,-0.015,-50.0,-0.126,0.02083591064517683,-6.04725188861217,-0.016496700659868028,"conditional complete-window sum on stated capital, not live equity or intraday drawdown",0.34097222222222223,826556.0459770114,mean across entered windows; not equal-risk sizing or margin availability,30,252,0.0,0.0
NQ,mom-12,cost_stress,69f0ad5e89bf5a25df8f38dbc276ec7b232dab4b3f32e9a8e5cd11779c78c784,84de5df617fc0892,5.0,2,0.0,0.0,1,90761e0f3b59792feaff58da8495688f20cba575442992addb11855ad5bf9453,2020,ok,89,-850.0,-7270.0,2140.0,4280.0,214,428,-0.0727,-81.68539325842697,-0.20584719101123594,0.019008380093779198,-10.8292863461102,-0.074,"conditional complete-window sum on stated capital, not live equity or intraday drawdown",0.33590823970037453,523743.79450757575,mean across entered windows; not equal-risk sizing or margin availability,89,252,0.0,0.0
NQ,mom-12,delay_stress,69f0ad5e89bf5a25df8f38dbc276ec7b232dab4b3f32e9a8e5cd11779c78c784,9bbd70745f23acc8,2.5,1,0.0,0.0,5,90761e0f3b59792feaff58da8495688f20cba575442992addb11855ad5bf9453,whole,ok,89,-740.0,-3875.0,1045.0,2090.0,209,418,-0.03875,-43.53932584269663,-0.1097191011235955,0.017751547573848274,-6.180818921119564,-0.0428,"conditional complete-window sum on stated capital, not live equity or intraday drawdown",0.33169475655430714,523743.8428030303,mean across entered windows; not equal-risk sizing or margin availability,89,252,0.0,0.0
NQ,mom-12,delay_stress,69f0ad5e89bf5a25df8f38dbc276ec7b232dab4b3f32e9a8e5cd11779c78c784,9bbd70745f23acc8,2.5,1,0.0,0.0,5,90761e0f3b59792feaff58da8495688f20cba575442992addb11855ad5bf9453,development,ok,30,-395.0,-1565.0,390.0,780.0,78,156,-0.01565,-52.166666666666664,-0.13146,0.01673870282948452,-7.853655169051615,-0.01565,"conditional complete-window sum on stated capital, not live equity or intraday drawdown",0.33541666666666664,224972.57222222222,mean across entered windows; not equal-risk sizing or margin availability,30,252,0.0,0.0
NQ,mom-12,delay_stress,69f0ad5e89bf5a25df8f38dbc276ec7b232dab4b3f32e9a8e5cd11779c78c784,9bbd70745f23acc8,2.5,1,0.0,0.0,5,90761e0f3b59792feaff58da8495688f20cba575442992addb11855ad5bf9453,validation,ok,29,-790.0,-1735.0,315.0,630.0,63,126,-0.01735,-59.827586206896555,-0.15076551724137932,0.016329320994393215,-9.232809943116784,-0.0189,"conditional complete-window sum on stated capital, not live equity or intraday drawdown",0.3218390804597701,530005.9540229884,mean across entered windows; not equal-risk sizing or margin availability,29,252,0.0,0.0
NQ,mom-12,delay_stress,69f0ad5e89bf5a25df8f38dbc276ec7b232dab4b3f32e9a8e5cd11779c78c784,9bbd70745f23acc8,2.5,1,0.0,0.0,5,90761e0f3b59792feaff58da8495688f20cba575442992addb11855ad5bf9453,historical_final,ok,30,445.0,-575.0,340.0,680.0,68,136,-0.00575,-19.166666666666668,-0.0483,0.019861281862996138,-2.4318672044017706,-0.010344310629153966,"conditional complete-window sum on stated capital, not live equity or intraday drawdown",0.3375,826555.4597701149,mean across entered windows; not equal-risk sizing or margin availability,30,252,0.0,0.0
NQ,mom-12,delay_stress,69f0ad5e89bf5a25df8f38dbc276ec7b232dab4b3f32e9a8e5cd11779c78c784,9bbd70745f23acc8,2.5,1,0.0,0.0,5,90761e0f3b59792feaff58da8495688f20cba575442992addb11855ad5bf9453,2020,ok,89,-740.0,-3875.0,1045.0,2090.0,209,418,-0.03875,-43.53932584269663,-0.1097191011235955,0.017751547573848274,-6.180818921119564,-0.0428,"conditional complete-window sum on stated capital, not live equity or intraday drawdown",0.33169475655430714,523743.8428030303,mean across entered windows; not equal-risk sizing or margin availability,89,252,0.0,0.0
NQ,mom-12,combined_stress,69f0ad5e89bf5a25df8f38dbc276ec7b232dab4b3f32e9a8e5cd11779c78c784,887725bce704939c,5.0,2,0.0,0.0,5,90761e0f3b59792feaff58da8495688f20cba575442992addb11855ad5bf9453,whole,ok,89,-740.0,-7010.0,2090.0,4180.0,209,418,-0.0701,-78.76404494382022,-0.19848539325842696,0.018788794391563758,-10.564030300291524,-0.07055,"conditional complete-window sum on stated capital, not live equity or intraday drawdown",0.33169475655430714,523743.8428030303,mean across entered windows; not equal-risk sizing or margin availability,89,252,0.0,0.0
NQ,mom-12,combined_stress,69f0ad5e89bf5a25df8f38dbc276ec7b232dab4b3f32e9a8e5cd11779c78c784,887725bce704939c,5.0,2,0.0,0.0,5,90761e0f3b59792feaff58da8495688f20cba575442992addb11855ad5bf9453,development,ok,30,-395.0,-2735.0,780.0,1560.0,78,156,-0.02735,-91.16666666666667,-0.22974000000000003,0.0177184503486795,-12.96614520338805,-0.02735,"conditional complete-window sum on stated capital, not live equity or intraday drawdown",0.33541666666666664,224972.57222222222,mean across entered windows; not equal-risk sizing or margin availability,30,252,0.0,0.0
NQ,mom-12,combined_stress,69f0ad5e89bf5a25df8f38dbc276ec7b232dab4b3f32e9a8e5cd11779c78c784,887725bce704939c,5.0,2,0.0,0.0,5,90761e0f3b59792feaff58da8495688f20cba575442992addb11855ad5bf9453,validation,ok,29,-790.0,-2680.0,630.0,1260.0,63,126,-0.0268,-92.41379310344827,-0.23288275862068963,0.017208368052621457,-13.53311121127568,-0.0269,"conditional complete-window sum on stated capital, not live equity or intraday drawdown",0.3218390804597701,530005.9540229884,mean across entered windows; not equal-risk sizing or margin availability,29,252,0.0,0.0
NQ,mom-12,combined_stress,69f0ad5e89bf5a25df8f38dbc276ec7b232dab4b3f32e9a8e5cd11779c78c784,887725bce704939c,5.0,2,0.0,0.0,5,90761e0f3b59792feaff58da8495688f20cba575442992addb11855ad5bf9453,historical_final,ok,30,445.0,-1595.0,680.0,1360.0,68,136,-0.01595,-53.166666666666664,-0.13398,0.02110883864558913,-6.347104274635036,-0.0164,"conditional complete-window sum on stated capital, not live equity or intraday drawdown",0.3375,826555.4597701149,mean across entered windows; not equal-risk sizing or margin availability,30,252,0.0,0.0
NQ,mom-12,combined_stress,69f0ad5e89bf5a25df8f38dbc276ec7b232dab4b3f32e9a8e5cd11779c78c784,887725bce704939c,5.0,2,0.0,0.0,5,90761e0f3b59792feaff58da8495688f20cba575442992addb11855ad5bf9453,2020,ok,89,-740.0,-7010.0,2090.0,4180.0,209,418,-0.0701,-78.76404494382022,-0.19848539325842696,0.018788794391563758,-10.564030300291524,-0.07055,"conditional complete-window sum on stated capital, not live equity or intraday drawdown",0.33169475655430714,523743.8428030303,mean across entered windows; not equal-risk sizing or margin availability,89,252,0.0,0.0
NQ,revert-6-0.5,base,69f0ad5e89bf5a25df8f38dbc276ec7b232dab4b3f32e9a8e5cd11779c78c784,1203cb49443741d6,2.5,1,0.0,0.0,1,90761e0f3b59792feaff58da8495688f20cba575442992addb11855ad5bf9453,whole,ok,89,-315.0,-4860.0,1515.0,3030.0,303,606,-0.0486,-54.60674157303371,-0.13760898876404495,0.017121312856571026,-8.037291878071821,-0.05333266813011375,"conditional complete-window sum on stated capital, not live equity or intraday drawdown",0.31273408239700373,526604.5973782771,mean across entered windows; not equal-risk sizing or margin availability,89,252,0.0,0.0
NQ,revert-6-0.5,base,69f0ad5e89bf5a25df8f38dbc276ec7b232dab4b3f32e9a8e5cd11779c78c784,1203cb49443741d6,2.5,1,0.0,0.0,1,90761e0f3b59792feaff58da8495688f20cba575442992addb11855ad5bf9453,development,ok,30,-180.0,-1725.0,515.0,1030.0,103,206,-0.01725,-57.5,-0.1449,0.017079252386125267,-8.483977912154574,-0.021003791658351628,"conditional complete-window sum on stated capital, not live equity or intraday drawdown",0.30972222222222223,224959.98611111112,mean across entered windows; not equal-risk sizing or margin availability,30,252,0.0,0.0
NQ,revert-6-0.5,base,69f0ad5e89bf5a25df8f38dbc276ec7b232dab4b3f32e9a8e5cd11779c78c784,1203cb49443741d6,2.5,1,0.0,0.0,1,90761e0f3b59792feaff58da8495688f20cba575442992addb11855ad5bf9453,validation,ok,29,-760.0,-2245.0,495.0,990.0,99,198,-0.02245,-77.41379310344827,-0.19508275862068966,0.01720444509522126,-11.339090423490394,-0.0235,"conditional complete-window sum on stated capital, not live equity or intraday drawdown",0.3275862068965517,529979.393678161,mean across entered windows; not equal-risk sizing or margin availability,29,252,0.0,0.0
NQ,revert-6-0.5,base,69f0ad5e89bf5a25df8f38dbc276ec7b232dab4b3f32e9a8e5cd11779c78c784,1203cb49443741d6,2.5,1,0.0,0.0,1,90761e0f3b59792feaff58da8495688f20cba575442992addb11855ad5bf9453,historical_final,ok,30,625.0,-890.0,505.0,1010.0,101,202,-0.0089,-29.666666666666668,-0.07476000000000001,0.016807670662630447,-4.447969114852936,-0.01159942002899855,"conditional complete-window sum on stated capital, not live equity or intraday drawdown",0.3013888888888889,824986.9055555555,mean across entered windows; not equal-risk sizing or margin availability,30,252,0.0,0.0
NQ,revert-6-0.5,base,69f0ad5e89bf5a25df8f38dbc276ec7b232dab4b3f32e9a8e5cd11779c78c784,1203cb49443741d6,2.5,1,0.0,0.0,1,90761e0f3b59792feaff58da8495688f20cba575442992addb11855ad5bf9453,2020,ok,89,-315.0,-4860.0,1515.0,3030.0,303,606,-0.0486,-54.60674157303371,-0.13760898876404495,0.017121312856571026,-8.037291878071821,-0.05333266813011375,"conditional complete-window sum on stated capital, not live equity or intraday drawdown",0.31273408239700373,526604.5973782771,mean across entered windows; not equal-risk sizing or margin availability,89,252,0.0,0.0
NQ,revert-6-0.5,gross_reference,69f0ad5e89bf5a25df8f38dbc276ec7b232dab4b3f32e9a8e5cd11779c78c784,7098dedffa4b3304,0.0,0,0.0,0.0,1,90761e0f3b59792feaff58da8495688f20cba575442992addb11855ad5bf9453,whole,ok,89,-315.0,-315.0,0.0,0.0,303,606,-0.00315,-3.539325842696629,-0.008919101123595506,0.01809149562622923,-0.49299965618456143,-0.017074020608293095,"conditional complete-window sum on stated capital, not live equity or intraday drawdown",0.31273408239700373,526604.5973782771,mean across entered windows; not equal-risk sizing or margin availability,89,252,0.0,0.0
NQ,revert-6-0.5,gross_reference,69f0ad5e89bf5a25df8f38dbc276ec7b232dab4b3f32e9a8e5cd11779c78c784,7098dedffa4b3304,0.0,0,0.0,0.0,1,90761e0f3b59792feaff58da8495688f20cba575442992addb11855ad5bf9453,development,ok,30,-180.0,-180.0,0.0,0.0,103,206,-0.0018,-6.0,-0.01512,0.018611475881368425,-0.8124019876970815,-0.00960724774752352,"conditional complete-window sum on stated capital, not live equity or intraday drawdown",0.30972222222222223,224959.98611111112,mean across entered windows; not equal-risk sizing or margin availability,30,252,0.0,0.0
NQ,revert-6-0.5,gross_reference,69f0ad5e89bf5a25df8f38dbc276ec7b232dab4b3f32e9a8e5cd11779c78c784,7098dedffa4b3304,0.0,0,0.0,0.0,1,90761e0f3b59792feaff58da8495688f20cba575442992addb11855ad5bf9453,validation,ok,29,-760.0,-760.0,0.0,0.0,99,198,-0.0076,-26.20689655172414,-0.06604137931034483,0.017830016342073856,-3.703943846338808,-0.013218935501571308,"conditional complete-window sum on stated capital, not live equity or intraday drawdown",0.3275862068965517,529979.393678161,mean across entered windows; not equal-risk sizing or margin availability,29,252,0.0,0.0
NQ,revert-6-0.5,gross_reference,69f0ad5e89bf5a25df8f38dbc276ec7b232dab4b3f32e9a8e5cd11779c78c784,7098dedffa4b3304,0.0,0,0.0,0.0,1,90761e0f3b59792feaff58da8495688f20cba575442992addb11855ad5bf9453,historical_final,ok,30,625.0,625.0,0.0,0.0,101,202,0.00625,20.833333333333332,0.0525,0.017642762509468782,2.975724463321632,-0.004538200678236585,"conditional complete-window sum on stated capital, not live equity or intraday drawdown",0.3013888888888889,824986.9055555555,mean across entered windows; not equal-risk sizing or margin availability,30,252,0.0,0.0
NQ,revert-6-0.5,gross_reference,69f0ad5e89bf5a25df8f38dbc276ec7b232dab4b3f32e9a8e5cd11779c78c784,7098dedffa4b3304,0.0,0,0.0,0.0,1,90761e0f3b59792feaff58da8495688f20cba575442992addb11855ad5bf9453,2020,ok,89,-315.0,-315.0,0.0,0.0,303,606,-0.00315,-3.539325842696629,-0.008919101123595506,0.01809149562622923,-0.49299965618456143,-0.017074020608293095,"conditional complete-window sum on stated capital, not live equity or intraday drawdown",0.31273408239700373,526604.5973782771,mean across entered windows; not equal-risk sizing or margin availability,89,252,0.0,0.0
NQ,revert-6-0.5,cost_stress,69f0ad5e89bf5a25df8f38dbc276ec7b232dab4b3f32e9a8e5cd11779c78c784,c71214f3dc7fe38e,5.0,2,0.0,0.0,1,90761e0f3b59792feaff58da8495688f20cba575442992addb11855ad5bf9453,whole,ok,89,-315.0,-9405.0,3030.0,6060.0,303,606,-0.09405,-105.67415730337079,-0.2662988764044944,0.016446939710556996,-16.191393723755308,-0.09536417224497952,"conditional complete-window sum on stated capital, not live equity or intraday drawdown",0.31273408239700373,526604.5973782771,mean across entered windows; not equal-risk sizing or margin availability,89,252,0.0,0.0
NQ,revert-6-0.5,cost_stress,69f0ad5e89bf5a25df8f38dbc276ec7b232dab4b3f32e9a8e5cd11779c78c784,c71214f3dc7fe38e,5.0,2,0.0,0.0,1,90761e0f3b59792feaff58da8495688f20cba575442992addb11855ad5bf9453,development,ok,30,-180.0,-3270.0,1030.0,2060.0,103,206,-0.0327,-109.0,-0.27468000000000004,0.015862734468797813,-17.31605610245187,-0.033569787191527624,"conditional complete-window sum on stated capital, not live equity or intraday drawdown",0.30972222222222223,224959.98611111112,mean across entered windows; not equal-risk sizing or margin availability,30,252,0.0,0.0
NQ,revert-6-0.5,cost_stress,69f0ad5e89bf5a25df8f38dbc276ec7b232dab4b3f32e9a8e5cd11779c78c784,c71214f3dc7fe38e,5.0,2,0.0,0.0,1,90761e0f3b59792feaff58da8495688f20cba575442992addb11855ad5bf9453,validation,ok,29,-760.0,-3730.0,990.0,1980.0,99,198,-0.0373,-128.6206896551724,-0.3241241379310345,0.016882693648455103,-19.19860329638182,-0.0373,"conditional complete-window sum on stated capital, not live equity or intraday drawdown",0.3275862068965517,529979.393678161,mean across entered windows; not equal-risk sizing or margin availability,29,252,0.0,0.0
NQ,revert-6-0.5,cost_stress,69f0ad5e89bf5a25df8f38dbc276ec7b232dab4b3f32e9a8e5cd11779c78c784,c71214f3dc7fe38e,5.0,2,0.0,0.0,1,90761e0f3b59792feaff58da8495688f20cba575442992addb11855ad5bf9453,historical_final,ok,30,625.0,-2405.0,1010.0,2020.0,101,202,-0.02405,-80.16666666666667,-0.20202,0.016232416481460368,-12.445466775124602,-0.02455,"conditional complete-window sum on stated capital, not live equity or intraday drawdown",0.3013888888888889,824986.9055555555,mean across entered windows; not equal-risk sizing or margin availability,30,252,0.0,0.0
NQ,revert-6-0.5,cost_stress,69f0ad5e89bf5a25df8f38dbc276ec7b232dab4b3f32e9a8e5cd11779c78c784,c71214f3dc7fe38e,5.0,2,0.0,0.0,1,90761e0f3b59792feaff58da8495688f20cba575442992addb11855ad5bf9453,2020,ok,89,-315.0,-9405.0,3030.0,6060.0,303,606,-0.09405,-105.67415730337079,-0.2662988764044944,0.016446939710556996,-16.191393723755308,-0.09536417224497952,"conditional complete-window sum on stated capital, not live equity or intraday drawdown",0.31273408239700373,526604.5973782771,mean across entered windows; not equal-risk sizing or margin availability,89,252,0.0,0.0
NQ,revert-6-0.5,delay_stress,69f0ad5e89bf5a25df8f38dbc276ec7b232dab4b3f32e9a8e5cd11779c78c784,4f4d44e91a2a0c5d,2.5,1,0.0,0.0,5,90761e0f3b59792feaff58da8495688f20cba575442992addb11855ad5bf9453,whole,ok,89,-1080.0,-5460.0,1460.0,2920.0,292,584,-0.0546,-61.348314606741575,-0.15459775280898877,0.016773458029872,-9.216808635027094,-0.05595,"conditional complete-window sum on stated capital, not live equity or intraday drawdown",0.3061797752808989,526604.9625468166,mean across entered windows; not equal-risk sizing or margin availability,89,252,0.0,0.0
NQ,revert-6-0.5,delay_stress,69f0ad5e89bf5a25df8f38dbc276ec7b232dab4b3f32e9a8e5cd11779c78c784,4f4d44e91a2a0c5d,2.5,1,0.0,0.0,5,90761e0f3b59792feaff58da8495688f20cba575442992addb11855ad5bf9453,development,ok,30,-470.0,-1940.0,490.0,980.0,98,196,-0.0194,-64.66666666666667,-0.16296000000000002,0.013636558368515536,-11.950229346449072,-0.0199,"conditional complete-window sum on stated capital, not live equity or intraday drawdown",0.30416666666666664,224962.6777777778,mean across entered windows; not equal-risk sizing or margin availability,30,252,0.0,0.0
NQ,revert-6-0.5,delay_stress,69f0ad5e89bf5a25df8f38dbc276ec7b232dab4b3f32e9a8e5cd11779c78c784,4f4d44e91a2a0c5d,2.5,1,0.0,0.0,5,90761e0f3b59792feaff58da8495688f20cba575442992addb11855ad5bf9453,validation,ok,29,-1040.0,-2480.0,480.0,960.0,96,192,-0.0248,-85.51724137931035,-0.21550344827586207,0.017513866427530483,-12.304732890797139,-0.0257,"conditional complete-window sum on stated capital, not live equity or intraday drawdown",0.31896551724137934,529980.7959770114,mean across entered windows; not equal-risk sizing or margin availability,29,252,0.0,0.0
NQ,revert-6-0.5,delay_stress,69f0ad5e89bf5a25df8f38dbc276ec7b232dab4b3f32e9a8e5cd11779c78c784,4f4d44e91a2a0c5d,2.5,1,0.0,0.0,5,90761e0f3b59792feaff58da8495688f20cba575442992addb11855ad5bf9453,historical_final,ok,30,430.0,-1040.0,490.0,980.0,98,196,-0.0104,-34.666666666666664,-0.08736,0.018386629324893527,-4.7512786849802815,-0.012589299095768596,"conditional complete-window sum on stated capital, not live equity or intraday drawdown",0.29583333333333334,824983.9416666668,mean across entered windows; not equal-risk sizing or margin availability,30,252,0.0,0.0
NQ,revert-6-0.5,delay_stress,69f0ad5e89bf5a25df8f38dbc276ec7b232dab4b3f32e9a8e5cd11779c78c784,4f4d44e91a2a0c5d,2.5,1,0.0,0.0,5,90761e0f3b59792feaff58da8495688f20cba575442992addb11855ad5bf9453,2020,ok,89,-1080.0,-5460.0,1460.0,2920.0,292,584,-0.0546,-61.348314606741575,-0.15459775280898877,0.016773458029872,-9.216808635027094,-0.05595,"conditional complete-window sum on stated capital, not live equity or intraday drawdown",0.3061797752808989,526604.9625468166,mean across entered windows; not equal-risk sizing or margin availability,89,252,0.0,0.0
NQ,revert-6-0.5,combined_stress,69f0ad5e89bf5a25df8f38dbc276ec7b232dab4b3f32e9a8e5cd11779c78c784,758121d79fdf97a6,5.0,2,0.0,0.0,5,90761e0f3b59792feaff58da8495688f20cba575442992addb11855ad5bf9453,whole,ok,89,-1080.0,-9840.0,2920.0,5840.0,292,584,-0.0984,-110.56179775280899,-0.27861573033707865,0.016618093963710796,-16.765805449499588,-0.09865,"conditional complete-window sum on stated capital, not live equity or intraday drawdown",0.3061797752808989,526604.9625468166,mean across entered windows; not equal-risk sizing or margin availability,89,252,0.0,0.0
NQ,revert-6-0.5,combined_stress,69f0ad5e89bf5a25df8f38dbc276ec7b232dab4b3f32e9a8e5cd11779c78c784,758121d79fdf97a6,5.0,2,0.0,0.0,5,90761e0f3b59792feaff58da8495688f20cba575442992addb11855ad5bf9453,development,ok,30,-470.0,-3410.0,980.0,1960.0,98,196,-0.0341,-113.66666666666667,-0.28644000000000003,0.012926684509718378,-22.158814178891138,-0.0341,"conditional complete-window sum on stated capital, not live equity or intraday drawdown",0.30416666666666664,224962.6777777778,mean across entered windows; not equal-risk sizing or margin availability,30,252,0.0,0.0
NQ,revert-6-0.5,combined_stress,69f0ad5e89bf5a25df8f38dbc276ec7b232dab4b3f32e9a8e5cd11779c78c784,758121d79fdf97a6,5.0,2,0.0,0.0,5,90761e0f3b59792feaff58da8495688f20cba575442992addb11855ad5bf9453,validation,ok,29,-1040.0,-3920.0,960.0,1920.0,96,192,-0.0392,-135.17241379310346,-0.3406344827586207,0.017664985823315316,-19.283031764963592,-0.0392,"conditional complete-window sum on stated capital, not live equity or intraday drawdown",0.31896551724137934,529980.7959770114,mean across entered windows; not equal-risk sizing or margin availability,29,252,0.0,0.0
NQ,revert-6-0.5,combined_stress,69f0ad5e89bf5a25df8f38dbc276ec7b232dab4b3f32e9a8e5cd11779c78c784,758121d79fdf97a6,5.0,2,0.0,0.0,5,90761e0f3b59792feaff58da8495688f20cba575442992addb11855ad5bf9453,historical_final,ok,30,430.0,-2510.0,980.0,1960.0,98,196,-0.0251,-83.66666666666667,-0.21084000000000003,0.01830966957648335,-11.515226919812882,-0.02573970411835266,"conditional complete-window sum on stated capital, not live equity or intraday drawdown",0.29583333333333334,824983.9416666668,mean across entered windows; not equal-risk sizing or margin availability,30,252,0.0,0.0
NQ,revert-6-0.5,combined_stress,69f0ad5e89bf5a25df8f38dbc276ec7b232dab4b3f32e9a8e5cd11779c78c784,758121d79fdf97a6,5.0,2,0.0,0.0,5,90761e0f3b59792feaff58da8495688f20cba575442992addb11855ad5bf9453,2020,ok,89,-1080.0,-9840.0,2920.0,5840.0,292,584,-0.0984,-110.56179775280899,-0.27861573033707865,0.016618093963710796,-16.765805449499588,-0.09865,"conditional complete-window sum on stated capital, not live equity or intraday drawdown",0.3061797752808989,526604.9625468166,mean across entered windows; not equal-risk sizing or margin availability,89,252,0.0,0.0
NQ,revert-6-1,base,69f0ad5e89bf5a25df8f38dbc276ec7b232dab4b3f32e9a8e5cd11779c78c784,7fefa36d83e00823,2.5,1,0.0,0.0,1,90761e0f3b59792feaff58da8495688f20cba575442992addb11855ad5bf9453,whole,ok,89,-1140.0,-4725.0,1195.0,2390.0,239,478,-0.04725,-53.08988764044944,-0.13378651685393259,0.015635724348227974,-8.55646427849023,-0.05014985014985015,"conditional complete-window sum on stated capital, not live equity or intraday drawdown",0.2717696629213483,530082.7083333333,mean across entered windows; not equal-risk sizing or margin availability,89,252,0.0,0.0
NQ,revert-6-1,base,69f0ad5e89bf5a25df8f38dbc276ec7b232dab4b3f32e9a8e5cd11779c78c784,7fefa36d83e00823,2.5,1,0.0,0.0,1,90761e0f3b59792feaff58da8495688f20cba575442992addb11855ad5bf9453,development,ok,30,-375.0,-1545.0,390.0,780.0,78,156,-0.01545,-51.5,-0.12978,0.01349598790956677,-9.616191187308646,-0.016683316683316685,"conditional complete-window sum on stated capital, not live equity or intraday drawdown",0.2652777777777778,225118.81609195407,mean across entered windows; not equal-risk sizing or margin availability,30,252,0.0,0.0
NQ,revert-6-1,base,69f0ad5e89bf5a25df8f38dbc276ec7b232dab4b3f32e9a8e5cd11779c78c784,7fefa36d83e00823,2.5,1,0.0,0.0,1,90761e0f3b59792feaff58da8495688f20cba575442992addb11855ad5bf9453,validation,ok,29,-975.0,-2115.0,380.0,760.0,76,152,-0.02115,-72.93103448275862,-0.18378620689655173,0.017016265038546766,-10.800619670663497,-0.0216,"conditional complete-window sum on stated capital, not live equity or intraday drawdown",0.28448275862068967,529976.0689655172,mean across entered windows; not equal-risk sizing or margin availability,29,252,0.0,0.0
NQ,revert-6-1,base,69f0ad5e89bf5a25df8f38dbc276ec7b232dab4b3f32e9a8e5cd11779c78c784,7fefa36d83e00823,2.5,1,0.0,0.0,1,90761e0f3b59792feaff58da8495688f20cba575442992addb11855ad5bf9453,historical_final,ok,30,210.0,-1065.0,425.0,850.0,85,170,-0.01065,-35.5,-0.08946,0.016189354739968846,-5.525853342328587,-0.0126,"conditional complete-window sum on stated capital, not live equity or intraday drawdown",0.2659722222222222,824984.2222222221,mean across entered windows; not equal-risk sizing or margin availability,30,252,0.0,0.0
NQ,revert-6-1,base,69f0ad5e89bf5a25df8f38dbc276ec7b232dab4b3f32e9a8e5cd11779c78c784,7fefa36d83e00823,2.5,1,0.0,0.0,1,90761e0f3b59792feaff58da8495688f20cba575442992addb11855ad5bf9453,2020,ok,89,-1140.0,-4725.0,1195.0,2390.0,239,478,-0.04725,-53.08988764044944,-0.13378651685393259,0.015635724348227974,-8.55646427849023,-0.05014985014985015,"conditional complete-window sum on stated capital, not live equity or intraday drawdown",0.2717696629213483,530082.7083333333,mean across entered windows; not equal-risk sizing or margin availability,89,252,0.0,0.0
NQ,revert-6-1,gross_reference,69f0ad5e89bf5a25df8f38dbc276ec7b232dab4b3f32e9a8e5cd11779c78c784,df4c05002426a36e,0.0,0,0.0,0.0,1,90761e0f3b59792feaff58da8495688f20cba575442992addb11855ad5bf9453,whole,ok,89,-1140.0,-1140.0,0.0,0.0,239,478,-0.0114,-12.808988764044944,-0.03227865168539326,0.01626651027375603,-1.9843624196070384,-0.018857570466450486,"conditional complete-window sum on stated capital, not live equity or intraday drawdown",0.2717696629213483,530082.7083333333,mean across entered windows; not equal-risk sizing or margin availability,89,252,0.0,0.0
NQ,revert-6-1,gross_reference,69f0ad5e89bf5a25df8f38dbc276ec7b232dab4b3f32e9a8e5cd11779c78c784,df4c05002426a36e,0.0,0,0.0,0.0,1,90761e0f3b59792feaff58da8495688f20cba575442992addb11855ad5bf9453,development,ok,30,-375.0,-375.0,0.0,0.0,78,156,-0.00375,-12.5,-0.0315,0.01428971778877241,-2.204382232429384,-0.008580693439760539,"conditional complete-window sum on stated capital, not live equity or intraday drawdown",0.2652777777777778,225118.81609195407,mean across entered windows; not equal-risk sizing or margin availability,30,252,0.0,0.0
NQ,revert-6-1,gross_reference,69f0ad5e89bf5a25df8f38dbc276ec7b232dab4b3f32e9a8e5cd11779c78c784,df4c05002426a36e,0.0,0,0.0,0.0,1,90761e0f3b59792feaff58da8495688f20cba575442992addb11855ad5bf9453,validation,ok,29,-975.0,-975.0,0.0,0.0,76,152,-0.00975,-33.62068965517241,-0.08472413793103448,0.0170669371835601,-4.964226270935471,-0.01312375249500998,"conditional complete-window sum on stated capital, not live equity or intraday drawdown",0.28448275862068967,529976.0689655172,mean across entered windows; not equal-risk sizing or margin availability,29,252,0.0,0.0
NQ,revert-6-1,gross_reference,69f0ad5e89bf5a25df8f38dbc276ec7b232dab4b3f32e9a8e5cd11779c78c784,df4c05002426a36e,0.0,0,0.0,0.0,1,90761e0f3b59792feaff58da8495688f20cba575442992addb11855ad5bf9453,historical_final,ok,30,210.0,210.0,0.0,0.0,85,170,0.0021,7.0,0.01764,0.017214624897012063,1.0247101000186052,-0.004841285685765622,"conditional complete-window sum on stated capital, not live equity or intraday drawdown",0.2659722222222222,824984.2222222221,mean across entered windows; not equal-risk sizing or margin availability,30,252,0.0,0.0
NQ,revert-6-1,gross_reference,69f0ad5e89bf5a25df8f38dbc276ec7b232dab4b3f32e9a8e5cd11779c78c784,df4c05002426a36e,0.0,0,0.0,0.0,1,90761e0f3b59792feaff58da8495688f20cba575442992addb11855ad5bf9453,2020,ok,89,-1140.0,-1140.0,0.0,0.0,239,478,-0.0114,-12.808988764044944,-0.03227865168539326,0.01626651027375603,-1.9843624196070384,-0.018857570466450486,"conditional complete-window sum on stated capital, not live equity or intraday drawdown",0.2717696629213483,530082.7083333333,mean across entered windows; not equal-risk sizing or margin availability,89,252,0.0,0.0
NQ,revert-6-1,cost_stress,69f0ad5e89bf5a25df8f38dbc276ec7b232dab4b3f32e9a8e5cd11779c78c784,9520727d6aee1aa0,5.0,2,0.0,0.0,1,90761e0f3b59792feaff58da8495688f20cba575442992addb11855ad5bf9453,whole,ok,89,-1140.0,-8310.0,2390.0,4780.0,239,478,-0.0831,-93.37078651685393,-0.23529438202247188,0.01533208046945884,-15.346539727023547,-0.08365817091454272,"conditional complete-window sum on stated capital, not live equity or intraday drawdown",0.2717696629213483,530082.7083333333,mean across entered windows; not equal-risk sizing or margin availability,89,252,0.0,0.0
NQ,revert-6-1,cost_stress,69f0ad5e89bf5a25df8f38dbc276ec7b232dab4b3f32e9a8e5cd11779c78c784,9520727d6aee1aa0,5.0,2,0.0,0.0,1,90761e0f3b59792feaff58da8495688f20cba575442992addb11855ad5bf9453,development,ok,30,-375.0,-2715.0,780.0,1560.0,78,156,-0.02715,-90.5,-0.22805999999999998,0.013125837904288442,-17.374890781295477,-0.027636181909045477,"conditional complete-window sum on stated capital, not live equity or intraday drawdown",0.2652777777777778,225118.81609195407,mean across entered windows; not equal-risk sizing or margin availability,30,252,0.0,0.0
NQ,revert-6-1,cost_stress,69f0ad5e89bf5a25df8f38dbc276ec7b232dab4b3f32e9a8e5cd11779c78c784,9520727d6aee1aa0,5.0,2,0.0,0.0,1,90761e0f3b59792feaff58da8495688f20cba575442992addb11855ad5bf9453,validation,ok,29,-975.0,-3255.0,760.0,1520.0,76,152,-0.03255,-112.24137931034483,-0.28284827586206895,0.01721224503980654,-16.432968227440952,-0.03255,"conditional complete-window sum on stated capital, not live equity or intraday drawdown",0.28448275862068967,529976.0689655172,mean across entered windows; not equal-risk sizing or margin availability,29,252,0.0,0.0
NQ,revert-6-1,cost_stress,69f0ad5e89bf5a25df8f38dbc276ec7b232dab4b3f32e9a8e5cd11779c78c784,9520727d6aee1aa0,5.0,2,0.0,0.0,1,90761e0f3b59792feaff58da8495688f20cba575442992addb11855ad5bf9453,historical_final,ok,30,210.0,-2340.0,850.0,1700.0,85,170,-0.0234,-78.0,-0.19655999999999998,0.015480416995185486,-12.697332382010865,-0.0235,"conditional complete-window sum on stated capital, not live equity or intraday drawdown",0.2659722222222222,824984.2222222221,mean across entered windows; not equal-risk sizing or margin availability,30,252,0.0,0.0
NQ,revert-6-1,cost_stress,69f0ad5e89bf5a25df8f38dbc276ec7b232dab4b3f32e9a8e5cd11779c78c784,9520727d6aee1aa0,5.0,2,0.0,0.0,1,90761e0f3b59792feaff58da8495688f20cba575442992addb11855ad5bf9453,2020,ok,89,-1140.0,-8310.0,2390.0,4780.0,239,478,-0.0831,-93.37078651685393,-0.23529438202247188,0.01533208046945884,-15.346539727023547,-0.08365817091454272,"conditional complete-window sum on stated capital, not live equity or intraday drawdown",0.2717696629213483,530082.7083333333,mean across entered windows; not equal-risk sizing or margin availability,89,252,0.0,0.0
NQ,revert-6-1,delay_stress,69f0ad5e89bf5a25df8f38dbc276ec7b232dab4b3f32e9a8e5cd11779c78c784,82c014e4ecdb04e6,2.5,1,0.0,0.0,5,90761e0f3b59792feaff58da8495688f20cba575442992addb11855ad5bf9453,whole,ok,89,-985.0,-4435.0,1150.0,2300.0,230,460,-0.04435,-49.831460674157306,-0.1255752808988764,0.01572609524012659,-7.985153274314368,-0.04525,"conditional complete-window sum on stated capital, not live equity or intraday drawdown",0.26474719101123595,530081.1827651515,mean across entered windows; not equal-risk sizing or margin availability,89,252,0.0,0.0
NQ,revert-6-1,delay_stress,69f0ad5e89bf5a25df8f38dbc276ec7b232dab4b3f32e9a8e5cd11779c78c784,82c014e4ecdb04e6,2.5,1,0.0,0.0,5,90761e0f3b59792feaff58da8495688f20cba575442992addb11855ad5bf9453,development,ok,30,-370.0,-1510.0,380.0,760.0,76,152,-0.0151,-50.333333333333336,-0.12684,0.013354859634682387,-9.497666278018997,-0.01535,"conditional complete-window sum on stated capital, not live equity or intraday drawdown",0.26180555555555557,225120.83045977014,mean across entered windows; not equal-risk sizing or margin availability,30,252,0.0,0.0
NQ,revert-6-1,delay_stress,69f0ad5e89bf5a25df8f38dbc276ec7b232dab4b3f32e9a8e5cd11779c78c784,82c014e4ecdb04e6,2.5,1,0.0,0.0,5,90761e0f3b59792feaff58da8495688f20cba575442992addb11855ad5bf9453,validation,ok,29,-750.0,-1830.0,360.0,720.0,72,144,-0.0183,-63.10344827586207,-0.1590206896551724,0.015899170440298302,-10.001823066951719,-0.019341296416612523,"conditional complete-window sum on stated capital, not live equity or intraday drawdown",0.27370689655172414,529973.0373563218,mean across entered windows; not equal-risk sizing or margin availability,29,252,0.0,0.0
NQ,revert-6-1,delay_stress,69f0ad5e89bf5a25df8f38dbc276ec7b232dab4b3f32e9a8e5cd11779c78c784,82c014e4ecdb04e6,2.5,1,0.0,0.0,5,90761e0f3b59792feaff58da8495688f20cba575442992addb11855ad5bf9453,historical_final,ok,30,135.0,-1095.0,410.0,820.0,82,164,-0.01095,-36.5,-0.09197999999999999,0.01785945996789454,-5.150211717787095,-0.012787851541036016,"conditional complete-window sum on stated capital, not live equity or intraday drawdown",0.2590277777777778,824980.7305555557,mean across entered windows; not equal-risk sizing or margin availability,30,252,0.0,0.0
NQ,revert-6-1,delay_stress,69f0ad5e89bf5a25df8f38dbc276ec7b232dab4b3f32e9a8e5cd11779c78c784,82c014e4ecdb04e6,2.5,1,0.0,0.0,5,90761e0f3b59792feaff58da8495688f20cba575442992addb11855ad5bf9453,2020,ok,89,-985.0,-4435.0,1150.0,2300.0,230,460,-0.04435,-49.831460674157306,-0.1255752808988764,0.01572609524012659,-7.985153274314368,-0.04525,"conditional complete-window sum on stated capital, not live equity or intraday drawdown",0.26474719101123595,530081.1827651515,mean across entered windows; not equal-risk sizing or margin availability,89,252,0.0,0.0
NQ,revert-6-1,combined_stress,69f0ad5e89bf5a25df8f38dbc276ec7b232dab4b3f32e9a8e5cd11779c78c784,0d33c25208f64a8b,5.0,2,0.0,0.0,5,90761e0f3b59792feaff58da8495688f20cba575442992addb11855ad5bf9453,whole,ok,89,-985.0,-7885.0,2300.0,4600.0,230,460,-0.07885,-88.59550561797752,-0.22326067415730336,0.015825721957787232,-14.107455871701658,-0.07885,"conditional complete-window sum on stated capital, not live equity or intraday drawdown",0.26474719101123595,530081.1827651515,mean across entered windows; not equal-risk sizing or margin availability,89,252,0.0,0.0
NQ,revert-6-1,combined_stress,69f0ad5e89bf5a25df8f38dbc276ec7b232dab4b3f32e9a8e5cd11779c78c784,0d33c25208f64a8b,5.0,2,0.0,0.0,5,90761e0f3b59792feaff58da8495688f20cba575442992addb11855ad5bf9453,development,ok,30,-370.0,-2650.0,760.0,1520.0,76,152,-0.0265,-88.33333333333333,-0.2226,0.01294918450367995,-17.190271706819892,-0.0265,"conditional complete-window sum on stated capital, not live equity or intraday drawdown",0.26180555555555557,225120.83045977014,mean across entered windows; not equal-risk sizing or margin availability,30,252,0.0,0.0
NQ,revert-6-1,combined_stress,69f0ad5e89bf5a25df8f38dbc276ec7b232dab4b3f32e9a8e5cd11779c78c784,0d33c25208f64a8b,5.0,2,0.0,0.0,5,90761e0f3b59792feaff58da8495688f20cba575442992addb11855ad5bf9453,validation,ok,29,-750.0,-2910.0,720.0,1440.0,72,144,-0.0291,-100.34482758620689,-0.25286896551724136,0.016364348338743107,-15.452431119335575,-0.029148542572871357,"conditional complete-window sum on stated capital, not live equity or intraday drawdown",0.27370689655172414,529973.0373563218,mean across entered windows; not equal-risk sizing or margin availability,29,252,0.0,0.0
NQ,revert-6-1,combined_stress,69f0ad5e89bf5a25df8f38dbc276ec7b232dab4b3f32e9a8e5cd11779c78c784,0d33c25208f64a8b,5.0,2,0.0,0.0,5,90761e0f3b59792feaff58da8495688f20cba575442992addb11855ad5bf9453,historical_final,ok,30,135.0,-2325.0,820.0,1640.0,82,164,-0.02325,-77.5,-0.1953,0.018085014753123362,-10.798995890576801,-0.023884475091190727,"conditional complete-window sum on stated capital, not live equity or intraday drawdown",0.2590277777777778,824980.7305555557,mean across entered windows; not equal-risk sizing or margin availability,30,252,0.0,0.0
NQ,revert-6-1,combined_stress,69f0ad5e89bf5a25df8f38dbc276ec7b232dab4b3f32e9a8e5cd11779c78c784,0d33c25208f64a8b,5.0,2,0.0,0.0,5,90761e0f3b59792feaff58da8495688f20cba575442992addb11855ad5bf9453,2020,ok,89,-985.0,-7885.0,2300.0,4600.0,230,460,-0.07885,-88.59550561797752,-0.22326067415730336,0.015825721957787232,-14.107455871701658,-0.07885,"conditional complete-window sum on stated capital, not live equity or intraday drawdown",0.26474719101123595,530081.1827651515,mean across entered windows; not equal-risk sizing or margin availability,89,252,0.0,0.0
NQ,revert-6-1.5,base,69f0ad5e89bf5a25df8f38dbc276ec7b232dab4b3f32e9a8e5cd11779c78c784,5592a669eefc128e,2.5,1,0.0,0.0,1,90761e0f3b59792feaff58da8495688f20cba575442992addb11855ad5bf9453,whole,ok,89,-1290.0,-3420.0,710.0,1420.0,142,284,-0.0342,-38.42696629213483,-0.09683595505617977,0.013478783975819291,-7.184324285477223,-0.03772170871846115,"conditional complete-window sum on stated capital, not live equity or intraday drawdown",0.17322097378277154,531543.4095528455,mean across entered windows; not equal-risk sizing or margin availability,89,252,0.0,0.0
NQ,revert-6-1.5,base,69f0ad5e89bf5a25df8f38dbc276ec7b232dab4b3f32e9a8e5cd11779c78c784,5592a669eefc128e,2.5,1,0.0,0.0,1,90761e0f3b59792feaff58da8495688f20cba575442992addb11855ad5bf9453,development,ok,30,-605.0,-1340.0,245.0,490.0,49,98,-0.0134,-44.666666666666664,-0.11256,0.011115934508623198,-10.126004243069396,-0.01428928303772171,"conditional complete-window sum on stated capital, not live equity or intraday drawdown",0.18125,219568.1790123457,mean across entered windows; not equal-risk sizing or margin availability,30,252,0.0,0.0
NQ,revert-6-1.5,base,69f0ad5e89bf5a25df8f38dbc276ec7b232dab4b3f32e9a8e5cd11779c78c784,5592a669eefc128e,2.5,1,0.0,0.0,1,90761e0f3b59792feaff58da8495688f20cba575442992addb11855ad5bf9453,validation,ok,29,-1300.0,-1930.0,210.0,420.0,42,84,-0.0193,-66.55172413793103,-0.1677103448275862,0.015697918816595203,-10.683603781304413,-0.019891049027937428,"conditional complete-window sum on stated capital, not live equity or intraday drawdown",0.1875,525736.8269230769,mean across entered windows; not equal-risk sizing or margin availability,29,252,0.0,0.0
NQ,revert-6-1.5,base,69f0ad5e89bf5a25df8f38dbc276ec7b232dab4b3f32e9a8e5cd11779c78c784,5592a669eefc128e,2.5,1,0.0,0.0,1,90761e0f3b59792feaff58da8495688f20cba575442992addb11855ad5bf9453,historical_final,ok,30,615.0,-150.0,255.0,510.0,51,102,-0.0015,-5.0,-0.0126,0.01182072989169509,-1.0659240263033507,-0.0043,"conditional complete-window sum on stated capital, not live equity or intraday drawdown",0.15138888888888888,827209.0086206895,mean across entered windows; not equal-risk sizing or margin availability,30,252,0.0,0.0
NQ,revert-6-1.5,base,69f0ad5e89bf5a25df8f38dbc276ec7b232dab4b3f32e9a8e5cd11779c78c784,5592a669eefc128e,2.5,1,0.0,0.0,1,90761e0f3b59792feaff58da8495688f20cba575442992addb11855ad5bf9453,2020,ok,89,-1290.0,-3420.0,710.0,1420.0,142,284,-0.0342,-38.42696629213483,-0.09683595505617977,0.013478783975819291,-7.184324285477223,-0.03772170871846115,"conditional complete-window sum on stated capital, not live equity or intraday drawdown",0.17322097378277154,531543.4095528455,mean across entered windows; not equal-risk sizing or margin availability,89,252,0.0,0.0
NQ,revert-6-1.5,gross_reference,69f0ad5e89bf5a25df8f38dbc276ec7b232dab4b3f32e9a8e5cd11779c78c784,7dd5a494a48615fc,0.0,0,0.0,0.0,1,90761e0f3b59792feaff58da8495688f20cba575442992addb11855ad5bf9453,whole,ok,89,-1290.0,-1290.0,0.0,0.0,142,284,-0.0129,-14.49438202247191,-0.036525842696629215,0.013468395931525589,-2.7119668060197775,-0.020678287797812295,"conditional complete-window sum on stated capital, not live equity or intraday drawdown",0.17322097378277154,531543.4095528455,mean across entered windows; not equal-risk sizing or margin availability,89,252,0.0,0.0
NQ,revert-6-1.5,gross_reference,69f0ad5e89bf5a25df8f38dbc276ec7b232dab4b3f32e9a8e5cd11779c78c784,7dd5a494a48615fc,0.0,0,0.0,0.0,1,90761e0f3b59792feaff58da8495688f20cba575442992addb11855ad5bf9453,development,ok,30,-605.0,-605.0,0.0,0.0,49,98,-0.00605,-20.166666666666668,-0.050820000000000004,0.010969470172349666,-4.632858214802397,-0.008141451475950252,"conditional complete-window sum on stated capital, not live equity or intraday drawdown",0.18125,219568.1790123457,mean across entered windows; not equal-risk sizing or margin availability,30,252,0.0,0.0
NQ,revert-6-1.5,gross_reference,69f0ad5e89bf5a25df8f38dbc276ec7b232dab4b3f32e9a8e5cd11779c78c784,7dd5a494a48615fc,0.0,0,0.0,0.0,1,90761e0f3b59792feaff58da8495688f20cba575442992addb11855ad5bf9453,validation,ok,29,-1300.0,-1300.0,0.0,0.0,42,84,-0.013,-44.827586206896555,-0.11296551724137932,0.015300709922677808,-7.383024566327378,-0.014829239065308569,"conditional complete-window sum on stated capital, not live equity or intraday drawdown",0.1875,525736.8269230769,mean across entered windows; not equal-risk sizing or margin availability,29,252,0.0,0.0
NQ,revert-6-1.5,gross_reference,69f0ad5e89bf5a25df8f38dbc276ec7b232dab4b3f32e9a8e5cd11779c78c784,7dd5a494a48615fc,0.0,0,0.0,0.0,1,90761e0f3b59792feaff58da8495688f20cba575442992addb11855ad5bf9453,historical_final,ok,30,615.0,615.0,0.0,0.0,51,102,0.00615,20.5,0.05166,0.012170882437619093,4.244556651071055,-0.002045704021554735,"conditional complete-window sum on stated capital, not live equity or intraday drawdown",0.15138888888888888,827209.0086206895,mean across entered windows; not equal-risk sizing or margin availability,30,252,0.0,0.0
NQ,revert-6-1.5,gross_reference,69f0ad5e89bf5a25df8f38dbc276ec7b232dab4b3f32e9a8e5cd11779c78c784,7dd5a494a48615fc,0.0,0,0.0,0.0,1,90761e0f3b59792feaff58da8495688f20cba575442992addb11855ad5bf9453,2020,ok,89,-1290.0,-1290.0,0.0,0.0,142,284,-0.0129,-14.49438202247191,-0.036525842696629215,0.013468395931525589,-2.7119668060197775,-0.020678287797812295,"conditional complete-window sum on stated capital, not live equity or intraday drawdown",0.17322097378277154,531543.4095528455,mean across entered windows; not equal-risk sizing or margin availability,89,252,0.0,0.0
NQ,revert-6-1.5,cost_stress,69f0ad5e89bf5a25df8f38dbc276ec7b232dab4b3f32e9a8e5cd11779c78c784,b73cb9ac1c80ccd6,5.0,2,0.0,0.0,1,90761e0f3b59792feaff58da8495688f20cba575442992addb11855ad5bf9453,whole,ok,89,-1290.0,-5550.0,1420.0,2840.0,142,284,-0.0555,-62.359550561797754,-0.15714606741573034,0.013770147742335993,-11.412082888013503,-0.05657454145634464,"conditional complete-window sum on stated capital, not live equity or intraday drawdown",0.17322097378277154,531543.4095528455,mean across entered windows; not equal-risk sizing or margin availability,89,252,0.0,0.0
NQ,revert-6-1.5,cost_stress,69f0ad5e89bf5a25df8f38dbc276ec7b232dab4b3f32e9a8e5cd11779c78c784,b73cb9ac1c80ccd6,5.0,2,0.0,0.0,1,90761e0f3b59792feaff58da8495688f20cba575442992addb11855ad5bf9453,development,ok,30,-605.0,-2075.0,490.0,980.0,49,98,-0.02075,-69.16666666666667,-0.1743,0.0116524453553158,-14.958233631233899,-0.02119046429106902,"conditional complete-window sum on stated capital, not live equity or intraday drawdown",0.18125,219568.1790123457,mean across entered windows; not equal-risk sizing or margin availability,30,252,0.0,0.0
NQ,revert-6-1.5,cost_stress,69f0ad5e89bf5a25df8f38dbc276ec7b232dab4b3f32e9a8e5cd11779c78c784,b73cb9ac1c80ccd6,5.0,2,0.0,0.0,1,90761e0f3b59792feaff58da8495688f20cba575442992addb11855ad5bf9453,validation,ok,29,-1300.0,-2560.0,420.0,840.0,42,84,-0.0256,-88.27586206896552,-0.22245517241379312,0.016250305036924796,-13.68929210302938,-0.025746138079288106,"conditional complete-window sum on stated capital, not live equity or intraday drawdown",0.1875,525736.8269230769,mean across entered windows; not equal-risk sizing or margin availability,29,252,0.0,0.0
NQ,revert-6-1.5,cost_stress,69f0ad5e89bf5a25df8f38dbc276ec7b232dab4b3f32e9a8e5cd11779c78c784,b73cb9ac1c80ccd6,5.0,2,0.0,0.0,1,90761e0f3b59792feaff58da8495688f20cba575442992addb11855ad5bf9453,historical_final,ok,30,615.0,-915.0,510.0,1020.0,51,102,-0.00915,-30.5,-0.07686,0.011834230012975074,-6.494719125429415,-0.0098,"conditional complete-window sum on stated capital, not live equity or intraday drawdown",0.15138888888888888,827209.0086206895,mean across entered windows; not equal-risk sizing or margin availability,30,252,0.0,0.0
NQ,revert-6-1.5,cost_stress,69f0ad5e89bf5a25df8f38dbc276ec7b232dab4b3f32e9a8e5cd11779c78c784,b73cb9ac1c80ccd6,5.0,2,0.0,0.0,1,90761e0f3b59792feaff58da8495688f20cba575442992addb11855ad5bf9453,2020,ok,89,-1290.0,-5550.0,1420.0,2840.0,142,284,-0.0555,-62.359550561797754,-0.15714606741573034,0.013770147742335993,-11.412082888013503,-0.05657454145634464,"conditional complete-window sum on stated capital, not live equity or intraday drawdown",0.17322097378277154,531543.4095528455,mean across entered windows; not equal-risk sizing or margin availability,89,252,0.0,0.0
NQ,revert-6-1.5,delay_stress,69f0ad5e89bf5a25df8f38dbc276ec7b232dab4b3f32e9a8e5cd11779c78c784,009cd75795218155,2.5,1,0.0,0.0,5,90761e0f3b59792feaff58da8495688f20cba575442992addb11855ad5bf9453,whole,ok,89,-1150.0,-3190.0,680.0,1360.0,136,272,-0.0319,-35.842696629213485,-0.09032359550561798,0.013014344054721622,-6.940311023424071,-0.0332,"conditional complete-window sum on stated capital, not live equity or intraday drawdown",0.16807116104868913,531544.7154471545,mean across entered windows; not equal-risk sizing or margin availability,89,252,0.0,0.0
NQ,revert-6-1.5,delay_stress,69f0ad5e89bf5a25df8f38dbc276ec7b232dab4b3f32e9a8e5cd11779c78c784,009cd75795218155,2.5,1,0.0,0.0,5,90761e0f3b59792feaff58da8495688f20cba575442992addb11855ad5bf9453,development,ok,30,-440.0,-1115.0,225.0,450.0,45,90,-0.01115,-37.166666666666664,-0.09366,0.011759341114547019,-7.9647319596960156,-0.0119,"conditional complete-window sum on stated capital, not live equity or intraday drawdown",0.17083333333333334,219572.7160493827,mean across entered windows; not equal-risk sizing or margin availability,30,252,0.0,0.0
NQ,revert-6-1.5,delay_stress,69f0ad5e89bf5a25df8f38dbc276ec7b232dab4b3f32e9a8e5cd11779c78c784,009cd75795218155,2.5,1,0.0,0.0,5,90761e0f3b59792feaff58da8495688f20cba575442992addb11855ad5bf9453,validation,ok,29,-1070.0,-1670.0,200.0,400.0,40,80,-0.0167,-57.58620689655172,-0.14511724137931034,0.013077764756810809,-11.096486599801722,-0.0167,"conditional complete-window sum on stated capital, not live equity or intraday drawdown",0.1824712643678161,525734.5192307692,mean across entered windows; not equal-risk sizing or margin availability,29,252,0.0,0.0
NQ,revert-6-1.5,delay_stress,69f0ad5e89bf5a25df8f38dbc276ec7b232dab4b3f32e9a8e5cd11779c78c784,009cd75795218155,2.5,1,0.0,0.0,5,90761e0f3b59792feaff58da8495688f20cba575442992addb11855ad5bf9453,historical_final,ok,30,360.0,-405.0,255.0,510.0,51,102,-0.00405,-13.5,-0.03402,0.01362255862341124,-2.497328214211863,-0.005648305508347495,"conditional complete-window sum on stated capital, not live equity or intraday drawdown",0.15138888888888888,827210.5459770114,mean across entered windows; not equal-risk sizing or margin availability,30,252,0.0,0.0
NQ,revert-6-1.5,delay_stress,69f0ad5e89bf5a25df8f38dbc276ec7b232dab4b3f32e9a8e5cd11779c78c784,009cd75795218155,2.5,1,0.0,0.0,5,90761e0f3b59792feaff58da8495688f20cba575442992addb11855ad5bf9453,2020,ok,89,-1150.0,-3190.0,680.0,1360.0,136,272,-0.0319,-35.842696629213485,-0.09032359550561798,0.013014344054721622,-6.940311023424071,-0.0332,"conditional complete-window sum on stated capital, not live equity or intraday drawdown",0.16807116104868913,531544.7154471545,mean across entered windows; not equal-risk sizing or margin availability,89,252,0.0,0.0
NQ,revert-6-1.5,combined_stress,69f0ad5e89bf5a25df8f38dbc276ec7b232dab4b3f32e9a8e5cd11779c78c784,a3d51cb787c4c1f9,5.0,2,0.0,0.0,5,90761e0f3b59792feaff58da8495688f20cba575442992addb11855ad5bf9453,whole,ok,89,-1150.0,-5230.0,1360.0,2720.0,136,272,-0.0523,-58.764044943820224,-0.14808539325842696,0.013327992556928762,-11.110855038813966,-0.0523,"conditional complete-window sum on stated capital, not live equity or intraday drawdown",0.16807116104868913,531544.7154471545,mean across entered windows; not equal-risk sizing or margin availability,89,252,0.0,0.0
NQ,revert-6-1.5,combined_stress,69f0ad5e89bf5a25df8f38dbc276ec7b232dab4b3f32e9a8e5cd11779c78c784,a3d51cb787c4c1f9,5.0,2,0.0,0.0,5,90761e0f3b59792feaff58da8495688f20cba575442992addb11855ad5bf9453,development,ok,30,-440.0,-1790.0,450.0,900.0,45,90,-0.0179,-59.666666666666664,-0.15036,0.011977617056193927,-12.553415198914301,-0.0179,"conditional complete-window sum on stated capital, not live equity or intraday drawdown",0.17083333333333334,219572.7160493827,mean across entered windows; not equal-risk sizing or margin availability,30,252,0.0,0.0
NQ,revert-6-1.5,combined_stress,69f0ad5e89bf5a25df8f38dbc276ec7b232dab4b3f32e9a8e5cd11779c78c784,a3d51cb787c4c1f9,5.0,2,0.0,0.0,5,90761e0f3b59792feaff58da8495688f20cba575442992addb11855ad5bf9453,validation,ok,29,-1070.0,-2270.0,400.0,800.0,40,80,-0.0227,-78.27586206896552,-0.19725517241379312,0.01343697934035412,-14.680023494669944,-0.0227,"conditional complete-window sum on stated capital, not live equity or intraday drawdown",0.1824712643678161,525734.5192307692,mean across entered windows; not equal-risk sizing or margin availability,29,252,0.0,0.0
NQ,revert-6-1.5,combined_stress,69f0ad5e89bf5a25df8f38dbc276ec7b232dab4b3f32e9a8e5cd11779c78c784,a3d51cb787c4c1f9,5.0,2,0.0,0.0,5,90761e0f3b59792feaff58da8495688f20cba575442992addb11855ad5bf9453,historical_final,ok,30,360.0,-1170.0,510.0,1020.0,51,102,-0.0117,-39.0,-0.09827999999999999,0.014193082336367128,-6.924500095949971,-0.011848222766585013,"conditional complete-window sum on stated capital, not live equity or intraday drawdown",0.15138888888888888,827210.5459770114,mean across entered windows; not equal-risk sizing or margin availability,30,252,0.0,0.0
NQ,revert-6-1.5,combined_stress,69f0ad5e89bf5a25df8f38dbc276ec7b232dab4b3f32e9a8e5cd11779c78c784,a3d51cb787c4c1f9,5.0,2,0.0,0.0,5,90761e0f3b59792feaff58da8495688f20cba575442992addb11855ad5bf9453,2020,ok,89,-1150.0,-5230.0,1360.0,2720.0,136,272,-0.0523,-58.764044943820224,-0.14808539325842696,0.013327992556928762,-11.110855038813966,-0.0523,"conditional complete-window sum on stated capital, not live equity or intraday drawdown",0.16807116104868913,531544.7154471545,mean across entered windows; not equal-risk sizing or margin availability,89,252,0.0,0.0
NQ,revert-12-0.5,base,69f0ad5e89bf5a25df8f38dbc276ec7b232dab4b3f32e9a8e5cd11779c78c784,dccc6a0c2eadfcd4,2.5,1,0.0,0.0,1,90761e0f3b59792feaff58da8495688f20cba575442992addb11855ad5bf9453,whole,ok,89,-1035.0,-3945.0,970.0,1940.0,194,388,-0.03945,-44.325842696629216,-0.11170112359550563,0.01516891284014077,-7.363818671297015,-0.041968162083936326,"conditional complete-window sum on stated capital, not live equity or intraday drawdown",0.31413857677902624,533305.7576628352,mean across entered windows; not equal-risk sizing or margin availability,89,252,0.0,0.0
NQ,revert-12-0.5,base,69f0ad5e89bf5a25df8f38dbc276ec7b232dab4b3f32e9a8e5cd11779c78c784,dccc6a0c2eadfcd4,2.5,1,0.0,0.0,1,90761e0f3b59792feaff58da8495688f20cba575442992addb11855ad5bf9453,development,ok,30,-425.0,-1415.0,330.0,660.0,66,132,-0.01415,-47.166666666666664,-0.11886,0.015535167002420783,-7.65102814675108,-0.01606866610110285,"conditional complete-window sum on stated capital, not live equity or intraday drawdown",0.30694444444444446,224235.93749999997,mean across entered windows; not equal-risk sizing or margin availability,30,252,0.0,0.0
NQ,revert-12-0.5,base,69f0ad5e89bf5a25df8f38dbc276ec7b232dab4b3f32e9a8e5cd11779c78c784,dccc6a0c2eadfcd4,2.5,1,0.0,0.0,1,90761e0f3b59792feaff58da8495688f20cba575442992addb11855ad5bf9453,validation,ok,29,-610.0,-1585.0,325.0,650.0,65,130,-0.01585,-54.6551724137931,-0.1377310344827586,0.014546026830434633,-9.468636081062643,-0.017193982106262808,"conditional complete-window sum on stated capital, not live equity or intraday drawdown",0.319683908045977,529981.9540229884,mean across entered windows; not equal-risk sizing or margin availability,29,252,0.0,0.0
NQ,revert-12-0.5,base,69f0ad5e89bf5a25df8f38dbc276ec7b232dab4b3f32e9a8e5cd11779c78c784,dccc6a0c2eadfcd4,2.5,1,0.0,0.0,1,90761e0f3b59792feaff58da8495688f20cba575442992addb11855ad5bf9453,historical_final,ok,30,0.0,-945.0,315.0,630.0,63,126,-0.00945,-31.5,-0.07938,0.015665324104861184,-5.06724275020695,-0.010446343779677113,"conditional complete-window sum on stated capital, not live equity or intraday drawdown",0.3159722222222222,824983.9333333332,mean across entered windows; not equal-risk sizing or margin availability,30,252,0.0,0.0
NQ,revert-12-0.5,base,69f0ad5e89bf5a25df8f38dbc276ec7b232dab4b3f32e9a8e5cd11779c78c784,dccc6a0c2eadfcd4,2.5,1,0.0,0.0,1,90761e0f3b59792feaff58da8495688f20cba575442992addb11855ad5bf9453,2020,ok,89,-1035.0,-3945.0,970.0,1940.0,194,388,-0.03945,-44.325842696629216,-0.11170112359550563,0.01516891284014077,-7.363818671297015,-0.041968162083936326,"conditional complete-window sum on stated capital, not live equity or intraday drawdown",0.31413857677902624,533305.7576628352,mean across entered windows; not equal-risk sizing or margin availability,89,252,0.0,0.0
NQ,revert-12-0.5,gross_reference,69f0ad5e89bf5a25df8f38dbc276ec7b232dab4b3f32e9a8e5cd11779c78c784,1979aaca4c9366b5,0.0,0,0.0,0.0,1,90761e0f3b59792feaff58da8495688f20cba575442992addb11855ad5bf9453,whole,ok,89,-1035.0,-1035.0,0.0,0.0,194,388,-0.01035,-11.629213483146067,-0.02930561797752809,0.015956274362205022,-1.8366203358186872,-0.016732234450475576,"conditional complete-window sum on stated capital, not live equity or intraday drawdown",0.31413857677902624,533305.7576628352,mean across entered windows; not equal-risk sizing or margin availability,89,252,0.0,0.0
NQ,revert-12-0.5,gross_reference,69f0ad5e89bf5a25df8f38dbc276ec7b232dab4b3f32e9a8e5cd11779c78c784,1979aaca4c9366b5,0.0,0,0.0,0.0,1,90761e0f3b59792feaff58da8495688f20cba575442992addb11855ad5bf9453,development,ok,30,-425.0,-425.0,0.0,0.0,66,132,-0.00425,-14.166666666666666,-0.035699999999999996,0.016683323285906472,-2.1398614285774946,-0.010706638115631691,"conditional complete-window sum on stated capital, not live equity or intraday drawdown",0.30694444444444446,224235.93749999997,mean across entered windows; not equal-risk sizing or margin availability,30,252,0.0,0.0
NQ,revert-12-0.5,gross_reference,69f0ad5e89bf5a25df8f38dbc276ec7b232dab4b3f32e9a8e5cd11779c78c784,1979aaca4c9366b5,0.0,0,0.0,0.0,1,90761e0f3b59792feaff58da8495688f20cba575442992addb11855ad5bf9453,validation,ok,29,-610.0,-610.0,0.0,0.0,65,130,-0.0061,-21.03448275862069,-0.053006896551724136,0.015382687312869533,-3.445880129629709,-0.010230051399770448,"conditional complete-window sum on stated capital, not live equity or intraday drawdown",0.319683908045977,529981.9540229884,mean across entered windows; not equal-risk sizing or margin availability,29,252,0.0,0.0
NQ,revert-12-0.5,gross_reference,69f0ad5e89bf5a25df8f38dbc276ec7b232dab4b3f32e9a8e5cd11779c78c784,1979aaca4c9366b5,0.0,0,0.0,0.0,1,90761e0f3b59792feaff58da8495688f20cba575442992addb11855ad5bf9453,historical_final,ok,30,0.0,0.0,0.0,0.0,63,126,0.0,0.0,0.0,0.016120302042177577,0.0,-0.0044905698034128335,"conditional complete-window sum on stated capital, not live equity or intraday drawdown",0.3159722222222222,824983.9333333332,mean across entered windows; not equal-risk sizing or margin availability,30,252,0.0,0.0
NQ,revert-12-0.5,gross_reference,69f0ad5e89bf5a25df8f38dbc276ec7b232dab4b3f32e9a8e5cd11779c78c784,1979aaca4c9366b5,0.0,0,0.0,0.0,1,90761e0f3b59792feaff58da8495688f20cba575442992addb11855ad5bf9453,2020,ok,89,-1035.0,-1035.0,0.0,0.0,194,388,-0.01035,-11.629213483146067,-0.02930561797752809,0.015956274362205022,-1.8366203358186872,-0.016732234450475576,"conditional complete-window sum on stated capital, not live equity or intraday drawdown",0.31413857677902624,533305.7576628352,mean across entered windows; not equal-risk sizing or margin availability,89,252,0.0,0.0
NQ,revert-12-0.5,cost_stress,69f0ad5e89bf5a25df8f38dbc276ec7b232dab4b3f32e9a8e5cd11779c78c784,538161eb4e7a58c9,5.0,2,0.0,0.0,1,90761e0f3b59792feaff58da8495688f20cba575442992addb11855ad5bf9453,whole,ok,89,-1035.0,-6855.0,1940.0,3880.0,194,388,-0.06855,-77.02247191011236,-0.19409662921348314,0.014750911399968621,-13.158280458107562,-0.06959780164876343,"conditional complete-window sum on stated capital, not live equity or intraday drawdown",0.31413857677902624,533305.7576628352,mean across entered windows; not equal-risk sizing or margin availability,89,252,0.0,0.0
NQ,revert-12-0.5,cost_stress,69f0ad5e89bf5a25df8f38dbc276ec7b232dab4b3f32e9a8e5cd11779c78c784,538161eb4e7a58c9,5.0,2,0.0,0.0,1,90761e0f3b59792feaff58da8495688f20cba575442992addb11855ad5bf9453,development,ok,30,-425.0,-2405.0,660.0,1320.0,66,132,-0.02405,-80.16666666666667,-0.20202,0.014921459898992503,-13.538889717730664,-0.02478141393954534,"conditional complete-window sum on stated capital, not live equity or intraday drawdown",0.30694444444444446,224235.93749999997,mean across entered windows; not equal-risk sizing or margin availability,30,252,0.0,0.0
NQ,revert-12-0.5,cost_stress,69f0ad5e89bf5a25df8f38dbc276ec7b232dab4b3f32e9a8e5cd11779c78c784,538161eb4e7a58c9,5.0,2,0.0,0.0,1,90761e0f3b59792feaff58da8495688f20cba575442992addb11855ad5bf9453,validation,ok,29,-610.0,-2560.0,650.0,1300.0,65,130,-0.0256,-88.27586206896552,-0.22245517241379312,0.013970591032347322,-15.923103890073325,-0.025648717564121792,"conditional complete-window sum on stated capital, not live equity or intraday drawdown",0.319683908045977,529981.9540229884,mean across entered windows; not equal-risk sizing or margin availability,29,252,0.0,0.0
NQ,revert-12-0.5,cost_stress,69f0ad5e89bf5a25df8f38dbc276ec7b232dab4b3f32e9a8e5cd11779c78c784,538161eb4e7a58c9,5.0,2,0.0,0.0,1,90761e0f3b59792feaff58da8495688f20cba575442992addb11855ad5bf9453,historical_final,ok,30,0.0,-1890.0,630.0,1260.0,63,126,-0.0189,-63.0,-0.15876,0.015511259536665394,-10.235145613077027,-0.01944611077784443,"conditional complete-window sum on stated capital, not live equity or intraday drawdown",0.3159722222222222,824983.9333333332,mean across entered windows; not equal-risk sizing or margin availability,30,252,0.0,0.0
NQ,revert-12-0.5,cost_stress,69f0ad5e89bf5a25df8f38dbc276ec7b232dab4b3f32e9a8e5cd11779c78c784,538161eb4e7a58c9,5.0,2,0.0,0.0,1,90761e0f3b59792feaff58da8495688f20cba575442992addb11855ad5bf9453,2020,ok,89,-1035.0,-6855.0,1940.0,3880.0,194,388,-0.06855,-77.02247191011236,-0.19409662921348314,0.014750911399968621,-13.158280458107562,-0.06959780164876343,"conditional complete-window sum on stated capital, not live equity or intraday drawdown",0.31413857677902624,533305.7576628352,mean across entered windows; not equal-risk sizing or margin availability,89,252,0.0,0.0
NQ,revert-12-0.5,delay_stress,69f0ad5e89bf5a25df8f38dbc276ec7b232dab4b3f32e9a8e5cd11779c78c784,96116e60330d9634,2.5,1,0.0,0.0,5,90761e0f3b59792feaff58da8495688f20cba575442992addb11855ad5bf9453,whole,ok,89,-750.0,-3600.0,950.0,1900.0,190,380,-0.036,-40.449438202247194,-0.10193258426966294,0.01565408999935369,-6.511562427063562,-0.0401,"conditional complete-window sum on stated capital, not live equity or intraday drawdown",0.31203183520599254,533304.0996168582,mean across entered windows; not equal-risk sizing or margin availability,89,252,0.0,0.0
NQ,revert-12-0.5,delay_stress,69f0ad5e89bf5a25df8f38dbc276ec7b232dab4b3f32e9a8e5cd11779c78c784,96116e60330d9634,2.5,1,0.0,0.0,5,90761e0f3b59792feaff58da8495688f20cba575442992addb11855ad5bf9453,development,ok,30,-770.0,-1760.0,330.0,660.0,66,132,-0.0176,-58.666666666666664,-0.14784,0.015300209599646127,-9.66261272678378,-0.0176,"conditional complete-window sum on stated capital, not live equity or intraday drawdown",0.3076388888888889,224234.41964285713,mean across entered windows; not equal-risk sizing or margin availability,30,252,0.0,0.0
NQ,revert-12-0.5,delay_stress,69f0ad5e89bf5a25df8f38dbc276ec7b232dab4b3f32e9a8e5cd11779c78c784,96116e60330d9634,2.5,1,0.0,0.0,5,90761e0f3b59792feaff58da8495688f20cba575442992addb11855ad5bf9453,validation,ok,29,-810.0,-1770.0,320.0,640.0,64,128,-0.0177,-61.03448275862069,-0.15380689655172414,0.014245071743080734,-10.797200556496518,-0.017847322901564766,"conditional complete-window sum on stated capital, not live equity or intraday drawdown",0.3182471264367816,529984.985632184,mean across entered windows; not equal-risk sizing or margin availability,29,252,0.0,0.0
NQ,revert-12-0.5,delay_stress,69f0ad5e89bf5a25df8f38dbc276ec7b232dab4b3f32e9a8e5cd11779c78c784,96116e60330d9634,2.5,1,0.0,0.0,5,90761e0f3b59792feaff58da8495688f20cba575442992addb11855ad5bf9453,historical_final,ok,30,830.0,-70.0,300.0,600.0,60,120,-0.0007,-2.3333333333333335,-0.005880000000000001,0.016011767224612415,-0.3672299201902951,-0.005098470458862341,"conditional complete-window sum on stated capital, not live equity or intraday drawdown",0.3104166666666667,824977.6111111111,mean across entered windows; not equal-risk sizing or margin availability,30,252,0.0,0.0
NQ,revert-12-0.5,delay_stress,69f0ad5e89bf5a25df8f38dbc276ec7b232dab4b3f32e9a8e5cd11779c78c784,96116e60330d9634,2.5,1,0.0,0.0,5,90761e0f3b59792feaff58da8495688f20cba575442992addb11855ad5bf9453,2020,ok,89,-750.0,-3600.0,950.0,1900.0,190,380,-0.036,-40.449438202247194,-0.10193258426966294,0.01565408999935369,-6.511562427063562,-0.0401,"conditional complete-window sum on stated capital, not live equity or intraday drawdown",0.31203183520599254,533304.0996168582,mean across entered windows; not equal-risk sizing or margin availability,89,252,0.0,0.0
NQ,revert-12-0.5,combined_stress,69f0ad5e89bf5a25df8f38dbc276ec7b232dab4b3f32e9a8e5cd11779c78c784,25913bd83815b579,5.0,2,0.0,0.0,5,90761e0f3b59792feaff58da8495688f20cba575442992addb11855ad5bf9453,whole,ok,89,-750.0,-6450.0,1900.0,3800.0,190,380,-0.0645,-72.47191011235955,-0.18262921348314606,0.015475389454027658,-11.801267685422586,-0.06705,"conditional complete-window sum on stated capital, not live equity or intraday drawdown",0.31203183520599254,533304.0996168582,mean across entered windows; not equal-risk sizing or margin availability,89,252,0.0,0.0
NQ,revert-12-0.5,combined_stress,69f0ad5e89bf5a25df8f38dbc276ec7b232dab4b3f32e9a8e5cd11779c78c784,25913bd83815b579,5.0,2,0.0,0.0,5,90761e0f3b59792feaff58da8495688f20cba575442992addb11855ad5bf9453,development,ok,30,-770.0,-2750.0,660.0,1320.0,66,132,-0.0275,-91.66666666666667,-0.231,0.015149530549230529,-15.247997239870442,-0.0275,"conditional complete-window sum on stated capital, not live equity or intraday drawdown",0.3076388888888889,224234.41964285713,mean across entered windows; not equal-risk sizing or margin availability,30,252,0.0,0.0
NQ,revert-12-0.5,combined_stress,69f0ad5e89bf5a25df8f38dbc276ec7b232dab4b3f32e9a8e5cd11779c78c784,25913bd83815b579,5.0,2,0.0,0.0,5,90761e0f3b59792feaff58da8495688f20cba575442992addb11855ad5bf9453,validation,ok,29,-810.0,-2730.0,640.0,1280.0,64,128,-0.0273,-94.13793103448276,-0.23722758620689657,0.014010464069697188,-16.93217191284827,-0.0273,"conditional complete-window sum on stated capital, not live equity or intraday drawdown",0.3182471264367816,529984.985632184,mean across entered windows; not equal-risk sizing or margin availability,29,252,0.0,0.0
NQ,revert-12-0.5,combined_stress,69f0ad5e89bf5a25df8f38dbc276ec7b232dab4b3f32e9a8e5cd11779c78c784,25913bd83815b579,5.0,2,0.0,0.0,5,90761e0f3b59792feaff58da8495688f20cba575442992addb11855ad5bf9453,historical_final,ok,30,830.0,-970.0,600.0,1200.0,60,120,-0.0097,-32.333333333333336,-0.08148000000000001,0.015628647436347627,-5.21350298110261,-0.012398140278958157,"conditional complete-window sum on stated capital, not live equity or intraday drawdown",0.3104166666666667,824977.6111111111,mean across entered windows; not equal-risk sizing or margin availability,30,252,0.0,0.0
NQ,revert-12-0.5,combined_stress,69f0ad5e89bf5a25df8f38dbc276ec7b232dab4b3f32e9a8e5cd11779c78c784,25913bd83815b579,5.0,2,0.0,0.0,5,90761e0f3b59792feaff58da8495688f20cba575442992addb11855ad5bf9453,2020,ok,89,-750.0,-6450.0,1900.0,3800.0,190,380,-0.0645,-72.47191011235955,-0.18262921348314606,0.015475389454027658,-11.801267685422586,-0.06705,"conditional complete-window sum on stated capital, not live equity or intraday drawdown",0.31203183520599254,533304.0996168582,mean across entered windows; not equal-risk sizing or margin availability,89,252,0.0,0.0
NQ,revert-12-1,base,69f0ad5e89bf5a25df8f38dbc276ec7b232dab4b3f32e9a8e5cd11779c78c784,29145f587f729336,2.5,1,0.0,0.0,1,90761e0f3b59792feaff58da8495688f20cba575442992addb11855ad5bf9453,whole,ok,89,-475.0,-2890.0,805.0,1610.0,161,322,-0.0289,-32.47191011235955,-0.08182921348314606,0.014903681565585594,-5.490536893387446,-0.03282777888644981,"conditional complete-window sum on stated capital, not live equity or intraday drawdown",0.2816011235955056,525621.4959839357,mean across entered windows; not equal-risk sizing or margin availability,89,252,0.0,0.0
NQ,revert-12-1,base,69f0ad5e89bf5a25df8f38dbc276ec7b232dab4b3f32e9a8e5cd11779c78c784,29145f587f729336,2.5,1,0.0,0.0,1,90761e0f3b59792feaff58da8495688f20cba575442992addb11855ad5bf9453,development,ok,30,-10.0,-865.0,285.0,570.0,57,114,-0.00865,-28.833333333333332,-0.07265999999999999,0.015511376247884914,-4.684303883732284,-0.011175414089004191,"conditional complete-window sum on stated capital, not live equity or intraday drawdown",0.2673611111111111,224224.37499999997,mean across entered windows; not equal-risk sizing or margin availability,30,252,0.0,0.0
NQ,revert-12-1,base,69f0ad5e89bf5a25df8f38dbc276ec7b232dab4b3f32e9a8e5cd11779c78c784,29145f587f729336,2.5,1,0.0,0.0,1,90761e0f3b59792feaff58da8495688f20cba575442992addb11855ad5bf9453,validation,ok,29,-590.0,-1355.0,255.0,510.0,51,102,-0.01355,-46.724137931034484,-0.1177448275862069,0.01467284613812547,-8.024675409105695,-0.015048495150484951,"conditional complete-window sum on stated capital, not live equity or intraday drawdown",0.29094827586206895,534973.5714285715,mean across entered windows; not equal-risk sizing or margin availability,29,252,0.0,0.0
NQ,revert-12-1,base,69f0ad5e89bf5a25df8f38dbc276ec7b232dab4b3f32e9a8e5cd11779c78c784,29145f587f729336,2.5,1,0.0,0.0,1,90761e0f3b59792feaff58da8495688f20cba575442992addb11855ad5bf9453,historical_final,ok,30,125.0,-670.0,265.0,530.0,53,106,-0.0067,-22.333333333333332,-0.05628,0.014744612107712317,-3.816987492710113,-0.0085,"conditional complete-window sum on stated capital, not live equity or intraday drawdown",0.28680555555555554,828483.024691358,mean across entered windows; not equal-risk sizing or margin availability,30,252,0.0,0.0
NQ,revert-12-1,base,69f0ad5e89bf5a25df8f38dbc276ec7b232dab4b3f32e9a8e5cd11779c78c784,29145f587f729336,2.5,1,0.0,0.0,1,90761e0f3b59792feaff58da8495688f20cba575442992addb11855ad5bf9453,2020,ok,89,-475.0,-2890.0,805.0,1610.0,161,322,-0.0289,-32.47191011235955,-0.08182921348314606,0.014903681565585594,-5.490536893387446,-0.03282777888644981,"conditional complete-window sum on stated capital, not live equity or intraday drawdown",0.2816011235955056,525621.4959839357,mean across entered windows; not equal-risk sizing or margin availability,89,252,0.0,0.0
NQ,revert-12-1,gross_reference,69f0ad5e89bf5a25df8f38dbc276ec7b232dab4b3f32e9a8e5cd11779c78c784,ad960ef0a040e60e,0.0,0,0.0,0.0,1,90761e0f3b59792feaff58da8495688f20cba575442992addb11855ad5bf9453,whole,ok,89,-475.0,-475.0,0.0,0.0,161,322,-0.00475,-5.337078651685394,-0.013449438202247192,0.015527887364549265,-0.8661473313461014,-0.012404104812194878,"conditional complete-window sum on stated capital, not live equity or intraday drawdown",0.2816011235955056,525621.4959839357,mean across entered windows; not equal-risk sizing or margin availability,89,252,0.0,0.0
NQ,revert-12-1,gross_reference,69f0ad5e89bf5a25df8f38dbc276ec7b232dab4b3f32e9a8e5cd11779c78c784,ad960ef0a040e60e,0.0,0,0.0,0.0,1,90761e0f3b59792feaff58da8495688f20cba575442992addb11855ad5bf9453,development,ok,30,-10.0,-10.0,0.0,0.0,57,114,-0.0001,-0.3333333333333333,-0.00084,0.016360988082462585,-0.05134164243419991,-0.007671615024409684,"conditional complete-window sum on stated capital, not live equity or intraday drawdown",0.2673611111111111,224224.37499999997,mean across entered windows; not equal-risk sizing or margin availability,30,252,0.0,0.0
NQ,revert-12-1,gross_reference,69f0ad5e89bf5a25df8f38dbc276ec7b232dab4b3f32e9a8e5cd11779c78c784,ad960ef0a040e60e,0.0,0,0.0,0.0,1,90761e0f3b59792feaff58da8495688f20cba575442992addb11855ad5bf9453,validation,ok,29,-590.0,-590.0,0.0,0.0,51,102,-0.0059,-20.344827586206897,-0.05126896551724138,0.015354214292881422,-3.3390810196657794,-0.009439616421935871,"conditional complete-window sum on stated capital, not live equity or intraday drawdown",0.29094827586206895,534973.5714285715,mean across entered windows; not equal-risk sizing or margin availability,29,252,0.0,0.0
NQ,revert-12-1,gross_reference,69f0ad5e89bf5a25df8f38dbc276ec7b232dab4b3f32e9a8e5cd11779c78c784,ad960ef0a040e60e,0.0,0,0.0,0.0,1,90761e0f3b59792feaff58da8495688f20cba575442992addb11855ad5bf9453,historical_final,ok,30,125.0,125.0,0.0,0.0,53,106,0.00125,4.166666666666667,0.0105,0.015088823221407845,0.6958793171559413,-0.003892798323102261,"conditional complete-window sum on stated capital, not live equity or intraday drawdown",0.28680555555555554,828483.024691358,mean across entered windows; not equal-risk sizing or margin availability,30,252,0.0,0.0
NQ,revert-12-1,gross_reference,69f0ad5e89bf5a25df8f38dbc276ec7b232dab4b3f32e9a8e5cd11779c78c784,ad960ef0a040e60e,0.0,0,0.0,0.0,1,90761e0f3b59792feaff58da8495688f20cba575442992addb11855ad5bf9453,2020,ok,89,-475.0,-475.0,0.0,0.0,161,322,-0.00475,-5.337078651685394,-0.013449438202247192,0.015527887364549265,-0.8661473313461014,-0.012404104812194878,"conditional complete-window sum on stated capital, not live equity or intraday drawdown",0.2816011235955056,525621.4959839357,mean across entered windows; not equal-risk sizing or margin availability,89,252,0.0,0.0
NQ,revert-12-1,cost_stress,69f0ad5e89bf5a25df8f38dbc276ec7b232dab4b3f32e9a8e5cd11779c78c784,7c41d7b64c8eda2f,5.0,2,0.0,0.0,1,90761e0f3b59792feaff58da8495688f20cba575442992addb11855ad5bf9453,whole,ok,89,-475.0,-5305.0,1610.0,3220.0,161,322,-0.05305,-59.60674157303371,-0.15020898876404495,0.014581776900259719,-10.301144352398476,-0.05439832159448524,"conditional complete-window sum on stated capital, not live equity or intraday drawdown",0.2816011235955056,525621.4959839357,mean across entered windows; not equal-risk sizing or margin availability,89,252,0.0,0.0
NQ,revert-12-1,cost_stress,69f0ad5e89bf5a25df8f38dbc276ec7b232dab4b3f32e9a8e5cd11779c78c784,7c41d7b64c8eda2f,5.0,2,0.0,0.0,1,90761e0f3b59792feaff58da8495688f20cba575442992addb11855ad5bf9453,development,ok,30,-10.0,-1720.0,570.0,1140.0,57,114,-0.0172,-57.333333333333336,-0.14448,0.01504361933706848,-9.604071783709102,-0.01813277386482841,"conditional complete-window sum on stated capital, not live equity or intraday drawdown",0.2673611111111111,224224.37499999997,mean across entered windows; not equal-risk sizing or margin availability,30,252,0.0,0.0
NQ,revert-12-1,cost_stress,69f0ad5e89bf5a25df8f38dbc276ec7b232dab4b3f32e9a8e5cd11779c78c784,7c41d7b64c8eda2f,5.0,2,0.0,0.0,1,90761e0f3b59792feaff58da8495688f20cba575442992addb11855ad5bf9453,validation,ok,29,-590.0,-2120.0,510.0,1020.0,51,102,-0.0212,-73.10344827586206,-0.18422068965517238,0.014235646128281468,-12.940802826588076,-0.02155,"conditional complete-window sum on stated capital, not live equity or intraday drawdown",0.29094827586206895,534973.5714285715,mean across entered windows; not equal-risk sizing or margin availability,29,252,0.0,0.0
NQ,revert-12-1,cost_stress,69f0ad5e89bf5a25df8f38dbc276ec7b232dab4b3f32e9a8e5cd11779c78c784,7c41d7b64c8eda2f,5.0,2,0.0,0.0,1,90761e0f3b59792feaff58da8495688f20cba575442992addb11855ad5bf9453,historical_final,ok,30,125.0,-1465.0,530.0,1060.0,53,106,-0.01465,-48.833333333333336,-0.12306,0.014679567079964328,-8.383081008428421,-0.0151,"conditional complete-window sum on stated capital, not live equity or intraday drawdown",0.28680555555555554,828483.024691358,mean across entered windows; not equal-risk sizing or margin availability,30,252,0.0,0.0
NQ,revert-12-1,cost_stress,69f0ad5e89bf5a25df8f38dbc276ec7b232dab4b3f32e9a8e5cd11779c78c784,7c41d7b64c8eda2f,5.0,2,0.0,0.0,1,90761e0f3b59792feaff58da8495688f20cba575442992addb11855ad5bf9453,2020,ok,89,-475.0,-5305.0,1610.0,3220.0,161,322,-0.05305,-59.60674157303371,-0.15020898876404495,0.014581776900259719,-10.301144352398476,-0.05439832159448524,"conditional complete-window sum on stated capital, not live equity or intraday drawdown",0.2816011235955056,525621.4959839357,mean across entered windows; not equal-risk sizing or margin availability,89,252,0.0,0.0
NQ,revert-12-1,delay_stress,69f0ad5e89bf5a25df8f38dbc276ec7b232dab4b3f32e9a8e5cd11779c78c784,16d91c06aad09358,2.5,1,0.0,0.0,5,90761e0f3b59792feaff58da8495688f20cba575442992addb11855ad5bf9453,whole,ok,89,-845.0,-3215.0,790.0,1580.0,158,316,-0.03215,-36.12359550561798,-0.0910314606741573,0.015655970593342713,-5.81448848101861,-0.0359982000899955,"conditional complete-window sum on stated capital, not live equity or intraday drawdown",0.2799625468164794,525620.3413654618,mean across entered windows; not equal-risk sizing or margin availability,89,252,0.0,0.0
NQ,revert-12-1,delay_stress,69f0ad5e89bf5a25df8f38dbc276ec7b232dab4b3f32e9a8e5cd11779c78c784,16d91c06aad09358,2.5,1,0.0,0.0,5,90761e0f3b59792feaff58da8495688f20cba575442992addb11855ad5bf9453,development,ok,30,-405.0,-1245.0,280.0,560.0,56,112,-0.01245,-41.5,-0.10458,0.014552436696069268,-7.186425351587196,-0.012499375031248438,"conditional complete-window sum on stated capital, not live equity or intraday drawdown",0.2673611111111111,224223.69047619047,mean across entered windows; not equal-risk sizing or margin availability,30,252,0.0,0.0
NQ,revert-12-1,delay_stress,69f0ad5e89bf5a25df8f38dbc276ec7b232dab4b3f32e9a8e5cd11779c78c784,16d91c06aad09358,2.5,1,0.0,0.0,5,90761e0f3b59792feaff58da8495688f20cba575442992addb11855ad5bf9453,validation,ok,29,-1060.0,-1825.0,255.0,510.0,51,102,-0.01825,-62.93103448275862,-0.15858620689655173,0.015194514663590576,-10.437069587787455,-0.0184,"conditional complete-window sum on stated capital, not live equity or intraday drawdown",0.29094827586206895,534976.8154761905,mean across entered windows; not equal-risk sizing or margin availability,29,252,0.0,0.0
NQ,revert-12-1,delay_stress,69f0ad5e89bf5a25df8f38dbc276ec7b232dab4b3f32e9a8e5cd11779c78c784,16d91c06aad09358,2.5,1,0.0,0.0,5,90761e0f3b59792feaff58da8495688f20cba575442992addb11855ad5bf9453,historical_final,ok,30,620.0,-145.0,255.0,510.0,51,102,-0.00145,-4.833333333333333,-0.01218,0.01626984623626555,-0.7486241617238357,-0.00525,"conditional complete-window sum on stated capital, not live equity or intraday drawdown",0.28194444444444444,828476.8209876544,mean across entered windows; not equal-risk sizing or margin availability,30,252,0.0,0.0
NQ,revert-12-1,delay_stress,69f0ad5e89bf5a25df8f38dbc276ec7b232dab4b3f32e9a8e5cd11779c78c784,16d91c06aad09358,2.5,1,0.0,0.0,5,90761e0f3b59792feaff58da8495688f20cba575442992addb11855ad5bf9453,2020,ok,89,-845.0,-3215.0,790.0,1580.0,158,316,-0.03215,-36.12359550561798,-0.0910314606741573,0.015655970593342713,-5.81448848101861,-0.0359982000899955,"conditional complete-window sum on stated capital, not live equity or intraday drawdown",0.2799625468164794,525620.3413654618,mean across entered windows; not equal-risk sizing or margin availability,89,252,0.0,0.0
NQ,revert-12-1,combined_stress,69f0ad5e89bf5a25df8f38dbc276ec7b232dab4b3f32e9a8e5cd11779c78c784,104db78bf598cabe,5.0,2,0.0,0.0,5,90761e0f3b59792feaff58da8495688f20cba575442992addb11855ad5bf9453,whole,ok,89,-845.0,-5585.0,1580.0,3160.0,158,316,-0.05585,-62.752808988764045,-0.1581370786516854,0.015670714637248798,-10.091248696201673,-0.05825,"conditional complete-window sum on stated capital, not live equity or intraday drawdown",0.2799625468164794,525620.3413654618,mean across entered windows; not equal-risk sizing or margin availability,89,252,0.0,0.0
NQ,revert-12-1,combined_stress,69f0ad5e89bf5a25df8f38dbc276ec7b232dab4b3f32e9a8e5cd11779c78c784,104db78bf598cabe,5.0,2,0.0,0.0,5,90761e0f3b59792feaff58da8495688f20cba575442992addb11855ad5bf9453,development,ok,30,-405.0,-2085.0,560.0,1120.0,56,112,-0.02085,-69.5,-0.17514,0.014679073775158695,-11.93127050675284,-0.02085,"conditional complete-window sum on stated capital, not live equity or intraday drawdown",0.2673611111111111,224223.69047619047,mean across entered windows; not equal-risk sizing or margin availability,30,252,0.0,0.0
NQ,revert-12-1,combined_stress,69f0ad5e89bf5a25df8f38dbc276ec7b232dab4b3f32e9a8e5cd11779c78c784,104db78bf598cabe,5.0,2,0.0,0.0,5,90761e0f3b59792feaff58da8495688f20cba575442992addb11855ad5bf9453,validation,ok,29,-1060.0,-2590.0,510.0,1020.0,51,102,-0.0259,-89.3103448275862,-0.22506206896551725,0.01516369302666394,-14.842167311733798,-0.0259,"conditional complete-window sum on stated capital, not live equity or intraday drawdown",0.29094827586206895,534976.8154761905,mean across entered windows; not equal-risk sizing or margin availability,29,252,0.0,0.0
NQ,revert-12-1,combined_stress,69f0ad5e89bf5a25df8f38dbc276ec7b232dab4b3f32e9a8e5cd11779c78c784,104db78bf598cabe,5.0,2,0.0,0.0,5,90761e0f3b59792feaff58da8495688f20cba575442992addb11855ad5bf9453,historical_final,ok,30,620.0,-910.0,510.0,1020.0,51,102,-0.0091,-30.333333333333332,-0.07644,0.01616596680556473,-4.728452119157354,-0.0115,"conditional complete-window sum on stated capital, not live equity or intraday drawdown",0.28194444444444444,828476.8209876544,mean across entered windows; not equal-risk sizing or margin availability,30,252,0.0,0.0
NQ,revert-12-1,combined_stress,69f0ad5e89bf5a25df8f38dbc276ec7b232dab4b3f32e9a8e5cd11779c78c784,104db78bf598cabe,5.0,2,0.0,0.0,5,90761e0f3b59792feaff58da8495688f20cba575442992addb11855ad5bf9453,2020,ok,89,-845.0,-5585.0,1580.0,3160.0,158,316,-0.05585,-62.752808988764045,-0.1581370786516854,0.015670714637248798,-10.091248696201673,-0.05825,"conditional complete-window sum on stated capital, not live equity or intraday drawdown",0.2799625468164794,525620.3413654618,mean across entered windows; not equal-risk sizing or margin availability,89,252,0.0,0.0
NQ,revert-12-1.5,base,69f0ad5e89bf5a25df8f38dbc276ec7b232dab4b3f32e9a8e5cd11779c78c784,4e65a617ba49d2ff,2.5,1,0.0,0.0,1,90761e0f3b59792feaff58da8495688f20cba575442992addb11855ad5bf9453,whole,ok,89,485.0,-1450.0,645.0,1290.0,129,258,-0.0145,-16.292134831460675,-0.04105617977528091,0.013775573488003729,-2.980360840224483,-0.02005687771291723,"conditional complete-window sum on stated capital, not live equity or intraday drawdown",0.23314606741573032,532817.3854166666,mean across entered windows; not equal-risk sizing or margin availability,89,252,0.0,0.0
NQ,revert-12-1.5,base,69f0ad5e89bf5a25df8f38dbc276ec7b232dab4b3f32e9a8e5cd11779c78c784,4e65a617ba49d2ff,2.5,1,0.0,0.0,1,90761e0f3b59792feaff58da8495688f20cba575442992addb11855ad5bf9453,development,ok,30,240.0,-405.0,215.0,430.0,43,86,-0.00405,-13.5,-0.03402,0.011460831347350584,-2.9683710517094775,-0.006436162251160006,"conditional complete-window sum on stated capital, not live equity or intraday drawdown",0.20972222222222223,211116.4,mean across entered windows; not equal-risk sizing or margin availability,30,252,0.0,0.0
NQ,revert-12-1.5,base,69f0ad5e89bf5a25df8f38dbc276ec7b232dab4b3f32e9a8e5cd11779c78c784,4e65a617ba49d2ff,2.5,1,0.0,0.0,1,90761e0f3b59792feaff58da8495688f20cba575442992addb11855ad5bf9453,validation,ok,29,-480.0,-1110.0,210.0,420.0,42,84,-0.0111,-38.275862068965516,-0.09645517241379309,0.014002764505379052,-6.888294977519661,-0.01185,"conditional complete-window sum on stated capital, not live equity or intraday drawdown",0.2535919540229885,534964.494047619,mean across entered windows; not equal-risk sizing or margin availability,29,252,0.0,0.0
NQ,revert-12-1.5,base,69f0ad5e89bf5a25df8f38dbc276ec7b232dab4b3f32e9a8e5cd11779c78c784,4e65a617ba49d2ff,2.5,1,0.0,0.0,1,90761e0f3b59792feaff58da8495688f20cba575442992addb11855ad5bf9453,historical_final,ok,30,725.0,65.0,220.0,440.0,44,88,0.00065,2.1666666666666665,0.00546,0.01529417400910195,0.3569986843846955,-0.003146853146853147,"conditional complete-window sum on stated capital, not live equity or intraday drawdown",0.23680555555555555,828462.0370370371,mean across entered windows; not equal-risk sizing or margin availability,30,252,0.0,0.0
NQ,revert-12-1.5,base,69f0ad5e89bf5a25df8f38dbc276ec7b232dab4b3f32e9a8e5cd11779c78c784,4e65a617ba49d2ff,2.5,1,0.0,0.0,1,90761e0f3b59792feaff58da8495688f20cba575442992addb11855ad5bf9453,2020,ok,89,485.0,-1450.0,645.0,1290.0,129,258,-0.0145,-16.292134831460675,-0.04105617977528091,0.013775573488003729,-2.980360840224483,-0.02005687771291723,"conditional complete-window sum on stated capital, not live equity or intraday drawdown",0.23314606741573032,532817.3854166666,mean across entered windows; not equal-risk sizing or margin availability,89,252,0.0,0.0
NQ,revert-12-1.5,gross_reference,69f0ad5e89bf5a25df8f38dbc276ec7b232dab4b3f32e9a8e5cd11779c78c784,90e8435775eb0625,0.0,0,0.0,0.0,1,90761e0f3b59792feaff58da8495688f20cba575442992addb11855ad5bf9453,whole,ok,89,485.0,485.0,0.0,0.0,129,258,0.00485,5.449438202247191,0.013732584269662923,0.014110403546791982,0.9732240629492871,-0.008759269397302543,"conditional complete-window sum on stated capital, not live equity or intraday drawdown",0.23314606741573032,532817.3854166666,mean across entered windows; not equal-risk sizing or margin availability,89,252,0.0,0.0
NQ,revert-12-1.5,gross_reference,69f0ad5e89bf5a25df8f38dbc276ec7b232dab4b3f32e9a8e5cd11779c78c784,90e8435775eb0625,0.0,0,0.0,0.0,1,90761e0f3b59792feaff58da8495688f20cba575442992addb11855ad5bf9453,development,ok,30,240.0,240.0,0.0,0.0,43,86,0.0024,8.0,0.02016,0.011753643602348783,1.715212803965856,-0.004386402153324693,"conditional complete-window sum on stated capital, not live equity or intraday drawdown",0.20972222222222223,211116.4,mean across entered windows; not equal-risk sizing or margin availability,30,252,0.0,0.0
NQ,revert-12-1.5,gross_reference,69f0ad5e89bf5a25df8f38dbc276ec7b232dab4b3f32e9a8e5cd11779c78c784,90e8435775eb0625,0.0,0,0.0,0.0,1,90761e0f3b59792feaff58da8495688f20cba575442992addb11855ad5bf9453,validation,ok,29,-480.0,-480.0,0.0,0.0,42,84,-0.0048,-16.551724137931036,-0.041710344827586204,0.014407971931275191,-2.8949490619874214,-0.008231479171863308,"conditional complete-window sum on stated capital, not live equity or intraday drawdown",0.2535919540229885,534964.494047619,mean across entered windows; not equal-risk sizing or margin availability,29,252,0.0,0.0
NQ,revert-12-1.5,gross_reference,69f0ad5e89bf5a25df8f38dbc276ec7b232dab4b3f32e9a8e5cd11779c78c784,90e8435775eb0625,0.0,0,0.0,0.0,1,90761e0f3b59792feaff58da8495688f20cba575442992addb11855ad5bf9453,historical_final,ok,30,725.0,725.0,0.0,0.0,44,88,0.00725,24.166666666666668,0.0609,0.015623573038289245,3.8979559829720265,-0.0026904489063823427,"conditional complete-window sum on stated capital, not live equity or intraday drawdown",0.23680555555555555,828462.0370370371,mean across entered windows; not equal-risk sizing or margin availability,30,252,0.0,0.0
NQ,revert-12-1.5,gross_reference,69f0ad5e89bf5a25df8f38dbc276ec7b232dab4b3f32e9a8e5cd11779c78c784,90e8435775eb0625,0.0,0,0.0,0.0,1,90761e0f3b59792feaff58da8495688f20cba575442992addb11855ad5bf9453,2020,ok,89,485.0,485.0,0.0,0.0,129,258,0.00485,5.449438202247191,0.013732584269662923,0.014110403546791982,0.9732240629492871,-0.008759269397302543,"conditional complete-window sum on stated capital, not live equity or intraday drawdown",0.23314606741573032,532817.3854166666,mean across entered windows; not equal-risk sizing or margin availability,89,252,0.0,0.0
NQ,revert-12-1.5,cost_stress,69f0ad5e89bf5a25df8f38dbc276ec7b232dab4b3f32e9a8e5cd11779c78c784,823ad11be97ff937,5.0,2,0.0,0.0,1,90761e0f3b59792feaff58da8495688f20cba575442992addb11855ad5bf9453,whole,ok,89,485.0,-3385.0,1290.0,2580.0,129,258,-0.03385,-38.03370786516854,-0.09584494382022472,0.013679662513981292,-7.006382191246783,-0.036604244694132336,"conditional complete-window sum on stated capital, not live equity or intraday drawdown",0.23314606741573032,532817.3854166666,mean across entered windows; not equal-risk sizing or margin availability,89,252,0.0,0.0
NQ,revert-12-1.5,cost_stress,69f0ad5e89bf5a25df8f38dbc276ec7b232dab4b3f32e9a8e5cd11779c78c784,823ad11be97ff937,5.0,2,0.0,0.0,1,90761e0f3b59792feaff58da8495688f20cba575442992addb11855ad5bf9453,development,ok,30,240.0,-1050.0,430.0,860.0,43,86,-0.0105,-35.0,-0.0882,0.011494616431032039,-7.6731573018727515,-0.011735330836454432,"conditional complete-window sum on stated capital, not live equity or intraday drawdown",0.20972222222222223,211116.4,mean across entered windows; not equal-risk sizing or margin availability,30,252,0.0,0.0
NQ,revert-12-1.5,cost_stress,69f0ad5e89bf5a25df8f38dbc276ec7b232dab4b3f32e9a8e5cd11779c78c784,823ad11be97ff937,5.0,2,0.0,0.0,1,90761e0f3b59792feaff58da8495688f20cba575442992addb11855ad5bf9453,validation,ok,29,-480.0,-1740.0,420.0,840.0,42,84,-0.0174,-60.0,-0.15119999999999997,0.013809779143780685,-10.948763077655288,-0.01775,"conditional complete-window sum on stated capital, not live equity or intraday drawdown",0.2535919540229885,534964.494047619,mean across entered windows; not equal-risk sizing or margin availability,29,252,0.0,0.0
NQ,revert-12-1.5,cost_stress,69f0ad5e89bf5a25df8f38dbc276ec7b232dab4b3f32e9a8e5cd11779c78c784,823ad11be97ff937,5.0,2,0.0,0.0,1,90761e0f3b59792feaff58da8495688f20cba575442992addb11855ad5bf9453,historical_final,ok,30,725.0,-595.0,440.0,880.0,44,88,-0.00595,-19.833333333333332,-0.04998,0.015184121697488399,-3.291596379148303,-0.0075,"conditional complete-window sum on stated capital, not live equity or intraday drawdown",0.23680555555555555,828462.0370370371,mean across entered windows; not equal-risk sizing or margin availability,30,252,0.0,0.0
NQ,revert-12-1.5,cost_stress,69f0ad5e89bf5a25df8f38dbc276ec7b232dab4b3f32e9a8e5cd11779c78c784,823ad11be97ff937,5.0,2,0.0,0.0,1,90761e0f3b59792feaff58da8495688f20cba575442992addb11855ad5bf9453,2020,ok,89,485.0,-3385.0,1290.0,2580.0,129,258,-0.03385,-38.03370786516854,-0.09584494382022472,0.013679662513981292,-7.006382191246783,-0.036604244694132336,"conditional complete-window sum on stated capital, not live equity or intraday drawdown",0.23314606741573032,532817.3854166666,mean across entered windows; not equal-risk sizing or margin availability,89,252,0.0,0.0
NQ,revert-12-1.5,delay_stress,69f0ad5e89bf5a25df8f38dbc276ec7b232dab4b3f32e9a8e5cd11779c78c784,cfb05570d640709b,2.5,1,0.0,0.0,5,90761e0f3b59792feaff58da8495688f20cba575442992addb11855ad5bf9453,whole,ok,89,-365.0,-2240.0,625.0,1250.0,125,250,-0.0224,-25.168539325842698,-0.0634247191011236,0.014808906369653655,-4.282876636393167,-0.02599220233929821,"conditional complete-window sum on stated capital, not live equity or intraday drawdown",0.22940074906367042,535071.2072649574,mean across entered windows; not equal-risk sizing or margin availability,89,252,0.0,0.0
NQ,revert-12-1.5,delay_stress,69f0ad5e89bf5a25df8f38dbc276ec7b232dab4b3f32e9a8e5cd11779c78c784,cfb05570d640709b,2.5,1,0.0,0.0,5,90761e0f3b59792feaff58da8495688f20cba575442992addb11855ad5bf9453,development,ok,30,-245.0,-875.0,210.0,420.0,42,84,-0.00875,-29.166666666666668,-0.07350000000000001,0.013268610872384443,-5.539389217674123,-0.009047285814255724,"conditional complete-window sum on stated capital, not live equity or intraday drawdown",0.20694444444444443,215747.91666666666,mean across entered windows; not equal-risk sizing or margin availability,30,252,0.0,0.0
NQ,revert-12-1.5,delay_stress,69f0ad5e89bf5a25df8f38dbc276ec7b232dab4b3f32e9a8e5cd11779c78c784,cfb05570d640709b,2.5,1,0.0,0.0,5,90761e0f3b59792feaff58da8495688f20cba575442992addb11855ad5bf9453,validation,ok,29,-685.0,-1300.0,205.0,410.0,41,82,-0.013,-44.827586206896555,-0.11296551724137932,0.014383557422902411,-7.853795408186606,-0.014048595140485952,"conditional complete-window sum on stated capital, not live equity or intraday drawdown",0.25,534965.0297619047,mean across entered windows; not equal-risk sizing or margin availability,29,252,0.0,0.0
NQ,revert-12-1.5,delay_stress,69f0ad5e89bf5a25df8f38dbc276ec7b232dab4b3f32e9a8e5cd11779c78c784,cfb05570d640709b,2.5,1,0.0,0.0,5,90761e0f3b59792feaff58da8495688f20cba575442992addb11855ad5bf9453,historical_final,ok,30,565.0,-65.0,210.0,420.0,42,84,-0.00065,-2.1666666666666665,-0.00546,0.016300794353396528,-0.33495300177578907,-0.00395,"conditional complete-window sum on stated capital, not live equity or intraday drawdown",0.23194444444444445,829945.5128205129,mean across entered windows; not equal-risk sizing or margin availability,30,252,0.0,0.0
NQ,revert-12-1.5,delay_stress,69f0ad5e89bf5a25df8f38dbc276ec7b232dab4b3f32e9a8e5cd11779c78c784,cfb05570d640709b,2.5,1,0.0,0.0,5,90761e0f3b59792feaff58da8495688f20cba575442992addb11855ad5bf9453,2020,ok,89,-365.0,-2240.0,625.0,1250.0,125,250,-0.0224,-25.168539325842698,-0.0634247191011236,0.014808906369653655,-4.282876636393167,-0.02599220233929821,"conditional complete-window sum on stated capital, not live equity or intraday drawdown",0.22940074906367042,535071.2072649574,mean across entered windows; not equal-risk sizing or margin availability,89,252,0.0,0.0
NQ,revert-12-1.5,combined_stress,69f0ad5e89bf5a25df8f38dbc276ec7b232dab4b3f32e9a8e5cd11779c78c784,e181e4738b5aee31,5.0,2,0.0,0.0,5,90761e0f3b59792feaff58da8495688f20cba575442992addb11855ad5bf9453,whole,ok,89,-365.0,-4115.0,1250.0,2500.0,125,250,-0.04115,-46.235955056179776,-0.11651460674157305,0.015000474966943952,-7.767394499063024,-0.04285,"conditional complete-window sum on stated capital, not live equity or intraday drawdown",0.22940074906367042,535071.2072649574,mean across entered windows; not equal-risk sizing or margin availability,89,252,0.0,0.0
NQ,revert-12-1.5,combined_stress,69f0ad5e89bf5a25df8f38dbc276ec7b232dab4b3f32e9a8e5cd11779c78c784,e181e4738b5aee31,5.0,2,0.0,0.0,5,90761e0f3b59792feaff58da8495688f20cba575442992addb11855ad5bf9453,development,ok,30,-245.0,-1505.0,420.0,840.0,42,84,-0.01505,-50.166666666666664,-0.12642,0.013525466401544546,-9.34681261605614,-0.01505,"conditional complete-window sum on stated capital, not live equity or intraday drawdown",0.20694444444444443,215747.91666666666,mean across entered windows; not equal-risk sizing or margin availability,30,252,0.0,0.0
NQ,revert-12-1.5,combined_stress,69f0ad5e89bf5a25df8f38dbc276ec7b232dab4b3f32e9a8e5cd11779c78c784,e181e4738b5aee31,5.0,2,0.0,0.0,5,90761e0f3b59792feaff58da8495688f20cba575442992addb11855ad5bf9453,validation,ok,29,-685.0,-1915.0,410.0,820.0,41,82,-0.01915,-66.03448275862068,-0.1664068965517241,0.014490930576243795,-11.483520376843776,-0.0198,"conditional complete-window sum on stated capital, not live equity or intraday drawdown",0.25,534965.0297619047,mean across entered windows; not equal-risk sizing or margin availability,29,252,0.0,0.0
NQ,revert-12-1.5,combined_stress,69f0ad5e89bf5a25df8f38dbc276ec7b232dab4b3f32e9a8e5cd11779c78c784,e181e4738b5aee31,5.0,2,0.0,0.0,5,90761e0f3b59792feaff58da8495688f20cba575442992addb11855ad5bf9453,historical_final,ok,30,565.0,-695.0,420.0,840.0,42,84,-0.00695,-23.166666666666668,-0.05838,0.01652159402011553,-3.5335573509989793,-0.00865,"conditional complete-window sum on stated capital, not live equity or intraday drawdown",0.23194444444444445,829945.5128205129,mean across entered windows; not equal-risk sizing or margin availability,30,252,0.0,0.0
NQ,revert-12-1.5,combined_stress,69f0ad5e89bf5a25df8f38dbc276ec7b232dab4b3f32e9a8e5cd11779c78c784,e181e4738b5aee31,5.0,2,0.0,0.0,5,90761e0f3b59792feaff58da8495688f20cba575442992addb11855ad5bf9453,2020,ok,89,-365.0,-4115.0,1250.0,2500.0,125,250,-0.04115,-46.235955056179776,-0.11651460674157305,0.015000474966943952,-7.767394499063024,-0.04285,"conditional complete-window sum on stated capital, not live equity or intraday drawdown",0.22940074906367042,535071.2072649574,mean across entered windows; not equal-risk sizing or margin availability,89,252,0.0,0.0
NQ,flat,base,69f0ad5e89bf5a25df8f38dbc276ec7b232dab4b3f32e9a8e5cd11779c78c784,c740bb94501165f7,2.5,1,0.0,0.0,1,90761e0f3b59792feaff58da8495688f20cba575442992addb11855ad5bf9453,whole,ok,89,0.0,0.0,0.0,0.0,0,0,0.0,0.0,0.0,0.0,,0.0,"conditional complete-window sum on stated capital, not live equity or intraday drawdown",0.0,0.0,mean across entered windows; not equal-risk sizing or margin availability,89,252,0.0,0.0
NQ,flat,base,69f0ad5e89bf5a25df8f38dbc276ec7b232dab4b3f32e9a8e5cd11779c78c784,c740bb94501165f7,2.5,1,0.0,0.0,1,90761e0f3b59792feaff58da8495688f20cba575442992addb11855ad5bf9453,development,ok,30,0.0,0.0,0.0,0.0,0,0,0.0,0.0,0.0,0.0,,0.0,"conditional complete-window sum on stated capital, not live equity or intraday drawdown",0.0,0.0,mean across entered windows; not equal-risk sizing or margin availability,30,252,0.0,0.0
NQ,flat,base,69f0ad5e89bf5a25df8f38dbc276ec7b232dab4b3f32e9a8e5cd11779c78c784,c740bb94501165f7,2.5,1,0.0,0.0,1,90761e0f3b59792feaff58da8495688f20cba575442992addb11855ad5bf9453,validation,ok,29,0.0,0.0,0.0,0.0,0,0,0.0,0.0,0.0,0.0,,0.0,"conditional complete-window sum on stated capital, not live equity or intraday drawdown",0.0,0.0,mean across entered windows; not equal-risk sizing or margin availability,29,252,0.0,0.0
NQ,flat,base,69f0ad5e89bf5a25df8f38dbc276ec7b232dab4b3f32e9a8e5cd11779c78c784,c740bb94501165f7,2.5,1,0.0,0.0,1,90761e0f3b59792feaff58da8495688f20cba575442992addb11855ad5bf9453,historical_final,ok,30,0.0,0.0,0.0,0.0,0,0,0.0,0.0,0.0,0.0,,0.0,"conditional complete-window sum on stated capital, not live equity or intraday drawdown",0.0,0.0,mean across entered windows; not equal-risk sizing or margin availability,30,252,0.0,0.0
NQ,flat,base,69f0ad5e89bf5a25df8f38dbc276ec7b232dab4b3f32e9a8e5cd11779c78c784,c740bb94501165f7,2.5,1,0.0,0.0,1,90761e0f3b59792feaff58da8495688f20cba575442992addb11855ad5bf9453,2020,ok,89,0.0,0.0,0.0,0.0,0,0,0.0,0.0,0.0,0.0,,0.0,"conditional complete-window sum on stated capital, not live equity or intraday drawdown",0.0,0.0,mean across entered windows; not equal-risk sizing or margin availability,89,252,0.0,0.0
NQ,flat,gross_reference,69f0ad5e89bf5a25df8f38dbc276ec7b232dab4b3f32e9a8e5cd11779c78c784,9c87b7649396c3b1,0.0,0,0.0,0.0,1,90761e0f3b59792feaff58da8495688f20cba575442992addb11855ad5bf9453,whole,ok,89,0.0,0.0,0.0,0.0,0,0,0.0,0.0,0.0,0.0,,0.0,"conditional complete-window sum on stated capital, not live equity or intraday drawdown",0.0,0.0,mean across entered windows; not equal-risk sizing or margin availability,89,252,0.0,0.0
NQ,flat,gross_reference,69f0ad5e89bf5a25df8f38dbc276ec7b232dab4b3f32e9a8e5cd11779c78c784,9c87b7649396c3b1,0.0,0,0.0,0.0,1,90761e0f3b59792feaff58da8495688f20cba575442992addb11855ad5bf9453,development,ok,30,0.0,0.0,0.0,0.0,0,0,0.0,0.0,0.0,0.0,,0.0,"conditional complete-window sum on stated capital, not live equity or intraday drawdown",0.0,0.0,mean across entered windows; not equal-risk sizing or margin availability,30,252,0.0,0.0
NQ,flat,gross_reference,69f0ad5e89bf5a25df8f38dbc276ec7b232dab4b3f32e9a8e5cd11779c78c784,9c87b7649396c3b1,0.0,0,0.0,0.0,1,90761e0f3b59792feaff58da8495688f20cba575442992addb11855ad5bf9453,validation,ok,29,0.0,0.0,0.0,0.0,0,0,0.0,0.0,0.0,0.0,,0.0,"conditional complete-window sum on stated capital, not live equity or intraday drawdown",0.0,0.0,mean across entered windows; not equal-risk sizing or margin availability,29,252,0.0,0.0
NQ,flat,gross_reference,69f0ad5e89bf5a25df8f38dbc276ec7b232dab4b3f32e9a8e5cd11779c78c784,9c87b7649396c3b1,0.0,0,0.0,0.0,1,90761e0f3b59792feaff58da8495688f20cba575442992addb11855ad5bf9453,historical_final,ok,30,0.0,0.0,0.0,0.0,0,0,0.0,0.0,0.0,0.0,,0.0,"conditional complete-window sum on stated capital, not live equity or intraday drawdown",0.0,0.0,mean across entered windows; not equal-risk sizing or margin availability,30,252,0.0,0.0
NQ,flat,gross_reference,69f0ad5e89bf5a25df8f38dbc276ec7b232dab4b3f32e9a8e5cd11779c78c784,9c87b7649396c3b1,0.0,0,0.0,0.0,1,90761e0f3b59792feaff58da8495688f20cba575442992addb11855ad5bf9453,2020,ok,89,0.0,0.0,0.0,0.0,0,0,0.0,0.0,0.0,0.0,,0.0,"conditional complete-window sum on stated capital, not live equity or intraday drawdown",0.0,0.0,mean across entered windows; not equal-risk sizing or margin availability,89,252,0.0,0.0
NQ,flat,cost_stress,69f0ad5e89bf5a25df8f38dbc276ec7b232dab4b3f32e9a8e5cd11779c78c784,a94012182bd280e7,5.0,2,0.0,0.0,1,90761e0f3b59792feaff58da8495688f20cba575442992addb11855ad5bf9453,whole,ok,89,0.0,0.0,0.0,0.0,0,0,0.0,0.0,0.0,0.0,,0.0,"conditional complete-window sum on stated capital, not live equity or intraday drawdown",0.0,0.0,mean across entered windows; not equal-risk sizing or margin availability,89,252,0.0,0.0
NQ,flat,cost_stress,69f0ad5e89bf5a25df8f38dbc276ec7b232dab4b3f32e9a8e5cd11779c78c784,a94012182bd280e7,5.0,2,0.0,0.0,1,90761e0f3b59792feaff58da8495688f20cba575442992addb11855ad5bf9453,development,ok,30,0.0,0.0,0.0,0.0,0,0,0.0,0.0,0.0,0.0,,0.0,"conditional complete-window sum on stated capital, not live equity or intraday drawdown",0.0,0.0,mean across entered windows; not equal-risk sizing or margin availability,30,252,0.0,0.0
NQ,flat,cost_stress,69f0ad5e89bf5a25df8f38dbc276ec7b232dab4b3f32e9a8e5cd11779c78c784,a94012182bd280e7,5.0,2,0.0,0.0,1,90761e0f3b59792feaff58da8495688f20cba575442992addb11855ad5bf9453,validation,ok,29,0.0,0.0,0.0,0.0,0,0,0.0,0.0,0.0,0.0,,0.0,"conditional complete-window sum on stated capital, not live equity or intraday drawdown",0.0,0.0,mean across entered windows; not equal-risk sizing or margin availability,29,252,0.0,0.0
NQ,flat,cost_stress,69f0ad5e89bf5a25df8f38dbc276ec7b232dab4b3f32e9a8e5cd11779c78c784,a94012182bd280e7,5.0,2,0.0,0.0,1,90761e0f3b59792feaff58da8495688f20cba575442992addb11855ad5bf9453,historical_final,ok,30,0.0,0.0,0.0,0.0,0,0,0.0,0.0,0.0,0.0,,0.0,"conditional complete-window sum on stated capital, not live equity or intraday drawdown",0.0,0.0,mean across entered windows; not equal-risk sizing or margin availability,30,252,0.0,0.0
NQ,flat,cost_stress,69f0ad5e89bf5a25df8f38dbc276ec7b232dab4b3f32e9a8e5cd11779c78c784,a94012182bd280e7,5.0,2,0.0,0.0,1,90761e0f3b59792feaff58da8495688f20cba575442992addb11855ad5bf9453,2020,ok,89,0.0,0.0,0.0,0.0,0,0,0.0,0.0,0.0,0.0,,0.0,"conditional complete-window sum on stated capital, not live equity or intraday drawdown",0.0,0.0,mean across entered windows; not equal-risk sizing or margin availability,89,252,0.0,0.0
NQ,flat,delay_stress,69f0ad5e89bf5a25df8f38dbc276ec7b232dab4b3f32e9a8e5cd11779c78c784,72d0339fd8843c6e,2.5,1,0.0,0.0,5,90761e0f3b59792feaff58da8495688f20cba575442992addb11855ad5bf9453,whole,ok,89,0.0,0.0,0.0,0.0,0,0,0.0,0.0,0.0,0.0,,0.0,"conditional complete-window sum on stated capital, not live equity or intraday drawdown",0.0,0.0,mean across entered windows; not equal-risk sizing or margin availability,89,252,0.0,0.0
NQ,flat,delay_stress,69f0ad5e89bf5a25df8f38dbc276ec7b232dab4b3f32e9a8e5cd11779c78c784,72d0339fd8843c6e,2.5,1,0.0,0.0,5,90761e0f3b59792feaff58da8495688f20cba575442992addb11855ad5bf9453,development,ok,30,0.0,0.0,0.0,0.0,0,0,0.0,0.0,0.0,0.0,,0.0,"conditional complete-window sum on stated capital, not live equity or intraday drawdown",0.0,0.0,mean across entered windows; not equal-risk sizing or margin availability,30,252,0.0,0.0
NQ,flat,delay_stress,69f0ad5e89bf5a25df8f38dbc276ec7b232dab4b3f32e9a8e5cd11779c78c784,72d0339fd8843c6e,2.5,1,0.0,0.0,5,90761e0f3b59792feaff58da8495688f20cba575442992addb11855ad5bf9453,validation,ok,29,0.0,0.0,0.0,0.0,0,0,0.0,0.0,0.0,0.0,,0.0,"conditional complete-window sum on stated capital, not live equity or intraday drawdown",0.0,0.0,mean across entered windows; not equal-risk sizing or margin availability,29,252,0.0,0.0
NQ,flat,delay_stress,69f0ad5e89bf5a25df8f38dbc276ec7b232dab4b3f32e9a8e5cd11779c78c784,72d0339fd8843c6e,2.5,1,0.0,0.0,5,90761e0f3b59792feaff58da8495688f20cba575442992addb11855ad5bf9453,historical_final,ok,30,0.0,0.0,0.0,0.0,0,0,0.0,0.0,0.0,0.0,,0.0,"conditional complete-window sum on stated capital, not live equity or intraday drawdown",0.0,0.0,mean across entered windows; not equal-risk sizing or margin availability,30,252,0.0,0.0
NQ,flat,delay_stress,69f0ad5e89bf5a25df8f38dbc276ec7b232dab4b3f32e9a8e5cd11779c78c784,72d0339fd8843c6e,2.5,1,0.0,0.0,5,90761e0f3b59792feaff58da8495688f20cba575442992addb11855ad5bf9453,2020,ok,89,0.0,0.0,0.0,0.0,0,0,0.0,0.0,0.0,0.0,,0.0,"conditional complete-window sum on stated capital, not live equity or intraday drawdown",0.0,0.0,mean across entered windows; not equal-risk sizing or margin availability,89,252,0.0,0.0
NQ,flat,combined_stress,69f0ad5e89bf5a25df8f38dbc276ec7b232dab4b3f32e9a8e5cd11779c78c784,70362b410b3defc9,5.0,2,0.0,0.0,5,90761e0f3b59792feaff58da8495688f20cba575442992addb11855ad5bf9453,whole,ok,89,0.0,0.0,0.0,0.0,0,0,0.0,0.0,0.0,0.0,,0.0,"conditional complete-window sum on stated capital, not live equity or intraday drawdown",0.0,0.0,mean across entered windows; not equal-risk sizing or margin availability,89,252,0.0,0.0
NQ,flat,combined_stress,69f0ad5e89bf5a25df8f38dbc276ec7b232dab4b3f32e9a8e5cd11779c78c784,70362b410b3defc9,5.0,2,0.0,0.0,5,90761e0f3b59792feaff58da8495688f20cba575442992addb11855ad5bf9453,development,ok,30,0.0,0.0,0.0,0.0,0,0,0.0,0.0,0.0,0.0,,0.0,"conditional complete-window sum on stated capital, not live equity or intraday drawdown",0.0,0.0,mean across entered windows; not equal-risk sizing or margin availability,30,252,0.0,0.0
NQ,flat,combined_stress,69f0ad5e89bf5a25df8f38dbc276ec7b232dab4b3f32e9a8e5cd11779c78c784,70362b410b3defc9,5.0,2,0.0,0.0,5,90761e0f3b59792feaff58da8495688f20cba575442992addb11855ad5bf9453,validation,ok,29,0.0,0.0,0.0,0.0,0,0,0.0,0.0,0.0,0.0,,0.0,"conditional complete-window sum on stated capital, not live equity or intraday drawdown",0.0,0.0,mean across entered windows; not equal-risk sizing or margin availability,29,252,0.0,0.0
NQ,flat,combined_stress,69f0ad5e89bf5a25df8f38dbc276ec7b232dab4b3f32e9a8e5cd11779c78c784,70362b410b3defc9,5.0,2,0.0,0.0,5,90761e0f3b59792feaff58da8495688f20cba575442992addb11855ad5bf9453,historical_final,ok,30,0.0,0.0,0.0,0.0,0,0,0.0,0.0,0.0,0.0,,0.0,"conditional complete-window sum on stated capital, not live equity or intraday drawdown",0.0,0.0,mean across entered windows; not equal-risk sizing or margin availability,30,252,0.0,0.0
NQ,flat,combined_stress,69f0ad5e89bf5a25df8f38dbc276ec7b232dab4b3f32e9a8e5cd11779c78c784,70362b410b3defc9,5.0,2,0.0,0.0,5,90761e0f3b59792feaff58da8495688f20cba575442992addb11855ad5bf9453,2020,ok,89,0.0,0.0,0.0,0.0,0,0,0.0,0.0,0.0,0.0,,0.0,"conditional complete-window sum on stated capital, not live equity or intraday drawdown",0.0,0.0,mean across entered windows; not equal-risk sizing or margin availability,89,252,0.0,0.0
NQ,intraday_long,base,69f0ad5e89bf5a25df8f38dbc276ec7b232dab4b3f32e9a8e5cd11779c78c784,2760f35c9c7a7dc3,2.5,1,0.0,0.0,1,90761e0f3b59792feaff58da8495688f20cba575442992addb11855ad5bf9453,whole,ok,89,-1805.0,-3140.0,445.0,890.0,89,178,-0.0314,-35.28089887640449,-0.08890786516853932,0.024483963451453993,-3.631269314088912,-0.0419388620156585,"conditional complete-window sum on stated capital, not live equity or intraday drawdown",0.7083333333333334,526626.5730337079,mean across entered windows; not equal-risk sizing or margin availability,89,252,0.0,0.0
NQ,intraday_long,base,69f0ad5e89bf5a25df8f38dbc276ec7b232dab4b3f32e9a8e5cd11779c78c784,2760f35c9c7a7dc3,2.5,1,0.0,0.0,1,90761e0f3b59792feaff58da8495688f20cba575442992addb11855ad5bf9453,development,ok,30,-665.0,-1115.0,150.0,300.0,30,60,-0.01115,-37.166666666666664,-0.09366,0.02170874684672454,-4.314389985810334,-0.014810751508502468,"conditional complete-window sum on stated capital, not live equity or intraday drawdown",0.7083333333333334,224980.66666666666,mean across entered windows; not equal-risk sizing or margin availability,30,252,0.0,0.0
NQ,intraday_long,base,69f0ad5e89bf5a25df8f38dbc276ec7b232dab4b3f32e9a8e5cd11779c78c784,2760f35c9c7a7dc3,2.5,1,0.0,0.0,1,90761e0f3b59792feaff58da8495688f20cba575442992addb11855ad5bf9453,validation,ok,29,-1335.0,-1770.0,145.0,290.0,29,58,-0.0177,-61.03448275862069,-0.15380689655172414,0.026761765056989743,-5.747262791680187,-0.02212787212787213,"conditional complete-window sum on stated capital, not live equity or intraday drawdown",0.7083333333333334,530002.2413793104,mean across entered windows; not equal-risk sizing or margin availability,29,252,0.0,0.0
NQ,intraday_long,base,69f0ad5e89bf5a25df8f38dbc276ec7b232dab4b3f32e9a8e5cd11779c78c784,2760f35c9c7a7dc3,2.5,1,0.0,0.0,1,90761e0f3b59792feaff58da8495688f20cba575442992addb11855ad5bf9453,historical_final,ok,30,195.0,-255.0,150.0,300.0,30,60,-0.00255,-8.5,-0.02142,0.024915767753746237,-0.8596965669171233,-0.01094562175129948,"conditional complete-window sum on stated capital, not live equity or intraday drawdown",0.7083333333333334,825009.3333333334,mean across entered windows; not equal-risk sizing or margin availability,30,252,0.0,0.0
NQ,intraday_long,base,69f0ad5e89bf5a25df8f38dbc276ec7b232dab4b3f32e9a8e5cd11779c78c784,2760f35c9c7a7dc3,2.5,1,0.0,0.0,1,90761e0f3b59792feaff58da8495688f20cba575442992addb11855ad5bf9453,2020,ok,89,-1805.0,-3140.0,445.0,890.0,89,178,-0.0314,-35.28089887640449,-0.08890786516853932,0.024483963451453993,-3.631269314088912,-0.0419388620156585,"conditional complete-window sum on stated capital, not live equity or intraday drawdown",0.7083333333333334,526626.5730337079,mean across entered windows; not equal-risk sizing or margin availability,89,252,0.0,0.0
NQ,intraday_long,gross_reference,69f0ad5e89bf5a25df8f38dbc276ec7b232dab4b3f32e9a8e5cd11779c78c784,d62087100961f5d9,0.0,0,0.0,0.0,1,90761e0f3b59792feaff58da8495688f20cba575442992addb11855ad5bf9453,whole,ok,89,-1805.0,-1805.0,0.0,0.0,89,178,-0.01805,-20.280898876404493,-0.051107865168539324,0.024483963451453993,-2.08740162800334,-0.03189633690505856,"conditional complete-window sum on stated capital, not live equity or intraday drawdown",0.7083333333333334,526626.5730337079,mean across entered windows; not equal-risk sizing or margin availability,89,252,0.0,0.0
NQ,intraday_long,gross_reference,69f0ad5e89bf5a25df8f38dbc276ec7b232dab4b3f32e9a8e5cd11779c78c784,d62087100961f5d9,0.0,0,0.0,0.0,1,90761e0f3b59792feaff58da8495688f20cba575442992addb11855ad5bf9453,development,ok,30,-665.0,-665.0,0.0,0.0,30,60,-0.00665,-22.166666666666668,-0.05586,0.02170874684672454,-2.5731563592501097,-0.011363070022427112,"conditional complete-window sum on stated capital, not live equity or intraday drawdown",0.7083333333333334,224980.66666666666,mean across entered windows; not equal-risk sizing or margin availability,30,252,0.0,0.0
NQ,intraday_long,gross_reference,69f0ad5e89bf5a25df8f38dbc276ec7b232dab4b3f32e9a8e5cd11779c78c784,d62087100961f5d9,0.0,0,0.0,0.0,1,90761e0f3b59792feaff58da8495688f20cba575442992addb11855ad5bf9453,validation,ok,29,-1335.0,-1335.0,0.0,0.0,29,58,-0.01335,-46.03448275862069,-0.11600689655172415,0.026761765056989743,-4.334799902199463,-0.01970074812967581,"conditional complete-window sum on stated capital, not live equity or intraday drawdown",0.7083333333333334,530002.2413793104,mean across entered windows; not equal-risk sizing or margin availability,29,252,0.0,0.0
NQ,intraday_long,gross_reference,69f0ad5e89bf5a25df8f38dbc276ec7b232dab4b3f32e9a8e5cd11779c78c784,d62087100961f5d9,0.0,0,0.0,0.0,1,90761e0f3b59792feaff58da8495688f20cba575442992addb11855ad5bf9453,historical_final,ok,30,195.0,195.0,0.0,0.0,30,60,0.00195,6.5,0.01638,0.024915767753746237,0.6574150217601531,-0.009443389627260917,"conditional complete-window sum on stated capital, not live equity or intraday drawdown",0.7083333333333334,825009.3333333334,mean across entered windows; not equal-risk sizing or margin availability,30,252,0.0,0.0
NQ,intraday_long,gross_reference,69f0ad5e89bf5a25df8f38dbc276ec7b232dab4b3f32e9a8e5cd11779c78c784,d62087100961f5d9,0.0,0,0.0,0.0,1,90761e0f3b59792feaff58da8495688f20cba575442992addb11855ad5bf9453,2020,ok,89,-1805.0,-1805.0,0.0,0.0,89,178,-0.01805,-20.280898876404493,-0.051107865168539324,0.024483963451453993,-2.08740162800334,-0.03189633690505856,"conditional complete-window sum on stated capital, not live equity or intraday drawdown",0.7083333333333334,526626.5730337079,mean across entered windows; not equal-risk sizing or margin availability,89,252,0.0,0.0
NQ,intraday_long,cost_stress,69f0ad5e89bf5a25df8f38dbc276ec7b232dab4b3f32e9a8e5cd11779c78c784,e6a8a5fab506856c,5.0,2,0.0,0.0,1,90761e0f3b59792feaff58da8495688f20cba575442992addb11855ad5bf9453,whole,ok,89,-1805.0,-4475.0,890.0,1780.0,89,178,-0.04475,-50.28089887640449,-0.12670786516853932,0.024483963451453993,-5.175137000174485,-0.05199341350232024,"conditional complete-window sum on stated capital, not live equity or intraday drawdown",0.7083333333333334,526626.5730337079,mean across entered windows; not equal-risk sizing or margin availability,89,252,0.0,0.0
NQ,intraday_long,cost_stress,69f0ad5e89bf5a25df8f38dbc276ec7b232dab4b3f32e9a8e5cd11779c78c784,e6a8a5fab506856c,5.0,2,0.0,0.0,1,90761e0f3b59792feaff58da8495688f20cba575442992addb11855ad5bf9453,development,ok,30,-665.0,-1565.0,300.0,600.0,30,60,-0.01565,-52.166666666666664,-0.13146,0.02170874684672454,-6.0556236123705585,-0.018262561748415746,"conditional complete-window sum on stated capital, not live equity or intraday drawdown",0.7083333333333334,224980.66666666666,mean across entered windows; not equal-risk sizing or margin availability,30,252,0.0,0.0
NQ,intraday_long,cost_stress,69f0ad5e89bf5a25df8f38dbc276ec7b232dab4b3f32e9a8e5cd11779c78c784,e6a8a5fab506856c,5.0,2,0.0,0.0,1,90761e0f3b59792feaff58da8495688f20cba575442992addb11855ad5bf9453,validation,ok,29,-1335.0,-2205.0,290.0,580.0,29,58,-0.02205,-76.03448275862068,-0.19160689655172414,0.026761765056989743,-7.159725681160911,-0.02505,"conditional complete-window sum on stated capital, not live equity or intraday drawdown",0.7083333333333334,530002.2413793104,mean across entered windows; not equal-risk sizing or margin availability,29,252,0.0,0.0
NQ,intraday_long,cost_stress,69f0ad5e89bf5a25df8f38dbc276ec7b232dab4b3f32e9a8e5cd11779c78c784,e6a8a5fab506856c,5.0,2,0.0,0.0,1,90761e0f3b59792feaff58da8495688f20cba575442992addb11855ad5bf9453,historical_final,ok,30,195.0,-705.0,300.0,600.0,30,60,-0.00705,-23.5,-0.059219999999999995,0.024915767753746237,-2.3768081555943996,-0.012448755124487551,"conditional complete-window sum on stated capital, not live equity or intraday drawdown",0.7083333333333334,825009.3333333334,mean across entered windows; not equal-risk sizing or margin availability,30,252,0.0,0.0
NQ,intraday_long,cost_stress,69f0ad5e89bf5a25df8f38dbc276ec7b232dab4b3f32e9a8e5cd11779c78c784,e6a8a5fab506856c,5.0,2,0.0,0.0,1,90761e0f3b59792feaff58da8495688f20cba575442992addb11855ad5bf9453,2020,ok,89,-1805.0,-4475.0,890.0,1780.0,89,178,-0.04475,-50.28089887640449,-0.12670786516853932,0.024483963451453993,-5.175137000174485,-0.05199341350232024,"conditional complete-window sum on stated capital, not live equity or intraday drawdown",0.7083333333333334,526626.5730337079,mean across entered windows; not equal-risk sizing or margin availability,89,252,0.0,0.0
NQ,intraday_long,delay_stress,69f0ad5e89bf5a25df8f38dbc276ec7b232dab4b3f32e9a8e5cd11779c78c784,85ac3726dce1be32,2.5,1,0.0,0.0,5,90761e0f3b59792feaff58da8495688f20cba575442992addb11855ad5bf9453,whole,ok,89,-1330.0,-2665.0,445.0,890.0,89,178,-0.02665,-29.9438202247191,-0.07545842696629214,0.02538835696851563,-2.972166614006134,-0.038672654690618764,"conditional complete-window sum on stated capital, not live equity or intraday drawdown",0.7083333333333334,526621.7415730337,mean across entered windows; not equal-risk sizing or margin availability,89,252,0.0,0.0
NQ,intraday_long,delay_stress,69f0ad5e89bf5a25df8f38dbc276ec7b232dab4b3f32e9a8e5cd11779c78c784,85ac3726dce1be32,2.5,1,0.0,0.0,5,90761e0f3b59792feaff58da8495688f20cba575442992addb11855ad5bf9453,development,ok,30,-670.0,-1120.0,150.0,300.0,30,60,-0.0112,-37.333333333333336,-0.09408000000000001,0.02153195219939988,-4.369320493040205,-0.013173652694610778,"conditional complete-window sum on stated capital, not live equity or intraday drawdown",0.7083333333333334,224979.16666666666,mean across entered windows; not equal-risk sizing or margin availability,30,252,0.0,0.0
NQ,intraday_long,delay_stress,69f0ad5e89bf5a25df8f38dbc276ec7b232dab4b3f32e9a8e5cd11779c78c784,85ac3726dce1be32,2.5,1,0.0,0.0,5,90761e0f3b59792feaff58da8495688f20cba575442992addb11855ad5bf9453,validation,ok,29,-1235.0,-1670.0,145.0,290.0,29,58,-0.0167,-57.58620689655172,-0.14511724137931034,0.027352384375671578,-5.305469511768928,-0.022477522477522476,"conditional complete-window sum on stated capital, not live equity or intraday drawdown",0.7083333333333334,529997.4137931034,mean across entered windows; not equal-risk sizing or margin availability,29,252,0.0,0.0
NQ,intraday_long,delay_stress,69f0ad5e89bf5a25df8f38dbc276ec7b232dab4b3f32e9a8e5cd11779c78c784,85ac3726dce1be32,2.5,1,0.0,0.0,5,90761e0f3b59792feaff58da8495688f20cba575442992addb11855ad5bf9453,historical_final,ok,30,575.0,125.0,150.0,300.0,30,60,0.00125,4.166666666666667,0.0105,0.02681309831741402,0.3915996531135933,-0.00964228617106315,"conditional complete-window sum on stated capital, not live equity or intraday drawdown",0.7083333333333334,825001.1666666666,mean across entered windows; not equal-risk sizing or margin availability,30,252,0.0,0.0
NQ,intraday_long,delay_stress,69f0ad5e89bf5a25df8f38dbc276ec7b232dab4b3f32e9a8e5cd11779c78c784,85ac3726dce1be32,2.5,1,0.0,0.0,5,90761e0f3b59792feaff58da8495688f20cba575442992addb11855ad5bf9453,2020,ok,89,-1330.0,-2665.0,445.0,890.0,89,178,-0.02665,-29.9438202247191,-0.07545842696629214,0.02538835696851563,-2.972166614006134,-0.038672654690618764,"conditional complete-window sum on stated capital, not live equity or intraday drawdown",0.7083333333333334,526621.7415730337,mean across entered windows; not equal-risk sizing or margin availability,89,252,0.0,0.0
NQ,intraday_long,combined_stress,69f0ad5e89bf5a25df8f38dbc276ec7b232dab4b3f32e9a8e5cd11779c78c784,519c15fcbba7e311,5.0,2,0.0,0.0,5,90761e0f3b59792feaff58da8495688f20cba575442992addb11855ad5bf9453,whole,ok,89,-1330.0,-4000.0,890.0,1780.0,89,178,-0.04,-44.943820224719104,-0.11325842696629214,0.02538835696851563,-4.461038069802828,-0.048731775514280005,"conditional complete-window sum on stated capital, not live equity or intraday drawdown",0.7083333333333334,526621.7415730337,mean across entered windows; not equal-risk sizing or margin availability,89,252,0.0,0.0
NQ,intraday_long,combined_stress,69f0ad5e89bf5a25df8f38dbc276ec7b232dab4b3f32e9a8e5cd11779c78c784,519c15fcbba7e311,5.0,2,0.0,0.0,5,90761e0f3b59792feaff58da8495688f20cba575442992addb11855ad5bf9453,development,ok,30,-670.0,-1570.0,300.0,600.0,30,60,-0.0157,-52.333333333333336,-0.13188,0.02153195219939988,-6.124851048279573,-0.0170760934691432,"conditional complete-window sum on stated capital, not live equity or intraday drawdown",0.7083333333333334,224979.16666666666,mean across entered windows; not equal-risk sizing or margin availability,30,252,0.0,0.0
NQ,intraday_long,combined_stress,69f0ad5e89bf5a25df8f38dbc276ec7b232dab4b3f32e9a8e5cd11779c78c784,519c15fcbba7e311,5.0,2,0.0,0.0,5,90761e0f3b59792feaff58da8495688f20cba575442992addb11855ad5bf9453,validation,ok,29,-1235.0,-2105.0,290.0,580.0,29,58,-0.02105,-72.58620689655173,-0.18291724137931037,0.027352384375671578,-6.687433127109937,-0.02564358910272432,"conditional complete-window sum on stated capital, not live equity or intraday drawdown",0.7083333333333334,529997.4137931034,mean across entered windows; not equal-risk sizing or margin availability,29,252,0.0,0.0
NQ,intraday_long,combined_stress,69f0ad5e89bf5a25df8f38dbc276ec7b232dab4b3f32e9a8e5cd11779c78c784,519c15fcbba7e311,5.0,2,0.0,0.0,5,90761e0f3b59792feaff58da8495688f20cba575442992addb11855ad5bf9453,historical_final,ok,30,575.0,-325.0,300.0,600.0,30,60,-0.00325,-10.833333333333334,-0.0273,0.02681309831741402,-1.0181590980953426,-0.011144427786106947,"conditional complete-window sum on stated capital, not live equity or intraday drawdown",0.7083333333333334,825001.1666666666,mean across entered windows; not equal-risk sizing or margin availability,30,252,0.0,0.0
NQ,intraday_long,combined_stress,69f0ad5e89bf5a25df8f38dbc276ec7b232dab4b3f32e9a8e5cd11779c78c784,519c15fcbba7e311,5.0,2,0.0,0.0,5,90761e0f3b59792feaff58da8495688f20cba575442992addb11855ad5bf9453,2020,ok,89,-1330.0,-4000.0,890.0,1780.0,89,178,-0.04,-44.943820224719104,-0.11325842696629214,0.02538835696851563,-4.461038069802828,-0.048731775514280005,"conditional complete-window sum on stated capital, not live equity or intraday drawdown",0.7083333333333334,526621.7415730337,mean across entered windows; not equal-risk sizing or margin availability,89,252,0.0,0.0
