session_date,mom-7,mom-14,mom-30,mom-60,mom-120,revert-14-0.5,revert-14-1,revert-14-1.5,revert-30-0.5,revert-30-1,revert-30-1.5,revert-60-0.5,revert-60-1,revert-60-1.5,flat,always_long
2017-01-01 00:00:00+00:00,0.0,0.0,0.0,0.0,0.0,0.0,0.0,0.0,0.0,0.0,0.0,0.0,0.0,0.0,0.0,0.0
2017-01-02 00:00:00+00:00,0.0,0.0,0.0,0.0,0.0,0.0,0.0,0.0,0.0,0.0,0.0,0.0,0.0,0.0,0.0,17.00006351992488
2017-01-03 00:00:00+00:00,0.0,0.0,0.0,0.0,0.0,0.0,0.0,0.0,0.0,0.0,0.0,0.0,0.0,0.0,0.0,9.220000000088476
2017-01-04 00:00:00+00:00,0.0,0.0,0.0,0.0,0.0,0.0,0.0,0.0,0.0,0.0,0.0,0.0,0.0,0.0,0.0,109.63000000000466
2017-01-05 00:00:00+00:00,0.0,0.0,0.0,0.0,0.0,0.0,0.0,0.0,0.0,0.0,0.0,0.0,0.0,0.0,0.0,-123.30000000004657
2017-01-06 00:00:00+00:00,0.0,0.0,0.0,0.0,0.0,0.0,0.0,0.0,0.0,0.0,0.0,0.0,0.0,0.0,0.0,-111.29000000003725
2017-01-07 00:00:00+00:00,0.0,0.0,0.0,0.0,0.0,0.0,0.0,0.0,0.0,0.0,0.0,0.0,0.0,0.0,0.0,13.290000000037253
2017-01-08 00:00:00+00:00,0.0,0.0,0.0,0.0,0.0,0.0,0.0,0.0,0.0,0.0,0.0,0.0,0.0,0.0,0.0,14.32999999995809
2017-01-09 00:00:00+00:00,0.0,0.0,0.0,0.0,0.0,0.0,0.0,0.0,0.0,0.0,0.0,0.0,0.0,0.0,0.0,-20.669999999925494
2017-01-10 00:00:00+00:00,0.0,0.0,0.0,0.0,0.0,0.0,0.0,0.0,0.0,0.0,0.0,0.0,0.0,0.0,0.0,4.339999999967404
2017-01-11 00:00:00+00:00,0.0,0.0,0.0,0.0,0.0,0.0,0.0,0.0,0.0,0.0,0.0,0.0,0.0,0.0,0.0,-111.22999999998137
2017-01-12 00:00:00+00:00,0.0,0.0,0.0,0.0,0.0,0.0,0.0,0.0,0.0,0.0,0.0,0.0,0.0,0.0,0.0,16.479999999981374
2017-01-13 00:00:00+00:00,0.0,0.0,0.0,0.0,0.0,0.0,0.0,0.0,0.0,0.0,0.0,0.0,0.0,0.0,0.0,19.17000000004191
2017-01-14 00:00:00+00:00,0.0,0.0,0.0,0.0,0.0,0.0,0.0,0.0,0.0,0.0,0.0,0.0,0.0,0.0,0.0,-3.4200000000419095
2017-01-15 00:00:00+00:00,0.0,0.0,0.0,0.0,0.0,0.0,0.0,0.0,0.0,0.0,0.0,0.0,0.0,0.0,0.0,5.310000000055879
2017-01-16 00:00:00+00:00,0.0,0.0,0.0,0.0,0.0,0.0,0.0,0.0,0.0,0.0,0.0,0.0,0.0,0.0,0.0,1.099999999976717
2017-01-17 00:00:00+00:00,0.0,0.0,0.0,0.0,0.0,70.34798279998358,0.0,0.0,0.0,0.0,0.0,0.0,0.0,0.0,0.0,71.5899999999674
2017-01-18 00:00:00+00:00,0.0,0.0,0.0,0.0,0.0,-18.010000000009313,0.0,0.0,0.0,0.0,0.0,0.0,0.0,0.0,0.0,-18.010000000009313
2017-01-19 00:00:00+00:00,0.0,0.0,0.0,0.0,0.0,-1.341526009957306,0.0,0.0,0.0,0.0,0.0,0.0,0.0,0.0,0.0,14.930000000051223
2017-01-20 00:00:00+00:00,-9.96483145991806,0.0,0.0,0.0,0.0,0.0,0.0,0.0,0.0,0.0,0.0,0.0,0.0,0.0,0.0,-8.60999999998603
2017-01-21 00:00:00+00:00,30.75,0.0,0.0,0.0,0.0,0.0,0.0,0.0,0.0,0.0,0.0,0.0,0.0,0.0,0.0,30.75
2017-01-22 00:00:00+00:00,6.159999999916181,0.0,0.0,0.0,0.0,0.0,0.0,0.0,0.0,0.0,0.0,0.0,0.0,0.0,0.0,6.159999999916181
2017-01-23 00:00:00+00:00,-20.520000000018626,-20.144639725098386,0.0,0.0,0.0,0.0,0.0,0.0,0.0,0.0,0.0,0.0,0.0,0.0,0.0,-20.520000000018626
2017-01-24 00:00:00+00:00,-23.699999999953434,-23.699999999953434,0.0,0.0,0.0,0.0,0.0,0.0,0.0,0.0,0.0,0.0,0.0,0.0,0.0,-23.699999999953434
2017-01-25 00:00:00+00:00,9.0,9.0,0.0,0.0,0.0,0.0,0.0,0.0,0.0,0.0,0.0,0.0,0.0,0.0,0.0,9.0
2017-01-26 00:00:00+00:00,-0.5946766249835491,-0.5946766249835491,0.0,0.0,0.0,0.0,0.0,0.0,0.0,0.0,0.0,0.0,0.0,0.0,0.0,21.020000000018626
2017-01-27 00:00:00+00:00,4.234011490014382,4.234011490014382,0.0,0.0,0.0,0.0,0.0,0.0,0.0,0.0,0.0,0.0,0.0,0.0,0.0,5.60999999998603
2017-01-28 00:00:00+00:00,2.349999999976717,2.349999999976717,0.0,0.0,0.0,0.0,0.0,0.0,0.0,0.0,0.0,0.0,0.0,0.0,0.0,2.349999999976717
2017-01-29 00:00:00+00:00,-8.43999999994412,-8.43999999994412,0.0,0.0,0.0,0.0,0.0,0.0,0.0,0.0,0.0,0.0,0.0,0.0,0.0,-8.43999999994412
2017-01-30 00:00:00+00:00,-1.3543817200697958,6.689999999944121,0.0,0.0,0.0,0.0,0.0,0.0,0.0,0.0,0.0,0.0,0.0,0.0,0.0,6.689999999944121
2017-01-31 00:00:00+00:00,0.0,46.78000000002794,0.0,0.0,0.0,0.0,0.0,0.0,0.0,0.0,0.0,0.0,0.0,0.0,0.0,46.78000000002794
2017-02-01 00:00:00+00:00,21.28449999494478,22.739999999990687,0.0,0.0,0.0,0.0,0.0,0.0,0.0,0.0,0.0,0.0,0.0,0.0,0.0,22.739999999990687
2017-02-02 00:00:00+00:00,15.630000000004657,15.630000000004657,0.0,0.0,0.0,0.0,0.0,0.0,0.0,0.0,0.0,0.0,0.0,0.0,0.0,15.630000000004657
2017-02-03 00:00:00+00:00,9.619999999995343,9.619999999995343,0.0,0.0,0.0,0.0,0.0,0.0,0.0,0.0,0.0,0.0,0.0,0.0,0.0,9.619999999995343
2017-02-04 00:00:00+00:00,17.540000000037253,17.540000000037253,0.0,0.0,0.0,0.0,0.0,0.0,0.0,0.0,0.0,0.0,0.0,0.0,0.0,17.540000000037253
2017-02-05 00:00:00+00:00,-19.220000000088476,-19.220000000088476,0.0,0.0,0.0,0.0,0.0,0.0,0.0,0.0,0.0,0.0,0.0,0.0,0.0,-19.220000000088476
2017-02-06 00:00:00+00:00,6.260000000009313,6.260000000009313,4.735011840006337,0.0,0.0,0.0,0.0,0.0,0.0,0.0,0.0,0.0,0.0,0.0,0.0,6.260000000009313
2017-02-07 00:00:00+00:00,31.380000000004657,31.380000000004657,31.380000000004657,0.0,0.0,0.0,0.0,0.0,0.0,0.0,0.0,0.0,0.0,0.0,0.0,31.380000000004657
2017-02-08 00:00:00+00:00,2.7399999999906868,2.7399999999906868,2.7399999999906868,0.0,0.0,0.0,0.0,0.0,0.0,0.0,0.0,0.0,0.0,0.0,0.0,2.7399999999906868
2017-02-09 00:00:00+00:00,-62.45999999996275,-62.45999999996275,-62.45999999996275,0.0,0.0,0.0,0.0,0.0,0.0,0.0,0.0,0.0,0.0,0.0,0.0,-62.45999999996275
2017-02-10 00:00:00+00:00,7.75,7.75,7.75,0.0,0.0,0.0,0.0,0.0,0.0,0.0,0.0,0.0,0.0,0.0,0.0,7.75
2017-02-11 00:00:00+00:00,-1.6123190600192174,16.660000000032596,16.660000000032596,0.0,0.0,0.0,0.0,0.0,0.0,0.0,0.0,0.0,0.0,0.0,0.0,16.660000000032596
2017-02-12 00:00:00+00:00,0.0,-8.650000000023283,-8.650000000023283,0.0,0.0,0.0,0.0,0.0,0.0,0.0,0.0,0.0,0.0,0.0,0.0,-8.650000000023283
2017-02-13 00:00:00+00:00,0.0,-7.180000000051223,-7.180000000051223,0.0,0.0,0.0,0.0,0.0,0.0,0.0,0.0,0.0,0.0,0.0,0.0,-7.180000000051223
2017-02-14 00:00:00+00:00,0.0,11.100000000093132,11.100000000093132,0.0,0.0,0.0,0.0,0.0,0.0,0.0,0.0,0.0,0.0,0.0,0.0,11.100000000093132
2017-02-15 00:00:00+00:00,0.0,0.6099999999860302,0.6099999999860302,0.0,0.0,0.0,0.0,0.0,0.0,0.0,0.0,0.0,0.0,0.0,0.0,0.6099999999860302
2017-02-16 00:00:00+00:00,0.0,24.40999999991618,24.40999999991618,0.0,0.0,0.0,0.0,0.0,0.0,0.0,0.0,0.0,0.0,0.0,0.0,24.40999999991618
2017-02-17 00:00:00+00:00,0.0,18.360000000102445,18.360000000102445,0.0,0.0,0.0,0.0,0.0,0.0,0.0,0.0,0.0,0.0,0.0,0.0,18.360000000102445
2017-02-18 00:00:00+00:00,3.273536355001852,4.849999999976717,4.849999999976717,0.0,0.0,0.0,0.0,0.0,0.0,0.0,0.0,0.0,0.0,0.0,0.0,4.849999999976717
2017-02-19 00:00:00+00:00,-2.2700000000186265,-2.2700000000186265,-2.2700000000186265,0.0,0.0,0.0,0.0,0.0,0.0,0.0,0.0,0.0,0.0,0.0,0.0,-2.2700000000186265
2017-02-20 00:00:00+00:00,29.93999999994412,29.93999999994412,29.93999999994412,0.0,0.0,0.0,0.0,0.0,0.0,0.0,0.0,0.0,0.0,0.0,0.0,29.93999999994412
2017-02-21 00:00:00+00:00,38.470000000088476,38.470000000088476,38.470000000088476,0.0,0.0,0.0,0.0,0.0,0.0,0.0,0.0,0.0,0.0,0.0,0.0,38.470000000088476
2017-02-22 00:00:00+00:00,0.4199999999254942,0.4199999999254942,0.4199999999254942,0.0,0.0,0.0,0.0,0.0,0.0,0.0,0.0,0.0,0.0,0.0,0.0,0.4199999999254942
2017-02-23 00:00:00+00:00,58.190000000060536,58.190000000060536,58.190000000060536,0.0,0.0,0.0,0.0,0.0,0.0,0.0,0.0,0.0,0.0,0.0,0.0,58.190000000060536
2017-02-24 00:00:00+00:00,0.010000000009313226,0.010000000009313226,0.010000000009313226,0.0,0.0,0.0,0.0,0.0,0.0,0.0,0.0,0.0,0.0,0.0,0.0,0.010000000009313226
2017-02-25 00:00:00+00:00,-28.910000000032596,-28.910000000032596,-28.910000000032596,0.0,0.0,0.0,0.0,0.0,0.0,0.0,0.0,0.0,0.0,0.0,0.0,-28.910000000032596
2017-02-26 00:00:00+00:00,26.910000000032596,26.910000000032596,26.910000000032596,0.0,0.0,0.0,0.0,0.0,0.0,0.0,0.0,0.0,0.0,0.0,0.0,26.910000000032596
2017-02-27 00:00:00+00:00,10.900000000023283,10.900000000023283,10.900000000023283,0.0,0.0,0.0,0.0,0.0,0.0,0.0,0.0,0.0,0.0,0.0,0.0,10.900000000023283
2017-02-28 00:00:00+00:00,-0.7300000000977889,-0.7300000000977889,-0.7300000000977889,0.0,0.0,0.0,0.0,0.0,0.0,0.0,0.0,0.0,0.0,0.0,0.0,-0.7300000000977889
2017-03-01 00:00:00+00:00,34.92000000004191,34.92000000004191,34.92000000004191,0.0,0.0,0.0,0.0,0.0,0.0,0.0,0.0,0.0,0.0,0.0,0.0,34.92000000004191
2017-03-02 00:00:00+00:00,39.17000000004191,39.17000000004191,39.17000000004191,0.0,0.0,0.0,0.0,0.0,0.0,0.0,0.0,0.0,0.0,0.0,0.0,39.17000000004191
2017-03-03 00:00:00+00:00,23.68999999994412,23.68999999994412,23.68999999994412,0.0,0.0,0.0,0.0,0.0,0.0,0.0,0.0,0.0,0.0,0.0,0.0,23.68999999994412
2017-03-04 00:00:00+00:00,-18.89000000001397,-18.89000000001397,-18.89000000001397,-21.030236530001275,0.0,0.0,0.0,0.0,0.0,0.0,0.0,0.0,0.0,0.0,0.0,-18.89000000001397
2017-03-05 00:00:00+00:00,5.010000000009313,5.010000000009313,5.010000000009313,5.010000000009313,0.0,0.0,0.0,0.0,0.0,0.0,0.0,0.0,0.0,0.0,0.0,5.010000000009313
2017-03-06 00:00:00+00:00,6.010000000009313,6.010000000009313,6.010000000009313,6.010000000009313,0.0,0.0,0.0,0.0,0.0,0.0,0.0,0.0,0.0,0.0,0.0,6.010000000009313
2017-03-07 00:00:00+00:00,-47.63000000000466,-47.63000000000466,-47.63000000000466,-47.63000000000466,0.0,0.0,0.0,0.0,0.0,0.0,0.0,0.0,0.0,0.0,0.0,-47.63000000000466
2017-03-08 00:00:00+00:00,-87.14000000001397,-87.14000000001397,-87.14000000001397,-87.14000000001397,0.0,0.0,0.0,0.0,0.0,0.0,0.0,0.0,0.0,0.0,0.0,-87.14000000001397
2017-03-09 00:00:00+00:00,47.080000000074506,47.080000000074506,47.080000000074506,47.080000000074506,0.0,0.0,0.0,0.0,0.0,0.0,0.0,0.0,0.0,0.0,0.0,47.080000000074506
2017-03-10 00:00:00+00:00,-1.795351350097917,-88.29000000003725,-88.29000000003725,-88.29000000003725,0.0,-90.08654864993878,-90.08654864993878,0.0,0.0,0.0,0.0,0.0,0.0,0.0,0.0,-88.29000000003725
2017-03-11 00:00:00+00:00,0.0,79.09999999997672,79.09999999997672,79.09999999997672,0.0,79.09999999997672,79.09999999997672,0.0,0.0,0.0,0.0,0.0,0.0,0.0,0.0,79.09999999997672
2017-03-12 00:00:00+00:00,0.0,-1.7815709449350834,47.46999999997206,47.46999999997206,0.0,47.46999999997206,47.46999999997206,45.68724094494246,0.0,0.0,0.0,0.0,0.0,0.0,0.0,47.46999999997206
2017-03-13 00:00:00+00:00,0.0,8.366477365023457,9.910000000032596,9.910000000032596,0.0,9.910000000032596,9.910000000032596,9.910000000032596,0.0,0.0,0.0,0.0,0.0,0.0,0.0,9.910000000032596
2017-03-14 00:00:00+00:00,0.0,1.9300000000512227,1.9300000000512227,1.9300000000512227,0.0,-1.8576272500213236,-1.8576272500213236,-1.8576272500213236,0.0,0.0,0.0,0.0,0.0,0.0,0.0,1.9300000000512227
2017-03-15 00:00:00+00:00,0.0,15.57999999995809,15.57999999995809,15.57999999995809,0.0,0.0,0.0,0.0,0.0,0.0,0.0,0.0,0.0,0.0,0.0,15.57999999995809
2017-03-16 00:00:00+00:00,-90.33595677500125,-87.89000000001397,-87.89000000001397,-87.89000000001397,0.0,0.0,0.0,0.0,0.0,0.0,0.0,0.0,0.0,0.0,0.0,-87.89000000001397
2017-03-17 00:00:00+00:00,-105.54000000003725,-105.54000000003725,-105.54000000003725,-105.54000000003725,0.0,0.0,0.0,0.0,0.0,0.0,0.0,0.0,0.0,0.0,0.0,-105.54000000003725
2017-03-18 00:00:00+00:00,-2.3926356099545956,-2.3926356099545956,-99.56999999994878,-99.56999999994878,0.0,-100.38370439002756,-100.38370439002756,0.0,0.0,0.0,0.0,0.0,0.0,0.0,0.0,-99.56999999994878
2017-03-19 00:00:00+00:00,0.0,0.0,49.48999999999069,49.48999999999069,0.0,49.48999999999069,49.48999999999069,48.03451499994844,48.03451499994844,48.03451499994844,0.0,0.0,0.0,0.0,0.0,49.48999999999069
2017-03-20 00:00:00+00:00,0.0,0.0,-1.91814045002684,25.46999999997206,0.0,25.46999999997206,25.46999999997206,25.46999999997206,25.46999999997206,25.46999999997206,24.330840450013056,24.330840450013056,0.0,0.0,0.0,25.46999999997206
2017-03-21 00:00:00+00:00,0.0,0.0,0.0,69.46000000007916,0.0,69.46000000007916,69.46000000007916,69.46000000007916,69.46000000007916,69.46000000007916,69.46000000007916,69.46000000007916,0.0,0.0,0.0,69.46000000007916
2017-03-22 00:00:00+00:00,0.0,0.0,0.0,-79.85000000009313,0.0,-79.85000000009313,-79.85000000009313,-79.85000000009313,-79.85000000009313,-79.85000000009313,-79.85000000009313,-79.85000000009313,0.0,0.0,0.0,-79.85000000009313
2017-03-23 00:00:00+00:00,0.0,0.0,-15.358929469948635,-9.429999999934807,0.0,-9.429999999934807,-9.429999999934807,-9.429999999934807,-9.429999999934807,-9.429999999934807,-9.429999999934807,2.8121094700181857,0.0,0.0,0.0,-9.429999999934807
2017-03-24 00:00:00+00:00,0.0,0.0,-1.5471824350534007,-90.27000000001863,0.0,-90.27000000001863,-90.27000000001863,-90.27000000001863,-90.27000000001863,-90.27000000001863,-90.27000000001863,0.0,0.0,0.0,0.0,-90.27000000001863
2017-03-25 00:00:00+00:00,0.0,0.0,0.0,28.849999999976717,0.0,28.849999999976717,28.849999999976717,28.849999999976717,28.849999999976717,28.849999999976717,28.849999999976717,28.38863803492859,0.0,0.0,0.0,28.849999999976717
2017-03-26 00:00:00+00:00,0.0,0.0,0.0,9.35999999998603,0.0,9.35999999998603,9.35999999998603,9.35999999998603,9.35999999998603,9.35999999998603,9.35999999998603,9.35999999998603,7.913938139914535,0.0,0.0,9.35999999998603
2017-03-27 00:00:00+00:00,0.0,0.0,0.0,69.0,0.0,69.0,69.0,69.0,69.0,69.0,69.0,69.0,69.0,0.0,0.0,69.0
2017-03-28 00:00:00+00:00,0.0,0.0,0.0,3.3200000000651926,0.0,3.3200000000651926,3.3200000000651926,3.3200000000651926,3.3200000000651926,3.3200000000651926,3.3200000000651926,3.3200000000651926,3.3200000000651926,0.0,0.0,3.3200000000651926
2017-03-29 00:00:00+00:00,0.0,0.0,0.0,-2.1300000000046566,0.0,-2.1300000000046566,-2.1300000000046566,-2.1300000000046566,-2.1300000000046566,-2.1300000000046566,-2.1300000000046566,-2.1300000000046566,-2.1300000000046566,0.0,0.0,-2.1300000000046566
2017-03-30 00:00:00+00:00,0.0,0.0,0.0,-0.9300000000512227,0.0,-0.9300000000512227,-0.9300000000512227,-0.9300000000512227,-0.9300000000512227,-0.9300000000512227,-0.9300000000512227,-0.9300000000512227,-0.9300000000512227,0.0,0.0,-0.9300000000512227
2017-03-31 00:00:00+00:00,45.10599883995019,0.0,0.0,46.65000000002328,0.0,46.65000000002328,46.65000000002328,46.65000000002328,46.65000000002328,46.65000000002328,46.65000000002328,46.65000000002328,46.65000000002328,0.0,0.0,46.65000000002328
2017-04-01 00:00:00+00:00,3.0100000000093132,0.0,0.0,3.0100000000093132,0.0,-1.632940504932776,-1.632940504932776,-1.632940504932776,3.0100000000093132,3.0100000000093132,3.0100000000093132,3.0100000000093132,3.0100000000093132,0.0,0.0,3.0100000000093132
2017-04-02 00:00:00+00:00,21.989999999990687,20.351453999988735,0.0,21.989999999990687,0.0,0.0,0.0,0.0,21.989999999990687,21.989999999990687,21.989999999990687,21.989999999990687,21.989999999990687,0.0,0.0,21.989999999990687
2017-04-03 00:00:00+00:00,38.60999999998603,38.60999999998603,0.0,38.60999999998603,0.0,0.0,0.0,0.0,38.60999999998603,38.60999999998603,38.60999999998603,38.60999999998603,38.60999999998603,0.0,0.0,38.60999999998603
2017-04-04 00:00:00+00:00,-8.60999999998603,-8.60999999998603,0.0,-8.60999999998603,0.0,0.0,0.0,0.0,-8.60999999998603,-8.60999999998603,-8.60999999998603,-2.2375589549774304,-2.2375589549774304,0.0,0.0,-8.60999999998603
2017-04-05 00:00:00+00:00,-11.0,-11.0,0.0,-11.0,0.0,0.0,0.0,0.0,-1.7253980099922046,-1.7253980099922046,-1.7253980099922046,0.0,0.0,0.0,0.0,-11.0
2017-04-06 00:00:00+00:00,59.31000000005588,59.31000000005588,0.0,59.31000000005588,0.0,0.0,0.0,0.0,0.0,0.0,0.0,0.0,0.0,0.0,0.0,59.31000000005588
2017-04-07 00:00:00+00:00,1.6999999999534339,1.6999999999534339,0.0,1.6999999999534339,0.0,0.0,0.0,0.0,0.0,0.0,0.0,0.0,0.0,0.0,0.0,1.6999999999534339
2017-04-08 00:00:00+00:00,-9.5,-9.5,0.0,-9.5,0.0,0.0,0.0,0.0,0.0,0.0,0.0,0.0,0.0,0.0,0.0,-9.5
2017-04-09 00:00:00+00:00,26.46999999997206,26.46999999997206,24.692657749983482,26.46999999997206,0.0,0.0,0.0,0.0,0.0,0.0,0.0,0.0,0.0,0.0,0.0,26.46999999997206
2017-04-10 00:00:00+00:00,-0.9699999999720603,-0.9699999999720603,-1.7958795049926266,-0.9699999999720603,0.0,0.0,0.0,0.0,0.0,0.0,0.0,0.0,0.0,0.0,0.0,-0.9699999999720603
2017-04-11 00:00:00+00:00,13.989999999990687,13.989999999990687,12.174394999979995,13.989999999990687,0.0,0.0,0.0,0.0,0.0,0.0,0.0,0.0,0.0,0.0,0.0,13.989999999990687
2017-04-12 00:00:00+00:00,-9.819999999948777,-9.819999999948777,-9.819999999948777,-9.819999999948777,0.0,0.0,0.0,0.0,0.0,0.0,0.0,0.0,0.0,0.0,0.0,-9.819999999948777
2017-04-13 00:00:00+00:00,-37.11999999999534,-37.11999999999534,-1.3114126600557938,-37.11999999999534,0.0,0.0,0.0,0.0,0.0,0.0,0.0,0.0,0.0,0.0,0.0,-37.11999999999534
2017-04-14 00:00:00+00:00,-3.3100000000558794,-3.3100000000558794,0.0,-3.3100000000558794,0.0,0.0,0.0,0.0,0.0,0.0,0.0,0.0,0.0,0.0,0.0,-3.3100000000558794
2017-04-15 00:00:00+00:00,-2.3691084349993616,5.10999999998603,0.0,5.10999999998603,0.0,0.0,0.0,0.0,0.0,0.0,0.0,0.0,0.0,0.0,0.0,5.10999999998603
2017-04-16 00:00:00+00:00,0.0,-0.8599999999860302,0.0,-0.8599999999860302,0.0,0.0,0.0,0.0,0.0,0.0,0.0,0.0,0.0,0.0,0.0,-0.8599999999860302
2017-04-17 00:00:00+00:00,0.0,11.92000000004191,10.512966184993275,11.92000000004191,0.0,0.0,0.0,0.0,0.0,0.0,0.0,0.0,0.0,0.0,0.0,11.92000000004191
2017-04-18 00:00:00+00:00,0.0,12.029999999911524,12.029999999911524,12.029999999911524,0.0,0.0,0.0,0.0,0.0,0.0,0.0,0.0,0.0,0.0,0.0,12.029999999911524
2017-04-19 00:00:00+00:00,0.0,12.270000000018626,12.270000000018626,12.270000000018626,0.0,0.0,0.0,0.0,0.0,0.0,0.0,0.0,0.0,0.0,0.0,12.270000000018626
2017-04-20 00:00:00+00:00,0.0,21.940000000060536,21.940000000060536,21.940000000060536,0.0,0.0,0.0,0.0,0.0,0.0,0.0,0.0,0.0,0.0,0.0,21.940000000060536
2017-04-21 00:00:00+00:00,11.985156925045885,13.839999999967404,13.839999999967404,13.839999999967404,0.0,0.0,0.0,0.0,0.0,0.0,0.0,0.0,0.0,0.0,0.0,13.839999999967404
2017-04-22 00:00:00+00:00,-2.9899999999906868,-2.9899999999906868,-2.9899999999906868,-2.9899999999906868,0.0,0.0,0.0,0.0,0.0,0.0,0.0,0.0,0.0,0.0,0.0,-2.9899999999906868
2017-04-23 00:00:00+00:00,4.9799999999813735,4.9799999999813735,4.9799999999813735,4.9799999999813735,0.0,0.0,0.0,0.0,0.0,0.0,0.0,0.0,0.0,0.0,0.0,4.9799999999813735
2017-04-24 00:00:00+00:00,5.310000000055879,5.310000000055879,5.310000000055879,5.310000000055879,0.0,0.0,0.0,0.0,0.0,0.0,0.0,0.0,0.0,0.0,0.0,5.310000000055879
2017-04-25 00:00:00+00:00,23.869999999995343,23.869999999995343,23.869999999995343,23.869999999995343,0.0,0.0,0.0,0.0,0.0,0.0,0.0,0.0,0.0,0.0,0.0,23.869999999995343
2017-04-26 00:00:00+00:00,17.279999999911524,17.279999999911524,17.279999999911524,17.279999999911524,0.0,0.0,0.0,0.0,0.0,0.0,0.0,0.0,0.0,0.0,0.0,17.279999999911524
2017-04-27 00:00:00+00:00,50.82000000006519,50.82000000006519,50.82000000006519,50.82000000006519,0.0,0.0,0.0,0.0,0.0,0.0,0.0,0.0,0.0,0.0,0.0,50.82000000006519
2017-04-28 00:00:00+00:00,4.0799999999580905,4.0799999999580905,4.0799999999580905,4.0799999999580905,0.0,0.0,0.0,0.0,0.0,0.0,0.0,0.0,0.0,0.0,0.0,4.0799999999580905
2017-04-29 00:00:00+00:00,12.090000000083819,12.090000000083819,12.090000000083819,12.090000000083819,0.0,0.0,0.0,0.0,0.0,0.0,0.0,0.0,0.0,0.0,0.0,12.090000000083819
2017-04-30 00:00:00+00:00,19.119999999995343,19.119999999995343,19.119999999995343,19.119999999995343,0.0,0.0,0.0,0.0,0.0,0.0,0.0,0.0,0.0,0.0,0.0,19.119999999995343
2017-05-01 00:00:00+00:00,51.949999999953434,51.949999999953434,51.949999999953434,51.949999999953434,0.0,0.0,0.0,0.0,0.0,0.0,0.0,0.0,0.0,0.0,0.0,51.949999999953434
2017-05-02 00:00:00+00:00,35.48999999999069,35.48999999999069,35.48999999999069,35.48999999999069,0.0,0.0,0.0,0.0,0.0,0.0,0.0,0.0,0.0,0.0,0.0,35.48999999999069
2017-05-03 00:00:00+00:00,61.01000000000931,61.01000000000931,61.01000000000931,61.01000000000931,59.00157910503913,0.0,0.0,0.0,0.0,0.0,0.0,0.0,0.0,0.0,0.0,61.01000000000931
2017-05-04 00:00:00+00:00,30.39000000001397,30.39000000001397,30.39000000001397,30.39000000001397,30.39000000001397,0.0,0.0,0.0,0.0,0.0,0.0,0.0,0.0,0.0,0.0,30.39000000001397
2017-05-05 00:00:00+00:00,-12.089999999967404,-12.089999999967404,-12.089999999967404,-12.089999999967404,-12.089999999967404,0.0,0.0,0.0,0.0,0.0,0.0,0.0,0.0,0.0,0.0,-12.089999999967404
2017-05-06 00:00:00+00:00,34.089999999967404,34.089999999967404,34.089999999967404,34.089999999967404,34.089999999967404,0.0,0.0,0.0,0.0,0.0,0.0,0.0,0.0,0.0,0.0,34.089999999967404
2017-05-07 00:00:00+00:00,24.179999999934807,24.179999999934807,24.179999999934807,24.179999999934807,24.179999999934807,0.0,0.0,0.0,0.0,0.0,0.0,0.0,0.0,0.0,0.0,24.179999999934807
2017-05-08 00:00:00+00:00,103.43000000005122,103.43000000005122,103.43000000005122,103.43000000005122,103.43000000005122,0.0,0.0,0.0,0.0,0.0,0.0,0.0,0.0,0.0,0.0,103.43000000005122
2017-05-09 00:00:00+00:00,7.430000000051223,7.430000000051223,7.430000000051223,7.430000000051223,7.430000000051223,0.0,0.0,0.0,0.0,0.0,0.0,0.0,0.0,0.0,0.0,7.430000000051223
2017-05-10 00:00:00+00:00,74.55999999993946,74.55999999993946,74.55999999993946,74.55999999993946,74.55999999993946,0.0,0.0,0.0,0.0,0.0,0.0,0.0,0.0,0.0,0.0,74.55999999993946
2017-05-11 00:00:00+00:00,42.940000000060536,42.940000000060536,42.940000000060536,42.940000000060536,42.940000000060536,0.0,0.0,0.0,0.0,0.0,0.0,0.0,0.0,0.0,0.0,42.940000000060536
2017-05-12 00:00:00+00:00,-142.3200000000652,-142.3200000000652,-142.3200000000652,-142.3200000000652,-142.3200000000652,0.0,0.0,0.0,0.0,0.0,0.0,0.0,0.0,0.0,0.0,-142.3200000000652
2017-05-13 00:00:00+00:00,97.11999999999534,97.11999999999534,97.11999999999534,97.11999999999534,97.11999999999534,0.0,0.0,0.0,0.0,0.0,0.0,0.0,0.0,0.0,0.0,97.11999999999534
2017-05-14 00:00:00+00:00,7.260000000009313,7.260000000009313,7.260000000009313,7.260000000009313,7.260000000009313,0.0,0.0,0.0,0.0,0.0,0.0,0.0,0.0,0.0,0.0,7.260000000009313
2017-05-15 00:00:00+00:00,-52.17999999993481,-52.17999999993481,-52.17999999993481,-52.17999999993481,-52.17999999993481,0.0,0.0,0.0,0.0,0.0,0.0,0.0,0.0,0.0,0.0,-52.17999999993481
2017-05-16 00:00:00+00:00,29.669999999925494,29.669999999925494,29.669999999925494,29.669999999925494,29.669999999925494,0.0,0.0,0.0,0.0,0.0,0.0,0.0,0.0,0.0,0.0,29.669999999925494
2017-05-17 00:00:00+00:00,35.75,35.75,35.75,35.75,35.75,0.0,0.0,0.0,0.0,0.0,0.0,0.0,0.0,0.0,0.0,35.75
2017-05-18 00:00:00+00:00,85.93000000005122,85.93000000005122,85.93000000005122,85.93000000005122,85.93000000005122,0.0,0.0,0.0,0.0,0.0,0.0,0.0,0.0,0.0,0.0,85.93000000005122
2017-05-19 00:00:00+00:00,77.06999999994878,77.06999999994878,77.06999999994878,77.06999999994878,77.06999999994878,0.0,0.0,0.0,0.0,0.0,0.0,0.0,0.0,0.0,0.0,77.06999999994878
2017-05-20 00:00:00+00:00,82.68000000005122,82.68000000005122,82.68000000005122,82.68000000005122,82.68000000005122,0.0,0.0,0.0,0.0,0.0,0.0,0.0,0.0,0.0,0.0,82.68000000005122
2017-05-21 00:00:00+00:00,-1.9100000000325963,-1.9100000000325963,-1.9100000000325963,-1.9100000000325963,-1.9100000000325963,0.0,0.0,0.0,0.0,0.0,0.0,0.0,0.0,0.0,0.0,-1.9100000000325963
2017-05-22 00:00:00+00:00,66.29000000003725,66.29000000003725,66.29000000003725,66.29000000003725,66.29000000003725,0.0,0.0,0.0,0.0,0.0,0.0,0.0,0.0,0.0,0.0,66.29000000003725
2017-05-23 00:00:00+00:00,149.45999999996275,149.45999999996275,149.45999999996275,149.45999999996275,149.45999999996275,0.0,0.0,0.0,0.0,0.0,0.0,0.0,0.0,0.0,0.0,149.45999999996275
2017-05-24 00:00:00+00:00,160.21999999997206,160.21999999997206,160.21999999997206,160.21999999997206,160.21999999997206,0.0,0.0,0.0,0.0,0.0,0.0,0.0,0.0,0.0,0.0,160.21999999997206
2017-05-25 00:00:00+00:00,-77.96999999997206,-77.96999999997206,-77.96999999997206,-77.96999999997206,-77.96999999997206,0.0,0.0,0.0,0.0,0.0,0.0,0.0,0.0,0.0,0.0,-77.96999999997206
2017-05-26 00:00:00+00:00,-82.30000000004657,-82.30000000004657,-82.30000000004657,-82.30000000004657,-82.30000000004657,0.0,0.0,0.0,0.0,0.0,0.0,0.0,0.0,0.0,0.0,-82.30000000004657
2017-05-27 00:00:00+00:00,-172.70999999996275,-172.70999999996275,-172.70999999996275,-172.70999999996275,-172.70999999996275,0.0,0.0,0.0,0.0,0.0,0.0,0.0,0.0,0.0,0.0,-172.70999999996275
2017-05-28 00:00:00+00:00,132.79000000003725,132.79000000003725,132.79000000003725,132.79000000003725,132.79000000003725,0.0,0.0,0.0,0.0,0.0,0.0,0.0,0.0,0.0,0.0,132.79000000003725
2017-05-29 00:00:00+00:00,46.699999999953434,46.699999999953434,46.699999999953434,46.699999999953434,46.699999999953434,0.0,0.0,0.0,0.0,0.0,0.0,0.0,0.0,0.0,0.0,46.699999999953434
2017-05-30 00:00:00+00:00,-87.90000000002328,-87.90000000002328,-87.90000000002328,-87.90000000002328,-87.90000000002328,0.0,0.0,0.0,0.0,0.0,0.0,0.0,0.0,0.0,0.0,-87.90000000002328
2017-05-31 00:00:00+00:00,111.71000000007916,111.71000000007916,111.71000000007916,111.71000000007916,111.71000000007916,0.0,0.0,0.0,0.0,0.0,0.0,0.0,0.0,0.0,0.0,111.71000000007916
2017-06-01 00:00:00+00:00,-3.134263194981031,116.69999999995343,116.69999999995343,116.69999999995343,116.69999999995343,0.0,0.0,0.0,0.0,0.0,0.0,0.0,0.0,0.0,0.0,116.69999999995343
2017-06-02 00:00:00+00:00,0.0,59.0,59.0,59.0,59.0,0.0,0.0,0.0,0.0,0.0,0.0,0.0,0.0,0.0,0.0,59.0
2017-06-03 00:00:00+00:00,65.340275505092,69.06000000005588,69.06000000005588,69.06000000005588,69.06000000005588,0.0,0.0,0.0,0.0,0.0,0.0,0.0,0.0,0.0,0.0,69.06000000005588
2017-06-04 00:00:00+00:00,-26.690000000060536,-26.690000000060536,-26.690000000060536,-26.690000000060536,-26.690000000060536,0.0,0.0,0.0,0.0,0.0,0.0,0.0,0.0,0.0,0.0,-26.690000000060536
2017-06-05 00:00:00+00:00,176.64000000001397,176.64000000001397,176.64000000001397,176.64000000001397,176.64000000001397,0.0,0.0,0.0,0.0,0.0,0.0,0.0,0.0,0.0,0.0,176.64000000001397
2017-06-06 00:00:00+00:00,173.29000000003725,173.29000000003725,173.29000000003725,173.29000000003725,173.29000000003725,0.0,0.0,0.0,0.0,0.0,0.0,0.0,0.0,0.0,0.0,173.29000000003725
2017-06-07 00:00:00+00:00,-185.65000000002328,-185.65000000002328,-185.65000000002328,-185.65000000002328,-185.65000000002328,0.0,0.0,0.0,0.0,0.0,0.0,0.0,0.0,0.0,0.0,-185.65000000002328
2017-06-08 00:00:00+00:00,114.0899999999674,114.0899999999674,114.0899999999674,114.0899999999674,114.0899999999674,0.0,0.0,0.0,0.0,0.0,0.0,0.0,0.0,0.0,0.0,114.0899999999674
2017-06-09 00:00:00+00:00,11.660000000032596,11.660000000032596,11.660000000032596,11.660000000032596,11.660000000032596,0.0,0.0,0.0,0.0,0.0,0.0,0.0,0.0,0.0,0.0,11.660000000032596
2017-06-10 00:00:00+00:00,119.76000000000931,119.76000000000931,119.76000000000931,119.76000000000931,119.76000000000931,0.0,0.0,0.0,0.0,0.0,0.0,0.0,0.0,0.0,0.0,119.76000000000931
2017-06-11 00:00:00+00:00,67.82999999995809,67.82999999995809,67.82999999995809,67.82999999995809,67.82999999995809,0.0,0.0,0.0,0.0,0.0,0.0,0.0,0.0,0.0,0.0,67.82999999995809
2017-06-12 00:00:00+00:00,-343.2700000000186,-343.2700000000186,-343.2700000000186,-343.2700000000186,-343.2700000000186,0.0,0.0,0.0,0.0,0.0,0.0,0.0,0.0,0.0,0.0,-343.2700000000186
2017-06-13 00:00:00+00:00,53.300000000046566,53.300000000046566,53.300000000046566,53.300000000046566,53.300000000046566,0.0,0.0,0.0,0.0,0.0,0.0,0.0,0.0,0.0,0.0,53.300000000046566
2017-06-14 00:00:00+00:00,-4.052175489952788,-276.80000000004657,-276.80000000004657,-276.80000000004657,-276.80000000004657,0.0,0.0,0.0,0.0,0.0,0.0,0.0,0.0,0.0,0.0,-276.80000000004657
2017-06-15 00:00:00+00:00,0.0,-22.229999999981374,-22.229999999981374,-22.229999999981374,-22.229999999981374,0.0,0.0,0.0,0.0,0.0,0.0,0.0,0.0,0.0,0.0,-22.229999999981374
2017-06-16 00:00:00+00:00,0.0,70.45000000006985,70.45000000006985,70.45000000006985,70.45000000006985,66.83382501010783,66.83382501010783,0.0,0.0,0.0,0.0,0.0,0.0,0.0,0.0,70.45000000006985
2017-06-17 00:00:00+00:00,0.0,-3.7094197800615802,154.5099999998929,154.5099999998929,154.5099999998929,154.5099999998929,154.5099999998929,0.0,0.0,0.0,0.0,0.0,0.0,0.0,0.0,154.5099999998929
2017-06-18 00:00:00+00:00,0.0,-123.6437274699565,-119.68999999994412,-119.68999999994412,-119.68999999994412,-119.68999999994412,-119.68999999994412,0.0,0.0,0.0,0.0,0.0,0.0,0.0,0.0,-119.68999999994412
2017-06-19 00:00:00+00:00,0.0,81.72999999998137,81.72999999998137,81.72999999998137,81.72999999998137,81.72999999998137,81.72999999998137,0.0,0.0,0.0,0.0,0.0,0.0,0.0,0.0,81.72999999998137
2017-06-20 00:00:00+00:00,0.0,-3.8841865049907938,128.09999999997672,128.09999999997672,128.09999999997672,128.09999999997672,128.09999999997672,0.0,0.0,0.0,0.0,0.0,0.0,0.0,0.0,128.09999999997672
2017-06-21 00:00:00+00:00,0.0,0.0,-81.72999999998137,-81.72999999998137,-81.72999999998137,-81.72999999998137,-81.72999999998137,0.0,0.0,0.0,0.0,0.0,0.0,0.0,0.0,-81.72999999998137
2017-06-22 00:00:00+00:00,32.6936833349755,0.0,36.64000000001397,36.64000000001397,36.64000000001397,-3.9836733349366114,-3.9836733349366114,0.0,0.0,0.0,0.0,0.0,0.0,0.0,0.0,36.64000000001397
2017-06-23 00:00:00+00:00,10.770000000018626,0.0,10.770000000018626,10.770000000018626,10.770000000018626,0.0,0.0,0.0,0.0,0.0,0.0,0.0,0.0,0.0,0.0,10.770000000018626
2017-06-24 00:00:00+00:00,-115.92000000004191,0.0,-115.92000000004191,-115.92000000004191,-115.92000000004191,0.0,0.0,0.0,0.0,0.0,0.0,0.0,0.0,0.0,0.0,-115.92000000004191
2017-06-25 00:00:00+00:00,-69.22999999998137,0.0,-69.22999999998137,-69.22999999998137,-69.22999999998137,0.0,0.0,0.0,0.0,0.0,0.0,0.0,0.0,0.0,0.0,-69.22999999998137
2017-06-26 00:00:00+00:00,-3.7571621949318796,0.0,-97.69999999995343,-97.69999999995343,-97.69999999995343,0.0,0.0,0.0,0.0,0.0,0.0,0.0,0.0,0.0,0.0,-97.69999999995343
2017-06-27 00:00:00+00:00,0.0,0.0,167.8399999999674,167.8399999999674,167.8399999999674,164.2269310449483,0.0,0.0,0.0,0.0,0.0,0.0,0.0,0.0,0.0,167.8399999999674
2017-06-28 00:00:00+00:00,0.0,0.0,-22.630000000004657,-22.630000000004657,-22.630000000004657,-22.630000000004657,-23.96111660997849,-23.96111660997849,-23.96111660997849,0.0,0.0,0.0,0.0,0.0,0.0,-22.630000000004657
2017-06-29 00:00:00+00:00,0.0,0.0,-23.119999999995343,-23.119999999995343,-23.119999999995343,-3.8184184349374846,-3.8184184349374846,-3.8184184349374846,-23.119999999995343,0.0,0.0,0.0,0.0,0.0,0.0,-23.119999999995343
2017-06-30 00:00:00+00:00,0.0,-79.76800558005925,-74.81000000005588,-74.81000000005588,-74.81000000005588,0.0,0.0,0.0,-74.81000000005588,0.0,0.0,0.0,0.0,0.0,0.0,-74.81000000005588
2017-07-01 00:00:00+00:00,0.0,-31.559999999939464,-31.559999999939464,-31.559999999939464,-31.559999999939464,0.0,0.0,0.0,-31.559999999939464,0.0,0.0,0.0,0.0,0.0,0.0,-31.559999999939464
2017-07-02 00:00:00+00:00,0.0,-3.184907960006967,93.03000000002794,93.03000000002794,93.03000000002794,88.94266796007287,88.94266796007287,0.0,93.03000000002794,0.0,0.0,0.0,0.0,0.0,0.0,93.03000000002794
2017-07-03 00:00:00+00:00,0.0,0.0,25.75,25.75,25.75,25.75,25.75,23.265687315026298,25.75,23.265687315026298,0.0,0.0,0.0,0.0,0.0,25.75
2017-07-04 00:00:00+00:00,55.77511379495263,55.77511379495263,59.589999999967404,59.589999999967404,59.589999999967404,59.589999999967404,59.589999999967404,59.589999999967404,59.589999999967404,59.589999999967404,0.0,0.0,0.0,0.0,0.0,59.589999999967404
2017-07-05 00:00:00+00:00,14.959999999962747,-3.9016990000382066,-3.9016990000382066,14.959999999962747,14.959999999962747,14.959999999962747,14.959999999962747,14.959999999962747,14.959999999962747,14.959999999962747,0.0,0.0,0.0,0.0,0.0,14.959999999962747
2017-07-06 00:00:00+00:00,-12.119999999995343,0.0,-16.04674848006107,-12.119999999995343,-12.119999999995343,-3.924131519976072,-3.924131519976072,-3.924131519976072,-12.119999999995343,-12.119999999995343,0.0,0.0,0.0,0.0,0.0,-12.119999999995343
2017-07-07 00:00:00+00:00,-103.68999999994412,0.0,-3.8560325549915433,-103.68999999994412,-103.68999999994412,0.0,0.0,0.0,-103.68999999994412,-103.68999999994412,0.0,0.0,0.0,0.0,0.0,-103.68999999994412
2017-07-08 00:00:00+00:00,59.95999999996275,0.0,0.0,59.95999999996275,59.95999999996275,0.0,0.0,0.0,59.95999999996275,59.95999999996275,0.0,0.0,0.0,0.0,0.0,59.95999999996275
2017-07-09 00:00:00+00:00,-52.11999999999534,0.0,0.0,-52.11999999999534,-52.11999999999534,-55.69254041998647,0.0,0.0,-52.11999999999534,-52.11999999999534,0.0,0.0,0.0,0.0,0.0,-52.11999999999534
2017-07-10 00:00:00+00:00,-177.93999999994412,0.0,0.0,-177.93999999994412,-177.93999999994412,-4.750745999976061,0.0,0.0,-177.93999999994412,-177.93999999994412,0.0,0.0,0.0,0.0,0.0,-177.93999999994412
2017-07-11 00:00:00+00:00,-3.615229535032995,-24.417560464935377,0.0,-21.040000000037253,-21.040000000037253,0.0,0.0,0.0,-21.040000000037253,-21.040000000037253,0.0,0.0,0.0,0.0,0.0,-21.040000000037253
2017-07-12 00:00:00+00:00,0.0,-3.4738450000295416,0.0,73.4100000000326,73.4100000000326,69.95384500001092,69.95384500001092,69.95384500001092,73.4100000000326,73.4100000000326,69.95384500001092,0.0,0.0,0.0,0.0,73.4100000000326
2017-07-13 00:00:00+00:00,0.0,0.0,0.0,-43.42000000004191,-43.42000000004191,-43.42000000004191,-43.42000000004191,-43.42000000004191,-43.42000000004191,-43.42000000004191,-43.42000000004191,0.0,0.0,0.0,0.0,-43.42000000004191
2017-07-14 00:00:00+00:00,0.0,0.0,0.0,-122.76000000000931,-122.76000000000931,-122.76000000000931,-122.76000000000931,-122.76000000000931,-122.76000000000931,-122.76000000000931,-122.76000000000931,0.0,0.0,0.0,0.0,-122.76000000000931
2017-07-15 00:00:00+00:00,0.0,0.0,0.0,-252.9299999999348,-252.9299999999348,-252.9299999999348,-252.9299999999348,-252.9299999999348,-252.9299999999348,-252.9299999999348,-252.9299999999348,0.0,0.0,0.0,0.0,-252.9299999999348
2017-07-16 00:00:00+00:00,0.0,0.0,0.0,-52.53000000002794,-52.53000000002794,-52.53000000002794,-52.53000000002794,-52.53000000002794,-52.53000000002794,-52.53000000002794,-52.53000000002794,-55.49747716495767,0.0,0.0,0.0,-52.53000000002794
2017-07-17 00:00:00+00:00,0.0,0.0,0.0,323.4099999999162,323.4099999999162,323.4099999999162,323.4099999999162,323.4099999999162,323.4099999999162,323.4099999999162,323.4099999999162,323.4099999999162,320.5313591049053,320.5313591049053,0.0,323.4099999999162
2017-07-18 00:00:00+00:00,0.0,0.0,0.0,72.96000000007916,72.96000000007916,72.96000000007916,72.96000000007916,72.96000000007916,72.96000000007916,72.96000000007916,72.96000000007916,72.96000000007916,72.96000000007916,72.96000000007916,0.0,72.96000000007916
2017-07-19 00:00:00+00:00,0.0,0.0,0.0,-49.160000000032596,-49.160000000032596,-49.160000000032596,-49.160000000032596,-49.160000000032596,-49.160000000032596,-49.160000000032596,-49.160000000032596,-49.160000000032596,-49.160000000032596,-49.160000000032596,0.0,-49.160000000032596
2017-07-20 00:00:00+00:00,0.0,0.0,0.0,614.4899999999907,614.4899999999907,614.4899999999907,614.4899999999907,614.4899999999907,614.4899999999907,614.4899999999907,614.4899999999907,614.4899999999907,614.4899999999907,614.4899999999907,0.0,614.4899999999907
2017-07-21 00:00:00+00:00,0.0,0.0,0.0,-216.03000000002794,-216.03000000002794,-216.03000000002794,-216.03000000002794,-216.03000000002794,-216.03000000002794,-216.03000000002794,-216.03000000002794,-216.03000000002794,-216.03000000002794,-216.03000000002794,0.0,-216.03000000002794
2017-07-22 00:00:00+00:00,160.2270944750635,160.2270944750635,160.2270944750635,167.8200000000652,167.8200000000652,-0.3902444749837741,-0.3902444749837741,-0.3902444749837741,-0.3902444749837741,-0.3902444749837741,-0.3902444749837741,-0.3902444749837741,-0.3902444749837741,-0.3902444749837741,0.0,167.8200000000652
2017-07-23 00:00:00+00:00,-70.98999999999069,-70.98999999999069,-70.98999999999069,-70.98999999999069,-70.98999999999069,0.0,0.0,0.0,0.0,0.0,0.0,0.0,0.0,0.0,0.0,-70.98999999999069
2017-07-24 00:00:00+00:00,7.9799999999813735,7.9799999999813735,7.9799999999813735,7.9799999999813735,7.9799999999813735,0.0,0.0,0.0,0.0,0.0,0.0,0.0,0.0,0.0,0.0,7.9799999999813735
2017-07-25 00:00:00+00:00,-198.2600000000093,-198.2600000000093,-198.2600000000093,-198.2600000000093,-198.2600000000093,0.0,0.0,0.0,0.0,0.0,0.0,0.0,0.0,0.0,0.0,-198.2600000000093
2017-07-26 00:00:00+00:00,-38.01000000000931,-38.01000000000931,-38.01000000000931,-38.01000000000931,-38.01000000000931,0.0,0.0,0.0,0.0,0.0,0.0,0.0,0.0,0.0,0.0,-38.01000000000931
2017-07-27 00:00:00+00:00,139.0,139.0,139.0,139.0,139.0,0.0,0.0,0.0,0.0,0.0,0.0,0.0,0.0,0.0,0.0,139.0
2017-07-28 00:00:00+00:00,121.07999999995809,121.07999999995809,121.07999999995809,121.07999999995809,121.07999999995809,0.0,0.0,0.0,0.0,0.0,0.0,0.0,0.0,0.0,0.0,121.07999999995809
2017-07-29 00:00:00+00:00,-4.177711964934133,-85.85999999998603,-85.85999999998603,-85.85999999998603,-85.85999999998603,0.0,0.0,0.0,0.0,0.0,0.0,0.0,0.0,0.0,0.0,-85.85999999998603
2017-07-30 00:00:00+00:00,19.738349899998866,23.78000000002794,23.78000000002794,23.78000000002794,23.78000000002794,0.0,0.0,0.0,0.0,0.0,0.0,0.0,0.0,0.0,0.0,23.78000000002794
2017-07-31 00:00:00+00:00,-4.084623005008325,132.89000000001397,132.89000000001397,132.89000000001397,132.89000000001397,0.0,0.0,0.0,0.0,0.0,0.0,0.0,0.0,0.0,0.0,132.89000000001397
2017-08-01 00:00:00+00:00,0.0,-124.29000000003725,-124.29000000003725,-124.29000000003725,-124.29000000003725,0.0,0.0,0.0,0.0,0.0,0.0,0.0,0.0,0.0,0.0,-124.29000000003725
2017-08-02 00:00:00+00:00,-35.798765799961984,-32.68999999994412,-32.68999999994412,-32.68999999994412,-32.68999999994412,0.0,0.0,0.0,0.0,0.0,0.0,0.0,0.0,0.0,0.0,-32.68999999994412
2017-08-03 00:00:00+00:00,87.11999999999534,87.11999999999534,87.11999999999534,87.11999999999534,87.11999999999534,0.0,0.0,0.0,0.0,0.0,0.0,0.0,0.0,0.0,0.0,87.11999999999534
2017-08-04 00:00:00+00:00,70.31999999994878,70.31999999994878,70.31999999994878,70.31999999994878,70.31999999994878,0.0,0.0,0.0,0.0,0.0,0.0,0.0,0.0,0.0,0.0,70.31999999994878
2017-08-05 00:00:00+00:00,386.1500000000233,-4.284581330022775,386.1500000000233,386.1500000000233,386.1500000000233,0.0,0.0,0.0,0.0,0.0,0.0,0.0,0.0,0.0,0.0,386.1500000000233
2017-08-06 00:00:00+00:00,-21.270000000018626,-26.146871750010177,-21.270000000018626,-21.270000000018626,-21.270000000018626,0.0,0.0,0.0,0.0,0.0,0.0,0.0,0.0,0.0,0.0,-21.270000000018626
2017-08-07 00:00:00+00:00,176.0100000000093,176.0100000000093,176.0100000000093,176.0100000000093,176.0100000000093,0.0,0.0,0.0,0.0,0.0,0.0,0.0,0.0,0.0,0.0,176.0100000000093
2017-08-08 00:00:00+00:00,24.20000000006985,24.20000000006985,24.20000000006985,24.20000000006985,24.20000000006985,0.0,0.0,0.0,0.0,0.0,0.0,0.0,0.0,0.0,0.0,24.20000000006985
2017-08-09 00:00:00+00:00,-79.63000000000466,-79.63000000000466,-79.63000000000466,-79.63000000000466,-79.63000000000466,0.0,0.0,0.0,0.0,0.0,0.0,0.0,0.0,0.0,0.0,-79.63000000000466
2017-08-10 00:00:00+00:00,102.17999999993481,102.17999999993481,102.17999999993481,102.17999999993481,102.17999999993481,0.0,0.0,0.0,0.0,0.0,0.0,0.0,0.0,0.0,0.0,102.17999999993481
2017-08-11 00:00:00+00:00,211.1700000000419,211.1700000000419,211.1700000000419,211.1700000000419,211.1700000000419,0.0,0.0,0.0,0.0,0.0,0.0,0.0,0.0,0.0,0.0,211.1700000000419
2017-08-12 00:00:00+00:00,217.84999999997672,217.84999999997672,217.84999999997672,217.84999999997672,217.84999999997672,0.0,0.0,0.0,0.0,0.0,0.0,0.0,0.0,0.0,0.0,217.84999999997672
2017-08-13 00:00:00+00:00,186.46999999997206,186.46999999997206,186.46999999997206,186.46999999997206,186.46999999997206,0.0,0.0,0.0,0.0,0.0,0.0,0.0,0.0,0.0,0.0,186.46999999997206
2017-08-14 00:00:00+00:00,260.13000000000466,260.13000000000466,260.13000000000466,260.13000000000466,260.13000000000466,0.0,0.0,0.0,0.0,0.0,0.0,0.0,0.0,0.0,0.0,260.13000000000466
2017-08-15 00:00:00+00:00,-160.6699999999255,-160.6699999999255,-160.6699999999255,-160.6699999999255,-160.6699999999255,0.0,0.0,0.0,0.0,0.0,0.0,0.0,0.0,0.0,0.0,-160.6699999999255
2017-08-16 00:00:00+00:00,210.0799999999581,210.0799999999581,210.0799999999581,210.0799999999581,210.0799999999581,0.0,0.0,0.0,0.0,0.0,0.0,0.0,0.0,0.0,0.0,210.0799999999581
2017-08-17 00:00:00+00:00,-90.0,-90.0,-90.0,-90.0,-90.0,0.0,0.0,0.0,0.0,0.0,0.0,0.0,0.0,0.0,0.0,-90.0
2017-08-18 00:00:00+00:00,-178.29000000003725,-178.29000000003725,-178.29000000003725,-178.29000000003725,-178.29000000003725,0.0,0.0,0.0,0.0,0.0,0.0,0.0,0.0,0.0,0.0,-178.29000000003725
2017-08-19 00:00:00+00:00,55.690000000060536,55.690000000060536,55.690000000060536,55.690000000060536,55.690000000060536,0.0,0.0,0.0,0.0,0.0,0.0,0.0,0.0,0.0,0.0,55.690000000060536
2017-08-20 00:00:00+00:00,-106.42000000004191,-106.42000000004191,-106.42000000004191,-106.42000000004191,-106.42000000004191,0.0,0.0,0.0,0.0,0.0,0.0,0.0,0.0,0.0,0.0,-106.42000000004191
2017-08-21 00:00:00+00:00,-48.98999999999069,-48.98999999999069,-48.98999999999069,-48.98999999999069,-48.98999999999069,0.0,0.0,0.0,0.0,0.0,0.0,0.0,0.0,0.0,0.0,-48.98999999999069
2017-08-22 00:00:00+00:00,-6.000999000039883,90.0,90.0,90.0,90.0,0.0,0.0,0.0,0.0,0.0,0.0,0.0,0.0,0.0,0.0,90.0
2017-08-23 00:00:00+00:00,0.0,51.48999999999069,51.48999999999069,51.48999999999069,51.48999999999069,0.0,0.0,0.0,0.0,0.0,0.0,0.0,0.0,0.0,0.0,51.48999999999069
2017-08-24 00:00:00+00:00,0.0,168.54000000003725,168.54000000003725,168.54000000003725,168.54000000003725,0.0,0.0,0.0,0.0,0.0,0.0,0.0,0.0,0.0,0.0,168.54000000003725
2017-08-25 00:00:00+00:00,0.0,47.96999999997206,47.96999999997206,47.96999999997206,47.96999999997206,0.0,0.0,0.0,0.0,0.0,0.0,0.0,0.0,0.0,0.0,47.96999999997206
2017-08-26 00:00:00+00:00,-22.22218000004068,-15.680000000051223,-15.680000000051223,-15.680000000051223,-15.680000000051223,0.0,0.0,0.0,0.0,0.0,0.0,0.0,0.0,0.0,0.0,-15.680000000051223
2017-08-27 00:00:00+00:00,-4.209999999962747,-4.209999999962747,-4.209999999962747,-4.209999999962747,-4.209999999962747,0.0,0.0,0.0,0.0,0.0,0.0,0.0,0.0,0.0,0.0,-4.209999999962747
2017-08-28 00:00:00+00:00,44.88000000000466,44.88000000000466,44.88000000000466,44.88000000000466,44.88000000000466,0.0,0.0,0.0,0.0,0.0,0.0,0.0,0.0,0.0,0.0,44.88000000000466
2017-08-29 00:00:00+00:00,214.0100000000093,214.0100000000093,214.0100000000093,214.0100000000093,214.0100000000093,0.0,0.0,0.0,0.0,0.0,0.0,0.0,0.0,0.0,0.0,214.0100000000093
2017-08-30 00:00:00+00:00,-17.020000000018626,-17.020000000018626,-17.020000000018626,-17.020000000018626,-17.020000000018626,0.0,0.0,0.0,0.0,0.0,0.0,0.0,0.0,0.0,0.0,-17.020000000018626
2017-08-31 00:00:00+00:00,161.95999999996275,161.95999999996275,161.95999999996275,161.95999999996275,161.95999999996275,0.0,0.0,0.0,0.0,0.0,0.0,0.0,0.0,0.0,0.0,161.95999999996275
2017-09-01 00:00:00+00:00,204.05000000004657,204.05000000004657,204.05000000004657,204.05000000004657,204.05000000004657,0.0,0.0,0.0,0.0,0.0,0.0,0.0,0.0,0.0,0.0,204.05000000004657
2017-09-02 00:00:00+00:00,-298.0,-298.0,-298.0,-298.0,-298.0,0.0,0.0,0.0,0.0,0.0,0.0,0.0,0.0,0.0,0.0,-298.0
2017-09-03 00:00:00+00:00,-23.93999999994412,-23.93999999994412,-23.93999999994412,-23.93999999994412,-23.93999999994412,0.0,0.0,0.0,0.0,0.0,0.0,0.0,0.0,0.0,0.0,-23.93999999994412
2017-09-04 00:00:00+00:00,-127.80000000004657,-127.80000000004657,-127.80000000004657,-127.80000000004657,-127.80000000004657,0.0,0.0,0.0,0.0,0.0,0.0,0.0,0.0,0.0,0.0,-127.80000000004657
2017-09-05 00:00:00+00:00,-65.73999999999069,-65.73999999999069,-65.73999999999069,-65.73999999999069,-65.73999999999069,0.0,0.0,0.0,0.0,0.0,0.0,0.0,0.0,0.0,0.0,-65.73999999999069
2017-09-06 00:00:00+00:00,183.6700000000419,183.6700000000419,183.6700000000419,183.6700000000419,183.6700000000419,0.0,0.0,0.0,0.0,0.0,0.0,0.0,0.0,0.0,0.0,183.6700000000419
2017-09-07 00:00:00+00:00,-6.9219619100913405,8.0,8.0,8.0,8.0,0.0,0.0,0.0,0.0,0.0,0.0,0.0,0.0,0.0,0.0,8.0
2017-09-08 00:00:00+00:00,-281.11858209001366,-274.1800000000512,-274.1800000000512,-274.1800000000512,-274.1800000000512,0.0,0.0,0.0,0.0,0.0,0.0,0.0,0.0,0.0,0.0,-274.1800000000512
2017-09-09 00:00:00+00:00,-6.522824999992736,-15.64000000001397,-15.64000000001397,-15.64000000001397,-15.64000000001397,0.0,0.0,0.0,0.0,0.0,0.0,0.0,0.0,0.0,0.0,-15.64000000001397
2017-09-10 00:00:00+00:00,0.0,-6.499372820020653,-83.0,-83.0,-83.0,-89.5037071800325,-89.5037071800325,0.0,0.0,0.0,0.0,0.0,0.0,0.0,0.0,-83.0
2017-09-11 00:00:00+00:00,0.0,0.0,-40.64000000001397,-40.64000000001397,-40.64000000001397,-40.64000000001397,-40.64000000001397,0.0,0.0,0.0,0.0,0.0,0.0,0.0,0.0,-40.64000000001397
2017-09-12 00:00:00+00:00,0.0,0.0,-46.199999999953434,-46.199999999953434,-46.199999999953434,-46.199999999953434,-46.199999999953434,-52.51818536000792,0.0,0.0,0.0,0.0,0.0,0.0,0.0,-46.199999999953434
2017-09-13 00:00:00+00:00,0.0,0.0,-309.20000000006985,-309.20000000006985,-309.20000000006985,-309.20000000006985,-309.20000000006985,-309.20000000006985,-315.4488622600911,0.0,0.0,0.0,0.0,0.0,0.0,-309.20000000006985
2017-09-14 00:00:00+00:00,0.0,0.0,-604.9199999999255,-604.9199999999255,-604.9199999999255,-604.9199999999255,-604.9199999999255,-604.9199999999255,-604.9199999999255,0.0,0.0,0.0,0.0,0.0,0.0,-604.9199999999255
2017-09-15 00:00:00+00:00,0.0,0.0,-5.283360005007125,489.61999999999534,489.61999999999534,489.61999999999534,489.61999999999534,489.61999999999534,489.61999999999534,485.1533900049981,485.1533900049981,0.0,0.0,0.0,0.0,489.61999999999534
2017-09-16 00:00:00+00:00,0.0,0.0,0.0,-13.510000000009313,-13.510000000009313,-13.510000000009313,-13.510000000009313,-13.510000000009313,-13.510000000009313,-13.510000000009313,-13.510000000009313,0.0,0.0,0.0,0.0,-13.510000000009313
2017-09-17 00:00:00+00:00,0.0,0.0,0.0,-6.540000000037253,-6.540000000037253,-6.540000000037253,-6.540000000037253,-6.540000000037253,-6.540000000037253,-6.540000000037253,-6.540000000037253,0.0,0.0,0.0,0.0,-6.540000000037253
2017-09-18 00:00:00+00:00,0.0,0.0,0.0,380.03000000002794,380.03000000002794,380.03000000002794,380.03000000002794,380.03000000002794,380.03000000002794,380.03000000002794,380.03000000002794,0.0,0.0,0.0,0.0,380.03000000002794
2017-09-19 00:00:00+00:00,0.0,0.0,0.0,-189.89000000001397,-189.89000000001397,-189.89000000001397,-189.89000000001397,-189.89000000001397,-189.89000000001397,-189.89000000001397,-189.89000000001397,0.0,0.0,0.0,0.0,-189.89000000001397
2017-09-20 00:00:00+00:00,0.0,0.0,0.0,-38.04999999993015,-38.04999999993015,-38.04999999993015,-38.04999999993015,-38.04999999993015,-38.04999999993015,-38.04999999993015,-38.04999999993015,0.0,0.0,0.0,0.0,-38.04999999993015
2017-09-21 00:00:00+00:00,0.0,0.0,0.0,-254.59000000008382,-254.59000000008382,-254.59000000008382,-254.59000000008382,-254.59000000008382,-254.59000000008382,-254.59000000008382,-254.59000000008382,0.0,0.0,0.0,0.0,-254.59000000008382
2017-09-22 00:00:00+00:00,-3.88801373494789,0.0,0.0,1.540000000037253,1.540000000037253,1.540000000037253,1.540000000037253,1.540000000037253,1.540000000037253,1.540000000037253,1.540000000037253,0.0,0.0,0.0,0.0,1.540000000037253
2017-09-23 00:00:00+00:00,168.31999999994878,0.0,0.0,168.31999999994878,168.31999999994878,168.31999999994878,168.31999999994878,168.31999999994878,168.31999999994878,168.31999999994878,168.31999999994878,0.0,0.0,0.0,0.0,168.31999999994878
2017-09-24 00:00:00+00:00,-5.679101335001178,0.0,0.0,-118.31999999994878,-118.31999999994878,-118.31999999994878,-118.31999999994878,-118.31999999994878,-118.31999999994878,-118.31999999994878,-118.31999999994878,0.0,0.0,0.0,0.0,-118.31999999994878
2017-09-25 00:00:00+00:00,245.2646504950244,0.0,0.0,250.77000000001863,250.77000000001863,250.77000000001863,250.77000000001863,250.77000000001863,250.77000000001863,250.77000000001863,250.77000000001863,0.0,0.0,0.0,0.0,250.77000000001863
2017-09-26 00:00:00+00:00,-5.6780100100440904,0.0,0.0,-34.690000000060536,-34.690000000060536,-34.690000000060536,-34.690000000060536,-34.690000000060536,-34.690000000060536,-34.690000000060536,-34.690000000060536,0.0,0.0,0.0,0.0,-34.690000000060536
2017-09-27 00:00:00+00:00,0.0,0.0,0.0,314.9100000000326,314.9100000000326,-5.8256924549350515,-5.8256924549350515,-5.8256924549350515,314.9100000000326,314.9100000000326,314.9100000000326,0.0,0.0,0.0,0.0,314.9100000000326
2017-09-28 00:00:00+00:00,0.0,0.0,0.0,-10.57999999995809,-10.57999999995809,0.0,0.0,0.0,-10.57999999995809,-10.57999999995809,-10.57999999995809,0.0,0.0,0.0,0.0,-10.57999999995809
2017-09-29 00:00:00+00:00,-38.716224709991366,-38.716224709991366,0.0,-32.43000000005122,-32.43000000005122,0.0,0.0,0.0,-6.2820352900307626,-6.2820352900307626,-6.2820352900307626,0.0,0.0,0.0,0.0,-32.43000000005122
2017-09-30 00:00:00+00:00,182.0100000000093,182.0100000000093,0.0,182.0100000000093,182.0100000000093,0.0,0.0,0.0,0.0,0.0,0.0,0.0,0.0,0.0,0.0,182.0100000000093
2017-10-01 00:00:00+00:00,55.81000000005588,55.81000000005588,0.0,55.81000000005588,55.81000000005588,0.0,0.0,0.0,0.0,0.0,0.0,0.0,0.0,0.0,0.0,55.81000000005588
2017-10-02 00:00:00+00:00,-2.1000000000931323,-2.1000000000931323,0.0,-2.1000000000931323,-2.1000000000931323,0.0,0.0,0.0,0.0,0.0,0.0,0.0,0.0,0.0,0.0,-2.1000000000931323
2017-10-03 00:00:00+00:00,-84.71999999997206,-84.71999999997206,0.0,-84.71999999997206,-84.71999999997206,0.0,0.0,0.0,0.0,0.0,0.0,0.0,0.0,0.0,0.0,-84.71999999997206
2017-10-04 00:00:00+00:00,-93.15000000002328,-93.15000000002328,0.0,-93.15000000002328,-93.15000000002328,0.0,0.0,0.0,0.0,0.0,0.0,0.0,0.0,0.0,0.0,-93.15000000002328
2017-10-05 00:00:00+00:00,105.20000000006985,105.20000000006985,0.0,105.20000000006985,105.20000000006985,0.0,0.0,0.0,0.0,0.0,0.0,0.0,0.0,0.0,0.0,105.20000000006985
2017-10-06 00:00:00+00:00,42.949999999953434,42.949999999953434,0.0,42.949999999953434,42.949999999953434,0.0,0.0,0.0,0.0,0.0,0.0,0.0,0.0,0.0,0.0,42.949999999953434
2017-10-07 00:00:00+00:00,62.01000000000931,62.01000000000931,0.0,62.01000000000931,62.01000000000931,0.0,0.0,0.0,0.0,0.0,0.0,0.0,0.0,0.0,0.0,62.01000000000931
2017-10-08 00:00:00+00:00,178.4899999999907,178.4899999999907,0.0,178.4899999999907,178.4899999999907,0.0,0.0,0.0,0.0,0.0,0.0,0.0,0.0,0.0,0.0,178.4899999999907
2017-10-09 00:00:00+00:00,166.06000000005588,166.06000000005588,0.0,166.06000000005588,166.06000000005588,0.0,0.0,0.0,0.0,0.0,0.0,0.0,0.0,0.0,0.0,166.06000000005588
2017-10-10 00:00:00+00:00,-19.550000000046566,-19.550000000046566,-26.706709775025956,-19.550000000046566,-19.550000000046566,0.0,0.0,0.0,0.0,0.0,0.0,0.0,0.0,0.0,0.0,-19.550000000046566
2017-10-11 00:00:00+00:00,64.98999999999069,64.98999999999069,64.98999999999069,64.98999999999069,64.98999999999069,0.0,0.0,0.0,0.0,0.0,0.0,0.0,0.0,0.0,0.0,64.98999999999069
2017-10-12 00:00:00+00:00,625.0100000000093,625.0100000000093,625.0100000000093,625.0100000000093,625.0100000000093,0.0,0.0,0.0,0.0,0.0,0.0,0.0,0.0,0.0,0.0,625.0100000000093
2017-10-13 00:00:00+00:00,184.80000000004657,184.80000000004657,184.80000000004657,184.80000000004657,184.80000000004657,0.0,0.0,0.0,0.0,0.0,0.0,0.0,0.0,0.0,0.0,184.80000000004657
2017-10-14 00:00:00+00:00,194.3299999999581,194.3299999999581,194.3299999999581,194.3299999999581,194.3299999999581,0.0,0.0,0.0,0.0,0.0,0.0,0.0,0.0,0.0,0.0,194.3299999999581
2017-10-15 00:00:00+00:00,-125.43000000005122,-125.43000000005122,-125.43000000005122,-125.43000000005122,-125.43000000005122,0.0,0.0,0.0,0.0,0.0,0.0,0.0,0.0,0.0,0.0,-125.43000000005122
2017-10-16 00:00:00+00:00,61.20000000006985,61.20000000006985,61.20000000006985,61.20000000006985,61.20000000006985,0.0,0.0,0.0,0.0,0.0,0.0,0.0,0.0,0.0,0.0,61.20000000006985
2017-10-17 00:00:00+00:00,-160.90000000002328,-160.90000000002328,-160.90000000002328,-160.90000000002328,-160.90000000002328,0.0,0.0,0.0,0.0,0.0,0.0,0.0,0.0,0.0,0.0,-160.90000000002328
2017-10-18 00:00:00+00:00,-19.56000000005588,-19.56000000005588,-19.56000000005588,-19.56000000005588,-19.56000000005588,0.0,0.0,0.0,0.0,0.0,0.0,0.0,0.0,0.0,0.0,-19.56000000005588
2017-10-19 00:00:00+00:00,129.5700000000652,129.5700000000652,129.5700000000652,129.5700000000652,129.5700000000652,0.0,0.0,0.0,0.0,0.0,0.0,0.0,0.0,0.0,0.0,129.5700000000652
2017-10-20 00:00:00+00:00,285.0899999999674,285.0899999999674,285.0899999999674,285.0899999999674,285.0899999999674,0.0,0.0,0.0,0.0,0.0,0.0,0.0,0.0,0.0,0.0,285.0899999999674
2017-10-21 00:00:00+00:00,35.76000000000931,35.76000000000931,35.76000000000931,35.76000000000931,35.76000000000931,0.0,0.0,0.0,0.0,0.0,0.0,0.0,0.0,0.0,0.0,35.76000000000931
2017-10-22 00:00:00+00:00,-19.809999999939464,-19.809999999939464,-19.809999999939464,-19.809999999939464,-19.809999999939464,0.0,0.0,0.0,0.0,0.0,0.0,0.0,0.0,0.0,0.0,-19.809999999939464
2017-10-23 00:00:00+00:00,-99.06000000005588,-99.06000000005588,-99.06000000005588,-99.06000000005588,-99.06000000005588,0.0,0.0,0.0,0.0,0.0,0.0,0.0,0.0,0.0,0.0,-99.06000000005588
2017-10-24 00:00:00+00:00,-380.55999999993946,-380.55999999993946,-380.55999999993946,-380.55999999993946,-380.55999999993946,0.0,0.0,0.0,0.0,0.0,0.0,0.0,0.0,0.0,0.0,-380.55999999993946
2017-10-25 00:00:00+00:00,214.53999999992084,214.53999999992084,214.53999999992084,214.53999999992084,214.53999999992084,0.0,0.0,0.0,0.0,0.0,0.0,0.0,0.0,0.0,0.0,214.53999999992084
2017-10-26 00:00:00+00:00,-8.60708501492627,151.64000000001397,151.64000000001397,151.64000000001397,151.64000000001397,0.0,0.0,0.0,0.0,0.0,0.0,0.0,0.0,0.0,0.0,151.64000000001397
2017-10-27 00:00:00+00:00,-120.45036080502905,-111.60999999998603,-111.60999999998603,-111.60999999998603,-111.60999999998603,0.0,0.0,0.0,0.0,0.0,0.0,0.0,0.0,0.0,0.0,-111.60999999998603
2017-10-28 00:00:00+00:00,-27.989999999990687,-27.989999999990687,-27.989999999990687,-27.989999999990687,-27.989999999990687,0.0,0.0,0.0,0.0,0.0,0.0,0.0,0.0,0.0,0.0,-27.989999999990687
2017-10-29 00:00:00+00:00,-8.625138995004818,388.0,388.0,388.0,388.0,0.0,0.0,0.0,0.0,0.0,0.0,0.0,0.0,0.0,0.0,388.0
2017-10-30 00:00:00+00:00,0.0,-9.206944994977675,-15.849999999976717,-15.849999999976717,-15.849999999976717,0.0,0.0,0.0,0.0,0.0,0.0,0.0,0.0,0.0,0.0,-15.849999999976717
2017-10-31 00:00:00+00:00,311.6606979200151,311.6606979200151,320.8499999999767,320.8499999999767,320.8499999999767,0.0,0.0,0.0,0.0,0.0,0.0,0.0,0.0,0.0,0.0,320.8499999999767
2017-11-01 00:00:00+00:00,338.6799999999348,338.6799999999348,338.6799999999348,338.6799999999348,338.6799999999348,0.0,0.0,0.0,0.0,0.0,0.0,0.0,0.0,0.0,0.0,338.6799999999348
2017-11-02 00:00:00+00:00,256.29000000003725,256.29000000003725,256.29000000003725,256.29000000003725,256.29000000003725,0.0,0.0,0.0,0.0,0.0,0.0,0.0,0.0,0.0,0.0,256.29000000003725
2017-11-03 00:00:00+00:00,130.03000000002794,130.03000000002794,130.03000000002794,130.03000000002794,130.03000000002794,0.0,0.0,0.0,0.0,0.0,0.0,0.0,0.0,0.0,0.0,130.03000000002794
2017-11-04 00:00:00+00:00,242.54000000003725,242.54000000003725,242.54000000003725,242.54000000003725,242.54000000003725,0.0,0.0,0.0,0.0,0.0,0.0,0.0,0.0,0.0,0.0,242.54000000003725
2017-11-05 00:00:00+00:00,-20.550000000046566,-20.550000000046566,-20.550000000046566,-20.550000000046566,-20.550000000046566,0.0,0.0,0.0,0.0,0.0,0.0,0.0,0.0,0.0,0.0,-20.550000000046566
2017-11-06 00:00:00+00:00,-422.2399999999907,-422.2399999999907,-422.2399999999907,-422.2399999999907,-422.2399999999907,0.0,0.0,0.0,0.0,0.0,0.0,0.0,0.0,0.0,0.0,-422.2399999999907
2017-11-07 00:00:00+00:00,156.86999999999534,156.86999999999534,156.86999999999534,156.86999999999534,156.86999999999534,0.0,0.0,0.0,0.0,0.0,0.0,0.0,0.0,0.0,0.0,156.86999999999534
2017-11-08 00:00:00+00:00,341.3299999999581,341.3299999999581,341.3299999999581,341.3299999999581,341.3299999999581,0.0,0.0,0.0,0.0,0.0,0.0,0.0,0.0,0.0,0.0,341.3299999999581
2017-11-09 00:00:00+00:00,-311.95999999996275,-311.95999999996275,-311.95999999996275,-311.95999999996275,-311.95999999996275,0.0,0.0,0.0,0.0,0.0,0.0,0.0,0.0,0.0,0.0,-311.95999999996275
2017-11-10 00:00:00+00:00,-578.3800000000047,-578.3800000000047,-578.3800000000047,-578.3800000000047,-578.3800000000047,0.0,0.0,0.0,0.0,0.0,0.0,0.0,0.0,0.0,0.0,-578.3800000000047
2017-11-11 00:00:00+00:00,-230.9200000000419,-230.9200000000419,-230.9200000000419,-230.9200000000419,-230.9200000000419,0.0,0.0,0.0,0.0,0.0,0.0,0.0,0.0,0.0,0.0,-230.9200000000419
2017-11-12 00:00:00+00:00,-9.576786679914221,-460.3499999999767,-460.3499999999767,-460.3499999999767,-460.3499999999767,0.0,0.0,0.0,0.0,0.0,0.0,0.0,0.0,0.0,0.0,-460.3499999999767
2017-11-13 00:00:00+00:00,0.0,649.5200000000186,649.5200000000186,649.5200000000186,649.5200000000186,640.6875318250386,0.0,0.0,0.0,0.0,0.0,0.0,0.0,0.0,0.0,649.5200000000186
2017-11-14 00:00:00+00:00,0.0,-9.800537065020762,69.13000000000466,69.13000000000466,69.13000000000466,69.13000000000466,59.32292706496082,59.32292706496082,59.32292706496082,0.0,0.0,0.0,0.0,0.0,0.0,69.13000000000466
2017-11-15 00:00:00+00:00,0.0,679.0891975000268,689.0,689.0,689.0,689.0,689.0,689.0,-9.904197499970905,0.0,0.0,0.0,0.0,0.0,0.0,689.0
2017-11-16 00:00:00+00:00,0.0,544.5300000000279,544.5300000000279,544.5300000000279,544.5300000000279,544.5300000000279,544.5300000000279,544.5300000000279,0.0,0.0,0.0,0.0,0.0,0.0,0.0,544.5300000000279
2017-11-17 00:00:00+00:00,0.0,-123.82000000006519,-123.82000000006519,-123.82000000006519,-123.82000000006519,-11.743890730082057,-11.743890730082057,-11.743890730082057,0.0,0.0,0.0,0.0,0.0,0.0,0.0,-123.82000000006519
2017-11-18 00:00:00+00:00,50.73409265000373,62.300000000046566,62.300000000046566,62.300000000046566,62.300000000046566,0.0,0.0,0.0,0.0,0.0,0.0,0.0,0.0,0.0,0.0,62.300000000046566
2017-11-19 00:00:00+00:00,254.80999999993946,254.80999999993946,254.80999999993946,254.80999999993946,254.80999999993946,0.0,0.0,0.0,0.0,0.0,0.0,0.0,0.0,0.0,0.0,254.80999999993946
2017-11-20 00:00:00+00:00,224.19000000006054,224.19000000006054,224.19000000006054,224.19000000006054,224.19000000006054,0.0,0.0,0.0,0.0,0.0,0.0,0.0,0.0,0.0,0.0,224.19000000006054
2017-11-21 00:00:00+00:00,-147.0100000000093,-147.0100000000093,-147.0100000000093,-147.0100000000093,-147.0100000000093,0.0,0.0,0.0,0.0,0.0,0.0,0.0,0.0,0.0,0.0,-147.0100000000093
2017-11-22 00:00:00+00:00,141.0,141.0,141.0,141.0,141.0,0.0,0.0,0.0,0.0,0.0,0.0,0.0,0.0,0.0,0.0,141.0
2017-11-23 00:00:00+00:00,-218.8399999999674,-218.8399999999674,-218.8399999999674,-218.8399999999674,-218.8399999999674,0.0,0.0,0.0,0.0,0.0,0.0,0.0,0.0,0.0,0.0,-218.8399999999674
2017-11-24 00:00:00+00:00,183.84999999997672,183.84999999997672,183.84999999997672,183.84999999997672,183.84999999997672,0.0,0.0,0.0,0.0,0.0,0.0,0.0,0.0,0.0,0.0,183.84999999997672
2017-11-25 00:00:00+00:00,580.4899999999907,580.4899999999907,580.4899999999907,580.4899999999907,580.4899999999907,0.0,0.0,0.0,0.0,0.0,0.0,0.0,0.0,0.0,0.0,580.4899999999907
2017-11-26 00:00:00+00:00,605.609999999986,605.609999999986,605.609999999986,605.609999999986,605.609999999986,0.0,0.0,0.0,0.0,0.0,0.0,0.0,0.0,0.0,0.0,605.609999999986
2017-11-27 00:00:00+00:00,367.5999999999767,367.5999999999767,367.5999999999767,367.5999999999767,367.5999999999767,0.0,0.0,0.0,0.0,0.0,0.0,0.0,0.0,0.0,0.0,367.5999999999767
2017-11-28 00:00:00+00:00,180.29000000003725,180.29000000003725,180.29000000003725,180.29000000003725,180.29000000003725,0.0,0.0,0.0,0.0,0.0,0.0,0.0,0.0,0.0,0.0,180.29000000003725
2017-11-29 00:00:00+00:00,-13.020000000018626,-13.020000000018626,-13.020000000018626,-13.020000000018626,-13.020000000018626,0.0,0.0,0.0,0.0,0.0,0.0,0.0,0.0,0.0,0.0,-13.020000000018626
2017-11-30 00:00:00+00:00,-32.97999999998137,-32.97999999998137,-32.97999999998137,-32.97999999998137,-32.97999999998137,0.0,0.0,0.0,0.0,0.0,0.0,0.0,0.0,0.0,0.0,-32.97999999998137
2017-12-01 00:00:00+00:00,966.8399999999674,966.8399999999674,966.8399999999674,966.8399999999674,966.8399999999674,0.0,0.0,0.0,0.0,0.0,0.0,0.0,0.0,0.0,0.0,966.8399999999674
2017-12-02 00:00:00+00:00,60.40000000002328,60.40000000002328,60.40000000002328,60.40000000002328,60.40000000002328,0.0,0.0,0.0,0.0,0.0,0.0,0.0,0.0,0.0,0.0,60.40000000002328
2017-12-03 00:00:00+00:00,359.7600000000093,359.7600000000093,359.7600000000093,359.7600000000093,359.7600000000093,0.0,0.0,0.0,0.0,0.0,0.0,0.0,0.0,0.0,0.0,359.7600000000093
2017-12-04 00:00:00+00:00,353.9799999999814,353.9799999999814,353.9799999999814,353.9799999999814,353.9799999999814,0.0,0.0,0.0,0.0,0.0,0.0,0.0,0.0,0.0,0.0,353.9799999999814
2017-12-05 00:00:00+00:00,74.36999999999534,74.36999999999534,74.36999999999534,74.36999999999534,74.36999999999534,0.0,0.0,0.0,0.0,0.0,0.0,0.0,0.0,0.0,0.0,74.36999999999534
2017-12-06 00:00:00+00:00,2371.6500000000233,2371.6500000000233,2371.6500000000233,2371.6500000000233,2371.6500000000233,0.0,0.0,0.0,0.0,0.0,0.0,0.0,0.0,0.0,0.0,2371.6500000000233
2017-12-07 00:00:00+00:00,3300.0100000000093,3300.0100000000093,3300.0100000000093,3300.0100000000093,3300.0100000000093,0.0,0.0,0.0,0.0,0.0,0.0,0.0,0.0,0.0,0.0,3300.0100000000093
2017-12-08 00:00:00+00:00,-1022.9799999999814,-1022.9799999999814,-1022.9799999999814,-1022.9799999999814,-1022.9799999999814,0.0,0.0,0.0,0.0,0.0,0.0,0.0,0.0,0.0,0.0,-1022.9799999999814
2017-12-09 00:00:00+00:00,-1057.0500000000466,-1057.0500000000466,-1057.0500000000466,-1057.0500000000466,-1057.0500000000466,0.0,0.0,0.0,0.0,0.0,0.0,0.0,0.0,0.0,0.0,-1057.0500000000466
2017-12-10 00:00:00+00:00,-19.96999999997206,-19.96999999997206,-19.96999999997206,-19.96999999997206,-19.96999999997206,0.0,0.0,0.0,0.0,0.0,0.0,0.0,0.0,0.0,0.0,-19.96999999997206
2017-12-11 00:00:00+00:00,1595.75,1595.75,1595.75,1595.75,1595.75,0.0,0.0,0.0,0.0,0.0,0.0,0.0,0.0,0.0,0.0,1595.75
2017-12-12 00:00:00+00:00,844.359999999986,844.359999999986,844.359999999986,844.359999999986,844.359999999986,0.0,0.0,0.0,0.0,0.0,0.0,0.0,0.0,0.0,0.0,844.359999999986
2017-12-13 00:00:00+00:00,-1040.5100000000093,-1040.5100000000093,-1040.5100000000093,-1040.5100000000093,-1040.5100000000093,0.0,0.0,0.0,0.0,0.0,0.0,0.0,0.0,0.0,0.0,-1040.5100000000093
2017-12-14 00:00:00+00:00,60.17000000004191,60.17000000004191,60.17000000004191,60.17000000004191,60.17000000004191,0.0,0.0,0.0,0.0,0.0,0.0,0.0,0.0,0.0,0.0,60.17000000004191
2017-12-15 00:00:00+00:00,988.890000000014,988.890000000014,988.890000000014,988.890000000014,988.890000000014,0.0,0.0,0.0,0.0,0.0,0.0,0.0,0.0,0.0,0.0,988.890000000014
2017-12-16 00:00:00+00:00,-26.589150660089217,1911.3399999999674,1911.3399999999674,1911.3399999999674,1911.3399999999674,0.0,0.0,0.0,0.0,0.0,0.0,0.0,0.0,0.0,0.0,1911.3399999999674
2017-12-17 00:00:00+00:00,-300.5148550099693,-271.0200000000186,-271.0200000000186,-271.0200000000186,-271.0200000000186,0.0,0.0,0.0,0.0,0.0,0.0,0.0,0.0,0.0,0.0,-271.0200000000186
2017-12-18 00:00:00+00:00,-339.9799999999814,-339.9799999999814,-339.9799999999814,-339.9799999999814,-339.9799999999814,0.0,0.0,0.0,0.0,0.0,0.0,0.0,0.0,0.0,0.0,-339.9799999999814
2017-12-19 00:00:00+00:00,-1200.280000000028,-1200.280000000028,-1200.280000000028,-1200.280000000028,-1200.280000000028,0.0,0.0,0.0,0.0,0.0,0.0,0.0,0.0,0.0,0.0,-1200.280000000028
2017-12-20 00:00:00+00:00,-1341.8399999999674,-1341.8399999999674,-1341.8399999999674,-1341.8399999999674,-1341.8399999999674,0.0,0.0,0.0,0.0,0.0,0.0,0.0,0.0,0.0,0.0,-1341.8399999999674
2017-12-21 00:00:00+00:00,-738.0899999999674,-738.0899999999674,-738.0899999999674,-738.0899999999674,-738.0899999999674,0.0,0.0,0.0,0.0,0.0,0.0,0.0,0.0,0.0,0.0,-738.0899999999674
2017-12-22 00:00:00+00:00,-23.63032060000114,-1548.2300000000978,-1548.2300000000978,-1548.2300000000978,-1548.2300000000978,0.0,0.0,0.0,0.0,0.0,0.0,0.0,0.0,0.0,0.0,-1548.2300000000978
2017-12-23 00:00:00+00:00,0.0,-2.437090264982544,865.3200000000652,865.3200000000652,865.3200000000652,825.068680264987,825.068680264987,0.0,0.0,0.0,0.0,0.0,0.0,0.0,0.0,865.3200000000652
2017-12-24 00:00:00+00:00,0.0,0.0,-853.9500000000698,-853.9500000000698,-853.9500000000698,-853.9500000000698,-853.9500000000698,-876.5713729450945,0.0,0.0,0.0,0.0,0.0,0.0,0.0,-853.9500000000698
2017-12-25 00:00:00+00:00,0.0,0.0,-49.95999999996275,-49.95999999996275,-49.95999999996275,-49.95999999996275,-49.95999999996275,-49.95999999996275,0.0,0.0,0.0,0.0,0.0,0.0,0.0,-49.95999999996275
2017-12-26 00:00:00+00:00,0.0,0.0,1618.9000000000233,1618.9000000000233,1618.9000000000233,1618.9000000000233,1618.9000000000233,1618.9000000000233,0.0,0.0,0.0,0.0,0.0,0.0,0.0,1618.9000000000233
2017-12-27 00:00:00+00:00,0.0,0.0,-423.80000000004657,-423.80000000004657,-423.80000000004657,-423.80000000004657,-423.80000000004657,-423.80000000004657,0.0,0.0,0.0,0.0,0.0,0.0,0.0,-423.80000000004657
2017-12-28 00:00:00+00:00,0.0,0.0,-917.0699999999488,-917.0699999999488,-917.0699999999488,-917.0699999999488,-917.0699999999488,-917.0699999999488,0.0,0.0,0.0,0.0,0.0,0.0,0.0,-917.0699999999488
2017-12-29 00:00:00+00:00,0.0,0.0,115.04000000003725,115.04000000003725,115.04000000003725,115.04000000003725,115.04000000003725,115.04000000003725,0.0,0.0,0.0,0.0,0.0,0.0,0.0,115.04000000003725
2017-12-30 00:00:00+00:00,0.0,0.0,-1725.0600000000559,-1725.0600000000559,-1725.0600000000559,-1725.0600000000559,-1725.0600000000559,-1725.0600000000559,0.0,0.0,0.0,0.0,0.0,0.0,0.0,-1725.0600000000559
2017-12-31 00:00:00+00:00,1003.8836100100307,0.0,1023.140000000014,1023.140000000014,1023.140000000014,1023.140000000014,1023.140000000014,1023.140000000014,0.0,0.0,0.0,0.0,0.0,0.0,0.0,1023.140000000014
2018-01-01 00:00:00+00:00,-20.777778430026956,0.0,-383.11999999999534,-383.11999999999534,-383.11999999999534,-383.11999999999534,-383.11999999999534,-383.11999999999534,-403.93164156994317,0.0,0.0,0.0,0.0,0.0,0.0,-383.11999999999534
2018-01-02 00:00:00+00:00,0.0,0.0,1301.5,1301.5,1301.5,1301.5,1301.5,1301.5,1301.5,0.0,0.0,0.0,0.0,0.0,0.0,1301.5
2018-01-03 00:00:00+00:00,0.0,0.0,316.63000000000466,316.63000000000466,316.63000000000466,316.63000000000466,316.63000000000466,316.63000000000466,316.63000000000466,0.0,0.0,0.0,0.0,0.0,0.0,316.63000000000466
2018-01-04 00:00:00+00:00,0.0,0.0,46.84999999997672,46.84999999997672,46.84999999997672,46.84999999997672,46.84999999997672,46.84999999997672,46.84999999997672,0.0,0.0,0.0,0.0,0.0,0.0,46.84999999997672
2018-01-05 00:00:00+00:00,0.0,0.0,1815.0200000000186,1815.0200000000186,1815.0200000000186,-22.69992749998346,-22.69992749998346,-22.69992749998346,1815.0200000000186,0.0,0.0,0.0,0.0,0.0,0.0,1815.0200000000186
2018-01-06 00:00:00+00:00,113.53150499495678,0.0,138.97999999998137,138.97999999998137,138.97999999998137,0.0,0.0,0.0,138.97999999998137,0.0,0.0,0.0,0.0,0.0,0.0,138.97999999998137
2018-01-07 00:00:00+00:00,-924.7700000000186,-950.4370495000621,-924.7700000000186,-924.7700000000186,-924.7700000000186,0.0,0.0,0.0,-25.629950499976985,0.0,0.0,0.0,0.0,0.0,0.0,-924.7700000000186
2018-01-08 00:00:00+00:00,-1180.4799999999814,-1180.4799999999814,-24.253242890001275,-1180.4799999999814,-1180.4799999999814,0.0,0.0,0.0,0.0,0.0,0.0,0.0,0.0,0.0,0.0,-1180.4799999999814
2018-01-09 00:00:00+00:00,-512.75,-512.75,0.0,-512.75,-512.75,0.0,0.0,0.0,0.0,0.0,0.0,0.0,0.0,0.0,0.0,-512.75
2018-01-10 00:00:00+00:00,394.19000000006054,394.19000000006054,0.0,394.19000000006054,394.19000000006054,0.0,0.0,0.0,372.45125949999783,0.0,0.0,0.0,0.0,0.0,0.0,394.19000000006054
2018-01-11 00:00:00+00:00,-22.31531741505023,-22.31531741505023,0.0,-1567.1199999999953,-1567.1199999999953,0.0,0.0,0.0,-1567.1199999999953,0.0,0.0,0.0,0.0,0.0,0.0,-1567.1199999999953
2018-01-12 00:00:00+00:00,0.0,0.0,0.0,511.9399999999441,511.9399999999441,0.0,0.0,0.0,511.9399999999441,0.0,0.0,0.0,0.0,0.0,0.0,511.9399999999441
2018-01-13 00:00:00+00:00,0.0,0.0,0.0,367.94999999995343,367.94999999995343,347.21308999997564,347.21308999997564,0.0,367.94999999995343,347.21308999997564,0.0,0.0,0.0,0.0,0.0,367.94999999995343
2018-01-14 00:00:00+00:00,0.0,0.0,0.0,-531.7199999999721,-531.7199999999721,-531.7199999999721,-531.7199999999721,0.0,-531.7199999999721,-531.7199999999721,0.0,0.0,0.0,0.0,0.0,-531.7199999999721
2018-01-15 00:00:00+00:00,0.0,-86.72117311495822,0.0,-66.22999999998137,-66.22999999998137,-66.22999999998137,-66.22999999998137,0.0,-66.22999999998137,-66.22999999998137,0.0,0.0,0.0,0.0,0.0,-66.22999999998137
2018-01-16 00:00:00+00:00,0.0,-20.378204999957234,0.0,-2019.9899999999907,-2019.9899999999907,-2019.9899999999907,-2019.9899999999907,0.0,-2019.9899999999907,-2019.9899999999907,0.0,0.0,0.0,0.0,0.0,-2019.9899999999907
2018-01-17 00:00:00+00:00,0.0,-387.3608000050299,0.0,-370.0,-370.0,-370.0,-370.0,0.0,-370.0,-370.0,0.0,0.0,0.0,0.0,0.0,-370.0
2018-01-18 00:00:00+00:00,0.0,-12.171357679995708,0.0,105.52000000001863,105.52000000001863,105.52000000001863,105.52000000001863,84.07743767998181,105.52000000001863,105.52000000001863,84.07743767998181,84.07743767998181,0.0,0.0,0.0,105.52000000001863
2018-01-19 00:00:00+00:00,0.0,0.0,0.0,193.45999999996275,193.45999999996275,193.45999999996275,193.45999999996275,193.45999999996275,193.45999999996275,193.45999999996275,193.45999999996275,193.45999999996275,0.0,0.0,0.0,193.45999999996275
2018-01-20 00:00:00+00:00,0.0,0.0,0.0,1263.8100000000559,1263.8100000000559,1263.8100000000559,1263.8100000000559,1263.8100000000559,1263.8100000000559,1263.8100000000559,1263.8100000000559,1263.8100000000559,0.0,0.0,0.0,1263.8100000000559
2018-01-21 00:00:00+00:00,0.0,0.0,0.0,-1244.6300000000047,-1244.6300000000047,-1244.6300000000047,-1244.6300000000047,-1244.6300000000047,-1244.6300000000047,-1244.6300000000047,-1244.6300000000047,-1244.6300000000047,0.0,0.0,0.0,-1244.6300000000047
2018-01-22 00:00:00+00:00,0.0,0.0,0.0,-751.4700000000885,-751.4700000000885,-751.4700000000885,-751.4700000000885,-751.4700000000885,-751.4700000000885,-751.4700000000885,-751.4700000000885,-751.4700000000885,0.0,0.0,0.0,-751.4700000000885
2018-01-23 00:00:00+00:00,0.0,0.0,0.0,58.23999999999069,58.23999999999069,58.23999999999069,58.23999999999069,58.23999999999069,58.23999999999069,58.23999999999069,58.23999999999069,58.23999999999069,0.0,0.0,0.0,58.23999999999069
2018-01-24 00:00:00+00:00,0.0,0.0,0.0,531.8500000000931,531.8500000000931,531.8500000000931,531.8500000000931,531.8500000000931,531.8500000000931,531.8500000000931,531.8500000000931,531.8500000000931,515.5971625250531,0.0,0.0,531.8500000000931
2018-01-25 00:00:00+00:00,0.0,0.0,0.0,-238.79000000003725,-238.79000000003725,-238.79000000003725,-238.79000000003725,-238.79000000003725,-238.79000000003725,-238.79000000003725,-238.79000000003725,-238.79000000003725,-238.79000000003725,0.0,0.0,-238.79000000003725
2018-01-26 00:00:00+00:00,-47.79255899996497,0.0,0.0,-31.10999999998603,-31.10999999998603,-31.10999999998603,-31.10999999998603,-31.10999999998603,-31.10999999998603,-31.10999999998603,-31.10999999998603,-31.10999999998603,-31.10999999998603,0.0,0.0,-31.10999999998603
2018-01-27 00:00:00+00:00,-16.634776560007595,0.0,0.0,232.10999999998603,232.10999999998603,232.10999999998603,232.10999999998603,232.10999999998603,232.10999999998603,232.10999999998603,232.10999999998603,232.10999999998603,232.10999999998603,0.0,0.0,232.10999999998603
2018-01-28 00:00:00+00:00,0.0,0.0,0.0,217.0,217.0,217.0,217.0,217.0,217.0,217.0,217.0,217.0,217.0,0.0,0.0,217.0
2018-01-29 00:00:00+00:00,0.0,0.0,0.0,-412.9899999999907,-412.9899999999907,-412.9899999999907,-412.9899999999907,-412.9899999999907,-412.9899999999907,-412.9899999999907,-412.9899999999907,-412.9899999999907,-412.9899999999907,0.0,0.0,-412.9899999999907
2018-01-30 00:00:00+00:00,-1144.7000765049597,0.0,0.0,-1128.0100000000093,-1128.0100000000093,-1128.0100000000093,-1128.0100000000093,-1128.0100000000093,-1128.0100000000093,-1128.0100000000093,-1128.0100000000093,-1128.0100000000093,-1128.0100000000093,0.0,0.0,-1128.0100000000093
2018-01-31 00:00:00+00:00,104.98999999999069,0.0,0.0,104.98999999999069,104.98999999999069,104.98999999999069,104.98999999999069,104.98999999999069,104.98999999999069,104.98999999999069,104.98999999999069,104.98999999999069,104.98999999999069,0.0,0.0,104.98999999999069
2018-02-01 00:00:00+00:00,-15.144935004995205,0.0,0.0,-15.144935004995205,-1085.7600000000093,-1085.7600000000093,-1085.7600000000093,-1085.7600000000093,-1085.7600000000093,-1085.7600000000093,-1085.7600000000093,-1085.7600000000093,-1085.7600000000093,-1100.915034995065,0.0,-1085.7600000000093
2018-02-02 00:00:00+00:00,0.0,0.0,0.0,0.0,-226.70999999996275,-226.70999999996275,-226.70999999996275,-226.70999999996275,-226.70999999996275,-226.70999999996275,-226.70999999996275,-226.70999999996275,-226.70999999996275,-226.70999999996275,0.0,-226.70999999996275
2018-02-03 00:00:00+00:00,0.0,0.0,0.0,0.0,452.4799999999814,452.4799999999814,452.4799999999814,452.4799999999814,452.4799999999814,452.4799999999814,452.4799999999814,452.4799999999814,452.4799999999814,452.4799999999814,0.0,452.4799999999814
2018-02-04 00:00:00+00:00,0.0,0.0,0.0,0.0,-1072.0899999999674,-1072.0899999999674,-1072.0899999999674,-1072.0899999999674,-1072.0899999999674,-1072.0899999999674,-1072.0899999999674,-1072.0899999999674,-1072.0899999999674,-1072.0899999999674,0.0,-1072.0899999999674
2018-02-05 00:00:00+00:00,0.0,0.0,0.0,0.0,-1262.7200000000885,-1262.7200000000885,-1262.7200000000885,-1262.7200000000885,-1262.7200000000885,-1262.7200000000885,-1262.7200000000885,-1262.7200000000885,-1262.7200000000885,-1262.7200000000885,0.0,-1262.7200000000885
2018-02-06 00:00:00+00:00,0.0,0.0,0.0,0.0,783.2700000000186,783.2700000000186,783.2700000000186,783.2700000000186,783.2700000000186,783.2700000000186,783.2700000000186,783.2700000000186,783.2700000000186,783.2700000000186,0.0,783.2700000000186
2018-02-07 00:00:00+00:00,0.0,0.0,0.0,0.0,-112.70999999996275,-112.70999999996275,-112.70999999996275,-112.70999999996275,-112.70999999996275,-112.70999999996275,-112.70999999996275,-112.70999999996275,-112.70999999996275,-112.70999999996275,0.0,-112.70999999996275
2018-02-08 00:00:00+00:00,0.0,0.0,0.0,0.0,642.3499999999767,642.3499999999767,642.3499999999767,642.3499999999767,642.3499999999767,642.3499999999767,642.3499999999767,642.3499999999767,642.3499999999767,642.3499999999767,0.0,642.3499999999767
2018-02-09 00:00:00+00:00,0.0,0.0,0.0,0.0,452.9100000000326,452.9100000000326,452.9100000000326,452.9100000000326,452.9100000000326,452.9100000000326,452.9100000000326,452.9100000000326,452.9100000000326,452.9100000000326,0.0,452.9100000000326
2018-02-10 00:00:00+00:00,0.0,0.0,0.0,0.0,-123.52000000001863,-123.52000000001863,-123.52000000001863,-123.52000000001863,-123.52000000001863,-123.52000000001863,-123.52000000001863,-123.52000000001863,-123.52000000001863,-123.52000000001863,0.0,-123.52000000001863
2018-02-11 00:00:00+00:00,0.0,0.0,0.0,0.0,-474.5,-474.5,-474.5,-474.5,-474.5,-474.5,-474.5,-474.5,-474.5,-474.5,0.0,-474.5
2018-02-12 00:00:00+00:00,0.0,0.0,0.0,0.0,799.2900000000373,799.2900000000373,799.2900000000373,799.2900000000373,799.2900000000373,799.2900000000373,799.2900000000373,799.2900000000373,799.2900000000373,799.2900000000373,0.0,799.2900000000373
2018-02-13 00:00:00+00:00,0.0,0.0,0.0,0.0,-352.2700000000186,-352.2700000000186,-352.2700000000186,-352.2700000000186,-352.2700000000186,-352.2700000000186,-352.2700000000186,-352.2700000000186,-352.2700000000186,-352.2700000000186,0.0,-352.2700000000186
2018-02-14 00:00:00+00:00,940.1857249949826,0.0,0.0,0.0,952.9699999999721,-12.775754995062016,-12.775754995062016,-12.775754995062016,952.9699999999721,952.9699999999721,952.9699999999721,952.9699999999721,952.9699999999721,952.9699999999721,0.0,952.9699999999721
2018-02-15 00:00:00+00:00,558.25,0.0,0.0,0.0,558.25,0.0,0.0,0.0,558.25,558.25,558.25,558.25,558.25,558.25,0.0,558.25
2018-02-16 00:00:00+00:00,136.2600000000093,0.0,0.0,0.0,136.2600000000093,0.0,0.0,0.0,136.2600000000093,136.2600000000093,136.2600000000093,136.2600000000093,136.2600000000093,136.2600000000093,0.0,136.2600000000093
2018-02-17 00:00:00+00:00,954.0100000000093,938.7536812550388,0.0,0.0,954.0100000000093,0.0,0.0,0.0,-15.246151254978031,-15.246151254978031,-15.246151254978031,954.0100000000093,954.0100000000093,954.0100000000093,0.0,954.0100000000093
2018-02-18 00:00:00+00:00,-741.4599999999627,-741.4599999999627,0.0,0.0,-741.4599999999627,0.0,0.0,0.0,0.0,0.0,0.0,-741.4599999999627,-741.4599999999627,-741.4599999999627,0.0,-741.4599999999627
2018-02-19 00:00:00+00:00,759.9599999999627,759.9599999999627,0.0,0.0,759.9599999999627,0.0,0.0,0.0,0.0,0.0,0.0,759.9599999999627,759.9599999999627,759.9599999999627,0.0,759.9599999999627
2018-02-20 00:00:00+00:00,95.56999999994878,95.56999999994878,0.0,0.0,95.56999999994878,0.0,0.0,0.0,0.0,0.0,0.0,95.56999999994878,95.56999999994878,95.56999999994878,0.0,95.56999999994878
2018-02-21 00:00:00+00:00,-781.2999999999302,-781.2999999999302,0.0,0.0,-781.2999999999302,0.0,0.0,0.0,0.0,0.0,0.0,-781.2999999999302,-781.2999999999302,-781.2999999999302,0.0,-781.2999999999302
2018-02-22 00:00:00+00:00,-624.2700000000186,-624.2700000000186,0.0,0.0,-624.2700000000186,0.0,0.0,0.0,0.0,0.0,0.0,-624.2700000000186,-624.2700000000186,-624.2700000000186,0.0,-624.2700000000186
2018-02-23 00:00:00+00:00,314.9899999999907,314.9899999999907,0.0,0.0,314.9899999999907,0.0,0.0,0.0,0.0,0.0,0.0,314.9899999999907,314.9899999999907,314.9899999999907,0.0,314.9899999999907
2018-02-24 00:00:00+00:00,-15.21241250494495,-456.36999999999534,0.0,0.0,-456.36999999999534,0.0,0.0,0.0,0.0,0.0,0.0,-456.36999999999534,-456.36999999999534,-456.36999999999534,0.0,-456.36999999999534
2018-02-25 00:00:00+00:00,0.0,-90.63000000000466,0.0,0.0,-90.63000000000466,0.0,0.0,0.0,0.0,0.0,0.0,-90.63000000000466,-90.63000000000466,-90.63000000000466,0.0,-90.63000000000466
2018-02-26 00:00:00+00:00,0.0,702.0100000000093,0.0,0.0,702.0100000000093,0.0,0.0,0.0,0.0,0.0,0.0,702.0100000000093,702.0100000000093,702.0100000000093,0.0,702.0100000000093
2018-02-27 00:00:00+00:00,0.0,266.5699999999488,0.0,0.0,266.5699999999488,0.0,0.0,0.0,0.0,0.0,0.0,266.5699999999488,266.5699999999488,266.5699999999488,0.0,266.5699999999488
2018-02-28 00:00:00+00:00,0.0,-259.29999999993015,0.0,0.0,-259.29999999993015,0.0,0.0,0.0,0.0,0.0,0.0,-259.29999999993015,-259.29999999993015,-259.29999999993015,0.0,-259.29999999993015
2018-03-01 00:00:00+00:00,0.0,588.6500000000233,0.0,0.0,588.6500000000233,0.0,0.0,0.0,0.0,0.0,0.0,588.6500000000233,588.6500000000233,588.6500000000233,0.0,588.6500000000233
2018-03-02 00:00:00+00:00,0.0,104.07999999995809,0.0,0.0,104.07999999995809,0.0,0.0,0.0,0.0,0.0,0.0,104.07999999995809,104.07999999995809,104.07999999995809,0.0,104.07999999995809
2018-03-03 00:00:00+00:00,415.9844849950168,432.5,415.9844849950168,0.0,432.5,0.0,0.0,0.0,0.0,0.0,0.0,432.5,432.5,432.5,0.0,432.5
2018-03-04 00:00:00+00:00,37.40000000002328,37.40000000002328,37.40000000002328,0.0,37.40000000002328,0.0,0.0,0.0,0.0,0.0,0.0,37.40000000002328,37.40000000002328,37.40000000002328,0.0,37.40000000002328
2018-03-05 00:00:00+00:00,-92.35999999998603,-92.35999999998603,-92.35999999998603,0.0,-92.35999999998603,0.0,0.0,0.0,0.0,0.0,0.0,-17.199115050025284,-17.199115050025284,-17.199115050025284,0.0,-92.35999999998603
2018-03-06 00:00:00+00:00,-677.5400000000373,-677.5400000000373,-677.5400000000373,0.0,-677.5400000000373,0.0,0.0,0.0,0.0,0.0,0.0,0.0,0.0,0.0,0.0,-677.5400000000373
2018-03-07 00:00:00+00:00,-775.0,-775.0,-775.0,0.0,-775.0,0.0,0.0,0.0,0.0,0.0,0.0,0.0,0.0,0.0,0.0,-775.0
2018-03-08 00:00:00+00:00,-620.109999999986,-14.88253750000149,-620.109999999986,0.0,-620.109999999986,0.0,0.0,0.0,0.0,0.0,0.0,0.0,0.0,0.0,0.0,-620.109999999986
2018-03-09 00:00:00+00:00,-13.942697550053708,0.0,-49.89000000001397,0.0,-49.89000000001397,-63.86200245004147,-63.86200245004147,0.0,0.0,0.0,0.0,0.0,0.0,0.0,0.0,-49.89000000001397
2018-03-10 00:00:00+00:00,0.0,0.0,-459.5600000000559,0.0,-459.5600000000559,-459.5600000000559,-459.5600000000559,-473.4471275000833,-473.4471275000833,0.0,0.0,-473.4471275000833,0.0,0.0,0.0,-459.5600000000559
2018-03-11 00:00:00+00:00,0.0,0.0,738.4400000000605,0.0,738.4400000000605,738.4400000000605,738.4400000000605,738.4400000000605,738.4400000000605,0.0,0.0,738.4400000000605,0.0,0.0,0.0,738.4400000000605
2018-03-12 00:00:00+00:00,0.0,0.0,-413.88000000000466,0.0,-413.88000000000466,-413.88000000000466,-413.88000000000466,-413.88000000000466,-413.88000000000466,-428.1855869400315,0.0,-413.88000000000466,-428.1855869400315,0.0,0.0,-413.88000000000466
2018-03-13 00:00:00+00:00,0.0,0.0,25.410000000032596,0.0,25.410000000032596,25.410000000032596,25.410000000032596,25.410000000032596,25.410000000032596,25.410000000032596,0.0,25.410000000032596,25.410000000032596,0.0,0.0,25.410000000032596
2018-03-14 00:00:00+00:00,0.0,0.0,-938.390000000014,0.0,-938.390000000014,-938.390000000014,-938.390000000014,-938.390000000014,-938.390000000014,-938.390000000014,0.0,-938.390000000014,-938.390000000014,0.0,0.0,-938.390000000014
2018-03-15 00:00:00+00:00,0.0,0.0,52.96999999997206,0.0,52.96999999997206,52.96999999997206,52.96999999997206,52.96999999997206,52.96999999997206,52.96999999997206,0.0,52.96999999997206,52.96999999997206,0.0,0.0,52.96999999997206
2018-03-16 00:00:00+00:00,0.0,0.0,-12.375869999988936,0.0,15.010000000009313,15.010000000009313,15.010000000009313,15.010000000009313,15.010000000009313,15.010000000009313,2.6058699999703094,15.010000000009313,15.010000000009313,0.0,0.0,15.010000000009313
2018-03-17 00:00:00+00:00,0.0,0.0,0.0,0.0,-417.4000000000233,-417.4000000000233,-417.4000000000233,-417.4000000000233,-417.4000000000233,-417.4000000000233,-417.4000000000233,-417.4000000000233,-417.4000000000233,0.0,0.0,-417.4000000000233
2018-03-18 00:00:00+00:00,0.0,0.0,0.0,0.0,334.4000000000233,334.4000000000233,334.4000000000233,334.4000000000233,334.4000000000233,334.4000000000233,334.4000000000233,334.4000000000233,334.4000000000233,0.0,0.0,334.4000000000233
2018-03-19 00:00:00+00:00,0.0,0.0,0.0,0.0,397.0,397.0,397.0,397.0,397.0,397.0,397.0,397.0,397.0,384.70790399995167,0.0,397.0
2018-03-20 00:00:00+00:00,0.0,0.0,0.0,0.0,311.0,311.0,311.0,311.0,311.0,311.0,311.0,311.0,311.0,311.0,0.0,311.0
2018-03-21 00:00:00+00:00,0.0,0.0,0.0,0.0,-8.18999999994412,-8.18999999994412,-8.18999999994412,-8.18999999994412,-8.18999999994412,-8.18999999994412,-8.18999999994412,-8.18999999994412,-8.18999999994412,-8.18999999994412,0.0,-8.18999999994412
2018-03-22 00:00:00+00:00,0.0,0.0,0.0,0.0,-176.72000000008848,-176.72000000008848,-176.72000000008848,-176.72000000008848,-176.72000000008848,-176.72000000008848,-176.72000000008848,-176.72000000008848,-176.72000000008848,-176.72000000008848,0.0,-176.72000000008848
2018-03-23 00:00:00+00:00,198.93300745496526,0.0,0.0,0.0,212.0100000000093,-13.068277454935014,-13.068277454935014,-13.068277454935014,212.0100000000093,212.0100000000093,212.0100000000093,212.0100000000093,212.0100000000093,212.0100000000093,0.0,212.0100000000093
2018-03-24 00:00:00+00:00,-395.7600000000093,0.0,0.0,0.0,-395.7600000000093,0.0,0.0,0.0,-395.7600000000093,-395.7600000000093,-395.7600000000093,-395.7600000000093,-395.7600000000093,-395.7600000000093,0.0,-395.7600000000093
2018-03-25 00:00:00+00:00,-78.3399999999674,0.0,0.0,0.0,-78.3399999999674,0.0,0.0,0.0,-78.3399999999674,-78.3399999999674,-78.3399999999674,-78.3399999999674,-78.3399999999674,-78.3399999999674,0.0,-78.3399999999674
2018-03-26 00:00:00+00:00,-308.0,0.0,0.0,0.0,-308.0,0.0,0.0,0.0,-308.0,-308.0,-308.0,-308.0,-308.0,-308.0,0.0,-308.0
2018-03-27 00:00:00+00:00,-351.39000000001397,0.0,0.0,0.0,-12.223412505001761,0.0,0.0,0.0,-351.39000000001397,-351.39000000001397,-351.39000000001397,-351.39000000001397,-351.39000000001397,-351.39000000001397,0.0,-351.39000000001397
2018-03-28 00:00:00+00:00,-11.686518194968812,0.0,0.0,0.0,0.0,137.41568819491658,137.41568819491658,0.0,149.10999999998603,149.10999999998603,149.10999999998603,149.10999999998603,149.10999999998603,149.10999999998603,0.0,149.10999999998603
2018-03-29 00:00:00+00:00,0.0,0.0,0.0,0.0,0.0,-862.7199999999721,-862.7199999999721,-874.6480663650436,-862.7199999999721,-862.7199999999721,-862.7199999999721,-862.7199999999721,-862.7199999999721,-862.7199999999721,0.0,-862.7199999999721
2018-03-30 00:00:00+00:00,0.0,0.0,0.0,0.0,0.0,-231.9899999999907,-231.9899999999907,-231.9899999999907,-231.9899999999907,-231.9899999999907,-231.9899999999907,-231.9899999999907,-231.9899999999907,-231.9899999999907,0.0,-231.9899999999907
2018-03-31 00:00:00+00:00,0.0,0.0,0.0,0.0,0.0,80.48999999999069,80.48999999999069,80.48999999999069,80.48999999999069,80.48999999999069,80.48999999999069,80.48999999999069,80.48999999999069,80.48999999999069,0.0,80.48999999999069
2018-04-01 00:00:00+00:00,0.0,0.0,0.0,0.0,0.0,-112.48999999999069,-112.48999999999069,-112.48999999999069,-112.48999999999069,-112.48999999999069,-112.48999999999069,-112.48999999999069,-112.48999999999069,-112.48999999999069,0.0,-112.48999999999069
2018-04-02 00:00:00+00:00,0.0,0.0,0.0,0.0,0.0,229.0,229.0,229.0,229.0,229.0,229.0,229.0,229.0,229.0,0.0,229.0
2018-04-03 00:00:00+00:00,0.0,0.0,0.0,0.0,0.0,379.89000000001397,379.89000000001397,379.89000000001397,379.89000000001397,379.89000000001397,379.89000000001397,379.89000000001397,379.89000000001397,379.89000000001397,0.0,379.89000000001397
2018-04-04 00:00:00+00:00,0.0,0.0,0.0,0.0,0.0,-633.2199999999721,-633.2199999999721,-633.2199999999721,-633.2199999999721,-633.2199999999721,-633.2199999999721,-633.2199999999721,-633.2199999999721,-633.2199999999721,0.0,-633.2199999999721
2018-04-05 00:00:00+00:00,0.0,0.0,0.0,0.0,0.0,-5.830000000074506,-5.830000000074506,-5.830000000074506,-5.830000000074506,-5.830000000074506,-5.830000000074506,-5.830000000074506,-5.830000000074506,-5.830000000074506,0.0,-5.830000000074506
2018-04-06 00:00:00+00:00,0.0,0.0,0.0,0.0,0.0,-166.8399999999674,-166.8399999999674,-166.8399999999674,-166.8399999999674,-166.8399999999674,-166.8399999999674,-166.8399999999674,-166.8399999999674,-166.8399999999674,0.0,-166.8399999999674
2018-04-07 00:00:00+00:00,0.0,0.0,0.0,0.0,0.0,275.0,275.0,275.0,275.0,275.0,275.0,275.0,275.0,275.0,0.0,275.0
2018-04-08 00:00:00+00:00,0.0,0.0,0.0,0.0,0.0,126.0,126.0,126.0,126.0,126.0,126.0,126.0,126.0,126.0,0.0,126.0
2018-04-09 00:00:00+00:00,0.0,0.0,0.0,0.0,0.0,-248.88000000000466,-248.88000000000466,-248.88000000000466,-248.88000000000466,-248.88000000000466,-248.88000000000466,-248.88000000000466,-248.88000000000466,-248.88000000000466,0.0,-248.88000000000466
2018-04-10 00:00:00+00:00,43.68990442994982,0.0,0.0,0.0,0.0,53.85999999998603,53.85999999998603,53.85999999998603,53.85999999998603,53.85999999998603,53.85999999998603,53.85999999998603,53.85999999998603,53.85999999998603,0.0,53.85999999998603
2018-04-11 00:00:00+00:00,-10.224087500013411,0.0,0.0,0.0,0.0,118.0,118.0,118.0,118.0,118.0,118.0,118.0,118.0,118.0,0.0,118.0
2018-04-12 00:00:00+00:00,0.0,0.0,0.0,0.0,0.0,973.0100000000093,973.0100000000093,973.0100000000093,973.0100000000093,973.0100000000093,973.0100000000093,973.0100000000093,973.0100000000093,973.0100000000093,0.0,973.0100000000093
2018-04-13 00:00:00+00:00,-34.67794299509842,0.0,0.0,0.0,0.0,-22.81000000005588,-22.81000000005588,-22.81000000005588,-22.81000000005588,-22.81000000005588,-22.81000000005588,-22.81000000005588,-22.81000000005588,-22.81000000005588,0.0,-22.81000000005588
2018-04-14 00:00:00+00:00,109.92000000004191,98.07626840495504,0.0,0.0,0.0,-11.835838404949754,-11.835838404949754,-11.835838404949754,-11.835838404949754,-11.835838404949754,-11.835838404949754,109.92000000004191,109.92000000004191,109.92000000004191,0.0,109.92000000004191
2018-04-15 00:00:00+00:00,352.14000000001397,352.14000000001397,0.0,0.0,0.0,0.0,0.0,0.0,0.0,0.0,0.0,352.14000000001397,352.14000000001397,352.14000000001397,0.0,352.14000000001397
2018-04-16 00:00:00+00:00,-306.3199999999488,-306.3199999999488,0.0,0.0,0.0,0.0,0.0,0.0,0.0,0.0,0.0,-306.3199999999488,-306.3199999999488,-306.3199999999488,0.0,-306.3199999999488
2018-04-17 00:00:00+00:00,-156.8300000000745,-156.8300000000745,-168.8974044600036,0.0,0.0,0.0,0.0,0.0,0.0,0.0,0.0,-156.8300000000745,-156.8300000000745,-156.8300000000745,0.0,-156.8300000000745
2018-04-18 00:00:00+00:00,259.95000000006985,259.95000000006985,259.95000000006985,0.0,0.0,0.0,0.0,0.0,0.0,0.0,0.0,259.95000000006985,259.95000000006985,259.95000000006985,0.0,259.95000000006985
2018-04-19 00:00:00+00:00,121.94999999995343,121.94999999995343,-12.223998975008726,0.0,0.0,0.0,0.0,0.0,0.0,0.0,0.0,121.94999999995343,121.94999999995343,121.94999999995343,0.0,121.94999999995343
2018-04-20 00:00:00+00:00,592.2700000000186,592.2700000000186,0.0,0.0,0.0,0.0,0.0,0.0,0.0,0.0,0.0,592.2700000000186,592.2700000000186,592.2700000000186,0.0,592.2700000000186
2018-04-21 00:00:00+00:00,49.15000000002328,49.15000000002328,0.0,0.0,0.0,0.0,0.0,0.0,0.0,0.0,0.0,49.15000000002328,49.15000000002328,49.15000000002328,0.0,49.15000000002328
2018-04-22 00:00:00+00:00,-120.4100000000326,-120.4100000000326,0.0,0.0,0.0,0.0,0.0,0.0,0.0,0.0,0.0,-13.368672290001996,-13.368672290001996,-13.368672290001996,0.0,-120.4100000000326
2018-04-23 00:00:00+00:00,136.29000000003725,136.29000000003725,123.10310250008479,0.0,0.0,0.0,0.0,0.0,0.0,0.0,0.0,0.0,0.0,0.0,0.0,136.29000000003725
2018-04-24 00:00:00+00:00,713.7999999999302,713.7999999999302,-13.382499344996177,0.0,0.0,0.0,0.0,0.0,0.0,0.0,0.0,0.0,0.0,0.0,0.0,713.7999999999302
2018-04-25 00:00:00+00:00,-779.1199999999953,-779.1199999999953,-793.4923224999802,0.0,0.0,0.0,0.0,0.0,0.0,0.0,0.0,0.0,0.0,0.0,0.0,-779.1199999999953
2018-04-26 00:00:00+00:00,406.13000000000466,406.13000000000466,406.13000000000466,0.0,0.0,0.0,0.0,0.0,0.0,0.0,0.0,0.0,0.0,0.0,0.0,406.13000000000466
2018-04-27 00:00:00+00:00,-349.55999999993946,-349.55999999993946,-349.55999999993946,0.0,0.0,0.0,0.0,0.0,0.0,0.0,0.0,0.0,0.0,0.0,0.0,-349.55999999993946
2018-04-28 00:00:00+00:00,407.4399999999441,407.4399999999441,407.4399999999441,0.0,0.0,0.0,0.0,0.0,0.0,0.0,0.0,0.0,0.0,0.0,0.0,407.4399999999441
2018-04-29 00:00:00+00:00,59.02000000001863,59.02000000001863,59.02000000001863,0.0,0.0,0.0,0.0,0.0,0.0,0.0,0.0,0.0,0.0,0.0,0.0,59.02000000001863
2018-04-30 00:00:00+00:00,-145.18000000005122,-145.18000000005122,-145.18000000005122,0.0,0.0,0.0,0.0,0.0,0.0,0.0,0.0,0.0,0.0,0.0,0.0,-145.18000000005122
2018-05-01 00:00:00+00:00,-171.53999999992084,-171.53999999992084,-171.53999999992084,0.0,0.0,0.0,0.0,0.0,0.0,0.0,0.0,0.0,0.0,0.0,0.0,-171.53999999992084
2018-05-02 00:00:00+00:00,118.18999999994412,118.18999999994412,118.18999999994412,0.0,0.0,0.0,0.0,0.0,0.0,0.0,0.0,0.0,0.0,0.0,0.0,118.18999999994412
2018-05-03 00:00:00+00:00,-13.791109764948487,535.2600000000093,535.2600000000093,0.0,0.0,0.0,0.0,0.0,0.0,0.0,0.0,0.0,0.0,0.0,0.0,535.2600000000093
2018-05-04 00:00:00+00:00,-55.33347286994103,-40.73999999999069,-40.73999999999069,0.0,0.0,0.0,0.0,0.0,0.0,0.0,0.0,0.0,0.0,0.0,0.0,-40.73999999999069
2018-05-05 00:00:00+00:00,115.0,115.0,115.0,0.0,0.0,0.0,0.0,0.0,0.0,0.0,0.0,0.0,0.0,0.0,0.0,115.0
2018-05-06 00:00:00+00:00,-200.0,-200.0,-200.0,0.0,0.0,0.0,0.0,0.0,0.0,0.0,0.0,0.0,0.0,0.0,0.0,-200.0
2018-05-07 00:00:00+00:00,-247.0,-247.0,-247.0,0.0,0.0,0.0,0.0,0.0,0.0,0.0,0.0,0.0,0.0,0.0,0.0,-247.0
2018-05-08 00:00:00+00:00,-175.18000000005122,-175.18000000005122,-175.18000000005122,0.0,0.0,0.0,0.0,0.0,0.0,0.0,0.0,0.0,0.0,0.0,0.0,-175.18000000005122
2018-05-09 00:00:00+00:00,122.26000000000931,122.26000000000931,122.26000000000931,108.4986960949609,0.0,0.0,0.0,0.0,0.0,0.0,0.0,0.0,0.0,0.0,0.0,122.26000000000931
2018-05-10 00:00:00+00:00,-289.5699999999488,-13.945469959988259,-289.5699999999488,-13.945469959988259,0.0,-303.52477003994863,0.0,0.0,0.0,0.0,0.0,0.0,0.0,0.0,0.0,-289.5699999999488
2018-05-11 00:00:00+00:00,-607.1800000000512,-620.7002702550963,-607.1800000000512,-620.7002702550963,0.0,-607.1800000000512,0.0,0.0,0.0,0.0,0.0,0.0,0.0,0.0,0.0,-607.1800000000512
2018-05-12 00:00:00+00:00,-12.60079333500471,-12.60079333500471,71.67000000004191,-12.60079333500471,0.0,71.67000000004191,59.0608033350436,0.0,0.0,0.0,0.0,0.0,0.0,0.0,0.0,71.67000000004191
2018-05-13 00:00:00+00:00,0.0,0.0,211.09999999997672,0.0,0.0,211.09999999997672,211.09999999997672,199.07429784501437,199.07429784501437,0.0,0.0,0.0,0.0,0.0,0.0,211.09999999997672
2018-05-14 00:00:00+00:00,0.0,0.0,-16.099999999976717,0.0,0.0,-16.099999999976717,-16.099999999976717,-16.099999999976717,-16.099999999976717,0.0,0.0,0.0,0.0,0.0,0.0,-16.099999999976717
2018-05-15 00:00:00+00:00,0.0,0.0,-192.54000000003725,-205.5493349999888,0.0,-192.54000000003725,-192.54000000003725,-192.54000000003725,-192.54000000003725,0.0,0.0,0.0,0.0,0.0,0.0,-192.54000000003725
2018-05-16 00:00:00+00:00,0.0,0.0,-133.45999999996275,-133.45999999996275,0.0,-133.45999999996275,-133.45999999996275,-133.45999999996275,-133.45999999996275,0.0,0.0,0.0,0.0,0.0,0.0,-133.45999999996275
2018-05-17 00:00:00+00:00,0.0,0.0,-285.0,-285.0,0.0,-285.0,-285.0,-285.0,-285.0,0.0,0.0,0.0,0.0,0.0,0.0,-285.0
2018-05-18 00:00:00+00:00,0.0,0.0,179.5100000000093,179.5100000000093,0.0,179.5100000000093,179.5100000000093,179.5100000000093,179.5100000000093,167.41747049998958,0.0,0.0,0.0,0.0,0.0,179.5100000000093
2018-05-19 00:00:00+00:00,0.0,0.0,-2.9100000000325963,-12.353645744966343,0.0,-2.9100000000325963,-2.9100000000325963,-2.9100000000325963,-2.9100000000325963,-2.9100000000325963,-15.271884254994802,0.0,0.0,0.0,0.0,-2.9100000000325963
2018-05-20 00:00:00+00:00,0.0,0.0,281.2600000000093,0.0,0.0,281.2600000000093,281.2600000000093,281.2600000000093,281.2600000000093,281.2600000000093,281.2600000000093,0.0,0.0,0.0,0.0,281.2600000000093
2018-05-21 00:00:00+00:00,0.0,0.0,-12.771031570038758,0.0,0.0,-123.42000000004191,-123.42000000004191,-123.42000000004191,-123.42000000004191,-123.42000000004191,-123.42000000004191,0.0,0.0,0.0,0.0,-123.42000000004191
2018-05-22 00:00:00+00:00,0.0,0.0,0.0,0.0,0.0,-405.7399999999907,-405.7399999999907,-405.7399999999907,-405.7399999999907,-405.7399999999907,-405.7399999999907,0.0,0.0,0.0,0.0,-405.7399999999907
2018-05-23 00:00:00+00:00,0.0,0.0,0.0,0.0,0.0,-482.69999999995343,-482.69999999995343,-482.69999999995343,-482.69999999995343,-482.69999999995343,-482.69999999995343,0.0,0.0,0.0,0.0,-482.69999999995343
2018-05-24 00:00:00+00:00,0.0,0.0,0.0,0.0,0.0,79.15000000002328,79.15000000002328,79.15000000002328,79.15000000002328,79.15000000002328,79.15000000002328,0.0,0.0,0.0,0.0,79.15000000002328
2018-05-25 00:00:00+00:00,0.0,0.0,0.0,0.0,0.0,-125.04000000003725,-125.04000000003725,-125.04000000003725,-125.04000000003725,-125.04000000003725,-125.04000000003725,-136.4200170750264,0.0,0.0,0.0,-125.04000000003725
2018-05-26 00:00:00+00:00,0.0,0.0,0.0,0.0,0.0,-121.1600000000326,-121.1600000000326,-121.1600000000326,-121.1600000000326,-121.1600000000326,-121.1600000000326,-121.1600000000326,0.0,0.0,0.0,-121.1600000000326
2018-05-27 00:00:00+00:00,0.0,0.0,0.0,0.0,0.0,8.690000000060536,8.690000000060536,8.690000000060536,8.690000000060536,8.690000000060536,8.690000000060536,8.690000000060536,0.0,0.0,0.0,8.690000000060536
2018-05-28 00:00:00+00:00,0.0,0.0,0.0,0.0,0.0,-238.70000000006985,-238.70000000006985,-238.70000000006985,-238.70000000006985,-238.70000000006985,-238.70000000006985,-238.70000000006985,0.0,0.0,0.0,-238.70000000006985
2018-05-29 00:00:00+00:00,0.0,0.0,0.0,0.0,0.0,352.0600000000559,352.0600000000559,352.0600000000559,352.0600000000559,352.0600000000559,352.0600000000559,352.0600000000559,0.0,0.0,0.0,352.0600000000559
2018-05-30 00:00:00+00:00,0.0,0.0,0.0,-91.18373000004794,0.0,-79.98999999999069,-79.98999999999069,-79.98999999999069,-79.98999999999069,-79.98999999999069,-79.98999999999069,-79.98999999999069,-91.18373000004794,0.0,0.0,-79.98999999999069
2018-05-31 00:00:00+00:00,0.0,0.0,0.0,104.98999999999069,0.0,104.98999999999069,104.98999999999069,104.98999999999069,104.98999999999069,104.98999999999069,104.98999999999069,104.98999999999069,104.98999999999069,0.0,0.0,104.98999999999069
2018-06-01 00:00:00+00:00,0.0,0.0,0.0,29.319999999948777,0.0,29.319999999948777,29.319999999948777,29.319999999948777,29.319999999948777,29.319999999948777,29.319999999948777,29.319999999948777,29.319999999948777,0.0,0.0,29.319999999948777
2018-06-02 00:00:00+00:00,0.0,0.0,0.0,122.10000000009313,0.0,122.10000000009313,122.10000000009313,122.10000000009313,122.10000000009313,122.10000000009313,122.10000000009313,122.10000000009313,122.10000000009313,0.0,0.0,122.10000000009313
2018-06-03 00:00:00+00:00,58.50156679505017,0.0,0.0,69.94999999995343,0.0,69.94999999995343,69.94999999995343,69.94999999995343,69.94999999995343,69.94999999995343,69.94999999995343,69.94999999995343,69.94999999995343,0.0,0.0,69.94999999995343
2018-06-04 00:00:00+00:00,-219.0,0.0,0.0,-219.0,0.0,-219.0,-219.0,-219.0,-219.0,-219.0,-219.0,-219.0,-219.0,0.0,0.0,-219.0
2018-06-05 00:00:00+00:00,125.14000000001397,0.0,0.0,125.14000000001397,0.0,-11.227311315014958,-11.227311315014958,-11.227311315014958,125.14000000001397,125.14000000001397,125.14000000001397,125.14000000001397,125.14000000001397,0.0,0.0,125.14000000001397
2018-06-06 00:00:00+00:00,42.48999999999069,0.0,0.0,42.48999999999069,0.0,0.0,0.0,0.0,42.48999999999069,42.48999999999069,42.48999999999069,42.48999999999069,42.48999999999069,0.0,0.0,42.48999999999069
2018-06-07 00:00:00+00:00,29.930000000051223,0.0,0.0,29.930000000051223,18.443672500085086,0.0,0.0,0.0,29.930000000051223,29.930000000051223,29.930000000051223,29.930000000051223,29.930000000051223,0.0,0.0,29.930000000051223
2018-06-08 00:00:00+00:00,-66.13000000000466,-77.66123746498488,0.0,-66.13000000000466,-11.523552535101771,0.0,0.0,0.0,-66.13000000000466,-66.13000000000466,-66.13000000000466,-66.13000000000466,-66.13000000000466,0.0,0.0,-66.13000000000466
2018-06-09 00:00:00+00:00,-122.40000000002328,-122.40000000002328,0.0,-122.40000000002328,-131.02780799998436,0.0,0.0,0.0,-122.40000000002328,-122.40000000002328,-122.40000000002328,-122.40000000002328,-122.40000000002328,0.0,0.0,-122.40000000002328
2018-06-10 00:00:00+00:00,-726.0899999999674,-726.0899999999674,0.0,-726.0899999999674,-11.2308667950565,0.0,0.0,0.0,-726.0899999999674,-726.0899999999674,-726.0899999999674,-726.0899999999674,-726.0899999999674,0.0,0.0,-726.0899999999674
2018-06-11 00:00:00+00:00,-10.152079845080152,110.68999999994412,0.0,110.68999999994412,0.0,0.0,0.0,0.0,110.68999999994412,110.68999999994412,110.68999999994412,110.68999999994412,110.68999999994412,0.0,0.0,110.68999999994412
2018-06-12 00:00:00+00:00,0.0,-10.318059499957599,0.0,-10.318059499957599,0.0,-346.32494049996603,-346.32494049996603,-346.32494049996603,-336.0,-336.0,-336.0,-336.0,-336.0,-346.32494049996603,0.0,-336.0
2018-06-13 00:00:00+00:00,0.0,0.0,0.0,0.0,0.0,-242.68999999994412,-242.68999999994412,-242.68999999994412,-242.68999999994412,-242.68999999994412,-242.68999999994412,-242.68999999994412,-242.68999999994412,-242.68999999994412,0.0,-242.68999999994412
2018-06-14 00:00:00+00:00,0.0,0.0,0.0,0.0,0.0,336.1799999999348,336.1799999999348,336.1799999999348,336.1799999999348,336.1799999999348,336.1799999999348,336.1799999999348,336.1799999999348,336.1799999999348,0.0,336.1799999999348
2018-06-15 00:00:00+00:00,0.0,0.0,0.0,0.0,0.0,-247.27000000001863,-247.27000000001863,-247.27000000001863,-247.27000000001863,-247.27000000001863,-247.27000000001863,-247.27000000001863,-247.27000000001863,-247.27000000001863,0.0,-247.27000000001863
2018-06-16 00:00:00+00:00,0.0,0.0,0.0,0.0,0.0,93.07000000006519,93.07000000006519,93.07000000006519,93.07000000006519,93.07000000006519,93.07000000006519,93.07000000006519,93.07000000006519,93.07000000006519,0.0,93.07000000006519
2018-06-17 00:00:00+00:00,0.0,0.0,0.0,0.0,0.0,-37.13000000000466,-37.13000000000466,-37.13000000000466,-37.13000000000466,-37.13000000000466,-37.13000000000466,-37.13000000000466,-37.13000000000466,-37.13000000000466,0.0,-37.13000000000466
2018-06-18 00:00:00+00:00,0.0,0.0,0.0,0.0,0.0,261.85999999998603,261.85999999998603,261.85999999998603,261.85999999998603,261.85999999998603,261.85999999998603,261.85999999998603,261.85999999998603,261.85999999998603,0.0,261.85999999998603
2018-06-19 00:00:00+00:00,0.0,0.0,0.0,0.0,0.0,27.39000000001397,27.39000000001397,27.39000000001397,27.39000000001397,27.39000000001397,27.39000000001397,27.39000000001397,27.39000000001397,27.39000000001397,0.0,27.39000000001397
2018-06-20 00:00:00+00:00,0.0,0.0,0.0,0.0,0.0,22.770000000018626,22.770000000018626,22.770000000018626,22.770000000018626,22.770000000018626,22.770000000018626,22.770000000018626,22.770000000018626,22.770000000018626,0.0,22.770000000018626
2018-06-21 00:00:00+00:00,-50.672689769999124,0.0,0.0,0.0,0.0,-40.17000000004191,-40.17000000004191,-40.17000000004191,-40.17000000004191,-40.17000000004191,-40.17000000004191,-40.17000000004191,-40.17000000004191,-40.17000000004191,0.0,-40.17000000004191
2018-06-22 00:00:00+00:00,-659.1900000000605,0.0,0.0,0.0,0.0,-659.1900000000605,-659.1900000000605,-659.1900000000605,-659.1900000000605,-659.1900000000605,-659.1900000000605,-659.1900000000605,-659.1900000000605,-659.1900000000605,0.0,-659.1900000000605
2018-06-23 00:00:00+00:00,118.47000000008848,0.0,0.0,0.0,0.0,118.47000000008848,118.47000000008848,118.47000000008848,118.47000000008848,118.47000000008848,118.47000000008848,118.47000000008848,118.47000000008848,118.47000000008848,0.0,118.47000000008848
2018-06-24 00:00:00+00:00,-9.264345854986459,0.0,0.0,0.0,0.0,-28.300000000046566,-28.300000000046566,-28.300000000046566,-28.300000000046566,-28.300000000046566,-28.300000000046566,-28.300000000046566,-28.300000000046566,-28.300000000046566,0.0,-28.300000000046566
2018-06-25 00:00:00+00:00,0.0,0.0,0.0,0.0,0.0,96.02000000001863,96.02000000001863,96.02000000001863,96.02000000001863,96.02000000001863,96.02000000001863,96.02000000001863,96.02000000001863,96.02000000001863,0.0,96.02000000001863
2018-06-26 00:00:00+00:00,0.0,0.0,0.0,0.0,0.0,-172.0100000000093,-172.0100000000093,-172.0100000000093,-172.0100000000093,-172.0100000000093,-172.0100000000093,-172.0100000000093,-172.0100000000093,-172.0100000000093,0.0,-172.0100000000093
2018-06-27 00:00:00+00:00,0.0,0.0,0.0,0.0,0.0,58.17000000004191,58.17000000004191,58.17000000004191,58.17000000004191,58.17000000004191,58.17000000004191,58.17000000004191,58.17000000004191,58.17000000004191,0.0,58.17000000004191
2018-06-28 00:00:00+00:00,0.0,0.0,0.0,0.0,0.0,-280.5100000000093,-280.5100000000093,-280.5100000000093,-280.5100000000093,-280.5100000000093,-280.5100000000093,-280.5100000000093,-280.5100000000093,-280.5100000000093,0.0,-280.5100000000093
2018-06-29 00:00:00+00:00,0.0,0.0,0.0,0.0,0.0,350.69999999995343,350.69999999995343,350.69999999995343,350.69999999995343,350.69999999995343,350.69999999995343,350.69999999995343,350.69999999995343,350.69999999995343,0.0,350.69999999995343
2018-06-30 00:00:00+00:00,0.0,0.0,0.0,0.0,0.0,180.8299999999581,180.8299999999581,180.8299999999581,180.8299999999581,180.8299999999581,180.8299999999581,180.8299999999581,180.8299999999581,180.8299999999581,0.0,180.8299999999581
2018-07-01 00:00:00+00:00,-43.267976594972424,0.0,0.0,0.0,0.0,-33.68999999994412,-33.68999999994412,-33.68999999994412,-33.68999999994412,-33.68999999994412,-33.68999999994412,-33.68999999994412,-33.68999999994412,-33.68999999994412,0.0,-33.68999999994412
2018-07-02 00:00:00+00:00,262.29000000003725,0.0,0.0,0.0,0.0,-9.52107524999883,-9.52107524999883,-9.52107524999883,262.29000000003725,262.29000000003725,262.29000000003725,262.29000000003725,262.29000000003725,262.29000000003725,0.0,262.29000000003725
2018-07-03 00:00:00+00:00,-109.17000000004191,0.0,0.0,0.0,0.0,0.0,0.0,0.0,-109.17000000004191,-109.17000000004191,-109.17000000004191,-109.17000000004191,-109.17000000004191,-109.17000000004191,0.0,-109.17000000004191
2018-07-04 00:00:00+00:00,84.84999999997672,0.0,0.0,0.0,0.0,0.0,0.0,0.0,84.84999999997672,84.84999999997672,84.84999999997672,84.84999999997672,84.84999999997672,84.84999999997672,0.0,84.84999999997672
2018-07-05 00:00:00+00:00,-54.52000000001863,0.0,0.0,0.0,0.0,0.0,0.0,0.0,-54.52000000001863,-54.52000000001863,-54.52000000001863,-54.52000000001863,-54.52000000001863,-54.52000000001863,0.0,-54.52000000001863
2018-07-06 00:00:00+00:00,67.05000000004657,0.0,0.0,0.0,0.0,0.0,0.0,0.0,67.05000000004657,67.05000000004657,67.05000000004657,67.05000000004657,67.05000000004657,67.05000000004657,0.0,67.05000000004657
2018-07-07 00:00:00+00:00,153.28000000002794,0.0,0.0,0.0,0.0,0.0,0.0,0.0,153.28000000002794,153.28000000002794,153.28000000002794,153.28000000002794,153.28000000002794,153.28000000002794,0.0,153.28000000002794
2018-07-08 00:00:00+00:00,-51.31000000005588,-61.45331164507661,0.0,0.0,0.0,0.0,0.0,0.0,-10.116558355046436,-10.116558355046436,-10.116558355046436,-51.31000000005588,-51.31000000005588,-51.31000000005588,0.0,-51.31000000005588
2018-07-09 00:00:00+00:00,-37.95999999996275,-37.95999999996275,0.0,0.0,0.0,0.0,0.0,0.0,0.0,0.0,0.0,-37.95999999996275,-37.95999999996275,-37.95999999996275,0.0,-37.95999999996275
2018-07-10 00:00:00+00:00,-360.3100000000559,-360.3100000000559,0.0,0.0,0.0,0.0,0.0,0.0,0.0,0.0,0.0,-360.3100000000559,-360.3100000000559,-360.3100000000559,0.0,-360.3100000000559
2018-07-11 00:00:00+00:00,86.34000000008382,86.34000000008382,0.0,0.0,0.0,0.0,0.0,0.0,0.0,0.0,0.0,86.34000000008382,86.34000000008382,86.34000000008382,0.0,86.34000000008382
2018-07-12 00:00:00+00:00,-9.581864980049431,-140.29000000003725,0.0,0.0,0.0,0.0,0.0,0.0,-149.87825502001215,0.0,0.0,-140.29000000003725,-140.29000000003725,-140.29000000003725,0.0,-140.29000000003725
2018-07-13 00:00:00+00:00,0.0,-33.45999999996275,0.0,0.0,0.0,0.0,0.0,0.0,-33.45999999996275,0.0,0.0,-33.45999999996275,-33.45999999996275,-33.45999999996275,0.0,-33.45999999996275
2018-07-14 00:00:00+00:00,0.0,32.35999999998603,0.0,0.0,0.0,23.032456855056807,0.0,0.0,32.35999999998603,0.0,0.0,32.35999999998603,32.35999999998603,32.35999999998603,0.0,32.35999999998603
2018-07-15 00:00:00+00:00,0.0,100.07999999995809,0.0,0.0,0.0,100.07999999995809,90.70390067494009,90.70390067494009,100.07999999995809,0.0,0.0,100.07999999995809,100.07999999995809,100.07999999995809,0.0,100.07999999995809
2018-07-16 00:00:00+00:00,0.0,-9.519920635037124,0.0,0.0,0.0,380.0800000000745,380.0800000000745,380.0800000000745,380.0800000000745,0.0,0.0,380.0800000000745,380.0800000000745,380.0800000000745,0.0,380.0800000000745
2018-07-17 00:00:00+00:00,0.0,0.0,0.0,0.0,0.0,586.1999999999534,586.1999999999534,586.1999999999534,586.1999999999534,0.0,0.0,586.1999999999534,586.1999999999534,586.1999999999534,0.0,586.1999999999534
2018-07-18 00:00:00+00:00,53.01384250004776,53.01384250004776,53.01384250004776,0.0,0.0,-10.978842500015162,-10.978842500015162,-10.978842500015162,-10.978842500015162,0.0,0.0,63.97999999998137,63.97999999998137,63.97999999998137,0.0,63.97999999998137
2018-07-19 00:00:00+00:00,91.02000000001863,91.02000000001863,91.02000000001863,0.0,0.0,0.0,0.0,0.0,0.0,0.0,0.0,-11.06479550502263,-11.06479550502263,-11.06479550502263,0.0,91.02000000001863
2018-07-20 00:00:00+00:00,-135.55000000004657,-135.55000000004657,-135.55000000004657,0.0,0.0,0.0,0.0,0.0,0.0,0.0,0.0,0.0,0.0,0.0,0.0,-135.55000000004657
2018-07-21 00:00:00+00:00,73.54000000003725,73.54000000003725,73.54000000003725,0.0,0.0,0.0,0.0,0.0,0.0,0.0,0.0,0.0,0.0,0.0,0.0,73.54000000003725
2018-07-22 00:00:00+00:00,-10.199999999953434,-10.199999999953434,-10.199999999953434,0.0,0.0,0.0,0.0,0.0,0.0,0.0,0.0,0.0,0.0,0.0,0.0,-10.199999999953434
2018-07-23 00:00:00+00:00,322.28999999992084,322.28999999992084,322.28999999992084,0.0,0.0,0.0,0.0,0.0,0.0,0.0,0.0,0.0,0.0,0.0,0.0,322.28999999992084
2018-07-24 00:00:00+00:00,665.4100000000326,665.4100000000326,665.4100000000326,0.0,0.0,0.0,0.0,0.0,0.0,0.0,0.0,0.0,0.0,0.0,0.0,665.4100000000326
2018-07-25 00:00:00+00:00,-228.34999999997672,-228.34999999997672,-228.34999999997672,-245.47925501991995,0.0,0.0,0.0,0.0,0.0,0.0,0.0,0.0,0.0,0.0,0.0,-228.34999999997672
2018-07-26 00:00:00+00:00,-225.1600000000326,-225.1600000000326,-225.1600000000326,-225.1600000000326,-237.3998035750119,0.0,0.0,0.0,0.0,0.0,0.0,0.0,0.0,0.0,0.0,-225.1600000000326
2018-07-27 00:00:00+00:00,252.21999999997206,252.21999999997206,252.21999999997206,252.21999999997206,252.21999999997206,0.0,0.0,0.0,0.0,0.0,0.0,0.0,0.0,0.0,0.0,252.21999999997206
2018-07-28 00:00:00+00:00,44.690000000060536,44.690000000060536,44.690000000060536,44.690000000060536,-13.839868679991923,0.0,0.0,0.0,0.0,0.0,0.0,0.0,0.0,0.0,0.0,44.690000000060536
2018-07-29 00:00:00+00:00,-12.56000000005588,-12.56000000005588,-12.56000000005588,-12.56000000005588,-23.385183689999394,0.0,0.0,0.0,0.0,0.0,0.0,0.0,0.0,0.0,0.0,-12.56000000005588
2018-07-30 00:00:00+00:00,-46.32999999995809,-46.32999999995809,-46.32999999995809,-46.32999999995809,-46.32999999995809,0.0,0.0,0.0,0.0,0.0,0.0,0.0,0.0,0.0,0.0,-46.32999999995809
2018-07-31 00:00:00+00:00,-442.7399999999907,-442.7399999999907,-442.7399999999907,-442.7399999999907,-442.7399999999907,0.0,0.0,0.0,0.0,0.0,0.0,0.0,0.0,0.0,0.0,-442.7399999999907
2018-08-01 00:00:00+00:00,-123.28000000002794,-123.28000000002794,-123.28000000002794,-123.28000000002794,-123.28000000002794,0.0,0.0,0.0,0.0,0.0,0.0,0.0,0.0,0.0,0.0,-123.28000000002794
2018-08-02 00:00:00+00:00,-11.40218300500419,-70.06999999994878,-70.06999999994878,-70.06999999994878,-70.06999999994878,0.0,0.0,0.0,0.0,0.0,0.0,0.0,0.0,0.0,0.0,-70.06999999994878
2018-08-03 00:00:00+00:00,0.0,-119.84000000008382,-119.84000000008382,-11.297113039996475,-119.84000000008382,-131.1446469600778,0.0,0.0,0.0,0.0,0.0,0.0,0.0,0.0,0.0,-119.84000000008382
2018-08-04 00:00:00+00:00,0.0,-409.0799999999581,-409.0799999999581,0.0,-409.0799999999581,-409.0799999999581,0.0,0.0,0.0,0.0,0.0,0.0,0.0,0.0,0.0,-409.0799999999581
2018-08-05 00:00:00+00:00,0.0,25.010000000009313,25.010000000009313,0.0,25.010000000009313,25.010000000009313,14.498997500049882,0.0,0.0,0.0,0.0,0.0,0.0,0.0,0.0,25.010000000009313
2018-08-06 00:00:00+00:00,0.0,-10.551485000061803,-92.01000000000931,0.0,-92.01000000000931,-92.01000000000931,-92.01000000000931,-102.54851500003133,0.0,0.0,0.0,0.0,0.0,0.0,0.0,-92.01000000000931
2018-08-07 00:00:00+00:00,0.0,0.0,-219.78000000002794,0.0,-219.78000000002794,-219.78000000002794,-219.78000000002794,-219.78000000002794,0.0,0.0,0.0,0.0,0.0,0.0,0.0,-219.78000000002794
2018-08-08 00:00:00+00:00,0.0,0.0,-435.71999999997206,0.0,-10.073970890021883,-435.71999999997206,-435.71999999997206,-435.71999999997206,0.0,0.0,0.0,0.0,0.0,0.0,0.0,-435.71999999997206
2018-08-09 00:00:00+00:00,0.0,0.0,263.94999999995343,0.0,0.0,263.94999999995343,263.94999999995343,263.94999999995343,254.52310874999966,0.0,0.0,0.0,0.0,0.0,0.0,263.94999999995343
2018-08-10 00:00:00+00:00,0.0,0.0,-9.806416769977659,0.0,0.0,-400.4399999999441,-400.4399999999441,-400.4399999999441,-400.4399999999441,-410.2729632300325,0.0,-410.2729632300325,0.0,0.0,0.0,-400.4399999999441
2018-08-11 00:00:00+00:00,0.0,0.0,80.32791199500207,0.0,0.0,89.55000000004657,89.55000000004657,89.55000000004657,89.55000000004657,89.55000000004657,0.0,89.55000000004657,0.0,0.0,0.0,89.55000000004657
2018-08-12 00:00:00+00:00,0.0,0.0,-8.910882000112906,0.0,0.0,80.44999999995343,80.44999999995343,80.44999999995343,80.44999999995343,80.44999999995343,70.65288199996576,80.44999999995343,70.65288199996576,0.0,0.0,80.44999999995343
2018-08-13 00:00:00+00:00,0.0,0.0,0.0,0.0,0.0,-62.339999999967404,-62.339999999967404,-62.339999999967404,-62.339999999967404,-62.339999999967404,-62.339999999967404,-62.339999999967404,-62.339999999967404,0.0,0.0,-62.339999999967404
2018-08-14 00:00:00+00:00,0.0,0.0,-68.04363183502574,-68.04363183502574,0.0,-58.660000000032596,-58.660000000032596,-58.660000000032596,-58.660000000032596,-58.660000000032596,-58.660000000032596,-58.660000000032596,-58.660000000032596,0.0,0.0,-58.660000000032596
2018-08-15 00:00:00+00:00,0.0,0.0,74.0,-9.299402500037104,0.0,74.0,74.0,74.0,74.0,74.0,74.0,74.0,74.0,0.0,0.0,74.0
2018-08-16 00:00:00+00:00,0.0,0.0,-9.400380495004356,0.0,0.0,46.89000000001397,46.89000000001397,46.89000000001397,46.89000000001397,46.89000000001397,46.89000000001397,46.89000000001397,46.89000000001397,0.0,0.0,46.89000000001397
2018-08-17 00:00:00+00:00,0.0,0.0,0.0,0.0,0.0,269.5899999999674,269.5899999999674,269.5899999999674,269.5899999999674,269.5899999999674,269.5899999999674,269.5899999999674,269.5899999999674,0.0,0.0,269.5899999999674
2018-08-18 00:00:00+00:00,0.0,0.0,0.0,0.0,0.0,-188.84999999997672,-188.84999999997672,-188.84999999997672,-188.84999999997672,-188.84999999997672,-188.84999999997672,-188.84999999997672,-188.84999999997672,0.0,0.0,-188.84999999997672
2018-08-19 00:00:00+00:00,83.30185668508057,0.0,0.0,0.0,0.0,-9.60174668498803,-9.60174668498803,-9.60174668498803,92.89000000001397,92.89000000001397,92.89000000001397,92.89000000001397,92.89000000001397,0.0,0.0,92.89000000001397
2018-08-20 00:00:00+00:00,-230.79000000003725,0.0,0.0,0.0,0.0,0.0,0.0,0.0,-230.79000000003725,-230.79000000003725,-230.79000000003725,-230.79000000003725,-230.79000000003725,0.0,0.0,-230.79000000003725
2018-08-21 00:00:00+00:00,217.15000000002328,0.0,0.0,0.0,0.0,0.0,0.0,0.0,217.15000000002328,217.15000000002328,217.15000000002328,217.15000000002328,217.15000000002328,0.0,0.0,217.15000000002328
2018-08-22 00:00:00+00:00,-115.90000000002328,0.0,0.0,0.0,0.0,-125.61707294499502,0.0,0.0,-115.90000000002328,-115.90000000002328,-115.90000000002328,-115.90000000002328,-115.90000000002328,0.0,0.0,-115.90000000002328
2018-08-23 00:00:00+00:00,166.36999999999534,0.0,0.0,156.82683500496205,0.0,-9.536805005045608,0.0,0.0,166.36999999999534,166.36999999999534,166.36999999999534,166.36999999999534,166.36999999999534,0.0,0.0,166.36999999999534
2018-08-24 00:00:00+00:00,164.52000000001863,154.72719681996386,0.0,164.52000000001863,0.0,0.0,0.0,0.0,164.52000000001863,164.52000000001863,164.52000000001863,164.52000000001863,164.52000000001863,0.0,0.0,164.52000000001863
2018-08-25 00:00:00+00:00,46.64000000001397,-10.032974560046569,0.0,46.64000000001397,0.0,0.0,0.0,0.0,46.64000000001397,46.64000000001397,46.64000000001397,46.64000000001397,46.64000000001397,0.0,0.0,46.64000000001397
2018-08-26 00:00:00+00:00,-27.540000000037253,-37.649648759979755,0.0,-27.540000000037253,0.0,0.0,0.0,0.0,-27.540000000037253,-27.540000000037253,-27.540000000037253,-27.540000000037253,-27.540000000037253,0.0,0.0,-27.540000000037253
2018-08-27 00:00:00+00:00,201.9200000000419,201.9200000000419,0.0,201.9200000000419,0.0,0.0,0.0,0.0,201.9200000000419,201.9200000000419,201.9200000000419,201.9200000000419,201.9200000000419,0.0,0.0,201.9200000000419
2018-08-28 00:00:00+00:00,159.10999999998603,159.10999999998603,0.0,159.10999999998603,0.0,0.0,0.0,0.0,159.10999999998603,159.10999999998603,159.10999999998603,159.10999999998603,159.10999999998603,0.0,0.0,159.10999999998603
2018-08-29 00:00:00+00:00,-40.10999999998603,-40.10999999998603,0.0,-40.10999999998603,0.0,0.0,0.0,0.0,-10.602979494957253,-10.602979494957253,-10.602979494957253,-10.602979494957253,-10.602979494957253,0.0,0.0,-40.10999999998603
2018-08-30 00:00:00+00:00,-47.90000000002328,-47.90000000002328,0.0,-47.90000000002328,0.0,0.0,0.0,0.0,0.0,0.0,0.0,0.0,0.0,0.0,0.0,-47.90000000002328
2018-08-31 00:00:00+00:00,32.01000000000931,32.01000000000931,0.0,32.01000000000931,0.0,0.0,0.0,0.0,0.0,0.0,0.0,0.0,0.0,0.0,0.0,32.01000000000931
2018-09-01 00:00:00+00:00,176.06999999994878,176.06999999994878,0.0,176.06999999994878,0.0,0.0,0.0,0.0,0.0,0.0,0.0,0.0,0.0,0.0,0.0,176.06999999994878
2018-09-02 00:00:00+00:00,103.92000000004191,103.92000000004191,0.0,103.92000000004191,0.0,0.0,0.0,0.0,0.0,0.0,0.0,0.0,0.0,0.0,0.0,103.92000000004191
2018-09-03 00:00:00+00:00,-38.02000000001863,-38.02000000001863,0.0,-38.02000000001863,0.0,0.0,0.0,0.0,0.0,0.0,0.0,0.0,0.0,0.0,0.0,-38.02000000001863
2018-09-04 00:00:00+00:00,103.02000000001863,103.02000000001863,0.0,103.02000000001863,0.0,0.0,0.0,0.0,0.0,0.0,0.0,0.0,0.0,0.0,0.0,103.02000000001863
2018-09-05 00:00:00+00:00,-672.0400000000373,-672.0400000000373,-683.0736649950268,-672.0400000000373,0.0,0.0,0.0,0.0,0.0,0.0,0.0,0.0,0.0,0.0,0.0,-672.0400000000373
2018-09-06 00:00:00+00:00,-192.95999999996275,-192.95999999996275,-192.95999999996275,-192.95999999996275,0.0,0.0,0.0,0.0,0.0,0.0,0.0,0.0,0.0,0.0,0.0,-192.95999999996275
2018-09-07 00:00:00+00:00,-9.739252500003204,-99.98999999999069,-9.739252500003204,-9.739252500003204,0.0,-109.73574749997351,0.0,0.0,0.0,0.0,0.0,0.0,0.0,0.0,0.0,-99.98999999999069
2018-09-08 00:00:00+00:00,0.0,-9.589317495003343,0.0,0.0,0.0,-207.0100000000093,-216.60571250505745,-216.60571250505745,0.0,0.0,0.0,-216.60571250505745,0.0,0.0,0.0,-207.0100000000093
2018-09-09 00:00:00+00:00,0.0,0.0,37.72490599995945,0.0,0.0,47.01000000000931,47.01000000000931,47.01000000000931,37.72490599995945,0.0,0.0,47.01000000000931,0.0,0.0,0.0,47.01000000000931
2018-09-10 00:00:00+00:00,0.0,0.0,-9.339412490022369,0.0,0.0,64.98999999999069,64.98999999999069,64.98999999999069,64.98999999999069,55.62435248994734,0.0,64.98999999999069,55.62435248994734,0.0,0.0,64.98999999999069
2018-09-11 00:00:00+00:00,0.0,0.0,-26.923149999929592,0.0,0.0,-17.46999999997206,-17.46999999997206,-17.46999999997206,-17.46999999997206,-17.46999999997206,0.0,-17.46999999997206,-17.46999999997206,0.0,0.0,-17.46999999997206
2018-09-12 00:00:00+00:00,0.0,0.0,43.46999999997206,34.04306373500731,0.0,43.46999999997206,43.46999999997206,43.46999999997206,43.46999999997206,43.46999999997206,0.0,43.46999999997206,43.46999999997206,0.0,0.0,43.46999999997206
2018-09-13 00:00:00+00:00,0.0,0.0,-9.485836999956518,159.9899999999907,0.0,159.9899999999907,159.9899999999907,159.9899999999907,159.9899999999907,159.9899999999907,0.0,159.9899999999907,159.9899999999907,0.0,0.0,159.9899999999907
2018-09-14 00:00:00+00:00,0.0,0.0,-17.682227995013818,-7.949999999953434,0.0,-7.949999999953434,-7.949999999953434,-7.949999999953434,-7.949999999953434,-7.949999999953434,0.0,-7.949999999953434,-7.949999999953434,0.0,0.0,-7.949999999953434
2018-09-15 00:00:00+00:00,0.0,0.0,40.64000000001397,40.64000000001397,0.0,40.64000000001397,40.64000000001397,40.64000000001397,40.64000000001397,40.64000000001397,0.0,40.64000000001397,40.64000000001397,0.0,0.0,40.64000000001397
2018-09-16 00:00:00+00:00,-30.461279339971952,0.0,-20.680000000051223,-9.77476066001691,0.0,-20.680000000051223,-20.680000000051223,-20.680000000051223,-20.680000000051223,-20.680000000051223,0.0,-20.680000000051223,-20.680000000051223,0.0,0.0,-20.680000000051223
2018-09-17 00:00:00+00:00,-247.30000000004657,0.0,-247.30000000004657,0.0,0.0,-247.30000000004657,-247.30000000004657,-247.30000000004657,-247.30000000004657,-247.30000000004657,0.0,-247.30000000004657,-247.30000000004657,0.0,0.0,-247.30000000004657
2018-09-18 00:00:00+00:00,85.0,0.0,-9.362939644954167,0.0,0.0,85.0,85.0,85.0,85.0,85.0,0.0,85.0,85.0,0.0,0.0,85.0
2018-09-19 00:00:00+00:00,-9.510367154958658,0.0,0.0,0.0,0.0,51.23999999999069,51.23999999999069,51.23999999999069,51.23999999999069,51.23999999999069,0.0,51.23999999999069,51.23999999999069,0.0,0.0,51.23999999999069
2018-09-20 00:00:00+00:00,96.57638152502477,0.0,0.0,0.0,0.0,106.17000000004191,106.17000000004191,106.17000000004191,106.17000000004191,106.17000000004191,0.0,106.17000000004191,106.17000000004191,0.0,0.0,106.17000000004191
2018-09-21 00:00:00+00:00,256.89000000001397,0.0,247.14708844502456,0.0,0.0,256.89000000001397,256.89000000001397,256.89000000001397,256.89000000001397,256.89000000001397,0.0,256.89000000001397,256.89000000001397,0.0,0.0,256.89000000001397
2018-09-22 00:00:00+00:00,-42.67000000004191,0.0,-42.67000000004191,0.0,0.0,-10.121625000028871,-10.121625000028871,-10.121625000028871,-42.67000000004191,-42.67000000004191,0.0,-42.67000000004191,-42.67000000004191,0.0,0.0,-42.67000000004191
2018-09-23 00:00:00+00:00,-10.339999999967404,-20.41436367004644,-10.339999999967404,0.0,0.0,0.0,0.0,0.0,-10.04765632993076,-10.04765632993076,0.0,-10.339999999967404,-10.339999999967404,0.0,0.0,-10.339999999967404
2018-09-24 00:00:00+00:00,-114.90000000002328,-114.90000000002328,-114.90000000002328,0.0,0.0,0.0,0.0,0.0,0.0,0.0,0.0,-114.90000000002328,-114.90000000002328,0.0,0.0,-114.90000000002328
2018-09-25 00:00:00+00:00,-145.19999999995343,-145.19999999995343,-145.19999999995343,0.0,0.0,0.0,0.0,0.0,0.0,0.0,0.0,-145.19999999995343,-145.19999999995343,0.0,0.0,-145.19999999995343
2018-09-26 00:00:00+00:00,18.770000000018626,18.770000000018626,-11.539282500045374,0.0,0.0,0.0,0.0,0.0,0.0,0.0,0.0,18.770000000018626,18.770000000018626,0.0,0.0,18.770000000018626
2018-09-27 00:00:00+00:00,224.34999999997672,224.34999999997672,0.0,0.0,0.0,0.0,0.0,0.0,214.6732971749734,0.0,0.0,224.34999999997672,224.34999999997672,0.0,0.0,224.34999999997672
2018-09-28 00:00:00+00:00,-60.0,-60.0,0.0,0.0,0.0,0.0,0.0,0.0,-60.0,0.0,0.0,-60.0,-60.0,0.0,0.0,-60.0
2018-09-29 00:00:00+00:00,-39.01000000000931,-39.01000000000931,0.0,0.0,0.0,0.0,0.0,0.0,-9.926704994984902,0.0,0.0,-39.01000000000931,-39.01000000000931,0.0,0.0,-39.01000000000931
2018-09-30 00:00:00+00:00,-9.868209499982186,24.0,0.0,0.0,0.0,0.0,0.0,0.0,0.0,0.0,0.0,24.0,24.0,0.0,0.0,24.0
2018-10-01 00:00:00+00:00,0.0,-32.17000000004191,0.0,0.0,0.0,0.0,0.0,0.0,0.0,0.0,0.0,-32.17000000004191,-32.17000000004191,0.0,0.0,-32.17000000004191
2018-10-02 00:00:00+00:00,0.0,-74.36999999999534,0.0,0.0,0.0,0.0,0.0,0.0,0.0,0.0,0.0,-74.36999999999534,-74.36999999999534,0.0,0.0,-74.36999999999534
2018-10-03 00:00:00+00:00,0.0,-32.42999999993481,0.0,0.0,0.0,0.0,0.0,0.0,0.0,0.0,0.0,-32.42999999993481,-32.42999999993481,0.0,0.0,-32.42999999993481
2018-10-04 00:00:00+00:00,71.71772198495455,81.4199999999255,0.0,0.0,0.0,71.71772198495455,0.0,0.0,0.0,0.0,0.0,81.4199999999255,81.4199999999255,0.0,0.0,81.4199999999255
2018-10-05 00:00:00+00:00,46.48999999999069,46.48999999999069,0.0,0.0,0.0,46.48999999999069,0.0,0.0,0.0,0.0,0.0,46.48999999999069,46.48999999999069,0.0,0.0,46.48999999999069
2018-10-06 00:00:00+00:00,-9.887613029917702,-41.5099999998929,0.0,0.0,0.0,-41.5099999998929,0.0,0.0,0.0,0.0,0.0,-41.5099999998929,-41.5099999998929,0.0,0.0,-41.5099999998929
2018-10-07 00:00:00+00:00,0.0,-9.8353537900839,0.0,0.0,0.0,-9.8353537900839,0.0,0.0,0.0,0.0,0.0,-9.8353537900839,-9.8353537900839,0.0,0.0,17.569999999948777
2018-10-08 00:00:00+00:00,0.0,0.0,28.22173000499606,0.0,0.0,0.0,0.0,0.0,0.0,0.0,0.0,0.0,0.0,0.0,0.0,38.06999999994878
2018-10-09 00:00:00+00:00,0.0,0.0,-18.589999999967404,-27.96459876501467,0.0,0.0,0.0,0.0,0.0,0.0,0.0,0.0,0.0,0.0,0.0,-18.589999999967404
2018-10-10 00:00:00+00:00,-74.80751473992132,-74.80751473992132,-64.9199999999255,-64.9199999999255,0.0,0.0,0.0,0.0,0.0,0.0,0.0,0.0,0.0,0.0,0.0,-64.9199999999255
2018-10-11 00:00:00+00:00,-369.87000000011176,-369.87000000011176,-369.87000000011176,-369.87000000011176,0.0,0.0,0.0,0.0,0.0,0.0,0.0,0.0,0.0,0.0,0.0,-369.87000000011176
2018-10-12 00:00:00+00:00,33.32000000006519,33.32000000006519,33.32000000006519,33.32000000006519,0.0,24.094902659999207,0.0,0.0,0.0,0.0,0.0,0.0,0.0,0.0,0.0,33.32000000006519
2018-10-13 00:00:00+00:00,-9.278920994955115,-9.278920994955115,-9.278920994955115,-9.278920994955115,0.0,7.989999999990687,-1.2951090049464256,-1.2951090049464256,-1.2951090049464256,-1.2951090049464256,-1.2951090049464256,-1.2951090049464256,-1.2951090049464256,-1.2951090049464256,0.0,7.989999999990687
2018-10-14 00:00:00+00:00,0.0,0.0,0.0,0.0,0.0,-12.510000000009313,-12.510000000009313,-12.510000000009313,-12.510000000009313,-12.510000000009313,-12.510000000009313,-12.510000000009313,-12.510000000009313,-12.510000000009313,0.0,-12.510000000009313
2018-10-15 00:00:00+00:00,0.0,0.0,0.0,247.6216282399837,0.0,256.9300000000512,256.9300000000512,256.9300000000512,256.9300000000512,256.9300000000512,256.9300000000512,256.9300000000512,256.9300000000512,256.9300000000512,0.0,256.9300000000512
2018-10-16 00:00:00+00:00,0.0,0.0,0.0,-9.647424785071053,0.0,16.68999999994412,16.68999999994412,16.68999999994412,16.68999999994412,16.68999999994412,16.68999999994412,16.68999999994412,16.68999999994412,16.68999999994412,0.0,16.68999999994412
2018-10-17 00:00:00+00:00,0.0,0.0,0.0,-23.08887855010107,0.0,-13.410000000032596,-13.410000000032596,-13.410000000032596,-13.410000000032596,-13.410000000032596,-13.410000000032596,-13.410000000032596,-13.410000000032596,-13.410000000032596,0.0,-13.410000000032596
2018-10-18 00:00:00+00:00,0.0,0.0,0.0,-9.672313154907897,0.0,-9.672313154907897,-9.672313154907897,-9.672313154907897,-48.73999999999069,-48.73999999999069,-48.73999999999069,-48.73999999999069,-48.73999999999069,-48.73999999999069,0.0,-48.73999999999069
2018-10-19 00:00:00+00:00,0.0,0.0,-21.565637480001897,-21.565637480001897,0.0,0.0,0.0,0.0,-11.96999999997206,-11.96999999997206,-11.96999999997206,-11.96999999997206,-11.96999999997206,-11.96999999997206,0.0,-11.96999999997206
2018-10-20 00:00:00+00:00,21.432323505054228,0.0,31.010000000009313,-9.571293505025096,0.0,0.0,0.0,0.0,31.010000000009313,31.010000000009313,31.010000000009313,31.010000000009313,31.010000000009313,31.010000000009313,0.0,31.010000000009313
2018-10-21 00:00:00+00:00,1.8800000000046566,0.0,-9.627778004971333,-7.734191994997673,0.0,0.0,0.0,0.0,1.8800000000046566,1.8800000000046566,1.8800000000046566,1.8800000000046566,1.8800000000046566,1.8800000000046566,0.0,1.8800000000046566
2018-10-22 00:00:00+00:00,-8.229999999981374,0.0,0.0,-9.630597064970061,-17.847012934973463,0.0,0.0,0.0,-8.229999999981374,-8.229999999981374,-8.229999999981374,-8.229999999981374,-8.229999999981374,-8.229999999981374,0.0,-8.229999999981374
2018-10-23 00:00:00+00:00,-12.510000000009313,0.0,0.0,-22.114663820015267,-12.510000000009313,0.0,0.0,0.0,-12.510000000009313,-12.510000000009313,-12.510000000009313,-12.510000000009313,-12.510000000009313,-12.510000000009313,0.0,-12.510000000009313
2018-10-24 00:00:00+00:00,-9.59949743503239,0.0,0.0,-9.59949743503239,20.839999999967404,0.0,0.0,0.0,20.839999999967404,20.839999999967404,20.839999999967404,20.839999999967404,20.839999999967404,20.839999999967404,0.0,20.839999999967404
2018-10-25 00:00:00+00:00,0.0,0.0,0.0,0.0,-20.400000000023283,0.0,0.0,0.0,-20.400000000023283,-20.400000000023283,-20.400000000023283,-20.400000000023283,-20.400000000023283,-20.400000000023283,0.0,-20.400000000023283
2018-10-26 00:00:00+00:00,0.0,0.0,0.0,0.0,9.290000000037253,0.0,0.0,0.0,9.290000000037253,9.290000000037253,9.290000000037253,9.290000000037253,9.290000000037253,9.290000000037253,0.0,9.290000000037253
2018-10-27 00:00:00+00:00,-5.36050743504893,-5.36050743504893,0.0,0.0,4.25,0.0,0.0,0.0,4.25,4.25,4.25,4.25,4.25,4.25,0.0,4.25
2018-10-28 00:00:00+00:00,-5.5,-5.5,0.0,0.0,-5.5,0.0,0.0,0.0,-5.5,-5.5,-5.5,-5.5,-5.5,-5.5,0.0,-5.5
2018-10-29 00:00:00+00:00,-9.592243185034022,-137.61999999999534,0.0,0.0,-137.61999999999534,0.0,0.0,0.0,-137.61999999999534,-137.61999999999534,-137.61999999999534,-137.61999999999534,-137.61999999999534,-137.61999999999534,0.0,-137.61999999999534
2018-10-30 00:00:00+00:00,0.0,1.6300000000046566,0.0,0.0,1.6300000000046566,0.0,0.0,0.0,1.6300000000046566,1.6300000000046566,1.6300000000046566,1.6300000000046566,1.6300000000046566,1.6300000000046566,0.0,1.6300000000046566
2018-10-31 00:00:00+00:00,0.0,-9.398311184952036,0.0,0.0,-9.398311184952036,27.14542118506506,27.14542118506506,27.14542118506506,36.550000000046566,36.550000000046566,36.550000000046566,36.550000000046566,36.550000000046566,36.550000000046566,0.0,36.550000000046566
2018-11-01 00:00:00+00:00,0.0,0.0,0.0,0.0,0.0,39.81999999994878,39.81999999994878,39.81999999994878,39.81999999994878,39.81999999994878,39.81999999994878,39.81999999994878,39.81999999994878,39.81999999994878,0.0,39.81999999994878
2018-11-02 00:00:00+00:00,0.0,0.0,0.0,0.0,0.0,5.800000000046566,5.800000000046566,5.800000000046566,5.800000000046566,5.800000000046566,5.800000000046566,5.800000000046566,5.800000000046566,5.800000000046566,0.0,5.800000000046566
2018-11-03 00:00:00+00:00,0.0,0.0,0.0,0.0,0.0,-17.84000000008382,-17.84000000008382,-17.84000000008382,-17.84000000008382,-17.84000000008382,-17.84000000008382,-17.84000000008382,-17.84000000008382,-17.84000000008382,0.0,-17.84000000008382
2018-11-04 00:00:00+00:00,0.0,0.0,0.0,0.0,0.0,91.32000000006519,91.32000000006519,91.32000000006519,91.32000000006519,91.32000000006519,91.32000000006519,91.32000000006519,91.32000000006519,91.32000000006519,0.0,91.32000000006519
2018-11-05 00:00:00+00:00,0.0,0.0,0.0,0.0,0.0,-19.28000000002794,-19.28000000002794,-19.28000000002794,-19.28000000002794,-19.28000000002794,-19.28000000002794,-19.28000000002794,-19.28000000002794,-19.28000000002794,0.0,-19.28000000002794
2018-11-06 00:00:00+00:00,34.89079800003674,34.89079800003674,0.0,0.0,0.0,-9.602797999978065,-9.602797999978065,-9.602797999978065,-9.602797999978065,-9.602797999978065,-9.602797999978065,44.5,44.5,44.5,0.0,44.5
2018-11-07 00:00:00+00:00,54.61999999999534,-9.669525749981403,0.0,0.0,0.0,0.0,0.0,0.0,0.0,0.0,0.0,54.61999999999534,54.61999999999534,54.61999999999534,0.0,54.61999999999534
2018-11-08 00:00:00+00:00,-96.88000000000466,-106.63793156004976,0.0,-106.63793156004976,0.0,0.0,0.0,0.0,0.0,0.0,0.0,-9.751428439980373,-9.751428439980373,-9.751428439980373,0.0,-96.88000000000466
2018-11-09 00:00:00+00:00,-71.34999999997672,-71.34999999997672,0.0,-71.34999999997672,-80.96256311994512,0.0,0.0,0.0,0.0,0.0,0.0,0.0,0.0,0.0,0.0,-71.34999999997672
2018-11-10 00:00:00+00:00,12.53000000002794,12.53000000002794,0.0,12.53000000002794,12.53000000002794,0.0,0.0,0.0,0.0,0.0,0.0,0.0,0.0,0.0,0.0,12.53000000002794
2018-11-11 00:00:00+00:00,-9.517956290044822,-9.517956290044822,0.0,10.179999999934807,10.179999999934807,0.6556962899630889,0.0,0.0,0.0,0.0,0.0,0.6556962899630889,0.0,0.0,0.0,10.179999999934807
2018-11-12 00:00:00+00:00,-39.269578799954616,0.0,-39.269578799954616,-29.729999999981374,-29.729999999981374,-29.729999999981374,0.0,0.0,0.0,0.0,0.0,-29.729999999981374,0.0,0.0,0.0,-29.729999999981374
2018-11-13 00:00:00+00:00,-9.488641064963304,0.0,-68.53000000002794,-68.53000000002794,-68.53000000002794,-68.53000000002794,0.0,0.0,0.0,0.0,0.0,-68.53000000002794,0.0,0.0,0.0,-68.53000000002794
2018-11-14 00:00:00+00:00,0.0,-663.282154674991,-653.8800000000047,-9.375895324978046,-9.375895324978046,-653.8800000000047,0.0,0.0,-663.282154674991,0.0,0.0,-653.8800000000047,0.0,0.0,0.0,-653.8800000000047
2018-11-15 00:00:00+00:00,0.0,-8.854712494998239,-25.93999999994412,0.0,0.0,-25.93999999994412,-33.90031750500202,-33.90031750500202,-25.93999999994412,-33.90031750500202,-33.90031750500202,-25.93999999994412,-33.90031750500202,0.0,0.0,-25.93999999994412
2018-11-16 00:00:00+00:00,0.0,0.0,-8.386460250010714,0.0,0.0,-67.28000000002794,-67.28000000002794,-67.28000000002794,-67.28000000002794,-67.28000000002794,-67.28000000002794,-67.28000000002794,-67.28000000002794,-75.63203974999487,0.0,-67.28000000002794
2018-11-17 00:00:00+00:00,0.0,0.0,0.0,0.0,0.0,-8.069999999948777,-8.069999999948777,-8.069999999948777,-8.069999999948777,-8.069999999948777,-8.069999999948777,-8.069999999948777,-8.069999999948777,-8.069999999948777,0.0,-8.069999999948777
2018-11-18 00:00:00+00:00,0.0,0.0,0.0,0.0,0.0,55.82999999995809,55.82999999995809,55.82999999995809,55.82999999995809,55.82999999995809,55.82999999995809,55.82999999995809,55.82999999995809,55.82999999995809,0.0,55.82999999995809
2018-11-19 00:00:00+00:00,0.0,0.0,0.0,0.0,0.0,-826.5,-826.5,-826.5,-826.5,-826.5,-826.5,-826.5,-826.5,-826.5,0.0,-826.5
2018-11-20 00:00:00+00:00,0.0,0.0,0.0,0.0,0.0,-384.2700000000186,-384.2700000000186,-384.2700000000186,-384.2700000000186,-384.2700000000186,-384.2700000000186,-384.2700000000186,-384.2700000000186,-384.2700000000186,0.0,-384.2700000000186
2018-11-21 00:00:00+00:00,0.0,0.0,0.0,0.0,0.0,195.88000000000466,195.88000000000466,195.88000000000466,195.88000000000466,195.88000000000466,195.88000000000466,195.88000000000466,195.88000000000466,195.88000000000466,0.0,195.88000000000466
2018-11-22 00:00:00+00:00,0.0,0.0,0.0,0.0,0.0,-279.75,-279.75,-279.75,-279.75,-279.75,-279.75,-279.75,-279.75,-279.75,0.0,-279.75
2018-11-23 00:00:00+00:00,0.0,0.0,0.0,0.0,0.0,18.440000000060536,18.440000000060536,18.440000000060536,18.440000000060536,18.440000000060536,18.440000000060536,18.440000000060536,18.440000000060536,18.440000000060536,0.0,18.440000000060536
2018-11-24 00:00:00+00:00,0.0,0.0,0.0,0.0,0.0,-508.8100000000559,-508.8100000000559,-508.8100000000559,-508.8100000000559,-508.8100000000559,-508.8100000000559,-508.8100000000559,-508.8100000000559,-508.8100000000559,0.0,-508.8100000000559
2018-11-25 00:00:00+00:00,0.0,0.0,0.0,0.0,0.0,161.69999999995343,161.69999999995343,161.69999999995343,161.69999999995343,161.69999999995343,161.69999999995343,161.69999999995343,161.69999999995343,161.69999999995343,0.0,161.69999999995343
2018-11-26 00:00:00+00:00,0.0,0.0,0.0,0.0,0.0,-205.36999999999534,-205.36999999999534,-205.36999999999534,-205.36999999999534,-205.36999999999534,-205.36999999999534,-205.36999999999534,-205.36999999999534,-205.36999999999534,0.0,-205.36999999999534
2018-11-27 00:00:00+00:00,0.0,0.0,0.0,0.0,0.0,43.68000000005122,43.68000000005122,43.68000000005122,43.68000000005122,43.68000000005122,43.68000000005122,43.68000000005122,43.68000000005122,43.68000000005122,0.0,43.68000000005122
2018-11-28 00:00:00+00:00,0.0,0.0,0.0,0.0,0.0,450.03000000002794,450.03000000002794,450.03000000002794,450.03000000002794,450.03000000002794,450.03000000002794,450.03000000002794,450.03000000002794,450.03000000002794,0.0,450.03000000002794
2018-11-29 00:00:00+00:00,0.0,0.0,0.0,0.0,0.0,22.96999999997206,22.96999999997206,22.96999999997206,22.96999999997206,22.96999999997206,22.96999999997206,22.96999999997206,22.96999999997206,22.96999999997206,0.0,22.96999999997206
2018-11-30 00:00:00+00:00,0.0,0.0,0.0,0.0,0.0,-272.0,-272.0,-272.0,-272.0,-272.0,-272.0,-272.0,-272.0,-272.0,0.0,-272.0
2018-12-01 00:00:00+00:00,0.0,0.0,0.0,0.0,0.0,166.0100000000093,166.0100000000093,166.0100000000093,166.0100000000093,166.0100000000093,166.0100000000093,166.0100000000093,166.0100000000093,166.0100000000093,0.0,166.0100000000093
2018-12-02 00:00:00+00:00,0.0,0.0,0.0,0.0,0.0,-38.82000000006519,-38.82000000006519,-38.82000000006519,-38.82000000006519,-38.82000000006519,-38.82000000006519,-38.82000000006519,-38.82000000006519,-38.82000000006519,0.0,-38.82000000006519
2018-12-03 00:00:00+00:00,-275.48625140008517,0.0,0.0,0.0,0.0,-269.71999999997206,-269.71999999997206,-269.71999999997206,-269.71999999997206,-269.71999999997206,-269.71999999997206,-269.71999999997206,-269.71999999997206,-269.71999999997206,0.0,-269.71999999997206
2018-12-04 00:00:00+00:00,68.36999999999534,0.0,0.0,0.0,0.0,68.36999999999534,68.36999999999534,68.36999999999534,68.36999999999534,68.36999999999534,68.36999999999534,68.36999999999534,68.36999999999534,68.36999999999534,0.0,68.36999999999534
2018-12-05 00:00:00+00:00,-207.44999999995343,0.0,0.0,0.0,0.0,-207.44999999995343,-207.44999999995343,-207.44999999995343,-207.44999999995343,-207.44999999995343,-207.44999999995343,-207.44999999995343,-207.44999999995343,-207.44999999995343,0.0,-207.44999999995343
2018-12-06 00:00:00+00:00,-261.13000000000466,0.0,0.0,0.0,0.0,-261.13000000000466,-261.13000000000466,-261.13000000000466,-261.13000000000466,-261.13000000000466,-261.13000000000466,-261.13000000000466,-261.13000000000466,-261.13000000000466,0.0,-261.13000000000466
2018-12-07 00:00:00+00:00,-5.108233349979855,0.0,0.0,0.0,0.0,-53.25,-53.25,-53.25,-53.25,-53.25,-53.25,-53.25,-53.25,-53.25,0.0,-53.25
2018-12-08 00:00:00+00:00,0.0,0.0,0.0,0.0,0.0,20.989999999990687,20.989999999990687,20.989999999990687,20.989999999990687,20.989999999990687,20.989999999990687,20.989999999990687,20.989999999990687,20.989999999990687,0.0,20.989999999990687
2018-12-09 00:00:00+00:00,0.0,0.0,0.0,0.0,0.0,130.18000000005122,130.18000000005122,130.18000000005122,130.18000000005122,130.18000000005122,130.18000000005122,130.18000000005122,130.18000000005122,130.18000000005122,0.0,130.18000000005122
2018-12-10 00:00:00+00:00,0.0,0.0,0.0,0.0,0.0,-121.03000000002794,-121.03000000002794,-121.03000000002794,-121.03000000002794,-121.03000000002794,-121.03000000002794,-121.03000000002794,-121.03000000002794,-121.03000000002794,0.0,-121.03000000002794
2018-12-11 00:00:00+00:00,0.0,0.0,0.0,0.0,0.0,-60.79000000003725,-60.79000000003725,-60.79000000003725,-60.79000000003725,-60.79000000003725,-60.79000000003725,-60.79000000003725,-60.79000000003725,-60.79000000003725,0.0,-60.79000000003725
2018-12-12 00:00:00+00:00,0.0,0.0,0.0,0.0,0.0,80.88000000000466,80.88000000000466,80.88000000000466,80.88000000000466,80.88000000000466,80.88000000000466,80.88000000000466,80.88000000000466,80.88000000000466,0.0,80.88000000000466
2018-12-13 00:00:00+00:00,0.0,0.0,0.0,0.0,0.0,-165.2399999999907,-165.2399999999907,-165.2399999999907,-165.2399999999907,-165.2399999999907,-165.2399999999907,-165.2399999999907,-165.2399999999907,-165.2399999999907,0.0,-165.2399999999907
2018-12-14 00:00:00+00:00,0.0,0.0,0.0,0.0,0.0,-69.29000000003725,-69.29000000003725,-69.29000000003725,-69.29000000003725,-69.29000000003725,-69.29000000003725,-69.29000000003725,-69.29000000003725,-69.29000000003725,0.0,-69.29000000003725
2018-12-15 00:00:00+00:00,0.0,0.0,0.0,0.0,0.0,-12.709999999962747,-12.709999999962747,-12.709999999962747,-12.709999999962747,-12.709999999962747,-12.709999999962747,-12.709999999962747,-12.709999999962747,-12.709999999962747,0.0,-12.709999999962747
2018-12-16 00:00:00+00:00,0.0,0.0,0.0,0.0,0.0,12.0,12.0,12.0,12.0,12.0,12.0,12.0,12.0,12.0,0.0,12.0
2018-12-17 00:00:00+00:00,0.0,0.0,0.0,0.0,0.0,301.8199999999488,301.8199999999488,301.8199999999488,301.8199999999488,301.8199999999488,301.8199999999488,301.8199999999488,301.8199999999488,301.8199999999488,0.0,301.8199999999488
2018-12-18 00:00:00+00:00,0.0,0.0,0.0,0.0,0.0,170.95000000006985,170.95000000006985,170.95000000006985,170.95000000006985,170.95000000006985,170.95000000006985,170.95000000006985,170.95000000006985,170.95000000006985,0.0,170.95000000006985
2018-12-19 00:00:00+00:00,9.246526119997725,0.0,0.0,0.0,0.0,-5.5098061200696975,-5.5098061200696975,-5.5098061200696975,14.739999999990687,14.739999999990687,14.739999999990687,14.739999999990687,14.739999999990687,14.739999999990687,0.0,14.739999999990687
2018-12-20 00:00:00+00:00,392.8299999999581,0.0,0.0,0.0,0.0,0.0,0.0,0.0,392.8299999999581,392.8299999999581,392.8299999999581,392.8299999999581,392.8299999999581,392.8299999999581,0.0,392.8299999999581
2018-12-21 00:00:00+00:00,-236.27999999991152,0.0,0.0,0.0,0.0,0.0,0.0,0.0,-236.27999999991152,-236.27999999991152,-236.27999999991152,-236.27999999991152,-236.27999999991152,-236.27999999991152,0.0,-236.27999999991152
2018-12-22 00:00:00+00:00,141.39999999990687,135.4391903699143,0.0,0.0,0.0,0.0,0.0,0.0,-5.556970370002091,-5.556970370002091,-5.556970370002091,141.39999999990687,141.39999999990687,141.39999999990687,0.0,141.39999999990687
2018-12-23 00:00:00+00:00,-35.529999999911524,-35.529999999911524,0.0,0.0,0.0,0.0,0.0,0.0,0.0,0.0,0.0,-35.529999999911524,-35.529999999911524,-35.529999999911524,0.0,-35.529999999911524
2018-12-24 00:00:00+00:00,89.06999999994878,89.06999999994878,0.0,0.0,0.0,0.0,0.0,0.0,0.0,0.0,0.0,89.06999999994878,89.06999999994878,89.06999999994878,0.0,89.06999999994878
2018-12-25 00:00:00+00:00,-254.0,-254.0,0.0,0.0,0.0,0.0,0.0,0.0,0.0,0.0,0.0,-254.0,-254.0,-254.0,0.0,-254.0
2018-12-26 00:00:00+00:00,29.880000000004657,29.880000000004657,24.208110000006855,0.0,0.0,0.0,0.0,0.0,0.0,0.0,0.0,29.880000000004657,29.880000000004657,29.880000000004657,0.0,29.880000000004657
2018-12-27 00:00:00+00:00,-219.9899999999907,-219.9899999999907,-5.712915059993975,0.0,0.0,0.0,0.0,0.0,0.0,0.0,0.0,-219.9899999999907,-219.9899999999907,-219.9899999999907,0.0,-219.9899999999907
2018-12-28 00:00:00+00:00,298.1700000000419,298.1700000000419,292.78337005502544,0.0,0.0,0.0,0.0,0.0,0.0,0.0,0.0,298.1700000000419,298.1700000000419,298.1700000000419,0.0,298.1700000000419
2018-12-29 00:00:00+00:00,-6.309426210005768,-158.75,-6.309426210005768,0.0,0.0,0.0,0.0,0.0,0.0,0.0,0.0,-158.75,-158.75,-158.75,0.0,-158.75
2018-12-30 00:00:00+00:00,94.09417034499347,99.68999999994412,0.0,0.0,0.0,0.0,0.0,0.0,0.0,0.0,0.0,99.68999999994412,99.68999999994412,99.68999999994412,0.0,99.68999999994412
2018-12-31 00:00:00+00:00,-5.7415854999562725,-137.14000000001397,0.0,0.0,0.0,0.0,0.0,0.0,0.0,0.0,0.0,-137.14000000001397,-137.14000000001397,-137.14000000001397,0.0,-137.14000000001397
2019-01-01 00:00:00+00:00,0.0,134.2399999999907,0.0,0.0,0.0,0.0,0.0,0.0,0.0,0.0,0.0,134.2399999999907,134.2399999999907,134.2399999999907,0.0,134.2399999999907
2019-01-02 00:00:00+00:00,0.0,64.69000000006054,0.0,0.0,0.0,58.94893695006613,0.0,0.0,0.0,0.0,0.0,64.69000000006054,64.69000000006054,64.69000000006054,0.0,64.69000000006054
2019-01-03 00:00:00+00:00,-109.06814540002961,-103.22000000008848,0.0,0.0,0.0,-5.824254599981941,0.0,0.0,0.0,0.0,0.0,-103.22000000008848,-103.22000000008848,-103.22000000008848,0.0,-103.22000000008848
2019-01-04 00:00:00+00:00,33.25,33.25,27.566751214908436,0.0,0.0,0.0,0.0,0.0,0.0,0.0,0.0,33.25,33.25,33.25,0.0,33.25
2019-01-05 00:00:00+00:00,-22.199999999953434,-5.729319589911029,-5.729319589911029,0.0,0.0,0.0,0.0,0.0,0.0,0.0,0.0,-22.199999999953434,-22.199999999953434,-22.199999999953434,0.0,-22.199999999953434
2019-01-06 00:00:00+00:00,-4.328085005050525,0.0,235.2981150050182,0.0,0.0,0.0,0.0,0.0,0.0,0.0,0.0,242.36999999999534,242.36999999999534,242.36999999999534,0.0,242.36999999999534
2019-01-07 00:00:00+00:00,-41.0334904899355,0.0,-34.97999999998137,0.0,0.0,0.0,0.0,0.0,0.0,0.0,0.0,-34.97999999998137,-34.97999999998137,-34.97999999998137,0.0,-34.97999999998137
2019-01-08 00:00:00+00:00,-12.150000000023283,-18.1209579850547,-12.150000000023283,0.0,0.0,0.0,0.0,0.0,0.0,0.0,0.0,-12.150000000023283,-12.150000000023283,-12.150000000023283,0.0,-12.150000000023283
2019-01-09 00:00:00+00:00,10.260000000009313,-5.998778074979782,10.260000000009313,0.0,0.0,0.0,0.0,0.0,0.0,0.0,0.0,10.260000000009313,10.260000000009313,10.260000000009313,0.0,10.260000000009313
2019-01-10 00:00:00+00:00,-378.0,-384.01819706498645,-378.0,0.0,0.0,0.0,0.0,0.0,0.0,0.0,0.0,-378.0,-378.0,-378.0,0.0,-378.0
2019-01-11 00:00:00+00:00,9.569999999948777,9.569999999948777,9.569999999948777,0.0,0.0,0.0,0.0,0.0,0.0,0.0,0.0,9.569999999948777,9.569999999948777,9.569999999948777,0.0,9.569999999948777
2019-01-12 00:00:00+00:00,-6.4102776349755,-16.279999999911524,-16.279999999911524,0.0,0.0,-20.773912364966236,-20.773912364966236,-20.773912364966236,0.0,0.0,0.0,-16.279999999911524,-16.279999999911524,-16.279999999911524,0.0,-16.279999999911524
2019-01-13 00:00:00+00:00,0.0,-5.457260310067795,-105.17000000004191,0.0,0.0,-105.17000000004191,-105.17000000004191,-105.17000000004191,0.0,0.0,0.0,-105.17000000004191,-105.17000000004191,-105.17000000004191,0.0,-105.17000000004191
2019-01-14 00:00:00+00:00,0.0,0.0,149.94999999995343,0.0,0.0,149.94999999995343,149.94999999995343,149.94999999995343,0.0,0.0,0.0,149.94999999995343,149.94999999995343,149.94999999995343,0.0,149.94999999995343
2019-01-15 00:00:00+00:00,0.0,0.0,-83.42999999993481,0.0,0.0,-83.42999999993481,-83.42999999993481,-83.42999999993481,-88.91810209001414,0.0,0.0,-83.42999999993481,-83.42999999993481,-83.42999999993481,0.0,-83.42999999993481
2019-01-16 00:00:00+00:00,0.0,0.0,28.949999999953434,0.0,0.0,28.949999999953434,28.949999999953434,28.949999999953434,28.949999999953434,0.0,0.0,28.949999999953434,28.949999999953434,28.949999999953434,0.0,28.949999999953434
2019-01-17 00:00:00+00:00,0.0,0.0,30.940000000060536,0.0,0.0,30.940000000060536,30.940000000060536,30.940000000060536,30.940000000060536,25.523630145005882,0.0,30.940000000060536,30.940000000060536,30.940000000060536,0.0,30.940000000060536
2019-01-18 00:00:00+00:00,0.0,0.0,-32.800000000046566,0.0,0.0,-32.800000000046566,-32.800000000046566,-32.800000000046566,-32.800000000046566,-32.800000000046566,0.0,-32.800000000046566,-32.800000000046566,-32.800000000046566,0.0,-32.800000000046566
2019-01-19 00:00:00+00:00,69.38642107497435,0.0,-5.409971075016074,0.0,0.0,74.80000000004657,74.80000000004657,74.80000000004657,74.80000000004657,74.80000000004657,0.0,74.80000000004657,74.80000000004657,74.80000000004657,0.0,74.80000000004657
2019-01-20 00:00:00+00:00,-4.673408249975182,0.0,0.0,0.0,0.0,-146.46000000007916,-146.46000000007916,-146.46000000007916,-146.46000000007916,-146.46000000007916,0.0,-146.46000000007916,-146.46000000007916,-146.46000000007916,0.0,-146.46000000007916
2019-01-21 00:00:00+00:00,-11.108108779997565,0.0,0.0,0.0,0.0,-4.429999999934807,-4.429999999934807,-4.429999999934807,-4.429999999934807,-4.429999999934807,0.0,-4.429999999934807,-4.429999999934807,-4.429999999934807,0.0,-4.429999999934807
2019-01-22 00:00:00+00:00,45.27000000001863,0.0,0.0,0.0,0.0,45.27000000001863,45.27000000001863,45.27000000001863,45.27000000001863,45.27000000001863,39.98060912499204,45.27000000001863,45.27000000001863,45.27000000001863,0.0,45.27000000001863
2019-01-23 00:00:00+00:00,-5.353771480033174,0.0,0.0,0.0,0.0,-24.020000000018626,-24.020000000018626,-24.020000000018626,-24.020000000018626,-24.020000000018626,-24.020000000018626,-24.020000000018626,-24.020000000018626,-24.020000000018626,0.0,-24.020000000018626
2019-01-24 00:00:00+00:00,0.0,0.0,0.0,0.0,0.0,15.959999999962747,15.959999999962747,15.959999999962747,15.959999999962747,15.959999999962747,15.959999999962747,15.959999999962747,15.959999999962747,15.959999999962747,0.0,15.959999999962747
2019-01-25 00:00:00+00:00,0.0,0.0,0.0,0.0,0.0,-6.799999999930151,-6.799999999930151,-6.799999999930151,-6.799999999930151,-6.799999999930151,-6.799999999930151,-6.799999999930151,-6.799999999930151,-6.799999999930151,0.0,-6.799999999930151
2019-01-26 00:00:00+00:00,0.0,0.0,0.0,0.0,0.0,-6.100000000093132,-6.100000000093132,-6.100000000093132,-6.100000000093132,-6.100000000093132,-6.100000000093132,-6.100000000093132,-6.100000000093132,-6.100000000093132,0.0,-6.100000000093132
2019-01-27 00:00:00+00:00,0.0,0.0,0.0,0.0,0.0,-25.04999999993015,-25.04999999993015,-25.04999999993015,-25.04999999993015,-25.04999999993015,-25.04999999993015,-25.04999999993015,-25.04999999993015,-25.04999999993015,0.0,-25.04999999993015
2019-01-28 00:00:00+00:00,0.0,0.0,0.0,0.0,0.0,-101.07000000006519,-101.07000000006519,-101.07000000006519,-101.07000000006519,-101.07000000006519,-101.07000000006519,-101.07000000006519,-101.07000000006519,-101.07000000006519,0.0,-101.07000000006519
2019-01-29 00:00:00+00:00,0.0,-37.676639974932186,0.0,0.0,0.0,-32.529999999911524,-32.529999999911524,-32.529999999911524,-32.529999999911524,-32.529999999911524,-32.529999999911524,-32.529999999911524,-32.529999999911524,-32.529999999911524,0.0,-32.529999999911524
2019-01-30 00:00:00+00:00,0.0,-6.771912130061537,0.0,0.0,0.0,40.13000000000466,40.13000000000466,40.13000000000466,40.13000000000466,40.13000000000466,40.13000000000466,40.13000000000466,40.13000000000466,40.13000000000466,0.0,40.13000000000466
2019-01-31 00:00:00+00:00,0.0,0.0,0.0,0.0,0.0,-26.050000000046566,-26.050000000046566,-26.050000000046566,-26.050000000046566,-26.050000000046566,-26.050000000046566,-26.050000000046566,-26.050000000046566,-26.050000000046566,0.0,-26.050000000046566
2019-02-01 00:00:00+00:00,0.0,0.0,0.0,0.0,0.0,26.0,26.0,26.0,26.0,26.0,26.0,26.0,26.0,26.0,0.0,26.0
2019-02-02 00:00:00+00:00,0.0,0.0,0.0,0.0,0.0,30.930000000051223,30.930000000051223,30.930000000051223,30.930000000051223,30.930000000051223,30.930000000051223,30.930000000051223,30.930000000051223,30.930000000051223,0.0,30.930000000051223
2019-02-03 00:00:00+00:00,0.0,0.0,0.0,0.0,0.0,-53.65000000002328,-53.65000000002328,-53.65000000002328,-53.65000000002328,-53.65000000002328,-53.65000000002328,-53.65000000002328,-53.65000000002328,-53.65000000002328,0.0,-53.65000000002328
2019-02-04 00:00:00+00:00,0.0,0.0,0.0,0.0,0.0,-5.210000000079162,-5.210000000079162,-5.210000000079162,-5.210000000079162,-5.210000000079162,-5.210000000079162,-5.210000000079162,-5.210000000079162,-5.210000000079162,0.0,-5.210000000079162
2019-02-05 00:00:00+00:00,0.0,0.0,0.0,0.0,0.0,18.830000000074506,18.830000000074506,18.830000000074506,18.830000000074506,18.830000000074506,18.830000000074506,18.830000000074506,18.830000000074506,18.830000000074506,0.0,18.830000000074506
2019-02-06 00:00:00+00:00,0.0,0.0,0.0,0.0,0.0,-61.04000000003725,-61.04000000003725,-61.04000000003725,-61.04000000003725,-61.04000000003725,-61.04000000003725,-61.04000000003725,-61.04000000003725,-61.04000000003725,0.0,-61.04000000003725
2019-02-07 00:00:00+00:00,-12.06069800502155,0.0,0.0,-12.06069800502155,0.0,-8.35999999998603,-8.35999999998603,-8.35999999998603,-8.35999999998603,-8.35999999998603,-8.35999999998603,-8.35999999998603,-8.35999999998603,-8.35999999998603,0.0,-8.35999999998603
2019-02-08 00:00:00+00:00,-5.046805504942313,0.0,0.0,-5.046805504942313,0.0,262.9899999999907,262.9899999999907,262.9899999999907,262.9899999999907,262.9899999999907,262.9899999999907,262.9899999999907,262.9899999999907,262.9899999999907,0.0,262.9899999999907
2019-02-09 00:00:00+00:00,0.0,0.0,0.0,0.0,0.0,1.7399999999906868,1.7399999999906868,1.7399999999906868,1.7399999999906868,1.7399999999906868,1.7399999999906868,1.7399999999906868,1.7399999999906868,1.7399999999906868,0.0,1.7399999999906868
2019-02-10 00:00:00+00:00,19.672593134921044,19.672593134921044,0.0,19.672593134921044,0.0,-5.433783135027625,-5.433783135027625,-5.433783135027625,-5.433783135027625,-5.433783135027625,-5.433783135027625,25.10999999998603,25.10999999998603,25.10999999998603,0.0,25.10999999998603
2019-02-11 00:00:00+00:00,-58.47999999998137,-58.47999999998137,0.0,-58.47999999998137,0.0,0.0,0.0,0.0,0.0,0.0,0.0,-58.47999999998137,-58.47999999998137,-58.47999999998137,0.0,-58.47999999998137
2019-02-12 00:00:00+00:00,-2.299999999930151,-2.299999999930151,-7.687335179885849,-2.299999999930151,0.0,0.0,0.0,0.0,0.0,0.0,0.0,-5.383744820021093,-5.383744820021093,-5.383744820021093,0.0,-2.299999999930151
2019-02-13 00:00:00+00:00,-11.380000000004657,-11.380000000004657,-5.3802959700115025,-11.380000000004657,0.0,0.0,0.0,0.0,0.0,0.0,0.0,0.0,0.0,0.0,0.0,-11.380000000004657
2019-02-14 00:00:00+00:00,-15.180000000051223,-15.180000000051223,-20.55682334501762,-15.180000000051223,0.0,0.0,0.0,0.0,0.0,0.0,0.0,0.0,0.0,0.0,0.0,-15.180000000051223
2019-02-15 00:00:00+00:00,5.089999999967404,5.089999999967404,-5.350454255007207,5.089999999967404,0.0,0.0,0.0,0.0,0.0,0.0,0.0,0.0,0.0,0.0,0.0,5.089999999967404
2019-02-16 00:00:00+00:00,15.78000000002794,15.78000000002794,0.0,15.78000000002794,0.0,0.0,0.0,0.0,0.0,0.0,0.0,0.0,0.0,0.0,0.0,15.78000000002794
2019-02-17 00:00:00+00:00,-5.371763814939186,42.70999999996275,0.0,42.70999999996275,0.0,0.0,0.0,0.0,0.0,0.0,0.0,0.0,0.0,0.0,0.0,42.70999999996275
2019-02-18 00:00:00+00:00,0.0,241.9200000000419,0.0,-5.4358074599877,0.0,0.0,0.0,0.0,0.0,0.0,0.0,0.0,0.0,0.0,0.0,241.9200000000419
2019-02-19 00:00:00+00:00,0.0,21.010000000009313,15.207566500059329,0.0,0.0,0.0,0.0,0.0,0.0,0.0,0.0,0.0,0.0,0.0,0.0,21.010000000009313
2019-02-20 00:00:00+00:00,44.785500815021805,50.97999999998137,50.97999999998137,0.0,0.0,0.0,0.0,0.0,0.0,0.0,0.0,0.0,0.0,0.0,0.0,50.97999999998137
2019-02-21 00:00:00+00:00,-41.28000000002794,-41.28000000002794,-41.28000000002794,-47.20046950003598,0.0,0.0,0.0,0.0,0.0,0.0,0.0,0.0,0.0,0.0,0.0,-41.28000000002794
2019-02-22 00:00:00+00:00,44.31000000005588,44.31000000005588,44.31000000005588,-5.844616145011969,0.0,0.0,0.0,0.0,0.0,0.0,0.0,0.0,0.0,0.0,0.0,44.31000000005588
2019-02-23 00:00:00+00:00,167.97999999998137,167.97999999998137,167.97999999998137,0.0,0.0,0.0,0.0,0.0,0.0,0.0,0.0,0.0,0.0,0.0,0.0,167.97999999998137
2019-02-24 00:00:00+00:00,-375.78000000002794,-375.78000000002794,-375.78000000002794,0.0,0.0,0.0,0.0,0.0,0.0,0.0,0.0,0.0,0.0,0.0,0.0,-375.78000000002794
2019-02-25 00:00:00+00:00,84.57000000006519,84.57000000006519,84.57000000006519,78.95678788505029,0.0,0.0,0.0,0.0,0.0,0.0,0.0,0.0,0.0,0.0,0.0,84.57000000006519
2019-02-26 00:00:00+00:00,-19.31000000005588,-19.31000000005588,-19.31000000005588,-5.736260610050522,0.0,0.0,0.0,0.0,0.0,0.0,0.0,0.0,0.0,0.0,0.0,-19.31000000005588
2019-02-27 00:00:00+00:00,-5.687335254973732,0.43000000005122274,0.43000000005122274,-5.281134744989686,0.0,0.0,0.0,0.0,0.0,0.0,0.0,0.0,0.0,0.0,0.0,0.43000000005122274
2019-02-28 00:00:00+00:00,0.0,-7.7700000000186265,-7.7700000000186265,-5.258624825044535,0.0,0.0,0.0,0.0,0.0,0.0,0.0,0.0,0.0,0.0,0.0,-7.7700000000186265
2019-03-01 00:00:00+00:00,0.0,14.03000000002794,14.03000000002794,8.339893930009566,0.0,0.0,0.0,0.0,0.0,0.0,0.0,0.0,0.0,0.0,0.0,14.03000000002794
2019-03-02 00:00:00+00:00,0.0,3.5299999999115244,3.5299999999115244,-5.70735191507265,0.0,0.0,0.0,0.0,0.0,0.0,0.0,0.0,0.0,0.0,0.0,3.5299999999115244
2019-03-03 00:00:00+00:00,0.0,-22.76999999990221,-22.76999999990221,-28.486454849946313,0.0,0.0,0.0,0.0,0.0,0.0,0.0,0.0,0.0,0.0,0.0,-22.76999999990221
2019-03-04 00:00:00+00:00,0.0,-86.21000000007916,-86.21000000007916,-5.678501535090618,0.0,0.0,0.0,0.0,0.0,0.0,0.0,0.0,0.0,0.0,0.0,-86.21000000007916
2019-03-05 00:00:00+00:00,139.01811999001075,143.86999999999534,143.86999999999534,0.0,0.0,139.01811999001075,0.0,0.0,0.0,0.0,0.0,0.0,0.0,0.0,0.0,143.86999999999534
2019-03-06 00:00:00+00:00,-5.764962704968639,-5.764962704968639,7.300000000046566,0.0,0.0,7.300000000046566,1.5311927050352097,1.5311927050352097,0.0,0.0,0.0,0.0,0.0,0.0,0.0,7.300000000046566
2019-03-07 00:00:00+00:00,-0.6197609449736774,0.0,5.160000000032596,-0.6197609449736774,0.0,5.160000000032596,5.160000000032596,5.160000000032596,0.0,0.0,0.0,0.0,0.0,0.0,0.0,5.160000000032596
2019-03-08 00:00:00+00:00,-13.930000000051223,0.0,-13.930000000051223,-13.930000000051223,0.0,-5.793631480075419,-5.793631480075419,-5.793631480075419,0.0,0.0,0.0,0.0,0.0,0.0,0.0,-13.930000000051223
2019-03-09 00:00:00+00:00,73.88000000000466,0.0,73.88000000000466,-6.262008690042421,0.0,0.0,0.0,0.0,0.0,0.0,0.0,0.0,0.0,0.0,0.0,73.88000000000466
2019-03-10 00:00:00+00:00,-16.07999999995809,0.0,-16.07999999995809,0.0,0.0,0.0,0.0,0.0,0.0,0.0,0.0,0.0,0.0,0.0,0.0,-16.07999999995809
2019-03-11 00:00:00+00:00,-51.23999999999069,0.0,-51.23999999999069,0.0,0.0,0.0,0.0,0.0,0.0,0.0,0.0,0.0,0.0,0.0,0.0,-51.23999999999069
2019-03-12 00:00:00+00:00,10.319999999948777,4.553570164949633,10.319999999948777,0.0,0.0,0.0,0.0,0.0,0.0,0.0,0.0,0.0,0.0,0.0,0.0,10.319999999948777
2019-03-13 00:00:00+00:00,-8.979999999981374,-8.979999999981374,-8.979999999981374,-14.771929999929853,0.0,0.0,0.0,0.0,0.0,0.0,0.0,0.0,0.0,0.0,0.0,-8.979999999981374
2019-03-14 00:00:00+00:00,2.9299999999348074,2.9299999999348074,2.9299999999348074,2.9299999999348074,0.0,0.0,0.0,0.0,0.0,0.0,0.0,0.0,0.0,0.0,0.0,2.9299999999348074
2019-03-15 00:00:00+00:00,-5.778998024994507,48.85000000009313,48.85000000009313,48.85000000009313,0.0,0.0,0.0,0.0,0.0,0.0,0.0,0.0,0.0,0.0,0.0,48.85000000009313
2019-03-16 00:00:00+00:00,0.0,87.19999999995343,87.19999999995343,87.19999999995343,0.0,0.0,0.0,0.0,0.0,0.0,0.0,0.0,0.0,0.0,0.0,87.19999999995343
2019-03-17 00:00:00+00:00,-28.97699500003364,-22.989999999990687,-22.989999999990687,-22.989999999990687,0.0,0.0,0.0,0.0,0.0,0.0,0.0,0.0,0.0,0.0,0.0,-22.989999999990687
2019-03-18 00:00:00+00:00,3.4899999999906868,3.4899999999906868,3.4899999999906868,3.4899999999906868,0.0,0.0,0.0,0.0,0.0,0.0,0.0,0.0,0.0,0.0,0.0,3.4899999999906868
2019-03-19 00:00:00+00:00,30.349999999976717,30.349999999976717,30.349999999976717,30.349999999976717,0.0,0.0,0.0,0.0,0.0,0.0,0.0,0.0,0.0,0.0,0.0,30.349999999976717
2019-03-20 00:00:00+00:00,31.0,31.0,31.0,31.0,0.0,0.0,0.0,0.0,0.0,0.0,0.0,0.0,0.0,0.0,0.0,31.0
2019-03-21 00:00:00+00:00,-59.089999999967404,-59.089999999967404,-59.089999999967404,-59.089999999967404,0.0,0.0,0.0,0.0,0.0,0.0,0.0,0.0,0.0,0.0,0.0,-59.089999999967404
2019-03-22 00:00:00+00:00,11.020000000018626,11.020000000018626,11.020000000018626,11.020000000018626,0.0,0.0,0.0,0.0,0.0,0.0,0.0,0.0,0.0,0.0,0.0,11.020000000018626
2019-03-23 00:00:00+00:00,-0.34999999997671694,-0.34999999997671694,-0.34999999997671694,-0.34999999997671694,0.0,0.0,0.0,0.0,0.0,0.0,0.0,0.0,0.0,0.0,0.0,-0.34999999997671694
2019-03-24 00:00:00+00:00,-13.910000000032596,-13.910000000032596,-13.910000000032596,-13.910000000032596,0.0,0.0,0.0,0.0,0.0,0.0,0.0,0.0,0.0,0.0,0.0,-13.910000000032596
2019-03-25 00:00:00+00:00,-5.9522952400147915,-61.98999999999069,-61.98999999999069,-61.98999999999069,0.0,0.0,0.0,0.0,0.0,0.0,0.0,0.0,0.0,0.0,0.0,-61.98999999999069
2019-03-26 00:00:00+00:00,8.046736229909584,13.919999999925494,13.919999999925494,13.919999999925494,8.046736229909584,0.0,0.0,0.0,0.0,0.0,0.0,0.0,0.0,0.0,0.0,13.919999999925494
2019-03-27 00:00:00+00:00,-4.92165379493963,105.0800000000745,-4.92165379493963,105.0800000000745,-4.92165379493963,98.23442379501648,0.0,0.0,0.0,0.0,0.0,0.0,0.0,0.0,0.0,105.0800000000745
2019-03-28 00:00:00+00:00,0.0,-15.35999999998603,-21.41182326991111,-15.35999999998603,-21.41182326991111,-15.35999999998603,0.0,0.0,0.0,0.0,0.0,0.0,0.0,0.0,0.0,-15.35999999998603
2019-03-29 00:00:00+00:00,0.0,79.8399999999674,79.8399999999674,79.8399999999674,79.8399999999674,-5.20596401009243,0.0,0.0,0.0,0.0,0.0,0.0,0.0,0.0,0.0,79.8399999999674
2019-03-30 00:00:00+00:00,-3.008560504997149,3.1300000000046566,3.1300000000046566,3.1300000000046566,-6.134469495038502,0.0,0.0,0.0,0.0,0.0,0.0,0.0,0.0,0.0,0.0,3.1300000000046566
2019-03-31 00:00:00+00:00,0.8499999999767169,0.8499999999767169,0.8499999999767169,0.8499999999767169,0.0,0.0,0.0,0.0,0.0,0.0,0.0,0.0,0.0,0.0,0.0,0.8499999999767169
2019-04-01 00:00:00+00:00,42.01000000000931,42.01000000000931,42.01000000000931,42.01000000000931,35.85545250005089,0.0,0.0,0.0,0.0,0.0,0.0,0.0,0.0,0.0,0.0,42.01000000000931
2019-04-02 00:00:00+00:00,764.9300000000512,764.9300000000512,764.9300000000512,764.9300000000512,-6.193446494988166,0.0,0.0,0.0,0.0,0.0,0.0,0.0,0.0,0.0,0.0,764.9300000000512
2019-04-03 00:00:00+00:00,74.03999999992084,74.03999999992084,74.03999999992084,74.03999999992084,66.69466903991997,0.0,0.0,0.0,0.0,0.0,0.0,0.0,0.0,0.0,0.0,74.03999999992084
2019-04-04 00:00:00+00:00,-69.47999999998137,-69.47999999998137,-69.47999999998137,-69.47999999998137,-69.47999999998137,0.0,0.0,0.0,0.0,0.0,0.0,0.0,0.0,0.0,0.0,-69.47999999998137
2019-04-05 00:00:00+00:00,134.1700000000419,134.1700000000419,134.1700000000419,134.1700000000419,134.1700000000419,0.0,0.0,0.0,0.0,0.0,0.0,0.0,0.0,0.0,0.0,134.1700000000419
2019-04-06 00:00:00+00:00,8.559999999939464,8.559999999939464,8.559999999939464,8.559999999939464,8.559999999939464,0.0,0.0,0.0,0.0,0.0,0.0,0.0,0.0,0.0,0.0,8.559999999939464
2019-04-07 00:00:00+00:00,145.5700000000652,145.5700000000652,145.5700000000652,145.5700000000652,145.5700000000652,0.0,0.0,0.0,0.0,0.0,0.0,0.0,0.0,0.0,0.0,145.5700000000652
2019-04-08 00:00:00+00:00,90.75,90.75,90.75,90.75,90.75,0.0,0.0,0.0,0.0,0.0,0.0,0.0,0.0,0.0,0.0,90.75
2019-04-09 00:00:00+00:00,-98.3300000000745,-98.3300000000745,-98.3300000000745,-98.3300000000745,-98.3300000000745,0.0,0.0,0.0,0.0,0.0,0.0,0.0,0.0,0.0,0.0,-98.3300000000745
2019-04-10 00:00:00+00:00,131.36999999999534,131.36999999999534,131.36999999999534,131.36999999999534,131.36999999999534,0.0,0.0,0.0,0.0,0.0,0.0,0.0,0.0,0.0,0.0,131.36999999999534
2019-04-11 00:00:00+00:00,-277.2799999999115,-277.2799999999115,-277.2799999999115,-277.2799999999115,-277.2799999999115,0.0,0.0,0.0,0.0,0.0,0.0,0.0,0.0,0.0,0.0,-277.2799999999115
2019-04-12 00:00:00+00:00,36.889999999897555,36.889999999897555,36.889999999897555,36.889999999897555,36.889999999897555,0.0,0.0,0.0,0.0,0.0,0.0,0.0,0.0,0.0,0.0,36.889999999897555
2019-04-13 00:00:00+00:00,-11.96999999997206,-11.96999999997206,-11.96999999997206,-11.96999999997206,-11.96999999997206,0.0,0.0,0.0,0.0,0.0,0.0,0.0,0.0,0.0,0.0,-11.96999999997206
2019-04-14 00:00:00+00:00,98.05000000004657,98.05000000004657,98.05000000004657,98.05000000004657,98.05000000004657,0.0,0.0,0.0,0.0,0.0,0.0,0.0,0.0,0.0,0.0,98.05000000004657
2019-04-15 00:00:00+00:00,-134.28000000002794,-134.28000000002794,-134.28000000002794,-134.28000000002794,-134.28000000002794,0.0,0.0,0.0,0.0,0.0,0.0,0.0,0.0,0.0,0.0,-134.28000000002794
2019-04-16 00:00:00+00:00,-7.542470004991628,172.9100000000326,172.9100000000326,172.9100000000326,172.9100000000326,0.0,0.0,0.0,0.0,0.0,0.0,0.0,0.0,0.0,0.0,172.9100000000326
2019-04-17 00:00:00+00:00,0.0,24.099999999976717,24.099999999976717,24.099999999976717,24.099999999976717,0.0,0.0,0.0,0.0,0.0,0.0,0.0,0.0,0.0,0.0,24.099999999976717
2019-04-18 00:00:00+00:00,46.96688650001306,54.81000000005588,54.81000000005588,54.81000000005588,54.81000000005588,0.0,0.0,0.0,0.0,0.0,0.0,0.0,0.0,0.0,0.0,54.81000000005588
2019-04-19 00:00:00+00:00,-9.228109750081785,8.54999999993015,8.54999999993015,8.54999999993015,8.54999999993015,0.0,0.0,0.0,0.0,0.0,0.0,0.0,0.0,0.0,0.0,8.54999999993015
2019-04-20 00:00:00+00:00,21.58179981505964,29.53000000002794,29.53000000002794,29.53000000002794,29.53000000002794,0.0,0.0,0.0,0.0,0.0,0.0,0.0,0.0,0.0,0.0,29.53000000002794
2019-04-21 00:00:00+00:00,-22.25,-22.25,-22.25,-22.25,-22.25,0.0,0.0,0.0,0.0,0.0,0.0,0.0,0.0,0.0,0.0,-22.25
2019-04-22 00:00:00+00:00,89.95999999996275,89.95999999996275,89.95999999996275,89.95999999996275,89.95999999996275,0.0,0.0,0.0,0.0,0.0,0.0,0.0,0.0,0.0,0.0,89.95999999996275
2019-04-23 00:00:00+00:00,145.15000000002328,145.15000000002328,145.15000000002328,145.15000000002328,145.15000000002328,0.0,0.0,0.0,0.0,0.0,0.0,0.0,0.0,0.0,0.0,145.15000000002328
2019-04-24 00:00:00+00:00,-90.84999999997672,-90.84999999997672,-90.84999999997672,-90.84999999997672,-90.84999999997672,0.0,0.0,0.0,0.0,0.0,0.0,0.0,0.0,0.0,0.0,-90.84999999997672
2019-04-25 00:00:00+00:00,-307.0899999999674,-307.0899999999674,-307.0899999999674,-307.0899999999674,-307.0899999999674,0.0,0.0,0.0,0.0,0.0,0.0,0.0,0.0,0.0,0.0,-307.0899999999674
2019-04-26 00:00:00+00:00,24.699999999953434,24.699999999953434,24.699999999953434,24.699999999953434,24.699999999953434,0.0,0.0,0.0,0.0,0.0,0.0,0.0,0.0,0.0,0.0,24.699999999953434
2019-04-27 00:00:00+00:00,-7.746670249965973,11.089999999967404,11.089999999967404,11.089999999967404,11.089999999967404,3.358170249965042,0.0,0.0,0.0,0.0,0.0,0.0,0.0,0.0,0.0,11.089999999967404
2019-04-28 00:00:00+00:00,0.0,-15.599999999976717,-15.599999999976717,-15.599999999976717,-15.599999999976717,-15.599999999976717,0.0,0.0,0.0,0.0,0.0,0.0,0.0,0.0,0.0,-15.599999999976717
2019-04-29 00:00:00+00:00,0.0,-6.75,-6.75,-6.75,-6.75,-6.75,0.0,0.0,0.0,0.0,0.0,0.0,0.0,0.0,0.0,-6.75
2019-04-30 00:00:00+00:00,0.0,-7.719800875056535,122.43999999994412,122.43999999994412,122.43999999994412,122.43999999994412,0.0,0.0,0.0,0.0,0.0,0.0,0.0,0.0,0.0,122.43999999994412
2019-05-01 00:00:00+00:00,0.0,42.56134466000367,50.46000000007916,50.46000000007916,50.46000000007916,50.46000000007916,0.0,0.0,0.0,0.0,0.0,0.0,0.0,0.0,0.0,50.46000000007916
2019-05-02 00:00:00+00:00,0.0,68.85999999998603,68.85999999998603,68.85999999998603,68.85999999998603,-7.979064424987882,0.0,0.0,0.0,0.0,0.0,0.0,0.0,0.0,0.0,68.85999999998603
2019-05-03 00:00:00+00:00,0.0,267.39000000001397,267.39000000001397,267.39000000001397,267.39000000001397,0.0,0.0,0.0,0.0,0.0,0.0,0.0,0.0,0.0,0.0,267.39000000001397
2019-05-04 00:00:00+00:00,104.1110562949907,112.60999999998603,112.60999999998603,112.60999999998603,112.60999999998603,0.0,0.0,0.0,0.0,0.0,0.0,0.0,0.0,0.0,0.0,112.60999999998603
2019-05-05 00:00:00+00:00,-54.15000000002328,-54.15000000002328,-54.15000000002328,-54.15000000002328,-54.15000000002328,0.0,0.0,0.0,0.0,0.0,0.0,0.0,0.0,0.0,0.0,-54.15000000002328
2019-05-06 00:00:00+00:00,-27.959999999962747,-27.959999999962747,-27.959999999962747,-27.959999999962747,-27.959999999962747,0.0,0.0,0.0,0.0,0.0,0.0,0.0,0.0,0.0,0.0,-27.959999999962747
2019-05-07 00:00:00+00:00,60.54999999993015,60.54999999993015,60.54999999993015,60.54999999993015,60.54999999993015,0.0,0.0,0.0,0.0,0.0,0.0,0.0,0.0,0.0,0.0,60.54999999993015
2019-05-08 00:00:00+00:00,199.96000000007916,199.96000000007916,199.96000000007916,199.96000000007916,199.96000000007916,0.0,0.0,0.0,0.0,0.0,0.0,0.0,0.0,0.0,0.0,199.96000000007916
2019-05-09 00:00:00+00:00,204.6799999999348,204.6799999999348,204.6799999999348,204.6799999999348,204.6799999999348,0.0,0.0,0.0,0.0,0.0,0.0,0.0,0.0,0.0,0.0,204.6799999999348
2019-05-10 00:00:00+00:00,190.05000000004657,190.05000000004657,190.05000000004657,190.05000000004657,190.05000000004657,0.0,0.0,0.0,0.0,0.0,0.0,0.0,0.0,0.0,0.0,190.05000000004657
2019-05-11 00:00:00+00:00,876.8099999999395,876.8099999999395,876.8099999999395,876.8099999999395,876.8099999999395,0.0,0.0,0.0,0.0,0.0,0.0,0.0,0.0,0.0,0.0,876.8099999999395
2019-05-12 00:00:00+00:00,-240.18999999994412,-240.18999999994412,-240.18999999994412,-240.18999999994412,-240.18999999994412,0.0,0.0,0.0,0.0,0.0,0.0,0.0,0.0,0.0,0.0,-240.18999999994412
2019-05-13 00:00:00+00:00,845.1700000000419,845.1700000000419,845.1700000000419,845.1700000000419,845.1700000000419,0.0,0.0,0.0,0.0,0.0,0.0,0.0,0.0,0.0,0.0,845.1700000000419
2019-05-14 00:00:00+00:00,165.9899999999907,165.9899999999907,165.9899999999907,165.9899999999907,165.9899999999907,0.0,0.0,0.0,0.0,0.0,0.0,0.0,0.0,0.0,0.0,165.9899999999907
2019-05-15 00:00:00+00:00,212.39999999990687,212.39999999990687,212.39999999990687,212.39999999990687,212.39999999990687,0.0,0.0,0.0,0.0,0.0,0.0,0.0,0.0,0.0,0.0,212.39999999990687
2019-05-16 00:00:00+00:00,-324.35999999998603,-324.35999999998603,-324.35999999998603,-324.35999999998603,-324.35999999998603,0.0,0.0,0.0,0.0,0.0,0.0,0.0,0.0,0.0,0.0,-324.35999999998603
2019-05-17 00:00:00+00:00,-515.2700000000186,-515.2700000000186,-515.2700000000186,-515.2700000000186,-515.2700000000186,0.0,0.0,0.0,0.0,0.0,0.0,0.0,0.0,0.0,0.0,-515.2700000000186
2019-05-18 00:00:00+00:00,-101.28999999992084,-101.28999999992084,-101.28999999992084,-101.28999999992084,-101.28999999992084,0.0,0.0,0.0,0.0,0.0,0.0,0.0,0.0,0.0,0.0,-101.28999999992084
2019-05-19 00:00:00+00:00,937.5999999999767,937.5999999999767,937.5999999999767,937.5999999999767,937.5999999999767,0.0,0.0,0.0,0.0,0.0,0.0,0.0,0.0,0.0,0.0,937.5999999999767
2019-05-20 00:00:00+00:00,-200.45999999996275,-200.45999999996275,-200.45999999996275,-200.45999999996275,-200.45999999996275,0.0,0.0,0.0,0.0,0.0,0.0,0.0,0.0,0.0,0.0,-200.45999999996275
2019-05-21 00:00:00+00:00,-47.84000000008382,-47.84000000008382,-47.84000000008382,-47.84000000008382,-47.84000000008382,0.0,0.0,0.0,0.0,0.0,0.0,0.0,0.0,0.0,0.0,-47.84000000008382
2019-05-22 00:00:00+00:00,-325.21999999997206,-325.21999999997206,-325.21999999997206,-325.21999999997206,-325.21999999997206,0.0,0.0,0.0,0.0,0.0,0.0,0.0,0.0,0.0,0.0,-325.21999999997206
2019-05-23 00:00:00+00:00,-15.65956387494225,255.5,255.5,255.5,255.5,0.0,0.0,0.0,0.0,0.0,0.0,0.0,0.0,0.0,0.0,255.5
2019-05-24 00:00:00+00:00,0.0,119.71999999997206,119.71999999997206,119.71999999997206,119.71999999997206,0.0,0.0,0.0,0.0,0.0,0.0,0.0,0.0,0.0,0.0,119.71999999997206
2019-05-25 00:00:00+00:00,50.113464155001566,62.110000000102445,62.110000000102445,62.110000000102445,62.110000000102445,0.0,0.0,0.0,0.0,0.0,0.0,0.0,0.0,0.0,0.0,62.110000000102445
2019-05-26 00:00:00+00:00,667.9099999999162,667.9099999999162,667.9099999999162,667.9099999999162,667.9099999999162,0.0,0.0,0.0,0.0,0.0,0.0,0.0,0.0,0.0,0.0,667.9099999999162
2019-05-27 00:00:00+00:00,40.57000000006519,40.57000000006519,40.57000000006519,40.57000000006519,40.57000000006519,0.0,0.0,0.0,0.0,0.0,0.0,0.0,0.0,0.0,0.0,40.57000000006519
2019-05-28 00:00:00+00:00,-56.93000000005122,-56.93000000005122,-56.93000000005122,-56.93000000005122,-56.93000000005122,0.0,0.0,0.0,0.0,0.0,0.0,0.0,0.0,0.0,0.0,-56.93000000005122
2019-05-29 00:00:00+00:00,-52.92000000004191,-52.92000000004191,-52.92000000004191,-52.92000000004191,-52.92000000004191,0.0,0.0,0.0,0.0,0.0,0.0,0.0,0.0,0.0,0.0,-52.92000000004191
2019-05-30 00:00:00+00:00,-382.75,-382.75,-382.75,-382.75,-382.75,0.0,0.0,0.0,0.0,0.0,0.0,0.0,0.0,0.0,0.0,-382.75
2019-05-31 00:00:00+00:00,274.37000000011176,274.37000000011176,274.37000000011176,274.37000000011176,274.37000000011176,0.0,0.0,0.0,0.0,0.0,0.0,0.0,0.0,0.0,0.0,274.37000000011176
2019-06-01 00:00:00+00:00,4.8899999998975545,4.8899999998975545,4.8899999998975545,4.8899999998975545,4.8899999998975545,0.0,0.0,0.0,0.0,0.0,0.0,0.0,0.0,0.0,0.0,4.8899999998975545
2019-06-02 00:00:00+00:00,177.60000000009313,177.60000000009313,177.60000000009313,177.60000000009313,177.60000000009313,0.0,0.0,0.0,0.0,0.0,0.0,0.0,0.0,0.0,0.0,177.60000000009313
2019-06-03 00:00:00+00:00,-628.5900000000838,-628.5900000000838,-628.5900000000838,-628.5900000000838,-628.5900000000838,0.0,0.0,0.0,0.0,0.0,0.0,0.0,0.0,0.0,0.0,-628.5900000000838
2019-06-04 00:00:00+00:00,-437.0,-437.0,-437.0,-437.0,-437.0,0.0,0.0,0.0,0.0,0.0,0.0,0.0,0.0,0.0,0.0,-437.0
2019-06-05 00:00:00+00:00,-11.392769464990124,118.52000000001863,118.52000000001863,118.52000000001863,118.52000000001863,106.89955946500413,0.0,0.0,0.0,0.0,0.0,0.0,0.0,0.0,0.0,118.52000000001863
2019-06-06 00:00:00+00:00,0.0,-13.797146319993772,15.520000000018626,15.520000000018626,15.520000000018626,15.520000000018626,5.9550663200207055,5.9550663200207055,0.0,0.0,0.0,0.0,0.0,0.0,0.0,15.520000000018626
2019-06-07 00:00:00+00:00,0.0,181.41859749995638,193.13000000000466,193.13000000000466,193.13000000000466,193.13000000000466,193.13000000000466,193.13000000000466,0.0,0.0,0.0,0.0,0.0,0.0,0.0,193.13000000000466
2019-06-08 00:00:00+00:00,0.0,-11.993195935036056,-67.98999999999069,-67.98999999999069,-67.98999999999069,-67.98999999999069,-67.98999999999069,-67.98999999999069,0.0,0.0,0.0,0.0,0.0,0.0,0.0,-67.98999999999069
2019-06-09 00:00:00+00:00,0.0,0.0,-295.5600000000559,-295.5600000000559,-295.5600000000559,-295.5600000000559,-295.5600000000559,-295.5600000000559,0.0,0.0,0.0,0.0,0.0,0.0,0.0,-295.5600000000559
2019-06-10 00:00:00+00:00,0.0,0.0,381.10999999998603,381.10999999998603,381.10999999998603,381.10999999998603,381.10999999998603,381.10999999998603,0.0,0.0,0.0,0.0,0.0,0.0,0.0,381.10999999998603
2019-06-11 00:00:00+00:00,0.0,0.0,-97.51999999990221,-97.51999999990221,-97.51999999990221,-97.51999999990221,-97.51999999990221,-97.51999999990221,-109.55755784991197,0.0,0.0,0.0,0.0,0.0,0.0,-97.51999999990221
2019-06-12 00:00:00+00:00,0.0,0.0,257.8499999999767,257.8499999999767,257.8499999999767,257.8499999999767,257.8499999999767,257.8499999999767,-16.396503180032596,0.0,0.0,0.0,0.0,0.0,0.0,257.8499999999767
2019-06-13 00:00:00+00:00,50.7418669849867,0.0,63.02000000001863,63.02000000001863,63.02000000001863,63.02000000001863,63.02000000001863,63.02000000001863,0.0,0.0,0.0,0.0,0.0,0.0,0.0,63.02000000001863
2019-06-14 00:00:00+00:00,458.4199999999255,0.0,458.4199999999255,458.4199999999255,458.4199999999255,-12.354440480004996,-12.354440480004996,-12.354440480004996,0.0,0.0,0.0,0.0,0.0,0.0,0.0,458.4199999999255
2019-06-15 00:00:00+00:00,162.77000000001863,0.0,162.77000000001863,162.77000000001863,162.77000000001863,0.0,0.0,0.0,0.0,0.0,0.0,0.0,0.0,0.0,0.0,162.77000000001863
2019-06-16 00:00:00+00:00,114.77000000001863,105.58137693500612,114.77000000001863,114.77000000001863,114.77000000001863,0.0,0.0,0.0,0.0,0.0,0.0,0.0,0.0,0.0,0.0,114.77000000001863
2019-06-17 00:00:00+00:00,358.14000000001397,358.14000000001397,358.14000000001397,358.14000000001397,358.14000000001397,0.0,0.0,0.0,0.0,0.0,0.0,0.0,0.0,0.0,0.0,358.14000000001397
2019-06-18 00:00:00+00:00,-254.6600000000326,-254.6600000000326,-254.6600000000326,-254.6600000000326,-254.6600000000326,0.0,0.0,0.0,0.0,0.0,0.0,0.0,0.0,0.0,0.0,-254.6600000000326
2019-06-19 00:00:00+00:00,199.06000000005588,199.06000000005588,199.06000000005588,199.06000000005588,199.06000000005588,0.0,0.0,0.0,0.0,0.0,0.0,0.0,0.0,0.0,0.0,199.06000000005588
2019-06-20 00:00:00+00:00,253.6699999999255,253.6699999999255,253.6699999999255,253.6699999999255,253.6699999999255,0.0,0.0,0.0,0.0,0.0,0.0,0.0,0.0,0.0,0.0,253.6699999999255
2019-06-21 00:00:00+00:00,704.9899999999907,704.9899999999907,704.9899999999907,704.9899999999907,704.9899999999907,0.0,0.0,0.0,0.0,0.0,0.0,0.0,0.0,0.0,0.0,704.9899999999907
2019-06-22 00:00:00+00:00,430.6600000000326,430.6600000000326,430.6600000000326,430.6600000000326,430.6600000000326,0.0,0.0,0.0,0.0,0.0,0.0,0.0,0.0,0.0,0.0,430.6600000000326
2019-06-23 00:00:00+00:00,166.1600000000326,166.1600000000326,166.1600000000326,166.1600000000326,166.1600000000326,0.0,0.0,0.0,0.0,0.0,0.0,0.0,0.0,0.0,0.0,166.1600000000326
2019-06-24 00:00:00+00:00,199.29999999993015,199.29999999993015,199.29999999993015,199.29999999993015,199.29999999993015,0.0,0.0,0.0,0.0,0.0,0.0,0.0,0.0,0.0,0.0,199.29999999993015
2019-06-25 00:00:00+00:00,723.2100000000792,723.2100000000792,723.2100000000792,723.2100000000792,723.2100000000792,0.0,0.0,0.0,0.0,0.0,0.0,0.0,0.0,0.0,0.0,723.2100000000792
2019-06-26 00:00:00+00:00,1171.9099999999162,1171.9099999999162,1171.9099999999162,1171.9099999999162,1171.9099999999162,0.0,0.0,0.0,0.0,0.0,0.0,0.0,0.0,0.0,0.0,1171.9099999999162
2019-06-27 00:00:00+00:00,-1768.1499999999069,-1768.1499999999069,-1768.1499999999069,-1768.1499999999069,-1768.1499999999069,0.0,0.0,0.0,0.0,0.0,0.0,0.0,0.0,0.0,0.0,-1768.1499999999069
2019-06-28 00:00:00+00:00,1201.1599999999162,1201.1599999999162,1201.1599999999162,1201.1599999999162,1201.1599999999162,0.0,0.0,0.0,0.0,0.0,0.0,0.0,0.0,0.0,0.0,1201.1599999999162
2019-06-29 00:00:00+00:00,-495.1599999999162,-495.1599999999162,-495.1599999999162,-495.1599999999162,-495.1599999999162,0.0,0.0,0.0,0.0,0.0,0.0,0.0,0.0,0.0,0.0,-495.1599999999162
2019-06-30 00:00:00+00:00,-1104.030000000028,-1104.030000000028,-1104.030000000028,-1104.030000000028,-1104.030000000028,0.0,0.0,0.0,0.0,0.0,0.0,0.0,0.0,0.0,0.0,-1104.030000000028
2019-07-01 00:00:00+00:00,-183.63000000000466,-183.63000000000466,-183.63000000000466,-183.63000000000466,-183.63000000000466,0.0,0.0,0.0,0.0,0.0,0.0,0.0,0.0,0.0,0.0,-183.63000000000466
2019-07-02 00:00:00+00:00,-15.26205588504672,251.55000000004657,251.55000000004657,251.55000000004657,251.55000000004657,0.0,0.0,0.0,0.0,0.0,0.0,0.0,0.0,0.0,0.0,251.55000000004657
2019-07-03 00:00:00+00:00,0.0,1147.2399999999907,1147.2399999999907,1147.2399999999907,1147.2399999999907,0.0,0.0,0.0,0.0,0.0,0.0,0.0,0.0,0.0,0.0,1147.2399999999907
2019-07-04 00:00:00+00:00,0.0,-840.4200000000419,-840.4200000000419,-840.4200000000419,-840.4200000000419,0.0,0.0,0.0,0.0,0.0,0.0,0.0,0.0,0.0,0.0,-840.4200000000419
2019-07-05 00:00:00+00:00,0.0,-131.4899999999907,-131.4899999999907,-131.4899999999907,-131.4899999999907,0.0,0.0,0.0,0.0,0.0,0.0,0.0,0.0,0.0,0.0,-131.4899999999907
2019-07-06 00:00:00+00:00,0.0,233.2600000000093,233.2600000000093,233.2600000000093,233.2600000000093,0.0,0.0,0.0,0.0,0.0,0.0,0.0,0.0,0.0,0.0,233.2600000000093
2019-07-07 00:00:00+00:00,0.0,236.65000000002328,236.65000000002328,236.65000000002328,236.65000000002328,0.0,0.0,0.0,0.0,0.0,0.0,0.0,0.0,0.0,0.0,236.65000000002328
2019-07-08 00:00:00+00:00,0.0,819.109999999986,819.109999999986,819.109999999986,819.109999999986,0.0,0.0,0.0,0.0,0.0,0.0,0.0,0.0,0.0,0.0,819.109999999986
2019-07-09 00:00:00+00:00,259.2737683049636,277.5799999999581,277.5799999999581,277.5799999999581,277.5799999999581,0.0,0.0,0.0,0.0,0.0,0.0,0.0,0.0,0.0,0.0,277.5799999999581
2019-07-10 00:00:00+00:00,-473.1500000000233,-473.1500000000233,-473.1500000000233,-473.1500000000233,-473.1500000000233,0.0,0.0,0.0,0.0,0.0,0.0,0.0,0.0,0.0,0.0,-473.1500000000233
2019-07-11 00:00:00+00:00,-748.9599999999627,-748.9599999999627,-748.9599999999627,-748.9599999999627,-748.9599999999627,0.0,0.0,0.0,0.0,0.0,0.0,0.0,0.0,0.0,0.0,-748.9599999999627
2019-07-12 00:00:00+00:00,453.0,-17.457165720057674,453.0,453.0,453.0,0.0,0.0,0.0,0.0,0.0,0.0,0.0,0.0,0.0,0.0,453.0
2019-07-13 00:00:00+00:00,-431.9200000000419,-445.15219376503956,-431.9200000000419,-431.9200000000419,-431.9200000000419,0.0,0.0,0.0,0.0,0.0,0.0,0.0,0.0,0.0,0.0,-431.9200000000419
2019-07-14 00:00:00+00:00,-1185.0499999999302,-17.069404969923198,-1185.0499999999302,-1185.0499999999302,-1185.0499999999302,0.0,0.0,0.0,0.0,0.0,0.0,0.0,0.0,0.0,0.0,-1185.0499999999302
2019-07-15 00:00:00+00:00,669.4399999999441,0.0,669.4399999999441,669.4399999999441,669.4399999999441,0.0,0.0,0.0,0.0,0.0,0.0,0.0,0.0,0.0,0.0,669.4399999999441
2019-07-16 00:00:00+00:00,-14.339186794939451,0.0,-1431.75,-1431.75,-1431.75,-1449.9800432050833,-1449.9800432050833,-1449.9800432050833,-1449.9800432050833,0.0,0.0,0.0,0.0,0.0,0.0,-1431.75
2019-07-17 00:00:00+00:00,0.0,252.3605851000175,273.5900000000838,273.5900000000838,273.5900000000838,273.5900000000838,273.5900000000838,273.5900000000838,273.5900000000838,0.0,0.0,0.0,0.0,0.0,0.0,273.5900000000838
2019-07-18 00:00:00+00:00,0.0,-14.459736805059947,952.7599999998929,952.7599999998929,952.7599999998929,952.7599999998929,952.7599999998929,952.7599999998929,952.7599999998929,938.1305668049026,938.1305668049026,0.0,0.0,0.0,0.0,952.7599999998929
2019-07-19 00:00:00+00:00,0.0,0.0,-111.0099999998929,-111.0099999998929,-111.0099999998929,-111.0099999998929,-111.0099999998929,-111.0099999998929,-111.0099999998929,-111.0099999998929,-111.0099999998929,0.0,0.0,0.0,0.0,-111.0099999998929
2019-07-20 00:00:00+00:00,0.0,0.0,222.96999999997206,222.96999999997206,222.96999999997206,222.96999999997206,222.96999999997206,222.96999999997206,222.96999999997206,222.96999999997206,222.96999999997206,0.0,0.0,0.0,0.0,222.96999999997206
2019-07-21 00:00:00+00:00,0.0,0.0,-170.3300000000745,-170.3300000000745,-170.3300000000745,-170.3300000000745,-170.3300000000745,-170.3300000000745,-170.3300000000745,-170.3300000000745,-170.3300000000745,0.0,0.0,0.0,0.0,-170.3300000000745
2019-07-22 00:00:00+00:00,0.0,0.0,-267.30999999993946,-267.30999999993946,-267.30999999993946,-267.30999999993946,-267.30999999993946,-267.30999999993946,-267.30999999993946,-267.30999999993946,-267.30999999993946,0.0,0.0,0.0,0.0,-267.30999999993946
2019-07-23 00:00:00+00:00,-499.50135706504807,0.0,-483.2700000000186,-483.2700000000186,-483.2700000000186,-483.2700000000186,-483.2700000000186,-483.2700000000186,-483.2700000000186,-483.2700000000186,-483.2700000000186,0.0,0.0,0.0,0.0,-483.2700000000186
2019-07-24 00:00:00+00:00,-5.9884255500510335,0.0,-5.9884255500510335,-67.52000000001863,-67.52000000001863,-67.52000000001863,-67.52000000001863,-67.52000000001863,-67.52000000001863,-67.52000000001863,-67.52000000001863,0.0,0.0,0.0,0.0,-67.52000000001863
2019-07-25 00:00:00+00:00,96.076228705002,0.0,0.0,110.72999999998137,110.72999999998137,110.72999999998137,110.72999999998137,110.72999999998137,110.72999999998137,110.72999999998137,110.72999999998137,0.0,0.0,0.0,0.0,110.72999999998137
2019-07-26 00:00:00+00:00,-40.32999999995809,0.0,0.0,-40.32999999995809,-40.32999999995809,-40.32999999995809,-40.32999999995809,-40.32999999995809,-40.32999999995809,-40.32999999995809,-40.32999999995809,0.0,0.0,0.0,0.0,-40.32999999995809
2019-07-27 00:00:00+00:00,-14.759578499943018,0.0,0.0,-363.0200000000186,-363.0200000000186,-363.0200000000186,-363.0200000000186,-363.0200000000186,-363.0200000000186,-363.0200000000186,-363.0200000000186,0.0,0.0,0.0,0.0,-363.0200000000186
2019-07-28 00:00:00+00:00,0.0,0.0,0.0,53.02000000001863,53.02000000001863,53.02000000001863,53.02000000001863,53.02000000001863,53.02000000001863,53.02000000001863,53.02000000001863,0.0,0.0,0.0,0.0,53.02000000001863
2019-07-29 00:00:00+00:00,0.0,0.0,0.0,-37.98999999999069,-37.98999999999069,-37.98999999999069,-37.98999999999069,-37.98999999999069,-37.98999999999069,-37.98999999999069,-37.98999999999069,0.0,0.0,0.0,0.0,-37.98999999999069
2019-07-30 00:00:00+00:00,0.0,0.0,0.0,94.0,94.0,94.0,94.0,94.0,94.0,94.0,94.0,0.0,0.0,0.0,0.0,94.0
2019-07-31 00:00:00+00:00,0.0,0.0,0.0,498.29000000003725,498.29000000003725,498.29000000003725,498.29000000003725,498.29000000003725,498.29000000003725,498.29000000003725,498.29000000003725,0.0,0.0,0.0,0.0,498.29000000003725
2019-08-01 00:00:00+00:00,0.0,300.83000001497567,0.0,318.63999999989755,318.63999999989755,318.63999999989755,318.63999999989755,318.63999999989755,318.63999999989755,318.63999999989755,318.63999999989755,0.0,0.0,0.0,0.0,318.63999999989755
2019-08-02 00:00:00+00:00,112.9881827950012,127.07000000006519,0.0,127.07000000006519,127.07000000006519,-17.13141279492993,-17.13141279492993,-17.13141279492993,127.07000000006519,127.07000000006519,127.07000000006519,0.0,0.0,0.0,0.0,127.07000000006519
2019-08-03 00:00:00+00:00,287.75,-15.185163190006278,0.0,287.75,287.75,0.0,0.0,0.0,287.75,287.75,287.75,0.0,0.0,0.0,0.0,287.75
2019-08-04 00:00:00+00:00,156.75,0.0,0.0,156.75,156.75,0.0,0.0,0.0,156.75,156.75,156.75,0.0,0.0,0.0,0.0,156.75
2019-08-05 00:00:00+00:00,841.9799999999814,825.0375410099514,0.0,841.9799999999814,841.9799999999814,0.0,0.0,0.0,-15.991481009987183,-15.991481009987183,-15.991481009987183,0.0,0.0,0.0,0.0,841.9799999999814
2019-08-06 00:00:00+00:00,-354.0,-354.0,0.0,-354.0,-354.0,0.0,0.0,0.0,0.0,0.0,0.0,0.0,0.0,0.0,0.0,-354.0
2019-08-07 00:00:00+00:00,509.54000000003725,509.54000000003725,492.33603225497063,509.54000000003725,509.54000000003725,0.0,0.0,0.0,0.0,0.0,0.0,0.0,0.0,0.0,0.0,509.54000000003725
2019-08-08 00:00:00+00:00,5.96999999997206,5.96999999997206,-9.589123295038007,5.96999999997206,5.96999999997206,0.0,0.0,0.0,0.0,0.0,0.0,0.0,0.0,0.0,0.0,5.96999999997206
2019-08-09 00:00:00+00:00,-124.90000000002328,-124.90000000002328,0.0,-124.90000000002328,-124.90000000002328,0.0,0.0,0.0,0.0,0.0,0.0,0.0,0.0,0.0,0.0,-124.90000000002328
2019-08-10 00:00:00+00:00,-575.1500000000233,-575.1500000000233,0.0,-575.1500000000233,-575.1500000000233,0.0,0.0,0.0,0.0,0.0,0.0,0.0,0.0,0.0,0.0,-575.1500000000233
2019-08-11 00:00:00+00:00,259.8100000000559,259.8100000000559,0.0,259.8100000000559,259.8100000000559,0.0,0.0,0.0,0.0,0.0,0.0,0.0,0.0,0.0,0.0,259.8100000000559
2019-08-12 00:00:00+00:00,-151.47999999998137,-151.47999999998137,0.0,-151.47999999998137,-151.47999999998137,0.0,0.0,0.0,0.0,0.0,0.0,0.0,0.0,0.0,0.0,-151.47999999998137
2019-08-13 00:00:00+00:00,-534.359999999986,-534.359999999986,0.0,-534.359999999986,-534.359999999986,0.0,0.0,0.0,0.0,0.0,0.0,0.0,0.0,0.0,0.0,-534.359999999986
2019-08-14 00:00:00+00:00,-16.27695254003629,-829.0600000000559,-845.3478074599989,-829.0600000000559,-829.0600000000559,0.0,0.0,0.0,0.0,0.0,0.0,0.0,0.0,0.0,0.0,-829.0600000000559
2019-08-15 00:00:00+00:00,0.0,274.1500000000233,274.1500000000233,274.1500000000233,274.1500000000233,0.0,0.0,0.0,0.0,0.0,0.0,0.0,0.0,0.0,0.0,274.1500000000233
2019-08-16 00:00:00+00:00,0.0,-15.4448649949627,-15.4448649949627,52.77000000001863,52.77000000001863,37.314834995078854,37.314834995078854,37.314834995078854,37.314834995078854,0.0,0.0,37.314834995078854,0.0,0.0,0.0,52.77000000001863
2019-08-17 00:00:00+00:00,0.0,0.0,-150.52434638992418,-134.9899999999907,-134.9899999999907,-134.9899999999907,-134.9899999999907,-134.9899999999907,-134.9899999999907,0.0,0.0,-134.9899999999907,0.0,0.0,0.0,-134.9899999999907
2019-08-18 00:00:00+00:00,0.0,0.0,97.68999999994412,97.68999999994412,97.68999999994412,97.68999999994412,97.68999999994412,97.68999999994412,97.68999999994412,0.0,0.0,97.68999999994412,0.0,0.0,0.0,97.68999999994412
2019-08-19 00:00:00+00:00,0.0,0.0,-15.468062259955332,604.5200000000186,604.5200000000186,604.5200000000186,604.5200000000186,604.5200000000186,604.5200000000186,0.0,0.0,604.5200000000186,0.0,0.0,0.0,604.5200000000186
2019-08-20 00:00:00+00:00,0.0,0.0,0.0,-150.9100000000326,-150.9100000000326,-150.9100000000326,-150.9100000000326,-150.9100000000326,-150.9100000000326,0.0,0.0,-150.9100000000326,0.0,0.0,0.0,-150.9100000000326
2019-08-21 00:00:00+00:00,0.0,0.0,-654.6481192449573,-639.0899999999674,-639.0899999999674,-639.0899999999674,-639.0899999999674,-639.0899999999674,-16.747350754914805,0.0,0.0,-16.747350754914805,0.0,0.0,0.0,-639.0899999999674
2019-08-22 00:00:00+00:00,0.0,0.0,-22.849999999976717,-22.849999999976717,-22.849999999976717,-22.849999999976717,-22.849999999976717,-22.849999999976717,0.0,0.0,0.0,0.0,0.0,0.0,0.0,-22.849999999976717
2019-08-23 00:00:00+00:00,290.07653219497297,0.0,-16.693362195044756,-16.693362195044756,303.69999999995343,303.69999999995343,303.69999999995343,303.69999999995343,290.07653219497297,0.0,0.0,290.07653219497297,0.0,0.0,0.0,303.69999999995343
2019-08-24 00:00:00+00:00,-13.014968274976127,0.0,-281.11538172501605,0.0,-262.89000000001397,-262.89000000001397,-262.89000000001397,-262.89000000001397,-262.89000000001397,0.0,0.0,-262.89000000001397,0.0,0.0,0.0,-262.89000000001397
2019-08-25 00:00:00+00:00,-24.507074000081047,0.0,-9.239999999990687,0.0,-9.239999999990687,-9.239999999990687,-9.239999999990687,-9.239999999990687,-9.239999999990687,0.0,0.0,-9.239999999990687,0.0,0.0,0.0,-9.239999999990687
2019-08-26 00:00:00+00:00,-11.927928999997675,0.0,222.93000000005122,0.0,222.93000000005122,222.93000000005122,222.93000000005122,222.93000000005122,222.93000000005122,0.0,0.0,222.93000000005122,0.0,0.0,0.0,222.93000000005122
2019-08-27 00:00:00+00:00,0.0,0.0,-189.80000000004657,0.0,-189.80000000004657,-189.80000000004657,-189.80000000004657,-189.80000000004657,-189.80000000004657,0.0,0.0,-189.80000000004657,0.0,0.0,0.0,-189.80000000004657
2019-08-28 00:00:00+00:00,0.0,0.0,-457.53999999992084,0.0,-457.53999999992084,-457.53999999992084,-457.53999999992084,-457.53999999992084,-457.53999999992084,0.0,0.0,-457.53999999992084,0.0,0.0,0.0,-457.53999999992084
2019-08-29 00:00:00+00:00,0.0,0.0,-219.31000000005588,0.0,-219.31000000005588,-219.31000000005588,-219.31000000005588,-219.31000000005588,-219.31000000005588,0.0,0.0,-219.31000000005588,0.0,0.0,0.0,-219.31000000005588
2019-08-30 00:00:00+00:00,0.0,0.0,87.42000000004191,0.0,87.42000000004191,87.42000000004191,87.42000000004191,87.42000000004191,87.42000000004191,73.3730526000727,0.0,87.42000000004191,73.3730526000727,0.0,0.0,87.42000000004191
2019-08-31 00:00:00+00:00,0.0,0.0,-14.36883878998924,0.0,18.43999999994412,18.43999999994412,18.43999999994412,18.43999999994412,18.43999999994412,18.43999999994412,4.06157878995873,18.43999999994412,18.43999999994412,4.06157878995873,0.0,18.43999999994412
2019-09-01 00:00:00+00:00,0.0,0.0,0.0,0.0,165.6600000000326,165.6600000000326,165.6600000000326,165.6600000000326,165.6600000000326,165.6600000000326,165.6600000000326,165.6600000000326,165.6600000000326,165.6600000000326,0.0,165.6600000000326
2019-09-02 00:00:00+00:00,0.0,0.0,0.0,0.0,614.7399999999907,614.7399999999907,614.7399999999907,614.7399999999907,614.7399999999907,614.7399999999907,614.7399999999907,614.7399999999907,614.7399999999907,614.7399999999907,0.0,614.7399999999907
2019-09-03 00:00:00+00:00,0.0,0.0,0.0,0.0,247.21999999997206,247.21999999997206,247.21999999997206,247.21999999997206,247.21999999997206,247.21999999997206,247.21999999997206,247.21999999997206,247.21999999997206,247.21999999997206,0.0,247.21999999997206
2019-09-04 00:00:00+00:00,-62.58803424006328,0.0,0.0,0.0,-46.64000000001397,-15.937405759934336,-15.937405759934336,-15.937405759934336,-46.64000000001397,-46.64000000001397,-46.64000000001397,-46.64000000001397,-46.64000000001397,-46.64000000001397,0.0,-46.64000000001397
2019-09-05 00:00:00+00:00,-7.10999999998603,0.0,0.0,0.0,-7.10999999998603,0.0,0.0,0.0,-15.86746908002533,-15.86746908002533,-15.867469079908915,-15.867469079908915,-15.86746908002533,-15.867469079908915,0.0,-7.10999999998603
2019-09-06 00:00:00+00:00,-265.80999999993946,-281.2267071399838,0.0,0.0,-265.80999999993946,0.0,0.0,0.0,0.0,0.0,0.0,0.0,0.0,0.0,0.0,-265.80999999993946
2019-09-07 00:00:00+00:00,175.44999999995343,175.44999999995343,0.0,0.0,175.44999999995343,0.0,0.0,0.0,0.0,0.0,0.0,0.0,0.0,0.0,0.0,175.44999999995343
2019-09-08 00:00:00+00:00,-85.40000000002328,-15.721312814974226,0.0,0.0,-85.40000000002328,0.0,0.0,0.0,0.0,0.0,0.0,0.0,0.0,0.0,0.0,-85.40000000002328
2019-09-09 00:00:00+00:00,-88.96999999997206,-106.73689556494355,0.0,0.0,-88.96999999997206,0.0,0.0,0.0,0.0,0.0,0.0,0.0,0.0,0.0,0.0,-88.96999999997206
2019-09-10 00:00:00+00:00,-216.9899999999907,-216.9899999999907,0.0,0.0,-216.9899999999907,0.0,0.0,0.0,0.0,0.0,0.0,0.0,0.0,0.0,0.0,-216.9899999999907
2019-09-11 00:00:00+00:00,-15.144453500048257,-15.144453500048257,0.0,0.0,67.18999999994412,0.0,0.0,0.0,0.0,0.0,0.0,0.0,0.0,0.0,0.0,67.18999999994412
2019-09-12 00:00:00+00:00,0.0,0.0,0.0,0.0,263.5200000000186,0.0,0.0,0.0,249.66670559498016,0.0,0.0,249.66670559498016,0.0,0.0,0.0,263.5200000000186
2019-09-13 00:00:00+00:00,0.0,-73.5609869249165,0.0,0.0,-57.78999999992084,0.0,0.0,0.0,-57.78999999992084,0.0,0.0,-57.78999999992084,0.0,0.0,0.0,-57.78999999992084
2019-09-14 00:00:00+00:00,0.0,-5.680000000051223,0.0,-21.244092970038764,-5.680000000051223,0.0,0.0,0.0,-15.533727030036971,0.0,0.0,-15.533727030036971,0.0,0.0,0.0,-5.680000000051223
2019-09-15 00:00:00+00:00,-71.09519500506576,-55.79000000003725,-71.09519500506576,-15.774834995041601,-55.79000000003725,0.0,0.0,0.0,0.0,0.0,0.0,0.0,0.0,0.0,0.0,-55.79000000003725
2019-09-16 00:00:00+00:00,-16.25033816997893,-41.919999999925494,-41.919999999925494,-56.58064182999078,-41.919999999925494,0.0,0.0,0.0,0.0,0.0,0.0,0.0,0.0,0.0,0.0,-41.919999999925494
2019-09-17 00:00:00+00:00,0.0,-77.15000000002328,-15.38867872999981,-77.15000000002328,-77.15000000002328,0.0,0.0,0.0,0.0,0.0,0.0,0.0,0.0,0.0,0.0,-77.15000000002328
2019-09-18 00:00:00+00:00,0.0,-15.243037290056236,-45.44322271004785,-15.243037290056236,-30.130000000004657,-45.44322271004785,0.0,0.0,0.0,0.0,0.0,0.0,0.0,0.0,0.0,-30.130000000004657
2019-09-19 00:00:00+00:00,103.55059189000167,0.0,-14.269251890014857,0.0,119.75,119.75,103.55059189000167,0.0,0.0,0.0,0.0,0.0,0.0,0.0,0.0,119.75
2019-09-20 00:00:00+00:00,-15.407377494964749,0.0,0.0,0.0,-106.1600000000326,-106.1600000000326,-106.1600000000326,0.0,0.0,0.0,0.0,0.0,0.0,0.0,0.0,-106.1600000000326
2019-09-21 00:00:00+00:00,0.0,0.0,0.0,0.0,-194.85999999998603,-194.85999999998603,-194.85999999998603,0.0,0.0,0.0,0.0,0.0,0.0,0.0,0.0,-194.85999999998603
2019-09-22 00:00:00+00:00,0.0,0.0,37.84402800502721,0.0,52.81000000005588,52.81000000005588,52.81000000005588,0.0,0.0,0.0,0.0,0.0,0.0,0.0,0.0,52.81000000005588
2019-09-23 00:00:00+00:00,0.0,0.0,-15.045171605073847,-348.0951983949635,-333.0600000000559,-333.0600000000559,-333.0600000000559,-348.0951983949635,-348.0951983949635,0.0,0.0,-348.0951983949635,0.0,0.0,0.0,-333.0600000000559
2019-09-24 00:00:00+00:00,0.0,0.0,0.0,-1163.7299999999814,-1163.7299999999814,-1163.7299999999814,-1163.7299999999814,-1163.7299999999814,-1163.7299999999814,0.0,0.0,-1163.7299999999814,0.0,0.0,0.0,-1163.7299999999814
2019-09-25 00:00:00+00:00,0.0,0.0,0.0,-12.790749995037913,-91.6600000000326,-91.6600000000326,-91.6600000000326,-91.6600000000326,-91.6600000000326,-104.4592800050741,-104.4592800050741,-91.6600000000326,-104.4592800050741,0.0,0.0,-91.6600000000326
2019-09-26 00:00:00+00:00,0.0,0.0,0.0,0.0,-12.653305824962445,-378.3499999999767,-378.3499999999767,-378.3499999999767,-378.3499999999767,-378.3499999999767,-378.3499999999767,-378.3499999999767,-378.3499999999767,-391.0117441749899,0.0,-378.3499999999767
2019-09-27 00:00:00+00:00,0.0,0.0,0.0,0.0,0.0,133.9899999999907,133.9899999999907,133.9899999999907,133.9899999999907,133.9899999999907,133.9899999999907,133.9899999999907,133.9899999999907,133.9899999999907,0.0,133.9899999999907
2019-09-28 00:00:00+00:00,0.0,0.0,0.0,0.0,0.0,23.479999999981374,23.479999999981374,23.479999999981374,23.479999999981374,23.479999999981374,23.479999999981374,23.479999999981374,23.479999999981374,23.479999999981374,0.0,23.479999999981374
2019-09-29 00:00:00+00:00,0.0,0.0,0.0,0.0,0.0,-165.06999999994878,-165.06999999994878,-165.06999999994878,-165.06999999994878,-165.06999999994878,-165.06999999994878,-165.06999999994878,-165.06999999994878,-165.06999999994878,0.0,-165.06999999994878
2019-09-30 00:00:00+00:00,0.0,0.0,0.0,0.0,0.0,252.55999999993946,252.55999999993946,252.55999999993946,252.55999999993946,252.55999999993946,252.55999999993946,252.55999999993946,252.55999999993946,252.55999999993946,0.0,252.55999999993946
2019-10-01 00:00:00+00:00,0.0,0.0,0.0,0.0,0.0,16.56000000005588,16.56000000005588,16.56000000005588,16.56000000005588,16.56000000005588,16.56000000005588,16.56000000005588,16.56000000005588,16.56000000005588,0.0,16.56000000005588
2019-10-02 00:00:00+00:00,0.0,0.0,0.0,0.0,0.0,60.199999999953434,60.199999999953434,60.199999999953434,60.199999999953434,60.199999999953434,60.199999999953434,60.199999999953434,60.199999999953434,60.199999999953434,0.0,60.199999999953434
2019-10-03 00:00:00+00:00,0.0,0.0,0.0,0.0,-153.88677085994277,-141.30999999993946,-141.30999999993946,-141.30999999993946,-141.30999999993946,-141.30999999993946,-141.30999999993946,-141.30999999993946,-141.30999999993946,-141.30999999993946,0.0,-141.30999999993946
2019-10-04 00:00:00+00:00,0.0,0.0,0.0,0.0,-83.73999999999069,-83.73999999999069,-83.73999999999069,-83.73999999999069,-83.73999999999069,-83.73999999999069,-83.73999999999069,-83.73999999999069,-83.73999999999069,-83.73999999999069,0.0,-83.73999999999069
2019-10-05 00:00:00+00:00,-21.289098339970224,0.0,0.0,0.0,-9.040000000037253,-9.040000000037253,-9.040000000037253,-9.040000000037253,-9.040000000037253,-9.040000000037253,-9.040000000037253,-9.040000000037253,-9.040000000037253,-9.040000000037253,0.0,-9.040000000037253
2019-10-06 00:00:00+00:00,-12.217371184960939,0.0,0.0,0.0,-287.8399999999674,-287.8399999999674,-287.8399999999674,-287.8399999999674,-287.8399999999674,-287.8399999999674,-287.8399999999674,-287.8399999999674,-287.8399999999674,-287.8399999999674,0.0,-287.8399999999674
2019-10-07 00:00:00+00:00,0.0,0.0,0.0,0.0,349.20999999996275,349.20999999996275,349.20999999996275,349.20999999996275,349.20999999996275,349.20999999996275,349.20999999996275,349.20999999996275,349.20999999996275,349.20999999996275,0.0,349.20999999996275
2019-10-08 00:00:00+00:00,0.0,0.0,0.0,0.0,-12.319380505010486,-29.0,-29.0,-29.0,-29.0,-29.0,-29.0,-29.0,-29.0,-29.0,0.0,-29.0
2019-10-09 00:00:00+00:00,0.0,0.0,0.0,0.0,397.7259100000374,410.0,410.0,410.0,410.0,410.0,410.0,410.0,410.0,410.0,0.0,410.0
2019-10-10 00:00:00+00:00,0.0,0.0,0.0,0.0,-2.5,-2.5,-2.5,-2.5,-2.5,-2.5,-2.5,-2.5,-2.5,-2.5,0.0,-2.5
2019-10-11 00:00:00+00:00,-333.0455287450459,-333.0455287450459,0.0,0.0,-320.1700000000419,-12.886941254953854,-12.886941254953854,-12.886941254953854,-320.1700000000419,-320.1700000000419,-320.1700000000419,-320.1700000000419,-320.1700000000419,-320.1700000000419,0.0,-320.1700000000419
2019-10-12 00:00:00+00:00,41.70000000006985,41.70000000006985,0.0,0.0,41.70000000006985,0.0,0.0,0.0,41.70000000006985,41.70000000006985,41.70000000006985,41.70000000006985,41.70000000006985,41.70000000006985,0.0,41.70000000006985
2019-10-13 00:00:00+00:00,-26.06000000005588,-26.06000000005588,0.0,0.0,-26.06000000005588,0.0,0.0,0.0,-26.06000000005588,-26.06000000005588,-26.06000000005588,-26.06000000005588,-26.06000000005588,-26.06000000005588,0.0,-26.06000000005588
2019-10-14 00:00:00+00:00,72.03000000002794,72.03000000002794,0.0,0.0,-12.430298520019278,0.0,0.0,0.0,72.03000000002794,72.03000000002794,72.03000000002794,72.03000000002794,72.03000000002794,72.03000000002794,0.0,72.03000000002794
2019-10-15 00:00:00+00:00,-192.56000000005588,-192.56000000005588,0.0,0.0,0.0,0.0,0.0,0.0,-192.56000000005588,-192.56000000005588,-192.56000000005588,-192.56000000005588,-192.56000000005588,-192.56000000005588,0.0,-192.56000000005588
2019-10-16 00:00:00+00:00,-168.89999999990687,-168.89999999990687,0.0,0.0,0.0,0.0,0.0,0.0,-168.89999999990687,-168.89999999990687,-168.89999999990687,-168.89999999990687,-168.89999999990687,-168.89999999990687,0.0,-168.89999999990687
2019-10-17 00:00:00+00:00,-9.719717095023952,-9.719717095023952,0.0,0.0,0.0,68.39228709496092,0.0,0.0,82.65999999991618,82.65999999991618,82.65999999991618,82.65999999991618,82.65999999991618,82.65999999991618,0.0,82.65999999991618
2019-10-18 00:00:00+00:00,0.0,0.0,0.0,0.0,0.0,-122.03999999992084,-134.8994484699797,0.0,-122.03999999992084,-122.03999999992084,-122.03999999992084,-122.03999999992084,-122.03999999992084,-122.03999999992084,0.0,-122.03999999992084
2019-10-19 00:00:00+00:00,0.0,0.0,0.0,0.0,0.0,11.119999999995343,11.119999999995343,0.0,11.119999999995343,11.119999999995343,11.119999999995343,11.119999999995343,11.119999999995343,11.119999999995343,0.0,11.119999999995343
2019-10-20 00:00:00+00:00,0.0,0.0,0.0,0.0,0.0,270.8399999999674,270.8399999999674,0.0,270.8399999999674,270.8399999999674,270.8399999999674,270.8399999999674,270.8399999999674,270.8399999999674,0.0,270.8399999999674
2019-10-21 00:00:00+00:00,0.0,0.0,0.0,0.0,0.0,-26.199999999953434,-26.199999999953434,0.0,-26.199999999953434,-26.199999999953434,-26.199999999953434,-26.199999999953434,-26.199999999953434,-26.199999999953434,0.0,-26.199999999953434
2019-10-22 00:00:00+00:00,0.0,-197.51898496004287,0.0,0.0,0.0,-12.310775040066801,-12.310775040066801,0.0,-185.20000000006985,-185.20000000006985,-185.20000000006985,-185.20000000006985,-185.20000000006985,-185.20000000006985,0.0,-185.20000000006985
2019-10-23 00:00:00+00:00,0.0,-549.8699999999953,0.0,0.0,0.0,0.0,0.0,0.0,-549.8699999999953,-549.8699999999953,-549.8699999999953,-549.8699999999953,-549.8699999999953,-549.8699999999953,0.0,-549.8699999999953
2019-10-24 00:00:00+00:00,0.0,-10.519572229939513,0.0,0.0,0.0,-55.88704776996747,-55.88704776996747,0.0,-43.97999999998137,-43.97999999998137,-43.97999999998137,-43.97999999998137,-43.97999999998137,-43.97999999998137,0.0,-43.97999999998137
2019-10-25 00:00:00+00:00,0.0,0.0,0.0,0.0,0.0,1237.1300000000047,1237.1300000000047,1225.9799795650179,1237.1300000000047,1237.1300000000047,1237.1300000000047,1237.1300000000047,1237.1300000000047,1237.1300000000047,0.0,1237.1300000000047
2019-10-26 00:00:00+00:00,0.0,0.0,0.0,0.0,0.0,591.7800000000279,591.7800000000279,591.7800000000279,591.7800000000279,591.7800000000279,591.7800000000279,591.7800000000279,591.7800000000279,591.7800000000279,0.0,591.7800000000279
2019-10-27 00:00:00+00:00,274.9654000099981,274.9654000099981,274.9654000099981,0.0,0.0,-13.685340009978972,-13.685340009978972,-13.685340009978972,-13.685340009978972,-13.685340009978972,-13.685340009978972,289.05999999993946,289.05999999993946,289.05999999993946,0.0,289.05999999993946
2019-10-28 00:00:00+00:00,-322.3399999999674,-322.3399999999674,-322.3399999999674,0.0,0.0,0.0,0.0,0.0,0.0,0.0,0.0,-7.279057055013254,-7.279057055013254,-7.279057055013254,0.0,-322.3399999999674
2019-10-29 00:00:00+00:00,204.30000000004657,204.30000000004657,204.30000000004657,0.0,0.0,0.0,0.0,0.0,0.0,0.0,0.0,0.0,0.0,0.0,0.0,204.30000000004657
2019-10-30 00:00:00+00:00,-266.36000000010245,-266.36000000010245,-266.36000000010245,0.0,0.0,0.0,0.0,0.0,0.0,0.0,0.0,0.0,0.0,0.0,0.0,-266.36000000010245
2019-10-31 00:00:00+00:00,-4.959999999962747,-4.959999999962747,-4.959999999962747,0.0,0.0,0.0,0.0,0.0,0.0,0.0,0.0,0.0,0.0,0.0,0.0,-4.959999999962747
2019-11-01 00:00:00+00:00,93.64000000001397,93.64000000001397,93.64000000001397,0.0,0.0,0.0,0.0,0.0,0.0,0.0,0.0,0.0,0.0,0.0,0.0,93.64000000001397
2019-11-02 00:00:00+00:00,55.40000000002328,55.40000000002328,55.40000000002328,0.0,0.0,0.0,0.0,0.0,0.0,0.0,0.0,0.0,0.0,0.0,0.0,55.40000000002328
2019-11-03 00:00:00+00:00,-102.0,-102.0,-102.0,0.0,0.0,0.0,0.0,0.0,0.0,0.0,0.0,0.0,0.0,0.0,0.0,-102.0
2019-11-04 00:00:00+00:00,206.0100000000093,206.0100000000093,206.0100000000093,0.0,0.0,0.0,0.0,0.0,0.0,0.0,0.0,0.0,0.0,0.0,0.0,206.0100000000093
2019-11-05 00:00:00+00:00,-14.014238685020246,-90.44000000006054,-90.44000000006054,0.0,0.0,0.0,0.0,0.0,0.0,0.0,0.0,0.0,0.0,0.0,0.0,-90.44000000006054
2019-11-06 00:00:00+00:00,5.1922039550263435,19.180000000051223,19.180000000051223,0.0,0.0,0.0,0.0,0.0,0.0,0.0,0.0,0.0,0.0,0.0,0.0,19.180000000051223
2019-11-07 00:00:00+00:00,-14.007234364980832,-142.43000000005122,-142.43000000005122,0.0,0.0,0.0,0.0,0.0,0.0,0.0,0.0,0.0,0.0,0.0,0.0,-142.43000000005122
2019-11-08 00:00:00+00:00,-449.6428744250443,-435.8299999999581,-435.8299999999581,0.0,0.0,0.0,0.0,0.0,0.0,0.0,0.0,0.0,0.0,0.0,0.0,-435.8299999999581
2019-11-09 00:00:00+00:00,44.88000000000466,44.88000000000466,44.88000000000466,0.0,0.0,0.0,0.0,0.0,0.0,0.0,0.0,0.0,0.0,0.0,0.0,44.88000000000466
2019-11-10 00:00:00+00:00,-13.207431055023335,224.3399999999674,224.3399999999674,0.0,0.0,211.12376105494332,211.12376105494332,211.12376105494332,0.0,0.0,0.0,0.0,0.0,0.0,0.0,224.3399999999674
2019-11-11 00:00:00+00:00,0.0,-13.543828884954564,-310.6899999999441,0.0,0.0,-310.6899999999441,-310.6899999999441,-310.6899999999441,0.0,0.0,0.0,0.0,0.0,0.0,0.0,-310.6899999999441
2019-11-12 00:00:00+00:00,0.0,0.0,88.45999999996275,0.0,0.0,88.45999999996275,88.45999999996275,88.45999999996275,0.0,0.0,0.0,0.0,0.0,0.0,0.0,88.45999999996275
2019-11-13 00:00:00+00:00,0.0,0.0,-51.660000000032596,0.0,0.0,-51.660000000032596,-51.660000000032596,-51.660000000032596,0.0,0.0,0.0,0.0,0.0,0.0,0.0,-51.660000000032596
2019-11-14 00:00:00+00:00,0.0,0.0,-128.3399999999674,0.0,0.0,-128.3399999999674,-128.3399999999674,-128.3399999999674,0.0,0.0,0.0,0.0,0.0,0.0,0.0,-128.3399999999674
2019-11-15 00:00:00+00:00,0.0,0.0,-172.52000000001863,0.0,0.0,-172.52000000001863,-172.52000000001863,-172.52000000001863,0.0,0.0,0.0,0.0,0.0,0.0,0.0,-172.52000000001863
2019-11-16 00:00:00+00:00,0.0,0.0,23.520000000018626,0.0,0.0,23.520000000018626,23.520000000018626,23.520000000018626,0.0,0.0,0.0,0.0,0.0,0.0,0.0,23.520000000018626
2019-11-17 00:00:00+00:00,0.0,0.0,19.010000000009313,0.0,0.0,19.010000000009313,19.010000000009313,19.010000000009313,0.0,0.0,0.0,0.0,0.0,0.0,0.0,19.010000000009313
2019-11-18 00:00:00+00:00,0.0,0.0,-331.1700000000419,0.0,0.0,-331.1700000000419,-331.1700000000419,-331.1700000000419,0.0,0.0,0.0,0.0,0.0,0.0,0.0,-331.1700000000419
2019-11-19 00:00:00+00:00,0.0,0.0,-45.47999999998137,0.0,0.0,-45.47999999998137,-45.47999999998137,-45.47999999998137,0.0,0.0,0.0,0.0,0.0,0.0,0.0,-45.47999999998137
2019-11-20 00:00:00+00:00,0.0,0.0,-40.40000000002328,0.0,0.0,-40.40000000002328,-40.40000000002328,-40.40000000002328,-52.58910168008879,-52.58910168008879,0.0,-52.58910168008879,0.0,0.0,0.0,-40.40000000002328
2019-11-21 00:00:00+00:00,0.0,0.0,-12.110413515008986,0.0,0.0,-466.5,-466.5,-466.5,-466.5,-466.5,0.0,-466.5,0.0,0.0,0.0,-466.5
2019-11-22 00:00:00+00:00,0.0,0.0,0.0,0.0,0.0,-333.4299999999348,-333.4299999999348,-333.4299999999348,-333.4299999999348,-333.4299999999348,0.0,-333.4299999999348,0.0,0.0,0.0,-333.4299999999348
2019-11-23 00:00:00+00:00,0.0,0.0,0.0,0.0,0.0,46.26000000000931,46.26000000000931,46.26000000000931,46.26000000000931,46.26000000000931,35.171573405037634,46.26000000000931,35.171573405037634,35.171573405037634,0.0,46.26000000000931
2019-11-24 00:00:00+00:00,0.0,0.0,0.0,0.0,0.0,-420.6500000000233,-420.6500000000233,-420.6500000000233,-420.6500000000233,-420.6500000000233,-420.6500000000233,-420.6500000000233,-420.6500000000233,-420.6500000000233,0.0,-420.6500000000233
2019-11-25 00:00:00+00:00,0.0,0.0,0.0,0.0,0.0,218.36999999999534,218.36999999999534,218.36999999999534,218.36999999999534,218.36999999999534,218.36999999999534,218.36999999999534,218.36999999999534,218.36999999999534,0.0,218.36999999999534
2019-11-26 00:00:00+00:00,0.0,0.0,0.0,0.0,0.0,35.660000000032596,35.660000000032596,35.660000000032596,35.660000000032596,35.660000000032596,35.660000000032596,35.660000000032596,35.660000000032596,35.660000000032596,0.0,35.660000000032596
2019-11-27 00:00:00+00:00,0.0,0.0,0.0,0.0,0.0,361.04999999993015,361.04999999993015,361.04999999993015,361.04999999993015,361.04999999993015,361.04999999993015,361.04999999993015,361.04999999993015,361.04999999993015,0.0,361.04999999993015
2019-11-28 00:00:00+00:00,0.0,0.0,0.0,0.0,0.0,-91.30999999993946,-91.30999999993946,-91.30999999993946,-91.30999999993946,-91.30999999993946,-91.30999999993946,-91.30999999993946,-91.30999999993946,-91.30999999993946,0.0,-91.30999999993946
2019-11-29 00:00:00+00:00,0.0,0.0,0.0,0.0,0.0,327.5899999999674,327.5899999999674,327.5899999999674,327.5899999999674,327.5899999999674,327.5899999999674,327.5899999999674,327.5899999999674,327.5899999999674,0.0,327.5899999999674
2019-11-30 00:00:00+00:00,0.0,0.0,0.0,0.0,0.0,-204.0799999999581,-204.0799999999581,-204.0799999999581,-204.0799999999581,-204.0799999999581,-204.0799999999581,-204.0799999999581,-204.0799999999581,-204.0799999999581,0.0,-204.0799999999581
2019-12-01 00:00:00+00:00,-162.98765796003863,0.0,0.0,0.0,0.0,-11.330102040083148,-11.330102040083148,-11.330102040083148,-151.65000000002328,-151.65000000002328,-151.65000000002328,-151.65000000002328,-151.65000000002328,-151.65000000002328,0.0,-151.65000000002328
2019-12-02 00:00:00+00:00,-99.26000000000931,0.0,0.0,0.0,0.0,0.0,0.0,0.0,-99.26000000000931,-99.26000000000931,-99.26000000000931,-99.26000000000931,-99.26000000000931,-99.26000000000931,0.0,-99.26000000000931
2019-12-03 00:00:00+00:00,-2.0700000000651926,0.0,0.0,0.0,0.0,0.0,0.0,0.0,-2.0700000000651926,-2.0700000000651926,-2.0700000000651926,-2.0700000000651926,-2.0700000000651926,-2.0700000000651926,0.0,-2.0700000000651926
2019-12-04 00:00:00+00:00,-103.94999999995343,0.0,0.0,0.0,0.0,-114.9080614700215,0.0,0.0,-103.94999999995343,-103.94999999995343,-103.94999999995343,-103.94999999995343,-103.94999999995343,-103.94999999995343,0.0,-103.94999999995343
2019-12-05 00:00:00+00:00,194.55000000004657,0.0,0.0,0.0,0.0,194.55000000004657,0.0,0.0,194.55000000004657,194.55000000004657,194.55000000004657,194.55000000004657,194.55000000004657,194.55000000004657,0.0,194.55000000004657
2019-12-06 00:00:00+00:00,-11.076628225040622,0.0,0.0,0.0,0.0,146.53999999992084,0.0,0.0,146.53999999992084,146.53999999992084,146.53999999992084,146.53999999992084,146.53999999992084,146.53999999992084,0.0,146.53999999992084
2019-12-07 00:00:00+00:00,0.0,0.0,0.0,0.0,0.0,-9.62886911991518,0.0,0.0,-37.89000000001397,-37.89000000001397,-37.89000000001397,-37.89000000001397,-37.89000000001397,-37.89000000001397,0.0,-37.89000000001397
2019-12-08 00:00:00+00:00,0.0,6.542948900023475,0.0,0.0,0.0,0.0,0.0,0.0,17.81000000005588,17.81000000005588,17.81000000005588,17.81000000005588,17.81000000005588,17.81000000005588,0.0,17.81000000005588
2019-12-09 00:00:00+00:00,0.0,-182.4899999999907,0.0,0.0,0.0,0.0,0.0,0.0,-182.4899999999907,-182.4899999999907,-182.4899999999907,-182.4899999999907,-182.4899999999907,-182.4899999999907,0.0,-182.4899999999907
2019-12-10 00:00:00+00:00,-129.14993375504855,-118.14000000001397,0.0,0.0,0.0,0.0,0.0,0.0,-118.14000000001397,-118.14000000001397,-118.14000000001397,-118.14000000001397,-118.14000000001397,-118.14000000001397,0.0,-118.14000000001397
2019-12-11 00:00:00+00:00,-18.14000000001397,-18.14000000001397,0.0,0.0,0.0,0.0,0.0,0.0,-18.14000000001397,-18.14000000001397,-18.14000000001397,-18.14000000001397,-18.14000000001397,-18.14000000001397,0.0,-18.14000000001397
2019-12-12 00:00:00+00:00,-10.788259380031377,-15.319999999948777,0.0,0.0,0.0,-26.13546061993111,-26.13546061993111,0.0,-15.319999999948777,-15.319999999948777,-15.319999999948777,-15.319999999948777,-15.319999999948777,-15.319999999948777,0.0,-15.319999999948777
2019-12-13 00:00:00+00:00,53.20754204504192,-10.775272045051679,0.0,0.0,0.0,63.98999999999069,63.98999999999069,0.0,63.98999999999069,63.98999999999069,63.98999999999069,63.98999999999069,63.98999999999069,63.98999999999069,0.0,63.98999999999069
2019-12-14 00:00:00+00:00,-10.87122505006846,0.0,0.0,0.0,0.0,-186.9899999999907,-186.9899999999907,0.0,-186.9899999999907,-186.9899999999907,-186.9899999999907,-186.9899999999907,-186.9899999999907,-186.9899999999907,0.0,-186.9899999999907
2019-12-15 00:00:00+00:00,0.0,0.0,0.0,0.0,0.0,48.089999999967404,48.089999999967404,0.0,48.089999999967404,48.089999999967404,48.089999999967404,48.089999999967404,48.089999999967404,48.089999999967404,0.0,48.089999999967404
2019-12-16 00:00:00+00:00,0.0,0.0,0.0,0.0,0.0,-233.96999999997206,-233.96999999997206,-244.6400554999709,-233.96999999997206,-233.96999999997206,-233.96999999997206,-233.96999999997206,-233.96999999997206,-233.96999999997206,0.0,-233.96999999997206
2019-12-17 00:00:00+00:00,0.0,0.0,0.0,0.0,0.0,-260.4100000000326,-260.4100000000326,-260.4100000000326,-260.4100000000326,-260.4100000000326,-260.4100000000326,-260.4100000000326,-260.4100000000326,-260.4100000000326,0.0,-260.4100000000326
2019-12-18 00:00:00+00:00,0.0,0.0,0.0,0.0,0.0,668.9100000000326,668.9100000000326,668.9100000000326,668.9100000000326,668.9100000000326,668.9100000000326,668.9100000000326,668.9100000000326,668.9100000000326,0.0,668.9100000000326
2019-12-19 00:00:00+00:00,0.0,0.0,0.0,0.0,0.0,-136.4100000000326,-136.4100000000326,-136.4100000000326,-136.4100000000326,-136.4100000000326,-136.4100000000326,-136.4100000000326,-136.4100000000326,-136.4100000000326,0.0,-136.4100000000326
2019-12-20 00:00:00+00:00,30.142730435007252,30.142730435007252,0.0,0.0,0.0,-10.710120434989221,-10.710120434989221,-10.710120434989221,40.88000000000466,40.88000000000466,40.88000000000466,40.88000000000466,40.88000000000466,40.88000000000466,0.0,40.88000000000466
2019-12-21 00:00:00+00:00,-10.781405000016093,-10.781405000016093,0.0,0.0,0.0,0.0,0.0,0.0,-46.98999999999069,-46.98999999999069,-46.98999999999069,-46.98999999999069,-46.98999999999069,-46.98999999999069,0.0,-46.98999999999069
2019-12-22 00:00:00+00:00,0.0,0.0,0.0,0.0,0.0,0.0,0.0,0.0,370.05000000004657,370.05000000004657,370.05000000004657,370.05000000004657,370.05000000004657,370.05000000004657,0.0,370.05000000004657
2019-12-23 00:00:00+00:00,-215.2258673699107,0.0,0.0,0.0,0.0,0.0,0.0,0.0,-202.27000000001863,-202.27000000001863,-202.27000000001863,-202.27000000001863,-202.27000000001863,-202.27000000001863,0.0,-202.27000000001863
2019-12-24 00:00:00+00:00,-55.78000000002794,0.0,-66.74984039494302,-66.74984039494302,0.0,0.0,0.0,0.0,-10.9625296050217,-10.9625296050217,-10.9625296050217,-55.78000000002794,-55.78000000002794,-55.78000000002794,0.0,-55.78000000002794
2019-12-25 00:00:00+00:00,-62.89000000001397,0.0,-10.878887495025992,-10.878887495025992,0.0,0.0,0.0,0.0,0.0,0.0,0.0,-62.89000000001397,-62.89000000001397,-62.89000000001397,0.0,-62.89000000001397
2019-12-26 00:00:00+00:00,2.0100000000093132,-8.781776060000993,-8.781776060000993,0.0,0.0,0.0,0.0,0.0,0.0,0.0,0.0,2.0100000000093132,2.0100000000093132,2.0100000000093132,0.0,2.0100000000093132
2019-12-27 00:00:00+00:00,-10.78759793494828,-10.78759793494828,51.699999999953434,0.0,0.0,0.0,0.0,0.0,0.0,0.0,0.0,51.699999999953434,51.699999999953434,51.699999999953434,0.0,51.699999999953434
2019-12-28 00:00:00+00:00,45.967632085084915,45.967632085084915,56.84000000008382,0.0,0.0,0.0,0.0,0.0,0.0,0.0,0.0,56.84000000008382,56.84000000008382,56.84000000008382,0.0,56.84000000008382
2019-12-29 00:00:00+00:00,82.21999999997206,-10.950353665044531,-10.950353665044531,0.0,0.0,0.0,0.0,0.0,0.0,0.0,0.0,82.21999999997206,82.21999999997206,82.21999999997206,0.0,82.21999999997206
2019-12-30 00:00:00+00:00,-166.89000000001397,-177.65054728498217,0.0,0.0,0.0,0.0,0.0,0.0,0.0,0.0,0.0,-166.89000000001397,-166.89000000001397,-166.89000000001397,0.0,-166.89000000001397
2019-12-31 00:00:00+00:00,-10.813405995024368,-52.28000000002794,0.0,0.0,0.0,0.0,0.0,0.0,0.0,0.0,0.0,-52.28000000002794,-52.28000000002794,-52.28000000002794,0.0,-52.28000000002794
2020-01-01 00:00:00+00:00,0.0,8.60999999998603,0.0,0.0,0.0,0.0,0.0,0.0,0.0,0.0,0.0,8.60999999998603,8.60999999998603,8.60999999998603,0.0,8.60999999998603
2020-01-02 00:00:00+00:00,0.0,-229.30999999993946,0.0,0.0,0.0,0.0,0.0,0.0,0.0,0.0,0.0,-229.30999999993946,-229.30999999993946,-229.30999999993946,0.0,-229.30999999993946
2020-01-03 00:00:00+00:00,0.0,-10.414057490066625,0.0,0.0,0.0,379.00899748993106,0.0,0.0,0.0,0.0,0.0,389.4299999999348,389.4299999999348,389.4299999999348,0.0,389.4299999999348
2020-01-04 00:00:00+00:00,0.0,0.0,0.0,0.0,0.0,14.180000000051223,3.1746577749727294,3.1746577749727294,3.1746577749727294,3.1746577749727294,3.1746577749727294,14.180000000051223,14.180000000051223,14.180000000051223,0.0,14.180000000051223
2020-01-05 00:00:00+00:00,-4.256619315012358,-4.256619315012358,-4.256619315012358,0.0,0.0,-11.019270685035735,-11.019270685035735,-11.019270685035735,-11.019270685035735,-11.019270685035735,-11.019270685035735,6.7700000000186265,6.7700000000186265,6.7700000000186265,0.0,6.7700000000186265
2020-01-06 00:00:00+00:00,409.2299999999814,409.2299999999814,-11.029422300052829,0.0,0.0,0.0,0.0,0.0,0.0,0.0,0.0,409.2299999999814,409.2299999999814,409.2299999999814,0.0,409.2299999999814
2020-01-07 00:00:00+00:00,-11.643062685034238,-11.643062685034238,0.0,0.0,0.0,0.0,0.0,0.0,0.0,0.0,0.0,393.89000000001397,393.89000000001397,393.89000000001397,0.0,393.89000000001397
2020-01-08 00:00:00+00:00,-126.74409500497859,-126.74409500497859,-126.74409500497859,0.0,0.0,0.0,0.0,0.0,0.0,0.0,0.0,-10.745934995007701,-10.745934995007701,-10.745934995007701,0.0,-113.01000000000931
2020-01-09 00:00:00+00:00,-231.72999999998137,-231.72999999998137,-231.72999999998137,0.0,0.0,0.0,0.0,0.0,0.0,0.0,0.0,0.0,0.0,0.0,0.0,-231.72999999998137
2020-01-10 00:00:00+00:00,384.30999999993946,384.30999999993946,384.30999999993946,0.0,0.0,0.0,0.0,0.0,0.0,0.0,0.0,0.0,0.0,0.0,0.0,384.30999999993946
2020-01-11 00:00:00+00:00,-178.0899999999674,-178.0899999999674,-178.0899999999674,0.0,0.0,0.0,0.0,0.0,0.0,0.0,0.0,0.0,0.0,0.0,0.0,-178.0899999999674
2020-01-12 00:00:00+00:00,160.81000000005588,160.81000000005588,160.81000000005588,0.0,0.0,0.0,0.0,0.0,0.0,0.0,0.0,0.0,0.0,0.0,0.0,160.81000000005588
2020-01-13 00:00:00+00:00,-76.31000000005588,-76.31000000005588,-76.31000000005588,0.0,0.0,0.0,0.0,0.0,0.0,0.0,0.0,0.0,0.0,0.0,0.0,-76.31000000005588
2020-01-14 00:00:00+00:00,711.1899999999441,711.1899999999441,711.1899999999441,0.0,0.0,0.0,0.0,0.0,0.0,0.0,0.0,0.0,0.0,0.0,0.0,711.1899999999441
2020-01-15 00:00:00+00:00,-6.879999999888241,-6.879999999888241,-6.879999999888241,0.0,0.0,0.0,0.0,0.0,0.0,0.0,0.0,0.0,0.0,0.0,0.0,-6.879999999888241
2020-01-16 00:00:00+00:00,-94.05000000004657,-94.05000000004657,-94.05000000004657,-107.2676194049418,0.0,0.0,0.0,0.0,0.0,0.0,0.0,0.0,0.0,0.0,0.0,-94.05000000004657
2020-01-17 00:00:00+00:00,184.6600000000326,184.6600000000326,184.6600000000326,184.6600000000326,0.0,0.0,0.0,0.0,0.0,0.0,0.0,0.0,0.0,0.0,0.0,184.6600000000326
2020-01-18 00:00:00+00:00,9.899999999906868,9.899999999906868,9.899999999906868,9.899999999906868,0.0,0.0,0.0,0.0,0.0,0.0,0.0,0.0,0.0,0.0,0.0,9.899999999906868
2020-01-19 00:00:00+00:00,-211.78999999992084,-211.78999999992084,-211.78999999992084,-211.78999999992084,0.0,0.0,0.0,0.0,0.0,0.0,0.0,0.0,0.0,0.0,0.0,-211.78999999992084
2020-01-20 00:00:00+00:00,-68.64000000001397,-68.64000000001397,-68.64000000001397,-68.64000000001397,0.0,0.0,0.0,0.0,0.0,0.0,0.0,0.0,0.0,0.0,0.0,-68.64000000001397
2020-01-21 00:00:00+00:00,93.14000000001397,93.14000000001397,93.14000000001397,93.14000000001397,0.0,0.0,0.0,0.0,0.0,0.0,0.0,0.0,0.0,0.0,0.0,93.14000000001397
2020-01-22 00:00:00+00:00,-61.65000000002328,-61.65000000002328,-61.65000000002328,-61.65000000002328,0.0,0.0,0.0,0.0,0.0,0.0,0.0,0.0,0.0,0.0,0.0,-61.65000000002328
2020-01-23 00:00:00+00:00,-12.986239810008556,-275.1600000000326,-275.1600000000326,-275.1600000000326,0.0,0.0,0.0,0.0,0.0,0.0,0.0,0.0,0.0,0.0,0.0,-275.1600000000326
2020-01-24 00:00:00+00:00,0.0,42.04000000003725,42.04000000003725,42.04000000003725,29.467992395046167,0.0,0.0,0.0,0.0,0.0,0.0,0.0,0.0,0.0,0.0,42.04000000003725
2020-01-25 00:00:00+00:00,0.0,-100.44999999995343,-100.44999999995343,-100.44999999995343,-12.317156209959649,0.0,0.0,0.0,0.0,0.0,0.0,0.0,0.0,0.0,0.0,-100.44999999995343
2020-01-26 00:00:00+00:00,0.0,268.1899999999441,268.1899999999441,268.1899999999441,255.70563660003245,0.0,0.0,0.0,0.0,0.0,0.0,0.0,0.0,0.0,0.0,268.1899999999441
2020-01-27 00:00:00+00:00,0.0,300.95999999996275,300.95999999996275,300.95999999996275,300.95999999996275,288.0632024999941,0.0,0.0,0.0,0.0,0.0,0.0,0.0,0.0,0.0,300.95999999996275
2020-01-28 00:00:00+00:00,0.0,498.54000000003725,498.54000000003725,498.54000000003725,498.54000000003725,-13.349477024981752,0.0,0.0,0.0,0.0,0.0,0.0,0.0,0.0,0.0,498.54000000003725
2020-01-29 00:00:00+00:00,-116.79140557011124,-106.06000000005588,-106.06000000005588,-106.06000000005588,-106.06000000005588,0.0,0.0,0.0,0.0,0.0,0.0,0.0,0.0,0.0,0.0,-106.06000000005588
2020-01-30 00:00:00+00:00,214.64000000001397,214.64000000001397,214.64000000001397,214.64000000001397,214.64000000001397,0.0,0.0,0.0,0.0,0.0,0.0,0.0,0.0,0.0,0.0,214.64000000001397
2020-01-31 00:00:00+00:00,-168.09999999997672,-168.09999999997672,-168.09999999997672,-168.09999999997672,-168.09999999997672,0.0,0.0,0.0,0.0,0.0,0.0,0.0,0.0,0.0,0.0,-168.09999999997672
2020-02-01 00:00:00+00:00,45.20000000006985,45.20000000006985,45.20000000006985,45.20000000006985,45.20000000006985,0.0,0.0,0.0,0.0,0.0,0.0,0.0,0.0,0.0,0.0,45.20000000006985
2020-02-02 00:00:00+00:00,-56.68000000005122,-56.68000000005122,-56.68000000005122,-56.68000000005122,-56.68000000005122,0.0,0.0,0.0,0.0,0.0,0.0,0.0,0.0,0.0,0.0,-56.68000000005122
2020-02-03 00:00:00+00:00,-43.01000000000931,-43.01000000000931,-43.01000000000931,-43.01000000000931,-43.01000000000931,0.0,0.0,0.0,0.0,0.0,0.0,0.0,0.0,0.0,0.0,-43.01000000000931
2020-02-04 00:00:00+00:00,-116.1600000000326,-116.1600000000326,-116.1600000000326,-116.1600000000326,-116.1600000000326,0.0,0.0,0.0,0.0,0.0,0.0,0.0,0.0,0.0,0.0,-116.1600000000326
2020-02-05 00:00:00+00:00,449.4899999999907,449.4899999999907,449.4899999999907,449.4899999999907,449.4899999999907,0.0,0.0,0.0,0.0,0.0,0.0,0.0,0.0,0.0,0.0,449.4899999999907
2020-02-06 00:00:00+00:00,-14.326058044913225,149.19000000006054,149.19000000006054,149.19000000006054,149.19000000006054,0.0,0.0,0.0,0.0,0.0,0.0,0.0,0.0,0.0,0.0,149.19000000006054
2020-02-07 00:00:00+00:00,30.39060349506326,45.04000000003725,45.04000000003725,45.04000000003725,45.04000000003725,0.0,0.0,0.0,0.0,0.0,0.0,0.0,0.0,0.0,0.0,45.04000000003725
2020-02-08 00:00:00+00:00,97.5899999999674,97.5899999999674,97.5899999999674,97.5899999999674,97.5899999999674,0.0,0.0,0.0,0.0,0.0,0.0,0.0,0.0,0.0,0.0,97.5899999999674
2020-02-09 00:00:00+00:00,262.70999999996275,262.70999999996275,262.70999999996275,262.70999999996275,262.70999999996275,0.0,0.0,0.0,0.0,0.0,0.0,0.0,0.0,0.0,0.0,262.70999999996275
2020-02-10 00:00:00+00:00,-316.5699999999488,-316.5699999999488,-316.5699999999488,-316.5699999999488,-316.5699999999488,0.0,0.0,0.0,0.0,0.0,0.0,0.0,0.0,0.0,0.0,-316.5699999999488
2020-02-11 00:00:00+00:00,418.2299999999814,418.2299999999814,418.2299999999814,418.2299999999814,418.2299999999814,0.0,0.0,0.0,0.0,0.0,0.0,0.0,0.0,0.0,0.0,418.2299999999814
2020-02-12 00:00:00+00:00,81.11999999999534,81.11999999999534,81.11999999999534,81.11999999999534,81.11999999999534,0.0,0.0,0.0,0.0,0.0,0.0,0.0,0.0,0.0,0.0,81.11999999999534
2020-02-13 00:00:00+00:00,-114.64000000001397,-114.64000000001397,-114.64000000001397,-114.64000000001397,-114.64000000001397,0.0,0.0,0.0,0.0,0.0,0.0,0.0,0.0,0.0,0.0,-114.64000000001397
2020-02-14 00:00:00+00:00,134.8399999999674,134.8399999999674,134.8399999999674,134.8399999999674,134.8399999999674,0.0,0.0,0.0,0.0,0.0,0.0,0.0,0.0,0.0,0.0,134.8399999999674
2020-02-15 00:00:00+00:00,-460.10999999998603,-460.10999999998603,-460.10999999998603,-460.10999999998603,-460.10999999998603,0.0,0.0,0.0,0.0,0.0,0.0,0.0,0.0,0.0,0.0,-460.10999999998603
2020-02-16 00:00:00+00:00,9.78000000002794,9.78000000002794,9.78000000002794,9.78000000002794,9.78000000002794,0.0,0.0,0.0,0.0,0.0,0.0,0.0,0.0,0.0,0.0,9.78000000002794
2020-02-17 00:00:00+00:00,-221.0,-221.0,-221.0,-221.0,-221.0,0.0,0.0,0.0,0.0,0.0,0.0,0.0,0.0,0.0,0.0,-221.0
2020-02-18 00:00:00+00:00,-14.54515000001993,488.04000000003725,488.04000000003725,488.04000000003725,488.04000000003725,0.0,0.0,0.0,0.0,0.0,0.0,0.0,0.0,0.0,0.0,488.04000000003725
2020-02-19 00:00:00+00:00,0.0,-587.9600000000792,-587.9600000000792,-587.9600000000792,-587.9600000000792,-603.2471540200058,0.0,0.0,0.0,0.0,0.0,0.0,0.0,0.0,0.0,-587.9600000000792
2020-02-20 00:00:00+00:00,0.0,9.970000000088476,9.970000000088476,9.970000000088476,9.970000000088476,-20.985423259902745,0.0,0.0,0.0,0.0,0.0,0.0,0.0,0.0,0.0,9.970000000088476
2020-02-21 00:00:00+00:00,0.0,-14.410269975080155,85.60999999998603,85.60999999998603,85.60999999998603,71.19011997501366,71.19011997501366,71.19011997501366,0.0,0.0,0.0,0.0,0.0,0.0,0.0,85.60999999998603
2020-02-22 00:00:00+00:00,0.0,0.0,-27.430000000051223,-27.430000000051223,-27.430000000051223,-27.430000000051223,-27.430000000051223,-27.430000000051223,0.0,0.0,0.0,0.0,0.0,0.0,0.0,-27.430000000051223
2020-02-23 00:00:00+00:00,0.0,0.0,296.78000000002794,296.78000000002794,296.78000000002794,296.78000000002794,296.78000000002794,296.78000000002794,0.0,0.0,0.0,0.0,0.0,0.0,0.0,296.78000000002794
2020-02-24 00:00:00+00:00,0.0,0.0,-305.0100000000093,-305.0100000000093,-305.0100000000093,-305.0100000000093,-305.0100000000093,-305.0100000000093,0.0,0.0,0.0,0.0,0.0,0.0,0.0,-305.0100000000093
2020-02-25 00:00:00+00:00,-369.49482999998145,0.0,-355.0,-355.0,-355.0,-355.0,-355.0,-355.0,0.0,0.0,0.0,0.0,0.0,0.0,0.0,-355.0
2020-02-26 00:00:00+00:00,-13.962832504999824,0.0,-526.6999999999534,-526.6999999999534,-526.6999999999534,-526.6999999999534,-526.6999999999534,-526.6999999999534,0.0,0.0,0.0,0.0,0.0,0.0,0.0,-526.6999999999534
2020-02-27 00:00:00+00:00,0.0,0.0,34.18999999994412,34.18999999994412,34.18999999994412,34.18999999994412,34.18999999994412,34.18999999994412,21.018160850042477,0.0,0.0,0.0,0.0,0.0,0.0,34.18999999994412
2020-02-28 00:00:00+00:00,0.0,0.0,-10.8079425500473,-103.59999999997672,-10.8079425500473,-103.59999999997672,-103.59999999997672,-103.59999999997672,-103.59999999997672,-119.23675745003857,-119.23675745003857,0.0,0.0,0.0,0.0,-103.59999999997672
2020-02-29 00:00:00+00:00,0.0,0.0,0.0,-183.8200000000652,0.0,-183.8200000000652,-183.8200000000652,-183.8200000000652,-183.8200000000652,-183.8200000000652,-183.8200000000652,0.0,0.0,0.0,0.0,-183.8200000000652
2020-03-01 00:00:00+00:00,0.0,0.0,0.0,-2.759999999892898,0.0,-2.759999999892898,-2.759999999892898,-2.759999999892898,-2.759999999892898,-2.759999999892898,-2.759999999892898,0.0,0.0,0.0,0.0,-2.759999999892898
2020-03-02 00:00:00+00:00,0.0,0.0,0.0,392.6899999999441,0.0,392.6899999999441,392.6899999999441,392.6899999999441,392.6899999999441,392.6899999999441,392.6899999999441,0.0,0.0,0.0,0.0,392.6899999999441
2020-03-03 00:00:00+00:00,0.0,0.0,0.0,-157.1600000000326,0.0,-157.1600000000326,-157.1600000000326,-157.1600000000326,-157.1600000000326,-157.1600000000326,-157.1600000000326,-174.7532746050274,0.0,0.0,0.0,-157.1600000000326
2020-03-04 00:00:00+00:00,0.0,0.0,0.0,2.8200000000651926,0.0,2.8200000000651926,2.8200000000651926,2.8200000000651926,2.8200000000651926,2.8200000000651926,2.8200000000651926,2.8200000000651926,0.0,0.0,0.0,2.8200000000651926
2020-03-05 00:00:00+00:00,0.0,0.0,0.0,309.5100000000093,0.0,309.5100000000093,309.5100000000093,309.5100000000093,309.5100000000093,309.5100000000093,309.5100000000093,309.5100000000093,0.0,0.0,0.0,309.5100000000093
2020-03-06 00:00:00+00:00,0.0,0.0,0.0,88.3399999999674,0.0,88.3399999999674,88.3399999999674,88.3399999999674,88.3399999999674,88.3399999999674,88.3399999999674,88.3399999999674,0.0,0.0,0.0,88.3399999999674
2020-03-07 00:00:00+00:00,-270.88234425499104,0.0,0.0,-257.14000000001397,0.0,-257.14000000001397,-257.14000000001397,-257.14000000001397,-257.14000000001397,-257.14000000001397,-257.14000000001397,-257.14000000001397,0.0,0.0,0.0,-257.14000000001397
2020-03-08 00:00:00+00:00,-863.609999999986,0.0,0.0,-863.609999999986,0.0,-13.357589320046827,-13.357589320046827,-13.357589320046827,-863.609999999986,-863.609999999986,-863.609999999986,-13.357589320046827,0.0,0.0,0.0,-863.609999999986
2020-03-09 00:00:00+00:00,-103.23999999999069,0.0,0.0,-103.23999999999069,-115.27061386499554,0.0,0.0,0.0,-103.23999999999069,-103.23999999999069,-103.23999999999069,0.0,0.0,0.0,0.0,-103.23999999999069
2020-03-10 00:00:00+00:00,-11.857872719992884,0.0,0.0,-11.857872719992884,-11.857872719992884,-51.78580727998633,-51.78580727998633,-51.78580727998633,-39.839999999967404,-39.839999999967404,-39.839999999967404,-51.78580727998633,-51.78580727998633,-51.78580727998633,0.0,-39.839999999967404
2020-03-11 00:00:00+00:00,0.0,0.0,0.0,31.524032660061494,0.0,43.36999999999534,43.36999999999534,43.36999999999534,43.36999999999534,43.36999999999534,43.36999999999534,43.36999999999534,43.36999999999534,43.36999999999534,0.0,43.36999999999534
2020-03-12 00:00:00+00:00,0.0,0.0,0.0,-11.903105975012295,0.0,-3080.95000000007,-3080.95000000007,-3080.95000000007,-3080.95000000007,-3080.95000000007,-3080.95000000007,-3080.95000000007,-3080.95000000007,-3080.95000000007,0.0,-3080.95000000007
2020-03-13 00:00:00+00:00,0.0,0.0,0.0,0.0,0.0,780.5,780.5,780.5,780.5,780.5,780.5,780.5,780.5,780.5,0.0,780.5
2020-03-14 00:00:00+00:00,0.0,0.0,0.0,0.0,0.0,-472.3499999999767,-472.3499999999767,-472.3499999999767,-472.3499999999767,-472.3499999999767,-472.3499999999767,-472.3499999999767,-472.3499999999767,-472.3499999999767,0.0,-472.3499999999767
2020-03-15 00:00:00+00:00,0.0,0.0,0.0,0.0,0.0,180.09999999997672,180.09999999997672,180.09999999997672,180.09999999997672,180.09999999997672,180.09999999997672,180.09999999997672,180.09999999997672,180.09999999997672,0.0,180.09999999997672
2020-03-16 00:00:00+00:00,0.0,0.0,0.0,0.0,0.0,-307.7399999999907,-307.7399999999907,-307.7399999999907,-307.7399999999907,-307.7399999999907,-307.7399999999907,-307.7399999999907,-307.7399999999907,-307.7399999999907,0.0,-307.7399999999907
2020-03-17 00:00:00+00:00,0.0,0.0,0.0,0.0,0.0,294.0999999999767,294.0999999999767,294.0999999999767,294.0999999999767,294.0999999999767,294.0999999999767,294.0999999999767,294.0999999999767,294.0999999999767,0.0,294.0999999999767
2020-03-18 00:00:00+00:00,0.0,0.0,0.0,0.0,0.0,81.93000000005122,81.93000000005122,81.93000000005122,81.93000000005122,81.93000000005122,81.93000000005122,81.93000000005122,81.93000000005122,81.93000000005122,0.0,81.93000000005122
2020-03-19 00:00:00+00:00,0.0,0.0,0.0,0.0,0.0,772.6199999999953,772.6199999999953,772.6199999999953,772.6199999999953,772.6199999999953,772.6199999999953,772.6199999999953,772.6199999999953,772.6199999999953,0.0,772.6199999999953
2020-03-20 00:00:00+00:00,0.0,0.0,0.0,0.0,0.0,19.839999999967404,19.839999999967404,19.839999999967404,19.839999999967404,19.839999999967404,19.839999999967404,19.839999999967404,19.839999999967404,19.839999999967404,0.0,19.839999999967404
2020-03-21 00:00:00+00:00,-21.00881023495458,0.0,0.0,0.0,0.0,-7.319999999948777,-7.319999999948777,-7.319999999948777,-7.319999999948777,-7.319999999948777,-7.319999999948777,-7.319999999948777,-7.319999999948777,-7.319999999948777,0.0,-7.319999999948777
2020-03-22 00:00:00+00:00,-380.53000000002794,0.0,0.0,0.0,0.0,-380.53000000002794,-380.53000000002794,-380.53000000002794,-380.53000000002794,-380.53000000002794,-380.53000000002794,-380.53000000002794,-380.53000000002794,-380.53000000002794,0.0,-380.53000000002794
2020-03-23 00:00:00+00:00,672.3800000000047,0.0,0.0,0.0,0.0,672.3800000000047,672.3800000000047,672.3800000000047,672.3800000000047,672.3800000000047,672.3800000000047,672.3800000000047,672.3800000000047,672.3800000000047,0.0,672.3800000000047
2020-03-24 00:00:00+00:00,276.0100000000093,0.0,0.0,0.0,0.0,276.0100000000093,276.0100000000093,276.0100000000093,276.0100000000093,276.0100000000093,276.0100000000093,276.0100000000093,276.0100000000093,276.0100000000093,0.0,276.0100000000093
2020-03-25 00:00:00+00:00,-75.68000000005122,0.0,0.0,0.0,0.0,-10.78561699995771,-10.78561699995771,-10.78561699995771,-75.68000000005122,-75.68000000005122,-75.68000000005122,-75.68000000005122,-75.68000000005122,-75.68000000005122,0.0,-75.68000000005122
2020-03-26 00:00:00+00:00,67.22000000008848,0.0,0.0,0.0,0.0,0.0,0.0,0.0,67.22000000008848,67.22000000008848,67.22000000008848,67.22000000008848,67.22000000008848,67.22000000008848,0.0,67.22000000008848
2020-03-27 00:00:00+00:00,-385.8200000000652,0.0,0.0,0.0,0.0,0.0,0.0,0.0,-385.8200000000652,-385.8200000000652,-385.8200000000652,-385.8200000000652,-385.8200000000652,-385.8200000000652,0.0,-385.8200000000652
2020-03-28 00:00:00+00:00,-120.54000000003725,-130.1017261800589,0.0,0.0,0.0,0.0,0.0,0.0,-120.54000000003725,-120.54000000003725,-120.54000000003725,-120.54000000003725,-120.54000000003725,-120.54000000003725,0.0,-120.54000000003725
2020-03-29 00:00:00+00:00,-374.60999999998603,-374.60999999998603,0.0,0.0,0.0,0.0,0.0,0.0,-374.60999999998603,-374.60999999998603,-374.60999999998603,-374.60999999998603,-374.60999999998603,-374.60999999998603,0.0,-374.60999999998603
2020-03-30 00:00:00+00:00,529.1900000000605,529.1900000000605,0.0,0.0,0.0,0.0,0.0,0.0,529.1900000000605,529.1900000000605,529.1900000000605,529.1900000000605,529.1900000000605,529.1900000000605,0.0,529.1900000000605
2020-03-31 00:00:00+00:00,17.949999999953434,17.949999999953434,0.0,0.0,0.0,0.0,0.0,0.0,17.949999999953434,17.949999999953434,17.949999999953434,17.949999999953434,17.949999999953434,17.949999999953434,0.0,17.949999999953434
2020-04-01 00:00:00+00:00,-9.962817989988253,241.7600000000093,0.0,0.0,0.0,0.0,0.0,0.0,241.7600000000093,241.7600000000093,241.7600000000093,241.7600000000093,241.7600000000093,241.7600000000093,0.0,241.7600000000093
2020-04-02 00:00:00+00:00,0.0,138.4100000000326,0.0,0.0,0.0,0.0,0.0,0.0,138.4100000000326,138.4100000000326,138.4100000000326,138.4100000000326,138.4100000000326,138.4100000000326,0.0,138.4100000000326
2020-04-03 00:00:00+00:00,0.0,-62.53000000002794,0.0,0.0,0.0,0.0,0.0,0.0,-62.53000000002794,-62.53000000002794,-62.53000000002794,-62.53000000002794,-62.53000000002794,-62.53000000002794,0.0,-62.53000000002794
2020-04-04 00:00:00+00:00,122.6636440049624,132.78000000002794,0.0,0.0,0.0,0.0,0.0,0.0,-10.109614004963078,-10.109614004963078,-10.109614004963078,132.78000000002794,132.78000000002794,132.78000000002794,0.0,132.78000000002794
2020-04-05 00:00:00+00:00,-96.52000000001863,-96.52000000001863,0.0,0.0,0.0,0.0,0.0,0.0,0.0,0.0,0.0,-96.52000000001863,-96.52000000001863,-96.52000000001863,0.0,-96.52000000001863
2020-04-06 00:00:00+00:00,563.3100000000559,563.3100000000559,0.0,0.0,0.0,0.0,0.0,0.0,0.0,0.0,0.0,563.3100000000559,563.3100000000559,563.3100000000559,0.0,563.3100000000559
2020-04-07 00:00:00+00:00,-141.55000000004657,-141.55000000004657,0.0,0.0,0.0,0.0,0.0,0.0,0.0,0.0,0.0,-141.55000000004657,-141.55000000004657,-141.55000000004657,0.0,-141.55000000004657
2020-04-08 00:00:00+00:00,170.09999999997672,170.09999999997672,0.0,0.0,0.0,0.0,0.0,0.0,0.0,0.0,0.0,170.09999999997672,170.09999999997672,170.09999999997672,0.0,170.09999999997672
2020-04-09 00:00:00+00:00,-76.86999999999534,-76.86999999999534,0.0,0.0,0.0,0.0,0.0,0.0,0.0,0.0,0.0,-76.86999999999534,-76.86999999999534,-76.86999999999534,0.0,-76.86999999999534
2020-04-10 00:00:00+00:00,-421.3299999999581,-421.3299999999581,0.0,0.0,-432.26349161495455,0.0,0.0,0.0,0.0,0.0,0.0,-421.3299999999581,-421.3299999999581,-421.3299999999581,0.0,-421.3299999999581
2020-04-11 00:00:00+00:00,17.739999999990687,17.739999999990687,0.0,0.0,17.739999999990687,0.0,0.0,0.0,0.0,0.0,0.0,17.739999999990687,17.739999999990687,17.739999999990687,0.0,17.739999999990687
2020-04-12 00:00:00+00:00,18.479999999981374,18.479999999981374,0.0,0.0,-10.201225109980442,0.0,0.0,0.0,0.0,0.0,0.0,18.479999999981374,18.479999999981374,18.479999999981374,0.0,18.479999999981374
2020-04-13 00:00:00+00:00,-46.92000000004191,-46.92000000004191,-57.275634060031734,0.0,0.0,0.0,0.0,0.0,0.0,0.0,0.0,-46.92000000004191,-46.92000000004191,-46.92000000004191,0.0,-46.92000000004191
2020-04-14 00:00:00+00:00,16.160000000032596,16.160000000032596,16.160000000032596,0.0,0.0,0.0,0.0,0.0,0.0,0.0,0.0,16.160000000032596,16.160000000032596,16.160000000032596,0.0,16.160000000032596
2020-04-15 00:00:00+00:00,-10.761941539938562,-253.25,-253.25,0.0,0.0,0.0,0.0,0.0,0.0,0.0,0.0,-253.25,-253.25,-253.25,0.0,-253.25
2020-04-16 00:00:00+00:00,0.0,488.5200000000186,488.5200000000186,0.0,479.0812581899809,0.0,0.0,0.0,0.0,0.0,0.0,488.5200000000186,488.5200000000186,488.5200000000186,0.0,488.5200000000186
2020-04-17 00:00:00+00:00,0.0,-8.548582619987428,-75.18000000005122,0.0,-75.18000000005122,-87.97569738002494,-87.97569738002494,0.0,0.0,0.0,0.0,-75.18000000005122,-75.18000000005122,-75.18000000005122,0.0,-75.18000000005122
2020-04-18 00:00:00+00:00,0.0,214.75180677499156,224.30000000004657,0.0,-11.561156774987467,-11.561156774987467,-11.561156774987467,0.0,0.0,0.0,0.0,224.30000000004657,224.30000000004657,224.30000000004657,0.0,224.30000000004657
2020-04-19 00:00:00+00:00,-142.22669102007058,-131.05000000004657,-131.05000000004657,0.0,0.0,0.0,0.0,0.0,0.0,0.0,0.0,-131.05000000004657,-131.05000000004657,-131.05000000004657,0.0,-131.05000000004657
2020-04-20 00:00:00+00:00,-292.5200000000186,-292.5200000000186,-292.5200000000186,0.0,-303.2096153500024,0.0,0.0,0.0,0.0,0.0,0.0,-292.5200000000186,-292.5200000000186,-292.5200000000186,0.0,-292.5200000000186
2020-04-21 00:00:00+00:00,15.490000000107102,15.490000000107102,15.490000000107102,0.0,-11.222411389928311,0.0,0.0,0.0,0.0,0.0,0.0,15.490000000107102,15.490000000107102,15.490000000107102,0.0,15.490000000107102
2020-04-22 00:00:00+00:00,-10.287078165099956,-10.287078165099956,283.1599999999162,0.0,0.0,272.88606816495303,0.0,0.0,0.0,0.0,0.0,283.1599999999162,283.1599999999162,283.1599999999162,0.0,283.1599999999162
2020-04-23 00:00:00+00:00,0.0,0.0,351.9899999999907,0.0,0.0,351.9899999999907,0.0,0.0,0.0,0.0,0.0,351.9899999999907,351.9899999999907,351.9899999999907,0.0,351.9899999999907
2020-04-24 00:00:00+00:00,11.899004250066355,0.0,25.81000000005588,0.0,0.0,-8.563504249905236,0.0,0.0,0.0,0.0,0.0,25.81000000005588,25.81000000005588,25.81000000005588,0.0,25.81000000005588
2020-04-25 00:00:00+00:00,32.96999999997206,21.343757504946552,32.96999999997206,0.0,21.343757504946552,0.0,0.0,0.0,0.0,0.0,0.0,-10.918727505020797,-10.918727505020797,-10.918727505020797,0.0,32.96999999997206
2020-04-26 00:00:00+00:00,158.79000000003725,158.79000000003725,158.79000000003725,0.0,158.79000000003725,0.0,0.0,0.0,0.0,0.0,0.0,0.0,0.0,0.0,0.0,158.79000000003725
2020-04-27 00:00:00+00:00,83.36999999999534,83.36999999999534,83.36999999999534,0.0,83.36999999999534,0.0,0.0,0.0,0.0,0.0,0.0,0.0,0.0,0.0,0.0,83.36999999999534
2020-04-28 00:00:00+00:00,-34.76000000000931,-34.76000000000931,-34.76000000000931,0.0,-34.76000000000931,0.0,0.0,0.0,0.0,0.0,0.0,0.0,0.0,0.0,0.0,-34.76000000000931
2020-04-29 00:00:00+00:00,1038.7399999999907,1038.7399999999907,1038.7399999999907,0.0,1038.7399999999907,0.0,0.0,0.0,0.0,0.0,0.0,0.0,0.0,0.0,0.0,1038.7399999999907
2020-04-30 00:00:00+00:00,-169.46999999997206,-169.46999999997206,-169.46999999997206,0.0,-169.46999999997206,0.0,0.0,0.0,0.0,0.0,0.0,0.0,0.0,0.0,0.0,-169.46999999997206
2020-05-01 00:00:00+00:00,205.14000000001397,205.14000000001397,205.14000000001397,191.79866765998304,205.14000000001397,0.0,0.0,0.0,0.0,0.0,0.0,0.0,0.0,0.0,0.0,205.14000000001397
2020-05-02 00:00:00+00:00,156.15999999991618,156.15999999991618,156.15999999991618,156.15999999991618,156.15999999991618,0.0,0.0,0.0,0.0,0.0,0.0,0.0,0.0,0.0,0.0,156.15999999991618
2020-05-03 00:00:00+00:00,-75.63000000000466,-75.63000000000466,-75.63000000000466,-14.36254265496973,-75.63000000000466,0.0,0.0,0.0,0.0,0.0,0.0,0.0,0.0,0.0,0.0,-75.63000000000466
2020-05-04 00:00:00+00:00,-26.419999999925494,-26.419999999925494,-26.419999999925494,-37.68622892501298,-26.419999999925494,0.0,0.0,0.0,0.0,0.0,0.0,0.0,0.0,0.0,0.0,-26.419999999925494
2020-05-05 00:00:00+00:00,145.2600000000093,145.2600000000093,145.2600000000093,145.2600000000093,145.2600000000093,0.0,0.0,0.0,0.0,0.0,0.0,0.0,0.0,0.0,0.0,145.2600000000093
2020-05-06 00:00:00+00:00,127.0,127.0,127.0,-13.548655610065907,127.0,0.0,0.0,0.0,0.0,0.0,0.0,0.0,0.0,0.0,0.0,127.0
2020-05-07 00:00:00+00:00,848.9799999999814,848.9799999999814,848.9799999999814,0.0,848.9799999999814,0.0,0.0,0.0,0.0,0.0,0.0,0.0,0.0,0.0,0.0,848.9799999999814
2020-05-08 00:00:00+00:00,-194.77000000001863,-194.77000000001863,-194.77000000001863,-205.37555518501904,-194.77000000001863,0.0,0.0,0.0,0.0,0.0,0.0,0.0,0.0,0.0,0.0,-194.77000000001863
2020-05-09 00:00:00+00:00,-272.79000000003725,-272.79000000003725,-272.79000000003725,-272.79000000003725,-272.79000000003725,0.0,0.0,0.0,0.0,0.0,0.0,0.0,0.0,0.0,0.0,-272.79000000003725
2020-05-10 00:00:00+00:00,-807.3499999999767,-807.3499999999767,-807.3499999999767,-807.3499999999767,-807.3499999999767,0.0,0.0,0.0,0.0,0.0,0.0,0.0,0.0,0.0,0.0,-807.3499999999767
2020-05-11 00:00:00+00:00,-157.45999999996275,-157.45999999996275,-157.45999999996275,-157.45999999996275,-157.45999999996275,0.0,0.0,0.0,0.0,0.0,0.0,0.0,0.0,0.0,0.0,-157.45999999996275
2020-05-12 00:00:00+00:00,-12.854313799994998,249.02000000001863,249.02000000001863,249.02000000001863,249.02000000001863,0.0,0.0,0.0,0.0,0.0,0.0,0.0,0.0,0.0,0.0,249.02000000001863
2020-05-13 00:00:00+00:00,0.0,499.8399999999674,499.8399999999674,499.8399999999674,499.8399999999674,486.6134742950089,0.0,0.0,0.0,0.0,0.0,0.0,0.0,0.0,0.0,499.8399999999674
2020-05-14 00:00:00+00:00,0.0,474.0799999999581,474.0799999999581,474.0799999999581,474.0799999999581,474.0799999999581,0.0,0.0,0.0,0.0,0.0,0.0,0.0,0.0,0.0,474.0799999999581
2020-05-15 00:00:00+00:00,-497.9379076700425,-483.2399999999907,-483.2399999999907,-483.2399999999907,-483.2399999999907,-14.68811232992448,0.0,0.0,0.0,0.0,0.0,0.0,0.0,0.0,0.0,-483.2399999999907
2020-05-16 00:00:00+00:00,-13.963493949966505,71.06000000005588,71.06000000005588,71.06000000005588,71.06000000005588,0.0,0.0,0.0,0.0,0.0,0.0,0.0,0.0,0.0,0.0,71.06000000005588
2020-05-17 00:00:00+00:00,0.0,293.46999999997206,293.46999999997206,293.46999999997206,293.46999999997206,0.0,0.0,0.0,0.0,0.0,0.0,0.0,0.0,0.0,0.0,293.46999999997206
2020-05-18 00:00:00+00:00,0.0,51.89000000001397,51.89000000001397,51.89000000001397,51.89000000001397,0.0,0.0,0.0,0.0,0.0,0.0,0.0,0.0,0.0,0.0,51.89000000001397
2020-05-19 00:00:00+00:00,40.64235573995393,55.23999999999069,55.23999999999069,55.23999999999069,55.23999999999069,0.0,0.0,0.0,0.0,0.0,0.0,0.0,0.0,0.0,0.0,55.23999999999069
2020-05-20 00:00:00+00:00,-274.3499999999767,-274.3499999999767,-274.3499999999767,-274.3499999999767,-274.3499999999767,0.0,0.0,0.0,0.0,0.0,0.0,0.0,0.0,0.0,0.0,-274.3499999999767
2020-05-21 00:00:00+00:00,-447.45000000006985,-447.45000000006985,-447.45000000006985,-447.45000000006985,-447.45000000006985,0.0,0.0,0.0,0.0,0.0,0.0,0.0,0.0,0.0,0.0,-447.45000000006985
2020-05-22 00:00:00+00:00,106.88000000000466,106.88000000000466,106.88000000000466,106.88000000000466,106.88000000000466,0.0,0.0,0.0,0.0,0.0,0.0,0.0,0.0,0.0,0.0,106.88000000000466
2020-05-23 00:00:00+00:00,-13.748675580020063,-13.748675580020063,12.92000000004191,12.92000000004191,12.92000000004191,-0.8378444199915975,0.0,0.0,0.0,0.0,0.0,0.0,0.0,0.0,0.0,12.92000000004191
2020-05-24 00:00:00+00:00,0.0,0.0,-466.03000000002794,-466.03000000002794,-466.03000000002794,-466.03000000002794,0.0,0.0,0.0,0.0,0.0,0.0,0.0,0.0,0.0,-466.03000000002794
2020-05-25 00:00:00+00:00,0.0,0.0,183.5800000000745,183.5800000000745,183.5800000000745,183.5800000000745,0.0,0.0,0.0,0.0,0.0,0.0,0.0,0.0,0.0,183.5800000000745
2020-05-26 00:00:00+00:00,0.0,0.0,-54.89000000001397,-54.89000000001397,-54.89000000001397,-54.89000000001397,-68.93444999994244,0.0,0.0,0.0,0.0,0.0,0.0,0.0,0.0,-54.89000000001397
2020-05-27 00:00:00+00:00,0.0,350.84896279498935,364.10999999998603,364.10999999998603,364.10999999998603,364.10999999998603,364.10999999998603,0.0,0.0,0.0,0.0,0.0,0.0,0.0,0.0,364.10999999998603
2020-05-28 00:00:00+00:00,0.0,371.6599999999162,371.6599999999162,371.6599999999162,-13.808190735056996,371.6599999999162,371.6599999999162,0.0,0.0,0.0,0.0,0.0,0.0,0.0,0.0,371.6599999999162
2020-05-29 00:00:00+00:00,0.0,-14.545224994886667,-156.34999999997672,-156.34999999997672,0.0,-156.34999999997672,-156.34999999997672,0.0,0.0,0.0,0.0,0.0,0.0,0.0,0.0,-156.34999999997672
2020-05-30 00:00:00+00:00,262.3395130749559,0.0,276.4899999999907,276.4899999999907,262.3395130749559,-14.121063074911945,-14.121063074911945,0.0,0.0,0.0,0.0,0.0,0.0,0.0,0.0,276.4899999999907
2020-05-31 00:00:00+00:00,-253.7600000000093,-268.30533016007394,-253.7600000000093,-253.7600000000093,-14.555629840004258,0.0,0.0,0.0,0.0,0.0,0.0,0.0,0.0,0.0,0.0,-253.7600000000093
2020-06-01 00:00:00+00:00,762.390000000014,762.390000000014,762.390000000014,762.390000000014,748.9565320849651,0.0,0.0,0.0,0.0,0.0,0.0,0.0,0.0,0.0,0.0,762.390000000014
2020-06-02 00:00:00+00:00,-686.5,-15.308335519977845,-686.5,-686.5,-686.5,0.0,0.0,0.0,0.0,0.0,0.0,0.0,0.0,0.0,0.0,-686.5
2020-06-03 00:00:00+00:00,145.60999999998603,132.25294423499145,145.60999999998603,145.60999999998603,145.60999999998603,0.0,0.0,0.0,0.0,0.0,0.0,0.0,0.0,0.0,0.0,145.60999999998603
2020-06-04 00:00:00+00:00,119.96000000007916,-14.507255969918333,119.96000000007916,119.96000000007916,119.96000000007916,0.0,0.0,0.0,0.0,0.0,0.0,0.0,0.0,0.0,0.0,119.96000000007916
2020-06-05 00:00:00+00:00,-174.8200000000652,-193.44283597997855,-174.8200000000652,-174.8200000000652,-174.8200000000652,0.0,0.0,0.0,0.0,0.0,0.0,0.0,0.0,0.0,0.0,-174.8200000000652
2020-06-06 00:00:00+00:00,58.48999999999069,58.48999999999069,58.48999999999069,58.48999999999069,58.48999999999069,0.0,0.0,0.0,0.0,0.0,0.0,0.0,0.0,0.0,0.0,58.48999999999069
2020-06-07 00:00:00+00:00,78.42000000004191,78.42000000004191,78.42000000004191,78.42000000004191,-15.920584859908558,0.0,0.0,0.0,0.0,0.0,0.0,0.0,0.0,0.0,0.0,78.42000000004191
2020-06-08 00:00:00+00:00,-14.620304940035567,31.39000000001397,-14.620304940035567,31.39000000001397,0.0,0.0,0.0,0.0,0.0,0.0,0.0,0.0,0.0,0.0,0.0,31.39000000001397
2020-06-09 00:00:00+00:00,-16.777155754971318,-2.099999999976717,0.0,-2.099999999976717,0.0,0.0,0.0,0.0,0.0,0.0,0.0,0.0,0.0,0.0,0.0,-2.099999999976717
2020-06-10 00:00:00+00:00,-14.37466015003156,114.63000000000466,99.66556015005335,114.63000000000466,0.0,0.0,0.0,0.0,0.0,0.0,0.0,0.0,0.0,0.0,0.0,114.63000000000466
2020-06-11 00:00:00+00:00,-641.0364721749211,-625.8800000000047,-625.8800000000047,-625.8800000000047,0.0,0.0,0.0,0.0,0.0,0.0,0.0,0.0,0.0,0.0,0.0,-625.8800000000047
2020-06-12 00:00:00+00:00,196.0100000000093,196.0100000000093,196.0100000000093,196.0100000000093,0.0,0.0,0.0,0.0,0.0,0.0,0.0,0.0,0.0,0.0,0.0,196.0100000000093
2020-06-13 00:00:00+00:00,-13.652332645026036,-13.652332645026036,10.82999999995809,10.82999999995809,0.0,-3.9117973550455645,-3.9117973550455645,-3.9117973550455645,-3.9117973550455645,0.0,0.0,0.0,0.0,0.0,0.0,10.82999999995809
2020-06-14 00:00:00+00:00,0.0,-164.2172375000082,-150.0,-150.0,0.0,-150.0,-150.0,-150.0,-150.0,0.0,0.0,0.0,0.0,0.0,0.0,-150.0
2020-06-15 00:00:00+00:00,0.0,-10.358280685031787,-10.358280685031787,107.53000000002794,0.0,107.53000000002794,107.53000000002794,107.53000000002794,107.53000000002794,0.0,0.0,0.0,0.0,0.0,0.0,107.53000000002794
2020-06-16 00:00:00+00:00,0.0,0.0,79.52642871497665,93.71999999997206,0.0,93.71999999997206,93.71999999997206,93.71999999997206,93.71999999997206,0.0,0.0,0.0,0.0,0.0,0.0,93.71999999997206
2020-06-17 00:00:00+00:00,0.0,0.0,-68.73999999999069,-68.73999999999069,0.0,-68.73999999999069,-68.73999999999069,-68.73999999999069,-68.73999999999069,0.0,0.0,0.0,0.0,0.0,0.0,-68.73999999999069
2020-06-18 00:00:00+00:00,0.0,-95.56099375500344,-14.18153624504339,-81.36999999999534,0.0,-81.36999999999534,-81.36999999999534,-81.36999999999534,-14.18153624504339,0.0,0.0,0.0,0.0,0.0,0.0,-81.36999999999534
2020-06-19 00:00:00+00:00,0.0,-14.059521930059418,0.0,-74.22999999998137,0.0,-74.22999999998137,-74.22999999998137,-74.22999999998137,0.0,0.0,0.0,0.0,0.0,0.0,0.0,-74.22999999998137
2020-06-20 00:00:00+00:00,41.364719789940864,0.0,0.0,53.82999999995809,0.0,53.82999999995809,53.82999999995809,53.82999999995809,0.0,0.0,0.0,0.0,0.0,0.0,0.0,53.82999999995809
2020-06-21 00:00:00+00:00,-14.028932129964232,0.0,0.0,-69.59999999997672,0.0,-69.59999999997672,-69.59999999997672,-69.59999999997672,0.0,0.0,0.0,0.0,0.0,0.0,0.0,-69.59999999997672
2020-06-22 00:00:00+00:00,0.0,0.0,390.6661469299579,404.5999999999767,0.0,404.5999999999767,404.5999999999767,404.5999999999767,0.0,0.0,0.0,0.0,0.0,0.0,0.0,404.5999999999767
2020-06-23 00:00:00+00:00,0.0,0.0,-67.17999999993481,-67.17999999993481,0.0,-67.17999999993481,-67.17999999993481,-67.17999999993481,-81.65085033490323,0.0,0.0,0.0,0.0,0.0,0.0,-67.17999999993481
2020-06-24 00:00:00+00:00,-352.0901517799357,0.0,-337.6500000000233,-337.6500000000233,0.0,-14.430528220022097,-14.430528220022097,-14.430528220022097,-14.430528220022097,0.0,0.0,0.0,0.0,0.0,0.0,-337.6500000000233
2020-06-25 00:00:00+00:00,-42.40000000002328,0.0,-42.40000000002328,-42.40000000002328,0.0,0.0,0.0,0.0,0.0,0.0,0.0,0.0,0.0,0.0,0.0,-42.40000000002328
2020-06-26 00:00:00+00:00,-14.389848510036245,0.0,-88.0899999999674,-88.0899999999674,0.0,-101.42909148999024,-101.42909148999024,0.0,-101.42909148999024,0.0,0.0,0.0,0.0,0.0,0.0,-88.0899999999674
2020-06-27 00:00:00+00:00,0.0,0.0,-152.96000000007916,-152.96000000007916,-166.69770771008916,-152.96000000007916,-152.96000000007916,0.0,-152.96000000007916,-166.69770771008916,0.0,0.0,0.0,0.0,0.0,-152.96000000007916
2020-06-28 00:00:00+00:00,0.0,0.0,-13.579068809980527,110.78000000002794,110.78000000002794,110.78000000002794,110.78000000002794,97.35192881000694,110.78000000002794,110.78000000002794,97.35192881000694,0.0,0.0,0.0,0.0,110.78000000002794
2020-06-29 00:00:00+00:00,0.0,0.0,0.0,71.20999999996275,71.20999999996275,71.20999999996275,71.20999999996275,71.20999999996275,71.20999999996275,71.20999999996275,71.20999999996275,57.54559838492423,0.0,0.0,0.0,71.20999999996275
2020-06-30 00:00:00+00:00,0.0,0.0,0.0,-48.25,-48.25,-48.25,-48.25,-48.25,-48.25,-48.25,-48.25,-48.25,0.0,0.0,0.0,-48.25
2020-07-01 00:00:00+00:00,0.0,0.0,0.0,103.77000000001863,103.77000000001863,103.77000000001863,103.77000000001863,103.77000000001863,103.77000000001863,103.77000000001863,103.77000000001863,103.77000000001863,0.0,0.0,0.0,103.77000000001863
2020-07-02 00:00:00+00:00,0.0,0.0,0.0,-148.43999999994412,-148.43999999994412,-148.43999999994412,-148.43999999994412,-148.43999999994412,-148.43999999994412,-148.43999999994412,-148.43999999994412,-148.43999999994412,0.0,0.0,0.0,-148.43999999994412
2020-07-03 00:00:00+00:00,0.0,0.0,0.0,-27.660000000032596,-27.660000000032596,-27.660000000032596,-27.660000000032596,-27.660000000032596,-27.660000000032596,-27.660000000032596,-27.660000000032596,-27.660000000032596,0.0,0.0,0.0,-27.660000000032596
2020-07-04 00:00:00+00:00,0.0,0.0,0.0,74.64000000001397,74.64000000001397,74.64000000001397,74.64000000001397,74.64000000001397,74.64000000001397,74.64000000001397,74.64000000001397,74.64000000001397,0.0,0.0,0.0,74.64000000001397
2020-07-05 00:00:00+00:00,0.0,0.0,0.0,-64.11999999999534,-13.703195745008998,-64.11999999999534,-64.11999999999534,-64.11999999999534,-64.11999999999534,-64.11999999999534,-64.11999999999534,-64.11999999999534,0.0,0.0,0.0,-64.11999999999534
2020-07-06 00:00:00+00:00,255.32390781503636,0.0,0.0,268.9200000000419,0.0,268.9200000000419,268.9200000000419,268.9200000000419,268.9200000000419,268.9200000000419,268.9200000000419,268.9200000000419,0.0,0.0,0.0,268.9200000000419
2020-07-07 00:00:00+00:00,-14.010293345083483,0.0,0.0,-14.010293345083483,-103.38963665510528,-89.37000000011176,-89.37000000011176,-89.37000000011176,-89.37000000011176,-89.37000000011176,-89.37000000011176,-89.37000000011176,0.0,0.0,0.0,-89.37000000011176
2020-07-08 00:00:00+00:00,167.4544630299788,0.0,0.0,0.0,181.34000000008382,-13.876283029909246,-13.876283029909246,-13.876283029909246,181.34000000008382,181.34000000008382,181.34000000008382,181.34000000008382,0.0,0.0,0.0,181.34000000008382
2020-07-09 00:00:00+00:00,-198.3300000000745,0.0,0.0,0.0,-198.3300000000745,0.0,0.0,0.0,-198.3300000000745,-198.3300000000745,-198.3300000000745,-198.3300000000745,0.0,0.0,0.0,-198.3300000000745
2020-07-10 00:00:00+00:00,54.10000000009313,40.239956525038,0.0,0.0,54.10000000009313,0.0,0.0,0.0,-13.850806524977088,-13.850806524977088,-13.850806524977088,-13.850806524977088,0.0,0.0,0.0,54.10000000009313
2020-07-11 00:00:00+00:00,-56.050000000046566,-13.941914480063133,0.0,-69.98120551998727,-56.050000000046566,0.0,0.0,0.0,0.0,0.0,0.0,0.0,0.0,0.0,0.0,-56.050000000046566
2020-07-12 00:00:00+00:00,68.36999999999534,54.512882499955595,0.0,68.36999999999534,68.36999999999534,0.0,0.0,0.0,0.0,0.0,0.0,0.0,0.0,0.0,0.0,68.36999999999534
2020-07-13 00:00:00+00:00,-66.44999999995343,-66.44999999995343,0.0,-66.44999999995343,-66.44999999995343,0.0,0.0,0.0,0.0,0.0,0.0,-80.41972169000655,0.0,0.0,0.0,-66.44999999995343
2020-07-14 00:00:00+00:00,20.01999999990221,20.01999999990221,0.0,-13.860746545018628,20.01999999990221,0.0,0.0,0.0,0.0,0.0,0.0,20.01999999990221,0.0,0.0,0.0,20.01999999990221
2020-07-15 00:00:00+00:00,-13.88078152993694,-66.77999999991152,0.0,0.0,-66.77999999991152,0.0,0.0,0.0,0.0,0.0,0.0,-66.77999999991152,0.0,0.0,0.0,-66.77999999991152
2020-07-16 00:00:00+00:00,-74.48079539998434,-60.050000000046566,0.0,0.0,-60.050000000046566,0.0,0.0,0.0,0.0,0.0,0.0,-60.050000000046566,0.0,0.0,0.0,-60.050000000046566
2020-07-17 00:00:00+00:00,-12.871829534997232,-12.871829534997232,0.0,0.0,24.180000000051223,0.0,0.0,0.0,9.659039535094053,0.0,0.0,24.180000000051223,0.0,0.0,0.0,24.180000000051223
2020-07-18 00:00:00+00:00,0.0,7.823987854993902,0.0,0.0,21.559999999939464,7.823987854993902,0.0,0.0,21.559999999939464,0.0,0.0,21.559999999939464,0.0,0.0,0.0,21.559999999939464
2020-07-19 00:00:00+00:00,0.0,37.02000000001863,0.0,0.0,37.02000000001863,37.02000000001863,0.0,0.0,37.02000000001863,0.0,0.0,37.02000000001863,0.0,0.0,0.0,37.02000000001863
2020-07-20 00:00:00+00:00,0.0,-51.81999999994878,0.0,0.0,-51.81999999994878,-51.81999999994878,0.0,0.0,-51.81999999994878,0.0,0.0,-51.81999999994878,0.0,0.0,0.0,-51.81999999994878
2020-07-21 00:00:00+00:00,0.0,233.0899999999674,0.0,0.0,233.0899999999674,233.0899999999674,0.0,0.0,233.0899999999674,0.0,0.0,233.0899999999674,0.0,0.0,0.0,233.0899999999674
2020-07-22 00:00:00+00:00,0.0,-14.08651292999275,0.0,127.94409293006174,142.04000000003725,142.04000000003725,127.94409293006174,0.0,142.04000000003725,0.0,0.0,142.04000000003725,0.0,0.0,0.0,142.04000000003725
2020-07-23 00:00:00+00:00,62.730931899975985,62.730931899975985,62.730931899975985,77.05999999993946,77.05999999993946,-14.27953190007247,-14.27953190007247,0.0,-14.27953190007247,0.0,0.0,-14.27953190007247,0.0,0.0,0.0,77.05999999993946
2020-07-24 00:00:00+00:00,-62.03000000002794,-62.03000000002794,-14.41505337995477,-62.03000000002794,-62.03000000002794,0.0,0.0,0.0,0.0,0.0,0.0,0.0,0.0,0.0,0.0,-62.03000000002794
2020-07-25 00:00:00+00:00,160.11999999999534,160.11999999999534,0.0,160.11999999999534,160.11999999999534,0.0,0.0,0.0,0.0,0.0,0.0,0.0,0.0,0.0,0.0,160.11999999999534
2020-07-26 00:00:00+00:00,229.6700000000419,229.6700000000419,214.6374591049971,229.6700000000419,229.6700000000419,0.0,0.0,0.0,0.0,0.0,0.0,0.0,0.0,0.0,0.0,229.6700000000419
2020-07-27 00:00:00+00:00,1107.9100000000326,1107.9100000000326,1107.9100000000326,1107.9100000000326,1107.9100000000326,0.0,0.0,0.0,0.0,0.0,0.0,0.0,0.0,0.0,0.0,1107.9100000000326
2020-07-28 00:00:00+00:00,-114.68000000005122,-114.68000000005122,-114.68000000005122,-114.68000000005122,-114.68000000005122,0.0,0.0,0.0,0.0,0.0,0.0,0.0,0.0,0.0,0.0,-114.68000000005122
2020-07-29 00:00:00+00:00,175.89000000001397,175.89000000001397,175.89000000001397,175.89000000001397,175.89000000001397,0.0,0.0,0.0,0.0,0.0,0.0,0.0,0.0,0.0,0.0,175.89000000001397
2020-07-30 00:00:00+00:00,5.8299999999580905,5.8299999999580905,5.8299999999580905,5.8299999999580905,5.8299999999580905,0.0,0.0,0.0,0.0,0.0,0.0,0.0,0.0,0.0,0.0,5.8299999999580905
2020-07-31 00:00:00+00:00,235.6700000000419,235.6700000000419,235.6700000000419,235.6700000000419,235.6700000000419,0.0,0.0,0.0,0.0,0.0,0.0,0.0,0.0,0.0,0.0,235.6700000000419
2020-08-01 00:00:00+00:00,458.44999999995343,458.44999999995343,458.44999999995343,458.44999999995343,458.44999999995343,0.0,0.0,0.0,0.0,0.0,0.0,0.0,0.0,0.0,0.0,458.44999999995343
2020-08-02 00:00:00+00:00,-741.5299999999115,-741.5299999999115,-741.5299999999115,-741.5299999999115,-741.5299999999115,0.0,0.0,0.0,0.0,0.0,0.0,0.0,0.0,0.0,0.0,-741.5299999999115
2020-08-03 00:00:00+00:00,164.5899999999674,164.5899999999674,164.5899999999674,164.5899999999674,164.5899999999674,0.0,0.0,0.0,0.0,0.0,0.0,0.0,0.0,0.0,0.0,164.5899999999674
2020-08-04 00:00:00+00:00,-36.089999999967404,-36.089999999967404,-36.089999999967404,-36.089999999967404,-36.089999999967404,0.0,0.0,0.0,0.0,0.0,0.0,0.0,0.0,0.0,0.0,-36.089999999967404
2020-08-05 00:00:00+00:00,559.7099999999627,559.7099999999627,559.7099999999627,559.7099999999627,559.7099999999627,0.0,0.0,0.0,0.0,0.0,0.0,0.0,0.0,0.0,0.0,559.7099999999627
2020-08-06 00:00:00+00:00,17.14000000001397,17.14000000001397,17.14000000001397,17.14000000001397,17.14000000001397,0.0,0.0,0.0,0.0,0.0,0.0,0.0,0.0,0.0,0.0,17.14000000001397
2020-08-07 00:00:00+00:00,-167.36999999999534,-167.36999999999534,-167.36999999999534,-167.36999999999534,-167.36999999999534,0.0,0.0,0.0,0.0,0.0,0.0,0.0,0.0,0.0,0.0,-167.36999999999534
2020-08-08 00:00:00+00:00,168.45999999996275,168.45999999996275,168.45999999996275,168.45999999996275,168.45999999996275,0.0,0.0,0.0,0.0,0.0,0.0,0.0,0.0,0.0,0.0,168.45999999996275
2020-08-09 00:00:00+00:00,-86.5,-86.5,-86.5,-86.5,-86.5,0.0,0.0,0.0,0.0,0.0,0.0,0.0,0.0,0.0,0.0,-86.5
2020-08-10 00:00:00+00:00,-17.756530874990858,211.25,211.25,211.25,211.25,0.0,0.0,0.0,0.0,0.0,0.0,0.0,0.0,0.0,0.0,211.25
2020-08-11 00:00:00+00:00,-529.1957549349172,-511.19999999995343,-511.19999999995343,-511.19999999995343,-511.19999999995343,0.0,0.0,0.0,0.0,0.0,0.0,0.0,0.0,0.0,0.0,-511.19999999995343
2020-08-12 00:00:00+00:00,177.9199999999255,177.9199999999255,177.9199999999255,177.9199999999255,177.9199999999255,0.0,0.0,0.0,0.0,0.0,0.0,0.0,0.0,0.0,0.0,177.9199999999255
2020-08-13 00:00:00+00:00,229.5,229.5,229.5,229.5,229.5,0.0,0.0,0.0,0.0,0.0,0.0,0.0,0.0,0.0,0.0,229.5
2020-08-14 00:00:00+00:00,-17.688027024967596,-16.949999999953434,-16.949999999953434,-16.949999999953434,-16.949999999953434,0.0,0.0,0.0,0.0,0.0,0.0,0.0,0.0,0.0,0.0,-16.949999999953434
2020-08-15 00:00:00+00:00,64.06786125001963,80.23999999999069,80.23999999999069,80.23999999999069,80.23999999999069,0.0,0.0,0.0,0.0,0.0,0.0,0.0,0.0,0.0,0.0,80.23999999999069
2020-08-16 00:00:00+00:00,59.59999999997672,59.59999999997672,59.59999999997672,59.59999999997672,59.59999999997672,0.0,0.0,0.0,0.0,0.0,0.0,0.0,0.0,0.0,0.0,59.59999999997672
2020-08-17 00:00:00+00:00,385.4200000000419,385.4200000000419,385.4200000000419,385.4200000000419,385.4200000000419,0.0,0.0,0.0,0.0,0.0,0.0,0.0,0.0,0.0,0.0,385.4200000000419
2020-08-18 00:00:00+00:00,-354.2600000000093,-354.2600000000093,-354.2600000000093,-354.2600000000093,-354.2600000000093,0.0,0.0,0.0,0.0,0.0,0.0,0.0,0.0,0.0,0.0,-354.2600000000093
2020-08-19 00:00:00+00:00,-191.13000000000466,-191.13000000000466,-191.13000000000466,-191.13000000000466,-191.13000000000466,0.0,0.0,0.0,0.0,0.0,0.0,0.0,0.0,0.0,0.0,-191.13000000000466
2020-08-20 00:00:00+00:00,105.39000000001397,105.39000000001397,105.39000000001397,105.39000000001397,105.39000000001397,0.0,0.0,0.0,0.0,0.0,0.0,0.0,0.0,0.0,0.0,105.39000000001397
2020-08-21 00:00:00+00:00,-335.04000000003725,-335.04000000003725,-335.04000000003725,-335.04000000003725,-335.04000000003725,0.0,0.0,0.0,0.0,0.0,0.0,0.0,0.0,0.0,0.0,-335.04000000003725
2020-08-22 00:00:00+00:00,143.71000000007916,143.71000000007916,143.71000000007916,143.71000000007916,143.71000000007916,0.0,0.0,0.0,0.0,0.0,0.0,0.0,0.0,0.0,0.0,143.71000000007916
2020-08-23 00:00:00+00:00,-17.513543540029787,-17.513543540029787,-22.92000000004191,-22.92000000004191,-22.92000000004191,-40.42521646001842,-40.42521646001842,0.0,0.0,0.0,0.0,0.0,0.0,0.0,0.0,-22.92000000004191
2020-08-24 00:00:00+00:00,0.0,0.0,103.8399999999674,103.8399999999674,103.8399999999674,103.8399999999674,103.8399999999674,0.0,0.0,0.0,0.0,0.0,0.0,0.0,0.0,103.8399999999674
2020-08-25 00:00:00+00:00,0.0,0.0,-428.9299999999348,-428.9299999999348,-428.9299999999348,-428.9299999999348,-428.9299999999348,0.0,0.0,0.0,0.0,0.0,0.0,0.0,0.0,-428.9299999999348
2020-08-26 00:00:00+00:00,0.0,0.0,138.34999999997672,138.34999999997672,138.34999999997672,138.34999999997672,138.34999999997672,0.0,0.0,0.0,0.0,0.0,0.0,0.0,0.0,138.34999999997672
2020-08-27 00:00:00+00:00,0.0,0.0,-133.20999999996275,-133.20999999996275,-133.20999999996275,-133.20999999996275,-133.20999999996275,-150.41063663491514,0.0,0.0,0.0,0.0,0.0,0.0,0.0,-133.20999999996275
2020-08-28 00:00:00+00:00,0.0,0.0,204.93999999994412,204.93999999994412,204.93999999994412,204.93999999994412,204.93999999994412,204.93999999994412,0.0,0.0,0.0,0.0,0.0,0.0,0.0,204.93999999994412
2020-08-29 00:00:00+00:00,0.0,0.0,-60.68999999994412,-60.68999999994412,-60.68999999994412,-60.68999999994412,-60.68999999994412,-60.68999999994412,-77.99826749996282,0.0,0.0,0.0,0.0,0.0,0.0,-60.68999999994412
2020-08-30 00:00:00+00:00,224.4928128500469,0.0,241.69999999995343,241.69999999995343,241.69999999995343,241.69999999995343,241.69999999995343,241.69999999995343,241.69999999995343,0.0,0.0,0.0,0.0,0.0,0.0,241.69999999995343
2020-08-31 00:00:00+00:00,-17.57814200001303,0.0,-61.01000000000931,-61.01000000000931,-61.01000000000931,-61.01000000000931,-61.01000000000931,-61.01000000000931,-61.01000000000931,0.0,0.0,0.0,0.0,0.0,0.0,-61.01000000000931
2020-09-01 00:00:00+00:00,251.73167250002734,0.0,269.21999999997206,269.21999999997206,269.21999999997206,-17.476672500022687,-17.476672500022687,-17.476672500022687,-17.476672500022687,0.0,0.0,0.0,0.0,0.0,0.0,269.21999999997206
2020-09-02 00:00:00+00:00,-17.880367890000343,0.0,-17.880367890000343,-528.7399999999907,-528.7399999999907,0.0,0.0,0.0,0.0,0.0,0.0,0.0,0.0,0.0,0.0,-528.7399999999907
2020-09-03 00:00:00+00:00,-1240.0689327450236,0.0,-1240.0689327450236,-1222.9599999999627,-1222.9599999999627,0.0,0.0,0.0,0.0,0.0,0.0,0.0,0.0,0.0,0.0,-1222.9599999999627
2020-09-04 00:00:00+00:00,-15.643108934978954,0.0,327.53000000002794,327.53000000002794,327.53000000002794,312.6567189350026,312.6567189350026,0.0,312.6567189350026,312.6567189350026,0.0,0.0,0.0,0.0,0.0,327.53000000002794
2020-09-05 00:00:00+00:00,0.0,0.0,-15.744824975030497,-331.69000000006054,-331.69000000006054,-331.69000000006054,-331.69000000006054,-347.44532502500806,-331.69000000006054,-331.69000000006054,-347.44532502500806,-347.44532502500806,0.0,0.0,0.0,-331.69000000006054
2020-09-06 00:00:00+00:00,0.0,0.0,0.0,89.5,89.5,89.5,89.5,89.5,89.5,89.5,89.5,89.5,0.0,0.0,0.0,89.5
2020-09-07 00:00:00+00:00,0.0,0.0,0.0,117.14000000001397,117.14000000001397,117.14000000001397,117.14000000001397,117.14000000001397,117.14000000001397,117.14000000001397,117.14000000001397,117.14000000001397,0.0,0.0,0.0,117.14000000001397
2020-09-08 00:00:00+00:00,0.0,0.0,0.0,-249.31000000005588,-249.31000000005588,-249.31000000005588,-249.31000000005588,-249.31000000005588,-249.31000000005588,-249.31000000005588,-249.31000000005588,-249.31000000005588,0.0,0.0,0.0,-249.31000000005588
2020-09-09 00:00:00+00:00,0.0,0.0,0.0,98.87000000011176,98.87000000011176,98.87000000011176,98.87000000011176,98.87000000011176,98.87000000011176,98.87000000011176,98.87000000011176,98.87000000011176,0.0,0.0,0.0,98.87000000011176
2020-09-10 00:00:00+00:00,0.0,0.0,0.0,118.6699999999255,118.6699999999255,118.6699999999255,118.6699999999255,118.6699999999255,118.6699999999255,118.6699999999255,118.6699999999255,118.6699999999255,0.0,0.0,0.0,118.6699999999255
2020-09-11 00:00:00+00:00,0.0,0.0,0.0,51.18000000005122,51.18000000005122,51.18000000005122,51.18000000005122,51.18000000005122,51.18000000005122,51.18000000005122,51.18000000005122,51.18000000005122,0.0,0.0,0.0,51.18000000005122
2020-09-12 00:00:00+00:00,36.51318779506255,0.0,0.0,52.10999999998603,52.10999999998603,52.10999999998603,52.10999999998603,52.10999999998603,52.10999999998603,52.10999999998603,52.10999999998603,52.10999999998603,0.0,0.0,0.0,52.10999999998603
2020-09-13 00:00:00+00:00,-15.664556739968248,0.0,0.0,-109.76000000000931,-109.76000000000931,-109.76000000000931,-109.76000000000931,-109.76000000000931,-109.76000000000931,-109.76000000000931,-109.76000000000931,-109.76000000000931,0.0,0.0,0.0,-109.76000000000931
2020-09-14 00:00:00+00:00,327.67969161993824,0.0,0.0,343.1899999999441,343.1899999999441,343.1899999999441,343.1899999999441,343.1899999999441,343.1899999999441,343.1899999999441,343.1899999999441,343.1899999999441,0.0,0.0,0.0,343.1899999999441
2020-09-15 00:00:00+00:00,103.80000000004657,0.0,0.0,103.80000000004657,103.80000000004657,103.80000000004657,103.80000000004657,103.80000000004657,103.80000000004657,103.80000000004657,103.80000000004657,103.80000000004657,0.0,0.0,0.0,103.80000000004657
2020-09-16 00:00:00+00:00,175.85999999998603,0.0,0.0,175.85999999998603,175.85999999998603,-16.559648319962434,-16.559648319962434,-16.559648319962434,175.85999999998603,175.85999999998603,175.85999999998603,175.85999999998603,0.0,0.0,0.0,175.85999999998603
2020-09-17 00:00:00+00:00,-16.0,0.0,0.0,-16.0,-16.0,0.0,0.0,0.0,-16.0,-16.0,-16.0,-16.0,0.0,0.0,0.0,-16.0
2020-09-18 00:00:00+00:00,-6.089999999967404,0.0,0.0,-6.089999999967404,-6.089999999967404,0.0,0.0,0.0,-6.089999999967404,-6.089999999967404,-6.089999999967404,-6.089999999967404,0.0,0.0,0.0,-6.089999999967404
2020-09-19 00:00:00+00:00,142.47999999998137,126.08828124997672,0.0,142.47999999998137,142.47999999998137,0.0,0.0,0.0,142.47999999998137,142.47999999998137,142.47999999998137,142.47999999998137,0.0,0.0,0.0,142.47999999998137
2020-09-20 00:00:00+00:00,-159.10999999998603,-159.10999999998603,0.0,-159.10999999998603,-159.10999999998603,0.0,0.0,0.0,-159.10999999998603,-159.10999999998603,-159.10999999998603,-159.10999999998603,0.0,0.0,0.0,-159.10999999998603
2020-09-21 00:00:00+00:00,-504.0700000000652,-504.0700000000652,0.0,-504.0700000000652,-504.0700000000652,0.0,0.0,0.0,-16.3259495300008,-16.3259495300008,-16.3259495300008,-504.0700000000652,0.0,0.0,0.0,-504.0700000000652
2020-09-22 00:00:00+00:00,114.31000000005588,114.31000000005588,0.0,114.31000000005588,114.31000000005588,0.0,0.0,0.0,0.0,0.0,0.0,114.31000000005588,0.0,0.0,0.0,114.31000000005588
2020-09-23 00:00:00+00:00,-15.791429435019381,-296.03000000002794,0.0,-296.03000000002794,-296.03000000002794,-311.8319605650613,0.0,0.0,-311.8319605650613,0.0,0.0,-296.03000000002794,-311.8319605650613,0.0,0.0,-296.03000000002794
2020-09-24 00:00:00+00:00,0.0,504.9100000000326,0.0,504.9100000000326,504.9100000000326,504.9100000000326,0.0,0.0,504.9100000000326,0.0,0.0,504.9100000000326,504.9100000000326,0.0,0.0,504.9100000000326
2020-09-25 00:00:00+00:00,0.0,-49.47999999998137,0.0,-49.47999999998137,-49.47999999998137,-49.47999999998137,-65.58536999998614,0.0,-49.47999999998137,-65.58536999998614,0.0,-49.47999999998137,-49.47999999998137,0.0,0.0,-49.47999999998137
2020-09-26 00:00:00+00:00,0.0,39.46999999997206,0.0,39.46999999997206,39.46999999997206,-16.03044973500073,-16.03044973500073,0.0,39.46999999997206,39.46999999997206,0.0,39.46999999997206,39.46999999997206,0.0,0.0,39.46999999997206
2020-09-27 00:00:00+00:00,0.0,48.199999999953434,0.0,-16.08963499998208,48.199999999953434,0.0,0.0,0.0,48.199999999953434,48.199999999953434,0.0,48.199999999953434,48.199999999953434,0.0,0.0,48.199999999953434
2020-09-28 00:00:00+00:00,0.0,-82.64999999990687,0.0,0.0,-82.64999999990687,0.0,0.0,0.0,-82.64999999990687,-82.64999999990687,0.0,-82.64999999990687,-82.64999999990687,0.0,0.0,-82.64999999990687
2020-09-29 00:00:00+00:00,0.0,145.1799999999348,0.0,0.0,145.1799999999348,0.0,0.0,0.0,-16.68700254999567,-16.68700254999567,0.0,145.1799999999348,145.1799999999348,0.0,0.0,145.1799999999348
2020-09-30 00:00:00+00:00,-76.61538999003824,-61.09999999997672,0.0,0.0,-61.09999999997672,0.0,0.0,0.0,0.0,0.0,0.0,-61.09999999997672,-61.09999999997672,0.0,0.0,-61.09999999997672
2020-10-01 00:00:00+00:00,-162.0,-162.0,0.0,0.0,-162.0,0.0,0.0,0.0,0.0,0.0,0.0,-162.0,-162.0,0.0,0.0,-162.0
2020-10-02 00:00:00+00:00,-44.51000000000931,-17.19921682495624,0.0,0.0,-44.51000000000931,0.0,0.0,0.0,0.0,0.0,0.0,-44.51000000000931,-44.51000000000931,0.0,0.0,-44.51000000000931
2020-10-03 00:00:00+00:00,-15.85439343994949,0.0,0.0,0.0,-21.46999999997206,-37.3349665600108,0.0,0.0,0.0,0.0,0.0,-21.46999999997206,-21.46999999997206,0.0,0.0,-21.46999999997206
2020-10-04 00:00:00+00:00,0.0,0.0,0.0,0.0,119.45999999996275,119.45999999996275,0.0,0.0,0.0,0.0,0.0,119.45999999996275,119.45999999996275,0.0,0.0,119.45999999996275
2020-10-05 00:00:00+00:00,0.0,0.0,108.979649994988,0.0,123.89000000001397,123.89000000001397,0.0,0.0,0.0,0.0,0.0,123.89000000001397,123.89000000001397,0.0,0.0,123.89000000001397
2020-10-06 00:00:00+00:00,0.0,0.0,-192.3399999999674,0.0,-192.3399999999674,-14.220056514954194,0.0,0.0,0.0,0.0,0.0,-192.3399999999674,-192.3399999999674,0.0,0.0,-192.3399999999674
2020-10-07 00:00:00+00:00,53.36289939994458,53.36289939994458,67.80999999993946,0.0,67.80999999993946,0.0,0.0,0.0,0.0,0.0,0.0,67.80999999993946,67.80999999993946,0.0,0.0,67.80999999993946
2020-10-08 00:00:00+00:00,-16.00036976498086,262.61999999999534,262.61999999999534,0.0,262.61999999999534,0.0,0.0,0.0,0.0,0.0,0.0,262.61999999999534,262.61999999999534,0.0,0.0,262.61999999999534
2020-10-09 00:00:00+00:00,0.0,123.97999999998137,123.97999999998137,0.0,123.97999999998137,0.0,0.0,0.0,0.0,0.0,0.0,123.97999999998137,123.97999999998137,0.0,0.0,123.97999999998137
2020-10-10 00:00:00+00:00,225.8388664650265,242.43000000005122,242.43000000005122,0.0,242.43000000005122,0.0,0.0,0.0,0.0,0.0,0.0,242.43000000005122,242.43000000005122,0.0,0.0,242.43000000005122
2020-10-11 00:00:00+00:00,74.51000000000931,74.51000000000931,74.51000000000931,0.0,74.51000000000931,0.0,0.0,0.0,0.0,0.0,0.0,-16.923630240024067,-16.923630240024067,0.0,0.0,74.51000000000931
2020-10-12 00:00:00+00:00,161.44999999995343,161.44999999995343,161.44999999995343,0.0,161.44999999995343,0.0,0.0,0.0,0.0,0.0,0.0,0.0,0.0,0.0,0.0,161.44999999995343
2020-10-13 00:00:00+00:00,-107.23999999999069,-107.23999999999069,-107.23999999999069,0.0,-107.23999999999069,0.0,0.0,0.0,0.0,0.0,0.0,0.0,0.0,0.0,0.0,-107.23999999999069
2020-10-14 00:00:00+00:00,-0.5200000000186265,-0.5200000000186265,-0.5200000000186265,0.0,-0.5200000000186265,0.0,0.0,0.0,0.0,0.0,0.0,0.0,0.0,0.0,0.0,-0.5200000000186265
2020-10-15 00:00:00+00:00,81.64000000001397,81.64000000001397,81.64000000001397,0.0,81.64000000001397,0.0,0.0,0.0,0.0,0.0,0.0,0.0,0.0,0.0,0.0,81.64000000001397
2020-10-16 00:00:00+00:00,-180.39000000001397,-180.39000000001397,-180.39000000001397,0.0,-180.39000000001397,0.0,0.0,0.0,0.0,0.0,0.0,0.0,0.0,0.0,0.0,-180.39000000001397
2020-10-17 00:00:00+00:00,38.940000000060536,38.940000000060536,38.940000000060536,0.0,38.940000000060536,0.0,0.0,0.0,0.0,0.0,0.0,0.0,0.0,0.0,0.0,38.940000000060536
2020-10-18 00:00:00+00:00,146.30999999993946,146.30999999993946,146.30999999993946,0.0,146.30999999993946,0.0,0.0,0.0,0.0,0.0,0.0,0.0,0.0,0.0,0.0,146.30999999993946
2020-10-19 00:00:00+00:00,246.25,246.25,246.25,0.0,246.25,0.0,0.0,0.0,0.0,0.0,0.0,0.0,0.0,0.0,0.0,246.25
2020-10-20 00:00:00+00:00,163.38000000000466,163.38000000000466,163.38000000000466,0.0,163.38000000000466,0.0,0.0,0.0,0.0,0.0,0.0,0.0,0.0,0.0,0.0,163.38000000000466
2020-10-21 00:00:00+00:00,884.1700000000419,884.1700000000419,884.1700000000419,0.0,884.1700000000419,0.0,0.0,0.0,0.0,0.0,0.0,0.0,0.0,0.0,0.0,884.1700000000419
2020-10-22 00:00:00+00:00,179.02000000001863,179.02000000001863,179.02000000001863,159.79158099496271,179.02000000001863,0.0,0.0,0.0,0.0,0.0,0.0,0.0,0.0,0.0,0.0,179.02000000001863
2020-10-23 00:00:00+00:00,-49.93000000005122,-49.93000000005122,-49.93000000005122,-49.93000000005122,-49.93000000005122,0.0,0.0,0.0,0.0,0.0,0.0,0.0,0.0,0.0,0.0,-49.93000000005122
2020-10-24 00:00:00+00:00,189.15000000002328,189.15000000002328,189.15000000002328,189.15000000002328,189.15000000002328,0.0,0.0,0.0,0.0,0.0,0.0,0.0,0.0,0.0,0.0,189.15000000002328
2020-10-25 00:00:00+00:00,-81.23999999999069,-81.23999999999069,-81.23999999999069,-81.23999999999069,-81.23999999999069,0.0,0.0,0.0,0.0,0.0,0.0,0.0,0.0,0.0,0.0,-81.23999999999069
2020-10-26 00:00:00+00:00,23.790000000037253,23.790000000037253,23.790000000037253,23.790000000037253,23.790000000037253,0.0,0.0,0.0,0.0,0.0,0.0,0.0,0.0,0.0,0.0,23.790000000037253
2020-10-27 00:00:00+00:00,629.390000000014,629.390000000014,629.390000000014,629.390000000014,629.390000000014,0.0,0.0,0.0,0.0,0.0,0.0,0.0,0.0,0.0,0.0,629.390000000014
2020-10-28 00:00:00+00:00,-417.13000000000466,-417.13000000000466,-417.13000000000466,-417.13000000000466,-417.13000000000466,0.0,0.0,0.0,0.0,0.0,0.0,0.0,0.0,0.0,0.0,-417.13000000000466
2020-10-29 00:00:00+00:00,178.94999999995343,178.94999999995343,178.94999999995343,178.94999999995343,178.94999999995343,0.0,0.0,0.0,0.0,0.0,0.0,0.0,0.0,0.0,0.0,178.94999999995343
2020-10-30 00:00:00+00:00,111.51000000000931,111.51000000000931,111.51000000000931,111.51000000000931,111.51000000000931,0.0,0.0,0.0,0.0,0.0,0.0,0.0,0.0,0.0,0.0,111.51000000000931
2020-10-31 00:00:00+00:00,233.30000000004657,233.30000000004657,233.30000000004657,233.30000000004657,233.30000000004657,0.0,0.0,0.0,0.0,0.0,0.0,0.0,0.0,0.0,0.0,233.30000000004657
2020-11-01 00:00:00+00:00,-33.220000000088476,-33.220000000088476,-33.220000000088476,-33.220000000088476,-33.220000000088476,0.0,0.0,0.0,0.0,0.0,0.0,0.0,0.0,0.0,0.0,-33.220000000088476
2020-11-02 00:00:00+00:00,-208.36999999999534,-208.36999999999534,-208.36999999999534,-208.36999999999534,-208.36999999999534,0.0,0.0,0.0,0.0,0.0,0.0,0.0,0.0,0.0,0.0,-208.36999999999534
2020-11-03 00:00:00+00:00,472.5800000000745,472.5800000000745,472.5800000000745,472.5800000000745,472.5800000000745,0.0,0.0,0.0,0.0,0.0,0.0,0.0,0.0,0.0,0.0,472.5800000000745
2020-11-04 00:00:00+00:00,125.67999999993481,125.67999999993481,125.67999999993481,125.67999999993481,125.67999999993481,0.0,0.0,0.0,0.0,0.0,0.0,0.0,0.0,0.0,0.0,125.67999999993481
2020-11-05 00:00:00+00:00,1446.7299999999814,1446.7299999999814,1446.7299999999814,1446.7299999999814,1446.7299999999814,0.0,0.0,0.0,0.0,0.0,0.0,0.0,0.0,0.0,0.0,1446.7299999999814
2020-11-06 00:00:00+00:00,-8.260000000009313,-8.260000000009313,-8.260000000009313,-8.260000000009313,-8.260000000009313,0.0,0.0,0.0,0.0,0.0,0.0,0.0,0.0,0.0,0.0,-8.260000000009313
2020-11-07 00:00:00+00:00,-765.859999999986,-765.859999999986,-765.859999999986,-765.859999999986,-765.859999999986,0.0,0.0,0.0,0.0,0.0,0.0,0.0,0.0,0.0,0.0,-765.859999999986
2020-11-08 00:00:00+00:00,648.8100000000559,648.8100000000559,648.8100000000559,648.8100000000559,648.8100000000559,0.0,0.0,0.0,0.0,0.0,0.0,0.0,0.0,0.0,0.0,648.8100000000559
2020-11-09 00:00:00+00:00,-140.65000000002328,-140.65000000002328,-140.65000000002328,-140.65000000002328,-140.65000000002328,0.0,0.0,0.0,0.0,0.0,0.0,0.0,0.0,0.0,0.0,-140.65000000002328
2020-11-10 00:00:00+00:00,-27.21999999997206,-27.21999999997206,-27.21999999997206,-27.21999999997206,-27.21999999997206,0.0,0.0,0.0,0.0,0.0,0.0,0.0,0.0,0.0,0.0,-27.21999999997206
2020-11-11 00:00:00+00:00,390.7600000000093,390.7600000000093,390.7600000000093,390.7600000000093,390.7600000000093,0.0,0.0,0.0,0.0,0.0,0.0,0.0,0.0,0.0,0.0,390.7600000000093
2020-11-12 00:00:00+00:00,605.0200000000186,605.0200000000186,605.0200000000186,605.0200000000186,605.0200000000186,0.0,0.0,0.0,0.0,0.0,0.0,0.0,0.0,0.0,0.0,605.0200000000186
2020-11-13 00:00:00+00:00,28.75,28.75,28.75,28.75,28.75,0.0,0.0,0.0,0.0,0.0,0.0,0.0,0.0,0.0,0.0,28.75
2020-11-14 00:00:00+00:00,-257.55000000004657,-257.55000000004657,-257.55000000004657,-257.55000000004657,-257.55000000004657,0.0,0.0,0.0,0.0,0.0,0.0,0.0,0.0,0.0,0.0,-257.55000000004657
2020-11-15 00:00:00+00:00,-115.11999999999534,-115.11999999999534,-115.11999999999534,-115.11999999999534,-115.11999999999534,0.0,0.0,0.0,0.0,0.0,0.0,0.0,0.0,0.0,0.0,-115.11999999999534
2020-11-16 00:00:00+00:00,759.75,759.75,759.75,759.75,759.75,0.0,0.0,0.0,0.0,0.0,0.0,0.0,0.0,0.0,0.0,759.75
2020-11-17 00:00:00+00:00,952.7199999999721,952.7199999999721,952.7199999999721,952.7199999999721,952.7199999999721,0.0,0.0,0.0,0.0,0.0,0.0,0.0,0.0,0.0,0.0,952.7199999999721
2020-11-18 00:00:00+00:00,103.55000000004657,103.55000000004657,103.55000000004657,103.55000000004657,103.55000000004657,0.0,0.0,0.0,0.0,0.0,0.0,0.0,0.0,0.0,0.0,103.55000000004657
2020-11-19 00:00:00+00:00,38.669999999925494,38.669999999925494,38.669999999925494,38.669999999925494,38.669999999925494,0.0,0.0,0.0,0.0,0.0,0.0,0.0,0.0,0.0,0.0,38.669999999925494
2020-11-20 00:00:00+00:00,853.6700000000419,853.6700000000419,853.6700000000419,853.6700000000419,853.6700000000419,0.0,0.0,0.0,0.0,0.0,0.0,0.0,0.0,0.0,0.0,853.6700000000419
2020-11-21 00:00:00+00:00,45.95999999996275,45.95999999996275,45.95999999996275,45.95999999996275,45.95999999996275,0.0,0.0,0.0,0.0,0.0,0.0,0.0,0.0,0.0,0.0,45.95999999996275
2020-11-22 00:00:00+00:00,-283.54999999993015,-283.54999999993015,-283.54999999993015,-283.54999999993015,-283.54999999993015,0.0,0.0,0.0,0.0,0.0,0.0,0.0,0.0,0.0,0.0,-283.54999999993015
2020-11-23 00:00:00+00:00,-52.84000000008382,-52.84000000008382,-52.84000000008382,-52.84000000008382,-52.84000000008382,0.0,0.0,0.0,0.0,0.0,0.0,0.0,0.0,0.0,0.0,-52.84000000008382
2020-11-24 00:00:00+00:00,788.0200000000186,788.0200000000186,788.0200000000186,788.0200000000186,788.0200000000186,0.0,0.0,0.0,0.0,0.0,0.0,0.0,0.0,0.0,0.0,788.0200000000186
2020-11-25 00:00:00+00:00,-450.9099999999162,-450.9099999999162,-450.9099999999162,-450.9099999999162,-450.9099999999162,0.0,0.0,0.0,0.0,0.0,0.0,0.0,0.0,0.0,0.0,-450.9099999999162
2020-11-26 00:00:00+00:00,-1551.9300000000512,-1551.9300000000512,-1551.9300000000512,-1551.9300000000512,-1551.9300000000512,0.0,0.0,0.0,0.0,0.0,0.0,0.0,0.0,0.0,0.0,-1551.9300000000512
2020-11-27 00:00:00+00:00,-16.050000000046566,-16.050000000046566,-16.050000000046566,-16.050000000046566,-16.050000000046566,0.0,0.0,0.0,0.0,0.0,0.0,0.0,0.0,0.0,0.0,-16.050000000046566
2020-11-28 00:00:00+00:00,-24.244567284942605,585.9000000000233,585.9000000000233,585.9000000000233,585.9000000000233,0.0,0.0,0.0,0.0,0.0,0.0,0.0,0.0,0.0,0.0,585.9000000000233
2020-11-29 00:00:00+00:00,0.0,462.19000000006054,462.19000000006054,462.19000000006054,462.19000000006054,439.3269819500856,0.0,0.0,0.0,0.0,0.0,0.0,0.0,0.0,0.0,462.19000000006054
2020-11-30 00:00:00+00:00,0.0,1511.8999999999069,1511.8999999999069,1511.8999999999069,1511.8999999999069,1511.8999999999069,0.0,0.0,0.0,0.0,0.0,0.0,0.0,0.0,0.0,1511.8999999999069
2020-12-01 00:00:00+00:00,0.0,-930.9699999999721,-930.9699999999721,-930.9699999999721,-930.9699999999721,-29.56105302996002,0.0,0.0,0.0,0.0,0.0,0.0,0.0,0.0,0.0,-930.9699999999721
2020-12-02 00:00:00+00:00,419.27334090997465,442.6600000000326,442.6600000000326,442.6600000000326,442.6600000000326,0.0,0.0,0.0,0.0,0.0,0.0,0.0,0.0,0.0,0.0,442.6600000000326
2020-12-03 00:00:00+00:00,-32.00406377494801,223.0100000000093,223.0100000000093,223.0100000000093,223.0100000000093,0.0,0.0,0.0,0.0,0.0,0.0,0.0,0.0,0.0,0.0,223.0100000000093
2020-12-04 00:00:00+00:00,-817.5093682149891,-790.5400000000373,-790.5400000000373,-790.5400000000373,-790.5400000000373,0.0,0.0,0.0,0.0,0.0,0.0,0.0,0.0,0.0,0.0,-790.5400000000373
2020-12-05 00:00:00+00:00,500.85999999998603,500.85999999998603,500.85999999998603,500.85999999998603,500.85999999998603,0.0,0.0,0.0,0.0,0.0,0.0,0.0,0.0,0.0,0.0,500.85999999998603
2020-12-06 00:00:00+00:00,216.64000000001397,-28.728860519942828,216.64000000001397,216.64000000001397,216.64000000001397,0.0,0.0,0.0,0.0,0.0,0.0,0.0,0.0,0.0,0.0,216.64000000001397
2020-12-07 00:00:00+00:00,-197.89000000001397,-226.9630878000753,-197.89000000001397,-197.89000000001397,-197.89000000001397,0.0,0.0,0.0,0.0,0.0,0.0,0.0,0.0,0.0,0.0,-197.89000000001397
2020-12-08 00:00:00+00:00,-861.4899999999907,-861.4899999999907,-861.4899999999907,-861.4899999999907,-861.4899999999907,0.0,0.0,0.0,0.0,0.0,0.0,0.0,0.0,0.0,0.0,-861.4899999999907
2020-12-09 00:00:00+00:00,-27.46517188998405,230.3300000000745,230.3300000000745,230.3300000000745,230.3300000000745,0.0,0.0,0.0,0.0,0.0,0.0,0.0,0.0,0.0,0.0,230.3300000000745
2020-12-10 00:00:00+00:00,0.0,-27.810551725095138,-293.11000000010245,-293.11000000010245,-293.11000000010245,0.0,0.0,0.0,0.0,0.0,0.0,0.0,0.0,0.0,0.0,-293.11000000010245
2020-12-11 00:00:00+00:00,0.0,0.0,-211.28999999992084,-211.28999999992084,-211.28999999992084,0.0,0.0,0.0,0.0,0.0,0.0,0.0,0.0,0.0,0.0,-211.28999999992084
2020-12-12 00:00:00+00:00,0.0,750.0146929050097,779.1300000000047,779.1300000000047,779.1300000000047,0.0,0.0,0.0,0.0,0.0,0.0,0.0,0.0,0.0,0.0,779.1300000000047
2020-12-13 00:00:00+00:00,0.0,345.36999999999534,345.36999999999534,345.36999999999534,345.36999999999534,317.1286693600705,0.0,0.0,0.0,0.0,0.0,0.0,0.0,0.0,0.0,345.36999999999534
2020-12-14 00:00:00+00:00,0.0,105.71999999997206,105.71999999997206,105.71999999997206,105.71999999997206,-28.740391675033607,0.0,0.0,0.0,0.0,0.0,0.0,0.0,0.0,0.0,105.71999999997206
2020-12-15 00:00:00+00:00,0.0,172.22999999998137,172.22999999998137,172.22999999998137,172.22999999998137,0.0,0.0,0.0,0.0,0.0,0.0,0.0,0.0,0.0,0.0,172.22999999998137
2020-12-16 00:00:00+00:00,1887.2854934050702,-30.565063404967077,1915.0500000000466,1915.0500000000466,1915.0500000000466,0.0,0.0,0.0,0.0,0.0,0.0,0.0,0.0,0.0,0.0,1915.0500000000466
2020-12-17 00:00:00+00:00,1466.829999999958,1433.928569749929,1466.829999999958,1466.829999999958,1466.829999999958,0.0,0.0,0.0,0.0,0.0,0.0,0.0,0.0,0.0,0.0,1466.829999999958
2020-12-18 00:00:00+00:00,311.28000000002794,311.28000000002794,311.28000000002794,311.28000000002794,311.28000000002794,0.0,0.0,0.0,0.0,0.0,0.0,0.0,0.0,0.0,0.0,311.28000000002794
2020-12-19 00:00:00+00:00,712.2299999999814,712.2299999999814,712.2299999999814,712.2299999999814,712.2299999999814,0.0,0.0,0.0,0.0,0.0,0.0,0.0,0.0,0.0,0.0,712.2299999999814
2020-12-20 00:00:00+00:00,-373.4799999999814,-373.4799999999814,-373.4799999999814,-373.4799999999814,-373.4799999999814,0.0,0.0,0.0,0.0,0.0,0.0,0.0,0.0,0.0,0.0,-373.4799999999814
2020-12-21 00:00:00+00:00,-747.109999999986,-747.109999999986,-747.109999999986,-747.109999999986,-747.109999999986,0.0,0.0,0.0,0.0,0.0,0.0,0.0,0.0,0.0,0.0,-747.109999999986
2020-12-22 00:00:00+00:00,1093.8699999999953,1093.8699999999953,1093.8699999999953,1093.8699999999953,1093.8699999999953,0.0,0.0,0.0,0.0,0.0,0.0,0.0,0.0,0.0,0.0,1093.8699999999953
2020-12-23 00:00:00+00:00,-594.9200000000419,-594.9200000000419,-594.9200000000419,-594.9200000000419,-594.9200000000419,0.0,0.0,0.0,0.0,0.0,0.0,0.0,0.0,0.0,0.0,-594.9200000000419
2020-12-24 00:00:00+00:00,489.60999999998603,489.60999999998603,489.60999999998603,489.60999999998603,489.60999999998603,0.0,0.0,0.0,0.0,0.0,0.0,0.0,0.0,0.0,0.0,489.60999999998603
2020-12-25 00:00:00+00:00,986.75,986.75,986.75,986.75,986.75,0.0,0.0,0.0,0.0,0.0,0.0,0.0,0.0,0.0,0.0,986.75
2020-12-26 00:00:00+00:00,1770.640000000014,1770.640000000014,1770.640000000014,1770.640000000014,1770.640000000014,0.0,0.0,0.0,0.0,0.0,0.0,0.0,0.0,0.0,0.0,1770.640000000014
2020-12-27 00:00:00+00:00,-216.69999999995343,-216.69999999995343,-216.69999999995343,-216.69999999995343,-216.69999999995343,0.0,0.0,0.0,0.0,0.0,0.0,0.0,0.0,0.0,0.0,-216.69999999995343
2020-12-28 00:00:00+00:00,781.7099999999627,781.7099999999627,781.7099999999627,781.7099999999627,781.7099999999627,0.0,0.0,0.0,0.0,0.0,0.0,0.0,0.0,0.0,0.0,781.7099999999627
2020-12-29 00:00:00+00:00,325.9899999999907,325.9899999999907,325.9899999999907,325.9899999999907,325.9899999999907,0.0,0.0,0.0,0.0,0.0,0.0,0.0,0.0,0.0,0.0,325.9899999999907
2020-12-30 00:00:00+00:00,1531.0700000000652,1531.0700000000652,1531.0700000000652,1531.0700000000652,1531.0700000000652,0.0,0.0,0.0,0.0,0.0,0.0,0.0,0.0,0.0,0.0,1531.0700000000652
2020-12-31 00:00:00+00:00,92.65999999991618,92.65999999991618,92.65999999991618,92.65999999991618,92.65999999991618,0.0,0.0,0.0,0.0,0.0,0.0,0.0,0.0,0.0,0.0,92.65999999991618
2021-01-01 00:00:00+00:00,422.7600000000093,422.7600000000093,422.7600000000093,422.7600000000093,422.7600000000093,0.0,0.0,0.0,0.0,0.0,0.0,0.0,0.0,0.0,0.0,422.7600000000093
2021-01-02 00:00:00+00:00,2813.070000000065,2813.070000000065,2813.070000000065,2813.070000000065,2813.070000000065,0.0,0.0,0.0,0.0,0.0,0.0,0.0,0.0,0.0,0.0,2813.070000000065
2021-01-03 00:00:00+00:00,854.75,854.75,854.75,854.75,854.75,0.0,0.0,0.0,0.0,0.0,0.0,0.0,0.0,0.0,0.0,854.75
2021-01-04 00:00:00+00:00,-1060.670000000042,-1060.670000000042,-1060.670000000042,-1060.670000000042,-1060.670000000042,0.0,0.0,0.0,0.0,0.0,0.0,0.0,0.0,0.0,0.0,-1060.670000000042
2021-01-05 00:00:00+00:00,2010.6500000000233,2010.6500000000233,2010.6500000000233,2010.6500000000233,2010.6500000000233,0.0,0.0,0.0,0.0,0.0,0.0,0.0,0.0,0.0,0.0,2010.6500000000233
2021-01-06 00:00:00+00:00,2828.6199999999953,2828.6199999999953,2828.6199999999953,2828.6199999999953,2828.6199999999953,0.0,0.0,0.0,0.0,0.0,0.0,0.0,0.0,0.0,0.0,2828.6199999999953
2021-01-07 00:00:00+00:00,2646.29999999993,2646.3000000000466,2646.29999999993,2646.29999999993,2646.3000000000466,0.0,0.0,0.0,0.0,0.0,0.0,0.0,0.0,0.0,0.0,2646.3000000000466
2021-01-08 00:00:00+00:00,1159.5900000000838,1159.5899999999674,1159.5900000000838,1159.5900000000838,1159.5899999999674,0.0,0.0,0.0,0.0,0.0,0.0,0.0,0.0,0.0,0.0,1159.5899999999674
2021-01-09 00:00:00+00:00,-407.71999999997206,-407.71999999997206,-407.71999999997206,-407.71999999997206,-407.71999999997206,0.0,0.0,0.0,0.0,0.0,0.0,0.0,0.0,0.0,0.0,-407.71999999997206
2021-01-10 00:00:00+00:00,-2085.8600000001024,-2085.8600000001024,-2085.8600000001024,-2085.8600000001024,-2085.8600000001024,0.0,0.0,0.0,0.0,0.0,0.0,0.0,0.0,0.0,0.0,-2085.8600000001024
2021-01-11 00:00:00+00:00,-2718.9799999999814,-2718.9799999999814,-2718.9799999999814,-2718.9799999999814,-2718.9799999999814,0.0,0.0,0.0,0.0,0.0,0.0,0.0,0.0,0.0,0.0,-2718.9799999999814
2021-01-12 00:00:00+00:00,-1413.609999999986,-1413.609999999986,-1413.609999999986,-1413.609999999986,-1413.609999999986,0.0,0.0,0.0,0.0,0.0,0.0,0.0,0.0,0.0,0.0,-1413.609999999986
2021-01-13 00:00:00+00:00,3354.680000000051,3354.680000000051,3354.680000000051,3354.680000000051,3354.680000000051,0.0,0.0,0.0,0.0,0.0,0.0,0.0,0.0,0.0,0.0,3354.680000000051
2021-01-14 00:00:00+00:00,1731.4799999999814,1731.4799999999814,1731.4799999999814,1731.4799999999814,1731.4799999999814,0.0,0.0,0.0,0.0,0.0,0.0,0.0,0.0,0.0,0.0,1731.4799999999814
2021-01-15 00:00:00+00:00,-2370.469999999972,-2370.469999999972,-2370.469999999972,-2370.469999999972,-2370.469999999972,0.0,0.0,0.0,0.0,0.0,0.0,0.0,0.0,0.0,0.0,-2370.469999999972
2021-01-16 00:00:00+00:00,-55.183522700099275,-747.7300000000978,-747.7299999999814,-747.7299999999814,-747.7300000000978,0.0,0.0,0.0,0.0,0.0,0.0,0.0,0.0,0.0,0.0,-747.7300000000978
2021-01-17 00:00:00+00:00,0.0,-186.93999999994412,-186.94000000006054,-186.94000000006054,-186.93999999994412,0.0,0.0,0.0,0.0,0.0,0.0,0.0,0.0,0.0,0.0,-186.93999999994412
2021-01-18 00:00:00+00:00,0.0,804.2299999999814,804.2299999999814,804.2299999999814,804.2299999999814,0.0,0.0,0.0,0.0,0.0,0.0,0.0,0.0,0.0,0.0,804.2299999999814
2021-01-19 00:00:00+00:00,0.0,-706.9499999999534,-706.9499999999534,-706.9499999999534,-706.9499999999534,0.0,0.0,0.0,0.0,0.0,0.0,0.0,0.0,0.0,0.0,-706.9499999999534
2021-01-20 00:00:00+00:00,-472.7208259550389,-414.19000000006054,-414.19000000006054,-414.19000000006054,-414.19000000006054,0.0,0.0,0.0,0.0,0.0,0.0,0.0,0.0,0.0,0.0,-414.19000000006054
2021-01-21 00:00:00+00:00,-4647.140000000014,-4647.140000000014,-4647.140000000014,-4647.140000000014,-4647.140000000014,-4696.166024425067,0.0,0.0,0.0,0.0,0.0,0.0,0.0,0.0,0.0,-4647.140000000014
2021-01-22 00:00:00+00:00,-46.31842204998247,-46.31842204998247,2128.980000000098,2128.980000000098,2128.980000000098,2128.980000000098,0.0,0.0,0.0,0.0,0.0,0.0,0.0,0.0,0.0,2128.980000000098
2021-01-23 00:00:00+00:00,0.0,0.0,-872.9200000000419,-872.9200000000419,-872.9200000000419,-872.9200000000419,-920.1404813299887,-920.1404813299887,0.0,0.0,0.0,0.0,0.0,0.0,0.0,-872.9200000000419
2021-01-24 00:00:00+00:00,0.0,0.0,176.55000000004657,176.55000000004657,176.55000000004657,176.55000000004657,176.55000000004657,176.55000000004657,0.0,0.0,0.0,0.0,0.0,0.0,0.0,176.55000000004657
2021-01-25 00:00:00+00:00,0.0,0.0,-26.690000000060536,-26.690000000060536,-26.690000000060536,-26.690000000060536,-26.690000000060536,-26.690000000060536,0.0,0.0,0.0,0.0,0.0,0.0,0.0,-26.690000000060536
2021-01-26 00:00:00+00:00,0.0,0.0,248.94999999995343,248.94999999995343,248.94999999995343,248.94999999995343,248.94999999995343,248.94999999995343,0.0,0.0,0.0,0.0,0.0,0.0,0.0,248.94999999995343
2021-01-27 00:00:00+00:00,0.0,0.0,-2103.689999999944,-2103.689999999944,-2103.689999999944,-2103.689999999944,-2103.689999999944,-2103.689999999944,0.0,0.0,0.0,0.0,0.0,0.0,0.0,-2103.689999999944
2021-01-28 00:00:00+00:00,0.0,0.0,3081.859999999986,3081.859999999986,3081.859999999986,3081.859999999986,3081.859999999986,3081.859999999986,0.0,0.0,0.0,0.0,0.0,0.0,0.0,3081.859999999986
2021-01-29 00:00:00+00:00,0.0,0.0,773.1199999999953,773.1199999999953,773.1199999999953,773.1199999999953,773.1199999999953,773.1199999999953,723.9413760399912,723.9413760399912,0.0,0.0,0.0,0.0,0.0,773.1199999999953
2021-01-30 00:00:00+00:00,2.1097039449959993,0.0,53.52000000001863,53.52000000001863,53.52000000001863,53.52000000001863,53.52000000001863,53.52000000001863,53.52000000001863,53.52000000001863,0.0,0.0,0.0,0.0,0.0,53.52000000001863
2021-01-31 00:00:00+00:00,-1177.890000000014,0.0,-1177.890000000014,-1177.890000000014,-1177.890000000014,-51.456287184963,-51.456287184963,-51.456287184963,-1177.890000000014,-1177.890000000014,0.0,0.0,0.0,0.0,0.0,-1177.890000000014
2021-02-01 00:00:00+00:00,395.44999999995343,0.0,395.45000000006985,395.45000000006985,395.44999999995343,0.0,0.0,0.0,395.44999999995343,395.45000000006985,0.0,0.0,0.0,0.0,0.0,395.44999999995343
2021-02-02 00:00:00+00:00,1979.4800000000978,0.0,1979.4799999999814,1979.4799999999814,1979.4800000000978,0.0,0.0,0.0,1979.4800000000978,1979.4799999999814,0.0,0.0,0.0,0.0,0.0,1979.4800000000978
2021-02-03 00:00:00+00:00,2165.6999999999534,0.0,2165.6999999999534,2165.6999999999534,2165.6999999999534,0.0,0.0,0.0,2165.6999999999534,2165.6999999999534,0.0,0.0,0.0,0.0,0.0,2165.6999999999534
2021-02-04 00:00:00+00:00,-703.3699999999953,0.0,-703.3699999999953,-703.3699999999953,-703.3699999999953,0.0,0.0,0.0,-46.463785790023394,-46.463785790023394,0.0,0.0,0.0,0.0,0.0,-703.3699999999953
2021-02-05 00:00:00+00:00,1336.4899999999907,1279.4166267049732,1336.4899999999907,1336.4899999999907,1336.4899999999907,0.0,0.0,0.0,0.0,0.0,0.0,0.0,0.0,0.0,0.0,1336.4899999999907
2021-02-06 00:00:00+00:00,953.9400000000605,953.9400000000605,953.9400000000605,953.9400000000605,953.9400000000605,0.0,0.0,0.0,0.0,0.0,0.0,0.0,0.0,0.0,0.0,953.9400000000605
2021-02-07 00:00:00+00:00,-394.0100000000093,-394.0100000000093,-394.0100000000093,-394.0100000000093,-394.0100000000093,0.0,0.0,0.0,0.0,0.0,0.0,0.0,0.0,0.0,0.0,-394.0100000000093
2021-02-08 00:00:00+00:00,7576.679999999935,7576.679999999935,-58.27770928503014,7576.679999999935,7576.679999999935,0.0,0.0,0.0,0.0,0.0,0.0,0.0,0.0,0.0,0.0,7576.679999999935
2021-02-09 00:00:00+00:00,66.63000000000466,66.63000000000466,0.0,66.63000000000466,66.63000000000466,0.0,0.0,0.0,0.0,0.0,0.0,0.0,0.0,0.0,0.0,66.63000000000466
2021-02-10 00:00:00+00:00,-1664.7299999999814,-1664.7299999999814,-1734.525352364988,-1664.7299999999814,-1664.7299999999814,0.0,0.0,0.0,0.0,0.0,0.0,0.0,0.0,0.0,0.0,-1664.7299999999814
2021-02-11 00:00:00+00:00,3147.9100000000326,3147.9100000000326,3147.9100000000326,3147.9100000000326,3147.909999999916,0.0,0.0,0.0,0.0,0.0,0.0,0.0,0.0,0.0,0.0,3147.9100000000326
2021-02-12 00:00:00+00:00,-589.5700000000652,-589.5700000000652,-589.5700000000652,-589.5700000000652,-589.5699999999488,0.0,0.0,0.0,0.0,0.0,0.0,0.0,0.0,0.0,0.0,-589.5700000000652
2021-02-13 00:00:00+00:00,-175.89000000001397,-175.89000000001397,-175.89000000001397,-175.89000000001397,-175.89000000001397,0.0,0.0,0.0,0.0,0.0,0.0,0.0,0.0,0.0,0.0,-175.89000000001397
2021-02-14 00:00:00+00:00,1448.2399999999907,1448.240000000107,1448.240000000107,1448.240000000107,1448.2399999999907,0.0,0.0,0.0,0.0,0.0,0.0,0.0,0.0,0.0,0.0,1448.2399999999907
2021-02-15 00:00:00+00:00,-744.3199999999488,-744.3200000000652,-744.3200000000652,-744.3200000000652,-744.3199999998324,0.0,0.0,0.0,0.0,0.0,0.0,0.0,0.0,0.0,0.0,-744.3199999999488
2021-02-16 00:00:00+00:00,1222.3399999999674,1222.3399999999674,1222.3399999999674,1222.3399999999674,1222.339999999851,0.0,0.0,0.0,0.0,0.0,0.0,0.0,0.0,0.0,0.0,1222.3399999999674
2021-02-17 00:00:00+00:00,3011.3000000000466,3011.29999999993,3011.3000000000466,3011.29999999993,3011.3000000000466,0.0,0.0,0.0,0.0,0.0,0.0,0.0,0.0,0.0,0.0,3011.3000000000466
2021-02-18 00:00:00+00:00,-568.2800000000279,-568.2799999997951,-568.2800000000279,-568.2799999997951,-568.2800000000279,0.0,0.0,0.0,0.0,0.0,0.0,0.0,0.0,0.0,0.0,-568.2800000000279
2021-02-19 00:00:00+00:00,4381.8300000000745,4381.829999999842,4381.829999999958,4381.829999999842,4381.8300000000745,0.0,0.0,0.0,0.0,0.0,0.0,0.0,0.0,0.0,0.0,4381.8300000000745
2021-02-20 00:00:00+00:00,-60.04000000003725,-60.04000000003725,-60.04000000003725,-60.04000000003725,-60.04000000003725,0.0,0.0,0.0,0.0,0.0,0.0,0.0,0.0,0.0,0.0,-60.04000000003725
2021-02-21 00:00:00+00:00,1565.640000000014,1565.6400000001304,1565.6400000001304,1565.6400000001304,1565.6399999998976,0.0,0.0,0.0,0.0,0.0,0.0,0.0,0.0,0.0,0.0,1565.6399999998976
2021-02-22 00:00:00+00:00,-3347.030000000028,-3347.030000000028,-3347.030000000028,-3347.030000000028,-3347.030000000028,0.0,0.0,0.0,0.0,0.0,0.0,0.0,0.0,0.0,0.0,-3347.030000000028
2021-02-23 00:00:00+00:00,-5242.140000000014,-5242.140000000014,-5242.140000000014,-5242.140000000014,-5242.139999999898,0.0,0.0,0.0,0.0,0.0,0.0,0.0,0.0,0.0,0.0,-5242.139999999898
2021-02-24 00:00:00+00:00,837.8299999999581,837.8299999999581,837.8299999999581,837.8299999999581,837.8300000000745,0.0,0.0,0.0,0.0,0.0,0.0,0.0,0.0,0.0,0.0,837.8300000000745
2021-02-25 00:00:00+00:00,-74.59184609493241,-2679.3399999999674,-2679.3399999999674,-2679.3399999999674,-2679.340000000084,0.0,0.0,0.0,0.0,0.0,0.0,0.0,0.0,0.0,0.0,-2679.340000000084
2021-02-26 00:00:00+00:00,0.0,-732.2800000000279,-732.2800000000279,-732.2800000000279,-732.2800000000279,0.0,0.0,0.0,0.0,0.0,0.0,0.0,0.0,0.0,0.0,-732.2800000000279
2021-02-27 00:00:00+00:00,0.0,-75.86652510496788,-145.44999999995343,-145.44999999995343,-145.44999999995343,-208.54284489504062,-208.54284489504062,0.0,0.0,0.0,0.0,0.0,0.0,0.0,0.0,-145.44999999995343
2021-02-28 00:00:00+00:00,0.0,0.0,-949.0,-949.0,-949.0,-949.0,-949.0,0.0,0.0,0.0,0.0,0.0,0.0,0.0,0.0,-949.0
2021-03-01 00:00:00+00:00,0.0,0.0,4407.650000000023,4407.650000000023,4407.649999999907,4407.650000000023,4407.650000000023,0.0,0.0,0.0,0.0,0.0,0.0,0.0,0.0,4407.649999999907
2021-03-02 00:00:00+00:00,0.0,0.0,-1127.8000000000466,-1127.8000000000466,-1127.7999999998137,-1127.8000000000466,-1127.8000000000466,0.0,0.0,0.0,0.0,0.0,0.0,0.0,0.0,-1127.7999999999302
2021-03-03 00:00:00+00:00,0.0,1785.0424789099488,1848.4000000000233,1848.4000000000233,1848.3999999999069,1848.4000000000233,1848.4000000000233,0.0,0.0,0.0,0.0,0.0,0.0,0.0,0.0,1848.4000000000233
2021-03-04 00:00:00+00:00,0.0,-65.20030983502511,-1991.4799999999814,-1991.4799999999814,-1991.4799999999814,-1991.4799999999814,-1991.4799999999814,0.0,0.0,0.0,0.0,0.0,0.0,0.0,0.0,-1991.4799999999814
2021-03-05 00:00:00+00:00,325.91935951495543,0.0,400.94999999995343,400.94999999995343,400.94999999995343,400.94999999995343,400.94999999995343,0.0,0.0,0.0,0.0,0.0,0.0,0.0,0.0,400.94999999995343
2021-03-06 00:00:00+00:00,140.36999999999534,0.0,140.36999999999534,140.36999999999534,140.37000000011176,140.36999999999534,140.36999999999534,0.0,0.0,0.0,0.0,0.0,0.0,0.0,0.0,140.36999999999534
2021-03-07 00:00:00+00:00,2068.7700000000186,0.0,2068.7700000000186,2068.7700000000186,2068.7700000000186,2068.7700000000186,2068.7700000000186,0.0,0.0,0.0,0.0,0.0,0.0,0.0,0.0,2068.770000000135
2021-03-08 00:00:00+00:00,1436.6199999999953,0.0,1436.6199999999953,1436.6200000001118,1436.619999999879,1436.6199999999953,1436.6199999999953,0.0,0.0,0.0,0.0,0.0,0.0,0.0,0.0,1436.619999999879
2021-03-09 00:00:00+00:00,2501.1500000000233,0.0,2501.1500000000233,2501.149999999907,2501.149999999907,-80.65354841493536,-80.65354841493536,0.0,0.0,0.0,0.0,0.0,0.0,0.0,0.0,2501.149999999907
2021-03-10 00:00:00+00:00,974.3100000000559,0.0,974.3100000000559,974.3100000000559,974.3100000000559,0.0,0.0,0.0,0.0,0.0,0.0,0.0,0.0,0.0,0.0,974.3100000000559
2021-03-11 00:00:00+00:00,1924.7799999999115,1842.90900564997,1924.780000000028,1924.780000000028,1924.780000000028,0.0,0.0,0.0,0.0,0.0,0.0,0.0,0.0,0.0,0.0,1924.780000000028
2021-03-12 00:00:00+00:00,-589.5599999999395,-589.5599999999395,-589.5600000000559,-589.5600000000559,-589.5600000000559,0.0,0.0,0.0,0.0,0.0,0.0,0.0,0.0,0.0,0.0,-589.5600000000559
2021-03-13 00:00:00+00:00,3952.589999999851,3952.589999999851,3952.589999999851,3952.590000000084,3952.590000000084,0.0,0.0,0.0,0.0,0.0,0.0,0.0,0.0,0.0,0.0,3952.590000000084
2021-03-14 00:00:00+00:00,-2205.7999999998137,-2205.79999999993,-2205.7999999998137,-2205.8000000000466,-2205.8000000000466,0.0,0.0,0.0,0.0,0.0,0.0,0.0,0.0,0.0,0.0,-2205.8000000000466
2021-03-15 00:00:00+00:00,-3336.5500000000466,-3336.54999999993,-3336.5500000000466,-3336.5500000000466,-3336.5500000000466,0.0,0.0,0.0,0.0,0.0,0.0,0.0,0.0,0.0,0.0,-3336.5500000000466
2021-03-16 00:00:00+00:00,1290.9599999999627,1290.9599999999627,1290.9599999999627,1290.9599999999627,1290.9600000001956,0.0,0.0,0.0,0.0,0.0,0.0,0.0,0.0,0.0,0.0,1290.9600000001956
2021-03-17 00:00:00+00:00,1998.4300000000512,1998.4300000000512,1998.4299999999348,1998.4299999999348,1998.4299999999348,0.0,0.0,0.0,0.0,0.0,0.0,0.0,0.0,0.0,0.0,1998.4299999999348
2021-03-18 00:00:00+00:00,-1280.5900000000838,-1280.5900000000838,-1280.589999999851,-1280.589999999851,-1280.5900000000838,0.0,0.0,0.0,0.0,0.0,0.0,0.0,0.0,0.0,0.0,-1280.5900000000838
2021-03-19 00:00:00+00:00,394.71000000007916,394.71000000007916,394.70999999996275,394.70999999996275,394.70999999996275,0.0,0.0,0.0,0.0,0.0,0.0,0.0,0.0,0.0,0.0,394.70999999996275
2021-03-20 00:00:00+00:00,-99.76135154499207,77.03999999992084,77.04000000003725,77.04000000003725,77.04000000003725,0.0,0.0,0.0,0.0,0.0,0.0,0.0,0.0,0.0,0.0,77.04000000003725
2021-03-21 00:00:00+00:00,-850.2385731700342,-753.3800000000047,-753.3800000001211,-753.3800000001211,-753.3799999998882,0.0,0.0,0.0,0.0,0.0,0.0,0.0,0.0,0.0,0.0,-753.3799999998882
2021-03-22 00:00:00+00:00,-72.06724635499995,-3253.25,-3253.25,-3253.25,-3253.25,0.0,0.0,0.0,0.0,0.0,0.0,0.0,0.0,0.0,0.0,-3253.25
2021-03-23 00:00:00+00:00,0.0,235.47000000008848,235.46999999997206,235.46999999997206,235.46999999997206,0.0,0.0,0.0,0.0,0.0,0.0,0.0,0.0,0.0,0.0,235.46999999997206
2021-03-24 00:00:00+00:00,0.0,-2069.3800000000047,-93.74273836496286,-2069.3799999998882,-2069.380000000121,-2138.637071634992,-2138.637071634992,0.0,0.0,0.0,0.0,0.0,0.0,0.0,0.0,-2069.380000000121
2021-03-25 00:00:00+00:00,0.0,-94.83340515499003,0.0,-951.1500000001397,-951.1499999999069,-951.1500000000233,-951.1500000000233,-1013.0956648449646,0.0,0.0,0.0,0.0,0.0,0.0,0.0,-951.1499999999069
2021-03-26 00:00:00+00:00,0.0,0.0,0.0,3747.4300000001676,3747.429999999935,3747.429999999935,3747.429999999935,3747.429999999935,0.0,0.0,0.0,0.0,0.0,0.0,0.0,3747.429999999935
2021-03-27 00:00:00+00:00,0.0,0.0,692.9811095499899,784.089999999851,784.0900000000838,784.0900000000838,784.0900000000838,784.0900000000838,0.0,0.0,0.0,0.0,0.0,0.0,0.0,784.0900000000838
2021-03-28 00:00:00+00:00,0.0,0.0,-77.70999999996275,-77.70999999996275,-77.70999999996275,-77.71000000007916,-77.71000000007916,-77.71000000007916,0.0,0.0,0.0,0.0,0.0,0.0,0.0,-77.70999999996275
2021-03-29 00:00:00+00:00,0.0,0.0,1834.6599999999162,1834.660000000149,1834.6599999999162,1834.6600000000326,1834.6600000000326,1834.6600000000326,0.0,0.0,0.0,0.0,0.0,0.0,0.0,1834.6599999999162
2021-03-30 00:00:00+00:00,0.0,0.0,1172.9799999999814,1172.9799999999814,1172.9799999999814,1172.9799999999814,1172.9799999999814,1172.9799999999814,0.0,0.0,0.0,0.0,0.0,0.0,0.0,1172.9799999999814
2021-03-31 00:00:00+00:00,-74.6690832299646,-74.6690832299646,13.540000000037253,13.540000000037253,13.540000000037253,-88.1502967699198,-88.1502967699198,-88.1502967699198,0.0,0.0,0.0,0.0,0.0,0.0,0.0,13.540000000037253
2021-04-01 00:00:00+00:00,-73.52000000001863,-73.52000000001863,-73.52000000001863,-73.52000000001863,-73.52000000001863,0.0,0.0,0.0,0.0,0.0,0.0,0.0,0.0,0.0,0.0,-73.52000000001863
2021-04-02 00:00:00+00:00,254.56000000005588,-88.07034176494926,254.56000000005588,254.55999999982305,254.56000000005588,0.0,0.0,0.0,0.0,0.0,0.0,0.0,0.0,0.0,0.0,254.56000000005588
2021-04-03 00:00:00+00:00,-1886.7000000000698,-1975.2010505200597,-1886.6999999999534,-1886.6999999999534,-1886.6999999999534,0.0,0.0,0.0,0.0,0.0,0.0,0.0,0.0,0.0,0.0,-1886.6999999999534
2021-04-04 00:00:00+00:00,1121.5999999999767,1121.5999999999767,1121.5999999998603,1121.6000000000931,1121.5999999998603,0.0,0.0,0.0,0.0,0.0,0.0,0.0,0.0,0.0,0.0,1121.5999999998603
2021-04-05 00:00:00+00:00,907.0800000000745,-86.50598663499113,907.0800000000745,907.0799999998417,907.0800000000745,0.0,0.0,0.0,0.0,0.0,0.0,0.0,0.0,0.0,0.0,907.0800000000745
2021-04-06 00:00:00+00:00,-1103.0400000000373,-1202.8206720349845,-1103.0400000000373,-1103.0399999998044,-1103.0400000000373,0.0,0.0,0.0,0.0,0.0,0.0,0.0,0.0,0.0,0.0,-1103.0400000000373
2021-04-07 00:00:00+00:00,-2064.2299999999814,-2064.2299999999814,-2064.2299999999814,-2064.2299999999814,-2064.2299999999814,0.0,0.0,0.0,0.0,0.0,0.0,0.0,0.0,0.0,0.0,-2064.2299999999814
2021-04-08 00:00:00+00:00,-76.99602366494946,2127.3499999999767,2127.350000000093,2127.3499999998603,2127.350000000093,0.0,0.0,0.0,0.0,0.0,0.0,0.0,0.0,0.0,0.0,2127.350000000093
2021-04-09 00:00:00+00:00,0.0,9.580000000074506,9.579999999841675,9.580000000074506,9.579999999841675,0.0,0.0,0.0,0.0,0.0,0.0,0.0,0.0,0.0,0.0,9.579999999841675
2021-04-10 00:00:00+00:00,0.0,1685.9199999999255,1685.9200000001583,1685.9199999999255,1685.9200000001583,0.0,0.0,0.0,0.0,0.0,0.0,0.0,0.0,0.0,0.0,1685.9200000001583
2021-04-11 00:00:00+00:00,0.0,206.6600000000326,206.65999999991618,206.65999999991618,206.65999999991618,0.0,0.0,0.0,0.0,0.0,0.0,0.0,0.0,0.0,0.0,206.65999999991618
2021-04-12 00:00:00+00:00,-233.845481830067,-145.44000000006054,-145.43999999994412,-145.43999999994412,-145.43999999994412,0.0,0.0,0.0,0.0,0.0,0.0,0.0,0.0,0.0,0.0,-145.43999999994412
2021-04-13 00:00:00+00:00,3748.4000000000233,3748.4000000000233,3748.399999999907,3748.4000000001397,3748.399999999907,0.0,0.0,0.0,0.0,0.0,0.0,0.0,0.0,0.0,0.0,3748.399999999907
2021-04-14 00:00:00+00:00,-616.4199999999255,-616.4199999999255,-95.35053588985465,-616.4200000001583,-616.4199999999255,0.0,0.0,0.0,0.0,0.0,0.0,0.0,0.0,0.0,0.0,-616.4199999999255
2021-04-15 00:00:00+00:00,257.2399999999907,257.2399999999907,162.75081410002895,257.2399999999907,257.2399999999907,0.0,0.0,0.0,0.0,0.0,0.0,0.0,0.0,0.0,0.0,257.2399999999907
2021-04-16 00:00:00+00:00,-1801.7700000000186,-1801.7700000000186,-1801.7700000000186,-1801.7700000000186,-1801.7700000000186,0.0,0.0,0.0,0.0,0.0,0.0,0.0,0.0,0.0,0.0,-1801.7700000000186
2021-04-17 00:00:00+00:00,-1368.4100000000326,-1368.4100000000326,-1368.4099999999162,-1368.4099999999162,-1368.4099999999162,0.0,0.0,0.0,0.0,0.0,0.0,0.0,0.0,0.0,0.0,-1368.4099999999162
2021-04-18 00:00:00+00:00,-3784.4499999999534,-3784.4499999999534,-3784.4500000001863,-3784.4499999999534,-3784.4500000001863,0.0,0.0,0.0,0.0,0.0,0.0,0.0,0.0,0.0,0.0,-3784.4500000001863
2021-04-19 00:00:00+00:00,-577.5800000000745,-577.5800000000745,-577.5799999998417,-577.5800000000745,-577.5799999998417,0.0,0.0,0.0,0.0,0.0,0.0,0.0,0.0,0.0,0.0,-577.5799999998417
2021-04-20 00:00:00+00:00,-83.51739658496808,-83.51739658496808,-83.5173965850845,802.4599999999627,802.4599999999627,718.886906585074,718.886906585074,718.886906585074,718.886906585074,0.0,0.0,0.0,0.0,0.0,0.0,802.4599999999627
2021-04-21 00:00:00+00:00,0.0,0.0,0.0,-2698.429999999935,-2698.429999999935,-2698.430000000051,-2698.430000000051,-2698.430000000051,-2698.430000000051,0.0,0.0,0.0,0.0,0.0,0.0,-2698.429999999935
2021-04-22 00:00:00+00:00,0.0,0.0,0.0,-2099.2700000000186,-2099.2700000000186,-2099.2700000000186,-2099.2700000000186,-2099.2700000000186,-2099.2700000000186,0.0,0.0,0.0,0.0,0.0,0.0,-2099.2700000000186
2021-04-23 00:00:00+00:00,0.0,0.0,0.0,-83.12812201003544,-514.3200000000652,-514.3199999999488,-514.3199999999488,-514.3199999999488,-514.3199999999488,-586.2798179900274,0.0,0.0,0.0,0.0,0.0,-514.3200000000652
2021-04-24 00:00:00+00:00,0.0,0.0,0.0,0.0,-1098.1200000001118,-1098.1199999999953,-1098.1199999999953,-1098.1199999999953,-1098.1199999999953,-1098.1199999999953,-1175.4072188750142,-1175.4072188750142,0.0,0.0,0.0,-1098.1200000001118
2021-04-25 00:00:00+00:00,0.0,0.0,0.0,0.0,-968.1499999999069,-968.1500000000233,-968.1500000000233,-968.1500000000233,-968.1500000000233,-968.1500000000233,-968.1500000000233,-968.1500000000233,0.0,0.0,0.0,-968.1499999999069
2021-04-26 00:00:00+00:00,0.0,0.0,0.0,4858.893939499976,4932.600000000093,4932.599999999977,4932.599999999977,4932.599999999977,4932.599999999977,4932.599999999977,4932.599999999977,4932.599999999977,4858.893939499976,0.0,0.0,4932.600000000093
2021-04-27 00:00:00+00:00,0.0,0.0,0.0,-86.84467609995045,1016.0200000000186,1016.0200000000186,1016.0200000000186,1016.0200000000186,1016.0200000000186,1016.0200000000186,1016.0200000000186,1016.0200000000186,1016.0200000000186,0.0,0.0,1016.0200000000186
2021-04-28 00:00:00+00:00,0.0,0.0,0.0,-258.2119498050306,-175.59000000008382,-175.5899999999674,-175.5899999999674,-175.5899999999674,-175.5899999999674,-175.5899999999674,-175.5899999999674,-175.5899999999674,-175.5899999999674,0.0,0.0,-175.59000000008382
2021-04-29 00:00:00+00:00,0.0,0.0,0.0,-1314.029999999795,-1314.030000000028,-1314.030000000028,-1314.030000000028,-1314.030000000028,-1314.030000000028,-1314.030000000028,-1314.030000000028,-1314.030000000028,-1314.030000000028,0.0,0.0,-1314.030000000028
2021-04-30 00:00:00+00:00,4138.373209999991,0.0,0.0,4218.769999999786,4218.770000000019,4218.770000000019,4218.770000000019,4218.770000000019,4218.770000000019,4218.770000000019,4218.770000000019,4218.770000000019,4218.770000000019,0.0,0.0,4218.770000000019
2021-05-01 00:00:00+00:00,60.51000000000931,0.0,0.0,60.51000000000931,60.51000000000931,60.51000000000931,60.51000000000931,60.51000000000931,60.51000000000931,60.51000000000931,60.51000000000931,60.51000000000931,60.51000000000931,0.0,0.0,60.51000000000931
2021-05-02 00:00:00+00:00,-1234.0800000000745,0.0,0.0,-1234.0799999998417,-1234.0800000000745,-86.75999036000576,-86.75999036000576,-86.75999036000576,-86.75999036000576,-86.75999036000576,-86.75999036000576,-86.75999036000576,-86.75999036000576,0.0,0.0,-1234.0800000000745
2021-05-03 00:00:00+00:00,587.5300000000279,0.0,0.0,587.5300000000279,587.5300000000279,0.0,0.0,0.0,0.0,0.0,0.0,0.0,0.0,0.0,0.0,587.5300000000279
2021-05-04 00:00:00+00:00,-3970.8099999999395,-4056.657701364951,0.0,-3970.810000000056,-3970.810000000056,0.0,0.0,0.0,0.0,0.0,0.0,0.0,0.0,0.0,0.0,-3970.810000000056
2021-05-05 00:00:00+00:00,4273.770000000019,4273.769999999902,4193.890514045022,4273.770000000019,4273.770000000019,0.0,0.0,0.0,0.0,0.0,0.0,0.0,0.0,0.0,0.0,4273.770000000019
2021-05-06 00:00:00+00:00,-86.24477715510875,-86.24477715499233,-86.24477715510875,-1075.030000000028,-1075.030000000028,0.0,0.0,0.0,-1161.332292845007,-1161.332292845007,0.0,-1161.332292845007,0.0,0.0,0.0,-1075.030000000028
2021-05-07 00:00:00+00:00,850.874547590036,850.874547590036,0.0,939.7299999999814,939.7299999999814,0.0,0.0,0.0,-80.47900758998003,-80.47900758998003,0.0,-80.47900758998003,0.0,0.0,0.0,939.7299999999814
2021-05-08 00:00:00+00:00,1577.6600000000326,1577.6600000000326,0.0,1577.6599999999162,1577.660000000149,0.0,0.0,0.0,0.0,0.0,0.0,0.0,0.0,0.0,0.0,1577.660000000149
2021-05-09 00:00:00+00:00,-88.39761097007431,-645.4800000000978,-733.9565690299496,-645.4799999999814,-645.4799999999814,0.0,0.0,0.0,0.0,0.0,0.0,0.0,0.0,0.0,0.0,-645.4799999999814
2021-05-10 00:00:00+00:00,-2534.9299169199076,-2446.159999999916,-2446.160000000149,-2446.159999999916,-2446.160000000149,0.0,0.0,0.0,0.0,0.0,0.0,0.0,0.0,0.0,0.0,-2446.160000000149
2021-05-11 00:00:00+00:00,886.7799999999115,886.7799999999115,886.7800000000279,886.7800000000279,886.7800000000279,0.0,0.0,0.0,0.0,0.0,0.0,0.0,0.0,0.0,0.0,886.7800000000279
2021-05-12 00:00:00+00:00,-85.10140840499662,-7254.4199999999255,-85.10140840499662,-85.10140840499662,-7254.4199999999255,0.0,0.0,0.0,0.0,0.0,0.0,0.0,0.0,0.0,0.0,-7254.4199999999255
2021-05-13 00:00:00+00:00,117.0771106199827,191.3399999999674,0.0,0.0,191.34000000008382,0.0,0.0,0.0,0.0,0.0,0.0,0.0,0.0,0.0,0.0,191.34000000008382
2021-05-14 00:00:00+00:00,-82.3285788600333,-82.3285788600333,0.0,0.0,203.36999999987893,136.6517388599459,136.6517388599459,136.6517388599459,136.6517388599459,136.6517388599459,136.6517388599459,136.6517388599459,136.6517388599459,136.6517388599459,0.0,203.36999999987893
2021-05-15 00:00:00+00:00,0.0,0.0,0.0,0.0,-3117.969999999972,-3117.969999999972,-3117.969999999972,-3117.969999999972,-3117.969999999972,-3117.969999999972,-3117.969999999972,-3117.969999999972,-3117.969999999972,-3117.969999999972,0.0,-3117.969999999972
2021-05-16 00:00:00+00:00,0.0,0.0,0.0,0.0,-324.71999999997206,-324.71999999997206,-324.71999999997206,-324.71999999997206,-324.71999999997206,-324.71999999997206,-324.71999999997206,-324.71999999997206,-324.71999999997206,-324.71999999997206,0.0,-324.71999999997206
2021-05-17 00:00:00+00:00,0.0,0.0,0.0,0.0,-2870.2900000000373,-2870.2900000000373,-2870.2900000000373,-2870.2900000000373,-2870.2900000000373,-2870.2900000000373,-2870.2900000000373,-2870.2900000000373,-2870.2900000000373,-2870.2900000000373,0.0,-2870.2900000000373
2021-05-18 00:00:00+00:00,0.0,0.0,0.0,0.0,-723.3499999999767,-723.3499999999767,-723.3499999999767,-723.3499999999767,-723.3499999999767,-723.3499999999767,-723.3499999999767,-723.3499999999767,-723.3499999999767,-723.3499999999767,0.0,-723.3499999999767
2021-05-19 00:00:00+00:00,0.0,0.0,0.0,0.0,-6125.400000000023,-6125.400000000023,-6125.400000000023,-6125.400000000023,-6125.400000000023,-6125.400000000023,-6125.400000000023,-6125.400000000023,-6125.400000000023,-6125.400000000023,0.0,-6125.400000000023
2021-05-20 00:00:00+00:00,0.0,0.0,0.0,0.0,3891.579999999958,3891.579999999958,3891.579999999958,3891.579999999958,3891.579999999958,3891.579999999958,3891.579999999958,3891.579999999958,3891.579999999958,3891.579999999958,0.0,3891.579999999958
2021-05-21 00:00:00+00:00,0.0,0.0,0.0,0.0,-3282.5599999999395,-3282.5599999999395,-3282.5599999999395,-3282.5599999999395,-3282.5599999999395,-3282.5599999999395,-3282.5599999999395,-3282.5599999999395,-3282.5599999999395,-3282.5599999999395,0.0,-3282.5599999999395
2021-05-22 00:00:00+00:00,0.0,0.0,0.0,0.0,136.05999999993946,136.05999999993946,136.05999999993946,136.05999999993946,136.05999999993946,136.05999999993946,136.05999999993946,136.05999999993946,136.05999999993946,136.05999999993946,0.0,136.05999999993946
2021-05-23 00:00:00+00:00,0.0,0.0,0.0,0.0,-2718.159999999916,-2718.159999999916,-2718.159999999916,-2718.159999999916,-2718.159999999916,-2718.159999999916,-2718.159999999916,-2718.159999999916,-2718.159999999916,-2718.159999999916,0.0,-2718.159999999916
2021-05-24 00:00:00+00:00,0.0,0.0,0.0,0.0,4119.890000000014,4119.889999999898,4119.889999999898,4119.889999999898,4119.889999999898,4119.889999999898,4119.889999999898,4119.889999999898,4119.889999999898,4119.889999999898,0.0,4119.890000000014
2021-05-25 00:00:00+00:00,0.0,0.0,0.0,0.0,-516.75,-516.75,-516.75,-516.75,-516.75,-516.75,-516.75,-516.75,-516.75,-516.75,0.0,-516.75
2021-05-26 00:00:00+00:00,0.0,0.0,0.0,0.0,931.4199999999255,931.4200000000419,931.4200000000419,931.4200000000419,931.4200000000419,931.4200000000419,931.4200000000419,931.4200000000419,931.4200000000419,931.4200000000419,0.0,931.4199999999255
2021-05-27 00:00:00+00:00,0.0,0.0,0.0,0.0,-736.3499999999767,-736.3499999999767,-736.3499999999767,-736.3499999999767,-736.3499999999767,-736.3499999999767,-736.3499999999767,-736.3499999999767,-736.3499999999767,-736.3499999999767,0.0,-736.3499999999767
2021-05-28 00:00:00+00:00,-2934.2645984400297,0.0,0.0,0.0,-2876.4100000000326,-2876.4100000000326,-2876.4100000000326,-2876.4100000000326,-2876.4100000000326,-2876.4100000000326,-2876.4100000000326,-2876.4100000000326,-2876.4100000000326,-2876.4100000000326,0.0,-2876.4100000000326
2021-05-29 00:00:00+00:00,-53.492879759985954,0.0,0.0,0.0,-1052.6500000000233,-1052.6500000000233,-1052.6500000000233,-1052.6500000000233,-1052.6500000000233,-1052.6500000000233,-1052.6500000000233,-1052.6500000000233,-1052.6500000000233,-1052.6500000000233,0.0,-1052.6500000000233
2021-05-30 00:00:00+00:00,0.0,0.0,0.0,0.0,1041.6199999999953,1041.6200000001118,1041.6200000001118,1041.6200000001118,1041.6200000001118,1041.6200000001118,1041.6200000001118,1041.6200000001118,1041.6200000001118,1041.6200000001118,0.0,1041.6199999999953
2021-05-31 00:00:00+00:00,0.0,0.0,0.0,0.0,1609.8700000001118,1609.869999999879,1609.869999999879,1609.869999999879,1609.869999999879,1609.869999999879,1609.869999999879,1609.869999999879,1609.869999999879,1609.869999999879,0.0,1609.8700000001118
2021-06-01 00:00:00+00:00,-647.1629831149476,0.0,0.0,0.0,-594.3100000000559,-594.3099999999395,-594.3099999999395,-594.3099999999395,-594.3099999999395,-594.3099999999395,-594.3099999999395,-594.3099999999395,-594.3099999999395,-594.3099999999395,0.0,-594.3100000000559
2021-06-02 00:00:00+00:00,-55.019142505014315,0.0,0.0,0.0,892.9100000000326,892.9100000000326,892.9100000000326,892.9100000000326,892.9100000000326,892.9100000000326,892.9100000000326,892.9100000000326,892.9100000000326,892.9100000000326,0.0,892.9100000000326
2021-06-03 00:00:00+00:00,0.0,0.0,0.0,0.0,1670.640000000014,1670.640000000014,1670.640000000014,1670.640000000014,1670.640000000014,1670.640000000014,1670.640000000014,1670.640000000014,1670.640000000014,1670.640000000014,0.0,1670.640000000014
2021-06-04 00:00:00+00:00,0.0,-2450.9124342700234,0.0,0.0,-2392.030000000028,-58.86318573006429,-58.86318573006429,-58.86318573006429,-2392.030000000028,-2392.030000000028,-2392.030000000028,-2392.030000000028,-2392.030000000028,-2392.030000000028,0.0,-2392.030000000028
2021-06-05 00:00:00+00:00,-1372.343223265023,-55.25636673497502,0.0,0.0,-1317.030000000028,0.0,0.0,0.0,-1317.030000000028,-1317.030000000028,-1317.030000000028,-1317.030000000028,-1317.030000000028,-1317.030000000028,0.0,-1317.030000000028
2021-06-06 00:00:00+00:00,260.9899999999907,0.0,0.0,0.0,-52.81218501494732,0.0,0.0,0.0,260.9899999999907,260.9899999999907,260.9899999999907,260.9899999999907,260.9899999999907,260.9899999999907,0.0,260.9899999999907
2021-06-07 00:00:00+00:00,-2224.569999999949,0.0,0.0,0.0,0.0,-2278.2886202399386,-2278.2886202399386,0.0,-2224.569999999949,-2224.569999999949,-2224.569999999949,-2224.569999999949,-2224.569999999949,-2224.569999999949,0.0,-2224.569999999949
2021-06-08 00:00:00+00:00,-173.78000000002794,-215.49767363001592,0.0,0.0,0.0,-173.78000000002794,-173.78000000002794,0.0,-173.78000000002794,-173.78000000002794,-173.78000000002794,-173.78000000002794,-173.78000000002794,-173.78000000002794,0.0,-173.78000000002794
2021-06-09 00:00:00+00:00,-50.08649393497035,-50.08649393497035,0.0,0.0,0.0,4001.7299999999814,4001.7299999999814,3951.6101039350033,4001.7299999999814,4001.7299999999814,4001.7299999999814,4001.7299999999814,4001.7299999999814,4001.7299999999814,0.0,4001.7299999999814
2021-06-10 00:00:00+00:00,0.0,0.0,0.0,0.0,0.0,-709.8099999999395,-709.8099999999395,-709.8099999999395,-709.8099999999395,-709.8099999999395,-709.8099999999395,-709.8099999999395,-709.8099999999395,-709.8099999999395,0.0,-709.8099999999395
2021-06-11 00:00:00+00:00,0.0,0.0,0.0,0.0,0.0,-54.16401754505932,-54.16401754505932,-54.16401754505932,644.390000000014,644.390000000014,644.390000000014,644.390000000014,644.390000000014,644.390000000014,0.0,644.3899999998976
2021-06-12 00:00:00+00:00,0.0,0.0,0.0,0.0,0.0,0.0,0.0,0.0,-1781.1100000001024,-1781.1100000001024,-1781.1100000001024,-1781.1100000001024,-1781.1100000001024,-1781.1100000001024,0.0,-1781.109999999986
2021-06-13 00:00:00+00:00,3404.566241340013,3404.566241340013,0.0,0.0,0.0,0.0,0.0,0.0,3457.9100000000326,3457.9100000000326,3457.9100000000326,3457.9100000000326,3457.9100000000326,3457.9100000000326,0.0,3457.9100000000326
2021-06-14 00:00:00+00:00,1524.2299999999814,1524.2299999999814,0.0,0.0,0.0,0.0,0.0,0.0,1524.2299999999814,1524.2299999999814,1524.2299999999814,1524.2299999999814,1524.2299999999814,1524.2299999999814,0.0,1524.2299999999814
2021-06-15 00:00:00+00:00,-377.0999999999767,-377.0999999999767,0.0,0.0,0.0,0.0,0.0,0.0,-62.32662603491917,-62.32662603491917,-62.32662603491917,-377.0999999999767,-377.0999999999767,-377.0999999999767,0.0,-377.0999999999767
2021-06-16 00:00:00+00:00,-1811.3699999999953,-1811.3699999999953,0.0,0.0,0.0,0.0,0.0,0.0,0.0,0.0,0.0,-1811.3699999999953,-1811.3699999999953,-1811.3699999999953,0.0,-1811.3699999999953
2021-06-17 00:00:00+00:00,-255.8299999999581,-255.8299999999581,0.0,0.0,0.0,0.0,0.0,0.0,0.0,0.0,0.0,-255.8299999999581,-255.8299999999581,-255.8299999999581,0.0,-255.8299999999581
2021-06-18 00:00:00+00:00,-2253.359999999986,-2253.3600000001024,0.0,0.0,0.0,0.0,0.0,0.0,0.0,0.0,0.0,-2253.3600000001024,-2253.3600000001024,-2253.3600000001024,0.0,-2253.359999999986
2021-06-19 00:00:00+00:00,-357.0200000000186,-54.59351951989811,0.0,0.0,0.0,0.0,0.0,0.0,0.0,0.0,0.0,-357.0199999999022,-357.0199999999022,-357.0199999999022,0.0,-357.0200000000186
2021-06-20 00:00:00+00:00,-53.199457600014284,0.0,0.0,0.0,0.0,47.73505760007538,0.0,0.0,47.73505760007538,0.0,0.0,100.98999999999069,100.98999999999069,100.98999999999069,0.0,100.98999999999069
2021-06-21 00:00:00+00:00,0.0,0.0,0.0,0.0,0.0,-3975.960000000079,0.0,0.0,-3975.960000000079,0.0,0.0,-3975.960000000079,-3975.960000000079,-3975.960000000079,0.0,-3975.960000000079
2021-06-22 00:00:00+00:00,0.0,0.0,0.0,0.0,0.0,928.5500000000466,0.0,0.0,928.5500000000466,0.0,0.0,928.5500000000466,928.5500000000466,928.5500000000466,0.0,928.5500000000466
2021-06-23 00:00:00+00:00,0.0,0.0,0.0,0.0,0.0,1149.9799999999814,1100.625380549929,1100.625380549929,1149.9799999999814,1100.625380549929,1100.625380549929,1149.9799999999814,1149.9799999999814,1149.9799999999814,0.0,1149.9799999999814
2021-06-24 00:00:00+00:00,0.0,0.0,0.0,0.0,0.0,966.2299999999814,966.2299999999814,966.2299999999814,966.2299999999814,966.2299999999814,966.2299999999814,966.2299999999814,966.2299999999814,966.2299999999814,0.0,966.2299999999814
2021-06-25 00:00:00+00:00,0.0,0.0,0.0,0.0,0.0,-3059.9499999999534,-3059.9499999999534,-3059.9499999999534,-3059.9499999999534,-3059.9499999999534,-3059.9499999999534,-3059.9499999999534,-3059.9499999999534,-3059.9499999999534,0.0,-3059.9499999999534
2021-06-26 00:00:00+00:00,0.0,0.0,0.0,0.0,0.0,680.5599999999395,680.5599999999395,680.5599999999395,680.5599999999395,680.5599999999395,680.5599999999395,680.5599999999395,680.5599999999395,680.5599999999395,0.0,680.5599999999395
2021-06-27 00:00:00+00:00,0.0,0.0,0.0,0.0,0.0,2434.0400000000373,2434.0400000000373,2434.0400000000373,2434.0400000000373,2434.0400000000373,2434.0400000000373,2434.0400000000373,2434.0400000000373,2434.0400000000373,0.0,2434.0400000000373
2021-06-28 00:00:00+00:00,0.0,0.0,0.0,0.0,0.0,-216.0100000000093,-216.0100000000093,-216.0100000000093,-216.0100000000093,-216.0100000000093,-216.0100000000093,-216.0100000000093,-216.0100000000093,-216.0100000000093,0.0,-216.0100000000093
2021-06-29 00:00:00+00:00,0.0,0.0,0.0,0.0,0.0,1411.0600000000559,1411.0600000000559,1411.0600000000559,1411.0600000000559,1411.0600000000559,1411.0600000000559,1411.0600000000559,1411.0600000000559,1411.0600000000559,0.0,1411.0600000000559
2021-06-30 00:00:00+00:00,-900.0472080849577,0.0,0.0,0.0,0.0,-844.2800000000279,-844.2800000000279,-844.2800000000279,-844.2800000000279,-844.2800000000279,-844.2800000000279,-844.2800000000279,-844.2800000000279,-844.2800000000279,0.0,-844.2800000000279
2021-07-01 00:00:00+00:00,-1543.890000000014,0.0,-1596.4975300000515,0.0,0.0,-52.57247000001371,-52.57247000001371,-52.57247000001371,-1543.890000000014,-1543.890000000014,-1543.890000000014,-1543.890000000014,-1543.890000000014,-1543.890000000014,0.0,-1543.890000000014
2021-07-02 00:00:00+00:00,288.9100000000326,0.0,-55.42963953502476,0.0,0.0,0.0,0.0,0.0,288.9100000000326,288.9100000000326,288.9100000000326,288.9100000000326,288.9100000000326,288.9100000000326,0.0,288.9100000000326
2021-07-03 00:00:00+00:00,-50.70061249495484,0.0,0.0,0.0,0.0,0.0,0.0,0.0,877.140000000014,877.140000000014,877.140000000014,877.140000000014,877.140000000014,877.140000000014,0.0,877.140000000014
2021-07-04 00:00:00+00:00,546.9751124850009,0.0,0.0,0.0,0.0,0.0,0.0,0.0,601.890000000014,601.890000000014,601.890000000014,601.890000000014,601.890000000014,601.890000000014,0.0,601.890000000014
2021-07-05 00:00:00+00:00,-1586.2700000000186,0.0,0.0,0.0,0.0,0.0,0.0,0.0,-1586.2700000000186,-1586.2700000000186,-1586.2700000000186,-1586.2700000000186,-1586.2700000000186,-1586.2700000000186,0.0,-1586.2700000000186
2021-07-06 00:00:00+00:00,527.9499999999534,0.0,0.0,0.0,0.0,0.0,0.0,0.0,527.9499999999534,527.9499999999534,527.9499999999534,527.9499999999534,527.9499999999534,527.9499999999534,0.0,527.9499999999534
2021-07-07 00:00:00+00:00,-51.33146714000031,-398.5156928600045,0.0,0.0,0.0,0.0,0.0,0.0,-347.1700000000419,-347.1700000000419,-347.1700000000419,-347.1700000000419,-347.1700000000419,-347.1700000000419,0.0,-347.1699999999255
2021-07-08 00:00:00+00:00,0.0,-1002.6100000001024,0.0,0.0,0.0,0.0,0.0,0.0,-1002.609999999986,-1002.609999999986,-1002.609999999986,-1002.609999999986,-1002.609999999986,-1002.609999999986,0.0,-1002.6100000001024
2021-07-09 00:00:00+00:00,0.0,948.3100000000559,898.9796370249242,0.0,0.0,0.0,0.0,0.0,948.3100000000559,948.3100000000559,948.3100000000559,948.3100000000559,948.3100000000559,948.3100000000559,0.0,948.3100000000559
2021-07-10 00:00:00+00:00,0.0,-50.72946287505329,-50.729462874820456,0.0,0.0,-359.6532871250529,-359.6532871250529,0.0,-308.9100000000326,-308.9100000000326,-308.9100000000326,-308.9100000000326,-308.9100000000326,-308.9100000000326,0.0,-308.9100000000326
2021-07-11 00:00:00+00:00,693.5902173250215,693.5902173250215,0.0,0.0,0.0,743.8800000000047,743.8800000000047,0.0,743.8800000000047,743.8800000000047,743.8800000000047,743.8800000000047,743.8800000000047,743.8800000000047,0.0,743.8800000000047
2021-07-12 00:00:00+00:00,-51.38170039001852,-1168.1300000000047,0.0,0.0,0.0,-1168.1300000000047,-1168.1300000000047,0.0,-1168.1300000000047,-1168.1300000000047,-1168.1300000000047,-1168.1300000000047,-1168.1300000000047,-1168.1300000000047,0.0,-1168.1300000000047
2021-07-13 00:00:00+00:00,0.0,-63.26960628503002,0.0,0.0,0.0,-63.26960628491361,-63.26960628491361,0.0,-356.95999999996275,-356.95999999996275,-356.95999999996275,-356.95999999996275,-356.95999999996275,-356.95999999996275,0.0,-356.95999999996275
2021-07-14 00:00:00+00:00,0.0,0.0,0.0,0.0,0.0,33.13242292997893,33.13242292997893,0.0,82.25,82.25,82.25,82.25,82.25,82.25,0.0,82.25
2021-07-15 00:00:00+00:00,0.0,0.0,0.0,0.0,0.0,-947.7099999999627,-947.7099999999627,-996.3100328749279,-947.7099999999627,-947.7099999999627,-947.7099999999627,-947.7099999999627,-947.7099999999627,-947.7099999999627,0.0,-947.7099999999627
2021-07-16 00:00:00+00:00,0.0,0.0,0.0,0.0,0.0,-480.61999999999534,-480.61999999999534,-480.61999999999534,-480.61999999999534,-480.61999999999534,-480.61999999999534,-480.61999999999534,-480.61999999999534,-480.61999999999534,0.0,-480.61999999999534
2021-07-17 00:00:00+00:00,0.0,0.0,0.0,0.0,0.0,145.84999999997672,145.84999999997672,145.84999999997672,145.84999999997672,145.84999999997672,145.84999999997672,145.84999999997672,145.84999999997672,145.84999999997672,0.0,145.84999999997672
2021-07-18 00:00:00+00:00,0.0,0.0,0.0,0.0,0.0,254.3399999999674,254.3399999999674,254.3399999999674,254.3399999999674,254.3399999999674,254.3399999999674,254.3399999999674,254.3399999999674,254.3399999999674,0.0,254.3399999999674
2021-07-19 00:00:00+00:00,0.0,0.0,0.0,0.0,0.0,-946.2199999999721,-946.2199999999721,-946.2199999999721,-946.2199999999721,-946.2199999999721,-946.2199999999721,-946.2199999999721,-946.2199999999721,-946.2199999999721,0.0,-946.2199999999721
2021-07-20 00:00:00+00:00,0.0,0.0,0.0,0.0,0.0,-1045.8699999999953,-1045.8699999999953,-1045.8699999999953,-1045.8699999999953,-1045.8699999999953,-1045.8699999999953,-1045.8699999999953,-1045.8699999999953,-1045.8699999999953,0.0,-1045.8699999999953
2021-07-21 00:00:00+00:00,0.0,0.0,0.0,0.0,0.0,2339.0299999999115,2339.0299999999115,2339.0299999999115,2339.0299999999115,2339.0299999999115,2339.0299999999115,2339.0299999999115,2339.0299999999115,2339.0299999999115,0.0,2339.0299999999115
2021-07-22 00:00:00+00:00,0.0,0.0,0.0,0.0,0.0,152.55000000004657,152.55000000004657,152.55000000004657,152.55000000004657,152.55000000004657,152.55000000004657,152.55000000004657,152.55000000004657,152.55000000004657,0.0,152.55000000004657
2021-07-23 00:00:00+00:00,0.0,0.0,1311.0622311248444,0.0,0.0,1359.5200000000186,1359.5200000000186,1359.5200000000186,1359.5200000000186,1359.5200000000186,1359.5200000000186,1359.5200000000186,1359.5200000000186,1359.5200000000186,0.0,1359.5200000000186
2021-07-24 00:00:00+00:00,585.2522713650251,0.0,-50.44408136489801,0.0,0.0,635.75,635.75,635.75,635.75,635.75,635.75,635.75,635.75,635.75,0.0,635.75
2021-07-25 00:00:00+00:00,1145.25,0.0,0.0,0.0,0.0,-42.760359165025875,-42.760359165025875,-42.760359165025875,-42.760359165025875,-42.760359165025875,-42.760359165025875,1145.25,1145.25,1145.25,0.0,1145.25
2021-07-26 00:00:00+00:00,1834.5100000000093,1781.3599108749768,0.0,0.0,0.0,0.0,0.0,0.0,0.0,0.0,0.0,1834.5100000000093,1834.5100000000093,1834.5100000000093,0.0,1834.5100000000093
2021-07-27 00:00:00+00:00,2207.7099999999627,2207.7099999999627,2151.8072286199313,0.0,0.0,0.0,0.0,0.0,0.0,0.0,0.0,-55.885508620063774,-55.885508620063774,-55.885508620063774,0.0,2207.7099999999627
2021-07-28 00:00:00+00:00,564.6199999999953,564.6199999999953,564.6200000001118,0.0,0.0,0.0,0.0,0.0,0.0,0.0,0.0,0.0,0.0,0.0,0.0,564.6199999999953
2021-07-29 00:00:00+00:00,4.339999999967404,4.340000000083819,4.339999999850988,-55.73266754997894,0.0,0.0,0.0,0.0,0.0,0.0,0.0,0.0,0.0,0.0,0.0,4.339999999967404
2021-07-30 00:00:00+00:00,2198.5100000000093,2198.509999999893,2198.5100000000093,2198.5100000000093,0.0,0.0,0.0,0.0,0.0,0.0,0.0,0.0,0.0,0.0,0.0,2198.5100000000093
2021-07-31 00:00:00+00:00,-742.9399999999441,-742.9399999999441,-742.9399999999441,-742.940000000177,0.0,0.0,0.0,0.0,0.0,0.0,0.0,0.0,0.0,0.0,0.0,-742.9399999999441
2021-08-01 00:00:00+00:00,-1629.5999999999767,-1629.5999999999767,-1629.6000000000931,-1629.5999999998603,0.0,0.0,0.0,0.0,0.0,0.0,0.0,0.0,0.0,0.0,0.0,-1629.5999999999767
2021-08-02 00:00:00+00:00,-715.8200000000652,-715.8200000000652,-715.8199999998324,-715.8200000000652,0.0,0.0,0.0,0.0,0.0,0.0,0.0,0.0,0.0,0.0,0.0,-715.8200000000652
2021-08-03 00:00:00+00:00,-958.1500000000233,-958.1499999999069,-958.1500000001397,-958.1499999999069,0.0,0.0,0.0,0.0,0.0,0.0,0.0,0.0,0.0,0.0,0.0,-958.1500000000233
2021-08-04 00:00:00+00:00,1530.9700000000885,1530.969999999972,1530.969999999972,-59.30500530009158,0.0,0.0,0.0,0.0,0.0,0.0,0.0,0.0,0.0,0.0,0.0,1530.9700000000885
2021-08-05 00:00:00+00:00,-63.068490550038405,1166.329999999958,1166.3300000000745,1110.2417905500624,0.0,0.0,0.0,0.0,0.0,0.0,0.0,0.0,0.0,0.0,0.0,1166.329999999958
2021-08-06 00:00:00+00:00,0.0,1980.8399999999674,1980.8400000000838,1980.839999999851,0.0,0.0,0.0,0.0,0.0,0.0,0.0,0.0,0.0,0.0,0.0,1980.8399999999674
2021-08-07 00:00:00+00:00,1703.42418020498,1767.7600000000093,1767.7600000000093,1767.7600000000093,0.0,0.0,0.0,0.0,0.0,0.0,0.0,0.0,0.0,0.0,0.0,1767.7600000000093
2021-08-08 00:00:00+00:00,-808.1999999999534,-808.1999999999534,-808.2000000001863,-808.1999999999534,0.0,0.0,0.0,0.0,0.0,0.0,0.0,0.0,0.0,0.0,0.0,-808.1999999999534
2021-08-09 00:00:00+00:00,2456.3399999999674,2456.3399999999674,2456.340000000084,2456.340000000084,0.0,0.0,0.0,0.0,0.0,0.0,0.0,0.0,0.0,0.0,0.0,2456.3399999999674
2021-08-10 00:00:00+00:00,-689.8199999999488,-689.8199999999488,-689.8200000000652,-689.8200000000652,0.0,0.0,0.0,0.0,0.0,0.0,0.0,0.0,0.0,0.0,0.0,-689.8199999999488
2021-08-11 00:00:00+00:00,-42.17000000004191,-42.17000000004191,-42.169999999925494,-42.169999999925494,0.0,0.0,0.0,0.0,0.0,0.0,0.0,0.0,0.0,0.0,0.0,-42.17000000004191
2021-08-12 00:00:00+00:00,-1131.3499999999767,-1131.3499999999767,-1131.3500000000931,-1131.3500000000931,0.0,0.0,0.0,0.0,0.0,0.0,0.0,0.0,0.0,0.0,0.0,-1131.3499999999767
2021-08-13 00:00:00+00:00,3411.5,3411.5,3411.5,3411.5,0.0,0.0,0.0,0.0,0.0,0.0,0.0,0.0,0.0,0.0,0.0,3411.5
2021-08-14 00:00:00+00:00,-723.9899999999907,-723.9899999999907,-723.9899999999907,-723.9899999999907,0.0,0.0,0.0,0.0,0.0,0.0,0.0,0.0,0.0,0.0,0.0,-723.9899999999907
2021-08-15 00:00:00+00:00,-95.1600000000326,-95.1600000000326,-95.15999999991618,-95.15999999991618,0.0,0.0,0.0,0.0,0.0,0.0,0.0,0.0,0.0,0.0,0.0,-95.1600000000326
2021-08-16 00:00:00+00:00,-1112.030000000028,-1112.030000000028,-1112.030000000028,-1112.030000000028,0.0,0.0,0.0,0.0,0.0,0.0,0.0,0.0,0.0,0.0,0.0,-1112.030000000028
2021-08-17 00:00:00+00:00,-1230.8800000000047,-1230.8800000000047,-1230.8799999998882,-1230.880000000121,0.0,0.0,0.0,0.0,0.0,0.0,0.0,0.0,0.0,0.0,0.0,-1230.8800000000047
2021-08-18 00:00:00+00:00,-63.230672330013476,36.40000000002328,36.39999999990687,36.4000000001397,0.0,0.0,0.0,0.0,0.0,0.0,0.0,0.0,0.0,0.0,0.0,36.40000000002328
2021-08-19 00:00:00+00:00,0.0,2057.890000000014,2057.8900000001304,2057.8899999998976,0.0,0.0,0.0,0.0,0.0,0.0,0.0,0.0,0.0,0.0,0.0,2057.890000000014
2021-08-20 00:00:00+00:00,0.0,2576.530000000028,2576.529999999795,2576.530000000028,0.0,0.0,0.0,0.0,0.0,0.0,0.0,0.0,0.0,0.0,0.0,2576.530000000028
2021-08-21 00:00:00+00:00,-557.019659994985,-475.38000000000466,-475.37999999988824,-475.3800000001211,0.0,0.0,0.0,0.0,0.0,0.0,0.0,0.0,0.0,0.0,0.0,-475.38000000000466
2021-08-22 00:00:00+00:00,417.60999999998603,417.60999999998603,417.6099999998696,417.61000000010245,0.0,0.0,0.0,0.0,0.0,0.0,0.0,0.0,0.0,0.0,0.0,417.60999999998603
2021-08-23 00:00:00+00:00,221.86999999999534,221.86999999999534,221.87000000011176,221.87000000011176,0.0,0.0,0.0,0.0,0.0,0.0,0.0,0.0,0.0,0.0,0.0,221.86999999999534
2021-08-24 00:00:00+00:00,-1824.0500000000466,-1824.0500000000466,-1824.0500000000466,-1824.0500000000466,0.0,0.0,0.0,0.0,0.0,0.0,0.0,0.0,0.0,0.0,0.0,-1824.0500000000466
2021-08-25 00:00:00+00:00,1304.8800000000047,1304.8800000000047,1304.880000000121,1304.8799999998882,1233.3324837749824,0.0,0.0,0.0,0.0,0.0,0.0,0.0,0.0,0.0,0.0,1304.8800000000047
2021-08-26 00:00:00+00:00,-2135.859999999986,-2135.859999999986,-2135.8600000001024,-2135.8599999998696,-69.22285921499133,0.0,0.0,0.0,0.0,0.0,0.0,0.0,0.0,0.0,0.0,-2135.859999999986
2021-08-27 00:00:00+00:00,2226.0999999999767,2226.0999999999767,2226.100000000093,2226.0999999998603,0.0,0.0,0.0,0.0,0.0,0.0,0.0,0.0,0.0,0.0,0.0,2226.0999999999767
2021-08-28 00:00:00+00:00,-134.63000000000466,-134.62999999988824,-134.63000000012107,-134.62999999988824,0.0,0.0,0.0,0.0,0.0,0.0,0.0,0.0,0.0,0.0,0.0,-134.63000000000466
2021-08-29 00:00:00+00:00,-73.43986355490051,-140.36000000010245,-140.35999999986961,-140.36000000010245,0.0,0.0,0.0,0.0,0.0,0.0,0.0,0.0,0.0,0.0,0.0,-140.35999999998603
2021-08-30 00:00:00+00:00,-1882.0982712900732,-1808.8699999999953,-1808.8700000001118,-1808.869999999879,0.0,0.0,0.0,0.0,0.0,0.0,0.0,0.0,0.0,0.0,0.0,-1808.8699999999953
2021-08-31 00:00:00+00:00,-67.38170159992296,118.79000000003725,118.79000000003725,118.79000000003725,0.0,0.0,0.0,0.0,0.0,0.0,0.0,0.0,0.0,0.0,0.0,118.79000000003725
2021-09-01 00:00:00+00:00,0.0,1727.359999999986,1727.3600000001024,1727.3599999998696,0.0,0.0,0.0,0.0,0.0,0.0,0.0,0.0,0.0,0.0,0.0,1727.359999999986
2021-09-02 00:00:00+00:00,0.0,439.5100000000093,439.5100000000093,439.5100000000093,0.0,0.0,0.0,0.0,0.0,0.0,0.0,0.0,0.0,0.0,0.0,439.5100000000093
2021-09-03 00:00:00+00:00,0.0,745.6300000000047,745.6299999998882,745.6300000001211,0.0,0.0,0.0,0.0,0.0,0.0,0.0,0.0,0.0,0.0,0.0,745.6300000000047
2021-09-04 00:00:00+00:00,-157.0825124999974,-82.02000000001863,-82.02000000001863,-82.02000000001863,0.0,0.0,0.0,0.0,0.0,0.0,0.0,0.0,0.0,0.0,0.0,-82.02000000001863
2021-09-05 00:00:00+00:00,1846.1900000000605,1846.1900000000605,1846.1899999999441,1846.1899999999441,0.0,0.0,0.0,0.0,0.0,0.0,0.0,0.0,0.0,0.0,0.0,1846.1899999999441
2021-09-06 00:00:00+00:00,909.6399999998976,909.6399999998976,909.6400000001304,909.6399999998976,0.0,0.0,0.0,0.0,0.0,0.0,0.0,0.0,0.0,0.0,0.0,909.6400000001304
2021-09-07 00:00:00+00:00,-5804.3099999999395,-5804.3099999999395,-5804.310000000056,-5804.309999999823,0.0,0.0,0.0,0.0,0.0,0.0,0.0,0.0,0.0,0.0,0.0,-5804.310000000056
2021-09-08 00:00:00+00:00,-834.140000000014,-834.140000000014,-834.1399999998976,-834.1400000001304,0.0,0.0,0.0,0.0,0.0,0.0,0.0,0.0,0.0,0.0,0.0,-834.140000000014
2021-09-09 00:00:00+00:00,-69.48688003001735,-69.48688003001735,339.63999999989755,339.6400000001304,0.0,270.9470600299537,270.9470600299537,0.0,0.0,0.0,0.0,0.0,0.0,0.0,0.0,339.64000000001397
2021-09-10 00:00:00+00:00,0.0,0.0,-73.31119186989963,-1548.5500000000466,0.0,-1548.5500000000466,-1548.5500000000466,-1614.4275881299982,-1614.4275881299982,0.0,0.0,0.0,0.0,0.0,0.0,-1548.5500000000466
2021-09-11 00:00:00+00:00,0.0,0.0,254.1620198150631,320.37999999988824,0.0,320.38000000000466,320.38000000000466,320.38000000000466,320.38000000000466,0.0,0.0,0.0,0.0,0.0,0.0,320.38000000000466
2021-09-12 00:00:00+00:00,0.0,0.0,-65.90790316998027,852.4000000001397,0.0,852.4000000000233,852.4000000000233,852.4000000000233,852.4000000000233,782.7869231699733,782.7869231699733,0.0,0.0,0.0,0.0,852.4000000000233
2021-09-13 00:00:00+00:00,0.0,0.0,-1149.144713900052,-1076.5100000000093,0.0,-1076.5100000000093,-1076.5100000000093,-1076.5100000000093,-1076.5100000000093,-1076.5100000000093,-1076.5100000000093,0.0,0.0,0.0,0.0,-1076.5100000000093
2021-09-14 00:00:00+00:00,0.0,0.0,-61.89736838499084,2179.5,0.0,2179.5,2179.5,2179.5,2179.5,2179.5,2179.5,0.0,0.0,0.0,0.0,2179.5
2021-09-15 00:00:00+00:00,0.0,0.0,0.0,1020.8999999999069,0.0,1020.9000000000233,1020.9000000000233,1020.9000000000233,1020.9000000000233,1020.9000000000233,1020.9000000000233,0.0,0.0,0.0,0.0,1020.9000000000233
2021-09-16 00:00:00+00:00,-463.1101170149632,-463.1101170149632,-463.1101170149632,-394.95999999996275,-463.1101170149632,-394.95999999996275,-394.95999999996275,-394.95999999996275,-394.95999999996275,-394.95999999996275,-394.95999999996275,0.0,0.0,0.0,0.0,-394.95999999996275
2021-09-17 00:00:00+00:00,-449.6600000000326,-71.61584842507727,-449.660000000149,-449.6599999999162,-449.6600000000326,-71.61584842507727,-71.61584842507727,-71.61584842507727,-71.61584842507727,-71.61584842507727,-71.61584842507727,0.0,0.0,0.0,0.0,-449.6600000000326
2021-09-18 00:00:00+00:00,1011.0599999999395,0.0,1011.0600000000559,1011.059999999823,1011.0600000000559,0.0,0.0,0.0,0.0,0.0,0.0,0.0,0.0,0.0,0.0,1011.0600000000559
2021-09-19 00:00:00+00:00,-1058.6399999998976,0.0,-1058.6399999998976,-1058.6399999998976,-1058.640000000014,0.0,0.0,0.0,0.0,0.0,0.0,0.0,0.0,0.0,0.0,-1058.640000000014
2021-09-20 00:00:00+00:00,-4242.95000000007,0.0,-4242.949999999953,-4242.949999999953,-4242.95000000007,0.0,0.0,0.0,0.0,0.0,0.0,0.0,0.0,0.0,0.0,-4242.95000000007
2021-09-21 00:00:00+00:00,-2293.3699999999953,0.0,-69.77003115508705,-2293.3700000001118,-2293.3699999999953,0.0,0.0,0.0,0.0,0.0,0.0,0.0,0.0,0.0,0.0,-2293.3699999999953
2021-09-22 00:00:00+00:00,-43.87484659499023,0.0,0.0,2855.5,2855.5,2777.164416595013,2777.164416595013,2777.164416595013,2777.164416595013,2777.164416595013,2777.164416595013,0.0,0.0,0.0,0.0,2855.5
2021-09-23 00:00:00+00:00,0.0,0.0,0.0,1322.4899999999907,1322.4899999999907,1322.4899999999907,1322.4899999999907,1322.4899999999907,1322.4899999999907,1322.4899999999907,1322.4899999999907,1257.0154274050146,1257.0154274050146,0.0,0.0,1322.4899999999907
2021-09-24 00:00:00+00:00,0.0,0.0,0.0,-2048.6699999999255,-2048.6699999999255,-2048.6699999999255,-2048.6699999999255,-2048.6699999999255,-2048.6699999999255,-2048.6699999999255,-2048.6699999999255,-2048.6699999999255,-2048.6699999999255,0.0,0.0,-2048.6699999999255
2021-09-25 00:00:00+00:00,0.0,0.0,0.0,-143.410000000149,-143.4100000000326,-143.4100000000326,-143.4100000000326,-143.4100000000326,-143.4100000000326,-143.4100000000326,-143.4100000000326,-143.4100000000326,-143.4100000000326,0.0,0.0,-143.4100000000326
2021-09-26 00:00:00+00:00,0.0,0.0,0.0,472.5100000000093,472.5100000000093,472.5100000000093,472.5100000000093,472.5100000000093,472.5100000000093,472.5100000000093,472.5100000000093,472.5100000000093,472.5100000000093,0.0,0.0,472.5100000000093
2021-09-27 00:00:00+00:00,0.0,0.0,0.0,-1006.2600000000093,-1006.2600000000093,-1006.2600000000093,-1006.2600000000093,-1006.2600000000093,-1006.2600000000093,-1006.2600000000093,-1006.2600000000093,-1006.2600000000093,-1006.2600000000093,0.0,0.0,-1006.2600000000093
2021-09-28 00:00:00+00:00,0.0,0.0,0.0,-1145.6899999999441,-1145.6900000000605,-1145.6900000000605,-1145.6900000000605,-1145.6900000000605,-1145.6900000000605,-1145.6900000000605,-1145.6900000000605,-1145.6900000000605,-1145.6900000000605,0.0,0.0,-1145.6900000000605
2021-09-29 00:00:00+00:00,0.0,0.0,0.0,496.0900000000838,496.0900000000838,496.0900000000838,496.0900000000838,496.0900000000838,496.0900000000838,496.0900000000838,496.0900000000838,496.0900000000838,496.0900000000838,0.0,0.0,496.0900000000838
2021-09-30 00:00:00+00:00,2243.020575445029,0.0,0.0,-65.30790544510819,2302.2700000000186,2302.2700000000186,2302.2700000000186,2302.2700000000186,2302.2700000000186,2302.2700000000186,2302.2700000000186,2302.2700000000186,2302.2700000000186,2243.020575445029,0.0,2302.2700000000186
2021-10-01 00:00:00+00:00,-61.26142055506352,0.0,0.0,4271.104750555009,4341.329999999958,4341.329999999958,4341.329999999958,4341.329999999958,4341.329999999958,4341.329999999958,4341.329999999958,4341.329999999958,4341.329999999958,4341.329999999958,0.0,4341.329999999958
2021-10-02 00:00:00+00:00,0.0,0.0,0.0,-508.0700000000652,-508.0700000000652,-508.0699999999488,-508.0699999999488,-508.0700000000652,-508.0699999999488,-508.0699999999488,-508.0699999999488,-508.0699999999488,-508.0699999999488,-508.0700000000652,0.0,-508.0700000000652
2021-10-03 00:00:00+00:00,498.7305581299588,498.7305581299588,0.0,576.3000000000466,576.3000000000466,-65.42177813011222,-65.42177813011222,-65.42177812987939,-65.42177813011222,-65.42177813011222,-65.42177813011222,-65.42177813011222,-65.42177813011222,-65.42177812987939,0.0,576.3000000000466
2021-10-04 00:00:00+00:00,1011.5500000000466,-72.3268680049805,0.0,1011.5500000000466,1011.5500000000466,0.0,0.0,0.0,0.0,0.0,0.0,0.0,0.0,0.0,0.0,1011.5500000000466
2021-10-05 00:00:00+00:00,2248.4499999999534,2175.9691829349613,0.0,2248.4499999999534,2248.4499999999534,0.0,0.0,0.0,0.0,0.0,0.0,0.0,0.0,0.0,0.0,2248.4499999999534
2021-10-06 00:00:00+00:00,3845.4899999999907,3845.4899999999907,0.0,3845.4899999999907,3845.4899999999907,0.0,0.0,0.0,0.0,0.0,0.0,0.0,0.0,0.0,0.0,3845.4899999999907
2021-10-07 00:00:00+00:00,-1541.6600000000326,-1541.6600000000326,0.0,-1541.6599999999162,-1541.6600000000326,0.0,0.0,0.0,0.0,0.0,0.0,0.0,0.0,0.0,0.0,-1541.6599999999162
2021-10-08 00:00:00+00:00,166.0,166.0,77.62490727007389,166.0,166.0,0.0,0.0,0.0,0.0,0.0,0.0,0.0,0.0,0.0,0.0,166.0
2021-10-09 00:00:00+00:00,998.4700000000885,998.4700000000885,998.4699999999721,998.4699999999721,998.4700000000885,0.0,0.0,0.0,0.0,0.0,0.0,0.0,0.0,0.0,0.0,998.4699999999721
2021-10-10 00:00:00+00:00,-271.7600000000093,-271.7600000000093,-271.7600000000093,-271.7600000000093,-271.7600000000093,0.0,0.0,0.0,0.0,0.0,0.0,0.0,0.0,0.0,0.0,-271.7600000000093
2021-10-11 00:00:00+00:00,2796.9100000000326,2796.909999999916,2796.909999999916,2796.909999999916,2796.909999999916,0.0,0.0,0.0,0.0,0.0,0.0,0.0,0.0,0.0,0.0,2796.909999999916
2021-10-12 00:00:00+00:00,-1482.3400000000838,-1482.3399999999674,-1482.339999999851,-1482.339999999851,-1482.3399999999674,0.0,0.0,0.0,0.0,0.0,0.0,0.0,0.0,0.0,0.0,-1482.339999999851
2021-10-13 00:00:00+00:00,1362.219999999972,1362.219999999972,1362.219999999972,1362.219999999972,1362.219999999972,0.0,0.0,0.0,0.0,0.0,0.0,0.0,0.0,0.0,0.0,1362.219999999972
2021-10-14 00:00:00+00:00,-7.809999999939464,-7.809999999939464,-7.810000000055879,-7.810000000055879,-7.809999999939464,0.0,0.0,0.0,0.0,0.0,0.0,0.0,0.0,0.0,0.0,-7.810000000055879
2021-10-15 00:00:00+00:00,4335.880000000005,4335.879999999888,4335.879999999888,4335.879999999888,4335.879999999888,0.0,0.0,0.0,0.0,0.0,0.0,0.0,0.0,0.0,0.0,4335.879999999888
2021-10-16 00:00:00+00:00,-817.9699999999721,-817.9699999998556,-817.9699999999721,-817.9699999999721,-817.9699999999721,0.0,0.0,0.0,0.0,0.0,0.0,0.0,0.0,0.0,0.0,-817.9699999999721
2021-10-17 00:00:00+00:00,649.6899999999441,649.6900000000605,649.690000000177,649.690000000177,649.690000000177,0.0,0.0,0.0,0.0,0.0,0.0,0.0,0.0,0.0,0.0,649.690000000177
2021-10-18 00:00:00+00:00,515.3000000000466,515.2999999998137,515.2999999998137,515.2999999998137,515.2999999998137,0.0,0.0,0.0,0.0,0.0,0.0,0.0,0.0,0.0,0.0,515.2999999998137
2021-10-19 00:00:00+00:00,2260.7299999999814,2260.7299999999814,2260.7299999999814,2260.7299999999814,2260.7299999999814,0.0,0.0,0.0,0.0,0.0,0.0,0.0,0.0,0.0,0.0,2260.7299999999814
2021-10-20 00:00:00+00:00,1723.4000000000233,1723.4000000001397,1723.4000000001397,1723.4000000001397,1723.4000000001397,0.0,0.0,0.0,0.0,0.0,0.0,0.0,0.0,0.0,0.0,1723.4000000001397
2021-10-21 00:00:00+00:00,-3822.5200000000186,-3822.5200000000186,-3822.5200000000186,-3822.5200000000186,-3822.5200000000186,0.0,0.0,0.0,0.0,0.0,0.0,0.0,0.0,0.0,0.0,-3822.5200000000186
2021-10-22 00:00:00+00:00,-1516.3800000000047,-1516.3800000000047,-1516.380000000121,-1516.380000000121,-1516.380000000121,0.0,0.0,0.0,0.0,0.0,0.0,0.0,0.0,0.0,0.0,-1516.380000000121
2021-10-23 00:00:00+00:00,612.3699999999953,612.3699999999953,612.3700000001118,612.3700000001118,612.3700000001118,0.0,0.0,0.0,0.0,0.0,0.0,0.0,0.0,0.0,0.0,612.3700000001118
2021-10-24 00:00:00+00:00,-91.9093799899565,-445.53000000002794,-445.53000000002794,-445.53000000002794,-445.53000000002794,0.0,0.0,0.0,0.0,0.0,0.0,0.0,0.0,0.0,0.0,-445.53000000002794
2021-10-25 00:00:00+00:00,2144.3277110450435,2229.060000000056,2229.060000000056,2229.060000000056,2229.060000000056,0.0,0.0,0.0,0.0,0.0,0.0,0.0,0.0,0.0,0.0,2229.060000000056
2021-10-26 00:00:00+00:00,-96.17139902000781,-2745.920000000042,-2745.9199999999255,-2745.9199999999255,-2745.9199999999255,0.0,0.0,0.0,0.0,0.0,0.0,0.0,0.0,0.0,0.0,-2745.9199999999255
2021-10-27 00:00:00+00:00,-1968.2499515949748,-1882.1500000000233,-1882.1500000001397,-1882.1500000001397,-1882.1500000001397,0.0,0.0,0.0,0.0,0.0,0.0,0.0,0.0,0.0,0.0,-1882.1500000001397
2021-10-28 00:00:00+00:00,-80.40486363496166,2136.180000000051,2136.179999999935,2136.179999999935,2136.179999999935,0.0,0.0,0.0,0.0,0.0,0.0,0.0,0.0,0.0,0.0,2136.179999999935
2021-10-29 00:00:00+00:00,0.0,1685.0699999999488,1685.0700000000652,1685.0700000000652,1685.0700000000652,1594.1722591849975,1594.1722591849975,0.0,0.0,0.0,0.0,0.0,0.0,0.0,0.0,1685.0700000000652
2021-10-30 00:00:00+00:00,0.0,-384.3100000000559,-384.3100000000559,-384.3100000000559,-384.3100000000559,-384.30999999993946,-384.30999999993946,0.0,0.0,0.0,0.0,0.0,0.0,0.0,0.0,-384.3100000000559
2021-10-31 00:00:00+00:00,-645.5755181899294,-548.729999999865,-548.7299999999814,-548.7299999999814,-548.7299999999814,-88.84362181008328,-88.84362181008328,0.0,0.0,0.0,0.0,0.0,0.0,0.0,0.0,-548.7299999999814
2021-11-01 00:00:00+00:00,-394.14000000001397,-394.14000000001397,-394.13999999989755,-394.13999999989755,-394.13999999989755,0.0,0.0,0.0,0.0,0.0,0.0,0.0,0.0,0.0,0.0,-394.13999999989755
2021-11-02 00:00:00+00:00,2316.969999999972,-84.54412179999053,2316.969999999972,2316.969999999972,2316.969999999972,0.0,0.0,0.0,0.0,0.0,0.0,0.0,0.0,0.0,0.0,2316.969999999972
2021-11-03 00:00:00+00:00,-94.87811675004195,0.0,-331.10000000009313,-331.10000000009313,-331.10000000009313,0.0,0.0,0.0,0.0,0.0,0.0,0.0,0.0,0.0,0.0,-331.10000000009313
2021-11-04 00:00:00+00:00,-1585.334567700047,0.0,-1490.9099999999162,-1490.9099999999162,-1490.9099999999162,0.0,0.0,0.0,0.0,0.0,0.0,0.0,0.0,0.0,0.0,-1490.9099999999162
2021-11-05 00:00:00+00:00,-438.3499999999767,0.0,-438.35000000009313,-438.35000000009313,-438.35000000009313,0.0,0.0,0.0,0.0,0.0,0.0,0.0,0.0,0.0,0.0,-438.35000000009313
2021-11-06 00:00:00+00:00,533.1600000000326,0.0,533.160000000149,533.160000000149,533.160000000149,0.0,0.0,0.0,0.0,0.0,0.0,0.0,0.0,0.0,0.0,533.160000000149
2021-11-07 00:00:00+00:00,-92.28818035009317,1677.4902803499717,1769.8199999998324,1769.8199999998324,1769.8199999998324,0.0,0.0,0.0,0.0,0.0,0.0,0.0,0.0,0.0,0.0,1769.8199999998324
2021-11-08 00:00:00+00:00,0.0,4245.709999999963,4245.710000000196,4245.710000000196,4245.710000000196,0.0,0.0,0.0,0.0,0.0,0.0,0.0,0.0,0.0,0.0,4245.710000000196
2021-11-09 00:00:00+00:00,-710.8349720649421,-610.1799999999348,-610.1800000001676,-610.1800000001676,-610.1800000001676,0.0,0.0,0.0,0.0,0.0,0.0,0.0,0.0,0.0,0.0,-610.1800000001676
2021-11-10 00:00:00+00:00,-2032.4600000000792,-2032.4599999999627,-2032.4599999999627,-2032.4599999999627,-2032.4599999999627,0.0,0.0,0.0,0.0,0.0,0.0,0.0,0.0,0.0,0.0,-2032.4599999999627
2021-11-11 00:00:00+00:00,-104.60999999998603,-104.61000000010245,-104.60999999986961,-104.60999999986961,-104.60999999986961,0.0,0.0,0.0,0.0,0.0,0.0,0.0,0.0,0.0,0.0,-104.60999999986961
2021-11-12 00:00:00+00:00,-659.6899999999441,-659.6899999999441,-659.690000000177,-659.690000000177,-659.690000000177,0.0,0.0,0.0,0.0,0.0,0.0,0.0,0.0,0.0,0.0,-659.690000000177
2021-11-13 00:00:00+00:00,252.10999999998603,252.10999999986961,252.11000000010245,252.11000000010245,252.11000000010245,0.0,0.0,0.0,0.0,0.0,0.0,0.0,0.0,0.0,0.0,252.11000000010245
2021-11-14 00:00:00+00:00,1105.0100000000093,1105.0100000000093,1105.0100000000093,1105.0100000000093,1105.0100000000093,0.0,0.0,0.0,0.0,0.0,0.0,0.0,0.0,0.0,0.0,1105.0100000000093
2021-11-15 00:00:00+00:00,-1880.4300000000512,-1880.4299999999348,-1880.4299999999348,-1880.4299999999348,-1880.4299999999348,0.0,0.0,0.0,0.0,0.0,0.0,0.0,0.0,0.0,0.0,-1880.4299999999348
2021-11-16 00:00:00+00:00,-3516.609999999986,-3516.609999999986,-3516.6100000001024,-3516.6100000001024,-3516.6100000001024,0.0,0.0,0.0,0.0,0.0,0.0,0.0,0.0,0.0,0.0,-3516.6100000001024
2021-11-17 00:00:00+00:00,-96.54228922002949,243.53000000002794,243.53000000002794,243.53000000002794,243.53000000002794,0.0,0.0,0.0,0.0,0.0,0.0,0.0,0.0,0.0,0.0,243.53000000002794
2021-11-18 00:00:00+00:00,0.0,-90.49708924500737,-90.49708924489096,-3453.5100000000093,-3453.5100000000093,-3544.067440754967,-3544.067440754967,-3544.067440754967,-3544.067440754967,-3544.067440754967,0.0,0.0,0.0,0.0,0.0,-3453.5100000000093
2021-11-19 00:00:00+00:00,0.0,0.0,0.0,1224.1599999999162,1224.1600000000326,1224.1600000000326,1224.1600000000326,1224.1600000000326,1224.1600000000326,1224.1600000000326,0.0,0.0,0.0,0.0,0.0,1224.1599999999162
2021-11-20 00:00:00+00:00,0.0,0.0,0.0,1638.6000000000931,1638.5999999999767,1638.5999999999767,1638.5999999999767,1638.5999999999767,1638.5999999999767,1638.5999999999767,1551.397713924991,0.0,0.0,0.0,0.0,1638.6000000000931
2021-11-21 00:00:00+00:00,0.0,0.0,0.0,-1089.5500000000466,-1089.5500000000466,-1089.5500000000466,-1089.5500000000466,-1089.5500000000466,-1089.5500000000466,-1089.5500000000466,-1089.5500000000466,0.0,0.0,0.0,0.0,-1089.5500000000466
2021-11-22 00:00:00+00:00,0.0,0.0,0.0,-2390.399999999907,-2390.399999999907,-2390.399999999907,-2390.399999999907,-2390.399999999907,-2390.399999999907,-2390.399999999907,-2390.399999999907,0.0,0.0,0.0,0.0,-2390.399999999907
2021-11-23 00:00:00+00:00,0.0,0.0,0.0,1286.0400000000373,1286.0399999999208,1286.0399999999208,1286.0399999999208,1286.0399999999208,1286.0399999999208,1286.0399999999208,1286.0399999999208,0.0,0.0,0.0,0.0,1286.0400000000373
2021-11-24 00:00:00+00:00,0.0,0.0,0.0,-404.19000000017695,-404.1899999999441,-404.1899999999441,-404.1899999999441,-404.1899999999441,-404.1899999999441,-404.1899999999441,-404.1899999999441,0.0,0.0,0.0,0.0,-404.19000000017695
2021-11-25 00:00:00+00:00,0.0,0.0,0.0,1824.6100000001024,1824.609999999986,1824.609999999986,1824.609999999986,1824.609999999986,1824.609999999986,1824.609999999986,1824.609999999986,0.0,0.0,0.0,0.0,1824.6100000001024
2021-11-26 00:00:00+00:00,0.0,0.0,0.0,-5229.600000000093,-5229.599999999977,-5229.599999999977,-5229.599999999977,-5229.599999999977,-5229.599999999977,-5229.599999999977,-5229.599999999977,0.0,0.0,0.0,0.0,-5229.600000000093
2021-11-27 00:00:00+00:00,920.7166161650093,0.0,0.0,1001.3800000001211,1001.3800000000047,1001.3800000000047,1001.3800000000047,1001.3800000000047,1001.3800000000047,1001.3800000000047,1001.3800000000047,0.0,0.0,0.0,0.0,1001.3800000001211
2021-11-28 00:00:00+00:00,-82.12118047999684,0.0,0.0,2558.119999999879,2558.1199999999953,2558.1199999999953,2558.1199999999953,2558.1199999999953,2558.1199999999953,2558.1199999999953,2558.1199999999953,2475.964060480008,0.0,0.0,0.0,2558.119999999879
2021-11-29 00:00:00+00:00,0.0,0.0,0.0,520.8900000001304,520.890000000014,520.890000000014,520.890000000014,520.890000000014,520.890000000014,520.890000000014,520.890000000014,520.8899999998976,0.0,0.0,0.0,520.8900000001304
2021-11-30 00:00:00+00:00,0.0,0.0,0.0,-850.0900000000838,-850.0900000000838,-850.0900000000838,-850.0900000000838,-850.0900000000838,-850.0900000000838,-850.0900000000838,-850.0900000000838,-850.0899999999674,0.0,0.0,0.0,-850.0900000000838
2021-12-01 00:00:00+00:00,142.62397582503036,0.0,0.0,238.53000000002794,238.53000000002794,238.53000000002794,238.53000000002794,238.53000000002794,238.53000000002794,238.53000000002794,238.53000000002794,238.53000000002794,0.0,0.0,0.0,238.53000000002794
2021-12-02 00:00:00+00:00,-85.80115174502134,0.0,0.0,-705.0400000000373,-705.0400000000373,-705.0400000000373,-705.0400000000373,-705.0400000000373,-705.0400000000373,-705.0400000000373,-705.0400000000373,-705.0400000000373,0.0,0.0,0.0,-705.0400000000373
2021-12-03 00:00:00+00:00,-2968.220435724943,0.0,0.0,-2883.4199999999255,-2883.4199999999255,-2883.4199999999255,-2883.4199999999255,-2883.4199999999255,-2883.4199999999255,-2883.4199999999255,-2883.4199999999255,-2883.4199999999255,0.0,0.0,0.0,-2883.4199999999255
2021-12-04 00:00:00+00:00,-85.44271348998882,0.0,0.0,-4396.9199999999255,-4396.920000000042,-4396.920000000042,-4396.920000000042,-4396.920000000042,-4396.920000000042,-4396.920000000042,-4396.920000000042,-4396.920000000042,0.0,0.0,0.0,-4396.920000000042
2021-12-05 00:00:00+00:00,0.0,0.0,0.0,243.0999999998603,243.09999999997672,243.09999999997672,243.09999999997672,243.09999999997672,243.09999999997672,243.09999999997672,243.09999999997672,243.09999999997672,175.0824923699256,175.0824923699256,0.0,243.09999999997672
2021-12-06 00:00:00+00:00,0.0,0.0,0.0,-74.21157289505936,1045.3400000000838,1045.3400000000838,1045.3400000000838,1045.3400000000838,1045.3400000000838,1045.3400000000838,1045.3400000000838,1045.3399999999674,1045.3400000000838,1045.3400000000838,0.0,1045.3400000000838
2021-12-07 00:00:00+00:00,0.0,0.0,0.0,0.0,95.9199999999255,95.9199999999255,95.9199999999255,95.9199999999255,95.9199999999255,95.9199999999255,95.9199999999255,95.92000000004191,95.9199999999255,95.9199999999255,0.0,95.9199999999255
2021-12-08 00:00:00+00:00,0.0,0.0,0.0,0.0,-105.79999999993015,-105.79999999993015,-105.79999999993015,-105.79999999993015,-105.79999999993015,-105.79999999993015,-105.79999999993015,-105.79999999993015,-105.79999999993015,-105.79999999993015,0.0,-105.80000000004657
2021-12-09 00:00:00+00:00,0.0,0.0,0.0,0.0,-2951.25,-2951.25,-2951.25,-2951.25,-2951.25,-2951.25,-2951.25,-2951.25,-2951.25,-2951.25,0.0,-2951.2499999998836
2021-12-10 00:00:00+00:00,0.0,0.0,0.0,0.0,-397.4900000001071,-397.4900000001071,-397.4900000001071,-397.4900000001071,-397.4900000001071,-397.4900000001071,-397.4900000001071,-397.4899999999907,-397.4900000001071,-397.4900000001071,0.0,-397.4900000001071
2021-12-11 00:00:00+00:00,0.0,0.0,0.0,0.0,2236.810000000056,2236.810000000056,2236.810000000056,2236.810000000056,2236.810000000056,2236.810000000056,2236.810000000056,2236.8099999999395,2236.810000000056,2236.810000000056,0.0,2236.810000000056
2021-12-12 00:00:00+00:00,0.0,0.0,0.0,0.0,681.890000000014,681.890000000014,681.890000000014,681.890000000014,681.890000000014,681.890000000014,681.890000000014,681.890000000014,681.890000000014,681.890000000014,0.0,681.8899999998976
2021-12-13 00:00:00+00:00,-3436.9095048200106,0.0,0.0,0.0,-3361.75,-3361.75,-3361.75,-3361.75,-3361.75,-3361.75,-3361.75,-3361.75,-3361.75,-3361.75,0.0,-3361.7499999998836
2021-12-14 00:00:00+00:00,1639.5400000000373,0.0,0.0,0.0,1639.5400000000373,1639.5400000000373,1639.5400000000373,1639.5400000000373,1639.5400000000373,1639.5400000000373,1639.5400000000373,1639.5400000000373,1639.5400000000373,1639.5400000000373,0.0,1639.5400000000373
2021-12-15 00:00:00+00:00,-80.71466538507957,0.0,0.0,0.0,-80.71466538507957,517.3499999999767,517.3499999999767,517.3499999999767,517.3499999999767,517.3499999999767,517.3499999999767,517.3499999999767,517.3499999999767,517.3499999999767,0.0,517.3499999999767
2021-12-16 00:00:00+00:00,0.0,0.0,0.0,0.0,-1317.9526844150387,-1250.5600000000559,-1250.5600000000559,-1250.5600000000559,-1250.5600000000559,-1250.5600000000559,-1250.5600000000559,-1250.5600000000559,-1250.5600000000559,-1250.5600000000559,0.0,-1250.5600000000559
2021-12-17 00:00:00+00:00,0.0,0.0,0.0,0.0,-1467.719999999972,-1467.719999999972,-1467.719999999972,-1467.719999999972,-1467.719999999972,-1467.719999999972,-1467.719999999972,-1467.719999999972,-1467.719999999972,-1467.719999999972,0.0,-1467.719999999972
2021-12-18 00:00:00+00:00,630.3271150649525,0.0,0.0,0.0,692.9599999999627,692.9599999999627,692.9599999999627,692.9599999999627,692.9599999999627,692.9599999999627,692.9599999999627,692.9599999999627,692.9599999999627,692.9599999999627,0.0,692.9599999999627
2021-12-19 00:00:00+00:00,-72.23280625499319,0.0,0.0,0.0,-72.23280625499319,-172.27000000001863,-172.27000000001863,-172.27000000001863,-172.27000000001863,-172.27000000001863,-172.27000000001863,-172.2699999999022,-172.27000000001863,-172.27000000001863,0.0,-172.27000000001863
2021-12-20 00:00:00+00:00,0.0,0.0,0.0,0.0,0.0,238.88000000000466,238.88000000000466,238.88000000000466,238.88000000000466,238.88000000000466,238.88000000000466,238.87999999988824,238.88000000000466,238.88000000000466,0.0,238.88000000000466
2021-12-21 00:00:00+00:00,0.0,0.0,0.0,0.0,0.0,1988.6300000000047,1988.6300000000047,1988.6300000000047,1988.6300000000047,1988.6300000000047,1988.6300000000047,1988.6300000000047,1988.6300000000047,1988.6300000000047,0.0,1988.6300000000047
2021-12-22 00:00:00+00:00,-379.4765073499875,0.0,0.0,0.0,0.0,-306.0799999999581,-306.0799999999581,-306.0799999999581,-306.0799999999581,-306.0799999999581,-306.0799999999581,-306.0799999999581,-306.0799999999581,-306.0799999999581,0.0,-306.0799999999581
2021-12-23 00:00:00+00:00,2233.579999999958,0.0,0.0,0.0,0.0,-72.8986106950324,-72.8986106950324,-72.8986106950324,2233.579999999958,2233.579999999958,2233.579999999958,2233.579999999958,2233.579999999958,2233.579999999958,0.0,2233.579999999958
2021-12-24 00:00:00+00:00,-76.37766896991525,0.0,0.0,0.0,-66.96851102996152,0.0,0.0,0.0,9.180000000051223,9.180000000051223,9.180000000051223,9.180000000051223,9.180000000051223,9.180000000051223,0.0,9.179999999934807
2021-12-25 00:00:00+00:00,-500.30389115493745,-500.30389115493745,0.0,0.0,-423.0700000000652,0.0,0.0,0.0,-423.0699999999488,-423.0699999999488,-423.0699999999488,-423.0700000000652,-423.0699999999488,-423.0699999999488,0.0,-423.06999999983236
2021-12-26 00:00:00+00:00,373.4799999999814,373.4799999999814,0.0,0.0,373.4800000000978,0.0,0.0,0.0,373.4799999999814,373.4799999999814,373.4799999999814,373.4800000000978,373.4799999999814,373.4799999999814,0.0,373.4799999999814
2021-12-27 00:00:00+00:00,-84.02000000001863,-84.02000000001863,0.0,0.0,-84.02000000001863,0.0,0.0,0.0,-84.02000000001863,-84.02000000001863,-84.02000000001863,-84.02000000001863,-84.02000000001863,-84.02000000001863,0.0,-84.02000000001863
2021-12-28 00:00:00+00:00,-3174.680000000051,-3174.680000000051,0.0,0.0,-3174.680000000051,0.0,0.0,0.0,-73.47516482498031,-73.47516482498031,-73.47516482498031,-3174.680000000051,-3174.680000000051,-3174.680000000051,0.0,-3174.680000000051
2021-12-29 00:00:00+00:00,-1071.8499999999767,-1071.8499999999767,0.0,0.0,-1071.8499999999767,0.0,0.0,0.0,0.0,0.0,0.0,-1071.8499999999767,-1071.8499999999767,-1071.8499999999767,0.0,-1071.8499999999767
2021-12-30 00:00:00+00:00,-69.68362438003533,-69.68362438003533,0.0,0.0,650.8399999999674,581.1099043799331,0.0,0.0,581.1099043799331,0.0,0.0,650.8399999999674,650.8399999999674,650.8399999999674,0.0,650.8399999999674
2021-12-31 00:00:00+00:00,0.0,0.0,0.0,0.0,-70.64957395498641,-910.8399999999674,-981.5566960449796,0.0,-910.8399999999674,-981.5566960449796,0.0,-910.8399999999674,-910.8399999999674,-910.8399999999674,0.0,-910.8399999999674
2022-01-01 00:00:00+00:00,0.0,0.0,0.0,0.0,0.0,1522.1900000000605,1522.1900000000605,0.0,1522.1900000000605,1522.1900000000605,0.0,1522.1900000000605,1522.1900000000605,1522.1900000000605,0.0,1522.1900000000605
2022-01-02 00:00:00+00:00,0.0,-505.9840117150452,0.0,0.0,0.0,-434.36000000010245,-434.36000000010245,0.0,-434.36000000010245,-434.36000000010245,0.0,-434.36000000010245,-434.36000000010245,-434.36000000010245,0.0,-434.36000000010245
2022-01-03 00:00:00+00:00,0.0,-839.5100000000093,0.0,0.0,0.0,-839.5100000000093,-839.5100000000093,0.0,-839.5100000000093,-839.5100000000093,0.0,-839.5100000000093,-839.5099999998929,-839.5099999998929,0.0,-839.5099999998929
2022-01-04 00:00:00+00:00,0.0,-644.9499999999534,0.0,0.0,0.0,-644.9499999999534,-644.9499999999534,0.0,-644.9499999999534,-644.9499999999534,0.0,-644.9499999999534,-644.9500000000698,-644.9500000000698,0.0,-644.9500000000698
2022-01-05 00:00:00+00:00,0.0,-66.18278643500526,0.0,0.0,0.0,-2378.569999999949,-2378.569999999949,0.0,-2378.569999999949,-2378.569999999949,0.0,-2378.569999999949,-2378.569999999949,-2378.569999999949,0.0,-2378.569999999949
2022-01-06 00:00:00+00:00,0.0,0.0,0.0,0.0,0.0,-352.28000000002794,-352.28000000002794,-427.771233169944,-352.28000000002794,-352.28000000002794,-427.771233169944,-352.28000000002794,-352.28000000002794,-352.28000000002794,0.0,-352.28000000002794
2022-01-07 00:00:00+00:00,0.0,0.0,0.0,0.0,0.0,-1518.579999999958,-1518.579999999958,-1518.579999999958,-1518.579999999958,-1518.579999999958,-1518.579999999958,-1518.579999999958,-1518.579999999958,-1518.579999999958,0.0,-1518.579999999958
2022-01-08 00:00:00+00:00,0.0,0.0,0.0,0.0,0.0,119.65999999991618,119.65999999991618,119.65999999991618,119.65999999991618,119.65999999991618,119.65999999991618,119.65999999991618,119.65999999991618,119.65999999991618,0.0,119.65999999991618
2022-01-09 00:00:00+00:00,0.0,0.0,0.0,0.0,0.0,191.68000000005122,191.68000000005122,191.68000000005122,191.68000000005122,191.68000000005122,191.68000000005122,191.68000000005122,191.68000000005122,191.68000000005122,0.0,191.68000000005122
2022-01-10 00:00:00+00:00,0.0,0.0,0.0,0.0,0.0,-52.45000000006985,-52.45000000006985,-52.45000000006985,-52.45000000006985,-52.45000000006985,-52.45000000006985,-52.45000000006985,-52.45000000006985,-52.45000000006985,0.0,-52.45000000006985
2022-01-11 00:00:00+00:00,0.0,0.0,0.0,0.0,0.0,929.3700000001118,929.3700000001118,929.3699999999953,929.3700000001118,929.3700000001118,929.3699999999953,929.3700000001118,929.3699999999953,929.3699999999953,0.0,929.3699999999953
2022-01-12 00:00:00+00:00,0.0,0.0,0.0,0.0,0.0,1166.9299999999348,1166.9299999999348,1166.9300000000512,1166.9299999999348,1166.9299999999348,1166.9300000000512,1166.9299999999348,1166.9300000000512,1166.9300000000512,0.0,1166.9300000000512
2022-01-13 00:00:00+00:00,0.0,0.0,0.0,0.0,0.0,-1338.719999999972,-1338.719999999972,-1338.719999999972,-1338.719999999972,-1338.719999999972,-1338.719999999972,-1338.719999999972,-1338.719999999972,-1338.719999999972,0.0,-1338.719999999972
2022-01-14 00:00:00+00:00,450.5643068649806,0.0,0.0,0.0,0.0,509.0699999999488,509.0699999999488,509.0699999999488,509.0699999999488,509.0699999999488,509.0699999999488,509.0699999999488,509.0699999999488,509.0699999999488,0.0,509.0699999999488
2022-01-15 00:00:00+00:00,-64.61453463998623,0.0,0.0,0.0,0.0,7.4799999999813735,7.4799999999813735,7.4799999999813735,7.4799999999813735,7.4799999999813735,7.4799999999813735,7.4799999999813735,7.4799999999813735,7.4799999999813735,0.0,7.4799999999813735
2022-01-16 00:00:00+00:00,-58.52884909999557,0.0,0.0,0.0,0.0,6.14000000001397,6.14000000001397,6.14000000001397,6.14000000001397,6.14000000001397,6.14000000001397,6.14000000001397,6.14000000001397,6.14000000001397,0.0,6.14000000001397
2022-01-17 00:00:00+00:00,-886.3299999999581,0.0,0.0,0.0,0.0,-886.3299999999581,-886.3299999999581,-886.3299999999581,-886.3299999999581,-886.3299999999581,-886.3299999999581,-886.3299999999581,-886.3299999999581,-886.3299999999581,0.0,-886.3299999999581
2022-01-18 00:00:00+00:00,151.72999999998137,0.0,0.0,0.0,0.0,151.72999999998137,151.72999999998137,151.72999999998137,151.72999999998137,151.72999999998137,151.72999999998137,151.72999999998137,151.72999999998137,151.72999999998137,0.0,151.72999999998137
2022-01-19 00:00:00+00:00,-695.4699999999721,0.0,0.0,0.0,0.0,-695.4699999999721,-695.4699999999721,-695.4699999999721,-695.4699999999721,-695.4699999999721,-695.4699999999721,-695.4699999999721,-695.4699999999721,-695.4699999999721,0.0,-695.4699999999721
2022-01-20 00:00:00+00:00,-64.61737393005751,0.0,0.0,0.0,0.0,-1003.3000000000466,-1003.3000000000466,-1003.3000000000466,-1003.3000000000466,-1003.3000000000466,-1003.3000000000466,-1003.3000000000466,-1003.3000000000466,-1003.3000000000466,0.0,-1003.3000000000466
2022-01-21 00:00:00+00:00,0.0,0.0,0.0,0.0,-4275.857990884921,-4214.0299999999115,-4214.0299999999115,-4214.030000000028,-4214.0299999999115,-4214.0299999999115,-4214.030000000028,-4214.0299999999115,-4214.030000000028,-4214.030000000028,0.0,-4214.030000000028
2022-01-22 00:00:00+00:00,0.0,0.0,0.0,0.0,-54.93677666503936,-1390.5100000000093,-1390.5100000000093,-1390.509999999893,-1390.5100000000093,-1390.5100000000093,-1390.509999999893,-1390.5100000000093,-1390.509999999893,-1390.509999999893,0.0,-1390.509999999893
2022-01-23 00:00:00+00:00,0.0,0.0,0.0,0.0,0.0,1216.0399999999208,1216.0399999999208,1216.0399999999208,1216.0399999999208,1216.0399999999208,1216.0399999999208,1216.0399999999208,1216.0399999999208,1216.0399999999208,0.0,1216.0399999999208
2022-01-24 00:00:00+00:00,0.0,0.0,0.0,0.0,0.0,410.8499999999767,410.8499999999767,410.8499999999767,410.8499999999767,410.8499999999767,410.8499999999767,410.8499999999767,410.8499999999767,410.8499999999767,0.0,410.8499999999767
2022-01-25 00:00:00+00:00,0.0,0.0,0.0,0.0,0.0,286.6800000000512,286.6800000000512,286.6800000000512,286.6800000000512,286.6800000000512,286.6800000000512,286.6800000000512,286.6800000000512,286.6800000000512,0.0,286.6800000000512
2022-01-26 00:00:00+00:00,0.0,0.0,0.0,0.0,0.0,-139.36999999999534,-139.36999999999534,-139.36999999999534,-139.36999999999534,-139.36999999999534,-139.36999999999534,-139.36999999999534,-139.36999999999534,-139.36999999999534,0.0,-139.36999999999534
2022-01-27 00:00:00+00:00,0.0,0.0,0.0,0.0,0.0,347.7399999999907,347.7399999999907,347.7399999999907,347.7399999999907,347.7399999999907,347.7399999999907,347.7399999999907,347.7399999999907,347.7399999999907,0.0,347.7399999999907
2022-01-28 00:00:00+00:00,0.0,0.0,0.0,0.0,0.0,553.5300000000279,553.5300000000279,553.5300000000279,553.5300000000279,553.5300000000279,553.5300000000279,553.5300000000279,553.5300000000279,553.5300000000279,0.0,553.5300000000279
2022-01-29 00:00:00+00:00,0.0,0.0,0.0,0.0,0.0,449.19999999995343,449.19999999995343,449.19999999995343,449.19999999995343,449.19999999995343,449.19999999995343,449.19999999995343,449.19999999995343,449.19999999995343,0.0,449.19999999995343
2022-01-30 00:00:00+00:00,-345.7738249100512,0.0,0.0,0.0,0.0,-289.75,-289.75,-289.75,-289.75,-289.75,-289.75,-289.75,-289.75,-289.75,0.0,-289.75
2022-01-31 00:00:00+00:00,590.5800000000745,0.0,0.0,0.0,0.0,590.5800000000745,590.5800000000745,590.5800000000745,590.5800000000745,590.5800000000745,590.5800000000745,590.5800000000745,590.5800000000745,590.5800000000745,0.0,590.5800000000745
2022-02-01 00:00:00+00:00,224.94999999995343,0.0,0.0,0.0,0.0,224.94999999995343,224.94999999995343,224.94999999995343,224.94999999995343,224.94999999995343,224.94999999995343,224.94999999995343,224.94999999995343,224.94999999995343,0.0,224.94999999995343
2022-02-02 00:00:00+00:00,-1793.4899999999907,0.0,0.0,0.0,0.0,-60.66204786498565,-60.66204786498565,-60.66204786498565,-1793.4899999999907,-1793.4899999999907,-1793.4899999999907,-1793.4899999999907,-1793.4899999999907,-1793.4899999999907,0.0,-1793.4899999999907
2022-02-03 00:00:00+00:00,406.5200000000186,0.0,0.0,0.0,0.0,0.0,0.0,0.0,406.5200000000186,406.5200000000186,406.5200000000186,406.5200000000186,406.5200000000186,406.5200000000186,0.0,406.5200000000186
2022-02-04 00:00:00+00:00,4284.729999999981,0.0,0.0,0.0,0.0,0.0,0.0,0.0,4284.729999999981,4284.729999999981,4284.729999999981,4284.729999999981,4284.729999999981,4284.729999999981,0.0,4284.729999999981
2022-02-05 00:00:00+00:00,-209.79000000003725,0.0,0.0,0.0,0.0,0.0,0.0,0.0,-209.79000000003725,-209.79000000003725,-209.79000000003725,-209.79000000003725,-209.79000000003725,-209.79000000003725,0.0,-209.79000000003725
2022-02-06 00:00:00+00:00,1010.3100000000559,941.4319092050428,0.0,0.0,0.0,0.0,0.0,0.0,-55.356679204967804,-55.356679204967804,-55.356679204967804,1010.3100000000559,1010.3100000000559,1010.3100000000559,0.0,1010.3100000000559
2022-02-07 00:00:00+00:00,1452.9099999999162,1452.9099999999162,0.0,0.0,0.0,0.0,0.0,0.0,0.0,0.0,0.0,1452.9099999999162,1452.9099999999162,1452.9099999999162,0.0,1452.9099999999162
2022-02-08 00:00:00+00:00,217.52000000001863,217.52000000001863,151.68594595999457,0.0,0.0,0.0,0.0,0.0,0.0,0.0,0.0,217.52000000001863,217.52000000001863,217.52000000001863,0.0,217.52000000001863
2022-02-09 00:00:00+00:00,330.7600000000093,330.7600000000093,330.7600000000093,0.0,0.0,0.0,0.0,0.0,0.0,0.0,0.0,-64.11932620999869,-64.11932620999869,-64.11932620999869,0.0,330.7600000000093
2022-02-10 00:00:00+00:00,-888.640000000014,-888.640000000014,-888.6399999998976,0.0,0.0,0.0,0.0,0.0,0.0,0.0,0.0,0.0,0.0,0.0,0.0,-888.640000000014
2022-02-11 00:00:00+00:00,-1141.2399999999907,-1141.2399999999907,-1141.2399999999907,0.0,0.0,0.0,0.0,0.0,0.0,0.0,0.0,0.0,0.0,0.0,0.0,-1141.2399999999907
2022-02-12 00:00:00+00:00,-141.5,-141.5,-141.5,0.0,0.0,0.0,0.0,0.0,0.0,0.0,0.0,0.0,0.0,0.0,0.0,-141.5
2022-02-13 00:00:00+00:00,-169.97999999998137,-169.97999999998137,-63.40624254499562,0.0,0.0,0.0,0.0,0.0,0.0,0.0,0.0,0.0,0.0,0.0,0.0,-169.97999999998137
2022-02-14 00:00:00+00:00,473.71999999997206,473.71999999997206,0.0,0.0,0.0,0.0,0.0,0.0,0.0,0.0,0.0,0.0,0.0,0.0,0.0,473.71999999997206
2022-02-15 00:00:00+00:00,-63.8017906449968,2034.8100000000559,0.0,0.0,0.0,0.0,0.0,0.0,0.0,0.0,0.0,0.0,0.0,0.0,0.0,2034.8100000000559
2022-02-16 00:00:00+00:00,0.0,-687.9600000000792,0.0,0.0,0.0,0.0,0.0,0.0,0.0,0.0,0.0,0.0,0.0,0.0,0.0,-687.9599999999627
2022-02-17 00:00:00+00:00,-3424.6852727750083,-3358.829999999958,-3424.685272774892,0.0,0.0,0.0,0.0,0.0,0.0,0.0,0.0,0.0,0.0,0.0,0.0,-3358.8300000000745
2022-02-18 00:00:00+00:00,-59.57664103002753,-553.1700000000419,-553.1700000001583,0.0,0.0,0.0,0.0,0.0,0.0,0.0,0.0,0.0,0.0,0.0,0.0,-553.1699999999255
2022-02-19 00:00:00+00:00,0.0,118.38000000012107,-49.89046317990869,0.0,0.0,48.28954317991156,48.28954317991156,0.0,0.0,0.0,0.0,48.28954317991156,0.0,0.0,0.0,118.37999999988824
2022-02-20 00:00:00+00:00,0.0,-60.14284403505735,0.0,0.0,0.0,-1712.9099999999162,-1712.9099999999162,-1773.0729459649883,0.0,0.0,0.0,-1712.9099999999162,0.0,0.0,0.0,-1712.9099999999162
2022-02-21 00:00:00+00:00,0.0,0.0,0.0,0.0,0.0,-1366.030000000028,-1366.030000000028,-1366.030000000028,0.0,0.0,0.0,-1366.030000000028,0.0,0.0,0.0,-1366.030000000028
2022-02-22 00:00:00+00:00,0.0,0.0,1173.8183239449281,0.0,0.0,1228.4799999999814,1228.4799999999814,1228.4799999999814,1173.8183239450445,0.0,0.0,1228.4799999999814,1173.8183239449281,0.0,0.0,1228.4799999999814
2022-02-23 00:00:00+00:00,0.0,0.0,-983.2900000000373,0.0,0.0,-983.2900000000373,-983.2900000000373,-983.2900000000373,-983.2900000000373,-1040.8766308348859,0.0,-983.2900000000373,-983.2900000000373,0.0,0.0,-983.2900000000373
2022-02-24 00:00:00+00:00,0.0,0.0,1079.1100000001024,0.0,0.0,1079.1100000001024,1079.1100000001024,1079.1100000001024,1079.1100000001024,1079.109999999986,0.0,1079.1100000001024,1079.1100000001024,0.0,0.0,1079.1100000001024
2022-02-25 00:00:00+00:00,0.0,0.0,891.1799999999348,0.0,0.0,891.1799999999348,891.1799999999348,891.1799999999348,891.1799999999348,891.1799999999348,0.0,891.1799999999348,891.1799999999348,0.0,0.0,891.1799999999348
2022-02-26 00:00:00+00:00,0.0,0.0,-100.67999999993481,0.0,0.0,-100.67999999993481,-100.67999999993481,-100.67999999993481,-100.67999999993481,-100.67999999993481,0.0,-100.67999999993481,-100.67999999993481,0.0,0.0,-100.67999999993481
2022-02-27 00:00:00+00:00,0.0,0.0,-1420.719999999972,0.0,0.0,-1420.7200000000885,-1420.7200000000885,-1420.7200000000885,-1420.7200000000885,-1420.7200000000885,0.0,-1420.7200000000885,-1420.7200000000885,0.0,0.0,-1420.7200000000885
2022-02-28 00:00:00+00:00,0.0,0.0,5475.579999999842,0.0,0.0,5475.5800000000745,5475.5800000000745,5475.5800000000745,5475.5800000000745,5475.5800000000745,0.0,5475.5800000000745,5475.5800000000745,0.0,0.0,5475.5800000000745
2022-03-01 00:00:00+00:00,0.0,0.0,-67.81282019498758,0.0,0.0,1247.2899999999208,1247.2899999999208,1247.2899999999208,1247.2899999999208,1247.2899999999208,0.0,1247.2899999999208,1247.2899999999208,0.0,0.0,1247.2899999999208
2022-03-02 00:00:00+00:00,-594.3422199999914,-594.3422199999914,-594.3422199999914,0.0,0.0,-66.58777999994345,-66.58777999994345,-66.58777999994345,-66.58777999994345,-66.58777999994345,0.0,-66.58777999994345,-66.58777999994345,0.0,0.0,-527.609999999986
2022-03-03 00:00:00+00:00,-1447.9299999999348,-61.722746765008196,-1447.9299999999348,0.0,0.0,0.0,0.0,0.0,0.0,0.0,0.0,0.0,0.0,0.0,0.0,-1447.9299999999348
2022-03-04 00:00:00+00:00,-3297.9000000000233,-3361.6178472050233,-3297.9000000001397,0.0,0.0,0.0,0.0,0.0,0.0,0.0,0.0,0.0,0.0,0.0,0.0,-3297.9000000000233
2022-03-05 00:00:00+00:00,235.9200000000419,235.9200000000419,235.92000000015832,0.0,0.0,0.0,0.0,0.0,0.0,0.0,0.0,0.0,0.0,0.0,0.0,235.9200000000419
2022-03-06 00:00:00+00:00,-53.652101065032184,-53.652101065032184,-994.0500000000466,0.0,0.0,0.0,0.0,0.0,-1058.6215089350007,0.0,0.0,-1058.6215089350007,0.0,0.0,0.0,-994.0500000000466
2022-03-07 00:00:00+00:00,-470.44943340995815,0.0,-414.37999999988824,0.0,0.0,0.0,0.0,0.0,-414.38000000000466,0.0,0.0,-414.38000000000466,0.0,0.0,0.0,-414.38000000000466
2022-03-08 00:00:00+00:00,755.3800000000047,701.3244294750039,-59.91757947509177,0.0,0.0,701.3244294750039,0.0,0.0,755.3800000000047,701.3244294750039,0.0,755.3800000000047,0.0,0.0,0.0,755.3800000000047
2022-03-09 00:00:00+00:00,-58.324365420034155,3204.5899999999674,0.0,0.0,0.0,3204.5899999999674,0.0,0.0,3204.5899999999674,3204.5899999999674,0.0,3204.5899999999674,0.0,0.0,0.0,3204.5899999999674
2022-03-10 00:00:00+00:00,0.0,-2520.2600000000093,0.0,0.0,0.0,-2520.2600000000093,0.0,0.0,-2520.2600000000093,-2520.2600000000093,0.0,-2520.2600000000093,0.0,0.0,0.0,-2520.2600000000093
2022-03-11 00:00:00+00:00,0.0,-701.6699999999255,0.0,-758.5268157001119,0.0,-61.43738429993391,0.0,0.0,-61.43738429993391,-61.43738429993391,0.0,-61.43738429993391,0.0,0.0,0.0,-701.6699999999255
2022-03-12 00:00:00+00:00,0.0,80.97999999998137,0.0,-57.78912883484736,0.0,0.0,0.0,0.0,22.572138834977522,0.0,0.0,0.0,0.0,0.0,0.0,80.97999999998137
2022-03-13 00:00:00+00:00,0.0,-55.66393221996259,0.0,0.0,0.0,-1080.7927477799822,0.0,0.0,-1020.0100000000093,0.0,0.0,-1080.7927477799822,0.0,0.0,0.0,-1020.0100000000093
2022-03-14 00:00:00+00:00,0.0,0.0,0.0,0.0,0.0,1881.1600000000326,0.0,0.0,1881.1600000000326,0.0,0.0,1881.1600000000326,0.0,0.0,0.0,1881.1600000000326
2022-03-15 00:00:00+00:00,0.0,-439.9476042550523,0.0,0.0,0.0,-376.0700000000652,-439.9476042550523,0.0,-376.0700000000652,-439.9476042550523,0.0,-376.0700000000652,0.0,0.0,0.0,-376.0700000000652
2022-03-16 00:00:00+00:00,1770.893185944995,-58.91751594492234,0.0,0.0,0.0,1829.8699999999953,1829.8699999999953,0.0,1829.8699999999953,1829.8699999999953,0.0,1829.8699999999953,0.0,0.0,0.0,1829.8699999999953
2022-03-17 00:00:00+00:00,-177.64000000001397,0.0,0.0,0.0,0.0,-177.64000000001397,-177.64000000001397,0.0,-177.64000000001397,-177.64000000001397,0.0,-177.64000000001397,0.0,0.0,0.0,-177.64000000001397
2022-03-18 00:00:00+00:00,-61.50486988492776,0.0,0.0,0.0,0.0,-61.50486988492776,-61.50486988492776,0.0,-61.50486988492776,-61.50486988492776,0.0,-61.50486988492776,0.0,0.0,0.0,824.6500000000233
2022-03-19 00:00:00+00:00,388.19705431500915,0.0,0.0,0.0,0.0,0.0,0.0,0.0,0.0,0.0,0.0,0.0,0.0,0.0,0.0,457.28000000002794
2022-03-20 00:00:00+00:00,-945.0200000000186,-1008.179191024974,0.0,0.0,0.0,0.0,0.0,0.0,0.0,0.0,0.0,0.0,0.0,0.0,0.0,-945.0200000000186
2022-03-21 00:00:00+00:00,-269.53000000002794,-269.53000000002794,-331.48150362004526,0.0,0.0,0.0,0.0,0.0,0.0,0.0,0.0,0.0,0.0,0.0,0.0,-269.53000000002794
2022-03-22 00:00:00+00:00,1360.5500000000466,1360.5500000000466,1360.5500000000466,0.0,0.0,0.0,0.0,0.0,0.0,0.0,0.0,0.0,0.0,0.0,0.0,1360.5500000000466
2022-03-23 00:00:00+00:00,521.4499999999534,521.4499999999534,521.4499999999534,460.09476698492654,0.0,0.0,0.0,0.0,0.0,0.0,0.0,0.0,0.0,0.0,0.0,521.4499999999534
2022-03-24 00:00:00+00:00,1112.5800000000745,1112.5800000000745,1112.5800000000745,1112.5800000000745,0.0,0.0,0.0,0.0,0.0,0.0,0.0,0.0,0.0,0.0,0.0,1112.5800000000745
2022-03-25 00:00:00+00:00,319.55999999993946,319.55999999993946,319.5600000000559,319.5600000000559,0.0,0.0,0.0,0.0,0.0,0.0,0.0,0.0,0.0,0.0,0.0,319.55999999993946
2022-03-26 00:00:00+00:00,207.5700000000652,207.5700000000652,207.56999999983236,207.56999999983236,0.0,0.0,0.0,0.0,0.0,0.0,0.0,0.0,0.0,0.0,0.0,207.5700000000652
2022-03-27 00:00:00+00:00,2310.5899999999674,2310.5899999999674,2310.590000000084,2310.590000000084,0.0,0.0,0.0,0.0,0.0,0.0,0.0,0.0,0.0,0.0,0.0,2310.5899999999674
2022-03-28 00:00:00+00:00,294.9100000000326,294.9100000000326,294.9099999999162,294.9099999999162,0.0,0.0,0.0,0.0,0.0,0.0,0.0,0.0,0.0,0.0,0.0,294.9100000000326
2022-03-29 00:00:00+00:00,309.2700000000186,309.2699999999022,309.2700000000186,309.2700000000186,0.0,0.0,0.0,0.0,0.0,0.0,0.0,0.0,0.0,0.0,0.0,309.2699999999022
2022-03-30 00:00:00+00:00,-376.1600000000326,-376.1599999999162,-376.1599999999162,-376.1599999999162,0.0,0.0,0.0,0.0,0.0,0.0,0.0,0.0,0.0,0.0,0.0,-376.1599999999162
2022-03-31 00:00:00+00:00,-1549.5800000000745,-1549.5800000000745,-1549.5800000000745,-1549.5800000000745,0.0,0.0,0.0,0.0,0.0,0.0,0.0,0.0,0.0,0.0,0.0,-1549.5800000000745
2022-04-01 00:00:00+00:00,767.890000000014,767.890000000014,767.8900000001304,767.8900000001304,0.0,0.0,0.0,0.0,0.0,0.0,0.0,0.0,0.0,0.0,0.0,767.890000000014
2022-04-02 00:00:00+00:00,-470.0699999999488,-470.0699999999488,-470.0700000000652,-470.0700000000652,0.0,0.0,0.0,0.0,0.0,0.0,0.0,0.0,0.0,0.0,0.0,-470.0699999999488
2022-04-03 00:00:00+00:00,595.890000000014,595.890000000014,595.8899999998976,595.8899999998976,0.0,0.0,0.0,0.0,0.0,0.0,0.0,0.0,0.0,0.0,0.0,595.890000000014
2022-04-04 00:00:00+00:00,174.6699999999255,174.6699999999255,174.67000000015832,174.67000000015832,0.0,0.0,0.0,0.0,0.0,0.0,0.0,0.0,0.0,0.0,0.0,174.6699999999255
2022-04-05 00:00:00+00:00,-72.3082878049463,-1090.329999999958,-1090.3300000000745,-1090.3300000000745,0.0,0.0,0.0,0.0,0.0,0.0,0.0,0.0,0.0,0.0,0.0,-1090.329999999958
2022-04-06 00:00:00+00:00,0.0,-2339.8000000000466,-2339.8000000000466,-2339.8000000000466,0.0,0.0,0.0,0.0,0.0,0.0,0.0,0.0,0.0,0.0,0.0,-2339.8000000000466
2022-04-07 00:00:00+00:00,0.0,285.4800000000978,285.4799999999814,285.4799999999814,0.0,0.0,0.0,0.0,0.0,0.0,0.0,0.0,0.0,0.0,0.0,285.4800000000978
2022-04-08 00:00:00+00:00,0.0,-1190.1600000000326,-1190.1599999999162,-1190.1599999999162,0.0,-1247.8787873550318,-1247.8787873550318,-1247.8787873550318,0.0,0.0,0.0,0.0,0.0,0.0,0.0,-1190.1600000000326
2022-04-09 00:00:00+00:00,0.0,-63.49171904998366,504.9099999999162,504.9099999999162,0.0,504.9100000000326,504.9100000000326,504.9100000000326,0.0,0.0,0.0,0.0,0.0,0.0,0.0,504.9100000000326
2022-04-10 00:00:00+00:00,0.0,0.0,-600.9699999999721,-64.5983067699708,0.0,-600.9700000000885,-600.9700000000885,-600.9700000000885,0.0,0.0,0.0,0.0,0.0,0.0,0.0,-600.9700000000885
2022-04-11 00:00:00+00:00,0.0,0.0,-2630.089999999851,0.0,0.0,-2630.0899999999674,-2630.0899999999674,-2630.0899999999674,0.0,0.0,0.0,0.0,0.0,0.0,0.0,-2630.0899999999674
2022-04-12 00:00:00+00:00,0.0,0.0,550.3599999998696,0.0,0.0,550.359999999986,550.359999999986,550.359999999986,0.0,0.0,0.0,0.0,0.0,0.0,0.0,550.359999999986
2022-04-13 00:00:00+00:00,0.0,0.0,1060.4499999999534,0.0,0.0,1060.4500000000698,1060.4500000000698,1060.4500000000698,999.829906650004,999.829906650004,0.0,999.829906650004,0.0,0.0,0.0,1060.4500000000698
2022-04-14 00:00:00+00:00,0.0,0.0,-1192.5999999998603,0.0,0.0,-1192.6000000000931,-1192.6000000000931,-1192.6000000000931,-1192.6000000000931,-1192.6000000000931,0.0,-1192.6000000000931,0.0,0.0,0.0,-1192.6000000000931
2022-04-15 00:00:00+00:00,0.0,0.0,600.5,0.0,0.0,600.5,600.5,600.5,600.5,600.5,0.0,600.5,0.0,0.0,0.0,600.5
2022-04-16 00:00:00+00:00,0.0,0.0,-166.97999999998137,0.0,0.0,-166.97999999998137,-166.97999999998137,-166.97999999998137,-166.97999999998137,-166.97999999998137,0.0,-166.97999999998137,0.0,0.0,0.0,-166.97999999998137
2022-04-17 00:00:00+00:00,0.0,0.0,-60.561206200160086,0.0,0.0,-704.0599999999395,-704.0599999999395,-704.0599999999395,-704.0599999999395,-704.0599999999395,0.0,-704.0599999999395,0.0,0.0,0.0,-704.0599999999395
2022-04-18 00:00:00+00:00,0.0,0.0,0.0,0.0,0.0,1120.0399999999208,1120.0399999999208,1120.0399999999208,1120.0399999999208,1120.0399999999208,0.0,1120.0399999999208,0.0,0.0,0.0,1120.0399999999208
2022-04-19 00:00:00+00:00,0.0,0.0,0.0,0.0,0.0,700.2700000000186,700.2700000000186,700.2700000000186,700.2700000000186,700.2700000000186,631.743289564969,700.2700000000186,0.0,0.0,0.0,700.2700000000186
2022-04-20 00:00:00+00:00,-186.2230907799676,0.0,0.0,-186.2230907799676,0.0,-126.23999999999069,-126.23999999999069,-126.23999999999069,-126.23999999999069,-126.23999999999069,-126.23999999999069,-126.23999999999069,0.0,0.0,0.0,-126.23999999999069
2022-04-21 00:00:00+00:00,-896.8000000000466,0.0,-953.148505940102,-896.8000000000466,0.0,-896.8000000000466,-896.8000000000466,-896.7999999999302,-896.8000000000466,-896.8000000000466,-896.8000000000466,-896.8000000000466,0.0,0.0,0.0,-896.7999999999302
2022-04-22 00:00:00+00:00,-768.5599999999395,0.0,-768.5600000000559,-768.559999999823,0.0,-58.13482830999419,-58.13482830999419,-58.13482830999419,-768.5599999999395,-768.5599999999395,-768.5599999999395,-768.5599999999395,0.0,0.0,0.0,-768.5600000000559
2022-04-23 00:00:00+00:00,-246.38000000000466,0.0,-59.598443899769336,-246.38000000012107,0.0,-305.9181560999714,0.0,0.0,-246.38000000000466,-246.38000000000466,-246.38000000000466,-246.38000000000466,0.0,0.0,0.0,-246.38000000000466
2022-04-24 00:00:00+00:00,-65.40971518494189,0.0,0.0,-1.3100000000558794,0.0,-1.3100000000558794,-54.27917481493205,0.0,-1.3100000000558794,-1.3100000000558794,-1.3100000000558794,-1.3100000000558794,0.0,0.0,0.0,-1.309999999939464
2022-04-25 00:00:00+00:00,0.0,0.0,0.0,974.660000000149,0.0,974.6600000000326,974.6599999999162,0.0,974.6600000000326,974.6600000000326,974.6600000000326,974.6600000000326,0.0,0.0,0.0,974.6599999999162
2022-04-26 00:00:00+00:00,0.0,0.0,0.0,-2325.4000000001397,0.0,-2325.4000000000233,-2325.4000000000233,0.0,-2325.4000000000233,-2325.4000000000233,-2325.4000000000233,-2325.4000000000233,0.0,0.0,0.0,-2325.4000000000233
2022-04-27 00:00:00+00:00,0.0,1075.4832957850304,0.0,1137.2900000000373,0.0,-52.54858578497078,-52.54858578497078,0.0,1137.2900000000373,1137.2900000000373,1137.2900000000373,1137.2900000000373,0.0,0.0,0.0,1137.2900000000373
2022-04-28 00:00:00+00:00,0.0,-58.94690449000336,0.0,-58.94690449000336,0.0,433.3038444899721,433.3038444899721,433.3038444899721,492.10999999998603,492.10999999998603,492.10999999998603,492.10999999998603,433.3038444899721,0.0,0.0,492.10999999998603
2022-04-29 00:00:00+00:00,0.0,0.0,0.0,-1207.7416856049094,0.0,-1150.1199999999953,-1150.1199999999953,-1150.1199999999953,-1150.1199999999953,-1150.1199999999953,-1150.1199999999953,-1150.1199999999953,-1150.1199999999953,0.0,0.0,-1150.1199999999953
2022-04-30 00:00:00+00:00,0.0,0.0,0.0,-949.0,0.0,-949.0,-949.0,-949.0,-949.0,-949.0,-949.0,-949.0,-949.0,0.0,0.0,-949.0
2022-05-01 00:00:00+00:00,0.0,0.0,0.0,-60.1917048250325,0.0,828.9500000000698,828.9500000000698,828.9500000000698,828.9500000000698,828.9500000000698,828.9500000000698,828.9500000000698,828.9500000000698,0.0,0.0,828.9500000000698
2022-05-02 00:00:00+00:00,0.0,0.0,0.0,0.0,0.0,37.839999999967404,37.839999999967404,37.839999999967404,37.839999999967404,37.839999999967404,37.839999999967404,37.839999999967404,37.839999999967404,-16.323469744995236,0.0,37.839999999967404
2022-05-03 00:00:00+00:00,0.0,0.0,0.0,0.0,0.0,-791.3000000000466,-791.3000000000466,-791.3000000000466,-791.3000000000466,-791.3000000000466,-791.3000000000466,-791.3000000000466,-791.3000000000466,-791.3000000000466,0.0,-791.3000000000466
2022-05-04 00:00:00+00:00,0.0,0.0,0.0,0.0,0.0,1949.9700000000885,1949.969999999972,1949.969999999972,1949.969999999972,1949.969999999972,1949.969999999972,1949.969999999972,1949.969999999972,1949.969999999972,0.0,1949.9700000000885
2022-05-05 00:00:00+00:00,0.0,0.0,0.0,0.0,0.0,-3132.340000000084,-3132.3399999999674,-3132.3399999999674,-3132.3399999999674,-3132.3399999999674,-3132.3399999999674,-3132.3399999999674,-3132.3399999999674,-3132.3399999999674,0.0,-3132.340000000084
2022-05-06 00:00:00+00:00,-592.9440986100817,0.0,0.0,-592.9440986099653,0.0,-54.78756138996687,-54.78756138996687,-54.78756138996687,-538.1199999999953,-538.1199999999953,-538.1199999999953,-538.1199999999953,-538.1199999999953,-538.1199999999953,0.0,-538.1199999999953
2022-05-07 00:00:00+00:00,-53.98065044998657,0.0,0.0,-53.980650450102985,0.0,-595.1166495500365,-595.1166495500365,-595.1166495500365,-541.0999999999767,-541.0999999999767,-541.0999999999767,-541.0999999999767,-541.0999999999767,-541.0999999999767,0.0,-541.0999999999767
2022-05-08 00:00:00+00:00,0.0,0.0,0.0,0.0,0.0,-1430.0899999999674,-1430.0899999999674,-1430.0899999999674,-1430.0899999999674,-1430.0899999999674,-1430.0899999999674,-1430.0899999999674,-1430.0899999999674,-1430.0899999999674,0.0,-1430.0899999999674
2022-05-09 00:00:00+00:00,0.0,0.0,0.0,0.0,0.0,-3949.640000000014,-3949.640000000014,-3949.640000000014,-3949.640000000014,-3949.640000000014,-3949.640000000014,-3949.640000000014,-3949.640000000014,-3949.640000000014,0.0,-3949.640000000014
2022-05-10 00:00:00+00:00,0.0,0.0,0.0,0.0,0.0,924.1199999999953,924.1199999999953,924.1199999999953,924.1199999999953,924.1199999999953,924.1199999999953,924.1199999999953,924.1199999999953,924.1199999999953,0.0,924.1199999999953
2022-05-11 00:00:00+00:00,0.0,0.0,0.0,0.0,0.0,-2030.0500000000466,-2030.0500000000466,-2030.0500000000466,-2030.0500000000466,-2030.0500000000466,-2030.0500000000466,-2030.0500000000466,-2030.0500000000466,-2030.0500000000466,0.0,-2030.0500000000466
2022-05-12 00:00:00+00:00,0.0,0.0,0.0,0.0,0.0,-30.39000000001397,-30.39000000001397,-30.39000000001397,-30.39000000001397,-30.39000000001397,-30.39000000001397,-30.39000000001397,-30.39000000001397,-30.39000000001397,0.0,-30.39000000001397
2022-05-13 00:00:00+00:00,0.0,0.0,0.0,0.0,0.0,290.2300000000978,290.2300000000978,290.2300000000978,290.2300000000978,290.2300000000978,290.2300000000978,290.2300000000978,290.2300000000978,290.2300000000978,0.0,290.2300000000978
2022-05-14 00:00:00+00:00,0.0,0.0,0.0,0.0,0.0,809.6999999999534,809.6999999999534,809.6999999999534,809.6999999999534,809.6999999999534,809.6999999999534,809.6999999999534,809.6999999999534,809.6999999999534,0.0,809.6999999999534
2022-05-15 00:00:00+00:00,0.0,0.0,0.0,0.0,0.0,1248.170000000042,1248.170000000042,1248.170000000042,1248.170000000042,1248.170000000042,1248.170000000042,1248.170000000042,1248.170000000042,1248.170000000042,0.0,1248.170000000042
2022-05-16 00:00:00+00:00,0.0,0.0,0.0,0.0,0.0,-1450.1600000000326,-1450.1600000000326,-1450.1600000000326,-1450.1600000000326,-1450.1600000000326,-1450.1600000000326,-1450.1600000000326,-1450.1600000000326,-1450.1600000000326,0.0,-1450.1600000000326
2022-05-17 00:00:00+00:00,0.0,0.0,0.0,0.0,0.0,572.2299999999814,572.2299999999814,572.2299999999814,572.2299999999814,572.2299999999814,572.2299999999814,572.2299999999814,572.2299999999814,572.2299999999814,0.0,572.2299999999814
2022-05-18 00:00:00+00:00,0.0,0.0,0.0,0.0,0.0,-1739.1800000000512,-1739.1800000000512,-1739.1800000000512,-1739.1800000000512,-1739.1800000000512,-1739.1800000000512,-1739.1800000000512,-1739.1800000000512,-1739.1800000000512,0.0,-1739.1800000000512
2022-05-19 00:00:00+00:00,0.0,0.0,0.0,0.0,0.0,1601.6500000000233,1601.6500000000233,1601.6500000000233,1601.6500000000233,1601.6500000000233,1601.6500000000233,1601.6500000000233,1601.6500000000233,1601.6500000000233,0.0,1601.6500000000233
2022-05-20 00:00:00+00:00,0.0,0.0,0.0,0.0,0.0,-1118.8399999999674,-1118.8399999999674,-1118.8399999999674,-1118.8399999999674,-1118.8399999999674,-1118.8399999999674,-1118.8399999999674,-1118.8399999999674,-1118.8399999999674,0.0,-1118.8399999999674
2022-05-21 00:00:00+00:00,208.77181212999858,0.0,0.0,0.0,0.0,252.5100000000093,252.5100000000093,252.5100000000093,252.5100000000093,252.5100000000093,252.5100000000093,252.5100000000093,252.5100000000093,252.5100000000093,0.0,252.5100000000093
2022-05-22 00:00:00+00:00,-44.95639629999641,0.0,0.0,0.0,0.0,852.609999999986,852.609999999986,852.609999999986,852.609999999986,852.609999999986,852.609999999986,852.609999999986,852.609999999986,852.609999999986,0.0,852.609999999986
2022-05-23 00:00:00+00:00,0.0,0.0,0.0,0.0,0.0,-1178.3499999999767,-1178.3499999999767,-1178.3499999999767,-1178.3499999999767,-1178.3499999999767,-1178.3499999999767,-1178.3499999999767,-1178.3499999999767,-1178.3499999999767,0.0,-1178.3499999999767
2022-05-24 00:00:00+00:00,0.0,0.0,0.0,0.0,0.0,-46.81442534504458,-46.81442534504458,-46.81442534504458,543.9199999999255,543.9199999999255,543.9199999999255,543.9199999999255,543.9199999999255,543.9199999999255,0.0,543.9199999999255
2022-05-25 00:00:00+00:00,0.0,0.0,0.0,0.0,0.0,-168.57622880500276,0.0,0.0,-122.94999999995343,-122.94999999995343,-122.94999999995343,-122.94999999995343,-122.94999999995343,-122.94999999995343,0.0,-122.94999999995343
2022-05-26 00:00:00+00:00,0.0,0.0,0.0,0.0,0.0,-337.4299999999348,0.0,0.0,-337.4299999999348,-337.4299999999348,-337.4299999999348,-337.4299999999348,-337.4299999999348,-337.4299999999348,0.0,-337.4299999999348
2022-05-27 00:00:00+00:00,-611.5136730299564,-611.5136730299564,0.0,0.0,0.0,-567.75,0.0,0.0,-567.75,-567.75,-567.75,-567.75,-567.75,-567.75,0.0,-567.75
2022-05-28 00:00:00+00:00,-42.88316584506538,410.6799999999348,0.0,0.0,0.0,410.6799999999348,0.0,0.0,410.6799999999348,410.6799999999348,410.6799999999348,410.6799999999348,410.6799999999348,410.6799999999348,0.0,410.6799999999348
2022-05-29 00:00:00+00:00,0.0,-43.49898050504271,0.0,0.0,0.0,438.0799999999581,394.55201050499454,394.55201050499454,438.0799999999581,438.0799999999581,438.0799999999581,438.0799999999581,438.0799999999581,438.0799999999581,0.0,438.0799999999581
2022-05-30 00:00:00+00:00,0.0,0.0,0.0,0.0,0.0,2264.350000000093,2264.350000000093,2264.350000000093,2264.350000000093,2264.350000000093,2264.350000000093,2264.350000000093,2264.350000000093,2264.350000000093,0.0,2264.350000000093
2022-05-31 00:00:00+00:00,0.0,0.0,0.0,0.0,0.0,72.63000000000466,72.63000000000466,72.63000000000466,72.63000000000466,72.63000000000466,72.63000000000466,72.63000000000466,72.63000000000466,72.63000000000466,0.0,72.63000000000466
2022-06-01 00:00:00+00:00,-2043.082162089995,-2043.082162089995,0.0,0.0,0.0,-47.53037791000679,-47.53037791000679,-47.53037791000679,-1995.2600000000093,-1995.2600000000093,-1995.2600000000093,-1995.2600000000093,-1995.2600000000093,-1995.2600000000093,0.0,-1995.2600000000093
2022-06-02 00:00:00+00:00,644.9599999999627,644.9599999999627,0.0,0.0,0.0,0.0,0.0,0.0,-44.26889040507376,-44.26889040507376,-44.26889040507376,644.9599999999627,644.9599999999627,644.9599999999627,0.0,644.9599999999627
2022-06-03 00:00:00+00:00,-762.9000000000233,-762.9000000000233,0.0,0.0,0.0,0.0,0.0,0.0,-803.9288945599692,0.0,0.0,-762.9000000000233,-762.9000000000233,-762.9000000000233,0.0,-762.9000000000233
2022-06-04 00:00:00+00:00,172.3300000000745,172.3300000000745,0.0,0.0,0.0,0.0,0.0,0.0,172.3300000000745,0.0,0.0,172.3300000000745,172.3300000000745,172.3300000000745,0.0,172.3300000000745
2022-06-05 00:00:00+00:00,58.35999999998603,58.35999999998603,0.0,0.0,0.0,0.0,0.0,0.0,58.35999999998603,0.0,0.0,58.35999999998603,58.35999999998603,58.35999999998603,0.0,58.35999999998603
2022-06-06 00:00:00+00:00,1442.0699999999488,1442.0699999999488,0.0,0.0,0.0,0.0,0.0,0.0,1442.0699999999488,0.0,0.0,1442.0699999999488,1442.0699999999488,1442.0699999999488,0.0,1442.0699999999488
2022-06-07 00:00:00+00:00,-236.70999999996275,-41.02871020499151,0.0,0.0,0.0,0.0,0.0,0.0,-236.70999999996275,0.0,0.0,-236.70999999996275,-236.70999999996275,-236.70999999996275,0.0,-236.70999999996275
2022-06-08 00:00:00+00:00,-42.550944500020705,-980.6820554999867,0.0,0.0,0.0,0.0,0.0,0.0,-42.550944500020705,0.0,0.0,-929.9000000000233,-929.9000000000233,-929.9000000000233,0.0,-929.9000000000233
2022-06-09 00:00:00+00:00,0.0,-97.38000000000466,0.0,0.0,0.0,0.0,0.0,0.0,0.0,0.0,0.0,-97.38000000000466,-97.38000000000466,-97.38000000000466,0.0,-97.38000000000466
2022-06-10 00:00:00+00:00,-1061.6144247950288,-1016.5100000000093,-1061.6144247949123,0.0,0.0,0.0,0.0,0.0,0.0,0.0,0.0,-1016.5100000000093,-1016.5100000000093,-1016.5100000000093,0.0,-1016.5100000000093
2022-06-11 00:00:00+00:00,-47.89365560503211,-674.4799999999814,-47.893655605148524,0.0,0.0,0.0,0.0,0.0,0.0,0.0,0.0,-674.4799999999814,-674.4799999999814,-674.4799999999814,0.0,-674.4799999999814
2022-06-12 00:00:00+00:00,0.0,-1833.4300000000512,-1882.4367425150704,0.0,0.0,-1882.4367425150704,-1882.4367425150704,0.0,-1882.4367425150704,0.0,0.0,-1833.4300000000512,-1833.4300000000512,-1833.4300000000512,0.0,-1833.4300000000512
2022-06-13 00:00:00+00:00,0.0,-39.84947741497308,-39.84947741497308,0.0,0.0,-4094.2299999999814,-4094.2299999999814,-4134.046032584971,-4094.2299999999814,-4134.046032584971,-4134.046032584971,-4094.2299999999814,-4094.2299999999814,-4094.2299999999814,0.0,-4094.2299999999814
2022-06-14 00:00:00+00:00,0.0,0.0,0.0,0.0,0.0,-340.71999999997206,-340.71999999997206,-340.71999999997206,-340.71999999997206,-340.71999999997206,-340.71999999997206,-340.71999999997206,-340.71999999997206,-340.71999999997206,0.0,-340.71999999997206
2022-06-15 00:00:00+00:00,0.0,0.0,0.0,0.0,0.0,442.0799999999581,442.0799999999581,442.0799999999581,442.0799999999581,442.0799999999581,442.0799999999581,442.0799999999581,442.0799999999581,442.0799999999581,0.0,442.0799999999581
2022-06-16 00:00:00+00:00,0.0,0.0,0.0,0.0,0.0,-2190.329999999958,-2190.329999999958,-2190.329999999958,-2190.329999999958,-2190.329999999958,-2190.329999999958,-2190.329999999958,-2190.329999999958,-2190.329999999958,0.0,-2190.329999999958
2022-06-17 00:00:00+00:00,0.0,0.0,0.0,0.0,0.0,75.85999999998603,75.85999999998603,75.85999999998603,75.85999999998603,75.85999999998603,75.85999999998603,75.85999999998603,75.85999999998603,75.85999999998603,0.0,75.85999999998603
2022-06-18 00:00:00+00:00,0.0,0.0,0.0,0.0,0.0,-1498.969999999972,-1498.969999999972,-1498.969999999972,-1498.969999999972,-1498.969999999972,-1498.969999999972,-1498.969999999972,-1498.969999999972,-1498.969999999972,0.0,-1498.969999999972
2022-06-19 00:00:00+00:00,0.0,0.0,0.0,0.0,0.0,1603.5499999999302,1603.5499999999302,1603.5499999999302,1603.5499999999302,1603.5499999999302,1603.5499999999302,1603.5499999999302,1603.5499999999302,1603.5499999999302,0.0,1603.5499999999302
2022-06-20 00:00:00+00:00,0.0,0.0,0.0,0.0,0.0,-2.6899999999441206,-2.6899999999441206,-2.6899999999441206,-2.6899999999441206,-2.6899999999441206,-2.6899999999441206,-2.6899999999441206,-2.6899999999441206,-2.6899999999441206,0.0,-2.6899999999441206
2022-06-21 00:00:00+00:00,0.0,0.0,0.0,0.0,0.0,147.20999999996275,147.20999999996275,147.20999999996275,147.20999999996275,147.20999999996275,147.20999999996275,147.20999999996275,147.20999999996275,147.20999999996275,0.0,147.20999999996275
2022-06-22 00:00:00+00:00,0.0,0.0,0.0,0.0,0.0,-728.5,-728.5,-728.5,-728.5,-728.5,-728.5,-728.5,-728.5,-728.5,0.0,-728.5
2022-06-23 00:00:00+00:00,0.0,0.0,0.0,0.0,0.0,1135.9899999999907,1135.9899999999907,1135.9899999999907,1135.9899999999907,1135.9899999999907,1135.9899999999907,1135.9899999999907,1135.9899999999907,1135.9899999999907,0.0,1135.9899999999907
2022-06-24 00:00:00+00:00,0.0,0.0,0.0,0.0,0.0,119.27000000001863,119.27000000001863,119.27000000001863,119.27000000001863,119.27000000001863,119.27000000001863,119.27000000001863,119.27000000001863,119.27000000001863,0.0,119.27000000001863
2022-06-25 00:00:00+00:00,225.06769443501253,0.0,0.0,0.0,0.0,254.3200000000652,254.3200000000652,254.3200000000652,254.3200000000652,254.3200000000652,254.3200000000652,254.3200000000652,254.3200000000652,254.3200000000652,0.0,254.3200000000652
2022-06-26 00:00:00+00:00,-450.11999999999534,0.0,0.0,0.0,0.0,-450.11999999999534,-450.11999999999534,-450.11999999999534,-450.11999999999534,-450.11999999999534,-450.11999999999534,-450.11999999999534,-450.11999999999534,-450.11999999999534,0.0,-450.11999999999534
2022-06-27 00:00:00+00:00,-302.75,0.0,0.0,0.0,0.0,-302.75,-302.75,-302.75,-302.75,-302.75,-302.75,-302.75,-302.75,-302.75,0.0,-302.75
2022-06-28 00:00:00+00:00,-472.28000000002794,0.0,0.0,0.0,0.0,-472.28000000002794,-472.28000000002794,-472.28000000002794,-472.28000000002794,-472.28000000002794,-472.28000000002794,-472.28000000002794,-472.28000000002794,-472.28000000002794,0.0,-472.28000000002794
2022-06-29 00:00:00+00:00,-158.09999999997672,0.0,0.0,0.0,0.0,-158.09999999997672,-158.09999999997672,-158.09999999997672,-158.09999999997672,-158.09999999997672,-158.09999999997672,-158.09999999997672,-158.09999999997672,-158.09999999997672,0.0,-158.09999999997672
2022-06-30 00:00:00+00:00,-26.92695100000128,0.0,0.0,0.0,0.0,-109.17000000004191,-109.17000000004191,-109.17000000004191,-109.17000000004191,-109.17000000004191,-109.17000000004191,-109.17000000004191,-109.17000000004191,-109.17000000004191,0.0,-109.17000000004191
2022-07-01 00:00:00+00:00,-762.8484228099696,0.0,0.0,0.0,0.0,-732.859999999986,-732.859999999986,-732.859999999986,-732.859999999986,-732.859999999986,-732.859999999986,-732.859999999986,-732.859999999986,-732.859999999986,0.0,-732.859999999986
2022-07-02 00:00:00+00:00,-28.86951362004038,0.0,0.0,0.0,0.0,-28.729999999981374,-28.729999999981374,-28.729999999981374,-28.729999999981374,-28.729999999981374,-28.729999999981374,-28.729999999981374,-28.729999999981374,-28.729999999981374,0.0,-28.729999999981374
2022-07-03 00:00:00+00:00,0.0,0.0,0.0,0.0,0.0,67.29999999993015,67.29999999993015,67.29999999993015,67.29999999993015,67.29999999993015,67.29999999993015,67.29999999993015,67.29999999993015,67.29999999993015,0.0,67.29999999993015
2022-07-04 00:00:00+00:00,0.0,891.0533293249318,0.0,0.0,0.0,920.0200000000186,920.0200000000186,920.0200000000186,920.0200000000186,920.0200000000186,920.0200000000186,920.0200000000186,920.0200000000186,920.0200000000186,0.0,920.0200000000186
2022-07-05 00:00:00+00:00,0.0,-29.23852379003074,0.0,0.0,0.0,-57.839999999967404,-57.839999999967404,-57.839999999967404,-57.839999999967404,-57.839999999967404,-57.839999999967404,-57.839999999967404,-57.839999999967404,-57.839999999967404,0.0,-57.839999999967404
2022-07-06 00:00:00+00:00,0.0,0.0,0.0,0.0,0.0,389.1600000000326,389.1600000000326,389.1600000000326,389.1600000000326,389.1600000000326,389.1600000000326,389.1600000000326,389.1600000000326,389.1600000000326,0.0,389.1600000000326
2022-07-07 00:00:00+00:00,0.0,0.0,0.0,0.0,0.0,1071.9299999999348,1071.9299999999348,1071.9299999999348,1071.9299999999348,1071.9299999999348,1071.9299999999348,1071.9299999999348,1071.9299999999348,1071.9299999999348,0.0,1071.9299999999348
2022-07-08 00:00:00+00:00,-68.27786902000662,-68.27786902000662,0.0,0.0,0.0,-28.976250979932956,-28.976250979932956,-28.976250979932956,-32.40000000002328,-32.40000000002328,-32.40000000002328,-32.40000000002328,-32.40000000002328,-32.40000000002328,0.0,-32.40000000002328
2022-07-09 00:00:00+00:00,1.790000000037253,1.790000000037253,0.0,0.0,0.0,0.0,0.0,0.0,1.790000000037253,1.790000000037253,1.790000000037253,1.790000000037253,1.790000000037253,1.790000000037253,0.0,1.790000000037253
2022-07-10 00:00:00+00:00,-733.3399999999674,-733.3399999999674,0.0,0.0,0.0,0.0,0.0,0.0,-733.3399999999674,-733.3399999999674,-733.3399999999674,-733.3399999999674,-733.3399999999674,-733.3399999999674,0.0,-733.3399999999674
2022-07-11 00:00:00+00:00,-908.2199999999721,-908.2199999999721,0.0,0.0,0.0,0.0,0.0,0.0,-908.2199999999721,-908.2199999999721,-908.2199999999721,-908.2199999999721,-908.2199999999721,-908.2199999999721,0.0,-908.2199999999721
2022-07-12 00:00:00+00:00,-638.7800000000279,-29.893688780022785,0.0,0.0,0.0,0.0,0.0,0.0,-638.7800000000279,-638.7800000000279,-638.7800000000279,-638.7800000000279,-638.7800000000279,-638.7800000000279,0.0,-638.7800000000279
2022-07-13 00:00:00+00:00,-27.88741264503915,0.0,0.0,0.0,0.0,886.5532826449489,0.0,0.0,916.5799999999581,916.5799999999581,916.5799999999581,916.5799999999581,916.5799999999581,916.5799999999581,0.0,916.5799999999581
2022-07-14 00:00:00+00:00,0.0,0.0,0.0,0.0,0.0,356.79000000003725,326.9903551549651,0.0,356.79000000003725,356.79000000003725,356.79000000003725,356.79000000003725,356.79000000003725,356.79000000003725,0.0,356.79000000003725
2022-07-15 00:00:00+00:00,0.0,221.7172725200653,0.0,0.0,0.0,250.53000000002794,250.53000000002794,0.0,250.53000000002794,250.53000000002794,250.53000000002794,250.53000000002794,250.53000000002794,250.53000000002794,0.0,250.53000000002794
2022-07-16 00:00:00+00:00,0.0,362.13000000000466,0.0,0.0,0.0,-35.71417847007979,-35.71417847007979,0.0,-35.71417847007979,-35.71417847007979,-35.71417847007979,362.13000000000466,362.13000000000466,362.13000000000466,0.0,362.13000000000466
2022-07-17 00:00:00+00:00,0.0,-397.94000000006054,0.0,0.0,0.0,0.0,0.0,0.0,0.0,0.0,0.0,-397.94000000006054,-397.94000000006054,-397.94000000006054,0.0,-397.94000000006054
2022-07-18 00:00:00+00:00,0.0,1635.8200000000652,1604.6219941300806,0.0,0.0,0.0,0.0,0.0,0.0,0.0,0.0,1635.8200000000652,1635.8200000000652,1635.8200000000652,0.0,1635.8200000000652
2022-07-19 00:00:00+00:00,0.0,967.5,967.5,0.0,0.0,0.0,0.0,0.0,0.0,0.0,0.0,967.5,967.5,967.5,0.0,967.5
2022-07-20 00:00:00+00:00,-206.57938922999892,-168.0700000000652,-168.0700000000652,0.0,0.0,0.0,0.0,0.0,0.0,0.0,0.0,-168.0700000000652,-168.0700000000652,-168.0700000000652,0.0,-168.0700000000652
2022-07-21 00:00:00+00:00,-73.03000000002794,-73.03000000002794,-73.03000000002794,0.0,0.0,0.0,0.0,0.0,0.0,0.0,0.0,-73.03000000002794,-73.03000000002794,-73.03000000002794,0.0,-73.03000000002794
2022-07-22 00:00:00+00:00,-466.2799999999115,-466.2799999999115,-466.28000000002794,0.0,0.0,0.0,0.0,0.0,0.0,0.0,0.0,-466.2799999999115,-466.2799999999115,-466.2799999999115,0.0,-466.2799999999115
2022-07-23 00:00:00+00:00,-236.9900000001071,-236.9900000001071,-236.9899999999907,0.0,0.0,0.0,0.0,0.0,0.0,0.0,0.0,-236.9900000001071,-236.9900000001071,-236.9900000001071,0.0,-236.9900000001071
2022-07-24 00:00:00+00:00,132.7400000001071,132.7400000001071,132.7399999999907,0.0,0.0,0.0,0.0,0.0,0.0,0.0,0.0,132.7400000001071,132.7400000001071,132.7400000001071,0.0,132.7400000001071
2022-07-25 00:00:00+00:00,-1270.0200000000186,-1270.0200000000186,-1270.0200000000186,0.0,0.0,0.0,0.0,0.0,0.0,0.0,0.0,-1270.0200000000186,-1270.0200000000186,-1270.0200000000186,0.0,-1270.0200000000186
2022-07-26 00:00:00+00:00,-51.84000000008382,-51.84000000008382,-51.83999999985099,0.0,0.0,0.0,0.0,0.0,0.0,0.0,0.0,-51.84000000008382,-51.84000000008382,-51.84000000008382,0.0,-51.84000000008382
2022-07-27 00:00:00+00:00,-33.22969988989644,1701.0200000000186,-33.22969989012927,0.0,0.0,0.0,0.0,0.0,0.0,0.0,0.0,1701.0200000000186,1701.0200000000186,1701.0200000000186,0.0,1701.0200000000186
2022-07-28 00:00:00+00:00,0.0,889.109999999986,856.5074096301105,0.0,0.0,0.0,0.0,0.0,0.0,0.0,0.0,889.109999999986,889.109999999986,889.109999999986,0.0,889.109999999986
2022-07-29 00:00:00+00:00,0.0,-67.19999999995343,-67.20000000018626,0.0,0.0,0.0,0.0,0.0,0.0,0.0,0.0,-67.19999999995343,-67.19999999995343,-67.19999999995343,0.0,-67.19999999995343
2022-07-30 00:00:00+00:00,-173.40365392004605,-134.36999999999534,-134.36999999987893,0.0,0.0,0.0,0.0,0.0,0.0,0.0,0.0,-32.32986607996281,-32.32986607996281,-32.32986607996281,0.0,-134.36999999999534
2022-07-31 00:00:00+00:00,-342.69000000006054,-342.69000000006054,-342.6899999999441,0.0,0.0,0.0,0.0,0.0,0.0,0.0,0.0,0.0,0.0,0.0,0.0,-342.69000000006054
2022-08-01 00:00:00+00:00,-33.57999999995809,-33.57999999995809,-33.580000000074506,0.0,0.0,0.0,0.0,0.0,0.0,0.0,0.0,0.0,0.0,0.0,0.0,-33.57999999995809
2022-08-02 00:00:00+00:00,-284.45999999996275,-284.45999999996275,-284.45999999996275,0.0,0.0,0.0,0.0,0.0,0.0,0.0,0.0,0.0,0.0,0.0,0.0,-284.45999999996275
2022-08-03 00:00:00+00:00,-164.40000000002328,-164.40000000002328,-164.4000000001397,0.0,0.0,0.0,0.0,0.0,0.0,0.0,0.0,0.0,0.0,0.0,0.0,-164.40000000002328
2022-08-04 00:00:00+00:00,-201.06000000005588,-34.3459075599676,-201.05999999982305,0.0,0.0,0.0,0.0,0.0,0.0,0.0,0.0,0.0,0.0,0.0,0.0,-201.06000000005588
2022-08-05 00:00:00+00:00,-33.4253477799939,0.0,696.8699999998789,0.0,0.0,0.0,0.0,0.0,0.0,0.0,0.0,0.0,0.0,0.0,0.0,696.8700000001118
2022-08-06 00:00:00+00:00,0.0,0.0,-359.87999999988824,0.0,0.0,0.0,0.0,0.0,0.0,0.0,0.0,0.0,0.0,0.0,0.0,-359.88000000000466
2022-08-07 00:00:00+00:00,0.0,182.07722957001533,216.45999999996275,0.0,0.0,0.0,0.0,0.0,0.0,0.0,0.0,0.0,0.0,0.0,0.0,216.45999999996275
2022-08-08 00:00:00+00:00,0.0,638.2600000000093,638.2600000000093,0.0,0.0,0.0,0.0,0.0,0.0,0.0,0.0,0.0,0.0,0.0,0.0,638.2600000000093
2022-08-09 00:00:00+00:00,0.0,-657.3800000000047,-657.3800000001211,0.0,0.0,0.0,0.0,0.0,0.0,0.0,0.0,0.0,0.0,0.0,0.0,-657.3800000000047
2022-08-10 00:00:00+00:00,769.1109408400953,803.9100000000326,803.910000000149,0.0,0.0,0.0,0.0,0.0,0.0,0.0,0.0,0.0,0.0,0.0,0.0,803.9100000000326
2022-08-11 00:00:00+00:00,-17.320000000065193,-17.320000000065193,-17.320000000065193,0.0,0.0,0.0,0.0,0.0,0.0,0.0,0.0,0.0,0.0,0.0,0.0,-17.320000000065193
2022-08-12 00:00:00+00:00,470.3200000000652,470.3200000000652,470.3200000000652,0.0,0.0,0.0,0.0,0.0,0.0,0.0,0.0,0.0,0.0,0.0,0.0,470.3200000000652
2022-08-13 00:00:00+00:00,41.309999999939464,41.309999999939464,41.31000000005588,0.0,0.0,0.0,0.0,0.0,0.0,0.0,0.0,0.0,0.0,0.0,0.0,41.309999999939464
2022-08-14 00:00:00+00:00,-139.78000000002794,-139.78000000002794,-139.78000000002794,-176.15648308489472,0.0,0.0,0.0,0.0,0.0,0.0,0.0,0.0,0.0,0.0,0.0,-139.78000000002794
2022-08-15 00:00:00+00:00,-218.89000000001397,-218.89000000001397,-218.89000000013039,-218.89000000013039,0.0,0.0,0.0,0.0,0.0,0.0,0.0,0.0,0.0,0.0,0.0,-218.89000000001397
2022-08-16 00:00:00+00:00,-239.88999999989755,-239.88999999989755,-239.88999999989755,-239.88999999989755,0.0,0.0,0.0,0.0,0.0,0.0,0.0,0.0,0.0,0.0,0.0,-239.88999999989755
2022-08-17 00:00:00+00:00,-516.7600000000093,-516.7600000000093,-516.7600000000093,-516.7600000000093,0.0,0.0,0.0,0.0,0.0,0.0,0.0,0.0,0.0,0.0,0.0,-516.7600000000093
2022-08-18 00:00:00+00:00,-151.71000000007916,-151.71000000007916,-151.70999999996275,-151.70999999996275,0.0,0.0,0.0,0.0,0.0,0.0,0.0,0.0,0.0,0.0,0.0,-151.71000000007916
2022-08-19 00:00:00+00:00,-35.29181552992668,-2354.5200000000186,-2354.520000000135,-2354.5200000000186,0.0,0.0,0.0,0.0,0.0,0.0,0.0,0.0,0.0,0.0,0.0,-2354.5200000000186
2022-08-20 00:00:00+00:00,0.0,304.29000000003725,-31.24199252994731,304.29000000003725,0.0,273.02717252995353,0.0,0.0,0.0,0.0,0.0,0.0,0.0,0.0,0.0,304.29000000003725
2022-08-21 00:00:00+00:00,0.0,-31.708260389976203,0.0,379.38999999989755,0.0,379.39000000001397,347.68060038995463,347.68060038995463,347.68060038995463,347.68060038995463,347.68060038995463,347.68060038995463,0.0,0.0,0.0,379.39000000001397
2022-08-22 00:00:00+00:00,0.0,0.0,0.0,-120.36999999987893,0.0,-120.36999999999534,-120.36999999999534,-120.36999999999534,-120.36999999999534,-120.36999999999534,-120.36999999999534,-120.36999999999534,0.0,0.0,0.0,-120.36999999999534
2022-08-23 00:00:00+00:00,0.0,0.0,0.0,130.089999999851,0.0,130.0899999999674,130.0899999999674,130.0899999999674,130.0899999999674,130.0899999999674,130.0899999999674,130.0899999999674,0.0,0.0,0.0,130.0899999999674
2022-08-24 00:00:00+00:00,0.0,0.0,0.0,-161.21999999997206,0.0,-161.21999999997206,-161.21999999997206,-161.21999999997206,-161.21999999997206,-161.21999999997206,-161.21999999997206,-161.21999999997206,0.0,0.0,0.0,-161.21999999997206
2022-08-25 00:00:00+00:00,0.0,0.0,0.0,194.7399999999907,0.0,194.7399999999907,194.7399999999907,194.7399999999907,194.7399999999907,194.7399999999907,194.7399999999907,194.7399999999907,0.0,0.0,0.0,194.7399999999907
2022-08-26 00:00:00+00:00,0.0,0.0,-1353.1230157450773,-32.70145425503142,0.0,-1321.140000000014,-1321.140000000014,-1321.140000000014,-1321.140000000014,-1321.140000000014,-1321.140000000014,-1321.140000000014,0.0,0.0,0.0,-1321.140000000014
2022-08-27 00:00:00+00:00,0.0,0.0,-204.03000000002794,-234.3110653150361,0.0,-204.03000000002794,-204.03000000002794,-204.03000000002794,-204.03000000002794,-204.03000000002794,-204.03000000002794,-204.03000000002794,0.0,0.0,0.0,-204.03000000002794
2022-08-28 00:00:00+00:00,0.0,0.0,-31.432932349969633,-31.432932349853218,0.0,-482.6599999999162,-482.6599999999162,-482.6599999999162,-482.6599999999162,-482.6599999999162,-482.6599999999162,-482.6599999999162,-511.33296764991246,0.0,0.0,-482.6599999999162
2022-08-29 00:00:00+00:00,0.0,0.0,0.0,0.0,0.0,732.9399999999441,732.9399999999441,732.9399999999441,732.9399999999441,732.9399999999441,732.9399999999441,732.9399999999441,732.9399999999441,0.0,0.0,732.9399999999441
2022-08-30 00:00:00+00:00,0.0,0.0,0.0,0.0,0.0,-473.79999999993015,-473.79999999993015,-473.79999999993015,-473.79999999993015,-473.79999999993015,-473.79999999993015,-473.79999999993015,-473.79999999993015,-504.22056847496424,0.0,-473.79999999993015
2022-08-31 00:00:00+00:00,0.0,0.0,0.0,204.5591380149126,0.0,235.0899999999674,235.0899999999674,235.0899999999674,235.0899999999674,235.0899999999674,235.0899999999674,235.0899999999674,235.0899999999674,235.0899999999674,0.0,235.0899999999674
2022-09-01 00:00:00+00:00,0.0,0.0,0.0,85.39000000013039,0.0,85.39000000001397,85.39000000001397,85.39000000001397,85.39000000001397,85.39000000001397,85.39000000001397,85.39000000001397,85.39000000001397,85.39000000001397,0.0,85.39000000001397
2022-09-02 00:00:00+00:00,0.0,0.0,0.0,-179.90999999991618,0.0,-179.9100000000326,-179.9100000000326,-179.9100000000326,-179.9100000000326,-179.9100000000326,-179.9100000000326,-179.9100000000326,-179.9100000000326,-179.9100000000326,0.0,-179.9100000000326
2022-09-03 00:00:00+00:00,0.0,0.0,0.0,-118.27000000001863,0.0,-118.27000000001863,-118.27000000001863,-118.27000000001863,-118.27000000001863,-118.27000000001863,-118.27000000001863,-118.27000000001863,-118.27000000001863,-118.27000000001863,0.0,-118.27000000001863
2022-09-04 00:00:00+00:00,0.0,0.0,0.0,-31.62046820507385,0.0,169.2600000000093,169.2600000000093,169.2600000000093,169.2600000000093,169.2600000000093,169.2600000000093,169.2600000000093,169.2600000000093,169.2600000000093,0.0,169.2600000000093
2022-09-05 00:00:00+00:00,0.0,0.0,0.0,0.0,0.0,-210.15000000002328,-210.15000000002328,-210.15000000002328,-210.15000000002328,-210.15000000002328,-210.15000000002328,-210.15000000002328,-210.15000000002328,-210.15000000002328,0.0,-210.15000000002328
2022-09-06 00:00:00+00:00,-1033.3817822949495,0.0,0.0,0.0,0.0,-1003.6699999999255,-1003.6699999999255,-1003.6699999999255,-1003.6699999999255,-1003.6699999999255,-1003.6699999999255,-1003.6699999999255,-1003.6699999999255,-1003.6699999999255,0.0,-1003.6699999999255
2022-09-07 00:00:00+00:00,-28.316759614972398,0.0,0.0,0.0,0.0,502.60999999998603,502.60999999998603,502.60999999998603,502.60999999998603,502.60999999998603,502.60999999998603,502.60999999998603,502.60999999998603,502.60999999998603,0.0,502.60999999998603
2022-09-08 00:00:00+00:00,0.0,0.0,0.0,0.0,0.0,28.349999999976717,28.349999999976717,28.349999999976717,28.349999999976717,28.349999999976717,28.349999999976717,28.349999999976717,28.349999999976717,28.349999999976717,0.0,28.349999999976717
2022-09-09 00:00:00+00:00,0.0,0.0,0.0,0.0,0.0,2042.6300000000047,2042.6300000000047,2042.6300000000047,2042.6300000000047,2042.6300000000047,2042.6300000000047,2042.6300000000047,2042.6300000000047,2042.6300000000047,0.0,2042.6300000000047
2022-09-10 00:00:00+00:00,0.0,0.0,0.0,0.0,0.0,287.0200000000186,287.0200000000186,287.0200000000186,287.0200000000186,287.0200000000186,287.0200000000186,287.0200000000186,287.0200000000186,287.0200000000186,0.0,287.0200000000186
2022-09-11 00:00:00+00:00,143.19512698496692,143.19512698496692,0.0,143.19512698496692,0.0,-27.963216984993778,-27.963216984993778,-27.963216984993778,180.19999999995343,180.19999999995343,180.19999999995343,180.19999999995343,180.19999999995343,180.19999999995343,0.0,180.19999999995343
2022-09-12 00:00:00+00:00,570.9899999999907,570.9899999999907,0.0,570.9899999999907,0.0,0.0,0.0,0.0,-34.29432491993066,-34.29432491993066,-34.29432491993066,570.9899999999907,570.9899999999907,570.9899999999907,0.0,570.9899999999907
2022-09-13 00:00:00+00:00,-2227.929999999935,-2227.929999999935,0.0,-2227.929999999935,0.0,0.0,0.0,0.0,0.0,0.0,0.0,-2227.929999999935,-2227.929999999935,-2227.929999999935,0.0,-2227.929999999935
2022-09-14 00:00:00+00:00,52.98999999999069,52.98999999999069,0.0,52.98999999999069,0.0,0.0,0.0,0.0,0.0,0.0,0.0,-30.252082610037178,-30.252082610037178,-30.252082610037178,0.0,52.98999999999069
2022-09-15 00:00:00+00:00,-524.0999999999767,-524.0999999999767,0.0,-30.401436150074005,0.0,0.0,0.0,0.0,-554.3816638499266,0.0,0.0,-554.3816638499266,-554.3816638499266,0.0,0.0,-524.0999999999767
2022-09-16 00:00:00+00:00,97.36999999999534,97.36999999999534,0.0,0.0,0.0,0.0,0.0,0.0,97.36999999999534,0.0,0.0,97.36999999999534,97.36999999999534,0.0,0.0,97.36999999999534
2022-09-17 00:00:00+00:00,312.3299999999581,-30.470489870058373,0.0,0.0,0.0,283.39970986999106,0.0,0.0,312.3299999999581,0.0,0.0,312.3299999999581,312.3299999999581,0.0,0.0,312.3299999999581
2022-09-18 00:00:00+00:00,-30.159998315037228,0.0,0.0,0.0,0.0,-695.7299999999814,0.0,0.0,-695.7299999999814,0.0,0.0,-695.7299999999814,-695.7299999999814,0.0,0.0,-695.7299999999814
2022-09-19 00:00:00+00:00,0.0,93.68395122000948,0.0,0.0,0.0,122.73999999999069,0.0,0.0,122.73999999999069,0.0,0.0,122.73999999999069,122.73999999999069,0.0,0.0,122.73999999999069
2022-09-20 00:00:00+00:00,0.0,-31.367695844965056,0.0,0.0,0.0,-663.4699999999721,0.0,0.0,-663.4699999999721,-690.7172341549303,0.0,-663.4699999999721,-663.4699999999721,0.0,0.0,-663.4699999999721
2022-09-21 00:00:00+00:00,0.0,0.0,0.0,0.0,0.0,-414.2700000000186,0.0,0.0,-414.2700000000186,-414.2700000000186,0.0,-414.2700000000186,-414.2700000000186,0.0,0.0,-414.2700000000186
2022-09-22 00:00:00+00:00,0.0,910.8867786700139,0.0,0.0,0.0,938.609999999986,910.8867786700139,0.0,938.609999999986,938.609999999986,910.8867786700139,938.609999999986,938.609999999986,910.8867786700139,0.0,938.609999999986
2022-09-23 00:00:00+00:00,0.0,-30.410195035045035,0.0,0.0,0.0,-115.23999999999069,-115.23999999999069,-143.02959496504627,-115.23999999999069,-115.23999999999069,-115.23999999999069,-115.23999999999069,-115.23999999999069,-115.23999999999069,0.0,-115.23999999999069
2022-09-24 00:00:00+00:00,0.0,-391.7686880150577,0.0,0.0,0.0,-362.8100000000559,-362.8100000000559,-362.8100000000559,-362.8100000000559,-362.8100000000559,-362.8100000000559,-362.8100000000559,-362.8100000000559,-362.8100000000559,0.0,-362.8100000000559
2022-09-25 00:00:00+00:00,0.0,-30.641934535000473,0.0,0.0,0.0,-114.5899999999674,-114.5899999999674,-114.5899999999674,-114.5899999999674,-114.5899999999674,-114.5899999999674,-114.5899999999674,-114.5899999999674,-114.5899999999674,0.0,-114.5899999999674
2022-09-26 00:00:00+00:00,0.0,0.0,0.0,0.0,0.0,419.39000000001397,419.39000000001397,419.39000000001397,419.39000000001397,419.39000000001397,419.39000000001397,419.39000000001397,419.39000000001397,419.39000000001397,0.0,419.39000000001397
2022-09-27 00:00:00+00:00,0.0,0.0,0.0,0.0,0.0,-150.43000000005122,-150.43000000005122,-150.43000000005122,-150.43000000005122,-150.43000000005122,-150.43000000005122,-150.43000000005122,-150.43000000005122,-150.43000000005122,0.0,-150.43000000005122
2022-09-28 00:00:00+00:00,0.0,0.0,0.0,0.0,0.0,334.5,334.5,334.5,334.5,334.5,334.5,334.5,334.5,334.5,0.0,334.5
2022-09-29 00:00:00+00:00,154.0717388149351,0.0,0.0,0.0,0.0,183.5,183.5,183.5,183.5,183.5,183.5,183.5,183.5,183.5,0.0,183.5
2022-09-30 00:00:00+00:00,-169.45999999996275,0.0,0.0,0.0,0.0,-29.363587204949,-29.363587204949,-29.363587204949,-169.45999999996275,-169.45999999996275,-169.45999999996275,-169.45999999996275,-169.45999999996275,-169.45999999996275,0.0,-169.45999999996275
2022-10-01 00:00:00+00:00,-110.8399999999674,0.0,0.0,0.0,0.0,0.0,0.0,0.0,-110.8399999999674,-110.8399999999674,-110.8399999999674,-110.8399999999674,-110.8399999999674,-110.8399999999674,0.0,-110.8399999999674
2022-10-02 00:00:00+00:00,-256.0999999999767,0.0,0.0,0.0,0.0,0.0,0.0,0.0,-256.0999999999767,-256.0999999999767,-256.0999999999767,-256.0999999999767,-256.0999999999767,-256.0999999999767,0.0,-256.0999999999767
2022-10-03 00:00:00+00:00,574.2899999999208,0.0,0.0,0.0,0.0,0.0,0.0,0.0,574.2899999999208,574.2899999999208,574.2899999999208,574.2899999999208,574.2899999999208,574.2899999999208,0.0,574.2899999999208
2022-10-04 00:00:00+00:00,711.7299999999814,0.0,0.0,0.0,0.0,0.0,0.0,0.0,711.7299999999814,711.7299999999814,711.7299999999814,711.7299999999814,711.7299999999814,711.7299999999814,0.0,711.7299999999814
2022-10-05 00:00:00+00:00,-183.56999999994878,-214.17807763500605,0.0,0.0,0.0,0.0,0.0,0.0,-183.56999999994878,-183.56999999994878,-183.56999999994878,-183.56999999994878,-183.56999999994878,-183.56999999994878,0.0,-183.56999999994878
2022-10-06 00:00:00+00:00,-195.97999999998137,-195.97999999998137,-226.7633060750086,0.0,0.0,0.0,0.0,0.0,-29.703143924940377,-29.703143924940377,-29.703143924940377,-195.97999999998137,-195.97999999998137,-195.97999999998137,0.0,-195.97999999998137
2022-10-07 00:00:00+00:00,-432.5899999999674,-432.5899999999674,-432.5899999999674,0.0,0.0,0.0,0.0,0.0,0.0,0.0,0.0,-432.5899999999674,-432.5899999999674,-432.5899999999674,0.0,-432.5899999999674
2022-10-08 00:00:00+00:00,-113.6600000000326,-113.6600000000326,-113.6600000000326,0.0,0.0,0.0,0.0,0.0,0.0,0.0,0.0,-113.6600000000326,-113.6600000000326,-113.6600000000326,0.0,-113.6600000000326
2022-10-09 00:00:00+00:00,24.07999999995809,24.07999999995809,24.07999999995809,0.0,0.0,0.0,0.0,0.0,0.0,0.0,0.0,24.07999999995809,24.07999999995809,24.07999999995809,0.0,24.07999999995809
2022-10-10 00:00:00+00:00,-310.64000000001397,-310.64000000001397,-310.64000000001397,0.0,0.0,0.0,0.0,0.0,0.0,0.0,0.0,-310.64000000001397,-310.64000000001397,-310.64000000001397,0.0,-310.64000000001397
2022-10-11 00:00:00+00:00,-74.71999999997206,-74.71999999997206,-30.716634599957615,0.0,0.0,0.0,0.0,0.0,0.0,0.0,0.0,-74.71999999997206,-74.71999999997206,-74.71999999997206,0.0,-74.71999999997206
2022-10-12 00:00:00+00:00,-28.268100789980963,-28.268100789980963,0.0,0.0,0.0,68.90284078998957,68.90284078998957,0.0,68.90284078998957,0.0,0.0,97.81000000005588,97.81000000005588,97.81000000005588,0.0,97.81000000005588
2022-10-13 00:00:00+00:00,0.0,0.0,0.0,0.0,0.0,222.72999999998137,222.72999999998137,0.0,222.72999999998137,0.0,0.0,222.72999999998137,222.72999999998137,222.72999999998137,0.0,222.72999999998137
2022-10-14 00:00:00+00:00,0.0,0.0,0.0,0.0,0.0,-200.65000000002328,-200.65000000002328,0.0,-200.65000000002328,0.0,0.0,-200.65000000002328,-200.65000000002328,-200.65000000002328,0.0,-200.65000000002328
2022-10-15 00:00:00+00:00,0.0,0.0,0.0,0.0,0.0,-107.76000000000931,-107.76000000000931,0.0,-107.76000000000931,0.0,0.0,-107.76000000000931,-107.76000000000931,-107.76000000000931,0.0,-107.76000000000931
2022-10-16 00:00:00+00:00,0.0,0.0,0.0,0.0,0.0,194.19999999995343,194.19999999995343,0.0,194.19999999995343,0.0,0.0,194.19999999995343,194.19999999995343,194.19999999995343,0.0,194.19999999995343
2022-10-17 00:00:00+00:00,0.0,0.0,0.0,0.0,0.0,285.96000000007916,285.96000000007916,0.0,285.96000000007916,0.0,0.0,285.96000000007916,285.96000000007916,285.96000000007916,0.0,285.96000000007916
2022-10-18 00:00:00+00:00,0.0,-250.96536019502673,0.0,0.0,-250.96536019502673,-221.64000000001397,-221.64000000001397,0.0,-221.64000000001397,0.0,0.0,-221.64000000001397,-221.64000000001397,-221.64000000001397,0.0,-221.64000000001397
2022-10-19 00:00:00+00:00,-233.57278937497176,-28.993460625060834,0.0,0.0,-28.993460625060834,-28.993460625060834,-28.993460625060834,0.0,-28.993460625060834,0.0,0.0,-204.5799999999581,-204.5799999999581,-204.5799999999581,0.0,-204.5799999999581
2022-10-20 00:00:00+00:00,-81.70000000006985,0.0,0.0,0.0,0.0,0.0,0.0,0.0,0.0,0.0,0.0,-81.70000000006985,-81.70000000006985,-81.70000000006985,0.0,-81.70000000006985
2022-10-21 00:00:00+00:00,-27.375968170003034,0.0,0.0,0.0,0.0,94.21498816995881,0.0,0.0,94.21498816995881,0.0,0.0,123.96999999997206,123.96999999997206,123.96999999997206,0.0,123.96999999997206
2022-10-22 00:00:00+00:00,0.0,0.0,15.42303753993474,0.0,0.0,42.65000000002328,15.42303753993474,0.0,42.65000000002328,0.0,0.0,42.65000000002328,42.65000000002328,42.65000000002328,0.0,42.65000000002328
2022-10-23 00:00:00+00:00,0.0,0.0,363.3399999999674,0.0,0.0,363.3399999999674,363.3399999999674,0.0,363.3399999999674,0.0,0.0,363.3399999999674,363.3399999999674,363.3399999999674,0.0,363.3399999999674
2022-10-24 00:00:00+00:00,-271.15808610001113,0.0,-29.58851389994379,0.0,0.0,-242.02999999991152,-242.02999999991152,0.0,-242.02999999991152,0.0,0.0,-242.02999999991152,-242.02999999991152,-242.02999999991152,0.0,-242.02999999991152
2022-10-25 00:00:00+00:00,755.8699999999953,725.1621689450694,725.1621689450694,0.0,0.0,-27.288498945068568,-27.288498945068568,0.0,-27.288498945068568,0.0,0.0,755.8699999999953,755.8699999999953,755.8699999999953,0.0,755.8699999999953
2022-10-26 00:00:00+00:00,-30.12936186499428,689.1199999999953,689.1199999999953,0.0,0.0,0.0,0.0,0.0,0.0,0.0,0.0,689.1199999999953,689.1199999999953,689.1199999999953,0.0,689.1199999999953
2022-10-27 00:00:00+00:00,-507.7907717949711,-478.4300000000512,-478.4300000000512,0.0,0.0,0.0,0.0,0.0,0.0,0.0,0.0,-32.959998205071315,-32.959998205071315,-32.959998205071315,0.0,-478.4300000000512
2022-10-28 00:00:00+00:00,300.94000000006054,300.94000000006054,300.94000000006054,271.68619711487554,271.68619711499196,0.0,0.0,0.0,0.0,0.0,0.0,0.0,0.0,0.0,0.0,300.94000000006054
2022-10-29 00:00:00+00:00,225.61999999999534,225.61999999999534,225.61999999999534,225.62000000011176,225.61999999999534,0.0,0.0,0.0,0.0,0.0,0.0,0.0,0.0,0.0,0.0,225.61999999999534
2022-10-30 00:00:00+00:00,-192.84999999997672,-192.84999999997672,-192.84999999997672,-192.85000000009313,-192.84999999997672,0.0,0.0,0.0,0.0,0.0,0.0,0.0,0.0,0.0,0.0,-192.84999999997672
2022-10-31 00:00:00+00:00,-140.7400000001071,-140.7400000001071,-140.7400000001071,-140.7399999999907,-140.7400000001071,0.0,0.0,0.0,0.0,0.0,0.0,0.0,0.0,0.0,0.0,-140.7400000001071
2022-11-01 00:00:00+00:00,-10.309999999939464,-10.309999999939464,-10.309999999939464,-10.31000000005588,-10.309999999939464,0.0,0.0,0.0,0.0,0.0,0.0,0.0,0.0,0.0,0.0,-10.309999999939464
2022-11-02 00:00:00+00:00,-328.2299999999814,-328.2299999999814,-328.2299999999814,-328.2299999999814,-328.2299999999814,0.0,0.0,0.0,0.0,0.0,0.0,0.0,0.0,0.0,0.0,-328.2299999999814
2022-11-03 00:00:00+00:00,55.47999999998137,55.47999999998137,55.47999999998137,55.47999999998137,55.47999999998137,0.0,0.0,0.0,0.0,0.0,0.0,0.0,0.0,0.0,0.0,55.47999999998137
2022-11-04 00:00:00+00:00,-29.161925990018062,937.3199999999488,937.3199999999488,937.3200000000652,-29.161925990018062,0.0,0.0,0.0,0.0,0.0,0.0,0.0,0.0,0.0,0.0,937.3199999999488
2022-11-05 00:00:00+00:00,0.0,156.25,-26.882970484904945,156.25,0.0,0.0,0.0,0.0,0.0,0.0,0.0,0.0,0.0,0.0,0.0,156.25
2022-11-06 00:00:00+00:00,-423.2413252249826,-391.2799999999115,-423.2413252249826,-391.28000000002794,0.0,0.0,0.0,0.0,0.0,0.0,0.0,0.0,0.0,0.0,0.0,-391.2799999999115
2022-11-07 00:00:00+00:00,-315.6800000000512,-315.6800000000512,-315.6800000000512,-315.6799999999348,0.0,0.0,0.0,0.0,0.0,0.0,0.0,0.0,0.0,0.0,0.0,-315.6800000000512
2022-11-08 00:00:00+00:00,-2043.2399999999907,-2043.2399999999907,-2043.2399999999907,-2043.2399999999907,0.0,0.0,0.0,0.0,0.0,0.0,0.0,0.0,0.0,0.0,0.0,-2043.2399999999907
2022-11-09 00:00:00+00:00,-2658.2900000000373,-2658.2900000000373,-2658.2900000000373,-2658.2900000000373,0.0,0.0,0.0,0.0,0.0,0.0,0.0,0.0,0.0,0.0,0.0,-2658.2900000000373
2022-11-10 00:00:00+00:00,-21.024207614944316,-21.024207614944316,-21.024207614944316,-21.024207614944316,0.0,1635.2698976150714,1635.269897614955,1635.2698976150714,1635.269897614955,1635.2698976150714,1635.2698976150714,1635.2698976150714,1635.2698976150714,1635.269897614955,0.0,1661.9300000000512
2022-11-11 00:00:00+00:00,0.0,0.0,0.0,0.0,0.0,-540.2700000000186,-540.2700000000186,-540.2700000000186,-540.2700000000186,-540.2700000000186,-540.2700000000186,-540.2700000000186,-540.2700000000186,-540.2700000000186,0.0,-540.2700000000186
2022-11-12 00:00:00+00:00,0.0,0.0,0.0,0.0,0.0,-230.29000000003725,-230.29000000003725,-230.29000000003725,-230.29000000003725,-230.29000000003725,-230.29000000003725,-230.29000000003725,-230.29000000003725,-230.29000000003725,0.0,-230.29000000003725
2022-11-13 00:00:00+00:00,0.0,0.0,0.0,0.0,0.0,-481.9399999999441,-481.9399999999441,-481.9399999999441,-481.9399999999441,-481.9399999999441,-481.9399999999441,-481.9399999999441,-481.9399999999441,-481.9399999999441,0.0,-481.9399999999441
2022-11-14 00:00:00+00:00,0.0,0.0,0.0,0.0,0.0,289.3399999999674,289.3399999999674,289.3399999999674,289.3399999999674,289.3399999999674,289.3399999999674,289.3399999999674,289.3399999999674,289.3399999999674,0.0,289.3399999999674
2022-11-15 00:00:00+00:00,0.0,0.0,0.0,0.0,0.0,287.20000000006985,287.20000000006985,287.20000000006985,287.20000000006985,287.20000000006985,287.20000000006985,287.20000000006985,287.20000000006985,287.20000000006985,0.0,287.20000000006985
2022-11-16 00:00:00+00:00,0.0,0.0,0.0,0.0,0.0,-232.69000000006054,-232.69000000006054,-232.69000000006054,-232.69000000006054,-232.69000000006054,-232.69000000006054,-232.69000000006054,-232.69000000006054,-232.69000000006054,0.0,-232.69000000006054
2022-11-17 00:00:00+00:00,0.0,0.0,0.0,0.0,0.0,35.22999999998137,35.22999999998137,35.22999999998137,35.22999999998137,35.22999999998137,35.22999999998137,35.22999999998137,35.22999999998137,35.22999999998137,0.0,35.22999999998137
2022-11-18 00:00:00+00:00,-24.90904523502104,0.0,0.0,0.0,0.0,0.11999999999534339,0.11999999999534339,0.11999999999534339,0.11999999999534339,0.11999999999534339,0.11999999999534339,0.11999999999534339,0.11999999999534339,0.11999999999534339,0.0,0.11999999999534339
2022-11-19 00:00:00+00:00,-26.749935574945994,0.0,0.0,0.0,0.0,2.4300000000512227,2.4300000000512227,2.4300000000512227,2.4300000000512227,2.4300000000512227,2.4300000000512227,2.4300000000512227,2.4300000000512227,2.4300000000512227,0.0,2.4300000000512227
2022-11-20 00:00:00+00:00,0.0,0.0,0.0,0.0,0.0,-430.4899999999907,-430.4899999999907,-430.4899999999907,-430.4899999999907,-430.4899999999907,-430.4899999999907,-430.4899999999907,-430.4899999999907,-430.4899999999907,0.0,-430.4899999999907
2022-11-21 00:00:00+00:00,0.0,0.0,0.0,0.0,0.0,-492.39000000001397,-492.39000000001397,-492.39000000001397,-492.39000000001397,-492.39000000001397,-492.39000000001397,-492.39000000001397,-492.39000000001397,-492.39000000001397,0.0,-492.39000000001397
2022-11-22 00:00:00+00:00,0.0,0.0,0.0,0.0,0.0,439.5699999999488,439.5699999999488,439.5699999999488,439.5699999999488,439.5699999999488,439.5699999999488,439.5699999999488,439.5699999999488,439.5699999999488,0.0,439.5699999999488
2022-11-23 00:00:00+00:00,0.0,0.0,0.0,0.0,0.0,387.29000000003725,387.29000000003725,387.29000000003725,387.29000000003725,387.29000000003725,387.29000000003725,387.29000000003725,387.29000000003725,387.29000000003725,0.0,387.29000000003725
2022-11-24 00:00:00+00:00,0.0,0.0,0.0,0.0,0.0,0.6099999999860302,0.6099999999860302,0.6099999999860302,0.6099999999860302,0.6099999999860302,0.6099999999860302,0.6099999999860302,0.6099999999860302,0.6099999999860302,0.0,0.6099999999860302
2022-11-25 00:00:00+00:00,0.0,-101.58969379996415,0.0,0.0,0.0,-24.883106200024486,-24.883106200024486,-24.883106200024486,-76.70999999996275,-76.70999999996275,-76.70999999996275,-76.70999999996275,-76.70999999996275,-76.70999999996275,0.0,-76.70999999996275
2022-11-26 00:00:00+00:00,0.0,-24.758094549993984,0.0,0.0,0.0,0.0,0.0,0.0,-59.96999999997206,-59.96999999997206,-59.96999999997206,-59.96999999997206,-59.96999999997206,-59.96999999997206,0.0,-59.96999999997206
2022-11-27 00:00:00+00:00,0.0,0.0,0.0,0.0,0.0,0.0,0.0,0.0,-31.050000000046566,-31.050000000046566,-31.050000000046566,-31.050000000046566,-31.050000000046566,-31.050000000046566,0.0,-31.050000000046566
2022-11-28 00:00:00+00:00,0.0,0.0,0.0,0.0,0.0,0.0,0.0,0.0,-213.5799999999581,-213.5799999999581,-213.5799999999581,-213.5799999999581,-213.5799999999581,-213.5799999999581,0.0,-213.5799999999581
2022-11-29 00:00:00+00:00,207.45255188504234,207.45255188504234,0.0,0.0,0.0,0.0,0.0,0.0,231.69999999995343,231.69999999995343,231.69999999995343,231.69999999995343,231.69999999995343,231.69999999995343,0.0,231.69999999995343
2022-11-30 00:00:00+00:00,729.3299999999581,-24.708691030042246,0.0,0.0,0.0,704.7248710299609,704.7248710299609,0.0,729.3299999999581,729.3299999999581,729.3299999999581,729.3299999999581,729.3299999999581,729.3299999999581,0.0,729.3299999999581
2022-12-01 00:00:00+00:00,-187.25,0.0,0.0,0.0,0.0,-187.25,-187.25,0.0,-187.25,-187.25,-187.25,-187.25,-187.25,-187.25,0.0,-187.25
2022-12-02 00:00:00+00:00,114.63000000000466,89.16140496497974,0.0,0.0,0.0,-25.471614965004846,-25.471614965004846,0.0,114.63000000000466,114.63000000000466,114.63000000000466,114.63000000000466,114.63000000000466,114.63000000000466,0.0,114.63000000000466
2022-12-03 00:00:00+00:00,-206.1799999999348,-206.1799999999348,0.0,0.0,0.0,0.0,0.0,0.0,-206.1799999999348,-206.1799999999348,-206.1799999999348,-206.1799999999348,-206.1799999999348,-206.1799999999348,0.0,-206.1799999999348
2022-12-04 00:00:00+00:00,220.36999999999534,220.36999999999534,0.0,0.0,0.0,0.0,0.0,0.0,220.36999999999534,220.36999999999534,220.36999999999534,220.36999999999534,220.36999999999534,220.36999999999534,0.0,220.36999999999534
2022-12-05 00:00:00+00:00,-142.84999999997672,-142.84999999997672,0.0,0.0,0.0,0.0,0.0,0.0,-142.84999999997672,-142.84999999997672,-142.84999999997672,-142.84999999997672,-142.84999999997672,-142.84999999997672,0.0,-142.84999999997672
2022-12-06 00:00:00+00:00,123.0,123.0,0.0,0.0,0.0,0.0,0.0,0.0,123.0,123.0,123.0,123.0,123.0,123.0,0.0,123.0
2022-12-07 00:00:00+00:00,-249.05000000004657,-249.05000000004657,0.0,0.0,0.0,0.0,0.0,0.0,-249.05000000004657,-249.05000000004657,-249.05000000004657,-249.05000000004657,-249.05000000004657,-249.05000000004657,0.0,-249.05000000004657
2022-12-08 00:00:00+00:00,386.0100000000093,386.0100000000093,0.0,0.0,0.0,0.0,0.0,0.0,-25.49122011999134,-25.49122011999134,-25.49122011999134,386.0100000000093,386.0100000000093,386.0100000000093,0.0,386.0100000000093
2022-12-09 00:00:00+00:00,-25.81043198495172,-95.42000000004191,0.0,0.0,0.0,0.0,0.0,0.0,0.0,0.0,0.0,-95.42000000004191,-95.42000000004191,-95.42000000004191,0.0,-95.42000000004191
2022-12-10 00:00:00+00:00,-28.094300245051272,-2.4899999999906868,0.0,0.0,0.0,0.0,0.0,0.0,0.0,0.0,0.0,-2.4899999999906868,-2.4899999999906868,-2.4899999999906868,0.0,-2.4899999999906868
2022-12-11 00:00:00+00:00,-42.89000000001397,-42.89000000001397,-68.59071404999122,0.0,0.0,0.0,0.0,0.0,0.0,0.0,0.0,-42.89000000001397,-42.89000000001397,-42.89000000001397,0.0,-42.89000000001397
2022-12-12 00:00:00+00:00,126.45000000006985,126.45000000006985,-25.209887189907022,0.0,0.0,0.0,0.0,0.0,0.0,0.0,0.0,126.45000000006985,126.45000000006985,126.45000000006985,0.0,126.45000000006985
2022-12-13 00:00:00+00:00,-24.570743550080806,561.5200000000186,534.452043550089,0.0,0.0,0.0,0.0,0.0,0.0,0.0,0.0,561.5200000000186,561.5200000000186,561.5200000000186,0.0,561.5200000000186
2022-12-14 00:00:00+00:00,5.321643510018475,31.789999999920838,31.789999999920838,0.0,0.0,0.0,0.0,0.0,0.0,0.0,0.0,31.789999999920838,31.789999999920838,31.789999999920838,0.0,31.789999999920838
2022-12-15 00:00:00+00:00,-447.0100000000093,-447.0100000000093,-447.0100000000093,0.0,0.0,0.0,0.0,0.0,0.0,0.0,0.0,-447.0100000000093,-447.0100000000093,-447.0100000000093,0.0,-447.0100000000093
2022-12-16 00:00:00+00:00,-725.3199999999488,-725.3199999999488,-725.3199999999488,0.0,0.0,0.0,0.0,0.0,0.0,0.0,0.0,-725.3199999999488,-725.3199999999488,-725.3199999999488,0.0,-725.3199999999488
2022-12-17 00:00:00+00:00,149.60999999998603,149.60999999998603,149.60999999998603,0.0,0.0,0.0,0.0,0.0,0.0,0.0,0.0,149.60999999998603,149.60999999998603,149.60999999998603,0.0,149.60999999998603
2022-12-18 00:00:00+00:00,-25.18495388503652,-25.18495388503652,-25.18495388503652,0.0,0.0,-66.25173611496575,-66.25173611496575,-66.25173611496575,0.0,0.0,0.0,-41.089999999967404,-41.089999999967404,-41.089999999967404,0.0,-41.089999999967404
2022-12-19 00:00:00+00:00,0.0,0.0,-327.71186616504565,0.0,0.0,-301.4200000000419,-301.4200000000419,-301.4200000000419,0.0,0.0,0.0,-301.4200000000419,-301.4200000000419,-301.4200000000419,0.0,-301.4200000000419
2022-12-20 00:00:00+00:00,0.0,0.0,457.9100000000326,0.0,0.0,457.9100000000326,457.9100000000326,457.9100000000326,0.0,0.0,0.0,457.9100000000326,457.9100000000326,457.9100000000326,0.0,457.9100000000326
2022-12-21 00:00:00+00:00,0.0,0.0,-26.815806915052235,0.0,0.0,-71.0899999999674,-71.0899999999674,-71.0899999999674,-94.9627030849224,0.0,0.0,-71.0899999999674,-71.0899999999674,-71.0899999999674,0.0,-71.0899999999674
2022-12-22 00:00:00+00:00,0.0,0.0,-34.91618258995004,0.0,0.0,-11.050000000046566,-11.050000000046566,-11.050000000046566,-26.609357410110533,0.0,0.0,-11.050000000046566,-11.050000000046566,-11.050000000046566,0.0,-11.050000000046566
2022-12-23 00:00:00+00:00,0.0,0.0,-38.300000000046566,0.0,0.0,-38.300000000046566,-38.300000000046566,-38.300000000046566,0.0,0.0,0.0,-38.300000000046566,-38.300000000046566,-38.300000000046566,0.0,-38.300000000046566
2022-12-24 00:00:00+00:00,0.0,0.0,59.910000000032596,0.0,0.0,59.910000000032596,59.910000000032596,59.910000000032596,0.0,0.0,0.0,59.910000000032596,59.910000000032596,59.910000000032596,0.0,59.910000000032596
2022-12-25 00:00:00+00:00,-33.48427861998789,0.0,-8.099999999976717,0.0,0.0,-8.099999999976717,-8.099999999976717,-8.099999999976717,0.0,0.0,0.0,-8.099999999976717,-8.099999999976717,-8.099999999976717,0.0,-8.099999999976717
2022-12-26 00:00:00+00:00,88.93999999994412,0.0,88.93999999994412,0.0,0.0,88.93999999994412,88.93999999994412,88.93999999994412,0.0,0.0,0.0,88.93999999994412,88.93999999994412,88.93999999994412,0.0,88.93999999994412
2022-12-27 00:00:00+00:00,-219.22999999998137,0.0,-219.22999999998137,0.0,0.0,-219.22999999998137,-219.22999999998137,-219.22999999998137,0.0,0.0,0.0,-219.22999999998137,-219.22999999998137,-219.22999999998137,0.0,-219.22999999998137
2022-12-28 00:00:00+00:00,-159.06999999994878,0.0,-159.06999999994878,0.0,0.0,-159.06999999994878,-159.06999999994878,-159.06999999994878,0.0,0.0,0.0,-159.06999999994878,-159.06999999994878,-159.06999999994878,0.0,-159.06999999994878
2022-12-29 00:00:00+00:00,-24.801220169989392,0.0,87.88000000000466,0.0,0.0,87.88000000000466,87.88000000000466,87.88000000000466,63.06224017008208,0.0,0.0,87.88000000000466,87.88000000000466,87.88000000000466,0.0,87.88000000000466
2022-12-30 00:00:00+00:00,0.0,0.0,-27.440000000060536,0.0,0.0,-27.440000000060536,-27.440000000060536,-27.440000000060536,-27.440000000060536,-52.20935368002392,0.0,-27.440000000060536,-27.440000000060536,-27.440000000060536,0.0,-27.440000000060536
2022-12-31 00:00:00+00:00,0.0,0.0,-69.75,0.0,0.0,-69.75,-69.75,-69.75,-69.75,-69.75,0.0,-69.75,-69.75,-69.75,0.0,-69.75
2023-01-01 00:00:00+00:00,0.0,0.0,-23.309479085030034,0.0,0.0,81.22999999998137,81.22999999998137,81.22999999998137,81.22999999998137,81.22999999998137,0.0,81.22999999998137,81.22999999998137,81.22999999998137,0.0,81.22999999998137
2023-01-02 00:00:00+00:00,0.0,0.0,0.0,0.0,0.0,55.36999999999534,55.36999999999534,55.36999999999534,55.36999999999534,55.36999999999534,0.0,55.36999999999534,55.36999999999534,55.36999999999534,0.0,55.36999999999534
2023-01-03 00:00:00+00:00,0.0,0.0,0.0,0.0,0.0,2.5200000000186265,2.5200000000186265,2.5200000000186265,2.5200000000186265,2.5200000000186265,0.0,2.5200000000186265,2.5200000000186265,2.5200000000186265,0.0,2.5200000000186265
2023-01-04 00:00:00+00:00,0.0,150.45824052509852,0.0,0.0,0.0,174.95000000006985,174.95000000006985,174.95000000006985,174.95000000006985,174.95000000006985,0.0,174.95000000006985,174.95000000006985,174.95000000006985,0.0,174.95000000006985
2023-01-05 00:00:00+00:00,0.0,-25.278177800006233,0.0,0.0,0.0,-18.73000000009779,-18.73000000009779,-18.73000000009779,-18.73000000009779,-18.73000000009779,0.0,-18.73000000009779,-18.73000000009779,-18.73000000009779,0.0,-18.73000000009779
2023-01-06 00:00:00+00:00,97.28329223510809,97.28329223510809,0.0,0.0,0.0,-25.3898822349729,-25.3898822349729,-25.3898822349729,122.37000000011176,122.37000000011176,0.0,122.37000000011176,122.37000000011176,122.37000000011176,0.0,122.37000000011176
2023-01-07 00:00:00+00:00,-5.690000000060536,-5.690000000060536,0.0,0.0,0.0,0.0,0.0,0.0,-5.690000000060536,-5.690000000060536,0.0,-5.690000000060536,-5.690000000060536,-5.690000000060536,0.0,-5.690000000060536
2023-01-08 00:00:00+00:00,182.81000000005588,182.81000000005588,157.3879738150863,0.0,0.0,0.0,0.0,0.0,-25.40508381498512,-25.40508381498512,0.0,-25.40508381498512,-25.40508381498512,-25.40508381498512,0.0,182.81000000005588
2023-01-09 00:00:00+00:00,52.79999999993015,52.79999999993015,-25.68919241509866,0.0,0.0,0.0,0.0,0.0,0.0,0.0,0.0,0.0,0.0,0.0,0.0,52.79999999993015
2023-01-10 00:00:00+00:00,265.5200000000186,265.5200000000186,0.0,239.7845010299934,0.0,0.0,0.0,0.0,0.0,0.0,0.0,0.0,0.0,0.0,0.0,265.5200000000186
2023-01-11 00:00:00+00:00,500.7700000000186,500.7700000000186,474.59602825006004,-26.15652824996505,0.0,0.0,0.0,0.0,0.0,0.0,0.0,0.0,0.0,0.0,0.0,500.7700000000186
2023-01-12 00:00:00+00:00,903.4799999999814,903.4799999999814,903.4799999999814,876.674802924972,0.0,0.0,0.0,0.0,0.0,0.0,0.0,0.0,0.0,0.0,0.0,903.4799999999814
2023-01-13 00:00:00+00:00,1087.1300000000047,1087.1300000000047,1087.1300000000047,1087.1300000000047,0.0,0.0,0.0,0.0,0.0,0.0,0.0,0.0,0.0,0.0,0.0,1087.1300000000047
2023-01-14 00:00:00+00:00,1022.140000000014,1022.140000000014,1022.140000000014,1022.1399999998976,0.0,0.0,0.0,0.0,0.0,0.0,0.0,0.0,0.0,0.0,0.0,1022.140000000014
2023-01-15 00:00:00+00:00,-77.32000000006519,-77.32000000006519,-77.32000000006519,-77.31999999983236,-107.94477810000535,0.0,0.0,0.0,0.0,0.0,0.0,0.0,0.0,0.0,0.0,-77.32000000006519
2023-01-16 00:00:00+00:00,307.80000000004657,307.80000000004657,307.80000000004657,307.79999999981374,307.80000000004657,0.0,0.0,0.0,0.0,0.0,0.0,0.0,0.0,0.0,0.0,307.80000000004657
2023-01-17 00:00:00+00:00,-51.17000000004191,-51.17000000004191,-51.17000000004191,-51.169999999925494,-51.17000000004191,0.0,0.0,0.0,0.0,0.0,0.0,0.0,0.0,0.0,0.0,-51.17000000004191
2023-01-18 00:00:00+00:00,-462.03999999992084,-462.03999999992084,-462.03999999992084,-462.04000000003725,-462.03999999992084,0.0,0.0,0.0,0.0,0.0,0.0,0.0,0.0,0.0,0.0,-462.03999999992084
2023-01-19 00:00:00+00:00,409.9299999999348,409.9299999999348,409.9299999999348,409.93000000016764,409.9299999999348,0.0,0.0,0.0,0.0,0.0,0.0,0.0,0.0,0.0,0.0,409.9299999999348
2023-01-20 00:00:00+00:00,1585.5900000000838,1585.5900000000838,1585.5900000000838,1585.589999999851,1585.5900000000838,0.0,0.0,0.0,0.0,0.0,0.0,0.0,0.0,0.0,0.0,1585.5900000000838
2023-01-21 00:00:00+00:00,119.55999999993946,119.55999999993946,119.55999999993946,119.56000000005588,119.55999999993946,0.0,0.0,0.0,0.0,0.0,0.0,0.0,0.0,0.0,0.0,119.55999999993946
2023-01-22 00:00:00+00:00,-74.5,-74.5,-74.5,-74.5,-74.5,0.0,0.0,0.0,0.0,0.0,0.0,0.0,0.0,0.0,0.0,-74.5
2023-01-23 00:00:00+00:00,205.4200000000419,205.4200000000419,205.4200000000419,205.4199999999255,205.4200000000419,0.0,0.0,0.0,0.0,0.0,0.0,0.0,0.0,0.0,0.0,205.4200000000419
2023-01-24 00:00:00+00:00,-284.11999999999534,-284.11999999999534,-284.11999999999534,-284.1199999998789,-284.11999999999534,0.0,0.0,0.0,0.0,0.0,0.0,0.0,0.0,0.0,0.0,-284.11999999999534
2023-01-25 00:00:00+00:00,426.1899999999441,426.1899999999441,426.1899999999441,426.1899999999441,426.1899999999441,0.0,0.0,0.0,0.0,0.0,0.0,0.0,0.0,0.0,0.0,426.1899999999441
2023-01-26 00:00:00+00:00,-51.89000000001397,-51.89000000001397,-51.89000000001397,-51.889999999897555,-51.89000000001397,0.0,0.0,0.0,0.0,0.0,0.0,0.0,0.0,0.0,0.0,-51.89000000001397
2023-01-27 00:00:00+00:00,73.93000000005122,73.93000000005122,73.93000000005122,73.92999999993481,73.93000000005122,0.0,0.0,0.0,0.0,0.0,0.0,0.0,0.0,0.0,0.0,73.93000000005122
2023-01-28 00:00:00+00:00,-55.45000000006985,-55.45000000006985,-55.45000000006985,-55.449999999953434,-55.45000000006985,0.0,0.0,0.0,0.0,0.0,0.0,0.0,0.0,0.0,0.0,-55.45000000006985
2023-01-29 00:00:00+00:00,716.8500000000931,716.8500000000931,716.8500000000931,716.8499999998603,716.8500000000931,0.0,0.0,0.0,0.0,0.0,0.0,0.0,0.0,0.0,0.0,716.8500000000931
2023-01-30 00:00:00+00:00,-909.7700000000186,-909.7700000000186,-909.7700000000186,-909.7700000000186,-909.7700000000186,0.0,0.0,0.0,0.0,0.0,0.0,0.0,0.0,0.0,0.0,-909.7700000000186
2023-01-31 00:00:00+00:00,292.8299999999581,292.8299999999581,292.8299999999581,292.8300000000745,292.8299999999581,0.0,0.0,0.0,0.0,0.0,0.0,0.0,0.0,0.0,0.0,292.8299999999581
2023-02-01 00:00:00+00:00,-36.38916142494418,607.109999999986,607.109999999986,607.1100000001024,607.109999999986,0.0,0.0,0.0,0.0,0.0,0.0,0.0,0.0,0.0,0.0,607.109999999986
2023-02-02 00:00:00+00:00,-277.7458229850745,-242.13000000000466,-242.13000000000466,-242.13000000012107,-242.13000000000466,0.0,0.0,0.0,0.0,0.0,0.0,0.0,0.0,0.0,0.0,-242.13000000000466
2023-02-03 00:00:00+00:00,-60.29999999993015,-60.29999999993015,-60.29999999993015,-60.300000000046566,-60.29999999993015,0.0,0.0,0.0,0.0,0.0,0.0,0.0,0.0,0.0,0.0,-60.29999999993015
2023-02-04 00:00:00+00:00,-104.67000000004191,-104.67000000004191,-104.67000000004191,-104.6699999999255,-104.67000000004191,0.0,0.0,0.0,0.0,0.0,0.0,0.0,0.0,0.0,0.0,-104.67000000004191
2023-02-05 00:00:00+00:00,-392.53000000002794,-392.53000000002794,-392.53000000002794,-392.53000000002794,-392.53000000002794,0.0,0.0,0.0,0.0,0.0,0.0,0.0,0.0,0.0,0.0,-392.53000000002794
2023-02-06 00:00:00+00:00,-172.27000000001863,-172.27000000001863,-172.27000000001863,-172.27000000001863,-172.27000000001863,0.0,0.0,0.0,0.0,0.0,0.0,0.0,0.0,0.0,0.0,-172.27000000001863
2023-02-07 00:00:00+00:00,-34.78374828991946,480.60000000009313,480.60000000009313,480.60000000009313,480.60000000009313,447.09348829009105,0.0,0.0,0.0,0.0,0.0,0.0,0.0,0.0,0.0,480.60000000009313
2023-02-08 00:00:00+00:00,0.0,-34.885337679996155,-280.29000000003725,-280.29000000003725,-280.29000000003725,-280.29000000003725,-315.13858231995255,0.0,0.0,0.0,0.0,0.0,0.0,0.0,0.0,-280.29000000003725
2023-02-09 00:00:00+00:00,-1197.737346954993,-1197.737346954993,-1163.75,-1163.75,-1163.75,-34.90438304503914,-34.90438304503914,0.0,0.0,0.0,0.0,0.0,0.0,0.0,0.0,-1163.75
2023-02-10 00:00:00+00:00,-32.70002969005145,-32.70002969005145,-171.6600000000326,-171.65999999991618,-171.6600000000326,-204.36183030996472,0.0,0.0,0.0,0.0,0.0,0.0,0.0,0.0,0.0,-171.6600000000326
2023-02-11 00:00:00+00:00,0.0,0.0,234.7600000000093,234.7600000000093,234.7600000000093,234.7600000000093,202.30573051492684,202.30573051492684,0.0,0.0,0.0,0.0,0.0,0.0,0.0,234.7600000000093
2023-02-12 00:00:00+00:00,0.0,0.0,-73.92999999993481,-73.93000000016764,-73.92999999993481,-73.92999999993481,-73.92999999993481,-73.92999999993481,0.0,0.0,0.0,0.0,0.0,0.0,0.0,-73.92999999993481
2023-02-13 00:00:00+00:00,0.0,0.0,-0.6600000000325963,-0.659999999916181,-0.6600000000325963,-0.6600000000325963,-0.6600000000325963,-0.6600000000325963,0.0,0.0,0.0,0.0,0.0,0.0,0.0,-0.6600000000325963
2023-02-14 00:00:00+00:00,0.0,0.0,417.13000000000466,417.12999999988824,417.13000000000466,417.13000000000466,417.13000000000466,417.13000000000466,384.5756055000238,0.0,0.0,0.0,0.0,0.0,0.0,417.13000000000466
2023-02-15 00:00:00+00:00,0.0,0.0,2122.7700000000186,2122.7700000000186,2122.7700000000186,2122.7700000000186,2122.7700000000186,2122.7700000000186,2122.7700000000186,0.0,0.0,0.0,0.0,0.0,0.0,2122.7700000000186
2023-02-16 00:00:00+00:00,0.0,0.0,-812.890000000014,-812.8899999998976,-812.890000000014,-812.890000000014,-812.890000000014,-812.890000000014,-812.890000000014,0.0,0.0,0.0,0.0,0.0,0.0,-812.890000000014
2023-02-17 00:00:00+00:00,1025.3628165249247,1025.3628165249247,1061.4499999999534,1061.4499999999534,1061.4499999999534,-34.463666524970904,-34.463666524970904,-34.463666524970904,-34.463666524970904,0.0,0.0,0.0,0.0,0.0,0.0,1061.4499999999534
2023-02-18 00:00:00+00:00,58.63000000000466,58.63000000000466,58.63000000000466,58.63000000012107,58.63000000000466,0.0,0.0,0.0,0.0,0.0,0.0,0.0,0.0,0.0,0.0,58.63000000000466
2023-02-19 00:00:00+00:00,-354.9199999999255,-354.9199999999255,-354.9199999999255,-354.9200000001583,-354.9199999999255,0.0,0.0,0.0,0.0,0.0,0.0,0.0,0.0,0.0,0.0,-354.9199999999255
2023-02-20 00:00:00+00:00,563.6599999999162,563.6599999999162,563.6599999999162,563.660000000149,563.6599999999162,0.0,0.0,0.0,0.0,0.0,0.0,0.0,0.0,0.0,0.0,563.6599999999162
2023-02-21 00:00:00+00:00,-390.53999999992084,-390.53999999992084,-390.53999999992084,-390.54000000003725,-390.53999999992084,0.0,0.0,0.0,0.0,0.0,0.0,0.0,0.0,0.0,0.0,-390.53999999992084
2023-02-22 00:00:00+00:00,-269.9900000001071,-269.9900000001071,-269.9900000001071,-269.9899999999907,-269.9900000001071,0.0,0.0,0.0,0.0,0.0,0.0,0.0,0.0,0.0,0.0,-269.9900000001071
2023-02-23 00:00:00+00:00,-241.11999999999534,-241.11999999999534,-241.11999999999534,-241.12000000011176,-241.11999999999534,0.0,0.0,0.0,0.0,0.0,0.0,0.0,0.0,0.0,0.0,-241.11999999999534
2023-02-24 00:00:00+00:00,-35.9030083399266,-756.4399999999441,-756.4399999999441,-756.4399999999441,-756.4399999999441,0.0,0.0,0.0,0.0,0.0,0.0,0.0,0.0,0.0,0.0,-756.4399999999441
2023-02-25 00:00:00+00:00,-61.961913440027274,-27.17000000004191,-27.17000000004191,-27.169999999925494,-27.17000000004191,0.0,0.0,0.0,0.0,0.0,0.0,0.0,0.0,0.0,0.0,-27.17000000004191
2023-02-26 00:00:00+00:00,-34.72798514494207,397.11999999999534,397.11999999999534,397.1199999998789,397.11999999999534,0.0,0.0,0.0,0.0,0.0,0.0,0.0,0.0,0.0,0.0,397.11999999999534
2023-02-27 00:00:00+00:00,0.0,-67.30999999993946,-67.30999999993946,-67.31000000005588,-67.30999999993946,0.0,0.0,0.0,0.0,0.0,0.0,0.0,0.0,0.0,0.0,-67.30999999993946
2023-02-28 00:00:00+00:00,0.0,-344.20000000006985,-344.20000000006985,-344.19999999995343,-344.20000000006985,0.0,0.0,0.0,0.0,0.0,0.0,0.0,0.0,0.0,0.0,-344.20000000006985
2023-03-01 00:00:00+00:00,0.0,486.20000000006985,486.20000000006985,486.19999999995343,486.20000000006985,0.0,0.0,0.0,0.0,0.0,0.0,0.0,0.0,0.0,0.0,486.20000000006985
2023-03-02 00:00:00+00:00,0.0,-163.28000000002794,-34.83636394003406,-163.2799999997951,-163.28000000002794,-199.33999606000725,-199.33999606000725,0.0,0.0,0.0,0.0,0.0,0.0,0.0,0.0,-163.28000000002794
2023-03-03 00:00:00+00:00,0.0,-34.64145060500596,-1145.824919394916,-1110.0600000000559,-1110.0599999999395,-1110.0599999999395,-1110.0599999999395,0.0,0.0,0.0,0.0,0.0,0.0,0.0,0.0,-1110.0599999999395
2023-03-04 00:00:00+00:00,0.0,0.0,-7.230000000097789,-7.2299999999813735,-7.230000000097789,-7.230000000097789,-7.230000000097789,0.0,0.0,0.0,0.0,0.0,0.0,0.0,0.0,-7.230000000097789
2023-03-05 00:00:00+00:00,0.0,0.0,-34.72343512997031,81.73999999999069,81.73999999999069,81.73999999999069,81.73999999999069,49.414215129916556,49.414215129916556,49.414215129916556,0.0,0.0,0.0,0.0,0.0,81.73999999999069
2023-03-06 00:00:00+00:00,0.0,0.0,0.0,-22.380000000121072,-22.37999999988824,-22.37999999988824,-22.37999999988824,-22.37999999988824,-22.37999999988824,-22.37999999988824,0.0,0.0,0.0,0.0,0.0,-22.37999999988824
2023-03-07 00:00:00+00:00,0.0,0.0,0.0,-211.82999999984168,-211.8300000000745,-211.8300000000745,-211.8300000000745,-211.8300000000745,-211.8300000000745,-211.8300000000745,0.0,0.0,0.0,0.0,0.0,-211.8300000000745
2023-03-08 00:00:00+00:00,0.0,0.0,0.0,-500.11000000010245,-500.10999999998603,-500.10999999998603,-500.10999999998603,-500.10999999998603,-500.10999999998603,-500.10999999998603,0.0,0.0,0.0,0.0,0.0,-500.10999999998603
2023-03-09 00:00:00+00:00,0.0,0.0,0.0,-1331.359999999986,-1331.359999999986,-1331.359999999986,-1331.359999999986,-1331.359999999986,-1331.359999999986,-1331.359999999986,0.0,0.0,0.0,0.0,0.0,-1331.359999999986
2023-03-10 00:00:00+00:00,0.0,0.0,0.0,-136.93000000005122,-136.93000000005122,-136.93000000005122,-136.93000000005122,-136.93000000005122,-136.93000000005122,-136.93000000005122,0.0,0.0,0.0,0.0,0.0,-136.93000000005122
2023-03-11 00:00:00+00:00,0.0,0.0,0.0,390.45999999996275,390.46000000007916,390.46000000007916,390.46000000007916,390.46000000007916,390.46000000007916,390.46000000007916,360.1147799650207,360.1147799650207,360.1147799650207,0.0,0.0,390.46000000007916
2023-03-12 00:00:00+00:00,0.0,0.0,0.0,1598.5400000000373,1598.5399999999208,1598.5399999999208,1598.5399999999208,1598.5399999999208,1598.5399999999208,1598.5399999999208,1598.5399999999208,1598.5399999999208,1598.5399999999208,0.0,0.0,1598.5399999999208
2023-03-13 00:00:00+00:00,0.0,0.0,0.0,2000.9199999999255,2000.920000000042,2000.920000000042,2000.920000000042,2000.920000000042,2000.920000000042,2000.920000000042,2000.920000000042,2000.920000000042,2000.920000000042,0.0,0.0,2000.920000000042
2023-03-14 00:00:00+00:00,0.0,0.0,506.3078900000546,542.6500000001397,542.6500000000233,542.6500000000233,542.6500000000233,542.6500000000233,542.6500000000233,542.6500000000233,542.6500000000233,542.6500000000233,542.6500000000233,0.0,0.0,542.6500000000233
2023-03-15 00:00:00+00:00,-421.60479580494575,-421.60479580494575,-385.4899999999907,-385.4899999999907,-385.4899999999907,-38.170034195063636,-38.170034195063636,-38.170034195063636,-38.170034195063636,-38.170034195063636,-38.170034195063636,-38.170034195063636,-38.170034195063636,0.0,0.0,-385.4899999999907
2023-03-16 00:00:00+00:00,674.6899999999441,674.6899999999441,674.6899999999441,674.6899999999441,674.6899999999441,0.0,0.0,0.0,0.0,0.0,0.0,0.0,0.0,0.0,0.0,674.6899999999441
2023-03-17 00:00:00+00:00,2401.7700000000186,2401.7700000000186,2401.7700000000186,2401.7700000000186,2401.7700000000186,0.0,0.0,0.0,0.0,0.0,0.0,0.0,0.0,0.0,0.0,2401.7700000000186
2023-03-18 00:00:00+00:00,-473.2700000000186,-473.2700000000186,-473.2700000000186,-473.2700000000186,-473.2700000000186,0.0,0.0,0.0,0.0,0.0,0.0,0.0,0.0,0.0,0.0,-473.2700000000186
2023-03-19 00:00:00+00:00,1074.109999999986,1074.109999999986,1074.1100000001024,1074.1100000001024,1074.109999999986,0.0,0.0,0.0,0.0,0.0,0.0,0.0,0.0,0.0,0.0,1074.109999999986
2023-03-20 00:00:00+00:00,-231.14000000001397,-231.14000000001397,-231.14000000013039,-231.14000000013039,-231.14000000001397,0.0,0.0,0.0,0.0,0.0,0.0,0.0,0.0,0.0,0.0,-231.14000000001397
2023-03-21 00:00:00+00:00,384.0100000000093,384.0100000000093,384.0100000000093,384.0100000000093,384.0100000000093,0.0,0.0,0.0,0.0,0.0,0.0,0.0,0.0,0.0,0.0,384.0100000000093
2023-03-22 00:00:00+00:00,-882.1799999999348,-882.1799999999348,-882.1799999999348,-882.1799999999348,-882.1799999999348,0.0,0.0,0.0,0.0,0.0,0.0,0.0,0.0,0.0,0.0,-882.1799999999348
2023-03-23 00:00:00+00:00,1027.7899999999208,1027.7899999999208,1027.7900000000373,1027.7900000000373,1027.7899999999208,0.0,0.0,0.0,0.0,0.0,0.0,0.0,0.0,0.0,0.0,1027.7899999999208
2023-03-24 00:00:00+00:00,-863.6999999999534,-863.6999999999534,-863.6999999999534,-863.6999999999534,-863.6999999999534,0.0,0.0,0.0,0.0,0.0,0.0,0.0,0.0,0.0,0.0,-863.6999999999534
2023-03-25 00:00:00+00:00,-1.059999999939464,-1.059999999939464,-1.0600000000558794,-1.0600000000558794,-1.059999999939464,0.0,0.0,0.0,0.0,0.0,0.0,0.0,0.0,0.0,0.0,-1.059999999939464
2023-03-26 00:00:00+00:00,504.71999999997206,504.71999999997206,504.71999999997206,504.71999999997206,504.71999999997206,0.0,0.0,0.0,0.0,0.0,0.0,0.0,0.0,0.0,0.0,504.71999999997206
2023-03-27 00:00:00+00:00,-850.0300000000279,-850.0300000000279,-850.0300000000279,-850.0300000000279,-850.0300000000279,0.0,0.0,0.0,0.0,0.0,0.0,0.0,0.0,0.0,0.0,-850.0300000000279
2023-03-28 00:00:00+00:00,-40.72070357494522,131.28000000002794,131.28000000002794,131.28000000002794,131.28000000002794,0.0,0.0,0.0,0.0,0.0,0.0,0.0,0.0,0.0,0.0,131.28000000002794
2023-03-29 00:00:00+00:00,0.0,1085.390000000014,1085.3899999998976,1085.3899999998976,1085.390000000014,0.0,0.0,0.0,0.0,0.0,0.0,0.0,0.0,0.0,0.0,1085.390000000014
2023-03-30 00:00:00+00:00,0.0,-324.0600000000559,-324.05999999982305,-324.05999999982305,-324.0600000000559,0.0,0.0,0.0,0.0,0.0,0.0,0.0,0.0,0.0,0.0,-324.0600000000559
2023-03-31 00:00:00+00:00,397.45366255997214,438.9200000000419,438.9199999999255,438.9199999999255,438.9200000000419,0.0,0.0,0.0,0.0,0.0,0.0,0.0,0.0,0.0,0.0,438.9200000000419
2023-04-01 00:00:00+00:00,-41.688877295004204,-2.940000000060536,-2.9399999999441206,-2.9399999999441206,-2.940000000060536,0.0,0.0,0.0,0.0,0.0,0.0,0.0,0.0,0.0,0.0,-2.940000000060536
2023-04-02 00:00:00+00:00,-325.4107805150561,-283.11999999999534,-283.12000000011176,-283.12000000011176,-283.11999999999534,0.0,0.0,0.0,0.0,0.0,0.0,0.0,0.0,0.0,0.0,-283.11999999999534
2023-04-03 00:00:00+00:00,-376.5699999999488,-376.5699999999488,-376.5700000000652,-376.5700000000652,-376.5699999999488,0.0,0.0,0.0,0.0,0.0,0.0,0.0,0.0,0.0,0.0,-376.5699999999488
2023-04-04 00:00:00+00:00,367.86999999999534,367.86999999999534,367.87000000011176,367.87000000011176,367.86999999999534,0.0,0.0,0.0,0.0,0.0,0.0,0.0,0.0,0.0,0.0,367.86999999999534
2023-04-05 00:00:00+00:00,-4.2700000000186265,-43.23390066996217,-4.2700000000186265,-4.2700000000186265,-4.2700000000186265,0.0,0.0,0.0,0.0,0.0,0.0,0.0,0.0,0.0,0.0,-4.2700000000186265
2023-04-06 00:00:00+00:00,-121.9100000000326,0.0,-121.90999999991618,-121.90999999991618,-121.9100000000326,0.0,0.0,0.0,0.0,0.0,0.0,0.0,0.0,0.0,0.0,-121.9100000000326
2023-04-07 00:00:00+00:00,-42.78508363000583,-162.8931363701122,-121.52000000001863,-121.52000000001863,-121.52000000001863,0.0,0.0,0.0,0.0,0.0,0.0,0.0,0.0,0.0,0.0,-121.52000000001863
2023-04-08 00:00:00+00:00,-13.219145059934817,-43.70121493993793,26.869999999878928,26.869999999878928,26.87000000011176,0.0,0.0,0.0,0.0,0.0,0.0,0.0,0.0,0.0,0.0,26.87000000011176
2023-04-09 00:00:00+00:00,-42.543305905070156,340.84873590501957,382.18000000016764,382.18000000016764,382.1799999999348,0.0,0.0,0.0,0.0,0.0,0.0,0.0,0.0,0.0,0.0,382.1799999999348
2023-04-10 00:00:00+00:00,0.0,1319.420000000042,1319.4199999999255,1319.4199999999255,1319.420000000042,0.0,0.0,0.0,0.0,0.0,0.0,0.0,0.0,0.0,0.0,1319.420000000042
2023-04-11 00:00:00+00:00,524.9886211499106,566.7799999999115,566.7800000000279,566.7800000000279,566.7799999999115,0.0,0.0,0.0,0.0,0.0,0.0,0.0,0.0,0.0,0.0,566.7799999999115
2023-04-12 00:00:00+00:00,-314.9899999999907,-314.9899999999907,-314.9899999999907,-314.9899999999907,-314.9899999999907,0.0,0.0,0.0,0.0,0.0,0.0,0.0,0.0,0.0,0.0,-314.9899999999907
2023-04-13 00:00:00+00:00,494.5800000000745,494.5800000000745,494.5799999998417,494.5799999998417,494.5800000000745,0.0,0.0,0.0,0.0,0.0,0.0,0.0,0.0,0.0,0.0,494.5800000000745
2023-04-14 00:00:00+00:00,86.14000000001397,86.14000000001397,86.14000000013039,86.14000000013039,86.14000000001397,0.0,0.0,0.0,0.0,0.0,0.0,0.0,0.0,0.0,0.0,86.14000000001397
2023-04-15 00:00:00+00:00,-168.81000000005588,-168.81000000005588,-168.81000000005588,-168.81000000005588,-168.81000000005588,0.0,0.0,0.0,0.0,0.0,0.0,0.0,0.0,0.0,0.0,-168.81000000005588
2023-04-16 00:00:00+00:00,1.9799999999813735,1.9799999999813735,1.9799999999813735,1.9799999999813735,1.9799999999813735,0.0,0.0,0.0,0.0,0.0,0.0,0.0,0.0,0.0,0.0,1.9799999999813735
2023-04-17 00:00:00+00:00,-876.1799999999348,-876.1799999999348,-876.1799999999348,-876.1799999999348,-876.1799999999348,0.0,0.0,0.0,0.0,0.0,0.0,0.0,0.0,0.0,0.0,-876.1799999999348
2023-04-18 00:00:00+00:00,943.4899999999907,943.4899999999907,943.4899999999907,943.4899999999907,943.4899999999907,0.0,0.0,0.0,0.0,0.0,0.0,0.0,0.0,0.0,0.0,943.4899999999907
2023-04-19 00:00:00+00:00,-44.476552749983966,-1583.6800000000512,-1583.6799999999348,-1583.6799999999348,-1583.6800000000512,0.0,0.0,0.0,0.0,0.0,0.0,0.0,0.0,0.0,0.0,-1583.6800000000512
2023-04-20 00:00:00+00:00,-604.7589698549127,-561.5399999999208,-561.5400000000373,-561.5400000000373,-561.5399999999208,0.0,0.0,0.0,0.0,0.0,0.0,0.0,0.0,0.0,0.0,-561.5399999999208
2023-04-21 00:00:00+00:00,-42.358145910082385,-994.3300000000745,-994.3300000000745,-994.3300000000745,-994.3300000000745,-1036.7163940899773,0.0,0.0,0.0,0.0,0.0,0.0,0.0,0.0,0.0,-994.3300000000745
2023-04-22 00:00:00+00:00,0.0,567.5600000000559,567.5600000000559,567.5600000000559,567.5600000000559,567.5600000000559,527.5569335200125,0.0,0.0,0.0,0.0,0.0,0.0,0.0,0.0,567.5600000000559
2023-04-23 00:00:00+00:00,0.0,-42.13757450506091,-42.13757450506091,-228.4299999999348,-228.43000000005122,-228.43000000005122,-228.43000000005122,-269.75539549498353,-269.75539549498353,-269.75539549498353,0.0,0.0,0.0,0.0,0.0,-228.43000000005122
2023-04-24 00:00:00+00:00,0.0,0.0,0.0,-77.93000000016764,-77.92999999993481,-77.92999999993481,-77.92999999993481,-77.92999999993481,-77.92999999993481,-77.92999999993481,0.0,0.0,0.0,0.0,0.0,-77.92999999993481
2023-04-25 00:00:00+00:00,0.0,0.0,749.2854680749588,789.3700000001118,789.3699999999953,789.3699999999953,789.3699999999953,789.3699999999953,789.3699999999953,789.3699999999953,0.0,0.0,0.0,0.0,0.0,789.3699999999953
2023-04-26 00:00:00+00:00,0.0,0.0,121.66000000014901,121.65999999991618,121.65999999991618,121.65999999991618,121.65999999991618,121.65999999991618,121.65999999991618,121.65999999991618,0.0,0.0,0.0,0.0,0.0,121.65999999991618
2023-04-27 00:00:00+00:00,0.0,0.0,1057.6399999998976,1057.6400000001304,1057.640000000014,1057.640000000014,1057.640000000014,1057.640000000014,1057.640000000014,1057.640000000014,0.0,0.0,0.0,0.0,0.0,1057.640000000014
2023-04-28 00:00:00+00:00,0.0,0.0,-145.09000000008382,-145.09000000008382,-145.0899999999674,-145.0899999999674,-145.0899999999674,-145.0899999999674,-145.0899999999674,-145.0899999999674,0.0,0.0,0.0,0.0,0.0,-145.0899999999674
2023-04-29 00:00:00+00:00,-134.14387473498937,0.0,-89.27999999979511,-89.28000000002794,-89.28000000002794,-43.15453526505735,-43.15453526505735,-43.15453526505735,-43.15453526505735,-43.15453526505735,0.0,0.0,0.0,0.0,0.0,-89.28000000002794
2023-04-30 00:00:00+00:00,-2.209999999962747,0.0,-2.2100000001955777,-2.209999999962747,-2.209999999962747,0.0,0.0,0.0,0.0,0.0,0.0,0.0,0.0,0.0,0.0,-2.209999999962747
2023-05-01 00:00:00+00:00,-1169.8699999999953,0.0,-1169.869999999879,-1169.8700000001118,-1169.8699999999953,0.0,0.0,0.0,0.0,0.0,0.0,0.0,0.0,0.0,0.0,-1169.8699999999953
2023-05-02 00:00:00+00:00,607.1300000000047,0.0,607.1299999998882,607.1300000001211,607.1300000000047,0.0,0.0,0.0,0.0,0.0,0.0,0.0,0.0,0.0,0.0,607.1300000000047
2023-05-03 00:00:00+00:00,354.3499999999767,0.0,-44.00077329482883,354.3499999998603,354.3499999999767,312.3005432949867,0.0,0.0,312.3005432949867,0.0,0.0,0.0,0.0,0.0,0.0,354.3499999999767
2023-05-04 00:00:00+00:00,-181.52000000001863,0.0,-225.70355967991054,-181.5199999997858,-181.52000000001863,-42.93452032003552,0.0,0.0,-181.52000000001863,0.0,0.0,0.0,0.0,0.0,0.0,-181.52000000001863
2023-05-05 00:00:00+00:00,679.5300000000279,635.578751060064,679.5299999997951,679.5299999997951,679.5300000000279,0.0,0.0,0.0,-42.6223910599947,0.0,0.0,0.0,0.0,0.0,0.0,679.5300000000279
2023-05-06 00:00:00+00:00,-42.183535565040074,-634.0999999999767,-634.0999999998603,-634.0999999998603,-634.0999999999767,0.0,0.0,0.0,0.0,0.0,0.0,0.0,0.0,0.0,0.0,-634.0999999999767
2023-05-07 00:00:00+00:00,-470.13640065002255,-428.13000000000466,-428.1300000001211,-428.1300000001211,-428.13000000000466,0.0,0.0,0.0,0.0,0.0,0.0,0.0,0.0,0.0,0.0,-428.13000000000466
2023-05-08 00:00:00+00:00,-44.54478365997784,-779.4699999999721,-779.4699999999721,-779.4699999999721,-779.4699999999721,0.0,0.0,0.0,0.0,0.0,0.0,0.0,0.0,0.0,0.0,-779.4699999999721
2023-05-09 00:00:00+00:00,0.0,-47.77000000001863,-47.77000000001863,-47.77000000001863,-47.77000000001863,0.0,0.0,0.0,-87.5037066199584,0.0,0.0,0.0,0.0,0.0,0.0,-47.77000000001863
2023-05-10 00:00:00+00:00,0.0,-23.28000000002794,-41.45711135491729,-23.28000000002794,-23.28000000002794,-64.76475864497479,-64.76475864497479,-64.76475864497479,-23.28000000002794,-64.76475864497479,0.0,0.0,0.0,0.0,0.0,-23.28000000002794
2023-05-11 00:00:00+00:00,0.0,-43.92843924998306,0.0,-637.4499999999534,-637.4499999999534,-637.4499999999534,-637.4499999999534,-637.4499999999534,-637.4499999999534,-637.4499999999534,0.0,0.0,0.0,0.0,0.0,-637.4499999999534
2023-05-12 00:00:00+00:00,0.0,0.0,0.0,-177.71999999997206,-177.72000000008848,-177.72000000008848,-177.72000000008848,-177.72000000008848,-177.72000000008848,-177.72000000008848,0.0,0.0,0.0,0.0,0.0,-177.72000000008848
2023-05-13 00:00:00+00:00,0.0,0.0,0.0,-19.359999999869615,-19.35999999998603,-19.35999999998603,-19.35999999998603,-19.35999999998603,-19.35999999998603,-19.35999999998603,-59.546604400034994,-59.546604400034994,0.0,0.0,0.0,-19.35999999998603
2023-05-14 00:00:00+00:00,0.0,0.0,0.0,140.5,140.5,140.5,140.5,140.5,140.5,140.5,140.5,140.5,102.79612150497269,0.0,0.0,140.5
2023-05-15 00:00:00+00:00,0.0,0.0,0.0,241.14999999990687,241.15000000002328,241.15000000002328,241.15000000002328,241.15000000002328,241.15000000002328,241.15000000002328,241.15000000002328,241.15000000002328,241.15000000002328,0.0,0.0,241.15000000002328
2023-05-16 00:00:00+00:00,0.0,0.0,0.0,-133.44999999995343,-133.44999999995343,-133.44999999995343,-133.44999999995343,-133.44999999995343,-133.44999999995343,-133.44999999995343,-133.44999999995343,-133.44999999995343,-133.44999999995343,0.0,0.0,-133.44999999995343
2023-05-17 00:00:00+00:00,0.0,0.0,0.0,370.089999999851,370.0899999999674,370.0899999999674,370.0899999999674,370.0899999999674,370.0899999999674,370.0899999999674,370.0899999999674,370.0899999999674,370.0899999999674,0.0,0.0,370.0899999999674
2023-05-18 00:00:00+00:00,0.0,0.0,0.0,-41.107936119893566,-587.2800000000279,-587.2800000000279,-587.2800000000279,-587.2800000000279,-587.2800000000279,-587.2800000000279,-587.2800000000279,-587.2800000000279,-587.2800000000279,0.0,0.0,-587.2800000000279
2023-05-19 00:00:00+00:00,0.0,0.0,0.0,30.387130179908127,69.78000000002794,69.78000000002794,69.78000000002794,69.78000000002794,69.78000000002794,69.78000000002794,69.78000000002794,69.78000000002794,69.78000000002794,0.0,0.0,69.78000000002794
2023-05-20 00:00:00+00:00,0.0,0.0,0.0,-40.321959864813834,223.3399999999674,223.3399999999674,223.3399999999674,223.3399999999674,223.3399999999674,223.3399999999674,223.3399999999674,223.3399999999674,223.3399999999674,182.99114986497443,0.0,223.3399999999674
2023-05-21 00:00:00+00:00,-402.0045119849965,0.0,0.0,0.0,-360.95999999996275,-360.95999999996275,-360.95999999996275,-360.95999999996275,-360.95999999996275,-360.95999999996275,-360.95999999996275,-360.95999999996275,-360.95999999996275,-360.95999999996275,0.0,-360.95999999996275
2023-05-22 00:00:00+00:00,102.07999999995809,0.0,0.0,0.0,102.07999999995809,102.07999999995809,102.07999999995809,102.07999999995809,102.07999999995809,102.07999999995809,102.07999999995809,102.07999999995809,102.07999999995809,102.07999999995809,0.0,102.07999999995809
2023-05-23 00:00:00+00:00,-40.907707954989746,0.0,0.0,0.0,368.4899999999907,368.4899999999907,368.4899999999907,368.4899999999907,368.4899999999907,368.4899999999907,368.4899999999907,368.4899999999907,368.4899999999907,368.4899999999907,0.0,368.4899999999907
2023-05-24 00:00:00+00:00,0.0,0.0,0.0,0.0,-901.8199999999488,-901.8199999999488,-901.8199999999488,-901.8199999999488,-901.8199999999488,-901.8199999999488,-901.8199999999488,-901.8199999999488,-901.8199999999488,-901.8199999999488,0.0,-901.8199999999488
2023-05-25 00:00:00+00:00,118.14470929000527,0.0,0.0,0.0,157.6600000000326,-39.4489692900097,-39.4489692900097,-39.4489692900097,157.6600000000326,157.6600000000326,157.6600000000326,157.6600000000326,157.6600000000326,157.6600000000326,0.0,157.6600000000326
2023-05-26 00:00:00+00:00,-39.61548542510718,0.0,0.0,0.0,235.79999999993015,195.9780354249524,195.9780354249524,195.9780354249524,235.79999999993015,235.79999999993015,235.79999999993015,235.79999999993015,235.79999999993015,235.79999999993015,0.0,235.79999999993015
2023-05-27 00:00:00+00:00,0.0,0.0,0.0,0.0,153.13000000000466,153.13000000000466,153.13000000000466,153.13000000000466,153.13000000000466,153.13000000000466,153.13000000000466,153.13000000000466,153.13000000000466,153.13000000000466,0.0,153.13000000000466
2023-05-28 00:00:00+00:00,0.0,0.0,0.0,0.0,1202.0500000000466,1202.0500000000466,1202.0500000000466,1202.0500000000466,1202.0500000000466,1202.0500000000466,1202.0500000000466,1202.0500000000466,1202.0500000000466,1202.0500000000466,0.0,1202.0500000000466
2023-05-29 00:00:00+00:00,0.0,-367.33909502008464,0.0,0.0,-325.2200000000885,-325.2200000000885,-325.2200000000885,-325.2200000000885,-325.2200000000885,-325.2200000000885,-325.2200000000885,-325.2200000000885,-325.2200000000885,-325.2200000000885,0.0,-325.2200000000885
2023-05-30 00:00:00+00:00,-86.29108740494121,-44.669999999925494,0.0,0.0,-44.669999999925494,-41.61334259493742,-41.61334259493742,-41.61334259493742,-41.61334259493742,-41.61334259493742,-41.61334259493742,-44.669999999925494,-44.669999999925494,-44.669999999925494,0.0,-44.669999999925494
2023-05-31 00:00:00+00:00,-477.0700000000652,-477.0700000000652,0.0,0.0,-477.0700000000652,0.0,0.0,0.0,0.0,0.0,0.0,-477.0700000000652,-477.0700000000652,-477.0700000000652,0.0,-477.0700000000652
2023-06-01 00:00:00+00:00,-394.6599999999162,-394.6599999999162,0.0,0.0,-394.6599999999162,0.0,0.0,0.0,0.0,0.0,0.0,-394.6599999999162,-394.6599999999162,-394.6599999999162,0.0,-394.6599999999162
2023-06-02 00:00:00+00:00,422.2699999999022,-40.91818113508634,0.0,0.0,422.2699999999022,0.0,0.0,0.0,0.0,0.0,0.0,422.2699999999022,422.2699999999022,422.2699999999022,0.0,422.2699999999022
2023-06-03 00:00:00+00:00,-173.0899999999674,-215.96263133501634,0.0,0.0,-173.0899999999674,0.0,0.0,0.0,-215.96263133501634,0.0,0.0,-173.0899999999674,-173.0899999999674,-173.0899999999674,0.0,-173.0899999999674
2023-06-04 00:00:00+00:00,44.440000000060536,44.440000000060536,0.0,0.0,44.440000000060536,0.0,0.0,0.0,44.440000000060536,0.0,0.0,44.440000000060536,44.440000000060536,44.440000000060536,0.0,44.440000000060536
2023-06-05 00:00:00+00:00,-1380.5400000000373,-40.67948398506269,0.0,0.0,-1380.5400000000373,0.0,0.0,0.0,-1380.5400000000373,0.0,0.0,-1380.5400000000373,-1380.5400000000373,-1380.5400000000373,0.0,-1380.5400000000373
2023-06-06 00:00:00+00:00,-38.59937924996484,1463.5048792499583,0.0,0.0,1502.1300000000047,0.0,0.0,0.0,1502.1300000000047,0.0,0.0,1502.1300000000047,1502.1300000000047,1502.1300000000047,0.0,1502.1300000000047
2023-06-07 00:00:00+00:00,0.0,-41.031553274951875,0.0,0.0,-897.2199999999721,-937.9187967249891,-937.9187967249891,-937.9187967249891,-897.2199999999721,-937.9187967249891,-937.9187967249891,-897.2199999999721,-897.2199999999721,-897.2199999999721,0.0,-897.2199999999721
2023-06-08 00:00:00+00:00,0.0,121.69619145500474,0.0,0.0,161.90999999991618,-38.82746145501733,-38.82746145501733,-38.82746145501733,-38.82746145501733,-38.82746145501733,-38.82746145501733,161.90999999991618,161.90999999991618,161.90999999991618,0.0,161.90999999991618
2023-06-09 00:00:00+00:00,0.0,-25.509999999892898,0.0,0.0,-25.509999999892898,-62.671817854978144,-62.671817854978144,0.0,-62.671817854978144,-62.671817854978144,-62.671817854978144,-25.509999999892898,-25.509999999892898,-25.509999999892898,0.0,-25.509999999892898
2023-06-10 00:00:00+00:00,0.0,-626.7100000000792,0.0,0.0,-626.7100000000792,-626.7100000000792,-626.7100000000792,0.0,-626.7100000000792,-626.7100000000792,-626.7100000000792,-626.7100000000792,-626.7100000000792,-626.7100000000792,0.0,-626.7100000000792
2023-06-11 00:00:00+00:00,0.0,-38.77122194995172,0.0,0.0,80.92000000004191,80.92000000004191,80.92000000004191,0.0,80.92000000004191,80.92000000004191,80.92000000004191,80.92000000004191,80.92000000004191,80.92000000004191,0.0,80.92000000004191
2023-06-12 00:00:00+00:00,0.0,0.0,0.0,0.0,-31.20000000006985,-31.20000000006985,-31.20000000006985,-70.07843849004712,-31.20000000006985,-31.20000000006985,-31.20000000006985,-31.20000000006985,-31.20000000006985,-31.20000000006985,0.0,-31.20000000006985
2023-06-13 00:00:00+00:00,0.0,0.0,0.0,0.0,24.410000000032596,24.410000000032596,24.410000000032596,24.410000000032596,24.410000000032596,24.410000000032596,24.410000000032596,24.410000000032596,24.410000000032596,24.410000000032596,0.0,24.410000000032596
2023-06-14 00:00:00+00:00,-844.9169896750245,0.0,0.0,0.0,-806.890000000014,-806.890000000014,-806.890000000014,-806.890000000014,-806.890000000014,-806.890000000014,-806.890000000014,-806.890000000014,-806.890000000014,-806.890000000014,0.0,-806.890000000014
2023-06-15 00:00:00+00:00,-37.602553294971585,0.0,0.0,0.0,446.6500000000233,446.6500000000233,446.6500000000233,446.6500000000233,446.6500000000233,446.6500000000233,446.6500000000233,446.6500000000233,446.6500000000233,446.6500000000233,0.0,446.6500000000233
2023-06-16 00:00:00+00:00,0.0,0.0,0.0,0.0,759.609999999986,759.609999999986,759.609999999986,759.609999999986,759.609999999986,759.609999999986,759.609999999986,759.609999999986,759.609999999986,759.609999999986,0.0,759.609999999986
2023-06-17 00:00:00+00:00,0.0,0.0,0.0,0.0,176.96000000007916,176.96000000007916,176.96000000007916,176.96000000007916,176.96000000007916,176.96000000007916,176.96000000007916,176.96000000007916,176.96000000007916,176.96000000007916,0.0,176.96000000007916
2023-06-18 00:00:00+00:00,0.0,0.0,0.0,0.0,-170.10000000009313,-38.33870101510547,-38.33870101510547,-38.33870101510547,-170.10000000009313,-170.10000000009313,-170.10000000009313,-170.10000000009313,-170.10000000009313,-170.10000000009313,0.0,-170.10000000009313
2023-06-19 00:00:00+00:00,461.802141770022,0.0,0.0,0.0,501.3200000000652,0.0,0.0,0.0,501.3200000000652,501.3200000000652,501.3200000000652,501.3200000000652,501.3200000000652,501.3200000000652,0.0,501.3200000000652
2023-06-20 00:00:00+00:00,1482.6500000000233,0.0,0.0,0.0,1482.6500000000233,0.0,0.0,0.0,1482.6500000000233,1482.6500000000233,1482.6500000000233,1482.6500000000233,1482.6500000000233,1482.6500000000233,0.0,1482.6500000000233
2023-06-21 00:00:00+00:00,1674.6499999999069,1632.1752247950062,0.0,0.0,1674.6499999999069,0.0,0.0,0.0,-42.48645479499828,-42.48645479499828,-42.48645479499828,1674.6499999999069,1674.6499999999069,1674.6499999999069,0.0,1674.6499999999069
2023-06-22 00:00:00+00:00,-108.76999999990221,-108.76999999990221,-158.5547749249963,-158.55477492511272,-108.76999999990221,0.0,0.0,0.0,0.0,0.0,0.0,-40.21477507497184,-40.21477507497184,-40.21477507497184,0.0,-108.76999999990221
2023-06-23 00:00:00+00:00,821.2999999999302,821.2999999999302,821.2999999999302,821.3000000000466,821.2999999999302,0.0,0.0,0.0,0.0,0.0,0.0,0.0,0.0,0.0,0.0,821.2999999999302
2023-06-24 00:00:00+00:00,-160.4299999999348,-160.4299999999348,-160.4299999999348,-160.4299999999348,-160.4299999999348,0.0,0.0,0.0,0.0,0.0,0.0,0.0,0.0,0.0,0.0,-160.4299999999348
2023-06-25 00:00:00+00:00,-66.94000000006054,-66.94000000006054,-66.93999999994412,-66.93999999994412,-66.94000000006054,0.0,0.0,0.0,0.0,0.0,0.0,0.0,0.0,0.0,0.0,-66.94000000006054
2023-06-26 00:00:00+00:00,-208.05999999993946,-208.05999999993946,-208.06000000005588,-208.06000000005588,-208.05999999993946,0.0,0.0,0.0,0.0,0.0,0.0,0.0,0.0,0.0,0.0,-208.05999999993946
2023-06-27 00:00:00+00:00,425.19999999995343,425.19999999995343,425.19999999995343,425.19999999995343,425.19999999995343,0.0,0.0,0.0,0.0,0.0,0.0,0.0,0.0,0.0,0.0,425.19999999995343
2023-06-28 00:00:00+00:00,-622.4400000000605,-622.4400000000605,-622.4399999999441,-622.4399999999441,-622.4400000000605,0.0,0.0,0.0,0.0,0.0,0.0,0.0,0.0,0.0,0.0,-622.4400000000605
2023-06-29 00:00:00+00:00,371.53000000002794,371.53000000002794,371.53000000002794,371.53000000002794,371.53000000002794,0.0,0.0,0.0,0.0,0.0,0.0,0.0,0.0,0.0,0.0,371.53000000002794
2023-06-30 00:00:00+00:00,20.25,20.25,20.25,20.25,20.25,0.0,0.0,0.0,0.0,0.0,0.0,0.0,0.0,0.0,0.0,20.25
2023-07-01 00:00:00+00:00,120.48999999999069,120.48999999999069,120.48999999999069,120.48999999999069,120.48999999999069,0.0,0.0,0.0,0.0,0.0,0.0,0.0,0.0,0.0,0.0,120.48999999999069
2023-07-02 00:00:00+00:00,-45.855536389979534,26.300000000046566,26.299999999813735,26.299999999813735,26.300000000046566,0.0,0.0,0.0,0.0,0.0,0.0,0.0,0.0,0.0,0.0,26.300000000046566
2023-07-03 00:00:00+00:00,502.2943382150261,548.2900000000373,548.2900000000373,548.2900000000373,548.2900000000373,0.0,0.0,0.0,0.0,0.0,0.0,0.0,0.0,0.0,0.0,548.2900000000373
2023-07-04 00:00:00+00:00,-390.55000000004657,-390.55000000004657,-390.54999999981374,-390.54999999981374,-390.55000000004657,0.0,0.0,0.0,0.0,0.0,0.0,0.0,0.0,0.0,0.0,-390.55000000004657
2023-07-05 00:00:00+00:00,-271.9799999999814,-271.9799999999814,-271.9800000002142,-271.9800000002142,-271.9799999999814,0.0,0.0,0.0,0.0,0.0,0.0,0.0,0.0,0.0,0.0,-271.9799999999814
2023-07-06 00:00:00+00:00,-599.890000000014,-599.890000000014,-599.8899999998976,-599.8899999998976,-599.890000000014,0.0,0.0,0.0,0.0,0.0,0.0,0.0,0.0,0.0,0.0,-599.890000000014
2023-07-07 00:00:00+00:00,452.69999999995343,452.69999999995343,452.69999999995343,452.69999999995343,452.69999999995343,0.0,0.0,0.0,0.0,0.0,0.0,0.0,0.0,0.0,0.0,452.69999999995343
2023-07-08 00:00:00+00:00,-47.24034982500598,-60.39000000001397,-60.389999999897555,-60.389999999897555,-60.39000000001397,-104.20070017501712,-104.20070017501712,-104.20070017501712,0.0,0.0,0.0,0.0,0.0,0.0,0.0,-60.39000000001397
2023-07-09 00:00:00+00:00,0.0,-45.42238915490452,-123.31000000005588,-123.31000000005588,-123.30999999993946,-123.30999999993946,-123.30999999993946,-123.30999999993946,0.0,0.0,0.0,0.0,0.0,0.0,0.0,-123.30999999993946
2023-07-10 00:00:00+00:00,0.0,0.0,251.5100000000093,251.5100000000093,251.5100000000093,251.5100000000093,251.5100000000093,251.5100000000093,0.0,0.0,0.0,0.0,0.0,0.0,0.0,251.5100000000093
2023-07-11 00:00:00+00:00,0.0,0.0,206.65999999991618,206.65999999991618,206.6600000000326,206.6600000000326,206.6600000000326,206.6600000000326,0.0,0.0,0.0,0.0,0.0,0.0,0.0,206.6600000000326
2023-07-12 00:00:00+00:00,0.0,-288.79228732490446,-244.7399999999907,-244.7399999999907,-244.7399999999907,-244.7399999999907,-244.7399999999907,-244.7399999999907,0.0,0.0,0.0,0.0,0.0,0.0,0.0,-244.7399999999907
2023-07-13 00:00:00+00:00,0.0,-44.10969837009907,1090.0200000000186,1090.0200000000186,1090.0199999999022,-44.10969837009907,-44.10969837009907,-44.10969837009907,0.0,0.0,0.0,0.0,0.0,0.0,0.0,1090.0199999999022
2023-07-14 00:00:00+00:00,0.0,-1188.533480915008,-1141.3100000000559,-1141.3100000000559,-1141.3099999999395,0.0,0.0,0.0,0.0,0.0,0.0,0.0,0.0,0.0,0.0,-1141.3099999999395
2023-07-15 00:00:00+00:00,-74.7915604650043,-28.869999999995343,-28.869999999878928,-28.869999999878928,-28.869999999995343,0.0,0.0,0.0,0.0,0.0,0.0,0.0,0.0,0.0,0.0,-28.869999999995343
2023-07-16 00:00:00+00:00,-45.07786399498582,-45.07786399498582,-54.01000000000931,-54.01000000000931,-54.01000000000931,-99.83816600497812,0.0,0.0,0.0,0.0,0.0,0.0,0.0,0.0,0.0,-54.01000000000931
2023-07-17 00:00:00+00:00,-149.8664637800539,0.0,-104.56000000005588,-104.56000000005588,-104.56000000005588,-104.56000000005588,0.0,0.0,0.0,0.0,0.0,0.0,0.0,0.0,0.0,-104.56000000005588
2023-07-18 00:00:00+00:00,-281.14999999990687,0.0,-281.14999999990687,-281.14999999990687,-281.14999999990687,-281.14999999990687,0.0,0.0,0.0,0.0,0.0,0.0,0.0,0.0,0.0,-281.14999999990687
2023-07-19 00:00:00+00:00,-44.78794904006645,0.0,54.78999999992084,54.79000000003725,54.78999999992084,54.78999999992084,0.0,0.0,0.0,0.0,0.0,0.0,0.0,0.0,0.0,54.78999999992084
2023-07-20 00:00:00+00:00,0.0,0.0,-107.5899999999674,-107.59000000008382,-107.5899999999674,-107.5899999999674,-152.44999334495515,-152.44999334495515,0.0,0.0,0.0,0.0,0.0,0.0,0.0,-107.5899999999674
2023-07-21 00:00:00+00:00,0.0,0.0,98.84999999997672,98.85000000009313,98.84999999997672,98.84999999997672,98.84999999997672,98.84999999997672,0.0,0.0,0.0,0.0,0.0,0.0,0.0,98.84999999997672
2023-07-22 00:00:00+00:00,0.0,0.0,-112.94999999995343,-112.95000000018626,-112.94999999995343,-112.94999999995343,-112.94999999995343,-112.94999999995343,-156.99567857501097,-156.99567857501097,0.0,0.0,0.0,0.0,0.0,-112.94999999995343
2023-07-23 00:00:00+00:00,0.0,0.0,-46.085533190052956,286.5800000000745,286.5799999999581,286.5799999999581,286.5799999999581,286.5799999999581,286.5799999999581,286.5799999999581,0.0,0.0,0.0,0.0,0.0,286.5799999999581
2023-07-24 00:00:00+00:00,0.0,0.0,0.0,-904.6299999998882,-904.6300000000047,-904.6300000000047,-904.6300000000047,-904.6300000000047,-904.6300000000047,-904.6300000000047,-949.7674558049766,0.0,0.0,0.0,0.0,-904.6300000000047
2023-07-25 00:00:00+00:00,0.0,0.0,0.0,48.15999999991618,48.160000000032596,48.160000000032596,48.160000000032596,48.160000000032596,48.160000000032596,48.160000000032596,48.160000000032596,0.0,0.0,0.0,0.0,48.160000000032596
2023-07-26 00:00:00+00:00,0.0,0.0,0.0,128.09000000008382,128.0899999999674,128.0899999999674,128.0899999999674,128.0899999999674,128.0899999999674,128.0899999999674,128.0899999999674,0.0,0.0,0.0,0.0,128.0899999999674
2023-07-27 00:00:00+00:00,0.0,0.0,0.0,-138.31000000005588,-138.30999999993946,-138.30999999993946,-138.30999999993946,-138.30999999993946,-138.30999999993946,-138.30999999993946,-138.30999999993946,0.0,0.0,0.0,0.0,-138.30999999993946
2023-07-28 00:00:00+00:00,0.0,0.0,0.0,101.22999999998137,101.22999999998137,101.22999999998137,101.22999999998137,101.22999999998137,101.22999999998137,101.22999999998137,101.22999999998137,0.0,0.0,0.0,0.0,101.22999999998137
2023-07-29 00:00:00+00:00,0.0,0.0,0.0,39.56000000005588,39.559999999939464,39.559999999939464,39.559999999939464,39.559999999939464,39.559999999939464,39.559999999939464,39.559999999939464,0.0,0.0,0.0,0.0,39.559999999939464
2023-07-30 00:00:00+00:00,0.0,0.0,0.0,-74.32000000006519,-74.31999999994878,-74.31999999994878,-74.31999999994878,-74.31999999994878,-74.31999999994878,-74.31999999994878,-74.31999999994878,0.0,0.0,0.0,0.0,-74.31999999994878
2023-07-31 00:00:00+00:00,0.0,0.0,0.0,-50.71999999997206,-50.71999999997206,-50.71999999997206,-50.71999999997206,-50.71999999997206,-50.71999999997206,-50.71999999997206,-50.71999999997206,0.0,0.0,0.0,0.0,-50.71999999997206
2023-08-01 00:00:00+00:00,0.0,0.0,0.0,466.5999999998603,466.5999999999767,466.5999999999767,466.5999999999767,466.5999999999767,466.5999999999767,466.5999999999767,466.5999999999767,0.0,0.0,0.0,0.0,466.5999999999767
2023-08-02 00:00:00+00:00,-579.5937246250687,0.0,0.0,-533.0499999998137,-533.0500000000466,-533.0500000000466,-533.0500000000466,-533.0500000000466,-533.0500000000466,-533.0500000000466,-533.0500000000466,0.0,0.0,0.0,0.0,-533.0500000000466
2023-08-03 00:00:00+00:00,9.960000000079162,0.0,0.0,9.959999999962747,9.960000000079162,-44.08122306491714,-44.08122306491714,-44.08122306491714,9.960000000079162,9.960000000079162,9.960000000079162,0.0,0.0,0.0,0.0,9.960000000079162
2023-08-04 00:00:00+00:00,-43.08767258003354,0.0,0.0,-97.69999999995343,-97.70000000006985,-142.1368474200135,-142.1368474200135,0.0,-97.70000000006985,-97.70000000006985,-97.70000000006985,0.0,0.0,0.0,0.0,-97.70000000006985
2023-08-05 00:00:00+00:00,0.0,0.0,0.0,-29.360000000102445,-29.35999999998603,-29.35999999998603,-29.35999999998603,0.0,-29.35999999998603,-29.35999999998603,-29.35999999998603,0.0,0.0,0.0,0.0,-29.35999999998603
2023-08-06 00:00:00+00:00,0.0,0.0,0.0,-7.1100000001024455,-7.10999999998603,-7.10999999998603,-7.10999999998603,0.0,-7.10999999998603,-7.10999999998603,-7.10999999998603,0.0,0.0,0.0,0.0,-7.10999999998603
2023-08-07 00:00:00+00:00,0.0,0.0,0.0,139.20000000018626,139.19999999995343,139.19999999995343,139.19999999995343,0.0,139.19999999995343,139.19999999995343,139.19999999995343,0.0,0.0,0.0,0.0,139.19999999995343
2023-08-08 00:00:00+00:00,0.0,0.0,0.0,590.7999999998137,590.8000000000466,590.8000000000466,590.8000000000466,0.0,590.8000000000466,590.8000000000466,590.8000000000466,0.0,0.0,0.0,0.0,590.8000000000466
2023-08-09 00:00:00+00:00,0.0,-251.9199000049848,0.0,-207.25,-207.25,-207.25,-207.25,0.0,-207.25,-207.25,-207.25,0.0,0.0,0.0,0.0,-207.25
2023-08-10 00:00:00+00:00,-183.08892137999646,-138.72999999998137,0.0,-138.72999999998137,-138.72999999998137,-44.32935861998703,-44.32935861998703,0.0,-44.32935861998703,-44.32935861998703,-44.32935861998703,0.0,0.0,0.0,0.0,-138.72999999998137
2023-08-11 00:00:00+00:00,-23.580000000074506,-23.580000000074506,0.0,-23.579999999841675,-44.11134797998238,0.0,0.0,0.0,0.0,0.0,0.0,0.0,0.0,0.0,0.0,-23.580000000074506
2023-08-12 00:00:00+00:00,16.510000000009313,16.510000000009313,0.0,16.510000000009313,0.0,0.0,0.0,0.0,0.0,0.0,0.0,0.0,0.0,0.0,0.0,16.510000000009313
2023-08-13 00:00:00+00:00,-141.02000000001863,-141.02000000001863,0.0,-141.02000000001863,0.0,0.0,0.0,0.0,0.0,0.0,0.0,0.0,0.0,0.0,0.0,-141.02000000001863
2023-08-14 00:00:00+00:00,129.55000000004657,129.55000000004657,0.0,129.55000000004657,0.0,0.0,0.0,0.0,0.0,0.0,0.0,0.0,0.0,0.0,0.0,129.55000000004657
2023-08-15 00:00:00+00:00,-235.34999999997672,-44.093532255035825,0.0,-235.35000000009313,0.0,0.0,0.0,0.0,-279.47293774504215,0.0,0.0,0.0,0.0,0.0,0.0,-235.34999999997672
2023-08-16 00:00:00+00:00,-469.63000000000466,-513.3897800650448,0.0,-469.6300000001211,0.0,0.0,0.0,0.0,-469.63000000000466,0.0,0.0,0.0,0.0,0.0,0.0,-469.63000000000466
2023-08-17 00:00:00+00:00,-43.036414745030925,-43.036414745030925,0.0,-2072.939999999944,0.0,-2116.005115255015,0.0,0.0,-2072.9400000000605,0.0,0.0,0.0,0.0,0.0,0.0,-2072.9400000000605
2023-08-18 00:00:00+00:00,0.0,0.0,0.0,-578.6799999999348,0.0,-578.6799999999348,-618.2741286050295,-618.2741286050295,-578.6799999999348,-618.2741286050295,-618.2741286050295,-618.2741286050295,-618.2741286050295,0.0,0.0,-578.6799999999348
2023-08-19 00:00:00+00:00,0.0,0.0,0.0,47.53000000002794,0.0,47.53000000002794,47.53000000002794,47.53000000002794,47.53000000002794,47.53000000002794,47.53000000002794,47.53000000002794,47.53000000002794,8.43362555000931,0.0,47.53000000002794
2023-08-20 00:00:00+00:00,0.0,0.0,0.0,-39.151551800081506,0.0,92.71999999997206,92.71999999997206,92.71999999997206,92.71999999997206,92.71999999997206,92.71999999997206,92.71999999997206,92.71999999997206,92.71999999997206,0.0,92.71999999997206
2023-08-21 00:00:00+00:00,0.0,0.0,0.0,0.0,0.0,-63.95999999996275,-63.95999999996275,-63.95999999996275,-63.95999999996275,-63.95999999996275,-63.95999999996275,-63.95999999996275,-63.95999999996275,-63.95999999996275,0.0,-63.95999999996275
2023-08-22 00:00:00+00:00,0.0,0.0,0.0,0.0,0.0,-83.07000000006519,-83.07000000006519,-83.07000000006519,-83.07000000006519,-83.07000000006519,-83.07000000006519,-83.07000000006519,-83.07000000006519,-83.07000000006519,0.0,-83.07000000006519
2023-08-23 00:00:00+00:00,0.0,0.0,0.0,0.0,0.0,385.4300000000512,385.4300000000512,385.4300000000512,385.4300000000512,385.4300000000512,385.4300000000512,385.4300000000512,385.4300000000512,385.4300000000512,0.0,385.4300000000512
2023-08-24 00:00:00+00:00,0.0,0.0,0.0,0.0,0.0,-264.05000000004657,-264.05000000004657,-264.05000000004657,-264.05000000004657,-264.05000000004657,-264.05000000004657,-264.05000000004657,-264.05000000004657,-264.05000000004657,0.0,-264.05000000004657
2023-08-25 00:00:00+00:00,0.0,0.0,0.0,0.0,0.0,-114.09999999997672,-114.09999999997672,-114.09999999997672,-114.09999999997672,-114.09999999997672,-114.09999999997672,-114.09999999997672,-114.09999999997672,-114.09999999997672,0.0,-114.09999999997672
2023-08-26 00:00:00+00:00,0.0,0.0,0.0,0.0,0.0,-39.78000000002794,-39.78000000002794,-39.78000000002794,-39.78000000002794,-39.78000000002794,-39.78000000002794,-39.78000000002794,-39.78000000002794,-39.78000000002794,0.0,-39.78000000002794
2023-08-27 00:00:00+00:00,42.512565190088935,0.0,0.0,0.0,0.0,81.55000000004657,81.55000000004657,81.55000000004657,81.55000000004657,81.55000000004657,81.55000000004657,81.55000000004657,81.55000000004657,81.55000000004657,0.0,81.55000000004657
2023-08-28 00:00:00+00:00,-39.123694419977255,0.0,0.0,0.0,0.0,9.880000000004657,9.880000000004657,9.880000000004657,9.880000000004657,9.880000000004657,9.880000000004657,9.880000000004657,9.880000000004657,9.880000000004657,0.0,9.880000000004657
2023-08-29 00:00:00+00:00,0.0,0.0,0.0,0.0,0.0,1616.9399999999441,1616.9399999999441,1616.9399999999441,1616.9399999999441,1616.9399999999441,1616.9399999999441,1616.9399999999441,1616.9399999999441,1616.9399999999441,0.0,1616.9399999999441
2023-08-30 00:00:00+00:00,0.0,0.0,0.0,0.0,0.0,-411.9199999999255,-411.9199999999255,-411.9199999999255,-411.9199999999255,-411.9199999999255,-411.9199999999255,-411.9199999999255,-411.9199999999255,-411.9199999999255,0.0,-411.9199999999255
2023-08-31 00:00:00+00:00,-1414.5827430300415,0.0,0.0,0.0,0.0,-40.945436970097944,-40.945436970097944,-40.945436970097944,-1373.6100000001024,-1373.6100000001024,-1373.6100000001024,-1373.6100000001024,-1373.6100000001024,-1373.6100000001024,0.0,-1373.6100000001024
2023-09-01 00:00:00+00:00,-137.56999999994878,0.0,0.0,0.0,0.0,0.0,0.0,0.0,-137.56999999994878,-137.56999999994878,-137.56999999994878,-137.56999999994878,-137.56999999994878,-137.56999999994878,0.0,-137.56999999994878
2023-09-02 00:00:00+00:00,-37.950517195044085,0.0,0.0,0.0,0.0,33.51368719490711,0.0,0.0,72.94999999995343,72.94999999995343,72.94999999995343,72.94999999995343,72.94999999995343,72.94999999995343,0.0,72.94999999995343
2023-09-03 00:00:00+00:00,0.0,0.0,0.0,0.0,0.0,102.0,0.0,0.0,102.0,102.0,102.0,102.0,102.0,102.0,0.0,102.0
2023-09-04 00:00:00+00:00,0.0,0.0,0.0,0.0,0.0,-153.69999999995343,0.0,0.0,-153.69999999995343,-153.69999999995343,-153.69999999995343,-153.69999999995343,-153.69999999995343,-153.69999999995343,0.0,-153.69999999995343
2023-09-05 00:00:00+00:00,0.0,0.0,0.0,0.0,0.0,-32.21999999997206,0.0,0.0,-32.21999999997206,-32.21999999997206,-32.21999999997206,-32.21999999997206,-32.21999999997206,-32.21999999997206,0.0,-32.21999999997206
2023-09-06 00:00:00+00:00,0.0,0.0,0.0,0.0,0.0,-36.28000000002794,0.0,0.0,-36.28000000002794,-36.28000000002794,-36.28000000002794,-36.28000000002794,-36.28000000002794,-36.28000000002794,0.0,-36.28000000002794
2023-09-07 00:00:00+00:00,0.0,0.0,0.0,0.0,0.0,528.6700000000419,0.0,0.0,528.6700000000419,528.6700000000419,528.6700000000419,528.6700000000419,528.6700000000419,528.6700000000419,0.0,528.6700000000419
2023-09-08 00:00:00+00:00,0.0,0.0,0.0,0.0,0.0,-369.96000000007916,0.0,0.0,-369.96000000007916,-369.96000000007916,-369.96000000007916,-369.96000000007916,-369.96000000007916,-369.96000000007916,0.0,-369.96000000007916
2023-09-09 00:00:00+00:00,-47.38244816509541,-47.38244816509541,0.0,0.0,0.0,-38.856541835004464,0.0,0.0,-8.520000000018626,-8.520000000018626,-8.520000000018626,-8.520000000018626,-8.520000000018626,-8.520000000018626,0.0,-8.520000000018626
2023-09-10 00:00:00+00:00,-66.05999999993946,-38.83378108998295,0.0,0.0,0.0,0.0,0.0,0.0,-66.05999999993946,-66.05999999993946,-66.05999999993946,-66.05999999993946,-66.05999999993946,-66.05999999993946,0.0,-66.05999999993946
2023-09-11 00:00:00+00:00,-679.6199999999953,0.0,0.0,0.0,0.0,0.0,0.0,0.0,-679.6199999999953,-679.6199999999953,-679.6199999999953,-679.6199999999953,-679.6199999999953,-679.6199999999953,0.0,-679.6199999999953
2023-09-12 00:00:00+00:00,-37.72561893495731,0.0,0.0,0.0,0.0,650.7392289349809,0.0,0.0,688.4699999999721,688.4699999999721,688.4699999999721,688.4699999999721,688.4699999999721,688.4699999999721,0.0,688.4699999999721
2023-09-13 00:00:00+00:00,0.0,0.0,0.0,0.0,0.0,386.04000000003725,347.92715502507053,347.92715502507053,386.04000000003725,386.04000000003725,386.04000000003725,386.04000000003725,386.04000000003725,386.04000000003725,0.0,386.04000000003725
2023-09-14 00:00:00+00:00,266.2461464200169,0.0,0.0,0.0,0.0,306.10999999998603,306.10999999998603,306.10999999998603,306.10999999998603,306.10999999998603,306.10999999998603,306.10999999998603,306.10999999998603,306.10999999998603,0.0,306.10999999998603
2023-09-15 00:00:00+00:00,69.6600000000326,0.0,0.0,0.0,0.0,-40.04548375005834,-40.04548375005834,-40.04548375005834,69.6600000000326,69.6600000000326,69.6600000000326,69.6600000000326,69.6600000000326,69.6600000000326,0.0,69.6600000000326
2023-09-16 00:00:00+00:00,-32.73000000009779,-71.93586585507728,0.0,0.0,0.0,0.0,0.0,0.0,-40.599264145013876,-40.599264145013876,-40.599264145013876,-32.73000000009779,-32.73000000009779,-32.73000000009779,0.0,-32.73000000009779
2023-09-17 00:00:00+00:00,-38.73999999999069,-38.73999999999069,0.0,0.0,0.0,0.0,0.0,0.0,0.0,0.0,0.0,-38.73999999999069,-38.73999999999069,-38.73999999999069,0.0,-38.73999999999069
2023-09-18 00:00:00+00:00,233.54000000003725,233.54000000003725,0.0,0.0,0.0,0.0,0.0,0.0,0.0,0.0,0.0,233.54000000003725,233.54000000003725,233.54000000003725,0.0,233.54000000003725
2023-09-19 00:00:00+00:00,451.64000000001397,451.64000000001397,411.94057298486587,0.0,0.0,0.0,0.0,0.0,0.0,0.0,0.0,451.64000000001397,451.64000000001397,451.64000000001397,0.0,451.64000000001397
2023-09-20 00:00:00+00:00,-92.19000000006054,-92.19000000006054,-92.18999999994412,0.0,-133.41838826006278,0.0,0.0,0.0,0.0,0.0,0.0,-92.19000000006054,-92.19000000006054,-92.19000000006054,0.0,-92.19000000006054
2023-09-21 00:00:00+00:00,-559.3999999999069,-559.3999999999069,-559.3999999999069,0.0,-559.3999999999069,0.0,0.0,0.0,0.0,0.0,0.0,-559.3999999999069,-559.3999999999069,-559.3999999999069,0.0,-559.3999999999069
2023-09-22 00:00:00+00:00,13.85999999998603,13.85999999998603,13.85999999998603,0.0,-39.83352773007937,0.0,0.0,0.0,0.0,0.0,0.0,13.85999999998603,13.85999999998603,13.85999999998603,0.0,13.85999999998603
2023-09-23 00:00:00+00:00,1.1999999999534339,1.1999999999534339,1.1999999999534339,0.0,-38.68088920006994,0.0,0.0,0.0,0.0,0.0,0.0,1.1999999999534339,1.1999999999534339,1.1999999999534339,0.0,1.1999999999534339
2023-09-24 00:00:00+00:00,-39.866095204954036,-329.35999999998603,-329.35999999998603,0.0,-329.35999999998603,0.0,0.0,0.0,0.0,0.0,0.0,-329.35999999998603,-329.35999999998603,-329.35999999998603,0.0,-329.35999999998603
2023-09-25 00:00:00+00:00,8.524620914948173,45.839999999967404,45.839999999967404,0.0,-41.4291309149703,0.0,0.0,0.0,0.0,0.0,0.0,45.839999999967404,45.839999999967404,45.839999999967404,0.0,45.839999999967404
2023-09-26 00:00:00+00:00,-39.44095696497243,-87.64000000001397,-87.64000000001397,0.0,0.0,0.0,0.0,0.0,0.0,0.0,0.0,-87.64000000001397,-87.64000000001397,-87.64000000001397,0.0,-87.64000000001397
2023-09-27 00:00:00+00:00,0.0,149.18000000005122,149.18000000005122,0.0,0.0,0.0,0.0,0.0,0.0,0.0,0.0,149.18000000005122,149.18000000005122,149.18000000005122,0.0,149.18000000005122
2023-09-28 00:00:00+00:00,0.0,669.5200000000186,669.5199999999022,0.0,0.0,630.0304812199902,0.0,0.0,0.0,0.0,0.0,669.5200000000186,669.5200000000186,669.5200000000186,0.0,669.5200000000186
2023-09-29 00:00:00+00:00,0.0,-120.14000000001397,-120.13999999989755,0.0,0.0,-120.14000000001397,0.0,0.0,0.0,0.0,0.0,-120.14000000001397,-120.14000000001397,-120.14000000001397,0.0,-120.14000000001397
2023-09-30 00:00:00+00:00,15.058192215044983,54.0,-41.774902214994654,0.0,0.0,-41.774902214994654,0.0,0.0,0.0,0.0,0.0,54.0,54.0,54.0,0.0,54.0
2023-10-01 00:00:00+00:00,1034.4599999999627,1034.4599999999627,0.0,0.0,994.0050194999203,0.0,0.0,0.0,0.0,0.0,0.0,1034.4599999999627,1034.4599999999627,1034.4599999999627,0.0,1034.4599999999627
2023-10-02 00:00:00+00:00,-491.4199999999255,-491.4199999999255,-533.4271877299761,0.0,-41.979192269966006,0.0,0.0,0.0,0.0,0.0,0.0,-491.4199999999255,-491.4199999999255,-491.4199999999255,0.0,-491.4199999999255
2023-10-03 00:00:00+00:00,-75.0800000000745,-75.0800000000745,-75.0800000000745,0.0,-116.33979701506905,0.0,0.0,0.0,0.0,0.0,0.0,-41.252292985096574,-41.25229298498016,-41.252292985096574,0.0,-75.0800000000745
2023-10-04 00:00:00+00:00,357.79000000003725,357.79000000003725,357.79000000003725,0.0,357.79000000003725,0.0,0.0,0.0,0.0,0.0,0.0,0.0,0.0,0.0,0.0,357.79000000003725
2023-10-05 00:00:00+00:00,-373.79000000003725,-373.79000000003725,-373.79000000003725,0.0,-373.79000000003725,0.0,0.0,0.0,0.0,0.0,0.0,0.0,0.0,0.0,0.0,-373.79000000003725
2023-10-06 00:00:00+00:00,532.2100000000792,532.2100000000792,532.2100000000792,0.0,532.2100000000792,0.0,0.0,0.0,0.0,0.0,0.0,0.0,0.0,0.0,0.0,532.2100000000792
2023-10-07 00:00:00+00:00,31.260000000009313,31.260000000009313,31.260000000009313,0.0,31.260000000009313,0.0,0.0,0.0,0.0,0.0,0.0,0.0,0.0,0.0,0.0,31.260000000009313
2023-10-08 00:00:00+00:00,-42.88000000000466,-42.88000000000466,-42.88000000000466,0.0,-42.88000000000466,0.0,0.0,0.0,0.0,0.0,0.0,0.0,0.0,0.0,0.0,-42.88000000000466
2023-10-09 00:00:00+00:00,-336.88000000000466,-336.88000000000466,-336.88000000000466,0.0,-336.88000000000466,0.0,0.0,0.0,0.0,0.0,0.0,0.0,0.0,0.0,0.0,-336.88000000000466
2023-10-10 00:00:00+00:00,-41.38120666507166,-203.38000000000466,-203.38000000000466,0.0,-203.38000000000466,0.0,0.0,0.0,0.0,0.0,0.0,0.0,0.0,0.0,0.0,-203.38000000000466
2023-10-11 00:00:00+00:00,-565.1936166400556,-524.1000000000931,-524.1000000000931,0.0,-524.1000000000931,0.0,0.0,0.0,0.0,0.0,0.0,0.0,0.0,0.0,0.0,-524.1000000000931
2023-10-12 00:00:00+00:00,-41.508521014940925,-118.67999999993481,-118.67999999993481,0.0,-118.67999999993481,0.0,0.0,0.0,0.0,0.0,0.0,0.0,0.0,0.0,0.0,-118.67999999993481
2023-10-13 00:00:00+00:00,0.0,113.02000000001863,113.02000000001863,0.0,113.02000000001863,71.32853397005238,71.32853397005238,0.0,0.0,0.0,0.0,0.0,0.0,0.0,0.0,113.02000000001863
2023-10-14 00:00:00+00:00,0.0,-40.271878230036236,-11.820000000065193,0.0,-11.820000000065193,-11.820000000065193,-11.820000000065193,-52.13874177006073,0.0,0.0,0.0,0.0,0.0,0.0,0.0,-11.820000000065193
2023-10-15 00:00:00+00:00,0.0,0.0,334.4200000000419,0.0,334.4200000000419,334.4200000000419,334.4200000000419,334.4200000000419,0.0,0.0,0.0,0.0,0.0,0.0,0.0,334.4200000000419
2023-10-16 00:00:00+00:00,0.0,0.0,1334.1100000001024,0.0,1334.109999999986,1334.109999999986,1334.109999999986,1334.109999999986,0.0,0.0,0.0,0.0,0.0,0.0,0.0,1334.109999999986
2023-10-17 00:00:00+00:00,0.0,0.0,-111.41000000014901,0.0,-111.4100000000326,-111.4100000000326,-111.4100000000326,-111.4100000000326,0.0,0.0,0.0,0.0,0.0,0.0,0.0,-111.4100000000326
2023-10-18 00:00:00+00:00,-124.62696925504133,-124.62696925504133,-82.32000000006519,-124.62696925504133,-82.31999999994878,-42.918560744961724,-42.918560744961724,-42.918560744961724,0.0,0.0,0.0,0.0,0.0,0.0,0.0,-82.31999999994878
2023-10-19 00:00:00+00:00,408.8299999999581,408.8299999999581,408.8300000000745,408.8300000000745,408.8299999999581,0.0,0.0,0.0,0.0,0.0,0.0,0.0,0.0,0.0,0.0,408.8299999999581
2023-10-20 00:00:00+00:00,949.390000000014,949.390000000014,949.3900000001304,949.3899999998976,949.390000000014,0.0,0.0,0.0,0.0,0.0,0.0,0.0,0.0,0.0,0.0,949.390000000014
2023-10-21 00:00:00+00:00,240.10999999998603,240.10999999998603,240.10999999986961,240.11000000010245,-44.512252634973265,0.0,0.0,0.0,0.0,0.0,0.0,0.0,0.0,0.0,0.0,240.10999999998603
2023-10-22 00:00:00+00:00,79.31000000005588,79.31000000005588,79.31000000005588,79.30999999982305,0.0,0.0,0.0,0.0,0.0,0.0,0.0,0.0,0.0,0.0,0.0,79.31000000005588
2023-10-23 00:00:00+00:00,3083.429999999935,3083.429999999935,3083.429999999935,3083.4300000001676,0.0,0.0,0.0,0.0,0.0,0.0,0.0,0.0,0.0,0.0,0.0,3083.429999999935
2023-10-24 00:00:00+00:00,834.9400000000605,834.9400000000605,834.9399999999441,834.9399999999441,0.0,0.0,0.0,0.0,0.0,0.0,0.0,0.0,0.0,0.0,0.0,834.9400000000605
2023-10-25 00:00:00+00:00,583.8299999999581,583.8299999999581,583.8300000000745,583.8300000000745,533.790549169993,0.0,0.0,0.0,0.0,0.0,0.0,0.0,0.0,0.0,0.0,583.8299999999581
2023-10-26 00:00:00+00:00,-351.64000000001397,-351.64000000001397,-351.63999999989755,-351.6400000001304,-351.64000000001397,0.0,0.0,0.0,0.0,0.0,0.0,0.0,0.0,0.0,0.0,-351.64000000001397
2023-10-27 00:00:00+00:00,-248.61999999999534,-248.61999999999534,-248.62000000011176,-248.61999999987893,-248.61999999999534,0.0,0.0,0.0,0.0,0.0,0.0,0.0,0.0,0.0,0.0,-248.61999999999534
2023-10-28 00:00:00+00:00,179.3300000000745,179.3300000000745,179.3300000000745,179.32999999984168,179.3300000000745,0.0,0.0,0.0,0.0,0.0,0.0,0.0,0.0,0.0,0.0,179.3300000000745
2023-10-29 00:00:00+00:00,449.05999999993946,449.05999999993946,449.0600000000559,449.0600000000559,449.05999999993946,0.0,0.0,0.0,0.0,0.0,0.0,0.0,0.0,0.0,0.0,449.05999999993946
2023-10-30 00:00:00+00:00,-40.68999999994412,-40.68999999994412,-40.69000000017695,-40.68999999994412,-40.68999999994412,0.0,0.0,0.0,0.0,0.0,0.0,0.0,0.0,0.0,0.0,-40.68999999994412
2023-10-31 00:00:00+00:00,162.60999999998603,162.60999999998603,162.61000000010245,162.60999999986961,162.60999999998603,0.0,0.0,0.0,0.0,0.0,0.0,0.0,0.0,0.0,0.0,162.60999999998603
2023-11-01 00:00:00+00:00,783.6999999999534,783.6999999999534,783.6999999999534,783.7000000001863,783.6999999999534,0.0,0.0,0.0,0.0,0.0,0.0,0.0,0.0,0.0,0.0,783.6999999999534
2023-11-02 00:00:00+00:00,-490.0999999999767,-490.0999999999767,-490.0999999998603,-490.10000000009313,-490.0999999999767,0.0,0.0,0.0,0.0,0.0,0.0,0.0,0.0,0.0,0.0,-490.0999999999767
2023-11-03 00:00:00+00:00,-218.72999999998137,-218.72999999998137,-218.7300000002142,-218.72999999998137,-218.72999999998137,0.0,0.0,0.0,0.0,0.0,0.0,0.0,0.0,0.0,0.0,-218.72999999998137
2023-11-04 00:00:00+00:00,355.7399999999907,355.7399999999907,355.7399999999907,355.7399999999907,355.7399999999907,0.0,0.0,0.0,0.0,0.0,0.0,0.0,0.0,0.0,0.0,355.7399999999907
2023-11-05 00:00:00+00:00,-51.589999999967404,-51.589999999967404,-51.58999999985099,-51.59000000008382,-51.589999999967404,0.0,0.0,0.0,0.0,0.0,0.0,0.0,0.0,0.0,0.0,-51.589999999967404
2023-11-06 00:00:00+00:00,24.039999999920838,24.039999999920838,24.040000000037253,24.040000000037253,24.039999999920838,0.0,0.0,0.0,0.0,0.0,0.0,0.0,0.0,0.0,0.0,24.039999999920838
2023-11-07 00:00:00+00:00,356.8200000000652,356.8200000000652,356.81999999983236,356.8200000000652,356.8200000000652,0.0,0.0,0.0,0.0,0.0,0.0,0.0,0.0,0.0,0.0,356.8200000000652
2023-11-08 00:00:00+00:00,222.84999999997672,222.84999999997672,222.85000000009313,222.8499999998603,222.84999999997672,0.0,0.0,0.0,0.0,0.0,0.0,0.0,0.0,0.0,0.0,222.84999999997672
2023-11-09 00:00:00+00:00,1067.4599999999627,1067.4599999999627,1067.4599999999627,1067.4600000001956,1067.4599999999627,0.0,0.0,0.0,0.0,0.0,0.0,0.0,0.0,0.0,0.0,1067.4599999999627
2023-11-10 00:00:00+00:00,618.2399999999907,618.2399999999907,618.2399999999907,618.2399999999907,618.2399999999907,0.0,0.0,0.0,0.0,0.0,0.0,0.0,0.0,0.0,0.0,618.2399999999907
2023-11-11 00:00:00+00:00,-185.70999999996275,-185.70999999996275,-185.70999999996275,-185.70999999996275,-185.70999999996275,0.0,0.0,0.0,0.0,0.0,0.0,0.0,0.0,0.0,0.0,-185.70999999996275
2023-11-12 00:00:00+00:00,-53.089999999967404,-53.089999999967404,-53.09000000008382,-53.09000000008382,-53.089999999967404,0.0,0.0,0.0,0.0,0.0,0.0,0.0,0.0,0.0,0.0,-53.089999999967404
2023-11-13 00:00:00+00:00,-610.359999999986,-610.359999999986,-610.3599999998696,-610.3600000001024,-610.359999999986,0.0,0.0,0.0,0.0,0.0,0.0,0.0,0.0,0.0,0.0,-610.359999999986
2023-11-14 00:00:00+00:00,-921.5800000000745,-921.5800000000745,-921.5800000000745,-921.5799999998417,-921.5800000000745,0.0,0.0,0.0,0.0,0.0,0.0,0.0,0.0,0.0,0.0,-921.5800000000745
2023-11-15 00:00:00+00:00,2331.2600000000093,2331.2600000000093,2331.2600000000093,2331.2600000000093,2331.2600000000093,0.0,0.0,0.0,0.0,0.0,0.0,0.0,0.0,0.0,0.0,2331.2600000000093
2023-11-16 00:00:00+00:00,-1724.1999999999534,-1724.1999999999534,-1724.1999999999534,-1724.2000000001863,-1724.1999999999534,0.0,0.0,0.0,0.0,0.0,0.0,0.0,0.0,0.0,0.0,-1724.1999999999534
2023-11-17 00:00:00+00:00,469.2299999999814,469.2299999999814,469.2299999999814,469.2299999999814,469.2299999999814,0.0,0.0,0.0,0.0,0.0,0.0,0.0,0.0,0.0,0.0,469.2299999999814
2023-11-18 00:00:00+00:00,-53.74902422004379,-35.48999999999069,-35.48999999999069,-35.48999999999069,-35.48999999999069,0.0,0.0,0.0,0.0,0.0,0.0,0.0,0.0,0.0,0.0,-35.48999999999069
2023-11-19 00:00:00+00:00,0.0,796.3000000000466,796.3000000000466,796.3000000000466,796.3000000000466,0.0,0.0,0.0,0.0,0.0,0.0,0.0,0.0,0.0,0.0,796.2999999999302
2023-11-20 00:00:00+00:00,0.0,84.44999999995343,84.44999999995343,84.44999999995343,84.44999999995343,0.0,0.0,0.0,0.0,0.0,0.0,0.0,0.0,0.0,0.0,84.45000000006985
2023-11-21 00:00:00+00:00,-1777.0978763799649,-1723.75,-1723.75,-1723.75,-1723.75,0.0,0.0,0.0,0.0,0.0,0.0,0.0,0.0,0.0,0.0,-1723.75
2023-11-22 00:00:00+00:00,1672.420000000042,1672.4199999999255,1672.4199999999255,1672.4200000001583,1672.4199999999255,0.0,0.0,0.0,0.0,0.0,0.0,0.0,0.0,0.0,0.0,1672.420000000042
2023-11-23 00:00:00+00:00,-120.26000000000931,-120.2599999998929,-120.26000000000931,-120.26000000000931,-120.2599999998929,-176.41517715493683,-176.41517715493683,0.0,0.0,0.0,0.0,0.0,0.0,0.0,0.0,-120.26000000000931
2023-11-24 00:00:00+00:00,-55.94740798010025,441.78999999992084,441.79000000003725,441.79000000003725,441.78999999992084,-55.94740798010025,-55.94740798010025,0.0,0.0,0.0,0.0,0.0,0.0,0.0,0.0,441.78999999992084
2023-11-25 00:00:00+00:00,3.0616918549640104,60.15000000002328,60.1500000001397,60.14999999990687,60.15000000002328,0.0,0.0,0.0,0.0,0.0,0.0,0.0,0.0,0.0,0.0,60.15000000002328
2023-11-26 00:00:00+00:00,-343.19999999995343,-343.19999999995343,-343.20000000018626,-343.19999999995343,-343.19999999995343,0.0,0.0,0.0,0.0,0.0,0.0,0.0,0.0,0.0,0.0,-343.19999999995343
2023-11-27 00:00:00+00:00,-221.1600000000326,-221.1600000000326,-221.15999999991618,-221.160000000149,-221.1600000000326,0.0,0.0,0.0,0.0,0.0,0.0,0.0,0.0,0.0,0.0,-221.1600000000326
2023-11-28 00:00:00+00:00,596.6300000000047,596.6300000000047,596.6299999998882,596.6300000001211,596.6300000000047,0.0,0.0,0.0,0.0,0.0,0.0,0.0,0.0,0.0,0.0,596.6300000000047
2023-11-29 00:00:00+00:00,-56.738470869953744,25.57999999995809,25.580000000074506,25.580000000074506,25.57999999995809,0.0,0.0,0.0,0.0,0.0,0.0,0.0,0.0,0.0,0.0,25.57999999995809
2023-11-30 00:00:00+00:00,-189.336117394967,-131.56999999994878,-131.5700000000652,-131.5700000000652,-131.56999999994878,0.0,0.0,0.0,0.0,0.0,0.0,0.0,0.0,0.0,0.0,-131.56999999994878
2023-12-01 00:00:00+00:00,971.2700000000186,-56.57953886501491,971.2700000000186,971.2700000000186,971.2700000000186,0.0,0.0,0.0,0.0,0.0,0.0,0.0,0.0,0.0,0.0,971.2700000000186
2023-12-02 00:00:00+00:00,775.4099999999162,714.3208217249485,775.410000000149,775.4099999999162,775.4099999999162,0.0,0.0,0.0,0.0,0.0,0.0,0.0,0.0,0.0,0.0,775.4099999999162
2023-12-03 00:00:00+00:00,505.85999999998603,505.86000000010245,505.8599999998696,505.86000000010245,505.85999999998603,0.0,0.0,0.0,0.0,0.0,0.0,0.0,0.0,0.0,0.0,505.86000000010245
2023-12-04 00:00:00+00:00,2002.4300000000512,2002.4299999999348,2002.4300000001676,2002.4299999999348,2002.4300000000512,0.0,0.0,0.0,0.0,0.0,0.0,0.0,0.0,0.0,0.0,2002.4299999999348
2023-12-05 00:00:00+00:00,2097.1500000000233,2097.1500000000233,2097.149999999907,2097.149999999907,2097.1500000000233,0.0,0.0,0.0,0.0,0.0,0.0,0.0,0.0,0.0,0.0,2097.1500000000233
2023-12-06 00:00:00+00:00,-320.3399999999674,-320.3399999999674,-320.3400000000838,-320.339999999851,-320.3399999999674,0.0,0.0,0.0,0.0,0.0,0.0,0.0,0.0,0.0,0.0,-320.3399999999674
2023-12-07 00:00:00+00:00,-483.10000000009313,-483.10000000009313,-483.0999999998603,-483.10000000009313,-483.10000000009313,0.0,0.0,0.0,0.0,0.0,0.0,0.0,0.0,0.0,0.0,-483.10000000009313
2023-12-08 00:00:00+00:00,911.9200000000419,911.9200000000419,911.9199999999255,911.9200000001583,911.9200000000419,0.0,0.0,0.0,0.0,0.0,0.0,0.0,0.0,0.0,0.0,911.9200000000419
2023-12-09 00:00:00+00:00,-469.61999999999534,-469.61999999999534,-469.6199999998789,-469.62000000011176,-469.61999999999534,0.0,0.0,0.0,0.0,0.0,0.0,0.0,0.0,0.0,0.0,-469.61999999999534
2023-12-10 00:00:00+00:00,70.43000000005122,70.43000000005122,70.42999999993481,70.42999999993481,70.43000000005122,0.0,0.0,0.0,0.0,0.0,0.0,0.0,0.0,0.0,0.0,70.43000000005122
2023-12-11 00:00:00+00:00,-2564.070000000065,-2564.070000000065,-2564.070000000065,-2564.0699999998324,-2564.070000000065,0.0,0.0,0.0,0.0,0.0,0.0,0.0,0.0,0.0,0.0,-2564.070000000065
2023-12-12 00:00:00+00:00,247.78000000002794,247.78000000002794,247.78000000002794,247.7799999997951,247.78000000002794,0.0,0.0,0.0,0.0,0.0,0.0,0.0,0.0,0.0,0.0,247.78000000002794
2023-12-13 00:00:00+00:00,-61.985661200014874,1408.1500000000233,1408.1499999999069,1408.1500000001397,1408.1500000000233,0.0,0.0,0.0,0.0,0.0,0.0,0.0,0.0,0.0,0.0,1408.1500000000233
2023-12-14 00:00:00+00:00,0.0,142.22999999998137,142.22999999998137,142.22999999998137,142.22999999998137,0.0,0.0,0.0,0.0,0.0,0.0,0.0,0.0,0.0,0.0,142.22999999998137
2023-12-15 00:00:00+00:00,0.0,-1093.8800000000047,-1093.8799999998882,-1093.880000000121,-1093.8800000000047,0.0,0.0,0.0,0.0,0.0,0.0,0.0,0.0,0.0,0.0,-1093.8800000000047
2023-12-16 00:00:00+00:00,0.0,303.4000000000233,303.39999999990687,303.4000000001397,303.4000000000233,0.0,0.0,0.0,0.0,0.0,0.0,0.0,0.0,0.0,0.0,303.4000000000233
2023-12-17 00:00:00+00:00,0.0,-887.7000000000698,-887.6999999999534,-887.6999999999534,-887.7000000000698,0.0,0.0,0.0,0.0,0.0,0.0,0.0,0.0,0.0,0.0,-887.7000000000698
2023-12-18 00:00:00+00:00,0.0,1300.420000000042,1300.4199999999255,1300.4199999999255,1300.420000000042,0.0,0.0,0.0,0.0,0.0,0.0,0.0,0.0,0.0,0.0,1300.420000000042
2023-12-19 00:00:00+00:00,0.0,-383.79000000003725,-383.7899999998044,-383.79000000003725,-383.79000000003725,-447.7863400049973,-447.7863400049973,0.0,0.0,0.0,0.0,0.0,0.0,0.0,0.0,-383.79000000003725
2023-12-20 00:00:00+00:00,1345.0994918750366,1408.5500000000466,1408.5499999998137,1408.5500000000466,1408.5500000000466,1408.5500000000466,1408.5500000000466,0.0,0.0,0.0,0.0,0.0,0.0,0.0,0.0,1408.5500000000466
2023-12-21 00:00:00+00:00,200.54999999993015,-67.14782844507135,200.55000000004657,200.55000000004657,200.54999999993015,200.54999999993015,200.54999999993015,0.0,0.0,0.0,0.0,0.0,0.0,0.0,0.0,200.54999999993015
2023-12-22 00:00:00+00:00,138.4100000000326,0.0,138.410000000149,138.40999999991618,138.4100000000326,-65.55140221992042,-65.55140221992042,0.0,0.0,0.0,0.0,0.0,0.0,0.0,0.0,138.4100000000326
2023-12-23 00:00:00+00:00,-287.38000000000466,-353.34248182503507,-287.3800000001211,-287.37999999988824,-287.38000000000466,0.0,0.0,0.0,0.0,0.0,0.0,0.0,0.0,0.0,0.0,-287.38000000000466
2023-12-24 00:00:00+00:00,-701.3199999999488,-63.5606758199865,-701.3200000000652,-701.3200000000652,-701.3199999999488,0.0,0.0,0.0,0.0,0.0,0.0,0.0,0.0,0.0,0.0,-701.3199999999488
2023-12-25 00:00:00+00:00,564.640000000014,500.0909574900288,564.6400000001304,564.6399999998976,564.640000000014,0.0,0.0,0.0,0.0,0.0,0.0,0.0,0.0,0.0,0.0,564.640000000014
2023-12-26 00:00:00+00:00,-1074.140000000014,-65.36271016509272,-1074.1400000001304,-1074.1399999998976,-1074.140000000014,0.0,0.0,0.0,0.0,0.0,0.0,0.0,0.0,0.0,0.0,-1074.140000000014
2023-12-27 00:00:00+00:00,958.8699999999953,889.3869243949885,958.8700000001118,958.8699999998789,958.8699999999953,0.0,0.0,0.0,0.0,0.0,0.0,0.0,0.0,0.0,0.0,958.8699999999953
2023-12-28 00:00:00+00:00,-893.1700000000419,-893.1700000000419,-893.1699999999255,-893.1699999999255,-893.1700000000419,0.0,0.0,0.0,0.0,0.0,0.0,0.0,0.0,0.0,0.0,-893.1700000000419
2023-12-29 00:00:00+00:00,-63.850554384989664,-517.7800000000279,-517.7800000000279,-517.7800000000279,-517.7800000000279,0.0,0.0,0.0,0.0,0.0,0.0,0.0,0.0,0.0,0.0,-517.7800000000279
2023-12-30 00:00:00+00:00,0.0,-62.305297889979556,77.57999999984168,77.5800000000745,77.5800000000745,0.0,0.0,0.0,0.0,0.0,0.0,0.0,0.0,0.0,0.0,77.5800000000745
2023-12-31 00:00:00+00:00,0.0,85.50995033991057,147.03000000002794,147.03000000002794,147.02999999991152,85.50995034002699,85.50995034002699,0.0,0.0,0.0,0.0,0.0,0.0,0.0,0.0,147.03000000002794
2024-01-01 00:00:00+00:00,0.0,-62.89172570989467,1932.719999999972,1932.719999999972,1932.7200000000885,1932.719999999972,1932.719999999972,0.0,0.0,0.0,0.0,0.0,0.0,0.0,0.0,1932.719999999972
2024-01-02 00:00:00+00:00,0.0,685.6667196101043,752.0200000000186,752.0200000000186,752.0200000000186,752.0200000000186,752.0200000000186,0.0,0.0,0.0,0.0,0.0,0.0,0.0,0.0,752.0200000000186
2024-01-03 00:00:00+00:00,-2177.851701405016,-2110.3600000001024,-2110.3599999998696,-2110.3600000001024,-2110.359999999986,-67.42672859504819,-67.42672859504819,0.0,0.0,0.0,0.0,0.0,0.0,0.0,0.0,-2110.3600000001024
2024-01-04 00:00:00+00:00,1330.8500000000931,1330.8500000000931,1330.8499999998603,1330.8500000000931,1330.8499999999767,0.0,0.0,0.0,0.0,0.0,0.0,0.0,0.0,0.0,0.0,1330.8500000000931
2024-01-05 00:00:00+00:00,-61.21542582497932,-61.21542582497932,-6.699999999953434,-6.699999999953434,-6.700000000069849,0.0,0.0,0.0,0.0,0.0,0.0,0.0,0.0,0.0,0.0,-6.700000000069849
2024-01-06 00:00:00+00:00,-261.6237338799983,-261.6237338799983,-194.14999999990687,-194.1500000001397,-194.14999999990687,0.0,0.0,0.0,0.0,0.0,0.0,0.0,0.0,0.0,0.0,-194.15000000002328
2024-01-07 00:00:00+00:00,-42.15999999991618,-42.15999999991618,-42.16000000014901,-42.15999999991618,-42.160000000032596,0.0,0.0,0.0,0.0,0.0,0.0,0.0,0.0,0.0,0.0,-42.15999999991618
2024-01-08 00:00:00+00:00,3044.819999999949,3044.819999999949,3044.820000000065,3044.820000000065,3044.819999999949,0.0,0.0,0.0,0.0,0.0,0.0,0.0,0.0,0.0,0.0,3044.819999999949
2024-01-09 00:00:00+00:00,-871.0200000000186,-871.0200000000186,-70.4791374548804,-871.0200000000186,-871.0200000000186,0.0,0.0,0.0,0.0,0.0,0.0,0.0,0.0,0.0,0.0,-871.0200000000186
2024-01-10 00:00:00+00:00,542.0300000000279,542.0300000000279,476.1157546050381,542.0300000000279,542.0300000000279,0.0,0.0,0.0,0.0,0.0,0.0,0.0,0.0,0.0,0.0,542.0300000000279
2024-01-11 00:00:00+00:00,-323.44999999995343,-323.44999999995343,-323.44999999995343,-323.45000000018626,-323.44999999995343,0.0,0.0,0.0,0.0,0.0,0.0,0.0,0.0,0.0,0.0,-323.44999999995343
2024-01-12 00:00:00+00:00,-3569.6300000000047,-3569.6300000000047,-3569.630000000121,-3569.6299999998882,-3569.6300000000047,0.0,0.0,0.0,0.0,0.0,0.0,0.0,0.0,0.0,0.0,-3569.6300000000047
2024-01-13 00:00:00+00:00,66.29999999993015,66.29999999993015,66.30000000004657,66.30000000004657,66.29999999993015,0.0,0.0,0.0,0.0,0.0,0.0,0.0,0.0,0.0,0.0,66.29999999993015
2024-01-14 00:00:00+00:00,-64.24756033997983,-1142.0,-64.24756033997983,-1142.0,-1142.0,-1206.2703996599885,0.0,0.0,-1206.2703996599885,0.0,0.0,0.0,0.0,0.0,0.0,-1142.0
2024-01-15 00:00:00+00:00,0.0,792.8300000000745,0.0,792.8299999998417,792.8300000000745,792.8300000000745,0.0,0.0,792.8300000000745,0.0,0.0,0.0,0.0,0.0,0.0,792.8300000000745
2024-01-16 00:00:00+00:00,0.0,-72.17129415506497,0.0,640.2900000000373,640.2899999999208,640.2899999999208,585.0162241549697,585.0162241549697,640.2899999999208,585.0162241549697,0.0,0.0,0.0,0.0,0.0,640.2899999999208
2024-01-17 00:00:00+00:00,0.0,0.0,-455.57709017489105,-390.95999999996275,-390.95999999996275,-390.95999999996275,-390.95999999996275,-390.95999999996275,-390.95999999996275,-390.95999999996275,0.0,0.0,0.0,0.0,0.0,-390.95999999996275
2024-01-18 00:00:00+00:00,0.0,0.0,-1445.9900000002235,-1445.9899999999907,-1445.9899999999907,-1445.9899999999907,-1445.9899999999907,-1445.9899999999907,-1445.9899999999907,-1445.9899999999907,0.0,0.0,0.0,0.0,0.0,-1445.9899999999907
2024-01-19 00:00:00+00:00,0.0,0.0,330.5700000000652,330.5700000000652,330.5699999999488,330.5699999999488,330.5699999999488,330.5699999999488,330.5699999999488,330.5699999999488,0.0,0.0,0.0,0.0,0.0,330.5699999999488
2024-01-20 00:00:00+00:00,0.0,0.0,-62.545098030008376,42.5999999998603,42.60000000009313,42.60000000009313,42.60000000009313,42.60000000009313,42.60000000009313,42.60000000009313,-19.72672196989879,0.0,0.0,0.0,0.0,42.60000000009313
2024-01-21 00:00:00+00:00,0.0,0.0,0.0,-112.61999999987893,-112.61999999999534,-112.61999999999534,-112.61999999999534,-112.61999999999534,-112.61999999999534,-112.61999999999534,-112.61999999999534,0.0,0.0,0.0,0.0,-112.61999999999534
2024-01-22 00:00:00+00:00,0.0,0.0,0.0,-2029.780000000028,-2029.780000000028,-2029.780000000028,-2029.780000000028,-2029.780000000028,-2029.780000000028,-2029.780000000028,-2029.780000000028,0.0,0.0,0.0,0.0,-2029.780000000028
2024-01-23 00:00:00+00:00,0.0,0.0,0.0,354.03000000002794,354.03000000002794,354.03000000002794,354.03000000002794,354.03000000002794,354.03000000002794,354.03000000002794,354.03000000002794,0.0,0.0,0.0,0.0,354.03000000002794
2024-01-24 00:00:00+00:00,0.0,0.0,0.0,199.47999999998137,199.47999999998137,199.47999999998137,199.47999999998137,199.47999999998137,199.47999999998137,199.47999999998137,199.47999999998137,139.6626408600714,139.6626408600714,0.0,0.0,199.47999999998137
2024-01-25 00:00:00+00:00,0.0,0.0,0.0,-136.12000000011176,-136.11999999999534,-136.11999999999534,-136.11999999999534,-136.11999999999534,-136.11999999999534,-136.11999999999534,-136.11999999999534,-136.11999999999534,-136.11999999999534,0.0,0.0,-136.11999999999534
2024-01-26 00:00:00+00:00,0.0,0.0,0.0,1873.1400000001304,1873.140000000014,1873.140000000014,1873.140000000014,1873.140000000014,1873.140000000014,1873.140000000014,1873.140000000014,1873.140000000014,1873.140000000014,0.0,0.0,1873.140000000014
2024-01-27 00:00:00+00:00,0.0,0.0,0.0,311.75,311.75,311.75,311.75,311.75,311.75,311.75,311.75,311.75,311.75,0.0,0.0,311.75
2024-01-28 00:00:00+00:00,-155.17088827502448,0.0,0.0,-91.95999999996275,-91.96000000007916,-63.16876172507182,-63.16876172507182,-63.16876172507182,-91.96000000007916,-91.96000000007916,-91.96000000007916,-91.96000000007916,-91.96000000007916,0.0,0.0,-91.96000000007916
2024-01-29 00:00:00+00:00,1271.5900000000838,0.0,0.0,1271.589999999851,1271.5900000000838,0.0,0.0,0.0,1271.5900000000838,1271.5900000000838,1271.5900000000838,1271.5900000000838,1271.5900000000838,0.0,0.0,1271.5900000000838
2024-01-30 00:00:00+00:00,-363.4000000000233,-425.4966016500257,0.0,-363.39999999990687,-363.4000000000233,0.0,0.0,0.0,-363.4000000000233,-363.4000000000233,-363.4000000000233,-363.4000000000233,-363.4000000000233,0.0,0.0,-363.4000000000233
2024-01-31 00:00:00+00:00,-394.70000000006985,-394.70000000006985,-454.06804885994643,-394.69999999995343,-394.70000000006985,0.0,0.0,0.0,-69.44511114002671,-69.44511114002671,-69.44511114002671,-69.44511114002671,-69.44511114002671,0.0,0.0,-394.70000000006985
2024-02-01 00:00:00+00:00,530.7299999999814,-66.40693226491567,530.7299999999814,530.7299999999814,530.7299999999814,0.0,0.0,0.0,0.0,0.0,0.0,0.0,0.0,0.0,0.0,530.7300000000978
2024-02-02 00:00:00+00:00,102.85000000009313,0.0,-63.02902981010266,102.8499999998603,102.85000000009313,0.0,0.0,0.0,0.0,0.0,0.0,0.0,0.0,0.0,0.0,102.84999999997672
2024-02-03 00:00:00+00:00,-170.9899999999907,-237.7470218099188,0.0,-170.9899999999907,-170.9899999999907,0.0,0.0,0.0,0.0,0.0,0.0,0.0,0.0,0.0,0.0,-170.9899999999907
2024-02-04 00:00:00+00:00,-442.11999999999534,-442.11999999999534,-503.80323391011916,-442.1199999998789,-442.11999999999534,0.0,0.0,0.0,0.0,0.0,0.0,0.0,0.0,0.0,0.0,-442.11999999999534
2024-02-05 00:00:00+00:00,89.11999999999534,89.11999999999534,-60.47657904494554,-60.47657904494554,89.11999999999534,0.0,0.0,0.0,0.0,0.0,0.0,0.0,0.0,0.0,0.0,89.11999999999534
2024-02-06 00:00:00+00:00,438.11999999999534,438.11999999999534,0.0,0.0,438.11999999999534,0.0,0.0,0.0,0.0,0.0,0.0,0.0,0.0,0.0,0.0,438.11999999999534
2024-02-07 00:00:00+00:00,-63.254191420041025,1247.8199999999488,0.0,0.0,1247.8199999999488,0.0,0.0,0.0,0.0,0.0,0.0,0.0,0.0,0.0,0.0,1247.8199999999488
2024-02-08 00:00:00+00:00,892.7189170299098,961.5899999999674,0.0,0.0,961.5899999999674,0.0,0.0,0.0,0.0,0.0,0.0,0.0,0.0,0.0,0.0,961.5899999999674
2024-02-09 00:00:00+00:00,1855.2100000000792,1855.2100000000792,0.0,1787.600102585042,1855.2100000000792,0.0,0.0,0.0,0.0,0.0,0.0,0.0,0.0,0.0,0.0,1855.2100000000792
2024-02-10 00:00:00+00:00,606.6499999999069,606.6500000000233,0.0,606.6499999999069,606.6499999999069,0.0,0.0,0.0,0.0,0.0,0.0,0.0,0.0,0.0,0.0,606.6500000000233
2024-02-11 00:00:00+00:00,549.2400000001071,549.2399999999907,477.5655264700763,549.2399999999907,549.2399999999907,0.0,0.0,0.0,0.0,0.0,0.0,0.0,0.0,0.0,0.0,549.2399999999907
2024-02-12 00:00:00+00:00,1625.509999999893,1625.5100000000093,1625.5100000000093,1625.5100000000093,1625.5100000000093,0.0,0.0,0.0,0.0,0.0,0.0,0.0,0.0,0.0,0.0,1625.5100000000093
2024-02-13 00:00:00+00:00,-216.44999999995343,-216.45000000006985,-216.44999999995343,-216.44999999995343,-216.44999999995343,0.0,0.0,0.0,0.0,0.0,0.0,0.0,0.0,0.0,0.0,-216.44999999995343
2024-02-14 00:00:00+00:00,2133.2299999999814,2133.2299999999814,2133.2299999999814,2133.2299999999814,2133.2299999999814,0.0,0.0,0.0,0.0,0.0,0.0,0.0,0.0,0.0,0.0,2133.2299999999814
2024-02-15 00:00:00+00:00,75.70000000006985,75.70000000006985,75.69999999995343,75.69999999995343,75.69999999995343,0.0,0.0,0.0,0.0,0.0,0.0,0.0,0.0,0.0,0.0,75.69999999995343
2024-02-16 00:00:00+00:00,228.34999999997672,228.34999999997672,228.3499999998603,228.35000000009313,228.35000000009313,0.0,0.0,0.0,0.0,0.0,0.0,0.0,0.0,0.0,0.0,228.3499999998603
2024-02-17 00:00:00+00:00,-496.4200000000419,-496.4200000000419,-496.4199999999255,-496.4199999999255,-496.4199999999255,0.0,0.0,0.0,0.0,0.0,0.0,0.0,0.0,0.0,0.0,-496.4199999999255
2024-02-18 00:00:00+00:00,487.4100000000326,487.4100000000326,487.4099999999162,487.4099999999162,487.4099999999162,0.0,0.0,0.0,0.0,0.0,0.0,0.0,0.0,0.0,0.0,487.4099999999162
2024-02-19 00:00:00+00:00,-366.5799999999581,-366.5799999999581,-366.5799999998417,-366.5800000000745,-366.5800000000745,0.0,0.0,0.0,0.0,0.0,0.0,0.0,0.0,0.0,0.0,-366.5799999998417
2024-02-20 00:00:00+00:00,490.46999999997206,490.46999999997206,490.46999999997206,490.46999999997206,490.46999999997206,0.0,0.0,0.0,0.0,0.0,0.0,0.0,0.0,0.0,0.0,490.46999999997206
2024-02-21 00:00:00+00:00,-425.8499999999767,-425.8499999999767,-425.85000000009313,-425.8499999998603,-425.8499999998603,0.0,0.0,0.0,0.0,0.0,0.0,0.0,0.0,0.0,0.0,-425.85000000009313
2024-02-22 00:00:00+00:00,-592.9700000000885,-592.9700000000885,-592.9699999999721,-592.9699999999721,-592.9699999999721,0.0,0.0,0.0,0.0,0.0,0.0,0.0,0.0,0.0,0.0,-592.9699999999721
2024-02-23 00:00:00+00:00,-75.27480485499837,-511.64999999990687,-511.64999999990687,-511.6500000001397,-511.6500000001397,0.0,0.0,0.0,0.0,0.0,0.0,0.0,0.0,0.0,0.0,-511.64999999990687
2024-02-24 00:00:00+00:00,0.0,823.5999999999767,823.5999999998603,823.6000000000931,823.6000000000931,0.0,0.0,0.0,0.0,0.0,0.0,0.0,0.0,0.0,0.0,823.5999999998603
2024-02-25 00:00:00+00:00,0.0,160.34999999997672,160.35000000009313,160.3499999998603,160.3499999998603,0.0,0.0,0.0,0.0,0.0,0.0,0.0,0.0,0.0,0.0,160.35000000009313
2024-02-26 00:00:00+00:00,0.0,2802.4799999999814,2802.4799999999814,2802.480000000214,2802.480000000214,0.0,0.0,0.0,0.0,0.0,0.0,0.0,0.0,0.0,0.0,2802.4799999999814
2024-02-27 00:00:00+00:00,0.0,2543.590000000084,2543.590000000084,2543.589999999851,2543.589999999851,0.0,0.0,0.0,0.0,0.0,0.0,0.0,0.0,0.0,0.0,2543.590000000084
2024-02-28 00:00:00+00:00,5356.175841460004,5441.829999999842,5441.829999999842,5441.8300000000745,5441.8300000000745,0.0,0.0,0.0,0.0,0.0,0.0,0.0,0.0,0.0,0.0,5441.829999999842
2024-02-29 00:00:00+00:00,-1339.8699999999953,-1339.869999999879,-1339.869999999879,-1339.8700000001118,-1339.8700000001118,0.0,0.0,0.0,0.0,0.0,0.0,0.0,0.0,0.0,0.0,-1339.869999999879
2024-03-01 00:00:00+00:00,1257.6899999999441,1257.6899999999441,1257.6899999999441,1257.690000000177,1257.690000000177,0.0,0.0,0.0,0.0,0.0,0.0,0.0,0.0,0.0,0.0,1257.6899999999441
2024-03-02 00:00:00+00:00,-390.9399999999441,-390.9399999999441,-390.9399999999441,-390.94000000017695,-390.94000000017695,0.0,0.0,0.0,0.0,0.0,0.0,0.0,0.0,0.0,0.0,-390.9399999999441
2024-03-03 00:00:00+00:00,1108.7099999999627,1108.7099999999627,1108.7099999999627,1108.7100000001956,1108.7100000001956,0.0,0.0,0.0,0.0,0.0,0.0,0.0,0.0,0.0,0.0,1108.7099999999627
2024-03-04 00:00:00+00:00,5205.650000000023,5205.649999999907,5205.649999999907,5205.649999999907,5205.649999999907,0.0,0.0,0.0,0.0,0.0,0.0,0.0,0.0,0.0,0.0,5205.649999999907
2024-03-05 00:00:00+00:00,-4559.359999999986,-4559.35999999987,-4559.35999999987,-4559.360000000102,-4559.360000000102,0.0,0.0,0.0,0.0,0.0,0.0,0.0,0.0,0.0,0.0,-4559.35999999987
2024-03-06 00:00:00+00:00,2321.5,2321.5,2321.5,2321.5,2321.5,0.0,0.0,0.0,0.0,0.0,0.0,0.0,0.0,0.0,0.0,2321.5
2024-03-07 00:00:00+00:00,815.9299999999348,815.9299999999348,815.9299999999348,815.9300000001676,815.9300000001676,0.0,0.0,0.0,0.0,0.0,0.0,0.0,0.0,0.0,0.0,815.9299999999348
2024-03-08 00:00:00+00:00,1350.9500000000698,1350.9499999999534,1350.9499999999534,1350.9499999999534,1350.9499999999534,0.0,0.0,0.0,0.0,0.0,0.0,0.0,0.0,0.0,0.0,1350.9499999999534
2024-03-09 00:00:00+00:00,190.8399999999674,190.84000000008382,190.84000000008382,190.839999999851,190.839999999851,0.0,0.0,0.0,0.0,0.0,0.0,0.0,0.0,0.0,0.0,190.84000000008382
2024-03-10 00:00:00+00:00,552.1199999999953,552.1200000001118,552.1200000001118,552.1200000001118,552.1200000001118,0.0,0.0,0.0,0.0,0.0,0.0,0.0,0.0,0.0,0.0,552.1199999998789
2024-03-11 00:00:00+00:00,3078.859999999986,3078.8599999998696,3078.8599999998696,3078.8600000001024,3078.8600000001024,0.0,0.0,0.0,0.0,0.0,0.0,0.0,0.0,0.0,0.0,3078.8600000001024
2024-03-12 00:00:00+00:00,-635.0500000000466,-635.0500000000466,-635.0500000000466,-635.0500000000466,-635.0500000000466,0.0,0.0,0.0,0.0,0.0,0.0,0.0,0.0,0.0,0.0,-635.0500000000466
2024-03-13 00:00:00+00:00,1659.1100000001024,1659.1100000001024,1659.1100000001024,1659.1099999998696,1659.1099999998696,0.0,0.0,0.0,0.0,0.0,0.0,0.0,0.0,0.0,0.0,1659.1100000001024
2024-03-14 00:00:00+00:00,-1770.4600000000792,-1770.4599999999627,-1770.4599999999627,-1770.4599999999627,-1770.4599999999627,0.0,0.0,0.0,0.0,0.0,0.0,0.0,0.0,0.0,0.0,-1770.4599999999627
2024-03-15 00:00:00+00:00,-1857.6999999999534,-1857.7000000001863,-1857.7000000001863,-1857.6999999999534,-1857.6999999999534,0.0,0.0,0.0,0.0,0.0,0.0,0.0,0.0,0.0,0.0,-1857.6999999999534
2024-03-16 00:00:00+00:00,-4252.660000000033,-4252.659999999916,-4252.659999999916,-4252.659999999916,-4252.659999999916,0.0,0.0,0.0,0.0,0.0,0.0,0.0,0.0,0.0,0.0,-4252.660000000149
2024-03-17 00:00:00+00:00,3089.420000000042,3089.4199999999255,3089.4199999999255,3089.4199999999255,3089.4199999999255,0.0,0.0,0.0,0.0,0.0,0.0,0.0,0.0,0.0,0.0,3089.4199999999255
2024-03-18 00:00:00+00:00,-91.84725785499904,-730.5999999998603,-730.5999999998603,-730.6000000000931,-730.6000000000931,-843.8156121450011,0.0,0.0,0.0,0.0,0.0,0.0,0.0,0.0,0.0,-730.5999999998603
2024-03-19 00:00:00+00:00,0.0,-5706.770000000019,-5706.770000000019,-5706.770000000019,-5706.770000000019,-5706.770000000019,0.0,0.0,0.0,0.0,0.0,0.0,0.0,0.0,0.0,-5706.770000000019
2024-03-20 00:00:00+00:00,0.0,-96.5229037150275,5952.530000000028,5952.530000000028,5952.530000000028,5952.530000000028,0.0,0.0,0.0,0.0,0.0,0.0,0.0,0.0,0.0,5952.530000000028
2024-03-21 00:00:00+00:00,0.0,0.0,-2374.100000000093,-2374.0999999998603,-2374.0999999998603,-2374.100000000093,-2472.9977479400113,-2472.9977479400113,0.0,0.0,0.0,0.0,0.0,0.0,0.0,-2374.100000000093
2024-03-22 00:00:00+00:00,0.0,-1762.6712094899267,-1670.1399999998976,-1670.1400000001304,-1670.1400000001304,-1670.1399999998976,-1670.1399999998976,-1670.140000000014,0.0,0.0,0.0,0.0,0.0,0.0,0.0,-1670.1399999998976
2024-03-23 00:00:00+00:00,0.0,-95.68993272003718,184.30000000004657,184.30000000004657,184.30000000004657,184.29999999993015,184.29999999993015,184.30000000004657,0.0,0.0,0.0,0.0,0.0,0.0,0.0,184.30000000004657
2024-03-24 00:00:00+00:00,0.0,0.0,3206.0699999998324,3206.070000000065,3206.070000000065,3206.069999999949,3206.069999999949,3206.070000000065,0.0,0.0,0.0,0.0,0.0,0.0,0.0,3206.0699999998324
2024-03-25 00:00:00+00:00,0.0,0.0,2685.350000000093,2685.3499999998603,2685.3499999998603,2685.350000000093,2685.350000000093,2685.3499999999767,0.0,0.0,0.0,0.0,0.0,0.0,0.0,2685.350000000093
2024-03-26 00:00:00+00:00,0.0,0.0,102.11999999987893,102.12000000011176,102.12000000011176,102.11999999999534,102.11999999999534,102.11999999999534,0.0,0.0,0.0,0.0,0.0,0.0,0.0,102.11999999987893
2024-03-27 00:00:00+00:00,-663.9673474500887,0.0,-556.4399999999441,-556.4399999999441,-556.4399999999441,-102.45735255000181,-102.45735255000181,-102.45735255000181,0.0,0.0,0.0,0.0,0.0,0.0,0.0,-556.4399999999441
2024-03-28 00:00:00+00:00,1365.219999999972,0.0,1365.219999999972,1365.219999999972,1365.219999999972,0.0,0.0,0.0,0.0,0.0,0.0,0.0,0.0,0.0,0.0,1365.219999999972
2024-03-29 00:00:00+00:00,-897.4299999999348,0.0,-897.4299999999348,-897.4300000001676,-897.4300000001676,0.0,0.0,0.0,0.0,0.0,0.0,0.0,0.0,0.0,0.0,-897.4299999999348
2024-03-30 00:00:00+00:00,-276.88000000000466,0.0,-276.87999999988824,-276.87999999988824,-276.87999999988824,0.0,0.0,0.0,0.0,0.0,0.0,0.0,0.0,0.0,0.0,-276.8800000001211
2024-03-31 00:00:00+00:00,1662.030000000028,1560.569398069987,1662.029999999795,1662.030000000028,1662.030000000028,0.0,0.0,0.0,0.0,0.0,0.0,0.0,0.0,0.0,0.0,1662.030000000028
2024-04-01 00:00:00+00:00,-1607.079999999958,-1607.0800000000745,-1607.0799999998417,-1607.0800000000745,-1607.0800000000745,0.0,0.0,0.0,0.0,0.0,0.0,0.0,0.0,0.0,0.0,-1607.0799999998417
2024-04-02 00:00:00+00:00,-4217.680000000051,-4217.679999999935,-4217.680000000168,-4217.679999999935,-4217.679999999935,0.0,0.0,0.0,0.0,0.0,0.0,0.0,0.0,0.0,0.0,-4217.680000000168
2024-04-03 00:00:00+00:00,-90.31526399997529,523.7800000000279,523.7800000000279,523.7800000000279,523.7800000000279,0.0,0.0,0.0,0.0,0.0,0.0,0.0,0.0,0.0,0.0,523.7800000000279
2024-04-04 00:00:00+00:00,0.0,2537.310000000056,2537.310000000056,2537.310000000056,2537.310000000056,2442.0407379099634,0.0,0.0,2442.0407379099634,0.0,0.0,0.0,0.0,0.0,0.0,2537.310000000056
2024-04-05 00:00:00+00:00,0.0,-99.2987706551794,-99.29877065494657,-668.7200000002049,-668.7200000002049,-668.7199999999721,0.0,0.0,-668.7199999999721,0.0,0.0,0.0,0.0,0.0,0.0,-668.7199999999721
2024-04-06 00:00:00+00:00,0.0,961.5613067450467,961.5613067450467,1063.380000000121,1063.380000000121,-101.75083674502093,0.0,0.0,-101.75083674502093,0.0,0.0,0.0,0.0,0.0,0.0,1063.3799999998882
2024-04-07 00:00:00+00:00,0.0,430.44999999995343,430.44999999995343,430.44999999995343,430.44999999995343,0.0,0.0,0.0,0.0,0.0,0.0,0.0,0.0,0.0,0.0,430.45000000018626
2024-04-08 00:00:00+00:00,0.0,2272.189999999944,2272.189999999944,2272.189999999944,2272.189999999944,0.0,0.0,0.0,0.0,0.0,0.0,0.0,0.0,0.0,0.0,2272.189999999944
2024-04-09 00:00:00+00:00,0.0,-2505.5200000000186,-2505.5200000000186,-2505.5200000000186,-2505.5200000000186,0.0,0.0,0.0,0.0,0.0,0.0,0.0,0.0,0.0,0.0,-2505.5200000000186
2024-04-10 00:00:00+00:00,1414.5417571050348,1517.030000000028,1517.030000000028,1517.030000000028,1517.030000000028,0.0,0.0,0.0,0.0,0.0,0.0,0.0,0.0,0.0,0.0,1517.030000000028
2024-04-11 00:00:00+00:00,-613.3100000000559,-101.56228079996072,-613.309999999823,-613.309999999823,-613.309999999823,0.0,0.0,0.0,0.0,0.0,0.0,0.0,0.0,0.0,0.0,-613.3100000000559
2024-04-12 00:00:00+00:00,-2872.1199999999953,-2977.1660753549077,-105.0160546451807,-2872.1200000001118,-2872.1200000001118,0.0,0.0,0.0,0.0,0.0,0.0,0.0,0.0,0.0,0.0,-2872.119999999879
2024-04-13 00:00:00+00:00,-3123.8399999999674,-100.67935569002293,0.0,-3123.840000000084,-3123.840000000084,0.0,0.0,0.0,0.0,0.0,0.0,0.0,0.0,0.0,0.0,-3123.840000000084
2024-04-14 00:00:00+00:00,-99.4100293200463,0.0,0.0,1752.280000000028,1752.280000000028,1659.6259493200341,1659.6259493200341,0.0,1659.6259493200341,0.0,0.0,0.0,0.0,0.0,0.0,1752.280000000028
2024-04-15 00:00:00+00:00,0.0,0.0,0.0,-2324.869999999879,-2324.869999999879,-2324.8699999999953,-2324.8699999999953,-2411.059722279897,-2324.8699999999953,-2411.059722279897,-2411.059722279897,0.0,0.0,0.0,0.0,-2324.8700000001118
2024-04-16 00:00:00+00:00,0.0,0.0,0.0,362.7600000000093,362.7600000000093,362.7600000000093,362.7599999998929,362.7600000000093,362.7599999998929,362.7599999998929,362.7599999998929,0.0,0.0,0.0,0.0,362.7600000000093
2024-04-17 00:00:00+00:00,0.0,0.0,0.0,-2535.5800000000745,-2535.5800000000745,-2535.5800000000745,-2535.579999999958,-2535.5800000000745,-2535.579999999958,-2535.579999999958,-2535.579999999958,0.0,0.0,0.0,0.0,-2535.5799999998417
2024-04-18 00:00:00+00:00,0.0,0.0,0.0,2234.4899999999907,2234.4899999999907,2234.4899999999907,2234.4899999999907,2234.4899999999907,2234.4899999999907,2234.4899999999907,2234.4899999999907,0.0,0.0,0.0,0.0,2234.4899999999907
2024-04-19 00:00:00+00:00,0.0,0.0,0.0,334.5200000000186,334.5200000000186,334.5200000000186,334.5200000000186,334.5200000000186,334.5200000000186,334.5200000000186,334.5200000000186,238.2259825799847,0.0,0.0,0.0,334.5200000000186
2024-04-20 00:00:00+00:00,0.0,0.0,1031.1151390201412,1120.5,1120.5,1120.5,1120.5,1120.5,1120.5,1120.5,1120.5,1120.5,0.0,0.0,0.0,1120.5
2024-04-21 00:00:00+00:00,0.0,0.0,-105.45874959020875,-15.949999999953434,-15.949999999953434,-15.949999999953434,-15.949999999953434,-15.949999999953434,-15.949999999953434,-15.949999999953434,-15.949999999953434,-15.949999999953434,0.0,0.0,0.0,-15.950000000186265
2024-04-22 00:00:00+00:00,1808.788143540034,0.0,0.0,1906.25,1906.25,1906.25,1906.25,1906.25,1906.25,1906.25,1906.25,1906.25,0.0,0.0,0.0,1906.25
2024-04-23 00:00:00+00:00,-103.35067696508486,0.0,-542.2275330349803,-445.0100000000093,-445.0100000000093,-445.0100000000093,-445.0100000000093,-445.0100000000093,-445.0100000000093,-445.0100000000093,-445.0100000000093,-445.0100000000093,0.0,0.0,0.0,-445.0100000000093
2024-04-24 00:00:00+00:00,-2261.8802089999663,0.0,-2158.380000000121,-2158.380000000121,-2158.380000000121,-95.75379099999554,-95.75379099999554,-95.75379099999554,-2158.3800000000047,-2158.3800000000047,-2158.3800000000047,-95.75379099999554,0.0,0.0,0.0,-2158.3799999998882
2024-04-25 00:00:00+00:00,228.6600000000326,0.0,-96.36152711487375,228.660000000149,228.660000000149,0.0,0.0,0.0,228.65999999991618,228.65999999991618,228.65999999991618,0.0,0.0,0.0,0.0,228.65999999991618
2024-04-26 00:00:00+00:00,-742.0500000000466,0.0,0.0,-742.0500000000466,-742.0500000000466,0.0,0.0,0.0,-742.0499999999302,-742.0499999999302,-742.0499999999302,0.0,0.0,0.0,0.0,-742.0500000000466
2024-04-27 00:00:00+00:00,-320.39000000001397,0.0,0.0,-320.3900000001304,-320.3900000001304,0.0,0.0,0.0,-320.39000000001397,-320.39000000001397,-320.39000000001397,0.0,0.0,0.0,0.0,-320.38999999989755
2024-04-28 00:00:00+00:00,-94.76179883000441,0.0,0.0,-313.05999999982305,-313.05999999982305,-408.5652211699635,0.0,0.0,-313.0600000000559,-313.0600000000559,-313.0600000000559,-408.5652211699635,0.0,0.0,0.0,-313.0600000000559
2024-04-29 00:00:00+00:00,0.0,0.0,0.0,735.9099999999162,735.9099999999162,735.9099999999162,0.0,0.0,735.9100000000326,735.9100000000326,735.9100000000326,735.9099999999162,0.0,0.0,0.0,735.910000000149
2024-04-30 00:00:00+00:00,0.0,0.0,0.0,-3222.75,-3222.75,-3222.75,0.0,0.0,-3222.75,-3222.75,-3222.75,-3222.75,-3318.709437504993,0.0,0.0,-3222.75
2024-05-01 00:00:00+00:00,0.0,-2446.572110600071,0.0,-2356.5100000000093,-2356.5100000000093,-2356.5100000000093,0.0,0.0,-2356.5100000000093,-2356.5100000000093,-2356.5100000000093,-2356.5100000000093,-2356.5100000000093,0.0,0.0,-2356.5100000000093
2024-05-02 00:00:00+00:00,0.0,-85.152581094997,0.0,-85.152581094997,806.3000000000466,806.3000000000466,716.6491510950727,716.6491510950727,806.3000000000466,806.3000000000466,806.3000000000466,806.3000000000466,806.3000000000466,716.6491510950727,0.0,806.2999999998137
2024-05-03 00:00:00+00:00,0.0,0.0,0.0,0.0,3841.1399999998976,3841.140000000014,3841.140000000014,3841.140000000014,3841.140000000014,3841.140000000014,3841.140000000014,3841.140000000014,3841.140000000014,3841.140000000014,0.0,3841.1400000001304
2024-05-04 00:00:00+00:00,0.0,0.0,0.0,0.0,989.8500000000931,989.8499999999767,989.8499999999767,989.8499999999767,989.8499999999767,989.8499999999767,989.8499999999767,989.8499999999767,989.8499999999767,989.8499999999767,0.0,989.8499999998603
2024-05-05 00:00:00+00:00,0.0,0.0,0.0,0.0,120.57000000006519,120.56999999994878,120.56999999994878,120.56999999994878,120.56999999994878,120.56999999994878,120.56999999994878,120.56999999994878,120.56999999994878,120.56999999994878,0.0,120.57000000006519
2024-05-06 00:00:00+00:00,-957.2771867250558,0.0,0.0,-957.2771867250558,-861.2099999999627,-96.00316327495966,-96.00316327495966,-96.00316327495966,-861.2099999999627,-861.2099999999627,-861.2099999999627,-861.2099999999627,-861.2099999999627,-861.2099999999627,0.0,-861.2099999999627
2024-05-07 00:00:00+00:00,-846.4799999999814,0.0,0.0,-95.60044432501309,-846.4800000002142,0.0,0.0,0.0,-846.4799999999814,-846.4799999999814,-846.4799999999814,-846.4799999999814,-846.4799999999814,-846.4799999999814,0.0,-846.4799999999814
2024-05-08 00:00:00+00:00,-93.45246712502558,0.0,0.0,0.0,-1146.2299999999814,0.0,0.0,0.0,-1146.2299999999814,-1146.2299999999814,-1146.2299999999814,-1146.2299999999814,-1146.2299999999814,-1146.2299999999814,0.0,-1146.2299999999814
2024-05-09 00:00:00+00:00,1812.2551202349132,0.0,0.0,0.0,1904.0400000000373,0.0,0.0,0.0,1904.0399999999208,1904.0399999999208,1904.0399999999208,1904.0399999999208,1904.0399999999208,1904.0399999999208,0.0,1904.0400000000373
2024-05-10 00:00:00+00:00,-2286.0999999999767,0.0,0.0,0.0,-2286.0999999998603,-2380.721861775033,0.0,0.0,-2286.0999999999767,-2286.0999999999767,-2286.0999999999767,-2286.0999999999767,-2286.0999999999767,-2286.0999999999767,0.0,-2286.100000000093
2024-05-11 00:00:00+00:00,27.160000000032596,0.0,0.0,0.0,27.15999999991618,-90.63159100501798,0.0,0.0,27.160000000032596,27.160000000032596,27.160000000032596,27.160000000032596,27.160000000032596,27.160000000032596,0.0,27.15999999991618
2024-05-12 00:00:00+00:00,-91.18155267997645,0.0,0.0,0.0,638.3899999998976,547.1276326799998,0.0,0.0,638.390000000014,638.390000000014,638.390000000014,638.390000000014,638.390000000014,638.390000000014,0.0,638.3900000001304
2024-05-13 00:00:00+00:00,0.0,0.0,0.0,0.0,1479.3500000000931,1479.3499999999767,0.0,0.0,1479.3499999999767,1479.3499999999767,1479.3499999999767,1479.3499999999767,1479.3499999999767,1479.3499999999767,0.0,1479.3500000000931
2024-05-14 00:00:00+00:00,0.0,0.0,0.0,0.0,-1392.530000000028,-1392.530000000028,0.0,0.0,-1392.530000000028,-1392.530000000028,-1392.530000000028,-1392.530000000028,-1392.530000000028,-1392.530000000028,0.0,-1392.530000000028
2024-05-15 00:00:00+00:00,0.0,0.0,0.0,0.0,4704.850000000093,-92.41878015000839,0.0,0.0,4704.849999999977,4704.849999999977,4704.849999999977,4704.850000000093,4704.850000000093,4704.849999999977,0.0,4704.84999999986
2024-05-16 00:00:00+00:00,0.0,-1091.9001423399895,0.0,0.0,-992.5100000000093,0.0,0.0,0.0,-992.5099999998929,-992.5099999998929,-992.5099999998929,-992.5100000000093,-992.5100000000093,-992.5099999998929,0.0,-992.5100000000093
2024-05-17 00:00:00+00:00,1696.2491189149441,1794.1499999999069,1696.2491189150605,1696.2491189150605,1794.1499999999069,0.0,0.0,0.0,-97.85562891501468,-97.85562891501468,-97.85562891501468,-97.85562891501468,-97.85562891501468,-97.85562891501468,0.0,1794.1500000001397
2024-05-18 00:00:00+00:00,-122.45999999996275,-122.45999999996275,-122.45999999996275,-100.52598683000542,-122.45999999996275,0.0,0.0,0.0,0.0,0.0,0.0,0.0,0.0,0.0,0.0,-122.46000000019558
2024-05-19 00:00:00+00:00,-662.25,-662.25,-662.25,0.0,-662.25,0.0,0.0,0.0,0.0,0.0,0.0,0.0,0.0,0.0,0.0,-662.25
2024-05-20 00:00:00+00:00,5170.550000000047,5170.550000000047,5170.549999999814,5072.706809980096,5170.550000000047,0.0,0.0,0.0,0.0,0.0,0.0,0.0,0.0,0.0,0.0,5170.550000000047
2024-05-21 00:00:00+00:00,-1289.3300000000745,-1289.3300000000745,-1289.3299999998417,-107.12252392014489,-1289.3300000000745,0.0,0.0,0.0,0.0,0.0,0.0,0.0,0.0,0.0,0.0,-1289.3299999998417
2024-05-22 00:00:00+00:00,-1032.9099999999162,-1032.9099999999162,-1032.910000000149,-1138.1993914400227,-1032.9099999999162,0.0,0.0,0.0,0.0,0.0,0.0,0.0,0.0,0.0,0.0,-1032.910000000149
2024-05-23 00:00:00+00:00,-1169.4800000000978,-1169.4799999999814,-1169.4799999999814,-1169.4799999999814,-1169.4799999999814,0.0,0.0,0.0,0.0,0.0,0.0,0.0,0.0,0.0,0.0,-1169.4799999999814
2024-05-24 00:00:00+00:00,607.3500000000931,607.3499999998603,607.3500000000931,607.3500000000931,607.3499999998603,0.0,0.0,0.0,0.0,0.0,0.0,0.0,0.0,0.0,0.0,607.3500000000931
2024-05-25 00:00:00+00:00,741.8699999999953,741.8700000001118,741.8699999998789,741.8699999998789,741.8700000001118,0.0,0.0,0.0,0.0,0.0,0.0,0.0,0.0,0.0,0.0,741.8699999998789
2024-05-26 00:00:00+00:00,-815.9500000000698,-815.9499999999534,-815.9499999999534,-103.87989015504718,-815.9499999999534,0.0,0.0,0.0,0.0,0.0,0.0,0.0,0.0,0.0,0.0,-815.9499999999534
2024-05-27 00:00:00+00:00,895.0,895.0,895.0,0.0,895.0,0.0,0.0,0.0,0.0,0.0,0.0,0.0,0.0,0.0,0.0,895.0
2024-05-28 00:00:00+00:00,-1046.7399999999907,-1046.7399999999907,-1046.7399999999907,0.0,-1046.7399999999907,0.0,0.0,0.0,0.0,0.0,0.0,0.0,0.0,0.0,0.0,-1046.7399999999907
2024-05-29 00:00:00+00:00,-102.43882400495932,-752.5300000000279,-752.5300000000279,0.0,-752.5300000000279,0.0,0.0,0.0,0.0,0.0,0.0,0.0,0.0,0.0,0.0,-752.5300000000279
2024-05-30 00:00:00+00:00,0.0,769.1299999998882,769.1300000001211,0.0,769.1299999998882,0.0,0.0,0.0,0.0,0.0,0.0,0.0,0.0,0.0,0.0,769.1300000001211
2024-05-31 00:00:00+00:00,0.0,-866.1699999999255,-866.1700000001583,0.0,-866.1699999999255,0.0,0.0,0.0,0.0,0.0,0.0,0.0,0.0,0.0,0.0,-866.1700000001583
2024-06-01 00:00:00+00:00,144.9766584649915,246.87999999988824,246.88000000012107,0.0,246.87999999988824,0.0,0.0,0.0,0.0,0.0,0.0,0.0,0.0,0.0,0.0,246.88000000012107
2024-06-02 00:00:00+00:00,-101.54507535509765,16.229999999981374,16.229999999981374,0.0,16.229999999981374,-85.38279464491643,0.0,0.0,0.0,0.0,0.0,0.0,0.0,0.0,0.0,16.229999999981374
2024-06-03 00:00:00+00:00,0.0,1055.4800000002142,1055.4799999999814,958.2294244300574,1055.4799999999814,1055.4799999999814,0.0,0.0,0.0,0.0,0.0,0.0,0.0,0.0,0.0,1055.4799999999814
2024-06-04 00:00:00+00:00,0.0,1751.3199999998324,1751.3200000000652,1751.3200000000652,1751.3200000000652,1751.3199999999488,0.0,0.0,0.0,0.0,0.0,0.0,0.0,0.0,0.0,1751.3200000000652
2024-06-05 00:00:00+00:00,0.0,-106.41724915988743,578.7900000000373,578.7900000000373,578.7900000000373,-106.41724916000385,0.0,0.0,0.0,0.0,0.0,0.0,0.0,0.0,0.0,578.7900000000373
2024-06-06 00:00:00+00:00,-453.7265353249386,-453.7265353249386,-347.4700000002049,-347.4700000002049,-347.46999999997206,0.0,0.0,0.0,0.0,0.0,0.0,0.0,0.0,0.0,0.0,-347.4700000002049
2024-06-07 00:00:00+00:00,-1449.109999999986,-1449.1100000001024,-1449.1099999998696,-1449.1099999998696,-1449.1100000001024,0.0,0.0,0.0,0.0,0.0,0.0,0.0,0.0,0.0,0.0,-1449.1099999998696
2024-06-08 00:00:00+00:00,-20.479999999981374,-20.479999999981374,-20.479999999981374,-20.479999999981374,-20.479999999981374,0.0,0.0,0.0,0.0,0.0,0.0,0.0,0.0,0.0,0.0,-20.479999999981374
2024-06-09 00:00:00+00:00,333.8199999999488,333.8200000000652,333.8200000000652,-104.17104810010642,333.8200000000652,0.0,0.0,0.0,0.0,0.0,0.0,0.0,0.0,0.0,0.0,333.81999999983236
2024-06-10 00:00:00+00:00,-140.14000000001397,-140.13999999989755,-140.14000000013039,-247.84644053992815,-140.13999999989755,0.0,0.0,0.0,0.0,0.0,0.0,0.0,0.0,0.0,0.0,-140.13999999989755
2024-06-11 00:00:00+00:00,-2181.1999999999534,-2181.2000000001863,-2181.1999999999534,-105.96920701512136,-2181.2000000001863,0.0,0.0,0.0,0.0,0.0,0.0,0.0,0.0,0.0,0.0,-2181.1999999999534
2024-06-12 00:00:00+00:00,932.0699999999488,932.0700000000652,932.0700000000652,0.0,932.0700000000652,0.0,0.0,0.0,0.0,0.0,0.0,0.0,0.0,0.0,0.0,932.0700000000652
2024-06-13 00:00:00+00:00,-102.34876070497558,-102.34876070497558,-1509.75,-1612.1470092949457,-1509.75,-1612.1470092950622,-1612.1470092950622,0.0,0.0,0.0,0.0,0.0,0.0,0.0,0.0,-1509.75
2024-06-14 00:00:00+00:00,0.0,-842.2230632300489,-734.4600000001956,-734.4600000001956,-734.4599999999627,-734.4599999999627,-734.4599999999627,0.0,0.0,0.0,0.0,0.0,0.0,0.0,0.0,-734.4600000001956
2024-06-15 00:00:00+00:00,0.0,-99.00353781995364,187.61000000010245,187.61000000010245,187.60999999986961,187.60999999998603,187.60999999998603,88.60045781999361,88.60045781999361,0.0,0.0,0.0,0.0,0.0,0.0,187.61000000010245
2024-06-16 00:00:00+00:00,0.0,0.0,-99.25490400008857,436.75,436.75,436.75,436.75,436.75,436.75,337.4289039999712,337.4289039999712,0.0,0.0,0.0,0.0,436.75
2024-06-17 00:00:00+00:00,0.0,0.0,-247.54738469002768,-146.93999999994412,-146.93999999994412,-146.94000000006054,-146.93999999994412,-146.93999999994412,-146.94000000006054,-146.93999999994412,-146.93999999994412,0.0,0.0,0.0,0.0,-146.93999999994412
2024-06-18 00:00:00+00:00,0.0,0.0,-99.68947409489192,-1329.0100000000093,-1329.0100000000093,-1329.009999999893,-1329.0100000000093,-1329.0100000000093,-1329.009999999893,-1329.0100000000093,-1329.0100000000093,0.0,0.0,0.0,0.0,-1329.0100000000093
2024-06-19 00:00:00+00:00,0.0,0.0,0.0,-209.0100000000093,-209.0100000000093,-209.0100000000093,-209.0100000000093,-209.0100000000093,-209.0100000000093,-209.0100000000093,-209.0100000000093,0.0,0.0,0.0,0.0,-209.0100000000093
2024-06-20 00:00:00+00:00,0.0,0.0,0.0,-102.91000000014901,-102.90999999991618,-102.9100000000326,-102.9100000000326,-102.9100000000326,-102.9100000000326,-102.9100000000326,-102.9100000000326,0.0,0.0,0.0,0.0,-102.91000000014901
2024-06-21 00:00:00+00:00,0.0,0.0,0.0,-97.21891455492005,-720.6000000000931,-720.5999999999767,-720.5999999999767,-720.5999999999767,-720.5999999999767,-720.5999999999767,-720.5999999999767,0.0,0.0,0.0,0.0,-720.5999999998603
2024-06-22 00:00:00+00:00,0.0,0.0,0.0,0.0,114.72999999998137,114.72999999998137,114.72999999998137,114.72999999998137,114.72999999998137,114.72999999998137,114.72999999998137,0.0,0.0,0.0,0.0,114.72999999998137
2024-06-23 00:00:00+00:00,0.0,0.0,0.0,0.0,-1063.5799999998417,-1063.579999999958,-1063.579999999958,-1063.579999999958,-1063.579999999958,-1063.579999999958,-1063.579999999958,-1159.954617499956,0.0,0.0,0.0,-1063.5800000000745
2024-06-24 00:00:00+00:00,0.0,0.0,0.0,0.0,-2908.4300000001676,-2908.430000000051,-2908.430000000051,-2908.430000000051,-2908.430000000051,-2908.430000000051,-2908.430000000051,-2908.430000000051,0.0,0.0,0.0,-2908.429999999935
2024-06-25 00:00:00+00:00,0.0,0.0,0.0,0.0,1526.7100000001956,1526.7099999999627,1526.7099999999627,1526.7099999999627,1526.7099999999627,1526.7099999999627,1526.7099999999627,1526.7099999999627,0.0,0.0,0.0,1526.7099999999627
2024-06-26 00:00:00+00:00,0.0,0.0,0.0,0.0,-973.0300000000279,-973.0299999999115,-973.0299999999115,-973.0299999999115,-973.0299999999115,-973.0299999999115,-973.0299999999115,-973.0299999999115,-1070.5126022349577,-1070.5126022349577,0.0,-973.0300000000279
2024-06-27 00:00:00+00:00,0.0,0.0,0.0,0.0,798.7099999999627,798.7099999999627,798.7099999999627,798.7099999999627,798.7099999999627,798.7099999999627,798.7099999999627,798.7099999999627,798.7099999999627,798.7099999999627,0.0,798.7099999999627
2024-06-28 00:00:00+00:00,0.0,0.0,0.0,0.0,-1302.0400000000373,-1302.0400000000373,-1302.0400000000373,-1302.0400000000373,-1302.0400000000373,-1302.0400000000373,-1302.0400000000373,-1302.0400000000373,-1302.0400000000373,-1302.0400000000373,0.0,-1302.0399999998044
2024-06-29 00:00:00+00:00,0.0,0.0,0.0,0.0,-91.42838381999172,572.3200000000652,572.3200000000652,572.3200000000652,572.3200000000652,572.3200000000652,572.3200000000652,572.3200000000652,572.3200000000652,572.3200000000652,0.0,572.3199999998324
2024-06-30 00:00:00+00:00,0.0,0.0,0.0,0.0,0.0,1782.5899999999674,1782.5899999999674,1782.5899999999674,1782.5899999999674,1782.5899999999674,1782.5899999999674,1782.5899999999674,1782.5899999999674,1782.5899999999674,0.0,1782.5900000000838
2024-07-01 00:00:00+00:00,0.0,0.0,0.0,66.95495543000288,0.0,161.86999999999534,161.86999999999534,161.86999999999534,161.86999999999534,161.86999999999534,161.86999999999534,161.86999999999534,161.86999999999534,161.86999999999534,0.0,161.86999999987893
2024-07-02 00:00:00+00:00,0.0,0.0,0.0,-789.9099999999162,-884.9978254700545,-789.9100000000326,-789.9100000000326,-789.9100000000326,-789.9100000000326,-789.9100000000326,-789.9100000000326,-789.9100000000326,-789.9100000000326,-789.9100000000326,0.0,-789.9099999999162
2024-07-03 00:00:00+00:00,-1987.5201797200134,0.0,0.0,-1895.2100000001956,-93.80814027995802,-1895.2099999999627,-1895.2099999999627,-1895.2099999999627,-1895.2099999999627,-1895.2099999999627,-1895.2099999999627,-1895.2099999999627,-1895.2099999999627,-1895.2099999999627,0.0,-1895.2099999999627
2024-07-04 00:00:00+00:00,-3102.8699999999953,0.0,0.0,-90.18744249478914,0.0,-3102.8699999999953,-3102.8699999999953,-3102.8699999999953,-3102.8699999999953,-3102.8699999999953,-3102.8699999999953,-3102.8699999999953,-3102.8699999999953,-3102.8699999999953,0.0,-3102.8700000001118
2024-07-05 00:00:00+00:00,-91.2161567750154,0.0,0.0,0.0,0.0,-402.70999999996275,-402.70999999996275,-402.70999999996275,-402.70999999996275,-402.70999999996275,-402.70999999996275,-402.70999999996275,-402.70999999996275,-402.70999999996275,0.0,-402.70999999996275
2024-07-06 00:00:00+00:00,0.0,0.0,0.0,0.0,0.0,1605.3199999999488,1605.3199999999488,1605.3199999999488,1605.3199999999488,1605.3199999999488,1605.3199999999488,1605.3199999999488,1605.3199999999488,1605.3199999999488,0.0,1605.3200000000652
2024-07-07 00:00:00+00:00,0.0,0.0,0.0,0.0,0.0,-2390.6600000000326,-2390.6600000000326,-2390.6600000000326,-2390.6600000000326,-2390.6600000000326,-2390.6600000000326,-2390.6600000000326,-2390.6600000000326,-2390.6600000000326,0.0,-2390.659999999916
2024-07-08 00:00:00+00:00,0.0,0.0,0.0,0.0,0.0,845.3400000000838,845.3400000000838,845.3400000000838,845.3400000000838,845.3400000000838,845.3400000000838,845.3400000000838,845.3400000000838,845.3400000000838,0.0,845.339999999851
2024-07-09 00:00:00+00:00,0.0,0.0,0.0,0.0,0.0,1348.4299999999348,1348.4299999999348,1348.4299999999348,1348.4299999999348,1348.4299999999348,1348.4299999999348,1348.4299999999348,1348.4299999999348,1348.4299999999348,0.0,1348.4300000001676
2024-07-10 00:00:00+00:00,0.0,0.0,0.0,0.0,0.0,-335.2700000000186,-335.2700000000186,-335.2700000000186,-335.2700000000186,-335.2700000000186,-335.2700000000186,-335.2700000000186,-335.2700000000186,-335.2700000000186,0.0,-335.2700000000186
2024-07-11 00:00:00+00:00,0.0,0.0,0.0,0.0,0.0,-371.8199999999488,-371.8199999999488,-371.8199999999488,-371.8199999999488,-371.8199999999488,-371.8199999999488,-371.8199999999488,-371.8199999999488,-371.8199999999488,0.0,-371.8200000000652
2024-07-12 00:00:00+00:00,0.0,0.0,0.0,0.0,0.0,568.2600000000093,568.2600000000093,568.2600000000093,568.2600000000093,568.2600000000093,568.2600000000093,568.2600000000093,568.2600000000093,568.2600000000093,0.0,568.2600000000093
2024-07-13 00:00:00+00:00,1229.0781306949211,0.0,0.0,0.0,0.0,1315.5499999999302,1315.5499999999302,1315.5499999999302,1315.5499999999302,1315.5499999999302,1315.5499999999302,1315.5499999999302,1315.5499999999302,1315.5499999999302,0.0,1315.5500000000466
2024-07-14 00:00:00+00:00,1583.8400000000838,0.0,0.0,0.0,0.0,1583.8400000000838,1583.8400000000838,1583.8400000000838,1583.8400000000838,1583.8400000000838,1583.8400000000838,1583.8400000000838,1583.8400000000838,1583.8400000000838,0.0,1583.839999999851
2024-07-15 00:00:00+00:00,3948.7399999999907,0.0,0.0,0.0,0.0,-94.62705251504667,-94.62705251504667,-94.62705251504667,3948.7399999999907,3948.7399999999907,3948.7399999999907,3948.7399999999907,3948.7399999999907,3948.7399999999907,0.0,3948.7399999999907
2024-07-16 00:00:00+00:00,331.8299999999581,0.0,0.0,0.0,0.0,0.0,0.0,0.0,331.8299999999581,331.8299999999581,331.8299999999581,331.8299999999581,331.8299999999581,331.8299999999581,0.0,331.8300000000745
2024-07-17 00:00:00+00:00,-1003.1800000000512,-1098.402368274983,0.0,0.0,0.0,0.0,0.0,0.0,-100.03728172497358,-100.03728172497358,-100.03728172497358,-1003.1800000000512,-1003.1799999999348,-1003.1800000000512,0.0,-1003.1799999999348
2024-07-18 00:00:00+00:00,-102.94999999995343,-102.94999999995343,0.0,0.0,0.0,0.0,0.0,0.0,0.0,0.0,0.0,-96.08668708987534,-96.08668709010817,-96.08668708987534,0.0,-102.94999999995343
2024-07-19 00:00:00+00:00,2724.75,2724.75,0.0,0.0,2633.9715511801187,0.0,0.0,0.0,0.0,0.0,0.0,0.0,0.0,0.0,0.0,2724.75
2024-07-20 00:00:00+00:00,456.21999999997206,456.21999999997206,0.0,0.0,-100.02806119504385,0.0,0.0,0.0,0.0,0.0,0.0,0.0,0.0,0.0,0.0,456.21999999997206
2024-07-21 00:00:00+00:00,1017.4500000000698,1017.4499999999534,916.6806880899239,0.0,916.6806880899239,0.0,0.0,0.0,0.0,0.0,0.0,0.0,0.0,0.0,0.0,1017.4499999999534
2024-07-22 00:00:00+00:00,-623.0600000000559,-623.0600000000559,-623.059999999823,0.0,-623.059999999823,0.0,0.0,0.0,0.0,0.0,0.0,0.0,0.0,0.0,0.0,-623.0600000000559
2024-07-23 00:00:00+00:00,-1618.9799999999814,-1618.9799999999814,-1618.9799999999814,0.0,-1618.9799999999814,0.0,0.0,0.0,0.0,0.0,0.0,0.0,0.0,0.0,0.0,-1618.9799999999814
2024-07-24 00:00:00+00:00,-572.8399999999674,-572.8400000000838,-572.8400000000838,0.0,-572.8400000000838,0.0,0.0,0.0,0.0,0.0,0.0,0.0,0.0,0.0,0.0,-572.8400000000838
2024-07-25 00:00:00+00:00,429.0200000000186,429.0200000000186,429.0200000000186,0.0,-105.54561057011597,0.0,0.0,0.0,0.0,0.0,0.0,0.0,0.0,0.0,0.0,429.0200000000186
2024-07-26 00:00:00+00:00,2128.659999999916,2128.660000000149,2128.659999999916,0.0,0.0,0.0,0.0,0.0,0.0,0.0,0.0,0.0,0.0,0.0,0.0,2128.660000000149
2024-07-27 00:00:00+00:00,-24.669999999925494,-24.670000000158325,-24.669999999925494,0.0,0.0,0.0,0.0,0.0,0.0,0.0,0.0,0.0,0.0,0.0,0.0,-24.670000000158325
2024-07-28 00:00:00+00:00,344.89000000001397,344.8900000001304,344.88999999989755,0.0,0.0,0.0,0.0,0.0,0.0,0.0,0.0,0.0,0.0,0.0,0.0,344.8900000001304
2024-07-29 00:00:00+00:00,-1472.8500000000931,-1472.8500000000931,-1472.8499999998603,0.0,0.0,0.0,0.0,0.0,0.0,0.0,0.0,0.0,0.0,0.0,0.0,-1472.8500000000931
2024-07-30 00:00:00+00:00,-601.7699999999022,-601.7700000000186,-601.7700000000186,-697.6440935700666,0.0,0.0,0.0,0.0,0.0,0.0,0.0,0.0,0.0,0.0,0.0,-601.7700000000186
2024-07-31 00:00:00+00:00,-99.22143516002689,-1560.059999999823,-1560.0600000000559,-99.22143515991047,0.0,0.0,0.0,0.0,0.0,0.0,0.0,0.0,0.0,0.0,0.0,-1560.059999999823
2024-08-01 00:00:00+00:00,581.6232801950537,678.559999999823,678.5600000000559,0.0,0.0,0.0,0.0,0.0,0.0,0.0,0.0,0.0,0.0,0.0,0.0,678.559999999823
2024-08-02 00:00:00+00:00,-92.60757326008752,-3870.119999999879,-3870.1200000001118,0.0,0.0,-3973.3928667400032,-3973.392866739887,0.0,0.0,0.0,0.0,0.0,0.0,0.0,0.0,-3870.119999999879
2024-08-03 00:00:00+00:00,0.0,-743.1300000000047,-743.1299999998882,0.0,0.0,-743.1300000000047,-743.1300000000047,0.0,0.0,0.0,0.0,0.0,0.0,0.0,0.0,-743.1300000001211
2024-08-04 00:00:00+00:00,0.0,-90.98205753508955,-2543.9799999999814,0.0,0.0,-2543.980000000098,-2543.980000000098,-2635.0227324650623,0.0,0.0,0.0,-2635.0227324650623,0.0,0.0,0.0,-2543.9799999999814
2024-08-05 00:00:00+00:00,0.0,0.0,-4101.8300000000745,0.0,0.0,-4101.829999999958,-4101.829999999958,-4101.829999999958,-4189.416030655033,0.0,0.0,-4101.829999999958,0.0,0.0,0.0,-4101.829999999842
2024-08-06 00:00:00+00:00,0.0,0.0,2018.9599999999627,0.0,0.0,2018.9599999999627,2018.9599999999627,2018.9599999999627,2018.9599999999627,1929.0961310499115,0.0,2018.9599999999627,1929.0961310499115,0.0,0.0,2018.9599999999627
2024-08-07 00:00:00+00:00,0.0,0.0,-84.05408096499741,0.0,0.0,-899.9799999999814,-899.9799999999814,-899.9799999999814,-899.9799999999814,-899.9799999999814,-984.0701290350407,-899.9799999999814,-899.9799999999814,-984.0701290350407,0.0,-899.9799999999814
2024-08-08 00:00:00+00:00,0.0,0.0,6478.696217929944,0.0,0.0,6557.479999999981,6557.479999999981,6557.479999999981,6557.479999999981,6557.479999999981,6557.479999999981,6557.479999999981,6557.479999999981,6557.479999999981,0.0,6557.479999999981
2024-08-09 00:00:00+00:00,0.0,0.0,-94.05522297485732,0.0,0.0,-843.4499999999534,-843.4499999999534,-843.4499999999534,-843.4499999999534,-843.4499999999534,-843.4499999999534,-843.4499999999534,-843.4499999999534,-843.4499999999534,0.0,-843.4500000001863
2024-08-10 00:00:00+00:00,0.0,0.0,-21.017497355118394,0.0,0.0,72.89000000001397,72.89000000001397,72.89000000001397,72.89000000001397,72.89000000001397,72.89000000001397,72.89000000001397,72.89000000001397,72.89000000001397,0.0,72.89000000013039
2024-08-11 00:00:00+00:00,0.0,0.0,-2212.529999999795,0.0,0.0,-2212.530000000028,-2212.530000000028,-2212.530000000028,-2212.530000000028,-2212.530000000028,-2212.530000000028,-2212.530000000028,-2212.530000000028,-2212.530000000028,0.0,-2212.530000000028
2024-08-12 00:00:00+00:00,553.2344812800875,0.0,636.2899999998044,0.0,0.0,636.2900000000373,636.2900000000373,636.2900000000373,636.2900000000373,636.2900000000373,636.2900000000373,636.2900000000373,636.2900000000373,636.2900000000373,0.0,636.2900000000373
2024-08-13 00:00:00+00:00,1244.4099999999162,0.0,1244.410000000149,0.0,0.0,1244.4099999999162,1244.4099999999162,1244.4100000000326,1244.4099999999162,1244.4100000000326,1244.4099999999162,1244.4099999999162,1244.4099999999162,1244.4100000000326,0.0,1244.4099999999162
2024-08-14 00:00:00+00:00,-1912.5699999999488,0.0,-1912.5700000000652,0.0,0.0,-1912.5699999999488,-1912.5699999999488,-1912.5700000000652,-1912.5699999999488,-1912.5700000000652,-1912.5699999999488,-1912.5699999999488,-1912.5699999999488,-1912.5700000000652,0.0,-1912.5699999998324
2024-08-15 00:00:00+00:00,-1147.0100000000093,0.0,-88.00658468995243,0.0,0.0,-88.00658468995243,-88.00658468995243,-88.00658468995243,-1147.0100000000093,-1147.0100000000093,-1147.0100000000093,-1147.0100000000093,-1147.0100000000093,-1147.0100000000093,0.0,-1147.0100000000093
2024-08-16 00:00:00+00:00,1345.3800000000047,0.0,0.0,0.0,0.0,0.0,0.0,0.0,1345.3800000000047,1345.3800000000047,1345.3800000000047,1345.3800000000047,1345.3800000000047,1345.3800000000047,0.0,1345.3799999998882
2024-08-17 00:00:00+00:00,-88.30404050496873,0.0,0.0,0.0,0.0,520.1370705049485,0.0,0.0,608.5,608.5,608.5,608.5,608.5,608.5,0.0,608.5
2024-08-18 00:00:00+00:00,0.0,0.0,0.0,0.0,0.0,-89.21648625493981,0.0,0.0,-1059.5899999999674,-1059.5899999999674,-1059.5899999999674,-1059.5899999999674,-1059.5899999999674,-1059.5899999999674,0.0,-1059.5900000000838
2024-08-19 00:00:00+00:00,0.0,0.0,0.0,0.0,0.0,0.0,0.0,0.0,1014.7700000000186,1014.7700000000186,1014.7700000000186,1014.7700000000186,1014.7700000000186,1014.7700000000186,0.0,1014.7700000000186
2024-08-20 00:00:00+00:00,0.0,-527.4334429050796,0.0,0.0,0.0,0.0,0.0,0.0,-435.0800000000745,-435.0800000000745,-435.0800000000745,-435.0800000000745,-435.0800000000745,-435.0800000000745,0.0,-435.0799999998417
2024-08-21 00:00:00+00:00,2057.134106205078,2145.6900000000605,0.0,0.0,0.0,0.0,0.0,0.0,2145.6900000000605,2145.6900000000605,2145.6900000000605,2145.6900000000605,2145.6900000000605,2145.6900000000605,0.0,2145.689999999944
2024-08-22 00:00:00+00:00,-87.46072623005603,-779.9899999999907,0.0,0.0,0.0,0.0,0.0,0.0,-779.9899999999907,-779.9899999999907,-779.9899999999907,-779.9899999999907,-779.9899999999907,-779.9899999999907,0.0,-779.9899999999907
2024-08-23 00:00:00+00:00,3612.8348883599974,3703.429999999935,0.0,0.0,0.0,0.0,0.0,0.0,3703.429999999935,3703.429999999935,3703.429999999935,3703.429999999935,3703.429999999935,3703.429999999935,0.0,3703.429999999935
2024-08-24 00:00:00+00:00,92.9100000000326,-91.19539918494411,0.0,0.0,0.0,0.0,0.0,0.0,92.9100000000326,92.9100000000326,92.9100000000326,92.9100000000326,92.9100000000326,92.9100000000326,0.0,92.90999999991618
2024-08-25 00:00:00+00:00,72.30000000004657,-24.001534814946353,0.0,-24.001534814946353,0.0,0.0,0.0,0.0,-96.23735518497415,-96.23735518497415,-96.23735518497415,-96.23735518497415,-96.23735518497415,-96.23735518497415,0.0,72.30000000004657
2024-08-26 00:00:00+00:00,-1411.9300000000512,-1411.9300000001676,0.0,-1411.9300000001676,-1506.4171400049236,0.0,0.0,0.0,0.0,0.0,0.0,0.0,0.0,0.0,0.0,-1411.9299999999348
2024-08-27 00:00:00+00:00,-3400.359999999986,-3400.3599999998696,0.0,-3400.3599999998696,-3400.3600000001024,0.0,0.0,0.0,0.0,0.0,0.0,0.0,0.0,0.0,0.0,-3400.3600000001024
2024-08-28 00:00:00+00:00,-393.7600000000093,-393.7600000000093,0.0,-393.7600000000093,-91.0868011598941,0.0,0.0,0.0,0.0,0.0,0.0,0.0,0.0,0.0,0.0,-393.7600000000093
2024-08-29 00:00:00+00:00,318.5899999999674,-86.48238603002392,0.0,-86.48238603002392,0.0,227.92856602999382,0.0,0.0,0.0,0.0,0.0,227.92856602999382,0.0,0.0,0.0,318.5900000000838
2024-08-30 00:00:00+00:00,-100.35000343993306,-329.409356559976,0.0,0.0,0.0,-251.69999999995343,0.0,0.0,0.0,0.0,0.0,-251.69999999995343,0.0,0.0,0.0,-251.69999999995343
2024-08-31 00:00:00+00:00,0.0,-144.40000000002328,0.0,0.0,-237.9259437948931,-144.40000000002328,0.0,0.0,0.0,0.0,0.0,-144.40000000002328,0.0,0.0,0.0,-144.39999999990687
2024-09-01 00:00:00+00:00,0.0,-1669.3699999999953,0.0,0.0,-1669.3700000001118,-1669.3699999999953,0.0,0.0,0.0,0.0,0.0,-1669.3699999999953,0.0,0.0,0.0,-1669.3700000001118
2024-09-02 00:00:00+00:00,0.0,-93.69816939497832,0.0,0.0,-93.69816939509474,1840.829999999958,0.0,0.0,0.0,0.0,0.0,1840.829999999958,0.0,0.0,0.0,1840.8300000000745
2024-09-03 00:00:00+00:00,0.0,0.0,0.0,0.0,0.0,-1670.9899999999907,-1758.787904445082,-1758.7879044449655,-1758.787904445082,-1758.7879044449655,0.0,-1670.9899999999907,-1758.787904445082,0.0,0.0,-1670.9899999999907
2024-09-04 00:00:00+00:00,0.0,0.0,0.0,424.28051974996924,0.0,502.1600000000326,502.1600000000326,502.1600000000326,502.1600000000326,502.1600000000326,0.0,502.1600000000326,502.1600000000326,0.0,0.0,502.1599999999162
2024-09-05 00:00:00+00:00,0.0,0.0,0.0,-1814.1799999999348,0.0,-1814.1800000000512,-1814.1800000000512,-1814.1800000000512,-1814.1800000000512,-1814.1800000000512,0.0,-1814.1800000000512,-1814.1800000000512,0.0,0.0,-1814.1799999999348
2024-09-06 00:00:00+00:00,0.0,0.0,-2291.073308410123,-84.20715159014799,0.0,-2206.8099999999395,-2206.8099999999395,-2206.8099999999395,-2206.8099999999395,-2206.8099999999395,0.0,-2206.8099999999395,-2206.8099999999395,0.0,0.0,-2206.810000000056
2024-09-07 00:00:00+00:00,0.0,0.0,206.3200000000652,125.37802499998361,0.0,206.31999999994878,206.31999999994878,206.31999999994878,206.31999999994878,206.31999999994878,125.37802499998361,206.31999999994878,206.31999999994878,0.0,0.0,206.3200000000652
2024-09-08 00:00:00+00:00,0.0,0.0,-77.94232019991614,-77.94232019991614,0.0,724.7800000000279,724.7800000000279,724.7800000000279,724.7800000000279,724.7800000000279,724.7800000000279,724.7800000000279,724.7800000000279,640.2435202000197,0.0,724.7800000000279
2024-09-09 00:00:00+00:00,0.0,0.0,0.0,0.0,0.0,2172.7900000000373,2172.7900000000373,2172.7900000000373,2172.7900000000373,2172.7900000000373,2172.7900000000373,2172.7900000000373,2172.7900000000373,2172.7900000000373,0.0,2172.7899999998044
2024-09-10 00:00:00+00:00,0.0,0.0,0.0,0.0,0.0,591.6899999999441,591.6899999999441,591.6899999999441,591.6899999999441,591.6899999999441,591.6899999999441,591.6899999999441,591.6899999999441,591.6899999999441,0.0,591.690000000177
2024-09-11 00:00:00+00:00,0.0,0.0,0.0,0.0,0.0,-292.79999999993015,-292.79999999993015,-292.79999999993015,-292.79999999993015,-292.79999999993015,-292.79999999993015,-292.79999999993015,-292.79999999993015,-292.79999999993015,0.0,-292.80000000004657
2024-09-12 00:00:00+00:00,698.5619435400004,0.0,0.0,0.0,0.0,-85.8707035400439,-85.8707035400439,-85.8707035400439,784.75,784.75,784.75,784.75,784.75,784.75,0.0,784.75
2024-09-13 00:00:00+00:00,-87.3869263350498,0.0,0.0,0.0,0.0,0.0,0.0,0.0,2405.8099999999395,2405.8099999999395,2405.8099999999395,2405.8099999999395,2405.8099999999395,2405.8099999999395,0.0,2405.810000000056
2024-09-14 00:00:00+00:00,-621.8452966749901,0.0,0.0,0.0,0.0,0.0,0.0,0.0,-531.0,-531.0,-531.0,-531.0,-531.0,-531.0,0.0,-531.0
2024-09-15 00:00:00+00:00,-890.0200000000186,-980.0585161700146,-980.0585161698982,0.0,0.0,0.0,0.0,0.0,-89.99850382993463,-89.99850382993463,-89.99850382993463,-890.0200000000186,-890.0200000000186,-890.0200000000186,0.0,-890.0200000000186
2024-09-16 00:00:00+00:00,-913.5799999999581,-913.5799999999581,-913.5800000000745,0.0,0.0,0.0,0.0,0.0,0.0,0.0,0.0,-913.5799999999581,-913.5799999999581,-913.5799999999581,0.0,-913.5800000000745
2024-09-17 00:00:00+00:00,2103.8499999999767,2103.8499999999767,2103.850000000093,0.0,0.0,0.0,0.0,0.0,0.0,0.0,0.0,2103.8499999999767,2103.8499999999767,2103.8499999999767,0.0,2103.850000000093
2024-09-18 00:00:00+00:00,1456.5800000000745,-85.66591131000314,-85.66591131011955,0.0,0.0,0.0,0.0,0.0,0.0,0.0,0.0,1456.5800000000745,1456.5800000000745,1456.5800000000745,0.0,1456.5799999998417
2024-09-19 00:00:00+00:00,1190.9599999999627,1097.0735448100604,1097.0735448100604,0.0,0.0,0.0,0.0,0.0,0.0,0.0,0.0,1190.9599999999627,1190.9599999999627,1190.9599999999627,0.0,1190.9599999999627
2024-09-20 00:00:00+00:00,250.55000000004657,250.55000000004657,250.55000000004657,0.0,0.0,0.0,0.0,0.0,0.0,0.0,0.0,-98.502581979963,-98.502581979963,-98.502581979963,0.0,250.55000000004657
2024-09-21 00:00:00+00:00,152.04999999993015,152.04999999993015,152.05000000004657,0.0,0.0,0.0,0.0,0.0,0.0,0.0,0.0,0.0,0.0,0.0,0.0,152.05000000004657
2024-09-22 00:00:00+00:00,214.9200000000419,214.9200000000419,214.9199999999255,0.0,0.0,0.0,0.0,0.0,0.0,0.0,0.0,0.0,0.0,0.0,0.0,214.9199999999255
2024-09-23 00:00:00+00:00,-238.79000000003725,-238.79000000003725,-238.79000000003725,0.0,0.0,0.0,0.0,0.0,0.0,0.0,0.0,0.0,0.0,0.0,0.0,-238.78999999980442
2024-09-24 00:00:00+00:00,934.0600000000559,934.0600000000559,-94.99660557508469,0.0,0.0,0.0,0.0,0.0,0.0,0.0,0.0,0.0,0.0,0.0,0.0,934.059999999823
2024-09-25 00:00:00+00:00,-1142.0400000000373,-1142.0400000000373,0.0,0.0,0.0,0.0,0.0,0.0,0.0,0.0,0.0,0.0,0.0,0.0,0.0,-1142.0400000000373
2024-09-26 00:00:00+00:00,2046.3199999999488,2046.3199999999488,1951.351739434991,0.0,0.0,0.0,0.0,0.0,0.0,0.0,0.0,0.0,0.0,0.0,0.0,2046.3200000000652
2024-09-27 00:00:00+00:00,611.7900000000373,611.7900000000373,611.7900000000373,0.0,0.0,0.0,0.0,0.0,0.0,0.0,0.0,0.0,0.0,0.0,0.0,611.7900000000373
2024-09-28 00:00:00+00:00,69.98999999999069,69.98999999999069,69.98999999999069,0.0,0.0,0.0,0.0,0.0,0.0,0.0,0.0,0.0,0.0,0.0,0.0,69.98999999999069
2024-09-29 00:00:00+00:00,-258.9799999999814,-258.9799999999814,-258.9799999999814,0.0,0.0,0.0,0.0,0.0,0.0,0.0,0.0,0.0,0.0,0.0,0.0,-258.9799999999814
2024-09-30 00:00:00+00:00,-2298.7600000000093,-2298.7600000000093,-2298.7600000000093,0.0,0.0,0.0,0.0,0.0,0.0,0.0,0.0,0.0,0.0,0.0,0.0,-2298.7600000000093
2024-10-01 00:00:00+00:00,-2511.25,-2511.25,-2511.25,-2610.5099327599164,0.0,0.0,0.0,0.0,0.0,0.0,0.0,0.0,0.0,0.0,0.0,-2511.25
2024-10-02 00:00:00+00:00,-88.5285486850189,-158.63000000000466,-158.62999999988824,-88.52854868513532,0.0,0.0,0.0,0.0,0.0,0.0,0.0,0.0,0.0,0.0,0.0,-158.62999999988824
2024-10-03 00:00:00+00:00,0.0,113.61999999999534,113.61999999987893,0.0,0.0,22.652644320041873,22.652644320041873,22.652644320041873,0.0,0.0,0.0,0.0,0.0,0.0,0.0,113.61999999987893
2024-10-04 00:00:00+00:00,0.0,-91.07712749997154,1345.719999999972,0.0,0.0,1345.719999999972,1345.719999999972,1345.719999999972,0.0,0.0,0.0,0.0,0.0,0.0,0.0,1345.719999999972
2024-10-05 00:00:00+00:00,0.0,0.0,-39.419999999925494,-132.57709535001777,0.0,-39.419999999925494,-39.419999999925494,-39.419999999925494,0.0,0.0,0.0,0.0,0.0,0.0,0.0,-39.419999999925494
2024-10-06 00:00:00+00:00,0.0,0.0,759.5700000000652,759.5700000000652,0.0,759.5699999999488,759.5699999999488,759.5699999999488,0.0,0.0,0.0,0.0,0.0,0.0,0.0,759.5700000000652
2024-10-07 00:00:00+00:00,0.0,0.0,-610.5800000000745,-610.5800000000745,0.0,-610.5799999999581,-610.5799999999581,-610.5799999999581,0.0,0.0,0.0,0.0,0.0,0.0,0.0,-610.5800000000745
2024-10-08 00:00:00+00:00,0.0,0.0,-78.26000000000931,-78.26000000000931,0.0,-78.26000000000931,-78.26000000000931,-78.26000000000931,0.0,0.0,0.0,0.0,0.0,0.0,0.0,-78.26000000000931
2024-10-09 00:00:00+00:00,0.0,0.0,-1543.7399999999907,-1543.7399999999907,0.0,-1543.7399999999907,-1543.7399999999907,-1543.7399999999907,0.0,0.0,0.0,0.0,0.0,0.0,0.0,-1543.7399999999907
2024-10-10 00:00:00+00:00,-389.647709139972,0.0,-298.75,-298.75,0.0,-298.75,-298.75,-298.75,0.0,0.0,0.0,0.0,0.0,0.0,0.0,-298.75
2024-10-11 00:00:00+00:00,-90.3891552350251,0.0,2239.219999999972,-90.38915523490869,0.0,2239.219999999972,2239.219999999972,2239.219999999972,0.0,0.0,0.0,0.0,0.0,0.0,0.0,2239.219999999972
2024-10-12 00:00:00+00:00,0.0,0.0,668.7199999999721,574.9106156250928,0.0,668.7199999999721,668.7199999999721,668.7199999999721,574.9106156249763,0.0,0.0,0.0,0.0,0.0,0.0,668.7199999999721
2024-10-13 00:00:00+00:00,-432.58621153992135,0.0,-342.1699999999255,-342.1700000001583,0.0,-99.13302845996805,-99.13302845996805,-99.13302845996805,-99.13302845996805,0.0,0.0,0.0,0.0,0.0,0.0,-342.1699999999255
2024-10-14 00:00:00+00:00,3220.3499999999767,0.0,3220.3499999998603,3220.350000000093,0.0,0.0,0.0,0.0,0.0,0.0,0.0,0.0,0.0,0.0,0.0,3220.3499999998603
2024-10-15 00:00:00+00:00,990.9499999999534,0.0,990.9500000001863,990.9499999999534,0.0,0.0,0.0,0.0,0.0,0.0,0.0,0.0,0.0,0.0,0.0,990.9500000001863
2024-10-16 00:00:00+00:00,551.8400000000838,451.20154169003945,551.839999999851,551.8400000000838,0.0,0.0,0.0,0.0,0.0,0.0,0.0,0.0,0.0,0.0,0.0,551.839999999851
2024-10-17 00:00:00+00:00,-206.11000000010245,-206.11000000010245,-206.10999999986961,-206.11000000010245,-307.5664792249445,0.0,0.0,0.0,0.0,0.0,0.0,0.0,0.0,0.0,0.0,-206.10999999986961
2024-10-18 00:00:00+00:00,1023.7800000000279,1023.7800000000279,1023.7800000000279,1023.7800000000279,1023.7800000000279,0.0,0.0,0.0,0.0,0.0,0.0,0.0,0.0,0.0,0.0,1023.7800000000279
2024-10-19 00:00:00+00:00,-62.38000000000466,-62.38000000000466,-62.38000000012107,-62.37999999988824,-62.38000000012107,0.0,0.0,0.0,0.0,0.0,0.0,0.0,0.0,0.0,0.0,-62.38000000012107
2024-10-20 00:00:00+00:00,651.1300000000047,651.1300000000047,651.1300000001211,651.1299999998882,651.1300000001211,0.0,0.0,0.0,0.0,0.0,0.0,0.0,0.0,0.0,0.0,651.1300000001211
2024-10-21 00:00:00+00:00,-1668.7099999999627,-1668.7099999999627,-1668.7100000001956,-1668.7099999999627,-1668.7100000001956,0.0,0.0,0.0,0.0,0.0,0.0,0.0,0.0,0.0,0.0,-1668.7100000001956
2024-10-22 00:00:00+00:00,33.92999999993481,33.92999999993481,33.93000000016764,33.92999999993481,33.93000000016764,0.0,0.0,0.0,0.0,0.0,0.0,0.0,0.0,0.0,0.0,33.93000000016764
2024-10-23 00:00:00+00:00,-778.9699999999721,-778.9699999999721,-778.9699999999721,-778.9699999999721,-778.9699999999721,0.0,0.0,0.0,0.0,0.0,0.0,0.0,0.0,0.0,0.0,-778.9699999999721
2024-10-24 00:00:00+00:00,1555.7299999999814,1555.7299999999814,1555.7299999999814,1555.7299999999814,1555.7299999999814,0.0,0.0,0.0,0.0,0.0,0.0,0.0,0.0,0.0,0.0,1555.7299999999814
2024-10-25 00:00:00+00:00,-102.2011815799633,-1592.329999999958,-1592.3300000000745,-1592.3300000000745,-1592.3300000000745,0.0,0.0,0.0,0.0,0.0,0.0,0.0,0.0,0.0,0.0,-1592.3300000000745
2024-10-26 00:00:00+00:00,348.1699527449673,448.04999999993015,448.05000000004657,448.05000000004657,448.05000000004657,0.0,0.0,0.0,0.0,0.0,0.0,0.0,0.0,0.0,0.0,448.05000000004657
2024-10-27 00:00:00+00:00,-104.88872092496604,930.6300000001211,930.6299999998882,930.6300000001211,930.6299999998882,0.0,0.0,0.0,0.0,0.0,0.0,0.0,0.0,0.0,0.0,930.6299999998882
2024-10-28 00:00:00+00:00,0.0,1981.3099999999395,1981.3100000000559,1981.3100000000559,1981.3100000000559,0.0,0.0,0.0,0.0,0.0,0.0,0.0,0.0,0.0,0.0,1981.3100000000559
2024-10-29 00:00:00+00:00,0.0,2799.8499999999767,2799.850000000093,2799.8499999998603,2799.850000000093,0.0,0.0,0.0,0.0,0.0,0.0,0.0,0.0,0.0,0.0,2799.850000000093
2024-10-30 00:00:00+00:00,-510.56288717500865,-401.4399999999441,-401.44000000017695,-401.4399999999441,-401.44000000017695,0.0,0.0,0.0,0.0,0.0,0.0,0.0,0.0,0.0,0.0,-401.44000000017695
2024-10-31 00:00:00+00:00,-2125.0800000000745,-2125.0800000000745,-2125.0799999998417,-2125.0800000000745,-2125.0799999998417,0.0,0.0,0.0,0.0,0.0,0.0,0.0,0.0,0.0,0.0,-2125.0799999998417
2024-11-01 00:00:00+00:00,-730.5399999999208,-730.5399999999208,-730.5400000000373,-730.5400000000373,-730.5400000000373,0.0,0.0,0.0,0.0,0.0,0.0,0.0,0.0,0.0,0.0,-730.5400000000373
2024-11-02 00:00:00+00:00,-108.34999999997672,-108.34999999997672,-108.35000000009313,-108.3499999998603,-108.35000000009313,0.0,0.0,0.0,0.0,0.0,0.0,0.0,0.0,0.0,0.0,-108.35000000009313
2024-11-03 00:00:00+00:00,-620.7600000000093,-620.7600000000093,-620.7600000000093,-620.7600000000093,-620.7600000000093,0.0,0.0,0.0,0.0,0.0,0.0,0.0,0.0,0.0,0.0,-620.7600000000093
2024-11-04 00:00:00+00:00,-930.7000000000698,-930.7000000000698,-930.6999999999534,-930.6999999999534,-930.6999999999534,0.0,0.0,0.0,0.0,0.0,0.0,0.0,0.0,0.0,0.0,-930.6999999999534
2024-11-05 00:00:00+00:00,1573.25,-99.01131992496084,1573.25,1573.25,1573.25,0.0,0.0,0.0,0.0,0.0,0.0,0.0,0.0,0.0,0.0,1573.25
2024-11-06 00:00:00+00:00,-104.12626967998222,6161.8043496799655,6265.820000000065,6265.819999999832,6265.820000000065,6161.804349680082,0.0,0.0,0.0,0.0,0.0,0.0,0.0,0.0,0.0,6265.820000000065
2024-11-07 00:00:00+00:00,0.0,273.45000000018626,273.44999999995343,273.45000000018626,273.44999999995343,-113.43200172507204,0.0,0.0,0.0,0.0,0.0,0.0,0.0,0.0,0.0,273.44999999995343
2024-11-08 00:00:00+00:00,527.804537500022,646.7299999999814,646.7299999999814,646.7299999999814,646.7299999999814,0.0,0.0,0.0,0.0,0.0,0.0,0.0,0.0,0.0,0.0,646.7299999999814
2024-11-09 00:00:00+00:00,149.3299999999581,149.32999999984168,149.3300000000745,149.32999999984168,149.3300000000745,0.0,0.0,0.0,0.0,0.0,0.0,0.0,0.0,0.0,0.0,149.3300000000745
2024-11-10 00:00:00+00:00,3712.8600000001024,3712.8600000001024,3712.8599999998696,3712.8600000001024,3712.8599999998696,0.0,0.0,0.0,0.0,0.0,0.0,0.0,0.0,0.0,0.0,3712.8599999998696
2024-11-11 00:00:00+00:00,8341.80999999994,8341.810000000056,8341.810000000056,8341.810000000056,8341.810000000056,0.0,0.0,0.0,0.0,0.0,0.0,0.0,0.0,0.0,0.0,8341.810000000056
2024-11-12 00:00:00+00:00,-735.2999999999302,-735.3000000000466,-735.3000000000466,-735.3000000000466,-735.3000000000466,0.0,0.0,0.0,0.0,0.0,0.0,0.0,0.0,0.0,0.0,-735.3000000000466
2024-11-13 00:00:00+00:00,2458.3899999998976,2458.3899999998976,2458.3900000001304,2458.3899999998976,2458.3900000001304,0.0,0.0,0.0,0.0,0.0,0.0,0.0,0.0,0.0,0.0,2458.3900000001304
2024-11-14 00:00:00+00:00,-3153.4199999999255,-3153.4199999999255,-3153.4200000001583,-3153.4199999999255,-3153.4200000001583,0.0,0.0,0.0,0.0,0.0,0.0,0.0,0.0,0.0,0.0,-3153.4200000001583
2024-11-15 00:00:00+00:00,3717.9599999999627,3717.9599999999627,3717.9600000001956,3717.9599999999627,3717.9600000001956,0.0,0.0,0.0,0.0,0.0,0.0,0.0,0.0,0.0,0.0,3717.9600000001956
2024-11-16 00:00:00+00:00,-422.11999999999534,-422.1199999998789,-422.12000000011176,-422.1199999998789,-422.12000000011176,0.0,0.0,0.0,0.0,0.0,0.0,0.0,0.0,0.0,0.0,-422.12000000011176
2024-11-17 00:00:00+00:00,-749.5499999999302,-749.5500000000466,-749.5500000000466,-749.5500000000466,-749.5500000000466,0.0,0.0,0.0,0.0,0.0,0.0,0.0,0.0,0.0,0.0,-749.5500000000466
2024-11-18 00:00:00+00:00,633.609999999986,633.6099999998696,633.6100000001024,633.6099999998696,633.6100000001024,0.0,0.0,0.0,0.0,0.0,0.0,0.0,0.0,0.0,0.0,633.6100000001024
2024-11-19 00:00:00+00:00,1915.5899999999674,1915.5900000000838,1915.589999999851,1915.5900000000838,1915.589999999851,0.0,0.0,0.0,0.0,0.0,0.0,0.0,0.0,0.0,0.0,1915.589999999851
2024-11-20 00:00:00+00:00,1957.2600000000093,1957.2600000000093,1957.2600000000093,1957.2600000000093,1957.2600000000093,0.0,0.0,0.0,0.0,0.0,0.0,0.0,0.0,0.0,0.0,1957.2600000000093
2024-11-21 00:00:00+00:00,4045.939999999944,4045.939999999944,4045.940000000177,4045.939999999944,4045.940000000177,0.0,0.0,0.0,0.0,0.0,0.0,0.0,0.0,0.0,0.0,4045.940000000177
2024-11-22 00:00:00+00:00,584.9399999999441,584.9399999999441,584.9399999999441,584.9399999999441,584.9399999999441,0.0,0.0,0.0,0.0,0.0,0.0,0.0,0.0,0.0,0.0,584.9399999999441
2024-11-23 00:00:00+00:00,-1245.2600000000093,-1245.2600000000093,-1245.2600000000093,-1245.2600000000093,-1245.2600000000093,0.0,0.0,0.0,0.0,0.0,0.0,0.0,0.0,0.0,0.0,-1245.2600000000093
2024-11-24 00:00:00+00:00,249.410000000149,249.410000000149,249.40999999991618,249.410000000149,249.40999999991618,0.0,0.0,0.0,0.0,0.0,0.0,0.0,0.0,0.0,0.0,249.40999999991618
2024-11-25 00:00:00+00:00,-5028.170000000042,-5028.170000000158,-5028.1699999999255,-5028.170000000158,-5028.1699999999255,0.0,0.0,0.0,0.0,0.0,0.0,0.0,0.0,0.0,0.0,-5028.1699999999255
2024-11-26 00:00:00+00:00,-1070.469999999972,-1070.469999999972,-1070.469999999972,-1070.469999999972,-1070.469999999972,0.0,0.0,0.0,0.0,0.0,0.0,0.0,0.0,0.0,0.0,-1070.469999999972
2024-11-27 00:00:00+00:00,4021.6500000000233,4021.6500000001397,4021.649999999907,4021.6500000001397,4021.649999999907,0.0,0.0,0.0,0.0,0.0,0.0,0.0,0.0,0.0,0.0,4021.649999999907
2024-11-28 00:00:00+00:00,-143.8788094050251,-285.660000000149,-285.6599999999162,-285.660000000149,-285.6599999999162,0.0,0.0,0.0,0.0,0.0,0.0,0.0,0.0,0.0,0.0,-285.6599999999162
2024-11-29 00:00:00+00:00,1681.4838722350542,1825.030000000028,1825.030000000028,1825.030000000028,1825.030000000028,0.0,0.0,0.0,0.0,0.0,0.0,0.0,0.0,0.0,0.0,1825.030000000028
2024-11-30 00:00:00+00:00,-146.94595510000363,-1025.1399999998976,-1025.1400000001304,-1025.1399999998976,-1025.1400000001304,0.0,0.0,0.0,0.0,0.0,0.0,0.0,0.0,0.0,0.0,-1025.1400000001304
2024-12-01 00:00:00+00:00,0.0,797.7600000000093,797.7600000000093,797.7600000000093,797.7600000000093,0.0,0.0,0.0,0.0,0.0,0.0,0.0,0.0,0.0,0.0,797.7600000000093
2024-12-02 00:00:00+00:00,0.0,-1400.2900000000373,-1400.2900000000373,-1400.2900000000373,-1400.2900000000373,0.0,0.0,0.0,0.0,0.0,0.0,0.0,0.0,0.0,0.0,-1400.2900000000373
2024-12-03 00:00:00+00:00,0.0,61.62999999988824,61.63000000012107,61.62999999988824,61.63000000012107,0.0,0.0,0.0,0.0,0.0,0.0,0.0,0.0,0.0,0.0,61.63000000012107
2024-12-04 00:00:00+00:00,2677.4547625749838,2821.720000000205,2821.719999999972,2821.720000000205,2821.719999999972,0.0,0.0,0.0,0.0,0.0,0.0,0.0,0.0,0.0,0.0,2821.719999999972
2024-12-05 00:00:00+00:00,-1702.0100000000093,-1702.0100000000093,-1702.0100000000093,-1702.0100000000093,-1702.0100000000093,0.0,0.0,0.0,0.0,0.0,0.0,0.0,0.0,0.0,0.0,-1702.0100000000093
2024-12-06 00:00:00+00:00,2847.1200000001118,2847.119999999879,2847.1200000001118,2847.119999999879,2847.1200000001118,0.0,0.0,0.0,0.0,0.0,0.0,0.0,0.0,0.0,0.0,2847.1200000001118
2024-12-07 00:00:00+00:00,37.96999999997206,-155.75811231485568,37.96999999997206,37.96999999997206,37.96999999997206,0.0,0.0,0.0,0.0,0.0,0.0,0.0,0.0,0.0,0.0,37.96999999997206
2024-12-08 00:00:00+00:00,1245.6699999999255,1105.8612404000014,1245.6699999999255,1245.6700000001583,1245.6699999999255,0.0,0.0,0.0,0.0,0.0,0.0,0.0,0.0,0.0,0.0,1245.6699999999255
2024-12-09 00:00:00+00:00,-3850.179999999935,-3850.179999999935,-3850.179999999935,-3850.1800000001676,-3850.179999999935,0.0,0.0,0.0,0.0,0.0,0.0,0.0,0.0,0.0,0.0,-3850.179999999935
2024-12-10 00:00:00+00:00,-664.0500000000466,-664.0500000000466,-664.0500000000466,-664.0500000000466,-664.0500000000466,0.0,0.0,0.0,0.0,0.0,0.0,0.0,0.0,0.0,0.0,-664.0500000000466
2024-12-11 00:00:00+00:00,4541.350000000093,4541.350000000093,4541.350000000093,4541.350000000093,4541.350000000093,0.0,0.0,0.0,0.0,0.0,0.0,0.0,0.0,0.0,0.0,4541.350000000093
2024-12-12 00:00:00+00:00,-1171.6400000001304,-1171.6400000001304,-1171.6400000001304,-1171.6399999998976,-1171.6400000001304,0.0,0.0,0.0,0.0,0.0,0.0,0.0,0.0,0.0,0.0,-1171.6400000001304
2024-12-13 00:00:00+00:00,1398.280000000028,1398.280000000028,1398.280000000028,1398.280000000028,1398.280000000028,0.0,0.0,0.0,0.0,0.0,0.0,0.0,0.0,0.0,0.0,1398.280000000028
2024-12-14 00:00:00+00:00,-28.760000000009313,-28.760000000009313,-28.760000000009313,-28.760000000009313,-28.760000000009313,0.0,0.0,0.0,0.0,0.0,0.0,0.0,0.0,0.0,0.0,-28.760000000009313
2024-12-15 00:00:00+00:00,3047.7700000000186,3047.7700000000186,3047.7700000000186,3047.769999999786,3047.7700000000186,0.0,0.0,0.0,0.0,0.0,0.0,0.0,0.0,0.0,0.0,3047.7700000000186
2024-12-16 00:00:00+00:00,1652.0500000000466,1652.0500000000466,1652.0500000000466,1652.0500000000466,1652.0500000000466,0.0,0.0,0.0,0.0,0.0,0.0,0.0,0.0,0.0,0.0,1652.0500000000466
2024-12-17 00:00:00+00:00,37.17999999993481,37.17999999993481,37.17999999993481,37.18000000016764,37.17999999993481,0.0,0.0,0.0,0.0,0.0,0.0,0.0,0.0,0.0,0.0,37.17999999993481
2024-12-18 00:00:00+00:00,-5986.260000000009,-5986.260000000009,-5986.260000000009,-5986.260000000009,-5986.260000000009,0.0,0.0,0.0,0.0,0.0,0.0,0.0,0.0,0.0,0.0,-5986.260000000009
2024-12-19 00:00:00+00:00,-2778.5200000000186,-2778.5200000000186,-2778.5200000000186,-2778.5200000000186,-2778.5200000000186,0.0,0.0,0.0,0.0,0.0,0.0,0.0,0.0,0.0,0.0,-2778.5200000000186
2024-12-20 00:00:00+00:00,-146.01961389998905,392.79000000003725,392.79000000003725,392.79000000003725,392.79000000003725,0.0,0.0,0.0,0.0,0.0,0.0,0.0,0.0,0.0,0.0,392.79000000003725
2024-12-21 00:00:00+00:00,0.0,-534.9199999999255,-534.9199999999255,-534.9200000001583,-534.9199999999255,-679.3630063750315,-679.3630063750315,0.0,0.0,0.0,0.0,0.0,0.0,0.0,0.0,-534.9199999999255
2024-12-22 00:00:00+00:00,0.0,-145.7865199551452,-2142.3300000000745,-2142.3299999998417,-2142.3300000000745,-2142.329999999958,-2142.329999999958,0.0,0.0,0.0,0.0,0.0,0.0,0.0,0.0,-2142.3300000000745
2024-12-23 00:00:00+00:00,0.0,0.0,-139.18917942489497,-323.19000000017695,-323.1899999999441,-323.1899999999441,-323.1899999999441,0.0,0.0,0.0,0.0,0.0,0.0,0.0,0.0,-323.1899999999441
2024-12-24 00:00:00+00:00,0.0,0.0,0.0,3829.910000000149,3829.909999999916,3829.909999999916,3829.909999999916,3684.3907960599754,3684.3907960599754,3684.3907960599754,0.0,0.0,0.0,0.0,0.0,3829.909999999916
2024-12-25 00:00:00+00:00,0.0,0.0,0.0,751.809999999823,751.8100000000559,751.8100000000559,751.8100000000559,751.8100000000559,751.8100000000559,751.8100000000559,0.0,0.0,0.0,0.0,0.0,751.8100000000559
2024-12-26 00:00:00+00:00,0.0,-3838.267684334889,-3838.267684334889,-3676.7899999998044,-3676.7900000000373,-3676.7900000000373,-3676.7900000000373,-3676.7900000000373,-136.59832566499244,-136.59832566499244,0.0,0.0,0.0,0.0,0.0,-3676.7900000000373
2024-12-27 00:00:00+00:00,0.0,-143.54626530013047,-1497.6000000000931,-1497.6000000000931,-1497.6000000000931,-1497.5999999999767,-1497.5999999999767,-1497.5999999999767,0.0,0.0,0.0,0.0,0.0,0.0,0.0,-1497.6000000000931
2024-12-28 00:00:00+00:00,0.0,0.0,958.9299999999348,958.9299999999348,958.9300000001676,958.9300000000512,958.9300000000512,958.9299999999348,817.8153641500976,0.0,0.0,0.0,0.0,0.0,0.0,958.9300000001676
2024-12-29 00:00:00+00:00,0.0,0.0,-147.8708222049754,-1567.469999999972,-1567.469999999972,-1567.4700000000885,-1567.4700000000885,-1567.469999999972,-1567.4700000000885,-1704.9759477949701,0.0,0.0,0.0,0.0,0.0,-1567.469999999972
2024-12-30 00:00:00+00:00,0.0,0.0,0.0,-942.6399999998976,-942.6400000001304,-942.640000000014,-942.640000000014,-942.640000000014,-942.640000000014,-942.640000000014,0.0,0.0,0.0,0.0,0.0,-942.6400000001304
2024-12-31 00:00:00+00:00,0.0,0.0,0.0,733.5100000000093,733.5100000000093,733.5100000000093,733.5100000000093,733.5100000000093,733.5100000000093,733.5100000000093,594.5426396499388,0.0,0.0,0.0,0.0,733.5100000000093
2025-01-01 00:00:00+00:00,0.0,0.0,0.0,1029.369999999879,1029.3700000001118,1029.3699999999953,1029.3699999999953,1029.3699999999953,1029.3699999999953,1029.3699999999953,1029.3699999999953,0.0,0.0,0.0,0.0,1029.3700000001118
2025-01-02 00:00:00+00:00,0.0,0.0,0.0,2519.600000000093,2519.5999999998603,2519.5999999999767,2519.5999999999767,2519.600000000093,2519.5999999999767,2519.5999999999767,2519.5999999999767,0.0,0.0,0.0,0.0,2519.5999999998603
2025-01-03 00:00:00+00:00,0.0,0.0,0.0,1233.3199999998324,1233.3200000000652,1233.3200000000652,1233.3200000000652,1233.3199999999488,1233.3200000000652,1233.3200000000652,1233.3200000000652,0.0,0.0,0.0,0.0,1233.3200000000652
2025-01-04 00:00:00+00:00,-77.25884492485784,0.0,-77.25884492485784,73.34000000008382,73.34000000008382,-143.82070507504977,-143.82070507504977,-143.82070507493336,73.3399999999674,73.3399999999674,73.3399999999674,0.0,0.0,0.0,0.0,73.34000000008382
2025-01-05 00:00:00+00:00,135.47999999998137,-11.883879924891517,-147.2656700750813,135.47999999998137,135.47999999998137,0.0,0.0,0.0,135.47999999998137,135.47999999998137,135.47999999998137,0.0,0.0,0.0,0.0,135.47999999998137
2025-01-06 00:00:00+00:00,3934.0799999998417,3934.0799999998417,3784.1893511749804,3934.0800000000745,3934.0799999998417,0.0,0.0,0.0,3934.0800000000745,3934.0800000000745,3934.0800000000745,0.0,0.0,0.0,0.0,3934.0799999998417
2025-01-07 00:00:00+00:00,-5337.429999999935,-5337.429999999935,-153.36797529482283,-5337.429999999935,-5337.429999999935,0.0,0.0,0.0,-153.36797529505566,-153.36797529505566,-153.36797529505566,0.0,0.0,0.0,0.0,-5337.429999999935
2025-01-08 00:00:00+00:00,-1905.3499999999767,-1905.3500000000931,-2050.811440989841,-1905.3500000000931,-1905.3499999998603,0.0,0.0,0.0,0.0,0.0,0.0,0.0,0.0,0.0,0.0,-1905.3499999998603
2025-01-09 00:00:00+00:00,-2489.1900000000605,-145.95225340989418,-145.952253410127,-2489.189999999944,-2489.190000000177,0.0,0.0,0.0,0.0,0.0,0.0,0.0,0.0,0.0,0.0,-2489.190000000177
2025-01-10 00:00:00+00:00,2153.7399999999907,0.0,0.0,2153.7399999999907,2153.7399999999907,0.0,0.0,0.0,2014.8725662800716,0.0,0.0,0.0,0.0,0.0,0.0,2153.7399999999907
2025-01-11 00:00:00+00:00,-141.70486925996374,0.0,0.0,-136.160000000149,-136.15999999991618,-278.55957073997706,-278.55957073997706,0.0,-136.1600000000326,-278.55957073997706,-278.55957073997706,-278.55957073997706,0.0,0.0,0.0,-136.15999999991618
2025-01-12 00:00:00+00:00,0.0,-202.19214995508082,0.0,-55.39999999990687,-55.4000000001397,-55.40000000002328,-55.40000000002328,0.0,-55.40000000002328,-55.40000000002328,-55.40000000002328,-55.40000000002328,0.0,0.0,0.0,-55.4000000001397
2025-01-13 00:00:00+00:00,0.0,-144.09360637981445,0.0,-3.169999999925494,-3.169999999925494,-3.1700000000419095,-3.1700000000419095,0.0,-3.1700000000419095,-3.1700000000419095,-3.1700000000419095,-3.1700000000419095,0.0,0.0,0.0,-3.169999999925494
2025-01-14 00:00:00+00:00,0.0,1885.8017213249113,0.0,2028.5100000000093,2028.5100000000093,2028.5100000000093,2028.5100000000093,0.0,2028.5100000000093,2028.5100000000093,2028.5100000000093,2028.5100000000093,0.0,0.0,0.0,2028.5100000000093
2025-01-15 00:00:00+00:00,0.0,3975.2700000000186,0.0,3975.2700000000186,3975.2700000000186,3975.2700000000186,3975.2700000000186,0.0,3975.2700000000186,3975.2700000000186,3975.2700000000186,3975.2700000000186,0.0,0.0,0.0,3975.2700000000186
2025-01-16 00:00:00+00:00,0.0,-528.4499999999534,0.0,-528.4500000001863,-528.4499999999534,-156.66615286492743,-156.66615286492743,0.0,-528.4499999999534,-528.4499999999534,-528.4499999999534,-528.4499999999534,0.0,0.0,0.0,-528.4499999999534
2025-01-17 00:00:00+00:00,3975.5178192699095,4125.219999999972,0.0,4125.220000000205,4125.219999999972,0.0,0.0,0.0,-150.2421992700547,-150.2421992700547,-150.2421992700547,-150.2421992700547,0.0,0.0,0.0,4125.219999999972
2025-01-18 00:00:00+00:00,328.0,328.0,0.0,328.0,328.0,0.0,0.0,0.0,0.0,0.0,0.0,0.0,0.0,0.0,0.0,328.0
2025-01-19 00:00:00+00:00,-3223.869999999879,-3223.869999999879,-3380.584732505027,-3223.8700000001118,-3223.869999999879,0.0,0.0,0.0,0.0,0.0,0.0,0.0,0.0,0.0,0.0,-3223.869999999879
2025-01-20 00:00:00+00:00,934.3000000000466,934.2999999998137,934.3000000000466,934.3000000000466,934.2999999998137,0.0,0.0,0.0,0.0,0.0,0.0,0.0,0.0,0.0,0.0,934.2999999998137
2025-01-21 00:00:00+00:00,4013.8299999998417,4013.8300000000745,4013.8299999998417,4013.8299999998417,4013.8300000000745,0.0,0.0,0.0,0.0,0.0,0.0,0.0,0.0,0.0,0.0,4013.8300000000745
2025-01-22 00:00:00+00:00,-2492.149999999907,-159.17582536488771,-2492.149999999907,-2492.149999999907,-2492.149999999907,0.0,0.0,0.0,0.0,0.0,0.0,0.0,0.0,0.0,0.0,-2492.149999999907
2025-01-23 00:00:00+00:00,259.25,111.21877020015381,259.25,259.25,259.25,0.0,0.0,0.0,0.0,0.0,0.0,0.0,0.0,0.0,0.0,259.25
2025-01-24 00:00:00+00:00,923.9099999999162,923.9099999999162,923.9099999999162,923.9099999999162,923.9099999999162,0.0,0.0,0.0,0.0,0.0,0.0,0.0,0.0,0.0,0.0,923.9099999999162
2025-01-25 00:00:00+00:00,-116.70999999996275,-116.70999999996275,-116.70999999996275,-116.70999999996275,-116.70999999996275,0.0,0.0,0.0,0.0,0.0,0.0,0.0,0.0,0.0,0.0,-116.70999999996275
2025-01-26 00:00:00+00:00,-2170.560000000056,-2170.560000000056,-2170.559999999823,-2170.559999999823,-2170.560000000056,0.0,0.0,0.0,0.0,0.0,0.0,0.0,0.0,0.0,0.0,-2170.560000000056
2025-01-27 00:00:00+00:00,-500.5799999998417,-500.5800000000745,-500.5800000000745,-500.5800000000745,-500.5800000000745,0.0,0.0,0.0,0.0,0.0,0.0,0.0,0.0,0.0,0.0,-500.5800000000745
2025-01-28 00:00:00+00:00,-772.4200000001583,-772.4199999999255,-772.4199999999255,-772.4199999999255,-772.4199999999255,0.0,0.0,0.0,0.0,0.0,0.0,0.0,0.0,0.0,0.0,-772.4199999999255
2025-01-29 00:00:00+00:00,-151.87436999497004,2457.25,2457.25,2457.25,2457.25,0.0,0.0,0.0,0.0,0.0,0.0,0.0,0.0,0.0,0.0,2457.25
2025-01-30 00:00:00+00:00,0.0,995.3899999998976,995.3899999998976,995.3899999998976,995.3899999998976,839.7172513749683,0.0,0.0,0.0,0.0,0.0,0.0,0.0,0.0,0.0,995.3899999998976
2025-01-31 00:00:00+00:00,-2488.536316314945,-2331.3799999998882,-2331.380000000121,-2331.380000000121,-2331.3799999998882,-157.07157368503977,0.0,0.0,0.0,0.0,0.0,0.0,0.0,0.0,0.0,-2331.3799999998882
2025-02-01 00:00:00+00:00,-1787.4100000000326,-1787.4099999999162,-1787.4099999999162,-1787.4099999999162,-1787.4099999999162,0.0,0.0,0.0,0.0,0.0,0.0,0.0,0.0,0.0,0.0,-1787.4099999999162
2025-02-02 00:00:00+00:00,-150.85550805996172,-150.85550806019455,-2947.3300000000745,-2947.3300000000745,-2947.3300000000745,-3098.346131940023,0.0,0.0,0.0,0.0,0.0,0.0,0.0,0.0,0.0,-2947.3300000000745
2025-02-03 00:00:00+00:00,0.0,0.0,3783.6800000001676,3783.6800000001676,3783.679999999935,3783.679999999935,3637.1063667349517,3637.1063667349517,0.0,0.0,0.0,0.0,0.0,0.0,0.0,3783.679999999935
2025-02-04 00:00:00+00:00,0.0,0.0,-152.18949492508546,-152.18949492508546,-3665.149999999907,-3665.149999999907,-3665.149999999907,-3665.149999999907,-3817.340955074993,0.0,0.0,0.0,0.0,0.0,0.0,-3665.149999999907
2025-02-05 00:00:00+00:00,0.0,0.0,-1303.4714875300415,-1303.4714875300415,-1156.719999999972,-1156.7200000000885,-1156.7200000000885,-1156.7200000000885,-146.63369247002993,0.0,0.0,0.0,0.0,0.0,0.0,-1156.719999999972
2025-02-06 00:00:00+00:00,0.0,0.0,-147.615112189902,-147.615112189902,-73.71000000019558,-73.70999999996275,-73.70999999996275,-73.70999999996275,-216.00174781004898,0.0,0.0,0.0,0.0,0.0,0.0,-73.71000000019558
2025-02-07 00:00:00+00:00,0.0,0.0,0.0,0.0,-27.539999999804422,-27.540000000037253,-27.540000000037253,-27.540000000037253,-27.540000000037253,0.0,0.0,-183.07114761997946,0.0,0.0,0.0,-27.539999999804422
2025-02-08 00:00:00+00:00,0.0,0.0,0.0,0.0,-60.830000000074506,-60.82999999995809,-60.82999999995809,-60.82999999995809,-60.82999999995809,0.0,0.0,-60.82999999995809,0.0,0.0,0.0,-60.830000000074506
2025-02-09 00:00:00+00:00,0.0,0.0,-145.18259812006727,0.0,-0.4299999999348074,-0.43000000005122274,-0.4299999999348074,-0.4299999999348074,-0.4299999999348074,0.0,0.0,-0.4299999999348074,0.0,0.0,0.0,-0.4299999999348074
2025-02-10 00:00:00+00:00,0.0,0.0,968.5900000000838,0.0,968.589999999851,968.5900000000838,968.5899999999674,968.5899999999674,968.5899999999674,0.0,0.0,968.5899999999674,0.0,0.0,0.0,968.589999999851
2025-02-11 00:00:00+00:00,0.0,0.0,-1670.3300000000745,0.0,-1670.3299999998417,-1670.3300000000745,-1670.3300000000745,-1670.3300000000745,-1670.3300000000745,-1823.8062158300309,0.0,-1670.3300000000745,0.0,0.0,0.0,-1670.3299999998417
2025-02-12 00:00:00+00:00,0.0,0.0,2088.4499999999534,0.0,2088.4499999999534,2088.45000000007,2088.45000000007,2088.45000000007,2088.45000000007,2088.45000000007,0.0,2088.45000000007,0.0,0.0,0.0,2088.4499999999534
2025-02-13 00:00:00+00:00,0.0,0.0,-1237.2399999999907,0.0,-1237.2399999999907,-1237.2399999999907,-1237.2399999999907,-1237.2399999999907,-1237.2399999999907,-1237.2399999999907,0.0,-1237.2399999999907,0.0,0.0,0.0,-1237.2399999999907
2025-02-14 00:00:00+00:00,738.7537523549981,0.0,883.7399999999907,0.0,883.7399999999907,883.7399999999907,883.7399999999907,883.7399999999907,883.7399999999907,883.7399999999907,0.0,883.7399999999907,0.0,0.0,0.0,883.7399999999907
2025-02-15 00:00:00+00:00,87.9100000000326,0.0,87.91000000014901,0.0,87.90999999991618,87.9100000000326,87.90999999991618,87.90999999991618,87.90999999991618,87.9100000000326,0.0,87.90999999991618,0.0,0.0,0.0,87.90999999991618
2025-02-16 00:00:00+00:00,-1477.0600000000559,0.0,-146.74601173005067,0.0,-1477.059999999823,-1477.0600000000559,-1477.0599999999395,-1477.0599999999395,-1477.0599999999395,-1477.0600000000559,0.0,-1477.0599999999395,0.0,0.0,0.0,-1477.059999999823
2025-02-17 00:00:00+00:00,-338.0799999999581,0.0,0.0,0.0,-338.0800000000745,-144.1317600599723,-144.1317600599723,-144.1317600599723,-338.0799999999581,-338.0799999999581,0.0,-338.0799999999581,0.0,0.0,0.0,-338.0800000000745
2025-02-18 00:00:00+00:00,-143.6248091000598,0.0,0.0,0.0,-174.4000000001397,-318.12059089995455,0.0,0.0,-174.40000000002328,-174.40000000002328,0.0,-174.40000000002328,0.0,0.0,0.0,-174.4000000001397
2025-02-19 00:00:00+00:00,0.0,0.0,0.0,0.0,1024.630000000121,1024.6300000000047,875.5927385149989,0.0,1024.6300000000047,1024.6300000000047,0.0,1024.6300000000047,0.0,0.0,0.0,1024.630000000121
2025-02-20 00:00:00+00:00,0.0,0.0,0.0,0.0,1715.1699999999255,1715.1699999999255,1715.1699999999255,1570.1736389850266,1715.1699999999255,1715.1699999999255,0.0,1715.1699999999255,0.0,0.0,0.0,1715.1699999999255
2025-02-21 00:00:00+00:00,0.0,0.0,0.0,0.0,-2190.1699999999255,-2190.1699999999255,-2190.1699999999255,-2190.1699999999255,-2190.1699999999255,-2190.1699999999255,0.0,-2190.1699999999255,0.0,0.0,0.0,-2190.1699999999255
2025-02-22 00:00:00+00:00,280.8063764850376,280.80637648515403,0.0,280.80637648515403,425.089999999851,-144.18746648507658,-144.18746648507658,-144.18746648507658,425.0899999999674,425.0899999999674,0.0,-144.18746648507658,0.0,0.0,0.0,425.089999999851
2025-02-23 00:00:00+00:00,-148.44944575498812,-148.44944575522095,0.0,-316.1400000001304,-316.13999999989755,-457.4260242449818,0.0,0.0,-316.14000000001397,-316.14000000001397,0.0,-457.4260242449818,0.0,0.0,0.0,-316.13999999989755
2025-02-24 00:00:00+00:00,0.0,-4899.857478115009,0.0,-144.10121188499033,-4755.159999999916,-4755.160000000033,0.0,0.0,-4755.159999999916,-4755.160000000033,0.0,-4755.159999999916,0.0,0.0,0.0,-4755.159999999916
2025-02-25 00:00:00+00:00,-3063.4505749400705,-138.15906505985186,0.0,0.0,-2927.0800000000745,-2927.079999999958,0.0,0.0,-2927.0800000000745,-2927.079999999958,0.0,-2927.0800000000745,0.0,0.0,0.0,-2927.0800000000745
2025-02-26 00:00:00+00:00,-133.40046341496054,0.0,0.0,0.0,-4471.959999999963,-4471.959999999963,-4604.309046584996,-4604.309046584996,-4471.959999999963,-4471.959999999963,-4604.309046584996,-4471.959999999963,-4604.309046584996,-4604.309046584996,0.0,-4471.959999999963
2025-02-27 00:00:00+00:00,0.0,0.0,0.0,0.0,513.4099999999162,513.4100000000326,513.4099999999162,513.4099999999162,513.4099999999162,513.4100000000326,513.4099999999162,513.4099999999162,513.4100000000326,513.4099999999162,0.0,513.4099999999162
2025-02-28 00:00:00+00:00,0.0,0.0,0.0,0.0,-327.45999999996275,-327.46000000007916,-327.45999999996275,-327.45999999996275,-327.45999999996275,-327.46000000007916,-327.45999999996275,-327.45999999996275,-327.46000000007916,-327.45999999996275,0.0,-327.45999999996275
2025-03-01 00:00:00+00:00,0.0,0.0,0.0,0.0,1721.030000000028,1721.030000000028,1721.030000000028,1721.030000000028,1721.030000000028,1721.030000000028,1721.030000000028,1721.030000000028,1721.030000000028,1721.030000000028,0.0,1721.030000000028
2025-03-02 00:00:00+00:00,0.0,0.0,0.0,0.0,8246.719999999972,8246.719999999972,8246.719999999972,8246.719999999972,8246.719999999972,8246.719999999972,8246.719999999972,8246.719999999972,8246.719999999972,8246.719999999972,0.0,8246.719999999972
2025-03-03 00:00:00+00:00,0.0,0.0,0.0,0.0,-8104.379999999888,-8104.380000000005,-8104.380000000005,-8104.380000000005,-8104.380000000005,-8104.380000000005,-8104.380000000005,-8104.380000000005,-8104.380000000005,-8104.380000000005,0.0,-8104.379999999888
2025-03-04 00:00:00+00:00,0.0,0.0,0.0,0.0,1088.8599999998696,-129.20855445496272,-129.20855445496272,-129.20855445496272,1088.859999999986,1088.859999999986,1088.859999999986,1088.859999999986,1088.859999999986,1088.859999999986,0.0,1088.8599999998696
2025-03-05 00:00:00+00:00,0.0,0.0,0.0,0.0,3353.7700000000186,3224.8844810350565,3224.88448103494,0.0,3353.7700000000186,3353.7700000000186,3353.7700000000186,3353.7700000000186,3353.7700000000186,3353.7700000000186,0.0,3353.7700000000186
2025-03-06 00:00:00+00:00,0.0,0.0,0.0,0.0,-681.8799999998882,-681.8800000000047,-681.8800000000047,0.0,-681.8800000000047,-681.8800000000047,-681.8800000000047,-681.8800000000047,-681.8800000000047,-681.8800000000047,0.0,-681.8799999998882
2025-03-07 00:00:00+00:00,-3292.9574875100516,0.0,0.0,0.0,-3164.8700000001118,-3164.8699999999953,-3164.8699999999953,0.0,-3164.8699999999953,-3164.8699999999953,-3164.8699999999953,-3164.8699999999953,-3164.8699999999953,-3164.8699999999953,0.0,-3164.8700000001118
2025-03-08 00:00:00+00:00,-550.2899999999208,0.0,0.0,0.0,-550.2900000000373,-550.2900000000373,-550.2900000000373,0.0,-550.2900000000373,-550.2899999999208,-550.2900000000373,-550.2900000000373,-550.2899999999208,-550.2900000000373,0.0,-550.2900000000373
2025-03-09 00:00:00+00:00,-5507.520000000019,0.0,0.0,0.0,-5507.520000000019,-5507.519999999902,-5507.519999999902,0.0,-5507.519999999902,-5507.520000000019,-5507.519999999902,-5507.519999999902,-5507.520000000019,-5507.519999999902,0.0,-5507.520000000019
2025-03-10 00:00:00+00:00,-2154.460000000079,0.0,0.0,0.0,-2154.4599999999627,-2154.460000000079,-2154.460000000079,0.0,-2154.460000000079,-2154.460000000079,-2154.460000000079,-2154.460000000079,-2154.460000000079,-2154.460000000079,0.0,-2154.4599999999627
2025-03-11 00:00:00+00:00,-114.31299590994604,0.0,0.0,0.0,4369.800000000047,4369.800000000047,4369.800000000047,4248.468455909984,4369.800000000047,4369.800000000047,4369.800000000047,4369.800000000047,4369.800000000047,4369.800000000047,0.0,4369.800000000047
2025-03-12 00:00:00+00:00,0.0,0.0,0.0,0.0,-127.02625909494236,744.9199999999255,744.9199999999255,744.9199999999255,744.9199999999255,744.9200000000419,744.9199999999255,744.9199999999255,744.9200000000419,744.9199999999255,0.0,744.9199999999255
2025-03-13 00:00:00+00:00,0.0,0.0,0.0,0.0,0.0,-2586.0,-2586.0,-2586.0,-2586.0,-2586.0,-2586.0,-2586.0,-2586.0,-2586.0,0.0,-2586.0
2025-03-14 00:00:00+00:00,0.0,0.0,0.0,0.0,0.0,2907.060000000056,2907.060000000056,2907.060000000056,2907.060000000056,2907.0599999999395,2907.060000000056,2907.060000000056,2907.0599999999395,2907.060000000056,0.0,2907.060000000056
2025-03-15 00:00:00+00:00,0.0,0.0,0.0,0.0,0.0,370.96999999997206,370.96999999997206,370.96999999997206,370.96999999997206,370.96999999997206,370.96999999997206,370.96999999997206,370.96999999997206,370.96999999997206,0.0,370.96999999997206
2025-03-16 00:00:00+00:00,0.0,0.0,0.0,0.0,0.0,-1788.8899999998976,-1788.8899999998976,-1788.8899999998976,-1788.8899999998976,-1788.890000000014,-1788.8899999998976,-1788.8899999998976,-1788.890000000014,-1788.8899999998976,0.0,-1788.8899999998976
2025-03-17 00:00:00+00:00,0.0,0.0,0.0,0.0,0.0,1448.829999999958,1448.829999999958,1448.829999999958,1448.829999999958,1448.8300000000745,1448.829999999958,1448.829999999958,1448.8300000000745,1448.829999999958,0.0,1448.8299999998417
2025-03-18 00:00:00+00:00,-1438.6890906949993,0.0,0.0,0.0,0.0,-1312.640000000014,-1312.640000000014,-1312.640000000014,-1312.640000000014,-1312.640000000014,-1312.640000000014,-1312.640000000014,-1312.640000000014,-1312.640000000014,0.0,-1312.6399999998976
2025-03-19 00:00:00+00:00,4179.199999999953,0.0,0.0,0.0,0.0,4179.199999999953,4179.199999999953,4179.199999999953,4179.199999999953,4179.199999999953,4179.199999999953,4179.199999999953,4179.199999999953,4179.199999999953,0.0,4179.199999999953
2025-03-20 00:00:00+00:00,-130.26351601502392,0.0,0.0,0.0,0.0,-2694.539999999921,-2694.539999999921,-2694.539999999921,-2694.539999999921,-2694.539999999921,-2694.539999999921,-2694.539999999921,-2694.539999999921,-2694.539999999921,0.0,-2694.5400000000373
2025-03-21 00:00:00+00:00,-247.76720670505892,0.0,0.0,0.0,0.0,-126.24302329507191,-126.24302329507191,-126.24302329507191,-121.46000000007916,-121.46000000007916,-121.46000000007916,-121.46000000007916,-121.46000000007916,-121.46000000007916,0.0,-121.45999999996275
2025-03-22 00:00:00+00:00,-209.9299999999348,0.0,0.0,0.0,0.0,0.0,0.0,0.0,-209.9299999999348,-209.9299999999348,-209.9299999999348,-209.9299999999348,-209.9299999999348,-209.9299999999348,0.0,-209.9299999999348
2025-03-23 00:00:00+00:00,2240.9100000000326,0.0,0.0,0.0,0.0,0.0,0.0,0.0,2240.909999999916,2240.9100000000326,2240.909999999916,2240.909999999916,2240.9100000000326,2240.909999999916,0.0,2240.909999999916
2025-03-24 00:00:00+00:00,-129.08637852501124,0.0,0.0,0.0,0.0,0.0,0.0,0.0,1430.6800000000512,1430.6799999999348,1430.6800000000512,1430.6800000000512,1430.6799999999348,1430.6800000000512,0.0,1430.6799999999348
2025-03-25 00:00:00+00:00,-221.53089404501952,-221.53089404501952,0.0,0.0,0.0,0.0,0.0,0.0,-95.73999999999069,-95.73999999999069,-95.73999999999069,-95.73999999999069,-95.73999999999069,-95.73999999999069,0.0,-95.73999999975786
2025-03-26 00:00:00+00:00,-501.86999999999534,-501.87000000011176,0.0,0.0,0.0,0.0,0.0,0.0,-126.16551358997822,-126.16551358997822,-126.16551358997822,-501.86999999999534,-501.86999999999534,-501.86999999999534,0.0,-501.87000000011176
2025-03-27 00:00:00+00:00,291.46999999997206,291.4700000002049,0.0,0.0,0.0,0.0,0.0,0.0,0.0,0.0,0.0,291.46999999997206,291.46999999997206,291.46999999997206,0.0,291.46999999997206
2025-03-28 00:00:00+00:00,-2835.679999999935,-2835.6800000001676,0.0,0.0,0.0,0.0,0.0,0.0,0.0,0.0,0.0,-2835.679999999935,-2835.679999999935,-2835.679999999935,0.0,-2835.679999999935
2025-03-29 00:00:00+00:00,-1764.9700000000885,-1764.969999999972,0.0,0.0,0.0,0.0,0.0,0.0,0.0,0.0,0.0,-1764.9700000000885,-1764.9700000000885,-1764.9700000000885,0.0,-1764.969999999972
2025-03-30 00:00:00+00:00,-236.84999999997672,-236.8499999998603,-368.05740202986635,0.0,0.0,0.0,0.0,0.0,0.0,0.0,0.0,-236.84999999997672,-236.84999999997672,-236.84999999997672,0.0,-236.85000000009313
2025-03-31 00:00:00+00:00,-123.52878000994679,-123.5287800100632,-123.5287800100632,0.0,0.0,30.728840010007843,30.728840010007843,0.0,30.72884001012426,0.0,0.0,154.34000000008382,154.3399999999674,154.34000000008382,0.0,154.34000000008382
2025-04-01 00:00:00+00:00,0.0,0.0,0.0,0.0,0.0,2636.04999999993,2636.04999999993,0.0,2636.04999999993,0.0,0.0,2636.04999999993,2636.0500000000466,2636.04999999993,0.0,2636.0499999998137
2025-04-02 00:00:00+00:00,0.0,0.0,0.0,0.0,0.0,-2680.2900000000373,-2680.2900000000373,0.0,-2680.2900000000373,0.0,0.0,-2680.2900000000373,-2680.2900000000373,-2680.2900000000373,0.0,-2680.2899999998044
2025-04-03 00:00:00+00:00,0.0,560.4536049501039,0.0,0.0,0.0,-123.6739049499156,-123.6739049499156,0.0,-123.6739049499156,0.0,0.0,684.25,684.25,684.25,0.0,684.25
2025-04-04 00:00:00+00:00,0.0,-120.37643066002056,0.0,0.0,0.0,556.6703906600596,556.6703906600596,0.0,556.6703906600596,0.0,0.0,685.8300000000745,685.8300000000745,685.8300000000745,0.0,685.8299999998417
2025-04-05 00:00:00+00:00,0.0,0.0,0.0,0.0,0.0,-361.9100000000326,-361.9100000000326,0.0,-361.9100000000326,0.0,0.0,-361.9100000000326,-361.9100000000326,-361.9100000000326,0.0,-361.9099999999162
2025-04-06 00:00:00+00:00,0.0,0.0,0.0,0.0,0.0,-5127.5,-5127.5,0.0,-5127.5,0.0,0.0,-5127.5,-5127.5,-5127.5,0.0,-5127.5
2025-04-07 00:00:00+00:00,652.2655899249949,0.0,0.0,0.0,0.0,769.2600000000093,769.2600000000093,0.0,769.2600000000093,0.0,0.0,769.2600000000093,769.2600000000093,769.2600000000093,0.0,769.2600000000093
2025-04-08 00:00:00+00:00,-118.66045999003109,0.0,0.0,0.0,0.0,-2888.3699999999953,-2888.3699999999953,-3007.1296000099974,-2888.3699999999953,-3007.1296000099974,-3007.1296000099974,-2888.3699999999953,-2888.3699999999953,-2888.3699999999953,0.0,-2888.3700000001118
2025-04-09 00:00:00+00:00,0.0,0.0,0.0,0.0,0.0,6343.109999999986,6343.109999999986,6343.109999999986,6343.109999999986,6343.109999999986,6343.109999999986,6343.109999999986,6343.109999999986,6343.109999999986,0.0,6343.110000000102
2025-04-10 00:00:00+00:00,0.0,0.0,0.0,0.0,0.0,-3042.4100000000326,-3042.4100000000326,-3042.4100000000326,-3042.4100000000326,-3042.4100000000326,-3042.4100000000326,-3042.4100000000326,-3042.4100000000326,-3042.4100000000326,0.0,-3042.409999999916
2025-04-11 00:00:00+00:00,3708.7617138299393,0.0,3708.7617138300557,0.0,0.0,3828.1300000000047,3828.1300000000047,3828.1300000000047,3828.1300000000047,3828.1300000000047,3828.1300000000047,3828.1300000000047,3828.1300000000047,3828.1300000000047,0.0,3828.1299999998882
2025-04-12 00:00:00+00:00,-125.85777017998043,0.0,-125.85777018009685,0.0,0.0,1890.5400000000373,1890.5400000000373,1890.5400000000373,1890.5400000000373,1890.5400000000373,1890.5400000000373,1890.5400000000373,1890.5400000000373,1890.5400000000373,0.0,1890.5400000000373
2025-04-13 00:00:00+00:00,0.0,0.0,0.0,0.0,0.0,-127.85389449005015,-127.85389449005015,-127.85389449005015,-1537.9399999999441,-1537.9399999999441,-1537.9400000000605,-1537.9399999999441,-1537.9400000000605,-1537.9399999999441,0.0,-1537.9399999999441
2025-04-14 00:00:00+00:00,731.6485284649534,731.6485284650698,731.6485284650698,0.0,0.0,0.0,0.0,0.0,-125.55773846502416,-125.55773846502416,-125.55773846490774,857.2899999999208,857.2900000000373,857.2899999999208,0.0,857.2900000000373
2025-04-15 00:00:00+00:00,-960.5799999999581,-960.5800000000745,-126.84324482013471,0.0,0.0,0.0,0.0,0.0,0.0,0.0,0.0,-960.5799999999581,-960.5799999999581,-960.5799999999581,0.0,-960.5800000000745
2025-04-16 00:00:00+00:00,398.9399999999441,398.9399999999441,280.7244087399449,0.0,0.0,0.0,0.0,0.0,0.0,0.0,0.0,398.9399999999441,398.9399999999441,398.9399999999441,0.0,398.9399999999441
2025-04-17 00:00:00+00:00,933.25,-126.01105064502917,933.25,0.0,0.0,0.0,0.0,0.0,0.0,0.0,0.0,933.25,933.25,933.25,0.0,933.25
2025-04-18 00:00:00+00:00,-495.5,-622.9854359850287,-495.5,0.0,0.0,0.0,0.0,0.0,0.0,0.0,0.0,-495.5,-495.5,-495.5,0.0,-495.5
2025-04-19 00:00:00+00:00,608.5200000000186,608.5200000000186,608.5200000000186,0.0,0.0,0.0,0.0,0.0,0.0,0.0,0.0,608.5200000000186,608.5200000000186,608.5200000000186,0.0,608.5200000000186
2025-04-20 00:00:00+00:00,102.34999999997672,102.35000000009313,-127.96934770490043,0.0,0.0,0.0,0.0,0.0,0.0,0.0,0.0,102.34999999997672,102.34999999997672,102.34999999997672,0.0,102.35000000009313
2025-04-21 00:00:00+00:00,-127.73340633499902,2344.7299999999814,2216.93141633505,0.0,0.0,0.0,0.0,0.0,0.0,0.0,0.0,2344.730000000098,2344.7299999999814,2344.730000000098,0.0,2344.7299999999814
2025-04-22 00:00:00+00:00,5844.255948234932,5967.030000000028,5967.030000000028,0.0,0.0,0.0,0.0,0.0,0.0,0.0,0.0,5967.0299999999115,5967.030000000028,5967.0299999999115,0.0,5967.030000000028
2025-04-23 00:00:00+00:00,251.8200000000652,251.81999999983236,251.81999999983236,0.0,0.0,0.0,0.0,0.0,0.0,0.0,0.0,-142.71311171492562,-142.71311171492562,-142.71311171492562,0.0,251.81999999983236
2025-04-24 00:00:00+00:00,281.03999999992084,281.04000000003725,281.04000000003725,0.0,0.0,0.0,0.0,0.0,0.0,0.0,0.0,0.0,0.0,0.0,0.0,281.04000000003725
2025-04-25 00:00:00+00:00,686.8300000000745,686.8300000000745,686.8300000000745,0.0,0.0,0.0,0.0,0.0,0.0,0.0,0.0,0.0,0.0,0.0,0.0,686.8300000000745
2025-04-26 00:00:00+00:00,-42.15000000002328,-42.1500000001397,-42.1500000001397,0.0,0.0,0.0,0.0,0.0,0.0,0.0,0.0,0.0,0.0,0.0,0.0,-42.1500000001397
2025-04-27 00:00:00+00:00,-886.0700000000652,-886.0699999998324,-886.0699999998324,-1028.1172933198977,0.0,0.0,0.0,0.0,0.0,0.0,0.0,0.0,0.0,0.0,0.0,-886.0699999998324
2025-04-28 00:00:00+00:00,1262.0,1262.0,1262.0,1262.0,1121.2922697199974,0.0,0.0,0.0,0.0,0.0,0.0,0.0,0.0,0.0,0.0,1262.0
2025-04-29 00:00:00+00:00,-771.4799999999814,-771.4799999999814,-771.4799999999814,-771.4799999999814,-142.5263187198434,0.0,0.0,0.0,0.0,0.0,0.0,0.0,0.0,0.0,0.0,-771.4799999999814
2025-04-30 00:00:00+00:00,-88.54999999993015,-88.55000000004657,-88.55000000004657,-88.55000000004657,-229.99375554011203,0.0,0.0,0.0,0.0,0.0,0.0,0.0,0.0,0.0,0.0,-88.55000000004657
2025-05-01 00:00:00+00:00,2342.439999999944,2342.439999999944,2342.439999999944,2342.439999999944,2342.440000000177,0.0,0.0,0.0,0.0,0.0,0.0,0.0,0.0,0.0,0.0,2342.439999999944
2025-05-02 00:00:00+00:00,404.8299999999581,404.8300000000745,404.8300000000745,404.8300000000745,404.8299999998417,0.0,0.0,0.0,0.0,0.0,0.0,0.0,0.0,0.0,0.0,404.8300000000745
2025-05-03 00:00:00+00:00,-1068.4799999999814,-1068.4799999999814,-1068.4799999999814,-1068.4799999999814,-1068.4799999999814,0.0,0.0,0.0,0.0,0.0,0.0,0.0,0.0,0.0,0.0,-1068.4799999999814
2025-05-04 00:00:00+00:00,-1588.7799999999115,-1588.780000000028,-1588.780000000028,-1588.780000000028,-1588.780000000028,0.0,0.0,0.0,0.0,0.0,0.0,0.0,0.0,0.0,0.0,-1588.780000000028
2025-05-05 00:00:00+00:00,461.4399999999441,461.4399999999441,461.4399999999441,461.4399999999441,-141.3716737299692,0.0,0.0,0.0,0.0,0.0,0.0,0.0,0.0,0.0,0.0,461.4399999999441
2025-05-06 00:00:00+00:00,2105.180000000051,2105.179999999935,2105.179999999935,2105.179999999935,0.0,0.0,0.0,0.0,0.0,0.0,0.0,0.0,0.0,0.0,0.0,2105.179999999935
2025-05-07 00:00:00+00:00,-140.54733808001038,219.1500000001397,219.1500000001397,219.1500000001397,0.0,0.0,0.0,0.0,0.0,0.0,0.0,0.0,0.0,0.0,0.0,219.1500000001397
2025-05-08 00:00:00+00:00,6049.523975834949,6195.1699999999255,6195.1699999999255,6195.1699999999255,0.0,0.0,0.0,0.0,0.0,0.0,0.0,0.0,0.0,0.0,0.0,6195.1699999999255
2025-05-09 00:00:00+00:00,-266.53000000002794,-266.53000000002794,-266.53000000002794,-266.53000000002794,-420.16992609994486,0.0,0.0,0.0,0.0,0.0,0.0,0.0,0.0,0.0,0.0,-266.53000000002794
2025-05-10 00:00:00+00:00,1834.2300000000978,1834.2299999999814,1834.2299999999814,1834.2299999999814,1834.2299999999814,0.0,0.0,0.0,0.0,0.0,0.0,0.0,0.0,0.0,0.0,1834.2299999999814
2025-05-11 00:00:00+00:00,-683.5700000000652,-683.5699999998324,-683.5699999998324,-683.5699999998324,-683.5700000000652,0.0,0.0,0.0,0.0,0.0,0.0,0.0,0.0,0.0,0.0,-683.5700000000652
2025-05-12 00:00:00+00:00,-1337.4100000000326,-1337.410000000149,-1337.410000000149,-1337.410000000149,-1337.4099999999162,0.0,0.0,0.0,0.0,0.0,0.0,0.0,0.0,0.0,0.0,-1337.4099999999162
2025-05-13 00:00:00+00:00,1330.8499999999767,1330.8500000000931,1330.8500000000931,1330.8500000000931,1330.8499999998603,0.0,0.0,0.0,0.0,0.0,0.0,0.0,0.0,0.0,0.0,1330.8500000000931
2025-05-14 00:00:00+00:00,-585.6799999999348,-585.6800000001676,-585.6800000001676,-585.6800000001676,-585.6799999999348,0.0,0.0,0.0,0.0,0.0,0.0,0.0,0.0,0.0,0.0,-585.6799999999348
2025-05-15 00:00:00+00:00,241.05000000004657,241.05000000004657,241.05000000004657,241.05000000004657,241.05000000004657,0.0,0.0,0.0,0.0,0.0,0.0,0.0,0.0,0.0,0.0,241.04999999981374
2025-05-16 00:00:00+00:00,-286.4000000000233,-286.39999999990687,-286.39999999990687,-286.39999999990687,-286.4000000001397,0.0,0.0,0.0,0.0,0.0,0.0,0.0,0.0,0.0,0.0,-286.39999999990687
2025-05-17 00:00:00+00:00,-338.96000000007916,-338.95999999996275,-338.95999999996275,-338.95999999996275,-338.95999999996275,0.0,0.0,0.0,0.0,0.0,0.0,0.0,0.0,0.0,0.0,-338.95999999996275
2025-05-18 00:00:00+00:00,3312.3900000001304,3312.3899999998976,3312.3899999998976,3312.3899999998976,3312.3900000001304,0.0,0.0,0.0,0.0,0.0,0.0,0.0,0.0,0.0,0.0,3312.3899999998976
2025-05-19 00:00:00+00:00,-144.36991061503068,-857.2800000000279,-857.2800000000279,-857.2800000000279,-144.36991061503068,0.0,0.0,0.0,0.0,0.0,0.0,0.0,0.0,0.0,0.0,-857.2800000000279
2025-05-20 00:00:00+00:00,1108.5528768950608,1267.0600000000559,1267.0600000000559,1267.0600000000559,1108.5528768950608,0.0,0.0,0.0,0.0,0.0,0.0,0.0,0.0,0.0,0.0,1267.0600000000559
2025-05-21 00:00:00+00:00,2816.2999999998137,2816.3000000000466,2816.3000000000466,2816.3000000000466,2816.2999999998137,0.0,0.0,0.0,0.0,0.0,0.0,0.0,0.0,0.0,0.0,2816.3000000000466
2025-05-22 00:00:00+00:00,2022.9899999999907,2022.9899999999907,2022.9899999999907,2022.9899999999907,2022.9899999999907,0.0,0.0,0.0,0.0,0.0,0.0,0.0,0.0,0.0,0.0,2022.9899999999907
2025-05-23 00:00:00+00:00,-4392.9199999999255,-4392.9199999999255,-4392.9199999999255,-4392.9199999999255,-4392.9199999999255,0.0,0.0,0.0,0.0,0.0,0.0,0.0,0.0,0.0,0.0,-4392.9199999999255
2025-05-24 00:00:00+00:00,464.39999999990687,464.39999999990687,464.39999999990687,464.39999999990687,464.39999999990687,0.0,0.0,0.0,0.0,0.0,0.0,0.0,0.0,0.0,0.0,464.39999999990687
2025-05-25 00:00:00+00:00,1254.6700000001583,1254.6699999999255,1254.6699999999255,1254.6699999999255,1254.6700000001583,0.0,0.0,0.0,0.0,0.0,0.0,0.0,0.0,0.0,0.0,1254.6699999999255
2025-05-26 00:00:00+00:00,415.63999999989755,415.6400000001304,415.6400000001304,415.6400000001304,415.63999999989755,0.0,0.0,0.0,0.0,0.0,0.0,0.0,0.0,0.0,0.0,415.6400000001304
2025-05-27 00:00:00+00:00,-485.8599999998696,-485.86000000010245,-485.86000000010245,-485.86000000010245,-485.8599999998696,0.0,0.0,0.0,0.0,0.0,0.0,0.0,0.0,0.0,0.0,-485.86000000010245
2025-05-28 00:00:00+00:00,-1159.1700000001583,-1159.1699999999255,-1159.1699999999255,-1159.1699999999255,-1159.1700000001583,0.0,0.0,0.0,0.0,0.0,0.0,0.0,0.0,0.0,0.0,-1159.1699999999255
2025-05-29 00:00:00+00:00,-2246.7099999999627,-2246.7099999999627,-2246.7099999999627,-2246.7099999999627,-2246.7099999999627,0.0,0.0,0.0,0.0,0.0,0.0,0.0,0.0,0.0,0.0,-2246.7099999999627
2025-05-30 00:00:00+00:00,-158.30608370993286,-1539.3200000000652,-1539.3200000000652,-1539.3200000000652,-1539.3200000000652,0.0,0.0,0.0,0.0,0.0,0.0,0.0,0.0,0.0,0.0,-1539.3200000000652
2025-05-31 00:00:00+00:00,0.0,612.6100000001024,612.6100000001024,612.6100000001024,612.6100000001024,456.76848349999636,0.0,0.0,0.0,0.0,0.0,0.0,0.0,0.0,0.0,612.6099999998696
2025-06-01 00:00:00+00:00,0.0,1052.0699999998324,1052.0699999998324,1052.0699999998324,-156.91648206487298,1052.0700000000652,895.0488720650319,0.0,0.0,0.0,0.0,0.0,0.0,0.0,0.0,1052.0700000000652
2025-06-02 00:00:00+00:00,0.0,207.0,207.0,207.0,48.41025603492744,207.0,207.0,0.0,0.0,0.0,0.0,0.0,0.0,0.0,0.0,207.0
2025-06-03 00:00:00+00:00,0.0,-153.9617301048711,-457.1199999998789,-457.1199999998789,-457.1199999998789,-457.12000000011176,-457.12000000011176,0.0,0.0,0.0,0.0,0.0,0.0,0.0,0.0,-457.1199999998789
2025-06-04 00:00:00+00:00,0.0,-848.7886469750665,-694.440000000177,-694.440000000177,-694.4399999999441,-694.4399999999441,-694.4399999999441,0.0,0.0,0.0,0.0,0.0,0.0,0.0,0.0,-694.4399999999441
2025-06-05 00:00:00+00:00,0.0,-157.08767831488512,-3183.179999999935,-3183.179999999935,-3183.1800000001676,-3183.180000000051,-3183.180000000051,0.0,0.0,0.0,0.0,0.0,0.0,0.0,0.0,-3183.1800000001676
2025-06-06 00:00:00+00:00,0.0,0.0,2827.7900000000373,2827.7900000000373,2827.7900000000373,2827.7900000000373,2827.7900000000373,0.0,0.0,0.0,0.0,0.0,0.0,0.0,0.0,2827.7900000000373
2025-06-07 00:00:00+00:00,0.0,0.0,1221.030000000028,1221.030000000028,1221.030000000028,1221.030000000028,1221.030000000028,1064.370801000041,1064.370801000041,1064.370801000041,0.0,0.0,0.0,0.0,0.0,1221.030000000028
2025-06-08 00:00:00+00:00,6.8986604900565,0.0,165.37999999988824,165.37999999988824,165.37999999988824,165.38000000000466,165.38000000000466,165.38000000000466,165.38000000000466,165.38000000000466,0.0,0.0,0.0,0.0,0.0,165.37999999988824
2025-06-09 00:00:00+00:00,4516.75,0.0,4516.75,4516.75,4516.75,4516.75,4516.75,4516.75,4516.75,4516.75,0.0,0.0,0.0,0.0,0.0,4516.75
2025-06-10 00:00:00+00:00,-0.909999999916181,0.0,-0.909999999916181,-0.909999999916181,-0.909999999916181,-0.9100000000325963,-0.9100000000325963,-0.9100000000325963,-166.85438515502028,-166.85438515502028,0.0,0.0,0.0,0.0,0.0,-0.909999999916181
2025-06-11 00:00:00+00:00,-1630.8700000001118,-1796.385525124846,-1630.869999999879,-1630.869999999879,-1630.8700000001118,-165.3852248749463,-165.3852248749463,-165.3852248749463,0.0,0.0,0.0,0.0,0.0,0.0,0.0,-1630.8700000001118
2025-06-12 00:00:00+00:00,-2948.320000000065,-2948.320000000065,-2948.320000000065,-2948.320000000065,-2948.3199999998324,0.0,0.0,0.0,0.0,0.0,0.0,0.0,0.0,0.0,0.0,-2948.3199999998324
2025-06-13 00:00:00+00:00,397.6500000001397,397.64999999990687,397.64999999990687,397.64999999990687,397.64999999990687,0.0,0.0,0.0,0.0,0.0,0.0,0.0,0.0,0.0,0.0,397.64999999990687
2025-06-14 00:00:00+00:00,-653.2800000000279,-653.2800000000279,-653.2800000000279,-653.2800000000279,-653.2800000000279,0.0,0.0,0.0,0.0,0.0,0.0,0.0,0.0,0.0,0.0,-653.2800000000279
2025-06-15 00:00:00+00:00,133.8300000000745,133.8300000000745,133.8300000000745,133.8300000000745,133.8300000000745,0.0,0.0,0.0,0.0,0.0,0.0,0.0,0.0,0.0,0.0,133.8300000000745
2025-06-16 00:00:00+00:00,-157.38751489506103,1254.1299999998882,1254.1299999998882,1254.1299999998882,1254.130000000121,0.0,0.0,0.0,0.0,0.0,0.0,0.0,0.0,0.0,0.0,1254.130000000121
2025-06-17 00:00:00+00:00,0.0,-160.22664330992848,-2262.939999999944,-2262.939999999944,-2262.940000000177,0.0,0.0,0.0,0.0,0.0,0.0,0.0,0.0,0.0,0.0,-2262.940000000177
2025-06-18 00:00:00+00:00,0.0,168.22204478015192,325.160000000149,325.160000000149,325.160000000149,0.0,0.0,0.0,0.0,0.0,0.0,0.0,0.0,0.0,0.0,325.160000000149
2025-06-19 00:00:00+00:00,0.0,-157.32094220002182,-157.32094220002182,-243.70000000018626,-243.70000000018626,-401.12585780001245,0.0,0.0,-401.12585780001245,0.0,0.0,0.0,0.0,0.0,0.0,-243.70000000018626
2025-06-20 00:00:00+00:00,0.0,-1510.6594356999267,0.0,-1354.0999999998603,-1354.0999999998603,-1354.0999999999767,0.0,0.0,-1354.0999999999767,0.0,0.0,0.0,0.0,0.0,0.0,-1354.0999999998603
2025-06-21 00:00:00+00:00,0.0,-1157.7700000000186,0.0,-1157.7700000000186,-1157.7700000000186,-1157.7700000000186,0.0,0.0,-1157.7700000000186,0.0,0.0,0.0,0.0,0.0,0.0,-1157.7700000000186
2025-06-22 00:00:00+00:00,0.0,-152.85945981997065,0.0,-1163.1599999999162,-1163.160000000149,-1163.1600000000326,-1316.7816201800015,-1316.7816201800015,-1163.1600000000326,-1316.7816201800015,0.0,0.0,0.0,0.0,0.0,-1163.160000000149
2025-06-23 00:00:00+00:00,0.0,0.0,0.0,4422.519999999786,4422.520000000019,4422.520000000019,4422.520000000019,4422.520000000019,4422.520000000019,4422.520000000019,4270.974196564988,0.0,0.0,0.0,0.0,4422.520000000019
2025-06-24 00:00:00+00:00,0.0,0.0,0.0,721.6100000001024,721.6100000001024,721.609999999986,721.609999999986,721.609999999986,721.609999999986,721.609999999986,721.609999999986,0.0,0.0,0.0,0.0,721.6100000001024
2025-06-25 00:00:00+00:00,0.0,0.0,0.0,1259.219999999972,1259.219999999972,1259.219999999972,1259.219999999972,1259.219999999972,1259.219999999972,1259.219999999972,1259.219999999972,0.0,0.0,0.0,0.0,1259.219999999972
2025-06-26 00:00:00+00:00,-531.734030110063,0.0,0.0,-370.5800000000745,-370.5800000000745,-161.04662988998462,-161.04662988998462,-161.04662988998462,-161.04662988998462,-161.04662988998462,-161.04662988998462,0.0,0.0,0.0,0.0,-370.5800000000745
2025-06-27 00:00:00+00:00,83.74000000022352,0.0,0.0,83.73999999999069,83.74000000022352,0.0,0.0,0.0,0.0,0.0,0.0,0.0,0.0,0.0,0.0,83.74000000022352
2025-06-28 00:00:00+00:00,238.81999999983236,72.29768541501835,0.0,238.8200000000652,238.81999999983236,0.0,0.0,0.0,0.0,0.0,0.0,0.0,0.0,0.0,0.0,238.81999999983236
2025-06-29 00:00:00+00:00,1034.2399999999907,1034.2399999999907,0.0,1034.2399999999907,1034.2399999999907,0.0,0.0,0.0,0.0,0.0,0.0,0.0,0.0,0.0,0.0,1034.2399999999907
2025-06-30 00:00:00+00:00,-1213.2299999999814,-1213.2299999999814,-1375.8638532198966,-1213.2299999999814,-1213.2299999999814,0.0,0.0,0.0,0.0,0.0,0.0,0.0,0.0,0.0,0.0,-1213.2299999999814
2025-07-01 00:00:00+00:00,-1461.4299999999348,-1461.4299999999348,-1461.4300000001676,-1461.4299999999348,-1461.4299999999348,0.0,0.0,0.0,0.0,0.0,0.0,0.0,0.0,0.0,0.0,-1461.4299999999348
2025-07-02 00:00:00+00:00,3176.5400000000373,3176.5400000000373,3176.5400000000373,3176.5400000000373,3176.5400000000373,0.0,0.0,0.0,0.0,0.0,0.0,0.0,0.0,0.0,0.0,3176.5400000000373
2025-07-03 00:00:00+00:00,-164.56610148516484,740.5100000000093,740.5100000000093,740.5100000000093,740.5100000000093,0.0,0.0,0.0,0.0,0.0,0.0,0.0,0.0,0.0,0.0,740.5100000000093
2025-07-04 00:00:00+00:00,-1764.728059415007,-1600.2299999999814,-1600.2299999999814,-1600.2299999999814,-1600.2299999999814,0.0,0.0,0.0,0.0,0.0,0.0,0.0,0.0,0.0,0.0,-1600.2299999999814
2025-07-05 00:00:00+00:00,218.05000000004657,218.04999999981374,218.05000000004657,218.04999999981374,218.04999999981374,0.0,0.0,0.0,0.0,0.0,0.0,0.0,0.0,0.0,0.0,218.04999999981374
2025-07-06 00:00:00+00:00,971.3300000000745,971.3300000000745,971.3300000000745,971.3300000000745,971.3300000000745,0.0,0.0,0.0,0.0,0.0,0.0,0.0,0.0,0.0,0.0,971.3300000000745
2025-07-07 00:00:00+00:00,-948.1400000001304,-948.1399999998976,-948.1400000001304,-948.1399999998976,-948.1399999998976,0.0,0.0,0.0,0.0,0.0,0.0,0.0,0.0,0.0,0.0,-948.1399999998976
2025-07-08 00:00:00+00:00,688.1999999999534,688.1999999999534,688.1999999999534,688.1999999999534,688.1999999999534,0.0,0.0,0.0,0.0,0.0,0.0,0.0,0.0,0.0,0.0,688.1999999999534
2025-07-09 00:00:00+00:00,2324.810000000056,2324.810000000056,2324.810000000056,2324.810000000056,2324.810000000056,0.0,0.0,0.0,0.0,0.0,0.0,0.0,0.0,0.0,0.0,2324.810000000056
2025-07-10 00:00:00+00:00,4748.449999999953,4748.449999999953,4748.449999999953,4748.449999999953,4748.449999999953,0.0,0.0,0.0,0.0,0.0,0.0,0.0,0.0,0.0,0.0,4748.449999999953
2025-07-11 00:00:00+00:00,1550.8600000001024,1550.8599999998696,1550.8600000001024,1550.8599999998696,1550.8599999998696,0.0,0.0,0.0,0.0,0.0,0.0,0.0,0.0,0.0,0.0,1550.8599999998696
2025-07-12 00:00:00+00:00,-109.51000000000931,-109.51000000000931,-109.51000000000931,-109.51000000000931,-109.51000000000931,0.0,0.0,0.0,0.0,0.0,0.0,0.0,0.0,0.0,0.0,-109.51000000000931
2025-07-13 00:00:00+00:00,1658.1599999999162,1658.160000000149,1658.1599999999162,1658.160000000149,1658.160000000149,0.0,0.0,0.0,0.0,0.0,0.0,0.0,0.0,0.0,0.0,1658.160000000149
2025-07-14 00:00:00+00:00,732.9000000001397,732.8999999999069,732.9000000001397,732.8999999999069,732.8999999999069,0.0,0.0,0.0,0.0,0.0,0.0,0.0,0.0,0.0,0.0,732.8999999999069
2025-07-15 00:00:00+00:00,-2082.070000000065,-2082.070000000065,-2082.070000000065,-2082.070000000065,-2082.070000000065,0.0,0.0,0.0,0.0,0.0,0.0,0.0,0.0,0.0,0.0,-2082.070000000065
2025-07-16 00:00:00+00:00,900.0400000000373,900.0400000000373,900.0400000000373,900.0400000000373,900.0400000000373,0.0,0.0,0.0,0.0,0.0,0.0,0.0,0.0,0.0,0.0,900.0400000000373
2025-07-17 00:00:00+00:00,592.0100000000093,592.0100000000093,592.0100000000093,592.0100000000093,592.0100000000093,0.0,0.0,0.0,0.0,0.0,0.0,0.0,0.0,0.0,0.0,592.0100000000093
2025-07-18 00:00:00+00:00,-1250.6400000001304,-1250.6399999998976,-1250.6400000001304,-1250.6399999998976,-1250.6399999998976,0.0,0.0,0.0,0.0,0.0,0.0,0.0,0.0,0.0,0.0,-1250.6399999998976
2025-07-19 00:00:00+00:00,-108.87999999988824,-108.88000000012107,-108.87999999988824,-108.88000000012107,-108.88000000012107,0.0,0.0,0.0,0.0,0.0,0.0,0.0,0.0,0.0,0.0,-108.88000000012107
2025-07-20 00:00:00+00:00,-601.4699999999721,-601.4699999999721,-601.4699999999721,-601.4699999999721,-601.4699999999721,0.0,0.0,0.0,0.0,0.0,0.0,0.0,0.0,0.0,0.0,-601.4699999999721
2025-07-21 00:00:00+00:00,116.08999999985099,116.09000000008382,116.08999999985099,116.09000000008382,116.09000000008382,0.0,0.0,0.0,0.0,0.0,0.0,0.0,0.0,0.0,0.0,116.09000000008382
2025-07-22 00:00:00+00:00,-176.08447060501203,2597.6299999998882,2597.630000000121,2597.6299999998882,2597.6299999998882,0.0,0.0,0.0,0.0,0.0,0.0,0.0,0.0,0.0,0.0,2597.6299999998882
2025-07-23 00:00:00+00:00,0.0,-1215.9799999999814,-1215.9799999999814,-1215.9799999999814,-1215.9799999999814,0.0,0.0,0.0,0.0,0.0,0.0,0.0,0.0,0.0,0.0,-1215.9799999999814
2025-07-24 00:00:00+00:00,-591.6750652201008,-413.39999999990687,-413.4000000001397,-413.39999999990687,-413.39999999990687,0.0,0.0,0.0,0.0,0.0,0.0,0.0,0.0,0.0,0.0,-413.39999999990687
2025-07-25 00:00:00+00:00,-763.7700000000186,-763.7700000000186,-763.7700000000186,-763.7700000000186,-763.7700000000186,0.0,0.0,0.0,0.0,0.0,0.0,0.0,0.0,0.0,0.0,-763.7700000000186
2025-07-26 00:00:00+00:00,-176.39108836487867,336.36000000010245,336.36000000010245,336.3599999998696,336.36000000010245,0.0,0.0,0.0,0.0,0.0,0.0,0.0,0.0,0.0,0.0,336.36000000010245
2025-07-27 00:00:00+00:00,0.0,1495.8899999998976,1495.8899999998976,1495.8900000001304,1495.8899999998976,1306.7584141350817,0.0,0.0,0.0,0.0,0.0,0.0,0.0,0.0,0.0,1495.8899999998976
2025-07-28 00:00:00+00:00,-1574.1880127598997,-1394.9299999999348,-1394.9299999999348,-1394.9299999999348,-1394.9299999999348,-1394.9300000000512,0.0,0.0,0.0,0.0,0.0,0.0,0.0,0.0,0.0,-1394.9299999999348
2025-07-29 00:00:00+00:00,-137.20000000018626,-137.20000000018626,-137.19999999995343,-137.20000000018626,-137.20000000018626,-173.21260778501164,0.0,0.0,0.0,0.0,0.0,0.0,0.0,0.0,0.0,-137.20000000018626
2025-07-30 00:00:00+00:00,-103.23999999999069,-176.84111830499023,-103.23999999999069,-103.23999999999069,-103.23999999999069,0.0,0.0,0.0,0.0,0.0,0.0,0.0,0.0,0.0,0.0,-103.23999999999069
2025-07-31 00:00:00+00:00,-176.68630992481485,-2245.8241400751285,-2069.0200000000186,-2069.0200000000186,-2069.019999999786,-2245.824140075012,0.0,0.0,0.0,0.0,0.0,0.0,0.0,0.0,0.0,-2069.019999999786
2025-08-01 00:00:00+00:00,0.0,-178.5863019397948,-2512.399999999907,-2512.399999999907,-2512.4000000001397,-2512.4000000000233,0.0,0.0,0.0,0.0,0.0,0.0,0.0,0.0,0.0,-2512.4000000001397
2025-08-02 00:00:00+00:00,0.0,0.0,-705.9899999999907,-705.9899999999907,-705.9899999999907,-705.9899999999907,-876.0198694149731,-876.0198694149731,0.0,0.0,0.0,0.0,0.0,0.0,0.0,-705.9899999999907
2025-08-03 00:00:00+00:00,0.0,0.0,1672.9899999999907,1672.9899999999907,1672.9899999999907,1672.9899999999907,1672.9899999999907,1672.9899999999907,1504.1096036250237,0.0,0.0,0.0,0.0,0.0,0.0,1672.9899999999907
2025-08-04 00:00:00+00:00,0.0,0.0,836.1199999998789,836.1200000001118,836.1200000001118,836.1199999999953,836.1199999999953,836.1199999999953,836.1199999999953,0.0,0.0,0.0,0.0,0.0,0.0,836.1200000001118
2025-08-05 00:00:00+00:00,0.0,0.0,-938.8999999999069,-938.9000000001397,-938.9000000001397,-938.9000000000233,-938.9000000000233,-938.9000000000233,-938.9000000000233,0.0,0.0,0.0,0.0,0.0,0.0,-938.9000000001397
2025-08-06 00:00:00+00:00,0.0,0.0,915.8799999998882,915.8800000001211,915.8800000001211,915.8800000000047,915.8800000000047,915.8800000000047,915.8800000000047,0.0,0.0,0.0,0.0,0.0,0.0,915.8800000001211
2025-08-07 00:00:00+00:00,0.0,0.0,2486.660000000149,2486.659999999916,2486.659999999916,2486.6600000000326,2486.6600000000326,2486.6600000000326,2486.6600000000326,0.0,0.0,0.0,0.0,0.0,0.0,2486.659999999916
2025-08-08 00:00:00+00:00,0.0,0.0,-831.7000000001863,-831.6999999999534,-831.6999999999534,-831.6999999999534,-831.6999999999534,-831.6999999999534,-831.6999999999534,0.0,0.0,0.0,0.0,0.0,0.0,-831.6999999999534
2025-08-09 00:00:00+00:00,-366.36402689502575,0.0,-191.28000000002794,-191.28000000002794,-191.28000000002794,-174.96734310500324,-174.96734310500324,-174.96734310500324,-174.96734310500324,0.0,0.0,0.0,0.0,0.0,0.0,-191.28000000002794
2025-08-10 00:00:00+00:00,2816.8600000001024,0.0,2816.8600000001024,2816.8600000001024,2816.8599999998696,0.0,0.0,0.0,0.0,0.0,0.0,0.0,0.0,0.0,0.0,2816.8599999998696
2025-08-11 00:00:00+00:00,-607.5300000000279,0.0,-607.5300000000279,-607.5300000000279,-607.5299999997951,0.0,0.0,0.0,0.0,0.0,0.0,0.0,0.0,0.0,0.0,-607.5299999997951
2025-08-12 00:00:00+00:00,1411.339999999851,0.0,1411.3400000000838,1411.339999999851,1411.339999999851,0.0,0.0,0.0,0.0,0.0,0.0,0.0,0.0,0.0,0.0,1411.339999999851
2025-08-13 00:00:00+00:00,3252.4499999999534,3076.366385480156,3252.4499999999534,3252.4499999999534,3252.4500000001863,0.0,0.0,0.0,0.0,0.0,0.0,0.0,0.0,0.0,0.0,3252.4500000001863
2025-08-14 00:00:00+00:00,-4975.839999999851,-4975.840000000084,-4975.840000000084,-4975.839999999851,-4975.840000000084,0.0,0.0,0.0,0.0,0.0,0.0,0.0,0.0,0.0,0.0,-4975.840000000084
2025-08-15 00:00:00+00:00,-952.8300000000745,-952.8300000000745,-952.8299999998417,-952.8300000000745,-952.8300000000745,0.0,0.0,0.0,0.0,0.0,0.0,0.0,0.0,0.0,0.0,-952.8300000000745
2025-08-16 00:00:00+00:00,18.71999999997206,18.71999999997206,18.71999999997206,18.71999999997206,18.71999999997206,0.0,0.0,0.0,0.0,0.0,0.0,0.0,0.0,0.0,0.0,18.71999999997206
2025-08-17 00:00:00+00:00,32.920000000158325,32.920000000158325,-176.11480715498328,32.920000000158325,32.920000000158325,0.0,0.0,0.0,0.0,0.0,0.0,0.0,0.0,0.0,0.0,32.920000000158325
2025-08-18 00:00:00+00:00,-1201.8400000000838,-1201.8400000000838,0.0,-1201.8400000000838,-1201.8400000000838,0.0,0.0,0.0,0.0,0.0,0.0,0.0,0.0,0.0,0.0,-1201.8400000000838
2025-08-19 00:00:00+00:00,-174.38198162498884,-3430.570000000065,0.0,-3430.570000000065,-3430.570000000065,0.0,0.0,0.0,0.0,0.0,0.0,0.0,0.0,0.0,0.0,-3430.570000000065
2025-08-20 00:00:00+00:00,0.0,1419.8100000000559,0.0,1419.8100000000559,1419.8100000000559,1253.0030831700424,0.0,0.0,0.0,0.0,0.0,0.0,0.0,0.0,0.0,1419.8100000000559
2025-08-21 00:00:00+00:00,0.0,-171.3568619999569,0.0,-1795.6999999999534,-1795.6999999999534,-1795.6999999999534,-1967.171137999976,-1967.171137999976,-1967.171137999976,-1967.171137999976,-1967.171137999976,0.0,0.0,0.0,0.0,-1795.6999999999534
2025-08-22 00:00:00+00:00,0.0,0.0,0.0,4428.379999999888,4428.379999999888,4428.380000000005,4428.380000000005,4428.380000000005,4428.379999999888,4428.379999999888,4428.379999999888,0.0,0.0,0.0,0.0,4428.379999999888
2025-08-23 00:00:00+00:00,0.0,0.0,0.0,-1524.809999999823,-1524.8100000000559,-1524.8100000000559,-1524.8100000000559,-1524.8100000000559,-1524.8099999999395,-1524.8099999999395,-1524.8099999999395,0.0,0.0,0.0,0.0,-1524.8100000000559
2025-08-24 00:00:00+00:00,0.0,-2079.0034969351254,0.0,-1905.8700000001118,-1905.869999999879,-1905.8699999999953,-1905.8699999999953,-1905.8699999999953,-173.01811306504533,-173.01811306504533,-173.01811306504533,0.0,0.0,0.0,0.0,-1905.869999999879
2025-08-25 00:00:00+00:00,0.0,-170.1602609998081,0.0,-3350.2600000000093,-3350.2600000000093,-3350.2600000000093,-3350.2600000000093,-3350.2600000000093,-3520.533738999977,0.0,0.0,0.0,0.0,0.0,0.0,-3350.2600000000093
2025-08-26 00:00:00+00:00,0.0,0.0,0.0,1660.2700000000186,1660.2700000000186,1660.2700000000186,1660.2700000000186,1660.2700000000186,1660.2700000000186,1495.0233261300018,0.0,0.0,0.0,0.0,0.0,1660.2700000000186
2025-08-27 00:00:00+00:00,0.0,0.0,0.0,-534.8000000000466,-534.8000000000466,-534.8000000000466,-534.8000000000466,-534.8000000000466,-534.8000000000466,-534.8000000000466,-702.5679540199926,-702.5679540199926,-702.5679540199926,0.0,0.0,-534.8000000000466
2025-08-28 00:00:00+00:00,0.0,0.0,0.0,1321.6400000001304,1321.6400000001304,1321.640000000014,1321.640000000014,1321.640000000014,1321.640000000014,1321.640000000014,1321.640000000014,1321.640000000014,1321.640000000014,0.0,0.0,1321.6400000001304
2025-08-29 00:00:00+00:00,0.0,0.0,0.0,-4196.530000000028,-4196.530000000028,-4196.530000000028,-4196.530000000028,-4196.530000000028,-4196.5299999999115,-4196.5299999999115,-4196.5299999999115,-4196.5299999999115,-4196.530000000028,0.0,0.0,-4196.530000000028
2025-08-30 00:00:00+00:00,286.9883308399003,0.0,0.0,449.6099999998696,449.6099999998696,449.61000000010245,449.61000000010245,449.61000000010245,449.6099999998696,449.6099999998696,449.6099999998696,449.6099999998696,449.61000000010245,0.0,0.0,449.6099999998696
2025-08-31 00:00:00+00:00,-163.19746604003012,0.0,0.0,-579.9799999999814,-579.9799999999814,-579.9800000000978,-579.9800000000978,-579.9800000000978,-579.9799999999814,-579.9799999999814,-579.9799999999814,-579.9799999999814,-579.9800000000978,-743.2662939600414,0.0,-579.9799999999814
2025-09-01 00:00:00+00:00,0.0,0.0,0.0,992.6000000000931,992.6000000000931,992.6000000000931,992.6000000000931,992.6000000000931,992.6000000000931,992.6000000000931,992.6000000000931,992.6000000000931,992.6000000000931,992.6000000000931,0.0,992.6000000000931
2025-09-02 00:00:00+00:00,0.0,0.0,0.0,-163.8062047250569,2007.3899999998976,2007.390000000014,2007.390000000014,2007.390000000014,2007.3899999998976,2007.3899999998976,2007.3899999998976,2007.3899999998976,2007.390000000014,2007.3899999998976,0.0,2007.3899999998976
2025-09-03 00:00:00+00:00,0.0,0.0,0.0,0.0,508.46999999997206,508.46999999997206,508.46999999997206,508.46999999997206,508.4700000000885,508.4700000000885,508.4700000000885,508.4700000000885,508.46999999997206,508.4700000000885,0.0,508.46999999997206
2025-09-04 00:00:00+00:00,0.0,0.0,0.0,-1203.3004781999625,-1035.619999999879,-1035.6199999999953,-1035.6199999999953,-1035.6199999999953,-1035.6199999999953,-1035.6199999999953,-1035.6199999999953,-1035.6199999999953,-1035.6199999999953,-1035.6199999999953,0.0,-1035.619999999879
2025-09-05 00:00:00+00:00,-210.58707723999396,0.0,0.0,-50.77000000001863,-50.77000000001863,-172.32636276003905,-172.32636276003905,-172.32636276003905,-50.77000000001863,-50.77000000001863,-50.77000000001863,-50.77000000001863,-50.77000000001863,-50.77000000001863,0.0,-50.77000000001863
2025-09-06 00:00:00+00:00,-165.9496949899476,0.0,0.0,-457.4199999999255,-457.4199999999255,0.0,0.0,0.0,-457.4200000000419,-457.4200000000419,-457.4200000000419,-457.4200000000419,-457.4200000000419,-457.4200000000419,0.0,-457.4199999999255
2025-09-07 00:00:00+00:00,750.0235778950155,0.0,0.0,917.0100000000093,917.0100000000093,0.0,0.0,0.0,917.0100000000093,917.0100000000093,917.0100000000093,917.0100000000093,917.0100000000093,917.0100000000093,0.0,917.0100000000093
2025-09-08 00:00:00+00:00,942.9599999999627,0.0,0.0,942.9599999999627,942.9599999999627,0.0,0.0,0.0,942.9600000000792,942.9600000000792,942.9600000000792,942.9600000000792,942.9599999999627,942.9600000000792,0.0,942.9599999999627
2025-09-09 00:00:00+00:00,-523.25,0.0,0.0,-168.0528187151067,-523.25,0.0,0.0,0.0,-523.25,-523.25,-523.25,-523.25,-523.25,-523.25,0.0,-523.25
2025-09-10 00:00:00+00:00,2434.6500000001397,2269.984311694978,0.0,0.0,2434.649999999907,0.0,0.0,0.0,2434.649999999907,2434.649999999907,2434.649999999907,2434.649999999907,2434.6500000000233,2434.649999999907,0.0,2434.649999999907
2025-09-11 00:00:00+00:00,1556.030000000028,-170.90897801006213,0.0,0.0,1556.030000000028,0.0,0.0,0.0,1556.030000000028,1556.030000000028,1556.030000000028,1556.030000000028,1556.030000000028,1556.030000000028,0.0,1556.030000000028
2025-09-12 00:00:00+00:00,566.0299999997951,392.6522149948869,0.0,0.0,566.0300000000279,0.0,0.0,0.0,-173.2422449949663,-173.2422449949663,-173.2422449949663,566.0300000000279,566.0300000000279,566.0300000000279,0.0,566.0300000000279
2025-09-13 00:00:00+00:00,-137.6799999999348,-137.6799999999348,0.0,0.0,-137.6799999999348,0.0,0.0,0.0,0.0,0.0,0.0,-174.10099198506214,-174.10099198506214,-174.10099198506214,0.0,-137.6799999999348
2025-09-14 00:00:00+00:00,-654.2199999999721,-654.2199999999721,0.0,0.0,-654.2199999999721,0.0,0.0,0.0,0.0,0.0,0.0,0.0,0.0,0.0,0.0,-654.2199999999721
2025-09-15 00:00:00+00:00,66.94999999995343,66.94999999995343,0.0,0.0,66.94999999995343,0.0,0.0,0.0,0.0,0.0,0.0,0.0,0.0,0.0,0.0,66.94999999995343
2025-09-16 00:00:00+00:00,1451.4799999999814,1451.4799999999814,0.0,0.0,1451.4799999999814,0.0,0.0,0.0,0.0,0.0,0.0,0.0,0.0,0.0,0.0,1451.4799999999814
2025-09-17 00:00:00+00:00,-348.1599999999162,-348.1599999999162,0.0,0.0,-348.160000000149,0.0,0.0,0.0,0.0,0.0,0.0,0.0,0.0,0.0,0.0,-348.160000000149
2025-09-18 00:00:00+00:00,633.5900000000838,633.5900000000838,0.0,0.0,633.5900000000838,0.0,0.0,0.0,0.0,0.0,0.0,0.0,0.0,0.0,0.0,633.5900000000838
2025-09-19 00:00:00+00:00,-1427.440000000177,-1427.440000000177,-1603.1755439951085,0.0,-1427.4399999999441,0.0,0.0,0.0,0.0,0.0,0.0,0.0,0.0,0.0,0.0,-1427.4399999999441
2025-09-20 00:00:00+00:00,61.85000000009313,61.85000000009313,61.85000000009313,0.0,61.8499999998603,0.0,0.0,0.0,0.0,0.0,0.0,0.0,0.0,0.0,0.0,61.8499999998603
2025-09-21 00:00:00+00:00,-173.07147355005145,-470.1300000001211,-470.1300000001211,0.0,-470.12999999988824,0.0,0.0,0.0,0.0,0.0,0.0,0.0,0.0,0.0,0.0,-470.12999999988824
2025-09-22 00:00:00+00:00,0.0,-2545.679999999935,-2545.679999999935,0.0,-2545.679999999935,0.0,0.0,0.0,0.0,0.0,0.0,0.0,0.0,0.0,0.0,-2545.679999999935
2025-09-23 00:00:00+00:00,0.0,-719.3799999998882,-169.04851670493372,0.0,-719.3800000001211,0.0,0.0,0.0,0.0,0.0,0.0,0.0,0.0,0.0,0.0,-719.3800000001211
2025-09-24 00:00:00+00:00,0.0,1330.9599999999627,0.0,0.0,1330.9599999999627,1162.8781763950828,1162.8781763950828,1162.8781763950828,0.0,0.0,0.0,1162.8781763950828,0.0,0.0,0.0,1330.9599999999627
2025-09-25 00:00:00+00:00,0.0,-4312.449999999953,0.0,0.0,-4312.449999999953,-4312.45000000007,-4312.45000000007,-4312.45000000007,0.0,0.0,0.0,-4312.45000000007,0.0,0.0,0.0,-4312.449999999953
2025-09-26 00:00:00+00:00,0.0,-163.21948199998587,497.6814820000436,0.0,661.5700000000652,661.5700000000652,661.5700000000652,661.5700000000652,0.0,0.0,0.0,661.5700000000652,0.0,0.0,0.0,661.5700000000652
2025-09-27 00:00:00+00:00,0.0,0.0,-164.49108635494485,0.0,-16.130000000121072,-16.130000000004657,-16.130000000004657,-16.130000000004657,-180.73078364494722,-180.73078364494722,0.0,-16.130000000004657,-180.73078364494722,-180.73078364494722,0.0,-16.130000000121072
2025-09-28 00:00:00+00:00,0.0,0.0,0.0,0.0,2516.5100000000093,2516.5100000000093,2516.5100000000093,2516.5100000000093,2516.5100000000093,2516.5100000000093,0.0,2516.5100000000093,2516.5100000000093,2516.5100000000093,0.0,2516.5100000000093
2025-09-29 00:00:00+00:00,0.0,0.0,0.0,0.0,2167.4000000001397,2167.4000000000233,2167.4000000000233,2167.4000000000233,2167.4000000000233,2167.4000000000233,0.0,2167.399999999907,2167.399999999907,2167.4000000000233,0.0,2167.4000000001397
2025-09-30 00:00:00+00:00,0.0,0.0,-465.54967082990333,0.0,-297.36000000010245,-297.36000000010245,-297.36000000010245,-297.36000000010245,-297.36000000010245,-297.36000000010245,0.0,-297.35999999998603,-297.35999999998603,-297.36000000010245,0.0,-297.36000000010245
2025-10-01 00:00:00+00:00,4421.101401145104,0.0,4592.260000000009,0.0,4592.260000000009,-171.04453114490025,-171.04453114490025,-171.04453114490025,-171.04453114490025,-171.04453114490025,0.0,-171.04453114490025,-171.04453114490025,-171.04453114490025,0.0,4592.260000000009
2025-10-02 00:00:00+00:00,1961.3499999998603,0.0,1961.3499999998603,1780.5465886399616,1961.3500000000931,0.0,0.0,0.0,0.0,0.0,0.0,0.0,0.0,0.0,0.0,1961.3500000000931
2025-10-03 00:00:00+00:00,1697.0800000000745,1516.077694335021,1697.0800000000745,1697.0800000000745,1697.0799999998417,0.0,0.0,0.0,0.0,0.0,0.0,0.0,0.0,0.0,0.0,1697.0799999998417
2025-10-04 00:00:00+00:00,140.15999999991618,140.15999999991618,140.15999999991618,140.15999999991618,140.160000000149,0.0,0.0,0.0,0.0,0.0,0.0,0.0,0.0,0.0,0.0,140.160000000149
2025-10-05 00:00:00+00:00,1062.2299999999814,1062.2299999999814,1062.2299999999814,1062.2299999999814,1062.2299999999814,0.0,0.0,0.0,0.0,0.0,0.0,0.0,0.0,0.0,0.0,1062.2299999999814
2025-10-06 00:00:00+00:00,1199.3000000000466,1199.3000000000466,1199.3000000000466,1199.3000000000466,1199.3000000000466,0.0,0.0,0.0,0.0,0.0,0.0,0.0,0.0,0.0,0.0,1199.3000000000466
2025-10-07 00:00:00+00:00,-3326.1399999998976,-3326.1399999998976,-3326.1399999998976,-3326.1399999998976,-3326.1400000001304,0.0,0.0,0.0,0.0,0.0,0.0,0.0,0.0,0.0,0.0,-3326.1400000001304
2025-10-08 00:00:00+00:00,1949.2999999998137,1949.3000000000466,1949.3000000000466,1949.2999999998137,1949.3000000000466,0.0,0.0,0.0,0.0,0.0,0.0,0.0,0.0,0.0,0.0,1949.3000000000466
2025-10-09 00:00:00+00:00,-1628.7399999999907,-1628.7400000002235,-1628.7400000002235,-1628.7399999999907,-1628.7399999999907,0.0,0.0,0.0,0.0,0.0,0.0,0.0,0.0,0.0,0.0,-1628.7399999999907
2025-10-10 00:00:00+00:00,-8734.229999999981,-8734.229999999981,-8734.229999999981,-8734.229999999981,-8734.229999999981,0.0,0.0,0.0,0.0,0.0,0.0,0.0,0.0,0.0,0.0,-8734.229999999981
2025-10-11 00:00:00+00:00,-2211.3899999998976,-2211.3899999998976,-2211.3899999998976,-2211.3899999998976,-2211.3900000001304,0.0,0.0,0.0,0.0,0.0,0.0,0.0,0.0,0.0,0.0,-2211.3900000001304
2025-10-12 00:00:00+00:00,-166.08796554990113,4299.090000000084,-166.08796555013396,-166.08796554990113,4299.090000000084,4132.871265550028,4132.871265550028,0.0,4132.871265550028,0.0,0.0,0.0,0.0,0.0,0.0,4299.090000000084
2025-10-13 00:00:00+00:00,0.0,206.04999999981374,0.0,0.0,206.05000000004657,206.05000000004657,206.05000000004657,33.41052601998672,206.05000000004657,33.41052601998672,0.0,33.41052601998672,0.0,0.0,0.0,206.05000000004657
2025-10-14 00:00:00+00:00,0.0,-2206.029999999795,0.0,0.0,-2206.030000000028,-2206.030000000028,-2206.030000000028,-2206.030000000028,-2206.030000000028,-2206.030000000028,0.0,-172.85340798506513,0.0,0.0,0.0,-2206.030000000028
2025-10-15 00:00:00+00:00,0.0,-2263.880000000121,0.0,0.0,-2263.880000000121,-2263.8800000000047,-2263.8800000000047,-2263.8800000000047,-2263.8800000000047,-2263.8800000000047,0.0,0.0,0.0,0.0,0.0,-2263.880000000121
2025-10-16 00:00:00+00:00,0.0,-166.16076294495724,0.0,0.0,-2606.119999999879,-2606.1199999999953,-2606.1199999999953,-2606.1199999999953,-2606.1199999999953,-2606.1199999999953,0.0,0.0,0.0,0.0,0.0,-2606.119999999879
2025-10-17 00:00:00+00:00,0.0,0.0,0.0,0.0,-1734.6999999999534,-1734.6999999999534,-1734.6999999999534,-1734.6999999999534,-1734.6999999999534,-1734.6999999999534,0.0,-1897.0410839949036,0.0,0.0,0.0,-1734.6999999999534
2025-10-18 00:00:00+00:00,0.0,0.0,0.0,0.0,745.6099999998696,745.609999999986,745.609999999986,745.609999999986,745.609999999986,745.609999999986,587.0736339550931,745.609999999986,587.0736339550931,587.0736339550931,0.0,745.6099999998696
2025-10-19 00:00:00+00:00,0.0,0.0,0.0,0.0,1467.8700000001118,1467.8699999999953,1467.8699999999953,1467.8699999999953,1467.8699999999953,1467.8699999999953,1467.8699999999953,1467.8699999999953,1467.8699999999953,1467.8699999999953,0.0,1467.8700000001118
2025-10-20 00:00:00+00:00,0.0,0.0,0.0,0.0,1891.280000000028,1891.2799999999115,1891.2799999999115,1891.280000000028,1891.2799999999115,1891.280000000028,1891.2799999999115,1891.280000000028,1891.280000000028,1891.2799999999115,0.0,1891.280000000028
2025-10-21 00:00:00+00:00,0.0,0.0,0.0,0.0,-2205.7900000000373,-2205.789999999921,-2205.789999999921,-2205.7900000000373,-2205.789999999921,-2205.7900000000373,-2205.789999999921,-2205.7900000000373,-2205.7900000000373,-2205.789999999921,0.0,-2205.7900000000373
2025-10-22 00:00:00+00:00,0.0,0.0,0.0,0.0,-776.2900000000373,-776.2900000000373,-776.2900000000373,-776.2900000000373,-776.2900000000373,-776.2900000000373,-776.2900000000373,-776.2900000000373,-776.2900000000373,-776.2900000000373,0.0,-776.2900000000373
2025-10-23 00:00:00+00:00,0.0,0.0,0.0,0.0,2530.0500000000466,2530.0500000000466,2530.0500000000466,2530.0500000000466,2530.0500000000466,2530.0500000000466,2530.0500000000466,2530.0500000000466,2530.0500000000466,2530.0500000000466,0.0,2530.0500000000466
2025-10-24 00:00:00+00:00,0.0,0.0,0.0,0.0,926.1000000000931,926.0999999999767,926.0999999999767,926.0999999999767,926.0999999999767,926.0999999999767,926.0999999999767,926.0999999999767,926.0999999999767,926.0999999999767,0.0,926.1000000000931
2025-10-25 00:00:00+00:00,457.4612839350011,0.0,0.0,0.0,624.0799999998417,624.0799999999581,624.0799999999581,624.0799999999581,624.0799999999581,624.0799999999581,624.0799999999581,624.0799999999581,624.0799999999581,624.0799999999581,0.0,624.0799999998417
2025-10-26 00:00:00+00:00,2881.880000000121,0.0,0.0,2714.314836889971,2881.880000000121,-167.43349689000752,-167.43349689000752,-167.4334968898911,2881.8800000000047,2881.8800000000047,2881.8800000000047,2881.8800000000047,2881.8800000000047,2881.8800000000047,0.0,2881.880000000121
2025-10-27 00:00:00+00:00,-461.03000000002794,-646.5298158449586,-646.5298158449586,-158.1852541549597,-461.03000000002794,0.0,0.0,0.0,-461.03000000002794,-461.0299999999115,-461.03000000002794,-461.0299999999115,-461.0299999999115,-461.03000000002794,0.0,-461.03000000002794
2025-10-28 00:00:00+00:00,-1180.3100000000559,-171.0735464701429,-1180.3100000000559,-1351.4976335300598,-1180.3100000000559,0.0,0.0,0.0,-171.07354646991007,-171.07354647002649,-171.07354646991007,-171.07354647002649,-171.07354647002649,-171.07354646991007,0.0,-1180.3100000000559
2025-10-29 00:00:00+00:00,-2874.619999999879,0.0,-2874.619999999879,-2874.619999999879,-2874.619999999879,0.0,0.0,0.0,0.0,0.0,0.0,0.0,0.0,0.0,0.0,-2874.619999999879
2025-10-30 00:00:00+00:00,-1723.9500000001863,0.0,-1723.9500000001863,-1723.9499999999534,-1723.9500000001863,0.0,0.0,0.0,0.0,0.0,0.0,0.0,0.0,0.0,0.0,-1723.9500000001863
2025-10-31 00:00:00+00:00,1247.0900000000838,0.0,-162.5678759899456,1247.089999999851,1247.0900000000838,0.0,0.0,0.0,1084.7338159900391,0.0,0.0,1084.7338159900391,0.0,0.0,0.0,1247.0900000000838
2025-11-01 00:00:00+00:00,-163.91866718488745,332.2317771848757,0.0,496.9799999999814,-163.91866718488745,332.2317771849921,0.0,0.0,496.9799999999814,332.2317771849921,0.0,496.9799999999814,332.2317771849921,0.0,0.0,496.9799999999814
2025-11-02 00:00:00+00:00,0.0,483.7600000000093,0.0,483.7600000000093,0.0,483.7600000000093,0.0,0.0,483.7600000000093,483.7600000000093,0.0,483.7600000000093,483.7600000000093,0.0,0.0,483.7600000000093
2025-11-03 00:00:00+00:00,0.0,-3978.029999999795,0.0,-167.9254780849442,-4141.706011914881,-3978.030000000028,0.0,0.0,-3978.030000000028,-3978.030000000028,0.0,-3978.030000000028,-3978.030000000028,0.0,0.0,-3978.030000000028
2025-11-04 00:00:00+00:00,0.0,-5089.8300000000745,0.0,0.0,-5089.8300000000745,-5089.829999999958,0.0,0.0,-5089.829999999958,-5089.829999999958,0.0,-5089.829999999958,-5089.829999999958,0.0,0.0,-5089.8300000000745
2025-11-05 00:00:00+00:00,0.0,-152.14150592009537,0.0,0.0,-152.14150592009537,2400.8499999999767,2248.5870259200456,2248.5870259200456,2400.8499999999767,2400.8499999999767,0.0,2400.8499999999767,2400.8499999999767,2248.5870259200456,0.0,2400.850000000093
2025-11-06 00:00:00+00:00,0.0,0.0,0.0,0.0,0.0,-2578.5,-2578.5,-2578.5,-2578.5,-2578.5,-2732.021938335034,-2578.5,-2578.5,-2578.5,0.0,-2578.5
2025-11-07 00:00:00+00:00,0.0,0.0,0.0,0.0,0.0,1993.7700000000186,1993.7700000000186,1993.7700000000186,1993.7700000000186,1993.7700000000186,1993.7700000000186,1993.7700000000186,1993.7700000000186,1993.7700000000186,0.0,1993.7700000000186
2025-11-08 00:00:00+00:00,0.0,0.0,0.0,0.0,0.0,-998.7000000000698,-998.7000000000698,-998.7000000000698,-998.7000000000698,-998.6999999999534,-998.7000000000698,-998.6999999999534,-998.6999999999534,-998.7000000000698,0.0,-998.6999999999534
2025-11-09 00:00:00+00:00,0.0,0.0,0.0,0.0,0.0,2409.3800000000047,2409.3800000000047,2409.3800000000047,2409.3800000000047,2409.3799999998882,2409.3800000000047,2409.3799999998882,2409.3799999998882,2409.3800000000047,0.0,2409.3799999998882
2025-11-10 00:00:00+00:00,0.0,0.0,0.0,0.0,0.0,1284.4300000000512,1284.4300000000512,1284.4300000000512,1284.4300000000512,1284.4300000000512,1284.4300000000512,1284.4300000000512,1284.4300000000512,1284.4300000000512,0.0,1284.4300000001676
2025-11-11 00:00:00+00:00,0.0,0.0,0.0,0.0,0.0,-2970.030000000028,-2970.030000000028,-2970.030000000028,-2970.030000000028,-2970.030000000028,-2970.030000000028,-2970.030000000028,-2970.030000000028,-2970.030000000028,0.0,-2970.030000000028
2025-11-12 00:00:00+00:00,0.0,0.0,0.0,0.0,0.0,-1370.3399999999674,-1370.3399999999674,-1370.3399999999674,-1370.3399999999674,-1370.3399999999674,-1370.3399999999674,-1370.3399999999674,-1370.3399999999674,-1370.3399999999674,0.0,-1370.3400000000838
2025-11-13 00:00:00+00:00,-2173.994863014901,0.0,0.0,0.0,0.0,-2024.469999999972,-2024.469999999972,-2024.469999999972,-2024.469999999972,-2024.469999999972,-2024.469999999972,-2024.469999999972,-2024.469999999972,-2024.469999999972,0.0,-2024.469999999972
2025-11-14 00:00:00+00:00,-153.41592975496314,0.0,0.0,0.0,0.0,-5110.5800000000745,-5110.5800000000745,-5110.5800000000745,-5110.5800000000745,-5110.5800000000745,-5110.5800000000745,-5110.5800000000745,-5110.5800000000745,-5110.5800000000745,0.0,-5110.5800000000745
2025-11-15 00:00:00+00:00,0.0,0.0,0.0,0.0,0.0,1040.9800000000978,1040.9800000000978,1040.9800000000978,1040.9800000000978,1040.9799999999814,1040.9800000000978,1040.9799999999814,1040.9799999999814,1040.9800000000978,0.0,1040.9799999999814
2025-11-16 00:00:00+00:00,0.0,0.0,0.0,0.0,0.0,-1360.9700000000885,-1360.9700000000885,-1360.9700000000885,-1360.9700000000885,-1360.969999999972,-1360.9700000000885,-1360.969999999972,-1360.969999999972,-1360.9700000000885,0.0,-1360.969999999972
2025-11-17 00:00:00+00:00,0.0,0.0,0.0,0.0,0.0,-2083.3699999999953,-2083.3699999999953,-2083.3699999999953,-2083.3699999999953,-2083.3699999999953,-2083.3699999999953,-2083.3699999999953,-2083.3699999999953,-2083.3699999999953,0.0,-2083.369999999879
2025-11-18 00:00:00+00:00,0.0,0.0,0.0,0.0,0.0,813.859999999986,813.859999999986,813.859999999986,813.859999999986,813.859999999986,813.859999999986,813.859999999986,813.859999999986,813.859999999986,0.0,813.8599999998696
2025-11-19 00:00:00+00:00,0.0,0.0,0.0,0.0,0.0,-1452.859999999986,-1452.859999999986,-1452.859999999986,-1452.859999999986,-1452.859999999986,-1452.859999999986,-1452.859999999986,-1452.859999999986,-1452.859999999986,0.0,-1452.8599999998696
2025-11-20 00:00:00+00:00,0.0,0.0,0.0,0.0,0.0,-4924.719999999972,-4924.719999999972,-4924.719999999972,-4924.719999999972,-4924.719999999972,-4924.719999999972,-4924.719999999972,-4924.719999999972,-4924.719999999972,0.0,-4924.719999999972
2025-11-21 00:00:00+00:00,0.0,0.0,0.0,0.0,0.0,-1468.0,-1468.0,-1468.0,-1468.0,-1468.0,-1468.0,-1468.0,-1468.0,-1468.0,0.0,-1468.0
2025-11-22 00:00:00+00:00,0.0,0.0,0.0,0.0,0.0,-384.88000000000466,-384.88000000000466,-384.88000000000466,-384.88000000000466,-384.88000000000466,-384.88000000000466,-384.88000000000466,-384.88000000000466,-384.88000000000466,0.0,-384.8800000001211
2025-11-23 00:00:00+00:00,0.0,0.0,0.0,0.0,0.0,2124.280000000028,2124.280000000028,2124.280000000028,2124.280000000028,2124.280000000028,2124.280000000028,2124.280000000028,2124.280000000028,2124.280000000028,0.0,2124.280000000028
2025-11-24 00:00:00+00:00,0.0,0.0,0.0,0.0,0.0,1457.9199999999255,1457.9199999999255,1457.9199999999255,1457.9199999999255,1457.9199999999255,1457.9199999999255,1457.9199999999255,1457.9199999999255,1457.9199999999255,0.0,1457.9199999999255
2025-11-25 00:00:00+00:00,0.0,0.0,0.0,0.0,0.0,-941.1899999999441,-941.1899999999441,-941.1899999999441,-941.1899999999441,-941.1899999999441,-941.1899999999441,-941.1899999999441,-941.1899999999441,-941.1899999999441,0.0,-941.1899999999441
2025-11-26 00:00:00+00:00,0.0,0.0,0.0,0.0,0.0,3143.829999999958,3143.829999999958,3143.829999999958,3143.829999999958,3143.829999999958,3143.829999999958,3143.829999999958,3143.829999999958,3143.829999999958,0.0,3143.8300000000745
2025-11-27 00:00:00+00:00,0.0,0.0,0.0,0.0,0.0,847.859999999986,847.859999999986,847.859999999986,847.859999999986,847.859999999986,847.859999999986,847.859999999986,847.859999999986,847.859999999986,0.0,847.8599999998696
2025-11-28 00:00:00+00:00,0.0,0.0,0.0,0.0,0.0,-414.0,-414.0,-414.0,-414.0,-414.0,-414.0,-414.0,-414.0,-414.0,0.0,-414.0
2025-11-29 00:00:00+00:00,-211.0294863448944,0.0,0.0,0.0,0.0,-136.31858365493827,-136.31858365493827,-136.31858365493827,-74.64000000001397,-74.63999999989755,-74.64000000001397,-74.63999999989755,-74.63999999989755,-74.64000000001397,0.0,-74.63999999989755
2025-11-30 00:00:00+00:00,-458.55000000004657,0.0,0.0,0.0,0.0,0.0,0.0,0.0,-458.54999999993015,-458.55000000004657,-458.54999999993015,-458.55000000004657,-458.55000000004657,-458.54999999993015,0.0,-458.55000000004657
2025-12-01 00:00:00+00:00,-4087.1500000000233,0.0,0.0,0.0,0.0,0.0,0.0,0.0,-4087.1500000000233,-4087.1500000000233,-4087.1500000000233,-4087.1500000000233,-4087.1500000000233,-4087.1500000000233,0.0,-4087.149999999907
2025-12-02 00:00:00+00:00,5025.6900000000605,0.0,0.0,0.0,0.0,0.0,0.0,0.0,5025.6900000000605,5025.6900000000605,5025.6900000000605,5025.6900000000605,5025.6900000000605,5025.6900000000605,0.0,5025.689999999944
2025-12-03 00:00:00+00:00,-136.91642097500153,0.0,0.0,0.0,0.0,2008.7822709749453,2008.7822709749453,0.0,2145.789999999921,2145.789999999921,2145.789999999921,2145.789999999921,2145.789999999921,2145.789999999921,0.0,2145.7900000000373
2025-12-04 00:00:00+00:00,-1498.704756010091,0.0,0.0,0.0,0.0,-141.9513039899757,-141.9513039899757,0.0,-1360.2999999999302,-1360.2999999999302,-1360.2999999999302,-1360.2999999999302,-1360.2999999999302,-1360.2999999999302,0.0,-1360.3000000000466
2025-12-05 00:00:00+00:00,-2748.2499999998836,-2886.596596849966,0.0,0.0,0.0,0.0,0.0,0.0,-2748.25,-2748.25,-2748.25,-2748.25,-2748.25,-2748.25,0.0,-2748.25
2025-12-06 00:00:00+00:00,-77.32000000006519,-77.32000000006519,0.0,0.0,0.0,0.0,0.0,0.0,-77.32000000006519,-77.32000000006519,-77.32000000006519,-77.32000000006519,-77.32000000006519,-77.32000000006519,0.0,-77.32000000006519
2025-12-07 00:00:00+00:00,-139.01956859999336,1134.3200000000652,0.0,0.0,0.0,0.0,0.0,0.0,1134.3200000000652,1134.3200000000652,1134.3200000000652,1134.3200000000652,1134.3200000000652,1134.3200000000652,0.0,1134.3200000000652
2025-12-08 00:00:00+00:00,0.0,251.56999999994878,0.0,0.0,0.0,0.0,0.0,0.0,251.56999999994878,251.56999999994878,251.56999999994878,251.56999999994878,251.56999999994878,251.56999999994878,0.0,251.5700000000652
2025-12-09 00:00:00+00:00,1900.1138830700656,2036.1399999998976,0.0,0.0,0.0,0.0,0.0,0.0,2036.140000000014,2036.140000000014,2036.140000000014,2036.140000000014,2036.140000000014,2036.140000000014,0.0,2036.1399999998976
2025-12-10 00:00:00+00:00,-654.0100000000093,-654.0099999997765,0.0,0.0,0.0,0.0,0.0,0.0,-654.0100000000093,-654.0100000000093,-654.0100000000093,-654.0100000000093,-654.0100000000093,-654.0100000000093,0.0,-654.0100000000093
2025-12-11 00:00:00+00:00,506.0100000000093,506.0099999997765,0.0,0.0,0.0,0.0,0.0,0.0,-138.1477570750285,-138.1477570750285,-138.1477570750285,506.0100000000093,506.0100000000093,506.0100000000093,0.0,506.0100000000093
2025-12-12 00:00:00+00:00,-141.13317518495023,-2263.9999999998836,0.0,0.0,0.0,0.0,0.0,0.0,0.0,0.0,0.0,-2264.0,-2264.0,-2264.0,0.0,-2264.0
2025-12-13 00:00:00+00:00,-158.1421389998868,-22.680000000051223,0.0,0.0,0.0,0.0,0.0,0.0,0.0,0.0,0.0,-22.679999999934807,-22.679999999934807,-22.680000000051223,0.0,-22.679999999934807
2025-12-14 00:00:00+00:00,-2083.710000000079,-135.33785233995877,0.0,0.0,0.0,0.0,0.0,0.0,0.0,0.0,0.0,-2083.710000000079,-2083.710000000079,-2083.7099999999627,0.0,-2083.7099999999627
2025-12-15 00:00:00+00:00,-1754.109999999986,0.0,0.0,0.0,0.0,0.0,0.0,0.0,0.0,0.0,0.0,-1754.109999999986,-1754.109999999986,-1754.109999999986,0.0,-1754.1100000001024
2025-12-16 00:00:00+00:00,-129.58304125000723,0.0,0.0,0.0,0.0,1306.8405412500724,1306.8405412500724,0.0,1306.840541249956,0.0,0.0,1436.5100000000093,1436.5100000000093,1436.5100000000093,0.0,1436.5100000000093
2025-12-17 00:00:00+00:00,0.0,-1776.054926999961,0.0,0.0,0.0,-1644.2399999999907,-1644.2399999999907,-1776.054926999961,-1644.2399999999907,-1776.054926999961,0.0,-1644.2399999999907,-1644.2399999999907,-1644.2399999999907,0.0,-1644.2399999999907
2025-12-18 00:00:00+00:00,0.0,-129.25158010504674,0.0,0.0,0.0,-749.75,-749.75,-749.75,-749.75,-749.75,0.0,-749.75,-749.75,-749.75,0.0,-749.75
2025-12-19 00:00:00+00:00,0.0,0.0,0.0,0.0,0.0,2632.6300000000047,2632.6300000000047,2632.6300000000047,2632.6300000000047,2632.6300000000047,0.0,2632.6300000000047,2632.6300000000047,2632.6300000000047,0.0,2632.6299999998882
2025-12-20 00:00:00+00:00,0.0,0.0,0.0,0.0,0.0,231.34999999997672,231.34999999997672,231.34999999997672,231.34999999997672,231.34999999997672,99.16697867505718,231.34999999997672,231.34999999997672,231.34999999997672,0.0,231.35000000009313
2025-12-21 00:00:00+00:00,0.0,0.0,0.0,0.0,0.0,315.94999999995343,315.94999999995343,315.94999999995343,315.94999999995343,315.94999999995343,315.94999999995343,315.94999999995343,315.94999999995343,315.94999999995343,0.0,315.94999999995343
2025-12-22 00:00:00+00:00,0.0,0.0,-216.10412493511103,0.0,0.0,-83.17999999993481,-83.17999999993481,-83.17999999993481,-83.17999999993481,-83.17999999993481,-83.17999999993481,-83.17999999993481,-83.17999999993481,-83.17999999993481,0.0,-83.17999999993481
2025-12-23 00:00:00+00:00,-1258.586822514888,0.0,-1127.4499999999534,0.0,0.0,-1127.4499999999534,-1127.4499999999534,-1127.4499999999534,-1127.4499999999534,-1127.4500000000698,-1127.4499999999534,-1127.4499999999534,-1127.4499999999534,-1127.4500000000698,0.0,-1127.4499999999534
2025-12-24 00:00:00+00:00,179.70999999996275,0.0,179.70999999996275,0.0,0.0,179.70999999996275,179.70999999996275,179.70999999996275,179.70999999996275,179.71000000007916,179.70999999996275,179.70999999996275,179.70999999996275,179.71000000007916,0.0,179.70999999996275
2025-12-25 00:00:00+00:00,-131.37972548999824,0.0,-437.3499999998603,0.0,0.0,-437.35000000009313,-437.35000000009313,-437.35000000009313,-437.35000000009313,-437.3499999999767,-437.35000000009313,-437.35000000009313,-437.35000000009313,-437.3499999999767,0.0,-437.35000000009313
2025-12-26 00:00:00+00:00,-6.250775730004534,0.0,-130.93360426998697,0.0,0.0,124.3300000000745,124.3300000000745,124.3300000000745,124.3300000000745,124.32999999995809,124.3300000000745,124.3300000000745,124.3300000000745,124.32999999995809,0.0,124.3300000000745
2025-12-27 00:00:00+00:00,511.9899999999907,0.0,0.0,0.0,0.0,511.9899999999907,511.9899999999907,511.9899999999907,511.9899999999907,511.9899999999907,511.9899999999907,511.9899999999907,511.9899999999907,511.9899999999907,0.0,511.9899999999907
2025-12-28 00:00:00+00:00,-132.91622162493877,0.0,0.0,0.0,0.0,69.29000000003725,69.29000000003725,69.29000000003725,69.29000000003725,69.29000000003725,69.29000000003725,69.29000000003725,69.29000000003725,69.29000000003725,0.0,69.29000000003725
2025-12-29 00:00:00+00:00,0.0,0.0,0.0,0.0,0.0,-131.78198136005085,-131.78198136005085,-131.78198136005085,-766.5100000000093,-766.5100000000093,-766.5100000000093,-766.5100000000093,-766.5100000000093,-766.5100000000093,0.0,-766.5100000000093
2025-12-30 00:00:00+00:00,0.0,0.0,0.0,0.0,0.0,0.0,0.0,0.0,1286.719999999972,1286.719999999972,1286.719999999972,1286.719999999972,1286.719999999972,1286.719999999972,0.0,1286.719999999972
2025-12-31 00:00:00+00:00,0.0,-1031.940058619948,0.0,0.0,0.0,0.0,0.0,0.0,-899.5600000000559,-899.5599999999395,-899.5600000000559,-899.5600000000559,-899.5600000000559,-899.5599999999395,0.0,-899.5600000000559
2026-01-01 00:00:00+00:00,1109.0993260249961,1240.3999999999069,0.0,0.0,0.0,0.0,0.0,0.0,1240.4000000000233,1240.3999999999069,1240.4000000000233,1240.4000000000233,1240.4000000000233,1240.3999999999069,0.0,1240.4000000001397
2026-01-02 00:00:00+00:00,-129.4086289999541,1219.6500000000233,1082.8326290000696,0.0,0.0,0.0,0.0,0.0,1219.6500000000233,1219.6500000000233,1219.6500000000233,1219.6500000000233,1219.6500000000233,1219.6500000000233,0.0,1219.6499999999069
2026-01-03 00:00:00+00:00,505.03802099998575,640.0300000000279,-134.88202100014314,0.0,0.0,0.0,0.0,0.0,640.0300000000279,640.0300000000279,640.0300000000279,640.0300000000279,640.0300000000279,640.0300000000279,0.0,640.0300000000279
2026-01-04 00:00:00+00:00,895.9799999999814,895.979999999865,0.0,0.0,0.0,0.0,0.0,0.0,-135.86171599500813,-135.86171599500813,-135.86171599500813,895.9799999999814,895.9799999999814,895.9799999999814,0.0,895.9799999999814
2026-01-05 00:00:00+00:00,2376.0599999999395,2376.060000000056,0.0,0.0,0.0,0.0,0.0,0.0,0.0,0.0,0.0,2376.060000000056,2376.060000000056,2376.0599999999395,0.0,2376.060000000056
2026-01-06 00:00:00+00:00,-148.05000000004657,-148.05000000004657,-288.90202502999455,0.0,0.0,0.0,0.0,0.0,0.0,0.0,0.0,-140.75815497001167,-140.75815497001167,-140.75815496989526,0.0,-148.05000000004657
2026-01-07 00:00:00+00:00,-2442.2799999999115,-2442.2799999999115,-2442.280000000028,0.0,0.0,0.0,0.0,0.0,0.0,0.0,0.0,0.0,0.0,0.0,0.0,-2442.280000000028
2026-01-08 00:00:00+00:00,-253.72999999998137,-253.72999999998137,-253.72999999998137,0.0,0.0,0.0,0.0,0.0,0.0,0.0,0.0,0.0,0.0,0.0,0.0,-253.72999999998137
2026-01-09 00:00:00+00:00,-510.55000000004657,-510.55000000004657,-510.55000000004657,0.0,0.0,0.0,0.0,0.0,0.0,0.0,0.0,0.0,0.0,0.0,0.0,-510.55000000004657
2026-01-10 00:00:00+00:00,-129.90999999991618,-129.90999999991618,-136.0574224400334,0.0,0.0,0.0,0.0,0.0,0.0,0.0,0.0,0.0,0.0,0.0,0.0,-129.90999999991618
2026-01-11 00:00:00+00:00,486.46999999997206,486.46999999997206,0.0,0.0,0.0,0.0,0.0,0.0,0.0,0.0,0.0,0.0,0.0,0.0,0.0,486.46999999997206
2026-01-12 00:00:00+00:00,-129.77232574496884,316.0799999999581,0.0,0.0,0.0,0.0,0.0,0.0,0.0,0.0,0.0,0.0,0.0,0.0,0.0,316.0800000000745
2026-01-13 00:00:00+00:00,0.0,4196.14000000013,4059.3222859599628,0.0,0.0,0.0,0.0,0.0,0.0,0.0,0.0,0.0,0.0,0.0,0.0,4196.139999999898
2026-01-14 00:00:00+00:00,0.0,1570.9299999999348,1570.9299999999348,0.0,0.0,0.0,0.0,0.0,0.0,0.0,0.0,0.0,0.0,0.0,0.0,1570.9299999999348
2026-01-15 00:00:00+00:00,-1511.8495070099598,-1367.5100000000093,-1367.5100000000093,-1511.8495070100762,0.0,0.0,0.0,0.0,0.0,0.0,0.0,0.0,0.0,0.0,0.0,-1367.5100000000093
2026-01-16 00:00:00+00:00,-83.65000000002328,-83.6500000001397,-83.64999999990687,-83.64999999990687,0.0,0.0,0.0,0.0,0.0,0.0,0.0,0.0,0.0,0.0,0.0,-83.64999999990687
2026-01-17 00:00:00+00:00,-394.0100000000093,-394.0099999997765,-394.0100000000093,-394.0100000000093,0.0,0.0,0.0,0.0,0.0,0.0,0.0,0.0,0.0,0.0,0.0,-394.0100000000093
2026-01-18 00:00:00+00:00,-1476.4599999999627,-1476.4600000001956,-1476.4599999999627,-1476.4599999999627,0.0,0.0,0.0,0.0,0.0,0.0,0.0,0.0,0.0,0.0,0.0,-1476.4599999999627
2026-01-19 00:00:00+00:00,-1073.8699999999953,-1073.869999999879,-1073.8700000001118,-1073.8700000001118,0.0,0.0,0.0,0.0,0.0,0.0,0.0,0.0,0.0,0.0,0.0,-1073.8700000001118
2026-01-20 00:00:00+00:00,-4249.060000000056,-4249.060000000056,-4249.059999999823,-4249.059999999823,0.0,0.0,0.0,0.0,0.0,0.0,0.0,0.0,0.0,0.0,0.0,-4249.059999999823
2026-01-21 00:00:00+00:00,1053.109999999986,-132.42174469993915,1053.1099999998696,1053.1099999998696,0.0,0.0,0.0,0.0,0.0,0.0,0.0,0.0,0.0,0.0,0.0,1053.1099999998696
2026-01-22 00:00:00+00:00,-134.00088314490858,0.0,-134.000883145025,99.79000000003725,0.0,-34.30024685501121,-34.30024685501121,-34.30024685501121,-34.30024685501121,0.0,0.0,-34.30024685501121,0.0,0.0,0.0,99.79000000003725
2026-01-23 00:00:00+00:00,0.0,0.0,-122.81999675510451,11.429999999934807,0.0,11.430000000051223,11.430000000051223,11.430000000051223,11.429999999934807,0.0,0.0,11.430000000051223,0.0,0.0,0.0,11.429999999934807
2026-01-24 00:00:00+00:00,0.0,0.0,-392.7600000000093,-392.7600000000093,0.0,-392.7600000000093,-392.7600000000093,-392.7600000000093,-392.7599999998929,0.0,0.0,-392.7600000000093,0.0,0.0,0.0,-392.7600000000093
2026-01-25 00:00:00+00:00,0.0,0.0,-2520.2299999999814,-2520.2299999999814,0.0,-2520.2299999999814,-2520.2299999999814,-2520.2299999999814,-2520.230000000098,0.0,0.0,-2520.2299999999814,0.0,0.0,0.0,-2520.2299999999814
2026-01-26 00:00:00+00:00,0.0,0.0,1688.0700000000652,1688.0700000000652,0.0,1688.0699999999488,1688.0699999999488,1688.0699999999488,1688.0700000000652,0.0,0.0,1688.0699999999488,0.0,0.0,0.0,1688.0700000000652
2026-01-27 00:00:00+00:00,0.0,0.0,-132.3408749999944,-132.3408749999944,0.0,866.9499999999534,866.9499999999534,866.9499999999534,866.9499999999534,734.5408749999478,734.5408749999478,866.9499999999534,734.5408749999478,0.0,0.0,866.9499999999534
2026-01-28 00:00:00+00:00,0.0,0.0,-88.2799984801095,0.0,0.0,45.440000000060536,45.440000000060536,45.440000000060536,45.440000000060536,45.440000000060536,45.440000000060536,45.440000000060536,45.440000000060536,0.0,0.0,45.43999999994412
2026-01-29 00:00:00+00:00,-4782.988181199995,0.0,-4649.199999999953,0.0,0.0,-4649.20000000007,-4649.20000000007,-4649.20000000007,-4649.20000000007,-4649.20000000007,-4649.20000000007,-4649.20000000007,-4649.20000000007,0.0,0.0,-4649.199999999953
2026-01-30 00:00:00+00:00,-126.73752840491943,0.0,-402.20999999996275,0.0,0.0,-402.20999999996275,-402.20999999996275,-402.20999999996275,-402.20999999996275,-402.20999999996275,-402.20999999996275,-402.20999999996275,-402.20999999996275,0.0,0.0,-402.20999999996275
2026-01-31 00:00:00+00:00,0.0,0.0,-126.12442950508557,0.0,0.0,-5462.989999999991,-5462.989999999991,-5462.989999999991,-5462.989999999991,-5462.989999999991,-5462.989999999991,-5462.989999999991,-5462.989999999991,-5589.19854049501,0.0,-5462.989999999991
2026-02-01 00:00:00+00:00,0.0,0.0,0.0,0.0,0.0,-1752.469999999972,-1752.469999999972,-1752.469999999972,-1752.469999999972,-1752.469999999972,-1752.469999999972,-1752.469999999972,-1752.469999999972,-1752.469999999972,0.0,-1752.469999999972
2026-02-02 00:00:00+00:00,0.0,0.0,0.0,0.0,0.0,1771.3199999999488,1771.3199999999488,1771.3199999999488,1771.3199999999488,1771.3199999999488,1771.3199999999488,1771.3199999999488,1771.3199999999488,1771.3199999999488,0.0,1771.3200000000652
2026-02-03 00:00:00+00:00,0.0,0.0,0.0,0.0,0.0,-3005.359999999986,-3005.359999999986,-3005.359999999986,-3005.359999999986,-3005.359999999986,-3005.359999999986,-3005.359999999986,-3005.359999999986,-3005.359999999986,0.0,-3005.3600000001024
2026-02-04 00:00:00+00:00,0.0,0.0,0.0,0.0,0.0,-2663.4899999999907,-2663.4899999999907,-2663.4899999999907,-2663.4899999999907,-2663.4899999999907,-2663.4899999999907,-2663.4899999999907,-2663.4899999999907,-2663.4899999999907,0.0,-2663.4899999999907
2026-02-05 00:00:00+00:00,0.0,0.0,0.0,0.0,0.0,-10207.0,-10207.0,-10207.0,-10207.0,-10207.0,-10207.0,-10207.0,-10207.0,-10207.0,0.0,-10207.0
2026-02-06 00:00:00+00:00,0.0,0.0,0.0,0.0,0.0,7736.699999999953,7736.699999999953,7736.699999999953,7736.699999999953,7736.699999999953,7736.699999999953,7736.699999999953,7736.699999999953,7736.699999999953,0.0,7736.699999999953
2026-02-07 00:00:00+00:00,0.0,0.0,0.0,0.0,0.0,-1282.9599999999627,-1282.9599999999627,-1282.9599999999627,-1282.9599999999627,-1282.9599999999627,-1282.9599999999627,-1282.9599999999627,-1282.9599999999627,-1282.9599999999627,0.0,-1282.9599999999627
2026-02-08 00:00:00+00:00,0.0,0.0,0.0,0.0,0.0,1034.5899999999674,1034.5899999999674,1034.5899999999674,1034.5899999999674,1034.5899999999674,1034.5899999999674,1034.5899999999674,1034.5899999999674,1034.5899999999674,0.0,1034.5900000000838
2026-02-09 00:00:00+00:00,0.0,0.0,0.0,0.0,0.0,-177.3399999999674,-177.3399999999674,-177.3399999999674,-177.3399999999674,-177.3399999999674,-177.3399999999674,-177.3399999999674,-177.3399999999674,-177.3399999999674,0.0,-177.34000000008382
2026-02-10 00:00:00+00:00,0.0,0.0,0.0,0.0,0.0,-1298.3399999999674,-1298.3399999999674,-1298.3399999999674,-1298.3399999999674,-1298.3399999999674,-1298.3399999999674,-1298.3399999999674,-1298.3399999999674,-1298.3399999999674,0.0,-1298.3400000000838
2026-02-11 00:00:00+00:00,0.0,0.0,0.0,0.0,0.0,-1778.719999999972,-1778.719999999972,-1778.719999999972,-1778.7200000000885,-1778.719999999972,-1778.7200000000885,-1778.719999999972,-1778.719999999972,-1778.7200000000885,0.0,-1778.719999999972
2026-02-12 00:00:00+00:00,0.0,0.0,0.0,0.0,0.0,-816.9300000000512,-816.9300000000512,-816.9300000000512,-816.9299999999348,-816.9300000000512,-816.9299999999348,-816.9300000000512,-816.9300000000512,-816.9299999999348,0.0,-816.9299999999348
2026-02-13 00:00:00+00:00,0.0,0.0,0.0,0.0,0.0,2604.0,2604.0,2604.0,2604.0,2604.0,2604.0,2604.0,2604.0,2604.0,0.0,2604.0
2026-02-14 00:00:00+00:00,871.7075939999195,0.0,0.0,0.0,0.0,974.9599999999627,974.9599999999627,974.9599999999627,974.9599999999627,974.9599999999627,974.9599999999627,974.9599999999627,974.9599999999627,974.9599999999627,0.0,974.9599999999627
2026-02-15 00:00:00+00:00,-104.64554652001243,0.0,0.0,0.0,0.0,-994.9599999999627,-994.9599999999627,-994.9599999999627,-994.9599999999627,-994.9599999999627,-994.9599999999627,-994.9599999999627,-994.9599999999627,-994.9599999999627,0.0,-994.9599999999627
2026-02-16 00:00:00+00:00,-37.09239600005094,0.0,0.0,0.0,0.0,66.13000000000466,66.13000000000466,66.13000000000466,66.13000000000466,66.13000000000466,66.13000000000466,66.13000000000466,66.13000000000466,66.13000000000466,0.0,66.13000000012107
2026-02-17 00:00:00+00:00,-101.83489522500895,0.0,0.0,0.0,0.0,-1391.4300000000512,-1391.4300000000512,-1391.4300000000512,-1391.4300000000512,-1391.4300000000512,-1391.4300000000512,-1391.4300000000512,-1391.4300000000512,-1391.4300000000512,0.0,-1391.4300000001676
2026-02-18 00:00:00+00:00,0.0,0.0,0.0,0.0,0.0,-1046.9099999999162,-1046.9099999999162,-1046.9099999999162,-1046.9099999999162,-1046.9099999999162,-1046.9099999999162,-1046.9099999999162,-1046.9099999999162,-1046.9099999999162,0.0,-1046.9099999999162
2026-02-19 00:00:00+00:00,0.0,0.0,0.0,0.0,0.0,552.7099999999627,552.7099999999627,552.7099999999627,552.7099999999627,552.7099999999627,552.7099999999627,552.7099999999627,552.7099999999627,552.7099999999627,0.0,552.7099999999627
2026-02-20 00:00:00+00:00,0.0,0.0,0.0,0.0,0.0,1011.9200000000419,1011.9200000000419,1011.9200000000419,1011.9200000000419,1011.9200000000419,1011.9200000000419,1011.9200000000419,1011.9200000000419,1011.9200000000419,0.0,1011.9199999999255
2026-02-21 00:00:00+00:00,-130.6506222099997,-130.6506222099997,0.0,0.0,0.0,-28.64000000001397,-28.64000000001397,-28.64000000001397,-28.64000000001397,-28.64000000001397,-28.64000000001397,-28.64000000001397,-28.64000000001397,-28.64000000001397,0.0,-28.639999999897555
2026-02-22 00:00:00+00:00,-101.8996921100188,-101.8996921100188,0.0,0.0,0.0,-337.80000000004657,-337.80000000004657,-337.80000000004657,-337.80000000004657,-337.80000000004657,-337.80000000004657,-337.80000000004657,-337.80000000004657,-337.80000000004657,0.0,-337.80000000004657
2026-02-23 00:00:00+00:00,0.0,0.0,0.0,0.0,0.0,-2992.1999999999534,-2992.1999999999534,-2992.1999999999534,-2992.1999999999534,-2992.1999999999534,-2992.1999999999534,-2992.1999999999534,-2992.1999999999534,-2992.1999999999534,0.0,-2992.1999999999534
2026-02-24 00:00:00+00:00,0.0,0.0,0.0,0.0,0.0,-557.4500000000698,-557.4500000000698,-557.4500000000698,-557.4500000000698,-557.4500000000698,-557.4500000000698,-557.4500000000698,-557.4500000000698,-557.4500000000698,0.0,-557.4499999999534
2026-02-25 00:00:00+00:00,0.0,0.0,0.0,0.0,0.0,3924.350000000093,3924.350000000093,3924.350000000093,3924.3499999999767,3924.350000000093,3924.3499999999767,3924.350000000093,3924.350000000093,3924.3499999999767,0.0,3924.3499999998603
2026-02-26 00:00:00+00:00,0.0,0.0,0.0,0.0,0.0,-502.1700000000419,-502.1700000000419,-502.1700000000419,-502.1699999999255,-502.1700000000419,-502.1699999999255,-502.1700000000419,-502.1700000000419,-502.1699999999255,0.0,-502.1699999999255
2026-02-27 00:00:00+00:00,-1731.8294952498982,-1731.8294952498982,0.0,0.0,0.0,-101.2120047500357,-101.2120047500357,-101.2120047500357,-1630.5700000000652,-1630.5699999999488,-1630.5700000000652,-1630.5699999999488,-1630.5699999999488,-1630.5700000000652,0.0,-1630.5700000000652
2026-02-28 00:00:00+00:00,1107.9099999999162,1107.9099999999162,0.0,0.0,0.0,0.0,0.0,0.0,1107.9100000000326,1107.9099999999162,1107.9100000000326,1107.9099999999162,1107.9099999999162,1107.9100000000326,0.0,1107.910000000149
2026-03-01 00:00:00+00:00,-96.73382423003204,-96.73382423003204,0.0,0.0,0.0,-1303.0307957699988,-1303.0307957699988,0.0,-1198.8499999999767,-1198.8499999999767,-1198.8499999999767,-1198.8499999999767,-1198.8499999999767,-1198.8499999999767,0.0,-1198.8500000000931
2026-03-02 00:00:00+00:00,0.0,0.0,0.0,0.0,0.0,3063.0100000000093,3063.0100000000093,0.0,3063.0100000000093,3063.0100000000093,3063.0100000000093,3063.0100000000093,3063.0100000000093,3063.0100000000093,0.0,3063.0100000000093
2026-03-03 00:00:00+00:00,0.0,0.0,0.0,0.0,0.0,-496.0200000000186,-496.0200000000186,0.0,-496.0200000000186,-496.0200000000186,-496.0200000000186,-496.0200000000186,-496.0200000000186,-496.0200000000186,0.0,-496.0200000000186
2026-03-04 00:00:00+00:00,4244.731847004965,0.0,0.0,0.0,0.0,-102.46981700498145,-102.46981700498145,0.0,4347.270000000019,4347.270000000019,4347.270000000019,4347.270000000019,4347.270000000019,4347.270000000019,0.0,4347.270000000019
2026-03-05 00:00:00+00:00,-1795.6600000000326,-1904.7212316299556,0.0,0.0,0.0,0.0,0.0,0.0,-1795.6600000000326,-1795.6600000000326,-1795.6600000000326,-1795.6600000000326,-1795.6600000000326,-1795.6600000000326,0.0,-1795.6599999999162
2026-03-06 00:00:00+00:00,-2779.359999999986,-2779.359999999986,0.0,0.0,0.0,0.0,0.0,0.0,-106.28597119497135,-106.28597119497135,-106.28597119497135,-2779.359999999986,-2779.359999999986,-2779.359999999986,0.0,-2779.3600000001024
2026-03-07 00:00:00+00:00,-848.6199999999953,-848.6199999999953,0.0,0.0,0.0,0.0,0.0,0.0,0.0,0.0,0.0,-848.6199999999953,-848.6199999999953,-848.6199999999953,0.0,-848.6200000001118
2026-03-08 00:00:00+00:00,-1289.0599999999395,-1289.0599999999395,0.0,0.0,0.0,0.0,0.0,0.0,0.0,0.0,0.0,-1289.0600000000559,-1289.0600000000559,-1289.0599999999395,0.0,-1289.059999999823
2026-03-09 00:00:00+00:00,2461.609999999986,-98.92285472003277,2362.621174719883,0.0,0.0,0.0,0.0,0.0,0.0,0.0,0.0,2461.6100000001024,2461.6100000001024,2461.609999999986,0.0,2461.6099999998696
2026-03-10 00:00:00+00:00,1528.6599999999162,0.0,-102.6240239199251,0.0,0.0,1425.9875439199386,0.0,0.0,1425.9875439199386,1425.9875439199386,0.0,1528.6599999999162,1528.6599999999162,1528.6599999999162,0.0,1528.660000000149
2026-03-11 00:00:00+00:00,-104.90626458497718,142.19377458503004,0.0,0.0,0.0,-104.90626458497718,0.0,0.0,-104.90626458497718,-104.90626458497718,0.0,247.1700000000419,247.1700000000419,247.1700000000419,0.0,247.1699999999255
2026-03-12 00:00:00+00:00,218.1828509849729,323.5600000000559,0.0,0.0,0.0,0.0,0.0,0.0,0.0,0.0,0.0,323.55999999993946,323.55999999993946,323.5600000000559,0.0,323.5600000000559
2026-03-13 00:00:00+00:00,-107.29976498987526,412.7699999999022,308.4797049900517,0.0,0.0,0.0,0.0,0.0,0.0,0.0,0.0,412.7700000000186,412.7700000000186,412.7699999999022,0.0,412.7700000000186
2026-03-14 00:00:00+00:00,0.0,287.69000000006054,287.6899999999441,0.0,0.0,0.0,0.0,0.0,0.0,0.0,0.0,287.69000000006054,287.69000000006054,287.69000000006054,0.0,287.6899999999441
2026-03-15 00:00:00+00:00,1491.116368995048,1597.9899999999907,1597.9899999999907,0.0,0.0,0.0,0.0,0.0,0.0,0.0,0.0,1597.9899999999907,1597.9899999999907,1597.9899999999907,0.0,1597.9899999999907
2026-03-16 00:00:00+00:00,2056.4599999999627,2056.4599999999627,2056.4599999999627,0.0,0.0,0.0,0.0,0.0,0.0,0.0,0.0,2056.4599999999627,2056.4599999999627,2056.4599999999627,0.0,2056.4599999999627
2026-03-17 00:00:00+00:00,-952.359999999986,-952.359999999986,-952.3599999998696,0.0,0.0,0.0,0.0,0.0,0.0,0.0,0.0,-952.359999999986,-952.359999999986,-952.359999999986,0.0,-952.3599999998696
2026-03-18 00:00:00+00:00,-2689.0899999999674,-2689.0899999999674,-2689.090000000084,0.0,0.0,0.0,0.0,0.0,0.0,0.0,0.0,-110.86419794498943,-110.86419794498943,-110.86419794498943,0.0,-2689.090000000084
2026-03-19 00:00:00+00:00,-1326.719999999972,-1326.719999999972,-1326.719999999972,0.0,0.0,0.0,0.0,0.0,0.0,0.0,0.0,0.0,0.0,0.0,0.0,-1326.719999999972
2026-03-20 00:00:00+00:00,578.7099999999627,-105.9508264050819,578.7099999999627,0.0,0.0,0.0,0.0,0.0,0.0,0.0,0.0,0.0,0.0,0.0,0.0,578.7099999999627
2026-03-21 00:00:00+00:00,-105.71026649500709,0.0,-1584.9899999999907,0.0,0.0,0.0,0.0,0.0,0.0,0.0,0.0,0.0,0.0,0.0,0.0,-1584.9899999999907
2026-03-22 00:00:00+00:00,0.0,-1170.4824860100634,-1067.0800000000745,0.0,0.0,0.0,0.0,0.0,0.0,0.0,0.0,0.0,0.0,0.0,0.0,-1067.0800000000745
2026-03-23 00:00:00+00:00,0.0,3029.2900000000373,3029.2900000000373,0.0,0.0,2927.4886675300077,0.0,0.0,0.0,0.0,0.0,2927.4886675300077,0.0,0.0,0.0,3029.2900000000373
2026-03-24 00:00:00+00:00,0.0,-340.7399999999907,-106.28589289006777,0.0,0.0,-340.7399999999907,-447.07676711003296,0.0,0.0,0.0,0.0,-340.7399999999907,0.0,0.0,0.0,-340.7399999999907
2026-03-25 00:00:00+00:00,0.0,768.0400000000373,662.2145132599398,0.0,0.0,-105.77495325997006,-105.77495325997006,0.0,0.0,0.0,0.0,768.0400000000373,0.0,0.0,0.0,768.0400000000373
2026-03-26 00:00:00+00:00,0.0,-2532.5100000000093,-2532.5100000000093,0.0,0.0,0.0,0.0,0.0,0.0,0.0,0.0,-2532.5100000000093,0.0,0.0,0.0,-2532.5100000000093
2026-03-27 00:00:00+00:00,-2518.867914510076,-2415.680000000051,-2415.679999999935,0.0,0.0,0.0,0.0,0.0,0.0,0.0,0.0,-2415.680000000051,0.0,0.0,0.0,-2415.679999999935
2026-03-28 00:00:00+00:00,-99.50681833492126,-99.50681833492126,-33.18999999994412,0.0,0.0,-132.7431716650026,-132.7431716650026,0.0,0.0,0.0,0.0,-33.18999999994412,0.0,0.0,0.0,-33.19000000017695
2026-03-29 00:00:00+00:00,0.0,0.0,-99.4370799199678,0.0,0.0,-363.21000000007916,-363.20999999996275,-462.7334000800038,-462.7334000801202,-462.7334000800038,0.0,-363.21000000007916,0.0,0.0,0.0,-363.20999999996275
2026-03-30 00:00:00+00:00,0.0,0.0,0.0,0.0,0.0,780.2399999999907,780.2399999999907,780.2399999999907,780.2399999999907,780.2399999999907,0.0,780.2399999999907,0.0,0.0,0.0,780.2399999999907
2026-03-31 00:00:00+00:00,0.0,0.0,1384.6310114599764,0.0,0.0,1484.670000000042,1484.6699999999255,1484.670000000042,1484.670000000042,1484.670000000042,0.0,1484.670000000042,0.0,0.0,0.0,1484.6700000001583
2026-04-01 00:00:00+00:00,0.0,0.0,-102.30864907987416,0.0,0.0,-109.5,-109.5,-109.5,-109.5,-109.5,0.0,-109.5,0.0,0.0,0.0,-109.5
2026-04-02 00:00:00+00:00,0.0,0.0,-1320.0625661700033,0.0,0.0,-1217.8699999999953,-1217.8699999999953,-1217.8699999999953,-1217.8699999999953,-1217.8699999999953,0.0,-1217.8699999999953,0.0,0.0,0.0,-1217.8700000001118
2026-04-03 00:00:00+00:00,0.0,0.0,-95.68521544500254,0.0,0.0,65.51000000000931,65.51000000000931,65.51000000000931,65.51000000000931,65.51000000000931,0.0,65.51000000000931,0.0,0.0,0.0,65.51000000000931
2026-04-04 00:00:00+00:00,0.0,0.0,0.0,0.0,0.0,331.7399999999907,331.7399999999907,331.7399999999907,331.7399999999907,331.7399999999907,0.0,331.7399999999907,0.0,0.0,0.0,331.7399999999907
2026-04-05 00:00:00+00:00,1612.308774139965,0.0,0.0,0.0,0.0,1713.2700000000186,1713.2700000000186,1713.2700000000186,1713.2700000000186,1713.2700000000186,0.0,1713.2700000000186,0.0,0.0,0.0,1713.2700000000186
2026-04-06 00:00:00+00:00,-151.39000000001397,0.0,0.0,0.0,0.0,-151.39000000001397,-151.39000000001397,-151.39000000001397,-151.39000000001397,-151.39000000001397,0.0,-151.39000000001397,0.0,0.0,0.0,-151.38999999989755
2026-04-07 00:00:00+00:00,3056.5899999999674,2953.2851731999544,2953.285173200071,0.0,0.0,-103.2559731999645,-103.2559731999645,-103.2559731999645,3056.5899999999674,3056.5899999999674,0.0,-103.2559731999645,0.0,0.0,0.0,3056.589999999851
2026-04-08 00:00:00+00:00,-824.2099999999627,-107.81935989495832,-824.2099999999627,-932.1212701050099,0.0,0.0,0.0,0.0,-824.2099999999627,-824.2099999999627,0.0,0.0,0.0,0.0,0.0,-824.2099999999627
2026-04-09 00:00:00+00:00,712.0200000000186,607.3584730050061,712.0199999997858,712.0200000000186,0.0,0.0,0.0,0.0,-108.59044300497044,-108.59044300497044,0.0,0.0,0.0,0.0,0.0,712.0200000000186
2026-04-10 00:00:00+00:00,1199.8699999999953,-107.6611159950262,1199.8700000001118,1199.8700000001118,0.0,0.0,0.0,0.0,0.0,0.0,0.0,0.0,0.0,0.0,0.0,1199.8700000001118
2026-04-11 00:00:00+00:00,88.11999999999534,-21.41331893997267,88.11999999987893,88.11999999987893,0.0,0.0,0.0,0.0,0.0,0.0,0.0,0.0,0.0,0.0,0.0,88.11999999987893
2026-04-12 00:00:00+00:00,-2330.6500000000233,-2330.6500000000233,-2330.649999999907,-2330.649999999907,0.0,0.0,0.0,0.0,0.0,0.0,0.0,0.0,0.0,0.0,0.0,-2330.649999999907
2026-04-13 00:00:00+00:00,3690.6500000000233,3690.6500000000233,3690.649999999907,3690.649999999907,0.0,0.0,0.0,0.0,0.0,0.0,0.0,0.0,0.0,0.0,0.0,3690.649999999907
2026-04-14 00:00:00+00:00,-266.95999999996275,-266.95999999996275,-109.63477599993348,-266.95999999996275,0.0,0.0,0.0,0.0,0.0,0.0,0.0,0.0,0.0,0.0,0.0,-266.95999999996275
2026-04-15 00:00:00+00:00,657.2699999999022,657.2699999999022,548.9187769549899,657.2700000000186,0.0,0.0,0.0,0.0,0.0,0.0,0.0,0.0,0.0,0.0,0.0,657.2700000000186
2026-04-16 00:00:00+00:00,326.78000000002794,326.78000000002794,326.78000000002794,326.78000000002794,0.0,0.0,0.0,0.0,0.0,0.0,0.0,0.0,0.0,0.0,0.0,326.78000000002794
2026-04-17 00:00:00+00:00,1934.920000000042,1934.920000000042,-112.70705345505849,1934.9199999999255,0.0,0.0,0.0,0.0,0.0,0.0,0.0,0.0,0.0,0.0,0.0,1934.9199999999255
2026-04-18 00:00:00+00:00,-1361.1900000000605,-1361.1900000000605,-1476.875564004993,-1361.1899999999441,0.0,0.0,0.0,0.0,0.0,0.0,0.0,0.0,0.0,0.0,0.0,-1361.1899999999441
2026-04-19 00:00:00+00:00,-1913.6799999999348,-1913.6799999999348,-1913.6799999999348,-1913.6800000001676,0.0,0.0,0.0,0.0,0.0,0.0,0.0,0.0,0.0,0.0,0.0,-1913.6800000001676
2026-04-20 00:00:00+00:00,2041.719999999972,2041.719999999972,2041.719999999972,2041.720000000205,0.0,0.0,0.0,0.0,0.0,0.0,0.0,0.0,0.0,0.0,0.0,2041.720000000205
2026-04-21 00:00:00+00:00,483.71999999997206,483.71999999997206,483.71999999997206,483.71999999997206,0.0,0.0,0.0,0.0,0.0,0.0,0.0,0.0,0.0,0.0,0.0,483.71999999997206
2026-04-22 00:00:00+00:00,1859.9400000000605,1859.9400000000605,1859.9399999999441,1859.9399999999441,0.0,0.0,0.0,0.0,0.0,0.0,0.0,0.0,0.0,0.0,0.0,1859.9399999999441
2026-04-23 00:00:00+00:00,72.79999999993015,72.79999999993015,72.80000000004657,72.80000000004657,0.0,0.0,0.0,0.0,0.0,0.0,0.0,0.0,0.0,0.0,0.0,72.80000000004657
2026-04-24 00:00:00+00:00,-819.5199999999022,-819.5199999999022,-819.5200000000186,-819.5200000000186,0.0,0.0,0.0,0.0,0.0,0.0,0.0,0.0,0.0,0.0,0.0,-819.5200000000186
2026-04-25 00:00:00+00:00,188.9199999999255,188.9199999999255,188.92000000015832,188.9199999999255,0.0,0.0,0.0,0.0,0.0,0.0,0.0,0.0,0.0,0.0,0.0,188.9199999999255
2026-04-26 00:00:00+00:00,1023.109999999986,1023.109999999986,1023.1099999998696,1023.1100000001024,0.0,0.0,0.0,0.0,0.0,0.0,0.0,0.0,0.0,0.0,0.0,1023.1100000001024
2026-04-27 00:00:00+00:00,-1309.4099999999162,-1309.4099999999162,-1309.4099999999162,-1309.410000000149,0.0,0.0,0.0,0.0,0.0,0.0,0.0,0.0,0.0,0.0,0.0,-1309.410000000149
2026-04-28 00:00:00+00:00,-1046.4300000000512,-1046.4300000000512,-1046.4299999999348,-1046.4299999999348,0.0,0.0,0.0,0.0,0.0,0.0,0.0,0.0,0.0,0.0,0.0,-1046.4299999999348
2026-04-29 00:00:00+00:00,-565.109999999986,-565.109999999986,-565.1100000001024,-565.1099999998696,0.0,0.0,0.0,0.0,0.0,0.0,0.0,0.0,0.0,0.0,0.0,-565.1099999998696
2026-04-30 00:00:00+00:00,-113.60142856498715,552.9000000000233,552.8999999999069,552.8999999999069,0.0,0.0,0.0,0.0,0.0,0.0,0.0,0.0,0.0,0.0,0.0,552.8999999999069
2026-05-01 00:00:00+00:00,0.0,1928.2700000000186,1928.2700000000186,1928.2700000000186,0.0,1813.773177110008,0.0,0.0,0.0,0.0,0.0,0.0,0.0,0.0,0.0,1928.2700000000186
2026-05-02 00:00:00+00:00,0.0,448.2599999998929,448.2600000000093,448.2600000000093,0.0,448.2599999998929,0.0,0.0,0.0,0.0,0.0,0.0,0.0,0.0,0.0,448.2600000000093
2026-05-03 00:00:00+00:00,-241.48280615499243,-123.4199999999255,-123.4199999999255,-123.42000000015832,0.0,-117.9841238448862,0.0,0.0,0.0,0.0,0.0,0.0,0.0,0.0,0.0,-123.42000000015832
2026-05-04 00:00:00+00:00,1293.4799999999814,1293.4799999999814,1293.4799999999814,1293.4799999999814,0.0,0.0,0.0,0.0,0.0,0.0,0.0,0.0,0.0,0.0,0.0,1293.4799999999814
2026-05-05 00:00:00+00:00,-119.73862881504465,1055.3499999999767,1055.3500000000931,1055.3500000000931,0.0,0.0,0.0,0.0,0.0,0.0,0.0,0.0,0.0,0.0,0.0,1055.3500000000931
2026-05-06 00:00:00+00:00,408.97796614002436,530.3800000000047,530.3799999998882,530.3800000001211,0.0,0.0,0.0,0.0,0.0,0.0,0.0,0.0,0.0,0.0,0.0,530.3800000001211
2026-05-07 00:00:00+00:00,-1432.719999999972,-1432.719999999972,-1432.719999999972,-1432.719999999972,0.0,0.0,0.0,0.0,0.0,0.0,0.0,0.0,0.0,0.0,0.0,-1432.719999999972
2026-05-08 00:00:00+00:00,183.43999999994412,183.43999999994412,183.43999999994412,183.43999999994412,0.0,0.0,0.0,0.0,0.0,0.0,0.0,0.0,0.0,0.0,0.0,183.43999999994412
2026-05-09 00:00:00+00:00,467.14000000001397,467.14000000001397,467.1400000001304,467.13999999989755,0.0,0.0,0.0,0.0,0.0,0.0,0.0,0.0,0.0,0.0,0.0,467.13999999989755
2026-05-10 00:00:00+00:00,1544.030000000028,1544.030000000028,1544.030000000028,1544.030000000028,0.0,0.0,0.0,0.0,0.0,0.0,0.0,0.0,0.0,0.0,0.0,1544.030000000028
2026-05-11 00:00:00+00:00,-472.9300000000512,-472.9300000000512,-472.93000000016764,-472.9299999999348,0.0,0.0,0.0,0.0,0.0,0.0,0.0,0.0,0.0,0.0,0.0,-472.9299999999348
2026-05-12 00:00:00+00:00,-1242.3399999999674,-1242.3399999999674,-1242.339999999851,-1242.3400000000838,0.0,0.0,0.0,0.0,0.0,0.0,0.0,0.0,0.0,0.0,0.0,-1242.3400000000838
2026-05-13 00:00:00+00:00,-1196.4599999999627,-1196.4599999999627,-1196.4600000001956,-1196.4599999999627,0.0,0.0,0.0,0.0,0.0,0.0,0.0,0.0,0.0,0.0,0.0,-1196.4599999999627
2026-05-14 00:00:00+00:00,-118.89274587004911,1791.1300000000047,1791.130000000121,1791.1299999998882,0.0,0.0,0.0,0.0,0.0,0.0,0.0,0.0,0.0,0.0,0.0,1791.1299999998882
2026-05-15 00:00:00+00:00,0.0,-2020.8800000000047,-2020.880000000121,-2020.8799999998882,0.0,0.0,0.0,0.0,0.0,0.0,0.0,0.0,0.0,0.0,0.0,-2020.8799999998882
2026-05-16 00:00:00+00:00,-1071.6772792499978,-953.0600000000559,-953.059999999823,-953.0600000000559,0.0,0.0,0.0,0.0,0.0,0.0,0.0,0.0,0.0,0.0,0.0,-953.0600000000559
2026-05-17 00:00:00+00:00,-117.10913726990111,-697.859999999986,-697.8600000001024,-697.8599999998696,0.0,-815.0672427300597,0.0,0.0,0.0,0.0,0.0,0.0,0.0,0.0,0.0,-697.8599999998696
2026-05-18 00:00:00+00:00,0.0,-117.09115171490703,-463.6099999998696,-463.61000000010245,0.0,-463.60999999998603,-578.7385582850548,-578.7385582850548,0.0,0.0,0.0,0.0,0.0,0.0,0.0,-463.61000000010245
2026-05-19 00:00:00+00:00,0.0,0.0,-176.5,-176.5,0.0,-176.5,-176.5,-176.5,-291.9344119799789,0.0,0.0,0.0,0.0,0.0,0.0,-176.5
2026-05-20 00:00:00+00:00,0.0,0.0,708.5100000000093,708.5100000000093,0.0,708.5100000000093,708.5100000000093,708.5100000000093,708.5100000000093,0.0,0.0,0.0,0.0,0.0,0.0,708.5100000000093
2026-05-21 00:00:00+00:00,0.0,0.0,71.62999999988824,71.62999999988824,0.0,71.63000000000466,71.63000000000466,71.63000000000466,71.63000000000466,0.0,0.0,0.0,0.0,0.0,0.0,71.62999999988824
2026-05-22 00:00:00+00:00,0.0,0.0,-2103.7099999999627,-2103.7099999999627,0.0,-2103.7099999999627,-2103.7099999999627,-2103.7099999999627,-2103.7099999999627,0.0,0.0,0.0,0.0,0.0,0.0,-2103.7099999999627
2026-05-23 00:00:00+00:00,0.0,0.0,1206.0900000000838,1206.0900000000838,0.0,1206.0899999999674,1206.0899999999674,1206.0899999999674,1206.0899999999674,0.0,0.0,0.0,0.0,0.0,0.0,1206.0900000000838
2026-05-24 00:00:00+00:00,0.0,0.0,-116.28465067502111,325.9899999999907,0.0,325.9899999999907,325.9899999999907,325.9899999999907,325.9899999999907,212.328700675047,212.328700675047,0.0,0.0,0.0,0.0,325.9899999999907
2026-05-25 00:00:00+00:00,0.0,0.0,0.0,273.0800000000745,0.0,273.0800000000745,273.0800000000745,273.0799999999581,273.0799999999581,273.0800000000745,273.0800000000745,0.0,0.0,0.0,0.0,273.0800000000745
2026-05-26 00:00:00+00:00,0.0,0.0,0.0,-1422.969999999972,0.0,-1422.9700000000885,-1422.9700000000885,-1422.969999999972,-1422.969999999972,-1422.9700000000885,-1422.9700000000885,0.0,0.0,0.0,0.0,-1422.969999999972
2026-05-27 00:00:00+00:00,-1623.8970630500698,0.0,0.0,-1510.1200000001118,0.0,-1510.1199999999953,-1510.1199999999953,-1510.1199999999953,-1510.1199999999953,-1510.1199999999953,-1510.1199999999953,0.0,0.0,0.0,0.0,-1510.1200000001118
2026-05-28 00:00:00+00:00,-110.70790664490778,0.0,0.0,-803.4199999999255,0.0,-803.4199999999255,-803.4199999999255,-803.4200000000419,-803.4200000000419,-803.4199999999255,-803.4199999999255,0.0,0.0,0.0,0.0,-803.4199999999255
2026-05-29 00:00:00+00:00,0.0,0.0,0.0,-145.79000000003725,0.0,-145.79000000003725,-145.79000000003725,-145.78999999992084,-145.78999999992084,-145.79000000003725,-145.79000000003725,0.0,0.0,0.0,0.0,-145.79000000003725
2026-05-30 00:00:00+00:00,0.0,0.0,0.0,403.9199999999255,0.0,403.9199999999255,403.9199999999255,403.9200000000419,403.9200000000419,403.9199999999255,403.9199999999255,0.0,0.0,0.0,0.0,403.9199999999255
2026-05-31 00:00:00+00:00,0.0,0.0,0.0,-195.52000000001863,0.0,-195.5199999999022,-195.5199999999022,-195.52000000001863,-195.52000000001863,-195.5199999999022,-195.5199999999022,-306.21292034501676,0.0,0.0,0.0,-195.52000000001863
2026-06-01 00:00:00+00:00,0.0,0.0,0.0,-2260.75,0.0,-2260.75,-2260.75,-2260.75,-2260.75,-2260.75,-2260.75,-2260.75,0.0,0.0,0.0,-2260.75
2026-06-02 00:00:00+00:00,0.0,0.0,0.0,-4656.069999999832,0.0,-4656.070000000065,-4656.070000000065,-4656.070000000065,-4656.070000000065,-4656.070000000065,-4656.070000000065,-4656.070000000065,0.0,0.0,0.0,-4656.069999999832
2026-06-03 00:00:00+00:00,0.0,0.0,0.0,-2618.350000000093,0.0,-2618.3499999999767,-2618.3499999999767,-2618.3499999999767,-2618.3499999999767,-2618.3499999999767,-2618.3499999999767,-2618.3499999999767,-2718.4710042249644,0.0,0.0,-2618.350000000093
2026-06-04 00:00:00+00:00,0.0,0.0,0.0,-96.03796500503086,0.0,-233.97999999998137,-233.97999999998137,-233.97999999998137,-233.97999999998137,-233.97999999998137,-233.97999999998137,-233.97999999998137,-233.97999999998137,-330.06200499495026,0.0,-233.97999999998137
2026-06-05 00:00:00+00:00,0.0,0.0,0.0,0.0,0.0,-2774.0200000000186,-2774.0200000000186,-2774.0200000000186,-2774.0200000000186,-2774.0200000000186,-2774.0200000000186,-2774.0200000000186,-2774.0200000000186,-2774.0200000000186,0.0,-2774.0200000000186
2026-06-06 00:00:00+00:00,0.0,0.0,0.0,0.0,0.0,-181.52000000001863,-181.52000000001863,-181.52000000001863,-181.52000000001863,-181.52000000001863,-181.52000000001863,-181.52000000001863,-181.52000000001863,-181.52000000001863,0.0,-181.52000000001863
2026-06-07 00:00:00+00:00,0.0,0.0,0.0,0.0,0.0,2452.25,2452.25,2452.25,2452.25,2452.25,2452.25,2452.25,2452.25,2452.25,0.0,2452.25
2026-06-08 00:00:00+00:00,0.0,0.0,0.0,0.0,0.0,-239.75,-239.75,-239.75,-239.75,-239.75,-239.75,-239.75,-239.75,-239.75,0.0,-239.75
2026-06-09 00:00:00+00:00,0.0,0.0,0.0,0.0,0.0,-1377.1799999999348,-1377.1799999999348,-1377.1799999999348,-1377.1799999999348,-1377.1799999999348,-1377.1799999999348,-1377.1799999999348,-1377.1799999999348,-1377.1799999999348,0.0,-1377.1799999999348
2026-06-10 00:00:00+00:00,0.0,0.0,0.0,0.0,0.0,-236.34000000008382,-236.34000000008382,-236.34000000008382,-236.34000000008382,-236.34000000008382,-236.34000000008382,-236.34000000008382,-236.34000000008382,-236.34000000008382,0.0,-236.34000000008382
2026-06-11 00:00:00+00:00,0.0,0.0,0.0,0.0,0.0,2113.960000000079,2113.960000000079,2113.960000000079,2113.960000000079,2113.960000000079,2113.960000000079,2113.960000000079,2113.960000000079,2113.960000000079,0.0,2113.9599999999627
2026-06-12 00:00:00+00:00,0.0,0.0,0.0,0.0,0.0,-24.989999999990687,-24.989999999990687,-24.989999999990687,-24.989999999990687,-24.989999999990687,-24.989999999990687,-24.989999999990687,-24.989999999990687,-24.989999999990687,0.0,-24.989999999990687
2026-06-13 00:00:00+00:00,0.0,0.0,0.0,0.0,0.0,891.5599999999395,891.5599999999395,891.5599999999395,891.5599999999395,891.5599999999395,891.5599999999395,891.5599999999395,891.5599999999395,891.5599999999395,0.0,891.5600000000559
2026-06-14 00:00:00+00:00,1184.9703175099567,0.0,0.0,0.0,0.0,1276.6300000000047,1276.6300000000047,1276.6300000000047,1276.6300000000047,1276.6300000000047,1276.6300000000047,1276.6300000000047,1276.6300000000047,1276.6300000000047,0.0,1276.6299999998882
2026-06-15 00:00:00+00:00,570.1800000000512,0.0,0.0,0.0,0.0,570.1800000000512,570.1800000000512,570.1800000000512,570.1800000000512,570.1800000000512,570.1800000000512,570.1800000000512,570.1800000000512,570.1800000000512,0.0,570.1800000001676
2026-06-16 00:00:00+00:00,-660.1600000000326,0.0,0.0,0.0,0.0,-99.392046605004,-99.392046605004,-99.392046605004,-660.1600000000326,-660.1600000000326,-660.1600000000326,-660.1600000000326,-660.1600000000326,-660.1600000000326,0.0,-660.160000000149
2026-06-17 00:00:00+00:00,-1170.5999999999767,0.0,0.0,0.0,0.0,0.0,0.0,0.0,-1170.5999999999767,-1170.5999999999767,-1170.5999999999767,-1170.5999999999767,-1170.5999999999767,-1170.5999999999767,0.0,-1170.5999999998603
2026-06-18 00:00:00+00:00,-1567.030000000028,0.0,0.0,0.0,0.0,0.0,0.0,0.0,-1567.030000000028,-1567.030000000028,-1567.030000000028,-1567.030000000028,-1567.030000000028,-1567.030000000028,0.0,-1567.030000000028
2026-06-19 00:00:00+00:00,596.1899999999441,501.84004549495876,0.0,0.0,0.0,0.0,0.0,0.0,596.1899999999441,596.1899999999441,596.1899999999441,596.1899999999441,596.1899999999441,596.1899999999441,0.0,596.1899999999441
2026-06-20 00:00:00+00:00,-95.3008824599674,-95.3008824599674,0.0,0.0,0.0,0.0,0.0,0.0,747.7900000000373,747.7900000000373,747.7900000000373,747.7900000000373,747.7900000000373,747.7900000000373,0.0,747.7900000000373
2026-06-21 00:00:00+00:00,0.0,-1083.7366115000332,0.0,0.0,0.0,0.0,0.0,0.0,-987.359999999986,-987.359999999986,-987.359999999986,-987.359999999986,-987.359999999986,-987.359999999986,0.0,-987.3600000001024
2026-06-22 00:00:00+00:00,0.0,714.9799999999814,0.0,0.0,0.0,0.0,0.0,0.0,714.9799999999814,714.9799999999814,714.9799999999814,714.9799999999814,714.9799999999814,714.9799999999814,0.0,714.9800000002142
2026-06-23 00:00:00+00:00,0.0,-95.89393969497178,0.0,0.0,0.0,0.0,0.0,0.0,-1305.75,-1305.75,-1305.75,-1305.75,-1305.75,-1305.75,0.0,-1305.75
2026-06-24 00:00:00+00:00,0.0,-1755.7286124300444,0.0,0.0,0.0,0.0,0.0,0.0,-1661.7299999999814,-1661.7299999999814,-1661.7299999999814,-1661.7299999999814,-1661.7299999999814,-1661.7299999999814,0.0,-1661.7300000002142
2026-06-25 00:00:00+00:00,0.0,-1279.4799999999814,0.0,0.0,0.0,-1370.9952015699819,0.0,0.0,-1279.4799999999814,-1279.4799999999814,-1279.4799999999814,-1279.4799999999814,-1279.4799999999814,-1279.4799999999814,0.0,-1279.4799999999814
2026-06-26 00:00:00+00:00,0.0,-89.51563817006536,0.0,0.0,0.0,298.88000000000466,209.28465817007236,209.28465817007236,298.88000000000466,298.88000000000466,298.88000000000466,298.88000000000466,298.88000000000466,298.88000000000466,0.0,298.8800000001211
2026-06-27 00:00:00+00:00,0.0,0.0,0.0,0.0,0.0,-67.69000000006054,-67.69000000006054,-67.69000000006054,-67.69000000006054,-67.69000000006054,-67.69000000006054,-67.69000000006054,-67.69000000006054,-67.69000000006054,0.0,-67.68999999994412
2026-06-28 00:00:00+00:00,0.0,0.0,0.0,0.0,0.0,-460.8299999999581,-460.8299999999581,-460.8299999999581,-460.8299999999581,-460.8299999999581,-460.8299999999581,-460.8299999999581,-460.8299999999581,-460.8299999999581,0.0,-460.8300000000745
2026-06-29 00:00:00+00:00,0.0,0.0,0.0,0.0,0.0,688.7199999999721,688.7199999999721,688.7199999999721,688.7199999999721,688.7199999999721,688.7199999999721,688.7199999999721,688.7199999999721,688.7199999999721,0.0,688.7199999999721
2026-06-30 00:00:00+00:00,0.0,0.0,0.0,0.0,0.0,-1638.7999999999302,-1638.7999999999302,-1638.7999999999302,-1638.7999999999302,-1638.7999999999302,-1638.7999999999302,-1638.7999999999302,-1638.7999999999302,-1638.7999999999302,0.0,-1638.8000000000466
2026-07-01 00:00:00+00:00,0.0,0.0,0.0,0.0,0.0,1437.5199999999022,1437.5199999999022,1437.5199999999022,1437.5199999999022,1437.5199999999022,1437.5199999999022,1437.5199999999022,1437.5199999999022,1437.5199999999022,0.0,1437.5200000000186
2026-07-02 00:00:00+00:00,0.0,0.0,0.0,0.0,0.0,1522.5700000000652,1522.5700000000652,1522.5700000000652,1522.5700000000652,1522.5700000000652,1522.5700000000652,1522.5700000000652,1522.5700000000652,1522.5700000000652,0.0,1522.5700000000652
2026-07-03 00:00:00+00:00,0.0,0.0,0.0,0.0,0.0,1036.1999999999534,1036.1999999999534,1036.1999999999534,1036.1999999999534,1036.1999999999534,1036.1999999999534,1036.1999999999534,1036.1999999999534,1036.1999999999534,0.0,1036.1999999999534
2026-07-04 00:00:00+00:00,472.41840988991316,0.0,0.0,0.0,0.0,-93.74906989000738,-93.74906989000738,-93.74906989000738,566.2299999999814,566.2299999999814,566.2299999999814,566.2299999999814,566.2299999999814,566.2299999999814,0.0,566.2299999999814
2026-07-05 00:00:00+00:00,493.9900000001071,0.0,0.0,0.0,0.0,0.0,0.0,0.0,-94.58814676990733,-94.58814676990733,-94.58814676990733,493.9899999999907,493.9900000001071,493.9899999999907,0.0,493.9899999999907
2026-07-06 00:00:00+00:00,421.39999999990687,0.0,0.0,0.0,0.0,0.0,0.0,0.0,0.0,0.0,0.0,421.4000000000233,421.39999999990687,421.4000000000233,0.0,421.4000000001397
2026-07-07 00:00:00+00:00,-678.5699999999488,-774.6147759249434,-774.6147759249434,0.0,0.0,0.0,0.0,0.0,0.0,0.0,0.0,-678.5699999999488,-678.5699999999488,-678.5699999999488,0.0,-678.5700000000652
2026-07-08 00:00:00+00:00,-1085.5700000000652,-1085.5700000000652,-1085.5700000000652,0.0,0.0,0.0,0.0,0.0,0.0,0.0,0.0,-1085.5700000000652,-1085.5700000000652,-1085.5700000000652,0.0,-1085.5700000000652
2026-07-09 00:00:00+00:00,937.5500000000466,937.5500000000466,937.5500000000466,0.0,0.0,0.0,0.0,0.0,0.0,0.0,0.0,937.5500000000466,937.5500000000466,937.5500000000466,0.0,937.5500000000466
2026-07-10 00:00:00+00:00,953.2399999999907,953.2399999999907,-94.7312873750925,0.0,0.0,0.0,0.0,0.0,0.0,0.0,0.0,953.2399999999907,953.2399999999907,953.2399999999907,0.0,953.2399999999907
2026-07-11 00:00:00+00:00,-355.44999999995343,-355.44999999995343,-451.6747992450837,0.0,0.0,0.0,0.0,0.0,0.0,0.0,0.0,-355.44999999995343,-355.44999999995343,-355.44999999995343,0.0,-355.44999999995343
2026-07-12 00:00:00+00:00,-32.720000000088476,-32.720000000088476,-32.71999999997206,0.0,0.0,0.0,0.0,0.0,0.0,0.0,0.0,-32.720000000088476,-32.720000000088476,-32.720000000088476,0.0,-32.71999999997206
2026-07-13 00:00:00+00:00,-1475.3799999998882,-1475.3799999998882,-1475.3799999998882,0.0,0.0,0.0,0.0,0.0,0.0,0.0,0.0,-1475.3800000000047,-1475.3799999998882,-1475.3800000000047,0.0,-1475.380000000121
2026-07-14 00:00:00+00:00,2723.6999999999534,2723.6999999999534,2723.6999999999534,0.0,0.0,0.0,0.0,0.0,0.0,0.0,0.0,2723.70000000007,2723.6999999999534,2723.70000000007,0.0,2723.6999999999534
2026-07-15 00:00:00+00:00,-97.44048067496624,-272.0100000000093,-97.44048067508265,0.0,0.0,0.0,0.0,0.0,0.0,0.0,0.0,-272.0100000000093,-272.0100000000093,-272.0100000000093,0.0,-272.0100000000093
2026-07-16 00:00:00+00:00,-1038.5404160199687,-946.0300000000279,0.0,0.0,0.0,0.0,0.0,0.0,0.0,0.0,0.0,-946.0300000000279,-946.0300000000279,-946.0300000000279,0.0,-946.0299999997951
2026-07-17 00:00:00+00:00,123.40000000002328,123.40000000002328,0.0,0.0,0.0,0.0,0.0,0.0,0.0,0.0,0.0,123.40000000002328,123.40000000002328,123.40000000002328,0.0,123.39999999990687
2026-07-18 00:00:00+00:00,902.359999999986,902.359999999986,0.0,0.0,0.0,0.0,0.0,0.0,0.0,0.0,0.0,902.359999999986,902.359999999986,902.359999999986,0.0,902.3600000001024
2026-07-19 00:00:00+00:00,-97.1621418199502,-114.57999999995809,0.0,0.0,0.0,0.0,0.0,0.0,0.0,0.0,0.0,-114.57999999995809,-114.57999999995809,-114.57999999995809,0.0,-114.5800000000745
2026-07-20 00:00:00+00:00,434.20497410499956,531.2700000000186,434.20497410488315,0.0,0.0,0.0,0.0,0.0,0.0,0.0,0.0,531.2700000000186,531.2700000000186,531.2700000000186,0.0,531.2700000000186
2026-07-21 00:00:00+00:00,1303.1299999998882,1303.1300000000047,1303.130000000121,0.0,0.0,0.0,0.0,0.0,0.0,0.0,0.0,1303.1299999998882,1303.1300000000047,1303.1299999998882,0.0,1303.1299999998882
2026-07-22 00:00:00+00:00,-429.5699999999488,-429.5700000000652,-429.5700000000652,0.0,0.0,0.0,0.0,0.0,0.0,0.0,0.0,-429.5699999999488,-429.5700000000652,-429.5699999999488,0.0,-429.56999999983236
2026-07-23 00:00:00+00:00,-1035.3800000000047,-1035.3800000000047,-1035.3799999998882,0.0,0.0,0.0,0.0,0.0,0.0,0.0,0.0,-99.10685669991653,-99.10685670003295,-99.10685669991653,0.0,-1035.380000000121
2026-07-24 00:00:00+00:00,-967.9100000000326,-967.9100000000326,-967.910000000149,0.0,0.0,0.0,0.0,0.0,0.0,0.0,0.0,0.0,0.0,0.0,0.0,-967.9099999999162
2026-07-25 00:00:00+00:00,212.29000000003725,212.29000000003725,212.29000000003725,0.0,0.0,0.0,0.0,0.0,0.0,0.0,0.0,0.0,0.0,0.0,0.0,212.29000000003725
2026-07-26 00:00:00+00:00,1045.4599999999627,-96.41126719501335,1045.4599999999627,0.0,0.0,0.0,0.0,0.0,0.0,0.0,0.0,0.0,0.0,0.0,0.0,1045.4599999999627
2026-07-27 00:00:00+00:00,-97.97893446497619,-1744.6842755349353,-1646.6399999998976,0.0,0.0,0.0,0.0,0.0,0.0,0.0,0.0,0.0,0.0,0.0,0.0,-1646.6400000001304
2026-07-28 00:00:00+00:00,58.10799328004941,152.68999999994412,152.68999999994412,0.0,0.0,0.0,0.0,0.0,0.0,0.0,0.0,0.0,0.0,0.0,0.0,152.69000000017695
2026-07-29 00:00:00+00:00,-95.73875643999781,49.02000000001863,49.02000000001863,0.0,0.0,-46.78260356001556,0.0,0.0,0.0,0.0,0.0,0.0,0.0,0.0,0.0,49.019999999785796
2026-07-30 00:00:00+00:00,0.0,-95.81226192996837,825.7600000000093,0.0,0.0,825.7600000000093,729.8838419300737,0.0,0.0,0.0,0.0,0.0,0.0,0.0,0.0,825.7600000000093
2026-07-31 00:00:00+00:00,0.0,0.0,-1896.0,0.0,0.0,-1896.0,-1896.0,0.0,0.0,0.0,0.0,0.0,0.0,0.0,0.0,-1896.0
2026-08-01 00:00:00+00:00,0.0,-156.76144834503066,-61.699999999953434,0.0,0.0,-93.4186216549715,-93.4186216549715,0.0,0.0,0.0,0.0,0.0,0.0,0.0,0.0,-61.699999999953434
2026-08-02 00:00:00+00:00,0.0,-94.11491789994761,735.2900000000373,0.0,0.0,641.1123178999405,641.1123178999405,641.112317900057,641.112317900057,0.0,0.0,0.0,0.0,0.0,0.0,735.2900000000373
2026-08-03 00:00:00+00:00,0.0,0.0,-32.980000000214204,0.0,0.0,-32.97999999998137,-32.97999999998137,-32.97999999998137,-32.97999999998137,-128.26098474499304,0.0,0.0,0.0,0.0,0.0,-32.97999999998137
2026-08-04 00:00:00+00:00,0.0,0.0,584.0,0.0,0.0,584.0,584.0,584.0,584.0,584.0,0.0,0.0,0.0,0.0,0.0,584.0
2026-08-05 00:00:00+00:00,0.0,0.0,552.5200000000186,0.0,0.0,552.5200000000186,552.5200000000186,552.5200000000186,552.5200000000186,552.5200000000186,0.0,0.0,0.0,0.0,0.0,552.5200000000186
2026-08-06 00:00:00+00:00,-432.65683150989935,0.0,-335.7299999999814,-432.65683150989935,0.0,-335.7299999999814,-335.7299999999814,-335.7299999999814,-335.7299999999814,-335.7299999999814,0.0,0.0,0.0,0.0,0.0,-335.7299999999814
2026-08-07 00:00:00+00:00,624.3099999999395,0.0,624.3100000000559,624.3100000000559,0.0,-96.36881635000464,-96.36881635000464,-96.36881635000464,-96.36881635000464,-96.36881635000464,0.0,0.0,0.0,0.0,0.0,624.3100000000559
2026-08-08 00:00:00+00:00,-97.31495419994462,0.0,17.110000000102445,17.109999999869615,0.0,0.0,0.0,0.0,0.0,0.0,0.0,0.0,0.0,0.0,0.0,17.109999999869615
2026-08-09 00:00:00+00:00,-157.41551935509779,-157.41551935509779,-60.03000000002794,-60.03000000002794,0.0,0.0,0.0,0.0,0.0,0.0,0.0,0.0,0.0,0.0,0.0,-60.03000000002794
2026-08-10 00:00:00+00:00,-936.8099999999395,-936.8099999999395,-936.8100000000559,-936.8100000000559,0.0,0.0,0.0,0.0,0.0,0.0,0.0,0.0,0.0,0.0,0.0,-936.8100000000559
2026-08-11 00:00:00+00:00,-380.13000000000466,-95.8358640599763,-380.12999999988824,-380.12999999988824,0.0,0.0,0.0,0.0,0.0,0.0,0.0,0.0,0.0,0.0,0.0,-380.12999999988824
2026-08-12 00:00:00+00:00,-120.03000000002794,-215.35939087497536,-120.03000000002794,-120.03000000002794,0.0,0.0,0.0,0.0,0.0,0.0,0.0,0.0,0.0,0.0,0.0,-120.03000000002794
2026-08-13 00:00:00+00:00,-95.09585914493073,-95.09585914493073,-95.09585914504714,-95.09585914504714,0.0,-81.50927085499279,0.0,0.0,-81.50927085499279,0.0,0.0,0.0,0.0,0.0,0.0,13.630000000121072
2026-08-14 00:00:00+00:00,0.0,0.0,-545.3297376749106,0.0,0.0,-450.1600000000326,0.0,0.0,-450.1600000000326,0.0,0.0,0.0,0.0,0.0,0.0,-450.160000000149
2026-08-15 00:00:00+00:00,0.0,0.0,-94.44128241017461,0.0,0.0,43.56000000005588,0.0,0.0,43.56000000005588,-50.924257589969784,0.0,0.0,0.0,0.0,0.0,43.56000000005588
2026-08-16 00:00:00+00:00,0.0,-276.6496343750041,0.0,0.0,0.0,-182.0899999999674,-276.6496343750041,0.0,-182.0899999999674,-182.0899999999674,-276.6496343750041,0.0,0.0,0.0,0.0,-182.09000000008382
2026-08-17 00:00:00+00:00,0.0,1647.5200000000186,0.0,0.0,0.0,1647.5200000000186,1647.5200000000186,0.0,1647.5200000000186,1647.5200000000186,1647.5200000000186,0.0,0.0,0.0,0.0,1647.5200000000186
2026-08-18 00:00:00+00:00,0.0,-103.60365137003828,0.0,0.0,0.0,197.14999999990687,197.14999999990687,107.32187136996072,197.14999999990687,197.14999999990687,197.14999999990687,0.0,0.0,0.0,0.0,197.1500000001397
2026-08-19 00:00:00+00:00,4521.625664334977,4521.625664334977,0.0,4521.625664334977,0.0,-96.9896543349605,-96.9896543349605,-96.9896543349605,-96.9896543349605,-96.9896543349605,-96.9896543349605,0.0,0.0,0.0,0.0,4618.679999999935
2026-08-20 00:00:00+00:00,3711.859999999986,3711.859999999986,0.0,3711.8599999998696,0.0,0.0,0.0,0.0,0.0,0.0,0.0,0.0,0.0,0.0,0.0,3711.8599999998696
2026-08-21 00:00:00+00:00,5313.670000000042,5313.6699999999255,5205.127204569988,5313.670000000158,0.0,0.0,0.0,0.0,0.0,0.0,0.0,0.0,0.0,0.0,0.0,5313.670000000158
2026-08-22 00:00:00+00:00,-1271.0999999999767,-1271.0999999998603,-1271.1000000000931,-1271.1000000000931,0.0,0.0,0.0,0.0,0.0,0.0,0.0,0.0,0.0,0.0,0.0,-1271.1000000000931
2026-08-23 00:00:00+00:00,674.9199999999255,674.9199999999255,674.9200000001583,674.9200000001583,559.2998127799947,0.0,0.0,0.0,0.0,0.0,0.0,0.0,0.0,0.0,0.0,674.9200000001583
2026-08-24 00:00:00+00:00,1252.2299999999814,1252.2299999999814,1252.2299999999814,1252.2299999999814,-116.5551753200125,0.0,0.0,0.0,0.0,0.0,0.0,0.0,0.0,0.0,0.0,1252.2299999999814
2026-08-25 00:00:00+00:00,-454.78999999992084,-454.79000000003725,-454.79000000003725,-454.79000000003725,-573.3018757950049,0.0,0.0,0.0,0.0,0.0,0.0,0.0,0.0,0.0,0.0,-454.79000000003725
2026-08-26 00:00:00+00:00,499.38000000000466,499.3800000001211,499.37999999988824,499.37999999988824,499.37999999988824,0.0,0.0,0.0,0.0,0.0,0.0,0.0,0.0,0.0,0.0,499.37999999988824
2026-08-27 00:00:00+00:00,1249.1599999999162,1249.1599999999162,1249.160000000149,1249.160000000149,1249.160000000149,0.0,0.0,0.0,0.0,0.0,0.0,0.0,0.0,0.0,0.0,1249.160000000149
2026-08-28 00:00:00+00:00,-2436.149999999907,-2436.149999999907,-2436.1500000001397,-2436.1500000001397,-2436.1500000001397,0.0,0.0,0.0,0.0,0.0,0.0,0.0,0.0,0.0,0.0,-2436.1500000001397
2026-08-29 00:00:00+00:00,394.7399999999907,394.7399999999907,394.7399999999907,394.7399999999907,394.7399999999907,0.0,0.0,0.0,0.0,0.0,0.0,0.0,0.0,0.0,0.0,394.7399999999907
2026-08-30 00:00:00+00:00,-117.32176304003224,-568.7900000000373,-568.7900000000373,-568.7900000000373,-568.7900000000373,0.0,0.0,0.0,0.0,0.0,0.0,0.0,0.0,0.0,0.0,-568.7900000000373
2026-08-31 00:00:00+00:00,774.0930139499251,897.6000000000931,897.6000000000931,897.6000000000931,-109.50931394984946,0.0,0.0,0.0,0.0,0.0,0.0,0.0,0.0,0.0,0.0,897.6000000000931
