market,config_id,scenario,execution_sha256,run_id,commission_per_side,slippage_ticks_per_side,fee_bps,slippage_bps,delay_minutes,mask_sha256,period,status,days,gross_pnl_usd,net_pnl_usd,commission_usd,slippage_usd,entry_trades,fills,account_return,mean_session_pnl_usd,annual_mean_return,volatility,sharpe,max_drawdown,drawdown_scope,exposure,mean_entry_notional_usd,notional_note,terminal_flat_windows,periods_per_year,maximum_window_reconciliation_error_usd,reconciliation_error_usd
ES,mom-3,base,f633acbb8b57ab059f8d09f13419b2442432f47087ba3dd06081603cf504354f,c378fab4a06afe67,2.5,1,0.0,0.0,1,90761e0f3b59792feaff58da8495688f20cba575442992addb11855ad5bf9453,whole,ok,89,-275.0,-12035.0,1960.0,9800.0,392,784,-0.12035,-135.22471910112358,-0.34076629213483145,0.05161541037299249,-6.602026210240804,-0.12676825333796596,"conditional complete-window sum on stated capital, not live equity or intraday drawdown",0.3443352059925094,1316541.4396067415,mean across entered windows; not equal-risk sizing or margin availability,89,252,0.0,0.0
ES,mom-3,base,f633acbb8b57ab059f8d09f13419b2442432f47087ba3dd06081603cf504354f,c378fab4a06afe67,2.5,1,0.0,0.0,1,90761e0f3b59792feaff58da8495688f20cba575442992addb11855ad5bf9453,development,ok,30,2337.5,-1652.5,665.0,3325.0,133,266,-0.016525,-55.083333333333336,-0.13881000000000002,0.054220947170525946,-2.560080692862849,-0.031245346701742196,"conditional complete-window sum on stated capital, not live equity or intraday drawdown",0.36527777777777776,562510.5575396826,mean across entered windows; not equal-risk sizing or margin availability,30,252,0.0,0.0
ES,mom-3,base,f633acbb8b57ab059f8d09f13419b2442432f47087ba3dd06081603cf504354f,c378fab4a06afe67,2.5,1,0.0,0.0,1,90761e0f3b59792feaff58da8495688f20cba575442992addb11855ad5bf9453,validation,ok,29,-50.0,-3770.0,620.0,3100.0,124,248,-0.0377,-130.0,-0.3276,0.051356000136303454,-6.379001462935588,-0.043125,"conditional complete-window sum on stated capital, not live equity or intraday drawdown",0.3369252873563218,1325007.901272578,mean across entered windows; not equal-risk sizing or margin availability,29,252,0.0,0.0
ES,mom-3,base,f633acbb8b57ab059f8d09f13419b2442432f47087ba3dd06081603cf504354f,c378fab4a06afe67,2.5,1,0.0,0.0,1,90761e0f3b59792feaff58da8495688f20cba575442992addb11855ad5bf9453,historical_final,ok,30,-2562.5,-6612.5,675.0,3375.0,135,270,-0.066125,-220.41666666666666,-0.55545,0.047334933243561396,-11.73446251929707,-0.066125,"conditional complete-window sum on stated capital, not live equity or intraday drawdown",0.33055555555555555,2062388.0753968253,mean across entered windows; not equal-risk sizing or margin availability,30,252,0.0,0.0
ES,mom-3,base,f633acbb8b57ab059f8d09f13419b2442432f47087ba3dd06081603cf504354f,c378fab4a06afe67,2.5,1,0.0,0.0,1,90761e0f3b59792feaff58da8495688f20cba575442992addb11855ad5bf9453,2020,ok,89,-275.0,-12035.0,1960.0,9800.0,392,784,-0.12035,-135.22471910112358,-0.34076629213483145,0.05161541037299249,-6.602026210240804,-0.12676825333796596,"conditional complete-window sum on stated capital, not live equity or intraday drawdown",0.3443352059925094,1316541.4396067415,mean across entered windows; not equal-risk sizing or margin availability,89,252,0.0,0.0
ES,mom-3,gross_reference,f633acbb8b57ab059f8d09f13419b2442432f47087ba3dd06081603cf504354f,1444811f757e8462,0.0,0,0.0,0.0,1,90761e0f3b59792feaff58da8495688f20cba575442992addb11855ad5bf9453,whole,ok,89,-275.0,-275.0,0.0,0.0,392,784,-0.00275,-3.0898876404494384,-0.007786516853932584,0.04904386511521318,-0.15876637853971354,-0.027073170731707317,"conditional complete-window sum on stated capital, not live equity or intraday drawdown",0.3443352059925094,1316541.4396067415,mean across entered windows; not equal-risk sizing or margin availability,89,252,0.0,0.0
ES,mom-3,gross_reference,f633acbb8b57ab059f8d09f13419b2442432f47087ba3dd06081603cf504354f,1444811f757e8462,0.0,0,0.0,0.0,1,90761e0f3b59792feaff58da8495688f20cba575442992addb11855ad5bf9453,development,ok,30,2337.5,2337.5,0.0,0.0,133,266,0.023375,77.91666666666667,0.19635000000000002,0.05216709104340623,3.7638671444536698,-0.011473208836811912,"conditional complete-window sum on stated capital, not live equity or intraday drawdown",0.36527777777777776,562510.5575396826,mean across entered windows; not equal-risk sizing or margin availability,30,252,0.0,0.0
ES,mom-3,gross_reference,f633acbb8b57ab059f8d09f13419b2442432f47087ba3dd06081603cf504354f,1444811f757e8462,0.0,0,0.0,0.0,1,90761e0f3b59792feaff58da8495688f20cba575442992addb11855ad5bf9453,validation,ok,29,-50.0,-50.0,0.0,0.0,124,248,-0.0005,-1.7241379310344827,-0.004344827586206896,0.04786717208894947,-0.09076842012168786,-0.016722825408710847,"conditional complete-window sum on stated capital, not live equity or intraday drawdown",0.3369252873563218,1325007.901272578,mean across entered windows; not equal-risk sizing or margin availability,29,252,0.0,0.0
ES,mom-3,gross_reference,f633acbb8b57ab059f8d09f13419b2442432f47087ba3dd06081603cf504354f,1444811f757e8462,0.0,0,0.0,0.0,1,90761e0f3b59792feaff58da8495688f20cba575442992addb11855ad5bf9453,historical_final,ok,30,-2562.5,-2562.5,0.0,0.0,135,270,-0.025625,-85.41666666666667,-0.21525,0.04491525785221582,-4.792358104861265,-0.025625,"conditional complete-window sum on stated capital, not live equity or intraday drawdown",0.33055555555555555,2062388.0753968253,mean across entered windows; not equal-risk sizing or margin availability,30,252,0.0,0.0
ES,mom-3,gross_reference,f633acbb8b57ab059f8d09f13419b2442432f47087ba3dd06081603cf504354f,1444811f757e8462,0.0,0,0.0,0.0,1,90761e0f3b59792feaff58da8495688f20cba575442992addb11855ad5bf9453,2020,ok,89,-275.0,-275.0,0.0,0.0,392,784,-0.00275,-3.0898876404494384,-0.007786516853932584,0.04904386511521318,-0.15876637853971354,-0.027073170731707317,"conditional complete-window sum on stated capital, not live equity or intraday drawdown",0.3443352059925094,1316541.4396067415,mean across entered windows; not equal-risk sizing or margin availability,89,252,0.0,0.0
ES,mom-3,cost_stress,f633acbb8b57ab059f8d09f13419b2442432f47087ba3dd06081603cf504354f,19bcf564000d3bc2,5.0,2,0.0,0.0,1,90761e0f3b59792feaff58da8495688f20cba575442992addb11855ad5bf9453,whole,ok,89,-275.0,-23795.0,3920.0,19600.0,392,784,-0.23795,-267.35955056179773,-0.6737460674157303,0.05460286354654053,-12.339024433058636,-0.24039971093224352,"conditional complete-window sum on stated capital, not live equity or intraday drawdown",0.3443352059925094,1316541.4396067415,mean across entered windows; not equal-risk sizing or margin availability,89,252,0.0,0.0
ES,mom-3,cost_stress,f633acbb8b57ab059f8d09f13419b2442432f47087ba3dd06081603cf504354f,19bcf564000d3bc2,5.0,2,0.0,0.0,1,90761e0f3b59792feaff58da8495688f20cba575442992addb11855ad5bf9453,development,ok,30,2337.5,-5642.5,1330.0,6650.0,133,266,-0.056425,-188.08333333333334,-0.47397000000000006,0.056606981490345126,-8.372995477259996,-0.06464153106232401,"conditional complete-window sum on stated capital, not live equity or intraday drawdown",0.36527777777777776,562510.5575396826,mean across entered windows; not equal-risk sizing or margin availability,30,252,0.0,0.0
ES,mom-3,cost_stress,f633acbb8b57ab059f8d09f13419b2442432f47087ba3dd06081603cf504354f,19bcf564000d3bc2,5.0,2,0.0,0.0,1,90761e0f3b59792feaff58da8495688f20cba575442992addb11855ad5bf9453,validation,ok,29,-50.0,-7490.0,1240.0,6200.0,124,248,-0.0749,-258.2758620689655,-0.6508551724137931,0.05529734318928084,-11.770098432865737,-0.076275,"conditional complete-window sum on stated capital, not live equity or intraday drawdown",0.3369252873563218,1325007.901272578,mean across entered windows; not equal-risk sizing or margin availability,29,252,0.0,0.0
ES,mom-3,cost_stress,f633acbb8b57ab059f8d09f13419b2442432f47087ba3dd06081603cf504354f,19bcf564000d3bc2,5.0,2,0.0,0.0,1,90761e0f3b59792feaff58da8495688f20cba575442992addb11855ad5bf9453,historical_final,ok,30,-2562.5,-10662.5,1350.0,6750.0,135,270,-0.106625,-355.4166666666667,-0.8956500000000001,0.05022416345572702,-17.83304963933391,-0.106625,"conditional complete-window sum on stated capital, not live equity or intraday drawdown",0.33055555555555555,2062388.0753968253,mean across entered windows; not equal-risk sizing or margin availability,30,252,0.0,0.0
ES,mom-3,cost_stress,f633acbb8b57ab059f8d09f13419b2442432f47087ba3dd06081603cf504354f,19bcf564000d3bc2,5.0,2,0.0,0.0,1,90761e0f3b59792feaff58da8495688f20cba575442992addb11855ad5bf9453,2020,ok,89,-275.0,-23795.0,3920.0,19600.0,392,784,-0.23795,-267.35955056179773,-0.6737460674157303,0.05460286354654053,-12.339024433058636,-0.24039971093224352,"conditional complete-window sum on stated capital, not live equity or intraday drawdown",0.3443352059925094,1316541.4396067415,mean across entered windows; not equal-risk sizing or margin availability,89,252,0.0,0.0
ES,mom-3,delay_stress,f633acbb8b57ab059f8d09f13419b2442432f47087ba3dd06081603cf504354f,f3b89a82ad263b2a,2.5,1,0.0,0.0,5,90761e0f3b59792feaff58da8495688f20cba575442992addb11855ad5bf9453,whole,ok,89,-437.5,-11717.5,1880.0,9400.0,376,752,-0.117175,-131.6573033707865,-0.33177640449438195,0.04954949801408078,-6.695858036747398,-0.12235311661198926,"conditional complete-window sum on stated capital, not live equity or intraday drawdown",0.3352059925093633,1316541.4442883895,mean across entered windows; not equal-risk sizing or margin availability,89,252,0.0,0.0
ES,mom-3,delay_stress,f633acbb8b57ab059f8d09f13419b2442432f47087ba3dd06081603cf504354f,f3b89a82ad263b2a,2.5,1,0.0,0.0,5,90761e0f3b59792feaff58da8495688f20cba575442992addb11855ad5bf9453,development,ok,30,2300.0,-1570.0,645.0,3225.0,129,258,-0.0157,-52.333333333333336,-0.13188,0.05230016450162037,-2.5215981872468887,-0.029898598270205787,"conditional complete-window sum on stated capital, not live equity or intraday drawdown",0.3597222222222222,562507.4513888888,mean across entered windows; not equal-risk sizing or margin availability,30,252,0.0,0.0
ES,mom-3,delay_stress,f633acbb8b57ab059f8d09f13419b2442432f47087ba3dd06081603cf504354f,f3b89a82ad263b2a,2.5,1,0.0,0.0,5,90761e0f3b59792feaff58da8495688f20cba575442992addb11855ad5bf9453,validation,ok,29,-87.5,-3627.5,590.0,2950.0,118,236,-0.036275,-125.08620689655173,-0.31521724137931034,0.04707855595740467,-6.69555883711705,-0.040775,"conditional complete-window sum on stated capital, not live equity or intraday drawdown",0.32471264367816094,1325012.8807471264,mean across entered windows; not equal-risk sizing or margin availability,29,252,0.0,0.0
ES,mom-3,delay_stress,f633acbb8b57ab059f8d09f13419b2442432f47087ba3dd06081603cf504354f,f3b89a82ad263b2a,2.5,1,0.0,0.0,5,90761e0f3b59792feaff58da8495688f20cba575442992addb11855ad5bf9453,historical_final,ok,30,-2650.0,-6520.0,645.0,3225.0,129,258,-0.0652,-217.33333333333334,-0.5476800000000001,0.04709958049450782,-11.62812904594477,-0.0652,"conditional complete-window sum on stated capital, not live equity or intraday drawdown",0.32083333333333336,2062386.3819444443,mean across entered windows; not equal-risk sizing or margin availability,30,252,0.0,0.0
ES,mom-3,delay_stress,f633acbb8b57ab059f8d09f13419b2442432f47087ba3dd06081603cf504354f,f3b89a82ad263b2a,2.5,1,0.0,0.0,5,90761e0f3b59792feaff58da8495688f20cba575442992addb11855ad5bf9453,2020,ok,89,-437.5,-11717.5,1880.0,9400.0,376,752,-0.117175,-131.6573033707865,-0.33177640449438195,0.04954949801408078,-6.695858036747398,-0.12235311661198926,"conditional complete-window sum on stated capital, not live equity or intraday drawdown",0.3352059925093633,1316541.4442883895,mean across entered windows; not equal-risk sizing or margin availability,89,252,0.0,0.0
ES,mom-3,combined_stress,f633acbb8b57ab059f8d09f13419b2442432f47087ba3dd06081603cf504354f,27e9e54df8df1688,5.0,2,0.0,0.0,5,90761e0f3b59792feaff58da8495688f20cba575442992addb11855ad5bf9453,whole,ok,89,-437.5,-22997.5,3760.0,18800.0,376,752,-0.229975,-258.3988764044944,-0.6511651685393258,0.05174225599339487,-12.584785027975009,-0.23091712652001298,"conditional complete-window sum on stated capital, not live equity or intraday drawdown",0.3352059925093633,1316541.4442883895,mean across entered windows; not equal-risk sizing or margin availability,89,252,0.0,0.0
ES,mom-3,combined_stress,f633acbb8b57ab059f8d09f13419b2442432f47087ba3dd06081603cf504354f,27e9e54df8df1688,5.0,2,0.0,0.0,5,90761e0f3b59792feaff58da8495688f20cba575442992addb11855ad5bf9453,development,ok,30,2300.0,-5440.0,1290.0,6450.0,129,258,-0.0544,-181.33333333333334,-0.45696000000000003,0.054138774746335765,-8.440530879042994,-0.06162450997528028,"conditional complete-window sum on stated capital, not live equity or intraday drawdown",0.3597222222222222,562507.4513888888,mean across entered windows; not equal-risk sizing or margin availability,30,252,0.0,0.0
ES,mom-3,combined_stress,f633acbb8b57ab059f8d09f13419b2442432f47087ba3dd06081603cf504354f,27e9e54df8df1688,5.0,2,0.0,0.0,5,90761e0f3b59792feaff58da8495688f20cba575442992addb11855ad5bf9453,validation,ok,29,-87.5,-7167.5,1180.0,5900.0,118,236,-0.071675,-247.1551724137931,-0.6228310344827587,0.0498029055031102,-12.505917640565425,-0.0719,"conditional complete-window sum on stated capital, not live equity or intraday drawdown",0.32471264367816094,1325012.8807471264,mean across entered windows; not equal-risk sizing or margin availability,29,252,0.0,0.0
ES,mom-3,combined_stress,f633acbb8b57ab059f8d09f13419b2442432f47087ba3dd06081603cf504354f,27e9e54df8df1688,5.0,2,0.0,0.0,5,90761e0f3b59792feaff58da8495688f20cba575442992addb11855ad5bf9453,historical_final,ok,30,-2650.0,-10390.0,1290.0,6450.0,129,258,-0.1039,-346.3333333333333,-0.8727599999999999,0.049383249987322075,-17.673198913073957,-0.1039,"conditional complete-window sum on stated capital, not live equity or intraday drawdown",0.32083333333333336,2062386.3819444443,mean across entered windows; not equal-risk sizing or margin availability,30,252,0.0,0.0
ES,mom-3,combined_stress,f633acbb8b57ab059f8d09f13419b2442432f47087ba3dd06081603cf504354f,27e9e54df8df1688,5.0,2,0.0,0.0,5,90761e0f3b59792feaff58da8495688f20cba575442992addb11855ad5bf9453,2020,ok,89,-437.5,-22997.5,3760.0,18800.0,376,752,-0.229975,-258.3988764044944,-0.6511651685393258,0.05174225599339487,-12.584785027975009,-0.23091712652001298,"conditional complete-window sum on stated capital, not live equity or intraday drawdown",0.3352059925093633,1316541.4442883895,mean across entered windows; not equal-risk sizing or margin availability,89,252,0.0,0.0
ES,mom-6,base,f633acbb8b57ab059f8d09f13419b2442432f47087ba3dd06081603cf504354f,e65e995b7e6e1a84,2.5,1,0.0,0.0,1,90761e0f3b59792feaff58da8495688f20cba575442992addb11855ad5bf9453,whole,ok,89,-112.5,-8692.5,1430.0,7150.0,286,572,-0.086925,-97.6685393258427,-0.24612471910112363,0.051352323716137585,-4.792864300779021,-0.0952262987093418,"conditional complete-window sum on stated capital, not live equity or intraday drawdown",0.3508895131086142,1316536.2225789193,mean across entered windows; not equal-risk sizing or margin availability,89,252,0.0,0.0
ES,mom-6,base,f633acbb8b57ab059f8d09f13419b2442432f47087ba3dd06081603cf504354f,e65e995b7e6e1a84,2.5,1,0.0,0.0,1,90761e0f3b59792feaff58da8495688f20cba575442992addb11855ad5bf9453,development,ok,30,3137.5,17.5,520.0,2600.0,104,208,0.000175,0.5833333333333334,0.0014700000000000002,0.04471731526470209,0.03287317208777859,-0.01669680679763173,"conditional complete-window sum on stated capital, not live equity or intraday drawdown",0.38472222222222224,562518.5208333334,mean across entered windows; not equal-risk sizing or margin availability,30,252,0.0,0.0
ES,mom-6,base,f633acbb8b57ab059f8d09f13419b2442432f47087ba3dd06081603cf504354f,e65e995b7e6e1a84,2.5,1,0.0,0.0,1,90761e0f3b59792feaff58da8495688f20cba575442992addb11855ad5bf9453,validation,ok,29,50.0,-2440.0,415.0,2075.0,83,166,-0.0244,-84.13793103448276,-0.21202758620689655,0.05495061968211347,-3.8585112858319945,-0.03605,"conditional complete-window sum on stated capital, not live equity or intraday drawdown",0.33620689655172414,1324991.3793103448,mean across entered windows; not equal-risk sizing or margin availability,29,252,0.0,0.0
ES,mom-6,base,f633acbb8b57ab059f8d09f13419b2442432f47087ba3dd06081603cf504354f,e65e995b7e6e1a84,2.5,1,0.0,0.0,1,90761e0f3b59792feaff58da8495688f20cba575442992addb11855ad5bf9453,historical_final,ok,30,-3300.0,-6270.0,495.0,2475.0,99,198,-0.0627,-209.0,-0.5266799999999999,0.05007639646339003,-10.51752995815197,-0.0627,"conditional complete-window sum on stated capital, not live equity or intraday drawdown",0.33125,2062380.606150794,mean across entered windows; not equal-risk sizing or margin availability,30,252,0.0,0.0
ES,mom-6,base,f633acbb8b57ab059f8d09f13419b2442432f47087ba3dd06081603cf504354f,e65e995b7e6e1a84,2.5,1,0.0,0.0,1,90761e0f3b59792feaff58da8495688f20cba575442992addb11855ad5bf9453,2020,ok,89,-112.5,-8692.5,1430.0,7150.0,286,572,-0.086925,-97.6685393258427,-0.24612471910112363,0.051352323716137585,-4.792864300779021,-0.0952262987093418,"conditional complete-window sum on stated capital, not live equity or intraday drawdown",0.3508895131086142,1316536.2225789193,mean across entered windows; not equal-risk sizing or margin availability,89,252,0.0,0.0
ES,mom-6,gross_reference,f633acbb8b57ab059f8d09f13419b2442432f47087ba3dd06081603cf504354f,5a3db868a92a3acf,0.0,0,0.0,0.0,1,90761e0f3b59792feaff58da8495688f20cba575442992addb11855ad5bf9453,whole,ok,89,-112.5,-112.5,0.0,0.0,286,572,-0.001125,-1.2640449438202248,-0.003185393258426967,0.049315684040837665,-0.06459189039716422,-0.03995171997585999,"conditional complete-window sum on stated capital, not live equity or intraday drawdown",0.3508895131086142,1316536.2225789193,mean across entered windows; not equal-risk sizing or margin availability,89,252,0.0,0.0
ES,mom-6,gross_reference,f633acbb8b57ab059f8d09f13419b2442432f47087ba3dd06081603cf504354f,5a3db868a92a3acf,0.0,0,0.0,0.0,1,90761e0f3b59792feaff58da8495688f20cba575442992addb11855ad5bf9453,development,ok,30,3137.5,3137.5,0.0,0.0,104,208,0.031375,104.58333333333333,0.26355,0.04338810668517512,6.07424522836001,-0.004476498383486694,"conditional complete-window sum on stated capital, not live equity or intraday drawdown",0.38472222222222224,562518.5208333334,mean across entered windows; not equal-risk sizing or margin availability,30,252,0.0,0.0
ES,mom-6,gross_reference,f633acbb8b57ab059f8d09f13419b2442432f47087ba3dd06081603cf504354f,5a3db868a92a3acf,0.0,0,0.0,0.0,1,90761e0f3b59792feaff58da8495688f20cba575442992addb11855ad5bf9453,validation,ok,29,50.0,50.0,0.0,0.0,83,166,0.0005,1.7241379310344827,0.004344827586206896,0.05295266672976068,0.08205115727939342,-0.018875,"conditional complete-window sum on stated capital, not live equity or intraday drawdown",0.33620689655172414,1324991.3793103448,mean across entered windows; not equal-risk sizing or margin availability,29,252,0.0,0.0
ES,mom-6,gross_reference,f633acbb8b57ab059f8d09f13419b2442432f47087ba3dd06081603cf504354f,5a3db868a92a3acf,0.0,0,0.0,0.0,1,90761e0f3b59792feaff58da8495688f20cba575442992addb11855ad5bf9453,historical_final,ok,30,-3300.0,-3300.0,0.0,0.0,99,198,-0.033,-110.0,-0.2772,0.046793484294437755,-5.923901675194344,-0.037625,"conditional complete-window sum on stated capital, not live equity or intraday drawdown",0.33125,2062380.606150794,mean across entered windows; not equal-risk sizing or margin availability,30,252,0.0,0.0
ES,mom-6,gross_reference,f633acbb8b57ab059f8d09f13419b2442432f47087ba3dd06081603cf504354f,5a3db868a92a3acf,0.0,0,0.0,0.0,1,90761e0f3b59792feaff58da8495688f20cba575442992addb11855ad5bf9453,2020,ok,89,-112.5,-112.5,0.0,0.0,286,572,-0.001125,-1.2640449438202248,-0.003185393258426967,0.049315684040837665,-0.06459189039716422,-0.03995171997585999,"conditional complete-window sum on stated capital, not live equity or intraday drawdown",0.3508895131086142,1316536.2225789193,mean across entered windows; not equal-risk sizing or margin availability,89,252,0.0,0.0
ES,mom-6,cost_stress,f633acbb8b57ab059f8d09f13419b2442432f47087ba3dd06081603cf504354f,45739288740bd58d,5.0,2,0.0,0.0,1,90761e0f3b59792feaff58da8495688f20cba575442992addb11855ad5bf9453,whole,ok,89,-112.5,-17272.5,2860.0,14300.0,286,572,-0.172725,-194.07303370786516,-0.48906404494382016,0.05385446142330341,-9.081216894914428,-0.17443804106479055,"conditional complete-window sum on stated capital, not live equity or intraday drawdown",0.3508895131086142,1316536.2225789193,mean across entered windows; not equal-risk sizing or margin availability,89,252,0.0,0.0
ES,mom-6,cost_stress,f633acbb8b57ab059f8d09f13419b2442432f47087ba3dd06081603cf504354f,45739288740bd58d,5.0,2,0.0,0.0,1,90761e0f3b59792feaff58da8495688f20cba575442992addb11855ad5bf9453,development,ok,30,3137.5,-3102.5,1040.0,5200.0,104,208,-0.031025,-103.41666666666667,-0.26061,0.04660711883244951,-5.5916350662413015,-0.0384701743881446,"conditional complete-window sum on stated capital, not live equity or intraday drawdown",0.38472222222222224,562518.5208333334,mean across entered windows; not equal-risk sizing or margin availability,30,252,0.0,0.0
ES,mom-6,cost_stress,f633acbb8b57ab059f8d09f13419b2442432f47087ba3dd06081603cf504354f,45739288740bd58d,5.0,2,0.0,0.0,1,90761e0f3b59792feaff58da8495688f20cba575442992addb11855ad5bf9453,validation,ok,29,50.0,-4930.0,830.0,4150.0,83,166,-0.0493,-170.0,-0.4284,0.05726798844031455,-7.480618957770521,-0.05735,"conditional complete-window sum on stated capital, not live equity or intraday drawdown",0.33620689655172414,1324991.3793103448,mean across entered windows; not equal-risk sizing or margin availability,29,252,0.0,0.0
ES,mom-6,cost_stress,f633acbb8b57ab059f8d09f13419b2442432f47087ba3dd06081603cf504354f,45739288740bd58d,5.0,2,0.0,0.0,1,90761e0f3b59792feaff58da8495688f20cba575442992addb11855ad5bf9453,historical_final,ok,30,-3300.0,-9240.0,990.0,4950.0,99,198,-0.0924,-308.0,-0.77616,0.053804759115233254,-14.425489729220866,-0.0924,"conditional complete-window sum on stated capital, not live equity or intraday drawdown",0.33125,2062380.606150794,mean across entered windows; not equal-risk sizing or margin availability,30,252,0.0,0.0
ES,mom-6,cost_stress,f633acbb8b57ab059f8d09f13419b2442432f47087ba3dd06081603cf504354f,45739288740bd58d,5.0,2,0.0,0.0,1,90761e0f3b59792feaff58da8495688f20cba575442992addb11855ad5bf9453,2020,ok,89,-112.5,-17272.5,2860.0,14300.0,286,572,-0.172725,-194.07303370786516,-0.48906404494382016,0.05385446142330341,-9.081216894914428,-0.17443804106479055,"conditional complete-window sum on stated capital, not live equity or intraday drawdown",0.3508895131086142,1316536.2225789193,mean across entered windows; not equal-risk sizing or margin availability,89,252,0.0,0.0
ES,mom-6,delay_stress,f633acbb8b57ab059f8d09f13419b2442432f47087ba3dd06081603cf504354f,bab166d4158d00ed,2.5,1,0.0,0.0,5,90761e0f3b59792feaff58da8495688f20cba575442992addb11855ad5bf9453,whole,ok,89,1537.5,-6892.5,1405.0,7025.0,281,562,-0.068925,-77.4438202247191,-0.19515842696629213,0.04930036106742991,-3.958559790249139,-0.08116843066143636,"conditional complete-window sum on stated capital, not live equity or intraday drawdown",0.3476123595505618,1316533.6543606208,mean across entered windows; not equal-risk sizing or margin availability,89,252,0.0,0.0
ES,mom-6,delay_stress,f633acbb8b57ab059f8d09f13419b2442432f47087ba3dd06081603cf504354f,bab166d4158d00ed,2.5,1,0.0,0.0,5,90761e0f3b59792feaff58da8495688f20cba575442992addb11855ad5bf9453,development,ok,30,3525.0,435.0,515.0,2575.0,103,206,0.00435,14.5,0.03654,0.04654542497611228,0.7850395612190201,-0.015740261021883403,"conditional complete-window sum on stated capital, not live equity or intraday drawdown",0.38263888888888886,562521.0,mean across entered windows; not equal-risk sizing or margin availability,30,252,0.0,0.0
ES,mom-6,delay_stress,f633acbb8b57ab059f8d09f13419b2442432f47087ba3dd06081603cf504354f,bab166d4158d00ed,2.5,1,0.0,0.0,5,90761e0f3b59792feaff58da8495688f20cba575442992addb11855ad5bf9453,validation,ok,29,950.0,-1450.0,400.0,2000.0,80,160,-0.0145,-50.0,-0.126,0.053663220645056325,-2.347976854266715,-0.0261,"conditional complete-window sum on stated capital, not live equity or intraday drawdown",0.3275862068965517,1324983.0100574715,mean across entered windows; not equal-risk sizing or margin availability,29,252,0.0,0.0
ES,mom-6,delay_stress,f633acbb8b57ab059f8d09f13419b2442432f47087ba3dd06081603cf504354f,bab166d4158d00ed,2.5,1,0.0,0.0,5,90761e0f3b59792feaff58da8495688f20cba575442992addb11855ad5bf9453,historical_final,ok,30,-2937.5,-5877.5,490.0,2450.0,98,196,-0.058775,-195.91666666666666,-0.49371000000000004,0.042699114603596114,-11.562534834350402,-0.058775,"conditional complete-window sum on stated capital, not live equity or intraday drawdown",0.33194444444444443,2062378.598214286,mean across entered windows; not equal-risk sizing or margin availability,30,252,0.0,0.0
ES,mom-6,delay_stress,f633acbb8b57ab059f8d09f13419b2442432f47087ba3dd06081603cf504354f,bab166d4158d00ed,2.5,1,0.0,0.0,5,90761e0f3b59792feaff58da8495688f20cba575442992addb11855ad5bf9453,2020,ok,89,1537.5,-6892.5,1405.0,7025.0,281,562,-0.068925,-77.4438202247191,-0.19515842696629213,0.04930036106742991,-3.958559790249139,-0.08116843066143636,"conditional complete-window sum on stated capital, not live equity or intraday drawdown",0.3476123595505618,1316533.6543606208,mean across entered windows; not equal-risk sizing or margin availability,89,252,0.0,0.0
ES,mom-6,combined_stress,f633acbb8b57ab059f8d09f13419b2442432f47087ba3dd06081603cf504354f,26e62b5791fdf8a2,5.0,2,0.0,0.0,5,90761e0f3b59792feaff58da8495688f20cba575442992addb11855ad5bf9453,whole,ok,89,1537.5,-15322.5,2810.0,14050.0,281,562,-0.153225,-172.1629213483146,-0.4338505617977528,0.05065324129992025,-8.565109569768754,-0.15906946720293957,"conditional complete-window sum on stated capital, not live equity or intraday drawdown",0.3476123595505618,1316533.6543606208,mean across entered windows; not equal-risk sizing or margin availability,89,252,0.0,0.0
ES,mom-6,combined_stress,f633acbb8b57ab059f8d09f13419b2442432f47087ba3dd06081603cf504354f,26e62b5791fdf8a2,5.0,2,0.0,0.0,5,90761e0f3b59792feaff58da8495688f20cba575442992addb11855ad5bf9453,development,ok,30,3525.0,-2655.0,1030.0,5150.0,103,206,-0.02655,-88.5,-0.22302000000000002,0.04727839376756976,-4.71716533130148,-0.03781220517404042,"conditional complete-window sum on stated capital, not live equity or intraday drawdown",0.38263888888888886,562521.0,mean across entered windows; not equal-risk sizing or margin availability,30,252,0.0,0.0
ES,mom-6,combined_stress,f633acbb8b57ab059f8d09f13419b2442432f47087ba3dd06081603cf504354f,26e62b5791fdf8a2,5.0,2,0.0,0.0,5,90761e0f3b59792feaff58da8495688f20cba575442992addb11855ad5bf9453,validation,ok,29,950.0,-3850.0,800.0,4000.0,80,160,-0.0385,-132.75862068965517,-0.33455172413793105,0.055638005259987036,-6.013007162543429,-0.0477,"conditional complete-window sum on stated capital, not live equity or intraday drawdown",0.3275862068965517,1324983.0100574715,mean across entered windows; not equal-risk sizing or margin availability,29,252,0.0,0.0
ES,mom-6,combined_stress,f633acbb8b57ab059f8d09f13419b2442432f47087ba3dd06081603cf504354f,26e62b5791fdf8a2,5.0,2,0.0,0.0,5,90761e0f3b59792feaff58da8495688f20cba575442992addb11855ad5bf9453,historical_final,ok,30,-2937.5,-8817.5,980.0,4900.0,98,196,-0.088175,-293.9166666666667,-0.74067,0.044199479342385155,-16.757437214644597,-0.088175,"conditional complete-window sum on stated capital, not live equity or intraday drawdown",0.33194444444444443,2062378.598214286,mean across entered windows; not equal-risk sizing or margin availability,30,252,0.0,0.0
ES,mom-6,combined_stress,f633acbb8b57ab059f8d09f13419b2442432f47087ba3dd06081603cf504354f,26e62b5791fdf8a2,5.0,2,0.0,0.0,5,90761e0f3b59792feaff58da8495688f20cba575442992addb11855ad5bf9453,2020,ok,89,1537.5,-15322.5,2810.0,14050.0,281,562,-0.153225,-172.1629213483146,-0.4338505617977528,0.05065324129992025,-8.565109569768754,-0.15906946720293957,"conditional complete-window sum on stated capital, not live equity or intraday drawdown",0.3476123595505618,1316533.6543606208,mean across entered windows; not equal-risk sizing or margin availability,89,252,0.0,0.0
ES,mom-12,base,f633acbb8b57ab059f8d09f13419b2442432f47087ba3dd06081603cf504354f,638aeabed6fe0ae8,2.5,1,0.0,0.0,1,90761e0f3b59792feaff58da8495688f20cba575442992addb11855ad5bf9453,whole,ok,89,-3775.0,-10585.0,1135.0,5675.0,227,454,-0.10585,-118.93258426966293,-0.2997101123595506,0.05663793597038737,-5.2916849320965955,-0.10996640537513998,"conditional complete-window sum on stated capital, not live equity or intraday drawdown",0.3506554307116105,1318739.0080492424,mean across entered windows; not equal-risk sizing or margin availability,89,252,0.0,0.0
ES,mom-12,base,f633acbb8b57ab059f8d09f13419b2442432f47087ba3dd06081603cf504354f,638aeabed6fe0ae8,2.5,1,0.0,0.0,1,90761e0f3b59792feaff58da8495688f20cba575442992addb11855ad5bf9453,development,ok,30,1775.0,-565.0,390.0,1950.0,78,156,-0.00565,-18.833333333333332,-0.047459999999999995,0.05862505378278542,-0.8095514961205219,-0.02025631454522832,"conditional complete-window sum on stated capital, not live equity or intraday drawdown",0.3972222222222222,562511.5625,mean across entered windows; not equal-risk sizing or margin availability,30,252,0.0,0.0
ES,mom-12,base,f633acbb8b57ab059f8d09f13419b2442432f47087ba3dd06081603cf504354f,638aeabed6fe0ae8,2.5,1,0.0,0.0,1,90761e0f3b59792feaff58da8495688f20cba575442992addb11855ad5bf9453,validation,ok,29,-2162.5,-4382.5,370.0,1850.0,74,148,-0.043825,-151.1206896551724,-0.3808241379310345,0.06385778413652941,-5.963629071701327,-0.057925,"conditional complete-window sum on stated capital, not live equity or intraday drawdown",0.3232758620689655,1332203.4598214286,mean across entered windows; not equal-risk sizing or margin availability,29,252,0.0,0.0
ES,mom-12,base,f633acbb8b57ab059f8d09f13419b2442432f47087ba3dd06081603cf504354f,638aeabed6fe0ae8,2.5,1,0.0,0.0,1,90761e0f3b59792feaff58da8495688f20cba575442992addb11855ad5bf9453,historical_final,ok,30,-3387.5,-5637.5,375.0,1875.0,75,150,-0.056375,-187.91666666666666,-0.47354999999999997,0.04414419993533732,-10.727343585197124,-0.056375,"conditional complete-window sum on stated capital, not live equity or intraday drawdown",0.33055555555555555,2062399.6319444445,mean across entered windows; not equal-risk sizing or margin availability,30,252,0.0,0.0
ES,mom-12,base,f633acbb8b57ab059f8d09f13419b2442432f47087ba3dd06081603cf504354f,638aeabed6fe0ae8,2.5,1,0.0,0.0,1,90761e0f3b59792feaff58da8495688f20cba575442992addb11855ad5bf9453,2020,ok,89,-3775.0,-10585.0,1135.0,5675.0,227,454,-0.10585,-118.93258426966293,-0.2997101123595506,0.05663793597038737,-5.2916849320965955,-0.10996640537513998,"conditional complete-window sum on stated capital, not live equity or intraday drawdown",0.3506554307116105,1318739.0080492424,mean across entered windows; not equal-risk sizing or margin availability,89,252,0.0,0.0
ES,mom-12,gross_reference,f633acbb8b57ab059f8d09f13419b2442432f47087ba3dd06081603cf504354f,caab0d0a5c53558a,0.0,0,0.0,0.0,1,90761e0f3b59792feaff58da8495688f20cba575442992addb11855ad5bf9453,whole,ok,89,-3775.0,-3775.0,0.0,0.0,227,454,-0.03775,-42.41573033707865,-0.10688764044943819,0.05366876700620476,-1.9916172182059018,-0.057300613496932516,"conditional complete-window sum on stated capital, not live equity or intraday drawdown",0.3506554307116105,1318739.0080492424,mean across entered windows; not equal-risk sizing or margin availability,89,252,0.0,0.0
ES,mom-12,gross_reference,f633acbb8b57ab059f8d09f13419b2442432f47087ba3dd06081603cf504354f,caab0d0a5c53558a,0.0,0,0.0,0.0,1,90761e0f3b59792feaff58da8495688f20cba575442992addb11855ad5bf9453,development,ok,30,1775.0,1775.0,0.0,0.0,78,156,0.01775,59.166666666666664,0.1491,0.056153722202908145,2.6552113404207827,-0.008216108552222084,"conditional complete-window sum on stated capital, not live equity or intraday drawdown",0.3972222222222222,562511.5625,mean across entered windows; not equal-risk sizing or margin availability,30,252,0.0,0.0
ES,mom-12,gross_reference,f633acbb8b57ab059f8d09f13419b2442432f47087ba3dd06081603cf504354f,caab0d0a5c53558a,0.0,0,0.0,0.0,1,90761e0f3b59792feaff58da8495688f20cba575442992addb11855ad5bf9453,validation,ok,29,-2162.5,-2162.5,0.0,0.0,74,148,-0.021625,-74.56896551724138,-0.18791379310344827,0.05976394837911957,-3.1442667059310616,-0.037587412587412584,"conditional complete-window sum on stated capital, not live equity or intraday drawdown",0.3232758620689655,1332203.4598214286,mean across entered windows; not equal-risk sizing or margin availability,29,252,0.0,0.0
ES,mom-12,gross_reference,f633acbb8b57ab059f8d09f13419b2442432f47087ba3dd06081603cf504354f,caab0d0a5c53558a,0.0,0,0.0,0.0,1,90761e0f3b59792feaff58da8495688f20cba575442992addb11855ad5bf9453,historical_final,ok,30,-3387.5,-3387.5,0.0,0.0,75,150,-0.033875,-112.91666666666667,-0.28455,0.041399205077325855,-6.873320380633268,-0.03575,"conditional complete-window sum on stated capital, not live equity or intraday drawdown",0.33055555555555555,2062399.6319444445,mean across entered windows; not equal-risk sizing or margin availability,30,252,0.0,0.0
ES,mom-12,gross_reference,f633acbb8b57ab059f8d09f13419b2442432f47087ba3dd06081603cf504354f,caab0d0a5c53558a,0.0,0,0.0,0.0,1,90761e0f3b59792feaff58da8495688f20cba575442992addb11855ad5bf9453,2020,ok,89,-3775.0,-3775.0,0.0,0.0,227,454,-0.03775,-42.41573033707865,-0.10688764044943819,0.05366876700620476,-1.9916172182059018,-0.057300613496932516,"conditional complete-window sum on stated capital, not live equity or intraday drawdown",0.3506554307116105,1318739.0080492424,mean across entered windows; not equal-risk sizing or margin availability,89,252,0.0,0.0
ES,mom-12,cost_stress,f633acbb8b57ab059f8d09f13419b2442432f47087ba3dd06081603cf504354f,0305dad1b8694729,5.0,2,0.0,0.0,1,90761e0f3b59792feaff58da8495688f20cba575442992addb11855ad5bf9453,whole,ok,89,-3775.0,-17395.0,2270.0,11350.0,227,454,-0.17395,-195.4494382022472,-0.49253258426966295,0.060088626019319864,-8.19676895443245,-0.17635914948774833,"conditional complete-window sum on stated capital, not live equity or intraday drawdown",0.3506554307116105,1318739.0080492424,mean across entered windows; not equal-risk sizing or margin availability,89,252,0.0,0.0
ES,mom-12,cost_stress,f633acbb8b57ab059f8d09f13419b2442432f47087ba3dd06081603cf504354f,0305dad1b8694729,5.0,2,0.0,0.0,1,90761e0f3b59792feaff58da8495688f20cba575442992addb11855ad5bf9453,development,ok,30,1775.0,-2905.0,780.0,3900.0,78,156,-0.02905,-96.83333333333333,-0.24402,0.06149689058581855,-3.9680054987409736,-0.04013261210957948,"conditional complete-window sum on stated capital, not live equity or intraday drawdown",0.3972222222222222,562511.5625,mean across entered windows; not equal-risk sizing or margin availability,30,252,0.0,0.0
ES,mom-12,cost_stress,f633acbb8b57ab059f8d09f13419b2442432f47087ba3dd06081603cf504354f,0305dad1b8694729,5.0,2,0.0,0.0,1,90761e0f3b59792feaff58da8495688f20cba575442992addb11855ad5bf9453,validation,ok,29,-2162.5,-6602.5,740.0,3700.0,74,148,-0.066025,-227.67241379310346,-0.5737344827586207,0.06847979975246665,-8.37815654882891,-0.079225,"conditional complete-window sum on stated capital, not live equity or intraday drawdown",0.3232758620689655,1332203.4598214286,mean across entered windows; not equal-risk sizing or margin availability,29,252,0.0,0.0
ES,mom-12,cost_stress,f633acbb8b57ab059f8d09f13419b2442432f47087ba3dd06081603cf504354f,0305dad1b8694729,5.0,2,0.0,0.0,1,90761e0f3b59792feaff58da8495688f20cba575442992addb11855ad5bf9453,historical_final,ok,30,-3387.5,-7887.5,750.0,3750.0,75,150,-0.078875,-262.9166666666667,-0.6625500000000001,0.047417700481629396,-13.972630331508498,-0.078875,"conditional complete-window sum on stated capital, not live equity or intraday drawdown",0.33055555555555555,2062399.6319444445,mean across entered windows; not equal-risk sizing or margin availability,30,252,0.0,0.0
ES,mom-12,cost_stress,f633acbb8b57ab059f8d09f13419b2442432f47087ba3dd06081603cf504354f,0305dad1b8694729,5.0,2,0.0,0.0,1,90761e0f3b59792feaff58da8495688f20cba575442992addb11855ad5bf9453,2020,ok,89,-3775.0,-17395.0,2270.0,11350.0,227,454,-0.17395,-195.4494382022472,-0.49253258426966295,0.060088626019319864,-8.19676895443245,-0.17635914948774833,"conditional complete-window sum on stated capital, not live equity or intraday drawdown",0.3506554307116105,1318739.0080492424,mean across entered windows; not equal-risk sizing or margin availability,89,252,0.0,0.0
ES,mom-12,delay_stress,f633acbb8b57ab059f8d09f13419b2442432f47087ba3dd06081603cf504354f,a8539301466f7e77,2.5,1,0.0,0.0,5,90761e0f3b59792feaff58da8495688f20cba575442992addb11855ad5bf9453,whole,ok,89,62.5,-6567.5,1105.0,5525.0,221,442,-0.065675,-73.79213483146067,-0.1859561797752809,0.0495531160603148,-3.7526636982614727,-0.07474942939366876,"conditional complete-window sum on stated capital, not live equity or intraday drawdown",0.3464419475655431,1318736.6737689395,mean across entered windows; not equal-risk sizing or margin availability,89,252,0.0,0.0
ES,mom-12,delay_stress,f633acbb8b57ab059f8d09f13419b2442432f47087ba3dd06081603cf504354f,a8539301466f7e77,2.5,1,0.0,0.0,5,90761e0f3b59792feaff58da8495688f20cba575442992addb11855ad5bf9453,development,ok,30,2262.5,-77.5,390.0,1950.0,78,156,-0.000775,-2.5833333333333335,-0.00651,0.05198284771822867,-0.12523361619754353,-0.016175449042373724,"conditional complete-window sum on stated capital, not live equity or intraday drawdown",0.3972222222222222,562511.1458333334,mean across entered windows; not equal-risk sizing or margin availability,30,252,0.0,0.0
ES,mom-12,delay_stress,f633acbb8b57ab059f8d09f13419b2442432f47087ba3dd06081603cf504354f,a8539301466f7e77,2.5,1,0.0,0.0,5,90761e0f3b59792feaff58da8495688f20cba575442992addb11855ad5bf9453,validation,ok,29,-137.5,-2237.5,350.0,1750.0,70,140,-0.022375,-77.15517241379311,-0.19443103448275864,0.05443633342310745,-3.571714372669807,-0.03535,"conditional complete-window sum on stated capital, not live equity or intraday drawdown",0.3139367816091954,1332198.6979166665,mean across entered windows; not equal-risk sizing or margin availability,29,252,0.0,0.0
ES,mom-12,delay_stress,f633acbb8b57ab059f8d09f13419b2442432f47087ba3dd06081603cf504354f,a8539301466f7e77,2.5,1,0.0,0.0,5,90761e0f3b59792feaff58da8495688f20cba575442992addb11855ad5bf9453,historical_final,ok,30,-2062.5,-4252.5,365.0,1825.0,73,146,-0.042525,-141.75,-0.35720999999999997,0.040435044654444204,-8.834168554843902,-0.044475,"conditional complete-window sum on stated capital, not live equity or intraday drawdown",0.32708333333333334,2062397.6458333333,mean across entered windows; not equal-risk sizing or margin availability,30,252,0.0,0.0
ES,mom-12,delay_stress,f633acbb8b57ab059f8d09f13419b2442432f47087ba3dd06081603cf504354f,a8539301466f7e77,2.5,1,0.0,0.0,5,90761e0f3b59792feaff58da8495688f20cba575442992addb11855ad5bf9453,2020,ok,89,62.5,-6567.5,1105.0,5525.0,221,442,-0.065675,-73.79213483146067,-0.1859561797752809,0.0495531160603148,-3.7526636982614727,-0.07474942939366876,"conditional complete-window sum on stated capital, not live equity or intraday drawdown",0.3464419475655431,1318736.6737689395,mean across entered windows; not equal-risk sizing or margin availability,89,252,0.0,0.0
ES,mom-12,combined_stress,f633acbb8b57ab059f8d09f13419b2442432f47087ba3dd06081603cf504354f,5fe45e9a1d593ebe,5.0,2,0.0,0.0,5,90761e0f3b59792feaff58da8495688f20cba575442992addb11855ad5bf9453,whole,ok,89,62.5,-13197.5,2210.0,11050.0,221,442,-0.131975,-148.2865168539326,-0.3736820224719102,0.0520751994043524,-7.175815488873157,-0.1345065682877583,"conditional complete-window sum on stated capital, not live equity or intraday drawdown",0.3464419475655431,1318736.6737689395,mean across entered windows; not equal-risk sizing or margin availability,89,252,0.0,0.0
ES,mom-12,combined_stress,f633acbb8b57ab059f8d09f13419b2442432f47087ba3dd06081603cf504354f,5fe45e9a1d593ebe,5.0,2,0.0,0.0,5,90761e0f3b59792feaff58da8495688f20cba575442992addb11855ad5bf9453,development,ok,30,2262.5,-2417.5,780.0,3900.0,78,156,-0.024175,-80.58333333333333,-0.20307,0.05446083225585154,-3.728734791381767,-0.03302839195353591,"conditional complete-window sum on stated capital, not live equity or intraday drawdown",0.3972222222222222,562511.1458333334,mean across entered windows; not equal-risk sizing or margin availability,30,252,0.0,0.0
ES,mom-12,combined_stress,f633acbb8b57ab059f8d09f13419b2442432f47087ba3dd06081603cf504354f,5fe45e9a1d593ebe,5.0,2,0.0,0.0,5,90761e0f3b59792feaff58da8495688f20cba575442992addb11855ad5bf9453,validation,ok,29,-137.5,-4337.5,700.0,3500.0,70,140,-0.043375,-149.56896551724137,-0.37691379310344825,0.057864633204247215,-6.5137161031167325,-0.05545,"conditional complete-window sum on stated capital, not live equity or intraday drawdown",0.3139367816091954,1332198.6979166665,mean across entered windows; not equal-risk sizing or margin availability,29,252,0.0,0.0
ES,mom-12,combined_stress,f633acbb8b57ab059f8d09f13419b2442432f47087ba3dd06081603cf504354f,5fe45e9a1d593ebe,5.0,2,0.0,0.0,5,90761e0f3b59792feaff58da8495688f20cba575442992addb11855ad5bf9453,historical_final,ok,30,-2062.5,-6442.5,730.0,3650.0,73,146,-0.064425,-214.75,-0.54117,0.04237287284865491,-12.771614564179334,-0.064425,"conditional complete-window sum on stated capital, not live equity or intraday drawdown",0.32708333333333334,2062397.6458333333,mean across entered windows; not equal-risk sizing or margin availability,30,252,0.0,0.0
ES,mom-12,combined_stress,f633acbb8b57ab059f8d09f13419b2442432f47087ba3dd06081603cf504354f,5fe45e9a1d593ebe,5.0,2,0.0,0.0,5,90761e0f3b59792feaff58da8495688f20cba575442992addb11855ad5bf9453,2020,ok,89,62.5,-13197.5,2210.0,11050.0,221,442,-0.131975,-148.2865168539326,-0.3736820224719102,0.0520751994043524,-7.175815488873157,-0.1345065682877583,"conditional complete-window sum on stated capital, not live equity or intraday drawdown",0.3464419475655431,1318736.6737689395,mean across entered windows; not equal-risk sizing or margin availability,89,252,0.0,0.0
ES,revert-6-0.5,base,f633acbb8b57ab059f8d09f13419b2442432f47087ba3dd06081603cf504354f,4106cd0432312168,2.5,1,0.0,0.0,1,90761e0f3b59792feaff58da8495688f20cba575442992addb11855ad5bf9453,whole,ok,89,1350.0,-7470.0,1470.0,7350.0,294,588,-0.0747,-83.93258426966293,-0.21151011235955056,0.03831570034931408,-5.520194344127054,-0.08254475543681805,"conditional complete-window sum on stated capital, not live equity or intraday drawdown",0.29119850187265917,1313005.3053977273,mean across entered windows; not equal-risk sizing or margin availability,89,252,0.0,0.0
ES,revert-6-0.5,base,f633acbb8b57ab059f8d09f13419b2442432f47087ba3dd06081603cf504354f,4106cd0432312168,2.5,1,0.0,0.0,1,90761e0f3b59792feaff58da8495688f20cba575442992addb11855ad5bf9453,development,ok,30,587.5,-2082.5,445.0,2225.0,89,178,-0.020825,-69.41666666666667,-0.17493,0.040904641103340626,-4.27653183799023,-0.02631644653067339,"conditional complete-window sum on stated capital, not live equity or intraday drawdown",0.25625,562486.9722222221,mean across entered windows; not equal-risk sizing or margin availability,30,252,0.0,0.0
ES,revert-6-0.5,base,f633acbb8b57ab059f8d09f13419b2442432f47087ba3dd06081603cf504354f,4106cd0432312168,2.5,1,0.0,0.0,1,90761e0f3b59792feaff58da8495688f20cba575442992addb11855ad5bf9453,validation,ok,29,-987.5,-3807.5,470.0,2350.0,94,188,-0.038075,-131.29310344827587,-0.3308586206896552,0.04282278287032057,-7.726228855597456,-0.038075,"conditional complete-window sum on stated capital, not live equity or intraday drawdown",0.3024425287356322,1314255.0818452383,mean across entered windows; not equal-risk sizing or margin availability,29,252,0.0,0.0
ES,revert-6-0.5,base,f633acbb8b57ab059f8d09f13419b2442432f47087ba3dd06081603cf504354f,4106cd0432312168,2.5,1,0.0,0.0,1,90761e0f3b59792feaff58da8495688f20cba575442992addb11855ad5bf9453,historical_final,ok,30,1750.0,-1580.0,555.0,2775.0,111,222,-0.0158,-52.666666666666664,-0.13271999999999998,0.03039169804971133,-4.366982054866151,-0.024596502606830144,"conditional complete-window sum on stated capital, not live equity or intraday drawdown",0.31527777777777777,2062357.1805555557,mean across entered windows; not equal-risk sizing or margin availability,30,252,0.0,0.0
ES,revert-6-0.5,base,f633acbb8b57ab059f8d09f13419b2442432f47087ba3dd06081603cf504354f,4106cd0432312168,2.5,1,0.0,0.0,1,90761e0f3b59792feaff58da8495688f20cba575442992addb11855ad5bf9453,2020,ok,89,1350.0,-7470.0,1470.0,7350.0,294,588,-0.0747,-83.93258426966293,-0.21151011235955056,0.03831570034931408,-5.520194344127054,-0.08254475543681805,"conditional complete-window sum on stated capital, not live equity or intraday drawdown",0.29119850187265917,1313005.3053977273,mean across entered windows; not equal-risk sizing or margin availability,89,252,0.0,0.0
ES,revert-6-0.5,gross_reference,f633acbb8b57ab059f8d09f13419b2442432f47087ba3dd06081603cf504354f,ac7e537a02cc3c20,0.0,0,0.0,0.0,1,90761e0f3b59792feaff58da8495688f20cba575442992addb11855ad5bf9453,whole,ok,89,1350.0,1350.0,0.0,0.0,294,588,0.0135,15.168539325842696,0.0382247191011236,0.039148749877308694,0.9763969276392991,-0.018463444857496902,"conditional complete-window sum on stated capital, not live equity or intraday drawdown",0.29119850187265917,1313005.3053977273,mean across entered windows; not equal-risk sizing or margin availability,89,252,0.0,0.0
ES,revert-6-0.5,gross_reference,f633acbb8b57ab059f8d09f13419b2442432f47087ba3dd06081603cf504354f,ac7e537a02cc3c20,0.0,0,0.0,0.0,1,90761e0f3b59792feaff58da8495688f20cba575442992addb11855ad5bf9453,development,ok,30,587.5,587.5,0.0,0.0,89,178,0.005875,19.583333333333332,0.04935,0.04125530530146688,1.1962097877929245,-0.010304158907510862,"conditional complete-window sum on stated capital, not live equity or intraday drawdown",0.25625,562486.9722222221,mean across entered windows; not equal-risk sizing or margin availability,30,252,0.0,0.0
ES,revert-6-0.5,gross_reference,f633acbb8b57ab059f8d09f13419b2442432f47087ba3dd06081603cf504354f,ac7e537a02cc3c20,0.0,0,0.0,0.0,1,90761e0f3b59792feaff58da8495688f20cba575442992addb11855ad5bf9453,validation,ok,29,-987.5,-987.5,0.0,0.0,94,188,-0.009875,-34.05172413793103,-0.0858103448275862,0.043525520159699564,-1.971494987601281,-0.015726410384423364,"conditional complete-window sum on stated capital, not live equity or intraday drawdown",0.3024425287356322,1314255.0818452383,mean across entered windows; not equal-risk sizing or margin availability,29,252,0.0,0.0
ES,revert-6-0.5,gross_reference,f633acbb8b57ab059f8d09f13419b2442432f47087ba3dd06081603cf504354f,ac7e537a02cc3c20,0.0,0,0.0,0.0,1,90761e0f3b59792feaff58da8495688f20cba575442992addb11855ad5bf9453,historical_final,ok,30,1750.0,1750.0,0.0,0.0,111,222,0.0175,58.333333333333336,0.14700000000000002,0.03177181574701183,4.62674217836686,-0.010697847991043662,"conditional complete-window sum on stated capital, not live equity or intraday drawdown",0.31527777777777777,2062357.1805555557,mean across entered windows; not equal-risk sizing or margin availability,30,252,0.0,0.0
ES,revert-6-0.5,gross_reference,f633acbb8b57ab059f8d09f13419b2442432f47087ba3dd06081603cf504354f,ac7e537a02cc3c20,0.0,0,0.0,0.0,1,90761e0f3b59792feaff58da8495688f20cba575442992addb11855ad5bf9453,2020,ok,89,1350.0,1350.0,0.0,0.0,294,588,0.0135,15.168539325842696,0.0382247191011236,0.039148749877308694,0.9763969276392991,-0.018463444857496902,"conditional complete-window sum on stated capital, not live equity or intraday drawdown",0.29119850187265917,1313005.3053977273,mean across entered windows; not equal-risk sizing or margin availability,89,252,0.0,0.0
ES,revert-6-0.5,cost_stress,f633acbb8b57ab059f8d09f13419b2442432f47087ba3dd06081603cf504354f,9a12e39a650bfe11,5.0,2,0.0,0.0,1,90761e0f3b59792feaff58da8495688f20cba575442992addb11855ad5bf9453,whole,ok,89,1350.0,-16290.0,2940.0,14700.0,294,588,-0.1629,-183.03370786516854,-0.46124494382022474,0.038245783881079534,-12.060020661477564,-0.16346466135358634,"conditional complete-window sum on stated capital, not live equity or intraday drawdown",0.29119850187265917,1313005.3053977273,mean across entered windows; not equal-risk sizing or margin availability,89,252,0.0,0.0
ES,revert-6-0.5,cost_stress,f633acbb8b57ab059f8d09f13419b2442432f47087ba3dd06081603cf504354f,9a12e39a650bfe11,5.0,2,0.0,0.0,1,90761e0f3b59792feaff58da8495688f20cba575442992addb11855ad5bf9453,development,ok,30,587.5,-4752.5,890.0,4450.0,89,178,-0.047525,-158.41666666666666,-0.39921,0.04106773305498931,-9.72077030561832,-0.04984135708396832,"conditional complete-window sum on stated capital, not live equity or intraday drawdown",0.25625,562486.9722222221,mean across entered windows; not equal-risk sizing or margin availability,30,252,0.0,0.0
ES,revert-6-0.5,cost_stress,f633acbb8b57ab059f8d09f13419b2442432f47087ba3dd06081603cf504354f,9a12e39a650bfe11,5.0,2,0.0,0.0,1,90761e0f3b59792feaff58da8495688f20cba575442992addb11855ad5bf9453,validation,ok,29,-987.5,-6627.5,940.0,4700.0,94,188,-0.066275,-228.5344827586207,-0.5759068965517241,0.04304640889743902,-13.378744273973268,-0.066275,"conditional complete-window sum on stated capital, not live equity or intraday drawdown",0.3024425287356322,1314255.0818452383,mean across entered windows; not equal-risk sizing or margin availability,29,252,0.0,0.0
ES,revert-6-0.5,cost_stress,f633acbb8b57ab059f8d09f13419b2442432f47087ba3dd06081603cf504354f,9a12e39a650bfe11,5.0,2,0.0,0.0,1,90761e0f3b59792feaff58da8495688f20cba575442992addb11855ad5bf9453,historical_final,ok,30,1750.0,-4910.0,1110.0,5550.0,111,222,-0.0491,-163.66666666666666,-0.41244,0.029753247287278257,-13.862016337838492,-0.0500262244311796,"conditional complete-window sum on stated capital, not live equity or intraday drawdown",0.31527777777777777,2062357.1805555557,mean across entered windows; not equal-risk sizing or margin availability,30,252,0.0,0.0
ES,revert-6-0.5,cost_stress,f633acbb8b57ab059f8d09f13419b2442432f47087ba3dd06081603cf504354f,9a12e39a650bfe11,5.0,2,0.0,0.0,1,90761e0f3b59792feaff58da8495688f20cba575442992addb11855ad5bf9453,2020,ok,89,1350.0,-16290.0,2940.0,14700.0,294,588,-0.1629,-183.03370786516854,-0.46124494382022474,0.038245783881079534,-12.060020661477564,-0.16346466135358634,"conditional complete-window sum on stated capital, not live equity or intraday drawdown",0.29119850187265917,1313005.3053977273,mean across entered windows; not equal-risk sizing or margin availability,89,252,0.0,0.0
ES,revert-6-0.5,delay_stress,f633acbb8b57ab059f8d09f13419b2442432f47087ba3dd06081603cf504354f,569d5c983ceb30ba,2.5,1,0.0,0.0,5,90761e0f3b59792feaff58da8495688f20cba575442992addb11855ad5bf9453,whole,ok,89,1325.0,-7285.0,1435.0,7175.0,287,574,-0.07285,-81.85393258426966,-0.20627191011235954,0.0434559104344322,-4.746694018149495,-0.08163265306122448,"conditional complete-window sum on stated capital, not live equity or intraday drawdown",0.2881554307116105,1313000.6534090908,mean across entered windows; not equal-risk sizing or margin availability,89,252,0.0,0.0
ES,revert-6-0.5,delay_stress,f633acbb8b57ab059f8d09f13419b2442432f47087ba3dd06081603cf504354f,569d5c983ceb30ba,2.5,1,0.0,0.0,5,90761e0f3b59792feaff58da8495688f20cba575442992addb11855ad5bf9453,development,ok,30,912.5,-1667.5,430.0,2150.0,86,172,-0.016675,-55.583333333333336,-0.14007,0.04984616861767882,-2.8100454635608987,-0.022127532331613964,"conditional complete-window sum on stated capital, not live equity or intraday drawdown",0.25277777777777777,562478.375,mean across entered windows; not equal-risk sizing or margin availability,30,252,0.0,0.0
ES,revert-6-0.5,delay_stress,f633acbb8b57ab059f8d09f13419b2442432f47087ba3dd06081603cf504354f,569d5c983ceb30ba,2.5,1,0.0,0.0,5,90761e0f3b59792feaff58da8495688f20cba575442992addb11855ad5bf9453,validation,ok,29,-937.5,-3727.5,465.0,2325.0,93,186,-0.037275,-128.5344827586207,-0.32390689655172417,0.046394458925237164,-6.981585819842998,-0.04096727598744832,"conditional complete-window sum on stated capital, not live equity or intraday drawdown",0.3010057471264368,1314249.7470238095,mean across entered windows; not equal-risk sizing or margin availability,29,252,0.0,0.0
ES,revert-6-0.5,delay_stress,f633acbb8b57ab059f8d09f13419b2442432f47087ba3dd06081603cf504354f,569d5c983ceb30ba,2.5,1,0.0,0.0,5,90761e0f3b59792feaff58da8495688f20cba575442992addb11855ad5bf9453,historical_final,ok,30,1350.0,-1890.0,540.0,2700.0,108,216,-0.0189,-63.0,-0.15876,0.032944368468572946,-4.819033035993633,-0.025454636290967225,"conditional complete-window sum on stated capital, not live equity or intraday drawdown",0.3111111111111111,2062357.1111111112,mean across entered windows; not equal-risk sizing or margin availability,30,252,0.0,0.0
ES,revert-6-0.5,delay_stress,f633acbb8b57ab059f8d09f13419b2442432f47087ba3dd06081603cf504354f,569d5c983ceb30ba,2.5,1,0.0,0.0,5,90761e0f3b59792feaff58da8495688f20cba575442992addb11855ad5bf9453,2020,ok,89,1325.0,-7285.0,1435.0,7175.0,287,574,-0.07285,-81.85393258426966,-0.20627191011235954,0.0434559104344322,-4.746694018149495,-0.08163265306122448,"conditional complete-window sum on stated capital, not live equity or intraday drawdown",0.2881554307116105,1313000.6534090908,mean across entered windows; not equal-risk sizing or margin availability,89,252,0.0,0.0
ES,revert-6-0.5,combined_stress,f633acbb8b57ab059f8d09f13419b2442432f47087ba3dd06081603cf504354f,fc16c43855518430,5.0,2,0.0,0.0,5,90761e0f3b59792feaff58da8495688f20cba575442992addb11855ad5bf9453,whole,ok,89,1325.0,-15895.0,2870.0,14350.0,287,574,-0.15895,-178.59550561797752,-0.45006067415730333,0.044671137448465924,-10.0749768164401,-0.1625900715585808,"conditional complete-window sum on stated capital, not live equity or intraday drawdown",0.2881554307116105,1313000.6534090908,mean across entered windows; not equal-risk sizing or margin availability,89,252,0.0,0.0
ES,revert-6-0.5,combined_stress,f633acbb8b57ab059f8d09f13419b2442432f47087ba3dd06081603cf504354f,fc16c43855518430,5.0,2,0.0,0.0,5,90761e0f3b59792feaff58da8495688f20cba575442992addb11855ad5bf9453,development,ok,30,912.5,-4247.5,860.0,4300.0,86,172,-0.042475,-141.58333333333334,-0.35679,0.05113913652461056,-6.976848344482623,-0.04507941257137158,"conditional complete-window sum on stated capital, not live equity or intraday drawdown",0.25277777777777777,562478.375,mean across entered windows; not equal-risk sizing or margin availability,30,252,0.0,0.0
ES,revert-6-0.5,combined_stress,f633acbb8b57ab059f8d09f13419b2442432f47087ba3dd06081603cf504354f,fc16c43855518430,5.0,2,0.0,0.0,5,90761e0f3b59792feaff58da8495688f20cba575442992addb11855ad5bf9453,validation,ok,29,-937.5,-6517.5,930.0,4650.0,93,186,-0.065175,-224.74137931034483,-0.5663482758620689,0.04726515766725362,-11.982362988168935,-0.06652853362624195,"conditional complete-window sum on stated capital, not live equity or intraday drawdown",0.3010057471264368,1314249.7470238095,mean across entered windows; not equal-risk sizing or margin availability,29,252,0.0,0.0
ES,revert-6-0.5,combined_stress,f633acbb8b57ab059f8d09f13419b2442432f47087ba3dd06081603cf504354f,fc16c43855518430,5.0,2,0.0,0.0,5,90761e0f3b59792feaff58da8495688f20cba575442992addb11855ad5bf9453,historical_final,ok,30,1350.0,-5130.0,1080.0,5400.0,108,216,-0.0513,-171.0,-0.43091999999999997,0.034529587013318666,-12.479732231775223,-0.0527,"conditional complete-window sum on stated capital, not live equity or intraday drawdown",0.3111111111111111,2062357.1111111112,mean across entered windows; not equal-risk sizing or margin availability,30,252,0.0,0.0
ES,revert-6-0.5,combined_stress,f633acbb8b57ab059f8d09f13419b2442432f47087ba3dd06081603cf504354f,fc16c43855518430,5.0,2,0.0,0.0,5,90761e0f3b59792feaff58da8495688f20cba575442992addb11855ad5bf9453,2020,ok,89,1325.0,-15895.0,2870.0,14350.0,287,574,-0.15895,-178.59550561797752,-0.45006067415730333,0.044671137448465924,-10.0749768164401,-0.1625900715585808,"conditional complete-window sum on stated capital, not live equity or intraday drawdown",0.2881554307116105,1313000.6534090908,mean across entered windows; not equal-risk sizing or margin availability,89,252,0.0,0.0
ES,revert-6-1,base,f633acbb8b57ab059f8d09f13419b2442432f47087ba3dd06081603cf504354f,3ee23e0023104d9c,2.5,1,0.0,0.0,1,90761e0f3b59792feaff58da8495688f20cba575442992addb11855ad5bf9453,whole,ok,89,1675.0,-5555.0,1205.0,6025.0,241,482,-0.05555,-62.41573033707865,-0.1572876404494382,0.03683398436551522,-4.27017720615352,-0.05901426718547341,"conditional complete-window sum on stated capital, not live equity or intraday drawdown",0.24906367041198502,1324633.0387931035,mean across entered windows; not equal-risk sizing or margin availability,89,252,0.0,0.0
ES,revert-6-1,base,f633acbb8b57ab059f8d09f13419b2442432f47087ba3dd06081603cf504354f,3ee23e0023104d9c,2.5,1,0.0,0.0,1,90761e0f3b59792feaff58da8495688f20cba575442992addb11855ad5bf9453,development,ok,30,737.5,-1332.5,345.0,1725.0,69,138,-0.013325,-44.416666666666664,-0.11193,0.04245947164954624,-2.636160923617998,-0.021325950314277163,"conditional complete-window sum on stated capital, not live equity or intraday drawdown",0.21180555555555555,571504.7413793104,mean across entered windows; not equal-risk sizing or margin availability,30,252,0.0,0.0
ES,revert-6-1,base,f633acbb8b57ab059f8d09f13419b2442432f47087ba3dd06081603cf504354f,3ee23e0023104d9c,2.5,1,0.0,0.0,1,90761e0f3b59792feaff58da8495688f20cba575442992addb11855ad5bf9453,validation,ok,29,-375.0,-2745.0,395.0,1975.0,79,158,-0.02745,-94.65517241379311,-0.2385310344827586,0.03894265844227541,-6.125186210292564,-0.02924589509407596,"conditional complete-window sum on stated capital, not live equity or intraday drawdown",0.26580459770114945,1314234.6354166667,mean across entered windows; not equal-risk sizing or margin availability,29,252,0.0,0.0
ES,revert-6-1,base,f633acbb8b57ab059f8d09f13419b2442432f47087ba3dd06081603cf504354f,3ee23e0023104d9c,2.5,1,0.0,0.0,1,90761e0f3b59792feaff58da8495688f20cba575442992addb11855ad5bf9453,historical_final,ok,30,1312.5,-1477.5,465.0,2325.0,93,186,-0.014775,-49.25,-0.12411,0.02847475424495082,-4.35859775759109,-0.019555577699167954,"conditional complete-window sum on stated capital, not live equity or intraday drawdown",0.2701388888888889,2062362.2361111112,mean across entered windows; not equal-risk sizing or margin availability,30,252,0.0,0.0
ES,revert-6-1,base,f633acbb8b57ab059f8d09f13419b2442432f47087ba3dd06081603cf504354f,3ee23e0023104d9c,2.5,1,0.0,0.0,1,90761e0f3b59792feaff58da8495688f20cba575442992addb11855ad5bf9453,2020,ok,89,1675.0,-5555.0,1205.0,6025.0,241,482,-0.05555,-62.41573033707865,-0.1572876404494382,0.03683398436551522,-4.27017720615352,-0.05901426718547341,"conditional complete-window sum on stated capital, not live equity or intraday drawdown",0.24906367041198502,1324633.0387931035,mean across entered windows; not equal-risk sizing or margin availability,89,252,0.0,0.0
ES,revert-6-1,gross_reference,f633acbb8b57ab059f8d09f13419b2442432f47087ba3dd06081603cf504354f,c461b16c92a878d0,0.0,0,0.0,0.0,1,90761e0f3b59792feaff58da8495688f20cba575442992addb11855ad5bf9453,whole,ok,89,1675.0,1675.0,0.0,0.0,241,482,0.01675,18.820224719101123,0.04742696629213483,0.037885608072586376,1.251846511246905,-0.014512360103308326,"conditional complete-window sum on stated capital, not live equity or intraday drawdown",0.24906367041198502,1324633.0387931035,mean across entered windows; not equal-risk sizing or margin availability,89,252,0.0,0.0
ES,revert-6-1,gross_reference,f633acbb8b57ab059f8d09f13419b2442432f47087ba3dd06081603cf504354f,c461b16c92a878d0,0.0,0,0.0,0.0,1,90761e0f3b59792feaff58da8495688f20cba575442992addb11855ad5bf9453,development,ok,30,737.5,737.5,0.0,0.0,69,138,0.007375,24.583333333333332,0.06194999999999999,0.043014104042182776,1.440225279114202,-0.009591429995017439,"conditional complete-window sum on stated capital, not live equity or intraday drawdown",0.21180555555555555,571504.7413793104,mean across entered windows; not equal-risk sizing or margin availability,30,252,0.0,0.0
ES,revert-6-1,gross_reference,f633acbb8b57ab059f8d09f13419b2442432f47087ba3dd06081603cf504354f,c461b16c92a878d0,0.0,0,0.0,0.0,1,90761e0f3b59792feaff58da8495688f20cba575442992addb11855ad5bf9453,validation,ok,29,-375.0,-375.0,0.0,0.0,79,158,-0.00375,-12.931034482758621,-0.03258620689655173,0.04043565290510429,-0.8058780940925103,-0.01263627353815659,"conditional complete-window sum on stated capital, not live equity or intraday drawdown",0.26580459770114945,1314234.6354166667,mean across entered windows; not equal-risk sizing or margin availability,29,252,0.0,0.0
ES,revert-6-1,gross_reference,f633acbb8b57ab059f8d09f13419b2442432f47087ba3dd06081603cf504354f,c461b16c92a878d0,0.0,0,0.0,0.0,1,90761e0f3b59792feaff58da8495688f20cba575442992addb11855ad5bf9453,historical_final,ok,30,1312.5,1312.5,0.0,0.0,93,186,0.013125,43.75,0.11025,0.02973389523527096,3.707889569383401,-0.007582349285270355,"conditional complete-window sum on stated capital, not live equity or intraday drawdown",0.2701388888888889,2062362.2361111112,mean across entered windows; not equal-risk sizing or margin availability,30,252,0.0,0.0
ES,revert-6-1,gross_reference,f633acbb8b57ab059f8d09f13419b2442432f47087ba3dd06081603cf504354f,c461b16c92a878d0,0.0,0,0.0,0.0,1,90761e0f3b59792feaff58da8495688f20cba575442992addb11855ad5bf9453,2020,ok,89,1675.0,1675.0,0.0,0.0,241,482,0.01675,18.820224719101123,0.04742696629213483,0.037885608072586376,1.251846511246905,-0.014512360103308326,"conditional complete-window sum on stated capital, not live equity or intraday drawdown",0.24906367041198502,1324633.0387931035,mean across entered windows; not equal-risk sizing or margin availability,89,252,0.0,0.0
ES,revert-6-1,cost_stress,f633acbb8b57ab059f8d09f13419b2442432f47087ba3dd06081603cf504354f,cfda96e134a0f379,5.0,2,0.0,0.0,1,90761e0f3b59792feaff58da8495688f20cba575442992addb11855ad5bf9453,whole,ok,89,1675.0,-12785.0,2410.0,12050.0,241,482,-0.12785,-143.65168539325842,-0.3620022471910112,0.036425632941501085,-9.938118241414788,-0.12880831085805614,"conditional complete-window sum on stated capital, not live equity or intraday drawdown",0.24906367041198502,1324633.0387931035,mean across entered windows; not equal-risk sizing or margin availability,89,252,0.0,0.0
ES,revert-6-1,cost_stress,f633acbb8b57ab059f8d09f13419b2442432f47087ba3dd06081603cf504354f,cfda96e134a0f379,5.0,2,0.0,0.0,1,90761e0f3b59792feaff58da8495688f20cba575442992addb11855ad5bf9453,development,ok,30,737.5,-3402.5,690.0,3450.0,69,138,-0.034025,-113.41666666666667,-0.28581,0.04220066074413266,-6.7726427728915946,-0.037833383278393765,"conditional complete-window sum on stated capital, not live equity or intraday drawdown",0.21180555555555555,571504.7413793104,mean across entered windows; not equal-risk sizing or margin availability,30,252,0.0,0.0
ES,revert-6-1,cost_stress,f633acbb8b57ab059f8d09f13419b2442432f47087ba3dd06081603cf504354f,cfda96e134a0f379,5.0,2,0.0,0.0,1,90761e0f3b59792feaff58da8495688f20cba575442992addb11855ad5bf9453,validation,ok,29,-375.0,-5115.0,790.0,3950.0,79,158,-0.05115,-176.3793103448276,-0.4444758620689655,0.03828477628023424,-11.609728598530184,-0.05115,"conditional complete-window sum on stated capital, not live equity or intraday drawdown",0.26580459770114945,1314234.6354166667,mean across entered windows; not equal-risk sizing or margin availability,29,252,0.0,0.0
ES,revert-6-1,cost_stress,f633acbb8b57ab059f8d09f13419b2442432f47087ba3dd06081603cf504354f,cfda96e134a0f379,5.0,2,0.0,0.0,1,90761e0f3b59792feaff58da8495688f20cba575442992addb11855ad5bf9453,historical_final,ok,30,1312.5,-4267.5,930.0,4650.0,93,186,-0.042675,-142.25,-0.35847,0.027915608815091985,-12.84120301206545,-0.04491943931760363,"conditional complete-window sum on stated capital, not live equity or intraday drawdown",0.2701388888888889,2062362.2361111112,mean across entered windows; not equal-risk sizing or margin availability,30,252,0.0,0.0
ES,revert-6-1,cost_stress,f633acbb8b57ab059f8d09f13419b2442432f47087ba3dd06081603cf504354f,cfda96e134a0f379,5.0,2,0.0,0.0,1,90761e0f3b59792feaff58da8495688f20cba575442992addb11855ad5bf9453,2020,ok,89,1675.0,-12785.0,2410.0,12050.0,241,482,-0.12785,-143.65168539325842,-0.3620022471910112,0.036425632941501085,-9.938118241414788,-0.12880831085805614,"conditional complete-window sum on stated capital, not live equity or intraday drawdown",0.24906367041198502,1324633.0387931035,mean across entered windows; not equal-risk sizing or margin availability,89,252,0.0,0.0
ES,revert-6-1,delay_stress,f633acbb8b57ab059f8d09f13419b2442432f47087ba3dd06081603cf504354f,61d9acde3a3feeb4,2.5,1,0.0,0.0,5,90761e0f3b59792feaff58da8495688f20cba575442992addb11855ad5bf9453,whole,ok,89,1912.5,-5047.5,1160.0,5800.0,232,464,-0.050475,-56.71348314606742,-0.14291797752808988,0.0391787196679683,-3.647847064408709,-0.06233811516238295,"conditional complete-window sum on stated capital, not live equity or intraday drawdown",0.24414794007490637,1324632.6388888888,mean across entered windows; not equal-risk sizing or margin availability,89,252,0.0,0.0
ES,revert-6-1,delay_stress,f633acbb8b57ab059f8d09f13419b2442432f47087ba3dd06081603cf504354f,61d9acde3a3feeb4,2.5,1,0.0,0.0,5,90761e0f3b59792feaff58da8495688f20cba575442992addb11855ad5bf9453,development,ok,30,187.5,-1822.5,335.0,1675.0,67,134,-0.018225,-60.75,-0.15309,0.047135107440720615,-3.2478975505154706,-0.024083482765491132,"conditional complete-window sum on stated capital, not live equity or intraday drawdown",0.20833333333333334,571513.433908046,mean across entered windows; not equal-risk sizing or margin availability,30,252,0.0,0.0
ES,revert-6-1,delay_stress,f633acbb8b57ab059f8d09f13419b2442432f47087ba3dd06081603cf504354f,61d9acde3a3feeb4,2.5,1,0.0,0.0,5,90761e0f3b59792feaff58da8495688f20cba575442992addb11855ad5bf9453,validation,ok,29,-300.0,-2640.0,390.0,1950.0,78,156,-0.0264,-91.03448275862068,-0.2294068965517241,0.038053689952033794,-6.028505956738722,-0.030133984160980225,"conditional complete-window sum on stated capital, not live equity or intraday drawdown",0.26436781609195403,1314234.732142857,mean across entered windows; not equal-risk sizing or margin availability,29,252,0.0,0.0
ES,revert-6-1,delay_stress,f633acbb8b57ab059f8d09f13419b2442432f47087ba3dd06081603cf504354f,61d9acde3a3feeb4,2.5,1,0.0,0.0,5,90761e0f3b59792feaff58da8495688f20cba575442992addb11855ad5bf9453,historical_final,ok,30,2025.0,-585.0,435.0,2175.0,87,174,-0.00585,-19.5,-0.049139999999999996,0.0311732013556295,-1.5763539791567132,-0.015921341585146735,"conditional complete-window sum on stated capital, not live equity or intraday drawdown",0.2604166666666667,2062352.5833333335,mean across entered windows; not equal-risk sizing or margin availability,30,252,0.0,0.0
ES,revert-6-1,delay_stress,f633acbb8b57ab059f8d09f13419b2442432f47087ba3dd06081603cf504354f,61d9acde3a3feeb4,2.5,1,0.0,0.0,5,90761e0f3b59792feaff58da8495688f20cba575442992addb11855ad5bf9453,2020,ok,89,1912.5,-5047.5,1160.0,5800.0,232,464,-0.050475,-56.71348314606742,-0.14291797752808988,0.0391787196679683,-3.647847064408709,-0.06233811516238295,"conditional complete-window sum on stated capital, not live equity or intraday drawdown",0.24414794007490637,1324632.6388888888,mean across entered windows; not equal-risk sizing or margin availability,89,252,0.0,0.0
ES,revert-6-1,combined_stress,f633acbb8b57ab059f8d09f13419b2442432f47087ba3dd06081603cf504354f,ca6fe48f9ce4ff5d,5.0,2,0.0,0.0,5,90761e0f3b59792feaff58da8495688f20cba575442992addb11855ad5bf9453,whole,ok,89,1912.5,-12007.5,2320.0,11600.0,232,464,-0.120075,-134.91573033707866,-0.3399876404494382,0.03946405608171615,-8.615121561388511,-0.1241678509985788,"conditional complete-window sum on stated capital, not live equity or intraday drawdown",0.24414794007490637,1324632.6388888888,mean across entered windows; not equal-risk sizing or margin availability,89,252,0.0,0.0
ES,revert-6-1,combined_stress,f633acbb8b57ab059f8d09f13419b2442432f47087ba3dd06081603cf504354f,ca6fe48f9ce4ff5d,5.0,2,0.0,0.0,5,90761e0f3b59792feaff58da8495688f20cba575442992addb11855ad5bf9453,development,ok,30,187.5,-3832.5,670.0,3350.0,67,134,-0.038325,-127.75,-0.32193,0.04749337893963167,-6.77841853301703,-0.04094048420475229,"conditional complete-window sum on stated capital, not live equity or intraday drawdown",0.20833333333333334,571513.433908046,mean across entered windows; not equal-risk sizing or margin availability,30,252,0.0,0.0
ES,revert-6-1,combined_stress,f633acbb8b57ab059f8d09f13419b2442432f47087ba3dd06081603cf504354f,ca6fe48f9ce4ff5d,5.0,2,0.0,0.0,5,90761e0f3b59792feaff58da8495688f20cba575442992addb11855ad5bf9453,validation,ok,29,-300.0,-4980.0,780.0,3900.0,78,156,-0.0498,-171.72413793103448,-0.4327448275862069,0.03811743254461275,-11.352937454004046,-0.05117579509710919,"conditional complete-window sum on stated capital, not live equity or intraday drawdown",0.26436781609195403,1314234.732142857,mean across entered windows; not equal-risk sizing or margin availability,29,252,0.0,0.0
ES,revert-6-1,combined_stress,f633acbb8b57ab059f8d09f13419b2442432f47087ba3dd06081603cf504354f,ca6fe48f9ce4ff5d,5.0,2,0.0,0.0,5,90761e0f3b59792feaff58da8495688f20cba575442992addb11855ad5bf9453,historical_final,ok,30,2025.0,-3195.0,870.0,4350.0,87,174,-0.03195,-106.5,-0.26838,0.03179544209365604,-8.440832469303778,-0.03427943234059564,"conditional complete-window sum on stated capital, not live equity or intraday drawdown",0.2604166666666667,2062352.5833333335,mean across entered windows; not equal-risk sizing or margin availability,30,252,0.0,0.0
ES,revert-6-1,combined_stress,f633acbb8b57ab059f8d09f13419b2442432f47087ba3dd06081603cf504354f,ca6fe48f9ce4ff5d,5.0,2,0.0,0.0,5,90761e0f3b59792feaff58da8495688f20cba575442992addb11855ad5bf9453,2020,ok,89,1912.5,-12007.5,2320.0,11600.0,232,464,-0.120075,-134.91573033707866,-0.3399876404494382,0.03946405608171615,-8.615121561388511,-0.1241678509985788,"conditional complete-window sum on stated capital, not live equity or intraday drawdown",0.24414794007490637,1324632.6388888888,mean across entered windows; not equal-risk sizing or margin availability,89,252,0.0,0.0
ES,revert-6-1.5,base,f633acbb8b57ab059f8d09f13419b2442432f47087ba3dd06081603cf504354f,e37e8691ffc34cf2,2.5,1,0.0,0.0,1,90761e0f3b59792feaff58da8495688f20cba575442992addb11855ad5bf9453,whole,ok,89,-812.5,-5252.5,740.0,3700.0,148,296,-0.052525,-59.01685393258427,-0.14872247191011237,0.031368282450539645,-4.741173576991743,-0.05730894937751054,"conditional complete-window sum on stated capital, not live equity or intraday drawdown",0.17134831460674158,1321844.6519308942,mean across entered windows; not equal-risk sizing or margin availability,89,252,0.0,0.0
ES,revert-6-1.5,base,f633acbb8b57ab059f8d09f13419b2442432f47087ba3dd06081603cf504354f,e37e8691ffc34cf2,2.5,1,0.0,0.0,1,90761e0f3b59792feaff58da8495688f20cba575442992addb11855ad5bf9453,development,ok,30,-925.0,-2095.0,195.0,975.0,39,78,-0.02095,-69.83333333333333,-0.17597999999999997,0.03463078359514541,-5.081606066363139,-0.02587260796886305,"conditional complete-window sum on stated capital, not live equity or intraday drawdown",0.14722222222222223,568447.6851851852,mean across entered windows; not equal-risk sizing or margin availability,30,252,0.0,0.0
ES,revert-6-1.5,base,f633acbb8b57ab059f8d09f13419b2442432f47087ba3dd06081603cf504354f,e37e8691ffc34cf2,2.5,1,0.0,0.0,1,90761e0f3b59792feaff58da8495688f20cba575442992addb11855ad5bf9453,validation,ok,29,12.5,-1697.5,285.0,1425.0,57,114,-0.016975,-58.53448275862069,-0.14750689655172414,0.0338942778203861,-4.351970481076439,-0.021283481031564272,"conditional complete-window sum on stated capital, not live equity or intraday drawdown",0.20043103448275862,1320305.7870370373,mean across entered windows; not equal-risk sizing or margin availability,29,252,0.0,0.0
ES,revert-6-1.5,base,f633acbb8b57ab059f8d09f13419b2442432f47087ba3dd06081603cf504354f,e37e8691ffc34cf2,2.5,1,0.0,0.0,1,90761e0f3b59792feaff58da8495688f20cba575442992addb11855ad5bf9453,historical_final,ok,30,100.0,-1460.0,260.0,1300.0,52,104,-0.0146,-48.666666666666664,-0.12264,0.02591312808011707,-4.732736226241272,-0.018284914945170233,"conditional complete-window sum on stated capital, not live equity or intraday drawdown",0.1673611111111111,2049818.4895833335,mean across entered windows; not equal-risk sizing or margin availability,30,252,0.0,0.0
ES,revert-6-1.5,base,f633acbb8b57ab059f8d09f13419b2442432f47087ba3dd06081603cf504354f,e37e8691ffc34cf2,2.5,1,0.0,0.0,1,90761e0f3b59792feaff58da8495688f20cba575442992addb11855ad5bf9453,2020,ok,89,-812.5,-5252.5,740.0,3700.0,148,296,-0.052525,-59.01685393258427,-0.14872247191011237,0.031368282450539645,-4.741173576991743,-0.05730894937751054,"conditional complete-window sum on stated capital, not live equity or intraday drawdown",0.17134831460674158,1321844.6519308942,mean across entered windows; not equal-risk sizing or margin availability,89,252,0.0,0.0
ES,revert-6-1.5,gross_reference,f633acbb8b57ab059f8d09f13419b2442432f47087ba3dd06081603cf504354f,ef9b23bd6b480765,0.0,0,0.0,0.0,1,90761e0f3b59792feaff58da8495688f20cba575442992addb11855ad5bf9453,whole,ok,89,-812.5,-812.5,0.0,0.0,148,296,-0.008125,-9.129213483146067,-0.02300561797752809,0.0318190715848524,-0.7230134894470024,-0.020571001122054608,"conditional complete-window sum on stated capital, not live equity or intraday drawdown",0.17134831460674158,1321844.6519308942,mean across entered windows; not equal-risk sizing or margin availability,89,252,0.0,0.0
ES,revert-6-1.5,gross_reference,f633acbb8b57ab059f8d09f13419b2442432f47087ba3dd06081603cf504354f,ef9b23bd6b480765,0.0,0,0.0,0.0,1,90761e0f3b59792feaff58da8495688f20cba575442992addb11855ad5bf9453,development,ok,30,-925.0,-925.0,0.0,0.0,39,78,-0.00925,-30.833333333333332,-0.07769999999999999,0.03461233585159268,-2.2448643839917164,-0.01683081909986286,"conditional complete-window sum on stated capital, not live equity or intraday drawdown",0.14722222222222223,568447.6851851852,mean across entered windows; not equal-risk sizing or margin availability,30,252,0.0,0.0
ES,revert-6-1.5,gross_reference,f633acbb8b57ab059f8d09f13419b2442432f47087ba3dd06081603cf504354f,ef9b23bd6b480765,0.0,0,0.0,0.0,1,90761e0f3b59792feaff58da8495688f20cba575442992addb11855ad5bf9453,validation,ok,29,12.5,12.5,0.0,0.0,57,114,0.000125,0.43103448275862066,0.001086206896551724,0.034330355020915075,0.03163983873426227,-0.011312779711586276,"conditional complete-window sum on stated capital, not live equity or intraday drawdown",0.20043103448275862,1320305.7870370373,mean across entered windows; not equal-risk sizing or margin availability,29,252,0.0,0.0
ES,revert-6-1.5,gross_reference,f633acbb8b57ab059f8d09f13419b2442432f47087ba3dd06081603cf504354f,ef9b23bd6b480765,0.0,0,0.0,0.0,1,90761e0f3b59792feaff58da8495688f20cba575442992addb11855ad5bf9453,historical_final,ok,30,100.0,100.0,0.0,0.0,52,104,0.001,3.3333333333333335,0.008400000000000001,0.02678979476308611,0.3135522341356058,-0.00998876264202772,"conditional complete-window sum on stated capital, not live equity or intraday drawdown",0.1673611111111111,2049818.4895833335,mean across entered windows; not equal-risk sizing or margin availability,30,252,0.0,0.0
ES,revert-6-1.5,gross_reference,f633acbb8b57ab059f8d09f13419b2442432f47087ba3dd06081603cf504354f,ef9b23bd6b480765,0.0,0,0.0,0.0,1,90761e0f3b59792feaff58da8495688f20cba575442992addb11855ad5bf9453,2020,ok,89,-812.5,-812.5,0.0,0.0,148,296,-0.008125,-9.129213483146067,-0.02300561797752809,0.0318190715848524,-0.7230134894470024,-0.020571001122054608,"conditional complete-window sum on stated capital, not live equity or intraday drawdown",0.17134831460674158,1321844.6519308942,mean across entered windows; not equal-risk sizing or margin availability,89,252,0.0,0.0
ES,revert-6-1.5,cost_stress,f633acbb8b57ab059f8d09f13419b2442432f47087ba3dd06081603cf504354f,523f6c7edf698a0d,5.0,2,0.0,0.0,1,90761e0f3b59792feaff58da8495688f20cba575442992addb11855ad5bf9453,whole,ok,89,-812.5,-9692.5,1480.0,7400.0,148,296,-0.096925,-108.90449438202248,-0.27443932584269665,0.03147185987706403,-8.720149584890017,-0.0996330229423072,"conditional complete-window sum on stated capital, not live equity or intraday drawdown",0.17134831460674158,1321844.6519308942,mean across entered windows; not equal-risk sizing or margin availability,89,252,0.0,0.0
ES,revert-6-1.5,cost_stress,f633acbb8b57ab059f8d09f13419b2442432f47087ba3dd06081603cf504354f,523f6c7edf698a0d,5.0,2,0.0,0.0,1,90761e0f3b59792feaff58da8495688f20cba575442992addb11855ad5bf9453,development,ok,30,-925.0,-3265.0,390.0,1950.0,39,78,-0.03265,-108.83333333333333,-0.27426,0.034970497910923874,-7.842610668529496,-0.035174875801982176,"conditional complete-window sum on stated capital, not live equity or intraday drawdown",0.14722222222222223,568447.6851851852,mean across entered windows; not equal-risk sizing or margin availability,30,252,0.0,0.0
ES,revert-6-1.5,cost_stress,f633acbb8b57ab059f8d09f13419b2442432f47087ba3dd06081603cf504354f,523f6c7edf698a0d,5.0,2,0.0,0.0,1,90761e0f3b59792feaff58da8495688f20cba575442992addb11855ad5bf9453,validation,ok,29,12.5,-3407.5,570.0,2850.0,57,114,-0.034075,-117.5,-0.29610000000000003,0.03405165194230671,-8.695613372933526,-0.037060113647692156,"conditional complete-window sum on stated capital, not live equity or intraday drawdown",0.20043103448275862,1320305.7870370373,mean across entered windows; not equal-risk sizing or margin availability,29,252,0.0,0.0
ES,revert-6-1.5,cost_stress,f633acbb8b57ab059f8d09f13419b2442432f47087ba3dd06081603cf504354f,523f6c7edf698a0d,5.0,2,0.0,0.0,1,90761e0f3b59792feaff58da8495688f20cba575442992addb11855ad5bf9453,historical_final,ok,30,100.0,-3020.0,520.0,2600.0,52,104,-0.0302,-100.66666666666667,-0.25368,0.025680533349279337,-9.87829950997178,-0.03213313010669398,"conditional complete-window sum on stated capital, not live equity or intraday drawdown",0.1673611111111111,2049818.4895833335,mean across entered windows; not equal-risk sizing or margin availability,30,252,0.0,0.0
ES,revert-6-1.5,cost_stress,f633acbb8b57ab059f8d09f13419b2442432f47087ba3dd06081603cf504354f,523f6c7edf698a0d,5.0,2,0.0,0.0,1,90761e0f3b59792feaff58da8495688f20cba575442992addb11855ad5bf9453,2020,ok,89,-812.5,-9692.5,1480.0,7400.0,148,296,-0.096925,-108.90449438202248,-0.27443932584269665,0.03147185987706403,-8.720149584890017,-0.0996330229423072,"conditional complete-window sum on stated capital, not live equity or intraday drawdown",0.17134831460674158,1321844.6519308942,mean across entered windows; not equal-risk sizing or margin availability,89,252,0.0,0.0
ES,revert-6-1.5,delay_stress,f633acbb8b57ab059f8d09f13419b2442432f47087ba3dd06081603cf504354f,51bc444c95b24d1e,2.5,1,0.0,0.0,5,90761e0f3b59792feaff58da8495688f20cba575442992addb11855ad5bf9453,whole,ok,89,812.5,-3507.5,720.0,3600.0,144,288,-0.035075,-39.41011235955056,-0.0993134831460674,0.032545437132822416,-3.0515332376933637,-0.04404429369513169,"conditional complete-window sum on stated capital, not live equity or intraday drawdown",0.16760299625468164,1321841.5777439023,mean across entered windows; not equal-risk sizing or margin availability,89,252,0.0,0.0
ES,revert-6-1.5,delay_stress,f633acbb8b57ab059f8d09f13419b2442432f47087ba3dd06081603cf504354f,51bc444c95b24d1e,2.5,1,0.0,0.0,5,90761e0f3b59792feaff58da8495688f20cba575442992addb11855ad5bf9453,development,ok,30,-575.0,-1745.0,195.0,975.0,39,78,-0.01745,-58.166666666666664,-0.14658,0.03625041212607582,-4.04354023590704,-0.02212190742218675,"conditional complete-window sum on stated capital, not live equity or intraday drawdown",0.14722222222222223,568456.5586419753,mean across entered windows; not equal-risk sizing or margin availability,30,252,0.0,0.0
ES,revert-6-1.5,delay_stress,f633acbb8b57ab059f8d09f13419b2442432f47087ba3dd06081603cf504354f,51bc444c95b24d1e,2.5,1,0.0,0.0,5,90761e0f3b59792feaff58da8495688f20cba575442992addb11855ad5bf9453,validation,ok,29,312.5,-1337.5,275.0,1375.0,55,110,-0.013375,-46.12068965517241,-0.11622413793103448,0.034590466097287366,-3.360004967962804,-0.018747358213779555,"conditional complete-window sum on stated capital, not live equity or intraday drawdown",0.19540229885057472,1320302.9320987656,mean across entered windows; not equal-risk sizing or margin availability,29,252,0.0,0.0
ES,revert-6-1.5,delay_stress,f633acbb8b57ab059f8d09f13419b2442432f47087ba3dd06081603cf504354f,51bc444c95b24d1e,2.5,1,0.0,0.0,5,90761e0f3b59792feaff58da8495688f20cba575442992addb11855ad5bf9453,historical_final,ok,30,1075.0,-425.0,250.0,1250.0,50,100,-0.00425,-14.166666666666666,-0.035699999999999996,0.026793443613870448,-1.3324155160674755,-0.01174031424075138,"conditional complete-window sum on stated capital, not live equity or intraday drawdown",0.16111111111111112,2049803.6830357146,mean across entered windows; not equal-risk sizing or margin availability,30,252,0.0,0.0
ES,revert-6-1.5,delay_stress,f633acbb8b57ab059f8d09f13419b2442432f47087ba3dd06081603cf504354f,51bc444c95b24d1e,2.5,1,0.0,0.0,5,90761e0f3b59792feaff58da8495688f20cba575442992addb11855ad5bf9453,2020,ok,89,812.5,-3507.5,720.0,3600.0,144,288,-0.035075,-39.41011235955056,-0.0993134831460674,0.032545437132822416,-3.0515332376933637,-0.04404429369513169,"conditional complete-window sum on stated capital, not live equity or intraday drawdown",0.16760299625468164,1321841.5777439023,mean across entered windows; not equal-risk sizing or margin availability,89,252,0.0,0.0
ES,revert-6-1.5,combined_stress,f633acbb8b57ab059f8d09f13419b2442432f47087ba3dd06081603cf504354f,1b7b6527645568fd,5.0,2,0.0,0.0,5,90761e0f3b59792feaff58da8495688f20cba575442992addb11855ad5bf9453,whole,ok,89,812.5,-7827.5,1440.0,7200.0,144,288,-0.078275,-87.9494382022472,-0.22163258426966292,0.03277955501360084,-6.761305459384777,-0.08080455180674785,"conditional complete-window sum on stated capital, not live equity or intraday drawdown",0.16760299625468164,1321841.5777439023,mean across entered windows; not equal-risk sizing or margin availability,89,252,0.0,0.0
ES,revert-6-1.5,combined_stress,f633acbb8b57ab059f8d09f13419b2442432f47087ba3dd06081603cf504354f,1b7b6527645568fd,5.0,2,0.0,0.0,5,90761e0f3b59792feaff58da8495688f20cba575442992addb11855ad5bf9453,development,ok,30,-575.0,-2915.0,390.0,1950.0,39,78,-0.02915,-97.16666666666667,-0.24486,0.03681839448446649,-6.6504801045386515,-0.03141844679576762,"conditional complete-window sum on stated capital, not live equity or intraday drawdown",0.14722222222222223,568456.5586419753,mean across entered windows; not equal-risk sizing or margin availability,30,252,0.0,0.0
ES,revert-6-1.5,combined_stress,f633acbb8b57ab059f8d09f13419b2442432f47087ba3dd06081603cf504354f,1b7b6527645568fd,5.0,2,0.0,0.0,5,90761e0f3b59792feaff58da8495688f20cba575442992addb11855ad5bf9453,validation,ok,29,312.5,-2987.5,550.0,2750.0,55,110,-0.029875,-103.01724137931035,-0.25960344827586207,0.03493315784811587,-7.4314337514111655,-0.032848989357725,"conditional complete-window sum on stated capital, not live equity or intraday drawdown",0.19540229885057472,1320302.9320987656,mean across entered windows; not equal-risk sizing or margin availability,29,252,0.0,0.0
ES,revert-6-1.5,combined_stress,f633acbb8b57ab059f8d09f13419b2442432f47087ba3dd06081603cf504354f,1b7b6527645568fd,5.0,2,0.0,0.0,5,90761e0f3b59792feaff58da8495688f20cba575442992addb11855ad5bf9453,historical_final,ok,30,1075.0,-1925.0,500.0,2500.0,50,100,-0.01925,-64.16666666666667,-0.1617,0.026533537658775454,-6.094174176074138,-0.0206391644386697,"conditional complete-window sum on stated capital, not live equity or intraday drawdown",0.16111111111111112,2049803.6830357146,mean across entered windows; not equal-risk sizing or margin availability,30,252,0.0,0.0
ES,revert-6-1.5,combined_stress,f633acbb8b57ab059f8d09f13419b2442432f47087ba3dd06081603cf504354f,1b7b6527645568fd,5.0,2,0.0,0.0,5,90761e0f3b59792feaff58da8495688f20cba575442992addb11855ad5bf9453,2020,ok,89,812.5,-7827.5,1440.0,7200.0,144,288,-0.078275,-87.9494382022472,-0.22163258426966292,0.03277955501360084,-6.761305459384777,-0.08080455180674785,"conditional complete-window sum on stated capital, not live equity or intraday drawdown",0.16760299625468164,1321841.5777439023,mean across entered windows; not equal-risk sizing or margin availability,89,252,0.0,0.0
ES,revert-12-0.5,base,f633acbb8b57ab059f8d09f13419b2442432f47087ba3dd06081603cf504354f,a141b5bc98f15920,2.5,1,0.0,0.0,1,90761e0f3b59792feaff58da8495688f20cba575442992addb11855ad5bf9453,whole,ok,89,3325.0,-2645.0,995.0,4975.0,199,398,-0.02645,-29.719101123595507,-0.07489213483146068,0.039857787398350844,-1.878983749975028,-0.035235275088959114,"conditional complete-window sum on stated capital, not live equity or intraday drawdown",0.2940074906367041,1336254.171511628,mean across entered windows; not equal-risk sizing or margin availability,89,252,0.0,0.0
ES,revert-12-0.5,base,f633acbb8b57ab059f8d09f13419b2442432f47087ba3dd06081603cf504354f,a141b5bc98f15920,2.5,1,0.0,0.0,1,90761e0f3b59792feaff58da8495688f20cba575442992addb11855ad5bf9453,development,ok,30,1462.5,-367.5,305.0,1525.0,61,122,-0.003675,-12.25,-0.030869999999999998,0.03844540250976612,-0.8029568683058587,-0.012093463060193595,"conditional complete-window sum on stated capital, not live equity or intraday drawdown",0.2375,580268.8616071428,mean across entered windows; not equal-risk sizing or margin availability,30,252,0.0,0.0
ES,revert-12-0.5,base,f633acbb8b57ab059f8d09f13419b2442432f47087ba3dd06081603cf504354f,a141b5bc98f15920,2.5,1,0.0,0.0,1,90761e0f3b59792feaff58da8495688f20cba575442992addb11855ad5bf9453,validation,ok,29,237.5,-1622.5,310.0,1550.0,62,124,-0.016225,-55.94827586206897,-0.1409896551724138,0.048404864478401484,-2.912716659610196,-0.0189,"conditional complete-window sum on stated capital, not live equity or intraday drawdown",0.32830459770114945,1314258.6458333335,mean across entered windows; not equal-risk sizing or margin availability,29,252,0.0,0.0
ES,revert-12-0.5,base,f633acbb8b57ab059f8d09f13419b2442432f47087ba3dd06081603cf504354f,a141b5bc98f15920,2.5,1,0.0,0.0,1,90761e0f3b59792feaff58da8495688f20cba575442992addb11855ad5bf9453,historical_final,ok,30,1625.0,-655.0,380.0,1900.0,76,152,-0.00655,-21.833333333333332,-0.05502,0.03245783949722449,-1.6951220676504002,-0.012947163598263733,"conditional complete-window sum on stated capital, not live equity or intraday drawdown",0.3173611111111111,2062369.6180555557,mean across entered windows; not equal-risk sizing or margin availability,30,252,0.0,0.0
ES,revert-12-0.5,base,f633acbb8b57ab059f8d09f13419b2442432f47087ba3dd06081603cf504354f,a141b5bc98f15920,2.5,1,0.0,0.0,1,90761e0f3b59792feaff58da8495688f20cba575442992addb11855ad5bf9453,2020,ok,89,3325.0,-2645.0,995.0,4975.0,199,398,-0.02645,-29.719101123595507,-0.07489213483146068,0.039857787398350844,-1.878983749975028,-0.035235275088959114,"conditional complete-window sum on stated capital, not live equity or intraday drawdown",0.2940074906367041,1336254.171511628,mean across entered windows; not equal-risk sizing or margin availability,89,252,0.0,0.0
ES,revert-12-0.5,gross_reference,f633acbb8b57ab059f8d09f13419b2442432f47087ba3dd06081603cf504354f,deefdc3b5466cd6d,0.0,0,0.0,0.0,1,90761e0f3b59792feaff58da8495688f20cba575442992addb11855ad5bf9453,whole,ok,89,3325.0,3325.0,0.0,0.0,199,398,0.03325,37.359550561797754,0.09414606741573034,0.04124588729613852,2.28255648229307,-0.015843773028739867,"conditional complete-window sum on stated capital, not live equity or intraday drawdown",0.2940074906367041,1336254.171511628,mean across entered windows; not equal-risk sizing or margin availability,89,252,0.0,0.0
ES,revert-12-0.5,gross_reference,f633acbb8b57ab059f8d09f13419b2442432f47087ba3dd06081603cf504354f,deefdc3b5466cd6d,0.0,0,0.0,0.0,1,90761e0f3b59792feaff58da8495688f20cba575442992addb11855ad5bf9453,development,ok,30,1462.5,1462.5,0.0,0.0,61,122,0.014625,48.75,0.12285,0.03831584089894288,3.206245696760616,-0.0071543110891821885,"conditional complete-window sum on stated capital, not live equity or intraday drawdown",0.2375,580268.8616071428,mean across entered windows; not equal-risk sizing or margin availability,30,252,0.0,0.0
ES,revert-12-0.5,gross_reference,f633acbb8b57ab059f8d09f13419b2442432f47087ba3dd06081603cf504354f,deefdc3b5466cd6d,0.0,0,0.0,0.0,1,90761e0f3b59792feaff58da8495688f20cba575442992addb11855ad5bf9453,validation,ok,29,237.5,237.5,0.0,0.0,62,124,0.002375,8.189655172413794,0.02063793103448276,0.050426767060826896,0.40926540084531726,-0.016074766355140185,"conditional complete-window sum on stated capital, not live equity or intraday drawdown",0.32830459770114945,1314258.6458333335,mean across entered windows; not equal-risk sizing or margin availability,29,252,0.0,0.0
ES,revert-12-0.5,gross_reference,f633acbb8b57ab059f8d09f13419b2442432f47087ba3dd06081603cf504354f,deefdc3b5466cd6d,0.0,0,0.0,0.0,1,90761e0f3b59792feaff58da8495688f20cba575442992addb11855ad5bf9453,historical_final,ok,30,1625.0,1625.0,0.0,0.0,76,152,0.01625,54.166666666666664,0.13649999999999998,0.034739982431059815,3.929190242708933,-0.006357516828721017,"conditional complete-window sum on stated capital, not live equity or intraday drawdown",0.3173611111111111,2062369.6180555557,mean across entered windows; not equal-risk sizing or margin availability,30,252,0.0,0.0
ES,revert-12-0.5,gross_reference,f633acbb8b57ab059f8d09f13419b2442432f47087ba3dd06081603cf504354f,deefdc3b5466cd6d,0.0,0,0.0,0.0,1,90761e0f3b59792feaff58da8495688f20cba575442992addb11855ad5bf9453,2020,ok,89,3325.0,3325.0,0.0,0.0,199,398,0.03325,37.359550561797754,0.09414606741573034,0.04124588729613852,2.28255648229307,-0.015843773028739867,"conditional complete-window sum on stated capital, not live equity or intraday drawdown",0.2940074906367041,1336254.171511628,mean across entered windows; not equal-risk sizing or margin availability,89,252,0.0,0.0
ES,revert-12-0.5,cost_stress,f633acbb8b57ab059f8d09f13419b2442432f47087ba3dd06081603cf504354f,7f0a2eeeeb8f5af3,5.0,2,0.0,0.0,1,90761e0f3b59792feaff58da8495688f20cba575442992addb11855ad5bf9453,whole,ok,89,3325.0,-8615.0,1990.0,9950.0,199,398,-0.08615,-96.79775280898876,-0.2439303370786517,0.039084931044846276,-6.241032811309418,-0.08890886840987987,"conditional complete-window sum on stated capital, not live equity or intraday drawdown",0.2940074906367041,1336254.171511628,mean across entered windows; not equal-risk sizing or margin availability,89,252,0.0,0.0
ES,revert-12-0.5,cost_stress,f633acbb8b57ab059f8d09f13419b2442432f47087ba3dd06081603cf504354f,7f0a2eeeeb8f5af3,5.0,2,0.0,0.0,1,90761e0f3b59792feaff58da8495688f20cba575442992addb11855ad5bf9453,development,ok,30,1462.5,-2197.5,610.0,3050.0,61,122,-0.021975,-73.25,-0.18459,0.03931685707174469,-4.69493275271631,-0.02487450363377538,"conditional complete-window sum on stated capital, not live equity or intraday drawdown",0.2375,580268.8616071428,mean across entered windows; not equal-risk sizing or margin availability,30,252,0.0,0.0
ES,revert-12-0.5,cost_stress,f633acbb8b57ab059f8d09f13419b2442432f47087ba3dd06081603cf504354f,7f0a2eeeeb8f5af3,5.0,2,0.0,0.0,1,90761e0f3b59792feaff58da8495688f20cba575442992addb11855ad5bf9453,validation,ok,29,237.5,-3482.5,620.0,3100.0,62,124,-0.034825,-120.08620689655173,-0.3026172413793104,0.04680714882402562,-6.4651927960196565,-0.034825,"conditional complete-window sum on stated capital, not live equity or intraday drawdown",0.32830459770114945,1314258.6458333335,mean across entered windows; not equal-risk sizing or margin availability,29,252,0.0,0.0
ES,revert-12-0.5,cost_stress,f633acbb8b57ab059f8d09f13419b2442432f47087ba3dd06081603cf504354f,7f0a2eeeeb8f5af3,5.0,2,0.0,0.0,1,90761e0f3b59792feaff58da8495688f20cba575442992addb11855ad5bf9453,historical_final,ok,30,1625.0,-2935.0,760.0,3800.0,76,152,-0.02935,-97.83333333333333,-0.24653999999999998,0.030761115736905747,-8.014663775807483,-0.03267435475013729,"conditional complete-window sum on stated capital, not live equity or intraday drawdown",0.3173611111111111,2062369.6180555557,mean across entered windows; not equal-risk sizing or margin availability,30,252,0.0,0.0
ES,revert-12-0.5,cost_stress,f633acbb8b57ab059f8d09f13419b2442432f47087ba3dd06081603cf504354f,7f0a2eeeeb8f5af3,5.0,2,0.0,0.0,1,90761e0f3b59792feaff58da8495688f20cba575442992addb11855ad5bf9453,2020,ok,89,3325.0,-8615.0,1990.0,9950.0,199,398,-0.08615,-96.79775280898876,-0.2439303370786517,0.039084931044846276,-6.241032811309418,-0.08890886840987987,"conditional complete-window sum on stated capital, not live equity or intraday drawdown",0.2940074906367041,1336254.171511628,mean across entered windows; not equal-risk sizing or margin availability,89,252,0.0,0.0
ES,revert-12-0.5,delay_stress,f633acbb8b57ab059f8d09f13419b2442432f47087ba3dd06081603cf504354f,80f1a8c6e7139d9b,2.5,1,0.0,0.0,5,90761e0f3b59792feaff58da8495688f20cba575442992addb11855ad5bf9453,whole,ok,89,2725.0,-3065.0,965.0,4825.0,193,386,-0.03065,-34.438202247191015,-0.08678426966292135,0.04237126051277289,-2.048187111090549,-0.03536487970450235,"conditional complete-window sum on stated capital, not live equity or intraday drawdown",0.289559925093633,1336254.2272286825,mean across entered windows; not equal-risk sizing or margin availability,89,252,0.0,0.0
ES,revert-12-0.5,delay_stress,f633acbb8b57ab059f8d09f13419b2442432f47087ba3dd06081603cf504354f,80f1a8c6e7139d9b,2.5,1,0.0,0.0,5,90761e0f3b59792feaff58da8495688f20cba575442992addb11855ad5bf9453,development,ok,30,1412.5,-357.5,295.0,1475.0,59,118,-0.003575,-11.916666666666666,-0.030029999999999998,0.04358401132414785,-0.6890141381585451,-0.012503743635819107,"conditional complete-window sum on stated capital, not live equity or intraday drawdown",0.23472222222222222,580270.2008928572,mean across entered windows; not equal-risk sizing or margin availability,30,252,0.0,0.0
ES,revert-12-0.5,delay_stress,f633acbb8b57ab059f8d09f13419b2442432f47087ba3dd06081603cf504354f,80f1a8c6e7139d9b,2.5,1,0.0,0.0,5,90761e0f3b59792feaff58da8495688f20cba575442992addb11855ad5bf9453,validation,ok,29,250.0,-1520.0,295.0,1475.0,59,118,-0.0152,-52.41379310344828,-0.13208275862068966,0.045686326521558754,-2.891078549691703,-0.01946933579612111,"conditional complete-window sum on stated capital, not live equity or intraday drawdown",0.3204022988505747,1314254.2038690473,mean across entered windows; not equal-risk sizing or margin availability,29,252,0.0,0.0
ES,revert-12-0.5,delay_stress,f633acbb8b57ab059f8d09f13419b2442432f47087ba3dd06081603cf504354f,80f1a8c6e7139d9b,2.5,1,0.0,0.0,5,90761e0f3b59792feaff58da8495688f20cba575442992addb11855ad5bf9453,historical_final,ok,30,1062.5,-1187.5,375.0,1875.0,75,150,-0.011875,-39.583333333333336,-0.09975,0.03887146424767944,-2.5661497947290455,-0.01669536572583664,"conditional complete-window sum on stated capital, not live equity or intraday drawdown",0.3145833333333333,2062372.673611111,mean across entered windows; not equal-risk sizing or margin availability,30,252,0.0,0.0
ES,revert-12-0.5,delay_stress,f633acbb8b57ab059f8d09f13419b2442432f47087ba3dd06081603cf504354f,80f1a8c6e7139d9b,2.5,1,0.0,0.0,5,90761e0f3b59792feaff58da8495688f20cba575442992addb11855ad5bf9453,2020,ok,89,2725.0,-3065.0,965.0,4825.0,193,386,-0.03065,-34.438202247191015,-0.08678426966292135,0.04237126051277289,-2.048187111090549,-0.03536487970450235,"conditional complete-window sum on stated capital, not live equity or intraday drawdown",0.289559925093633,1336254.2272286825,mean across entered windows; not equal-risk sizing or margin availability,89,252,0.0,0.0
ES,revert-12-0.5,combined_stress,f633acbb8b57ab059f8d09f13419b2442432f47087ba3dd06081603cf504354f,1eafabc0630e73a1,5.0,2,0.0,0.0,5,90761e0f3b59792feaff58da8495688f20cba575442992addb11855ad5bf9453,whole,ok,89,2725.0,-8855.0,1930.0,9650.0,193,386,-0.08855,-99.49438202247191,-0.25072584269662923,0.04247261840254654,-5.903234887011261,-0.091521869382864,"conditional complete-window sum on stated capital, not live equity or intraday drawdown",0.289559925093633,1336254.2272286825,mean across entered windows; not equal-risk sizing or margin availability,89,252,0.0,0.0
ES,revert-12-0.5,combined_stress,f633acbb8b57ab059f8d09f13419b2442432f47087ba3dd06081603cf504354f,1eafabc0630e73a1,5.0,2,0.0,0.0,5,90761e0f3b59792feaff58da8495688f20cba575442992addb11855ad5bf9453,development,ok,30,1412.5,-2127.5,590.0,2950.0,59,118,-0.021275,-70.91666666666667,-0.17871000000000004,0.04486400801887012,-3.98337125663925,-0.02553924505692031,"conditional complete-window sum on stated capital, not live equity or intraday drawdown",0.23472222222222222,580270.2008928572,mean across entered windows; not equal-risk sizing or margin availability,30,252,0.0,0.0
ES,revert-12-0.5,combined_stress,f633acbb8b57ab059f8d09f13419b2442432f47087ba3dd06081603cf504354f,1eafabc0630e73a1,5.0,2,0.0,0.0,5,90761e0f3b59792feaff58da8495688f20cba575442992addb11855ad5bf9453,validation,ok,29,250.0,-3290.0,590.0,2950.0,59,118,-0.0329,-113.44827586206897,-0.2858896551724138,0.0444458901943972,-6.432308002427022,-0.0329,"conditional complete-window sum on stated capital, not live equity or intraday drawdown",0.3204022988505747,1314254.2038690473,mean across entered windows; not equal-risk sizing or margin availability,29,252,0.0,0.0
ES,revert-12-0.5,combined_stress,f633acbb8b57ab059f8d09f13419b2442432f47087ba3dd06081603cf504354f,1eafabc0630e73a1,5.0,2,0.0,0.0,5,90761e0f3b59792feaff58da8495688f20cba575442992addb11855ad5bf9453,historical_final,ok,30,1062.5,-3437.5,750.0,3750.0,75,150,-0.034375,-114.58333333333333,-0.28875,0.03900953961577197,-7.402035574991901,-0.03720628261792394,"conditional complete-window sum on stated capital, not live equity or intraday drawdown",0.3145833333333333,2062372.673611111,mean across entered windows; not equal-risk sizing or margin availability,30,252,0.0,0.0
ES,revert-12-0.5,combined_stress,f633acbb8b57ab059f8d09f13419b2442432f47087ba3dd06081603cf504354f,1eafabc0630e73a1,5.0,2,0.0,0.0,5,90761e0f3b59792feaff58da8495688f20cba575442992addb11855ad5bf9453,2020,ok,89,2725.0,-8855.0,1930.0,9650.0,193,386,-0.08855,-99.49438202247191,-0.25072584269662923,0.04247261840254654,-5.903234887011261,-0.091521869382864,"conditional complete-window sum on stated capital, not live equity or intraday drawdown",0.289559925093633,1336254.2272286825,mean across entered windows; not equal-risk sizing or margin availability,89,252,0.0,0.0
ES,revert-12-1,base,f633acbb8b57ab059f8d09f13419b2442432f47087ba3dd06081603cf504354f,be2396b3faa8819d,2.5,1,0.0,0.0,1,90761e0f3b59792feaff58da8495688f20cba575442992addb11855ad5bf9453,whole,ok,89,1987.5,-2572.5,760.0,3800.0,152,304,-0.025725,-28.90449438202247,-0.07283932584269662,0.039064455164553,-1.864593414547117,-0.037002982107355864,"conditional complete-window sum on stated capital, not live equity or intraday drawdown",0.25842696629213485,1346082.6960784313,mean across entered windows; not equal-risk sizing or margin availability,89,252,0.0,0.0
ES,revert-12-1,base,f633acbb8b57ab059f8d09f13419b2442432f47087ba3dd06081603cf504354f,be2396b3faa8819d,2.5,1,0.0,0.0,1,90761e0f3b59792feaff58da8495688f20cba575442992addb11855ad5bf9453,development,ok,30,1362.5,102.5,210.0,1050.0,42,84,0.001025,3.4166666666666665,0.00861,0.03804168188112649,0.22633068713693374,-0.009493041749502983,"conditional complete-window sum on stated capital, not live equity or intraday drawdown",0.2048611111111111,583232.0987654321,mean across entered windows; not equal-risk sizing or margin availability,30,252,0.0,0.0
ES,revert-12-1,base,f633acbb8b57ab059f8d09f13419b2442432f47087ba3dd06081603cf504354f,be2396b3faa8819d,2.5,1,0.0,0.0,1,90761e0f3b59792feaff58da8495688f20cba575442992addb11855ad5bf9453,validation,ok,29,-62.5,-1592.5,255.0,1275.0,51,102,-0.015925,-54.91379310344828,-0.13838275862068966,0.04641857581867935,-2.981193545472865,-0.017938226635397434,"conditional complete-window sum on stated capital, not live equity or intraday drawdown",0.29094827586206895,1314247.3214285714,mean across entered windows; not equal-risk sizing or margin availability,29,252,0.0,0.0
ES,revert-12-1,base,f633acbb8b57ab059f8d09f13419b2442432f47087ba3dd06081603cf504354f,be2396b3faa8819d,2.5,1,0.0,0.0,1,90761e0f3b59792feaff58da8495688f20cba575442992addb11855ad5bf9453,historical_final,ok,30,687.5,-1082.5,295.0,1475.0,59,118,-0.010825,-36.083333333333336,-0.09093,0.032519816372429775,-2.79614124995768,-0.016890288084351498,"conditional complete-window sum on stated capital, not live equity or intraday drawdown",0.28055555555555556,2062361.2500000002,mean across entered windows; not equal-risk sizing or margin availability,30,252,0.0,0.0
ES,revert-12-1,base,f633acbb8b57ab059f8d09f13419b2442432f47087ba3dd06081603cf504354f,be2396b3faa8819d,2.5,1,0.0,0.0,1,90761e0f3b59792feaff58da8495688f20cba575442992addb11855ad5bf9453,2020,ok,89,1987.5,-2572.5,760.0,3800.0,152,304,-0.025725,-28.90449438202247,-0.07283932584269662,0.039064455164553,-1.864593414547117,-0.037002982107355864,"conditional complete-window sum on stated capital, not live equity or intraday drawdown",0.25842696629213485,1346082.6960784313,mean across entered windows; not equal-risk sizing or margin availability,89,252,0.0,0.0
ES,revert-12-1,gross_reference,f633acbb8b57ab059f8d09f13419b2442432f47087ba3dd06081603cf504354f,41206b30b4fb81a9,0.0,0,0.0,0.0,1,90761e0f3b59792feaff58da8495688f20cba575442992addb11855ad5bf9453,whole,ok,89,1987.5,1987.5,0.0,0.0,152,304,0.019875,22.331460674157302,0.0562752808988764,0.04000794896757945,1.406602496530858,-0.015465815637658033,"conditional complete-window sum on stated capital, not live equity or intraday drawdown",0.25842696629213485,1346082.6960784313,mean across entered windows; not equal-risk sizing or margin availability,89,252,0.0,0.0
ES,revert-12-1,gross_reference,f633acbb8b57ab059f8d09f13419b2442432f47087ba3dd06081603cf504354f,41206b30b4fb81a9,0.0,0,0.0,0.0,1,90761e0f3b59792feaff58da8495688f20cba575442992addb11855ad5bf9453,development,ok,30,1362.5,1362.5,0.0,0.0,42,84,0.013625,45.416666666666664,0.11445,0.038861682772765194,2.9450603225089407,-0.007040513833992095,"conditional complete-window sum on stated capital, not live equity or intraday drawdown",0.2048611111111111,583232.0987654321,mean across entered windows; not equal-risk sizing or margin availability,30,252,0.0,0.0
ES,revert-12-1,gross_reference,f633acbb8b57ab059f8d09f13419b2442432f47087ba3dd06081603cf504354f,41206b30b4fb81a9,0.0,0,0.0,0.0,1,90761e0f3b59792feaff58da8495688f20cba575442992addb11855ad5bf9453,validation,ok,29,-62.5,-62.5,0.0,0.0,51,102,-0.000625,-2.1551724137931036,-0.005431034482758621,0.04771517731866586,-0.11382194907267036,-0.01567554117939786,"conditional complete-window sum on stated capital, not live equity or intraday drawdown",0.29094827586206895,1314247.3214285714,mean across entered windows; not equal-risk sizing or margin availability,29,252,0.0,0.0
ES,revert-12-1,gross_reference,f633acbb8b57ab059f8d09f13419b2442432f47087ba3dd06081603cf504354f,41206b30b4fb81a9,0.0,0,0.0,0.0,1,90761e0f3b59792feaff58da8495688f20cba575442992addb11855ad5bf9453,historical_final,ok,30,687.5,687.5,0.0,0.0,59,118,0.006875,22.916666666666668,0.05775,0.0334608784692069,1.7258961103829265,-0.008992131884600974,"conditional complete-window sum on stated capital, not live equity or intraday drawdown",0.28055555555555556,2062361.2500000002,mean across entered windows; not equal-risk sizing or margin availability,30,252,0.0,0.0
ES,revert-12-1,gross_reference,f633acbb8b57ab059f8d09f13419b2442432f47087ba3dd06081603cf504354f,41206b30b4fb81a9,0.0,0,0.0,0.0,1,90761e0f3b59792feaff58da8495688f20cba575442992addb11855ad5bf9453,2020,ok,89,1987.5,1987.5,0.0,0.0,152,304,0.019875,22.331460674157302,0.0562752808988764,0.04000794896757945,1.406602496530858,-0.015465815637658033,"conditional complete-window sum on stated capital, not live equity or intraday drawdown",0.25842696629213485,1346082.6960784313,mean across entered windows; not equal-risk sizing or margin availability,89,252,0.0,0.0
ES,revert-12-1,cost_stress,f633acbb8b57ab059f8d09f13419b2442432f47087ba3dd06081603cf504354f,4abf97417e849bd9,5.0,2,0.0,0.0,1,90761e0f3b59792feaff58da8495688f20cba575442992addb11855ad5bf9453,whole,ok,89,1987.5,-7132.5,1520.0,7600.0,152,304,-0.071325,-80.14044943820225,-0.2019539325842697,0.03849067674279693,-5.246827275440485,-0.07381796395226921,"conditional complete-window sum on stated capital, not live equity or intraday drawdown",0.25842696629213485,1346082.6960784313,mean across entered windows; not equal-risk sizing or margin availability,89,252,0.0,0.0
ES,revert-12-1,cost_stress,f633acbb8b57ab059f8d09f13419b2442432f47087ba3dd06081603cf504354f,4abf97417e849bd9,5.0,2,0.0,0.0,1,90761e0f3b59792feaff58da8495688f20cba575442992addb11855ad5bf9453,development,ok,30,1362.5,-1157.5,420.0,2100.0,42,84,-0.011575,-38.583333333333336,-0.09723000000000001,0.03756343840987422,-2.5884211913476314,-0.015777123171401466,"conditional complete-window sum on stated capital, not live equity or intraday drawdown",0.2048611111111111,583232.0987654321,mean across entered windows; not equal-risk sizing or margin availability,30,252,0.0,0.0
ES,revert-12-1,cost_stress,f633acbb8b57ab059f8d09f13419b2442432f47087ba3dd06081603cf504354f,4abf97417e849bd9,5.0,2,0.0,0.0,1,90761e0f3b59792feaff58da8495688f20cba575442992addb11855ad5bf9453,validation,ok,29,-62.5,-3122.5,510.0,2550.0,51,102,-0.031225,-107.67241379310344,-0.2713344827586207,0.04532320569132254,-5.98665691492713,-0.031225,"conditional complete-window sum on stated capital, not live equity or intraday drawdown",0.29094827586206895,1314247.3214285714,mean across entered windows; not equal-risk sizing or margin availability,29,252,0.0,0.0
ES,revert-12-1,cost_stress,f633acbb8b57ab059f8d09f13419b2442432f47087ba3dd06081603cf504354f,4abf97417e849bd9,5.0,2,0.0,0.0,1,90761e0f3b59792feaff58da8495688f20cba575442992addb11855ad5bf9453,historical_final,ok,30,687.5,-2852.5,590.0,2950.0,59,118,-0.028525,-95.08333333333333,-0.23961,0.03211494294475436,-7.461012788102673,-0.029941766014346054,"conditional complete-window sum on stated capital, not live equity or intraday drawdown",0.28055555555555556,2062361.2500000002,mean across entered windows; not equal-risk sizing or margin availability,30,252,0.0,0.0
ES,revert-12-1,cost_stress,f633acbb8b57ab059f8d09f13419b2442432f47087ba3dd06081603cf504354f,4abf97417e849bd9,5.0,2,0.0,0.0,1,90761e0f3b59792feaff58da8495688f20cba575442992addb11855ad5bf9453,2020,ok,89,1987.5,-7132.5,1520.0,7600.0,152,304,-0.071325,-80.14044943820225,-0.2019539325842697,0.03849067674279693,-5.246827275440485,-0.07381796395226921,"conditional complete-window sum on stated capital, not live equity or intraday drawdown",0.25842696629213485,1346082.6960784313,mean across entered windows; not equal-risk sizing or margin availability,89,252,0.0,0.0
ES,revert-12-1,delay_stress,f633acbb8b57ab059f8d09f13419b2442432f47087ba3dd06081603cf504354f,25d54755bdfdbce5,2.5,1,0.0,0.0,5,90761e0f3b59792feaff58da8495688f20cba575442992addb11855ad5bf9453,whole,ok,89,2475.0,-2025.0,750.0,3750.0,150,300,-0.02025,-22.752808988764045,-0.05733707865168539,0.039813649606251326,-1.4401362150603405,-0.036028228302587596,"conditional complete-window sum on stated capital, not live equity or intraday drawdown",0.2565543071161049,1346077.7328431373,mean across entered windows; not equal-risk sizing or margin availability,89,252,0.0,0.0
ES,revert-12-1,delay_stress,f633acbb8b57ab059f8d09f13419b2442432f47087ba3dd06081603cf504354f,25d54755bdfdbce5,2.5,1,0.0,0.0,5,90761e0f3b59792feaff58da8495688f20cba575442992addb11855ad5bf9453,development,ok,30,1775.0,515.0,210.0,1050.0,42,84,0.00515,17.166666666666668,0.04326,0.03870521483175638,1.1176788499441832,-0.008864677479262102,"conditional complete-window sum on stated capital, not live equity or intraday drawdown",0.2048611111111111,583229.5524691358,mean across entered windows; not equal-risk sizing or margin availability,30,252,0.0,0.0
ES,revert-12-1,delay_stress,f633acbb8b57ab059f8d09f13419b2442432f47087ba3dd06081603cf504354f,25d54755bdfdbce5,2.5,1,0.0,0.0,5,90761e0f3b59792feaff58da8495688f20cba575442992addb11855ad5bf9453,validation,ok,29,162.5,-1307.5,245.0,1225.0,49,98,-0.013075,-45.08620689655172,-0.11361724137931034,0.04299554257169553,-2.6425353556093025,-0.017173282671732827,"conditional complete-window sum on stated capital, not live equity or intraday drawdown",0.28448275862068967,1314243.75,mean across entered windows; not equal-risk sizing or margin availability,29,252,0.0,0.0
ES,revert-12-1,delay_stress,f633acbb8b57ab059f8d09f13419b2442432f47087ba3dd06081603cf504354f,25d54755bdfdbce5,2.5,1,0.0,0.0,5,90761e0f3b59792feaff58da8495688f20cba575442992addb11855ad5bf9453,historical_final,ok,30,537.5,-1232.5,295.0,1475.0,59,118,-0.012325,-41.083333333333336,-0.10353000000000001,0.03826491156263858,-2.7056118980054173,-0.019388851410438997,"conditional complete-window sum on stated capital, not live equity or intraday drawdown",0.28125,2062352.8125000002,mean across entered windows; not equal-risk sizing or margin availability,30,252,0.0,0.0
ES,revert-12-1,delay_stress,f633acbb8b57ab059f8d09f13419b2442432f47087ba3dd06081603cf504354f,25d54755bdfdbce5,2.5,1,0.0,0.0,5,90761e0f3b59792feaff58da8495688f20cba575442992addb11855ad5bf9453,2020,ok,89,2475.0,-2025.0,750.0,3750.0,150,300,-0.02025,-22.752808988764045,-0.05733707865168539,0.039813649606251326,-1.4401362150603405,-0.036028228302587596,"conditional complete-window sum on stated capital, not live equity or intraday drawdown",0.2565543071161049,1346077.7328431373,mean across entered windows; not equal-risk sizing or margin availability,89,252,0.0,0.0
ES,revert-12-1,combined_stress,f633acbb8b57ab059f8d09f13419b2442432f47087ba3dd06081603cf504354f,8dd7e831beddfc59,5.0,2,0.0,0.0,5,90761e0f3b59792feaff58da8495688f20cba575442992addb11855ad5bf9453,whole,ok,89,2475.0,-6525.0,1500.0,7500.0,150,300,-0.06525,-73.31460674157303,-0.18475280898876403,0.03965580666719497,-4.658909363243383,-0.07084319342383859,"conditional complete-window sum on stated capital, not live equity or intraday drawdown",0.2565543071161049,1346077.7328431373,mean across entered windows; not equal-risk sizing or margin availability,89,252,0.0,0.0
ES,revert-12-1,combined_stress,f633acbb8b57ab059f8d09f13419b2442432f47087ba3dd06081603cf504354f,8dd7e831beddfc59,5.0,2,0.0,0.0,5,90761e0f3b59792feaff58da8495688f20cba575442992addb11855ad5bf9453,development,ok,30,1775.0,-745.0,420.0,2100.0,42,84,-0.00745,-24.833333333333332,-0.06258,0.03839855600733283,-1.629748785033722,-0.013874704197284843,"conditional complete-window sum on stated capital, not live equity or intraday drawdown",0.2048611111111111,583229.5524691358,mean across entered windows; not equal-risk sizing or margin availability,30,252,0.0,0.0
ES,revert-12-1,combined_stress,f633acbb8b57ab059f8d09f13419b2442432f47087ba3dd06081603cf504354f,8dd7e831beddfc59,5.0,2,0.0,0.0,5,90761e0f3b59792feaff58da8495688f20cba575442992addb11855ad5bf9453,validation,ok,29,162.5,-2777.5,490.0,2450.0,49,98,-0.027775,-95.77586206896552,-0.24135517241379312,0.042018224186572944,-5.744059323928281,-0.027775,"conditional complete-window sum on stated capital, not live equity or intraday drawdown",0.28448275862068967,1314243.75,mean across entered windows; not equal-risk sizing or margin availability,29,252,0.0,0.0
ES,revert-12-1,combined_stress,f633acbb8b57ab059f8d09f13419b2442432f47087ba3dd06081603cf504354f,8dd7e831beddfc59,5.0,2,0.0,0.0,5,90761e0f3b59792feaff58da8495688f20cba575442992addb11855ad5bf9453,historical_final,ok,30,537.5,-3002.5,590.0,2950.0,59,118,-0.030025,-100.08333333333333,-0.25221,0.038732532102916384,-6.511580480456369,-0.03251605808402689,"conditional complete-window sum on stated capital, not live equity or intraday drawdown",0.28125,2062352.8125000002,mean across entered windows; not equal-risk sizing or margin availability,30,252,0.0,0.0
ES,revert-12-1,combined_stress,f633acbb8b57ab059f8d09f13419b2442432f47087ba3dd06081603cf504354f,8dd7e831beddfc59,5.0,2,0.0,0.0,5,90761e0f3b59792feaff58da8495688f20cba575442992addb11855ad5bf9453,2020,ok,89,2475.0,-6525.0,1500.0,7500.0,150,300,-0.06525,-73.31460674157303,-0.18475280898876403,0.03965580666719497,-4.658909363243383,-0.07084319342383859,"conditional complete-window sum on stated capital, not live equity or intraday drawdown",0.2565543071161049,1346077.7328431373,mean across entered windows; not equal-risk sizing or margin availability,89,252,0.0,0.0
ES,revert-12-1.5,base,f633acbb8b57ab059f8d09f13419b2442432f47087ba3dd06081603cf504354f,15bc1aae4cfcadec,2.5,1,0.0,0.0,1,90761e0f3b59792feaff58da8495688f20cba575442992addb11855ad5bf9453,whole,ok,89,2437.5,-982.5,570.0,2850.0,114,228,-0.009825,-11.039325842696629,-0.027819101123595508,0.035950979856329855,-0.7738064785652129,-0.027292089751845064,"conditional complete-window sum on stated capital, not live equity or intraday drawdown",0.21418539325842698,1362049.7916666667,mean across entered windows; not equal-risk sizing or margin availability,89,252,0.0,0.0
ES,revert-12-1.5,base,f633acbb8b57ab059f8d09f13419b2442432f47087ba3dd06081603cf504354f,15bc1aae4cfcadec,2.5,1,0.0,0.0,1,90761e0f3b59792feaff58da8495688f20cba575442992addb11855ad5bf9453,development,ok,30,1487.5,467.5,170.0,850.0,34,68,0.004675,15.583333333333334,0.03927,0.033873298532151784,1.1593202227626516,-0.007096613545816733,"conditional complete-window sum on stated capital, not live equity or intraday drawdown",0.175,597824.5,mean across entered windows; not equal-risk sizing or margin availability,30,252,0.0,0.0
ES,revert-12-1.5,base,f633acbb8b57ab059f8d09f13419b2442432f47087ba3dd06081603cf504354f,15bc1aae4cfcadec,2.5,1,0.0,0.0,1,90761e0f3b59792feaff58da8495688f20cba575442992addb11855ad5bf9453,validation,ok,29,-250.0,-1390.0,190.0,950.0,38,76,-0.0139,-47.93103448275862,-0.12078620689655171,0.042299344272246936,-2.8555101497353683,-0.019183399268492947,"conditional complete-window sum on stated capital, not live equity or intraday drawdown",0.2413793103448276,1324956.169871795,mean across entered windows; not equal-risk sizing or margin availability,29,252,0.0,0.0
ES,revert-12-1.5,base,f633acbb8b57ab059f8d09f13419b2442432f47087ba3dd06081603cf504354f,15bc1aae4cfcadec,2.5,1,0.0,0.0,1,90761e0f3b59792feaff58da8495688f20cba575442992addb11855ad5bf9453,historical_final,ok,30,1200.0,-60.0,210.0,1050.0,42,84,-0.0006,-2.0,-0.00504,0.03149834478409828,-0.1600084078876554,-0.009815675108646785,"conditional complete-window sum on stated capital, not live equity or intraday drawdown",0.22708333333333333,2054121.0488505745,mean across entered windows; not equal-risk sizing or margin availability,30,252,0.0,0.0
ES,revert-12-1.5,base,f633acbb8b57ab059f8d09f13419b2442432f47087ba3dd06081603cf504354f,15bc1aae4cfcadec,2.5,1,0.0,0.0,1,90761e0f3b59792feaff58da8495688f20cba575442992addb11855ad5bf9453,2020,ok,89,2437.5,-982.5,570.0,2850.0,114,228,-0.009825,-11.039325842696629,-0.027819101123595508,0.035950979856329855,-0.7738064785652129,-0.027292089751845064,"conditional complete-window sum on stated capital, not live equity or intraday drawdown",0.21418539325842698,1362049.7916666667,mean across entered windows; not equal-risk sizing or margin availability,89,252,0.0,0.0
ES,revert-12-1.5,gross_reference,f633acbb8b57ab059f8d09f13419b2442432f47087ba3dd06081603cf504354f,e1d17483e2b9bb9d,0.0,0,0.0,0.0,1,90761e0f3b59792feaff58da8495688f20cba575442992addb11855ad5bf9453,whole,ok,89,2437.5,2437.5,0.0,0.0,114,228,0.024375,27.3876404494382,0.06901685393258426,0.0368689751141848,1.8719493481670189,-0.015904086126743332,"conditional complete-window sum on stated capital, not live equity or intraday drawdown",0.21418539325842698,1362049.7916666667,mean across entered windows; not equal-risk sizing or margin availability,89,252,0.0,0.0
ES,revert-12-1.5,gross_reference,f633acbb8b57ab059f8d09f13419b2442432f47087ba3dd06081603cf504354f,e1d17483e2b9bb9d,0.0,0,0.0,0.0,1,90761e0f3b59792feaff58da8495688f20cba575442992addb11855ad5bf9453,development,ok,30,1487.5,1487.5,0.0,0.0,34,68,0.014875,49.583333333333336,0.12495,0.034284210827565595,3.644534815995714,-0.006197322756569162,"conditional complete-window sum on stated capital, not live equity or intraday drawdown",0.175,597824.5,mean across entered windows; not equal-risk sizing or margin availability,30,252,0.0,0.0
ES,revert-12-1.5,gross_reference,f633acbb8b57ab059f8d09f13419b2442432f47087ba3dd06081603cf504354f,e1d17483e2b9bb9d,0.0,0,0.0,0.0,1,90761e0f3b59792feaff58da8495688f20cba575442992addb11855ad5bf9453,validation,ok,29,-250.0,-250.0,0.0,0.0,38,76,-0.0025,-8.620689655172415,-0.021724137931034483,0.043713174156398055,-0.49697004050333515,-0.016139044072004966,"conditional complete-window sum on stated capital, not live equity or intraday drawdown",0.2413793103448276,1324956.169871795,mean across entered windows; not equal-risk sizing or margin availability,29,252,0.0,0.0
ES,revert-12-1.5,gross_reference,f633acbb8b57ab059f8d09f13419b2442432f47087ba3dd06081603cf504354f,e1d17483e2b9bb9d,0.0,0,0.0,0.0,1,90761e0f3b59792feaff58da8495688f20cba575442992addb11855ad5bf9453,historical_final,ok,30,1200.0,1200.0,0.0,0.0,42,84,0.012,40.0,0.1008,0.03247792353647905,3.103646693631197,-0.0056179775280898875,"conditional complete-window sum on stated capital, not live equity or intraday drawdown",0.22708333333333333,2054121.0488505745,mean across entered windows; not equal-risk sizing or margin availability,30,252,0.0,0.0
ES,revert-12-1.5,gross_reference,f633acbb8b57ab059f8d09f13419b2442432f47087ba3dd06081603cf504354f,e1d17483e2b9bb9d,0.0,0,0.0,0.0,1,90761e0f3b59792feaff58da8495688f20cba575442992addb11855ad5bf9453,2020,ok,89,2437.5,2437.5,0.0,0.0,114,228,0.024375,27.3876404494382,0.06901685393258426,0.0368689751141848,1.8719493481670189,-0.015904086126743332,"conditional complete-window sum on stated capital, not live equity or intraday drawdown",0.21418539325842698,1362049.7916666667,mean across entered windows; not equal-risk sizing or margin availability,89,252,0.0,0.0
ES,revert-12-1.5,cost_stress,f633acbb8b57ab059f8d09f13419b2442432f47087ba3dd06081603cf504354f,81e01f5f1644f075,5.0,2,0.0,0.0,1,90761e0f3b59792feaff58da8495688f20cba575442992addb11855ad5bf9453,whole,ok,89,2437.5,-4402.5,1140.0,5700.0,114,228,-0.044025,-49.46629213483146,-0.12465505617977528,0.035301999629766885,-3.531104682089037,-0.048655665676411115,"conditional complete-window sum on stated capital, not live equity or intraday drawdown",0.21418539325842698,1362049.7916666667,mean across entered windows; not equal-risk sizing or margin availability,89,252,0.0,0.0
ES,revert-12-1.5,cost_stress,f633acbb8b57ab059f8d09f13419b2442432f47087ba3dd06081603cf504354f,81e01f5f1644f075,5.0,2,0.0,0.0,1,90761e0f3b59792feaff58da8495688f20cba575442992addb11855ad5bf9453,development,ok,30,1487.5,-552.5,340.0,1700.0,34,68,-0.005525,-18.416666666666668,-0.04641000000000001,0.03377065766261471,-1.3742699494827277,-0.010534987642609283,"conditional complete-window sum on stated capital, not live equity or intraday drawdown",0.175,597824.5,mean across entered windows; not equal-risk sizing or margin availability,30,252,0.0,0.0
ES,revert-12-1.5,cost_stress,f633acbb8b57ab059f8d09f13419b2442432f47087ba3dd06081603cf504354f,81e01f5f1644f075,5.0,2,0.0,0.0,1,90761e0f3b59792feaff58da8495688f20cba575442992addb11855ad5bf9453,validation,ok,29,-250.0,-2530.0,380.0,1900.0,38,76,-0.0253,-87.24137931034483,-0.21984827586206898,0.041117424886662646,-5.346839605545961,-0.027900366519560175,"conditional complete-window sum on stated capital, not live equity or intraday drawdown",0.2413793103448276,1324956.169871795,mean across entered windows; not equal-risk sizing or margin availability,29,252,0.0,0.0
ES,revert-12-1.5,cost_stress,f633acbb8b57ab059f8d09f13419b2442432f47087ba3dd06081603cf504354f,81e01f5f1644f075,5.0,2,0.0,0.0,1,90761e0f3b59792feaff58da8495688f20cba575442992addb11855ad5bf9453,historical_final,ok,30,1200.0,-1320.0,420.0,2100.0,42,84,-0.0132,-44.0,-0.11088,0.030773272101972993,-3.6031267533910074,-0.017113875980612602,"conditional complete-window sum on stated capital, not live equity or intraday drawdown",0.22708333333333333,2054121.0488505745,mean across entered windows; not equal-risk sizing or margin availability,30,252,0.0,0.0
ES,revert-12-1.5,cost_stress,f633acbb8b57ab059f8d09f13419b2442432f47087ba3dd06081603cf504354f,81e01f5f1644f075,5.0,2,0.0,0.0,1,90761e0f3b59792feaff58da8495688f20cba575442992addb11855ad5bf9453,2020,ok,89,2437.5,-4402.5,1140.0,5700.0,114,228,-0.044025,-49.46629213483146,-0.12465505617977528,0.035301999629766885,-3.531104682089037,-0.048655665676411115,"conditional complete-window sum on stated capital, not live equity or intraday drawdown",0.21418539325842698,1362049.7916666667,mean across entered windows; not equal-risk sizing or margin availability,89,252,0.0,0.0
ES,revert-12-1.5,delay_stress,f633acbb8b57ab059f8d09f13419b2442432f47087ba3dd06081603cf504354f,e63e9bf643429f5f,2.5,1,0.0,0.0,5,90761e0f3b59792feaff58da8495688f20cba575442992addb11855ad5bf9453,whole,ok,89,3162.5,-137.5,550.0,2750.0,110,220,-0.001375,-1.5449438202247192,-0.003893258426966292,0.03531229171614566,-0.1102522163744529,-0.016400346835129444,"conditional complete-window sum on stated capital, not live equity or intraday drawdown",0.20973782771535582,1371332.6388888888,mean across entered windows; not equal-risk sizing or margin availability,89,252,0.0,0.0
ES,revert-12-1.5,delay_stress,f633acbb8b57ab059f8d09f13419b2442432f47087ba3dd06081603cf504354f,e63e9bf643429f5f,2.5,1,0.0,0.0,5,90761e0f3b59792feaff58da8495688f20cba575442992addb11855ad5bf9453,development,ok,30,1712.5,722.5,165.0,825.0,33,66,0.007225,24.083333333333332,0.06069,0.036815702351784246,1.6484813849289146,-0.007071960297766749,"conditional complete-window sum on stated capital, not live equity or intraday drawdown",0.17152777777777778,592521.3541666666,mean across entered windows; not equal-risk sizing or margin availability,30,252,0.0,0.0
ES,revert-12-1.5,delay_stress,f633acbb8b57ab059f8d09f13419b2442432f47087ba3dd06081603cf504354f,e63e9bf643429f5f,2.5,1,0.0,0.0,5,90761e0f3b59792feaff58da8495688f20cba575442992addb11855ad5bf9453,validation,ok,29,125.0,-955.0,180.0,900.0,36,72,-0.00955,-32.93103448275862,-0.08298620689655171,0.038203511302785625,-2.1722141255246545,-0.01601956283062182,"conditional complete-window sum on stated capital, not live equity or intraday drawdown",0.2349137931034483,1326950.0,mean across entered windows; not equal-risk sizing or margin availability,29,252,0.0,0.0
ES,revert-12-1.5,delay_stress,f633acbb8b57ab059f8d09f13419b2442432f47087ba3dd06081603cf504354f,e63e9bf643429f5f,2.5,1,0.0,0.0,5,90761e0f3b59792feaff58da8495688f20cba575442992addb11855ad5bf9453,historical_final,ok,30,1325.0,95.0,205.0,1025.0,41,82,0.00095,3.1666666666666665,0.00798,0.031253333063630304,0.2553327667085331,-0.005630855092684872,"conditional complete-window sum on stated capital, not live equity or intraday drawdown",0.22361111111111112,2054127.011494253,mean across entered windows; not equal-risk sizing or margin availability,30,252,0.0,0.0
ES,revert-12-1.5,delay_stress,f633acbb8b57ab059f8d09f13419b2442432f47087ba3dd06081603cf504354f,e63e9bf643429f5f,2.5,1,0.0,0.0,5,90761e0f3b59792feaff58da8495688f20cba575442992addb11855ad5bf9453,2020,ok,89,3162.5,-137.5,550.0,2750.0,110,220,-0.001375,-1.5449438202247192,-0.003893258426966292,0.03531229171614566,-0.1102522163744529,-0.016400346835129444,"conditional complete-window sum on stated capital, not live equity or intraday drawdown",0.20973782771535582,1371332.6388888888,mean across entered windows; not equal-risk sizing or margin availability,89,252,0.0,0.0
ES,revert-12-1.5,combined_stress,f633acbb8b57ab059f8d09f13419b2442432f47087ba3dd06081603cf504354f,c7d1ede0d0e1106e,5.0,2,0.0,0.0,5,90761e0f3b59792feaff58da8495688f20cba575442992addb11855ad5bf9453,whole,ok,89,3162.5,-3437.5,1100.0,5500.0,110,220,-0.034375,-38.62359550561798,-0.09733146067415731,0.03456249338966333,-2.81610066660487,-0.03726321036889332,"conditional complete-window sum on stated capital, not live equity or intraday drawdown",0.20973782771535582,1371332.6388888888,mean across entered windows; not equal-risk sizing or margin availability,89,252,0.0,0.0
ES,revert-12-1.5,combined_stress,f633acbb8b57ab059f8d09f13419b2442432f47087ba3dd06081603cf504354f,c7d1ede0d0e1106e,5.0,2,0.0,0.0,5,90761e0f3b59792feaff58da8495688f20cba575442992addb11855ad5bf9453,development,ok,30,1712.5,-267.5,330.0,1650.0,33,66,-0.002675,-8.916666666666666,-0.022469999999999997,0.03670596129823582,-0.6121621449287574,-0.009770687936191427,"conditional complete-window sum on stated capital, not live equity or intraday drawdown",0.17152777777777778,592521.3541666666,mean across entered windows; not equal-risk sizing or margin availability,30,252,0.0,0.0
ES,revert-12-1.5,combined_stress,f633acbb8b57ab059f8d09f13419b2442432f47087ba3dd06081603cf504354f,c7d1ede0d0e1106e,5.0,2,0.0,0.0,5,90761e0f3b59792feaff58da8495688f20cba575442992addb11855ad5bf9453,validation,ok,29,125.0,-2035.0,360.0,1800.0,36,72,-0.02035,-70.17241379310344,-0.17683448275862068,0.03699650962101602,-4.779761241535312,-0.021621891540996703,"conditional complete-window sum on stated capital, not live equity or intraday drawdown",0.2349137931034483,1326950.0,mean across entered windows; not equal-risk sizing or margin availability,29,252,0.0,0.0
ES,revert-12-1.5,combined_stress,f633acbb8b57ab059f8d09f13419b2442432f47087ba3dd06081603cf504354f,c7d1ede0d0e1106e,5.0,2,0.0,0.0,5,90761e0f3b59792feaff58da8495688f20cba575442992addb11855ad5bf9453,historical_final,ok,30,1325.0,-1135.0,410.0,2050.0,41,82,-0.01135,-37.833333333333336,-0.09534,0.03013161130772797,-3.1641188725791043,-0.01135,"conditional complete-window sum on stated capital, not live equity or intraday drawdown",0.22361111111111112,2054127.011494253,mean across entered windows; not equal-risk sizing or margin availability,30,252,0.0,0.0
ES,revert-12-1.5,combined_stress,f633acbb8b57ab059f8d09f13419b2442432f47087ba3dd06081603cf504354f,c7d1ede0d0e1106e,5.0,2,0.0,0.0,5,90761e0f3b59792feaff58da8495688f20cba575442992addb11855ad5bf9453,2020,ok,89,3162.5,-3437.5,1100.0,5500.0,110,220,-0.034375,-38.62359550561798,-0.09733146067415731,0.03456249338966333,-2.81610066660487,-0.03726321036889332,"conditional complete-window sum on stated capital, not live equity or intraday drawdown",0.20973782771535582,1371332.6388888888,mean across entered windows; not equal-risk sizing or margin availability,89,252,0.0,0.0
ES,flat,base,f633acbb8b57ab059f8d09f13419b2442432f47087ba3dd06081603cf504354f,e8b3e9ad6872db10,2.5,1,0.0,0.0,1,90761e0f3b59792feaff58da8495688f20cba575442992addb11855ad5bf9453,whole,ok,89,0.0,0.0,0.0,0.0,0,0,0.0,0.0,0.0,0.0,,0.0,"conditional complete-window sum on stated capital, not live equity or intraday drawdown",0.0,0.0,mean across entered windows; not equal-risk sizing or margin availability,89,252,0.0,0.0
ES,flat,base,f633acbb8b57ab059f8d09f13419b2442432f47087ba3dd06081603cf504354f,e8b3e9ad6872db10,2.5,1,0.0,0.0,1,90761e0f3b59792feaff58da8495688f20cba575442992addb11855ad5bf9453,development,ok,30,0.0,0.0,0.0,0.0,0,0,0.0,0.0,0.0,0.0,,0.0,"conditional complete-window sum on stated capital, not live equity or intraday drawdown",0.0,0.0,mean across entered windows; not equal-risk sizing or margin availability,30,252,0.0,0.0
ES,flat,base,f633acbb8b57ab059f8d09f13419b2442432f47087ba3dd06081603cf504354f,e8b3e9ad6872db10,2.5,1,0.0,0.0,1,90761e0f3b59792feaff58da8495688f20cba575442992addb11855ad5bf9453,validation,ok,29,0.0,0.0,0.0,0.0,0,0,0.0,0.0,0.0,0.0,,0.0,"conditional complete-window sum on stated capital, not live equity or intraday drawdown",0.0,0.0,mean across entered windows; not equal-risk sizing or margin availability,29,252,0.0,0.0
ES,flat,base,f633acbb8b57ab059f8d09f13419b2442432f47087ba3dd06081603cf504354f,e8b3e9ad6872db10,2.5,1,0.0,0.0,1,90761e0f3b59792feaff58da8495688f20cba575442992addb11855ad5bf9453,historical_final,ok,30,0.0,0.0,0.0,0.0,0,0,0.0,0.0,0.0,0.0,,0.0,"conditional complete-window sum on stated capital, not live equity or intraday drawdown",0.0,0.0,mean across entered windows; not equal-risk sizing or margin availability,30,252,0.0,0.0
ES,flat,base,f633acbb8b57ab059f8d09f13419b2442432f47087ba3dd06081603cf504354f,e8b3e9ad6872db10,2.5,1,0.0,0.0,1,90761e0f3b59792feaff58da8495688f20cba575442992addb11855ad5bf9453,2020,ok,89,0.0,0.0,0.0,0.0,0,0,0.0,0.0,0.0,0.0,,0.0,"conditional complete-window sum on stated capital, not live equity or intraday drawdown",0.0,0.0,mean across entered windows; not equal-risk sizing or margin availability,89,252,0.0,0.0
ES,flat,gross_reference,f633acbb8b57ab059f8d09f13419b2442432f47087ba3dd06081603cf504354f,94babcb3739ff37f,0.0,0,0.0,0.0,1,90761e0f3b59792feaff58da8495688f20cba575442992addb11855ad5bf9453,whole,ok,89,0.0,0.0,0.0,0.0,0,0,0.0,0.0,0.0,0.0,,0.0,"conditional complete-window sum on stated capital, not live equity or intraday drawdown",0.0,0.0,mean across entered windows; not equal-risk sizing or margin availability,89,252,0.0,0.0
ES,flat,gross_reference,f633acbb8b57ab059f8d09f13419b2442432f47087ba3dd06081603cf504354f,94babcb3739ff37f,0.0,0,0.0,0.0,1,90761e0f3b59792feaff58da8495688f20cba575442992addb11855ad5bf9453,development,ok,30,0.0,0.0,0.0,0.0,0,0,0.0,0.0,0.0,0.0,,0.0,"conditional complete-window sum on stated capital, not live equity or intraday drawdown",0.0,0.0,mean across entered windows; not equal-risk sizing or margin availability,30,252,0.0,0.0
ES,flat,gross_reference,f633acbb8b57ab059f8d09f13419b2442432f47087ba3dd06081603cf504354f,94babcb3739ff37f,0.0,0,0.0,0.0,1,90761e0f3b59792feaff58da8495688f20cba575442992addb11855ad5bf9453,validation,ok,29,0.0,0.0,0.0,0.0,0,0,0.0,0.0,0.0,0.0,,0.0,"conditional complete-window sum on stated capital, not live equity or intraday drawdown",0.0,0.0,mean across entered windows; not equal-risk sizing or margin availability,29,252,0.0,0.0
ES,flat,gross_reference,f633acbb8b57ab059f8d09f13419b2442432f47087ba3dd06081603cf504354f,94babcb3739ff37f,0.0,0,0.0,0.0,1,90761e0f3b59792feaff58da8495688f20cba575442992addb11855ad5bf9453,historical_final,ok,30,0.0,0.0,0.0,0.0,0,0,0.0,0.0,0.0,0.0,,0.0,"conditional complete-window sum on stated capital, not live equity or intraday drawdown",0.0,0.0,mean across entered windows; not equal-risk sizing or margin availability,30,252,0.0,0.0
ES,flat,gross_reference,f633acbb8b57ab059f8d09f13419b2442432f47087ba3dd06081603cf504354f,94babcb3739ff37f,0.0,0,0.0,0.0,1,90761e0f3b59792feaff58da8495688f20cba575442992addb11855ad5bf9453,2020,ok,89,0.0,0.0,0.0,0.0,0,0,0.0,0.0,0.0,0.0,,0.0,"conditional complete-window sum on stated capital, not live equity or intraday drawdown",0.0,0.0,mean across entered windows; not equal-risk sizing or margin availability,89,252,0.0,0.0
ES,flat,cost_stress,f633acbb8b57ab059f8d09f13419b2442432f47087ba3dd06081603cf504354f,0f487a3558d77a0c,5.0,2,0.0,0.0,1,90761e0f3b59792feaff58da8495688f20cba575442992addb11855ad5bf9453,whole,ok,89,0.0,0.0,0.0,0.0,0,0,0.0,0.0,0.0,0.0,,0.0,"conditional complete-window sum on stated capital, not live equity or intraday drawdown",0.0,0.0,mean across entered windows; not equal-risk sizing or margin availability,89,252,0.0,0.0
ES,flat,cost_stress,f633acbb8b57ab059f8d09f13419b2442432f47087ba3dd06081603cf504354f,0f487a3558d77a0c,5.0,2,0.0,0.0,1,90761e0f3b59792feaff58da8495688f20cba575442992addb11855ad5bf9453,development,ok,30,0.0,0.0,0.0,0.0,0,0,0.0,0.0,0.0,0.0,,0.0,"conditional complete-window sum on stated capital, not live equity or intraday drawdown",0.0,0.0,mean across entered windows; not equal-risk sizing or margin availability,30,252,0.0,0.0
ES,flat,cost_stress,f633acbb8b57ab059f8d09f13419b2442432f47087ba3dd06081603cf504354f,0f487a3558d77a0c,5.0,2,0.0,0.0,1,90761e0f3b59792feaff58da8495688f20cba575442992addb11855ad5bf9453,validation,ok,29,0.0,0.0,0.0,0.0,0,0,0.0,0.0,0.0,0.0,,0.0,"conditional complete-window sum on stated capital, not live equity or intraday drawdown",0.0,0.0,mean across entered windows; not equal-risk sizing or margin availability,29,252,0.0,0.0
ES,flat,cost_stress,f633acbb8b57ab059f8d09f13419b2442432f47087ba3dd06081603cf504354f,0f487a3558d77a0c,5.0,2,0.0,0.0,1,90761e0f3b59792feaff58da8495688f20cba575442992addb11855ad5bf9453,historical_final,ok,30,0.0,0.0,0.0,0.0,0,0,0.0,0.0,0.0,0.0,,0.0,"conditional complete-window sum on stated capital, not live equity or intraday drawdown",0.0,0.0,mean across entered windows; not equal-risk sizing or margin availability,30,252,0.0,0.0
ES,flat,cost_stress,f633acbb8b57ab059f8d09f13419b2442432f47087ba3dd06081603cf504354f,0f487a3558d77a0c,5.0,2,0.0,0.0,1,90761e0f3b59792feaff58da8495688f20cba575442992addb11855ad5bf9453,2020,ok,89,0.0,0.0,0.0,0.0,0,0,0.0,0.0,0.0,0.0,,0.0,"conditional complete-window sum on stated capital, not live equity or intraday drawdown",0.0,0.0,mean across entered windows; not equal-risk sizing or margin availability,89,252,0.0,0.0
ES,flat,delay_stress,f633acbb8b57ab059f8d09f13419b2442432f47087ba3dd06081603cf504354f,7b46a9c014248e3c,2.5,1,0.0,0.0,5,90761e0f3b59792feaff58da8495688f20cba575442992addb11855ad5bf9453,whole,ok,89,0.0,0.0,0.0,0.0,0,0,0.0,0.0,0.0,0.0,,0.0,"conditional complete-window sum on stated capital, not live equity or intraday drawdown",0.0,0.0,mean across entered windows; not equal-risk sizing or margin availability,89,252,0.0,0.0
ES,flat,delay_stress,f633acbb8b57ab059f8d09f13419b2442432f47087ba3dd06081603cf504354f,7b46a9c014248e3c,2.5,1,0.0,0.0,5,90761e0f3b59792feaff58da8495688f20cba575442992addb11855ad5bf9453,development,ok,30,0.0,0.0,0.0,0.0,0,0,0.0,0.0,0.0,0.0,,0.0,"conditional complete-window sum on stated capital, not live equity or intraday drawdown",0.0,0.0,mean across entered windows; not equal-risk sizing or margin availability,30,252,0.0,0.0
ES,flat,delay_stress,f633acbb8b57ab059f8d09f13419b2442432f47087ba3dd06081603cf504354f,7b46a9c014248e3c,2.5,1,0.0,0.0,5,90761e0f3b59792feaff58da8495688f20cba575442992addb11855ad5bf9453,validation,ok,29,0.0,0.0,0.0,0.0,0,0,0.0,0.0,0.0,0.0,,0.0,"conditional complete-window sum on stated capital, not live equity or intraday drawdown",0.0,0.0,mean across entered windows; not equal-risk sizing or margin availability,29,252,0.0,0.0
ES,flat,delay_stress,f633acbb8b57ab059f8d09f13419b2442432f47087ba3dd06081603cf504354f,7b46a9c014248e3c,2.5,1,0.0,0.0,5,90761e0f3b59792feaff58da8495688f20cba575442992addb11855ad5bf9453,historical_final,ok,30,0.0,0.0,0.0,0.0,0,0,0.0,0.0,0.0,0.0,,0.0,"conditional complete-window sum on stated capital, not live equity or intraday drawdown",0.0,0.0,mean across entered windows; not equal-risk sizing or margin availability,30,252,0.0,0.0
ES,flat,delay_stress,f633acbb8b57ab059f8d09f13419b2442432f47087ba3dd06081603cf504354f,7b46a9c014248e3c,2.5,1,0.0,0.0,5,90761e0f3b59792feaff58da8495688f20cba575442992addb11855ad5bf9453,2020,ok,89,0.0,0.0,0.0,0.0,0,0,0.0,0.0,0.0,0.0,,0.0,"conditional complete-window sum on stated capital, not live equity or intraday drawdown",0.0,0.0,mean across entered windows; not equal-risk sizing or margin availability,89,252,0.0,0.0
ES,flat,combined_stress,f633acbb8b57ab059f8d09f13419b2442432f47087ba3dd06081603cf504354f,7fca6a1e69ef9b5f,5.0,2,0.0,0.0,5,90761e0f3b59792feaff58da8495688f20cba575442992addb11855ad5bf9453,whole,ok,89,0.0,0.0,0.0,0.0,0,0,0.0,0.0,0.0,0.0,,0.0,"conditional complete-window sum on stated capital, not live equity or intraday drawdown",0.0,0.0,mean across entered windows; not equal-risk sizing or margin availability,89,252,0.0,0.0
ES,flat,combined_stress,f633acbb8b57ab059f8d09f13419b2442432f47087ba3dd06081603cf504354f,7fca6a1e69ef9b5f,5.0,2,0.0,0.0,5,90761e0f3b59792feaff58da8495688f20cba575442992addb11855ad5bf9453,development,ok,30,0.0,0.0,0.0,0.0,0,0,0.0,0.0,0.0,0.0,,0.0,"conditional complete-window sum on stated capital, not live equity or intraday drawdown",0.0,0.0,mean across entered windows; not equal-risk sizing or margin availability,30,252,0.0,0.0
ES,flat,combined_stress,f633acbb8b57ab059f8d09f13419b2442432f47087ba3dd06081603cf504354f,7fca6a1e69ef9b5f,5.0,2,0.0,0.0,5,90761e0f3b59792feaff58da8495688f20cba575442992addb11855ad5bf9453,validation,ok,29,0.0,0.0,0.0,0.0,0,0,0.0,0.0,0.0,0.0,,0.0,"conditional complete-window sum on stated capital, not live equity or intraday drawdown",0.0,0.0,mean across entered windows; not equal-risk sizing or margin availability,29,252,0.0,0.0
ES,flat,combined_stress,f633acbb8b57ab059f8d09f13419b2442432f47087ba3dd06081603cf504354f,7fca6a1e69ef9b5f,5.0,2,0.0,0.0,5,90761e0f3b59792feaff58da8495688f20cba575442992addb11855ad5bf9453,historical_final,ok,30,0.0,0.0,0.0,0.0,0,0,0.0,0.0,0.0,0.0,,0.0,"conditional complete-window sum on stated capital, not live equity or intraday drawdown",0.0,0.0,mean across entered windows; not equal-risk sizing or margin availability,30,252,0.0,0.0
ES,flat,combined_stress,f633acbb8b57ab059f8d09f13419b2442432f47087ba3dd06081603cf504354f,7fca6a1e69ef9b5f,5.0,2,0.0,0.0,5,90761e0f3b59792feaff58da8495688f20cba575442992addb11855ad5bf9453,2020,ok,89,0.0,0.0,0.0,0.0,0,0,0.0,0.0,0.0,0.0,,0.0,"conditional complete-window sum on stated capital, not live equity or intraday drawdown",0.0,0.0,mean across entered windows; not equal-risk sizing or margin availability,89,252,0.0,0.0
ES,intraday_long,base,f633acbb8b57ab059f8d09f13419b2442432f47087ba3dd06081603cf504354f,05e6fc53248e4144,2.5,1,0.0,0.0,1,90761e0f3b59792feaff58da8495688f20cba575442992addb11855ad5bf9453,whole,ok,89,2675.0,5.0,445.0,2225.0,89,178,5e-05,0.056179775280898875,0.00014157303370786517,0.06664909064043664,0.0021241555188147073,-0.04571290944123314,"conditional complete-window sum on stated capital, not live equity or intraday drawdown",0.7083333333333334,1316537.9213483145,mean across entered windows; not equal-risk sizing or margin availability,89,252,0.0,0.0
ES,intraday_long,base,f633acbb8b57ab059f8d09f13419b2442432f47087ba3dd06081603cf504354f,05e6fc53248e4144,2.5,1,0.0,0.0,1,90761e0f3b59792feaff58da8495688f20cba575442992addb11855ad5bf9453,development,ok,30,4700.0,3800.0,150.0,750.0,30,60,0.038,126.66666666666667,0.31920000000000004,0.07444114198942446,4.28795141328363,-0.011071667949258993,"conditional complete-window sum on stated capital, not live equity or intraday drawdown",0.7083333333333334,562471.25,mean across entered windows; not equal-risk sizing or margin availability,30,252,0.0,0.0
ES,intraday_long,base,f633acbb8b57ab059f8d09f13419b2442432f47087ba3dd06081603cf504354f,05e6fc53248e4144,2.5,1,0.0,0.0,1,90761e0f3b59792feaff58da8495688f20cba575442992addb11855ad5bf9453,validation,ok,29,-750.0,-1620.0,145.0,725.0,29,58,-0.0162,-55.86206896551724,-0.14077241379310346,0.0716179925259587,-1.9656012243303107,-0.027225,"conditional complete-window sum on stated capital, not live equity or intraday drawdown",0.7083333333333334,1325015.948275862,mean across entered windows; not equal-risk sizing or margin availability,29,252,0.0,0.0
ES,intraday_long,base,f633acbb8b57ab059f8d09f13419b2442432f47087ba3dd06081603cf504354f,05e6fc53248e4144,2.5,1,0.0,0.0,1,90761e0f3b59792feaff58da8495688f20cba575442992addb11855ad5bf9453,historical_final,ok,30,-1275.0,-2175.0,150.0,750.0,30,60,-0.02175,-72.5,-0.18269999999999997,0.04849536949100363,-3.7673699967146903,-0.03301474808474534,"conditional complete-window sum on stated capital, not live equity or intraday drawdown",0.7083333333333334,2062409.1666666667,mean across entered windows; not equal-risk sizing or margin availability,30,252,0.0,0.0
ES,intraday_long,base,f633acbb8b57ab059f8d09f13419b2442432f47087ba3dd06081603cf504354f,05e6fc53248e4144,2.5,1,0.0,0.0,1,90761e0f3b59792feaff58da8495688f20cba575442992addb11855ad5bf9453,2020,ok,89,2675.0,5.0,445.0,2225.0,89,178,5e-05,0.056179775280898875,0.00014157303370786517,0.06664909064043664,0.0021241555188147073,-0.04571290944123314,"conditional complete-window sum on stated capital, not live equity or intraday drawdown",0.7083333333333334,1316537.9213483145,mean across entered windows; not equal-risk sizing or margin availability,89,252,0.0,0.0
ES,intraday_long,gross_reference,f633acbb8b57ab059f8d09f13419b2442432f47087ba3dd06081603cf504354f,81354602e0f6ae24,0.0,0,0.0,0.0,1,90761e0f3b59792feaff58da8495688f20cba575442992addb11855ad5bf9453,whole,ok,89,2675.0,2675.0,0.0,0.0,89,178,0.02675,30.0561797752809,0.07574157303370786,0.06664909064043664,1.1364232025658687,-0.03127984718242598,"conditional complete-window sum on stated capital, not live equity or intraday drawdown",0.7083333333333334,1316537.9213483145,mean across entered windows; not equal-risk sizing or margin availability,89,252,0.0,0.0
ES,intraday_long,gross_reference,f633acbb8b57ab059f8d09f13419b2442432f47087ba3dd06081603cf504354f,81354602e0f6ae24,0.0,0,0.0,0.0,1,90761e0f3b59792feaff58da8495688f20cba575442992addb11855ad5bf9453,development,ok,30,4700.0,4700.0,0.0,0.0,30,60,0.047,156.66666666666666,0.3948,0.07444114198942446,5.303518853271858,-0.010174959672415933,"conditional complete-window sum on stated capital, not live equity or intraday drawdown",0.7083333333333334,562471.25,mean across entered windows; not equal-risk sizing or margin availability,30,252,0.0,0.0
ES,intraday_long,gross_reference,f633acbb8b57ab059f8d09f13419b2442432f47087ba3dd06081603cf504354f,81354602e0f6ae24,0.0,0,0.0,0.0,1,90761e0f3b59792feaff58da8495688f20cba575442992addb11855ad5bf9453,validation,ok,29,-750.0,-750.0,0.0,0.0,29,58,-0.0075,-25.862068965517242,-0.06517241379310346,0.0716179925259587,-0.9100005668195883,-0.02475,"conditional complete-window sum on stated capital, not live equity or intraday drawdown",0.7083333333333334,1325015.948275862,mean across entered windows; not equal-risk sizing or margin availability,29,252,0.0,0.0
ES,intraday_long,gross_reference,f633acbb8b57ab059f8d09f13419b2442432f47087ba3dd06081603cf504354f,81354602e0f6ae24,0.0,0,0.0,0.0,1,90761e0f3b59792feaff58da8495688f20cba575442992addb11855ad5bf9453,historical_final,ok,30,-1275.0,-1275.0,0.0,0.0,30,60,-0.01275,-42.5,-0.1071,0.04849536949100363,-2.2084582739361975,-0.027316951478109017,"conditional complete-window sum on stated capital, not live equity or intraday drawdown",0.7083333333333334,2062409.1666666667,mean across entered windows; not equal-risk sizing or margin availability,30,252,0.0,0.0
ES,intraday_long,gross_reference,f633acbb8b57ab059f8d09f13419b2442432f47087ba3dd06081603cf504354f,81354602e0f6ae24,0.0,0,0.0,0.0,1,90761e0f3b59792feaff58da8495688f20cba575442992addb11855ad5bf9453,2020,ok,89,2675.0,2675.0,0.0,0.0,89,178,0.02675,30.0561797752809,0.07574157303370786,0.06664909064043664,1.1364232025658687,-0.03127984718242598,"conditional complete-window sum on stated capital, not live equity or intraday drawdown",0.7083333333333334,1316537.9213483145,mean across entered windows; not equal-risk sizing or margin availability,89,252,0.0,0.0
ES,intraday_long,cost_stress,f633acbb8b57ab059f8d09f13419b2442432f47087ba3dd06081603cf504354f,7066d7557f504730,5.0,2,0.0,0.0,1,90761e0f3b59792feaff58da8495688f20cba575442992addb11855ad5bf9453,whole,ok,89,2675.0,-2665.0,890.0,4450.0,89,178,-0.02665,-29.9438202247191,-0.07545842696629214,0.06664909064043664,-1.1321748915282392,-0.060398445092322645,"conditional complete-window sum on stated capital, not live equity or intraday drawdown",0.7083333333333334,1316537.9213483145,mean across entered windows; not equal-risk sizing or margin availability,89,252,0.0,0.0
ES,intraday_long,cost_stress,f633acbb8b57ab059f8d09f13419b2442432f47087ba3dd06081603cf504354f,7066d7557f504730,5.0,2,0.0,0.0,1,90761e0f3b59792feaff58da8495688f20cba575442992addb11855ad5bf9453,development,ok,30,4700.0,2900.0,300.0,1500.0,30,60,0.029,96.66666666666667,0.2436,0.07444114198942446,3.272383973295402,-0.011968910630478509,"conditional complete-window sum on stated capital, not live equity or intraday drawdown",0.7083333333333334,562471.25,mean across entered windows; not equal-risk sizing or margin availability,30,252,0.0,0.0
ES,intraday_long,cost_stress,f633acbb8b57ab059f8d09f13419b2442432f47087ba3dd06081603cf504354f,7066d7557f504730,5.0,2,0.0,0.0,1,90761e0f3b59792feaff58da8495688f20cba575442992addb11855ad5bf9453,validation,ok,29,-750.0,-2490.0,290.0,1450.0,29,58,-0.0249,-85.86206896551724,-0.21637241379310346,0.0716179925259587,-3.021201881841033,-0.032325,"conditional complete-window sum on stated capital, not live equity or intraday drawdown",0.7083333333333334,1325015.948275862,mean across entered windows; not equal-risk sizing or margin availability,29,252,0.0,0.0
ES,intraday_long,cost_stress,f633acbb8b57ab059f8d09f13419b2442432f47087ba3dd06081603cf504354f,7066d7557f504730,5.0,2,0.0,0.0,1,90761e0f3b59792feaff58da8495688f20cba575442992addb11855ad5bf9453,historical_final,ok,30,-1275.0,-3075.0,300.0,1500.0,30,60,-0.03075,-102.5,-0.25830000000000003,0.04849536949100363,-5.326281719493183,-0.038715958163800204,"conditional complete-window sum on stated capital, not live equity or intraday drawdown",0.7083333333333334,2062409.1666666667,mean across entered windows; not equal-risk sizing or margin availability,30,252,0.0,0.0
ES,intraday_long,cost_stress,f633acbb8b57ab059f8d09f13419b2442432f47087ba3dd06081603cf504354f,7066d7557f504730,5.0,2,0.0,0.0,1,90761e0f3b59792feaff58da8495688f20cba575442992addb11855ad5bf9453,2020,ok,89,2675.0,-2665.0,890.0,4450.0,89,178,-0.02665,-29.9438202247191,-0.07545842696629214,0.06664909064043664,-1.1321748915282392,-0.060398445092322645,"conditional complete-window sum on stated capital, not live equity or intraday drawdown",0.7083333333333334,1316537.9213483145,mean across entered windows; not equal-risk sizing or margin availability,89,252,0.0,0.0
ES,intraday_long,delay_stress,f633acbb8b57ab059f8d09f13419b2442432f47087ba3dd06081603cf504354f,9850d38f26a20d4b,2.5,1,0.0,0.0,5,90761e0f3b59792feaff58da8495688f20cba575442992addb11855ad5bf9453,whole,ok,89,3312.5,642.5,445.0,2225.0,89,178,0.006425,7.219101123595506,0.018192134831460673,0.06771026367694359,0.2686761776362035,-0.04300894316761227,"conditional complete-window sum on stated capital, not live equity or intraday drawdown",0.7083333333333334,1316533.426966292,mean across entered windows; not equal-risk sizing or margin availability,89,252,0.0,0.0
ES,intraday_long,delay_stress,f633acbb8b57ab059f8d09f13419b2442432f47087ba3dd06081603cf504354f,9850d38f26a20d4b,2.5,1,0.0,0.0,5,90761e0f3b59792feaff58da8495688f20cba575442992addb11855ad5bf9453,development,ok,30,4812.5,3912.5,150.0,750.0,30,60,0.039125,130.41666666666666,0.32865,0.0751389015481466,4.373899447936587,-0.011199960266216351,"conditional complete-window sum on stated capital, not live equity or intraday drawdown",0.7083333333333334,562463.3333333334,mean across entered windows; not equal-risk sizing or margin availability,30,252,0.0,0.0
ES,intraday_long,delay_stress,f633acbb8b57ab059f8d09f13419b2442432f47087ba3dd06081603cf504354f,9850d38f26a20d4b,2.5,1,0.0,0.0,5,90761e0f3b59792feaff58da8495688f20cba575442992addb11855ad5bf9453,validation,ok,29,-75.0,-945.0,145.0,725.0,29,58,-0.00945,-32.58620689655172,-0.08211724137931034,0.07142225095188812,-1.149743116254158,-0.024231220803876994,"conditional complete-window sum on stated capital, not live equity or intraday drawdown",0.7083333333333334,1325009.051724138,mean across entered windows; not equal-risk sizing or margin availability,29,252,0.0,0.0
ES,intraday_long,delay_stress,f633acbb8b57ab059f8d09f13419b2442432f47087ba3dd06081603cf504354f,9850d38f26a20d4b,2.5,1,0.0,0.0,5,90761e0f3b59792feaff58da8495688f20cba575442992addb11855ad5bf9453,historical_final,ok,30,-1425.0,-2325.0,150.0,750.0,30,60,-0.02325,-77.5,-0.1953,0.05213771551679595,-3.7458488171980786,-0.034934279574191617,"conditional complete-window sum on stated capital, not live equity or intraday drawdown",0.7083333333333334,2062410.4166666667,mean across entered windows; not equal-risk sizing or margin availability,30,252,0.0,0.0
ES,intraday_long,delay_stress,f633acbb8b57ab059f8d09f13419b2442432f47087ba3dd06081603cf504354f,9850d38f26a20d4b,2.5,1,0.0,0.0,5,90761e0f3b59792feaff58da8495688f20cba575442992addb11855ad5bf9453,2020,ok,89,3312.5,642.5,445.0,2225.0,89,178,0.006425,7.219101123595506,0.018192134831460673,0.06771026367694359,0.2686761776362035,-0.04300894316761227,"conditional complete-window sum on stated capital, not live equity or intraday drawdown",0.7083333333333334,1316533.426966292,mean across entered windows; not equal-risk sizing or margin availability,89,252,0.0,0.0
ES,intraday_long,combined_stress,f633acbb8b57ab059f8d09f13419b2442432f47087ba3dd06081603cf504354f,3b75432ae6556559,5.0,2,0.0,0.0,5,90761e0f3b59792feaff58da8495688f20cba575442992addb11855ad5bf9453,whole,ok,89,3312.5,-2027.5,890.0,4450.0,89,178,-0.020275,-22.780898876404493,-0.057407865168539324,0.06771026367694359,-0.84784583682086,-0.057095020867708436,"conditional complete-window sum on stated capital, not live equity or intraday drawdown",0.7083333333333334,1316533.426966292,mean across entered windows; not equal-risk sizing or margin availability,89,252,0.0,0.0
ES,intraday_long,combined_stress,f633acbb8b57ab059f8d09f13419b2442432f47087ba3dd06081603cf504354f,3b75432ae6556559,5.0,2,0.0,0.0,5,90761e0f3b59792feaff58da8495688f20cba575442992addb11855ad5bf9453,development,ok,30,4812.5,3012.5,300.0,1500.0,30,60,0.030125,100.41666666666667,0.25305,0.0751389015481466,3.3677628337147527,-0.012097575516693163,"conditional complete-window sum on stated capital, not live equity or intraday drawdown",0.7083333333333334,562463.3333333334,mean across entered windows; not equal-risk sizing or margin availability,30,252,0.0,0.0
ES,intraday_long,combined_stress,f633acbb8b57ab059f8d09f13419b2442432f47087ba3dd06081603cf504354f,3b75432ae6556559,5.0,2,0.0,0.0,5,90761e0f3b59792feaff58da8495688f20cba575442992addb11855ad5bf9453,validation,ok,29,-75.0,-1815.0,290.0,1450.0,29,58,-0.01815,-62.58620689655172,-0.15771724137931034,0.07142225095188812,-2.208236778837351,-0.026120428924938134,"conditional complete-window sum on stated capital, not live equity or intraday drawdown",0.7083333333333334,1325009.051724138,mean across entered windows; not equal-risk sizing or margin availability,29,252,0.0,0.0
ES,intraday_long,combined_stress,f633acbb8b57ab059f8d09f13419b2442432f47087ba3dd06081603cf504354f,3b75432ae6556559,5.0,2,0.0,0.0,5,90761e0f3b59792feaff58da8495688f20cba575442992addb11855ad5bf9453,historical_final,ok,30,-1425.0,-3225.0,300.0,1500.0,30,60,-0.03225,-107.5,-0.2709,0.05213771551679595,-5.195854810952174,-0.04064390341448783,"conditional complete-window sum on stated capital, not live equity or intraday drawdown",0.7083333333333334,2062410.4166666667,mean across entered windows; not equal-risk sizing or margin availability,30,252,0.0,0.0
ES,intraday_long,combined_stress,f633acbb8b57ab059f8d09f13419b2442432f47087ba3dd06081603cf504354f,3b75432ae6556559,5.0,2,0.0,0.0,5,90761e0f3b59792feaff58da8495688f20cba575442992addb11855ad5bf9453,2020,ok,89,3312.5,-2027.5,890.0,4450.0,89,178,-0.020275,-22.780898876404493,-0.057407865168539324,0.06771026367694359,-0.84784583682086,-0.057095020867708436,"conditional complete-window sum on stated capital, not live equity or intraday drawdown",0.7083333333333334,1316533.426966292,mean across entered windows; not equal-risk sizing or margin availability,89,252,0.0,0.0
