market,config_id,scenario,execution_sha256,run_id,commission_per_side,slippage_ticks_per_side,fee_bps,slippage_bps,delay_minutes,mask_sha256,sample,period,status,days,gross_pnl_usd,net_pnl_usd,commission_usd,slippage_usd,entry_trades,fills,account_return,mean_session_pnl_usd,annual_mean_return,volatility,sharpe,max_drawdown,drawdown_scope,exposure,mean_entry_notional_usd,notional_note,terminal_flat_windows,periods_per_year,maximum_window_reconciliation_error_usd,reconciliation_error_usd
YM,mom-3,base,84650db70559423ed6d3a99343cb21b9906380b1caa22c206bd1824738b9e5a1,b38a990d895d3da9,2.5,1,0.0,0.0,1,b8602e632fb6940db0d5eba01c45a618c5ff287df0d70740384aee615a551e4a,common complete dates,whole,ok,1901,3865.0,-123485.0,42450.0,84900.0,8490,16980,-1.23485,-64.95791688584956,-0.1636939505523409,0.046447875228500364,-3.5242505657588934,-1.26,"conditional complete-window sum on stated capital, not live equity or intraday drawdown",0.3326648255304226,164552.6112822825,mean across entered windows; not equal-risk sizing or margin availability,1901,252,0.0,0.0
YM,mom-3,base,84650db70559423ed6d3a99343cb21b9906380b1caa22c206bd1824738b9e5a1,b38a990d895d3da9,2.5,1,0.0,0.0,1,b8602e632fb6940db0d5eba01c45a618c5ff287df0d70740384aee615a551e4a,common complete dates,development,ok,970,1185.0,-64380.0,21855.0,43710.0,4371,8742,-0.6438,-66.37113402061856,-0.16725525773195876,0.04026652619943043,-4.153704665348674,-0.65615,"conditional complete-window sum on stated capital, not live equity or intraday drawdown",0.3328393470790378,137557.0238627066,mean across entered windows; not equal-risk sizing or margin availability,970,252,0.0,0.0
YM,mom-3,base,84650db70559423ed6d3a99343cb21b9906380b1caa22c206bd1824738b9e5a1,b38a990d895d3da9,2.5,1,0.0,0.0,1,b8602e632fb6940db0d5eba01c45a618c5ff287df0d70740384aee615a551e4a,common complete dates,validation,ok,467,-1305.0,-32760.0,10485.0,20970.0,2097,4194,-0.3276,-70.14989293361884,-0.1767777301927195,0.04367467459334384,-4.047602685966227,-0.3334324659231722,"conditional complete-window sum on stated capital, not live equity or intraday drawdown",0.33244111349036404,167568.87566279186,mean across entered windows; not equal-risk sizing or margin availability,467,252,0.0,0.0
YM,mom-3,base,84650db70559423ed6d3a99343cb21b9906380b1caa22c206bd1824738b9e5a1,b38a990d895d3da9,2.5,1,0.0,0.0,1,b8602e632fb6940db0d5eba01c45a618c5ff287df0d70740384aee615a551e4a,common complete dates,historical_final,ok,464,3985.0,-26345.0,10110.0,20220.0,2022,4044,-0.26345,-56.77801724137931,-0.14308060344827586,0.05947769360662543,-2.405617884153087,-0.2886,"conditional complete-window sum on stated capital, not live equity or intraday drawdown",0.33252514367816094,217951.58613420223,mean across entered windows; not equal-risk sizing or margin availability,464,252,0.0,0.0
YM,mom-3,base,84650db70559423ed6d3a99343cb21b9906380b1caa22c206bd1824738b9e5a1,b38a990d895d3da9,2.5,1,0.0,0.0,1,b8602e632fb6940db0d5eba01c45a618c5ff287df0d70740384aee615a551e4a,common complete dates,2016,ok,27,75.0,-1635.0,570.0,1140.0,114,228,-0.01635,-60.55555555555556,-0.1526,0.015479341071247188,-9.858300769885734,-0.01635,"conditional complete-window sum on stated capital, not live equity or intraday drawdown",0.30324074074074076,92030.45370370372,mean across entered windows; not equal-risk sizing or margin availability,27,252,0.0,0.0
YM,mom-3,base,84650db70559423ed6d3a99343cb21b9906380b1caa22c206bd1824738b9e5a1,b38a990d895d3da9,2.5,1,0.0,0.0,1,b8602e632fb6940db0d5eba01c45a618c5ff287df0d70740384aee615a551e4a,common complete dates,2017,ok,49,545.0,-2905.0,1150.0,2300.0,230,460,-0.02905,-59.285714285714285,-0.14939999999999998,0.01763398707042738,-8.472275691442883,-0.02905,"conditional complete-window sum on stated capital, not live equity or intraday drawdown",0.33418367346938777,110869.9835600907,mean across entered windows; not equal-risk sizing or margin availability,49,252,0.0,0.0
YM,mom-3,base,84650db70559423ed6d3a99343cb21b9906380b1caa22c206bd1824738b9e5a1,b38a990d895d3da9,2.5,1,0.0,0.0,1,b8602e632fb6940db0d5eba01c45a618c5ff287df0d70740384aee615a551e4a,common complete dates,2018,ok,212,3250.0,-10610.0,4620.0,9240.0,924,1848,-0.1061,-50.04716981132076,-0.1261188679245283,0.03371399417719785,-3.7408462272864615,-0.11135,"conditional complete-window sum on stated capital, not live equity or intraday drawdown",0.3309748427672956,125113.52237758311,mean across entered windows; not equal-risk sizing or margin availability,212,252,0.0,0.0
YM,mom-3,base,84650db70559423ed6d3a99343cb21b9906380b1caa22c206bd1824738b9e5a1,b38a990d895d3da9,2.5,1,0.0,0.0,1,b8602e632fb6940db0d5eba01c45a618c5ff287df0d70740384aee615a551e4a,common complete dates,2019,ok,220,-215.0,-15245.0,5010.0,10020.0,1002,2004,-0.15245,-69.29545454545455,-0.17462454545454545,0.03243026505491061,-5.384616658509355,-0.15835996803835398,"conditional complete-window sum on stated capital, not live equity or intraday drawdown",0.3294507575757576,131043.55492424243,mean across entered windows; not equal-risk sizing or margin availability,220,252,0.0,0.0
YM,mom-3,base,84650db70559423ed6d3a99343cb21b9906380b1caa22c206bd1824738b9e5a1,b38a990d895d3da9,2.5,1,0.0,0.0,1,b8602e632fb6940db0d5eba01c45a618c5ff287df0d70740384aee615a551e4a,common complete dates,2020,ok,233,-3115.0,-19135.0,5340.0,10680.0,1068,2136,-0.19135,-82.12446351931331,-0.20695364806866953,0.05186091019463289,-3.9905517911655806,-0.1923,"conditional complete-window sum on stated capital, not live equity or intraday drawdown",0.3367310443490701,134559.01433169833,mean across entered windows; not equal-risk sizing or margin availability,233,252,0.0,0.0
YM,mom-3,base,84650db70559423ed6d3a99343cb21b9906380b1caa22c206bd1824738b9e5a1,b38a990d895d3da9,2.5,1,0.0,0.0,1,b8602e632fb6940db0d5eba01c45a618c5ff287df0d70740384aee615a551e4a,common complete dates,2021,ok,229,645.0,-14850.0,5165.0,10330.0,1033,2066,-0.1485,-64.8471615720524,-0.16341484716157206,0.04456486772192191,-3.6668985125515507,-0.1649417852522639,"conditional complete-window sum on stated capital, not live equity or intraday drawdown",0.33706331877729256,169462.71849656894,mean across entered windows; not equal-risk sizing or margin availability,229,252,0.0,0.0
YM,mom-3,base,84650db70559423ed6d3a99343cb21b9906380b1caa22c206bd1824738b9e5a1,b38a990d895d3da9,2.5,1,0.0,0.0,1,b8602e632fb6940db0d5eba01c45a618c5ff287df0d70740384aee615a551e4a,common complete dates,2022,ok,239,305.0,-15745.0,5350.0,10700.0,1070,2140,-0.15745,-65.8786610878661,-0.1660142259414226,0.05304719755646508,-3.1295569528383083,-0.1820074349442379,"conditional complete-window sum on stated capital, not live equity or intraday drawdown",0.335686889818689,164595.2695507073,mean across entered windows; not equal-risk sizing or margin availability,239,252,0.0,0.0
YM,mom-3,base,84650db70559423ed6d3a99343cb21b9906380b1caa22c206bd1824738b9e5a1,b38a990d895d3da9,2.5,1,0.0,0.0,1,b8602e632fb6940db0d5eba01c45a618c5ff287df0d70740384aee615a551e4a,common complete dates,2023,ok,228,-1610.0,-17015.0,5135.0,10270.0,1027,2054,-0.17015,-74.62719298245614,-0.18806052631578946,0.03105530745160185,-6.055664610916264,-0.17337384201613706,"conditional complete-window sum on stated capital, not live equity or intraday drawdown",0.3290387426900585,170685.94522765247,mean across entered windows; not equal-risk sizing or margin availability,228,252,0.0,0.0
YM,mom-3,base,84650db70559423ed6d3a99343cb21b9906380b1caa22c206bd1824738b9e5a1,b38a990d895d3da9,2.5,1,0.0,0.0,1,b8602e632fb6940db0d5eba01c45a618c5ff287df0d70740384aee615a551e4a,common complete dates,2024,ok,213,-2135.0,-16160.0,4675.0,9350.0,935,1870,-0.1616,-75.86854460093896,-0.19118873239436618,0.03447820071785791,-5.545206200256859,-0.1656,"conditional complete-window sum on stated capital, not live equity or intraday drawdown",0.3230633802816901,201613.3926615247,mean across entered windows; not equal-risk sizing or margin availability,213,252,0.0,0.0
YM,mom-3,base,84650db70559423ed6d3a99343cb21b9906380b1caa22c206bd1824738b9e5a1,b38a990d895d3da9,2.5,1,0.0,0.0,1,b8602e632fb6940db0d5eba01c45a618c5ff287df0d70740384aee615a551e4a,common complete dates,2025,ok,142,-700.0,-9970.0,3090.0,6180.0,618,1236,-0.0997,-70.21126760563381,-0.17693239436619718,0.07699887077930807,-2.297857001998324,-0.10518982932776036,"conditional complete-window sum on stated capital, not live equity or intraday drawdown",0.33289319248826293,219190.375558909,mean across entered windows; not equal-risk sizing or margin availability,142,252,0.0,0.0
YM,mom-3,base,84650db70559423ed6d3a99343cb21b9906380b1caa22c206bd1824738b9e5a1,b38a990d895d3da9,2.5,1,0.0,0.0,1,b8602e632fb6940db0d5eba01c45a618c5ff287df0d70740384aee615a551e4a,common complete dates,2026,ok,109,6820.0,-215.0,2345.0,4690.0,469,938,-0.00215,-1.9724770642201834,-0.004970642201834862,0.07065014895526131,-0.07035572147176201,-0.05553937275463637,"conditional complete-window sum on stated capital, not live equity or intraday drawdown",0.35053516819571867,248264.67889908256,mean across entered windows; not equal-risk sizing or margin availability,109,252,0.0,0.0
YM,mom-3,gross_reference,84650db70559423ed6d3a99343cb21b9906380b1caa22c206bd1824738b9e5a1,5266e02bbfcd4dbf,0.0,0,0.0,0.0,1,b8602e632fb6940db0d5eba01c45a618c5ff287df0d70740384aee615a551e4a,common complete dates,whole,ok,1901,3865.0,3865.0,0.0,0.0,8490,16980,0.03865,2.0331404523934773,0.005123513940031563,0.0456030574124276,0.1123502289264342,-0.09677725568370592,"conditional complete-window sum on stated capital, not live equity or intraday drawdown",0.3326648255304226,164552.6112822825,mean across entered windows; not equal-risk sizing or margin availability,1901,252,0.0,0.0
YM,mom-3,gross_reference,84650db70559423ed6d3a99343cb21b9906380b1caa22c206bd1824738b9e5a1,5266e02bbfcd4dbf,0.0,0,0.0,0.0,1,b8602e632fb6940db0d5eba01c45a618c5ff287df0d70740384aee615a551e4a,common complete dates,development,ok,970,1185.0,1185.0,0.0,0.0,4371,8742,0.01185,1.2216494845360826,0.003078556701030928,0.039432754599410244,0.07807105367873467,-0.08999003274953724,"conditional complete-window sum on stated capital, not live equity or intraday drawdown",0.3328393470790378,137557.0238627066,mean across entered windows; not equal-risk sizing or margin availability,970,252,0.0,0.0
YM,mom-3,gross_reference,84650db70559423ed6d3a99343cb21b9906380b1caa22c206bd1824738b9e5a1,5266e02bbfcd4dbf,0.0,0,0.0,0.0,1,b8602e632fb6940db0d5eba01c45a618c5ff287df0d70740384aee615a551e4a,common complete dates,validation,ok,467,-1305.0,-1305.0,0.0,0.0,2097,4194,-0.01305,-2.7944325481798713,-0.007041970021413276,0.04257344253415065,-0.16540757811080226,-0.0761478713990758,"conditional complete-window sum on stated capital, not live equity or intraday drawdown",0.33244111349036404,167568.87566279186,mean across entered windows; not equal-risk sizing or margin availability,467,252,0.0,0.0
YM,mom-3,gross_reference,84650db70559423ed6d3a99343cb21b9906380b1caa22c206bd1824738b9e5a1,5266e02bbfcd4dbf,0.0,0,0.0,0.0,1,b8602e632fb6940db0d5eba01c45a618c5ff287df0d70740384aee615a551e4a,common complete dates,historical_final,ok,464,3985.0,3985.0,0.0,0.0,2022,4044,0.03985,8.588362068965518,0.021642672413793106,0.05876993232030913,0.3682609722236152,-0.05275183787005762,"conditional complete-window sum on stated capital, not live equity or intraday drawdown",0.33252514367816094,217951.58613420223,mean across entered windows; not equal-risk sizing or margin availability,464,252,0.0,0.0
YM,mom-3,gross_reference,84650db70559423ed6d3a99343cb21b9906380b1caa22c206bd1824738b9e5a1,5266e02bbfcd4dbf,0.0,0,0.0,0.0,1,b8602e632fb6940db0d5eba01c45a618c5ff287df0d70740384aee615a551e4a,common complete dates,2016,ok,27,75.0,75.0,0.0,0.0,114,228,0.00075,2.7777777777777777,0.006999999999999999,0.014498063531170162,0.4828231015094069,-0.004092020559908179,"conditional complete-window sum on stated capital, not live equity or intraday drawdown",0.30324074074074076,92030.45370370372,mean across entered windows; not equal-risk sizing or margin availability,27,252,0.0,0.0
YM,mom-3,gross_reference,84650db70559423ed6d3a99343cb21b9906380b1caa22c206bd1824738b9e5a1,5266e02bbfcd4dbf,0.0,0,0.0,0.0,1,b8602e632fb6940db0d5eba01c45a618c5ff287df0d70740384aee615a551e4a,common complete dates,2017,ok,49,545.0,545.0,0.0,0.0,230,460,0.00545,11.122448979591837,0.02802857142857143,0.015996623527660906,1.7521554708157776,-0.007229870258492622,"conditional complete-window sum on stated capital, not live equity or intraday drawdown",0.33418367346938777,110869.9835600907,mean across entered windows; not equal-risk sizing or margin availability,49,252,0.0,0.0
YM,mom-3,gross_reference,84650db70559423ed6d3a99343cb21b9906380b1caa22c206bd1824738b9e5a1,5266e02bbfcd4dbf,0.0,0,0.0,0.0,1,b8602e632fb6940db0d5eba01c45a618c5ff287df0d70740384aee615a551e4a,common complete dates,2018,ok,212,3250.0,3250.0,0.0,0.0,924,1848,0.0325,15.330188679245284,0.03863207547169811,0.03317211596318116,1.1645948517296016,-0.025256624492719027,"conditional complete-window sum on stated capital, not live equity or intraday drawdown",0.3309748427672956,125113.52237758311,mean across entered windows; not equal-risk sizing or margin availability,212,252,0.0,0.0
YM,mom-3,gross_reference,84650db70559423ed6d3a99343cb21b9906380b1caa22c206bd1824738b9e5a1,5266e02bbfcd4dbf,0.0,0,0.0,0.0,1,b8602e632fb6940db0d5eba01c45a618c5ff287df0d70740384aee615a551e4a,common complete dates,2019,ok,220,-215.0,-215.0,0.0,0.0,1002,2004,-0.00215,-0.9772727272727273,-0.0024627272727272727,0.03147750774399635,-0.07823768300706668,-0.02550409263326013,"conditional complete-window sum on stated capital, not live equity or intraday drawdown",0.3294507575757576,131043.55492424243,mean across entered windows; not equal-risk sizing or margin availability,220,252,0.0,0.0
YM,mom-3,gross_reference,84650db70559423ed6d3a99343cb21b9906380b1caa22c206bd1824738b9e5a1,5266e02bbfcd4dbf,0.0,0,0.0,0.0,1,b8602e632fb6940db0d5eba01c45a618c5ff287df0d70740384aee615a551e4a,common complete dates,2020,ok,233,-3115.0,-3115.0,0.0,0.0,1068,2136,-0.03115,-13.369098712446352,-0.033690128755364805,0.05103684953765871,-0.6601138013134171,-0.08134495641344956,"conditional complete-window sum on stated capital, not live equity or intraday drawdown",0.3367310443490701,134559.01433169833,mean across entered windows; not equal-risk sizing or margin availability,233,252,0.0,0.0
YM,mom-3,gross_reference,84650db70559423ed6d3a99343cb21b9906380b1caa22c206bd1824738b9e5a1,5266e02bbfcd4dbf,0.0,0,0.0,0.0,1,b8602e632fb6940db0d5eba01c45a618c5ff287df0d70740384aee615a551e4a,common complete dates,2021,ok,229,645.0,645.0,0.0,0.0,1033,2066,0.00645,2.816593886462882,0.007097816593886462,0.043580661708208436,0.16286619605295222,-0.05274499240903081,"conditional complete-window sum on stated capital, not live equity or intraday drawdown",0.33706331877729256,169462.71849656894,mean across entered windows; not equal-risk sizing or margin availability,229,252,0.0,0.0
YM,mom-3,gross_reference,84650db70559423ed6d3a99343cb21b9906380b1caa22c206bd1824738b9e5a1,5266e02bbfcd4dbf,0.0,0,0.0,0.0,1,b8602e632fb6940db0d5eba01c45a618c5ff287df0d70740384aee615a551e4a,common complete dates,2022,ok,239,305.0,305.0,0.0,0.0,1070,2140,0.00305,1.2761506276150627,0.0032158995815899584,0.05188437620058517,0.06198204193796761,-0.0761478713990758,"conditional complete-window sum on stated capital, not live equity or intraday drawdown",0.335686889818689,164595.2695507073,mean across entered windows; not equal-risk sizing or margin availability,239,252,0.0,0.0
YM,mom-3,gross_reference,84650db70559423ed6d3a99343cb21b9906380b1caa22c206bd1824738b9e5a1,5266e02bbfcd4dbf,0.0,0,0.0,0.0,1,b8602e632fb6940db0d5eba01c45a618c5ff287df0d70740384aee615a551e4a,common complete dates,2023,ok,228,-1610.0,-1610.0,0.0,0.0,1027,2054,-0.0161,-7.06140350877193,-0.017794736842105262,0.029957856208688398,-0.5939923310314983,-0.03888423438963087,"conditional complete-window sum on stated capital, not live equity or intraday drawdown",0.3290387426900585,170685.94522765247,mean across entered windows; not equal-risk sizing or margin availability,228,252,0.0,0.0
YM,mom-3,gross_reference,84650db70559423ed6d3a99343cb21b9906380b1caa22c206bd1824738b9e5a1,5266e02bbfcd4dbf,0.0,0,0.0,0.0,1,b8602e632fb6940db0d5eba01c45a618c5ff287df0d70740384aee615a551e4a,common complete dates,2024,ok,213,-2135.0,-2135.0,0.0,0.0,935,1870,-0.02135,-10.023474178403756,-0.025259154929577466,0.03367434266578776,-0.750100905614413,-0.05275183787005762,"conditional complete-window sum on stated capital, not live equity or intraday drawdown",0.3230633802816901,201613.3926615247,mean across entered windows; not equal-risk sizing or margin availability,213,252,0.0,0.0
YM,mom-3,gross_reference,84650db70559423ed6d3a99343cb21b9906380b1caa22c206bd1824738b9e5a1,5266e02bbfcd4dbf,0.0,0,0.0,0.0,1,b8602e632fb6940db0d5eba01c45a618c5ff287df0d70740384aee615a551e4a,common complete dates,2025,ok,142,-700.0,-700.0,0.0,0.0,618,1236,-0.007,-4.929577464788732,-0.012422535211267604,0.07621053622423384,-0.16300285796070046,-0.04097676018277404,"conditional complete-window sum on stated capital, not live equity or intraday drawdown",0.33289319248826293,219190.375558909,mean across entered windows; not equal-risk sizing or margin availability,142,252,0.0,0.0
YM,mom-3,gross_reference,84650db70559423ed6d3a99343cb21b9906380b1caa22c206bd1824738b9e5a1,5266e02bbfcd4dbf,0.0,0,0.0,0.0,1,b8602e632fb6940db0d5eba01c45a618c5ff287df0d70740384aee615a551e4a,common complete dates,2026,ok,109,6820.0,6820.0,0.0,0.0,469,938,0.0682,62.56880733944954,0.15767339449541284,0.0700070508681363,2.2522502025174993,-0.025851168454081395,"conditional complete-window sum on stated capital, not live equity or intraday drawdown",0.35053516819571867,248264.67889908256,mean across entered windows; not equal-risk sizing or margin availability,109,252,0.0,0.0
YM,mom-3,cost_stress,84650db70559423ed6d3a99343cb21b9906380b1caa22c206bd1824738b9e5a1,be398939d8a8153b,5.0,2,0.0,0.0,1,b8602e632fb6940db0d5eba01c45a618c5ff287df0d70740384aee615a551e4a,common complete dates,whole,ok,1901,3865.0,-250835.0,84900.0,169800.0,8490,16980,-2.50835,-131.94897422409258,-0.33251141504471327,0.047437848214227654,-7.009411842272093,-2.5305,"conditional complete-window sum on stated capital, not live equity or intraday drawdown",0.3326648255304226,164552.6112822825,mean across entered windows; not equal-risk sizing or margin availability,1901,252,0.0,0.0
YM,mom-3,cost_stress,84650db70559423ed6d3a99343cb21b9906380b1caa22c206bd1824738b9e5a1,be398939d8a8153b,5.0,2,0.0,0.0,1,b8602e632fb6940db0d5eba01c45a618c5ff287df0d70740384aee615a551e4a,common complete dates,development,ok,970,1185.0,-129945.0,43710.0,87420.0,4371,8742,-1.29945,-133.96391752577318,-0.33758907216494843,0.04127385709926596,-8.179247007446568,-1.3012,"conditional complete-window sum on stated capital, not live equity or intraday drawdown",0.3328393470790378,137557.0238627066,mean across entered windows; not equal-risk sizing or margin availability,970,252,0.0,0.0
YM,mom-3,cost_stress,84650db70559423ed6d3a99343cb21b9906380b1caa22c206bd1824738b9e5a1,be398939d8a8153b,5.0,2,0.0,0.0,1,b8602e632fb6940db0d5eba01c45a618c5ff287df0d70740384aee615a551e4a,common complete dates,validation,ok,467,-1305.0,-64215.0,20970.0,41940.0,2097,4194,-0.64215,-137.5053533190578,-0.3465134903640257,0.04492322903339649,-7.713459112799376,-0.6435934465415069,"conditional complete-window sum on stated capital, not live equity or intraday drawdown",0.33244111349036404,167568.87566279186,mean across entered windows; not equal-risk sizing or margin availability,467,252,0.0,0.0
YM,mom-3,cost_stress,84650db70559423ed6d3a99343cb21b9906380b1caa22c206bd1824738b9e5a1,be398939d8a8153b,5.0,2,0.0,0.0,1,b8602e632fb6940db0d5eba01c45a618c5ff287df0d70740384aee615a551e4a,common complete dates,historical_final,ok,464,3985.0,-56675.0,20220.0,40440.0,2022,4044,-0.56675,-122.14439655172414,-0.30780387931034486,0.060289484546395926,-5.105432259475923,-0.5889,"conditional complete-window sum on stated capital, not live equity or intraday drawdown",0.33252514367816094,217951.58613420223,mean across entered windows; not equal-risk sizing or margin availability,464,252,0.0,0.0
YM,mom-3,cost_stress,84650db70559423ed6d3a99343cb21b9906380b1caa22c206bd1824738b9e5a1,be398939d8a8153b,5.0,2,0.0,0.0,1,b8602e632fb6940db0d5eba01c45a618c5ff287df0d70740384aee615a551e4a,common complete dates,2016,ok,27,75.0,-3345.0,1140.0,2280.0,114,228,-0.03345,-123.88888888888889,-0.3122,0.016908304741480418,-18.46429933534928,-0.03345,"conditional complete-window sum on stated capital, not live equity or intraday drawdown",0.30324074074074076,92030.45370370372,mean across entered windows; not equal-risk sizing or margin availability,27,252,0.0,0.0
YM,mom-3,cost_stress,84650db70559423ed6d3a99343cb21b9906380b1caa22c206bd1824738b9e5a1,be398939d8a8153b,5.0,2,0.0,0.0,1,b8602e632fb6940db0d5eba01c45a618c5ff287df0d70740384aee615a551e4a,common complete dates,2017,ok,49,545.0,-6355.0,2300.0,4600.0,230,460,-0.06355,-129.69387755102042,-0.32682857142857147,0.019658000007267126,-16.625728523133088,-0.06355,"conditional complete-window sum on stated capital, not live equity or intraday drawdown",0.33418367346938777,110869.9835600907,mean across entered windows; not equal-risk sizing or margin availability,49,252,0.0,0.0
YM,mom-3,cost_stress,84650db70559423ed6d3a99343cb21b9906380b1caa22c206bd1824738b9e5a1,be398939d8a8153b,5.0,2,0.0,0.0,1,b8602e632fb6940db0d5eba01c45a618c5ff287df0d70740384aee615a551e4a,common complete dates,2018,ok,212,3250.0,-24470.0,9240.0,18480.0,924,1848,-0.2447,-115.4245283018868,-0.29086981132075473,0.034460651176055554,-8.440635954170858,-0.24755,"conditional complete-window sum on stated capital, not live equity or intraday drawdown",0.3309748427672956,125113.52237758311,mean across entered windows; not equal-risk sizing or margin availability,212,252,0.0,0.0
YM,mom-3,cost_stress,84650db70559423ed6d3a99343cb21b9906380b1caa22c206bd1824738b9e5a1,be398939d8a8153b,5.0,2,0.0,0.0,1,b8602e632fb6940db0d5eba01c45a618c5ff287df0d70740384aee615a551e4a,common complete dates,2019,ok,220,-215.0,-30275.0,10020.0,20040.0,1002,2004,-0.30275,-137.61363636363637,-0.34678636363636367,0.03359738373220178,-10.321826437455085,-0.3031680991405157,"conditional complete-window sum on stated capital, not live equity or intraday drawdown",0.3294507575757576,131043.55492424243,mean across entered windows; not equal-risk sizing or margin availability,220,252,0.0,0.0
YM,mom-3,cost_stress,84650db70559423ed6d3a99343cb21b9906380b1caa22c206bd1824738b9e5a1,be398939d8a8153b,5.0,2,0.0,0.0,1,b8602e632fb6940db0d5eba01c45a618c5ff287df0d70740384aee615a551e4a,common complete dates,2020,ok,233,-3115.0,-35155.0,10680.0,21360.0,1068,2136,-0.35155,-150.87982832618025,-0.3802171673819742,0.052816934360127465,-7.198773877891096,-0.35175,"conditional complete-window sum on stated capital, not live equity or intraday drawdown",0.3367310443490701,134559.01433169833,mean across entered windows; not equal-risk sizing or margin availability,233,252,0.0,0.0
YM,mom-3,cost_stress,84650db70559423ed6d3a99343cb21b9906380b1caa22c206bd1824738b9e5a1,be398939d8a8153b,5.0,2,0.0,0.0,1,b8602e632fb6940db0d5eba01c45a618c5ff287df0d70740384aee615a551e4a,common complete dates,2021,ok,229,645.0,-30345.0,10330.0,20660.0,1033,2066,-0.30345,-132.5109170305677,-0.3339275109170306,0.04569530700750097,-7.307698159511562,-0.3073472236068189,"conditional complete-window sum on stated capital, not live equity or intraday drawdown",0.33706331877729256,169462.71849656894,mean across entered windows; not equal-risk sizing or margin availability,229,252,0.0,0.0
YM,mom-3,cost_stress,84650db70559423ed6d3a99343cb21b9906380b1caa22c206bd1824738b9e5a1,be398939d8a8153b,5.0,2,0.0,0.0,1,b8602e632fb6940db0d5eba01c45a618c5ff287df0d70740384aee615a551e4a,common complete dates,2022,ok,239,305.0,-31795.0,10700.0,21400.0,1070,2140,-0.31795,-133.03347280334728,-0.33524435146443515,0.054341202176612806,-6.169247974582288,-0.3212489417857676,"conditional complete-window sum on stated capital, not live equity or intraday drawdown",0.335686889818689,164595.2695507073,mean across entered windows; not equal-risk sizing or margin availability,239,252,0.0,0.0
YM,mom-3,cost_stress,84650db70559423ed6d3a99343cb21b9906380b1caa22c206bd1824738b9e5a1,be398939d8a8153b,5.0,2,0.0,0.0,1,b8602e632fb6940db0d5eba01c45a618c5ff287df0d70740384aee615a551e4a,common complete dates,2023,ok,228,-1610.0,-32420.0,10270.0,20540.0,1027,2054,-0.3242,-142.19298245614036,-0.35832631578947366,0.032337721486365545,-11.080753353032426,-0.3261205564142195,"conditional complete-window sum on stated capital, not live equity or intraday drawdown",0.3290387426900585,170685.94522765247,mean across entered windows; not equal-risk sizing or margin availability,228,252,0.0,0.0
YM,mom-3,cost_stress,84650db70559423ed6d3a99343cb21b9906380b1caa22c206bd1824738b9e5a1,be398939d8a8153b,5.0,2,0.0,0.0,1,b8602e632fb6940db0d5eba01c45a618c5ff287df0d70740384aee615a551e4a,common complete dates,2024,ok,213,-2135.0,-30185.0,9350.0,18700.0,935,1870,-0.30185,-141.71361502347418,-0.35711830985915494,0.03547445321616551,-10.066915131377364,-0.30255,"conditional complete-window sum on stated capital, not live equity or intraday drawdown",0.3230633802816901,201613.3926615247,mean across entered windows; not equal-risk sizing or margin availability,213,252,0.0,0.0
YM,mom-3,cost_stress,84650db70559423ed6d3a99343cb21b9906380b1caa22c206bd1824738b9e5a1,be398939d8a8153b,5.0,2,0.0,0.0,1,b8602e632fb6940db0d5eba01c45a618c5ff287df0d70740384aee615a551e4a,common complete dates,2025,ok,142,-700.0,-19240.0,6180.0,12360.0,618,1236,-0.1924,-135.49295774647888,-0.3414422535211268,0.07786829444383926,-4.38486878337093,-0.19485569014505758,"conditional complete-window sum on stated capital, not live equity or intraday drawdown",0.33289319248826293,219190.375558909,mean across entered windows; not equal-risk sizing or margin availability,142,252,0.0,0.0
YM,mom-3,cost_stress,84650db70559423ed6d3a99343cb21b9906380b1caa22c206bd1824738b9e5a1,be398939d8a8153b,5.0,2,0.0,0.0,1,b8602e632fb6940db0d5eba01c45a618c5ff287df0d70740384aee615a551e4a,common complete dates,2026,ok,109,6820.0,-7250.0,4690.0,9380.0,469,938,-0.0725,-66.5137614678899,-0.16761467889908255,0.07136179570925998,-2.3488013051405425,-0.1097399085500762,"conditional complete-window sum on stated capital, not live equity or intraday drawdown",0.35053516819571867,248264.67889908256,mean across entered windows; not equal-risk sizing or margin availability,109,252,0.0,0.0
YM,mom-3,delay_stress,84650db70559423ed6d3a99343cb21b9906380b1caa22c206bd1824738b9e5a1,444a5103fedfae6a,2.5,1,0.0,0.0,5,b8602e632fb6940db0d5eba01c45a618c5ff287df0d70740384aee615a551e4a,common complete dates,whole,ok,1901,-13725.0,-137325.0,41200.0,82400.0,8240,16480,-1.37325,-72.2382956338769,-0.18204050499736982,0.04623903390058164,-3.9369443874795125,-1.3961,"conditional complete-window sum on stated capital, not live equity or intraday drawdown",0.32496054708048394,164555.46049802526,mean across entered windows; not equal-risk sizing or margin availability,1901,252,0.0,0.0
YM,mom-3,delay_stress,84650db70559423ed6d3a99343cb21b9906380b1caa22c206bd1824738b9e5a1,444a5103fedfae6a,2.5,1,0.0,0.0,5,b8602e632fb6940db0d5eba01c45a618c5ff287df0d70740384aee615a551e4a,common complete dates,development,ok,970,-9020.0,-72875.0,21285.0,42570.0,4257,8514,-0.72875,-75.12886597938144,-0.18932474226804125,0.04044791914461323,-4.680704131927022,-0.7338,"conditional complete-window sum on stated capital, not live equity or intraday drawdown",0.32596649484536083,137560.3389154803,mean across entered windows; not equal-risk sizing or margin availability,970,252,0.0,0.0
YM,mom-3,delay_stress,84650db70559423ed6d3a99343cb21b9906380b1caa22c206bd1824738b9e5a1,444a5103fedfae6a,2.5,1,0.0,0.0,5,b8602e632fb6940db0d5eba01c45a618c5ff287df0d70740384aee615a551e4a,common complete dates,validation,ok,467,-2965.0,-33250.0,10095.0,20190.0,2019,4038,-0.3325,-71.19914346895075,-0.1794218415417559,0.04221961582845707,-4.249727005351412,-0.338748823616821,"conditional complete-window sum on stated capital, not live equity or intraday drawdown",0.3229389721627409,167572.0578413378,mean across entered windows; not equal-risk sizing or margin availability,467,252,0.0,0.0
YM,mom-3,delay_stress,84650db70559423ed6d3a99343cb21b9906380b1caa22c206bd1824738b9e5a1,444a5103fedfae6a,2.5,1,0.0,0.0,5,b8602e632fb6940db0d5eba01c45a618c5ff287df0d70740384aee615a551e4a,common complete dates,historical_final,ok,464,-1740.0,-31200.0,9820.0,19640.0,1964,3928,-0.312,-67.24137931034483,-0.16944827586206895,0.059621240759842084,-2.842078992361409,-0.33485,"conditional complete-window sum on stated capital, not live equity or intraday drawdown",0.32489224137931033,217953.12639402028,mean across entered windows; not equal-risk sizing or margin availability,464,252,0.0,0.0
YM,mom-3,delay_stress,84650db70559423ed6d3a99343cb21b9906380b1caa22c206bd1824738b9e5a1,444a5103fedfae6a,2.5,1,0.0,0.0,5,b8602e632fb6940db0d5eba01c45a618c5ff287df0d70740384aee615a551e4a,common complete dates,2016,ok,27,-975.0,-2625.0,550.0,1100.0,110,220,-0.02625,-97.22222222222223,-0.24500000000000002,0.02544813730526642,-9.627423691607403,-0.02625,"conditional complete-window sum on stated capital, not live equity or intraday drawdown",0.2970679012345679,92035.46296296296,mean across entered windows; not equal-risk sizing or margin availability,27,252,0.0,0.0
YM,mom-3,delay_stress,84650db70559423ed6d3a99343cb21b9906380b1caa22c206bd1824738b9e5a1,444a5103fedfae6a,2.5,1,0.0,0.0,5,b8602e632fb6940db0d5eba01c45a618c5ff287df0d70740384aee615a551e4a,common complete dates,2017,ok,49,1445.0,-1960.0,1135.0,2270.0,227,454,-0.0196,-40.0,-0.1008,0.01797894602027605,-5.606557797454931,-0.0196,"conditional complete-window sum on stated capital, not live equity or intraday drawdown",0.3312074829931973,110866.75639779722,mean across entered windows; not equal-risk sizing or margin availability,49,252,0.0,0.0
YM,mom-3,delay_stress,84650db70559423ed6d3a99343cb21b9906380b1caa22c206bd1824738b9e5a1,444a5103fedfae6a,2.5,1,0.0,0.0,5,b8602e632fb6940db0d5eba01c45a618c5ff287df0d70740384aee615a551e4a,common complete dates,2018,ok,212,-30.0,-13440.0,4470.0,8940.0,894,1788,-0.1344,-63.39622641509434,-0.15975849056603772,0.03620729017661073,-4.412329389655317,-0.1347,"conditional complete-window sum on stated capital, not live equity or intraday drawdown",0.3226218553459119,125118.66054582209,mean across entered windows; not equal-risk sizing or margin availability,212,252,0.0,0.0
YM,mom-3,delay_stress,84650db70559423ed6d3a99343cb21b9906380b1caa22c206bd1824738b9e5a1,444a5103fedfae6a,2.5,1,0.0,0.0,5,b8602e632fb6940db0d5eba01c45a618c5ff287df0d70740384aee615a551e4a,common complete dates,2019,ok,220,-1195.0,-15865.0,4890.0,9780.0,978,1956,-0.15865,-72.11363636363636,-0.18172636363636363,0.028962581938648473,-6.274522210116321,-0.1590704647676162,"conditional complete-window sum on stated capital, not live equity or intraday drawdown",0.32329545454545455,131046.84396645021,mean across entered windows; not equal-risk sizing or margin availability,220,252,0.0,0.0
YM,mom-3,delay_stress,84650db70559423ed6d3a99343cb21b9906380b1caa22c206bd1824738b9e5a1,444a5103fedfae6a,2.5,1,0.0,0.0,5,b8602e632fb6940db0d5eba01c45a618c5ff287df0d70740384aee615a551e4a,common complete dates,2020,ok,233,-5820.0,-21360.0,5180.0,10360.0,1036,2072,-0.2136,-91.67381974248927,-0.23101802575107294,0.05616011859957954,-4.113560147517255,-0.2136,"conditional complete-window sum on stated capital, not live equity or intraday drawdown",0.32850500715307585,134563.30022481093,mean across entered windows; not equal-risk sizing or margin availability,233,252,0.0,0.0
YM,mom-3,delay_stress,84650db70559423ed6d3a99343cb21b9906380b1caa22c206bd1824738b9e5a1,444a5103fedfae6a,2.5,1,0.0,0.0,5,b8602e632fb6940db0d5eba01c45a618c5ff287df0d70740384aee615a551e4a,common complete dates,2021,ok,229,-2445.0,-17625.0,5060.0,10120.0,1012,2024,-0.17625,-76.9650655021834,-0.1939519650655022,0.03955112814486588,-4.903828895982555,-0.18252621068397404,"conditional complete-window sum on stated capital, not live equity or intraday drawdown",0.33133187772925765,169464.58307340404,mean across entered windows; not equal-risk sizing or margin availability,229,252,0.0,0.0
YM,mom-3,delay_stress,84650db70559423ed6d3a99343cb21b9906380b1caa22c206bd1824738b9e5a1,444a5103fedfae6a,2.5,1,0.0,0.0,5,b8602e632fb6940db0d5eba01c45a618c5ff287df0d70740384aee615a551e4a,common complete dates,2022,ok,239,-3210.0,-18660.0,5150.0,10300.0,1030,2060,-0.1866,-78.07531380753139,-0.1967497907949791,0.05177321949097568,-3.8002232182851516,-0.20139680023775322,"conditional complete-window sum on stated capital, not live equity or intraday drawdown",0.3264470013947001,164599.99785813908,mean across entered windows; not equal-risk sizing or margin availability,239,252,0.0,0.0
YM,mom-3,delay_stress,84650db70559423ed6d3a99343cb21b9906380b1caa22c206bd1824738b9e5a1,444a5103fedfae6a,2.5,1,0.0,0.0,5,b8602e632fb6940db0d5eba01c45a618c5ff287df0d70740384aee615a551e4a,common complete dates,2023,ok,228,245.0,-14590.0,4945.0,9890.0,989,1978,-0.1459,-63.99122807017544,-0.1612578947368421,0.02909114290311104,-5.543195579283927,-0.14760479041916166,"conditional complete-window sum on stated capital, not live equity or intraday drawdown",0.3192616959064328,170687.5066833751,mean across entered windows; not equal-risk sizing or margin availability,228,252,0.0,0.0
YM,mom-3,delay_stress,84650db70559423ed6d3a99343cb21b9906380b1caa22c206bd1824738b9e5a1,444a5103fedfae6a,2.5,1,0.0,0.0,5,b8602e632fb6940db0d5eba01c45a618c5ff287df0d70740384aee615a551e4a,common complete dates,2024,ok,213,-3610.0,-17245.0,4545.0,9090.0,909,1818,-0.17245,-80.96244131455398,-0.20402535211267603,0.031651949925638655,-6.445901519242952,-0.1726,"conditional complete-window sum on stated capital, not live equity or intraday drawdown",0.3156298904538341,201614.98127654818,mean across entered windows; not equal-risk sizing or margin availability,213,252,0.0,0.0
YM,mom-3,delay_stress,84650db70559423ed6d3a99343cb21b9906380b1caa22c206bd1824738b9e5a1,444a5103fedfae6a,2.5,1,0.0,0.0,5,b8602e632fb6940db0d5eba01c45a618c5ff287df0d70740384aee615a551e4a,common complete dates,2025,ok,142,-4500.0,-13515.0,3005.0,6010.0,601,1202,-0.13515,-95.17605633802818,-0.239843661971831,0.07742480951386911,-3.0977623771727565,-0.14030815109343936,"conditional complete-window sum on stated capital, not live equity or intraday drawdown",0.32643779342723006,219193.50857925328,mean across entered windows; not equal-risk sizing or margin availability,142,252,0.0,0.0
YM,mom-3,delay_stress,84650db70559423ed6d3a99343cb21b9906380b1caa22c206bd1824738b9e5a1,444a5103fedfae6a,2.5,1,0.0,0.0,5,b8602e632fb6940db0d5eba01c45a618c5ff287df0d70740384aee615a551e4a,common complete dates,2026,ok,109,6370.0,-440.0,2270.0,4540.0,454,908,-0.0044,-4.036697247706422,-0.010172477064220184,0.07286571369592082,-0.13960581113185008,-0.04744418331374853,"conditional complete-window sum on stated capital, not live equity or intraday drawdown",0.3409785932721712,248264.04969418963,mean across entered windows; not equal-risk sizing or margin availability,109,252,0.0,0.0
YM,mom-3,combined_stress,84650db70559423ed6d3a99343cb21b9906380b1caa22c206bd1824738b9e5a1,b9dd5fb8409b2788,5.0,2,0.0,0.0,5,b8602e632fb6940db0d5eba01c45a618c5ff287df0d70740384aee615a551e4a,common complete dates,whole,ok,1901,-13725.0,-260925.0,82400.0,164800.0,8240,16480,-2.60925,-137.25670699631772,-0.34588690163072067,0.046752814899325035,-7.3982048433989425,-2.62945,"conditional complete-window sum on stated capital, not live equity or intraday drawdown",0.32496054708048394,164555.46049802526,mean across entered windows; not equal-risk sizing or margin availability,1901,252,0.0,0.0
YM,mom-3,combined_stress,84650db70559423ed6d3a99343cb21b9906380b1caa22c206bd1824738b9e5a1,b9dd5fb8409b2788,5.0,2,0.0,0.0,5,b8602e632fb6940db0d5eba01c45a618c5ff287df0d70740384aee615a551e4a,common complete dates,development,ok,970,-9020.0,-136730.0,42570.0,85140.0,4257,8514,-1.3673,-140.95876288659792,-0.35521608247422676,0.040922814537527205,-8.680147895215885,-1.3673,"conditional complete-window sum on stated capital, not live equity or intraday drawdown",0.32596649484536083,137560.3389154803,mean across entered windows; not equal-risk sizing or margin availability,970,252,0.0,0.0
YM,mom-3,combined_stress,84650db70559423ed6d3a99343cb21b9906380b1caa22c206bd1824738b9e5a1,b9dd5fb8409b2788,5.0,2,0.0,0.0,5,b8602e632fb6940db0d5eba01c45a618c5ff287df0d70740384aee615a551e4a,common complete dates,validation,ok,467,-2965.0,-63535.0,20190.0,40380.0,2019,4038,-0.63535,-136.0492505353319,-0.3428441113490364,0.042736357757366776,-8.022305347018905,-0.6372544143247948,"conditional complete-window sum on stated capital, not live equity or intraday drawdown",0.3229389721627409,167572.0578413378,mean across entered windows; not equal-risk sizing or margin availability,467,252,0.0,0.0
YM,mom-3,combined_stress,84650db70559423ed6d3a99343cb21b9906380b1caa22c206bd1824738b9e5a1,b9dd5fb8409b2788,5.0,2,0.0,0.0,5,b8602e632fb6940db0d5eba01c45a618c5ff287df0d70740384aee615a551e4a,common complete dates,historical_final,ok,464,-1740.0,-60660.0,19640.0,39280.0,1964,3928,-0.6066,-130.73275862068965,-0.3294465517241379,0.060207642176969674,-5.471839451141241,-0.6268,"conditional complete-window sum on stated capital, not live equity or intraday drawdown",0.32489224137931033,217953.12639402028,mean across entered windows; not equal-risk sizing or margin availability,464,252,0.0,0.0
YM,mom-3,combined_stress,84650db70559423ed6d3a99343cb21b9906380b1caa22c206bd1824738b9e5a1,b9dd5fb8409b2788,5.0,2,0.0,0.0,5,b8602e632fb6940db0d5eba01c45a618c5ff287df0d70740384aee615a551e4a,common complete dates,2016,ok,27,-975.0,-4275.0,1100.0,2200.0,110,220,-0.04275,-158.33333333333334,-0.399,0.025652665178675507,-15.553939414126837,-0.04275,"conditional complete-window sum on stated capital, not live equity or intraday drawdown",0.2970679012345679,92035.46296296296,mean across entered windows; not equal-risk sizing or margin availability,27,252,0.0,0.0
YM,mom-3,combined_stress,84650db70559423ed6d3a99343cb21b9906380b1caa22c206bd1824738b9e5a1,b9dd5fb8409b2788,5.0,2,0.0,0.0,5,b8602e632fb6940db0d5eba01c45a618c5ff287df0d70740384aee615a551e4a,common complete dates,2017,ok,49,1445.0,-5365.0,2270.0,4540.0,227,454,-0.05365,-109.48979591836735,-0.2759142857142857,0.019629160159605114,-14.05634695885208,-0.05365,"conditional complete-window sum on stated capital, not live equity or intraday drawdown",0.3312074829931973,110866.75639779722,mean across entered windows; not equal-risk sizing or margin availability,49,252,0.0,0.0
YM,mom-3,combined_stress,84650db70559423ed6d3a99343cb21b9906380b1caa22c206bd1824738b9e5a1,b9dd5fb8409b2788,5.0,2,0.0,0.0,5,b8602e632fb6940db0d5eba01c45a618c5ff287df0d70740384aee615a551e4a,common complete dates,2018,ok,212,-30.0,-26850.0,8940.0,17880.0,894,1788,-0.2685,-126.65094339622641,-0.3191603773584905,0.03658378675665135,-8.724093530324975,-0.2685,"conditional complete-window sum on stated capital, not live equity or intraday drawdown",0.3226218553459119,125118.66054582209,mean across entered windows; not equal-risk sizing or margin availability,212,252,0.0,0.0
YM,mom-3,combined_stress,84650db70559423ed6d3a99343cb21b9906380b1caa22c206bd1824738b9e5a1,b9dd5fb8409b2788,5.0,2,0.0,0.0,5,b8602e632fb6940db0d5eba01c45a618c5ff287df0d70740384aee615a551e4a,common complete dates,2019,ok,220,-1195.0,-30535.0,9780.0,19560.0,978,1956,-0.30535,-138.79545454545453,-0.34976454545454544,0.0294275913494062,-11.885598834836447,-0.30535,"conditional complete-window sum on stated capital, not live equity or intraday drawdown",0.32329545454545455,131046.84396645021,mean across entered windows; not equal-risk sizing or margin availability,220,252,0.0,0.0
YM,mom-3,combined_stress,84650db70559423ed6d3a99343cb21b9906380b1caa22c206bd1824738b9e5a1,b9dd5fb8409b2788,5.0,2,0.0,0.0,5,b8602e632fb6940db0d5eba01c45a618c5ff287df0d70740384aee615a551e4a,common complete dates,2020,ok,233,-5820.0,-36900.0,10360.0,20720.0,1036,2072,-0.369,-158.36909871244634,-0.39909012875536476,0.056511449194300074,-7.062111031398189,-0.369,"conditional complete-window sum on stated capital, not live equity or intraday drawdown",0.32850500715307585,134563.30022481093,mean across entered windows; not equal-risk sizing or margin availability,233,252,0.0,0.0
YM,mom-3,combined_stress,84650db70559423ed6d3a99343cb21b9906380b1caa22c206bd1824738b9e5a1,b9dd5fb8409b2788,5.0,2,0.0,0.0,5,b8602e632fb6940db0d5eba01c45a618c5ff287df0d70740384aee615a551e4a,common complete dates,2021,ok,229,-2445.0,-32805.0,10120.0,20240.0,1012,2024,-0.32805,-143.25327510917032,-0.3609982532751092,0.04027593166036125,-8.963126075377577,-0.32865421120991106,"conditional complete-window sum on stated capital, not live equity or intraday drawdown",0.33133187772925765,169464.58307340404,mean across entered windows; not equal-risk sizing or margin availability,229,252,0.0,0.0
YM,mom-3,combined_stress,84650db70559423ed6d3a99343cb21b9906380b1caa22c206bd1824738b9e5a1,b9dd5fb8409b2788,5.0,2,0.0,0.0,5,b8602e632fb6940db0d5eba01c45a618c5ff287df0d70740384aee615a551e4a,common complete dates,2022,ok,239,-3210.0,-34110.0,10300.0,20600.0,1030,2060,-0.3411,-142.71966527196653,-0.3596535564853557,0.052301556602429765,-6.876536375757644,-0.34906739617010696,"conditional complete-window sum on stated capital, not live equity or intraday drawdown",0.3264470013947001,164599.99785813908,mean across entered windows; not equal-risk sizing or margin availability,239,252,0.0,0.0
YM,mom-3,combined_stress,84650db70559423ed6d3a99343cb21b9906380b1caa22c206bd1824738b9e5a1,b9dd5fb8409b2788,5.0,2,0.0,0.0,5,b8602e632fb6940db0d5eba01c45a618c5ff287df0d70740384aee615a551e4a,common complete dates,2023,ok,228,245.0,-29425.0,9890.0,19780.0,989,1978,-0.29425,-129.05701754385964,-0.3252236842105263,0.02964652262267823,-10.970044896993928,-0.29477891581314014,"conditional complete-window sum on stated capital, not live equity or intraday drawdown",0.3192616959064328,170687.5066833751,mean across entered windows; not equal-risk sizing or margin availability,228,252,0.0,0.0
YM,mom-3,combined_stress,84650db70559423ed6d3a99343cb21b9906380b1caa22c206bd1824738b9e5a1,b9dd5fb8409b2788,5.0,2,0.0,0.0,5,b8602e632fb6940db0d5eba01c45a618c5ff287df0d70740384aee615a551e4a,common complete dates,2024,ok,213,-3610.0,-30880.0,9090.0,18180.0,909,1818,-0.3088,-144.97652582159625,-0.3653408450704225,0.032253119422211866,-11.327302649021355,-0.3088,"conditional complete-window sum on stated capital, not live equity or intraday drawdown",0.3156298904538341,201614.98127654818,mean across entered windows; not equal-risk sizing or margin availability,213,252,0.0,0.0
YM,mom-3,combined_stress,84650db70559423ed6d3a99343cb21b9906380b1caa22c206bd1824738b9e5a1,b9dd5fb8409b2788,5.0,2,0.0,0.0,5,b8602e632fb6940db0d5eba01c45a618c5ff287df0d70740384aee615a551e4a,common complete dates,2025,ok,142,-4500.0,-22530.0,6010.0,12020.0,601,1202,-0.2253,-158.66197183098592,-0.3998281690140845,0.07809859896134057,-5.11953062323183,-0.22865534923084582,"conditional complete-window sum on stated capital, not live equity or intraday drawdown",0.32643779342723006,219193.50857925328,mean across entered windows; not equal-risk sizing or margin availability,142,252,0.0,0.0
YM,mom-3,combined_stress,84650db70559423ed6d3a99343cb21b9906380b1caa22c206bd1824738b9e5a1,b9dd5fb8409b2788,5.0,2,0.0,0.0,5,b8602e632fb6940db0d5eba01c45a618c5ff287df0d70740384aee615a551e4a,common complete dates,2026,ok,109,6370.0,-7250.0,4540.0,9080.0,454,908,-0.0725,-66.5137614678899,-0.16761467889908255,0.07344676680097512,-2.282124676138327,-0.10150524856407209,"conditional complete-window sum on stated capital, not live equity or intraday drawdown",0.3409785932721712,248264.04969418963,mean across entered windows; not equal-risk sizing or margin availability,109,252,0.0,0.0
YM,mom-6,base,84650db70559423ed6d3a99343cb21b9906380b1caa22c206bd1824738b9e5a1,8c168d3be0097255,2.5,1,0.0,0.0,1,b8602e632fb6940db0d5eba01c45a618c5ff287df0d70740384aee615a551e4a,common complete dates,whole,ok,1901,6230.0,-87130.0,31120.0,62240.0,6224,12448,-0.8713,-45.83377169910573,-0.11550110468174644,0.049207700122144954,-2.347216073806454,-0.8985,"conditional complete-window sum on stated capital, not live equity or intraday drawdown",0.34719665088549884,164553.18759550113,mean across entered windows; not equal-risk sizing or margin availability,1901,252,0.0,0.0
YM,mom-6,base,84650db70559423ed6d3a99343cb21b9906380b1caa22c206bd1824738b9e5a1,8c168d3be0097255,2.5,1,0.0,0.0,1,b8602e632fb6940db0d5eba01c45a618c5ff287df0d70740384aee615a551e4a,common complete dates,development,ok,970,-2090.0,-50120.0,16010.0,32020.0,3202,6404,-0.5012,-51.670103092783506,-0.13020865979381444,0.04231892671145665,-3.076842205418318,-0.5285,"conditional complete-window sum on stated capital, not live equity or intraday drawdown",0.3501288659793814,137557.85838242515,mean across entered windows; not equal-risk sizing or margin availability,970,252,0.0,0.0
YM,mom-6,base,84650db70559423ed6d3a99343cb21b9906380b1caa22c206bd1824738b9e5a1,8c168d3be0097255,2.5,1,0.0,0.0,1,b8602e632fb6940db0d5eba01c45a618c5ff287df0d70740384aee615a551e4a,common complete dates,validation,ok,467,5550.0,-16980.0,7510.0,15020.0,1502,3004,-0.1698,-36.359743040685224,-0.09162655246252677,0.04489962461469448,-2.0406975169351367,-0.1798063623789765,"conditional complete-window sum on stated capital, not live equity or intraday drawdown",0.34145253390435404,167565.460206995,mean across entered windows; not equal-risk sizing or margin availability,467,252,0.0,0.0
YM,mom-6,base,84650db70559423ed6d3a99343cb21b9906380b1caa22c206bd1824738b9e5a1,8c168d3be0097255,2.5,1,0.0,0.0,1,b8602e632fb6940db0d5eba01c45a618c5ff287df0d70740384aee615a551e4a,common complete dates,historical_final,ok,464,2770.0,-20030.0,7600.0,15200.0,1520,3040,-0.2003,-43.168103448275865,-0.10878362068965518,0.06446096213077149,-1.6875891561929628,-0.2275,"conditional complete-window sum on stated capital, not live equity or intraday drawdown",0.34684806034482757,217955.64024014777,mean across entered windows; not equal-risk sizing or margin availability,464,252,0.0,0.0
YM,mom-6,base,84650db70559423ed6d3a99343cb21b9906380b1caa22c206bd1824738b9e5a1,8c168d3be0097255,2.5,1,0.0,0.0,1,b8602e632fb6940db0d5eba01c45a618c5ff287df0d70740384aee615a551e4a,common complete dates,2016,ok,27,-875.0,-2135.0,420.0,840.0,84,168,-0.02135,-79.07407407407408,-0.19926666666666668,0.019484596151305964,-10.22688205181562,-0.02135,"conditional complete-window sum on stated capital, not live equity or intraday drawdown",0.3194444444444444,92043.96604938273,mean across entered windows; not equal-risk sizing or margin availability,27,252,0.0,0.0
YM,mom-6,base,84650db70559423ed6d3a99343cb21b9906380b1caa22c206bd1824738b9e5a1,8c168d3be0097255,2.5,1,0.0,0.0,1,b8602e632fb6940db0d5eba01c45a618c5ff287df0d70740384aee615a551e4a,common complete dates,2017,ok,49,795.0,-1635.0,810.0,1620.0,162,324,-0.01635,-33.36734693877551,-0.08408571428571429,0.01844265242776723,-4.559306998548374,-0.020111787603553248,"conditional complete-window sum on stated capital, not live equity or intraday drawdown",0.35246598639455784,110864.34863945577,mean across entered windows; not equal-risk sizing or margin availability,49,252,0.0,0.0
YM,mom-6,base,84650db70559423ed6d3a99343cb21b9906380b1caa22c206bd1824738b9e5a1,8c168d3be0097255,2.5,1,0.0,0.0,1,b8602e632fb6940db0d5eba01c45a618c5ff287df0d70740384aee615a551e4a,common complete dates,2018,ok,212,2030.0,-8020.0,3350.0,6700.0,670,1340,-0.0802,-37.83018867924528,-0.09533207547169811,0.036623152464419065,-2.6030548725786846,-0.0807056119134476,"conditional complete-window sum on stated capital, not live equity or intraday drawdown",0.347189465408805,125112.5006176999,mean across entered windows; not equal-risk sizing or margin availability,212,252,0.0,0.0
YM,mom-6,base,84650db70559423ed6d3a99343cb21b9906380b1caa22c206bd1824738b9e5a1,8c168d3be0097255,2.5,1,0.0,0.0,1,b8602e632fb6940db0d5eba01c45a618c5ff287df0d70740384aee615a551e4a,common complete dates,2019,ok,220,880.0,-10055.0,3645.0,7290.0,729,1458,-0.10055,-45.70454545454545,-0.11517545454545455,0.03182307525882777,-3.6192433826301786,-0.10081975407377787,"conditional complete-window sum on stated capital, not live equity or intraday drawdown",0.3506628787878788,131038.94637445889,mean across entered windows; not equal-risk sizing or margin availability,220,252,0.0,0.0
YM,mom-6,base,84650db70559423ed6d3a99343cb21b9906380b1caa22c206bd1824738b9e5a1,8c168d3be0097255,2.5,1,0.0,0.0,1,b8602e632fb6940db0d5eba01c45a618c5ff287df0d70740384aee615a551e4a,common complete dates,2020,ok,233,-6435.0,-18285.0,3950.0,7900.0,790,1580,-0.18285,-78.47639484978541,-0.19776051502145922,0.05982924696470343,-3.3054154122669983,-0.1960901954902255,"conditional complete-window sum on stated capital, not live equity or intraday drawdown",0.35264663805436336,134567.26134273453,mean across entered windows; not equal-risk sizing or margin availability,233,252,0.0,0.0
YM,mom-6,base,84650db70559423ed6d3a99343cb21b9906380b1caa22c206bd1824738b9e5a1,8c168d3be0097255,2.5,1,0.0,0.0,1,b8602e632fb6940db0d5eba01c45a618c5ff287df0d70740384aee615a551e4a,common complete dates,2021,ok,229,1515.0,-9990.0,3835.0,7670.0,767,1534,-0.0999,-43.624454148471614,-0.10993362445414846,0.04013124362075489,-2.7393525476816647,-0.12946339517255137,"conditional complete-window sum on stated capital, not live equity or intraday drawdown",0.3528930131004367,169462.84820128925,mean across entered windows; not equal-risk sizing or margin availability,229,252,0.0,0.0
YM,mom-6,base,84650db70559423ed6d3a99343cb21b9906380b1caa22c206bd1824738b9e5a1,8c168d3be0097255,2.5,1,0.0,0.0,1,b8602e632fb6940db0d5eba01c45a618c5ff287df0d70740384aee615a551e4a,common complete dates,2022,ok,239,5740.0,-5495.0,3745.0,7490.0,749,1498,-0.05495,-22.99163179916318,-0.05793891213389121,0.05436239767137623,-1.0657902266219974,-0.12161628136731871,"conditional complete-window sum on stated capital, not live equity or intraday drawdown",0.34048117154811713,164592.0069735007,mean across entered windows; not equal-risk sizing or margin availability,239,252,0.0,0.0
YM,mom-6,base,84650db70559423ed6d3a99343cb21b9906380b1caa22c206bd1824738b9e5a1,8c168d3be0097255,2.5,1,0.0,0.0,1,b8602e632fb6940db0d5eba01c45a618c5ff287df0d70740384aee615a551e4a,common complete dates,2023,ok,228,-190.0,-11485.0,3765.0,7530.0,753,1506,-0.11485,-50.37280701754386,-0.12693947368421055,0.032098833569278354,-3.954644439345102,-0.12069736253911488,"conditional complete-window sum on stated capital, not live equity or intraday drawdown",0.34247076023391815,170682.36951754385,mean across entered windows; not equal-risk sizing or margin availability,228,252,0.0,0.0
YM,mom-6,base,84650db70559423ed6d3a99343cb21b9906380b1caa22c206bd1824738b9e5a1,8c168d3be0097255,2.5,1,0.0,0.0,1,b8602e632fb6940db0d5eba01c45a618c5ff287df0d70740384aee615a551e4a,common complete dates,2024,ok,213,-3040.0,-13930.0,3630.0,7260.0,726,1452,-0.1393,-65.39906103286386,-0.1648056338028169,0.03824454179895008,-4.309258943908731,-0.1417,"conditional complete-window sum on stated capital, not live equity or intraday drawdown",0.3389084507042254,201612.72982338475,mean across entered windows; not equal-risk sizing or margin availability,213,252,0.0,0.0
YM,mom-6,base,84650db70559423ed6d3a99343cb21b9906380b1caa22c206bd1824738b9e5a1,8c168d3be0097255,2.5,1,0.0,0.0,1,b8602e632fb6940db0d5eba01c45a618c5ff287df0d70740384aee615a551e4a,common complete dates,2025,ok,142,1405.0,-5300.0,2235.0,4470.0,447,894,-0.053,-37.32394366197183,-0.09405633802816903,0.07731949164236261,-1.2164634819797036,-0.07010997643362137,"conditional complete-window sum on stated capital, not live equity or intraday drawdown",0.3500586854460094,219202.361167002,mean across entered windows; not equal-risk sizing or margin availability,142,252,0.0,0.0
YM,mom-6,base,84650db70559423ed6d3a99343cb21b9906380b1caa22c206bd1824738b9e5a1,8c168d3be0097255,2.5,1,0.0,0.0,1,b8602e632fb6940db0d5eba01c45a618c5ff287df0d70740384aee615a551e4a,common complete dates,2026,ok,109,4405.0,-800.0,1735.0,3470.0,347,694,-0.008,-7.339449541284404,-0.0184954128440367,0.08413735775158952,-0.2198240274985018,-0.054256726951918834,"conditional complete-window sum on stated capital, not live equity or intraday drawdown",0.3581804281345566,248267.61773700308,mean across entered windows; not equal-risk sizing or margin availability,109,252,0.0,0.0
YM,mom-6,gross_reference,84650db70559423ed6d3a99343cb21b9906380b1caa22c206bd1824738b9e5a1,596b74f0819f969c,0.0,0,0.0,0.0,1,b8602e632fb6940db0d5eba01c45a618c5ff287df0d70740384aee615a551e4a,common complete dates,whole,ok,1901,6230.0,6230.0,0.0,0.0,6224,12448,0.0623,3.2772225144660703,0.008258600736454498,0.048349221999804494,0.17081145041977908,-0.11694899033400326,"conditional complete-window sum on stated capital, not live equity or intraday drawdown",0.34719665088549884,164553.18759550113,mean across entered windows; not equal-risk sizing or margin availability,1901,252,0.0,0.0
YM,mom-6,gross_reference,84650db70559423ed6d3a99343cb21b9906380b1caa22c206bd1824738b9e5a1,596b74f0819f969c,0.0,0,0.0,0.0,1,b8602e632fb6940db0d5eba01c45a618c5ff287df0d70740384aee615a551e4a,common complete dates,development,ok,970,-2090.0,-2090.0,0.0,0.0,3202,6404,-0.0209,-2.154639175257732,-0.005429690721649484,0.041501310850819456,-0.1308317884504189,-0.11694899033400326,"conditional complete-window sum on stated capital, not live equity or intraday drawdown",0.3501288659793814,137557.85838242515,mean across entered windows; not equal-risk sizing or margin availability,970,252,0.0,0.0
YM,mom-6,gross_reference,84650db70559423ed6d3a99343cb21b9906380b1caa22c206bd1824738b9e5a1,596b74f0819f969c,0.0,0,0.0,0.0,1,b8602e632fb6940db0d5eba01c45a618c5ff287df0d70740384aee615a551e4a,common complete dates,validation,ok,467,5550.0,5550.0,0.0,0.0,1502,3004,0.0555,11.884368308351178,0.029948608137044967,0.043967146148541386,0.6811587915182099,-0.062167749556999406,"conditional complete-window sum on stated capital, not live equity or intraday drawdown",0.34145253390435404,167565.460206995,mean across entered windows; not equal-risk sizing or margin availability,467,252,0.0,0.0
YM,mom-6,gross_reference,84650db70559423ed6d3a99343cb21b9906380b1caa22c206bd1824738b9e5a1,596b74f0819f969c,0.0,0,0.0,0.0,1,b8602e632fb6940db0d5eba01c45a618c5ff287df0d70740384aee615a551e4a,common complete dates,historical_final,ok,464,2770.0,2770.0,0.0,0.0,1520,3040,0.0277,5.969827586206897,0.015043965517241381,0.06355312843790172,0.23671479102623502,-0.0494203477913252,"conditional complete-window sum on stated capital, not live equity or intraday drawdown",0.34684806034482757,217955.64024014777,mean across entered windows; not equal-risk sizing or margin availability,464,252,0.0,0.0
YM,mom-6,gross_reference,84650db70559423ed6d3a99343cb21b9906380b1caa22c206bd1824738b9e5a1,596b74f0819f969c,0.0,0,0.0,0.0,1,b8602e632fb6940db0d5eba01c45a618c5ff287df0d70740384aee615a551e4a,common complete dates,2016,ok,27,-875.0,-875.0,0.0,0.0,84,168,-0.00875,-32.407407407407405,-0.08166666666666667,0.018795055268982386,-4.345114472817845,-0.00945,"conditional complete-window sum on stated capital, not live equity or intraday drawdown",0.3194444444444444,92043.96604938273,mean across entered windows; not equal-risk sizing or margin availability,27,252,0.0,0.0
YM,mom-6,gross_reference,84650db70559423ed6d3a99343cb21b9906380b1caa22c206bd1824738b9e5a1,596b74f0819f969c,0.0,0,0.0,0.0,1,b8602e632fb6940db0d5eba01c45a618c5ff287df0d70740384aee615a551e4a,common complete dates,2017,ok,49,795.0,795.0,0.0,0.0,162,324,0.00795,16.224489795918366,0.04088571428571428,0.01689079419599412,2.420591584462671,-0.0049800796812749,"conditional complete-window sum on stated capital, not live equity or intraday drawdown",0.35246598639455784,110864.34863945577,mean across entered windows; not equal-risk sizing or margin availability,49,252,0.0,0.0
YM,mom-6,gross_reference,84650db70559423ed6d3a99343cb21b9906380b1caa22c206bd1824738b9e5a1,596b74f0819f969c,0.0,0,0.0,0.0,1,b8602e632fb6940db0d5eba01c45a618c5ff287df0d70740384aee615a551e4a,common complete dates,2018,ok,212,2030.0,2030.0,0.0,0.0,670,1340,0.0203,9.575471698113208,0.024130188679245285,0.035690944141277464,0.6760871492703978,-0.027493544993784067,"conditional complete-window sum on stated capital, not live equity or intraday drawdown",0.347189465408805,125112.5006176999,mean across entered windows; not equal-risk sizing or margin availability,212,252,0.0,0.0
YM,mom-6,gross_reference,84650db70559423ed6d3a99343cb21b9906380b1caa22c206bd1824738b9e5a1,596b74f0819f969c,0.0,0,0.0,0.0,1,b8602e632fb6940db0d5eba01c45a618c5ff287df0d70740384aee615a551e4a,common complete dates,2019,ok,220,880.0,880.0,0.0,0.0,729,1458,0.0088,4.0,0.01008,0.030946655826588357,0.3257217857879039,-0.01350090824291816,"conditional complete-window sum on stated capital, not live equity or intraday drawdown",0.3506628787878788,131038.94637445889,mean across entered windows; not equal-risk sizing or margin availability,220,252,0.0,0.0
YM,mom-6,gross_reference,84650db70559423ed6d3a99343cb21b9906380b1caa22c206bd1824738b9e5a1,596b74f0819f969c,0.0,0,0.0,0.0,1,b8602e632fb6940db0d5eba01c45a618c5ff287df0d70740384aee615a551e4a,common complete dates,2020,ok,233,-6435.0,-6435.0,0.0,0.0,790,1580,-0.06435,-27.61802575107296,-0.06959742489270386,0.05914829389894386,-1.1766598883073884,-0.10823071937783539,"conditional complete-window sum on stated capital, not live equity or intraday drawdown",0.35264663805436336,134567.26134273453,mean across entered windows; not equal-risk sizing or margin availability,233,252,0.0,0.0
YM,mom-6,gross_reference,84650db70559423ed6d3a99343cb21b9906380b1caa22c206bd1824738b9e5a1,596b74f0819f969c,0.0,0,0.0,0.0,1,b8602e632fb6940db0d5eba01c45a618c5ff287df0d70740384aee615a551e4a,common complete dates,2021,ok,229,1515.0,1515.0,0.0,0.0,767,1534,0.01515,6.615720524017467,0.01667161572052402,0.03916215586315632,0.42570730219192654,-0.05340500024656048,"conditional complete-window sum on stated capital, not live equity or intraday drawdown",0.3528930131004367,169462.84820128925,mean across entered windows; not equal-risk sizing or margin availability,229,252,0.0,0.0
YM,mom-6,gross_reference,84650db70559423ed6d3a99343cb21b9906380b1caa22c206bd1824738b9e5a1,596b74f0819f969c,0.0,0,0.0,0.0,1,b8602e632fb6940db0d5eba01c45a618c5ff287df0d70740384aee615a551e4a,common complete dates,2022,ok,239,5740.0,5740.0,0.0,0.0,749,1498,0.0574,24.01673640167364,0.060522175732217576,0.053499636655994276,1.1312633041113649,-0.062167749556999406,"conditional complete-window sum on stated capital, not live equity or intraday drawdown",0.34048117154811713,164592.0069735007,mean across entered windows; not equal-risk sizing or margin availability,239,252,0.0,0.0
YM,mom-6,gross_reference,84650db70559423ed6d3a99343cb21b9906380b1caa22c206bd1824738b9e5a1,596b74f0819f969c,0.0,0,0.0,0.0,1,b8602e632fb6940db0d5eba01c45a618c5ff287df0d70740384aee615a551e4a,common complete dates,2023,ok,228,-190.0,-190.0,0.0,0.0,753,1506,-0.0019,-0.8333333333333334,-0.0021000000000000003,0.030975844646140806,-0.06779476149850955,-0.04177804177804178,"conditional complete-window sum on stated capital, not live equity or intraday drawdown",0.34247076023391815,170682.36951754385,mean across entered windows; not equal-risk sizing or margin availability,228,252,0.0,0.0
YM,mom-6,gross_reference,84650db70559423ed6d3a99343cb21b9906380b1caa22c206bd1824738b9e5a1,596b74f0819f969c,0.0,0,0.0,0.0,1,b8602e632fb6940db0d5eba01c45a618c5ff287df0d70740384aee615a551e4a,common complete dates,2024,ok,213,-3040.0,-3040.0,0.0,0.0,726,1452,-0.0304,-14.272300469483568,-0.03596619718309859,0.037189187894507585,-0.9671143474582403,-0.0494203477913252,"conditional complete-window sum on stated capital, not live equity or intraday drawdown",0.3389084507042254,201612.72982338475,mean across entered windows; not equal-risk sizing or margin availability,213,252,0.0,0.0
YM,mom-6,gross_reference,84650db70559423ed6d3a99343cb21b9906380b1caa22c206bd1824738b9e5a1,596b74f0819f969c,0.0,0,0.0,0.0,1,b8602e632fb6940db0d5eba01c45a618c5ff287df0d70740384aee615a551e4a,common complete dates,2025,ok,142,1405.0,1405.0,0.0,0.0,447,894,0.01405,9.894366197183098,0.024933802816901406,0.07636664871500153,0.32650120486436107,-0.0416527026380045,"conditional complete-window sum on stated capital, not live equity or intraday drawdown",0.3500586854460094,219202.361167002,mean across entered windows; not equal-risk sizing or margin availability,142,252,0.0,0.0
YM,mom-6,gross_reference,84650db70559423ed6d3a99343cb21b9906380b1caa22c206bd1824738b9e5a1,596b74f0819f969c,0.0,0,0.0,0.0,1,b8602e632fb6940db0d5eba01c45a618c5ff287df0d70740384aee615a551e4a,common complete dates,2026,ok,109,4405.0,4405.0,0.0,0.0,347,694,0.04405,40.41284403669725,0.10184036697247707,0.08328039884513212,1.2228611820394737,-0.030095164484807497,"conditional complete-window sum on stated capital, not live equity or intraday drawdown",0.3581804281345566,248267.61773700308,mean across entered windows; not equal-risk sizing or margin availability,109,252,0.0,0.0
YM,mom-6,cost_stress,84650db70559423ed6d3a99343cb21b9906380b1caa22c206bd1824738b9e5a1,7596c893db34a610,5.0,2,0.0,0.0,1,b8602e632fb6940db0d5eba01c45a618c5ff287df0d70740384aee615a551e4a,common complete dates,whole,ok,1901,6230.0,-180490.0,62240.0,124480.0,6224,12448,-1.8049,-94.94476591267754,-0.2392608100999474,0.05021409386894545,-4.764813853345595,-1.82985,"conditional complete-window sum on stated capital, not live equity or intraday drawdown",0.34719665088549884,164553.18759550113,mean across entered windows; not equal-risk sizing or margin availability,1901,252,0.0,0.0
YM,mom-6,cost_stress,84650db70559423ed6d3a99343cb21b9906380b1caa22c206bd1824738b9e5a1,7596c893db34a610,5.0,2,0.0,0.0,1,b8602e632fb6940db0d5eba01c45a618c5ff287df0d70740384aee615a551e4a,common complete dates,development,ok,970,-2090.0,-98150.0,32020.0,64040.0,3202,6404,-0.9815,-101.18556701030928,-0.2549876288659794,0.04330791286933696,-5.887783824524058,-0.9941,"conditional complete-window sum on stated capital, not live equity or intraday drawdown",0.3501288659793814,137557.85838242515,mean across entered windows; not equal-risk sizing or margin availability,970,252,0.0,0.0
YM,mom-6,cost_stress,84650db70559423ed6d3a99343cb21b9906380b1caa22c206bd1824738b9e5a1,7596c893db34a610,5.0,2,0.0,0.0,1,b8602e632fb6940db0d5eba01c45a618c5ff287df0d70740384aee615a551e4a,common complete dates,validation,ok,467,5550.0,-39510.0,15020.0,30040.0,1502,3004,-0.3951,-84.60385438972163,-0.2132017130620985,0.0459889159805586,-4.635936910368309,-0.40025778306563553,"conditional complete-window sum on stated capital, not live equity or intraday drawdown",0.34145253390435404,167565.460206995,mean across entered windows; not equal-risk sizing or margin availability,467,252,0.0,0.0
YM,mom-6,cost_stress,84650db70559423ed6d3a99343cb21b9906380b1caa22c206bd1824738b9e5a1,7596c893db34a610,5.0,2,0.0,0.0,1,b8602e632fb6940db0d5eba01c45a618c5ff287df0d70740384aee615a551e4a,common complete dates,historical_final,ok,464,2770.0,-42830.0,15200.0,30400.0,1520,3040,-0.4283,-92.30603448275862,-0.2326112068965517,0.06548472989177162,-3.5521442522706375,-0.45325,"conditional complete-window sum on stated capital, not live equity or intraday drawdown",0.34684806034482757,217955.64024014777,mean across entered windows; not equal-risk sizing or margin availability,464,252,0.0,0.0
YM,mom-6,cost_stress,84650db70559423ed6d3a99343cb21b9906380b1caa22c206bd1824738b9e5a1,7596c893db34a610,5.0,2,0.0,0.0,1,b8602e632fb6940db0d5eba01c45a618c5ff287df0d70740384aee615a551e4a,common complete dates,2016,ok,27,-875.0,-3395.0,840.0,1680.0,84,168,-0.03395,-125.74074074074075,-0.3168666666666667,0.020479752352268725,-15.472192300780657,-0.03395,"conditional complete-window sum on stated capital, not live equity or intraday drawdown",0.3194444444444444,92043.96604938273,mean across entered windows; not equal-risk sizing or margin availability,27,252,0.0,0.0
YM,mom-6,cost_stress,84650db70559423ed6d3a99343cb21b9906380b1caa22c206bd1824738b9e5a1,7596c893db34a610,5.0,2,0.0,0.0,1,b8602e632fb6940db0d5eba01c45a618c5ff287df0d70740384aee615a551e4a,common complete dates,2017,ok,49,795.0,-4065.0,1620.0,3240.0,162,324,-0.04065,-82.95918367346938,-0.20905714285714286,0.020334400830682404,-10.280959080028476,-0.04065,"conditional complete-window sum on stated capital, not live equity or intraday drawdown",0.35246598639455784,110864.34863945577,mean across entered windows; not equal-risk sizing or margin availability,49,252,0.0,0.0
YM,mom-6,cost_stress,84650db70559423ed6d3a99343cb21b9906380b1caa22c206bd1824738b9e5a1,7596c893db34a610,5.0,2,0.0,0.0,1,b8602e632fb6940db0d5eba01c45a618c5ff287df0d70740384aee615a551e4a,common complete dates,2018,ok,212,2030.0,-18070.0,6700.0,13400.0,670,1340,-0.1807,-85.23584905660377,-0.2147943396226415,0.03773254361339081,-5.692548634500582,-0.1807,"conditional complete-window sum on stated capital, not live equity or intraday drawdown",0.347189465408805,125112.5006176999,mean across entered windows; not equal-risk sizing or margin availability,212,252,0.0,0.0
YM,mom-6,cost_stress,84650db70559423ed6d3a99343cb21b9906380b1caa22c206bd1824738b9e5a1,7596c893db34a610,5.0,2,0.0,0.0,1,b8602e632fb6940db0d5eba01c45a618c5ff287df0d70740384aee615a551e4a,common complete dates,2019,ok,220,880.0,-20990.0,7290.0,14580.0,729,1458,-0.2099,-95.4090909090909,-0.24043090909090908,0.032906041150664346,-7.306588719988123,-0.2099,"conditional complete-window sum on stated capital, not live equity or intraday drawdown",0.3506628787878788,131038.94637445889,mean across entered windows; not equal-risk sizing or margin availability,220,252,0.0,0.0
YM,mom-6,cost_stress,84650db70559423ed6d3a99343cb21b9906380b1caa22c206bd1824738b9e5a1,7596c893db34a610,5.0,2,0.0,0.0,1,b8602e632fb6940db0d5eba01c45a618c5ff287df0d70740384aee615a551e4a,common complete dates,2020,ok,233,-6435.0,-30135.0,7900.0,15800.0,790,1580,-0.30135,-129.33476394849785,-0.32592360515021457,0.06064353419453202,-5.374416406944861,-0.30335,"conditional complete-window sum on stated capital, not live equity or intraday drawdown",0.35264663805436336,134567.26134273453,mean across entered windows; not equal-risk sizing or margin availability,233,252,0.0,0.0
YM,mom-6,cost_stress,84650db70559423ed6d3a99343cb21b9906380b1caa22c206bd1824738b9e5a1,7596c893db34a610,5.0,2,0.0,0.0,1,b8602e632fb6940db0d5eba01c45a618c5ff287df0d70740384aee615a551e4a,common complete dates,2021,ok,229,1515.0,-21495.0,7670.0,15340.0,767,1534,-0.21495,-93.8646288209607,-0.23653886462882096,0.04128403545614228,-5.729548044790968,-0.22909181636726547,"conditional complete-window sum on stated capital, not live equity or intraday drawdown",0.3528930131004367,169462.84820128925,mean across entered windows; not equal-risk sizing or margin availability,229,252,0.0,0.0
YM,mom-6,cost_stress,84650db70559423ed6d3a99343cb21b9906380b1caa22c206bd1824738b9e5a1,7596c893db34a610,5.0,2,0.0,0.0,1,b8602e632fb6940db0d5eba01c45a618c5ff287df0d70740384aee615a551e4a,common complete dates,2022,ok,239,5740.0,-16730.0,7490.0,14980.0,749,1498,-0.1673,-70.0,-0.1764,0.055359791099571856,-3.186428208927332,-0.2029050168550466,"conditional complete-window sum on stated capital, not live equity or intraday drawdown",0.34048117154811713,164592.0069735007,mean across entered windows; not equal-risk sizing or margin availability,239,252,0.0,0.0
YM,mom-6,cost_stress,84650db70559423ed6d3a99343cb21b9906380b1caa22c206bd1824738b9e5a1,7596c893db34a610,5.0,2,0.0,0.0,1,b8602e632fb6940db0d5eba01c45a618c5ff287df0d70740384aee615a551e4a,common complete dates,2023,ok,228,-190.0,-22780.0,7530.0,15060.0,753,1506,-0.2278,-99.91228070175438,-0.25177894736842105,0.03342094069001665,-7.5335685402664705,-0.23026315789473684,"conditional complete-window sum on stated capital, not live equity or intraday drawdown",0.34247076023391815,170682.36951754385,mean across entered windows; not equal-risk sizing or margin availability,228,252,0.0,0.0
YM,mom-6,cost_stress,84650db70559423ed6d3a99343cb21b9906380b1caa22c206bd1824738b9e5a1,7596c893db34a610,5.0,2,0.0,0.0,1,b8602e632fb6940db0d5eba01c45a618c5ff287df0d70740384aee615a551e4a,common complete dates,2024,ok,213,-3040.0,-24820.0,7260.0,14520.0,726,1452,-0.2482,-116.52582159624413,-0.2936450704225352,0.03952371592326149,-7.429591665739908,-0.24855,"conditional complete-window sum on stated capital, not live equity or intraday drawdown",0.3389084507042254,201612.72982338475,mean across entered windows; not equal-risk sizing or margin availability,213,252,0.0,0.0
YM,mom-6,cost_stress,84650db70559423ed6d3a99343cb21b9906380b1caa22c206bd1824738b9e5a1,7596c893db34a610,5.0,2,0.0,0.0,1,b8602e632fb6940db0d5eba01c45a618c5ff287df0d70740384aee615a551e4a,common complete dates,2025,ok,142,1405.0,-12005.0,4470.0,8940.0,447,894,-0.12005,-84.54225352112677,-0.21304647887323944,0.07835619434982607,-2.7189487779623436,-0.12075339728217425,"conditional complete-window sum on stated capital, not live equity or intraday drawdown",0.3500586854460094,219202.361167002,mean across entered windows; not equal-risk sizing or margin availability,142,252,0.0,0.0
YM,mom-6,cost_stress,84650db70559423ed6d3a99343cb21b9906380b1caa22c206bd1824738b9e5a1,7596c893db34a610,5.0,2,0.0,0.0,1,b8602e632fb6940db0d5eba01c45a618c5ff287df0d70740384aee615a551e4a,common complete dates,2026,ok,109,4405.0,-6005.0,3470.0,6940.0,347,694,-0.06005,-55.091743119266056,-0.13883119266055044,0.08506121199426166,-1.6321327830353065,-0.09455247142645094,"conditional complete-window sum on stated capital, not live equity or intraday drawdown",0.3581804281345566,248267.61773700308,mean across entered windows; not equal-risk sizing or margin availability,109,252,0.0,0.0
YM,mom-6,delay_stress,84650db70559423ed6d3a99343cb21b9906380b1caa22c206bd1824738b9e5a1,e54729cfc3375654,2.5,1,0.0,0.0,5,b8602e632fb6940db0d5eba01c45a618c5ff287df0d70740384aee615a551e4a,common complete dates,whole,ok,1901,7265.0,-83665.0,30310.0,60620.0,6062,12124,-0.83665,-44.01104681746449,-0.11090783798001051,0.04747806234326059,-2.33598071416985,-0.8787,"conditional complete-window sum on stated capital, not live equity or intraday drawdown",0.3422431176573733,164575.6127537594,mean across entered windows; not equal-risk sizing or margin availability,1901,252,0.0,0.0
YM,mom-6,delay_stress,84650db70559423ed6d3a99343cb21b9906380b1caa22c206bd1824738b9e5a1,e54729cfc3375654,2.5,1,0.0,0.0,5,b8602e632fb6940db0d5eba01c45a618c5ff287df0d70740384aee615a551e4a,common complete dates,development,ok,970,-3770.0,-50720.0,15650.0,31300.0,3130,6260,-0.5072,-52.28865979381443,-0.13176742268041236,0.04059988870762724,-3.245511918254546,-0.53055,"conditional complete-window sum on stated capital, not live equity or intraday drawdown",0.3453393470790378,137572.26330532212,mean across entered windows; not equal-risk sizing or margin availability,970,252,0.0,0.0
YM,mom-6,delay_stress,84650db70559423ed6d3a99343cb21b9906380b1caa22c206bd1824738b9e5a1,e54729cfc3375654,2.5,1,0.0,0.0,5,b8602e632fb6940db0d5eba01c45a618c5ff287df0d70740384aee615a551e4a,common complete dates,validation,ok,467,6935.0,-14965.0,7300.0,14600.0,1460,2920,-0.14965,-32.04496788008565,-0.08075331905781584,0.04348210415276034,-1.8571621735258055,-0.15756885278383198,"conditional complete-window sum on stated capital, not live equity or intraday drawdown",0.3372591006423983,167565.113770776,mean across entered windows; not equal-risk sizing or margin availability,467,252,0.0,0.0
YM,mom-6,delay_stress,84650db70559423ed6d3a99343cb21b9906380b1caa22c206bd1824738b9e5a1,e54729cfc3375654,2.5,1,0.0,0.0,5,b8602e632fb6940db0d5eba01c45a618c5ff287df0d70740384aee615a551e4a,common complete dates,historical_final,ok,464,4100.0,-17980.0,7360.0,14720.0,1472,2944,-0.1798,-38.75,-0.09765,0.062367221724014245,-1.5657263110439352,-0.22185,"conditional complete-window sum on stated capital, not live equity or intraday drawdown",0.3407866379310345,217959.55378951153,mean across entered windows; not equal-risk sizing or margin availability,464,252,0.0,0.0
YM,mom-6,delay_stress,84650db70559423ed6d3a99343cb21b9906380b1caa22c206bd1824738b9e5a1,e54729cfc3375654,2.5,1,0.0,0.0,5,b8602e632fb6940db0d5eba01c45a618c5ff287df0d70740384aee615a551e4a,common complete dates,2016,ok,27,-1235.0,-2465.0,410.0,820.0,82,164,-0.02465,-91.29629629629629,-0.23006666666666664,0.030746048318108905,-7.4828044334777575,-0.02465,"conditional complete-window sum on stated capital, not live equity or intraday drawdown",0.3125,92045.86111111112,mean across entered windows; not equal-risk sizing or margin availability,27,252,0.0,0.0
YM,mom-6,delay_stress,84650db70559423ed6d3a99343cb21b9906380b1caa22c206bd1824738b9e5a1,e54729cfc3375654,2.5,1,0.0,0.0,5,b8602e632fb6940db0d5eba01c45a618c5ff287df0d70740384aee615a551e4a,common complete dates,2017,ok,49,925.0,-1460.0,795.0,1590.0,159,318,-0.0146,-29.79591836734694,-0.07508571428571428,0.015149345813315788,-4.956366777218615,-0.016427002196924306,"conditional complete-window sum on stated capital, not live equity or intraday drawdown",0.34778911564625853,110868.75680272108,mean across entered windows; not equal-risk sizing or margin availability,49,252,0.0,0.0
YM,mom-6,delay_stress,84650db70559423ed6d3a99343cb21b9906380b1caa22c206bd1824738b9e5a1,e54729cfc3375654,2.5,1,0.0,0.0,5,b8602e632fb6940db0d5eba01c45a618c5ff287df0d70740384aee615a551e4a,common complete dates,2018,ok,212,315.0,-9450.0,3255.0,6510.0,651,1302,-0.0945,-44.575471698113205,-0.11233018867924527,0.036271731003621896,-3.096907304149025,-0.10312624850179784,"conditional complete-window sum on stated capital, not live equity or intraday drawdown",0.34070361635220126,125115.22641509435,mean across entered windows; not equal-risk sizing or margin availability,212,252,0.0,0.0
YM,mom-6,delay_stress,84650db70559423ed6d3a99343cb21b9906380b1caa22c206bd1824738b9e5a1,e54729cfc3375654,2.5,1,0.0,0.0,5,b8602e632fb6940db0d5eba01c45a618c5ff287df0d70740384aee615a551e4a,common complete dates,2019,ok,220,-80.0,-10715.0,3545.0,7090.0,709,1418,-0.10715,-48.70454545454545,-0.12273545454545454,0.031813925761428344,-3.8579160417310323,-0.11154783820090551,"conditional complete-window sum on stated capital, not live equity or intraday drawdown",0.34460227272727273,131045.14388997608,mean across entered windows; not equal-risk sizing or margin availability,220,252,0.0,0.0
YM,mom-6,delay_stress,84650db70559423ed6d3a99343cb21b9906380b1caa22c206bd1824738b9e5a1,e54729cfc3375654,2.5,1,0.0,0.0,5,b8602e632fb6940db0d5eba01c45a618c5ff287df0d70740384aee615a551e4a,common complete dates,2020,ok,233,-5260.0,-16885.0,3875.0,7750.0,775,1550,-0.16885,-72.46781115879828,-0.1826188841201717,0.05592065543589991,-3.2656785350003985,-0.17527932960893855,"conditional complete-window sum on stated capital, not live equity or intraday drawdown",0.3490701001430615,134586.4519211118,mean across entered windows; not equal-risk sizing or margin availability,233,252,0.0,0.0
YM,mom-6,delay_stress,84650db70559423ed6d3a99343cb21b9906380b1caa22c206bd1824738b9e5a1,e54729cfc3375654,2.5,1,0.0,0.0,5,b8602e632fb6940db0d5eba01c45a618c5ff287df0d70740384aee615a551e4a,common complete dates,2021,ok,229,1565.0,-9745.0,3770.0,7540.0,754,1508,-0.09745,-42.55458515283843,-0.10723755458515283,0.03815502946232007,-2.8105745453834623,-0.12364814353351607,"conditional complete-window sum on stated capital, not live equity or intraday drawdown",0.34989082969432317,169466.19213973798,mean across entered windows; not equal-risk sizing or margin availability,229,252,0.0,0.0
YM,mom-6,delay_stress,84650db70559423ed6d3a99343cb21b9906380b1caa22c206bd1824738b9e5a1,e54729cfc3375654,2.5,1,0.0,0.0,5,b8602e632fb6940db0d5eba01c45a618c5ff287df0d70740384aee615a551e4a,common complete dates,2022,ok,239,5195.0,-5695.0,3630.0,7260.0,726,1452,-0.05695,-23.828451882845187,-0.06004769874476987,0.05358292064353263,-1.1206499762162097,-0.10818307905686546,"conditional complete-window sum on stated capital, not live equity or intraday drawdown",0.33516387726638774,164592.17573221758,mean across entered windows; not equal-risk sizing or margin availability,239,252,0.0,0.0
YM,mom-6,delay_stress,84650db70559423ed6d3a99343cb21b9906380b1caa22c206bd1824738b9e5a1,e54729cfc3375654,2.5,1,0.0,0.0,5,b8602e632fb6940db0d5eba01c45a618c5ff287df0d70740384aee615a551e4a,common complete dates,2023,ok,228,1740.0,-9270.0,3670.0,7340.0,734,1468,-0.0927,-40.6578947368421,-0.1024578947368421,0.02945178192988247,-3.4788351679626537,-0.09536866244578493,"conditional complete-window sum on stated capital, not live equity or intraday drawdown",0.33945540935672514,170681.48303049293,mean across entered windows; not equal-risk sizing or margin availability,228,252,0.0,0.0
YM,mom-6,delay_stress,84650db70559423ed6d3a99343cb21b9906380b1caa22c206bd1824738b9e5a1,e54729cfc3375654,2.5,1,0.0,0.0,5,b8602e632fb6940db0d5eba01c45a618c5ff287df0d70740384aee615a551e4a,common complete dates,2024,ok,213,-3100.0,-13690.0,3530.0,7060.0,706,1412,-0.1369,-64.27230046948357,-0.1619661971830986,0.035559399389363075,-4.554806885505152,-0.13715,"conditional complete-window sum on stated capital, not live equity or intraday drawdown",0.3344092331768388,201616.74974849095,mean across entered windows; not equal-risk sizing or margin availability,213,252,0.0,0.0
YM,mom-6,delay_stress,84650db70559423ed6d3a99343cb21b9906380b1caa22c206bd1824738b9e5a1,e54729cfc3375654,2.5,1,0.0,0.0,5,b8602e632fb6940db0d5eba01c45a618c5ff287df0d70740384aee615a551e4a,common complete dates,2025,ok,142,-260.0,-6740.0,2160.0,4320.0,432,864,-0.0674,-47.46478873239437,-0.1196112676056338,0.07619451500909225,-1.5698146722419677,-0.0737908431820439,"conditional complete-window sum on stated capital, not live equity or intraday drawdown",0.34330985915492956,219205.21135144198,mean across entered windows; not equal-risk sizing or margin availability,142,252,0.0,0.0
YM,mom-6,delay_stress,84650db70559423ed6d3a99343cb21b9906380b1caa22c206bd1824738b9e5a1,e54729cfc3375654,2.5,1,0.0,0.0,5,b8602e632fb6940db0d5eba01c45a618c5ff287df0d70740384aee615a551e4a,common complete dates,2026,ok,109,7460.0,2450.0,1670.0,3340.0,334,668,0.0245,22.477064220183486,0.05664220183486239,0.08051881112481808,0.7034654516577148,-0.035679230467216334,"conditional complete-window sum on stated capital, not live equity or intraday drawdown",0.3499617737003058,248272.70871559635,mean across entered windows; not equal-risk sizing or margin availability,109,252,0.0,0.0
YM,mom-6,combined_stress,84650db70559423ed6d3a99343cb21b9906380b1caa22c206bd1824738b9e5a1,6232bb0610827047,5.0,2,0.0,0.0,5,b8602e632fb6940db0d5eba01c45a618c5ff287df0d70740384aee615a551e4a,common complete dates,whole,ok,1901,7265.0,-174595.0,60620.0,121240.0,6062,12124,-1.74595,-91.84376643871647,-0.2314462914255655,0.048093211237113805,-4.812452432932096,-1.77255,"conditional complete-window sum on stated capital, not live equity or intraday drawdown",0.3422431176573733,164575.6127537594,mean across entered windows; not equal-risk sizing or margin availability,1901,252,0.0,0.0
YM,mom-6,combined_stress,84650db70559423ed6d3a99343cb21b9906380b1caa22c206bd1824738b9e5a1,6232bb0610827047,5.0,2,0.0,0.0,5,b8602e632fb6940db0d5eba01c45a618c5ff287df0d70740384aee615a551e4a,common complete dates,development,ok,970,-3770.0,-97670.0,31300.0,62600.0,3130,6260,-0.9767,-100.69072164948453,-0.253740618556701,0.04120177611288393,-6.158487388055962,-0.9884,"conditional complete-window sum on stated capital, not live equity or intraday drawdown",0.3453393470790378,137572.26330532212,mean across entered windows; not equal-risk sizing or margin availability,970,252,0.0,0.0
YM,mom-6,combined_stress,84650db70559423ed6d3a99343cb21b9906380b1caa22c206bd1824738b9e5a1,6232bb0610827047,5.0,2,0.0,0.0,5,b8602e632fb6940db0d5eba01c45a618c5ff287df0d70740384aee615a551e4a,common complete dates,validation,ok,467,6935.0,-36865.0,14600.0,29200.0,1460,2920,-0.36865,-78.94004282655246,-0.1989289079229122,0.04406813706142848,-4.514121113075795,-0.37229071385961426,"conditional complete-window sum on stated capital, not live equity or intraday drawdown",0.3372591006423983,167565.113770776,mean across entered windows; not equal-risk sizing or margin availability,467,252,0.0,0.0
YM,mom-6,combined_stress,84650db70559423ed6d3a99343cb21b9906380b1caa22c206bd1824738b9e5a1,6232bb0610827047,5.0,2,0.0,0.0,5,b8602e632fb6940db0d5eba01c45a618c5ff287df0d70740384aee615a551e4a,common complete dates,historical_final,ok,464,4100.0,-40060.0,14720.0,29440.0,1472,2944,-0.4006,-86.33620689655173,-0.21756724137931036,0.06304815505242804,-3.4508105938768727,-0.4272,"conditional complete-window sum on stated capital, not live equity or intraday drawdown",0.3407866379310345,217959.55378951153,mean across entered windows; not equal-risk sizing or margin availability,464,252,0.0,0.0
YM,mom-6,combined_stress,84650db70559423ed6d3a99343cb21b9906380b1caa22c206bd1824738b9e5a1,6232bb0610827047,5.0,2,0.0,0.0,5,b8602e632fb6940db0d5eba01c45a618c5ff287df0d70740384aee615a551e4a,common complete dates,2016,ok,27,-1235.0,-3695.0,820.0,1640.0,82,164,-0.03695,-136.85185185185185,-0.34486666666666665,0.03123437865968219,-11.041252666627425,-0.03695,"conditional complete-window sum on stated capital, not live equity or intraday drawdown",0.3125,92045.86111111112,mean across entered windows; not equal-risk sizing or margin availability,27,252,0.0,0.0
YM,mom-6,combined_stress,84650db70559423ed6d3a99343cb21b9906380b1caa22c206bd1824738b9e5a1,6232bb0610827047,5.0,2,0.0,0.0,5,b8602e632fb6940db0d5eba01c45a618c5ff287df0d70740384aee615a551e4a,common complete dates,2017,ok,49,925.0,-3845.0,1590.0,3180.0,159,318,-0.03845,-78.46938775510205,-0.19774285714285716,0.016569674322172333,-11.93402195468936,-0.03845,"conditional complete-window sum on stated capital, not live equity or intraday drawdown",0.34778911564625853,110868.75680272108,mean across entered windows; not equal-risk sizing or margin availability,49,252,0.0,0.0
YM,mom-6,combined_stress,84650db70559423ed6d3a99343cb21b9906380b1caa22c206bd1824738b9e5a1,6232bb0610827047,5.0,2,0.0,0.0,5,b8602e632fb6940db0d5eba01c45a618c5ff287df0d70740384aee615a551e4a,common complete dates,2018,ok,212,315.0,-19215.0,6510.0,13020.0,651,1302,-0.19215,-90.63679245283019,-0.2284047169811321,0.03692718874215125,-6.185272282057452,-0.1951707243913413,"conditional complete-window sum on stated capital, not live equity or intraday drawdown",0.34070361635220126,125115.22641509435,mean across entered windows; not equal-risk sizing or margin availability,212,252,0.0,0.0
YM,mom-6,combined_stress,84650db70559423ed6d3a99343cb21b9906380b1caa22c206bd1824738b9e5a1,6232bb0610827047,5.0,2,0.0,0.0,5,b8602e632fb6940db0d5eba01c45a618c5ff287df0d70740384aee615a551e4a,common complete dates,2019,ok,220,-80.0,-21350.0,7090.0,14180.0,709,1418,-0.2135,-97.04545454545455,-0.24455454545454547,0.0326564072426455,-7.488715572336,-0.21467798302546182,"conditional complete-window sum on stated capital, not live equity or intraday drawdown",0.34460227272727273,131045.14388997608,mean across entered windows; not equal-risk sizing or margin availability,220,252,0.0,0.0
YM,mom-6,combined_stress,84650db70559423ed6d3a99343cb21b9906380b1caa22c206bd1824738b9e5a1,6232bb0610827047,5.0,2,0.0,0.0,5,b8602e632fb6940db0d5eba01c45a618c5ff287df0d70740384aee615a551e4a,common complete dates,2020,ok,233,-5260.0,-28510.0,7750.0,15500.0,775,1550,-0.2851,-122.36051502145922,-0.30834849785407725,0.056285604182574306,-5.478283520842798,-0.28745,"conditional complete-window sum on stated capital, not live equity or intraday drawdown",0.3490701001430615,134586.4519211118,mean across entered windows; not equal-risk sizing or margin availability,233,252,0.0,0.0
YM,mom-6,combined_stress,84650db70559423ed6d3a99343cb21b9906380b1caa22c206bd1824738b9e5a1,6232bb0610827047,5.0,2,0.0,0.0,5,b8602e632fb6940db0d5eba01c45a618c5ff287df0d70740384aee615a551e4a,common complete dates,2021,ok,229,1565.0,-21055.0,7540.0,15080.0,754,1508,-0.21055,-91.94323144104804,-0.23169694323144105,0.038890285318016825,-5.957707466962247,-0.22372492264697075,"conditional complete-window sum on stated capital, not live equity or intraday drawdown",0.34989082969432317,169466.19213973798,mean across entered windows; not equal-risk sizing or margin availability,229,252,0.0,0.0
YM,mom-6,combined_stress,84650db70559423ed6d3a99343cb21b9906380b1caa22c206bd1824738b9e5a1,6232bb0610827047,5.0,2,0.0,0.0,5,b8602e632fb6940db0d5eba01c45a618c5ff287df0d70740384aee615a551e4a,common complete dates,2022,ok,239,5195.0,-16585.0,7260.0,14520.0,726,1452,-0.16585,-69.39330543933055,-0.174871129707113,0.05401660237846251,-3.2373589231305964,-0.18597136607675482,"conditional complete-window sum on stated capital, not live equity or intraday drawdown",0.33516387726638774,164592.17573221758,mean across entered windows; not equal-risk sizing or margin availability,239,252,0.0,0.0
YM,mom-6,combined_stress,84650db70559423ed6d3a99343cb21b9906380b1caa22c206bd1824738b9e5a1,6232bb0610827047,5.0,2,0.0,0.0,5,b8602e632fb6940db0d5eba01c45a618c5ff287df0d70740384aee615a551e4a,common complete dates,2023,ok,228,1740.0,-20280.0,7340.0,14680.0,734,1468,-0.2028,-88.94736842105263,-0.22414736842105265,0.030373098003155647,-7.379799334192534,-0.2028,"conditional complete-window sum on stated capital, not live equity or intraday drawdown",0.33945540935672514,170681.48303049293,mean across entered windows; not equal-risk sizing or margin availability,228,252,0.0,0.0
YM,mom-6,combined_stress,84650db70559423ed6d3a99343cb21b9906380b1caa22c206bd1824738b9e5a1,6232bb0610827047,5.0,2,0.0,0.0,5,b8602e632fb6940db0d5eba01c45a618c5ff287df0d70740384aee615a551e4a,common complete dates,2024,ok,213,-3100.0,-24280.0,7060.0,14120.0,706,1412,-0.2428,-113.9906103286385,-0.28725633802816897,0.03629751025343098,-7.913940543649724,-0.2428,"conditional complete-window sum on stated capital, not live equity or intraday drawdown",0.3344092331768388,201616.74974849095,mean across entered windows; not equal-risk sizing or margin availability,213,252,0.0,0.0
YM,mom-6,combined_stress,84650db70559423ed6d3a99343cb21b9906380b1caa22c206bd1824738b9e5a1,6232bb0610827047,5.0,2,0.0,0.0,5,b8602e632fb6940db0d5eba01c45a618c5ff287df0d70740384aee615a551e4a,common complete dates,2025,ok,142,-260.0,-13220.0,4320.0,8640.0,432,864,-0.1322,-93.09859154929578,-0.23460845070422537,0.07697350022111558,-3.0479119441143325,-0.1344935919812497,"conditional complete-window sum on stated capital, not live equity or intraday drawdown",0.34330985915492956,219205.21135144198,mean across entered windows; not equal-risk sizing or margin availability,142,252,0.0,0.0
YM,mom-6,combined_stress,84650db70559423ed6d3a99343cb21b9906380b1caa22c206bd1824738b9e5a1,6232bb0610827047,5.0,2,0.0,0.0,5,b8602e632fb6940db0d5eba01c45a618c5ff287df0d70740384aee615a551e4a,common complete dates,2026,ok,109,7460.0,-2560.0,3340.0,6680.0,334,668,-0.0256,-23.486238532110093,-0.05918532110091744,0.08111565336100972,-0.7296411808151243,-0.061677061677061676,"conditional complete-window sum on stated capital, not live equity or intraday drawdown",0.3499617737003058,248272.70871559635,mean across entered windows; not equal-risk sizing or margin availability,109,252,0.0,0.0
YM,mom-12,base,84650db70559423ed6d3a99343cb21b9906380b1caa22c206bd1824738b9e5a1,4e4a5d9076e0eebd,2.5,1,0.0,0.0,1,b8602e632fb6940db0d5eba01c45a618c5ff287df0d70740384aee615a551e4a,common complete dates,whole,ok,1901,6445.0,-65255.0,23900.0,47800.0,4780,9560,-0.65255,-34.326670173592845,-0.08650320883745397,0.04826351777412439,-1.792310482677479,-0.71445,"conditional complete-window sum on stated capital, not live equity or intraday drawdown",0.3578489391548308,164358.84114622953,mean across entered windows; not equal-risk sizing or margin availability,1901,252,0.0,0.0
YM,mom-12,base,84650db70559423ed6d3a99343cb21b9906380b1caa22c206bd1824738b9e5a1,4e4a5d9076e0eebd,2.5,1,0.0,0.0,1,b8602e632fb6940db0d5eba01c45a618c5ff287df0d70740384aee615a551e4a,common complete dates,development,ok,970,3390.0,-33285.0,12225.0,24450.0,2445,4890,-0.33285,-34.31443298969072,-0.08647237113402062,0.04081188516043894,-2.1188036473709073,-0.34115,"conditional complete-window sum on stated capital, not live equity or intraday drawdown",0.36301546391752576,137578.0419383521,mean across entered windows; not equal-risk sizing or margin availability,970,252,0.0,0.0
YM,mom-12,base,84650db70559423ed6d3a99343cb21b9906380b1caa22c206bd1824738b9e5a1,4e4a5d9076e0eebd,2.5,1,0.0,0.0,1,b8602e632fb6940db0d5eba01c45a618c5ff287df0d70740384aee615a551e4a,common complete dates,validation,ok,467,2555.0,-14875.0,5810.0,11620.0,1162,2324,-0.14875,-31.85224839400428,-0.0802676659528908,0.045667230169464786,-1.757664427096379,-0.15851126927639383,"conditional complete-window sum on stated capital, not live equity or intraday drawdown",0.3547019985724483,167569.3124353002,mean across entered windows; not equal-risk sizing or margin availability,467,252,0.0,0.0
YM,mom-12,base,84650db70559423ed6d3a99343cb21b9906380b1caa22c206bd1824738b9e5a1,4e4a5d9076e0eebd,2.5,1,0.0,0.0,1,b8602e632fb6940db0d5eba01c45a618c5ff287df0d70740384aee615a551e4a,common complete dates,historical_final,ok,464,500.0,-17095.0,5865.0,11730.0,1173,2346,-0.17095,-36.8426724137931,-0.09284353448275862,0.06303748324022551,-1.4728306034831238,-0.23285,"conditional complete-window sum on stated capital, not live equity or intraday drawdown",0.35021551724137934,217970.8976295364,mean across entered windows; not equal-risk sizing or margin availability,464,252,0.0,0.0
YM,mom-12,base,84650db70559423ed6d3a99343cb21b9906380b1caa22c206bd1824738b9e5a1,4e4a5d9076e0eebd,2.5,1,0.0,0.0,1,b8602e632fb6940db0d5eba01c45a618c5ff287df0d70740384aee615a551e4a,common complete dates,2016,ok,27,-945.0,-1980.0,345.0,690.0,69,138,-0.0198,-73.33333333333333,-0.18479999999999996,0.015243788142160628,-12.122970896511474,-0.0198,"conditional complete-window sum on stated capital, not live equity or intraday drawdown",0.32098765432098764,92049.41358024691,mean across entered windows; not equal-risk sizing or margin availability,27,252,0.0,0.0
YM,mom-12,base,84650db70559423ed6d3a99343cb21b9906380b1caa22c206bd1824738b9e5a1,4e4a5d9076e0eebd,2.5,1,0.0,0.0,1,b8602e632fb6940db0d5eba01c45a618c5ff287df0d70740384aee615a551e4a,common complete dates,2017,ok,49,730.0,-995.0,575.0,1150.0,115,230,-0.00995,-20.306122448979593,-0.051171428571428576,0.015550746422140459,-3.29060915677803,-0.013438577209372034,"conditional complete-window sum on stated capital, not live equity or intraday drawdown",0.3469387755102041,111024.44791666667,mean across entered windows; not equal-risk sizing or margin availability,49,252,0.0,0.0
YM,mom-12,base,84650db70559423ed6d3a99343cb21b9906380b1caa22c206bd1824738b9e5a1,4e4a5d9076e0eebd,2.5,1,0.0,0.0,1,b8602e632fb6940db0d5eba01c45a618c5ff287df0d70740384aee615a551e4a,common complete dates,2018,ok,212,3120.0,-4500.0,2540.0,5080.0,508,1016,-0.045,-21.22641509433962,-0.053490566037735846,0.039384607653743936,-1.3581591698972018,-0.05357231764998755,"conditional complete-window sum on stated capital, not live equity or intraday drawdown",0.3582940251572327,125089.8160430839,mean across entered windows; not equal-risk sizing or margin availability,212,252,0.0,0.0
YM,mom-12,base,84650db70559423ed6d3a99343cb21b9906380b1caa22c206bd1824738b9e5a1,4e4a5d9076e0eebd,2.5,1,0.0,0.0,1,b8602e632fb6940db0d5eba01c45a618c5ff287df0d70740384aee615a551e4a,common complete dates,2019,ok,220,2300.0,-5800.0,2700.0,5400.0,540,1080,-0.058,-26.363636363636363,-0.06643636363636363,0.028552845415475668,-2.3267860932821454,-0.0649,"conditional complete-window sum on stated capital, not live equity or intraday drawdown",0.37386363636363634,131021.51407914763,mean across entered windows; not equal-risk sizing or margin availability,220,252,0.0,0.0
YM,mom-12,base,84650db70559423ed6d3a99343cb21b9906380b1caa22c206bd1824738b9e5a1,4e4a5d9076e0eebd,2.5,1,0.0,0.0,1,b8602e632fb6940db0d5eba01c45a618c5ff287df0d70740384aee615a551e4a,common complete dates,2020,ok,233,2475.0,-6375.0,2950.0,5900.0,590,1180,-0.06375,-27.36051502145923,-0.06894849785407725,0.055595762492863986,-1.2401754155800484,-0.06934688387386041,"conditional complete-window sum on stated capital, not live equity or intraday drawdown",0.3668633762517883,134532.68524220033,mean across entered windows; not equal-risk sizing or margin availability,233,252,0.0,0.0
YM,mom-12,base,84650db70559423ed6d3a99343cb21b9906380b1caa22c206bd1824738b9e5a1,4e4a5d9076e0eebd,2.5,1,0.0,0.0,1,b8602e632fb6940db0d5eba01c45a618c5ff287df0d70740384aee615a551e4a,common complete dates,2021,ok,229,-4290.0,-13635.0,3115.0,6230.0,623,1246,-0.13635,-59.54148471615721,-0.15004454148471616,0.040115246082794424,-3.740337057263394,-0.14639988024549674,"conditional complete-window sum on stated capital, not live equity or intraday drawdown",0.3614446870451237,169458.63523391812,mean across entered windows; not equal-risk sizing or margin availability,229,252,0.0,0.0
YM,mom-12,base,84650db70559423ed6d3a99343cb21b9906380b1caa22c206bd1824738b9e5a1,4e4a5d9076e0eebd,2.5,1,0.0,0.0,1,b8602e632fb6940db0d5eba01c45a618c5ff287df0d70740384aee615a551e4a,common complete dates,2022,ok,239,2275.0,-6560.0,2945.0,5890.0,589,1178,-0.0656,-27.447698744769873,-0.06916820083682008,0.05519265593367514,-1.2532138500444576,-0.10779952550415184,"conditional complete-window sum on stated capital, not live equity or intraday drawdown",0.3544281729428173,164622.8151483051,mean across entered windows; not equal-risk sizing or margin availability,239,252,0.0,0.0
YM,mom-12,base,84650db70559423ed6d3a99343cb21b9906380b1caa22c206bd1824738b9e5a1,4e4a5d9076e0eebd,2.5,1,0.0,0.0,1,b8602e632fb6940db0d5eba01c45a618c5ff287df0d70740384aee615a551e4a,common complete dates,2023,ok,228,280.0,-8315.0,2865.0,5730.0,573,1146,-0.08315,-36.469298245614034,-0.09190263157894736,0.032959674078317965,-2.78833556911305,-0.08839174745215014,"conditional complete-window sum on stated capital, not live equity or intraday drawdown",0.3549890350877193,170673.6577912415,mean across entered windows; not equal-risk sizing or margin availability,228,252,0.0,0.0
YM,mom-12,base,84650db70559423ed6d3a99343cb21b9906380b1caa22c206bd1824738b9e5a1,4e4a5d9076e0eebd,2.5,1,0.0,0.0,1,b8602e632fb6940db0d5eba01c45a618c5ff287df0d70740384aee615a551e4a,common complete dates,2024,ok,213,-3970.0,-12445.0,2825.0,5650.0,565,1130,-0.12445,-58.42723004694836,-0.14723661971830987,0.03575040524087886,-4.118460160836217,-0.1374,"conditional complete-window sum on stated capital, not live equity or intraday drawdown",0.34135367762128327,201533.57017543862,mean across entered windows; not equal-risk sizing or margin availability,213,252,0.0,0.0
YM,mom-12,base,84650db70559423ed6d3a99343cb21b9906380b1caa22c206bd1824738b9e5a1,4e4a5d9076e0eebd,2.5,1,0.0,0.0,1,b8602e632fb6940db0d5eba01c45a618c5ff287df0d70740384aee615a551e4a,common complete dates,2025,ok,142,-3620.0,-8900.0,1760.0,3520.0,352,704,-0.089,-62.67605633802817,-0.15794366197183096,0.08084404714044287,-1.9536832649836309,-0.09118116520351158,"conditional complete-window sum on stated capital, not live equity or intraday drawdown",0.3590082159624413,219274.5397984011,mean across entered windows; not equal-risk sizing or margin availability,142,252,0.0,0.0
YM,mom-12,base,84650db70559423ed6d3a99343cb21b9906380b1caa22c206bd1824738b9e5a1,4e4a5d9076e0eebd,2.5,1,0.0,0.0,1,b8602e632fb6940db0d5eba01c45a618c5ff287df0d70740384aee615a551e4a,common complete dates,2026,ok,109,8090.0,4250.0,1280.0,2560.0,256,512,0.0425,38.99082568807339,0.09825688073394495,0.07617304268041719,1.289916711692615,-0.02252791068580542,"conditional complete-window sum on stated capital, not live equity or intraday drawdown",0.35607798165137616,248126.4759700176,mean across entered windows; not equal-risk sizing or margin availability,109,252,0.0,0.0
YM,mom-12,gross_reference,84650db70559423ed6d3a99343cb21b9906380b1caa22c206bd1824738b9e5a1,dbbc7d08751a7003,0.0,0,0.0,0.0,1,b8602e632fb6940db0d5eba01c45a618c5ff287df0d70740384aee615a551e4a,common complete dates,whole,ok,1901,6445.0,6445.0,0.0,0.0,4780,9560,0.06445,3.3903208837453973,0.008543608627038402,0.04739898607856273,0.18024876339923324,-0.11651333946642134,"conditional complete-window sum on stated capital, not live equity or intraday drawdown",0.3578489391548308,164358.84114622953,mean across entered windows; not equal-risk sizing or margin availability,1901,252,0.0,0.0
YM,mom-12,gross_reference,84650db70559423ed6d3a99343cb21b9906380b1caa22c206bd1824738b9e5a1,dbbc7d08751a7003,0.0,0,0.0,0.0,1,b8602e632fb6940db0d5eba01c45a618c5ff287df0d70740384aee615a551e4a,common complete dates,development,ok,970,3390.0,3390.0,0.0,0.0,2445,4890,0.0339,3.4948453608247423,0.008807010309278352,0.03999146351571169,0.220222255827629,-0.069938763294811,"conditional complete-window sum on stated capital, not live equity or intraday drawdown",0.36301546391752576,137578.0419383521,mean across entered windows; not equal-risk sizing or margin availability,970,252,0.0,0.0
YM,mom-12,gross_reference,84650db70559423ed6d3a99343cb21b9906380b1caa22c206bd1824738b9e5a1,dbbc7d08751a7003,0.0,0,0.0,0.0,1,b8602e632fb6940db0d5eba01c45a618c5ff287df0d70740384aee615a551e4a,common complete dates,validation,ok,467,2555.0,2555.0,0.0,0.0,1162,2324,0.02555,5.471092077087794,0.013787152034261242,0.044625529853805496,0.3089521195474506,-0.04869906725576829,"conditional complete-window sum on stated capital, not live equity or intraday drawdown",0.3547019985724483,167569.3124353002,mean across entered windows; not equal-risk sizing or margin availability,467,252,0.0,0.0
YM,mom-12,gross_reference,84650db70559423ed6d3a99343cb21b9906380b1caa22c206bd1824738b9e5a1,dbbc7d08751a7003,0.0,0,0.0,0.0,1,b8602e632fb6940db0d5eba01c45a618c5ff287df0d70740384aee615a551e4a,common complete dates,historical_final,ok,464,500.0,500.0,0.0,0.0,1173,2346,0.005,1.0775862068965518,0.0027155172413793104,0.06219177513998285,0.043663607209589284,-0.0991,"conditional complete-window sum on stated capital, not live equity or intraday drawdown",0.35021551724137934,217970.8976295364,mean across entered windows; not equal-risk sizing or margin availability,464,252,0.0,0.0
YM,mom-12,gross_reference,84650db70559423ed6d3a99343cb21b9906380b1caa22c206bd1824738b9e5a1,dbbc7d08751a7003,0.0,0,0.0,0.0,1,b8602e632fb6940db0d5eba01c45a618c5ff287df0d70740384aee615a551e4a,common complete dates,2016,ok,27,-945.0,-945.0,0.0,0.0,69,138,-0.00945,-35.0,-0.0882,0.013723029492846633,-6.4271522586157666,-0.010834831236269223,"conditional complete-window sum on stated capital, not live equity or intraday drawdown",0.32098765432098764,92049.41358024691,mean across entered windows; not equal-risk sizing or margin availability,27,252,0.0,0.0
YM,mom-12,gross_reference,84650db70559423ed6d3a99343cb21b9906380b1caa22c206bd1824738b9e5a1,dbbc7d08751a7003,0.0,0,0.0,0.0,1,b8602e632fb6940db0d5eba01c45a618c5ff287df0d70740384aee615a551e4a,common complete dates,2017,ok,49,730.0,730.0,0.0,0.0,115,230,0.0073,14.89795918367347,0.03754285714285714,0.014655727793011754,2.5616508216506717,-0.003140108657728156,"conditional complete-window sum on stated capital, not live equity or intraday drawdown",0.3469387755102041,111024.44791666667,mean across entered windows; not equal-risk sizing or margin availability,49,252,0.0,0.0
YM,mom-12,gross_reference,84650db70559423ed6d3a99343cb21b9906380b1caa22c206bd1824738b9e5a1,dbbc7d08751a7003,0.0,0,0.0,0.0,1,b8602e632fb6940db0d5eba01c45a618c5ff287df0d70740384aee615a551e4a,common complete dates,2018,ok,212,3120.0,3120.0,0.0,0.0,508,1016,0.0312,14.716981132075471,0.03708679245283019,0.038599573461992207,0.9608083490701884,-0.02295943667559258,"conditional complete-window sum on stated capital, not live equity or intraday drawdown",0.3582940251572327,125089.8160430839,mean across entered windows; not equal-risk sizing or margin availability,212,252,0.0,0.0
YM,mom-12,gross_reference,84650db70559423ed6d3a99343cb21b9906380b1caa22c206bd1824738b9e5a1,dbbc7d08751a7003,0.0,0,0.0,0.0,1,b8602e632fb6940db0d5eba01c45a618c5ff287df0d70740384aee615a551e4a,common complete dates,2019,ok,220,2300.0,2300.0,0.0,0.0,540,1080,0.023,10.454545454545455,0.026345454545454547,0.02759405290846775,0.9547511789168873,-0.019481155163974546,"conditional complete-window sum on stated capital, not live equity or intraday drawdown",0.37386363636363634,131021.51407914763,mean across entered windows; not equal-risk sizing or margin availability,220,252,0.0,0.0
YM,mom-12,gross_reference,84650db70559423ed6d3a99343cb21b9906380b1caa22c206bd1824738b9e5a1,dbbc7d08751a7003,0.0,0,0.0,0.0,1,b8602e632fb6940db0d5eba01c45a618c5ff287df0d70740384aee615a551e4a,common complete dates,2020,ok,233,2475.0,2475.0,0.0,0.0,590,1180,0.02475,10.622317596566523,0.026768240343347637,0.05468903691639379,0.4894626391806781,-0.04884586746090842,"conditional complete-window sum on stated capital, not live equity or intraday drawdown",0.3668633762517883,134532.68524220033,mean across entered windows; not equal-risk sizing or margin availability,233,252,0.0,0.0
YM,mom-12,gross_reference,84650db70559423ed6d3a99343cb21b9906380b1caa22c206bd1824738b9e5a1,dbbc7d08751a7003,0.0,0,0.0,0.0,1,b8602e632fb6940db0d5eba01c45a618c5ff287df0d70740384aee615a551e4a,common complete dates,2021,ok,229,-4290.0,-4290.0,0.0,0.0,623,1246,-0.0429,-18.733624454148472,-0.04720873362445415,0.039417768353405894,-1.1976510999099999,-0.07190452511188464,"conditional complete-window sum on stated capital, not live equity or intraday drawdown",0.3614446870451237,169458.63523391812,mean across entered windows; not equal-risk sizing or margin availability,229,252,0.0,0.0
YM,mom-12,gross_reference,84650db70559423ed6d3a99343cb21b9906380b1caa22c206bd1824738b9e5a1,dbbc7d08751a7003,0.0,0,0.0,0.0,1,b8602e632fb6940db0d5eba01c45a618c5ff287df0d70740384aee615a551e4a,common complete dates,2022,ok,239,2275.0,2275.0,0.0,0.0,589,1178,0.02275,9.518828451882845,0.02398744769874477,0.05411328280859436,0.4432820641022919,-0.04869906725576829,"conditional complete-window sum on stated capital, not live equity or intraday drawdown",0.3544281729428173,164622.8151483051,mean across entered windows; not equal-risk sizing or margin availability,239,252,0.0,0.0
YM,mom-12,gross_reference,84650db70559423ed6d3a99343cb21b9906380b1caa22c206bd1824738b9e5a1,dbbc7d08751a7003,0.0,0,0.0,0.0,1,b8602e632fb6940db0d5eba01c45a618c5ff287df0d70740384aee615a551e4a,common complete dates,2023,ok,228,280.0,280.0,0.0,0.0,573,1146,0.0028,1.2280701754385965,0.0030947368421052634,0.0318922383454364,0.09703730445586937,-0.028922210899209006,"conditional complete-window sum on stated capital, not live equity or intraday drawdown",0.3549890350877193,170673.6577912415,mean across entered windows; not equal-risk sizing or margin availability,228,252,0.0,0.0
YM,mom-12,gross_reference,84650db70559423ed6d3a99343cb21b9906380b1caa22c206bd1824738b9e5a1,dbbc7d08751a7003,0.0,0,0.0,0.0,1,b8602e632fb6940db0d5eba01c45a618c5ff287df0d70740384aee615a551e4a,common complete dates,2024,ok,213,-3970.0,-3970.0,0.0,0.0,565,1130,-0.0397,-18.63849765258216,-0.046969014084507044,0.03454603642590327,-1.3596064539921806,-0.0651,"conditional complete-window sum on stated capital, not live equity or intraday drawdown",0.34135367762128327,201533.57017543862,mean across entered windows; not equal-risk sizing or margin availability,213,252,0.0,0.0
YM,mom-12,gross_reference,84650db70559423ed6d3a99343cb21b9906380b1caa22c206bd1824738b9e5a1,dbbc7d08751a7003,0.0,0,0.0,0.0,1,b8602e632fb6940db0d5eba01c45a618c5ff287df0d70740384aee615a551e4a,common complete dates,2025,ok,142,-3620.0,-3620.0,0.0,0.0,352,704,-0.0362,-25.492957746478872,-0.06424225352112675,0.08014808238117543,-0.8015444863121952,-0.07475900059020264,"conditional complete-window sum on stated capital, not live equity or intraday drawdown",0.3590082159624413,219274.5397984011,mean across entered windows; not equal-risk sizing or margin availability,142,252,0.0,0.0
YM,mom-12,gross_reference,84650db70559423ed6d3a99343cb21b9906380b1caa22c206bd1824738b9e5a1,dbbc7d08751a7003,0.0,0,0.0,0.0,1,b8602e632fb6940db0d5eba01c45a618c5ff287df0d70740384aee615a551e4a,common complete dates,2026,ok,109,8090.0,8090.0,0.0,0.0,256,512,0.0809,74.22018348623853,0.18703486238532108,0.07532280774753738,2.483110600606043,-0.017137448313655157,"conditional complete-window sum on stated capital, not live equity or intraday drawdown",0.35607798165137616,248126.4759700176,mean across entered windows; not equal-risk sizing or margin availability,109,252,0.0,0.0
YM,mom-12,cost_stress,84650db70559423ed6d3a99343cb21b9906380b1caa22c206bd1824738b9e5a1,60a23fa3cc9d7bc7,5.0,2,0.0,0.0,1,b8602e632fb6940db0d5eba01c45a618c5ff287df0d70740384aee615a551e4a,common complete dates,whole,ok,1901,6445.0,-136955.0,47800.0,95600.0,4780,9560,-1.36955,-72.0436612309311,-0.18155002630194636,0.049288538709789366,-3.6834126361690673,-1.3989,"conditional complete-window sum on stated capital, not live equity or intraday drawdown",0.3578489391548308,164358.84114622953,mean across entered windows; not equal-risk sizing or margin availability,1901,252,0.0,0.0
YM,mom-12,cost_stress,84650db70559423ed6d3a99343cb21b9906380b1caa22c206bd1824738b9e5a1,60a23fa3cc9d7bc7,5.0,2,0.0,0.0,1,b8602e632fb6940db0d5eba01c45a618c5ff287df0d70740384aee615a551e4a,common complete dates,development,ok,970,3390.0,-69960.0,24450.0,48900.0,2445,4890,-0.6996,-72.12371134020619,-0.18175175257731957,0.04181616894749835,-4.346446772910145,-0.70415,"conditional complete-window sum on stated capital, not live equity or intraday drawdown",0.36301546391752576,137578.0419383521,mean across entered windows; not equal-risk sizing or margin availability,970,252,0.0,0.0
YM,mom-12,cost_stress,84650db70559423ed6d3a99343cb21b9906380b1caa22c206bd1824738b9e5a1,60a23fa3cc9d7bc7,5.0,2,0.0,0.0,1,b8602e632fb6940db0d5eba01c45a618c5ff287df0d70740384aee615a551e4a,common complete dates,validation,ok,467,2555.0,-32305.0,11620.0,23240.0,1162,2324,-0.32305,-69.17558886509636,-0.17432248394004282,0.046874701293770304,-3.718903355725714,-0.3262167811286951,"conditional complete-window sum on stated capital, not live equity or intraday drawdown",0.3547019985724483,167569.3124353002,mean across entered windows; not equal-risk sizing or margin availability,467,252,0.0,0.0
YM,mom-12,cost_stress,84650db70559423ed6d3a99343cb21b9906380b1caa22c206bd1824738b9e5a1,60a23fa3cc9d7bc7,5.0,2,0.0,0.0,1,b8602e632fb6940db0d5eba01c45a618c5ff287df0d70740384aee615a551e4a,common complete dates,historical_final,ok,464,500.0,-34690.0,11730.0,23460.0,1173,2346,-0.3469,-74.76293103448276,-0.18840258620689657,0.06401441358423199,-2.9431275810875164,-0.37625,"conditional complete-window sum on stated capital, not live equity or intraday drawdown",0.35021551724137934,217970.8976295364,mean across entered windows; not equal-risk sizing or margin availability,464,252,0.0,0.0
YM,mom-12,cost_stress,84650db70559423ed6d3a99343cb21b9906380b1caa22c206bd1824738b9e5a1,60a23fa3cc9d7bc7,5.0,2,0.0,0.0,1,b8602e632fb6940db0d5eba01c45a618c5ff287df0d70740384aee615a551e4a,common complete dates,2016,ok,27,-945.0,-3015.0,690.0,1380.0,69,138,-0.03015,-111.66666666666667,-0.2814,0.0173030455300616,-16.263032973652372,-0.03015,"conditional complete-window sum on stated capital, not live equity or intraday drawdown",0.32098765432098764,92049.41358024691,mean across entered windows; not equal-risk sizing or margin availability,27,252,0.0,0.0
YM,mom-12,cost_stress,84650db70559423ed6d3a99343cb21b9906380b1caa22c206bd1824738b9e5a1,60a23fa3cc9d7bc7,5.0,2,0.0,0.0,1,b8602e632fb6940db0d5eba01c45a618c5ff287df0d70740384aee615a551e4a,common complete dates,2017,ok,49,730.0,-2720.0,1150.0,2300.0,115,230,-0.0272,-55.51020408163265,-0.13988571428571428,0.01695726772128778,-8.249307411128788,-0.0272,"conditional complete-window sum on stated capital, not live equity or intraday drawdown",0.3469387755102041,111024.44791666667,mean across entered windows; not equal-risk sizing or margin availability,49,252,0.0,0.0
YM,mom-12,cost_stress,84650db70559423ed6d3a99343cb21b9906380b1caa22c206bd1824738b9e5a1,60a23fa3cc9d7bc7,5.0,2,0.0,0.0,1,b8602e632fb6940db0d5eba01c45a618c5ff287df0d70740384aee615a551e4a,common complete dates,2018,ok,212,3120.0,-12120.0,5080.0,10160.0,508,1016,-0.1212,-57.16981132075472,-0.1440679245283019,0.04036569372724039,-3.569068464468854,-0.12560603788673963,"conditional complete-window sum on stated capital, not live equity or intraday drawdown",0.3582940251572327,125089.8160430839,mean across entered windows; not equal-risk sizing or margin availability,212,252,0.0,0.0
YM,mom-12,cost_stress,84650db70559423ed6d3a99343cb21b9906380b1caa22c206bd1824738b9e5a1,60a23fa3cc9d7bc7,5.0,2,0.0,0.0,1,b8602e632fb6940db0d5eba01c45a618c5ff287df0d70740384aee615a551e4a,common complete dates,2019,ok,220,2300.0,-13900.0,5400.0,10800.0,540,1080,-0.139,-63.18181818181818,-0.15921818181818181,0.029758910466939605,-5.350269190636662,-0.14275,"conditional complete-window sum on stated capital, not live equity or intraday drawdown",0.37386363636363634,131021.51407914763,mean across entered windows; not equal-risk sizing or margin availability,220,252,0.0,0.0
YM,mom-12,cost_stress,84650db70559423ed6d3a99343cb21b9906380b1caa22c206bd1824738b9e5a1,60a23fa3cc9d7bc7,5.0,2,0.0,0.0,1,b8602e632fb6940db0d5eba01c45a618c5ff287df0d70740384aee615a551e4a,common complete dates,2020,ok,233,2475.0,-15225.0,5900.0,11800.0,590,1180,-0.15225,-65.34334763948497,-0.16466523605150213,0.056640028180514515,-2.9072237663213385,-0.15427685847122932,"conditional complete-window sum on stated capital, not live equity or intraday drawdown",0.3668633762517883,134532.68524220033,mean across entered windows; not equal-risk sizing or margin availability,233,252,0.0,0.0
YM,mom-12,cost_stress,84650db70559423ed6d3a99343cb21b9906380b1caa22c206bd1824738b9e5a1,60a23fa3cc9d7bc7,5.0,2,0.0,0.0,1,b8602e632fb6940db0d5eba01c45a618c5ff287df0d70740384aee615a551e4a,common complete dates,2021,ok,229,-4290.0,-22980.0,6230.0,12460.0,623,1246,-0.2298,-100.34934497816595,-0.25288034934497816,0.04097846116529978,-6.171055284992379,-0.23545858505167508,"conditional complete-window sum on stated capital, not live equity or intraday drawdown",0.3614446870451237,169458.63523391812,mean across entered windows; not equal-risk sizing or margin availability,229,252,0.0,0.0
YM,mom-12,cost_stress,84650db70559423ed6d3a99343cb21b9906380b1caa22c206bd1824738b9e5a1,60a23fa3cc9d7bc7,5.0,2,0.0,0.0,1,b8602e632fb6940db0d5eba01c45a618c5ff287df0d70740384aee615a551e4a,common complete dates,2022,ok,239,2275.0,-15395.0,5890.0,11780.0,589,1178,-0.15395,-64.4142259414226,-0.16232384937238495,0.056410951369464356,-2.877523697645915,-0.16885637503732456,"conditional complete-window sum on stated capital, not live equity or intraday drawdown",0.3544281729428173,164622.8151483051,mean across entered windows; not equal-risk sizing or margin availability,239,252,0.0,0.0
YM,mom-12,cost_stress,84650db70559423ed6d3a99343cb21b9906380b1caa22c206bd1824738b9e5a1,60a23fa3cc9d7bc7,5.0,2,0.0,0.0,1,b8602e632fb6940db0d5eba01c45a618c5ff287df0d70740384aee615a551e4a,common complete dates,2023,ok,228,280.0,-16910.0,5730.0,11460.0,573,1146,-0.1691,-74.16666666666667,-0.1869,0.03424905863846692,-5.457084294576284,-0.17051013277428373,"conditional complete-window sum on stated capital, not live equity or intraday drawdown",0.3549890350877193,170673.6577912415,mean across entered windows; not equal-risk sizing or margin availability,228,252,0.0,0.0
YM,mom-12,cost_stress,84650db70559423ed6d3a99343cb21b9906380b1caa22c206bd1824738b9e5a1,60a23fa3cc9d7bc7,5.0,2,0.0,0.0,1,b8602e632fb6940db0d5eba01c45a618c5ff287df0d70740384aee615a551e4a,common complete dates,2024,ok,213,-3970.0,-20920.0,5650.0,11300.0,565,1130,-0.2092,-98.21596244131456,-0.2475042253521127,0.03717705571940654,-6.657445582031788,-0.2097,"conditional complete-window sum on stated capital, not live equity or intraday drawdown",0.34135367762128327,201533.57017543862,mean across entered windows; not equal-risk sizing or margin availability,213,252,0.0,0.0
YM,mom-12,cost_stress,84650db70559423ed6d3a99343cb21b9906380b1caa22c206bd1824738b9e5a1,60a23fa3cc9d7bc7,5.0,2,0.0,0.0,1,b8602e632fb6940db0d5eba01c45a618c5ff287df0d70740384aee615a551e4a,common complete dates,2025,ok,142,-3620.0,-14180.0,3520.0,7040.0,352,704,-0.1418,-99.85915492957747,-0.25164507042253526,0.08165601648665385,-3.0817701040273624,-0.1418,"conditional complete-window sum on stated capital, not live equity or intraday drawdown",0.3590082159624413,219274.5397984011,mean across entered windows; not equal-risk sizing or margin availability,142,252,0.0,0.0
YM,mom-12,cost_stress,84650db70559423ed6d3a99343cb21b9906380b1caa22c206bd1824738b9e5a1,60a23fa3cc9d7bc7,5.0,2,0.0,0.0,1,b8602e632fb6940db0d5eba01c45a618c5ff287df0d70740384aee615a551e4a,common complete dates,2026,ok,109,8090.0,410.0,2560.0,5120.0,256,512,0.0041,3.761467889908257,0.009478899082568808,0.07710024958609754,0.12294252137256391,-0.02911461703080675,"conditional complete-window sum on stated capital, not live equity or intraday drawdown",0.35607798165137616,248126.4759700176,mean across entered windows; not equal-risk sizing or margin availability,109,252,0.0,0.0
YM,mom-12,delay_stress,84650db70559423ed6d3a99343cb21b9906380b1caa22c206bd1824738b9e5a1,2b1ddedce7286e73,2.5,1,0.0,0.0,5,b8602e632fb6940db0d5eba01c45a618c5ff287df0d70740384aee615a551e4a,common complete dates,whole,ok,1901,5200.0,-64730.0,23310.0,46620.0,4662,9324,-0.6473,-34.050499736980534,-0.08580725933719094,0.04725185766902958,-1.8159552570021358,-0.72055,"conditional complete-window sum on stated capital, not live equity or intraday drawdown",0.3540351569349465,164387.7211692472,mean across entered windows; not equal-risk sizing or margin availability,1901,252,0.0,0.0
YM,mom-12,delay_stress,84650db70559423ed6d3a99343cb21b9906380b1caa22c206bd1824738b9e5a1,2b1ddedce7286e73,2.5,1,0.0,0.0,5,b8602e632fb6940db0d5eba01c45a618c5ff287df0d70740384aee615a551e4a,common complete dates,development,ok,970,3610.0,-32255.0,11955.0,23910.0,2391,4782,-0.32255,-33.25257731958763,-0.08379649484536084,0.03906926888878599,-2.144818606252774,-0.32945,"conditional complete-window sum on stated capital, not live equity or intraday drawdown",0.35934278350515464,137561.6742356672,mean across entered windows; not equal-risk sizing or margin availability,970,252,0.0,0.0
YM,mom-12,delay_stress,84650db70559423ed6d3a99343cb21b9906380b1caa22c206bd1824738b9e5a1,2b1ddedce7286e73,2.5,1,0.0,0.0,5,b8602e632fb6940db0d5eba01c45a618c5ff287df0d70740384aee615a551e4a,common complete dates,validation,ok,467,-255.0,-17175.0,5640.0,11280.0,1128,2256,-0.17175,-36.77730192719486,-0.09267880085653106,0.043106230840076504,-2.1500093849626536,-0.17492653284853316,"conditional complete-window sum on stated capital, not live equity or intraday drawdown",0.35068700927908636,167559.63051050113,mean across entered windows; not equal-risk sizing or margin availability,467,252,0.0,0.0
YM,mom-12,delay_stress,84650db70559423ed6d3a99343cb21b9906380b1caa22c206bd1824738b9e5a1,2b1ddedce7286e73,2.5,1,0.0,0.0,5,b8602e632fb6940db0d5eba01c45a618c5ff287df0d70740384aee615a551e4a,common complete dates,historical_final,ok,464,1845.0,-15300.0,5715.0,11430.0,1143,2286,-0.153,-32.974137931034484,-0.0830948275862069,0.06401100052900449,-1.2981335535999816,-0.22625,"conditional complete-window sum on stated capital, not live equity or intraday drawdown",0.34630926724137934,217971.6344398993,mean across entered windows; not equal-risk sizing or margin availability,464,252,0.0,0.0
YM,mom-12,delay_stress,84650db70559423ed6d3a99343cb21b9906380b1caa22c206bd1824738b9e5a1,2b1ddedce7286e73,2.5,1,0.0,0.0,5,b8602e632fb6940db0d5eba01c45a618c5ff287df0d70740384aee615a551e4a,common complete dates,2016,ok,27,-1185.0,-2205.0,340.0,680.0,68,136,-0.02205,-81.66666666666667,-0.2058,0.02115634111160929,-9.727579968308875,-0.02205,"conditional complete-window sum on stated capital, not live equity or intraday drawdown",0.32021604938271603,92047.73148148147,mean across entered windows; not equal-risk sizing or margin availability,27,252,0.0,0.0
YM,mom-12,delay_stress,84650db70559423ed6d3a99343cb21b9906380b1caa22c206bd1824738b9e5a1,2b1ddedce7286e73,2.5,1,0.0,0.0,5,b8602e632fb6940db0d5eba01c45a618c5ff287df0d70740384aee615a551e4a,common complete dates,2017,ok,49,615.0,-1050.0,555.0,1110.0,111,222,-0.0105,-21.428571428571427,-0.054,0.015913319892467442,-3.393383678886569,-0.01229692576855786,"conditional complete-window sum on stated capital, not live equity or intraday drawdown",0.3414115646258503,111030.96701388889,mean across entered windows; not equal-risk sizing or margin availability,49,252,0.0,0.0
YM,mom-12,delay_stress,84650db70559423ed6d3a99343cb21b9906380b1caa22c206bd1824738b9e5a1,2b1ddedce7286e73,2.5,1,0.0,0.0,5,b8602e632fb6940db0d5eba01c45a618c5ff287df0d70740384aee615a551e4a,common complete dates,2018,ok,212,2190.0,-5205.0,2465.0,4930.0,493,986,-0.05205,-24.55188679245283,-0.06187075471698114,0.03711549651556701,-1.6669790390930443,-0.07132915796798886,"conditional complete-window sum on stated capital, not live equity or intraday drawdown",0.3530856918238994,125092.64733560091,mean across entered windows; not equal-risk sizing or margin availability,212,252,0.0,0.0
YM,mom-12,delay_stress,84650db70559423ed6d3a99343cb21b9906380b1caa22c206bd1824738b9e5a1,2b1ddedce7286e73,2.5,1,0.0,0.0,5,b8602e632fb6940db0d5eba01c45a618c5ff287df0d70740384aee615a551e4a,common complete dates,2019,ok,220,1080.0,-6840.0,2640.0,5280.0,528,1056,-0.0684,-31.09090909090909,-0.07834909090909091,0.02915512143437326,-2.687318284214691,-0.07341329335332333,"conditional complete-window sum on stated capital, not live equity or intraday drawdown",0.3702651515151515,131024.89640672781,mean across entered windows; not equal-risk sizing or margin availability,220,252,0.0,0.0
YM,mom-12,delay_stress,84650db70559423ed6d3a99343cb21b9906380b1caa22c206bd1824738b9e5a1,2b1ddedce7286e73,2.5,1,0.0,0.0,5,b8602e632fb6940db0d5eba01c45a618c5ff287df0d70740384aee615a551e4a,common complete dates,2020,ok,233,1985.0,-6715.0,2900.0,5800.0,580,1160,-0.06715,-28.819742489270386,-0.07262575107296136,0.052978697362284485,-1.3708481840601772,-0.0775298287654136,"conditional complete-window sum on stated capital, not live equity or intraday drawdown",0.36337625178826893,134501.68253968252,mean across entered windows; not equal-risk sizing or margin availability,233,252,0.0,0.0
YM,mom-12,delay_stress,84650db70559423ed6d3a99343cb21b9906380b1caa22c206bd1824738b9e5a1,2b1ddedce7286e73,2.5,1,0.0,0.0,5,b8602e632fb6940db0d5eba01c45a618c5ff287df0d70740384aee615a551e4a,common complete dates,2021,ok,229,-1075.0,-10240.0,3055.0,6110.0,611,1222,-0.1024,-44.71615720524017,-0.11268471615720524,0.037710869405781694,-2.988122998297378,-0.11129957595410327,"conditional complete-window sum on stated capital, not live equity or intraday drawdown",0.35898835516739447,169511.99008810573,mean across entered windows; not equal-risk sizing or margin availability,229,252,0.0,0.0
YM,mom-12,delay_stress,84650db70559423ed6d3a99343cb21b9906380b1caa22c206bd1824738b9e5a1,2b1ddedce7286e73,2.5,1,0.0,0.0,5,b8602e632fb6940db0d5eba01c45a618c5ff287df0d70740384aee615a551e4a,common complete dates,2022,ok,239,1500.0,-7005.0,2835.0,5670.0,567,1134,-0.07005,-29.309623430962343,-0.0738602510460251,0.05197019505456327,-1.4212040375926926,-0.09578124221746277,"conditional complete-window sum on stated capital, not live equity or intraday drawdown",0.3492852161785216,164589.88120567377,mean across entered windows; not equal-risk sizing or margin availability,239,252,0.0,0.0
YM,mom-12,delay_stress,84650db70559423ed6d3a99343cb21b9906380b1caa22c206bd1824738b9e5a1,2b1ddedce7286e73,2.5,1,0.0,0.0,5,b8602e632fb6940db0d5eba01c45a618c5ff287df0d70740384aee615a551e4a,common complete dates,2023,ok,228,-1755.0,-10170.0,2805.0,5610.0,561,1122,-0.1017,-44.60526315789474,-0.11240526315789474,0.03130031770938684,-3.591186012919762,-0.1017,"conditional complete-window sum on stated capital, not live equity or intraday drawdown",0.35215643274853803,170689.18695280806,mean across entered windows; not equal-risk sizing or margin availability,228,252,0.0,0.0
YM,mom-12,delay_stress,84650db70559423ed6d3a99343cb21b9906380b1caa22c206bd1824738b9e5a1,2b1ddedce7286e73,2.5,1,0.0,0.0,5,b8602e632fb6940db0d5eba01c45a618c5ff287df0d70740384aee615a551e4a,common complete dates,2024,ok,213,-1510.0,-9745.0,2745.0,5490.0,549,1098,-0.09745,-45.751173708920184,-0.11529295774647887,0.033021337531880295,-3.491468437193673,-0.1073,"conditional complete-window sum on stated capital, not live equity or intraday drawdown",0.336952269170579,201533.68859649127,mean across entered windows; not equal-risk sizing or margin availability,213,252,0.0,0.0
YM,mom-12,delay_stress,84650db70559423ed6d3a99343cb21b9906380b1caa22c206bd1824738b9e5a1,2b1ddedce7286e73,2.5,1,0.0,0.0,5,b8602e632fb6940db0d5eba01c45a618c5ff287df0d70740384aee615a551e4a,common complete dates,2025,ok,142,-5365.0,-10510.0,1715.0,3430.0,343,686,-0.1051,-74.01408450704226,-0.18651549295774647,0.08173888896622968,-2.281845218556924,-0.10657743594865904,"conditional complete-window sum on stated capital, not live equity or intraday drawdown",0.355193661971831,219275.39650677788,mean across entered windows; not equal-risk sizing or margin availability,142,252,0.0,0.0
YM,mom-12,delay_stress,84650db70559423ed6d3a99343cb21b9906380b1caa22c206bd1824738b9e5a1,2b1ddedce7286e73,2.5,1,0.0,0.0,5,b8602e632fb6940db0d5eba01c45a618c5ff287df0d70740384aee615a551e4a,common complete dates,2026,ok,109,8720.0,4955.0,1255.0,2510.0,251,502,0.04955,45.45871559633027,0.11455596330275228,0.0805120673045437,1.4228421544491543,-0.0250162280920757,"conditional complete-window sum on stated capital, not live equity or intraday drawdown",0.353019877675841,248128.25738536153,mean across entered windows; not equal-risk sizing or margin availability,109,252,0.0,0.0
YM,mom-12,combined_stress,84650db70559423ed6d3a99343cb21b9906380b1caa22c206bd1824738b9e5a1,be83510e9ba94edd,5.0,2,0.0,0.0,5,b8602e632fb6940db0d5eba01c45a618c5ff287df0d70740384aee615a551e4a,common complete dates,whole,ok,1901,5200.0,-134660.0,46620.0,93240.0,4662,9324,-1.3466,-70.83640189374013,-0.17850773277222512,0.04798031321637592,-3.7204370043857815,-1.39305,"conditional complete-window sum on stated capital, not live equity or intraday drawdown",0.3540351569349465,164387.7211692472,mean across entered windows; not equal-risk sizing or margin availability,1901,252,0.0,0.0
YM,mom-12,combined_stress,84650db70559423ed6d3a99343cb21b9906380b1caa22c206bd1824738b9e5a1,be83510e9ba94edd,5.0,2,0.0,0.0,5,b8602e632fb6940db0d5eba01c45a618c5ff287df0d70740384aee615a551e4a,common complete dates,development,ok,970,3610.0,-68120.0,23910.0,47820.0,2391,4782,-0.6812,-70.22680412371135,-0.17697154639175258,0.039721885353739994,-4.455265524678575,-0.6845,"conditional complete-window sum on stated capital, not live equity or intraday drawdown",0.35934278350515464,137561.6742356672,mean across entered windows; not equal-risk sizing or margin availability,970,252,0.0,0.0
YM,mom-12,combined_stress,84650db70559423ed6d3a99343cb21b9906380b1caa22c206bd1824738b9e5a1,be83510e9ba94edd,5.0,2,0.0,0.0,5,b8602e632fb6940db0d5eba01c45a618c5ff287df0d70740384aee615a551e4a,common complete dates,validation,ok,467,-255.0,-34095.0,11280.0,22560.0,1128,2256,-0.34095,-73.0085653104925,-0.1839815845824411,0.04406193818286377,-4.175521826091478,-0.3426918665536329,"conditional complete-window sum on stated capital, not live equity or intraday drawdown",0.35068700927908636,167559.63051050113,mean across entered windows; not equal-risk sizing or margin availability,467,252,0.0,0.0
YM,mom-12,combined_stress,84650db70559423ed6d3a99343cb21b9906380b1caa22c206bd1824738b9e5a1,be83510e9ba94edd,5.0,2,0.0,0.0,5,b8602e632fb6940db0d5eba01c45a618c5ff287df0d70740384aee615a551e4a,common complete dates,historical_final,ok,464,1845.0,-32445.0,11430.0,22860.0,1143,2286,-0.32445,-69.92456896551724,-0.17620991379310344,0.06473575267872335,-2.7219875648563865,-0.3709,"conditional complete-window sum on stated capital, not live equity or intraday drawdown",0.34630926724137934,217971.6344398993,mean across entered windows; not equal-risk sizing or margin availability,464,252,0.0,0.0
YM,mom-12,combined_stress,84650db70559423ed6d3a99343cb21b9906380b1caa22c206bd1824738b9e5a1,be83510e9ba94edd,5.0,2,0.0,0.0,5,b8602e632fb6940db0d5eba01c45a618c5ff287df0d70740384aee615a551e4a,common complete dates,2016,ok,27,-1185.0,-3225.0,680.0,1360.0,68,136,-0.03225,-119.44444444444444,-0.301,0.023026807120264118,-13.071721078304128,-0.03225,"conditional complete-window sum on stated capital, not live equity or intraday drawdown",0.32021604938271603,92047.73148148147,mean across entered windows; not equal-risk sizing or margin availability,27,252,0.0,0.0
YM,mom-12,combined_stress,84650db70559423ed6d3a99343cb21b9906380b1caa22c206bd1824738b9e5a1,be83510e9ba94edd,5.0,2,0.0,0.0,5,b8602e632fb6940db0d5eba01c45a618c5ff287df0d70740384aee615a551e4a,common complete dates,2017,ok,49,615.0,-2715.0,1110.0,2220.0,111,222,-0.02715,-55.40816326530612,-0.13962857142857144,0.016749013830244283,-8.336524934765963,-0.02715,"conditional complete-window sum on stated capital, not live equity or intraday drawdown",0.3414115646258503,111030.96701388889,mean across entered windows; not equal-risk sizing or margin availability,49,252,0.0,0.0
YM,mom-12,combined_stress,84650db70559423ed6d3a99343cb21b9906380b1caa22c206bd1824738b9e5a1,be83510e9ba94edd,5.0,2,0.0,0.0,5,b8602e632fb6940db0d5eba01c45a618c5ff287df0d70740384aee615a551e4a,common complete dates,2018,ok,212,2190.0,-12600.0,4930.0,9860.0,493,986,-0.126,-59.43396226415094,-0.1497735849056604,0.03786405642827054,-3.955560999899487,-0.12944111776447106,"conditional complete-window sum on stated capital, not live equity or intraday drawdown",0.3530856918238994,125092.64733560091,mean across entered windows; not equal-risk sizing or margin availability,212,252,0.0,0.0
YM,mom-12,combined_stress,84650db70559423ed6d3a99343cb21b9906380b1caa22c206bd1824738b9e5a1,be83510e9ba94edd,5.0,2,0.0,0.0,5,b8602e632fb6940db0d5eba01c45a618c5ff287df0d70740384aee615a551e4a,common complete dates,2019,ok,220,1080.0,-14760.0,5280.0,10560.0,528,1056,-0.1476,-67.0909090909091,-0.16906909090909092,0.03001995699833393,-5.631889843095847,-0.149,"conditional complete-window sum on stated capital, not live equity or intraday drawdown",0.3702651515151515,131024.89640672781,mean across entered windows; not equal-risk sizing or margin availability,220,252,0.0,0.0
YM,mom-12,combined_stress,84650db70559423ed6d3a99343cb21b9906380b1caa22c206bd1824738b9e5a1,be83510e9ba94edd,5.0,2,0.0,0.0,5,b8602e632fb6940db0d5eba01c45a618c5ff287df0d70740384aee615a551e4a,common complete dates,2020,ok,233,1985.0,-15415.0,5800.0,11600.0,580,1160,-0.15415,-66.1587982832618,-0.16672017167381975,0.05344781032967164,-3.1193078003658603,-0.15605,"conditional complete-window sum on stated capital, not live equity or intraday drawdown",0.36337625178826893,134501.68253968252,mean across entered windows; not equal-risk sizing or margin availability,233,252,0.0,0.0
YM,mom-12,combined_stress,84650db70559423ed6d3a99343cb21b9906380b1caa22c206bd1824738b9e5a1,be83510e9ba94edd,5.0,2,0.0,0.0,5,b8602e632fb6940db0d5eba01c45a618c5ff287df0d70740384aee615a551e4a,common complete dates,2021,ok,229,-1075.0,-19405.0,6110.0,12220.0,611,1222,-0.19405,-84.73799126637554,-0.21353973799126638,0.03833933117700382,-5.569730390063479,-0.19867219088503968,"conditional complete-window sum on stated capital, not live equity or intraday drawdown",0.35898835516739447,169511.99008810573,mean across entered windows; not equal-risk sizing or margin availability,229,252,0.0,0.0
YM,mom-12,combined_stress,84650db70559423ed6d3a99343cb21b9906380b1caa22c206bd1824738b9e5a1,be83510e9ba94edd,5.0,2,0.0,0.0,5,b8602e632fb6940db0d5eba01c45a618c5ff287df0d70740384aee615a551e4a,common complete dates,2022,ok,239,1500.0,-15510.0,5670.0,11340.0,567,1134,-0.1551,-64.89539748953975,-0.16353640167364017,0.052850232507077766,-3.09433646581856,-0.15813095297461727,"conditional complete-window sum on stated capital, not live equity or intraday drawdown",0.3492852161785216,164589.88120567377,mean across entered windows; not equal-risk sizing or margin availability,239,252,0.0,0.0
YM,mom-12,combined_stress,84650db70559423ed6d3a99343cb21b9906380b1caa22c206bd1824738b9e5a1,be83510e9ba94edd,5.0,2,0.0,0.0,5,b8602e632fb6940db0d5eba01c45a618c5ff287df0d70740384aee615a551e4a,common complete dates,2023,ok,228,-1755.0,-18585.0,5610.0,11220.0,561,1122,-0.18585,-81.51315789473684,-0.20541315789473683,0.03245713775446956,-6.328751458265914,-0.18585,"conditional complete-window sum on stated capital, not live equity or intraday drawdown",0.35215643274853803,170689.18695280806,mean across entered windows; not equal-risk sizing or margin availability,228,252,0.0,0.0
YM,mom-12,combined_stress,84650db70559423ed6d3a99343cb21b9906380b1caa22c206bd1824738b9e5a1,be83510e9ba94edd,5.0,2,0.0,0.0,5,b8602e632fb6940db0d5eba01c45a618c5ff287df0d70740384aee615a551e4a,common complete dates,2024,ok,213,-1510.0,-17980.0,5490.0,10980.0,549,1098,-0.1798,-84.4131455399061,-0.21272112676056334,0.03397188358875857,-6.261681846541875,-0.1804,"conditional complete-window sum on stated capital, not live equity or intraday drawdown",0.336952269170579,201533.68859649127,mean across entered windows; not equal-risk sizing or margin availability,213,252,0.0,0.0
YM,mom-12,combined_stress,84650db70559423ed6d3a99343cb21b9906380b1caa22c206bd1824738b9e5a1,be83510e9ba94edd,5.0,2,0.0,0.0,5,b8602e632fb6940db0d5eba01c45a618c5ff287df0d70740384aee615a551e4a,common complete dates,2025,ok,142,-5365.0,-15655.0,3430.0,6860.0,343,686,-0.15655,-110.24647887323944,-0.27782112676056336,0.08229852995445344,-3.3757726524923135,-0.15655,"conditional complete-window sum on stated capital, not live equity or intraday drawdown",0.355193661971831,219275.39650677788,mean across entered windows; not equal-risk sizing or margin availability,142,252,0.0,0.0
YM,mom-12,combined_stress,84650db70559423ed6d3a99343cb21b9906380b1caa22c206bd1824738b9e5a1,be83510e9ba94edd,5.0,2,0.0,0.0,5,b8602e632fb6940db0d5eba01c45a618c5ff287df0d70740384aee615a551e4a,common complete dates,2026,ok,109,8720.0,1190.0,2510.0,5020.0,251,502,0.0119,10.917431192660551,0.02751192660550459,0.08140772031328175,0.3379523035362039,-0.035562659207831776,"conditional complete-window sum on stated capital, not live equity or intraday drawdown",0.353019877675841,248128.25738536153,mean across entered windows; not equal-risk sizing or margin availability,109,252,0.0,0.0
YM,revert-6-0.5,base,84650db70559423ed6d3a99343cb21b9906380b1caa22c206bd1824738b9e5a1,0616501c50398214,2.5,1,0.0,0.0,1,b8602e632fb6940db0d5eba01c45a618c5ff287df0d70740384aee615a551e4a,common complete dates,whole,ok,1901,12390.0,-82065.0,31485.0,62970.0,6297,12594,-0.82065,-43.16938453445555,-0.10878684902682799,0.04892439603664614,-2.223570607705463,-0.87345,"conditional complete-window sum on stated capital, not live equity or intraday drawdown",0.28118972470629494,164490.3554941197,mean across entered windows; not equal-risk sizing or margin availability,1901,252,0.0,0.0
YM,revert-6-0.5,base,84650db70559423ed6d3a99343cb21b9906380b1caa22c206bd1824738b9e5a1,0616501c50398214,2.5,1,0.0,0.0,1,b8602e632fb6940db0d5eba01c45a618c5ff287df0d70740384aee615a551e4a,common complete dates,development,ok,970,14555.0,-33940.0,16165.0,32330.0,3233,6466,-0.3394,-34.98969072164948,-0.08817402061855668,0.046605468099373,-1.8919243645520416,-0.34435,"conditional complete-window sum on stated capital, not live equity or intraday drawdown",0.2792310996563574,137506.14344685242,mean across entered windows; not equal-risk sizing or margin availability,970,252,0.0,0.0
YM,revert-6-0.5,base,84650db70559423ed6d3a99343cb21b9906380b1caa22c206bd1824738b9e5a1,0616501c50398214,2.5,1,0.0,0.0,1,b8602e632fb6940db0d5eba01c45a618c5ff287df0d70740384aee615a551e4a,common complete dates,validation,ok,467,-200.0,-23240.0,7680.0,15360.0,1536,3072,-0.2324,-49.764453961456105,-0.12540642398286939,0.04150620066056994,-3.0213901052621033,-0.250975800156128,"conditional complete-window sum on stated capital, not live equity or intraday drawdown",0.2834136331192006,167559.77676659529,mean across entered windows; not equal-risk sizing or margin availability,467,252,0.0,0.0
YM,revert-6-0.5,base,84650db70559423ed6d3a99343cb21b9906380b1caa22c206bd1824738b9e5a1,0616501c50398214,2.5,1,0.0,0.0,1,b8602e632fb6940db0d5eba01c45a618c5ff287df0d70740384aee615a551e4a,common complete dates,historical_final,ok,464,-1965.0,-24885.0,7640.0,15280.0,1528,3056,-0.24885,-53.63146551724138,-0.13515129310344828,0.05945872428453812,-2.2730271247779457,-0.30165,"conditional complete-window sum on stated capital, not live equity or intraday drawdown",0.28304597701149425,217868.9337652988,mean across entered windows; not equal-risk sizing or margin availability,464,252,0.0,0.0
YM,revert-6-0.5,base,84650db70559423ed6d3a99343cb21b9906380b1caa22c206bd1824738b9e5a1,0616501c50398214,2.5,1,0.0,0.0,1,b8602e632fb6940db0d5eba01c45a618c5ff287df0d70740384aee615a551e4a,common complete dates,2016,ok,27,-470.0,-1805.0,445.0,890.0,89,178,-0.01805,-66.85185185185185,-0.16846666666666665,0.016490144686899258,-10.216203063427729,-0.01805,"conditional complete-window sum on stated capital, not live equity or intraday drawdown",0.3125,92027.76234567902,mean across entered windows; not equal-risk sizing or margin availability,27,252,0.0,0.0
YM,revert-6-0.5,base,84650db70559423ed6d3a99343cb21b9906380b1caa22c206bd1824738b9e5a1,0616501c50398214,2.5,1,0.0,0.0,1,b8602e632fb6940db0d5eba01c45a618c5ff287df0d70740384aee615a551e4a,common complete dates,2017,ok,49,-305.0,-2825.0,840.0,1680.0,168,336,-0.02825,-57.6530612244898,-0.1452857142857143,0.011989481997627277,-12.11776407975477,-0.02825,"conditional complete-window sum on stated capital, not live equity or intraday drawdown",0.2733843537414966,110863.45748299321,mean across entered windows; not equal-risk sizing or margin availability,49,252,0.0,0.0
YM,revert-6-0.5,base,84650db70559423ed6d3a99343cb21b9906380b1caa22c206bd1824738b9e5a1,0616501c50398214,2.5,1,0.0,0.0,1,b8602e632fb6940db0d5eba01c45a618c5ff287df0d70740384aee615a551e4a,common complete dates,2018,ok,212,-465.0,-10800.0,3445.0,6890.0,689,1378,-0.108,-50.943396226415096,-0.12837735849056603,0.04016765252536167,-3.1960383646893282,-0.12285,"conditional complete-window sum on stated capital, not live equity or intraday drawdown",0.2840998427672956,125103.66880053908,mean across entered windows; not equal-risk sizing or margin availability,212,252,0.0,0.0
YM,revert-6-0.5,base,84650db70559423ed6d3a99343cb21b9906380b1caa22c206bd1824738b9e5a1,0616501c50398214,2.5,1,0.0,0.0,1,b8602e632fb6940db0d5eba01c45a618c5ff287df0d70740384aee615a551e4a,common complete dates,2019,ok,220,2070.0,-9105.0,3725.0,7450.0,745,1490,-0.09105,-41.38636363636363,-0.10429363636363635,0.030021612793864148,-3.473951818636207,-0.10236026071499112,"conditional complete-window sum on stated capital, not live equity or intraday drawdown",0.27755681818181815,131037.93257575759,mean across entered windows; not equal-risk sizing or margin availability,220,252,0.0,0.0
YM,revert-6-0.5,base,84650db70559423ed6d3a99343cb21b9906380b1caa22c206bd1824738b9e5a1,0616501c50398214,2.5,1,0.0,0.0,1,b8602e632fb6940db0d5eba01c45a618c5ff287df0d70740384aee615a551e4a,common complete dates,2020,ok,233,8295.0,-3630.0,3975.0,7950.0,795,1590,-0.0363,-15.579399141630901,-0.03926008583690987,0.07487192279337014,-0.5243632642540647,-0.0958,"conditional complete-window sum on stated capital, not live equity or intraday drawdown",0.2757510729613734,134547.80579399143,mean across entered windows; not equal-risk sizing or margin availability,233,252,0.0,0.0
YM,revert-6-0.5,base,84650db70559423ed6d3a99343cb21b9906380b1caa22c206bd1824738b9e5a1,0616501c50398214,2.5,1,0.0,0.0,1,b8602e632fb6940db0d5eba01c45a618c5ff287df0d70740384aee615a551e4a,common complete dates,2021,ok,229,5430.0,-5775.0,3735.0,7470.0,747,1494,-0.05775,-25.21834061135371,-0.06355021834061135,0.03289564206798589,-1.9318734745858197,-0.0686142992000795,"conditional complete-window sum on stated capital, not live equity or intraday drawdown",0.2772016011644833,169414.1767439432,mean across entered windows; not equal-risk sizing or margin availability,229,252,0.0,0.0
YM,revert-6-0.5,base,84650db70559423ed6d3a99343cb21b9906380b1caa22c206bd1824738b9e5a1,0616501c50398214,2.5,1,0.0,0.0,1,b8602e632fb6940db0d5eba01c45a618c5ff287df0d70740384aee615a551e4a,common complete dates,2022,ok,239,2195.0,-9625.0,3940.0,7880.0,788,1576,-0.09625,-40.27196652719665,-0.10148535564853557,0.049122633563667695,-2.065959177799389,-0.12612217017954722,"conditional complete-window sum on stated capital, not live equity or intraday drawdown",0.28425732217573224,164581.35006973502,mean across entered windows; not equal-risk sizing or margin availability,239,252,0.0,0.0
YM,revert-6-0.5,base,84650db70559423ed6d3a99343cb21b9906380b1caa22c206bd1824738b9e5a1,0616501c50398214,2.5,1,0.0,0.0,1,b8602e632fb6940db0d5eba01c45a618c5ff287df0d70740384aee615a551e4a,common complete dates,2023,ok,228,-2395.0,-13615.0,3740.0,7480.0,748,1496,-0.13615,-59.71491228070175,-0.1504815789473684,0.03165026971138087,-4.754511740961814,-0.13615,"conditional complete-window sum on stated capital, not live equity or intraday drawdown",0.28252923976608185,170681.89948830407,mean across entered windows; not equal-risk sizing or margin availability,228,252,0.0,0.0
YM,revert-6-0.5,base,84650db70559423ed6d3a99343cb21b9906380b1caa22c206bd1824738b9e5a1,0616501c50398214,2.5,1,0.0,0.0,1,b8602e632fb6940db0d5eba01c45a618c5ff287df0d70740384aee615a551e4a,common complete dates,2024,ok,213,-790.0,-11515.0,3575.0,7150.0,715,1430,-0.11515,-54.06103286384977,-0.13623380281690142,0.03617055951320456,-3.7664278532149167,-0.11545,"conditional complete-window sum on stated capital, not live equity or intraday drawdown",0.29019953051643194,201606.10719874807,mean across entered windows; not equal-risk sizing or margin availability,213,252,0.0,0.0
YM,revert-6-0.5,base,84650db70559423ed6d3a99343cb21b9906380b1caa22c206bd1824738b9e5a1,0616501c50398214,2.5,1,0.0,0.0,1,b8602e632fb6940db0d5eba01c45a618c5ff287df0d70740384aee615a551e4a,common complete dates,2025,ok,142,-6855.0,-13770.0,2305.0,4610.0,461,922,-0.1377,-96.97183098591549,-0.24436901408450704,0.08201216856435457,-2.9796677537279335,-0.14015057087301191,"conditional complete-window sum on stated capital, not live equity or intraday drawdown",0.2800762910798122,219159.7605633803,mean across entered windows; not equal-risk sizing or margin availability,142,252,0.0,0.0
YM,revert-6-0.5,base,84650db70559423ed6d3a99343cb21b9906380b1caa22c206bd1824738b9e5a1,0616501c50398214,2.5,1,0.0,0.0,1,b8602e632fb6940db0d5eba01c45a618c5ff287df0d70740384aee615a551e4a,common complete dates,2026,ok,109,5680.0,400.0,1760.0,3520.0,352,704,0.004,3.669724770642202,0.00924770642201835,0.06050664557733643,0.15283786324261547,-0.05103007931361301,"conditional complete-window sum on stated capital, not live equity or intraday drawdown",0.27293577981651373,248245.64351851854,mean across entered windows; not equal-risk sizing or margin availability,109,252,0.0,0.0
YM,revert-6-0.5,gross_reference,84650db70559423ed6d3a99343cb21b9906380b1caa22c206bd1824738b9e5a1,6a754dceeb7e2108,0.0,0,0.0,0.0,1,b8602e632fb6940db0d5eba01c45a618c5ff287df0d70740384aee615a551e4a,common complete dates,whole,ok,1901,12390.0,12390.0,0.0,0.0,6297,12594,0.1239,6.5176223040505,0.01642440820620726,0.049460546508905516,0.33207090025279035,-0.13970527016901174,"conditional complete-window sum on stated capital, not live equity or intraday drawdown",0.28118972470629494,164490.3554941197,mean across entered windows; not equal-risk sizing or margin availability,1901,252,0.0,0.0
YM,revert-6-0.5,gross_reference,84650db70559423ed6d3a99343cb21b9906380b1caa22c206bd1824738b9e5a1,6a754dceeb7e2108,0.0,0,0.0,0.0,1,b8602e632fb6940db0d5eba01c45a618c5ff287df0d70740384aee615a551e4a,common complete dates,development,ok,970,14555.0,14555.0,0.0,0.0,3233,6466,0.14555,15.005154639175258,0.037812989690721645,0.047184700312730435,0.801382427780721,-0.08490289840929052,"conditional complete-window sum on stated capital, not live equity or intraday drawdown",0.2792310996563574,137506.14344685242,mean across entered windows; not equal-risk sizing or margin availability,970,252,0.0,0.0
YM,revert-6-0.5,gross_reference,84650db70559423ed6d3a99343cb21b9906380b1caa22c206bd1824738b9e5a1,6a754dceeb7e2108,0.0,0,0.0,0.0,1,b8602e632fb6940db0d5eba01c45a618c5ff287df0d70740384aee615a551e4a,common complete dates,validation,ok,467,-200.0,-200.0,0.0,0.0,1536,3072,-0.002,-0.4282655246252677,-0.0010792291220556745,0.04210417189379381,-0.025632355975982367,-0.05589503102647909,"conditional complete-window sum on stated capital, not live equity or intraday drawdown",0.2834136331192006,167559.77676659529,mean across entered windows; not equal-risk sizing or margin availability,467,252,0.0,0.0
YM,revert-6-0.5,gross_reference,84650db70559423ed6d3a99343cb21b9906380b1caa22c206bd1824738b9e5a1,6a754dceeb7e2108,0.0,0,0.0,0.0,1,b8602e632fb6940db0d5eba01c45a618c5ff287df0d70740384aee615a551e4a,common complete dates,historical_final,ok,464,-1965.0,-1965.0,0.0,0.0,1528,3056,-0.01965,-4.234913793103448,-0.01067198275862069,0.0598935658850351,-0.17818245751313957,-0.12568171768289688,"conditional complete-window sum on stated capital, not live equity or intraday drawdown",0.28304597701149425,217868.9337652988,mean across entered windows; not equal-risk sizing or margin availability,464,252,0.0,0.0
YM,revert-6-0.5,gross_reference,84650db70559423ed6d3a99343cb21b9906380b1caa22c206bd1824738b9e5a1,6a754dceeb7e2108,0.0,0,0.0,0.0,1,b8602e632fb6940db0d5eba01c45a618c5ff287df0d70740384aee615a551e4a,common complete dates,2016,ok,27,-470.0,-470.0,0.0,0.0,89,178,-0.0047,-17.40740740740741,-0.043866666666666665,0.016399116611605202,-2.6749408340461125,-0.009454617834394904,"conditional complete-window sum on stated capital, not live equity or intraday drawdown",0.3125,92027.76234567902,mean across entered windows; not equal-risk sizing or margin availability,27,252,0.0,0.0
YM,revert-6-0.5,gross_reference,84650db70559423ed6d3a99343cb21b9906380b1caa22c206bd1824738b9e5a1,6a754dceeb7e2108,0.0,0,0.0,0.0,1,b8602e632fb6940db0d5eba01c45a618c5ff287df0d70740384aee615a551e4a,common complete dates,2017,ok,49,-305.0,-305.0,0.0,0.0,168,336,-0.00305,-6.224489795918367,-0.015685714285714282,0.012169230812645003,-1.2889651389811192,-0.0063,"conditional complete-window sum on stated capital, not live equity or intraday drawdown",0.2733843537414966,110863.45748299321,mean across entered windows; not equal-risk sizing or margin availability,49,252,0.0,0.0
YM,revert-6-0.5,gross_reference,84650db70559423ed6d3a99343cb21b9906380b1caa22c206bd1824738b9e5a1,6a754dceeb7e2108,0.0,0,0.0,0.0,1,b8602e632fb6940db0d5eba01c45a618c5ff287df0d70740384aee615a551e4a,common complete dates,2018,ok,212,-465.0,-465.0,0.0,0.0,689,1378,-0.00465,-2.193396226415094,-0.005527358490566037,0.04069352614435988,-0.1358289392508722,-0.04238007287974842,"conditional complete-window sum on stated capital, not live equity or intraday drawdown",0.2840998427672956,125103.66880053908,mean across entered windows; not equal-risk sizing or margin availability,212,252,0.0,0.0
YM,revert-6-0.5,gross_reference,84650db70559423ed6d3a99343cb21b9906380b1caa22c206bd1824738b9e5a1,6a754dceeb7e2108,0.0,0,0.0,0.0,1,b8602e632fb6940db0d5eba01c45a618c5ff287df0d70740384aee615a551e4a,common complete dates,2019,ok,220,2070.0,2070.0,0.0,0.0,745,1490,0.0207,9.409090909090908,0.023710909090909088,0.03071215339449554,0.7720366848375645,-0.023719988429273937,"conditional complete-window sum on stated capital, not live equity or intraday drawdown",0.27755681818181815,131037.93257575759,mean across entered windows; not equal-risk sizing or margin availability,220,252,0.0,0.0
YM,revert-6-0.5,gross_reference,84650db70559423ed6d3a99343cb21b9906380b1caa22c206bd1824738b9e5a1,6a754dceeb7e2108,0.0,0,0.0,0.0,1,b8602e632fb6940db0d5eba01c45a618c5ff287df0d70740384aee615a551e4a,common complete dates,2020,ok,233,8295.0,8295.0,0.0,0.0,795,1590,0.08295,35.60085836909871,0.08971416309012875,0.07567504599897426,1.185518448067343,-0.0758675549368599,"conditional complete-window sum on stated capital, not live equity or intraday drawdown",0.2757510729613734,134547.80579399143,mean across entered windows; not equal-risk sizing or margin availability,233,252,0.0,0.0
YM,revert-6-0.5,gross_reference,84650db70559423ed6d3a99343cb21b9906380b1caa22c206bd1824738b9e5a1,6a754dceeb7e2108,0.0,0,0.0,0.0,1,b8602e632fb6940db0d5eba01c45a618c5ff287df0d70740384aee615a551e4a,common complete dates,2021,ok,229,5430.0,5430.0,0.0,0.0,747,1494,0.0543,23.7117903930131,0.059753711790393016,0.03329490592785414,1.794680300940684,-0.017884107210268025,"conditional complete-window sum on stated capital, not live equity or intraday drawdown",0.2772016011644833,169414.1767439432,mean across entered windows; not equal-risk sizing or margin availability,229,252,0.0,0.0
YM,revert-6-0.5,gross_reference,84650db70559423ed6d3a99343cb21b9906380b1caa22c206bd1824738b9e5a1,6a754dceeb7e2108,0.0,0,0.0,0.0,1,b8602e632fb6940db0d5eba01c45a618c5ff287df0d70740384aee615a551e4a,common complete dates,2022,ok,239,2195.0,2195.0,0.0,0.0,788,1576,0.02195,9.184100418410042,0.023143933054393304,0.04974284377691449,0.46527161089117985,-0.045426554876604616,"conditional complete-window sum on stated capital, not live equity or intraday drawdown",0.28425732217573224,164581.35006973502,mean across entered windows; not equal-risk sizing or margin availability,239,252,0.0,0.0
YM,revert-6-0.5,gross_reference,84650db70559423ed6d3a99343cb21b9906380b1caa22c206bd1824738b9e5a1,6a754dceeb7e2108,0.0,0,0.0,0.0,1,b8602e632fb6940db0d5eba01c45a618c5ff287df0d70740384aee615a551e4a,common complete dates,2023,ok,228,-2395.0,-2395.0,0.0,0.0,748,1496,-0.02395,-10.50438596491228,-0.026471052631578947,0.032248450995103387,-0.8208472597830613,-0.02666533506441626,"conditional complete-window sum on stated capital, not live equity or intraday drawdown",0.28252923976608185,170681.89948830407,mean across entered windows; not equal-risk sizing or margin availability,228,252,0.0,0.0
YM,revert-6-0.5,gross_reference,84650db70559423ed6d3a99343cb21b9906380b1caa22c206bd1824738b9e5a1,6a754dceeb7e2108,0.0,0,0.0,0.0,1,b8602e632fb6940db0d5eba01c45a618c5ff287df0d70740384aee615a551e4a,common complete dates,2024,ok,213,-790.0,-790.0,0.0,0.0,715,1430,-0.0079,-3.708920187793427,-0.009346478873239436,0.03689388805142963,-0.2533340714920195,-0.03445,"conditional complete-window sum on stated capital, not live equity or intraday drawdown",0.29019953051643194,201606.10719874807,mean across entered windows; not equal-risk sizing or margin availability,213,252,0.0,0.0
YM,revert-6-0.5,gross_reference,84650db70559423ed6d3a99343cb21b9906380b1caa22c206bd1824738b9e5a1,6a754dceeb7e2108,0.0,0,0.0,0.0,1,b8602e632fb6940db0d5eba01c45a618c5ff287df0d70740384aee615a551e4a,common complete dates,2025,ok,142,-6855.0,-6855.0,0.0,0.0,461,922,-0.06855,-48.274647887323944,-0.12165211267605634,0.0821722450457486,-1.4804525860079363,-0.08741104294478527,"conditional complete-window sum on stated capital, not live equity or intraday drawdown",0.2800762910798122,219159.7605633803,mean across entered windows; not equal-risk sizing or margin availability,142,252,0.0,0.0
YM,revert-6-0.5,gross_reference,84650db70559423ed6d3a99343cb21b9906380b1caa22c206bd1824738b9e5a1,6a754dceeb7e2108,0.0,0,0.0,0.0,1,b8602e632fb6940db0d5eba01c45a618c5ff287df0d70740384aee615a551e4a,common complete dates,2026,ok,109,5680.0,5680.0,0.0,0.0,352,704,0.0568,52.11009174311926,0.13131743119266054,0.061206441042397274,2.145483856865618,-0.0375056034268068,"conditional complete-window sum on stated capital, not live equity or intraday drawdown",0.27293577981651373,248245.64351851854,mean across entered windows; not equal-risk sizing or margin availability,109,252,0.0,0.0
YM,revert-6-0.5,cost_stress,84650db70559423ed6d3a99343cb21b9906380b1caa22c206bd1824738b9e5a1,58707af99f6eb9d0,5.0,2,0.0,0.0,1,b8602e632fb6940db0d5eba01c45a618c5ff287df0d70740384aee615a551e4a,common complete dates,whole,ok,1901,12390.0,-176520.0,62970.0,125940.0,6297,12594,-1.7652,-92.8563913729616,-0.23399810625986323,0.048521278906812404,-4.822587358203575,-1.79435,"conditional complete-window sum on stated capital, not live equity or intraday drawdown",0.28118972470629494,164490.3554941197,mean across entered windows; not equal-risk sizing or margin availability,1901,252,0.0,0.0
YM,revert-6-0.5,cost_stress,84650db70559423ed6d3a99343cb21b9906380b1caa22c206bd1824738b9e5a1,58707af99f6eb9d0,5.0,2,0.0,0.0,1,b8602e632fb6940db0d5eba01c45a618c5ff287df0d70740384aee615a551e4a,common complete dates,development,ok,970,14555.0,-82435.0,32330.0,64660.0,3233,6466,-0.82435,-84.98453608247422,-0.21416103092783506,0.04616613584902676,-4.63892043354436,-0.82455,"conditional complete-window sum on stated capital, not live equity or intraday drawdown",0.2792310996563574,137506.14344685242,mean across entered windows; not equal-risk sizing or margin availability,970,252,0.0,0.0
YM,revert-6-0.5,cost_stress,84650db70559423ed6d3a99343cb21b9906380b1caa22c206bd1824738b9e5a1,58707af99f6eb9d0,5.0,2,0.0,0.0,1,b8602e632fb6940db0d5eba01c45a618c5ff287df0d70740384aee615a551e4a,common complete dates,validation,ok,467,-200.0,-46280.0,15360.0,30720.0,1536,3072,-0.4628,-99.10064239828694,-0.2497336188436831,0.041047957956013806,-6.083947442922564,-0.4628,"conditional complete-window sum on stated capital, not live equity or intraday drawdown",0.2834136331192006,167559.77676659529,mean across entered windows; not equal-risk sizing or margin availability,467,252,0.0,0.0
YM,revert-6-0.5,cost_stress,84650db70559423ed6d3a99343cb21b9906380b1caa22c206bd1824738b9e5a1,58707af99f6eb9d0,5.0,2,0.0,0.0,1,b8602e632fb6940db0d5eba01c45a618c5ff287df0d70740384aee615a551e4a,common complete dates,historical_final,ok,464,-1965.0,-47805.0,15280.0,30560.0,1528,3056,-0.47805,-103.02801724137932,-0.2596306034482759,0.0591442425391729,-4.38978660139768,-0.5072,"conditional complete-window sum on stated capital, not live equity or intraday drawdown",0.28304597701149425,217868.9337652988,mean across entered windows; not equal-risk sizing or margin availability,464,252,0.0,0.0
YM,revert-6-0.5,cost_stress,84650db70559423ed6d3a99343cb21b9906380b1caa22c206bd1824738b9e5a1,58707af99f6eb9d0,5.0,2,0.0,0.0,1,b8602e632fb6940db0d5eba01c45a618c5ff287df0d70740384aee615a551e4a,common complete dates,2016,ok,27,-470.0,-3140.0,890.0,1780.0,89,178,-0.0314,-116.29629629629629,-0.29306666666666664,0.016862756717173025,-17.37952290850568,-0.0314,"conditional complete-window sum on stated capital, not live equity or intraday drawdown",0.3125,92027.76234567902,mean across entered windows; not equal-risk sizing or margin availability,27,252,0.0,0.0
YM,revert-6-0.5,cost_stress,84650db70559423ed6d3a99343cb21b9906380b1caa22c206bd1824738b9e5a1,58707af99f6eb9d0,5.0,2,0.0,0.0,1,b8602e632fb6940db0d5eba01c45a618c5ff287df0d70740384aee615a551e4a,common complete dates,2017,ok,49,-305.0,-5345.0,1680.0,3360.0,168,336,-0.05345,-109.08163265306122,-0.27488571428571423,0.012392747014743286,-22.181176938308422,-0.05345,"conditional complete-window sum on stated capital, not live equity or intraday drawdown",0.2733843537414966,110863.45748299321,mean across entered windows; not equal-risk sizing or margin availability,49,252,0.0,0.0
YM,revert-6-0.5,cost_stress,84650db70559423ed6d3a99343cb21b9906380b1caa22c206bd1824738b9e5a1,58707af99f6eb9d0,5.0,2,0.0,0.0,1,b8602e632fb6940db0d5eba01c45a618c5ff287df0d70740384aee615a551e4a,common complete dates,2018,ok,212,-465.0,-21135.0,6890.0,13780.0,689,1378,-0.21135,-99.69339622641509,-0.25122735849056604,0.03979026577137287,-6.313789406033868,-0.2188,"conditional complete-window sum on stated capital, not live equity or intraday drawdown",0.2840998427672956,125103.66880053908,mean across entered windows; not equal-risk sizing or margin availability,212,252,0.0,0.0
YM,revert-6-0.5,cost_stress,84650db70559423ed6d3a99343cb21b9906380b1caa22c206bd1824738b9e5a1,58707af99f6eb9d0,5.0,2,0.0,0.0,1,b8602e632fb6940db0d5eba01c45a618c5ff287df0d70740384aee615a551e4a,common complete dates,2019,ok,220,2070.0,-20280.0,7450.0,14900.0,745,1490,-0.2028,-92.18181818181819,-0.23229818181818182,0.029529660712042875,-7.866605176518174,-0.21010651473866732,"conditional complete-window sum on stated capital, not live equity or intraday drawdown",0.27755681818181815,131037.93257575759,mean across entered windows; not equal-risk sizing or margin availability,220,252,0.0,0.0
YM,revert-6-0.5,cost_stress,84650db70559423ed6d3a99343cb21b9906380b1caa22c206bd1824738b9e5a1,58707af99f6eb9d0,5.0,2,0.0,0.0,1,b8602e632fb6940db0d5eba01c45a618c5ff287df0d70740384aee615a551e4a,common complete dates,2020,ok,233,8295.0,-15555.0,7950.0,15900.0,795,1590,-0.15555,-66.75965665236052,-0.1682343347639485,0.07416576201516985,-2.268355777555928,-0.16765,"conditional complete-window sum on stated capital, not live equity or intraday drawdown",0.2757510729613734,134547.80579399143,mean across entered windows; not equal-risk sizing or margin availability,233,252,0.0,0.0
YM,revert-6-0.5,cost_stress,84650db70559423ed6d3a99343cb21b9906380b1caa22c206bd1824738b9e5a1,58707af99f6eb9d0,5.0,2,0.0,0.0,1,b8602e632fb6940db0d5eba01c45a618c5ff287df0d70740384aee615a551e4a,common complete dates,2021,ok,229,5430.0,-16980.0,7470.0,14940.0,747,1494,-0.1698,-74.14847161572052,-0.18685414847161572,0.03270376913665315,-5.713535577224849,-0.17412935323383086,"conditional complete-window sum on stated capital, not live equity or intraday drawdown",0.2772016011644833,169414.1767439432,mean across entered windows; not equal-risk sizing or margin availability,229,252,0.0,0.0
YM,revert-6-0.5,cost_stress,84650db70559423ed6d3a99343cb21b9906380b1caa22c206bd1824738b9e5a1,58707af99f6eb9d0,5.0,2,0.0,0.0,1,b8602e632fb6940db0d5eba01c45a618c5ff287df0d70740384aee615a551e4a,common complete dates,2022,ok,239,2195.0,-21445.0,7880.0,15760.0,788,1576,-0.21445,-89.72803347280335,-0.22611464435146444,0.048618087399115356,-4.650833803790867,-0.2165,"conditional complete-window sum on stated capital, not live equity or intraday drawdown",0.28425732217573224,164581.35006973502,mean across entered windows; not equal-risk sizing or margin availability,239,252,0.0,0.0
YM,revert-6-0.5,cost_stress,84650db70559423ed6d3a99343cb21b9906380b1caa22c206bd1824738b9e5a1,58707af99f6eb9d0,5.0,2,0.0,0.0,1,b8602e632fb6940db0d5eba01c45a618c5ff287df0d70740384aee615a551e4a,common complete dates,2023,ok,228,-2395.0,-24835.0,7480.0,14960.0,748,1496,-0.24835,-108.92543859649123,-0.2744921052631579,0.03123951634953462,-8.786695100906936,-0.24835,"conditional complete-window sum on stated capital, not live equity or intraday drawdown",0.28252923976608185,170681.89948830407,mean across entered windows; not equal-risk sizing or margin availability,228,252,0.0,0.0
YM,revert-6-0.5,cost_stress,84650db70559423ed6d3a99343cb21b9906380b1caa22c206bd1824738b9e5a1,58707af99f6eb9d0,5.0,2,0.0,0.0,1,b8602e632fb6940db0d5eba01c45a618c5ff287df0d70740384aee615a551e4a,common complete dates,2024,ok,213,-790.0,-22240.0,7150.0,14300.0,715,1430,-0.2224,-104.4131455399061,-0.2631211267605634,0.035649856532594615,-7.380706469884166,-0.2224,"conditional complete-window sum on stated capital, not live equity or intraday drawdown",0.29019953051643194,201606.10719874807,mean across entered windows; not equal-risk sizing or margin availability,213,252,0.0,0.0
YM,revert-6-0.5,cost_stress,84650db70559423ed6d3a99343cb21b9906380b1caa22c206bd1824738b9e5a1,58707af99f6eb9d0,5.0,2,0.0,0.0,1,b8602e632fb6940db0d5eba01c45a618c5ff287df0d70740384aee615a551e4a,common complete dates,2025,ok,142,-6855.0,-20685.0,4610.0,9220.0,461,922,-0.20685,-145.66901408450704,-0.36708591549295777,0.08193053052729653,-4.480453295376344,-0.20874900239425379,"conditional complete-window sum on stated capital, not live equity or intraday drawdown",0.2800762910798122,219159.7605633803,mean across entered windows; not equal-risk sizing or margin availability,142,252,0.0,0.0
YM,revert-6-0.5,cost_stress,84650db70559423ed6d3a99343cb21b9906380b1caa22c206bd1824738b9e5a1,58707af99f6eb9d0,5.0,2,0.0,0.0,1,b8602e632fb6940db0d5eba01c45a618c5ff287df0d70740384aee615a551e4a,common complete dates,2026,ok,109,5680.0,-4880.0,3520.0,7040.0,352,704,-0.0488,-44.77064220183486,-0.11282201834862385,0.05992606134851663,-1.882687028144168,-0.07896314054540006,"conditional complete-window sum on stated capital, not live equity or intraday drawdown",0.27293577981651373,248245.64351851854,mean across entered windows; not equal-risk sizing or margin availability,109,252,0.0,0.0
YM,revert-6-0.5,delay_stress,84650db70559423ed6d3a99343cb21b9906380b1caa22c206bd1824738b9e5a1,d18b1001a9ab5ba7,2.5,1,0.0,0.0,5,b8602e632fb6940db0d5eba01c45a618c5ff287df0d70740384aee615a551e4a,common complete dates,whole,ok,1901,11980.0,-79535.0,30505.0,61010.0,6101,12202,-0.79535,-41.83850604944766,-0.10543303524460809,0.049227769043060934,-2.141739048795464,-0.82025,"conditional complete-window sum on stated capital, not live equity or intraday drawdown",0.2748772575837279,164471.87469265895,mean across entered windows; not equal-risk sizing or margin availability,1901,252,0.0,0.0
YM,revert-6-0.5,delay_stress,84650db70559423ed6d3a99343cb21b9906380b1caa22c206bd1824738b9e5a1,d18b1001a9ab5ba7,2.5,1,0.0,0.0,5,b8602e632fb6940db0d5eba01c45a618c5ff287df0d70740384aee615a551e4a,common complete dates,development,ok,970,13130.0,-33805.0,15645.0,31290.0,3129,6258,-0.33805,-34.850515463917525,-0.08782329896907216,0.04396707915375074,-1.9974785830543427,-0.3514,"conditional complete-window sum on stated capital, not live equity or intraday drawdown",0.2727878006872852,137503.4535603715,mean across entered windows; not equal-risk sizing or margin availability,970,252,0.0,0.0
YM,revert-6-0.5,delay_stress,84650db70559423ed6d3a99343cb21b9906380b1caa22c206bd1824738b9e5a1,d18b1001a9ab5ba7,2.5,1,0.0,0.0,5,b8602e632fb6940db0d5eba01c45a618c5ff287df0d70740384aee615a551e4a,common complete dates,validation,ok,467,6255.0,-16005.0,7420.0,14840.0,1484,2968,-0.16005,-34.271948608137045,-0.08636531049250534,0.04244462239290809,-2.0347762713736812,-0.18578226667961542,"conditional complete-window sum on stated capital, not live equity or intraday drawdown",0.2767219842969308,167552.380620985,mean across entered windows; not equal-risk sizing or margin availability,467,252,0.0,0.0
YM,revert-6-0.5,delay_stress,84650db70559423ed6d3a99343cb21b9906380b1caa22c206bd1824738b9e5a1,d18b1001a9ab5ba7,2.5,1,0.0,0.0,5,b8602e632fb6940db0d5eba01c45a618c5ff287df0d70740384aee615a551e4a,common complete dates,historical_final,ok,464,-7405.0,-29725.0,7440.0,14880.0,1488,2976,-0.29725,-64.0625,-0.1614375,0.0637907681548189,-2.530734535257429,-0.32215,"conditional complete-window sum on stated capital, not live equity or intraday drawdown",0.27738864942528735,217921.6664862915,mean across entered windows; not equal-risk sizing or margin availability,464,252,0.0,0.0
YM,revert-6-0.5,delay_stress,84650db70559423ed6d3a99343cb21b9906380b1caa22c206bd1824738b9e5a1,d18b1001a9ab5ba7,2.5,1,0.0,0.0,5,b8602e632fb6940db0d5eba01c45a618c5ff287df0d70740384aee615a551e4a,common complete dates,2016,ok,27,-220.0,-1510.0,430.0,860.0,86,172,-0.0151,-55.925925925925924,-0.14093333333333333,0.01847737355073316,-7.62734665434857,-0.0153,"conditional complete-window sum on stated capital, not live equity or intraday drawdown",0.30709876543209874,92023.68827160494,mean across entered windows; not equal-risk sizing or margin availability,27,252,0.0,0.0
YM,revert-6-0.5,delay_stress,84650db70559423ed6d3a99343cb21b9906380b1caa22c206bd1824738b9e5a1,d18b1001a9ab5ba7,2.5,1,0.0,0.0,5,b8602e632fb6940db0d5eba01c45a618c5ff287df0d70740384aee615a551e4a,common complete dates,2017,ok,49,-675.0,-3120.0,815.0,1630.0,163,326,-0.0312,-63.673469387755105,-0.16045714285714285,0.016183837837263973,-9.914653401165667,-0.03205,"conditional complete-window sum on stated capital, not live equity or intraday drawdown",0.26785714285714285,110864.00170068027,mean across entered windows; not equal-risk sizing or margin availability,49,252,0.0,0.0
YM,revert-6-0.5,delay_stress,84650db70559423ed6d3a99343cb21b9906380b1caa22c206bd1824738b9e5a1,d18b1001a9ab5ba7,2.5,1,0.0,0.0,5,b8602e632fb6940db0d5eba01c45a618c5ff287df0d70740384aee615a551e4a,common complete dates,2018,ok,212,2460.0,-7605.0,3355.0,6710.0,671,1342,-0.07605,-35.87264150943396,-0.09039905660377358,0.03352823537726359,-2.696206811560254,-0.08595,"conditional complete-window sum on stated capital, not live equity or intraday drawdown",0.27889150943396224,125102.69693396226,mean across entered windows; not equal-risk sizing or margin availability,212,252,0.0,0.0
YM,revert-6-0.5,delay_stress,84650db70559423ed6d3a99343cb21b9906380b1caa22c206bd1824738b9e5a1,d18b1001a9ab5ba7,2.5,1,0.0,0.0,5,b8602e632fb6940db0d5eba01c45a618c5ff287df0d70740384aee615a551e4a,common complete dates,2019,ok,220,3755.0,-7120.0,3625.0,7250.0,725,1450,-0.0712,-32.36363636363637,-0.08155636363636365,0.027565820516939173,-2.958604609148033,-0.08126118957628804,"conditional complete-window sum on stated capital, not live equity or intraday drawdown",0.2734848484848485,131033.26325757575,mean across entered windows; not equal-risk sizing or margin availability,220,252,0.0,0.0
YM,revert-6-0.5,delay_stress,84650db70559423ed6d3a99343cb21b9906380b1caa22c206bd1824738b9e5a1,d18b1001a9ab5ba7,2.5,1,0.0,0.0,5,b8602e632fb6940db0d5eba01c45a618c5ff287df0d70740384aee615a551e4a,common complete dates,2020,ok,233,2710.0,-8750.0,3820.0,7640.0,764,1528,-0.0875,-37.55364806866953,-0.09463519313304722,0.07169426348309194,-1.3199827787528018,-0.097,"conditional complete-window sum on stated capital, not live equity or intraday drawdown",0.26716738197424894,134541.3544860004,mean across entered windows; not equal-risk sizing or margin availability,233,252,0.0,0.0
YM,revert-6-0.5,delay_stress,84650db70559423ed6d3a99343cb21b9906380b1caa22c206bd1824738b9e5a1,d18b1001a9ab5ba7,2.5,1,0.0,0.0,5,b8602e632fb6940db0d5eba01c45a618c5ff287df0d70740384aee615a551e4a,common complete dates,2021,ok,229,5100.0,-5700.0,3600.0,7200.0,720,1440,-0.057,-24.890829694323145,-0.06272489082969432,0.033353739448333426,-1.8805954554768365,-0.07396154995517482,"conditional complete-window sum on stated capital, not live equity or intraday drawdown",0.2691957787481805,169415.11215538846,mean across entered windows; not equal-risk sizing or margin availability,229,252,0.0,0.0
YM,revert-6-0.5,delay_stress,84650db70559423ed6d3a99343cb21b9906380b1caa22c206bd1824738b9e5a1,d18b1001a9ab5ba7,2.5,1,0.0,0.0,5,b8602e632fb6940db0d5eba01c45a618c5ff287df0d70740384aee615a551e4a,common complete dates,2022,ok,239,8395.0,-3005.0,3800.0,7600.0,760,1520,-0.03005,-12.573221757322175,-0.03168451882845188,0.051149565258065466,-0.6194484482633162,-0.06297950859473633,"conditional complete-window sum on stated capital, not live equity or intraday drawdown",0.276673640167364,164570.82880055788,mean across entered windows; not equal-risk sizing or margin availability,239,252,0.0,0.0
YM,revert-6-0.5,delay_stress,84650db70559423ed6d3a99343cb21b9906380b1caa22c206bd1824738b9e5a1,d18b1001a9ab5ba7,2.5,1,0.0,0.0,5,b8602e632fb6940db0d5eba01c45a618c5ff287df0d70740384aee615a551e4a,common complete dates,2023,ok,228,-2140.0,-13000.0,3620.0,7240.0,724,1448,-0.13,-57.01754385964912,-0.14368421052631578,0.030490697117511137,-4.712395061764475,-0.13155,"conditional complete-window sum on stated capital, not live equity or intraday drawdown",0.27677266081871343,170677.7792397661,mean across entered windows; not equal-risk sizing or margin availability,228,252,0.0,0.0
YM,revert-6-0.5,delay_stress,84650db70559423ed6d3a99343cb21b9906380b1caa22c206bd1824738b9e5a1,d18b1001a9ab5ba7,2.5,1,0.0,0.0,5,b8602e632fb6940db0d5eba01c45a618c5ff287df0d70740384aee615a551e4a,common complete dates,2024,ok,213,-1480.0,-11995.0,3505.0,7010.0,701,1402,-0.11995,-56.31455399061033,-0.14191267605633803,0.03678420013742585,-3.85797911946303,-0.12015,"conditional complete-window sum on stated capital, not live equity or intraday drawdown",0.2857981220657277,201638.7841981132,mean across entered windows; not equal-risk sizing or margin availability,213,252,0.0,0.0
YM,revert-6-0.5,delay_stress,84650db70559423ed6d3a99343cb21b9906380b1caa22c206bd1824738b9e5a1,d18b1001a9ab5ba7,2.5,1,0.0,0.0,5,b8602e632fb6940db0d5eba01c45a618c5ff287df0d70740384aee615a551e4a,common complete dates,2025,ok,142,-4945.0,-11635.0,2230.0,4460.0,446,892,-0.11635,-81.93661971830986,-0.20648028169014085,0.09326078015475434,-2.214009805059675,-0.11635,"conditional complete-window sum on stated capital, not live equity or intraday drawdown",0.27244718309859156,219162.6690140845,mean across entered windows; not equal-risk sizing or margin availability,142,252,0.0,0.0
YM,revert-6-0.5,delay_stress,84650db70559423ed6d3a99343cb21b9906380b1caa22c206bd1824738b9e5a1,d18b1001a9ab5ba7,2.5,1,0.0,0.0,5,b8602e632fb6940db0d5eba01c45a618c5ff287df0d70740384aee615a551e4a,common complete dates,2026,ok,109,-980.0,-6095.0,1705.0,3410.0,341,682,-0.06095,-55.91743119266055,-0.14091192660550458,0.058468925592478946,-2.4100310579955413,-0.08680885070675791,"conditional complete-window sum on stated capital, not live equity or intraday drawdown",0.26739296636085624,248252.67283950615,mean across entered windows; not equal-risk sizing or margin availability,109,252,0.0,0.0
YM,revert-6-0.5,combined_stress,84650db70559423ed6d3a99343cb21b9906380b1caa22c206bd1824738b9e5a1,f8e8ca92b8d6ef14,5.0,2,0.0,0.0,5,b8602e632fb6940db0d5eba01c45a618c5ff287df0d70740384aee615a551e4a,common complete dates,whole,ok,1901,11980.0,-171050.0,61010.0,122020.0,6101,12202,-1.7105,-89.97895844292478,-0.22674697527617044,0.049190648548544,-4.609554497993745,-1.72475,"conditional complete-window sum on stated capital, not live equity or intraday drawdown",0.2748772575837279,164471.87469265895,mean across entered windows; not equal-risk sizing or margin availability,1901,252,0.0,0.0
YM,revert-6-0.5,combined_stress,84650db70559423ed6d3a99343cb21b9906380b1caa22c206bd1824738b9e5a1,f8e8ca92b8d6ef14,5.0,2,0.0,0.0,5,b8602e632fb6940db0d5eba01c45a618c5ff287df0d70740384aee615a551e4a,common complete dates,development,ok,970,13130.0,-80740.0,31290.0,62580.0,3129,6258,-0.8074,-83.23711340206185,-0.20975752577319587,0.04391758246097377,-4.77616284911838,-0.8122,"conditional complete-window sum on stated capital, not live equity or intraday drawdown",0.2727878006872852,137503.4535603715,mean across entered windows; not equal-risk sizing or margin availability,970,252,0.0,0.0
YM,revert-6-0.5,combined_stress,84650db70559423ed6d3a99343cb21b9906380b1caa22c206bd1824738b9e5a1,f8e8ca92b8d6ef14,5.0,2,0.0,0.0,5,b8602e632fb6940db0d5eba01c45a618c5ff287df0d70740384aee615a551e4a,common complete dates,validation,ok,467,6255.0,-38265.0,14840.0,29680.0,1484,2968,-0.38265,-81.93790149892934,-0.20648351177730193,0.0425044414295875,-4.8579278972377695,-0.3844080654821322,"conditional complete-window sum on stated capital, not live equity or intraday drawdown",0.2767219842969308,167552.380620985,mean across entered windows; not equal-risk sizing or margin availability,467,252,0.0,0.0
YM,revert-6-0.5,combined_stress,84650db70559423ed6d3a99343cb21b9906380b1caa22c206bd1824738b9e5a1,f8e8ca92b8d6ef14,5.0,2,0.0,0.0,5,b8602e632fb6940db0d5eba01c45a618c5ff287df0d70740384aee615a551e4a,common complete dates,historical_final,ok,464,-7405.0,-52045.0,14880.0,29760.0,1488,2976,-0.52045,-112.16594827586206,-0.2826581896551724,0.06370471864410644,-4.437005541681677,-0.5347,"conditional complete-window sum on stated capital, not live equity or intraday drawdown",0.27738864942528735,217921.6664862915,mean across entered windows; not equal-risk sizing or margin availability,464,252,0.0,0.0
YM,revert-6-0.5,combined_stress,84650db70559423ed6d3a99343cb21b9906380b1caa22c206bd1824738b9e5a1,f8e8ca92b8d6ef14,5.0,2,0.0,0.0,5,b8602e632fb6940db0d5eba01c45a618c5ff287df0d70740384aee615a551e4a,common complete dates,2016,ok,27,-220.0,-2800.0,860.0,1720.0,86,172,-0.028,-103.70370370370371,-0.26133333333333336,0.019070503469077647,-13.703536131443983,-0.028,"conditional complete-window sum on stated capital, not live equity or intraday drawdown",0.30709876543209874,92023.68827160494,mean across entered windows; not equal-risk sizing or margin availability,27,252,0.0,0.0
YM,revert-6-0.5,combined_stress,84650db70559423ed6d3a99343cb21b9906380b1caa22c206bd1824738b9e5a1,f8e8ca92b8d6ef14,5.0,2,0.0,0.0,5,b8602e632fb6940db0d5eba01c45a618c5ff287df0d70740384aee615a551e4a,common complete dates,2017,ok,49,-675.0,-5565.0,1630.0,3260.0,163,326,-0.05565,-113.57142857142857,-0.2862,0.016826541534135885,-17.008842810591123,-0.0559,"conditional complete-window sum on stated capital, not live equity or intraday drawdown",0.26785714285714285,110864.00170068027,mean across entered windows; not equal-risk sizing or margin availability,49,252,0.0,0.0
YM,revert-6-0.5,combined_stress,84650db70559423ed6d3a99343cb21b9906380b1caa22c206bd1824738b9e5a1,f8e8ca92b8d6ef14,5.0,2,0.0,0.0,5,b8602e632fb6940db0d5eba01c45a618c5ff287df0d70740384aee615a551e4a,common complete dates,2018,ok,212,2460.0,-17670.0,6710.0,13420.0,671,1342,-0.1767,-83.34905660377359,-0.21003962264150944,0.03337607045547088,-6.293120183867559,-0.18215,"conditional complete-window sum on stated capital, not live equity or intraday drawdown",0.27889150943396224,125102.69693396226,mean across entered windows; not equal-risk sizing or margin availability,212,252,0.0,0.0
YM,revert-6-0.5,combined_stress,84650db70559423ed6d3a99343cb21b9906380b1caa22c206bd1824738b9e5a1,f8e8ca92b8d6ef14,5.0,2,0.0,0.0,5,b8602e632fb6940db0d5eba01c45a618c5ff287df0d70740384aee615a551e4a,common complete dates,2019,ok,220,3755.0,-17995.0,7250.0,14500.0,725,1450,-0.17995,-81.79545454545455,-0.20612454545454545,0.027565183688953145,-7.477713472925293,-0.1807,"conditional complete-window sum on stated capital, not live equity or intraday drawdown",0.2734848484848485,131033.26325757575,mean across entered windows; not equal-risk sizing or margin availability,220,252,0.0,0.0
YM,revert-6-0.5,combined_stress,84650db70559423ed6d3a99343cb21b9906380b1caa22c206bd1824738b9e5a1,f8e8ca92b8d6ef14,5.0,2,0.0,0.0,5,b8602e632fb6940db0d5eba01c45a618c5ff287df0d70740384aee615a551e4a,common complete dates,2020,ok,233,2710.0,-20210.0,7640.0,15280.0,764,1528,-0.2021,-86.7381974248927,-0.21858025751072963,0.07151804721468012,-3.056295103452753,-0.2021,"conditional complete-window sum on stated capital, not live equity or intraday drawdown",0.26716738197424894,134541.3544860004,mean across entered windows; not equal-risk sizing or margin availability,233,252,0.0,0.0
YM,revert-6-0.5,combined_stress,84650db70559423ed6d3a99343cb21b9906380b1caa22c206bd1824738b9e5a1,f8e8ca92b8d6ef14,5.0,2,0.0,0.0,5,b8602e632fb6940db0d5eba01c45a618c5ff287df0d70740384aee615a551e4a,common complete dates,2021,ok,229,5100.0,-16500.0,7200.0,14400.0,720,1440,-0.165,-72.0524017467249,-0.18157205240174673,0.033482005598825595,-5.422974196268443,-0.17191162535534388,"conditional complete-window sum on stated capital, not live equity or intraday drawdown",0.2691957787481805,169415.11215538846,mean across entered windows; not equal-risk sizing or margin availability,229,252,0.0,0.0
YM,revert-6-0.5,combined_stress,84650db70559423ed6d3a99343cb21b9906380b1caa22c206bd1824738b9e5a1,f8e8ca92b8d6ef14,5.0,2,0.0,0.0,5,b8602e632fb6940db0d5eba01c45a618c5ff287df0d70740384aee615a551e4a,common complete dates,2022,ok,239,8395.0,-14405.0,7600.0,15200.0,760,1520,-0.14405,-60.27196652719665,-0.15188535564853559,0.05120027181678555,-2.96649510362055,-0.1455879417049311,"conditional complete-window sum on stated capital, not live equity or intraday drawdown",0.276673640167364,164570.82880055788,mean across entered windows; not equal-risk sizing or margin availability,239,252,0.0,0.0
YM,revert-6-0.5,combined_stress,84650db70559423ed6d3a99343cb21b9906380b1caa22c206bd1824738b9e5a1,f8e8ca92b8d6ef14,5.0,2,0.0,0.0,5,b8602e632fb6940db0d5eba01c45a618c5ff287df0d70740384aee615a551e4a,common complete dates,2023,ok,228,-2140.0,-23860.0,7240.0,14480.0,724,1448,-0.2386,-104.64912280701755,-0.26371578947368424,0.030573687445510495,-8.625580082340013,-0.23925,"conditional complete-window sum on stated capital, not live equity or intraday drawdown",0.27677266081871343,170677.7792397661,mean across entered windows; not equal-risk sizing or margin availability,228,252,0.0,0.0
YM,revert-6-0.5,combined_stress,84650db70559423ed6d3a99343cb21b9906380b1caa22c206bd1824738b9e5a1,f8e8ca92b8d6ef14,5.0,2,0.0,0.0,5,b8602e632fb6940db0d5eba01c45a618c5ff287df0d70740384aee615a551e4a,common complete dates,2024,ok,213,-1480.0,-22510.0,7010.0,14020.0,701,1402,-0.2251,-105.68075117370893,-0.2663154929577465,0.03679816459579094,-7.237195003693427,-0.2251,"conditional complete-window sum on stated capital, not live equity or intraday drawdown",0.2857981220657277,201638.7841981132,mean across entered windows; not equal-risk sizing or margin availability,213,252,0.0,0.0
YM,revert-6-0.5,combined_stress,84650db70559423ed6d3a99343cb21b9906380b1caa22c206bd1824738b9e5a1,f8e8ca92b8d6ef14,5.0,2,0.0,0.0,5,b8602e632fb6940db0d5eba01c45a618c5ff287df0d70740384aee615a551e4a,common complete dates,2025,ok,142,-4945.0,-18325.0,4460.0,8920.0,446,892,-0.18325,-129.04929577464787,-0.32520422535211263,0.09322311966704128,-3.4884503598852157,-0.18325,"conditional complete-window sum on stated capital, not live equity or intraday drawdown",0.27244718309859156,219162.6690140845,mean across entered windows; not equal-risk sizing or margin availability,142,252,0.0,0.0
YM,revert-6-0.5,combined_stress,84650db70559423ed6d3a99343cb21b9906380b1caa22c206bd1824738b9e5a1,f8e8ca92b8d6ef14,5.0,2,0.0,0.0,5,b8602e632fb6940db0d5eba01c45a618c5ff287df0d70740384aee615a551e4a,common complete dates,2026,ok,109,-980.0,-11210.0,3410.0,6820.0,341,682,-0.1121,-102.8440366972477,-0.2591669724770642,0.058139882593725906,-4.457645267158346,-0.12687387567459524,"conditional complete-window sum on stated capital, not live equity or intraday drawdown",0.26739296636085624,248252.67283950615,mean across entered windows; not equal-risk sizing or margin availability,109,252,0.0,0.0
YM,revert-6-1,base,84650db70559423ed6d3a99343cb21b9906380b1caa22c206bd1824738b9e5a1,ab75bf4c89bf41fa,2.5,1,0.0,0.0,1,b8602e632fb6940db0d5eba01c45a618c5ff287df0d70740384aee615a551e4a,common complete dates,whole,ok,1901,8555.0,-66370.0,24975.0,49950.0,4995,9990,-0.6637,-34.9132035770647,-0.08798127301420305,0.04496831778919157,-1.9565168843240546,-0.7103789621037896,"conditional complete-window sum on stated capital, not live equity or intraday drawdown",0.23737506575486586,164469.77548500884,mean across entered windows; not equal-risk sizing or margin availability,1901,252,0.0,0.0
YM,revert-6-1,base,84650db70559423ed6d3a99343cb21b9906380b1caa22c206bd1824738b9e5a1,ab75bf4c89bf41fa,2.5,1,0.0,0.0,1,b8602e632fb6940db0d5eba01c45a618c5ff287df0d70740384aee615a551e4a,common complete dates,development,ok,970,15780.0,-22620.0,12800.0,25600.0,2560,5120,-0.2262,-23.31958762886598,-0.05876536082474226,0.04225120262431194,-1.3908565241863164,-0.27507249275072493,"conditional complete-window sum on stated capital, not live equity or intraday drawdown",0.2347938144329897,137465.85312932226,mean across entered windows; not equal-risk sizing or margin availability,970,252,0.0,0.0
YM,revert-6-1,base,84650db70559423ed6d3a99343cb21b9906380b1caa22c206bd1824738b9e5a1,ab75bf4c89bf41fa,2.5,1,0.0,0.0,1,b8602e632fb6940db0d5eba01c45a618c5ff287df0d70740384aee615a551e4a,common complete dates,validation,ok,467,-945.0,-19305.0,6120.0,12240.0,1224,2448,-0.19305,-41.33832976445396,-0.10417259100642397,0.03704411507959791,-2.8121225404517,-0.20807773470088825,"conditional complete-window sum on stated capital, not live equity or intraday drawdown",0.23924875089221984,167548.96763233189,mean across entered windows; not equal-risk sizing or margin availability,467,252,0.0,0.0
YM,revert-6-1,base,84650db70559423ed6d3a99343cb21b9906380b1caa22c206bd1824738b9e5a1,ab75bf4c89bf41fa,2.5,1,0.0,0.0,1,b8602e632fb6940db0d5eba01c45a618c5ff287df0d70740384aee615a551e4a,common complete dates,historical_final,ok,464,-6280.0,-24445.0,6055.0,12110.0,1211,2422,-0.24445,-52.68318965517241,-0.13276163793103446,0.05625690046674051,-2.35991739376975,-0.2911,"conditional complete-window sum on stated capital, not live equity or intraday drawdown",0.24088541666666666,217941.24855072462,mean across entered windows; not equal-risk sizing or margin availability,464,252,0.0,0.0
YM,revert-6-1,base,84650db70559423ed6d3a99343cb21b9906380b1caa22c206bd1824738b9e5a1,ab75bf4c89bf41fa,2.5,1,0.0,0.0,1,b8602e632fb6940db0d5eba01c45a618c5ff287df0d70740384aee615a551e4a,common complete dates,2016,ok,27,-435.0,-1530.0,365.0,730.0,73,146,-0.0153,-56.666666666666664,-0.14279999999999998,0.015510095967565028,-9.206906282116227,-0.015398460153984602,"conditional complete-window sum on stated capital, not live equity or intraday drawdown",0.27237654320987653,92021.83333333331,mean across entered windows; not equal-risk sizing or margin availability,27,252,0.0,0.0
YM,revert-6-1,base,84650db70559423ed6d3a99343cb21b9906380b1caa22c206bd1824738b9e5a1,ab75bf4c89bf41fa,2.5,1,0.0,0.0,1,b8602e632fb6940db0d5eba01c45a618c5ff287df0d70740384aee615a551e4a,common complete dates,2017,ok,49,-395.0,-2255.0,620.0,1240.0,124,248,-0.02255,-46.02040816326531,-0.11597142857142857,0.012140560707220829,-9.552394767274002,-0.02255,"conditional complete-window sum on stated capital, not live equity or intraday drawdown",0.2266156462585034,110862.55442176871,mean across entered windows; not equal-risk sizing or margin availability,49,252,0.0,0.0
YM,revert-6-1,base,84650db70559423ed6d3a99343cb21b9906380b1caa22c206bd1824738b9e5a1,ab75bf4c89bf41fa,2.5,1,0.0,0.0,1,b8602e632fb6940db0d5eba01c45a618c5ff287df0d70740384aee615a551e4a,common complete dates,2018,ok,212,1155.0,-7410.0,2855.0,5710.0,571,1142,-0.0741,-34.95283018867924,-0.08808113207547169,0.03598609842921822,-2.4476432822724656,-0.08945,"conditional complete-window sum on stated capital, not live equity or intraday drawdown",0.2432193396226415,125093.39033018867,mean across entered windows; not equal-risk sizing or margin availability,212,252,0.0,0.0
YM,revert-6-1,base,84650db70559423ed6d3a99343cb21b9906380b1caa22c206bd1824738b9e5a1,ab75bf4c89bf41fa,2.5,1,0.0,0.0,1,b8602e632fb6940db0d5eba01c45a618c5ff287df0d70740384aee615a551e4a,common complete dates,2019,ok,220,1000.0,-7535.0,2845.0,5690.0,569,1138,-0.07535,-34.25,-0.08631,0.025927293098147758,-3.3289244532112754,-0.080133306804616,"conditional complete-window sum on stated capital, not live equity or intraday drawdown",0.2315340909090909,131030.42765151514,mean across entered windows; not equal-risk sizing or margin availability,220,252,0.0,0.0
YM,revert-6-1,base,84650db70559423ed6d3a99343cb21b9906380b1caa22c206bd1824738b9e5a1,ab75bf4c89bf41fa,2.5,1,0.0,0.0,1,b8602e632fb6940db0d5eba01c45a618c5ff287df0d70740384aee615a551e4a,common complete dates,2020,ok,233,8690.0,-685.0,3125.0,6250.0,625,1250,-0.00685,-2.939914163090129,-0.007408583690987125,0.06829936768279388,-0.10847221493169859,-0.0877,"conditional complete-window sum on stated capital, not live equity or intraday drawdown",0.23068669527896996,134578.87028985505,mean across entered windows; not equal-risk sizing or margin availability,233,252,0.0,0.0
YM,revert-6-1,base,84650db70559423ed6d3a99343cb21b9906380b1caa22c206bd1824738b9e5a1,ab75bf4c89bf41fa,2.5,1,0.0,0.0,1,b8602e632fb6940db0d5eba01c45a618c5ff287df0d70740384aee615a551e4a,common complete dates,2021,ok,229,5765.0,-3205.0,2990.0,5980.0,598,1196,-0.03205,-13.995633187772926,-0.03526899563318778,0.030209749115519244,-1.167470656519604,-0.0414611052972542,"conditional complete-window sum on stated capital, not live equity or intraday drawdown",0.2316229985443959,169471.6581858407,mean across entered windows; not equal-risk sizing or margin availability,229,252,0.0,0.0
YM,revert-6-1,base,84650db70559423ed6d3a99343cb21b9906380b1caa22c206bd1824738b9e5a1,ab75bf4c89bf41fa,2.5,1,0.0,0.0,1,b8602e632fb6940db0d5eba01c45a618c5ff287df0d70740384aee615a551e4a,common complete dates,2022,ok,239,1670.0,-7780.0,3150.0,6300.0,630,1260,-0.0778,-32.55230125523013,-0.08203179916317992,0.042818713317771644,-1.9157931849655352,-0.10462776659959759,"conditional complete-window sum on stated capital, not live equity or intraday drawdown",0.24145746164574616,164566.45885634588,mean across entered windows; not equal-risk sizing or margin availability,239,252,0.0,0.0
YM,revert-6-1,base,84650db70559423ed6d3a99343cb21b9906380b1caa22c206bd1824738b9e5a1,ab75bf4c89bf41fa,2.5,1,0.0,0.0,1,b8602e632fb6940db0d5eba01c45a618c5ff287df0d70740384aee615a551e4a,common complete dates,2023,ok,228,-2615.0,-11525.0,2970.0,5940.0,594,1188,-0.11525,-50.54824561403509,-0.12738157894736843,0.02984280719176887,-4.268418119274729,-0.11535,"conditional complete-window sum on stated capital, not live equity or intraday drawdown",0.23693347953216373,170689.14207048458,mean across entered windows; not equal-risk sizing or margin availability,228,252,0.0,0.0
YM,revert-6-1,base,84650db70559423ed6d3a99343cb21b9906380b1caa22c206bd1824738b9e5a1,ab75bf4c89bf41fa,2.5,1,0.0,0.0,1,b8602e632fb6940db0d5eba01c45a618c5ff287df0d70740384aee615a551e4a,common complete dates,2024,ok,213,-1475.0,-9965.0,2830.0,5660.0,566,1132,-0.09965,-46.78403755868545,-0.11789577464788734,0.0342995954137766,-3.437235140112876,-0.0999,"conditional complete-window sum on stated capital, not live equity or intraday drawdown",0.2468701095461659,201592.95734597158,mean across entered windows; not equal-risk sizing or margin availability,213,252,0.0,0.0
YM,revert-6-1,base,84650db70559423ed6d3a99343cb21b9906380b1caa22c206bd1824738b9e5a1,ab75bf4c89bf41fa,2.5,1,0.0,0.0,1,b8602e632fb6940db0d5eba01c45a618c5ff287df0d70740384aee615a551e4a,common complete dates,2025,ok,142,-9245.0,-14735.0,1830.0,3660.0,366,732,-0.14735,-103.76760563380282,-0.2614943661971831,0.07581925573365908,-3.4489176089484577,-0.14977314653238272,"conditional complete-window sum on stated capital, not live equity or intraday drawdown",0.238556338028169,219206.4196217494,mean across entered windows; not equal-risk sizing or margin availability,142,252,0.0,0.0
YM,revert-6-1,base,84650db70559423ed6d3a99343cb21b9906380b1caa22c206bd1824738b9e5a1,ab75bf4c89bf41fa,2.5,1,0.0,0.0,1,b8602e632fb6940db0d5eba01c45a618c5ff287df0d70740384aee615a551e4a,common complete dates,2026,ok,109,4440.0,255.0,1395.0,2790.0,279,558,0.00255,2.3394495412844036,0.005895412844036697,0.059901349200878834,0.09841869878867777,-0.046198363600079825,"conditional complete-window sum on stated capital, not live equity or intraday drawdown",0.23222477064220184,248229.2145061728,mean across entered windows; not equal-risk sizing or margin availability,109,252,0.0,0.0
YM,revert-6-1,gross_reference,84650db70559423ed6d3a99343cb21b9906380b1caa22c206bd1824738b9e5a1,bd45ca1770547518,0.0,0,0.0,0.0,1,b8602e632fb6940db0d5eba01c45a618c5ff287df0d70740384aee615a551e4a,common complete dates,whole,ok,1901,8555.0,8555.0,0.0,0.0,4995,9990,0.08555,4.50026301946344,0.011340662809047868,0.04528933461235476,0.2504047124144363,-0.16101906585629838,"conditional complete-window sum on stated capital, not live equity or intraday drawdown",0.23737506575486586,164469.77548500884,mean across entered windows; not equal-risk sizing or margin availability,1901,252,0.0,0.0
YM,revert-6-1,gross_reference,84650db70559423ed6d3a99343cb21b9906380b1caa22c206bd1824738b9e5a1,bd45ca1770547518,0.0,0,0.0,0.0,1,b8602e632fb6940db0d5eba01c45a618c5ff287df0d70740384aee615a551e4a,common complete dates,development,ok,970,15780.0,15780.0,0.0,0.0,2560,5120,0.1578,16.2680412371134,0.04099546391752577,0.04255374596870232,0.9633808489545752,-0.07582637566525072,"conditional complete-window sum on stated capital, not live equity or intraday drawdown",0.2347938144329897,137465.85312932226,mean across entered windows; not equal-risk sizing or margin availability,970,252,0.0,0.0
YM,revert-6-1,gross_reference,84650db70559423ed6d3a99343cb21b9906380b1caa22c206bd1824738b9e5a1,bd45ca1770547518,0.0,0,0.0,0.0,1,b8602e632fb6940db0d5eba01c45a618c5ff287df0d70740384aee615a551e4a,common complete dates,validation,ok,467,-945.0,-945.0,0.0,0.0,1224,2448,-0.00945,-2.02355460385439,-0.005099357601713062,0.03743765005689514,-0.13620933990150058,-0.05453848365762484,"conditional complete-window sum on stated capital, not live equity or intraday drawdown",0.23924875089221984,167548.96763233189,mean across entered windows; not equal-risk sizing or margin availability,467,252,0.0,0.0
YM,revert-6-1,gross_reference,84650db70559423ed6d3a99343cb21b9906380b1caa22c206bd1824738b9e5a1,bd45ca1770547518,0.0,0,0.0,0.0,1,b8602e632fb6940db0d5eba01c45a618c5ff287df0d70740384aee615a551e4a,common complete dates,historical_final,ok,464,-6280.0,-6280.0,0.0,0.0,1211,2422,-0.0628,-13.53448275862069,-0.034106896551724136,0.056569024846914076,-0.6029253048646945,-0.15209669462259498,"conditional complete-window sum on stated capital, not live equity or intraday drawdown",0.24088541666666666,217941.24855072462,mean across entered windows; not equal-risk sizing or margin availability,464,252,0.0,0.0
YM,revert-6-1,gross_reference,84650db70559423ed6d3a99343cb21b9906380b1caa22c206bd1824738b9e5a1,bd45ca1770547518,0.0,0,0.0,0.0,1,b8602e632fb6940db0d5eba01c45a618c5ff287df0d70740384aee615a551e4a,common complete dates,2016,ok,27,-435.0,-435.0,0.0,0.0,73,146,-0.00435,-16.11111111111111,-0.0406,0.015066851031320383,-2.6946572920646994,-0.006535621632408701,"conditional complete-window sum on stated capital, not live equity or intraday drawdown",0.27237654320987653,92021.83333333331,mean across entered windows; not equal-risk sizing or margin availability,27,252,0.0,0.0
YM,revert-6-1,gross_reference,84650db70559423ed6d3a99343cb21b9906380b1caa22c206bd1824738b9e5a1,bd45ca1770547518,0.0,0,0.0,0.0,1,b8602e632fb6940db0d5eba01c45a618c5ff287df0d70740384aee615a551e4a,common complete dates,2017,ok,49,-395.0,-395.0,0.0,0.0,124,248,-0.00395,-8.061224489795919,-0.020314285714285715,0.012084036104358037,-1.6810844935294003,-0.006597361055577769,"conditional complete-window sum on stated capital, not live equity or intraday drawdown",0.2266156462585034,110862.55442176871,mean across entered windows; not equal-risk sizing or margin availability,49,252,0.0,0.0
YM,revert-6-1,gross_reference,84650db70559423ed6d3a99343cb21b9906380b1caa22c206bd1824738b9e5a1,bd45ca1770547518,0.0,0,0.0,0.0,1,b8602e632fb6940db0d5eba01c45a618c5ff287df0d70740384aee615a551e4a,common complete dates,2018,ok,212,1155.0,1155.0,0.0,0.0,571,1142,0.01155,5.44811320754717,0.013729245283018868,0.0363038544045979,0.37817596803936204,-0.04245,"conditional complete-window sum on stated capital, not live equity or intraday drawdown",0.2432193396226415,125093.39033018867,mean across entered windows; not equal-risk sizing or margin availability,212,252,0.0,0.0
YM,revert-6-1,gross_reference,84650db70559423ed6d3a99343cb21b9906380b1caa22c206bd1824738b9e5a1,bd45ca1770547518,0.0,0,0.0,0.0,1,b8602e632fb6940db0d5eba01c45a618c5ff287df0d70740384aee615a551e4a,common complete dates,2019,ok,220,1000.0,1000.0,0.0,0.0,569,1138,0.01,4.545454545454546,0.011454545454545455,0.02616311273996435,0.43781279270522555,-0.02086598746081505,"conditional complete-window sum on stated capital, not live equity or intraday drawdown",0.2315340909090909,131030.42765151514,mean across entered windows; not equal-risk sizing or margin availability,220,252,0.0,0.0
YM,revert-6-1,gross_reference,84650db70559423ed6d3a99343cb21b9906380b1caa22c206bd1824738b9e5a1,bd45ca1770547518,0.0,0,0.0,0.0,1,b8602e632fb6940db0d5eba01c45a618c5ff287df0d70740384aee615a551e4a,common complete dates,2020,ok,233,8690.0,8690.0,0.0,0.0,625,1250,0.0869,37.2961373390558,0.0939862660944206,0.068771414015375,1.366647282741757,-0.07269204014707344,"conditional complete-window sum on stated capital, not live equity or intraday drawdown",0.23068669527896996,134578.87028985505,mean across entered windows; not equal-risk sizing or margin availability,233,252,0.0,0.0
YM,revert-6-1,gross_reference,84650db70559423ed6d3a99343cb21b9906380b1caa22c206bd1824738b9e5a1,bd45ca1770547518,0.0,0,0.0,0.0,1,b8602e632fb6940db0d5eba01c45a618c5ff287df0d70740384aee615a551e4a,common complete dates,2021,ok,229,5765.0,5765.0,0.0,0.0,598,1196,0.05765,25.17467248908297,0.06344017467248908,0.030395355711298463,2.087166713068185,-0.01401141670991178,"conditional complete-window sum on stated capital, not live equity or intraday drawdown",0.2316229985443959,169471.6581858407,mean across entered windows; not equal-risk sizing or margin availability,229,252,0.0,0.0
YM,revert-6-1,gross_reference,84650db70559423ed6d3a99343cb21b9906380b1caa22c206bd1824738b9e5a1,bd45ca1770547518,0.0,0,0.0,0.0,1,b8602e632fb6940db0d5eba01c45a618c5ff287df0d70740384aee615a551e4a,common complete dates,2022,ok,239,1670.0,1670.0,0.0,0.0,630,1260,0.0167,6.98744769874477,0.01760836820083682,0.04318704580571081,0.40772337797896774,-0.03920253043228218,"conditional complete-window sum on stated capital, not live equity or intraday drawdown",0.24145746164574616,164566.45885634588,mean across entered windows; not equal-risk sizing or margin availability,239,252,0.0,0.0
YM,revert-6-1,gross_reference,84650db70559423ed6d3a99343cb21b9906380b1caa22c206bd1824738b9e5a1,bd45ca1770547518,0.0,0,0.0,0.0,1,b8602e632fb6940db0d5eba01c45a618c5ff287df0d70740384aee615a551e4a,common complete dates,2023,ok,228,-2615.0,-2615.0,0.0,0.0,594,1188,-0.02615,-11.469298245614034,-0.028902631578947367,0.030287515505982934,-0.9542754199577052,-0.032669958601426505,"conditional complete-window sum on stated capital, not live equity or intraday drawdown",0.23693347953216373,170689.14207048458,mean across entered windows; not equal-risk sizing or margin availability,228,252,0.0,0.0
YM,revert-6-1,gross_reference,84650db70559423ed6d3a99343cb21b9906380b1caa22c206bd1824738b9e5a1,bd45ca1770547518,0.0,0,0.0,0.0,1,b8602e632fb6940db0d5eba01c45a618c5ff287df0d70740384aee615a551e4a,common complete dates,2024,ok,213,-1475.0,-1475.0,0.0,0.0,566,1132,-0.01475,-6.924882629107981,-0.017450704225352113,0.03470370760143947,-0.5028484110622312,-0.03035,"conditional complete-window sum on stated capital, not live equity or intraday drawdown",0.2468701095461659,201592.95734597158,mean across entered windows; not equal-risk sizing or margin availability,213,252,0.0,0.0
YM,revert-6-1,gross_reference,84650db70559423ed6d3a99343cb21b9906380b1caa22c206bd1824738b9e5a1,bd45ca1770547518,0.0,0,0.0,0.0,1,b8602e632fb6940db0d5eba01c45a618c5ff287df0d70740384aee615a551e4a,common complete dates,2025,ok,142,-9245.0,-9245.0,0.0,0.0,366,732,-0.09245,-65.1056338028169,-0.16406619718309856,0.07593439451265149,-2.1606308740074747,-0.10303210169659198,"conditional complete-window sum on stated capital, not live equity or intraday drawdown",0.238556338028169,219206.4196217494,mean across entered windows; not equal-risk sizing or margin availability,142,252,0.0,0.0
YM,revert-6-1,gross_reference,84650db70559423ed6d3a99343cb21b9906380b1caa22c206bd1824738b9e5a1,bd45ca1770547518,0.0,0,0.0,0.0,1,b8602e632fb6940db0d5eba01c45a618c5ff287df0d70740384aee615a551e4a,common complete dates,2026,ok,109,4440.0,4440.0,0.0,0.0,279,558,0.0444,40.73394495412844,0.10264954128440366,0.06051109787766916,1.6963754564811022,-0.03686911464301729,"conditional complete-window sum on stated capital, not live equity or intraday drawdown",0.23222477064220184,248229.2145061728,mean across entered windows; not equal-risk sizing or margin availability,109,252,0.0,0.0
YM,revert-6-1,cost_stress,84650db70559423ed6d3a99343cb21b9906380b1caa22c206bd1824738b9e5a1,2299853fb51945d7,5.0,2,0.0,0.0,1,b8602e632fb6940db0d5eba01c45a618c5ff287df0d70740384aee615a551e4a,common complete dates,whole,ok,1901,8555.0,-141295.0,49950.0,99900.0,4995,9990,-1.41295,-74.32667017359285,-0.187303208837454,0.044766103019049666,-4.184040964158738,-1.4395,"conditional complete-window sum on stated capital, not live equity or intraday drawdown",0.23737506575486586,164469.77548500884,mean across entered windows; not equal-risk sizing or margin availability,1901,252,0.0,0.0
YM,revert-6-1,cost_stress,84650db70559423ed6d3a99343cb21b9906380b1caa22c206bd1824738b9e5a1,2299853fb51945d7,5.0,2,0.0,0.0,1,b8602e632fb6940db0d5eba01c45a618c5ff287df0d70740384aee615a551e4a,common complete dates,development,ok,970,15780.0,-61020.0,25600.0,51200.0,2560,5120,-0.6102,-62.90721649484536,-0.1585261855670103,0.042072631208028594,-3.767917076143297,-0.61075,"conditional complete-window sum on stated capital, not live equity or intraday drawdown",0.2347938144329897,137465.85312932226,mean across entered windows; not equal-risk sizing or margin availability,970,252,0.0,0.0
YM,revert-6-1,cost_stress,84650db70559423ed6d3a99343cb21b9906380b1caa22c206bd1824738b9e5a1,2299853fb51945d7,5.0,2,0.0,0.0,1,b8602e632fb6940db0d5eba01c45a618c5ff287df0d70740384aee615a551e4a,common complete dates,validation,ok,467,-945.0,-37665.0,12240.0,24480.0,1224,2448,-0.37665,-80.65310492505353,-0.2032458244111349,0.036790141145203625,-5.524464383242311,-0.3774903879762321,"conditional complete-window sum on stated capital, not live equity or intraday drawdown",0.23924875089221984,167548.96763233189,mean across entered windows; not equal-risk sizing or margin availability,467,252,0.0,0.0
YM,revert-6-1,cost_stress,84650db70559423ed6d3a99343cb21b9906380b1caa22c206bd1824738b9e5a1,2299853fb51945d7,5.0,2,0.0,0.0,1,b8602e632fb6940db0d5eba01c45a618c5ff287df0d70740384aee615a551e4a,common complete dates,historical_final,ok,464,-6280.0,-42610.0,12110.0,24220.0,1211,2422,-0.4261,-91.83189655172414,-0.23141637931034484,0.05604678585520748,-4.128985735385274,-0.45265,"conditional complete-window sum on stated capital, not live equity or intraday drawdown",0.24088541666666666,217941.24855072462,mean across entered windows; not equal-risk sizing or margin availability,464,252,0.0,0.0
YM,revert-6-1,cost_stress,84650db70559423ed6d3a99343cb21b9906380b1caa22c206bd1824738b9e5a1,2299853fb51945d7,5.0,2,0.0,0.0,1,b8602e632fb6940db0d5eba01c45a618c5ff287df0d70740384aee615a551e4a,common complete dates,2016,ok,27,-435.0,-2625.0,730.0,1460.0,73,146,-0.02625,-97.22222222222223,-0.24500000000000002,0.01623422311045404,-15.091575268682375,-0.02625,"conditional complete-window sum on stated capital, not live equity or intraday drawdown",0.27237654320987653,92021.83333333331,mean across entered windows; not equal-risk sizing or margin availability,27,252,0.0,0.0
YM,revert-6-1,cost_stress,84650db70559423ed6d3a99343cb21b9906380b1caa22c206bd1824738b9e5a1,2299853fb51945d7,5.0,2,0.0,0.0,1,b8602e632fb6940db0d5eba01c45a618c5ff287df0d70740384aee615a551e4a,common complete dates,2017,ok,49,-395.0,-4115.0,1240.0,2480.0,124,248,-0.04115,-83.9795918367347,-0.21162857142857144,0.012729521369074107,-16.62502189145266,-0.04115,"conditional complete-window sum on stated capital, not live equity or intraday drawdown",0.2266156462585034,110862.55442176871,mean across entered windows; not equal-risk sizing or margin availability,49,252,0.0,0.0
YM,revert-6-1,cost_stress,84650db70559423ed6d3a99343cb21b9906380b1caa22c206bd1824738b9e5a1,2299853fb51945d7,5.0,2,0.0,0.0,1,b8602e632fb6940db0d5eba01c45a618c5ff287df0d70740384aee615a551e4a,common complete dates,2018,ok,212,1155.0,-15975.0,5710.0,11420.0,571,1142,-0.15975,-75.35377358490567,-0.1898915094339623,0.035798676229061833,-5.304428248098343,-0.16675,"conditional complete-window sum on stated capital, not live equity or intraday drawdown",0.2432193396226415,125093.39033018867,mean across entered windows; not equal-risk sizing or margin availability,212,252,0.0,0.0
YM,revert-6-1,cost_stress,84650db70559423ed6d3a99343cb21b9906380b1caa22c206bd1824738b9e5a1,2299853fb51945d7,5.0,2,0.0,0.0,1,b8602e632fb6940db0d5eba01c45a618c5ff287df0d70740384aee615a551e4a,common complete dates,2019,ok,220,1000.0,-16070.0,5690.0,11380.0,569,1138,-0.1607,-73.04545454545455,-0.18407454545454544,0.02589144889299035,-7.10947256043212,-0.16391891218807592,"conditional complete-window sum on stated capital, not live equity or intraday drawdown",0.2315340909090909,131030.42765151514,mean across entered windows; not equal-risk sizing or margin availability,220,252,0.0,0.0
YM,revert-6-1,cost_stress,84650db70559423ed6d3a99343cb21b9906380b1caa22c206bd1824738b9e5a1,2299853fb51945d7,5.0,2,0.0,0.0,1,b8602e632fb6940db0d5eba01c45a618c5ff287df0d70740384aee615a551e4a,common complete dates,2020,ok,233,8690.0,-10060.0,6250.0,12500.0,625,1250,-0.1006,-43.17596566523605,-0.10880343347639485,0.06790848223491275,-1.6022068215280683,-0.1129,"conditional complete-window sum on stated capital, not live equity or intraday drawdown",0.23068669527896996,134578.87028985505,mean across entered windows; not equal-risk sizing or margin availability,233,252,0.0,0.0
YM,revert-6-1,cost_stress,84650db70559423ed6d3a99343cb21b9906380b1caa22c206bd1824738b9e5a1,2299853fb51945d7,5.0,2,0.0,0.0,1,b8602e632fb6940db0d5eba01c45a618c5ff287df0d70740384aee615a551e4a,common complete dates,2021,ok,229,5765.0,-12175.0,5980.0,11960.0,598,1196,-0.12175,-53.16593886462882,-0.13397816593886464,0.030198424809110582,-4.436594517289017,-0.12444510948176966,"conditional complete-window sum on stated capital, not live equity or intraday drawdown",0.2316229985443959,169471.6581858407,mean across entered windows; not equal-risk sizing or margin availability,229,252,0.0,0.0
YM,revert-6-1,cost_stress,84650db70559423ed6d3a99343cb21b9906380b1caa22c206bd1824738b9e5a1,2299853fb51945d7,5.0,2,0.0,0.0,1,b8602e632fb6940db0d5eba01c45a618c5ff287df0d70740384aee615a551e4a,common complete dates,2022,ok,239,1670.0,-17230.0,6300.0,12600.0,630,1260,-0.1723,-72.09205020920503,-0.18167196652719667,0.04255779264704556,-4.268829636769442,-0.17900833874269736,"conditional complete-window sum on stated capital, not live equity or intraday drawdown",0.24145746164574616,164566.45885634588,mean across entered windows; not equal-risk sizing or margin availability,239,252,0.0,0.0
YM,revert-6-1,cost_stress,84650db70559423ed6d3a99343cb21b9906380b1caa22c206bd1824738b9e5a1,2299853fb51945d7,5.0,2,0.0,0.0,1,b8602e632fb6940db0d5eba01c45a618c5ff287df0d70740384aee615a551e4a,common complete dates,2023,ok,228,-2615.0,-20435.0,5940.0,11880.0,594,1188,-0.20435,-89.62719298245614,-0.22586052631578946,0.02959165344337211,-7.632575406710751,-0.20435,"conditional complete-window sum on stated capital, not live equity or intraday drawdown",0.23693347953216373,170689.14207048458,mean across entered windows; not equal-risk sizing or margin availability,228,252,0.0,0.0
YM,revert-6-1,cost_stress,84650db70559423ed6d3a99343cb21b9906380b1caa22c206bd1824738b9e5a1,2299853fb51945d7,5.0,2,0.0,0.0,1,b8602e632fb6940db0d5eba01c45a618c5ff287df0d70740384aee615a551e4a,common complete dates,2024,ok,213,-1475.0,-18455.0,5660.0,11320.0,566,1132,-0.18455,-86.64319248826291,-0.21834084507042253,0.034062253429417655,-6.41005286167749,-0.1846,"conditional complete-window sum on stated capital, not live equity or intraday drawdown",0.2468701095461659,201592.95734597158,mean across entered windows; not equal-risk sizing or margin availability,213,252,0.0,0.0
YM,revert-6-1,cost_stress,84650db70559423ed6d3a99343cb21b9906380b1caa22c206bd1824738b9e5a1,2299853fb51945d7,5.0,2,0.0,0.0,1,b8602e632fb6940db0d5eba01c45a618c5ff287df0d70740384aee615a551e4a,common complete dates,2025,ok,142,-9245.0,-20225.0,3660.0,7320.0,366,732,-0.20225,-142.42957746478874,-0.3589225352112676,0.07577649232467853,-4.736594743306368,-0.20416001596169195,"conditional complete-window sum on stated capital, not live equity or intraday drawdown",0.238556338028169,219206.4196217494,mean across entered windows; not equal-risk sizing or margin availability,142,252,0.0,0.0
YM,revert-6-1,cost_stress,84650db70559423ed6d3a99343cb21b9906380b1caa22c206bd1824738b9e5a1,2299853fb51945d7,5.0,2,0.0,0.0,1,b8602e632fb6940db0d5eba01c45a618c5ff287df0d70740384aee615a551e4a,common complete dates,2026,ok,109,4440.0,-3930.0,2790.0,5580.0,279,558,-0.0393,-36.055045871559635,-0.09085871559633027,0.059390494662606694,-1.5298528175677335,-0.06715598162572399,"conditional complete-window sum on stated capital, not live equity or intraday drawdown",0.23222477064220184,248229.2145061728,mean across entered windows; not equal-risk sizing or margin availability,109,252,0.0,0.0
YM,revert-6-1,delay_stress,84650db70559423ed6d3a99343cb21b9906380b1caa22c206bd1824738b9e5a1,cff36c1c8503bcb0,2.5,1,0.0,0.0,5,b8602e632fb6940db0d5eba01c45a618c5ff287df0d70740384aee615a551e4a,common complete dates,whole,ok,1901,5600.0,-66865.0,24155.0,48310.0,4831,9662,-0.66865,-35.173592845870594,-0.08863745397159391,0.04531401070891114,-1.956071700229419,-0.6914,"conditional complete-window sum on stated capital, not live equity or intraday drawdown",0.2315119235490093,164534.9331035702,mean across entered windows; not equal-risk sizing or margin availability,1901,252,0.0,0.0
YM,revert-6-1,delay_stress,84650db70559423ed6d3a99343cb21b9906380b1caa22c206bd1824738b9e5a1,cff36c1c8503bcb0,2.5,1,0.0,0.0,5,b8602e632fb6940db0d5eba01c45a618c5ff287df0d70740384aee615a551e4a,common complete dates,development,ok,970,11870.0,-25090.0,12320.0,24640.0,2464,4928,-0.2509,-25.8659793814433,-0.06518226804123711,0.04003396041526384,-1.628174364092765,-0.26215,"conditional complete-window sum on stated capital, not live equity or intraday drawdown",0.2282860824742268,137482.19956597223,mean across entered windows; not equal-risk sizing or margin availability,970,252,0.0,0.0
YM,revert-6-1,delay_stress,84650db70559423ed6d3a99343cb21b9906380b1caa22c206bd1824738b9e5a1,cff36c1c8503bcb0,2.5,1,0.0,0.0,5,b8602e632fb6940db0d5eba01c45a618c5ff287df0d70740384aee615a551e4a,common complete dates,validation,ok,467,2720.0,-15055.0,5925.0,11850.0,1185,2370,-0.15055,-32.23768736616702,-0.0812389721627409,0.03578437639340095,-2.2702357942367914,-0.15946695729713664,"conditional complete-window sum on stated capital, not live equity or intraday drawdown",0.23322626695217702,167545.85282546497,mean across entered windows; not equal-risk sizing or margin availability,467,252,0.0,0.0
YM,revert-6-1,delay_stress,84650db70559423ed6d3a99343cb21b9906380b1caa22c206bd1824738b9e5a1,cff36c1c8503bcb0,2.5,1,0.0,0.0,5,b8602e632fb6940db0d5eba01c45a618c5ff287df0d70740384aee615a551e4a,common complete dates,historical_final,ok,464,-8990.0,-26720.0,5910.0,11820.0,1182,2364,-0.2672,-57.58620689655172,-0.14511724137931034,0.06136555715525649,-2.364799540761276,-0.28995,"conditional complete-window sum on stated capital, not live equity or intraday drawdown",0.2365301724137931,217942.61920289855,mean across entered windows; not equal-risk sizing or margin availability,464,252,0.0,0.0
YM,revert-6-1,delay_stress,84650db70559423ed6d3a99343cb21b9906380b1caa22c206bd1824738b9e5a1,cff36c1c8503bcb0,2.5,1,0.0,0.0,5,b8602e632fb6940db0d5eba01c45a618c5ff287df0d70740384aee615a551e4a,common complete dates,2016,ok,27,-245.0,-1295.0,350.0,700.0,70,140,-0.01295,-47.96296296296296,-0.12086666666666666,0.017178325640028826,-7.035998105951835,-0.01315,"conditional complete-window sum on stated capital, not live equity or intraday drawdown",0.2646604938271605,92018.80864197531,mean across entered windows; not equal-risk sizing or margin availability,27,252,0.0,0.0
YM,revert-6-1,delay_stress,84650db70559423ed6d3a99343cb21b9906380b1caa22c206bd1824738b9e5a1,cff36c1c8503bcb0,2.5,1,0.0,0.0,5,b8602e632fb6940db0d5eba01c45a618c5ff287df0d70740384aee615a551e4a,common complete dates,2017,ok,49,-770.0,-2585.0,605.0,1210.0,121,242,-0.02585,-52.755102040816325,-0.13294285714285714,0.014475120280773392,-9.184231603203932,-0.02605,"conditional complete-window sum on stated capital, not live equity or intraday drawdown",0.22491496598639457,110861.0969387755,mean across entered windows; not equal-risk sizing or margin availability,49,252,0.0,0.0
YM,revert-6-1,delay_stress,84650db70559423ed6d3a99343cb21b9906380b1caa22c206bd1824738b9e5a1,cff36c1c8503bcb0,2.5,1,0.0,0.0,5,b8602e632fb6940db0d5eba01c45a618c5ff287df0d70740384aee615a551e4a,common complete dates,2018,ok,212,2850.0,-5385.0,2745.0,5490.0,549,1098,-0.05385,-25.400943396226417,-0.06401037735849056,0.03243441732773672,-1.9735325198443214,-0.06905,"conditional complete-window sum on stated capital, not live equity or intraday drawdown",0.23604559748427673,125054.3210900474,mean across entered windows; not equal-risk sizing or margin availability,212,252,0.0,0.0
YM,revert-6-1,delay_stress,84650db70559423ed6d3a99343cb21b9906380b1caa22c206bd1824738b9e5a1,cff36c1c8503bcb0,2.5,1,0.0,0.0,5,b8602e632fb6940db0d5eba01c45a618c5ff287df0d70740384aee615a551e4a,common complete dates,2019,ok,220,3130.0,-5105.0,2745.0,5490.0,549,1098,-0.05105,-23.204545454545453,-0.05847545454545454,0.02585243495111474,-2.261893498853311,-0.058858739026336794,"conditional complete-window sum on stated capital, not live equity or intraday drawdown",0.22613636363636364,131037.4862385321,mean across entered windows; not equal-risk sizing or margin availability,220,252,0.0,0.0
YM,revert-6-1,delay_stress,84650db70559423ed6d3a99343cb21b9906380b1caa22c206bd1824738b9e5a1,cff36c1c8503bcb0,2.5,1,0.0,0.0,5,b8602e632fb6940db0d5eba01c45a618c5ff287df0d70740384aee615a551e4a,common complete dates,2020,ok,233,2495.0,-6565.0,3020.0,6040.0,604,1208,-0.06565,-28.175965665236053,-0.07100343347639486,0.0642229573638034,-1.1055771392491651,-0.0914,"conditional complete-window sum on stated capital, not live equity or intraday drawdown",0.2246065808297568,134552.8773653566,mean across entered windows; not equal-risk sizing or margin availability,233,252,0.0,0.0
YM,revert-6-1,delay_stress,84650db70559423ed6d3a99343cb21b9906380b1caa22c206bd1824738b9e5a1,cff36c1c8503bcb0,2.5,1,0.0,0.0,5,b8602e632fb6940db0d5eba01c45a618c5ff287df0d70740384aee615a551e4a,common complete dates,2021,ok,229,4410.0,-4155.0,2855.0,5710.0,571,1142,-0.04155,-18.14410480349345,-0.045723144104803486,0.03023446631485429,-1.5122854701205546,-0.055397656444776865,"conditional complete-window sum on stated capital, not live equity or intraday drawdown",0.22334425036390101,169473.30678466076,mean across entered windows; not equal-risk sizing or margin availability,229,252,0.0,0.0
YM,revert-6-1,delay_stress,84650db70559423ed6d3a99343cb21b9906380b1caa22c206bd1824738b9e5a1,cff36c1c8503bcb0,2.5,1,0.0,0.0,5,b8602e632fb6940db0d5eba01c45a618c5ff287df0d70740384aee615a551e4a,common complete dates,2022,ok,239,6275.0,-2845.0,3040.0,6080.0,608,1216,-0.02845,-11.903765690376568,-0.029997489539748953,0.041385558589425844,-0.7248298817794239,-0.04820172396710592,"conditional complete-window sum on stated capital, not live equity or intraday drawdown",0.23457112970711297,164560.49581589957,mean across entered windows; not equal-risk sizing or margin availability,239,252,0.0,0.0
YM,revert-6-1,delay_stress,84650db70559423ed6d3a99343cb21b9906380b1caa22c206bd1824738b9e5a1,cff36c1c8503bcb0,2.5,1,0.0,0.0,5,b8602e632fb6940db0d5eba01c45a618c5ff287df0d70740384aee615a551e4a,common complete dates,2023,ok,228,-3555.0,-12210.0,2885.0,5770.0,577,1154,-0.1221,-53.55263157894737,-0.13495263157894738,0.028469359345028228,-4.740276377259433,-0.12385710716962278,"conditional complete-window sum on stated capital, not live equity or intraday drawdown",0.23181652046783627,170689.02606461087,mean across entered windows; not equal-risk sizing or margin availability,228,252,0.0,0.0
YM,revert-6-1,delay_stress,84650db70559423ed6d3a99343cb21b9906380b1caa22c206bd1824738b9e5a1,cff36c1c8503bcb0,2.5,1,0.0,0.0,5,b8602e632fb6940db0d5eba01c45a618c5ff287df0d70740384aee615a551e4a,common complete dates,2024,ok,213,-2180.0,-10535.0,2785.0,5570.0,557,1114,-0.10535,-49.460093896713616,-0.12463943661971831,0.034963484007247615,-3.5648460145985936,-0.10545,"conditional complete-window sum on stated capital, not live equity or intraday drawdown",0.24403364632237873,201593.79581358613,mean across entered windows; not equal-risk sizing or margin availability,213,252,0.0,0.0
YM,revert-6-1,delay_stress,84650db70559423ed6d3a99343cb21b9906380b1caa22c206bd1824738b9e5a1,cff36c1c8503bcb0,2.5,1,0.0,0.0,5,b8602e632fb6940db0d5eba01c45a618c5ff287df0d70740384aee615a551e4a,common complete dates,2025,ok,142,-6270.0,-11565.0,1765.0,3530.0,353,706,-0.11565,-81.44366197183099,-0.2052380281690141,0.09050269585899903,-2.2677559626375094,-0.11974319414721545,"conditional complete-window sum on stated capital, not live equity or intraday drawdown",0.23136737089201878,219205.78427895982,mean across entered windows; not equal-risk sizing or margin availability,142,252,0.0,0.0
YM,revert-6-1,delay_stress,84650db70559423ed6d3a99343cb21b9906380b1caa22c206bd1824738b9e5a1,cff36c1c8503bcb0,2.5,1,0.0,0.0,5,b8602e632fb6940db0d5eba01c45a618c5ff287df0d70740384aee615a551e4a,common complete dates,2026,ok,109,-540.0,-4620.0,1360.0,2720.0,272,544,-0.0462,-42.38532110091743,-0.10681100917431192,0.05497940787713048,-1.9427457169603601,-0.06974072038767049,"conditional complete-window sum on stated capital, not live equity or intraday drawdown",0.22859327217125383,248234.24382716048,mean across entered windows; not equal-risk sizing or margin availability,109,252,0.0,0.0
YM,revert-6-1,combined_stress,84650db70559423ed6d3a99343cb21b9906380b1caa22c206bd1824738b9e5a1,5f2a7f31fbcd003b,5.0,2,0.0,0.0,5,b8602e632fb6940db0d5eba01c45a618c5ff287df0d70740384aee615a551e4a,common complete dates,whole,ok,1901,5600.0,-139330.0,48310.0,96620.0,4831,9662,-1.3933,-73.29300368227248,-0.18469836927932665,0.045359807864644094,-4.0718507854018196,-1.40695,"conditional complete-window sum on stated capital, not live equity or intraday drawdown",0.2315119235490093,164534.9331035702,mean across entered windows; not equal-risk sizing or margin availability,1901,252,0.0,0.0
YM,revert-6-1,combined_stress,84650db70559423ed6d3a99343cb21b9906380b1caa22c206bd1824738b9e5a1,5f2a7f31fbcd003b,5.0,2,0.0,0.0,5,b8602e632fb6940db0d5eba01c45a618c5ff287df0d70740384aee615a551e4a,common complete dates,development,ok,970,11870.0,-62050.0,24640.0,49280.0,2464,4928,-0.6205,-63.96907216494845,-0.1612020618556701,0.04010486564391363,-4.019513823758049,-0.6256,"conditional complete-window sum on stated capital, not live equity or intraday drawdown",0.2282860824742268,137482.19956597223,mean across entered windows; not equal-risk sizing or margin availability,970,252,0.0,0.0
YM,revert-6-1,combined_stress,84650db70559423ed6d3a99343cb21b9906380b1caa22c206bd1824738b9e5a1,5f2a7f31fbcd003b,5.0,2,0.0,0.0,5,b8602e632fb6940db0d5eba01c45a618c5ff287df0d70740384aee615a551e4a,common complete dates,validation,ok,467,2720.0,-32830.0,11850.0,23700.0,1185,2370,-0.3283,-70.29978586723769,-0.17715546038543897,0.03585749759548205,-4.94054165139957,-0.33064194577352474,"conditional complete-window sum on stated capital, not live equity or intraday drawdown",0.23322626695217702,167545.85282546497,mean across entered windows; not equal-risk sizing or margin availability,467,252,0.0,0.0
YM,revert-6-1,combined_stress,84650db70559423ed6d3a99343cb21b9906380b1caa22c206bd1824738b9e5a1,5f2a7f31fbcd003b,5.0,2,0.0,0.0,5,b8602e632fb6940db0d5eba01c45a618c5ff287df0d70740384aee615a551e4a,common complete dates,historical_final,ok,464,-8990.0,-44450.0,11820.0,23640.0,1182,2364,-0.4445,-95.79741379310344,-0.24140948275862067,0.06136349870970431,-3.9340892849130045,-0.45815,"conditional complete-window sum on stated capital, not live equity or intraday drawdown",0.2365301724137931,217942.61920289855,mean across entered windows; not equal-risk sizing or margin availability,464,252,0.0,0.0
YM,revert-6-1,combined_stress,84650db70559423ed6d3a99343cb21b9906380b1caa22c206bd1824738b9e5a1,5f2a7f31fbcd003b,5.0,2,0.0,0.0,5,b8602e632fb6940db0d5eba01c45a618c5ff287df0d70740384aee615a551e4a,common complete dates,2016,ok,27,-245.0,-2345.0,700.0,1400.0,70,140,-0.02345,-86.85185185185185,-0.21886666666666665,0.01796150441988758,-12.185319311244896,-0.02345,"conditional complete-window sum on stated capital, not live equity or intraday drawdown",0.2646604938271605,92018.80864197531,mean across entered windows; not equal-risk sizing or margin availability,27,252,0.0,0.0
YM,revert-6-1,combined_stress,84650db70559423ed6d3a99343cb21b9906380b1caa22c206bd1824738b9e5a1,5f2a7f31fbcd003b,5.0,2,0.0,0.0,5,b8602e632fb6940db0d5eba01c45a618c5ff287df0d70740384aee615a551e4a,common complete dates,2017,ok,49,-770.0,-4400.0,1210.0,2420.0,121,242,-0.044,-89.79591836734694,-0.22628571428571428,0.015445352976589064,-14.650731169996677,-0.044,"conditional complete-window sum on stated capital, not live equity or intraday drawdown",0.22491496598639457,110861.0969387755,mean across entered windows; not equal-risk sizing or margin availability,49,252,0.0,0.0
YM,revert-6-1,combined_stress,84650db70559423ed6d3a99343cb21b9906380b1caa22c206bd1824738b9e5a1,5f2a7f31fbcd003b,5.0,2,0.0,0.0,5,b8602e632fb6940db0d5eba01c45a618c5ff287df0d70740384aee615a551e4a,common complete dates,2018,ok,212,2850.0,-13620.0,5490.0,10980.0,549,1098,-0.1362,-64.24528301886792,-0.16189811320754718,0.032420308200213556,-4.99372529735793,-0.1469,"conditional complete-window sum on stated capital, not live equity or intraday drawdown",0.23604559748427673,125054.3210900474,mean across entered windows; not equal-risk sizing or margin availability,212,252,0.0,0.0
YM,revert-6-1,combined_stress,84650db70559423ed6d3a99343cb21b9906380b1caa22c206bd1824738b9e5a1,5f2a7f31fbcd003b,5.0,2,0.0,0.0,5,b8602e632fb6940db0d5eba01c45a618c5ff287df0d70740384aee615a551e4a,common complete dates,2019,ok,220,3130.0,-13340.0,5490.0,10980.0,549,1098,-0.1334,-60.63636363636363,-0.15280363636363636,0.026130560399645123,-5.847698404727347,-0.13565,"conditional complete-window sum on stated capital, not live equity or intraday drawdown",0.22613636363636364,131037.4862385321,mean across entered windows; not equal-risk sizing or margin availability,220,252,0.0,0.0
YM,revert-6-1,combined_stress,84650db70559423ed6d3a99343cb21b9906380b1caa22c206bd1824738b9e5a1,5f2a7f31fbcd003b,5.0,2,0.0,0.0,5,b8602e632fb6940db0d5eba01c45a618c5ff287df0d70740384aee615a551e4a,common complete dates,2020,ok,233,2495.0,-15625.0,6040.0,12080.0,604,1208,-0.15625,-67.06008583690988,-0.1689914163090129,0.0640911211910405,-2.6367367767727043,-0.15625,"conditional complete-window sum on stated capital, not live equity or intraday drawdown",0.2246065808297568,134552.8773653566,mean across entered windows; not equal-risk sizing or margin availability,233,252,0.0,0.0
YM,revert-6-1,combined_stress,84650db70559423ed6d3a99343cb21b9906380b1caa22c206bd1824738b9e5a1,5f2a7f31fbcd003b,5.0,2,0.0,0.0,5,b8602e632fb6940db0d5eba01c45a618c5ff287df0d70740384aee615a551e4a,common complete dates,2021,ok,229,4410.0,-12720.0,5710.0,11420.0,571,1142,-0.1272,-55.54585152838428,-0.13997554585152838,0.030543471361990378,-4.582830294323391,-0.13390228078055597,"conditional complete-window sum on stated capital, not live equity or intraday drawdown",0.22334425036390101,169473.30678466076,mean across entered windows; not equal-risk sizing or margin availability,229,252,0.0,0.0
YM,revert-6-1,combined_stress,84650db70559423ed6d3a99343cb21b9906380b1caa22c206bd1824738b9e5a1,5f2a7f31fbcd003b,5.0,2,0.0,0.0,5,b8602e632fb6940db0d5eba01c45a618c5ff287df0d70740384aee615a551e4a,common complete dates,2022,ok,239,6275.0,-11965.0,6080.0,12160.0,608,1216,-0.11965,-50.06276150627615,-0.12615815899581592,0.04142572609711146,-3.04540610103181,-0.12754186602870812,"conditional complete-window sum on stated capital, not live equity or intraday drawdown",0.23457112970711297,164560.49581589957,mean across entered windows; not equal-risk sizing or margin availability,239,252,0.0,0.0
YM,revert-6-1,combined_stress,84650db70559423ed6d3a99343cb21b9906380b1caa22c206bd1824738b9e5a1,5f2a7f31fbcd003b,5.0,2,0.0,0.0,5,b8602e632fb6940db0d5eba01c45a618c5ff287df0d70740384aee615a551e4a,common complete dates,2023,ok,228,-3555.0,-20865.0,5770.0,11540.0,577,1154,-0.20865,-91.51315789473684,-0.23061315789473683,0.028600429327764243,-8.06327608763782,-0.20885,"conditional complete-window sum on stated capital, not live equity or intraday drawdown",0.23181652046783627,170689.02606461087,mean across entered windows; not equal-risk sizing or margin availability,228,252,0.0,0.0
YM,revert-6-1,combined_stress,84650db70559423ed6d3a99343cb21b9906380b1caa22c206bd1824738b9e5a1,5f2a7f31fbcd003b,5.0,2,0.0,0.0,5,b8602e632fb6940db0d5eba01c45a618c5ff287df0d70740384aee615a551e4a,common complete dates,2024,ok,213,-2180.0,-18890.0,5570.0,11140.0,557,1114,-0.1889,-88.68544600938966,-0.22348732394366194,0.03499579924299286,-6.386118585030185,-0.1889,"conditional complete-window sum on stated capital, not live equity or intraday drawdown",0.24403364632237873,201593.79581358613,mean across entered windows; not equal-risk sizing or margin availability,213,252,0.0,0.0
YM,revert-6-1,combined_stress,84650db70559423ed6d3a99343cb21b9906380b1caa22c206bd1824738b9e5a1,5f2a7f31fbcd003b,5.0,2,0.0,0.0,5,b8602e632fb6940db0d5eba01c45a618c5ff287df0d70740384aee615a551e4a,common complete dates,2025,ok,142,-6270.0,-16860.0,3530.0,7060.0,353,706,-0.1686,-118.73239436619718,-0.2992056338028169,0.09058060984797754,-3.3031973874428213,-0.1686,"conditional complete-window sum on stated capital, not live equity or intraday drawdown",0.23136737089201878,219205.78427895982,mean across entered windows; not equal-risk sizing or margin availability,142,252,0.0,0.0
YM,revert-6-1,combined_stress,84650db70559423ed6d3a99343cb21b9906380b1caa22c206bd1824738b9e5a1,5f2a7f31fbcd003b,5.0,2,0.0,0.0,5,b8602e632fb6940db0d5eba01c45a618c5ff287df0d70740384aee615a551e4a,common complete dates,2026,ok,109,-540.0,-8700.0,2720.0,5440.0,272,544,-0.087,-79.81651376146789,-0.20113761467889907,0.05477567109338677,-3.67202465371863,-0.10114437059617211,"conditional complete-window sum on stated capital, not live equity or intraday drawdown",0.22859327217125383,248234.24382716048,mean across entered windows; not equal-risk sizing or margin availability,109,252,0.0,0.0
YM,revert-6-1.5,base,84650db70559423ed6d3a99343cb21b9906380b1caa22c206bd1824738b9e5a1,0cdb173926b3ec75,2.5,1,0.0,0.0,1,b8602e632fb6940db0d5eba01c45a618c5ff287df0d70740384aee615a551e4a,common complete dates,whole,ok,1901,-7350.0,-52890.0,15180.0,30360.0,3036,6072,-0.5289,-27.82219884271436,-0.07011194108364019,0.03757197607932962,-1.866070097979557,-0.5495,"conditional complete-window sum on stated capital, not live equity or intraday drawdown",0.15671576363317552,164647.48331398724,mean across entered windows; not equal-risk sizing or margin availability,1901,252,0.0,0.0
YM,revert-6-1.5,base,84650db70559423ed6d3a99343cb21b9906380b1caa22c206bd1824738b9e5a1,0cdb173926b3ec75,2.5,1,0.0,0.0,1,b8602e632fb6940db0d5eba01c45a618c5ff287df0d70740384aee615a551e4a,common complete dates,development,ok,970,6960.0,-16440.0,7800.0,15600.0,1560,3120,-0.1644,-16.948453608247423,-0.0427101030927835,0.03590702762223761,-1.18946362094123,-0.20115,"conditional complete-window sum on stated capital, not live equity or intraday drawdown",0.15399484536082475,137517.6176190476,mean across entered windows; not equal-risk sizing or margin availability,970,252,0.0,0.0
YM,revert-6-1.5,base,84650db70559423ed6d3a99343cb21b9906380b1caa22c206bd1824738b9e5a1,0cdb173926b3ec75,2.5,1,0.0,0.0,1,b8602e632fb6940db0d5eba01c45a618c5ff287df0d70740384aee615a551e4a,common complete dates,validation,ok,467,-6150.0,-17010.0,3620.0,7240.0,724,1448,-0.1701,-36.42398286937902,-0.09178843683083512,0.029414691042590643,-3.120496377063121,-0.18083111242720362,"conditional complete-window sum on stated capital, not live equity or intraday drawdown",0.15493397573162027,167767.67549019607,mean across entered windows; not equal-risk sizing or margin availability,467,252,0.0,0.0
YM,revert-6-1.5,base,84650db70559423ed6d3a99343cb21b9906380b1caa22c206bd1824738b9e5a1,0cdb173926b3ec75,2.5,1,0.0,0.0,1,b8602e632fb6940db0d5eba01c45a618c5ff287df0d70740384aee615a551e4a,common complete dates,historical_final,ok,464,-8160.0,-19440.0,3760.0,7520.0,752,1504,-0.1944,-41.89655172413793,-0.10557931034482758,0.04701738987303451,-2.2455374624140845,-0.215,"conditional complete-window sum on stated capital, not live equity or intraday drawdown",0.16419719827586207,217632.23699763595,mean across entered windows; not equal-risk sizing or margin availability,464,252,0.0,0.0
YM,revert-6-1.5,base,84650db70559423ed6d3a99343cb21b9906380b1caa22c206bd1824738b9e5a1,0cdb173926b3ec75,2.5,1,0.0,0.0,1,b8602e632fb6940db0d5eba01c45a618c5ff287df0d70740384aee615a551e4a,common complete dates,2016,ok,27,-530.0,-1175.0,215.0,430.0,43,86,-0.01175,-43.51851851851852,-0.10966666666666668,0.012029014069622644,-9.116845822270037,-0.01175,"conditional complete-window sum on stated capital, not live equity or intraday drawdown",0.1736111111111111,92090.53333333334,mean across entered windows; not equal-risk sizing or margin availability,27,252,0.0,0.0
YM,revert-6-1.5,base,84650db70559423ed6d3a99343cb21b9906380b1caa22c206bd1824738b9e5a1,0cdb173926b3ec75,2.5,1,0.0,0.0,1,b8602e632fb6940db0d5eba01c45a618c5ff287df0d70740384aee615a551e4a,common complete dates,2017,ok,49,-205.0,-1420.0,405.0,810.0,81,162,-0.0142,-28.979591836734695,-0.07302857142857143,0.009951920130593607,-7.338138818464921,-0.0142,"conditional complete-window sum on stated capital, not live equity or intraday drawdown",0.15773809523809523,110741.72619047618,mean across entered windows; not equal-risk sizing or margin availability,49,252,0.0,0.0
YM,revert-6-1.5,base,84650db70559423ed6d3a99343cb21b9906380b1caa22c206bd1824738b9e5a1,0cdb173926b3ec75,2.5,1,0.0,0.0,1,b8602e632fb6940db0d5eba01c45a618c5ff287df0d70740384aee615a551e4a,common complete dates,2018,ok,212,660.0,-4650.0,1770.0,3540.0,354,708,-0.0465,-21.933962264150942,-0.055273584905660374,0.028429143505967182,-1.9442578315473569,-0.061,"conditional complete-window sum on stated capital, not live equity or intraday drawdown",0.1608687106918239,124927.62434554973,mean across entered windows; not equal-risk sizing or margin availability,212,252,0.0,0.0
YM,revert-6-1.5,base,84650db70559423ed6d3a99343cb21b9906380b1caa22c206bd1824738b9e5a1,0cdb173926b3ec75,2.5,1,0.0,0.0,1,b8602e632fb6940db0d5eba01c45a618c5ff287df0d70740384aee615a551e4a,common complete dates,2019,ok,220,-630.0,-5820.0,1730.0,3460.0,346,692,-0.0582,-26.454545454545453,-0.06666545454545454,0.021884219053613735,-3.0462798047365593,-0.059516676652686236,"conditional complete-window sum on stated capital, not live equity or intraday drawdown",0.15198863636363635,131182.95812603648,mean across entered windows; not equal-risk sizing or margin availability,220,252,0.0,0.0
YM,revert-6-1.5,base,84650db70559423ed6d3a99343cb21b9906380b1caa22c206bd1824738b9e5a1,0cdb173926b3ec75,2.5,1,0.0,0.0,1,b8602e632fb6940db0d5eba01c45a618c5ff287df0d70740384aee615a551e4a,common complete dates,2020,ok,233,3135.0,-2400.0,1845.0,3690.0,369,738,-0.024,-10.300429184549357,-0.02595708154506438,0.058870873822865516,-0.4409155132156815,-0.07244785949506037,"conditional complete-window sum on stated capital, not live equity or intraday drawdown",0.14556509298998568,134520.57892628203,mean across entered windows; not equal-risk sizing or margin availability,233,252,0.0,0.0
YM,revert-6-1.5,base,84650db70559423ed6d3a99343cb21b9906380b1caa22c206bd1824738b9e5a1,0cdb173926b3ec75,2.5,1,0.0,0.0,1,b8602e632fb6940db0d5eba01c45a618c5ff287df0d70740384aee615a551e4a,common complete dates,2021,ok,229,4530.0,-975.0,1835.0,3670.0,367,734,-0.00975,-4.25764192139738,-0.010729257641921399,0.026396954547393433,-0.4064581625375742,-0.022290775201512587,"conditional complete-window sum on stated capital, not live equity or intraday drawdown",0.15502183406113537,169063.79006410253,mean across entered windows; not equal-risk sizing or margin availability,229,252,0.0,0.0
YM,revert-6-1.5,base,84650db70559423ed6d3a99343cb21b9906380b1caa22c206bd1824738b9e5a1,0cdb173926b3ec75,2.5,1,0.0,0.0,1,b8602e632fb6940db0d5eba01c45a618c5ff287df0d70740384aee615a551e4a,common complete dates,2022,ok,239,-2400.0,-7875.0,1825.0,3650.0,365,730,-0.07875,-32.94979079497908,-0.08303347280334729,0.03351014044547356,-2.4778610802439407,-0.09535090316849275,"conditional complete-window sum on stated capital, not live equity or intraday drawdown",0.15289400278940027,164869.0406976744,mean across entered windows; not equal-risk sizing or margin availability,239,252,0.0,0.0
YM,revert-6-1.5,base,84650db70559423ed6d3a99343cb21b9906380b1caa22c206bd1824738b9e5a1,0cdb173926b3ec75,2.5,1,0.0,0.0,1,b8602e632fb6940db0d5eba01c45a618c5ff287df0d70740384aee615a551e4a,common complete dates,2023,ok,228,-3750.0,-9135.0,1795.0,3590.0,359,718,-0.09135,-40.06578947368421,-0.10096578947368422,0.02445784696396399,-4.1281552551394425,-0.09293735962066384,"conditional complete-window sum on stated capital, not live equity or intraday drawdown",0.15707236842105263,170735.32539682538,mean across entered windows; not equal-risk sizing or margin availability,228,252,0.0,0.0
YM,revert-6-1.5,base,84650db70559423ed6d3a99343cb21b9906380b1caa22c206bd1824738b9e5a1,0cdb173926b3ec75,2.5,1,0.0,0.0,1,b8602e632fb6940db0d5eba01c45a618c5ff287df0d70740384aee615a551e4a,common complete dates,2024,ok,213,-1420.0,-6820.0,1800.0,3600.0,360,720,-0.0682,-32.01877934272301,-0.08068732394366199,0.03175684330551971,-2.54078540387034,-0.06825,"conditional complete-window sum on stated capital, not live equity or intraday drawdown",0.1693075117370892,201779.22348484848,mean across entered windows; not equal-risk sizing or margin availability,213,252,0.0,0.0
YM,revert-6-1.5,base,84650db70559423ed6d3a99343cb21b9906380b1caa22c206bd1824738b9e5a1,0cdb173926b3ec75,2.5,1,0.0,0.0,1,b8602e632fb6940db0d5eba01c45a618c5ff287df0d70740384aee615a551e4a,common complete dates,2025,ok,142,-6610.0,-9880.0,1090.0,2180.0,218,436,-0.0988,-69.5774647887324,-0.17533521126760565,0.06265954055190325,-2.7982205059797547,-0.1012715033657442,"conditional complete-window sum on stated capital, not live equity or intraday drawdown",0.15815727699530516,219026.62144702845,mean across entered windows; not equal-risk sizing or margin availability,142,252,0.0,0.0
YM,revert-6-1.5,base,84650db70559423ed6d3a99343cb21b9906380b1caa22c206bd1824738b9e5a1,0cdb173926b3ec75,2.5,1,0.0,0.0,1,b8602e632fb6940db0d5eba01c45a618c5ff287df0d70740384aee615a551e4a,common complete dates,2026,ok,109,-130.0,-2740.0,870.0,1740.0,174,348,-0.0274,-25.137614678899084,-0.06334678899082569,0.048313097102979825,-1.3111721828927967,-0.049663089593211876,"conditional complete-window sum on stated capital, not live equity or intraday drawdown",0.1620795107033639,248455.3732638889,mean across entered windows; not equal-risk sizing or margin availability,109,252,0.0,0.0
YM,revert-6-1.5,gross_reference,84650db70559423ed6d3a99343cb21b9906380b1caa22c206bd1824738b9e5a1,0760304f007885ee,0.0,0,0.0,0.0,1,b8602e632fb6940db0d5eba01c45a618c5ff287df0d70740384aee615a551e4a,common complete dates,whole,ok,1901,-7350.0,-7350.0,0.0,0.0,3036,6072,-0.0735,-3.8663861125723304,-0.009743293003682273,0.03766076674153251,-0.2587120190768,-0.1858536140734664,"conditional complete-window sum on stated capital, not live equity or intraday drawdown",0.15671576363317552,164647.48331398724,mean across entered windows; not equal-risk sizing or margin availability,1901,252,0.0,0.0
YM,revert-6-1.5,gross_reference,84650db70559423ed6d3a99343cb21b9906380b1caa22c206bd1824738b9e5a1,0760304f007885ee,0.0,0,0.0,0.0,1,b8602e632fb6940db0d5eba01c45a618c5ff287df0d70740384aee615a551e4a,common complete dates,development,ok,970,6960.0,6960.0,0.0,0.0,1560,3120,0.0696,7.175257731958763,0.018081649484536083,0.03598216128943196,0.5025170483532545,-0.0764595475649511,"conditional complete-window sum on stated capital, not live equity or intraday drawdown",0.15399484536082475,137517.6176190476,mean across entered windows; not equal-risk sizing or margin availability,970,252,0.0,0.0
YM,revert-6-1.5,gross_reference,84650db70559423ed6d3a99343cb21b9906380b1caa22c206bd1824738b9e5a1,0760304f007885ee,0.0,0,0.0,0.0,1,b8602e632fb6940db0d5eba01c45a618c5ff287df0d70740384aee615a551e4a,common complete dates,validation,ok,467,-6150.0,-6150.0,0.0,0.0,724,1448,-0.0615,-13.169164882226982,-0.03318629550321199,0.029409388111109262,-1.1284252286322143,-0.08729927007299271,"conditional complete-window sum on stated capital, not live equity or intraday drawdown",0.15493397573162027,167767.67549019607,mean across entered windows; not equal-risk sizing or margin availability,467,252,0.0,0.0
YM,revert-6-1.5,gross_reference,84650db70559423ed6d3a99343cb21b9906380b1caa22c206bd1824738b9e5a1,0760304f007885ee,0.0,0,0.0,0.0,1,b8602e632fb6940db0d5eba01c45a618c5ff287df0d70740384aee615a551e4a,common complete dates,historical_final,ok,464,-8160.0,-8160.0,0.0,0.0,752,1504,-0.0816,-17.586206896551722,-0.04431724137931034,0.04718890379837312,-0.9391453882604965,-0.12905289052890528,"conditional complete-window sum on stated capital, not live equity or intraday drawdown",0.16419719827586207,217632.23699763595,mean across entered windows; not equal-risk sizing or margin availability,464,252,0.0,0.0
YM,revert-6-1.5,gross_reference,84650db70559423ed6d3a99343cb21b9906380b1caa22c206bd1824738b9e5a1,0760304f007885ee,0.0,0,0.0,0.0,1,b8602e632fb6940db0d5eba01c45a618c5ff287df0d70740384aee615a551e4a,common complete dates,2016,ok,27,-530.0,-530.0,0.0,0.0,43,86,-0.0053,-19.62962962962963,-0.049466666666666666,0.01087393967716228,-4.549102545653973,-0.006349682515874206,"conditional complete-window sum on stated capital, not live equity or intraday drawdown",0.1736111111111111,92090.53333333334,mean across entered windows; not equal-risk sizing or margin availability,27,252,0.0,0.0
YM,revert-6-1.5,gross_reference,84650db70559423ed6d3a99343cb21b9906380b1caa22c206bd1824738b9e5a1,0760304f007885ee,0.0,0,0.0,0.0,1,b8602e632fb6940db0d5eba01c45a618c5ff287df0d70740384aee615a551e4a,common complete dates,2017,ok,49,-205.0,-205.0,0.0,0.0,81,162,-0.00205,-4.183673469387755,-0.010542857142857142,0.009744503945448284,-1.0819285621800971,-0.0032490252924122763,"conditional complete-window sum on stated capital, not live equity or intraday drawdown",0.15773809523809523,110741.72619047618,mean across entered windows; not equal-risk sizing or margin availability,49,252,0.0,0.0
YM,revert-6-1.5,gross_reference,84650db70559423ed6d3a99343cb21b9906380b1caa22c206bd1824738b9e5a1,0760304f007885ee,0.0,0,0.0,0.0,1,b8602e632fb6940db0d5eba01c45a618c5ff287df0d70740384aee615a551e4a,common complete dates,2018,ok,212,660.0,660.0,0.0,0.0,354,708,0.0066,3.1132075471698113,0.007845283018867924,0.02861858352366224,0.27413247103516974,-0.0347,"conditional complete-window sum on stated capital, not live equity or intraday drawdown",0.1608687106918239,124927.62434554973,mean across entered windows; not equal-risk sizing or margin availability,212,252,0.0,0.0
YM,revert-6-1.5,gross_reference,84650db70559423ed6d3a99343cb21b9906380b1caa22c206bd1824738b9e5a1,0760304f007885ee,0.0,0,0.0,0.0,1,b8602e632fb6940db0d5eba01c45a618c5ff287df0d70740384aee615a551e4a,common complete dates,2019,ok,220,-630.0,-630.0,0.0,0.0,346,692,-0.0063,-2.8636363636363638,-0.007216363636363636,0.02177407835407425,-0.3314199351640226,-0.019347514930161396,"conditional complete-window sum on stated capital, not live equity or intraday drawdown",0.15198863636363635,131182.95812603648,mean across entered windows; not equal-risk sizing or margin availability,220,252,0.0,0.0
YM,revert-6-1.5,gross_reference,84650db70559423ed6d3a99343cb21b9906380b1caa22c206bd1824738b9e5a1,0760304f007885ee,0.0,0,0.0,0.0,1,b8602e632fb6940db0d5eba01c45a618c5ff287df0d70740384aee615a551e4a,common complete dates,2020,ok,233,3135.0,3135.0,0.0,0.0,369,738,0.03135,13.454935622317597,0.03390643776824035,0.058995988436677124,0.5747244629121445,-0.0673300658448438,"conditional complete-window sum on stated capital, not live equity or intraday drawdown",0.14556509298998568,134520.57892628203,mean across entered windows; not equal-risk sizing or margin availability,233,252,0.0,0.0
YM,revert-6-1.5,gross_reference,84650db70559423ed6d3a99343cb21b9906380b1caa22c206bd1824738b9e5a1,0760304f007885ee,0.0,0,0.0,0.0,1,b8602e632fb6940db0d5eba01c45a618c5ff287df0d70740384aee615a551e4a,common complete dates,2021,ok,229,4530.0,4530.0,0.0,0.0,367,734,0.0453,19.78165938864629,0.04984978165938865,0.026521884780840905,1.8795716093073274,-0.012844210626096024,"conditional complete-window sum on stated capital, not live equity or intraday drawdown",0.15502183406113537,169063.79006410253,mean across entered windows; not equal-risk sizing or margin availability,229,252,0.0,0.0
YM,revert-6-1.5,gross_reference,84650db70559423ed6d3a99343cb21b9906380b1caa22c206bd1824738b9e5a1,0760304f007885ee,0.0,0,0.0,0.0,1,b8602e632fb6940db0d5eba01c45a618c5ff287df0d70740384aee615a551e4a,common complete dates,2022,ok,239,-2400.0,-2400.0,0.0,0.0,365,730,-0.024,-10.0418410041841,-0.02530543933054393,0.033564528936908734,-0.7539339931780535,-0.05708029197080292,"conditional complete-window sum on stated capital, not live equity or intraday drawdown",0.15289400278940027,164869.0406976744,mean across entered windows; not equal-risk sizing or margin availability,239,252,0.0,0.0
YM,revert-6-1.5,gross_reference,84650db70559423ed6d3a99343cb21b9906380b1caa22c206bd1824738b9e5a1,0760304f007885ee,0.0,0,0.0,0.0,1,b8602e632fb6940db0d5eba01c45a618c5ff287df0d70740384aee615a551e4a,common complete dates,2023,ok,228,-3750.0,-3750.0,0.0,0.0,359,718,-0.0375,-16.44736842105263,-0.04144736842105263,0.024368944966597722,-1.7008273635918232,-0.043127891359498585,"conditional complete-window sum on stated capital, not live equity or intraday drawdown",0.15707236842105263,170735.32539682538,mean across entered windows; not equal-risk sizing or margin availability,228,252,0.0,0.0
YM,revert-6-1.5,gross_reference,84650db70559423ed6d3a99343cb21b9906380b1caa22c206bd1824738b9e5a1,0760304f007885ee,0.0,0,0.0,0.0,1,b8602e632fb6940db0d5eba01c45a618c5ff287df0d70740384aee615a551e4a,common complete dates,2024,ok,213,-1420.0,-1420.0,0.0,0.0,360,720,-0.0142,-6.666666666666667,-0.016800000000000002,0.031760682350922914,-0.5289558900018979,-0.030307503075030752,"conditional complete-window sum on stated capital, not live equity or intraday drawdown",0.1693075117370892,201779.22348484848,mean across entered windows; not equal-risk sizing or margin availability,213,252,0.0,0.0
YM,revert-6-1.5,gross_reference,84650db70559423ed6d3a99343cb21b9906380b1caa22c206bd1824738b9e5a1,0760304f007885ee,0.0,0,0.0,0.0,1,b8602e632fb6940db0d5eba01c45a618c5ff287df0d70740384aee615a551e4a,common complete dates,2025,ok,142,-6610.0,-6610.0,0.0,0.0,218,436,-0.0661,-46.54929577464789,-0.11730422535211268,0.06272230878386816,-1.8702153607949252,-0.07885781920402427,"conditional complete-window sum on stated capital, not live equity or intraday drawdown",0.15815727699530516,219026.62144702845,mean across entered windows; not equal-risk sizing or margin availability,142,252,0.0,0.0
YM,revert-6-1.5,gross_reference,84650db70559423ed6d3a99343cb21b9906380b1caa22c206bd1824738b9e5a1,0760304f007885ee,0.0,0,0.0,0.0,1,b8602e632fb6940db0d5eba01c45a618c5ff287df0d70740384aee615a551e4a,common complete dates,2026,ok,109,-130.0,-130.0,0.0,0.0,174,348,-0.0013,-1.1926605504587156,-0.003005504587155963,0.0488824660721678,-0.061484307741732504,-0.03734357082315401,"conditional complete-window sum on stated capital, not live equity or intraday drawdown",0.1620795107033639,248455.3732638889,mean across entered windows; not equal-risk sizing or margin availability,109,252,0.0,0.0
YM,revert-6-1.5,cost_stress,84650db70559423ed6d3a99343cb21b9906380b1caa22c206bd1824738b9e5a1,ac7a2dbde250c339,5.0,2,0.0,0.0,1,b8602e632fb6940db0d5eba01c45a618c5ff287df0d70740384aee615a551e4a,common complete dates,whole,ok,1901,-7350.0,-98430.0,30360.0,60720.0,3036,6072,-0.9843,-51.77801157285639,-0.13048058916359812,0.03760136234994314,-3.470102703972784,-0.99365,"conditional complete-window sum on stated capital, not live equity or intraday drawdown",0.15671576363317552,164647.48331398724,mean across entered windows; not equal-risk sizing or margin availability,1901,252,0.0,0.0
YM,revert-6-1.5,cost_stress,84650db70559423ed6d3a99343cb21b9906380b1caa22c206bd1824738b9e5a1,ac7a2dbde250c339,5.0,2,0.0,0.0,1,b8602e632fb6940db0d5eba01c45a618c5ff287df0d70740384aee615a551e4a,common complete dates,development,ok,970,6960.0,-39840.0,15600.0,31200.0,1560,3120,-0.3984,-41.07216494845361,-0.1035018556701031,0.035960698084283774,-2.8781937277056775,-0.3984,"conditional complete-window sum on stated capital, not live equity or intraday drawdown",0.15399484536082475,137517.6176190476,mean across entered windows; not equal-risk sizing or margin availability,970,252,0.0,0.0
YM,revert-6-1.5,cost_stress,84650db70559423ed6d3a99343cb21b9906380b1caa22c206bd1824738b9e5a1,ac7a2dbde250c339,5.0,2,0.0,0.0,1,b8602e632fb6940db0d5eba01c45a618c5ff287df0d70740384aee615a551e4a,common complete dates,validation,ok,467,-6150.0,-27870.0,7240.0,14480.0,724,1448,-0.2787,-59.67880085653105,-0.15039057815845824,0.02955021571227765,-5.089322515367403,-0.2826097767168929,"conditional complete-window sum on stated capital, not live equity or intraday drawdown",0.15493397573162027,167767.67549019607,mean across entered windows; not equal-risk sizing or margin availability,467,252,0.0,0.0
YM,revert-6-1.5,cost_stress,84650db70559423ed6d3a99343cb21b9906380b1caa22c206bd1824738b9e5a1,ac7a2dbde250c339,5.0,2,0.0,0.0,1,b8602e632fb6940db0d5eba01c45a618c5ff287df0d70740384aee615a551e4a,common complete dates,historical_final,ok,464,-8160.0,-30720.0,7520.0,15040.0,752,1504,-0.3072,-66.20689655172414,-0.16684137931034482,0.04694480579459857,-3.5539901909561524,-0.31655,"conditional complete-window sum on stated capital, not live equity or intraday drawdown",0.16419719827586207,217632.23699763595,mean across entered windows; not equal-risk sizing or margin availability,464,252,0.0,0.0
YM,revert-6-1.5,cost_stress,84650db70559423ed6d3a99343cb21b9906380b1caa22c206bd1824738b9e5a1,ac7a2dbde250c339,5.0,2,0.0,0.0,1,b8602e632fb6940db0d5eba01c45a618c5ff287df0d70740384aee615a551e4a,common complete dates,2016,ok,27,-530.0,-1820.0,430.0,860.0,43,86,-0.0182,-67.4074074074074,-0.16986666666666664,0.013420172340213284,-12.657562239917333,-0.0182,"conditional complete-window sum on stated capital, not live equity or intraday drawdown",0.1736111111111111,92090.53333333334,mean across entered windows; not equal-risk sizing or margin availability,27,252,0.0,0.0
YM,revert-6-1.5,cost_stress,84650db70559423ed6d3a99343cb21b9906380b1caa22c206bd1824738b9e5a1,ac7a2dbde250c339,5.0,2,0.0,0.0,1,b8602e632fb6940db0d5eba01c45a618c5ff287df0d70740384aee615a551e4a,common complete dates,2017,ok,49,-205.0,-2635.0,810.0,1620.0,81,162,-0.02635,-53.775510204081634,-0.13551428571428573,0.010755065251844295,-12.600043099789424,-0.02635,"conditional complete-window sum on stated capital, not live equity or intraday drawdown",0.15773809523809523,110741.72619047618,mean across entered windows; not equal-risk sizing or margin availability,49,252,0.0,0.0
YM,revert-6-1.5,cost_stress,84650db70559423ed6d3a99343cb21b9906380b1caa22c206bd1824738b9e5a1,ac7a2dbde250c339,5.0,2,0.0,0.0,1,b8602e632fb6940db0d5eba01c45a618c5ff287df0d70740384aee615a551e4a,common complete dates,2018,ok,212,660.0,-9960.0,3540.0,7080.0,354,708,-0.0996,-46.9811320754717,-0.11839245283018868,0.028417611162123987,-4.166164853011516,-0.10815,"conditional complete-window sum on stated capital, not live equity or intraday drawdown",0.1608687106918239,124927.62434554973,mean across entered windows; not equal-risk sizing or margin availability,212,252,0.0,0.0
YM,revert-6-1.5,cost_stress,84650db70559423ed6d3a99343cb21b9906380b1caa22c206bd1824738b9e5a1,ac7a2dbde250c339,5.0,2,0.0,0.0,1,b8602e632fb6940db0d5eba01c45a618c5ff287df0d70740384aee615a551e4a,common complete dates,2019,ok,220,-630.0,-11010.0,3460.0,6920.0,346,692,-0.1101,-50.04545454545455,-0.12611454545454545,0.02217649507919386,-5.686856512004324,-0.11094460262750387,"conditional complete-window sum on stated capital, not live equity or intraday drawdown",0.15198863636363635,131182.95812603648,mean across entered windows; not equal-risk sizing or margin availability,220,252,0.0,0.0
YM,revert-6-1.5,cost_stress,84650db70559423ed6d3a99343cb21b9906380b1caa22c206bd1824738b9e5a1,ac7a2dbde250c339,5.0,2,0.0,0.0,1,b8602e632fb6940db0d5eba01c45a618c5ff287df0d70740384aee615a551e4a,common complete dates,2020,ok,233,3135.0,-7935.0,3690.0,7380.0,369,738,-0.07935,-34.05579399141631,-0.0858206008583691,0.05882557227918533,-1.4588995488401841,-0.08764741155306816,"conditional complete-window sum on stated capital, not live equity or intraday drawdown",0.14556509298998568,134520.57892628203,mean across entered windows; not equal-risk sizing or margin availability,233,252,0.0,0.0
YM,revert-6-1.5,cost_stress,84650db70559423ed6d3a99343cb21b9906380b1caa22c206bd1824738b9e5a1,ac7a2dbde250c339,5.0,2,0.0,0.0,1,b8602e632fb6940db0d5eba01c45a618c5ff287df0d70740384aee615a551e4a,common complete dates,2021,ok,229,4530.0,-6480.0,3670.0,7340.0,367,734,-0.0648,-28.29694323144105,-0.07130829694323144,0.02644017596536173,-2.696967563175439,-0.06545418207254922,"conditional complete-window sum on stated capital, not live equity or intraday drawdown",0.15502183406113537,169063.79006410253,mean across entered windows; not equal-risk sizing or margin availability,229,252,0.0,0.0
YM,revert-6-1.5,cost_stress,84650db70559423ed6d3a99343cb21b9906380b1caa22c206bd1824738b9e5a1,ac7a2dbde250c339,5.0,2,0.0,0.0,1,b8602e632fb6940db0d5eba01c45a618c5ff287df0d70740384aee615a551e4a,common complete dates,2022,ok,239,-2400.0,-13350.0,3650.0,7300.0,365,730,-0.1335,-55.85774058577406,-0.14076150627615064,0.03357619823425679,-4.192300310299451,-0.14053408921378488,"conditional complete-window sum on stated capital, not live equity or intraday drawdown",0.15289400278940027,164869.0406976744,mean across entered windows; not equal-risk sizing or margin availability,239,252,0.0,0.0
YM,revert-6-1.5,cost_stress,84650db70559423ed6d3a99343cb21b9906380b1caa22c206bd1824738b9e5a1,ac7a2dbde250c339,5.0,2,0.0,0.0,1,b8602e632fb6940db0d5eba01c45a618c5ff287df0d70740384aee615a551e4a,common complete dates,2023,ok,228,-3750.0,-14520.0,3590.0,7180.0,359,718,-0.1452,-63.68421052631579,-0.16048421052631578,0.024694276266279316,-6.498842436028839,-0.1452,"conditional complete-window sum on stated capital, not live equity or intraday drawdown",0.15707236842105263,170735.32539682538,mean across entered windows; not equal-risk sizing or margin availability,228,252,0.0,0.0
YM,revert-6-1.5,cost_stress,84650db70559423ed6d3a99343cb21b9906380b1caa22c206bd1824738b9e5a1,ac7a2dbde250c339,5.0,2,0.0,0.0,1,b8602e632fb6940db0d5eba01c45a618c5ff287df0d70740384aee615a551e4a,common complete dates,2024,ok,213,-1420.0,-12220.0,3600.0,7200.0,360,720,-0.1222,-57.370892018779344,-0.14457464788732394,0.031905554761846325,-4.531331580550072,-0.1222,"conditional complete-window sum on stated capital, not live equity or intraday drawdown",0.1693075117370892,201779.22348484848,mean across entered windows; not equal-risk sizing or margin availability,213,252,0.0,0.0
YM,revert-6-1.5,cost_stress,84650db70559423ed6d3a99343cb21b9906380b1caa22c206bd1824738b9e5a1,ac7a2dbde250c339,5.0,2,0.0,0.0,1,b8602e632fb6940db0d5eba01c45a618c5ff287df0d70740384aee615a551e4a,common complete dates,2025,ok,142,-6610.0,-13150.0,2180.0,4360.0,218,436,-0.1315,-92.6056338028169,-0.2333661971830986,0.0626630505824674,-3.7241435744654354,-0.13319027895603572,"conditional complete-window sum on stated capital, not live equity or intraday drawdown",0.15815727699530516,219026.62144702845,mean across entered windows; not equal-risk sizing or margin availability,142,252,0.0,0.0
YM,revert-6-1.5,cost_stress,84650db70559423ed6d3a99343cb21b9906380b1caa22c206bd1824738b9e5a1,ac7a2dbde250c339,5.0,2,0.0,0.0,1,b8602e632fb6940db0d5eba01c45a618c5ff287df0d70740384aee615a551e4a,common complete dates,2026,ok,109,-130.0,-5350.0,1740.0,3480.0,174,348,-0.0535,-49.08256880733945,-0.1236880733944954,0.04784046676129779,-2.585427813897443,-0.06359912070343725,"conditional complete-window sum on stated capital, not live equity or intraday drawdown",0.1620795107033639,248455.3732638889,mean across entered windows; not equal-risk sizing or margin availability,109,252,0.0,0.0
YM,revert-6-1.5,delay_stress,84650db70559423ed6d3a99343cb21b9906380b1caa22c206bd1824738b9e5a1,365279643dfdd50b,2.5,1,0.0,0.0,5,b8602e632fb6940db0d5eba01c45a618c5ff287df0d70740384aee615a551e4a,common complete dates,whole,ok,1901,-7690.0,-51955.0,14755.0,29510.0,2951,5902,-0.51955,-27.33035244608101,-0.06887248816412414,0.037604225747803297,-1.8315092730807638,-0.52665,"conditional complete-window sum on stated capital, not live equity or intraday drawdown",0.15351569349465194,164674.11163062535,mean across entered windows; not equal-risk sizing or margin availability,1901,252,0.0,0.0
YM,revert-6-1.5,delay_stress,84650db70559423ed6d3a99343cb21b9906380b1caa22c206bd1824738b9e5a1,365279643dfdd50b,2.5,1,0.0,0.0,5,b8602e632fb6940db0d5eba01c45a618c5ff287df0d70740384aee615a551e4a,common complete dates,development,ok,970,5955.0,-16635.0,7530.0,15060.0,1506,3012,-0.16635,-17.149484536082475,-0.04321670103092784,0.034954469453291656,-1.2363712482799,-0.17465,"conditional complete-window sum on stated capital, not live equity or intraday drawdown",0.15008591065292096,137470.45938940093,mean across entered windows; not equal-risk sizing or margin availability,970,252,0.0,0.0
YM,revert-6-1.5,delay_stress,84650db70559423ed6d3a99343cb21b9906380b1caa22c206bd1824738b9e5a1,365279643dfdd50b,2.5,1,0.0,0.0,5,b8602e632fb6940db0d5eba01c45a618c5ff287df0d70740384aee615a551e4a,common complete dates,validation,ok,467,-2605.0,-13270.0,3555.0,7110.0,711,1422,-0.1327,-28.41541755888651,-0.07160685224839401,0.02947291149930737,-2.4295818976037307,-0.14325981604193452,"conditional complete-window sum on stated capital, not live equity or intraday drawdown",0.15301570306923626,167820.56477093205,mean across entered windows; not equal-risk sizing or margin availability,467,252,0.0,0.0
YM,revert-6-1.5,delay_stress,84650db70559423ed6d3a99343cb21b9906380b1caa22c206bd1824738b9e5a1,365279643dfdd50b,2.5,1,0.0,0.0,5,b8602e632fb6940db0d5eba01c45a618c5ff287df0d70740384aee615a551e4a,common complete dates,historical_final,ok,464,-11040.0,-22050.0,3670.0,7340.0,734,1468,-0.2205,-47.52155172413793,-0.11975431034482759,0.048535854676041656,-2.467337005686662,-0.2276,"conditional complete-window sum on stated capital, not live equity or intraday drawdown",0.1611889367816092,217607.52474267618,mean across entered windows; not equal-risk sizing or margin availability,464,252,0.0,0.0
YM,revert-6-1.5,delay_stress,84650db70559423ed6d3a99343cb21b9906380b1caa22c206bd1824738b9e5a1,365279643dfdd50b,2.5,1,0.0,0.0,5,b8602e632fb6940db0d5eba01c45a618c5ff287df0d70740384aee615a551e4a,common complete dates,2016,ok,27,-405.0,-1035.0,210.0,420.0,42,84,-0.01035,-38.333333333333336,-0.0966,0.013860069929893516,-6.969661804638684,-0.0107,"conditional complete-window sum on stated capital, not live equity or intraday drawdown",0.1712962962962963,92087.41666666666,mean across entered windows; not equal-risk sizing or margin availability,27,252,0.0,0.0
YM,revert-6-1.5,delay_stress,84650db70559423ed6d3a99343cb21b9906380b1caa22c206bd1824738b9e5a1,365279643dfdd50b,2.5,1,0.0,0.0,5,b8602e632fb6940db0d5eba01c45a618c5ff287df0d70740384aee615a551e4a,common complete dates,2017,ok,49,-375.0,-1500.0,375.0,750.0,75,150,-0.015,-30.612244897959183,-0.07714285714285714,0.011169449724263822,-6.906594241189588,-0.015,"conditional complete-window sum on stated capital, not live equity or intraday drawdown",0.14795918367346939,110742.22222222223,mean across entered windows; not equal-risk sizing or margin availability,49,252,0.0,0.0
YM,revert-6-1.5,delay_stress,84650db70559423ed6d3a99343cb21b9906380b1caa22c206bd1824738b9e5a1,365279643dfdd50b,2.5,1,0.0,0.0,5,b8602e632fb6940db0d5eba01c45a618c5ff287df0d70740384aee615a551e4a,common complete dates,2018,ok,212,1795.0,-3275.0,1690.0,3380.0,338,676,-0.03275,-15.44811320754717,-0.038929245283018866,0.025065714316645796,-1.5530874082118815,-0.0441,"conditional complete-window sum on stated capital, not live equity or intraday drawdown",0.15546383647798742,124884.6293859649,mean across entered windows; not equal-risk sizing or margin availability,212,252,0.0,0.0
YM,revert-6-1.5,delay_stress,84650db70559423ed6d3a99343cb21b9906380b1caa22c206bd1824738b9e5a1,365279643dfdd50b,2.5,1,0.0,0.0,5,b8602e632fb6940db0d5eba01c45a618c5ff287df0d70740384aee615a551e4a,common complete dates,2019,ok,220,935.0,-4135.0,1690.0,3380.0,338,676,-0.04135,-18.795454545454547,-0.04736454545454546,0.020452326351190264,-2.315851245537601,-0.04944289693593315,"conditional complete-window sum on stated capital, not live equity or intraday drawdown",0.15009469696969696,131164.3404522613,mean across entered windows; not equal-risk sizing or margin availability,220,252,0.0,0.0
YM,revert-6-1.5,delay_stress,84650db70559423ed6d3a99343cb21b9906380b1caa22c206bd1824738b9e5a1,365279643dfdd50b,2.5,1,0.0,0.0,5,b8602e632fb6940db0d5eba01c45a618c5ff287df0d70740384aee615a551e4a,common complete dates,2020,ok,233,575.0,-4825.0,1800.0,3600.0,360,720,-0.04825,-20.70815450643777,-0.05218454935622318,0.058367117923653136,-0.8940744585758537,-0.07690772071667415,"conditional complete-window sum on stated capital, not live equity or intraday drawdown",0.14252503576537912,134396.54935275082,mean across entered windows; not equal-risk sizing or margin availability,233,252,0.0,0.0
YM,revert-6-1.5,delay_stress,84650db70559423ed6d3a99343cb21b9906380b1caa22c206bd1824738b9e5a1,365279643dfdd50b,2.5,1,0.0,0.0,5,b8602e632fb6940db0d5eba01c45a618c5ff287df0d70740384aee615a551e4a,common complete dates,2021,ok,229,3430.0,-1865.0,1765.0,3530.0,353,706,-0.01865,-8.14410480349345,-0.020523144104803496,0.026267701914525654,-0.7813071798814079,-0.024783890471193726,"conditional complete-window sum on stated capital, not live equity or intraday drawdown",0.15074599708879186,169201.58980582524,mean across entered windows; not equal-risk sizing or margin availability,229,252,0.0,0.0
YM,revert-6-1.5,delay_stress,84650db70559423ed6d3a99343cb21b9906380b1caa22c206bd1824738b9e5a1,365279643dfdd50b,2.5,1,0.0,0.0,5,b8602e632fb6940db0d5eba01c45a618c5ff287df0d70740384aee615a551e4a,common complete dates,2022,ok,239,730.0,-4685.0,1805.0,3610.0,361,722,-0.04685,-19.602510460251047,-0.04939832635983264,0.0344610581836169,-1.433453554926443,-0.06626446444466423,"conditional complete-window sum on stated capital, not live equity or intraday drawdown",0.15123779637377963,164934.96478873238,mean across entered windows; not equal-risk sizing or margin availability,239,252,0.0,0.0
YM,revert-6-1.5,delay_stress,84650db70559423ed6d3a99343cb21b9906380b1caa22c206bd1824738b9e5a1,365279643dfdd50b,2.5,1,0.0,0.0,5,b8602e632fb6940db0d5eba01c45a618c5ff287df0d70740384aee615a551e4a,common complete dates,2023,ok,228,-3335.0,-8585.0,1750.0,3500.0,350,700,-0.08585,-37.65350877192982,-0.09488684210526316,0.023106113633578784,-4.106568660138914,-0.09297705373994239,"conditional complete-window sum on stated capital, not live equity or intraday drawdown",0.15487938596491227,170761.39154704945,mean across entered windows; not equal-risk sizing or margin availability,228,252,0.0,0.0
YM,revert-6-1.5,delay_stress,84650db70559423ed6d3a99343cb21b9906380b1caa22c206bd1824738b9e5a1,365279643dfdd50b,2.5,1,0.0,0.0,5,b8602e632fb6940db0d5eba01c45a618c5ff287df0d70740384aee615a551e4a,common complete dates,2024,ok,213,-3185.0,-8510.0,1775.0,3550.0,355,710,-0.0851,-39.95305164319249,-0.10068169014084508,0.029818416508282045,-3.3764935208038565,-0.08515,"conditional complete-window sum on stated capital, not live equity or intraday drawdown",0.16774256651017214,201782.077020202,mean across entered windows; not equal-risk sizing or margin availability,213,252,0.0,0.0
YM,revert-6-1.5,delay_stress,84650db70559423ed6d3a99343cb21b9906380b1caa22c206bd1824738b9e5a1,365279643dfdd50b,2.5,1,0.0,0.0,5,b8602e632fb6940db0d5eba01c45a618c5ff287df0d70740384aee615a551e4a,common complete dates,2025,ok,142,-5665.0,-8815.0,1050.0,2100.0,210,420,-0.08815,-62.07746478873239,-0.15643521126760562,0.07054856815686707,-2.21741156985308,-0.08815,"conditional complete-window sum on stated capital, not live equity or intraday drawdown",0.1528755868544601,219122.578125,mean across entered windows; not equal-risk sizing or margin availability,142,252,0.0,0.0
YM,revert-6-1.5,delay_stress,84650db70559423ed6d3a99343cb21b9906380b1caa22c206bd1824738b9e5a1,365279643dfdd50b,2.5,1,0.0,0.0,5,b8602e632fb6940db0d5eba01c45a618c5ff287df0d70740384aee615a551e4a,common complete dates,2026,ok,109,-2190.0,-4725.0,845.0,1690.0,169,338,-0.04725,-43.34862385321101,-0.10923853211009174,0.04296000825033093,-2.542795882941905,-0.05628461653610099,"conditional complete-window sum on stated capital, not live equity or intraday drawdown",0.1592125382262997,248549.7543859649,mean across entered windows; not equal-risk sizing or margin availability,109,252,0.0,0.0
YM,revert-6-1.5,combined_stress,84650db70559423ed6d3a99343cb21b9906380b1caa22c206bd1824738b9e5a1,f05ac5e651225d04,5.0,2,0.0,0.0,5,b8602e632fb6940db0d5eba01c45a618c5ff287df0d70740384aee615a551e4a,common complete dates,whole,ok,1901,-7690.0,-96220.0,29510.0,59020.0,2951,5902,-0.9622,-50.61546554445029,-0.12755097317201472,0.037752484153983606,-3.378611395524702,-0.96585,"conditional complete-window sum on stated capital, not live equity or intraday drawdown",0.15351569349465194,164674.11163062535,mean across entered windows; not equal-risk sizing or margin availability,1901,252,0.0,0.0
YM,revert-6-1.5,combined_stress,84650db70559423ed6d3a99343cb21b9906380b1caa22c206bd1824738b9e5a1,f05ac5e651225d04,5.0,2,0.0,0.0,5,b8602e632fb6940db0d5eba01c45a618c5ff287df0d70740384aee615a551e4a,common complete dates,development,ok,970,5955.0,-39225.0,15060.0,30120.0,1506,3012,-0.39225,-40.43814432989691,-0.10190412371134021,0.035122265252760534,-2.9014109135039563,-0.39285,"conditional complete-window sum on stated capital, not live equity or intraday drawdown",0.15008591065292096,137470.45938940093,mean across entered windows; not equal-risk sizing or margin availability,970,252,0.0,0.0
YM,revert-6-1.5,combined_stress,84650db70559423ed6d3a99343cb21b9906380b1caa22c206bd1824738b9e5a1,f05ac5e651225d04,5.0,2,0.0,0.0,5,b8602e632fb6940db0d5eba01c45a618c5ff287df0d70740384aee615a551e4a,common complete dates,validation,ok,467,-2605.0,-23935.0,7110.0,14220.0,711,1422,-0.23935,-51.25267665952891,-0.12915674518201287,0.02963773487318975,-4.357848051972685,-0.24523431294678316,"conditional complete-window sum on stated capital, not live equity or intraday drawdown",0.15301570306923626,167820.56477093205,mean across entered windows; not equal-risk sizing or margin availability,467,252,0.0,0.0
YM,revert-6-1.5,combined_stress,84650db70559423ed6d3a99343cb21b9906380b1caa22c206bd1824738b9e5a1,f05ac5e651225d04,5.0,2,0.0,0.0,5,b8602e632fb6940db0d5eba01c45a618c5ff287df0d70740384aee615a551e4a,common complete dates,historical_final,ok,464,-11040.0,-33060.0,7340.0,14680.0,734,1468,-0.3306,-71.25,-0.17955000000000002,0.048649025348783806,-3.6907214217085778,-0.33425,"conditional complete-window sum on stated capital, not live equity or intraday drawdown",0.1611889367816092,217607.52474267618,mean across entered windows; not equal-risk sizing or margin availability,464,252,0.0,0.0
YM,revert-6-1.5,combined_stress,84650db70559423ed6d3a99343cb21b9906380b1caa22c206bd1824738b9e5a1,f05ac5e651225d04,5.0,2,0.0,0.0,5,b8602e632fb6940db0d5eba01c45a618c5ff287df0d70740384aee615a551e4a,common complete dates,2016,ok,27,-405.0,-1665.0,420.0,840.0,42,84,-0.01665,-61.666666666666664,-0.15539999999999998,0.015017989212940593,-10.347590332938584,-0.01665,"conditional complete-window sum on stated capital, not live equity or intraday drawdown",0.1712962962962963,92087.41666666666,mean across entered windows; not equal-risk sizing or margin availability,27,252,0.0,0.0
YM,revert-6-1.5,combined_stress,84650db70559423ed6d3a99343cb21b9906380b1caa22c206bd1824738b9e5a1,f05ac5e651225d04,5.0,2,0.0,0.0,5,b8602e632fb6940db0d5eba01c45a618c5ff287df0d70740384aee615a551e4a,common complete dates,2017,ok,49,-375.0,-2625.0,750.0,1500.0,75,150,-0.02625,-53.57142857142857,-0.135,0.012307010197444384,-10.96935793780633,-0.02625,"conditional complete-window sum on stated capital, not live equity or intraday drawdown",0.14795918367346939,110742.22222222223,mean across entered windows; not equal-risk sizing or margin availability,49,252,0.0,0.0
YM,revert-6-1.5,combined_stress,84650db70559423ed6d3a99343cb21b9906380b1caa22c206bd1824738b9e5a1,f05ac5e651225d04,5.0,2,0.0,0.0,5,b8602e632fb6940db0d5eba01c45a618c5ff287df0d70740384aee615a551e4a,common complete dates,2018,ok,212,1795.0,-8345.0,3380.0,6760.0,338,676,-0.08345,-39.363207547169814,-0.09919528301886793,0.025270491533251015,-3.9253404663042026,-0.09195,"conditional complete-window sum on stated capital, not live equity or intraday drawdown",0.15546383647798742,124884.6293859649,mean across entered windows; not equal-risk sizing or margin availability,212,252,0.0,0.0
YM,revert-6-1.5,combined_stress,84650db70559423ed6d3a99343cb21b9906380b1caa22c206bd1824738b9e5a1,f05ac5e651225d04,5.0,2,0.0,0.0,5,b8602e632fb6940db0d5eba01c45a618c5ff287df0d70740384aee615a551e4a,common complete dates,2019,ok,220,935.0,-9205.0,3380.0,6760.0,338,676,-0.09205,-41.84090909090909,-0.10543909090909091,0.0206991586180909,-5.093882937683177,-0.09671314741035857,"conditional complete-window sum on stated capital, not live equity or intraday drawdown",0.15009469696969696,131164.3404522613,mean across entered windows; not equal-risk sizing or margin availability,220,252,0.0,0.0
YM,revert-6-1.5,combined_stress,84650db70559423ed6d3a99343cb21b9906380b1caa22c206bd1824738b9e5a1,f05ac5e651225d04,5.0,2,0.0,0.0,5,b8602e632fb6940db0d5eba01c45a618c5ff287df0d70740384aee615a551e4a,common complete dates,2020,ok,233,575.0,-10225.0,3600.0,7200.0,360,720,-0.10225,-43.88412017167382,-0.11058798283261803,0.058476814914684164,-1.8911423782906511,-0.1049,"conditional complete-window sum on stated capital, not live equity or intraday drawdown",0.14252503576537912,134396.54935275082,mean across entered windows; not equal-risk sizing or margin availability,233,252,0.0,0.0
YM,revert-6-1.5,combined_stress,84650db70559423ed6d3a99343cb21b9906380b1caa22c206bd1824738b9e5a1,f05ac5e651225d04,5.0,2,0.0,0.0,5,b8602e632fb6940db0d5eba01c45a618c5ff287df0d70740384aee615a551e4a,common complete dates,2021,ok,229,3430.0,-7160.0,3530.0,7060.0,353,706,-0.0716,-31.266375545851528,-0.07879126637554584,0.0264241753118264,-2.981787149295897,-0.07266366816591704,"conditional complete-window sum on stated capital, not live equity or intraday drawdown",0.15074599708879186,169201.58980582524,mean across entered windows; not equal-risk sizing or margin availability,229,252,0.0,0.0
YM,revert-6-1.5,combined_stress,84650db70559423ed6d3a99343cb21b9906380b1caa22c206bd1824738b9e5a1,f05ac5e651225d04,5.0,2,0.0,0.0,5,b8602e632fb6940db0d5eba01c45a618c5ff287df0d70740384aee615a551e4a,common complete dates,2022,ok,239,730.0,-10100.0,3610.0,7220.0,361,722,-0.101,-42.25941422594142,-0.10649372384937238,0.034491067768995416,-3.0875739934355217,-0.11402899126290707,"conditional complete-window sum on stated capital, not live equity or intraday drawdown",0.15123779637377963,164934.96478873238,mean across entered windows; not equal-risk sizing or margin availability,239,252,0.0,0.0
YM,revert-6-1.5,combined_stress,84650db70559423ed6d3a99343cb21b9906380b1caa22c206bd1824738b9e5a1,f05ac5e651225d04,5.0,2,0.0,0.0,5,b8602e632fb6940db0d5eba01c45a618c5ff287df0d70740384aee615a551e4a,common complete dates,2023,ok,228,-3335.0,-13835.0,3500.0,7000.0,350,700,-0.13835,-60.67982456140351,-0.15291315789473683,0.023485083334538845,-6.511075805715869,-0.14252999452382137,"conditional complete-window sum on stated capital, not live equity or intraday drawdown",0.15487938596491227,170761.39154704945,mean across entered windows; not equal-risk sizing or margin availability,228,252,0.0,0.0
YM,revert-6-1.5,combined_stress,84650db70559423ed6d3a99343cb21b9906380b1caa22c206bd1824738b9e5a1,f05ac5e651225d04,5.0,2,0.0,0.0,5,b8602e632fb6940db0d5eba01c45a618c5ff287df0d70740384aee615a551e4a,common complete dates,2024,ok,213,-3185.0,-13835.0,3550.0,7100.0,355,710,-0.13835,-64.9530516431925,-0.16368169014084508,0.030155947516345052,-5.427841060279295,-0.13835,"conditional complete-window sum on stated capital, not live equity or intraday drawdown",0.16774256651017214,201782.077020202,mean across entered windows; not equal-risk sizing or margin availability,213,252,0.0,0.0
YM,revert-6-1.5,combined_stress,84650db70559423ed6d3a99343cb21b9906380b1caa22c206bd1824738b9e5a1,f05ac5e651225d04,5.0,2,0.0,0.0,5,b8602e632fb6940db0d5eba01c45a618c5ff287df0d70740384aee615a551e4a,common complete dates,2025,ok,142,-5665.0,-11965.0,2100.0,4200.0,210,420,-0.11965,-84.2605633802817,-0.21233661971830986,0.07066207833946878,-3.0049585960127057,-0.11965,"conditional complete-window sum on stated capital, not live equity or intraday drawdown",0.1528755868544601,219122.578125,mean across entered windows; not equal-risk sizing or margin availability,142,252,0.0,0.0
YM,revert-6-1.5,combined_stress,84650db70559423ed6d3a99343cb21b9906380b1caa22c206bd1824738b9e5a1,f05ac5e651225d04,5.0,2,0.0,0.0,5,b8602e632fb6940db0d5eba01c45a618c5ff287df0d70740384aee615a551e4a,common complete dates,2026,ok,109,-2190.0,-7260.0,1690.0,3380.0,169,338,-0.0726,-66.60550458715596,-0.16784587155963301,0.04282793413061181,-3.919074663927417,-0.07726500849066027,"conditional complete-window sum on stated capital, not live equity or intraday drawdown",0.1592125382262997,248549.7543859649,mean across entered windows; not equal-risk sizing or margin availability,109,252,0.0,0.0
YM,revert-12-0.5,base,84650db70559423ed6d3a99343cb21b9906380b1caa22c206bd1824738b9e5a1,dc4969671703f273,2.5,1,0.0,0.0,1,b8602e632fb6940db0d5eba01c45a618c5ff287df0d70740384aee615a551e4a,common complete dates,whole,ok,1901,4120.0,-57620.0,20580.0,41160.0,4116,8232,-0.5762,-30.310362966859547,-0.07638211467648606,0.0475630321148651,-1.6059134853308479,-0.6374,"conditional complete-window sum on stated capital, not live equity or intraday drawdown",0.28352402244432756,164545.50817610061,mean across entered windows; not equal-risk sizing or margin availability,1901,252,0.0,0.0
YM,revert-12-0.5,base,84650db70559423ed6d3a99343cb21b9906380b1caa22c206bd1824738b9e5a1,dc4969671703f273,2.5,1,0.0,0.0,1,b8602e632fb6940db0d5eba01c45a618c5ff287df0d70740384aee615a551e4a,common complete dates,development,ok,970,3630.0,-27390.0,10340.0,20680.0,2068,4136,-0.2739,-28.237113402061855,-0.07115752577319588,0.04233070590268403,-1.680990766768292,-0.2933,"conditional complete-window sum on stated capital, not live equity or intraday drawdown",0.27824312714776633,137609.6045630726,mean across entered windows; not equal-risk sizing or margin availability,970,252,0.0,0.0
YM,revert-12-0.5,base,84650db70559423ed6d3a99343cb21b9906380b1caa22c206bd1824738b9e5a1,dc4969671703f273,2.5,1,0.0,0.0,1,b8602e632fb6940db0d5eba01c45a618c5ff287df0d70740384aee615a551e4a,common complete dates,validation,ok,467,2335.0,-13010.0,5115.0,10230.0,1023,2046,-0.1301,-27.858672376873663,-0.07020385438972163,0.04178527212825588,-1.6801100199667875,-0.15589962626801923,"conditional complete-window sum on stated capital, not live equity or intraday drawdown",0.2888561741613134,167550.51133040932,mean across entered windows; not equal-risk sizing or margin availability,467,252,0.0,0.0
YM,revert-12-0.5,base,84650db70559423ed6d3a99343cb21b9906380b1caa22c206bd1824738b9e5a1,dc4969671703f273,2.5,1,0.0,0.0,1,b8602e632fb6940db0d5eba01c45a618c5ff287df0d70740384aee615a551e4a,common complete dates,historical_final,ok,464,-1845.0,-17220.0,5125.0,10250.0,1025,2050,-0.1722,-37.11206896551724,-0.09352241379310344,0.061436419931904435,-1.522263404943889,-0.2334,"conditional complete-window sum on stated capital, not live equity or intraday drawdown",0.28919719827586204,217770.85779985285,mean across entered windows; not equal-risk sizing or margin availability,464,252,0.0,0.0
YM,revert-12-0.5,base,84650db70559423ed6d3a99343cb21b9906380b1caa22c206bd1824738b9e5a1,dc4969671703f273,2.5,1,0.0,0.0,1,b8602e632fb6940db0d5eba01c45a618c5ff287df0d70740384aee615a551e4a,common complete dates,2016,ok,27,165.0,-765.0,310.0,620.0,62,124,-0.00765,-28.333333333333332,-0.07139999999999999,0.014515879898606534,-4.9187510849310705,-0.00845,"conditional complete-window sum on stated capital, not live equity or intraday drawdown",0.30864197530864196,92015.04320987653,mean across entered windows; not equal-risk sizing or margin availability,27,252,0.0,0.0
YM,revert-12-0.5,base,84650db70559423ed6d3a99343cb21b9906380b1caa22c206bd1824738b9e5a1,dc4969671703f273,2.5,1,0.0,0.0,1,b8602e632fb6940db0d5eba01c45a618c5ff287df0d70740384aee615a551e4a,common complete dates,2017,ok,49,-610.0,-2065.0,485.0,970.0,97,194,-0.02065,-42.142857142857146,-0.1062,0.012617695906939588,-8.416750632069936,-0.0209,"conditional complete-window sum on stated capital, not live equity or intraday drawdown",0.2776360544217687,110884.13949275363,mean across entered windows; not equal-risk sizing or margin availability,49,252,0.0,0.0
YM,revert-12-0.5,base,84650db70559423ed6d3a99343cb21b9906380b1caa22c206bd1824738b9e5a1,dc4969671703f273,2.5,1,0.0,0.0,1,b8602e632fb6940db0d5eba01c45a618c5ff287df0d70740384aee615a551e4a,common complete dates,2018,ok,212,1690.0,-5135.0,2275.0,4550.0,455,910,-0.05135,-24.221698113207548,-0.06103867924528302,0.03520033079745164,-1.7340370917679553,-0.0727,"conditional complete-window sum on stated capital, not live equity or intraday drawdown",0.2840998427672956,124974.2609223301,mean across entered windows; not equal-risk sizing or margin availability,212,252,0.0,0.0
YM,revert-12-0.5,base,84650db70559423ed6d3a99343cb21b9906380b1caa22c206bd1824738b9e5a1,dc4969671703f273,2.5,1,0.0,0.0,1,b8602e632fb6940db0d5eba01c45a618c5ff287df0d70740384aee615a551e4a,common complete dates,2019,ok,220,-845.0,-7580.0,2245.0,4490.0,449,898,-0.0758,-34.45454545454545,-0.08682545454545454,0.02817575227370673,-3.081566508038865,-0.0816905615292712,"conditional complete-window sum on stated capital, not live equity or intraday drawdown",0.27831439393939394,131065.42562305296,mean across entered windows; not equal-risk sizing or margin availability,220,252,0.0,0.0
YM,revert-12-0.5,base,84650db70559423ed6d3a99343cb21b9906380b1caa22c206bd1824738b9e5a1,dc4969671703f273,2.5,1,0.0,0.0,1,b8602e632fb6940db0d5eba01c45a618c5ff287df0d70740384aee615a551e4a,common complete dates,2020,ok,233,-3550.0,-11185.0,2545.0,5090.0,509,1018,-0.11185,-48.00429184549356,-0.12097081545064377,0.06653700177124178,-1.8180983848137424,-0.1312,"conditional complete-window sum on stated capital, not live equity or intraday drawdown",0.27432045779685266,134541.52192982455,mean across entered windows; not equal-risk sizing or margin availability,233,252,0.0,0.0
YM,revert-12-0.5,base,84650db70559423ed6d3a99343cb21b9906380b1caa22c206bd1824738b9e5a1,dc4969671703f273,2.5,1,0.0,0.0,1,b8602e632fb6940db0d5eba01c45a618c5ff287df0d70740384aee615a551e4a,common complete dates,2021,ok,229,6780.0,-660.0,2480.0,4960.0,496,992,-0.0066,-2.8820960698689957,-0.007262882096069869,0.03339501256084993,-0.2174840354629597,-0.03301067262347977,"conditional complete-window sum on stated capital, not live equity or intraday drawdown",0.27328966521106257,169446.41555555555,mean across entered windows; not equal-risk sizing or margin availability,229,252,0.0,0.0
YM,revert-12-0.5,base,84650db70559423ed6d3a99343cb21b9906380b1caa22c206bd1824738b9e5a1,dc4969671703f273,2.5,1,0.0,0.0,1,b8602e632fb6940db0d5eba01c45a618c5ff287df0d70740384aee615a551e4a,common complete dates,2022,ok,239,3360.0,-4305.0,2555.0,5110.0,511,1022,-0.04305,-18.01255230125523,-0.045391631799163175,0.04878741745465886,-0.9303962818148431,-0.07639664126583508,"conditional complete-window sum on stated capital, not live equity or intraday drawdown",0.290707810320781,164604.396539548,mean across entered windows; not equal-risk sizing or margin availability,239,252,0.0,0.0
YM,revert-12-0.5,base,84650db70559423ed6d3a99343cb21b9906380b1caa22c206bd1824738b9e5a1,dc4969671703f273,2.5,1,0.0,0.0,1,b8602e632fb6940db0d5eba01c45a618c5ff287df0d70740384aee615a551e4a,common complete dates,2023,ok,228,-1025.0,-8705.0,2560.0,5120.0,512,1024,-0.08705,-38.17982456140351,-0.09621315789473683,0.0329165113024261,-2.9229451751664057,-0.0874,"conditional complete-window sum on stated capital, not live equity or intraday drawdown",0.28691520467836257,170710.88901515148,mean across entered windows; not equal-risk sizing or margin availability,228,252,0.0,0.0
YM,revert-12-0.5,base,84650db70559423ed6d3a99343cb21b9906380b1caa22c206bd1824738b9e5a1,dc4969671703f273,2.5,1,0.0,0.0,1,b8602e632fb6940db0d5eba01c45a618c5ff287df0d70740384aee615a551e4a,common complete dates,2024,ok,213,1175.0,-6310.0,2495.0,4990.0,499,998,-0.0631,-29.624413145539908,-0.07465352112676056,0.03505771271538462,-2.1294464283176087,-0.06395,"conditional complete-window sum on stated capital, not live equity or intraday drawdown",0.29988262910798125,201568.36057692306,mean across entered windows; not equal-risk sizing or margin availability,213,252,0.0,0.0
YM,revert-12-0.5,base,84650db70559423ed6d3a99343cb21b9906380b1caa22c206bd1824738b9e5a1,dc4969671703f273,2.5,1,0.0,0.0,1,b8602e632fb6940db0d5eba01c45a618c5ff287df0d70740384aee615a551e4a,common complete dates,2025,ok,142,-7785.0,-12330.0,1515.0,3030.0,303,606,-0.1233,-86.83098591549296,-0.21881408450704226,0.08554089243918829,-2.558005630612271,-0.1339573119397811,"conditional complete-window sum on stated capital, not live equity or intraday drawdown",0.28257042253521125,219077.5083333333,mean across entered windows; not equal-risk sizing or margin availability,142,252,0.0,0.0
YM,revert-12-0.5,base,84650db70559423ed6d3a99343cb21b9906380b1caa22c206bd1824738b9e5a1,dc4969671703f273,2.5,1,0.0,0.0,1,b8602e632fb6940db0d5eba01c45a618c5ff287df0d70740384aee615a551e4a,common complete dates,2026,ok,109,4765.0,1420.0,1115.0,2230.0,223,446,0.0142,13.027522935779816,0.032829357798165135,0.0637720305520684,0.5147924178352878,-0.0478569287641123,"conditional complete-window sum on stated capital, not live equity or intraday drawdown",0.2769495412844037,248125.03253968255,mean across entered windows; not equal-risk sizing or margin availability,109,252,0.0,0.0
YM,revert-12-0.5,gross_reference,84650db70559423ed6d3a99343cb21b9906380b1caa22c206bd1824738b9e5a1,bdcc5a0d8a5f7699,0.0,0,0.0,0.0,1,b8602e632fb6940db0d5eba01c45a618c5ff287df0d70740384aee615a551e4a,common complete dates,whole,ok,1901,4120.0,4120.0,0.0,0.0,4116,8232,0.0412,2.1672803787480275,0.005461546554445029,0.04800887376463229,0.11376118884231153,-0.12145434613803499,"conditional complete-window sum on stated capital, not live equity or intraday drawdown",0.28352402244432756,164545.50817610061,mean across entered windows; not equal-risk sizing or margin availability,1901,252,0.0,0.0
YM,revert-12-0.5,gross_reference,84650db70559423ed6d3a99343cb21b9906380b1caa22c206bd1824738b9e5a1,bdcc5a0d8a5f7699,0.0,0,0.0,0.0,1,b8602e632fb6940db0d5eba01c45a618c5ff287df0d70740384aee615a551e4a,common complete dates,development,ok,970,3630.0,3630.0,0.0,0.0,2068,4136,0.0363,3.7422680412371134,0.009430515463917526,0.04281676889906927,0.2202528520110382,-0.10551382137771886,"conditional complete-window sum on stated capital, not live equity or intraday drawdown",0.27824312714776633,137609.6045630726,mean across entered windows; not equal-risk sizing or margin availability,970,252,0.0,0.0
YM,revert-12-0.5,gross_reference,84650db70559423ed6d3a99343cb21b9906380b1caa22c206bd1824738b9e5a1,bdcc5a0d8a5f7699,0.0,0,0.0,0.0,1,b8602e632fb6940db0d5eba01c45a618c5ff287df0d70740384aee615a551e4a,common complete dates,validation,ok,467,2335.0,2335.0,0.0,0.0,1023,2046,0.02335,5.0,0.0126,0.0422844871563704,0.2979816203849061,-0.034781367464433555,"conditional complete-window sum on stated capital, not live equity or intraday drawdown",0.2888561741613134,167550.51133040932,mean across entered windows; not equal-risk sizing or margin availability,467,252,0.0,0.0
YM,revert-12-0.5,gross_reference,84650db70559423ed6d3a99343cb21b9906380b1caa22c206bd1824738b9e5a1,bdcc5a0d8a5f7699,0.0,0,0.0,0.0,1,b8602e632fb6940db0d5eba01c45a618c5ff287df0d70740384aee615a551e4a,common complete dates,historical_final,ok,464,-1845.0,-1845.0,0.0,0.0,1025,2050,-0.01845,-3.976293103448276,-0.010020258620689655,0.06181174820757079,-0.16210929008253422,-0.12845410628019324,"conditional complete-window sum on stated capital, not live equity or intraday drawdown",0.28919719827586204,217770.85779985285,mean across entered windows; not equal-risk sizing or margin availability,464,252,0.0,0.0
YM,revert-12-0.5,gross_reference,84650db70559423ed6d3a99343cb21b9906380b1caa22c206bd1824738b9e5a1,bdcc5a0d8a5f7699,0.0,0,0.0,0.0,1,b8602e632fb6940db0d5eba01c45a618c5ff287df0d70740384aee615a551e4a,common complete dates,2016,ok,27,165.0,165.0,0.0,0.0,62,124,0.00165,6.111111111111111,0.015399999999999999,0.014469623353771166,1.0642986084351913,-0.005473453749315818,"conditional complete-window sum on stated capital, not live equity or intraday drawdown",0.30864197530864196,92015.04320987653,mean across entered windows; not equal-risk sizing or margin availability,27,252,0.0,0.0
YM,revert-12-0.5,gross_reference,84650db70559423ed6d3a99343cb21b9906380b1caa22c206bd1824738b9e5a1,bdcc5a0d8a5f7699,0.0,0,0.0,0.0,1,b8602e632fb6940db0d5eba01c45a618c5ff287df0d70740384aee615a551e4a,common complete dates,2017,ok,49,-610.0,-610.0,0.0,0.0,97,194,-0.0061,-12.448979591836734,-0.031371428571428564,0.012775981930392446,-2.4555003867687,-0.0072,"conditional complete-window sum on stated capital, not live equity or intraday drawdown",0.2776360544217687,110884.13949275363,mean across entered windows; not equal-risk sizing or margin availability,49,252,0.0,0.0
YM,revert-12-0.5,gross_reference,84650db70559423ed6d3a99343cb21b9906380b1caa22c206bd1824738b9e5a1,bdcc5a0d8a5f7699,0.0,0,0.0,0.0,1,b8602e632fb6940db0d5eba01c45a618c5ff287df0d70740384aee615a551e4a,common complete dates,2018,ok,212,1690.0,1690.0,0.0,0.0,455,910,0.0169,7.971698113207547,0.020088679245283018,0.03590249706300423,0.5595343190204847,-0.03774433834924761,"conditional complete-window sum on stated capital, not live equity or intraday drawdown",0.2840998427672956,124974.2609223301,mean across entered windows; not equal-risk sizing or margin availability,212,252,0.0,0.0
YM,revert-12-0.5,gross_reference,84650db70559423ed6d3a99343cb21b9906380b1caa22c206bd1824738b9e5a1,bdcc5a0d8a5f7699,0.0,0,0.0,0.0,1,b8602e632fb6940db0d5eba01c45a618c5ff287df0d70740384aee615a551e4a,common complete dates,2019,ok,220,-845.0,-845.0,0.0,0.0,449,898,-0.00845,-3.840909090909091,-0.009679090909090908,0.02885039997046472,-0.3354924340390349,-0.026394273784670446,"conditional complete-window sum on stated capital, not live equity or intraday drawdown",0.27831439393939394,131065.42562305296,mean across entered windows; not equal-risk sizing or margin availability,220,252,0.0,0.0
YM,revert-12-0.5,gross_reference,84650db70559423ed6d3a99343cb21b9906380b1caa22c206bd1824738b9e5a1,bdcc5a0d8a5f7699,0.0,0,0.0,0.0,1,b8602e632fb6940db0d5eba01c45a618c5ff287df0d70740384aee615a551e4a,common complete dates,2020,ok,233,-3550.0,-3550.0,0.0,0.0,509,1018,-0.0355,-15.236051502145923,-0.03839484978540773,0.06710518258265111,-0.5721592328300149,-0.09626307922272048,"conditional complete-window sum on stated capital, not live equity or intraday drawdown",0.27432045779685266,134541.52192982455,mean across entered windows; not equal-risk sizing or margin availability,233,252,0.0,0.0
YM,revert-12-0.5,gross_reference,84650db70559423ed6d3a99343cb21b9906380b1caa22c206bd1824738b9e5a1,bdcc5a0d8a5f7699,0.0,0,0.0,0.0,1,b8602e632fb6940db0d5eba01c45a618c5ff287df0d70740384aee615a551e4a,common complete dates,2021,ok,229,6780.0,6780.0,0.0,0.0,496,992,0.0678,29.606986899563317,0.07460960698689957,0.03360421787476906,2.2202453056620146,-0.015046350211953231,"conditional complete-window sum on stated capital, not live equity or intraday drawdown",0.27328966521106257,169446.41555555555,mean across entered windows; not equal-risk sizing or margin availability,229,252,0.0,0.0
YM,revert-12-0.5,gross_reference,84650db70559423ed6d3a99343cb21b9906380b1caa22c206bd1824738b9e5a1,bdcc5a0d8a5f7699,0.0,0,0.0,0.0,1,b8602e632fb6940db0d5eba01c45a618c5ff287df0d70740384aee615a551e4a,common complete dates,2022,ok,239,3360.0,3360.0,0.0,0.0,511,1022,0.0336,14.05857740585774,0.0354276150627615,0.04925985940359278,0.7191984608096058,-0.02588380834562497,"conditional complete-window sum on stated capital, not live equity or intraday drawdown",0.290707810320781,164604.396539548,mean across entered windows; not equal-risk sizing or margin availability,239,252,0.0,0.0
YM,revert-12-0.5,gross_reference,84650db70559423ed6d3a99343cb21b9906380b1caa22c206bd1824738b9e5a1,bdcc5a0d8a5f7699,0.0,0,0.0,0.0,1,b8602e632fb6940db0d5eba01c45a618c5ff287df0d70740384aee615a551e4a,common complete dates,2023,ok,228,-1025.0,-1025.0,0.0,0.0,512,1024,-0.01025,-4.495614035087719,-0.011328947368421051,0.03349471444195849,-0.33823089873037987,-0.027269572115622986,"conditional complete-window sum on stated capital, not live equity or intraday drawdown",0.28691520467836257,170710.88901515148,mean across entered windows; not equal-risk sizing or margin availability,228,252,0.0,0.0
YM,revert-12-0.5,gross_reference,84650db70559423ed6d3a99343cb21b9906380b1caa22c206bd1824738b9e5a1,bdcc5a0d8a5f7699,0.0,0,0.0,0.0,1,b8602e632fb6940db0d5eba01c45a618c5ff287df0d70740384aee615a551e4a,common complete dates,2024,ok,213,1175.0,1175.0,0.0,0.0,499,998,0.01175,5.516431924882629,0.013901408450704224,0.03551387640374257,0.39143596414722137,-0.03475,"conditional complete-window sum on stated capital, not live equity or intraday drawdown",0.29988262910798125,201568.36057692306,mean across entered windows; not equal-risk sizing or margin availability,213,252,0.0,0.0
YM,revert-12-0.5,gross_reference,84650db70559423ed6d3a99343cb21b9906380b1caa22c206bd1824738b9e5a1,bdcc5a0d8a5f7699,0.0,0,0.0,0.0,1,b8602e632fb6940db0d5eba01c45a618c5ff287df0d70740384aee615a551e4a,common complete dates,2025,ok,142,-7785.0,-7785.0,0.0,0.0,303,606,-0.07785,-54.82394366197183,-0.138156338028169,0.08577603358030465,-1.6106636348348427,-0.10222330808697777,"conditional complete-window sum on stated capital, not live equity or intraday drawdown",0.28257042253521125,219077.5083333333,mean across entered windows; not equal-risk sizing or margin availability,142,252,0.0,0.0
YM,revert-12-0.5,gross_reference,84650db70559423ed6d3a99343cb21b9906380b1caa22c206bd1824738b9e5a1,bdcc5a0d8a5f7699,0.0,0,0.0,0.0,1,b8602e632fb6940db0d5eba01c45a618c5ff287df0d70740384aee615a551e4a,common complete dates,2026,ok,109,4765.0,4765.0,0.0,0.0,223,446,0.04765,43.71559633027523,0.1101633027522936,0.06442077596666147,1.7100586122915442,-0.03358953883010581,"conditional complete-window sum on stated capital, not live equity or intraday drawdown",0.2769495412844037,248125.03253968255,mean across entered windows; not equal-risk sizing or margin availability,109,252,0.0,0.0
YM,revert-12-0.5,cost_stress,84650db70559423ed6d3a99343cb21b9906380b1caa22c206bd1824738b9e5a1,0a152cb3a7c452c0,5.0,2,0.0,0.0,1,b8602e632fb6940db0d5eba01c45a618c5ff287df0d70740384aee615a551e4a,common complete dates,whole,ok,1901,4120.0,-119360.0,41160.0,82320.0,4116,8232,-1.1936,-62.788006312467125,-0.15822577590741715,0.04724164116470991,-3.349286180718331,-1.2365,"conditional complete-window sum on stated capital, not live equity or intraday drawdown",0.28352402244432756,164545.50817610061,mean across entered windows; not equal-risk sizing or margin availability,1901,252,0.0,0.0
YM,revert-12-0.5,cost_stress,84650db70559423ed6d3a99343cb21b9906380b1caa22c206bd1824738b9e5a1,0a152cb3a7c452c0,5.0,2,0.0,0.0,1,b8602e632fb6940db0d5eba01c45a618c5ff287df0d70740384aee615a551e4a,common complete dates,development,ok,970,3630.0,-58410.0,20680.0,41360.0,2068,4136,-0.5841,-60.21649484536083,-0.15174556701030928,0.041977100424773206,-3.614960668430427,-0.5844,"conditional complete-window sum on stated capital, not live equity or intraday drawdown",0.27824312714776633,137609.6045630726,mean across entered windows; not equal-risk sizing or margin availability,970,252,0.0,0.0
YM,revert-12-0.5,cost_stress,84650db70559423ed6d3a99343cb21b9906380b1caa22c206bd1824738b9e5a1,0a152cb3a7c452c0,5.0,2,0.0,0.0,1,b8602e632fb6940db0d5eba01c45a618c5ff287df0d70740384aee615a551e4a,common complete dates,validation,ok,467,2335.0,-28355.0,10230.0,20460.0,1023,2046,-0.28355,-60.71734475374733,-0.15300770877944325,0.04143184470599405,-3.692997737976829,-0.2902570706820546,"conditional complete-window sum on stated capital, not live equity or intraday drawdown",0.2888561741613134,167550.51133040932,mean across entered windows; not equal-risk sizing or margin availability,467,252,0.0,0.0
YM,revert-12-0.5,cost_stress,84650db70559423ed6d3a99343cb21b9906380b1caa22c206bd1824738b9e5a1,0a152cb3a7c452c0,5.0,2,0.0,0.0,1,b8602e632fb6940db0d5eba01c45a618c5ff287df0d70740384aee615a551e4a,common complete dates,historical_final,ok,464,-1845.0,-32595.0,10250.0,20500.0,1025,2050,-0.32595,-70.2478448275862,-0.17702456896551724,0.061164335020503655,-2.894244969820642,-0.36885,"conditional complete-window sum on stated capital, not live equity or intraday drawdown",0.28919719827586204,217770.85779985285,mean across entered windows; not equal-risk sizing or margin availability,464,252,0.0,0.0
YM,revert-12-0.5,cost_stress,84650db70559423ed6d3a99343cb21b9906380b1caa22c206bd1824738b9e5a1,0a152cb3a7c452c0,5.0,2,0.0,0.0,1,b8602e632fb6940db0d5eba01c45a618c5ff287df0d70740384aee615a551e4a,common complete dates,2016,ok,27,165.0,-1695.0,620.0,1240.0,62,124,-0.01695,-62.77777777777778,-0.1582,0.014882385044588272,-10.630016595191293,-0.0171,"conditional complete-window sum on stated capital, not live equity or intraday drawdown",0.30864197530864196,92015.04320987653,mean across entered windows; not equal-risk sizing or margin availability,27,252,0.0,0.0
YM,revert-12-0.5,cost_stress,84650db70559423ed6d3a99343cb21b9906380b1caa22c206bd1824738b9e5a1,0a152cb3a7c452c0,5.0,2,0.0,0.0,1,b8602e632fb6940db0d5eba01c45a618c5ff287df0d70740384aee615a551e4a,common complete dates,2017,ok,49,-610.0,-3520.0,970.0,1940.0,97,194,-0.0352,-71.83673469387755,-0.18102857142857143,0.01293177150608973,-13.998744978081529,-0.0352,"conditional complete-window sum on stated capital, not live equity or intraday drawdown",0.2776360544217687,110884.13949275363,mean across entered windows; not equal-risk sizing or margin availability,49,252,0.0,0.0
YM,revert-12-0.5,cost_stress,84650db70559423ed6d3a99343cb21b9906380b1caa22c206bd1824738b9e5a1,0a152cb3a7c452c0,5.0,2,0.0,0.0,1,b8602e632fb6940db0d5eba01c45a618c5ff287df0d70740384aee615a551e4a,common complete dates,2018,ok,212,1690.0,-11960.0,4550.0,9100.0,455,910,-0.1196,-56.41509433962264,-0.14216603773584904,0.034653695144114094,-4.102478455605502,-0.1269,"conditional complete-window sum on stated capital, not live equity or intraday drawdown",0.2840998427672956,124974.2609223301,mean across entered windows; not equal-risk sizing or margin availability,212,252,0.0,0.0
YM,revert-12-0.5,cost_stress,84650db70559423ed6d3a99343cb21b9906380b1caa22c206bd1824738b9e5a1,0a152cb3a7c452c0,5.0,2,0.0,0.0,1,b8602e632fb6940db0d5eba01c45a618c5ff287df0d70740384aee615a551e4a,common complete dates,2019,ok,220,-845.0,-14315.0,4490.0,8980.0,449,898,-0.14315,-65.06818181818181,-0.16397181818181816,0.027693474185325688,-5.920955134935873,-0.14613237639553428,"conditional complete-window sum on stated capital, not live equity or intraday drawdown",0.27831439393939394,131065.42562305296,mean across entered windows; not equal-risk sizing or margin availability,220,252,0.0,0.0
YM,revert-12-0.5,cost_stress,84650db70559423ed6d3a99343cb21b9906380b1caa22c206bd1824738b9e5a1,0a152cb3a7c452c0,5.0,2,0.0,0.0,1,b8602e632fb6940db0d5eba01c45a618c5ff287df0d70740384aee615a551e4a,common complete dates,2020,ok,233,-3550.0,-18820.0,5090.0,10180.0,509,1018,-0.1882,-80.7725321888412,-0.20354678111587982,0.06605170113819903,-3.0816281429300636,-0.18825,"conditional complete-window sum on stated capital, not live equity or intraday drawdown",0.27432045779685266,134541.52192982455,mean across entered windows; not equal-risk sizing or margin availability,233,252,0.0,0.0
YM,revert-12-0.5,cost_stress,84650db70559423ed6d3a99343cb21b9906380b1caa22c206bd1824738b9e5a1,0a152cb3a7c452c0,5.0,2,0.0,0.0,1,b8602e632fb6940db0d5eba01c45a618c5ff287df0d70740384aee615a551e4a,common complete dates,2021,ok,229,6780.0,-8100.0,4960.0,9920.0,496,992,-0.081,-35.37117903930131,-0.0891353711790393,0.03335915896054358,-2.6719909600978404,-0.0867339330980665,"conditional complete-window sum on stated capital, not live equity or intraday drawdown",0.27328966521106257,169446.41555555555,mean across entered windows; not equal-risk sizing or margin availability,229,252,0.0,0.0
YM,revert-12-0.5,cost_stress,84650db70559423ed6d3a99343cb21b9906380b1caa22c206bd1824738b9e5a1,0a152cb3a7c452c0,5.0,2,0.0,0.0,1,b8602e632fb6940db0d5eba01c45a618c5ff287df0d70740384aee615a551e4a,common complete dates,2022,ok,239,3360.0,-11970.0,5110.0,10220.0,511,1022,-0.1197,-50.0836820083682,-0.12621087866108788,0.04842091003557652,-2.6065366918621806,-0.12957551141710832,"conditional complete-window sum on stated capital, not live equity or intraday drawdown",0.290707810320781,164604.396539548,mean across entered windows; not equal-risk sizing or margin availability,239,252,0.0,0.0
YM,revert-12-0.5,cost_stress,84650db70559423ed6d3a99343cb21b9906380b1caa22c206bd1824738b9e5a1,0a152cb3a7c452c0,5.0,2,0.0,0.0,1,b8602e632fb6940db0d5eba01c45a618c5ff287df0d70740384aee615a551e4a,common complete dates,2023,ok,228,-1025.0,-16385.0,5120.0,10240.0,512,1024,-0.16385,-71.8640350877193,-0.18109736842105265,0.03255145206666677,-5.563419046565341,-0.16385,"conditional complete-window sum on stated capital, not live equity or intraday drawdown",0.28691520467836257,170710.88901515148,mean across entered windows; not equal-risk sizing or margin availability,228,252,0.0,0.0
YM,revert-12-0.5,cost_stress,84650db70559423ed6d3a99343cb21b9906380b1caa22c206bd1824738b9e5a1,0a152cb3a7c452c0,5.0,2,0.0,0.0,1,b8602e632fb6940db0d5eba01c45a618c5ff287df0d70740384aee615a551e4a,common complete dates,2024,ok,213,1175.0,-13795.0,4990.0,9980.0,499,998,-0.13795,-64.76525821596245,-0.16320845070422538,0.03478056577716876,-4.692518567692806,-0.13835,"conditional complete-window sum on stated capital, not live equity or intraday drawdown",0.29988262910798125,201568.36057692306,mean across entered windows; not equal-risk sizing or margin availability,213,252,0.0,0.0
YM,revert-12-0.5,cost_stress,84650db70559423ed6d3a99343cb21b9906380b1caa22c206bd1824738b9e5a1,0a152cb3a7c452c0,5.0,2,0.0,0.0,1,b8602e632fb6940db0d5eba01c45a618c5ff287df0d70740384aee615a551e4a,common complete dates,2025,ok,142,-7785.0,-16875.0,3030.0,6060.0,303,606,-0.16875,-118.83802816901408,-0.29947183098591545,0.08538165126354878,-3.507449511154703,-0.17018192722910835,"conditional complete-window sum on stated capital, not live equity or intraday drawdown",0.28257042253521125,219077.5083333333,mean across entered windows; not equal-risk sizing or margin availability,142,252,0.0,0.0
YM,revert-12-0.5,cost_stress,84650db70559423ed6d3a99343cb21b9906380b1caa22c206bd1824738b9e5a1,0a152cb3a7c452c0,5.0,2,0.0,0.0,1,b8602e632fb6940db0d5eba01c45a618c5ff287df0d70740384aee615a551e4a,common complete dates,2026,ok,109,4765.0,-1925.0,2230.0,4460.0,223,446,-0.01925,-17.660550458715598,-0.0445045871559633,0.06321367180248505,-0.7040342047369214,-0.0625249900039984,"conditional complete-window sum on stated capital, not live equity or intraday drawdown",0.2769495412844037,248125.03253968255,mean across entered windows; not equal-risk sizing or margin availability,109,252,0.0,0.0
YM,revert-12-0.5,delay_stress,84650db70559423ed6d3a99343cb21b9906380b1caa22c206bd1824738b9e5a1,4de765486091d987,2.5,1,0.0,0.0,5,b8602e632fb6940db0d5eba01c45a618c5ff287df0d70740384aee615a551e4a,common complete dates,whole,ok,1901,8980.0,-50765.0,19915.0,39830.0,3983,7966,-0.50765,-26.70436612309311,-0.06729500263019463,0.04606340254083885,-1.4609212285291409,-0.551,"conditional complete-window sum on stated capital, not live equity or intraday drawdown",0.278559530071892,164545.93199855697,mean across entered windows; not equal-risk sizing or margin availability,1901,252,0.0,0.0
YM,revert-12-0.5,delay_stress,84650db70559423ed6d3a99343cb21b9906380b1caa22c206bd1824738b9e5a1,4de765486091d987,2.5,1,0.0,0.0,5,b8602e632fb6940db0d5eba01c45a618c5ff287df0d70740384aee615a551e4a,common complete dates,development,ok,970,5390.0,-24520.0,9970.0,19940.0,1994,3988,-0.2452,-25.278350515463917,-0.06370144329896907,0.041927437269387496,-1.5193259461502897,-0.26465,"conditional complete-window sum on stated capital, not live equity or intraday drawdown",0.272680412371134,137566.0619249823,mean across entered windows; not equal-risk sizing or margin availability,970,252,0.0,0.0
YM,revert-12-0.5,delay_stress,84650db70559423ed6d3a99343cb21b9906380b1caa22c206bd1824738b9e5a1,4de765486091d987,2.5,1,0.0,0.0,5,b8602e632fb6940db0d5eba01c45a618c5ff287df0d70740384aee615a551e4a,common complete dates,validation,ok,467,3990.0,-10980.0,4990.0,9980.0,998,1996,-0.1098,-23.511777301927197,-0.059249678800856534,0.04163256054029003,-1.4231572123342617,-0.12178148921363953,"conditional complete-window sum on stated capital, not live equity or intraday drawdown",0.28537651677373305,167551.473992674,mean across entered windows; not equal-risk sizing or margin availability,467,252,0.0,0.0
YM,revert-12-0.5,delay_stress,84650db70559423ed6d3a99343cb21b9906380b1caa22c206bd1824738b9e5a1,4de765486091d987,2.5,1,0.0,0.0,5,b8602e632fb6940db0d5eba01c45a618c5ff287df0d70740384aee615a551e4a,common complete dates,historical_final,ok,464,-400.0,-15265.0,4955.0,9910.0,991,1982,-0.15265,-32.89870689655172,-0.08290474137931034,0.057292275575911586,-1.4470491972248958,-0.196,"conditional complete-window sum on stated capital, not live equity or intraday drawdown",0.28398886494252873,217866.36659275682,mean across entered windows; not equal-risk sizing or margin availability,464,252,0.0,0.0
YM,revert-12-0.5,delay_stress,84650db70559423ed6d3a99343cb21b9906380b1caa22c206bd1824738b9e5a1,4de765486091d987,2.5,1,0.0,0.0,5,b8602e632fb6940db0d5eba01c45a618c5ff287df0d70740384aee615a551e4a,common complete dates,2016,ok,27,110.0,-760.0,290.0,580.0,58,116,-0.0076,-28.14814814814815,-0.07093333333333335,0.015707478212458922,-4.515895701008844,-0.0079,"conditional complete-window sum on stated capital, not live equity or intraday drawdown",0.2970679012345679,92019.13580246913,mean across entered windows; not equal-risk sizing or margin availability,27,252,0.0,0.0
YM,revert-12-0.5,delay_stress,84650db70559423ed6d3a99343cb21b9906380b1caa22c206bd1824738b9e5a1,4de765486091d987,2.5,1,0.0,0.0,5,b8602e632fb6940db0d5eba01c45a618c5ff287df0d70740384aee615a551e4a,common complete dates,2017,ok,49,-855.0,-2235.0,460.0,920.0,92,184,-0.02235,-45.61224489795919,-0.11494285714285715,0.0129934736365168,-8.846199281139285,-0.0224,"conditional complete-window sum on stated capital, not live equity or intraday drawdown",0.2695578231292517,110889.375,mean across entered windows; not equal-risk sizing or margin availability,49,252,0.0,0.0
YM,revert-12-0.5,delay_stress,84650db70559423ed6d3a99343cb21b9906380b1caa22c206bd1824738b9e5a1,4de765486091d987,2.5,1,0.0,0.0,5,b8602e632fb6940db0d5eba01c45a618c5ff287df0d70740384aee615a551e4a,common complete dates,2018,ok,212,2035.0,-4520.0,2185.0,4370.0,437,874,-0.0452,-21.32075471698113,-0.05372830188679245,0.033121408202278727,-1.6221623657624558,-0.05575,"conditional complete-window sum on stated capital, not live equity or intraday drawdown",0.2783018867924528,124983.10609756097,mean across entered windows; not equal-risk sizing or margin availability,212,252,0.0,0.0
YM,revert-12-0.5,delay_stress,84650db70559423ed6d3a99343cb21b9906380b1caa22c206bd1824738b9e5a1,4de765486091d987,2.5,1,0.0,0.0,5,b8602e632fb6940db0d5eba01c45a618c5ff287df0d70740384aee615a551e4a,common complete dates,2019,ok,220,210.0,-6315.0,2175.0,4350.0,435,870,-0.06315,-28.704545454545453,-0.07233545454545455,0.024883528325836648,-2.906961327921829,-0.07126080655639398,"conditional complete-window sum on stated capital, not live equity or intraday drawdown",0.27424242424242423,131031.10211267606,mean across entered windows; not equal-risk sizing or margin availability,220,252,0.0,0.0
YM,revert-12-0.5,delay_stress,84650db70559423ed6d3a99343cb21b9906380b1caa22c206bd1824738b9e5a1,4de765486091d987,2.5,1,0.0,0.0,5,b8602e632fb6940db0d5eba01c45a618c5ff287df0d70740384aee615a551e4a,common complete dates,2020,ok,233,-1615.0,-9010.0,2465.0,4930.0,493,986,-0.0901,-38.66952789699571,-0.09744721030042919,0.06732542515429517,-1.4474057917510579,-0.12635,"conditional complete-window sum on stated capital, not live equity or intraday drawdown",0.26895565092989987,134532.1754385965,mean across entered windows; not equal-risk sizing or margin availability,233,252,0.0,0.0
YM,revert-12-0.5,delay_stress,84650db70559423ed6d3a99343cb21b9906380b1caa22c206bd1824738b9e5a1,4de765486091d987,2.5,1,0.0,0.0,5,b8602e632fb6940db0d5eba01c45a618c5ff287df0d70740384aee615a551e4a,common complete dates,2021,ok,229,5505.0,-1680.0,2395.0,4790.0,479,958,-0.0168,-7.336244541484716,-0.018487336244541488,0.034198574708110156,-0.5405879163776154,-0.035303451011503374,"conditional complete-window sum on stated capital, not live equity or intraday drawdown",0.26755822416302766,169494.64088191334,mean across entered windows; not equal-risk sizing or margin availability,229,252,0.0,0.0
YM,revert-12-0.5,delay_stress,84650db70559423ed6d3a99343cb21b9906380b1caa22c206bd1824738b9e5a1,4de765486091d987,2.5,1,0.0,0.0,5,b8602e632fb6940db0d5eba01c45a618c5ff287df0d70740384aee615a551e4a,common complete dates,2022,ok,239,5450.0,-2035.0,2495.0,4990.0,499,998,-0.02035,-8.514644351464435,-0.021456903765690375,0.04894366260588656,-0.43840004248292014,-0.04304602843224973,"conditional complete-window sum on stated capital, not live equity or intraday drawdown",0.28783124128312415,164597.24117231637,mean across entered windows; not equal-risk sizing or margin availability,239,252,0.0,0.0
YM,revert-12-0.5,delay_stress,84650db70559423ed6d3a99343cb21b9906380b1caa22c206bd1824738b9e5a1,4de765486091d987,2.5,1,0.0,0.0,5,b8602e632fb6940db0d5eba01c45a618c5ff287df0d70740384aee615a551e4a,common complete dates,2023,ok,228,-1460.0,-8945.0,2495.0,4990.0,499,998,-0.08945,-39.23245614035088,-0.0988657894736842,0.032161798085403294,-3.0740131261054926,-0.09809889726061574,"conditional complete-window sum on stated capital, not live equity or intraday drawdown",0.2828033625730994,170735.0308219178,mean across entered windows; not equal-risk sizing or margin availability,228,252,0.0,0.0
YM,revert-12-0.5,delay_stress,84650db70559423ed6d3a99343cb21b9906380b1caa22c206bd1824738b9e5a1,4de765486091d987,2.5,1,0.0,0.0,5,b8602e632fb6940db0d5eba01c45a618c5ff287df0d70740384aee615a551e4a,common complete dates,2024,ok,213,180.0,-7080.0,2420.0,4840.0,484,968,-0.0708,-33.23943661971831,-0.08376338028169014,0.0347245164246357,-2.412225969035044,-0.07095,"conditional complete-window sum on stated capital, not live equity or intraday drawdown",0.29460093896713613,201613.05837359096,mean across entered windows; not equal-risk sizing or margin availability,213,252,0.0,0.0
YM,revert-12-0.5,delay_stress,84650db70559423ed6d3a99343cb21b9906380b1caa22c206bd1824738b9e5a1,4de765486091d987,2.5,1,0.0,0.0,5,b8602e632fb6940db0d5eba01c45a618c5ff287df0d70740384aee615a551e4a,common complete dates,2025,ok,142,-4280.0,-8660.0,1460.0,2920.0,292,584,-0.0866,-60.985915492957744,-0.1536845070422535,0.07988977254109356,-1.9237069045753208,-0.1061310368449381,"conditional complete-window sum on stated capital, not live equity or intraday drawdown",0.2767018779342723,219219.03237410073,mean across entered windows; not equal-risk sizing or margin availability,142,252,0.0,0.0
YM,revert-12-0.5,delay_stress,84650db70559423ed6d3a99343cb21b9906380b1caa22c206bd1824738b9e5a1,4de765486091d987,2.5,1,0.0,0.0,5,b8602e632fb6940db0d5eba01c45a618c5ff287df0d70740384aee615a551e4a,common complete dates,2026,ok,109,3700.0,475.0,1075.0,2150.0,215,430,0.00475,4.3577981651376145,0.01098165137614679,0.057540184602038746,0.19085186208731228,-0.04157112949855448,"conditional complete-window sum on stated capital, not live equity or intraday drawdown",0.2727446483180428,248117.93095238096,mean across entered windows; not equal-risk sizing or margin availability,109,252,0.0,0.0
YM,revert-12-0.5,combined_stress,84650db70559423ed6d3a99343cb21b9906380b1caa22c206bd1824738b9e5a1,cc109de0f5124973,5.0,2,0.0,0.0,5,b8602e632fb6940db0d5eba01c45a618c5ff287df0d70740384aee615a551e4a,common complete dates,whole,ok,1901,8980.0,-110510.0,39830.0,79660.0,3983,7966,-1.1051,-58.13256180957391,-0.14649405576012622,0.04601921863388613,-3.1833234050665893,-1.12865,"conditional complete-window sum on stated capital, not live equity or intraday drawdown",0.278559530071892,164545.93199855697,mean across entered windows; not equal-risk sizing or margin availability,1901,252,0.0,0.0
YM,revert-12-0.5,combined_stress,84650db70559423ed6d3a99343cb21b9906380b1caa22c206bd1824738b9e5a1,cc109de0f5124973,5.0,2,0.0,0.0,5,b8602e632fb6940db0d5eba01c45a618c5ff287df0d70740384aee615a551e4a,common complete dates,development,ok,970,5390.0,-54430.0,19940.0,39880.0,1994,3988,-0.5443,-56.11340206185567,-0.1414057731958763,0.04183613467753624,-3.3799913468536475,-0.5481,"conditional complete-window sum on stated capital, not live equity or intraday drawdown",0.272680412371134,137566.0619249823,mean across entered windows; not equal-risk sizing or margin availability,970,252,0.0,0.0
YM,revert-12-0.5,combined_stress,84650db70559423ed6d3a99343cb21b9906380b1caa22c206bd1824738b9e5a1,cc109de0f5124973,5.0,2,0.0,0.0,5,b8602e632fb6940db0d5eba01c45a618c5ff287df0d70740384aee615a551e4a,common complete dates,validation,ok,467,3990.0,-25950.0,9980.0,19960.0,998,1996,-0.2595,-55.56745182012848,-0.14002997858672378,0.04163206301305076,-3.363512842081052,-0.2617871576111361,"conditional complete-window sum on stated capital, not live equity or intraday drawdown",0.28537651677373305,167551.473992674,mean across entered windows; not equal-risk sizing or margin availability,467,252,0.0,0.0
YM,revert-12-0.5,combined_stress,84650db70559423ed6d3a99343cb21b9906380b1caa22c206bd1824738b9e5a1,cc109de0f5124973,5.0,2,0.0,0.0,5,b8602e632fb6940db0d5eba01c45a618c5ff287df0d70740384aee615a551e4a,common complete dates,historical_final,ok,464,-400.0,-30130.0,9910.0,19820.0,991,1982,-0.3013,-64.9353448275862,-0.16363706896551725,0.057284732946662045,-2.856556372845102,-0.32485,"conditional complete-window sum on stated capital, not live equity or intraday drawdown",0.28398886494252873,217866.36659275682,mean across entered windows; not equal-risk sizing or margin availability,464,252,0.0,0.0
YM,revert-12-0.5,combined_stress,84650db70559423ed6d3a99343cb21b9906380b1caa22c206bd1824738b9e5a1,cc109de0f5124973,5.0,2,0.0,0.0,5,b8602e632fb6940db0d5eba01c45a618c5ff287df0d70740384aee615a551e4a,common complete dates,2016,ok,27,110.0,-1630.0,580.0,1160.0,58,116,-0.0163,-60.370370370370374,-0.15213333333333334,0.016309561455532612,-9.32786168089921,-0.0163,"conditional complete-window sum on stated capital, not live equity or intraday drawdown",0.2970679012345679,92019.13580246913,mean across entered windows; not equal-risk sizing or margin availability,27,252,0.0,0.0
YM,revert-12-0.5,combined_stress,84650db70559423ed6d3a99343cb21b9906380b1caa22c206bd1824738b9e5a1,cc109de0f5124973,5.0,2,0.0,0.0,5,b8602e632fb6940db0d5eba01c45a618c5ff287df0d70740384aee615a551e4a,common complete dates,2017,ok,49,-855.0,-3615.0,920.0,1840.0,92,184,-0.03615,-73.77551020408163,-0.18591428571428573,0.013371711878866842,-13.903551572040051,-0.03615,"conditional complete-window sum on stated capital, not live equity or intraday drawdown",0.2695578231292517,110889.375,mean across entered windows; not equal-risk sizing or margin availability,49,252,0.0,0.0
YM,revert-12-0.5,combined_stress,84650db70559423ed6d3a99343cb21b9906380b1caa22c206bd1824738b9e5a1,cc109de0f5124973,5.0,2,0.0,0.0,5,b8602e632fb6940db0d5eba01c45a618c5ff287df0d70740384aee615a551e4a,common complete dates,2018,ok,212,2035.0,-11075.0,4370.0,8740.0,437,874,-0.11075,-52.240566037735846,-0.13164622641509433,0.03288552098057201,-4.003166819004261,-0.1198,"conditional complete-window sum on stated capital, not live equity or intraday drawdown",0.2783018867924528,124983.10609756097,mean across entered windows; not equal-risk sizing or margin availability,212,252,0.0,0.0
YM,revert-12-0.5,combined_stress,84650db70559423ed6d3a99343cb21b9906380b1caa22c206bd1824738b9e5a1,cc109de0f5124973,5.0,2,0.0,0.0,5,b8602e632fb6940db0d5eba01c45a618c5ff287df0d70740384aee615a551e4a,common complete dates,2019,ok,220,210.0,-12840.0,4350.0,8700.0,435,870,-0.1284,-58.36363636363637,-0.14707636363636364,0.024714410314843865,-5.951036733740204,-0.1292,"conditional complete-window sum on stated capital, not live equity or intraday drawdown",0.27424242424242423,131031.10211267606,mean across entered windows; not equal-risk sizing or margin availability,220,252,0.0,0.0
YM,revert-12-0.5,combined_stress,84650db70559423ed6d3a99343cb21b9906380b1caa22c206bd1824738b9e5a1,cc109de0f5124973,5.0,2,0.0,0.0,5,b8602e632fb6940db0d5eba01c45a618c5ff287df0d70740384aee615a551e4a,common complete dates,2020,ok,233,-1615.0,-16405.0,4930.0,9860.0,493,986,-0.16405,-70.4077253218884,-0.17742746781115878,0.06713008453438007,-2.643039540942197,-0.16425,"conditional complete-window sum on stated capital, not live equity or intraday drawdown",0.26895565092989987,134532.1754385965,mean across entered windows; not equal-risk sizing or margin availability,233,252,0.0,0.0
YM,revert-12-0.5,combined_stress,84650db70559423ed6d3a99343cb21b9906380b1caa22c206bd1824738b9e5a1,cc109de0f5124973,5.0,2,0.0,0.0,5,b8602e632fb6940db0d5eba01c45a618c5ff287df0d70740384aee615a551e4a,common complete dates,2021,ok,229,5505.0,-8865.0,4790.0,9580.0,479,958,-0.08865,-38.7117903930131,-0.09755371179039302,0.03438707258178074,-2.8369298246713734,-0.09786282306163022,"conditional complete-window sum on stated capital, not live equity or intraday drawdown",0.26755822416302766,169494.64088191334,mean across entered windows; not equal-risk sizing or margin availability,229,252,0.0,0.0
YM,revert-12-0.5,combined_stress,84650db70559423ed6d3a99343cb21b9906380b1caa22c206bd1824738b9e5a1,cc109de0f5124973,5.0,2,0.0,0.0,5,b8602e632fb6940db0d5eba01c45a618c5ff287df0d70740384aee615a551e4a,common complete dates,2022,ok,239,5450.0,-9520.0,4990.0,9980.0,499,998,-0.0952,-39.8326359832636,-0.10037824267782428,0.04893797872565232,-2.051131764974347,-0.101930848675348,"conditional complete-window sum on stated capital, not live equity or intraday drawdown",0.28783124128312415,164597.24117231637,mean across entered windows; not equal-risk sizing or margin availability,239,252,0.0,0.0
YM,revert-12-0.5,combined_stress,84650db70559423ed6d3a99343cb21b9906380b1caa22c206bd1824738b9e5a1,cc109de0f5124973,5.0,2,0.0,0.0,5,b8602e632fb6940db0d5eba01c45a618c5ff287df0d70740384aee615a551e4a,common complete dates,2023,ok,228,-1460.0,-16430.0,4990.0,9980.0,499,998,-0.1643,-72.06140350877193,-0.18159473684210528,0.032150388953384845,-5.648290510743158,-0.165,"conditional complete-window sum on stated capital, not live equity or intraday drawdown",0.2828033625730994,170735.0308219178,mean across entered windows; not equal-risk sizing or margin availability,228,252,0.0,0.0
YM,revert-12-0.5,combined_stress,84650db70559423ed6d3a99343cb21b9906380b1caa22c206bd1824738b9e5a1,cc109de0f5124973,5.0,2,0.0,0.0,5,b8602e632fb6940db0d5eba01c45a618c5ff287df0d70740384aee615a551e4a,common complete dates,2024,ok,213,180.0,-14340.0,4840.0,9680.0,484,968,-0.1434,-67.32394366197182,-0.16965633802816898,0.03480958046439746,-4.87384035557941,-0.1434,"conditional complete-window sum on stated capital, not live equity or intraday drawdown",0.29460093896713613,201613.05837359096,mean across entered windows; not equal-risk sizing or margin availability,213,252,0.0,0.0
YM,revert-12-0.5,combined_stress,84650db70559423ed6d3a99343cb21b9906380b1caa22c206bd1824738b9e5a1,cc109de0f5124973,5.0,2,0.0,0.0,5,b8602e632fb6940db0d5eba01c45a618c5ff287df0d70740384aee615a551e4a,common complete dates,2025,ok,142,-4280.0,-13040.0,2920.0,5840.0,292,584,-0.1304,-91.83098591549296,-0.23141408450704226,0.07993367744531135,-2.8950761669306417,-0.13777204898121065,"conditional complete-window sum on stated capital, not live equity or intraday drawdown",0.2767018779342723,219219.03237410073,mean across entered windows; not equal-risk sizing or margin availability,142,252,0.0,0.0
YM,revert-12-0.5,combined_stress,84650db70559423ed6d3a99343cb21b9906380b1caa22c206bd1824738b9e5a1,cc109de0f5124973,5.0,2,0.0,0.0,5,b8602e632fb6940db0d5eba01c45a618c5ff287df0d70740384aee615a551e4a,common complete dates,2026,ok,109,3700.0,-2750.0,2150.0,4300.0,215,430,-0.0275,-25.229357798165136,-0.06357798165137614,0.05730178439990193,-1.1095288273690298,-0.05313310716423868,"conditional complete-window sum on stated capital, not live equity or intraday drawdown",0.2727446483180428,248117.93095238096,mean across entered windows; not equal-risk sizing or margin availability,109,252,0.0,0.0
YM,revert-12-1,base,84650db70559423ed6d3a99343cb21b9906380b1caa22c206bd1824738b9e5a1,368e8dbfce16c25a,2.5,1,0.0,0.0,1,b8602e632fb6940db0d5eba01c45a618c5ff287df0d70740384aee615a551e4a,common complete dates,whole,ok,1901,-1690.0,-49660.0,15990.0,31980.0,3198,6396,-0.4966,-26.123093108890057,-0.06583019463440294,0.044724640478944255,-1.4718999175721692,-0.56155,"conditional complete-window sum on stated capital, not live equity or intraday drawdown",0.24461906014378398,164691.95332588037,mean across entered windows; not equal-risk sizing or margin availability,1901,252,0.0,0.0
YM,revert-12-1,base,84650db70559423ed6d3a99343cb21b9906380b1caa22c206bd1824738b9e5a1,368e8dbfce16c25a,2.5,1,0.0,0.0,1,b8602e632fb6940db0d5eba01c45a618c5ff287df0d70740384aee615a551e4a,common complete dates,development,ok,970,-1190.0,-25010.0,7940.0,15880.0,1588,3176,-0.2501,-25.783505154639176,-0.06497443298969073,0.03827155286675868,-1.6977213654198293,-0.2795,"conditional complete-window sum on stated capital, not live equity or intraday drawdown",0.2395618556701031,137555.56137943652,mean across entered windows; not equal-risk sizing or margin availability,970,252,0.0,0.0
YM,revert-12-1,base,84650db70559423ed6d3a99343cb21b9906380b1caa22c206bd1824738b9e5a1,368e8dbfce16c25a,2.5,1,0.0,0.0,1,b8602e632fb6940db0d5eba01c45a618c5ff287df0d70740384aee615a551e4a,common complete dates,validation,ok,467,-970.0,-12940.0,3990.0,7980.0,798,1596,-0.1294,-27.70877944325482,-0.06982612419700214,0.039375086879907095,-1.7733579715003516,-0.1519419131621266,"conditional complete-window sum on stated capital, not live equity or intraday drawdown",0.2485724482512491,167609.192791762,mean across entered windows; not equal-risk sizing or margin availability,467,252,0.0,0.0
YM,revert-12-1,base,84650db70559423ed6d3a99343cb21b9906380b1caa22c206bd1824738b9e5a1,368e8dbfce16c25a,2.5,1,0.0,0.0,1,b8602e632fb6940db0d5eba01c45a618c5ff287df0d70740384aee615a551e4a,common complete dates,historical_final,ok,464,470.0,-11710.0,4060.0,8120.0,812,1624,-0.1171,-25.237068965517242,-0.06359741379310345,0.05985448666707362,-1.0625337770725356,-0.18205,"conditional complete-window sum on stated capital, not live equity or intraday drawdown",0.2512122844827586,217858.4372637944,mean across entered windows; not equal-risk sizing or margin availability,464,252,0.0,0.0
YM,revert-12-1,base,84650db70559423ed6d3a99343cb21b9906380b1caa22c206bd1824738b9e5a1,368e8dbfce16c25a,2.5,1,0.0,0.0,1,b8602e632fb6940db0d5eba01c45a618c5ff287df0d70740384aee615a551e4a,common complete dates,2016,ok,27,-260.0,-965.0,235.0,470.0,47,94,-0.00965,-35.74074074074074,-0.09006666666666667,0.014211732242528823,-6.337486882643399,-0.0102,"conditional complete-window sum on stated capital, not live equity or intraday drawdown",0.26157407407407407,92011.66666666667,mean across entered windows; not equal-risk sizing or margin availability,27,252,0.0,0.0
YM,revert-12-1,base,84650db70559423ed6d3a99343cb21b9906380b1caa22c206bd1824738b9e5a1,368e8dbfce16c25a,2.5,1,0.0,0.0,1,b8602e632fb6940db0d5eba01c45a618c5ff287df0d70740384aee615a551e4a,common complete dates,2017,ok,49,-640.0,-1795.0,385.0,770.0,77,154,-0.01795,-36.63265306122449,-0.09231428571428571,0.011456883458053879,-8.05753903775562,-0.0183,"conditional complete-window sum on stated capital, not live equity or intraday drawdown",0.24489795918367346,111015.87037037038,mean across entered windows; not equal-risk sizing or margin availability,49,252,0.0,0.0
YM,revert-12-1,base,84650db70559423ed6d3a99343cb21b9906380b1caa22c206bd1824738b9e5a1,368e8dbfce16c25a,2.5,1,0.0,0.0,1,b8602e632fb6940db0d5eba01c45a618c5ff287df0d70740384aee615a551e4a,common complete dates,2018,ok,212,1060.0,-4160.0,1740.0,3480.0,348,696,-0.0416,-19.62264150943396,-0.049449056603773585,0.031821852997220276,-1.553933914787838,-0.0571,"conditional complete-window sum on stated capital, not live equity or intraday drawdown",0.2457743710691824,124937.7538071066,mean across entered windows; not equal-risk sizing or margin availability,212,252,0.0,0.0
YM,revert-12-1,base,84650db70559423ed6d3a99343cb21b9906380b1caa22c206bd1824738b9e5a1,368e8dbfce16c25a,2.5,1,0.0,0.0,1,b8602e632fb6940db0d5eba01c45a618c5ff287df0d70740384aee615a551e4a,common complete dates,2019,ok,220,-1710.0,-6825.0,1705.0,3410.0,341,682,-0.06825,-31.022727272727273,-0.07817727272727273,0.024788407875582223,-3.1537835394535816,-0.07301017354877319,"conditional complete-window sum on stated capital, not live equity or intraday drawdown",0.23986742424242424,130985.28582930757,mean across entered windows; not equal-risk sizing or margin availability,220,252,0.0,0.0
YM,revert-12-1,base,84650db70559423ed6d3a99343cb21b9906380b1caa22c206bd1824738b9e5a1,368e8dbfce16c25a,2.5,1,0.0,0.0,1,b8602e632fb6940db0d5eba01c45a618c5ff287df0d70740384aee615a551e4a,common complete dates,2020,ok,233,-6965.0,-12740.0,1925.0,3850.0,385,770,-0.1274,-54.67811158798283,-0.13778884120171672,0.05888800451700893,-2.339845649922107,-0.1325,"conditional complete-window sum on stated capital, not live equity or intraday drawdown",0.2364985693848355,134835.8314307458,mean across entered windows; not equal-risk sizing or margin availability,233,252,0.0,0.0
YM,revert-12-1,base,84650db70559423ed6d3a99343cb21b9906380b1caa22c206bd1824738b9e5a1,368e8dbfce16c25a,2.5,1,0.0,0.0,1,b8602e632fb6940db0d5eba01c45a618c5ff287df0d70740384aee615a551e4a,common complete dates,2021,ok,229,7325.0,1475.0,1950.0,3900.0,390,780,0.01475,6.441048034934497,0.016231441048034933,0.03268198953045916,0.49664788714614383,-0.027103080568720378,"conditional complete-window sum on stated capital, not live equity or intraday drawdown",0.2328966521106259,169339.57638888888,mean across entered windows; not equal-risk sizing or margin availability,229,252,0.0,0.0
YM,revert-12-1,base,84650db70559423ed6d3a99343cb21b9906380b1caa22c206bd1824738b9e5a1,368e8dbfce16c25a,2.5,1,0.0,0.0,1,b8602e632fb6940db0d5eba01c45a618c5ff287df0d70740384aee615a551e4a,common complete dates,2022,ok,239,385.0,-5495.0,1960.0,3920.0,392,784,-0.05495,-22.99163179916318,-0.05793891213389121,0.04555636765065921,-1.27180710670757,-0.08493738121923883,"conditional complete-window sum on stated capital, not live equity or intraday drawdown",0.24912831241283123,164677.0422125182,mean across entered windows; not equal-risk sizing or margin availability,239,252,0.0,0.0
YM,revert-12-1,base,84650db70559423ed6d3a99343cb21b9906380b1caa22c206bd1824738b9e5a1,368e8dbfce16c25a,2.5,1,0.0,0.0,1,b8602e632fb6940db0d5eba01c45a618c5ff287df0d70740384aee615a551e4a,common complete dates,2023,ok,228,-1355.0,-7445.0,2030.0,4060.0,406,812,-0.07445,-32.65350877192982,-0.08228684210526314,0.03171108941827244,-2.5948916803169855,-0.0749,"conditional complete-window sum on stated capital, not live equity or intraday drawdown",0.24798976608187134,170837.37780448716,mean across entered windows; not equal-risk sizing or margin availability,228,252,0.0,0.0
YM,revert-12-1,base,84650db70559423ed6d3a99343cb21b9906380b1caa22c206bd1824738b9e5a1,368e8dbfce16c25a,2.5,1,0.0,0.0,1,b8602e632fb6940db0d5eba01c45a618c5ff287df0d70740384aee615a551e4a,common complete dates,2024,ok,213,935.0,-4840.0,1925.0,3850.0,385,770,-0.0484,-22.72300469483568,-0.057261971830985914,0.032990258751164334,-1.7357236347521814,-0.0494,"conditional complete-window sum on stated capital, not live equity or intraday drawdown",0.25772691705790296,201558.3085808581,mean across entered windows; not equal-risk sizing or margin availability,213,252,0.0,0.0
YM,revert-12-1,base,84650db70559423ed6d3a99343cb21b9906380b1caa22c206bd1824738b9e5a1,368e8dbfce16c25a,2.5,1,0.0,0.0,1,b8602e632fb6940db0d5eba01c45a618c5ff287df0d70740384aee615a551e4a,common complete dates,2025,ok,142,-6405.0,-10125.0,1240.0,2480.0,248,496,-0.10125,-71.30281690140845,-0.1796830985915493,0.08271558877268172,-2.1723003034573436,-0.1198662141557228,"conditional complete-window sum on stated capital, not live equity or intraday drawdown",0.24809272300469484,219137.60110294117,mean across entered windows; not equal-risk sizing or margin availability,142,252,0.0,0.0
YM,revert-12-1,base,84650db70559423ed6d3a99343cb21b9906380b1caa22c206bd1824738b9e5a1,368e8dbfce16c25a,2.5,1,0.0,0.0,1,b8602e632fb6940db0d5eba01c45a618c5ff287df0d70740384aee615a551e4a,common complete dates,2026,ok,109,5940.0,3255.0,895.0,1790.0,179,358,0.03255,29.862385321100916,0.0752532110091743,0.06435745503318652,1.1693006034867182,-0.033318347569808685,"conditional complete-window sum on stated capital, not live equity or intraday drawdown",0.24254587155963303,248136.68689320385,mean across entered windows; not equal-risk sizing or margin availability,109,252,0.0,0.0
YM,revert-12-1,gross_reference,84650db70559423ed6d3a99343cb21b9906380b1caa22c206bd1824738b9e5a1,a39f39fc24ceecf0,0.0,0,0.0,0.0,1,b8602e632fb6940db0d5eba01c45a618c5ff287df0d70740384aee615a551e4a,common complete dates,whole,ok,1901,-1690.0,-1690.0,0.0,0.0,3198,6396,-0.0169,-0.8890057864281957,-0.0022402945817990533,0.04498536041999235,-0.04980052534609513,-0.12683850298529198,"conditional complete-window sum on stated capital, not live equity or intraday drawdown",0.24461906014378398,164691.95332588037,mean across entered windows; not equal-risk sizing or margin availability,1901,252,0.0,0.0
YM,revert-12-1,gross_reference,84650db70559423ed6d3a99343cb21b9906380b1caa22c206bd1824738b9e5a1,a39f39fc24ceecf0,0.0,0,0.0,0.0,1,b8602e632fb6940db0d5eba01c45a618c5ff287df0d70740384aee615a551e4a,common complete dates,development,ok,970,-1190.0,-1190.0,0.0,0.0,1588,3176,-0.0119,-1.2268041237113403,-0.0030915463917525776,0.03855448947953792,-0.08018641754790602,-0.1211246578750933,"conditional complete-window sum on stated capital, not live equity or intraday drawdown",0.2395618556701031,137555.56137943652,mean across entered windows; not equal-risk sizing or margin availability,970,252,0.0,0.0
YM,revert-12-1,gross_reference,84650db70559423ed6d3a99343cb21b9906380b1caa22c206bd1824738b9e5a1,a39f39fc24ceecf0,0.0,0,0.0,0.0,1,b8602e632fb6940db0d5eba01c45a618c5ff287df0d70740384aee615a551e4a,common complete dates,validation,ok,467,-970.0,-970.0,0.0,0.0,798,1596,-0.0097,-2.0770877944325483,-0.005234261241970022,0.03974824442545203,-0.13168534403543022,-0.058064206535822255,"conditional complete-window sum on stated capital, not live equity or intraday drawdown",0.2485724482512491,167609.192791762,mean across entered windows; not equal-risk sizing or margin availability,467,252,0.0,0.0
YM,revert-12-1,gross_reference,84650db70559423ed6d3a99343cb21b9906380b1caa22c206bd1824738b9e5a1,a39f39fc24ceecf0,0.0,0,0.0,0.0,1,b8602e632fb6940db0d5eba01c45a618c5ff287df0d70740384aee615a551e4a,common complete dates,historical_final,ok,464,470.0,470.0,0.0,0.0,812,1624,0.0047,1.0129310344827587,0.0025525862068965515,0.0600273966041955,0.04252368670471616,-0.11216079433171061,"conditional complete-window sum on stated capital, not live equity or intraday drawdown",0.2512122844827586,217858.4372637944,mean across entered windows; not equal-risk sizing or margin availability,464,252,0.0,0.0
YM,revert-12-1,gross_reference,84650db70559423ed6d3a99343cb21b9906380b1caa22c206bd1824738b9e5a1,a39f39fc24ceecf0,0.0,0,0.0,0.0,1,b8602e632fb6940db0d5eba01c45a618c5ff287df0d70740384aee615a551e4a,common complete dates,2016,ok,27,-260.0,-260.0,0.0,0.0,47,94,-0.0026,-9.62962962962963,-0.024266666666666666,0.013747596526535476,-1.7651570308909916,-0.005543347982421095,"conditional complete-window sum on stated capital, not live equity or intraday drawdown",0.26157407407407407,92011.66666666667,mean across entered windows; not equal-risk sizing or margin availability,27,252,0.0,0.0
YM,revert-12-1,gross_reference,84650db70559423ed6d3a99343cb21b9906380b1caa22c206bd1824738b9e5a1,a39f39fc24ceecf0,0.0,0,0.0,0.0,1,b8602e632fb6940db0d5eba01c45a618c5ff287df0d70740384aee615a551e4a,common complete dates,2017,ok,49,-640.0,-640.0,0.0,0.0,77,154,-0.0064,-13.061224489795919,-0.03291428571428571,0.011312114239673704,-2.90964933848079,-0.0072,"conditional complete-window sum on stated capital, not live equity or intraday drawdown",0.24489795918367346,111015.87037037038,mean across entered windows; not equal-risk sizing or margin availability,49,252,0.0,0.0
YM,revert-12-1,gross_reference,84650db70559423ed6d3a99343cb21b9906380b1caa22c206bd1824738b9e5a1,a39f39fc24ceecf0,0.0,0,0.0,0.0,1,b8602e632fb6940db0d5eba01c45a618c5ff287df0d70740384aee615a551e4a,common complete dates,2018,ok,212,1060.0,1060.0,0.0,0.0,348,696,0.0106,5.0,0.0126,0.03210234522150024,0.3924946888790315,-0.03395,"conditional complete-window sum on stated capital, not live equity or intraday drawdown",0.2457743710691824,124937.7538071066,mean across entered windows; not equal-risk sizing or margin availability,212,252,0.0,0.0
YM,revert-12-1,gross_reference,84650db70559423ed6d3a99343cb21b9906380b1caa22c206bd1824738b9e5a1,a39f39fc24ceecf0,0.0,0,0.0,0.0,1,b8602e632fb6940db0d5eba01c45a618c5ff287df0d70740384aee615a551e4a,common complete dates,2019,ok,220,-1710.0,-1710.0,0.0,0.0,341,682,-0.0171,-7.7727272727272725,-0.019587272727272727,0.025176149984060817,-0.7780090577659236,-0.024622439316154116,"conditional complete-window sum on stated capital, not live equity or intraday drawdown",0.23986742424242424,130985.28582930757,mean across entered windows; not equal-risk sizing or margin availability,220,252,0.0,0.0
YM,revert-12-1,gross_reference,84650db70559423ed6d3a99343cb21b9906380b1caa22c206bd1824738b9e5a1,a39f39fc24ceecf0,0.0,0,0.0,0.0,1,b8602e632fb6940db0d5eba01c45a618c5ff287df0d70740384aee615a551e4a,common complete dates,2020,ok,233,-6965.0,-6965.0,0.0,0.0,385,770,-0.06965,-29.892703862660944,-0.07532961373390558,0.05928569935735482,-1.27062031063922,-0.10489614982318075,"conditional complete-window sum on stated capital, not live equity or intraday drawdown",0.2364985693848355,134835.8314307458,mean across entered windows; not equal-risk sizing or margin availability,233,252,0.0,0.0
YM,revert-12-1,gross_reference,84650db70559423ed6d3a99343cb21b9906380b1caa22c206bd1824738b9e5a1,a39f39fc24ceecf0,0.0,0,0.0,0.0,1,b8602e632fb6940db0d5eba01c45a618c5ff287df0d70740384aee615a551e4a,common complete dates,2021,ok,229,7325.0,7325.0,0.0,0.0,390,780,0.07325,31.986899563318776,0.08060698689956332,0.032831627095857345,2.45516272051391,-0.013924344395451382,"conditional complete-window sum on stated capital, not live equity or intraday drawdown",0.2328966521106259,169339.57638888888,mean across entered windows; not equal-risk sizing or margin availability,229,252,0.0,0.0
YM,revert-12-1,gross_reference,84650db70559423ed6d3a99343cb21b9906380b1caa22c206bd1824738b9e5a1,a39f39fc24ceecf0,0.0,0,0.0,0.0,1,b8602e632fb6940db0d5eba01c45a618c5ff287df0d70740384aee615a551e4a,common complete dates,2022,ok,239,385.0,385.0,0.0,0.0,392,784,0.00385,1.610878661087866,0.004059414225941423,0.045819889504249554,0.08859502434122922,-0.045923508805604876,"conditional complete-window sum on stated capital, not live equity or intraday drawdown",0.24912831241283123,164677.0422125182,mean across entered windows; not equal-risk sizing or margin availability,239,252,0.0,0.0
YM,revert-12-1,gross_reference,84650db70559423ed6d3a99343cb21b9906380b1caa22c206bd1824738b9e5a1,a39f39fc24ceecf0,0.0,0,0.0,0.0,1,b8602e632fb6940db0d5eba01c45a618c5ff287df0d70740384aee615a551e4a,common complete dates,2023,ok,228,-1355.0,-1355.0,0.0,0.0,406,812,-0.01355,-5.942982456140351,-0.014976315789473683,0.032271172124870316,-0.46407721825300347,-0.025502356735301414,"conditional complete-window sum on stated capital, not live equity or intraday drawdown",0.24798976608187134,170837.37780448716,mean across entered windows; not equal-risk sizing or margin availability,228,252,0.0,0.0
YM,revert-12-1,gross_reference,84650db70559423ed6d3a99343cb21b9906380b1caa22c206bd1824738b9e5a1,a39f39fc24ceecf0,0.0,0,0.0,0.0,1,b8602e632fb6940db0d5eba01c45a618c5ff287df0d70740384aee615a551e4a,common complete dates,2024,ok,213,935.0,935.0,0.0,0.0,385,770,0.00935,4.389671361502347,0.011061971830985916,0.033329371188030685,0.3318986058446406,-0.0317,"conditional complete-window sum on stated capital, not live equity or intraday drawdown",0.25772691705790296,201558.3085808581,mean across entered windows; not equal-risk sizing or margin availability,213,252,0.0,0.0
YM,revert-12-1,gross_reference,84650db70559423ed6d3a99343cb21b9906380b1caa22c206bd1824738b9e5a1,a39f39fc24ceecf0,0.0,0,0.0,0.0,1,b8602e632fb6940db0d5eba01c45a618c5ff287df0d70740384aee615a551e4a,common complete dates,2025,ok,142,-6405.0,-6405.0,0.0,0.0,248,496,-0.06405,-45.105633802816904,-0.11366619718309859,0.0826862406792241,-1.3746688233663837,-0.0943579766536965,"conditional complete-window sum on stated capital, not live equity or intraday drawdown",0.24809272300469484,219137.60110294117,mean across entered windows; not equal-risk sizing or margin availability,142,252,0.0,0.0
YM,revert-12-1,gross_reference,84650db70559423ed6d3a99343cb21b9906380b1caa22c206bd1824738b9e5a1,a39f39fc24ceecf0,0.0,0,0.0,0.0,1,b8602e632fb6940db0d5eba01c45a618c5ff287df0d70740384aee615a551e4a,common complete dates,2026,ok,109,5940.0,5940.0,0.0,0.0,179,358,0.0594,54.4954128440367,0.13732844036697248,0.06478417521122087,2.1197837268010273,-0.025372090700229746,"conditional complete-window sum on stated capital, not live equity or intraday drawdown",0.24254587155963303,248136.68689320385,mean across entered windows; not equal-risk sizing or margin availability,109,252,0.0,0.0
YM,revert-12-1,cost_stress,84650db70559423ed6d3a99343cb21b9906380b1caa22c206bd1824738b9e5a1,c123e0ac9fb4cacf,5.0,2,0.0,0.0,1,b8602e632fb6940db0d5eba01c45a618c5ff287df0d70740384aee615a551e4a,common complete dates,whole,ok,1901,-1690.0,-97630.0,31980.0,63960.0,3198,6396,-0.9763,-51.35718043135192,-0.12942009468700685,0.04456336246855396,-2.9041815410210985,-1.02765,"conditional complete-window sum on stated capital, not live equity or intraday drawdown",0.24461906014378398,164691.95332588037,mean across entered windows; not equal-risk sizing or margin availability,1901,252,0.0,0.0
YM,revert-12-1,cost_stress,84650db70559423ed6d3a99343cb21b9906380b1caa22c206bd1824738b9e5a1,c123e0ac9fb4cacf,5.0,2,0.0,0.0,1,b8602e632fb6940db0d5eba01c45a618c5ff287df0d70740384aee615a551e4a,common complete dates,development,ok,970,-1190.0,-48830.0,15880.0,31760.0,1588,3176,-0.4883,-50.34020618556701,-0.12685731958762886,0.0380966815123742,-3.3298784710795424,-0.4906,"conditional complete-window sum on stated capital, not live equity or intraday drawdown",0.2395618556701031,137555.56137943652,mean across entered windows; not equal-risk sizing or margin availability,970,252,0.0,0.0
YM,revert-12-1,cost_stress,84650db70559423ed6d3a99343cb21b9906380b1caa22c206bd1824738b9e5a1,c123e0ac9fb4cacf,5.0,2,0.0,0.0,1,b8602e632fb6940db0d5eba01c45a618c5ff287df0d70740384aee615a551e4a,common complete dates,validation,ok,467,-970.0,-24910.0,7980.0,15960.0,798,1596,-0.2491,-53.34047109207709,-0.13441798715203426,0.0391193491140665,-3.436099786836698,-0.2568657528823791,"conditional complete-window sum on stated capital, not live equity or intraday drawdown",0.2485724482512491,167609.192791762,mean across entered windows; not equal-risk sizing or margin availability,467,252,0.0,0.0
YM,revert-12-1,cost_stress,84650db70559423ed6d3a99343cb21b9906380b1caa22c206bd1824738b9e5a1,c123e0ac9fb4cacf,5.0,2,0.0,0.0,1,b8602e632fb6940db0d5eba01c45a618c5ff287df0d70740384aee615a551e4a,common complete dates,historical_final,ok,464,470.0,-23890.0,8120.0,16240.0,812,1624,-0.2389,-51.48706896551724,-0.12974741379310342,0.05976248241330419,-2.1710512775523423,-0.29025,"conditional complete-window sum on stated capital, not live equity or intraday drawdown",0.2512122844827586,217858.4372637944,mean across entered windows; not equal-risk sizing or margin availability,464,252,0.0,0.0
YM,revert-12-1,cost_stress,84650db70559423ed6d3a99343cb21b9906380b1caa22c206bd1824738b9e5a1,c123e0ac9fb4cacf,5.0,2,0.0,0.0,1,b8602e632fb6940db0d5eba01c45a618c5ff287df0d70740384aee615a551e4a,common complete dates,2016,ok,27,-260.0,-1670.0,470.0,940.0,47,94,-0.0167,-61.851851851851855,-0.15586666666666668,0.014826621933155171,-10.512621645670947,-0.0167,"conditional complete-window sum on stated capital, not live equity or intraday drawdown",0.26157407407407407,92011.66666666667,mean across entered windows; not equal-risk sizing or margin availability,27,252,0.0,0.0
YM,revert-12-1,cost_stress,84650db70559423ed6d3a99343cb21b9906380b1caa22c206bd1824738b9e5a1,c123e0ac9fb4cacf,5.0,2,0.0,0.0,1,b8602e632fb6940db0d5eba01c45a618c5ff287df0d70740384aee615a551e4a,common complete dates,2017,ok,49,-640.0,-2950.0,770.0,1540.0,77,154,-0.0295,-60.204081632653065,-0.15171428571428572,0.011960828924929433,-12.68426182386693,-0.0295,"conditional complete-window sum on stated capital, not live equity or intraday drawdown",0.24489795918367346,111015.87037037038,mean across entered windows; not equal-risk sizing or margin availability,49,252,0.0,0.0
YM,revert-12-1,cost_stress,84650db70559423ed6d3a99343cb21b9906380b1caa22c206bd1824738b9e5a1,c123e0ac9fb4cacf,5.0,2,0.0,0.0,1,b8602e632fb6940db0d5eba01c45a618c5ff287df0d70740384aee615a551e4a,common complete dates,2018,ok,212,1060.0,-9380.0,3480.0,6960.0,348,696,-0.0938,-44.24528301886792,-0.11149811320754717,0.03166365873159272,-3.5213275304884095,-0.1007,"conditional complete-window sum on stated capital, not live equity or intraday drawdown",0.2457743710691824,124937.7538071066,mean across entered windows; not equal-risk sizing or margin availability,212,252,0.0,0.0
YM,revert-12-1,cost_stress,84650db70559423ed6d3a99343cb21b9906380b1caa22c206bd1824738b9e5a1,c123e0ac9fb4cacf,5.0,2,0.0,0.0,1,b8602e632fb6940db0d5eba01c45a618c5ff287df0d70740384aee615a551e4a,common complete dates,2019,ok,220,-1710.0,-11940.0,3410.0,6820.0,341,682,-0.1194,-54.27272727272727,-0.13676727272727274,0.024547332680325076,-5.571573682092679,-0.12196947021849745,"conditional complete-window sum on stated capital, not live equity or intraday drawdown",0.23986742424242424,130985.28582930757,mean across entered windows; not equal-risk sizing or margin availability,220,252,0.0,0.0
YM,revert-12-1,cost_stress,84650db70559423ed6d3a99343cb21b9906380b1caa22c206bd1824738b9e5a1,c123e0ac9fb4cacf,5.0,2,0.0,0.0,1,b8602e632fb6940db0d5eba01c45a618c5ff287df0d70740384aee615a551e4a,common complete dates,2020,ok,233,-6965.0,-18515.0,3850.0,7700.0,385,770,-0.18515,-79.46351931330472,-0.20024806866952788,0.058568965393513125,-3.4190132491516847,-0.18565,"conditional complete-window sum on stated capital, not live equity or intraday drawdown",0.2364985693848355,134835.8314307458,mean across entered windows; not equal-risk sizing or margin availability,233,252,0.0,0.0
YM,revert-12-1,cost_stress,84650db70559423ed6d3a99343cb21b9906380b1caa22c206bd1824738b9e5a1,c123e0ac9fb4cacf,5.0,2,0.0,0.0,1,b8602e632fb6940db0d5eba01c45a618c5ff287df0d70740384aee615a551e4a,common complete dates,2021,ok,229,7325.0,-4375.0,3900.0,7800.0,390,780,-0.04375,-19.104803493449783,-0.04814410480349345,0.03266882637518198,-1.4737016950222555,-0.05469949957885349,"conditional complete-window sum on stated capital, not live equity or intraday drawdown",0.2328966521106259,169339.57638888888,mean across entered windows; not equal-risk sizing or margin availability,229,252,0.0,0.0
YM,revert-12-1,cost_stress,84650db70559423ed6d3a99343cb21b9906380b1caa22c206bd1824738b9e5a1,c123e0ac9fb4cacf,5.0,2,0.0,0.0,1,b8602e632fb6940db0d5eba01c45a618c5ff287df0d70740384aee615a551e4a,common complete dates,2022,ok,239,385.0,-11375.0,3920.0,7840.0,392,784,-0.11375,-47.59414225941423,-0.11993723849372386,0.04536649770431045,-2.643740305355953,-0.1257360581918947,"conditional complete-window sum on stated capital, not live equity or intraday drawdown",0.24912831241283123,164677.0422125182,mean across entered windows; not equal-risk sizing or margin availability,239,252,0.0,0.0
YM,revert-12-1,cost_stress,84650db70559423ed6d3a99343cb21b9906380b1caa22c206bd1824738b9e5a1,c123e0ac9fb4cacf,5.0,2,0.0,0.0,1,b8602e632fb6940db0d5eba01c45a618c5ff287df0d70740384aee615a551e4a,common complete dates,2023,ok,228,-1355.0,-13535.0,4060.0,8120.0,406,812,-0.13535,-59.3640350877193,-0.14959736842105265,0.03133526578583257,-4.7740896612623995,-0.13535,"conditional complete-window sum on stated capital, not live equity or intraday drawdown",0.24798976608187134,170837.37780448716,mean across entered windows; not equal-risk sizing or margin availability,228,252,0.0,0.0
YM,revert-12-1,cost_stress,84650db70559423ed6d3a99343cb21b9906380b1caa22c206bd1824738b9e5a1,c123e0ac9fb4cacf,5.0,2,0.0,0.0,1,b8602e632fb6940db0d5eba01c45a618c5ff287df0d70740384aee615a551e4a,common complete dates,2024,ok,213,935.0,-10615.0,3850.0,7700.0,385,770,-0.10615,-49.83568075117371,-0.12558591549295775,0.03279402305978011,-3.829536719664667,-0.1067,"conditional complete-window sum on stated capital, not live equity or intraday drawdown",0.25772691705790296,201558.3085808581,mean across entered windows; not equal-risk sizing or margin availability,213,252,0.0,0.0
YM,revert-12-1,cost_stress,84650db70559423ed6d3a99343cb21b9906380b1caa22c206bd1824738b9e5a1,c123e0ac9fb4cacf,5.0,2,0.0,0.0,1,b8602e632fb6940db0d5eba01c45a618c5ff287df0d70740384aee615a551e4a,common complete dates,2025,ok,142,-6405.0,-13845.0,2480.0,4960.0,248,496,-0.13845,-97.5,-0.2457,0.08280364816199931,-2.967260567062285,-0.1467196819085487,"conditional complete-window sum on stated capital, not live equity or intraday drawdown",0.24809272300469484,219137.60110294117,mean across entered windows; not equal-risk sizing or margin availability,142,252,0.0,0.0
YM,revert-12-1,cost_stress,84650db70559423ed6d3a99343cb21b9906380b1caa22c206bd1824738b9e5a1,c123e0ac9fb4cacf,5.0,2,0.0,0.0,1,b8602e632fb6940db0d5eba01c45a618c5ff287df0d70740384aee615a551e4a,common complete dates,2026,ok,109,5940.0,570.0,1790.0,3580.0,179,358,0.0057,5.229357798165138,0.013177981651376148,0.06400589422399193,0.20588700167611315,-0.04641286970423661,"conditional complete-window sum on stated capital, not live equity or intraday drawdown",0.24254587155963303,248136.68689320385,mean across entered windows; not equal-risk sizing or margin availability,109,252,0.0,0.0
YM,revert-12-1,delay_stress,84650db70559423ed6d3a99343cb21b9906380b1caa22c206bd1824738b9e5a1,291d5b31eb7326cb,2.5,1,0.0,0.0,5,b8602e632fb6940db0d5eba01c45a618c5ff287df0d70740384aee615a551e4a,common complete dates,whole,ok,1901,2645.0,-43885.0,15510.0,31020.0,3102,6204,-0.43885,-23.085218306154655,-0.05817475013150973,0.043418047550618656,-1.339874854199445,-0.4849,"conditional complete-window sum on stated capital, not live equity or intraday drawdown",0.24087103278975977,164583.65822547363,mean across entered windows; not equal-risk sizing or margin availability,1901,252,0.0,0.0
YM,revert-12-1,delay_stress,84650db70559423ed6d3a99343cb21b9906380b1caa22c206bd1824738b9e5a1,291d5b31eb7326cb,2.5,1,0.0,0.0,5,b8602e632fb6940db0d5eba01c45a618c5ff287df0d70740384aee615a551e4a,common complete dates,development,ok,970,-220.0,-23260.0,7680.0,15360.0,1536,3072,-0.2326,-23.97938144329897,-0.0604280412371134,0.03831692964780621,-1.5770585428567379,-0.2402,"conditional complete-window sum on stated capital, not live equity or intraday drawdown",0.23548109965635738,137572.468061674,mean across entered windows; not equal-risk sizing or margin availability,970,252,0.0,0.0
YM,revert-12-1,delay_stress,84650db70559423ed6d3a99343cb21b9906380b1caa22c206bd1824738b9e5a1,291d5b31eb7326cb,2.5,1,0.0,0.0,5,b8602e632fb6940db0d5eba01c45a618c5ff287df0d70740384aee615a551e4a,common complete dates,validation,ok,467,3180.0,-8445.0,3875.0,7750.0,775,1550,-0.08445,-18.083511777301926,-0.045570449678800855,0.03839422752360554,-1.1869088823517344,-0.09773988897700238,"conditional complete-window sum on stated capital, not live equity or intraday drawdown",0.244825124910778,167615.2061200924,mean across entered windows; not equal-risk sizing or margin availability,467,252,0.0,0.0
YM,revert-12-1,delay_stress,84650db70559423ed6d3a99343cb21b9906380b1caa22c206bd1824738b9e5a1,291d5b31eb7326cb,2.5,1,0.0,0.0,5,b8602e632fb6940db0d5eba01c45a618c5ff287df0d70740384aee615a551e4a,common complete dates,historical_final,ok,464,-315.0,-12180.0,3955.0,7910.0,791,1582,-0.1218,-26.25,-0.06615,0.05637919806171487,-1.1733050890079997,-0.16785,"conditional complete-window sum on stated capital, not live equity or intraday drawdown",0.2481591235632184,217825.63168960245,mean across entered windows; not equal-risk sizing or margin availability,464,252,0.0,0.0
YM,revert-12-1,delay_stress,84650db70559423ed6d3a99343cb21b9906380b1caa22c206bd1824738b9e5a1,291d5b31eb7326cb,2.5,1,0.0,0.0,5,b8602e632fb6940db0d5eba01c45a618c5ff287df0d70740384aee615a551e4a,common complete dates,2016,ok,27,0.0,-690.0,230.0,460.0,46,92,-0.0069,-25.555555555555557,-0.06440000000000001,0.015586976812513908,-4.1316543146645905,-0.00735,"conditional complete-window sum on stated capital, not live equity or intraday drawdown",0.25771604938271603,92007.5925925926,mean across entered windows; not equal-risk sizing or margin availability,27,252,0.0,0.0
YM,revert-12-1,delay_stress,84650db70559423ed6d3a99343cb21b9906380b1caa22c206bd1824738b9e5a1,291d5b31eb7326cb,2.5,1,0.0,0.0,5,b8602e632fb6940db0d5eba01c45a618c5ff287df0d70740384aee615a551e4a,common complete dates,2017,ok,49,-420.0,-1530.0,370.0,740.0,74,148,-0.0153,-31.224489795918366,-0.07868571428571429,0.011644534278854977,-6.757308828451624,-0.0154,"conditional complete-window sum on stated capital, not live equity or intraday drawdown",0.2385204081632653,111014.88888888889,mean across entered windows; not equal-risk sizing or margin availability,49,252,0.0,0.0
YM,revert-12-1,delay_stress,84650db70559423ed6d3a99343cb21b9906380b1caa22c206bd1824738b9e5a1,291d5b31eb7326cb,2.5,1,0.0,0.0,5,b8602e632fb6940db0d5eba01c45a618c5ff287df0d70740384aee615a551e4a,common complete dates,2018,ok,212,925.0,-4130.0,1685.0,3370.0,337,674,-0.0413,-19.4811320754717,-0.049092452830188676,0.030768701529800057,-1.5955321605834338,-0.0558,"conditional complete-window sum on stated capital, not live equity or intraday drawdown",0.2418435534591195,124947.3193027211,mean across entered windows; not equal-risk sizing or margin availability,212,252,0.0,0.0
YM,revert-12-1,delay_stress,84650db70559423ed6d3a99343cb21b9906380b1caa22c206bd1824738b9e5a1,291d5b31eb7326cb,2.5,1,0.0,0.0,5,b8602e632fb6940db0d5eba01c45a618c5ff287df0d70740384aee615a551e4a,common complete dates,2019,ok,220,-965.0,-5930.0,1655.0,3310.0,331,662,-0.0593,-26.954545454545453,-0.06792545454545455,0.02348712855949216,-2.892028898866948,-0.0615969201539923,"conditional complete-window sum on stated capital, not live equity or intraday drawdown",0.23645833333333333,130949.31027508092,mean across entered windows; not equal-risk sizing or margin availability,220,252,0.0,0.0
YM,revert-12-1,delay_stress,84650db70559423ed6d3a99343cb21b9906380b1caa22c206bd1824738b9e5a1,291d5b31eb7326cb,2.5,1,0.0,0.0,5,b8602e632fb6940db0d5eba01c45a618c5ff287df0d70740384aee615a551e4a,common complete dates,2020,ok,233,-4140.0,-9735.0,1865.0,3730.0,373,746,-0.09735,-41.78111587982833,-0.10528841201716738,0.061215046433628115,-1.7199760214398507,-0.11209395302348825,"conditional complete-window sum on stated capital, not live equity or intraday drawdown",0.23247496423462088,134823.55695718652,mean across entered windows; not equal-risk sizing or margin availability,233,252,0.0,0.0
YM,revert-12-1,delay_stress,84650db70559423ed6d3a99343cb21b9906380b1caa22c206bd1824738b9e5a1,291d5b31eb7326cb,2.5,1,0.0,0.0,5,b8602e632fb6940db0d5eba01c45a618c5ff287df0d70740384aee615a551e4a,common complete dates,2021,ok,229,4380.0,-1245.0,1875.0,3750.0,375,750,-0.01245,-5.436681222707423,-0.013700436681222707,0.030768176738947623,-0.4452794456253929,-0.03405618531296205,"conditional complete-window sum on stated capital, not live equity or intraday drawdown",0.22843886462882096,169347.95408950615,mean across entered windows; not equal-risk sizing or margin availability,229,252,0.0,0.0
YM,revert-12-1,delay_stress,84650db70559423ed6d3a99343cb21b9906380b1caa22c206bd1824738b9e5a1,291d5b31eb7326cb,2.5,1,0.0,0.0,5,b8602e632fb6940db0d5eba01c45a618c5ff287df0d70740384aee615a551e4a,common complete dates,2022,ok,239,4850.0,-895.0,1915.0,3830.0,383,766,-0.00895,-3.7447698744769875,-0.009436820083682008,0.044844995901393646,-0.2104319533093935,-0.026528373391842025,"conditional complete-window sum on stated capital, not live equity or intraday drawdown",0.24651324965132496,164704.10270467837,mean across entered windows; not equal-risk sizing or margin availability,239,252,0.0,0.0
YM,revert-12-1,delay_stress,84650db70559423ed6d3a99343cb21b9906380b1caa22c206bd1824738b9e5a1,291d5b31eb7326cb,2.5,1,0.0,0.0,5,b8602e632fb6940db0d5eba01c45a618c5ff287df0d70740384aee615a551e4a,common complete dates,2023,ok,228,-1670.0,-7550.0,1960.0,3920.0,392,784,-0.0755,-33.1140350877193,-0.08344736842105265,0.030107483203754573,-2.771648757762864,-0.0818599540505444,"conditional complete-window sum on stated capital, not live equity or intraday drawdown",0.24305555555555555,170852.9211382114,mean across entered windows; not equal-risk sizing or margin availability,228,252,0.0,0.0
YM,revert-12-1,delay_stress,84650db70559423ed6d3a99343cb21b9906380b1caa22c206bd1824738b9e5a1,291d5b31eb7326cb,2.5,1,0.0,0.0,5,b8602e632fb6940db0d5eba01c45a618c5ff287df0d70740384aee615a551e4a,common complete dates,2024,ok,213,90.0,-5490.0,1860.0,3720.0,372,744,-0.0549,-25.774647887323944,-0.06495211267605634,0.03125774236271082,-2.077952781181711,-0.05505,"conditional complete-window sum on stated capital, not live equity or intraday drawdown",0.2531298904538341,201524.82202680068,mean across entered windows; not equal-risk sizing or margin availability,213,252,0.0,0.0
YM,revert-12-1,delay_stress,84650db70559423ed6d3a99343cb21b9906380b1caa22c206bd1824738b9e5a1,291d5b31eb7326cb,2.5,1,0.0,0.0,5,b8602e632fb6940db0d5eba01c45a618c5ff287df0d70740384aee615a551e4a,common complete dates,2025,ok,142,-3820.0,-7480.0,1220.0,2440.0,244,488,-0.0748,-52.67605633802817,-0.132743661971831,0.08053528340385825,-1.6482671490229284,-0.09971232141986446,"conditional complete-window sum on stated capital, not live equity or intraday drawdown",0.24633215962441316,219027.20061728393,mean across entered windows; not equal-risk sizing or margin availability,142,252,0.0,0.0
YM,revert-12-1,delay_stress,84650db70559423ed6d3a99343cb21b9906380b1caa22c206bd1824738b9e5a1,291d5b31eb7326cb,2.5,1,0.0,0.0,5,b8602e632fb6940db0d5eba01c45a618c5ff287df0d70740384aee615a551e4a,common complete dates,2026,ok,109,3415.0,790.0,875.0,1750.0,175,350,0.0079,7.247706422018348,0.018264220183486238,0.056475634918516336,0.3233999973588266,-0.04045291300877893,"conditional complete-window sum on stated capital, not live equity or intraday drawdown",0.2408256880733945,248037.87990196078,mean across entered windows; not equal-risk sizing or margin availability,109,252,0.0,0.0
YM,revert-12-1,combined_stress,84650db70559423ed6d3a99343cb21b9906380b1caa22c206bd1824738b9e5a1,f4ea59c4e1293838,5.0,2,0.0,0.0,5,b8602e632fb6940db0d5eba01c45a618c5ff287df0d70740384aee615a551e4a,common complete dates,whole,ok,1901,2645.0,-90415.0,31020.0,62040.0,3102,6204,-0.90415,-47.56180957390847,-0.11985576012624935,0.043436264405641106,-2.759347788450325,-0.93655,"conditional complete-window sum on stated capital, not live equity or intraday drawdown",0.24087103278975977,164583.65822547363,mean across entered windows; not equal-risk sizing or margin availability,1901,252,0.0,0.0
YM,revert-12-1,combined_stress,84650db70559423ed6d3a99343cb21b9906380b1caa22c206bd1824738b9e5a1,f4ea59c4e1293838,5.0,2,0.0,0.0,5,b8602e632fb6940db0d5eba01c45a618c5ff287df0d70740384aee615a551e4a,common complete dates,development,ok,970,-220.0,-46300.0,15360.0,30720.0,1536,3072,-0.463,-47.7319587628866,-0.12028453608247423,0.03829840334068287,-3.140719340503179,-0.4657,"conditional complete-window sum on stated capital, not live equity or intraday drawdown",0.23548109965635738,137572.468061674,mean across entered windows; not equal-risk sizing or margin availability,970,252,0.0,0.0
YM,revert-12-1,combined_stress,84650db70559423ed6d3a99343cb21b9906380b1caa22c206bd1824738b9e5a1,f4ea59c4e1293838,5.0,2,0.0,0.0,5,b8602e632fb6940db0d5eba01c45a618c5ff287df0d70740384aee615a551e4a,common complete dates,validation,ok,467,3180.0,-20070.0,7750.0,15500.0,775,1550,-0.2007,-42.97644539614561,-0.10830064239828693,0.038374400250326256,-2.8222106845139856,-0.20382102060158627,"conditional complete-window sum on stated capital, not live equity or intraday drawdown",0.244825124910778,167615.2061200924,mean across entered windows; not equal-risk sizing or margin availability,467,252,0.0,0.0
YM,revert-12-1,combined_stress,84650db70559423ed6d3a99343cb21b9906380b1caa22c206bd1824738b9e5a1,f4ea59c4e1293838,5.0,2,0.0,0.0,5,b8602e632fb6940db0d5eba01c45a618c5ff287df0d70740384aee615a551e4a,common complete dates,historical_final,ok,464,-315.0,-24045.0,7910.0,15820.0,791,1582,-0.24045,-51.821120689655174,-0.13058922413793103,0.05647606903610708,-2.3122930892098896,-0.27285,"conditional complete-window sum on stated capital, not live equity or intraday drawdown",0.2481591235632184,217825.63168960245,mean across entered windows; not equal-risk sizing or margin availability,464,252,0.0,0.0
YM,revert-12-1,combined_stress,84650db70559423ed6d3a99343cb21b9906380b1caa22c206bd1824738b9e5a1,f4ea59c4e1293838,5.0,2,0.0,0.0,5,b8602e632fb6940db0d5eba01c45a618c5ff287df0d70740384aee615a551e4a,common complete dates,2016,ok,27,0.0,-1380.0,460.0,920.0,46,92,-0.0138,-51.111111111111114,-0.12880000000000003,0.01619237712391473,-7.954360191486255,-0.0138,"conditional complete-window sum on stated capital, not live equity or intraday drawdown",0.25771604938271603,92007.5925925926,mean across entered windows; not equal-risk sizing or margin availability,27,252,0.0,0.0
YM,revert-12-1,combined_stress,84650db70559423ed6d3a99343cb21b9906380b1caa22c206bd1824738b9e5a1,f4ea59c4e1293838,5.0,2,0.0,0.0,5,b8602e632fb6940db0d5eba01c45a618c5ff287df0d70740384aee615a551e4a,common complete dates,2017,ok,49,-420.0,-2640.0,740.0,1480.0,74,148,-0.0264,-53.87755102040816,-0.13577142857142857,0.012261350426674636,-11.073121952053265,-0.0264,"conditional complete-window sum on stated capital, not live equity or intraday drawdown",0.2385204081632653,111014.88888888889,mean across entered windows; not equal-risk sizing or margin availability,49,252,0.0,0.0
YM,revert-12-1,combined_stress,84650db70559423ed6d3a99343cb21b9906380b1caa22c206bd1824738b9e5a1,f4ea59c4e1293838,5.0,2,0.0,0.0,5,b8602e632fb6940db0d5eba01c45a618c5ff287df0d70740384aee615a551e4a,common complete dates,2018,ok,212,925.0,-9185.0,3370.0,6740.0,337,674,-0.09185,-43.325471698113205,-0.10918018867924528,0.030828008566548708,-3.5415907077992728,-0.10365,"conditional complete-window sum on stated capital, not live equity or intraday drawdown",0.2418435534591195,124947.3193027211,mean across entered windows; not equal-risk sizing or margin availability,212,252,0.0,0.0
YM,revert-12-1,combined_stress,84650db70559423ed6d3a99343cb21b9906380b1caa22c206bd1824738b9e5a1,f4ea59c4e1293838,5.0,2,0.0,0.0,5,b8602e632fb6940db0d5eba01c45a618c5ff287df0d70740384aee615a551e4a,common complete dates,2019,ok,220,-965.0,-10895.0,3310.0,6620.0,331,662,-0.10895,-49.52272727272727,-0.12479727272727273,0.023385532656088174,-5.336516151355787,-0.1091,"conditional complete-window sum on stated capital, not live equity or intraday drawdown",0.23645833333333333,130949.31027508092,mean across entered windows; not equal-risk sizing or margin availability,220,252,0.0,0.0
YM,revert-12-1,combined_stress,84650db70559423ed6d3a99343cb21b9906380b1caa22c206bd1824738b9e5a1,f4ea59c4e1293838,5.0,2,0.0,0.0,5,b8602e632fb6940db0d5eba01c45a618c5ff287df0d70740384aee615a551e4a,common complete dates,2020,ok,233,-4140.0,-15330.0,3730.0,7460.0,373,746,-0.1533,-65.79399141630901,-0.16580085836909872,0.061110215171668814,-2.713144732076894,-0.1534,"conditional complete-window sum on stated capital, not live equity or intraday drawdown",0.23247496423462088,134823.55695718652,mean across entered windows; not equal-risk sizing or margin availability,233,252,0.0,0.0
YM,revert-12-1,combined_stress,84650db70559423ed6d3a99343cb21b9906380b1caa22c206bd1824738b9e5a1,f4ea59c4e1293838,5.0,2,0.0,0.0,5,b8602e632fb6940db0d5eba01c45a618c5ff287df0d70740384aee615a551e4a,common complete dates,2021,ok,229,4380.0,-6870.0,3750.0,7500.0,375,750,-0.0687,-30.0,-0.07559999999999999,0.03082702163943015,-2.452393905718798,-0.07831265508684863,"conditional complete-window sum on stated capital, not live equity or intraday drawdown",0.22843886462882096,169347.95408950615,mean across entered windows; not equal-risk sizing or margin availability,229,252,0.0,0.0
YM,revert-12-1,combined_stress,84650db70559423ed6d3a99343cb21b9906380b1caa22c206bd1824738b9e5a1,f4ea59c4e1293838,5.0,2,0.0,0.0,5,b8602e632fb6940db0d5eba01c45a618c5ff287df0d70740384aee615a551e4a,common complete dates,2022,ok,239,4850.0,-6640.0,3830.0,7660.0,383,766,-0.0664,-27.782426778242677,-0.07001171548117154,0.044828880157606936,-1.5617547267526688,-0.07213049334064947,"conditional complete-window sum on stated capital, not live equity or intraday drawdown",0.24651324965132496,164704.10270467837,mean across entered windows; not equal-risk sizing or margin availability,239,252,0.0,0.0
YM,revert-12-1,combined_stress,84650db70559423ed6d3a99343cb21b9906380b1caa22c206bd1824738b9e5a1,f4ea59c4e1293838,5.0,2,0.0,0.0,5,b8602e632fb6940db0d5eba01c45a618c5ff287df0d70740384aee615a551e4a,common complete dates,2023,ok,228,-1670.0,-13430.0,3920.0,7840.0,392,784,-0.1343,-58.90350877192982,-0.14843684210526314,0.030057917082165552,-4.938360888397556,-0.13555,"conditional complete-window sum on stated capital, not live equity or intraday drawdown",0.24305555555555555,170852.9211382114,mean across entered windows; not equal-risk sizing or margin availability,228,252,0.0,0.0
YM,revert-12-1,combined_stress,84650db70559423ed6d3a99343cb21b9906380b1caa22c206bd1824738b9e5a1,f4ea59c4e1293838,5.0,2,0.0,0.0,5,b8602e632fb6940db0d5eba01c45a618c5ff287df0d70740384aee615a551e4a,common complete dates,2024,ok,213,90.0,-11070.0,3720.0,7440.0,372,744,-0.1107,-51.971830985915496,-0.13096901408450706,0.03140764164171758,-4.169972886806817,-0.1107,"conditional complete-window sum on stated capital, not live equity or intraday drawdown",0.2531298904538341,201524.82202680068,mean across entered windows; not equal-risk sizing or margin availability,213,252,0.0,0.0
YM,revert-12-1,combined_stress,84650db70559423ed6d3a99343cb21b9906380b1caa22c206bd1824738b9e5a1,f4ea59c4e1293838,5.0,2,0.0,0.0,5,b8602e632fb6940db0d5eba01c45a618c5ff287df0d70740384aee615a551e4a,common complete dates,2025,ok,142,-3820.0,-11140.0,2440.0,4880.0,244,488,-0.1114,-78.45070422535211,-0.19769577464788732,0.08069748300820637,-2.449838176833633,-0.12427845478316642,"conditional complete-window sum on stated capital, not live equity or intraday drawdown",0.24633215962441316,219027.20061728393,mean across entered windows; not equal-risk sizing or margin availability,142,252,0.0,0.0
YM,revert-12-1,combined_stress,84650db70559423ed6d3a99343cb21b9906380b1caa22c206bd1824738b9e5a1,f4ea59c4e1293838,5.0,2,0.0,0.0,5,b8602e632fb6940db0d5eba01c45a618c5ff287df0d70740384aee615a551e4a,common complete dates,2026,ok,109,3415.0,-1835.0,1750.0,3500.0,175,350,-0.01835,-16.834862385321102,-0.04242385321100918,0.05639896015372995,-0.7522098474044911,-0.05217174238642037,"conditional complete-window sum on stated capital, not live equity or intraday drawdown",0.2408256880733945,248037.87990196078,mean across entered windows; not equal-risk sizing or margin availability,109,252,0.0,0.0
YM,revert-12-1.5,base,84650db70559423ed6d3a99343cb21b9906380b1caa22c206bd1824738b9e5a1,fd50b8c729a27365,2.5,1,0.0,0.0,1,b8602e632fb6940db0d5eba01c45a618c5ff287df0d70740384aee615a551e4a,common complete dates,whole,ok,1901,415.0,-34730.0,11715.0,23430.0,2343,4686,-0.3473,-18.269331930562863,-0.04603871646501842,0.04126980082190659,-1.1155546076825364,-0.43705,"conditional complete-window sum on stated capital, not live equity or intraday drawdown",0.19304532702086621,164924.61961028192,mean across entered windows; not equal-risk sizing or margin availability,1901,252,0.0,0.0
YM,revert-12-1.5,base,84650db70559423ed6d3a99343cb21b9906380b1caa22c206bd1824738b9e5a1,fd50b8c729a27365,2.5,1,0.0,0.0,1,b8602e632fb6940db0d5eba01c45a618c5ff287df0d70740384aee615a551e4a,common complete dates,development,ok,970,4870.0,-12725.0,5865.0,11730.0,1173,2346,-0.12725,-13.118556701030927,-0.03305876288659794,0.03485158925951605,-0.9485582605840969,-0.1766,"conditional complete-window sum on stated capital, not live equity or intraday drawdown",0.18954037800687284,137659.26254589963,mean across entered windows; not equal-risk sizing or margin availability,970,252,0.0,0.0
YM,revert-12-1.5,base,84650db70559423ed6d3a99343cb21b9906380b1caa22c206bd1824738b9e5a1,fd50b8c729a27365,2.5,1,0.0,0.0,1,b8602e632fb6940db0d5eba01c45a618c5ff287df0d70740384aee615a551e4a,common complete dates,validation,ok,467,-3700.0,-12265.0,2855.0,5710.0,571,1142,-0.12265,-26.26338329764454,-0.06618372591006424,0.0338509043506765,-1.9551538483119308,-0.12989854784165505,"conditional complete-window sum on stated capital, not live equity or intraday drawdown",0.19120271234832262,167785.39723661484,mean across entered windows; not equal-risk sizing or margin availability,467,252,0.0,0.0
YM,revert-12-1.5,base,84650db70559423ed6d3a99343cb21b9906380b1caa22c206bd1824738b9e5a1,fd50b8c729a27365,2.5,1,0.0,0.0,1,b8602e632fb6940db0d5eba01c45a618c5ff287df0d70740384aee615a551e4a,common complete dates,historical_final,ok,464,-755.0,-9740.0,2995.0,5990.0,599,1198,-0.0974,-20.99137931034483,-0.052898275862068966,0.057365197566640394,-0.9221318518186525,-0.18715,"conditional complete-window sum on stated capital, not live equity or intraday drawdown",0.20222701149425287,217200.0185185185,mean across entered windows; not equal-risk sizing or margin availability,464,252,0.0,0.0
YM,revert-12-1.5,base,84650db70559423ed6d3a99343cb21b9906380b1caa22c206bd1824738b9e5a1,fd50b8c729a27365,2.5,1,0.0,0.0,1,b8602e632fb6940db0d5eba01c45a618c5ff287df0d70740384aee615a551e4a,common complete dates,2016,ok,27,-320.0,-800.0,160.0,320.0,32,64,-0.008,-29.62962962962963,-0.07466666666666666,0.011719061833457924,-6.371386014321839,-0.00855,"conditional complete-window sum on stated capital, not live equity or intraday drawdown",0.19367283950617284,92130.9375,mean across entered windows; not equal-risk sizing or margin availability,27,252,0.0,0.0
YM,revert-12-1.5,base,84650db70559423ed6d3a99343cb21b9906380b1caa22c206bd1824738b9e5a1,fd50b8c729a27365,2.5,1,0.0,0.0,1,b8602e632fb6940db0d5eba01c45a618c5ff287df0d70740384aee615a551e4a,common complete dates,2017,ok,49,-710.0,-1460.0,250.0,500.0,50,100,-0.0146,-29.79591836734694,-0.07508571428571428,0.010491195288022647,-7.157021885908126,-0.0146,"conditional complete-window sum on stated capital, not live equity or intraday drawdown",0.1840986394557823,110463.07142857143,mean across entered windows; not equal-risk sizing or margin availability,49,252,0.0,0.0
YM,revert-12-1.5,base,84650db70559423ed6d3a99343cb21b9906380b1caa22c206bd1824738b9e5a1,fd50b8c729a27365,2.5,1,0.0,0.0,1,b8602e632fb6940db0d5eba01c45a618c5ff287df0d70740384aee615a551e4a,common complete dates,2018,ok,212,615.0,-3300.0,1305.0,2610.0,261,522,-0.033,-15.566037735849056,-0.03922641509433962,0.02997105936624544,-1.3088097626111248,-0.0443,"conditional complete-window sum on stated capital, not live equity or intraday drawdown",0.20086477987421383,124907.06959706958,mean across entered windows; not equal-risk sizing or margin availability,212,252,0.0,0.0
YM,revert-12-1.5,base,84650db70559423ed6d3a99343cb21b9906380b1caa22c206bd1824738b9e5a1,fd50b8c729a27365,2.5,1,0.0,0.0,1,b8602e632fb6940db0d5eba01c45a618c5ff287df0d70740384aee615a551e4a,common complete dates,2019,ok,220,-370.0,-4315.0,1315.0,2630.0,263,526,-0.04315,-19.613636363636363,-0.049426363636363636,0.021475820789444204,-2.3014889219348342,-0.04695374482311262,"conditional complete-window sum on stated capital, not live equity or intraday drawdown",0.19251893939393938,130945.44384057971,mean across entered windows; not equal-risk sizing or margin availability,220,252,0.0,0.0
YM,revert-12-1.5,base,84650db70559423ed6d3a99343cb21b9906380b1caa22c206bd1824738b9e5a1,fd50b8c729a27365,2.5,1,0.0,0.0,1,b8602e632fb6940db0d5eba01c45a618c5ff287df0d70740384aee615a551e4a,common complete dates,2020,ok,233,-1475.0,-5600.0,1375.0,2750.0,275,550,-0.056,-24.034334763948497,-0.06056652360515021,0.05381280110965905,-1.1255040131014276,-0.07798830175473678,"conditional complete-window sum on stated capital, not live equity or intraday drawdown",0.1811516452074392,134760.19360269362,mean across entered windows; not equal-risk sizing or margin availability,233,252,0.0,0.0
YM,revert-12-1.5,base,84650db70559423ed6d3a99343cb21b9906380b1caa22c206bd1824738b9e5a1,fd50b8c729a27365,2.5,1,0.0,0.0,1,b8602e632fb6940db0d5eba01c45a618c5ff287df0d70740384aee615a551e4a,common complete dates,2021,ok,229,7130.0,2750.0,1460.0,2920.0,292,584,0.0275,12.008733624454148,0.030262008733624453,0.029663249957976784,1.0201852048071578,-0.014698579799384248,"conditional complete-window sum on stated capital, not live equity or intraday drawdown",0.1854075691411936,169488.14862542955,mean across entered windows; not equal-risk sizing or margin availability,229,252,0.0,0.0
YM,revert-12-1.5,base,84650db70559423ed6d3a99343cb21b9906380b1caa22c206bd1824738b9e5a1,fd50b8c729a27365,2.5,1,0.0,0.0,1,b8602e632fb6940db0d5eba01c45a618c5ff287df0d70740384aee615a551e4a,common complete dates,2022,ok,239,-2290.0,-6535.0,1415.0,2830.0,283,566,-0.06535,-27.343096234309623,-0.06890460251046025,0.037717750665105264,-1.8268481363658742,-0.07733240501293018,"conditional complete-window sum on stated capital, not live equity or intraday drawdown",0.1943863319386332,165014.04166666666,mean across entered windows; not equal-risk sizing or margin availability,239,252,0.0,0.0
YM,revert-12-1.5,base,84650db70559423ed6d3a99343cb21b9906380b1caa22c206bd1824738b9e5a1,fd50b8c729a27365,2.5,1,0.0,0.0,1,b8602e632fb6940db0d5eba01c45a618c5ff287df0d70740384aee615a551e4a,common complete dates,2023,ok,228,-1410.0,-5730.0,1440.0,2880.0,288,576,-0.0573,-25.13157894736842,-0.06333157894736843,0.02933790683823521,-2.1586945277510488,-0.05985,"conditional complete-window sum on stated capital, not live equity or intraday drawdown",0.1878654970760234,170765.3494623656,mean across entered windows; not equal-risk sizing or margin availability,228,252,0.0,0.0
YM,revert-12-1.5,base,84650db70559423ed6d3a99343cb21b9906380b1caa22c206bd1824738b9e5a1,fd50b8c729a27365,2.5,1,0.0,0.0,1,b8602e632fb6940db0d5eba01c45a618c5ff287df0d70740384aee615a551e4a,common complete dates,2024,ok,213,-500.0,-4775.0,1425.0,2850.0,285,570,-0.04775,-22.417840375586856,-0.056492957746478875,0.031413144051285584,-1.7983859767187773,-0.04835,"conditional complete-window sum on stated capital, not live equity or intraday drawdown",0.20980046948356806,201350.03490401394,mean across entered windows; not equal-risk sizing or margin availability,213,252,0.0,0.0
YM,revert-12-1.5,base,84650db70559423ed6d3a99343cb21b9906380b1caa22c206bd1824738b9e5a1,fd50b8c729a27365,2.5,1,0.0,0.0,1,b8602e632fb6940db0d5eba01c45a618c5ff287df0d70740384aee615a551e4a,common complete dates,2025,ok,142,-8565.0,-11205.0,880.0,1760.0,176,352,-0.11205,-78.90845070422536,-0.1988492957746479,0.08237872179340519,-2.413842937176609,-0.1172482552342971,"conditional complete-window sum on stated capital, not live equity or intraday drawdown",0.19762323943661972,218658.08539944905,mean across entered windows; not equal-risk sizing or margin availability,142,252,0.0,0.0
YM,revert-12-1.5,base,84650db70559423ed6d3a99343cb21b9906380b1caa22c206bd1824738b9e5a1,fd50b8c729a27365,2.5,1,0.0,0.0,1,b8602e632fb6940db0d5eba01c45a618c5ff287df0d70740384aee615a551e4a,common complete dates,2026,ok,109,8310.0,6240.0,690.0,1380.0,138,276,0.0624,57.24770642201835,0.14426422018348622,0.055171103603089855,2.614851086201704,-0.028273140516509317,"conditional complete-window sum on stated capital, not live equity or intraday drawdown",0.19342507645259938,247855.0806451613,mean across entered windows; not equal-risk sizing or margin availability,109,252,0.0,0.0
YM,revert-12-1.5,gross_reference,84650db70559423ed6d3a99343cb21b9906380b1caa22c206bd1824738b9e5a1,18dc496047df60ea,0.0,0,0.0,0.0,1,b8602e632fb6940db0d5eba01c45a618c5ff287df0d70740384aee615a551e4a,common complete dates,whole,ok,1901,415.0,415.0,0.0,0.0,2343,4686,0.00415,0.2183061546554445,0.0005501315097317201,0.04139806839476956,0.013288820736409687,-0.1545082545505856,"conditional complete-window sum on stated capital, not live equity or intraday drawdown",0.19304532702086621,164924.61961028192,mean across entered windows; not equal-risk sizing or margin availability,1901,252,0.0,0.0
YM,revert-12-1.5,gross_reference,84650db70559423ed6d3a99343cb21b9906380b1caa22c206bd1824738b9e5a1,18dc496047df60ea,0.0,0,0.0,0.0,1,b8602e632fb6940db0d5eba01c45a618c5ff287df0d70740384aee615a551e4a,common complete dates,development,ok,970,4870.0,4870.0,0.0,0.0,1173,2346,0.0487,5.020618556701031,0.012651958762886597,0.03502634287444452,0.3612126680835287,-0.07228258173339287,"conditional complete-window sum on stated capital, not live equity or intraday drawdown",0.18954037800687284,137659.26254589963,mean across entered windows; not equal-risk sizing or margin availability,970,252,0.0,0.0
YM,revert-12-1.5,gross_reference,84650db70559423ed6d3a99343cb21b9906380b1caa22c206bd1824738b9e5a1,18dc496047df60ea,0.0,0,0.0,0.0,1,b8602e632fb6940db0d5eba01c45a618c5ff287df0d70740384aee615a551e4a,common complete dates,validation,ok,467,-3700.0,-3700.0,0.0,0.0,571,1142,-0.037,-7.922912205567452,-0.01996573875802998,0.03400947001623676,-0.5870640956327153,-0.05762310839453837,"conditional complete-window sum on stated capital, not live equity or intraday drawdown",0.19120271234832262,167785.39723661484,mean across entered windows; not equal-risk sizing or margin availability,467,252,0.0,0.0
YM,revert-12-1.5,gross_reference,84650db70559423ed6d3a99343cb21b9906380b1caa22c206bd1824738b9e5a1,18dc496047df60ea,0.0,0,0.0,0.0,1,b8602e632fb6940db0d5eba01c45a618c5ff287df0d70740384aee615a551e4a,common complete dates,historical_final,ok,464,-755.0,-755.0,0.0,0.0,599,1198,-0.00755,-1.6271551724137931,-0.0041004310344827585,0.057429230216432724,-0.07139972134450563,-0.12467314618382752,"conditional complete-window sum on stated capital, not live equity or intraday drawdown",0.20222701149425287,217200.0185185185,mean across entered windows; not equal-risk sizing or margin availability,464,252,0.0,0.0
YM,revert-12-1.5,gross_reference,84650db70559423ed6d3a99343cb21b9906380b1caa22c206bd1824738b9e5a1,18dc496047df60ea,0.0,0,0.0,0.0,1,b8602e632fb6940db0d5eba01c45a618c5ff287df0d70740384aee615a551e4a,common complete dates,2016,ok,27,-320.0,-320.0,0.0,0.0,32,64,-0.0032,-11.851851851851851,-0.029866666666666663,0.011125553861176923,-2.6845105456625964,-0.005445643485211831,"conditional complete-window sum on stated capital, not live equity or intraday drawdown",0.19367283950617284,92130.9375,mean across entered windows; not equal-risk sizing or margin availability,27,252,0.0,0.0
YM,revert-12-1.5,gross_reference,84650db70559423ed6d3a99343cb21b9906380b1caa22c206bd1824738b9e5a1,18dc496047df60ea,0.0,0,0.0,0.0,1,b8602e632fb6940db0d5eba01c45a618c5ff287df0d70740384aee615a551e4a,common complete dates,2017,ok,49,-710.0,-710.0,0.0,0.0,50,100,-0.0071,-14.489795918367347,-0.036514285714285714,0.010032393960138756,-3.6396383414931903,-0.0071,"conditional complete-window sum on stated capital, not live equity or intraday drawdown",0.1840986394557823,110463.07142857143,mean across entered windows; not equal-risk sizing or margin availability,49,252,0.0,0.0
YM,revert-12-1.5,gross_reference,84650db70559423ed6d3a99343cb21b9906380b1caa22c206bd1824738b9e5a1,18dc496047df60ea,0.0,0,0.0,0.0,1,b8602e632fb6940db0d5eba01c45a618c5ff287df0d70740384aee615a551e4a,common complete dates,2018,ok,212,615.0,615.0,0.0,0.0,261,522,0.00615,2.900943396226415,0.007310377358490566,0.030117165452245662,0.2427312547086158,-0.02875,"conditional complete-window sum on stated capital, not live equity or intraday drawdown",0.20086477987421383,124907.06959706958,mean across entered windows; not equal-risk sizing or margin availability,212,252,0.0,0.0
YM,revert-12-1.5,gross_reference,84650db70559423ed6d3a99343cb21b9906380b1caa22c206bd1824738b9e5a1,18dc496047df60ea,0.0,0,0.0,0.0,1,b8602e632fb6940db0d5eba01c45a618c5ff287df0d70740384aee615a551e4a,common complete dates,2019,ok,220,-370.0,-370.0,0.0,0.0,263,526,-0.0037,-1.6818181818181819,-0.004238181818181818,0.02172734307527808,-0.19506212993912403,-0.019268774703557312,"conditional complete-window sum on stated capital, not live equity or intraday drawdown",0.19251893939393938,130945.44384057971,mean across entered windows; not equal-risk sizing or margin availability,220,252,0.0,0.0
YM,revert-12-1.5,gross_reference,84650db70559423ed6d3a99343cb21b9906380b1caa22c206bd1824738b9e5a1,18dc496047df60ea,0.0,0,0.0,0.0,1,b8602e632fb6940db0d5eba01c45a618c5ff287df0d70740384aee615a551e4a,common complete dates,2020,ok,233,-1475.0,-1475.0,0.0,0.0,275,550,-0.01475,-6.330472103004292,-0.015952789699570813,0.05398941173140483,-0.2954799689045569,-0.06384351884029191,"conditional complete-window sum on stated capital, not live equity or intraday drawdown",0.1811516452074392,134760.19360269362,mean across entered windows; not equal-risk sizing or margin availability,233,252,0.0,0.0
YM,revert-12-1.5,gross_reference,84650db70559423ed6d3a99343cb21b9906380b1caa22c206bd1824738b9e5a1,18dc496047df60ea,0.0,0,0.0,0.0,1,b8602e632fb6940db0d5eba01c45a618c5ff287df0d70740384aee615a551e4a,common complete dates,2021,ok,229,7130.0,7130.0,0.0,0.0,292,584,0.0713,31.1353711790393,0.07846113537117903,0.029920680304094064,2.6223045256241435,-0.011487992077246843,"conditional complete-window sum on stated capital, not live equity or intraday drawdown",0.1854075691411936,169488.14862542955,mean across entered windows; not equal-risk sizing or margin availability,229,252,0.0,0.0
YM,revert-12-1.5,gross_reference,84650db70559423ed6d3a99343cb21b9906380b1caa22c206bd1824738b9e5a1,18dc496047df60ea,0.0,0,0.0,0.0,1,b8602e632fb6940db0d5eba01c45a618c5ff287df0d70740384aee615a551e4a,common complete dates,2022,ok,239,-2290.0,-2290.0,0.0,0.0,283,566,-0.0229,-9.581589958158995,-0.02414560669456067,0.037868716474460634,-0.6376135486621236,-0.046877310592990586,"conditional complete-window sum on stated capital, not live equity or intraday drawdown",0.1943863319386332,165014.04166666666,mean across entered windows; not equal-risk sizing or margin availability,239,252,0.0,0.0
YM,revert-12-1.5,gross_reference,84650db70559423ed6d3a99343cb21b9906380b1caa22c206bd1824738b9e5a1,18dc496047df60ea,0.0,0,0.0,0.0,1,b8602e632fb6940db0d5eba01c45a618c5ff287df0d70740384aee615a551e4a,common complete dates,2023,ok,228,-1410.0,-1410.0,0.0,0.0,288,576,-0.0141,-6.184210526315789,-0.01558421052631579,0.029508510131539465,-0.5281259696557496,-0.028052231766049353,"conditional complete-window sum on stated capital, not live equity or intraday drawdown",0.1878654970760234,170765.3494623656,mean across entered windows; not equal-risk sizing or margin availability,228,252,0.0,0.0
YM,revert-12-1.5,gross_reference,84650db70559423ed6d3a99343cb21b9906380b1caa22c206bd1824738b9e5a1,18dc496047df60ea,0.0,0,0.0,0.0,1,b8602e632fb6940db0d5eba01c45a618c5ff287df0d70740384aee615a551e4a,common complete dates,2024,ok,213,-500.0,-500.0,0.0,0.0,285,570,-0.005,-2.347417840375587,-0.005915492957746479,0.0315189118532251,-0.18768074815822647,-0.0275,"conditional complete-window sum on stated capital, not live equity or intraday drawdown",0.20980046948356806,201350.03490401394,mean across entered windows; not equal-risk sizing or margin availability,213,252,0.0,0.0
YM,revert-12-1.5,gross_reference,84650db70559423ed6d3a99343cb21b9906380b1caa22c206bd1824738b9e5a1,18dc496047df60ea,0.0,0,0.0,0.0,1,b8602e632fb6940db0d5eba01c45a618c5ff287df0d70740384aee615a551e4a,common complete dates,2025,ok,142,-8565.0,-8565.0,0.0,0.0,176,352,-0.08565,-60.316901408450704,-0.1519985915492958,0.08227457793697772,-1.8474551357252371,-0.09920419158716821,"conditional complete-window sum on stated capital, not live equity or intraday drawdown",0.19762323943661972,218658.08539944905,mean across entered windows; not equal-risk sizing or margin availability,142,252,0.0,0.0
YM,revert-12-1.5,gross_reference,84650db70559423ed6d3a99343cb21b9906380b1caa22c206bd1824738b9e5a1,18dc496047df60ea,0.0,0,0.0,0.0,1,b8602e632fb6940db0d5eba01c45a618c5ff287df0d70740384aee615a551e4a,common complete dates,2026,ok,109,8310.0,8310.0,0.0,0.0,138,276,0.0831,76.23853211009174,0.1921211009174312,0.05552708185716106,3.4599531344299206,-0.023763167091008935,"conditional complete-window sum on stated capital, not live equity or intraday drawdown",0.19342507645259938,247855.0806451613,mean across entered windows; not equal-risk sizing or margin availability,109,252,0.0,0.0
YM,revert-12-1.5,cost_stress,84650db70559423ed6d3a99343cb21b9906380b1caa22c206bd1824738b9e5a1,8fd376773987db16,5.0,2,0.0,0.0,1,b8602e632fb6940db0d5eba01c45a618c5ff287df0d70740384aee615a551e4a,common complete dates,whole,ok,1901,415.0,-69875.0,23430.0,46860.0,2343,4686,-0.69875,-36.75697001578117,-0.09262756443976855,0.04122223786251218,-2.247029012561319,-0.7729,"conditional complete-window sum on stated capital, not live equity or intraday drawdown",0.19304532702086621,164924.61961028192,mean across entered windows; not equal-risk sizing or margin availability,1901,252,0.0,0.0
YM,revert-12-1.5,cost_stress,84650db70559423ed6d3a99343cb21b9906380b1caa22c206bd1824738b9e5a1,8fd376773987db16,5.0,2,0.0,0.0,1,b8602e632fb6940db0d5eba01c45a618c5ff287df0d70740384aee615a551e4a,common complete dates,development,ok,970,4870.0,-30320.0,11730.0,23460.0,1173,2346,-0.3032,-31.257731958762886,-0.07876948453608247,0.03476872775363603,-2.265526800239188,-0.3085,"conditional complete-window sum on stated capital, not live equity or intraday drawdown",0.18954037800687284,137659.26254589963,mean across entered windows; not equal-risk sizing or margin availability,970,252,0.0,0.0
YM,revert-12-1.5,cost_stress,84650db70559423ed6d3a99343cb21b9906380b1caa22c206bd1824738b9e5a1,8fd376773987db16,5.0,2,0.0,0.0,1,b8602e632fb6940db0d5eba01c45a618c5ff287df0d70740384aee615a551e4a,common complete dates,validation,ok,467,-3700.0,-20830.0,5710.0,11420.0,571,1142,-0.2083,-44.603854389721626,-0.11240171306209851,0.03379790299921181,-3.325700800570964,-0.2114416704041461,"conditional complete-window sum on stated capital, not live equity or intraday drawdown",0.19120271234832262,167785.39723661484,mean across entered windows; not equal-risk sizing or margin availability,467,252,0.0,0.0
YM,revert-12-1.5,cost_stress,84650db70559423ed6d3a99343cb21b9906380b1caa22c206bd1824738b9e5a1,8fd376773987db16,5.0,2,0.0,0.0,1,b8602e632fb6940db0d5eba01c45a618c5ff287df0d70740384aee615a551e4a,common complete dates,historical_final,ok,464,-755.0,-18725.0,5990.0,11980.0,599,1198,-0.18725,-40.355603448275865,-0.10169612068965518,0.05735913558441291,-1.7729716400623488,-0.2614,"conditional complete-window sum on stated capital, not live equity or intraday drawdown",0.20222701149425287,217200.0185185185,mean across entered windows; not equal-risk sizing or margin availability,464,252,0.0,0.0
YM,revert-12-1.5,cost_stress,84650db70559423ed6d3a99343cb21b9906380b1caa22c206bd1824738b9e5a1,8fd376773987db16,5.0,2,0.0,0.0,1,b8602e632fb6940db0d5eba01c45a618c5ff287df0d70740384aee615a551e4a,common complete dates,2016,ok,27,-320.0,-1280.0,320.0,640.0,32,64,-0.0128,-47.407407407407405,-0.11946666666666665,0.012461489395281689,-9.586869023208456,-0.0128,"conditional complete-window sum on stated capital, not live equity or intraday drawdown",0.19367283950617284,92130.9375,mean across entered windows; not equal-risk sizing or margin availability,27,252,0.0,0.0
YM,revert-12-1.5,cost_stress,84650db70559423ed6d3a99343cb21b9906380b1caa22c206bd1824738b9e5a1,8fd376773987db16,5.0,2,0.0,0.0,1,b8602e632fb6940db0d5eba01c45a618c5ff287df0d70740384aee615a551e4a,common complete dates,2017,ok,49,-710.0,-2210.0,500.0,1000.0,50,100,-0.0221,-45.10204081632653,-0.11365714285714285,0.011239566590525506,-10.11223537328843,-0.0221,"conditional complete-window sum on stated capital, not live equity or intraday drawdown",0.1840986394557823,110463.07142857143,mean across entered windows; not equal-risk sizing or margin availability,49,252,0.0,0.0
YM,revert-12-1.5,cost_stress,84650db70559423ed6d3a99343cb21b9906380b1caa22c206bd1824738b9e5a1,8fd376773987db16,5.0,2,0.0,0.0,1,b8602e632fb6940db0d5eba01c45a618c5ff287df0d70740384aee615a551e4a,common complete dates,2018,ok,212,615.0,-7215.0,2610.0,5220.0,261,522,-0.07215,-34.033018867924525,-0.0857632075471698,0.02992468861173571,-2.8659682531679094,-0.07935,"conditional complete-window sum on stated capital, not live equity or intraday drawdown",0.20086477987421383,124907.06959706958,mean across entered windows; not equal-risk sizing or margin availability,212,252,0.0,0.0
YM,revert-12-1.5,cost_stress,84650db70559423ed6d3a99343cb21b9906380b1caa22c206bd1824738b9e5a1,8fd376773987db16,5.0,2,0.0,0.0,1,b8602e632fb6940db0d5eba01c45a618c5ff287df0d70740384aee615a551e4a,common complete dates,2019,ok,220,-370.0,-8260.0,2630.0,5260.0,263,526,-0.0826,-37.54545454545455,-0.09461454545454545,0.02137278585241989,-4.426870044357504,-0.08377041810280234,"conditional complete-window sum on stated capital, not live equity or intraday drawdown",0.19251893939393938,130945.44384057971,mean across entered windows; not equal-risk sizing or margin availability,220,252,0.0,0.0
YM,revert-12-1.5,cost_stress,84650db70559423ed6d3a99343cb21b9906380b1caa22c206bd1824738b9e5a1,8fd376773987db16,5.0,2,0.0,0.0,1,b8602e632fb6940db0d5eba01c45a618c5ff287df0d70740384aee615a551e4a,common complete dates,2020,ok,233,-1475.0,-9725.0,2750.0,5500.0,275,550,-0.09725,-41.738197424892704,-0.10518025751072961,0.0536931868935019,-1.9589125473097748,-0.0992,"conditional complete-window sum on stated capital, not live equity or intraday drawdown",0.1811516452074392,134760.19360269362,mean across entered windows; not equal-risk sizing or margin availability,233,252,0.0,0.0
YM,revert-12-1.5,cost_stress,84650db70559423ed6d3a99343cb21b9906380b1caa22c206bd1824738b9e5a1,8fd376773987db16,5.0,2,0.0,0.0,1,b8602e632fb6940db0d5eba01c45a618c5ff287df0d70740384aee615a551e4a,common complete dates,2021,ok,229,7130.0,-1630.0,2920.0,5840.0,292,584,-0.0163,-7.117903930131004,-0.01793711790393013,0.029526509422486205,-0.6074919878700576,-0.025546536527065386,"conditional complete-window sum on stated capital, not live equity or intraday drawdown",0.1854075691411936,169488.14862542955,mean across entered windows; not equal-risk sizing or margin availability,229,252,0.0,0.0
YM,revert-12-1.5,cost_stress,84650db70559423ed6d3a99343cb21b9906380b1caa22c206bd1824738b9e5a1,8fd376773987db16,5.0,2,0.0,0.0,1,b8602e632fb6940db0d5eba01c45a618c5ff287df0d70740384aee615a551e4a,common complete dates,2022,ok,239,-2290.0,-10780.0,2830.0,5660.0,283,566,-0.1078,-45.10460251046025,-0.11366359832635983,0.037647201515312284,-3.0191778871034907,-0.11526386604873673,"conditional complete-window sum on stated capital, not live equity or intraday drawdown",0.1943863319386332,165014.04166666666,mean across entered windows; not equal-risk sizing or margin availability,239,252,0.0,0.0
YM,revert-12-1.5,cost_stress,84650db70559423ed6d3a99343cb21b9906380b1caa22c206bd1824738b9e5a1,8fd376773987db16,5.0,2,0.0,0.0,1,b8602e632fb6940db0d5eba01c45a618c5ff287df0d70740384aee615a551e4a,common complete dates,2023,ok,228,-1410.0,-10050.0,2880.0,5760.0,288,576,-0.1005,-44.078947368421055,-0.11107894736842105,0.029308302396777293,-3.7900164214436107,-0.101,"conditional complete-window sum on stated capital, not live equity or intraday drawdown",0.1878654970760234,170765.3494623656,mean across entered windows; not equal-risk sizing or margin availability,228,252,0.0,0.0
YM,revert-12-1.5,cost_stress,84650db70559423ed6d3a99343cb21b9906380b1caa22c206bd1824738b9e5a1,8fd376773987db16,5.0,2,0.0,0.0,1,b8602e632fb6940db0d5eba01c45a618c5ff287df0d70740384aee615a551e4a,common complete dates,2024,ok,213,-500.0,-9050.0,2850.0,5700.0,285,570,-0.0905,-42.48826291079812,-0.10707042253521126,0.03140567239058168,-3.409270185449711,-0.0908,"conditional complete-window sum on stated capital, not live equity or intraday drawdown",0.20980046948356806,201350.03490401394,mean across entered windows; not equal-risk sizing or margin availability,213,252,0.0,0.0
YM,revert-12-1.5,cost_stress,84650db70559423ed6d3a99343cb21b9906380b1caa22c206bd1824738b9e5a1,8fd376773987db16,5.0,2,0.0,0.0,1,b8602e632fb6940db0d5eba01c45a618c5ff287df0d70740384aee615a551e4a,common complete dates,2025,ok,142,-8565.0,-13845.0,1760.0,3520.0,176,352,-0.13845,-97.5,-0.2457,0.0825216586656871,-2.977400163457491,-0.1404,"conditional complete-window sum on stated capital, not live equity or intraday drawdown",0.19762323943661972,218658.08539944905,mean across entered windows; not equal-risk sizing or margin availability,142,252,0.0,0.0
YM,revert-12-1.5,cost_stress,84650db70559423ed6d3a99343cb21b9906380b1caa22c206bd1824738b9e5a1,8fd376773987db16,5.0,2,0.0,0.0,1,b8602e632fb6940db0d5eba01c45a618c5ff287df0d70740384aee615a551e4a,common complete dates,2026,ok,109,8310.0,4170.0,1380.0,2760.0,138,276,0.0417,38.25688073394495,0.09640733944954129,0.054884873948832257,1.7565375032002326,-0.033223421262989605,"conditional complete-window sum on stated capital, not live equity or intraday drawdown",0.19342507645259938,247855.0806451613,mean across entered windows; not equal-risk sizing or margin availability,109,252,0.0,0.0
YM,revert-12-1.5,delay_stress,84650db70559423ed6d3a99343cb21b9906380b1caa22c206bd1824738b9e5a1,4bd0a56c69adb5b0,2.5,1,0.0,0.0,5,b8602e632fb6940db0d5eba01c45a618c5ff287df0d70740384aee615a551e4a,common complete dates,whole,ok,1901,-1815.0,-35955.0,11380.0,22760.0,2276,4552,-0.35955,-18.913729615991585,-0.0476625986322988,0.03998729207781785,-1.1919436439843014,-0.4071,"conditional complete-window sum on stated capital, not live equity or intraday drawdown",0.19038225495353323,164828.89681295716,mean across entered windows; not equal-risk sizing or margin availability,1901,252,0.0,0.0
YM,revert-12-1.5,delay_stress,84650db70559423ed6d3a99343cb21b9906380b1caa22c206bd1824738b9e5a1,4bd0a56c69adb5b0,2.5,1,0.0,0.0,5,b8602e632fb6940db0d5eba01c45a618c5ff287df0d70740384aee615a551e4a,common complete dates,development,ok,970,290.0,-16795.0,5695.0,11390.0,1139,2278,-0.16795,-17.314432989690722,-0.043632371134020624,0.03496945258810472,-1.2477281714401987,-0.19545,"conditional complete-window sum on stated capital, not live equity or intraday drawdown",0.1870274914089347,137646.63800163803,mean across entered windows; not equal-risk sizing or margin availability,970,252,0.0,0.0
YM,revert-12-1.5,delay_stress,84650db70559423ed6d3a99343cb21b9906380b1caa22c206bd1824738b9e5a1,4bd0a56c69adb5b0,2.5,1,0.0,0.0,5,b8602e632fb6940db0d5eba01c45a618c5ff287df0d70740384aee615a551e4a,common complete dates,validation,ok,467,-485.0,-8780.0,2765.0,5530.0,553,1106,-0.0878,-18.800856531049252,-0.04737815845824411,0.03293345995696227,-1.4386025191449154,-0.09619508302997058,"conditional complete-window sum on stated capital, not live equity or intraday drawdown",0.18816916488222699,167721.78979771328,mean across entered windows; not equal-risk sizing or margin availability,467,252,0.0,0.0
YM,revert-12-1.5,delay_stress,84650db70559423ed6d3a99343cb21b9906380b1caa22c206bd1824738b9e5a1,4bd0a56c69adb5b0,2.5,1,0.0,0.0,5,b8602e632fb6940db0d5eba01c45a618c5ff287df0d70740384aee615a551e4a,common complete dates,historical_final,ok,464,-1620.0,-10380.0,2920.0,5840.0,584,1168,-0.1038,-22.370689655172413,-0.05637413793103448,0.05394747594531082,-1.0449819373974734,-0.15135,"conditional complete-window sum on stated capital, not live equity or intraday drawdown",0.19962284482758622,217142.21082089553,mean across entered windows; not equal-risk sizing or margin availability,464,252,0.0,0.0
YM,revert-12-1.5,delay_stress,84650db70559423ed6d3a99343cb21b9906380b1caa22c206bd1824738b9e5a1,4bd0a56c69adb5b0,2.5,1,0.0,0.0,5,b8602e632fb6940db0d5eba01c45a618c5ff287df0d70740384aee615a551e4a,common complete dates,2016,ok,27,-180.0,-660.0,160.0,320.0,32,64,-0.0066,-24.444444444444443,-0.061599999999999995,0.012447798693250639,-4.948666147163863,-0.00665,"conditional complete-window sum on stated capital, not live equity or intraday drawdown",0.19367283950617284,92125.3125,mean across entered windows; not equal-risk sizing or margin availability,27,252,0.0,0.0
YM,revert-12-1.5,delay_stress,84650db70559423ed6d3a99343cb21b9906380b1caa22c206bd1824738b9e5a1,4bd0a56c69adb5b0,2.5,1,0.0,0.0,5,b8602e632fb6940db0d5eba01c45a618c5ff287df0d70740384aee615a551e4a,common complete dates,2017,ok,49,-570.0,-1305.0,245.0,490.0,49,98,-0.01305,-26.632653061224488,-0.06711428571428571,0.010841191289310811,-6.190674430812692,-0.01305,"conditional complete-window sum on stated capital, not live equity or intraday drawdown",0.18197278911564627,110462.85714285714,mean across entered windows; not equal-risk sizing or margin availability,49,252,0.0,0.0
YM,revert-12-1.5,delay_stress,84650db70559423ed6d3a99343cb21b9906380b1caa22c206bd1824738b9e5a1,4bd0a56c69adb5b0,2.5,1,0.0,0.0,5,b8602e632fb6940db0d5eba01c45a618c5ff287df0d70740384aee615a551e4a,common complete dates,2018,ok,212,-555.0,-4365.0,1270.0,2540.0,254,508,-0.04365,-20.589622641509433,-0.051885849056603775,0.027366473130549997,-1.8959640436341825,-0.0527,"conditional complete-window sum on stated capital, not live equity or intraday drawdown",0.19830974842767296,124942.46296296295,mean across entered windows; not equal-risk sizing or margin availability,212,252,0.0,0.0
YM,revert-12-1.5,delay_stress,84650db70559423ed6d3a99343cb21b9906380b1caa22c206bd1824738b9e5a1,4bd0a56c69adb5b0,2.5,1,0.0,0.0,5,b8602e632fb6940db0d5eba01c45a618c5ff287df0d70740384aee615a551e4a,common complete dates,2019,ok,220,-480.0,-4335.0,1285.0,2570.0,257,514,-0.04335,-19.704545454545453,-0.04965545454545454,0.02040317886923781,-2.433711671288676,-0.045470426753181935,"conditional complete-window sum on stated capital, not live equity or intraday drawdown",0.19053030303030302,130942.68115942029,mean across entered windows; not equal-risk sizing or margin availability,220,252,0.0,0.0
YM,revert-12-1.5,delay_stress,84650db70559423ed6d3a99343cb21b9906380b1caa22c206bd1824738b9e5a1,4bd0a56c69adb5b0,2.5,1,0.0,0.0,5,b8602e632fb6940db0d5eba01c45a618c5ff287df0d70740384aee615a551e4a,common complete dates,2020,ok,233,-925.0,-4915.0,1330.0,2660.0,266,532,-0.04915,-21.09442060085837,-0.053157939914163094,0.05662120571337464,-0.9388344745475198,-0.0888,"conditional complete-window sum on stated capital, not live equity or intraday drawdown",0.17820100143061515,134754.08670033672,mean across entered windows; not equal-risk sizing or margin availability,233,252,0.0,0.0
YM,revert-12-1.5,delay_stress,84650db70559423ed6d3a99343cb21b9906380b1caa22c206bd1824738b9e5a1,4bd0a56c69adb5b0,2.5,1,0.0,0.0,5,b8602e632fb6940db0d5eba01c45a618c5ff287df0d70740384aee615a551e4a,common complete dates,2021,ok,229,3000.0,-1215.0,1405.0,2810.0,281,562,-0.01215,-5.3056768558951966,-0.013370305676855895,0.02818823949012685,-0.4743221257765655,-0.02116139287665789,"conditional complete-window sum on stated capital, not live equity or intraday drawdown",0.18249636098981079,169444.30051813473,mean across entered windows; not equal-risk sizing or margin availability,229,252,0.0,0.0
YM,revert-12-1.5,delay_stress,84650db70559423ed6d3a99343cb21b9906380b1caa22c206bd1824738b9e5a1,4bd0a56c69adb5b0,2.5,1,0.0,0.0,5,b8602e632fb6940db0d5eba01c45a618c5ff287df0d70740384aee615a551e4a,common complete dates,2022,ok,239,1620.0,-2490.0,1370.0,2740.0,274,548,-0.0249,-10.418410041841005,-0.026254393305439334,0.03697425549995602,-0.7100722638071932,-0.038448112501870045,"conditional complete-window sum on stated capital, not live equity or intraday drawdown",0.19116108786610878,164894.72081218273,mean across entered windows; not equal-risk sizing or margin availability,239,252,0.0,0.0
YM,revert-12-1.5,delay_stress,84650db70559423ed6d3a99343cb21b9906380b1caa22c206bd1824738b9e5a1,4bd0a56c69adb5b0,2.5,1,0.0,0.0,5,b8602e632fb6940db0d5eba01c45a618c5ff287df0d70740384aee615a551e4a,common complete dates,2023,ok,228,-2105.0,-6290.0,1395.0,2790.0,279,558,-0.0629,-27.587719298245613,-0.06952105263157894,0.02809627922984747,-2.474386450349795,-0.06969076285157616,"conditional complete-window sum on stated capital, not live equity or intraday drawdown",0.18503289473684212,170781.85897435897,mean across entered windows; not equal-risk sizing or margin availability,228,252,0.0,0.0
YM,revert-12-1.5,delay_stress,84650db70559423ed6d3a99343cb21b9906380b1caa22c206bd1824738b9e5a1,4bd0a56c69adb5b0,2.5,1,0.0,0.0,5,b8602e632fb6940db0d5eba01c45a618c5ff287df0d70740384aee615a551e4a,common complete dates,2024,ok,213,325.0,-3830.0,1385.0,2770.0,277,554,-0.0383,-17.981220657276996,-0.04531267605633803,0.029044034923816277,-1.5601370875360494,-0.0383,"conditional complete-window sum on stated capital, not live equity or intraday drawdown",0.20657276995305165,201346.5307017544,mean across entered windows; not equal-risk sizing or margin availability,213,252,0.0,0.0
YM,revert-12-1.5,delay_stress,84650db70559423ed6d3a99343cb21b9906380b1caa22c206bd1824738b9e5a1,4bd0a56c69adb5b0,2.5,1,0.0,0.0,5,b8602e632fb6940db0d5eba01c45a618c5ff287df0d70740384aee615a551e4a,common complete dates,2025,ok,142,-6225.0,-8805.0,860.0,1720.0,172,344,-0.08805,-62.00704225352113,-0.15625774647887325,0.0781004951547827,-2.000726706907496,-0.097615278052642,"conditional complete-window sum on stated capital, not live equity or intraday drawdown",0.1949823943661972,218680.85416666666,mean across entered windows; not equal-risk sizing or margin availability,142,252,0.0,0.0
YM,revert-12-1.5,delay_stress,84650db70559423ed6d3a99343cb21b9906380b1caa22c206bd1824738b9e5a1,4bd0a56c69adb5b0,2.5,1,0.0,0.0,5,b8602e632fb6940db0d5eba01c45a618c5ff287df0d70740384aee615a551e4a,common complete dates,2026,ok,109,4280.0,2255.0,675.0,1350.0,135,270,0.02255,20.68807339449541,0.05213394495412844,0.052508829023148705,0.992860551720645,-0.028400597907324365,"conditional complete-window sum on stated capital, not live equity or intraday drawdown",0.19208715596330275,247756.79800724634,mean across entered windows; not equal-risk sizing or margin availability,109,252,0.0,0.0
YM,revert-12-1.5,combined_stress,84650db70559423ed6d3a99343cb21b9906380b1caa22c206bd1824738b9e5a1,8787d62a75d60451,5.0,2,0.0,0.0,5,b8602e632fb6940db0d5eba01c45a618c5ff287df0d70740384aee615a551e4a,common complete dates,whole,ok,1901,-1815.0,-70095.0,22760.0,45520.0,2276,4552,-0.70095,-36.8726985796949,-0.09291920042083116,0.04004749743455966,-2.3202248922711703,-0.7338,"conditional complete-window sum on stated capital, not live equity or intraday drawdown",0.19038225495353323,164828.89681295716,mean across entered windows; not equal-risk sizing or margin availability,1901,252,0.0,0.0
YM,revert-12-1.5,combined_stress,84650db70559423ed6d3a99343cb21b9906380b1caa22c206bd1824738b9e5a1,8787d62a75d60451,5.0,2,0.0,0.0,5,b8602e632fb6940db0d5eba01c45a618c5ff287df0d70740384aee615a551e4a,common complete dates,development,ok,970,290.0,-33880.0,11390.0,22780.0,1139,2278,-0.3388,-34.92783505154639,-0.0880181443298969,0.03501009573841573,-2.5140789384736455,-0.3388,"conditional complete-window sum on stated capital, not live equity or intraday drawdown",0.1870274914089347,137646.63800163803,mean across entered windows; not equal-risk sizing or margin availability,970,252,0.0,0.0
YM,revert-12-1.5,combined_stress,84650db70559423ed6d3a99343cb21b9906380b1caa22c206bd1824738b9e5a1,8787d62a75d60451,5.0,2,0.0,0.0,5,b8602e632fb6940db0d5eba01c45a618c5ff287df0d70740384aee615a551e4a,common complete dates,validation,ok,467,-485.0,-17075.0,5530.0,11060.0,553,1106,-0.17075,-36.563169164882225,-0.0921391862955032,0.032972951717062195,-2.794386959534013,-0.1738414725395321,"conditional complete-window sum on stated capital, not live equity or intraday drawdown",0.18816916488222699,167721.78979771328,mean across entered windows; not equal-risk sizing or margin availability,467,252,0.0,0.0
YM,revert-12-1.5,combined_stress,84650db70559423ed6d3a99343cb21b9906380b1caa22c206bd1824738b9e5a1,8787d62a75d60451,5.0,2,0.0,0.0,5,b8602e632fb6940db0d5eba01c45a618c5ff287df0d70740384aee615a551e4a,common complete dates,historical_final,ok,464,-1620.0,-19140.0,5840.0,11680.0,584,1168,-0.1914,-41.25,-0.10395,0.05404889255273512,-1.923258647687864,-0.22425,"conditional complete-window sum on stated capital, not live equity or intraday drawdown",0.19962284482758622,217142.21082089553,mean across entered windows; not equal-risk sizing or margin availability,464,252,0.0,0.0
YM,revert-12-1.5,combined_stress,84650db70559423ed6d3a99343cb21b9906380b1caa22c206bd1824738b9e5a1,8787d62a75d60451,5.0,2,0.0,0.0,5,b8602e632fb6940db0d5eba01c45a618c5ff287df0d70740384aee615a551e4a,common complete dates,2016,ok,27,-180.0,-1140.0,320.0,640.0,32,64,-0.0114,-42.22222222222222,-0.1064,0.013166741317542353,-8.08096684167713,-0.0114,"conditional complete-window sum on stated capital, not live equity or intraday drawdown",0.19367283950617284,92125.3125,mean across entered windows; not equal-risk sizing or margin availability,27,252,0.0,0.0
YM,revert-12-1.5,combined_stress,84650db70559423ed6d3a99343cb21b9906380b1caa22c206bd1824738b9e5a1,8787d62a75d60451,5.0,2,0.0,0.0,5,b8602e632fb6940db0d5eba01c45a618c5ff287df0d70740384aee615a551e4a,common complete dates,2017,ok,49,-570.0,-2040.0,490.0,980.0,49,98,-0.0204,-41.63265306122449,-0.10491428571428571,0.011633096259011553,-9.018603764497701,-0.0204,"conditional complete-window sum on stated capital, not live equity or intraday drawdown",0.18197278911564627,110462.85714285714,mean across entered windows; not equal-risk sizing or margin availability,49,252,0.0,0.0
YM,revert-12-1.5,combined_stress,84650db70559423ed6d3a99343cb21b9906380b1caa22c206bd1824738b9e5a1,8787d62a75d60451,5.0,2,0.0,0.0,5,b8602e632fb6940db0d5eba01c45a618c5ff287df0d70740384aee615a551e4a,common complete dates,2018,ok,212,-555.0,-8175.0,2540.0,5080.0,254,508,-0.08175,-38.56132075471698,-0.09717452830188679,0.02739054151543246,-3.5477403120028286,-0.0887,"conditional complete-window sum on stated capital, not live equity or intraday drawdown",0.19830974842767296,124942.46296296295,mean across entered windows; not equal-risk sizing or margin availability,212,252,0.0,0.0
YM,revert-12-1.5,combined_stress,84650db70559423ed6d3a99343cb21b9906380b1caa22c206bd1824738b9e5a1,8787d62a75d60451,5.0,2,0.0,0.0,5,b8602e632fb6940db0d5eba01c45a618c5ff287df0d70740384aee615a551e4a,common complete dates,2019,ok,220,-480.0,-8190.0,2570.0,5140.0,257,514,-0.0819,-37.22727272727273,-0.09381272727272727,0.020423620674223826,-4.593344577297508,-0.08240467742741492,"conditional complete-window sum on stated capital, not live equity or intraday drawdown",0.19053030303030302,130942.68115942029,mean across entered windows; not equal-risk sizing or margin availability,220,252,0.0,0.0
YM,revert-12-1.5,combined_stress,84650db70559423ed6d3a99343cb21b9906380b1caa22c206bd1824738b9e5a1,8787d62a75d60451,5.0,2,0.0,0.0,5,b8602e632fb6940db0d5eba01c45a618c5ff287df0d70740384aee615a551e4a,common complete dates,2020,ok,233,-925.0,-8905.0,2660.0,5320.0,266,532,-0.08905,-38.21888412017167,-0.09631158798283261,0.056634047693477706,-1.7005951703135005,-0.10465,"conditional complete-window sum on stated capital, not live equity or intraday drawdown",0.17820100143061515,134754.08670033672,mean across entered windows; not equal-risk sizing or margin availability,233,252,0.0,0.0
YM,revert-12-1.5,combined_stress,84650db70559423ed6d3a99343cb21b9906380b1caa22c206bd1824738b9e5a1,8787d62a75d60451,5.0,2,0.0,0.0,5,b8602e632fb6940db0d5eba01c45a618c5ff287df0d70740384aee615a551e4a,common complete dates,2021,ok,229,3000.0,-5430.0,2810.0,5620.0,281,562,-0.0543,-23.7117903930131,-0.059753711790393016,0.02824966646673016,-2.1152006116874125,-0.05656424581005587,"conditional complete-window sum on stated capital, not live equity or intraday drawdown",0.18249636098981079,169444.30051813473,mean across entered windows; not equal-risk sizing or margin availability,229,252,0.0,0.0
YM,revert-12-1.5,combined_stress,84650db70559423ed6d3a99343cb21b9906380b1caa22c206bd1824738b9e5a1,8787d62a75d60451,5.0,2,0.0,0.0,5,b8602e632fb6940db0d5eba01c45a618c5ff287df0d70740384aee615a551e4a,common complete dates,2022,ok,239,1620.0,-6600.0,2740.0,5480.0,274,548,-0.066,-27.615062761506277,-0.06958995815899581,0.036918776551006345,-1.8849475703197136,-0.07552252207312815,"conditional complete-window sum on stated capital, not live equity or intraday drawdown",0.19116108786610878,164894.72081218273,mean across entered windows; not equal-risk sizing or margin availability,239,252,0.0,0.0
YM,revert-12-1.5,combined_stress,84650db70559423ed6d3a99343cb21b9906380b1caa22c206bd1824738b9e5a1,8787d62a75d60451,5.0,2,0.0,0.0,5,b8602e632fb6940db0d5eba01c45a618c5ff287df0d70740384aee615a551e4a,common complete dates,2023,ok,228,-2105.0,-10475.0,2790.0,5580.0,279,558,-0.10475,-45.94298245614035,-0.11577631578947369,0.028257909182568267,-4.097129587382698,-0.1059,"conditional complete-window sum on stated capital, not live equity or intraday drawdown",0.18503289473684212,170781.85897435897,mean across entered windows; not equal-risk sizing or margin availability,228,252,0.0,0.0
YM,revert-12-1.5,combined_stress,84650db70559423ed6d3a99343cb21b9906380b1caa22c206bd1824738b9e5a1,8787d62a75d60451,5.0,2,0.0,0.0,5,b8602e632fb6940db0d5eba01c45a618c5ff287df0d70740384aee615a551e4a,common complete dates,2024,ok,213,325.0,-7985.0,2770.0,5540.0,277,554,-0.07985,-37.48826291079812,-0.09447042253521126,0.0291839729504478,-3.2370651759996822,-0.07985,"conditional complete-window sum on stated capital, not live equity or intraday drawdown",0.20657276995305165,201346.5307017544,mean across entered windows; not equal-risk sizing or margin availability,213,252,0.0,0.0
YM,revert-12-1.5,combined_stress,84650db70559423ed6d3a99343cb21b9906380b1caa22c206bd1824738b9e5a1,8787d62a75d60451,5.0,2,0.0,0.0,5,b8602e632fb6940db0d5eba01c45a618c5ff287df0d70740384aee615a551e4a,common complete dates,2025,ok,142,-6225.0,-11385.0,1720.0,3440.0,172,344,-0.11385,-80.17605633802818,-0.20204366197183102,0.07831721000889948,-2.579811792949111,-0.11553049206507636,"conditional complete-window sum on stated capital, not live equity or intraday drawdown",0.1949823943661972,218680.85416666666,mean across entered windows; not equal-risk sizing or margin availability,142,252,0.0,0.0
YM,revert-12-1.5,combined_stress,84650db70559423ed6d3a99343cb21b9906380b1caa22c206bd1824738b9e5a1,8787d62a75d60451,5.0,2,0.0,0.0,5,b8602e632fb6940db0d5eba01c45a618c5ff287df0d70740384aee615a551e4a,common complete dates,2026,ok,109,4280.0,230.0,1350.0,2700.0,135,270,0.0023,2.110091743119266,0.00531743119266055,0.052395818138566995,0.10148579374403448,-0.03306403351286655,"conditional complete-window sum on stated capital, not live equity or intraday drawdown",0.19208715596330275,247756.79800724634,mean across entered windows; not equal-risk sizing or margin availability,109,252,0.0,0.0
YM,flat,base,84650db70559423ed6d3a99343cb21b9906380b1caa22c206bd1824738b9e5a1,0242cc0acf2694c9,2.5,1,0.0,0.0,1,b8602e632fb6940db0d5eba01c45a618c5ff287df0d70740384aee615a551e4a,common complete dates,whole,ok,1901,0.0,0.0,0.0,0.0,0,0,0.0,0.0,0.0,0.0,,0.0,"conditional complete-window sum on stated capital, not live equity or intraday drawdown",0.0,0.0,mean across entered windows; not equal-risk sizing or margin availability,1901,252,0.0,0.0
YM,flat,base,84650db70559423ed6d3a99343cb21b9906380b1caa22c206bd1824738b9e5a1,0242cc0acf2694c9,2.5,1,0.0,0.0,1,b8602e632fb6940db0d5eba01c45a618c5ff287df0d70740384aee615a551e4a,common complete dates,development,ok,970,0.0,0.0,0.0,0.0,0,0,0.0,0.0,0.0,0.0,,0.0,"conditional complete-window sum on stated capital, not live equity or intraday drawdown",0.0,0.0,mean across entered windows; not equal-risk sizing or margin availability,970,252,0.0,0.0
YM,flat,base,84650db70559423ed6d3a99343cb21b9906380b1caa22c206bd1824738b9e5a1,0242cc0acf2694c9,2.5,1,0.0,0.0,1,b8602e632fb6940db0d5eba01c45a618c5ff287df0d70740384aee615a551e4a,common complete dates,validation,ok,467,0.0,0.0,0.0,0.0,0,0,0.0,0.0,0.0,0.0,,0.0,"conditional complete-window sum on stated capital, not live equity or intraday drawdown",0.0,0.0,mean across entered windows; not equal-risk sizing or margin availability,467,252,0.0,0.0
YM,flat,base,84650db70559423ed6d3a99343cb21b9906380b1caa22c206bd1824738b9e5a1,0242cc0acf2694c9,2.5,1,0.0,0.0,1,b8602e632fb6940db0d5eba01c45a618c5ff287df0d70740384aee615a551e4a,common complete dates,historical_final,ok,464,0.0,0.0,0.0,0.0,0,0,0.0,0.0,0.0,0.0,,0.0,"conditional complete-window sum on stated capital, not live equity or intraday drawdown",0.0,0.0,mean across entered windows; not equal-risk sizing or margin availability,464,252,0.0,0.0
YM,flat,base,84650db70559423ed6d3a99343cb21b9906380b1caa22c206bd1824738b9e5a1,0242cc0acf2694c9,2.5,1,0.0,0.0,1,b8602e632fb6940db0d5eba01c45a618c5ff287df0d70740384aee615a551e4a,common complete dates,2016,ok,27,0.0,0.0,0.0,0.0,0,0,0.0,0.0,0.0,0.0,,0.0,"conditional complete-window sum on stated capital, not live equity or intraday drawdown",0.0,0.0,mean across entered windows; not equal-risk sizing or margin availability,27,252,0.0,0.0
YM,flat,base,84650db70559423ed6d3a99343cb21b9906380b1caa22c206bd1824738b9e5a1,0242cc0acf2694c9,2.5,1,0.0,0.0,1,b8602e632fb6940db0d5eba01c45a618c5ff287df0d70740384aee615a551e4a,common complete dates,2017,ok,49,0.0,0.0,0.0,0.0,0,0,0.0,0.0,0.0,0.0,,0.0,"conditional complete-window sum on stated capital, not live equity or intraday drawdown",0.0,0.0,mean across entered windows; not equal-risk sizing or margin availability,49,252,0.0,0.0
YM,flat,base,84650db70559423ed6d3a99343cb21b9906380b1caa22c206bd1824738b9e5a1,0242cc0acf2694c9,2.5,1,0.0,0.0,1,b8602e632fb6940db0d5eba01c45a618c5ff287df0d70740384aee615a551e4a,common complete dates,2018,ok,212,0.0,0.0,0.0,0.0,0,0,0.0,0.0,0.0,0.0,,0.0,"conditional complete-window sum on stated capital, not live equity or intraday drawdown",0.0,0.0,mean across entered windows; not equal-risk sizing or margin availability,212,252,0.0,0.0
YM,flat,base,84650db70559423ed6d3a99343cb21b9906380b1caa22c206bd1824738b9e5a1,0242cc0acf2694c9,2.5,1,0.0,0.0,1,b8602e632fb6940db0d5eba01c45a618c5ff287df0d70740384aee615a551e4a,common complete dates,2019,ok,220,0.0,0.0,0.0,0.0,0,0,0.0,0.0,0.0,0.0,,0.0,"conditional complete-window sum on stated capital, not live equity or intraday drawdown",0.0,0.0,mean across entered windows; not equal-risk sizing or margin availability,220,252,0.0,0.0
YM,flat,base,84650db70559423ed6d3a99343cb21b9906380b1caa22c206bd1824738b9e5a1,0242cc0acf2694c9,2.5,1,0.0,0.0,1,b8602e632fb6940db0d5eba01c45a618c5ff287df0d70740384aee615a551e4a,common complete dates,2020,ok,233,0.0,0.0,0.0,0.0,0,0,0.0,0.0,0.0,0.0,,0.0,"conditional complete-window sum on stated capital, not live equity or intraday drawdown",0.0,0.0,mean across entered windows; not equal-risk sizing or margin availability,233,252,0.0,0.0
YM,flat,base,84650db70559423ed6d3a99343cb21b9906380b1caa22c206bd1824738b9e5a1,0242cc0acf2694c9,2.5,1,0.0,0.0,1,b8602e632fb6940db0d5eba01c45a618c5ff287df0d70740384aee615a551e4a,common complete dates,2021,ok,229,0.0,0.0,0.0,0.0,0,0,0.0,0.0,0.0,0.0,,0.0,"conditional complete-window sum on stated capital, not live equity or intraday drawdown",0.0,0.0,mean across entered windows; not equal-risk sizing or margin availability,229,252,0.0,0.0
YM,flat,base,84650db70559423ed6d3a99343cb21b9906380b1caa22c206bd1824738b9e5a1,0242cc0acf2694c9,2.5,1,0.0,0.0,1,b8602e632fb6940db0d5eba01c45a618c5ff287df0d70740384aee615a551e4a,common complete dates,2022,ok,239,0.0,0.0,0.0,0.0,0,0,0.0,0.0,0.0,0.0,,0.0,"conditional complete-window sum on stated capital, not live equity or intraday drawdown",0.0,0.0,mean across entered windows; not equal-risk sizing or margin availability,239,252,0.0,0.0
YM,flat,base,84650db70559423ed6d3a99343cb21b9906380b1caa22c206bd1824738b9e5a1,0242cc0acf2694c9,2.5,1,0.0,0.0,1,b8602e632fb6940db0d5eba01c45a618c5ff287df0d70740384aee615a551e4a,common complete dates,2023,ok,228,0.0,0.0,0.0,0.0,0,0,0.0,0.0,0.0,0.0,,0.0,"conditional complete-window sum on stated capital, not live equity or intraday drawdown",0.0,0.0,mean across entered windows; not equal-risk sizing or margin availability,228,252,0.0,0.0
YM,flat,base,84650db70559423ed6d3a99343cb21b9906380b1caa22c206bd1824738b9e5a1,0242cc0acf2694c9,2.5,1,0.0,0.0,1,b8602e632fb6940db0d5eba01c45a618c5ff287df0d70740384aee615a551e4a,common complete dates,2024,ok,213,0.0,0.0,0.0,0.0,0,0,0.0,0.0,0.0,0.0,,0.0,"conditional complete-window sum on stated capital, not live equity or intraday drawdown",0.0,0.0,mean across entered windows; not equal-risk sizing or margin availability,213,252,0.0,0.0
YM,flat,base,84650db70559423ed6d3a99343cb21b9906380b1caa22c206bd1824738b9e5a1,0242cc0acf2694c9,2.5,1,0.0,0.0,1,b8602e632fb6940db0d5eba01c45a618c5ff287df0d70740384aee615a551e4a,common complete dates,2025,ok,142,0.0,0.0,0.0,0.0,0,0,0.0,0.0,0.0,0.0,,0.0,"conditional complete-window sum on stated capital, not live equity or intraday drawdown",0.0,0.0,mean across entered windows; not equal-risk sizing or margin availability,142,252,0.0,0.0
YM,flat,base,84650db70559423ed6d3a99343cb21b9906380b1caa22c206bd1824738b9e5a1,0242cc0acf2694c9,2.5,1,0.0,0.0,1,b8602e632fb6940db0d5eba01c45a618c5ff287df0d70740384aee615a551e4a,common complete dates,2026,ok,109,0.0,0.0,0.0,0.0,0,0,0.0,0.0,0.0,0.0,,0.0,"conditional complete-window sum on stated capital, not live equity or intraday drawdown",0.0,0.0,mean across entered windows; not equal-risk sizing or margin availability,109,252,0.0,0.0
YM,flat,gross_reference,84650db70559423ed6d3a99343cb21b9906380b1caa22c206bd1824738b9e5a1,9d5821c9557a8c95,0.0,0,0.0,0.0,1,b8602e632fb6940db0d5eba01c45a618c5ff287df0d70740384aee615a551e4a,common complete dates,whole,ok,1901,0.0,0.0,0.0,0.0,0,0,0.0,0.0,0.0,0.0,,0.0,"conditional complete-window sum on stated capital, not live equity or intraday drawdown",0.0,0.0,mean across entered windows; not equal-risk sizing or margin availability,1901,252,0.0,0.0
YM,flat,gross_reference,84650db70559423ed6d3a99343cb21b9906380b1caa22c206bd1824738b9e5a1,9d5821c9557a8c95,0.0,0,0.0,0.0,1,b8602e632fb6940db0d5eba01c45a618c5ff287df0d70740384aee615a551e4a,common complete dates,development,ok,970,0.0,0.0,0.0,0.0,0,0,0.0,0.0,0.0,0.0,,0.0,"conditional complete-window sum on stated capital, not live equity or intraday drawdown",0.0,0.0,mean across entered windows; not equal-risk sizing or margin availability,970,252,0.0,0.0
YM,flat,gross_reference,84650db70559423ed6d3a99343cb21b9906380b1caa22c206bd1824738b9e5a1,9d5821c9557a8c95,0.0,0,0.0,0.0,1,b8602e632fb6940db0d5eba01c45a618c5ff287df0d70740384aee615a551e4a,common complete dates,validation,ok,467,0.0,0.0,0.0,0.0,0,0,0.0,0.0,0.0,0.0,,0.0,"conditional complete-window sum on stated capital, not live equity or intraday drawdown",0.0,0.0,mean across entered windows; not equal-risk sizing or margin availability,467,252,0.0,0.0
YM,flat,gross_reference,84650db70559423ed6d3a99343cb21b9906380b1caa22c206bd1824738b9e5a1,9d5821c9557a8c95,0.0,0,0.0,0.0,1,b8602e632fb6940db0d5eba01c45a618c5ff287df0d70740384aee615a551e4a,common complete dates,historical_final,ok,464,0.0,0.0,0.0,0.0,0,0,0.0,0.0,0.0,0.0,,0.0,"conditional complete-window sum on stated capital, not live equity or intraday drawdown",0.0,0.0,mean across entered windows; not equal-risk sizing or margin availability,464,252,0.0,0.0
YM,flat,gross_reference,84650db70559423ed6d3a99343cb21b9906380b1caa22c206bd1824738b9e5a1,9d5821c9557a8c95,0.0,0,0.0,0.0,1,b8602e632fb6940db0d5eba01c45a618c5ff287df0d70740384aee615a551e4a,common complete dates,2016,ok,27,0.0,0.0,0.0,0.0,0,0,0.0,0.0,0.0,0.0,,0.0,"conditional complete-window sum on stated capital, not live equity or intraday drawdown",0.0,0.0,mean across entered windows; not equal-risk sizing or margin availability,27,252,0.0,0.0
YM,flat,gross_reference,84650db70559423ed6d3a99343cb21b9906380b1caa22c206bd1824738b9e5a1,9d5821c9557a8c95,0.0,0,0.0,0.0,1,b8602e632fb6940db0d5eba01c45a618c5ff287df0d70740384aee615a551e4a,common complete dates,2017,ok,49,0.0,0.0,0.0,0.0,0,0,0.0,0.0,0.0,0.0,,0.0,"conditional complete-window sum on stated capital, not live equity or intraday drawdown",0.0,0.0,mean across entered windows; not equal-risk sizing or margin availability,49,252,0.0,0.0
YM,flat,gross_reference,84650db70559423ed6d3a99343cb21b9906380b1caa22c206bd1824738b9e5a1,9d5821c9557a8c95,0.0,0,0.0,0.0,1,b8602e632fb6940db0d5eba01c45a618c5ff287df0d70740384aee615a551e4a,common complete dates,2018,ok,212,0.0,0.0,0.0,0.0,0,0,0.0,0.0,0.0,0.0,,0.0,"conditional complete-window sum on stated capital, not live equity or intraday drawdown",0.0,0.0,mean across entered windows; not equal-risk sizing or margin availability,212,252,0.0,0.0
YM,flat,gross_reference,84650db70559423ed6d3a99343cb21b9906380b1caa22c206bd1824738b9e5a1,9d5821c9557a8c95,0.0,0,0.0,0.0,1,b8602e632fb6940db0d5eba01c45a618c5ff287df0d70740384aee615a551e4a,common complete dates,2019,ok,220,0.0,0.0,0.0,0.0,0,0,0.0,0.0,0.0,0.0,,0.0,"conditional complete-window sum on stated capital, not live equity or intraday drawdown",0.0,0.0,mean across entered windows; not equal-risk sizing or margin availability,220,252,0.0,0.0
YM,flat,gross_reference,84650db70559423ed6d3a99343cb21b9906380b1caa22c206bd1824738b9e5a1,9d5821c9557a8c95,0.0,0,0.0,0.0,1,b8602e632fb6940db0d5eba01c45a618c5ff287df0d70740384aee615a551e4a,common complete dates,2020,ok,233,0.0,0.0,0.0,0.0,0,0,0.0,0.0,0.0,0.0,,0.0,"conditional complete-window sum on stated capital, not live equity or intraday drawdown",0.0,0.0,mean across entered windows; not equal-risk sizing or margin availability,233,252,0.0,0.0
YM,flat,gross_reference,84650db70559423ed6d3a99343cb21b9906380b1caa22c206bd1824738b9e5a1,9d5821c9557a8c95,0.0,0,0.0,0.0,1,b8602e632fb6940db0d5eba01c45a618c5ff287df0d70740384aee615a551e4a,common complete dates,2021,ok,229,0.0,0.0,0.0,0.0,0,0,0.0,0.0,0.0,0.0,,0.0,"conditional complete-window sum on stated capital, not live equity or intraday drawdown",0.0,0.0,mean across entered windows; not equal-risk sizing or margin availability,229,252,0.0,0.0
YM,flat,gross_reference,84650db70559423ed6d3a99343cb21b9906380b1caa22c206bd1824738b9e5a1,9d5821c9557a8c95,0.0,0,0.0,0.0,1,b8602e632fb6940db0d5eba01c45a618c5ff287df0d70740384aee615a551e4a,common complete dates,2022,ok,239,0.0,0.0,0.0,0.0,0,0,0.0,0.0,0.0,0.0,,0.0,"conditional complete-window sum on stated capital, not live equity or intraday drawdown",0.0,0.0,mean across entered windows; not equal-risk sizing or margin availability,239,252,0.0,0.0
YM,flat,gross_reference,84650db70559423ed6d3a99343cb21b9906380b1caa22c206bd1824738b9e5a1,9d5821c9557a8c95,0.0,0,0.0,0.0,1,b8602e632fb6940db0d5eba01c45a618c5ff287df0d70740384aee615a551e4a,common complete dates,2023,ok,228,0.0,0.0,0.0,0.0,0,0,0.0,0.0,0.0,0.0,,0.0,"conditional complete-window sum on stated capital, not live equity or intraday drawdown",0.0,0.0,mean across entered windows; not equal-risk sizing or margin availability,228,252,0.0,0.0
YM,flat,gross_reference,84650db70559423ed6d3a99343cb21b9906380b1caa22c206bd1824738b9e5a1,9d5821c9557a8c95,0.0,0,0.0,0.0,1,b8602e632fb6940db0d5eba01c45a618c5ff287df0d70740384aee615a551e4a,common complete dates,2024,ok,213,0.0,0.0,0.0,0.0,0,0,0.0,0.0,0.0,0.0,,0.0,"conditional complete-window sum on stated capital, not live equity or intraday drawdown",0.0,0.0,mean across entered windows; not equal-risk sizing or margin availability,213,252,0.0,0.0
YM,flat,gross_reference,84650db70559423ed6d3a99343cb21b9906380b1caa22c206bd1824738b9e5a1,9d5821c9557a8c95,0.0,0,0.0,0.0,1,b8602e632fb6940db0d5eba01c45a618c5ff287df0d70740384aee615a551e4a,common complete dates,2025,ok,142,0.0,0.0,0.0,0.0,0,0,0.0,0.0,0.0,0.0,,0.0,"conditional complete-window sum on stated capital, not live equity or intraday drawdown",0.0,0.0,mean across entered windows; not equal-risk sizing or margin availability,142,252,0.0,0.0
YM,flat,gross_reference,84650db70559423ed6d3a99343cb21b9906380b1caa22c206bd1824738b9e5a1,9d5821c9557a8c95,0.0,0,0.0,0.0,1,b8602e632fb6940db0d5eba01c45a618c5ff287df0d70740384aee615a551e4a,common complete dates,2026,ok,109,0.0,0.0,0.0,0.0,0,0,0.0,0.0,0.0,0.0,,0.0,"conditional complete-window sum on stated capital, not live equity or intraday drawdown",0.0,0.0,mean across entered windows; not equal-risk sizing or margin availability,109,252,0.0,0.0
YM,flat,cost_stress,84650db70559423ed6d3a99343cb21b9906380b1caa22c206bd1824738b9e5a1,ec589ce3cde29035,5.0,2,0.0,0.0,1,b8602e632fb6940db0d5eba01c45a618c5ff287df0d70740384aee615a551e4a,common complete dates,whole,ok,1901,0.0,0.0,0.0,0.0,0,0,0.0,0.0,0.0,0.0,,0.0,"conditional complete-window sum on stated capital, not live equity or intraday drawdown",0.0,0.0,mean across entered windows; not equal-risk sizing or margin availability,1901,252,0.0,0.0
YM,flat,cost_stress,84650db70559423ed6d3a99343cb21b9906380b1caa22c206bd1824738b9e5a1,ec589ce3cde29035,5.0,2,0.0,0.0,1,b8602e632fb6940db0d5eba01c45a618c5ff287df0d70740384aee615a551e4a,common complete dates,development,ok,970,0.0,0.0,0.0,0.0,0,0,0.0,0.0,0.0,0.0,,0.0,"conditional complete-window sum on stated capital, not live equity or intraday drawdown",0.0,0.0,mean across entered windows; not equal-risk sizing or margin availability,970,252,0.0,0.0
YM,flat,cost_stress,84650db70559423ed6d3a99343cb21b9906380b1caa22c206bd1824738b9e5a1,ec589ce3cde29035,5.0,2,0.0,0.0,1,b8602e632fb6940db0d5eba01c45a618c5ff287df0d70740384aee615a551e4a,common complete dates,validation,ok,467,0.0,0.0,0.0,0.0,0,0,0.0,0.0,0.0,0.0,,0.0,"conditional complete-window sum on stated capital, not live equity or intraday drawdown",0.0,0.0,mean across entered windows; not equal-risk sizing or margin availability,467,252,0.0,0.0
YM,flat,cost_stress,84650db70559423ed6d3a99343cb21b9906380b1caa22c206bd1824738b9e5a1,ec589ce3cde29035,5.0,2,0.0,0.0,1,b8602e632fb6940db0d5eba01c45a618c5ff287df0d70740384aee615a551e4a,common complete dates,historical_final,ok,464,0.0,0.0,0.0,0.0,0,0,0.0,0.0,0.0,0.0,,0.0,"conditional complete-window sum on stated capital, not live equity or intraday drawdown",0.0,0.0,mean across entered windows; not equal-risk sizing or margin availability,464,252,0.0,0.0
YM,flat,cost_stress,84650db70559423ed6d3a99343cb21b9906380b1caa22c206bd1824738b9e5a1,ec589ce3cde29035,5.0,2,0.0,0.0,1,b8602e632fb6940db0d5eba01c45a618c5ff287df0d70740384aee615a551e4a,common complete dates,2016,ok,27,0.0,0.0,0.0,0.0,0,0,0.0,0.0,0.0,0.0,,0.0,"conditional complete-window sum on stated capital, not live equity or intraday drawdown",0.0,0.0,mean across entered windows; not equal-risk sizing or margin availability,27,252,0.0,0.0
YM,flat,cost_stress,84650db70559423ed6d3a99343cb21b9906380b1caa22c206bd1824738b9e5a1,ec589ce3cde29035,5.0,2,0.0,0.0,1,b8602e632fb6940db0d5eba01c45a618c5ff287df0d70740384aee615a551e4a,common complete dates,2017,ok,49,0.0,0.0,0.0,0.0,0,0,0.0,0.0,0.0,0.0,,0.0,"conditional complete-window sum on stated capital, not live equity or intraday drawdown",0.0,0.0,mean across entered windows; not equal-risk sizing or margin availability,49,252,0.0,0.0
YM,flat,cost_stress,84650db70559423ed6d3a99343cb21b9906380b1caa22c206bd1824738b9e5a1,ec589ce3cde29035,5.0,2,0.0,0.0,1,b8602e632fb6940db0d5eba01c45a618c5ff287df0d70740384aee615a551e4a,common complete dates,2018,ok,212,0.0,0.0,0.0,0.0,0,0,0.0,0.0,0.0,0.0,,0.0,"conditional complete-window sum on stated capital, not live equity or intraday drawdown",0.0,0.0,mean across entered windows; not equal-risk sizing or margin availability,212,252,0.0,0.0
YM,flat,cost_stress,84650db70559423ed6d3a99343cb21b9906380b1caa22c206bd1824738b9e5a1,ec589ce3cde29035,5.0,2,0.0,0.0,1,b8602e632fb6940db0d5eba01c45a618c5ff287df0d70740384aee615a551e4a,common complete dates,2019,ok,220,0.0,0.0,0.0,0.0,0,0,0.0,0.0,0.0,0.0,,0.0,"conditional complete-window sum on stated capital, not live equity or intraday drawdown",0.0,0.0,mean across entered windows; not equal-risk sizing or margin availability,220,252,0.0,0.0
YM,flat,cost_stress,84650db70559423ed6d3a99343cb21b9906380b1caa22c206bd1824738b9e5a1,ec589ce3cde29035,5.0,2,0.0,0.0,1,b8602e632fb6940db0d5eba01c45a618c5ff287df0d70740384aee615a551e4a,common complete dates,2020,ok,233,0.0,0.0,0.0,0.0,0,0,0.0,0.0,0.0,0.0,,0.0,"conditional complete-window sum on stated capital, not live equity or intraday drawdown",0.0,0.0,mean across entered windows; not equal-risk sizing or margin availability,233,252,0.0,0.0
YM,flat,cost_stress,84650db70559423ed6d3a99343cb21b9906380b1caa22c206bd1824738b9e5a1,ec589ce3cde29035,5.0,2,0.0,0.0,1,b8602e632fb6940db0d5eba01c45a618c5ff287df0d70740384aee615a551e4a,common complete dates,2021,ok,229,0.0,0.0,0.0,0.0,0,0,0.0,0.0,0.0,0.0,,0.0,"conditional complete-window sum on stated capital, not live equity or intraday drawdown",0.0,0.0,mean across entered windows; not equal-risk sizing or margin availability,229,252,0.0,0.0
YM,flat,cost_stress,84650db70559423ed6d3a99343cb21b9906380b1caa22c206bd1824738b9e5a1,ec589ce3cde29035,5.0,2,0.0,0.0,1,b8602e632fb6940db0d5eba01c45a618c5ff287df0d70740384aee615a551e4a,common complete dates,2022,ok,239,0.0,0.0,0.0,0.0,0,0,0.0,0.0,0.0,0.0,,0.0,"conditional complete-window sum on stated capital, not live equity or intraday drawdown",0.0,0.0,mean across entered windows; not equal-risk sizing or margin availability,239,252,0.0,0.0
YM,flat,cost_stress,84650db70559423ed6d3a99343cb21b9906380b1caa22c206bd1824738b9e5a1,ec589ce3cde29035,5.0,2,0.0,0.0,1,b8602e632fb6940db0d5eba01c45a618c5ff287df0d70740384aee615a551e4a,common complete dates,2023,ok,228,0.0,0.0,0.0,0.0,0,0,0.0,0.0,0.0,0.0,,0.0,"conditional complete-window sum on stated capital, not live equity or intraday drawdown",0.0,0.0,mean across entered windows; not equal-risk sizing or margin availability,228,252,0.0,0.0
YM,flat,cost_stress,84650db70559423ed6d3a99343cb21b9906380b1caa22c206bd1824738b9e5a1,ec589ce3cde29035,5.0,2,0.0,0.0,1,b8602e632fb6940db0d5eba01c45a618c5ff287df0d70740384aee615a551e4a,common complete dates,2024,ok,213,0.0,0.0,0.0,0.0,0,0,0.0,0.0,0.0,0.0,,0.0,"conditional complete-window sum on stated capital, not live equity or intraday drawdown",0.0,0.0,mean across entered windows; not equal-risk sizing or margin availability,213,252,0.0,0.0
YM,flat,cost_stress,84650db70559423ed6d3a99343cb21b9906380b1caa22c206bd1824738b9e5a1,ec589ce3cde29035,5.0,2,0.0,0.0,1,b8602e632fb6940db0d5eba01c45a618c5ff287df0d70740384aee615a551e4a,common complete dates,2025,ok,142,0.0,0.0,0.0,0.0,0,0,0.0,0.0,0.0,0.0,,0.0,"conditional complete-window sum on stated capital, not live equity or intraday drawdown",0.0,0.0,mean across entered windows; not equal-risk sizing or margin availability,142,252,0.0,0.0
YM,flat,cost_stress,84650db70559423ed6d3a99343cb21b9906380b1caa22c206bd1824738b9e5a1,ec589ce3cde29035,5.0,2,0.0,0.0,1,b8602e632fb6940db0d5eba01c45a618c5ff287df0d70740384aee615a551e4a,common complete dates,2026,ok,109,0.0,0.0,0.0,0.0,0,0,0.0,0.0,0.0,0.0,,0.0,"conditional complete-window sum on stated capital, not live equity or intraday drawdown",0.0,0.0,mean across entered windows; not equal-risk sizing or margin availability,109,252,0.0,0.0
YM,flat,delay_stress,84650db70559423ed6d3a99343cb21b9906380b1caa22c206bd1824738b9e5a1,10e41fecfe58cef0,2.5,1,0.0,0.0,5,b8602e632fb6940db0d5eba01c45a618c5ff287df0d70740384aee615a551e4a,common complete dates,whole,ok,1901,0.0,0.0,0.0,0.0,0,0,0.0,0.0,0.0,0.0,,0.0,"conditional complete-window sum on stated capital, not live equity or intraday drawdown",0.0,0.0,mean across entered windows; not equal-risk sizing or margin availability,1901,252,0.0,0.0
YM,flat,delay_stress,84650db70559423ed6d3a99343cb21b9906380b1caa22c206bd1824738b9e5a1,10e41fecfe58cef0,2.5,1,0.0,0.0,5,b8602e632fb6940db0d5eba01c45a618c5ff287df0d70740384aee615a551e4a,common complete dates,development,ok,970,0.0,0.0,0.0,0.0,0,0,0.0,0.0,0.0,0.0,,0.0,"conditional complete-window sum on stated capital, not live equity or intraday drawdown",0.0,0.0,mean across entered windows; not equal-risk sizing or margin availability,970,252,0.0,0.0
YM,flat,delay_stress,84650db70559423ed6d3a99343cb21b9906380b1caa22c206bd1824738b9e5a1,10e41fecfe58cef0,2.5,1,0.0,0.0,5,b8602e632fb6940db0d5eba01c45a618c5ff287df0d70740384aee615a551e4a,common complete dates,validation,ok,467,0.0,0.0,0.0,0.0,0,0,0.0,0.0,0.0,0.0,,0.0,"conditional complete-window sum on stated capital, not live equity or intraday drawdown",0.0,0.0,mean across entered windows; not equal-risk sizing or margin availability,467,252,0.0,0.0
YM,flat,delay_stress,84650db70559423ed6d3a99343cb21b9906380b1caa22c206bd1824738b9e5a1,10e41fecfe58cef0,2.5,1,0.0,0.0,5,b8602e632fb6940db0d5eba01c45a618c5ff287df0d70740384aee615a551e4a,common complete dates,historical_final,ok,464,0.0,0.0,0.0,0.0,0,0,0.0,0.0,0.0,0.0,,0.0,"conditional complete-window sum on stated capital, not live equity or intraday drawdown",0.0,0.0,mean across entered windows; not equal-risk sizing or margin availability,464,252,0.0,0.0
YM,flat,delay_stress,84650db70559423ed6d3a99343cb21b9906380b1caa22c206bd1824738b9e5a1,10e41fecfe58cef0,2.5,1,0.0,0.0,5,b8602e632fb6940db0d5eba01c45a618c5ff287df0d70740384aee615a551e4a,common complete dates,2016,ok,27,0.0,0.0,0.0,0.0,0,0,0.0,0.0,0.0,0.0,,0.0,"conditional complete-window sum on stated capital, not live equity or intraday drawdown",0.0,0.0,mean across entered windows; not equal-risk sizing or margin availability,27,252,0.0,0.0
YM,flat,delay_stress,84650db70559423ed6d3a99343cb21b9906380b1caa22c206bd1824738b9e5a1,10e41fecfe58cef0,2.5,1,0.0,0.0,5,b8602e632fb6940db0d5eba01c45a618c5ff287df0d70740384aee615a551e4a,common complete dates,2017,ok,49,0.0,0.0,0.0,0.0,0,0,0.0,0.0,0.0,0.0,,0.0,"conditional complete-window sum on stated capital, not live equity or intraday drawdown",0.0,0.0,mean across entered windows; not equal-risk sizing or margin availability,49,252,0.0,0.0
YM,flat,delay_stress,84650db70559423ed6d3a99343cb21b9906380b1caa22c206bd1824738b9e5a1,10e41fecfe58cef0,2.5,1,0.0,0.0,5,b8602e632fb6940db0d5eba01c45a618c5ff287df0d70740384aee615a551e4a,common complete dates,2018,ok,212,0.0,0.0,0.0,0.0,0,0,0.0,0.0,0.0,0.0,,0.0,"conditional complete-window sum on stated capital, not live equity or intraday drawdown",0.0,0.0,mean across entered windows; not equal-risk sizing or margin availability,212,252,0.0,0.0
YM,flat,delay_stress,84650db70559423ed6d3a99343cb21b9906380b1caa22c206bd1824738b9e5a1,10e41fecfe58cef0,2.5,1,0.0,0.0,5,b8602e632fb6940db0d5eba01c45a618c5ff287df0d70740384aee615a551e4a,common complete dates,2019,ok,220,0.0,0.0,0.0,0.0,0,0,0.0,0.0,0.0,0.0,,0.0,"conditional complete-window sum on stated capital, not live equity or intraday drawdown",0.0,0.0,mean across entered windows; not equal-risk sizing or margin availability,220,252,0.0,0.0
YM,flat,delay_stress,84650db70559423ed6d3a99343cb21b9906380b1caa22c206bd1824738b9e5a1,10e41fecfe58cef0,2.5,1,0.0,0.0,5,b8602e632fb6940db0d5eba01c45a618c5ff287df0d70740384aee615a551e4a,common complete dates,2020,ok,233,0.0,0.0,0.0,0.0,0,0,0.0,0.0,0.0,0.0,,0.0,"conditional complete-window sum on stated capital, not live equity or intraday drawdown",0.0,0.0,mean across entered windows; not equal-risk sizing or margin availability,233,252,0.0,0.0
YM,flat,delay_stress,84650db70559423ed6d3a99343cb21b9906380b1caa22c206bd1824738b9e5a1,10e41fecfe58cef0,2.5,1,0.0,0.0,5,b8602e632fb6940db0d5eba01c45a618c5ff287df0d70740384aee615a551e4a,common complete dates,2021,ok,229,0.0,0.0,0.0,0.0,0,0,0.0,0.0,0.0,0.0,,0.0,"conditional complete-window sum on stated capital, not live equity or intraday drawdown",0.0,0.0,mean across entered windows; not equal-risk sizing or margin availability,229,252,0.0,0.0
YM,flat,delay_stress,84650db70559423ed6d3a99343cb21b9906380b1caa22c206bd1824738b9e5a1,10e41fecfe58cef0,2.5,1,0.0,0.0,5,b8602e632fb6940db0d5eba01c45a618c5ff287df0d70740384aee615a551e4a,common complete dates,2022,ok,239,0.0,0.0,0.0,0.0,0,0,0.0,0.0,0.0,0.0,,0.0,"conditional complete-window sum on stated capital, not live equity or intraday drawdown",0.0,0.0,mean across entered windows; not equal-risk sizing or margin availability,239,252,0.0,0.0
YM,flat,delay_stress,84650db70559423ed6d3a99343cb21b9906380b1caa22c206bd1824738b9e5a1,10e41fecfe58cef0,2.5,1,0.0,0.0,5,b8602e632fb6940db0d5eba01c45a618c5ff287df0d70740384aee615a551e4a,common complete dates,2023,ok,228,0.0,0.0,0.0,0.0,0,0,0.0,0.0,0.0,0.0,,0.0,"conditional complete-window sum on stated capital, not live equity or intraday drawdown",0.0,0.0,mean across entered windows; not equal-risk sizing or margin availability,228,252,0.0,0.0
YM,flat,delay_stress,84650db70559423ed6d3a99343cb21b9906380b1caa22c206bd1824738b9e5a1,10e41fecfe58cef0,2.5,1,0.0,0.0,5,b8602e632fb6940db0d5eba01c45a618c5ff287df0d70740384aee615a551e4a,common complete dates,2024,ok,213,0.0,0.0,0.0,0.0,0,0,0.0,0.0,0.0,0.0,,0.0,"conditional complete-window sum on stated capital, not live equity or intraday drawdown",0.0,0.0,mean across entered windows; not equal-risk sizing or margin availability,213,252,0.0,0.0
YM,flat,delay_stress,84650db70559423ed6d3a99343cb21b9906380b1caa22c206bd1824738b9e5a1,10e41fecfe58cef0,2.5,1,0.0,0.0,5,b8602e632fb6940db0d5eba01c45a618c5ff287df0d70740384aee615a551e4a,common complete dates,2025,ok,142,0.0,0.0,0.0,0.0,0,0,0.0,0.0,0.0,0.0,,0.0,"conditional complete-window sum on stated capital, not live equity or intraday drawdown",0.0,0.0,mean across entered windows; not equal-risk sizing or margin availability,142,252,0.0,0.0
YM,flat,delay_stress,84650db70559423ed6d3a99343cb21b9906380b1caa22c206bd1824738b9e5a1,10e41fecfe58cef0,2.5,1,0.0,0.0,5,b8602e632fb6940db0d5eba01c45a618c5ff287df0d70740384aee615a551e4a,common complete dates,2026,ok,109,0.0,0.0,0.0,0.0,0,0,0.0,0.0,0.0,0.0,,0.0,"conditional complete-window sum on stated capital, not live equity or intraday drawdown",0.0,0.0,mean across entered windows; not equal-risk sizing or margin availability,109,252,0.0,0.0
YM,flat,combined_stress,84650db70559423ed6d3a99343cb21b9906380b1caa22c206bd1824738b9e5a1,2e0ce877007c8c68,5.0,2,0.0,0.0,5,b8602e632fb6940db0d5eba01c45a618c5ff287df0d70740384aee615a551e4a,common complete dates,whole,ok,1901,0.0,0.0,0.0,0.0,0,0,0.0,0.0,0.0,0.0,,0.0,"conditional complete-window sum on stated capital, not live equity or intraday drawdown",0.0,0.0,mean across entered windows; not equal-risk sizing or margin availability,1901,252,0.0,0.0
YM,flat,combined_stress,84650db70559423ed6d3a99343cb21b9906380b1caa22c206bd1824738b9e5a1,2e0ce877007c8c68,5.0,2,0.0,0.0,5,b8602e632fb6940db0d5eba01c45a618c5ff287df0d70740384aee615a551e4a,common complete dates,development,ok,970,0.0,0.0,0.0,0.0,0,0,0.0,0.0,0.0,0.0,,0.0,"conditional complete-window sum on stated capital, not live equity or intraday drawdown",0.0,0.0,mean across entered windows; not equal-risk sizing or margin availability,970,252,0.0,0.0
YM,flat,combined_stress,84650db70559423ed6d3a99343cb21b9906380b1caa22c206bd1824738b9e5a1,2e0ce877007c8c68,5.0,2,0.0,0.0,5,b8602e632fb6940db0d5eba01c45a618c5ff287df0d70740384aee615a551e4a,common complete dates,validation,ok,467,0.0,0.0,0.0,0.0,0,0,0.0,0.0,0.0,0.0,,0.0,"conditional complete-window sum on stated capital, not live equity or intraday drawdown",0.0,0.0,mean across entered windows; not equal-risk sizing or margin availability,467,252,0.0,0.0
YM,flat,combined_stress,84650db70559423ed6d3a99343cb21b9906380b1caa22c206bd1824738b9e5a1,2e0ce877007c8c68,5.0,2,0.0,0.0,5,b8602e632fb6940db0d5eba01c45a618c5ff287df0d70740384aee615a551e4a,common complete dates,historical_final,ok,464,0.0,0.0,0.0,0.0,0,0,0.0,0.0,0.0,0.0,,0.0,"conditional complete-window sum on stated capital, not live equity or intraday drawdown",0.0,0.0,mean across entered windows; not equal-risk sizing or margin availability,464,252,0.0,0.0
YM,flat,combined_stress,84650db70559423ed6d3a99343cb21b9906380b1caa22c206bd1824738b9e5a1,2e0ce877007c8c68,5.0,2,0.0,0.0,5,b8602e632fb6940db0d5eba01c45a618c5ff287df0d70740384aee615a551e4a,common complete dates,2016,ok,27,0.0,0.0,0.0,0.0,0,0,0.0,0.0,0.0,0.0,,0.0,"conditional complete-window sum on stated capital, not live equity or intraday drawdown",0.0,0.0,mean across entered windows; not equal-risk sizing or margin availability,27,252,0.0,0.0
YM,flat,combined_stress,84650db70559423ed6d3a99343cb21b9906380b1caa22c206bd1824738b9e5a1,2e0ce877007c8c68,5.0,2,0.0,0.0,5,b8602e632fb6940db0d5eba01c45a618c5ff287df0d70740384aee615a551e4a,common complete dates,2017,ok,49,0.0,0.0,0.0,0.0,0,0,0.0,0.0,0.0,0.0,,0.0,"conditional complete-window sum on stated capital, not live equity or intraday drawdown",0.0,0.0,mean across entered windows; not equal-risk sizing or margin availability,49,252,0.0,0.0
YM,flat,combined_stress,84650db70559423ed6d3a99343cb21b9906380b1caa22c206bd1824738b9e5a1,2e0ce877007c8c68,5.0,2,0.0,0.0,5,b8602e632fb6940db0d5eba01c45a618c5ff287df0d70740384aee615a551e4a,common complete dates,2018,ok,212,0.0,0.0,0.0,0.0,0,0,0.0,0.0,0.0,0.0,,0.0,"conditional complete-window sum on stated capital, not live equity or intraday drawdown",0.0,0.0,mean across entered windows; not equal-risk sizing or margin availability,212,252,0.0,0.0
YM,flat,combined_stress,84650db70559423ed6d3a99343cb21b9906380b1caa22c206bd1824738b9e5a1,2e0ce877007c8c68,5.0,2,0.0,0.0,5,b8602e632fb6940db0d5eba01c45a618c5ff287df0d70740384aee615a551e4a,common complete dates,2019,ok,220,0.0,0.0,0.0,0.0,0,0,0.0,0.0,0.0,0.0,,0.0,"conditional complete-window sum on stated capital, not live equity or intraday drawdown",0.0,0.0,mean across entered windows; not equal-risk sizing or margin availability,220,252,0.0,0.0
YM,flat,combined_stress,84650db70559423ed6d3a99343cb21b9906380b1caa22c206bd1824738b9e5a1,2e0ce877007c8c68,5.0,2,0.0,0.0,5,b8602e632fb6940db0d5eba01c45a618c5ff287df0d70740384aee615a551e4a,common complete dates,2020,ok,233,0.0,0.0,0.0,0.0,0,0,0.0,0.0,0.0,0.0,,0.0,"conditional complete-window sum on stated capital, not live equity or intraday drawdown",0.0,0.0,mean across entered windows; not equal-risk sizing or margin availability,233,252,0.0,0.0
YM,flat,combined_stress,84650db70559423ed6d3a99343cb21b9906380b1caa22c206bd1824738b9e5a1,2e0ce877007c8c68,5.0,2,0.0,0.0,5,b8602e632fb6940db0d5eba01c45a618c5ff287df0d70740384aee615a551e4a,common complete dates,2021,ok,229,0.0,0.0,0.0,0.0,0,0,0.0,0.0,0.0,0.0,,0.0,"conditional complete-window sum on stated capital, not live equity or intraday drawdown",0.0,0.0,mean across entered windows; not equal-risk sizing or margin availability,229,252,0.0,0.0
YM,flat,combined_stress,84650db70559423ed6d3a99343cb21b9906380b1caa22c206bd1824738b9e5a1,2e0ce877007c8c68,5.0,2,0.0,0.0,5,b8602e632fb6940db0d5eba01c45a618c5ff287df0d70740384aee615a551e4a,common complete dates,2022,ok,239,0.0,0.0,0.0,0.0,0,0,0.0,0.0,0.0,0.0,,0.0,"conditional complete-window sum on stated capital, not live equity or intraday drawdown",0.0,0.0,mean across entered windows; not equal-risk sizing or margin availability,239,252,0.0,0.0
YM,flat,combined_stress,84650db70559423ed6d3a99343cb21b9906380b1caa22c206bd1824738b9e5a1,2e0ce877007c8c68,5.0,2,0.0,0.0,5,b8602e632fb6940db0d5eba01c45a618c5ff287df0d70740384aee615a551e4a,common complete dates,2023,ok,228,0.0,0.0,0.0,0.0,0,0,0.0,0.0,0.0,0.0,,0.0,"conditional complete-window sum on stated capital, not live equity or intraday drawdown",0.0,0.0,mean across entered windows; not equal-risk sizing or margin availability,228,252,0.0,0.0
YM,flat,combined_stress,84650db70559423ed6d3a99343cb21b9906380b1caa22c206bd1824738b9e5a1,2e0ce877007c8c68,5.0,2,0.0,0.0,5,b8602e632fb6940db0d5eba01c45a618c5ff287df0d70740384aee615a551e4a,common complete dates,2024,ok,213,0.0,0.0,0.0,0.0,0,0,0.0,0.0,0.0,0.0,,0.0,"conditional complete-window sum on stated capital, not live equity or intraday drawdown",0.0,0.0,mean across entered windows; not equal-risk sizing or margin availability,213,252,0.0,0.0
YM,flat,combined_stress,84650db70559423ed6d3a99343cb21b9906380b1caa22c206bd1824738b9e5a1,2e0ce877007c8c68,5.0,2,0.0,0.0,5,b8602e632fb6940db0d5eba01c45a618c5ff287df0d70740384aee615a551e4a,common complete dates,2025,ok,142,0.0,0.0,0.0,0.0,0,0,0.0,0.0,0.0,0.0,,0.0,"conditional complete-window sum on stated capital, not live equity or intraday drawdown",0.0,0.0,mean across entered windows; not equal-risk sizing or margin availability,142,252,0.0,0.0
YM,flat,combined_stress,84650db70559423ed6d3a99343cb21b9906380b1caa22c206bd1824738b9e5a1,2e0ce877007c8c68,5.0,2,0.0,0.0,5,b8602e632fb6940db0d5eba01c45a618c5ff287df0d70740384aee615a551e4a,common complete dates,2026,ok,109,0.0,0.0,0.0,0.0,0,0,0.0,0.0,0.0,0.0,,0.0,"conditional complete-window sum on stated capital, not live equity or intraday drawdown",0.0,0.0,mean across entered windows; not equal-risk sizing or margin availability,109,252,0.0,0.0
YM,intraday_long,base,84650db70559423ed6d3a99343cb21b9906380b1caa22c206bd1824738b9e5a1,48a18a5f0174fa4f,2.5,1,0.0,0.0,1,b8602e632fb6940db0d5eba01c45a618c5ff287df0d70740384aee615a551e4a,common complete dates,whole,ok,1901,10580.0,-17935.0,9505.0,19010.0,1901,3802,-0.17935,-9.434508153603367,-0.023774960547080486,0.07344331351753319,-0.32371851715819805,-0.3077265752610998,"conditional complete-window sum on stated capital, not live equity or intraday drawdown",0.7083333333333334,164546.12572330353,mean across entered windows; not equal-risk sizing or margin availability,1901,252,0.0,0.0
YM,intraday_long,base,84650db70559423ed6d3a99343cb21b9906380b1caa22c206bd1824738b9e5a1,48a18a5f0174fa4f,2.5,1,0.0,0.0,1,b8602e632fb6940db0d5eba01c45a618c5ff287df0d70740384aee615a551e4a,common complete dates,development,ok,970,13335.0,-1215.0,4850.0,9700.0,970,1940,-0.01215,-1.2525773195876289,-0.003156494845360825,0.06532991023172363,-0.04831622811304674,-0.17791993602878706,"conditional complete-window sum on stated capital, not live equity or intraday drawdown",0.7083333333333334,137549.04639175258,mean across entered windows; not equal-risk sizing or margin availability,970,252,0.0,0.0
YM,intraday_long,base,84650db70559423ed6d3a99343cb21b9906380b1caa22c206bd1824738b9e5a1,48a18a5f0174fa4f,2.5,1,0.0,0.0,1,b8602e632fb6940db0d5eba01c45a618c5ff287df0d70740384aee615a551e4a,common complete dates,validation,ok,467,-2200.0,-9205.0,2335.0,4670.0,467,934,-0.09205,-19.710920770877944,-0.04967152034261242,0.06492473401580058,-0.7650631318801242,-0.11195343832534481,"conditional complete-window sum on stated capital, not live equity or intraday drawdown",0.7083333333333334,167563.95074946468,mean across entered windows; not equal-risk sizing or margin availability,467,252,0.0,0.0
YM,intraday_long,base,84650db70559423ed6d3a99343cb21b9906380b1caa22c206bd1824738b9e5a1,48a18a5f0174fa4f,2.5,1,0.0,0.0,1,b8602e632fb6940db0d5eba01c45a618c5ff287df0d70740384aee615a551e4a,common complete dates,historical_final,ok,464,-555.0,-7515.0,2320.0,4640.0,464,928,-0.07515,-16.19612068965517,-0.04081422413793103,0.09461816547419431,-0.43135717051143313,-0.1965,"conditional complete-window sum on stated capital, not live equity or intraday drawdown",0.7083333333333334,217946.64870689655,mean across entered windows; not equal-risk sizing or margin availability,464,252,0.0,0.0
YM,intraday_long,base,84650db70559423ed6d3a99343cb21b9906380b1caa22c206bd1824738b9e5a1,48a18a5f0174fa4f,2.5,1,0.0,0.0,1,b8602e632fb6940db0d5eba01c45a618c5ff287df0d70740384aee615a551e4a,common complete dates,2016,ok,27,-1255.0,-1660.0,135.0,270.0,27,54,-0.0166,-61.48148148148148,-0.1549333333333333,0.023321125011346942,-6.643475958297475,-0.017042330951072018,"conditional complete-window sum on stated capital, not live equity or intraday drawdown",0.7083333333333334,92045.37037037036,mean across entered windows; not equal-risk sizing or margin availability,27,252,0.0,0.0
YM,intraday_long,base,84650db70559423ed6d3a99343cb21b9906380b1caa22c206bd1824738b9e5a1,48a18a5f0174fa4f,2.5,1,0.0,0.0,1,b8602e632fb6940db0d5eba01c45a618c5ff287df0d70740384aee615a551e4a,common complete dates,2017,ok,49,285.0,-450.0,245.0,490.0,49,98,-0.0045,-9.183673469387756,-0.023142857142857146,0.022257562920114528,-1.0397749846162432,-0.012387612387612388,"conditional complete-window sum on stated capital, not live equity or intraday drawdown",0.7083333333333334,110872.04081632652,mean across entered windows; not equal-risk sizing or margin availability,49,252,0.0,0.0
YM,intraday_long,base,84650db70559423ed6d3a99343cb21b9906380b1caa22c206bd1824738b9e5a1,48a18a5f0174fa4f,2.5,1,0.0,0.0,1,b8602e632fb6940db0d5eba01c45a618c5ff287df0d70740384aee615a551e4a,common complete dates,2018,ok,212,3410.0,230.0,1060.0,2120.0,212,424,0.0023,1.0849056603773586,0.0027339622641509437,0.05839997694794359,0.04681444081027524,-0.06920932085241983,"conditional complete-window sum on stated capital, not live equity or intraday drawdown",0.7083333333333334,125112.05188679245,mean across entered windows; not equal-risk sizing or margin availability,212,252,0.0,0.0
YM,intraday_long,base,84650db70559423ed6d3a99343cb21b9906380b1caa22c206bd1824738b9e5a1,48a18a5f0174fa4f,2.5,1,0.0,0.0,1,b8602e632fb6940db0d5eba01c45a618c5ff287df0d70740384aee615a551e4a,common complete dates,2019,ok,220,2090.0,-1210.0,1100.0,2200.0,220,440,-0.0121,-5.5,-0.01386,0.03996076123344204,-0.3468402395798445,-0.03765254489532692,"conditional complete-window sum on stated capital, not live equity or intraday drawdown",0.7083333333333334,131033.38636363637,mean across entered windows; not equal-risk sizing or margin availability,220,252,0.0,0.0
YM,intraday_long,base,84650db70559423ed6d3a99343cb21b9906380b1caa22c206bd1824738b9e5a1,48a18a5f0174fa4f,2.5,1,0.0,0.0,1,b8602e632fb6940db0d5eba01c45a618c5ff287df0d70740384aee615a551e4a,common complete dates,2020,ok,233,2110.0,-1385.0,1165.0,2330.0,233,466,-0.01385,-5.944206008583691,-0.014979399141630902,0.09948585294770446,-0.15056813303399977,-0.1543873556953872,"conditional complete-window sum on stated capital, not live equity or intraday drawdown",0.7083333333333334,134544.16309012874,mean across entered windows; not equal-risk sizing or margin availability,233,252,0.0,0.0
YM,intraday_long,base,84650db70559423ed6d3a99343cb21b9906380b1caa22c206bd1824738b9e5a1,48a18a5f0174fa4f,2.5,1,0.0,0.0,1,b8602e632fb6940db0d5eba01c45a618c5ff287df0d70740384aee615a551e4a,common complete dates,2021,ok,229,6695.0,3260.0,1145.0,2290.0,229,458,0.0326,14.235807860262009,0.03587423580786026,0.05650785304501754,0.6348539870959299,-0.056289769946157614,"conditional complete-window sum on stated capital, not live equity or intraday drawdown",0.7083333333333334,169452.96943231442,mean across entered windows; not equal-risk sizing or margin availability,229,252,0.0,0.0
YM,intraday_long,base,84650db70559423ed6d3a99343cb21b9906380b1caa22c206bd1824738b9e5a1,48a18a5f0174fa4f,2.5,1,0.0,0.0,1,b8602e632fb6940db0d5eba01c45a618c5ff287df0d70740384aee615a551e4a,common complete dates,2022,ok,239,1670.0,-1915.0,1195.0,2390.0,239,478,-0.01915,-8.01255230125523,-0.02019163179916318,0.07772842834178102,-0.2597715177049278,-0.08700968404577912,"conditional complete-window sum on stated capital, not live equity or intraday drawdown",0.7083333333333334,164588.87029288703,mean across entered windows; not equal-risk sizing or margin availability,239,252,0.0,0.0
YM,intraday_long,base,84650db70559423ed6d3a99343cb21b9906380b1caa22c206bd1824738b9e5a1,48a18a5f0174fa4f,2.5,1,0.0,0.0,1,b8602e632fb6940db0d5eba01c45a618c5ff287df0d70740384aee615a551e4a,common complete dates,2023,ok,228,-3870.0,-7290.0,1140.0,2280.0,228,456,-0.0729,-31.973684210526315,-0.08057368421052633,0.04807657980850897,-1.675944597794907,-0.07985507965655864,"conditional complete-window sum on stated capital, not live equity or intraday drawdown",0.7083333333333334,170682.56578947368,mean across entered windows; not equal-risk sizing or margin availability,228,252,0.0,0.0
YM,intraday_long,base,84650db70559423ed6d3a99343cb21b9906380b1caa22c206bd1824738b9e5a1,48a18a5f0174fa4f,2.5,1,0.0,0.0,1,b8602e632fb6940db0d5eba01c45a618c5ff287df0d70740384aee615a551e4a,common complete dates,2024,ok,213,-4000.0,-7195.0,1065.0,2130.0,213,426,-0.07195,-33.779342723004696,-0.08512394366197183,0.054064847604324874,-1.5744785647959991,-0.08275,"conditional complete-window sum on stated capital, not live equity or intraday drawdown",0.7083333333333334,201626.4084507042,mean across entered windows; not equal-risk sizing or margin availability,213,252,0.0,0.0
YM,intraday_long,base,84650db70559423ed6d3a99343cb21b9906380b1caa22c206bd1824738b9e5a1,48a18a5f0174fa4f,2.5,1,0.0,0.0,1,b8602e632fb6940db0d5eba01c45a618c5ff287df0d70740384aee615a551e4a,common complete dates,2025,ok,142,-7695.0,-9825.0,710.0,1420.0,142,284,-0.09825,-69.19014084507042,-0.17435915492957743,0.12598271645019965,-1.3839926606003987,-0.13509495492039134,"conditional complete-window sum on stated capital, not live equity or intraday drawdown",0.7083333333333334,219180.52816901408,mean across entered windows; not equal-risk sizing or margin availability,142,252,0.0,0.0
YM,intraday_long,base,84650db70559423ed6d3a99343cb21b9906380b1caa22c206bd1824738b9e5a1,48a18a5f0174fa4f,2.5,1,0.0,0.0,1,b8602e632fb6940db0d5eba01c45a618c5ff287df0d70740384aee615a551e4a,common complete dates,2026,ok,109,11140.0,9505.0,545.0,1090.0,109,218,0.09505,87.20183486238533,0.219748623853211,0.10742773554308203,2.0455483189914645,-0.03136639874534405,"conditional complete-window sum on stated capital, not live equity or intraday drawdown",0.7083333333333334,248231.05504587156,mean across entered windows; not equal-risk sizing or margin availability,109,252,0.0,0.0
YM,intraday_long,gross_reference,84650db70559423ed6d3a99343cb21b9906380b1caa22c206bd1824738b9e5a1,fd0865effc6ceb2e,0.0,0,0.0,0.0,1,b8602e632fb6940db0d5eba01c45a618c5ff287df0d70740384aee615a551e4a,common complete dates,whole,ok,1901,10580.0,10580.0,0.0,0.0,1901,3802,0.1058,5.565491846396633,0.014025039452919516,0.07344331351753319,0.19096414338074913,-0.17561825444038412,"conditional complete-window sum on stated capital, not live equity or intraday drawdown",0.7083333333333334,164546.12572330353,mean across entered windows; not equal-risk sizing or margin availability,1901,252,0.0,0.0
YM,intraday_long,gross_reference,84650db70559423ed6d3a99343cb21b9906380b1caa22c206bd1824738b9e5a1,fd0865effc6ceb2e,0.0,0,0.0,0.0,1,b8602e632fb6940db0d5eba01c45a618c5ff287df0d70740384aee615a551e4a,common complete dates,development,ok,970,13335.0,13335.0,0.0,0.0,970,1940,0.13335,13.74742268041237,0.03464350515463917,0.06532991023172363,0.5302855159567723,-0.14003879453091736,"conditional complete-window sum on stated capital, not live equity or intraday drawdown",0.7083333333333334,137549.04639175258,mean across entered windows; not equal-risk sizing or margin availability,970,252,0.0,0.0
YM,intraday_long,gross_reference,84650db70559423ed6d3a99343cb21b9906380b1caa22c206bd1824738b9e5a1,fd0865effc6ceb2e,0.0,0,0.0,0.0,1,b8602e632fb6940db0d5eba01c45a618c5ff287df0d70740384aee615a551e4a,common complete dates,validation,ok,467,-2200.0,-2200.0,0.0,0.0,467,934,-0.022,-4.710920770877944,-0.01187152034261242,0.06492473401580058,-0.18285050408867715,-0.06531844539224613,"conditional complete-window sum on stated capital, not live equity or intraday drawdown",0.7083333333333334,167563.95074946468,mean across entered windows; not equal-risk sizing or margin availability,467,252,0.0,0.0
YM,intraday_long,gross_reference,84650db70559423ed6d3a99343cb21b9906380b1caa22c206bd1824738b9e5a1,fd0865effc6ceb2e,0.0,0,0.0,0.0,1,b8602e632fb6940db0d5eba01c45a618c5ff287df0d70740384aee615a551e4a,common complete dates,historical_final,ok,464,-555.0,-555.0,0.0,0.0,464,928,-0.00555,-1.1961206896551724,-0.003014224137931034,0.09461816547419431,-0.03185671718347909,-0.14950725498935274,"conditional complete-window sum on stated capital, not live equity or intraday drawdown",0.7083333333333334,217946.64870689655,mean across entered windows; not equal-risk sizing or margin availability,464,252,0.0,0.0
YM,intraday_long,gross_reference,84650db70559423ed6d3a99343cb21b9906380b1caa22c206bd1824738b9e5a1,fd0865effc6ceb2e,0.0,0,0.0,0.0,1,b8602e632fb6940db0d5eba01c45a618c5ff287df0d70740384aee615a551e4a,common complete dates,2016,ok,27,-1255.0,-1255.0,0.0,0.0,27,54,-0.01255,-46.48148148148148,-0.11713333333333334,0.023321125011346942,-5.022627908230922,-0.01506159293800808,"conditional complete-window sum on stated capital, not live equity or intraday drawdown",0.7083333333333334,92045.37037037036,mean across entered windows; not equal-risk sizing or margin availability,27,252,0.0,0.0
YM,intraday_long,gross_reference,84650db70559423ed6d3a99343cb21b9906380b1caa22c206bd1824738b9e5a1,fd0865effc6ceb2e,0.0,0,0.0,0.0,1,b8602e632fb6940db0d5eba01c45a618c5ff287df0d70740384aee615a551e4a,common complete dates,2017,ok,49,285.0,285.0,0.0,0.0,49,98,0.00285,5.816326530612245,0.014657142857142856,0.022257562920114528,0.6585241569236207,-0.009810756972111553,"conditional complete-window sum on stated capital, not live equity or intraday drawdown",0.7083333333333334,110872.04081632652,mean across entered windows; not equal-risk sizing or margin availability,49,252,0.0,0.0
YM,intraday_long,gross_reference,84650db70559423ed6d3a99343cb21b9906380b1caa22c206bd1824738b9e5a1,fd0865effc6ceb2e,0.0,0,0.0,0.0,1,b8602e632fb6940db0d5eba01c45a618c5ff287df0d70740384aee615a551e4a,common complete dates,2018,ok,212,3410.0,3410.0,0.0,0.0,212,424,0.0341,16.08490566037736,0.040533962264150944,0.05839997694794359,0.6940749702740807,-0.06510818204426759,"conditional complete-window sum on stated capital, not live equity or intraday drawdown",0.7083333333333334,125112.05188679245,mean across entered windows; not equal-risk sizing or margin availability,212,252,0.0,0.0
YM,intraday_long,gross_reference,84650db70559423ed6d3a99343cb21b9906380b1caa22c206bd1824738b9e5a1,fd0865effc6ceb2e,0.0,0,0.0,0.0,1,b8602e632fb6940db0d5eba01c45a618c5ff287df0d70740384aee615a551e4a,common complete dates,2019,ok,220,2090.0,2090.0,0.0,0.0,220,440,0.0209,9.5,0.023940000000000003,0.03996076123344204,0.5990876865470042,-0.029267815191855912,"conditional complete-window sum on stated capital, not live equity or intraday drawdown",0.7083333333333334,131033.38636363637,mean across entered windows; not equal-risk sizing or margin availability,220,252,0.0,0.0
YM,intraday_long,gross_reference,84650db70559423ed6d3a99343cb21b9906380b1caa22c206bd1824738b9e5a1,fd0865effc6ceb2e,0.0,0,0.0,0.0,1,b8602e632fb6940db0d5eba01c45a618c5ff287df0d70740384aee615a551e4a,common complete dates,2020,ok,233,2110.0,2110.0,0.0,0.0,233,466,0.0211,9.055793991416309,0.022820600858369098,0.09948585294770446,0.22938538678825954,-0.14631011813553457,"conditional complete-window sum on stated capital, not live equity or intraday drawdown",0.7083333333333334,134544.16309012874,mean across entered windows; not equal-risk sizing or margin availability,233,252,0.0,0.0
YM,intraday_long,gross_reference,84650db70559423ed6d3a99343cb21b9906380b1caa22c206bd1824738b9e5a1,fd0865effc6ceb2e,0.0,0,0.0,0.0,1,b8602e632fb6940db0d5eba01c45a618c5ff287df0d70740384aee615a551e4a,common complete dates,2021,ok,229,6695.0,6695.0,0.0,0.0,229,458,0.06695,29.23580786026201,0.07367423580786027,0.05650785304501754,1.3037875593887274,-0.037674395994360996,"conditional complete-window sum on stated capital, not live equity or intraday drawdown",0.7083333333333334,169452.96943231442,mean across entered windows; not equal-risk sizing or margin availability,229,252,0.0,0.0
YM,intraday_long,gross_reference,84650db70559423ed6d3a99343cb21b9906380b1caa22c206bd1824738b9e5a1,fd0865effc6ceb2e,0.0,0,0.0,0.0,1,b8602e632fb6940db0d5eba01c45a618c5ff287df0d70740384aee615a551e4a,common complete dates,2022,ok,239,1670.0,1670.0,0.0,0.0,239,478,0.0167,6.98744769874477,0.01760836820083682,0.07772842834178102,0.22653704154946708,-0.06501487587182364,"conditional complete-window sum on stated capital, not live equity or intraday drawdown",0.7083333333333334,164588.87029288703,mean across entered windows; not equal-risk sizing or margin availability,239,252,0.0,0.0
YM,intraday_long,gross_reference,84650db70559423ed6d3a99343cb21b9906380b1caa22c206bd1824738b9e5a1,fd0865effc6ceb2e,0.0,0,0.0,0.0,1,b8602e632fb6940db0d5eba01c45a618c5ff287df0d70740384aee615a551e4a,common complete dates,2023,ok,228,-3870.0,-3870.0,0.0,0.0,228,456,-0.0387,-16.973684210526315,-0.04277368421052632,0.04807657980850897,-0.8896989840145804,-0.05581212538076054,"conditional complete-window sum on stated capital, not live equity or intraday drawdown",0.7083333333333334,170682.56578947368,mean across entered windows; not equal-risk sizing or margin availability,228,252,0.0,0.0
YM,intraday_long,gross_reference,84650db70559423ed6d3a99343cb21b9906380b1caa22c206bd1824738b9e5a1,fd0865effc6ceb2e,0.0,0,0.0,0.0,1,b8602e632fb6940db0d5eba01c45a618c5ff287df0d70740384aee615a551e4a,common complete dates,2024,ok,213,-4000.0,-4000.0,0.0,0.0,213,426,-0.04,-18.779342723004696,-0.04732394366197183,0.054064847604324874,-0.8753181736183456,-0.05575,"conditional complete-window sum on stated capital, not live equity or intraday drawdown",0.7083333333333334,201626.4084507042,mean across entered windows; not equal-risk sizing or margin availability,213,252,0.0,0.0
YM,intraday_long,gross_reference,84650db70559423ed6d3a99343cb21b9906380b1caa22c206bd1824738b9e5a1,fd0865effc6ceb2e,0.0,0,0.0,0.0,1,b8602e632fb6940db0d5eba01c45a618c5ff287df0d70740384aee615a551e4a,common complete dates,2025,ok,142,-7695.0,-7695.0,0.0,0.0,142,284,-0.07695,-54.190140845070424,-0.1365591549295775,0.12598271645019965,-1.0839515036458085,-0.12061163244891154,"conditional complete-window sum on stated capital, not live equity or intraday drawdown",0.7083333333333334,219180.52816901408,mean across entered windows; not equal-risk sizing or margin availability,142,252,0.0,0.0
YM,intraday_long,gross_reference,84650db70559423ed6d3a99343cb21b9906380b1caa22c206bd1824738b9e5a1,fd0865effc6ceb2e,0.0,0,0.0,0.0,1,b8602e632fb6940db0d5eba01c45a618c5ff287df0d70740384aee615a551e4a,common complete dates,2026,ok,109,11140.0,11140.0,0.0,0.0,109,218,0.1114,102.20183486238533,0.25754862385321103,0.10742773554308203,2.397412758923189,-0.029819526195456535,"conditional complete-window sum on stated capital, not live equity or intraday drawdown",0.7083333333333334,248231.05504587156,mean across entered windows; not equal-risk sizing or margin availability,109,252,0.0,0.0
YM,intraday_long,cost_stress,84650db70559423ed6d3a99343cb21b9906380b1caa22c206bd1824738b9e5a1,dbb315d54c159189,5.0,2,0.0,0.0,1,b8602e632fb6940db0d5eba01c45a618c5ff287df0d70740384aee615a551e4a,common complete dates,whole,ok,1901,10580.0,-46450.0,19010.0,38020.0,1901,3802,-0.4645,-24.434508153603367,-0.06157496054708048,0.07344331351753319,-0.8384011776971452,-0.57145,"conditional complete-window sum on stated capital, not live equity or intraday drawdown",0.7083333333333334,164546.12572330353,mean across entered windows; not equal-risk sizing or margin availability,1901,252,0.0,0.0
YM,intraday_long,cost_stress,84650db70559423ed6d3a99343cb21b9906380b1caa22c206bd1824738b9e5a1,dbb315d54c159189,5.0,2,0.0,0.0,1,b8602e632fb6940db0d5eba01c45a618c5ff287df0d70740384aee615a551e4a,common complete dates,development,ok,970,13335.0,-15765.0,9700.0,19400.0,970,1940,-0.15765,-16.25257731958763,-0.04095649484536083,0.06532991023172363,-0.6269179721828658,-0.26395,"conditional complete-window sum on stated capital, not live equity or intraday drawdown",0.7083333333333334,137549.04639175258,mean across entered windows; not equal-risk sizing or margin availability,970,252,0.0,0.0
YM,intraday_long,cost_stress,84650db70559423ed6d3a99343cb21b9906380b1caa22c206bd1824738b9e5a1,dbb315d54c159189,5.0,2,0.0,0.0,1,b8602e632fb6940db0d5eba01c45a618c5ff287df0d70740384aee615a551e4a,common complete dates,validation,ok,467,-2200.0,-16210.0,4670.0,9340.0,467,934,-0.1621,-34.71092077087794,-0.08747152034261241,0.06492473401580058,-1.3472757596715712,-0.1780862229633626,"conditional complete-window sum on stated capital, not live equity or intraday drawdown",0.7083333333333334,167563.95074946468,mean across entered windows; not equal-risk sizing or margin availability,467,252,0.0,0.0
YM,intraday_long,cost_stress,84650db70559423ed6d3a99343cb21b9906380b1caa22c206bd1824738b9e5a1,dbb315d54c159189,5.0,2,0.0,0.0,1,b8602e632fb6940db0d5eba01c45a618c5ff287df0d70740384aee615a551e4a,common complete dates,historical_final,ok,464,-555.0,-14475.0,4640.0,9280.0,464,928,-0.14475,-31.19612068965517,-0.07861422413793104,0.09461816547419431,-0.8308576238393872,-0.2517,"conditional complete-window sum on stated capital, not live equity or intraday drawdown",0.7083333333333334,217946.64870689655,mean across entered windows; not equal-risk sizing or margin availability,464,252,0.0,0.0
YM,intraday_long,cost_stress,84650db70559423ed6d3a99343cb21b9906380b1caa22c206bd1824738b9e5a1,dbb315d54c159189,5.0,2,0.0,0.0,1,b8602e632fb6940db0d5eba01c45a618c5ff287df0d70740384aee615a551e4a,common complete dates,2016,ok,27,-1255.0,-2065.0,270.0,540.0,27,54,-0.02065,-76.48148148148148,-0.19273333333333334,0.023321125011346942,-8.264324008364028,-0.02065,"conditional complete-window sum on stated capital, not live equity or intraday drawdown",0.7083333333333334,92045.37037037036,mean across entered windows; not equal-risk sizing or margin availability,27,252,0.0,0.0
YM,intraday_long,cost_stress,84650db70559423ed6d3a99343cb21b9906380b1caa22c206bd1824738b9e5a1,dbb315d54c159189,5.0,2,0.0,0.0,1,b8602e632fb6940db0d5eba01c45a618c5ff287df0d70740384aee615a551e4a,common complete dates,2017,ok,49,285.0,-1185.0,490.0,980.0,49,98,-0.01185,-24.183673469387756,-0.060942857142857146,0.022257562920114528,-2.738074126156107,-0.01714828517148285,"conditional complete-window sum on stated capital, not live equity or intraday drawdown",0.7083333333333334,110872.04081632652,mean across entered windows; not equal-risk sizing or margin availability,49,252,0.0,0.0
YM,intraday_long,cost_stress,84650db70559423ed6d3a99343cb21b9906380b1caa22c206bd1824738b9e5a1,dbb315d54c159189,5.0,2,0.0,0.0,1,b8602e632fb6940db0d5eba01c45a618c5ff287df0d70740384aee615a551e4a,common complete dates,2018,ok,212,3410.0,-2950.0,2120.0,4240.0,212,424,-0.0295,-13.915094339622641,-0.03506603773584906,0.05839997694794359,-0.6004460886535301,-0.0748143348452375,"conditional complete-window sum on stated capital, not live equity or intraday drawdown",0.7083333333333334,125112.05188679245,mean across entered windows; not equal-risk sizing or margin availability,212,252,0.0,0.0
YM,intraday_long,cost_stress,84650db70559423ed6d3a99343cb21b9906380b1caa22c206bd1824738b9e5a1,dbb315d54c159189,5.0,2,0.0,0.0,1,b8602e632fb6940db0d5eba01c45a618c5ff287df0d70740384aee615a551e4a,common complete dates,2019,ok,220,2090.0,-4510.0,2200.0,4400.0,220,440,-0.0451,-20.5,-0.05166,0.03996076123344204,-1.2927681657066932,-0.06005572693800378,"conditional complete-window sum on stated capital, not live equity or intraday drawdown",0.7083333333333334,131033.38636363637,mean across entered windows; not equal-risk sizing or margin availability,220,252,0.0,0.0
YM,intraday_long,cost_stress,84650db70559423ed6d3a99343cb21b9906380b1caa22c206bd1824738b9e5a1,dbb315d54c159189,5.0,2,0.0,0.0,1,b8602e632fb6940db0d5eba01c45a618c5ff287df0d70740384aee615a551e4a,common complete dates,2020,ok,233,2110.0,-4880.0,2330.0,4660.0,233,466,-0.0488,-20.94420600858369,-0.052779399141630906,0.09948585294770446,-0.5305216528562591,-0.16250310404767818,"conditional complete-window sum on stated capital, not live equity or intraday drawdown",0.7083333333333334,134544.16309012874,mean across entered windows; not equal-risk sizing or margin availability,233,252,0.0,0.0
YM,intraday_long,cost_stress,84650db70559423ed6d3a99343cb21b9906380b1caa22c206bd1824738b9e5a1,dbb315d54c159189,5.0,2,0.0,0.0,1,b8602e632fb6940db0d5eba01c45a618c5ff287df0d70740384aee615a551e4a,common complete dates,2021,ok,229,6695.0,-175.0,2290.0,4580.0,229,458,-0.00175,-0.7641921397379913,-0.001925764192139738,0.05650785304501754,-0.0340795851968674,-0.07802672955974843,"conditional complete-window sum on stated capital, not live equity or intraday drawdown",0.7083333333333334,169452.96943231442,mean across entered windows; not equal-risk sizing or margin availability,229,252,0.0,0.0
YM,intraday_long,cost_stress,84650db70559423ed6d3a99343cb21b9906380b1caa22c206bd1824738b9e5a1,dbb315d54c159189,5.0,2,0.0,0.0,1,b8602e632fb6940db0d5eba01c45a618c5ff287df0d70740384aee615a551e4a,common complete dates,2022,ok,239,1670.0,-5500.0,2390.0,4780.0,239,478,-0.055,-23.01255230125523,-0.057991631799163175,0.07772842834178102,-0.7460800769593227,-0.1105007602138408,"conditional complete-window sum on stated capital, not live equity or intraday drawdown",0.7083333333333334,164588.87029288703,mean across entered windows; not equal-risk sizing or margin availability,239,252,0.0,0.0
YM,intraday_long,cost_stress,84650db70559423ed6d3a99343cb21b9906380b1caa22c206bd1824738b9e5a1,dbb315d54c159189,5.0,2,0.0,0.0,1,b8602e632fb6940db0d5eba01c45a618c5ff287df0d70740384aee615a551e4a,common complete dates,2023,ok,228,-3870.0,-10710.0,2280.0,4560.0,228,456,-0.1071,-46.973684210526315,-0.11837368421052631,0.04807657980850897,-2.462190211575234,-0.11251366663353543,"conditional complete-window sum on stated capital, not live equity or intraday drawdown",0.7083333333333334,170682.56578947368,mean across entered windows; not equal-risk sizing or margin availability,228,252,0.0,0.0
YM,intraday_long,cost_stress,84650db70559423ed6d3a99343cb21b9906380b1caa22c206bd1824738b9e5a1,dbb315d54c159189,5.0,2,0.0,0.0,1,b8602e632fb6940db0d5eba01c45a618c5ff287df0d70740384aee615a551e4a,common complete dates,2024,ok,213,-4000.0,-10390.0,2130.0,4260.0,213,426,-0.1039,-48.779342723004696,-0.12292394366197183,0.054064847604324874,-2.2736389559736527,-0.11005,"conditional complete-window sum on stated capital, not live equity or intraday drawdown",0.7083333333333334,201626.4084507042,mean across entered windows; not equal-risk sizing or margin availability,213,252,0.0,0.0
YM,intraday_long,cost_stress,84650db70559423ed6d3a99343cb21b9906380b1caa22c206bd1824738b9e5a1,dbb315d54c159189,5.0,2,0.0,0.0,1,b8602e632fb6940db0d5eba01c45a618c5ff287df0d70740384aee615a551e4a,common complete dates,2025,ok,142,-7695.0,-11955.0,1420.0,2840.0,142,284,-0.11955,-84.19014084507042,-0.21215915492957746,0.12598271645019965,-1.684033817554989,-0.14977548162812032,"conditional complete-window sum on stated capital, not live equity or intraday drawdown",0.7083333333333334,219180.52816901408,mean across entered windows; not equal-risk sizing or margin availability,142,252,0.0,0.0
YM,intraday_long,cost_stress,84650db70559423ed6d3a99343cb21b9906380b1caa22c206bd1824738b9e5a1,dbb315d54c159189,5.0,2,0.0,0.0,1,b8602e632fb6940db0d5eba01c45a618c5ff287df0d70740384aee615a551e4a,common complete dates,2026,ok,109,11140.0,7870.0,1090.0,2180.0,109,218,0.0787,72.20183486238533,0.18194862385321103,0.10742773554308203,1.6936838790597395,-0.0361256029136726,"conditional complete-window sum on stated capital, not live equity or intraday drawdown",0.7083333333333334,248231.05504587156,mean across entered windows; not equal-risk sizing or margin availability,109,252,0.0,0.0
YM,intraday_long,delay_stress,84650db70559423ed6d3a99343cb21b9906380b1caa22c206bd1824738b9e5a1,698ab2c9132834b8,2.5,1,0.0,0.0,5,b8602e632fb6940db0d5eba01c45a618c5ff287df0d70740384aee615a551e4a,common complete dates,whole,ok,1901,10325.0,-18190.0,9505.0,19010.0,1901,3802,-0.1819,-9.568648079957917,-0.024112993161493953,0.07505721784620445,-0.32126148361777196,-0.3159829436847522,"conditional complete-window sum on stated capital, not live equity or intraday drawdown",0.7083333333333334,164546.56496580748,mean across entered windows; not equal-risk sizing or margin availability,1901,252,0.0,0.0
YM,intraday_long,delay_stress,84650db70559423ed6d3a99343cb21b9906380b1caa22c206bd1824738b9e5a1,698ab2c9132834b8,2.5,1,0.0,0.0,5,b8602e632fb6940db0d5eba01c45a618c5ff287df0d70740384aee615a551e4a,common complete dates,development,ok,970,14365.0,-185.0,4850.0,9700.0,970,1940,-0.00185,-0.19072164948453607,-0.0004806185567010309,0.0681560073835925,-0.007051741660805274,-0.1804139172165567,"conditional complete-window sum on stated capital, not live equity or intraday drawdown",0.7083333333333334,137549.8556701031,mean across entered windows; not equal-risk sizing or margin availability,970,252,0.0,0.0
YM,intraday_long,delay_stress,84650db70559423ed6d3a99343cb21b9906380b1caa22c206bd1824738b9e5a1,698ab2c9132834b8,2.5,1,0.0,0.0,5,b8602e632fb6940db0d5eba01c45a618c5ff287df0d70740384aee615a551e4a,common complete dates,validation,ok,467,-1880.0,-8885.0,2335.0,4670.0,467,934,-0.08885,-19.025695931477514,-0.047944753747323335,0.0648097078947473,-0.7397773467084114,-0.10924657534246575,"conditional complete-window sum on stated capital, not live equity or intraday drawdown",0.7083333333333334,167561.60599571734,mean across entered windows; not equal-risk sizing or margin availability,467,252,0.0,0.0
YM,intraday_long,delay_stress,84650db70559423ed6d3a99343cb21b9906380b1caa22c206bd1824738b9e5a1,698ab2c9132834b8,2.5,1,0.0,0.0,5,b8602e632fb6940db0d5eba01c45a618c5ff287df0d70740384aee615a551e4a,common complete dates,historical_final,ok,464,-2160.0,-9120.0,2320.0,4640.0,464,928,-0.0912,-19.655172413793103,-0.04953103448275862,0.09570522158012151,-0.5175374307168052,-0.2115,"conditional complete-window sum on stated capital, not live equity or intraday drawdown",0.7083333333333334,217949.11637931035,mean across entered windows; not equal-risk sizing or margin availability,464,252,0.0,0.0
YM,intraday_long,delay_stress,84650db70559423ed6d3a99343cb21b9906380b1caa22c206bd1824738b9e5a1,698ab2c9132834b8,2.5,1,0.0,0.0,5,b8602e632fb6940db0d5eba01c45a618c5ff287df0d70740384aee615a551e4a,common complete dates,2016,ok,27,-1420.0,-1825.0,135.0,270.0,27,54,-0.01825,-67.5925925925926,-0.17033333333333334,0.028722442757340778,-5.930321970606075,-0.01844631073785243,"conditional complete-window sum on stated capital, not live equity or intraday drawdown",0.7083333333333334,92049.25925925926,mean across entered windows; not equal-risk sizing or margin availability,27,252,0.0,0.0
YM,intraday_long,delay_stress,84650db70559423ed6d3a99343cb21b9906380b1caa22c206bd1824738b9e5a1,698ab2c9132834b8,2.5,1,0.0,0.0,5,b8602e632fb6940db0d5eba01c45a618c5ff287df0d70740384aee615a551e4a,common complete dates,2017,ok,49,575.0,-160.0,245.0,490.0,49,98,-0.0016,-3.2653061224489797,-0.008228571428571427,0.021424797882027134,-0.3840676338643188,-0.011312668194956643,"conditional complete-window sum on stated capital, not live equity or intraday drawdown",0.7083333333333334,110873.97959183673,mean across entered windows; not equal-risk sizing or margin availability,49,252,0.0,0.0
YM,intraday_long,delay_stress,84650db70559423ed6d3a99343cb21b9906380b1caa22c206bd1824738b9e5a1,698ab2c9132834b8,2.5,1,0.0,0.0,5,b8602e632fb6940db0d5eba01c45a618c5ff287df0d70740384aee615a551e4a,common complete dates,2018,ok,212,3940.0,760.0,1060.0,2120.0,212,424,0.0076,3.5849056603773586,0.009033962264150944,0.057475684613046175,0.15717885441420842,-0.0642270351008215,"conditional complete-window sum on stated capital, not live equity or intraday drawdown",0.7083333333333334,125110.44811320755,mean across entered windows; not equal-risk sizing or margin availability,212,252,0.0,0.0
YM,intraday_long,delay_stress,84650db70559423ed6d3a99343cb21b9906380b1caa22c206bd1824738b9e5a1,698ab2c9132834b8,2.5,1,0.0,0.0,5,b8602e632fb6940db0d5eba01c45a618c5ff287df0d70740384aee615a551e4a,common complete dates,2019,ok,220,1180.0,-2120.0,1100.0,2200.0,220,440,-0.0212,-9.636363636363637,-0.024283636363636365,0.039666216196499605,-0.6121994657453439,-0.039197131188365375,"conditional complete-window sum on stated capital, not live equity or intraday drawdown",0.7083333333333334,131034.20454545454,mean across entered windows; not equal-risk sizing or margin availability,220,252,0.0,0.0
YM,intraday_long,delay_stress,84650db70559423ed6d3a99343cb21b9906380b1caa22c206bd1824738b9e5a1,698ab2c9132834b8,2.5,1,0.0,0.0,5,b8602e632fb6940db0d5eba01c45a618c5ff287df0d70740384aee615a551e4a,common complete dates,2020,ok,233,4080.0,585.0,1165.0,2330.0,233,466,0.00585,2.5107296137339055,0.006327038626609442,0.10904467047372964,0.05802244712302297,-0.15344545319243935,"conditional complete-window sum on stated capital, not live equity or intraday drawdown",0.7083333333333334,134544.3991416309,mean across entered windows; not equal-risk sizing or margin availability,233,252,0.0,0.0
YM,intraday_long,delay_stress,84650db70559423ed6d3a99343cb21b9906380b1caa22c206bd1824738b9e5a1,698ab2c9132834b8,2.5,1,0.0,0.0,5,b8602e632fb6940db0d5eba01c45a618c5ff287df0d70740384aee615a551e4a,common complete dates,2021,ok,229,6010.0,2575.0,1145.0,2290.0,229,458,0.02575,11.244541484716157,0.028336244541484715,0.053517838955033634,0.529472884084374,-0.06172960762166675,"conditional complete-window sum on stated capital, not live equity or intraday drawdown",0.7083333333333334,169455.9825327511,mean across entered windows; not equal-risk sizing or margin availability,229,252,0.0,0.0
YM,intraday_long,delay_stress,84650db70559423ed6d3a99343cb21b9906380b1caa22c206bd1824738b9e5a1,698ab2c9132834b8,2.5,1,0.0,0.0,5,b8602e632fb6940db0d5eba01c45a618c5ff287df0d70740384aee615a551e4a,common complete dates,2022,ok,239,2730.0,-855.0,1195.0,2390.0,239,478,-0.00855,-3.577405857740586,-0.009015062761506277,0.07740025055909626,-0.11647330204213152,-0.07671232876712329,"conditional complete-window sum on stated capital, not live equity or intraday drawdown",0.7083333333333334,164583.07531380752,mean across entered windows; not equal-risk sizing or margin availability,239,252,0.0,0.0
YM,intraday_long,delay_stress,84650db70559423ed6d3a99343cb21b9906380b1caa22c206bd1824738b9e5a1,698ab2c9132834b8,2.5,1,0.0,0.0,5,b8602e632fb6940db0d5eba01c45a618c5ff287df0d70740384aee615a551e4a,common complete dates,2023,ok,228,-4610.0,-8030.0,1140.0,2280.0,228,456,-0.0803,-35.219298245614034,-0.08875263157894736,0.0482552338438279,-1.839233270865173,-0.08544414033341627,"conditional complete-window sum on stated capital, not live equity or intraday drawdown",0.7083333333333334,170683.83771929826,mean across entered windows; not equal-risk sizing or margin availability,228,252,0.0,0.0
YM,intraday_long,delay_stress,84650db70559423ed6d3a99343cb21b9906380b1caa22c206bd1824738b9e5a1,698ab2c9132834b8,2.5,1,0.0,0.0,5,b8602e632fb6940db0d5eba01c45a618c5ff287df0d70740384aee615a551e4a,common complete dates,2024,ok,213,-3795.0,-6990.0,1065.0,2130.0,213,426,-0.0699,-32.816901408450704,-0.08269859154929578,0.05398699041622375,-1.5318244434763648,-0.08225,"conditional complete-window sum on stated capital, not live equity or intraday drawdown",0.7083333333333334,201624.3661971831,mean across entered windows; not equal-risk sizing or margin availability,213,252,0.0,0.0
YM,intraday_long,delay_stress,84650db70559423ed6d3a99343cb21b9906380b1caa22c206bd1824738b9e5a1,698ab2c9132834b8,2.5,1,0.0,0.0,5,b8602e632fb6940db0d5eba01c45a618c5ff287df0d70740384aee615a551e4a,common complete dates,2025,ok,142,-8695.0,-10825.0,710.0,1420.0,142,284,-0.10825,-76.23239436619718,-0.19210563380281692,0.1250313542276736,-1.5364596743710033,-0.12609654496446948,"conditional complete-window sum on stated capital, not live equity or intraday drawdown",0.7083333333333334,219182.28873239437,mean across entered windows; not equal-risk sizing or margin availability,142,252,0.0,0.0
YM,intraday_long,delay_stress,84650db70559423ed6d3a99343cb21b9906380b1caa22c206bd1824738b9e5a1,698ab2c9132834b8,2.5,1,0.0,0.0,5,b8602e632fb6940db0d5eba01c45a618c5ff287df0d70740384aee615a551e4a,common complete dates,2026,ok,109,10330.0,8695.0,545.0,1090.0,109,218,0.08695,79.77064220183486,0.20102201834862385,0.1130053000029033,1.778872480701872,-0.04730695313654955,"conditional complete-window sum on stated capital, not live equity or intraday drawdown",0.7083333333333334,248243.25688073394,mean across entered windows; not equal-risk sizing or margin availability,109,252,0.0,0.0
YM,intraday_long,combined_stress,84650db70559423ed6d3a99343cb21b9906380b1caa22c206bd1824738b9e5a1,e55a21c12d6aae23,5.0,2,0.0,0.0,5,b8602e632fb6940db0d5eba01c45a618c5ff287df0d70740384aee615a551e4a,common complete dates,whole,ok,1901,10325.0,-46705.0,19010.0,38020.0,1901,3802,-0.46705,-24.568648079957917,-0.06191299316149396,0.07505721784620445,-0.8248772728074788,-0.57985,"conditional complete-window sum on stated capital, not live equity or intraday drawdown",0.7083333333333334,164546.56496580748,mean across entered windows; not equal-risk sizing or margin availability,1901,252,0.0,0.0
YM,intraday_long,combined_stress,84650db70559423ed6d3a99343cb21b9906380b1caa22c206bd1824738b9e5a1,e55a21c12d6aae23,5.0,2,0.0,0.0,5,b8602e632fb6940db0d5eba01c45a618c5ff287df0d70740384aee615a551e4a,common complete dates,development,ok,970,14365.0,-14735.0,9700.0,19400.0,970,1940,-0.14735,-15.190721649484535,-0.03828061855670103,0.0681560073835925,-0.5616616939025174,-0.2668,"conditional complete-window sum on stated capital, not live equity or intraday drawdown",0.7083333333333334,137549.8556701031,mean across entered windows; not equal-risk sizing or margin availability,970,252,0.0,0.0
YM,intraday_long,combined_stress,84650db70559423ed6d3a99343cb21b9906380b1caa22c206bd1824738b9e5a1,e55a21c12d6aae23,5.0,2,0.0,0.0,5,b8602e632fb6940db0d5eba01c45a618c5ff287df0d70740384aee615a551e4a,common complete dates,validation,ok,467,-1880.0,-15890.0,4670.0,9340.0,467,934,-0.1589,-34.025695931477514,-0.08574475374732334,0.0648097078947473,-1.3230233021042948,-0.1758015491714874,"conditional complete-window sum on stated capital, not live equity or intraday drawdown",0.7083333333333334,167561.60599571734,mean across entered windows; not equal-risk sizing or margin availability,467,252,0.0,0.0
YM,intraday_long,combined_stress,84650db70559423ed6d3a99343cb21b9906380b1caa22c206bd1824738b9e5a1,e55a21c12d6aae23,5.0,2,0.0,0.0,5,b8602e632fb6940db0d5eba01c45a618c5ff287df0d70740384aee615a551e4a,common complete dates,historical_final,ok,464,-2160.0,-16080.0,4640.0,9280.0,464,928,-0.1608,-34.6551724137931,-0.08733103448275863,0.09570522158012151,-0.9125002067901564,-0.2736,"conditional complete-window sum on stated capital, not live equity or intraday drawdown",0.7083333333333334,217949.11637931035,mean across entered windows; not equal-risk sizing or margin availability,464,252,0.0,0.0
YM,intraday_long,combined_stress,84650db70559423ed6d3a99343cb21b9906380b1caa22c206bd1824738b9e5a1,e55a21c12d6aae23,5.0,2,0.0,0.0,5,b8602e632fb6940db0d5eba01c45a618c5ff287df0d70740384aee615a551e4a,common complete dates,2016,ok,27,-1420.0,-2230.0,270.0,540.0,27,54,-0.0223,-82.5925925925926,-0.20813333333333334,0.028722442757340778,-7.2463660243570125,-0.0223,"conditional complete-window sum on stated capital, not live equity or intraday drawdown",0.7083333333333334,92049.25925925926,mean across entered windows; not equal-risk sizing or margin availability,27,252,0.0,0.0
YM,intraday_long,combined_stress,84650db70559423ed6d3a99343cb21b9906380b1caa22c206bd1824738b9e5a1,e55a21c12d6aae23,5.0,2,0.0,0.0,5,b8602e632fb6940db0d5eba01c45a618c5ff287df0d70740384aee615a551e4a,common complete dates,2017,ok,49,575.0,-895.0,490.0,980.0,49,98,-0.00895,-18.26530612244898,-0.046028571428571426,0.021424797882027134,-2.1483783269285333,-0.014885114885114886,"conditional complete-window sum on stated capital, not live equity or intraday drawdown",0.7083333333333334,110873.97959183673,mean across entered windows; not equal-risk sizing or margin availability,49,252,0.0,0.0
YM,intraday_long,combined_stress,84650db70559423ed6d3a99343cb21b9906380b1caa22c206bd1824738b9e5a1,e55a21c12d6aae23,5.0,2,0.0,0.0,5,b8602e632fb6940db0d5eba01c45a618c5ff287df0d70740384aee615a551e4a,common complete dates,2018,ok,212,3940.0,-2420.0,2120.0,4240.0,212,424,-0.0242,-11.415094339622641,-0.028766037735849057,0.057475684613046175,-0.5004905627399795,-0.06833133971291866,"conditional complete-window sum on stated capital, not live equity or intraday drawdown",0.7083333333333334,125110.44811320755,mean across entered windows; not equal-risk sizing or margin availability,212,252,0.0,0.0
YM,intraday_long,combined_stress,84650db70559423ed6d3a99343cb21b9906380b1caa22c206bd1824738b9e5a1,e55a21c12d6aae23,5.0,2,0.0,0.0,5,b8602e632fb6940db0d5eba01c45a618c5ff287df0d70740384aee615a551e4a,common complete dates,2019,ok,220,1180.0,-5420.0,2200.0,4400.0,220,440,-0.0542,-24.636363636363637,-0.06208363636363636,0.039666216196499605,-1.5651514643112094,-0.0648411392089381,"conditional complete-window sum on stated capital, not live equity or intraday drawdown",0.7083333333333334,131034.20454545454,mean across entered windows; not equal-risk sizing or margin availability,220,252,0.0,0.0
YM,intraday_long,combined_stress,84650db70559423ed6d3a99343cb21b9906380b1caa22c206bd1824738b9e5a1,e55a21c12d6aae23,5.0,2,0.0,0.0,5,b8602e632fb6940db0d5eba01c45a618c5ff287df0d70740384aee615a551e4a,common complete dates,2020,ok,233,4080.0,-2910.0,2330.0,4660.0,233,466,-0.0291,-12.489270386266094,-0.031472961373390555,0.10904467047372964,-0.28862448056067835,-0.16171863344770998,"conditional complete-window sum on stated capital, not live equity or intraday drawdown",0.7083333333333334,134544.3991416309,mean across entered windows; not equal-risk sizing or margin availability,233,252,0.0,0.0
YM,intraday_long,combined_stress,84650db70559423ed6d3a99343cb21b9906380b1caa22c206bd1824738b9e5a1,e55a21c12d6aae23,5.0,2,0.0,0.0,5,b8602e632fb6940db0d5eba01c45a618c5ff287df0d70740384aee615a551e4a,common complete dates,2021,ok,229,6010.0,-860.0,2290.0,4580.0,229,458,-0.0086,-3.7554585152838427,-0.009463755458515284,0.053517838955033634,-0.17683366225730549,-0.08029485974372928,"conditional complete-window sum on stated capital, not live equity or intraday drawdown",0.7083333333333334,169455.9825327511,mean across entered windows; not equal-risk sizing or margin availability,229,252,0.0,0.0
YM,intraday_long,combined_stress,84650db70559423ed6d3a99343cb21b9906380b1caa22c206bd1824738b9e5a1,e55a21c12d6aae23,5.0,2,0.0,0.0,5,b8602e632fb6940db0d5eba01c45a618c5ff287df0d70740384aee615a551e4a,common complete dates,2022,ok,239,2730.0,-4440.0,2390.0,4780.0,239,478,-0.0444,-18.577405857740587,-0.04681506276150628,0.07740025055909626,-0.6048438141135251,-0.10084321992352191,"conditional complete-window sum on stated capital, not live equity or intraday drawdown",0.7083333333333334,164583.07531380752,mean across entered windows; not equal-risk sizing or margin availability,239,252,0.0,0.0
YM,intraday_long,combined_stress,84650db70559423ed6d3a99343cb21b9906380b1caa22c206bd1824738b9e5a1,e55a21c12d6aae23,5.0,2,0.0,0.0,5,b8602e632fb6940db0d5eba01c45a618c5ff287df0d70740384aee615a551e4a,common complete dates,2023,ok,228,-4610.0,-11450.0,2280.0,4560.0,228,456,-0.1145,-50.219298245614034,-0.12655263157894736,0.0482552338438279,-2.6225679889671523,-0.11826242901265319,"conditional complete-window sum on stated capital, not live equity or intraday drawdown",0.7083333333333334,170683.83771929826,mean across entered windows; not equal-risk sizing or margin availability,228,252,0.0,0.0
YM,intraday_long,combined_stress,84650db70559423ed6d3a99343cb21b9906380b1caa22c206bd1824738b9e5a1,e55a21c12d6aae23,5.0,2,0.0,0.0,5,b8602e632fb6940db0d5eba01c45a618c5ff287df0d70740384aee615a551e4a,common complete dates,2024,ok,213,-3795.0,-10185.0,2130.0,4260.0,213,426,-0.10185,-47.816901408450704,-0.12049859154929576,0.05398699041622375,-2.231993126867922,-0.10925,"conditional complete-window sum on stated capital, not live equity or intraday drawdown",0.7083333333333334,201624.3661971831,mean across entered windows; not equal-risk sizing or margin availability,213,252,0.0,0.0
YM,intraday_long,combined_stress,84650db70559423ed6d3a99343cb21b9906380b1caa22c206bd1824738b9e5a1,e55a21c12d6aae23,5.0,2,0.0,0.0,5,b8602e632fb6940db0d5eba01c45a618c5ff287df0d70740384aee615a551e4a,common complete dates,2025,ok,142,-8695.0,-12955.0,1420.0,2840.0,142,284,-0.12955,-91.23239436619718,-0.2299056338028169,0.1250313542276736,-1.838783841244928,-0.14376352547708046,"conditional complete-window sum on stated capital, not live equity or intraday drawdown",0.7083333333333334,219182.28873239437,mean across entered windows; not equal-risk sizing or margin availability,142,252,0.0,0.0
YM,intraday_long,combined_stress,84650db70559423ed6d3a99343cb21b9906380b1caa22c206bd1824738b9e5a1,e55a21c12d6aae23,5.0,2,0.0,0.0,5,b8602e632fb6940db0d5eba01c45a618c5ff287df0d70740384aee615a551e4a,common complete dates,2026,ok,109,10330.0,7060.0,1090.0,2180.0,109,218,0.0706,64.77064220183486,0.16322201834862385,0.1130053000029033,1.4443748951989899,-0.05322987199130134,"conditional complete-window sum on stated capital, not live equity or intraday drawdown",0.7083333333333334,248243.25688073394,mean across entered windows; not equal-risk sizing or margin availability,109,252,0.0,0.0
