utc_date,mom-3|base,mom-3|gross_reference,mom-3|cost_stress,mom-3|delay_stress,mom-3|combined_stress,mom-6|base,mom-6|gross_reference,mom-6|cost_stress,mom-6|delay_stress,mom-6|combined_stress,mom-12|base,mom-12|gross_reference,mom-12|cost_stress,mom-12|delay_stress,mom-12|combined_stress,revert-6-0.5|base,revert-6-0.5|gross_reference,revert-6-0.5|cost_stress,revert-6-0.5|delay_stress,revert-6-0.5|combined_stress,revert-6-1|base,revert-6-1|gross_reference,revert-6-1|cost_stress,revert-6-1|delay_stress,revert-6-1|combined_stress,revert-6-1.5|base,revert-6-1.5|gross_reference,revert-6-1.5|cost_stress,revert-6-1.5|delay_stress,revert-6-1.5|combined_stress,revert-12-0.5|base,revert-12-0.5|gross_reference,revert-12-0.5|cost_stress,revert-12-0.5|delay_stress,revert-12-0.5|combined_stress,revert-12-1|base,revert-12-1|gross_reference,revert-12-1|cost_stress,revert-12-1|delay_stress,revert-12-1|combined_stress,revert-12-1.5|base,revert-12-1.5|gross_reference,revert-12-1.5|cost_stress,revert-12-1.5|delay_stress,revert-12-1.5|combined_stress,flat|base,flat|gross_reference,flat|cost_stress,flat|delay_stress,flat|combined_stress,intraday_long|base,intraday_long|gross_reference,intraday_long|cost_stress,intraday_long|delay_stress,intraday_long|combined_stress
2016-08-16 00:00:00+00:00,-10.0,65.0,-85.0,-5.0,-65.0,45.0,75.0,15.0,-5.0,-35.0,-35.0,-5.0,-65.0,-40.0,-55.0,-125.0,-110.0,-140.0,-95.0,-110.0,-115.0,-100.0,-130.0,-100.0,-115.0,-85.0,-70.0,-100.0,-45.0,-60.0,-100.0,-85.0,-115.0,-80.0,-95.0,-80.0,-65.0,-95.0,-45.0,-60.0,-80.0,-65.0,-95.0,-45.0,-60.0,0.0,0.0,0.0,0.0,0.0,20.0,35.0,5.0,-15.0,-30.0
2016-08-19 00:00:00+00:00,-100.0,-40.0,-160.0,-125.0,-185.0,30.0,60.0,0.0,10.0,-20.0,-40.0,-10.0,-70.0,-20.0,-50.0,-45.0,-15.0,-75.0,-30.0,-45.0,-30.0,-15.0,-45.0,-40.0,-55.0,-10.0,5.0,-25.0,0.0,-15.0,15.0,45.0,-15.0,-5.0,-35.0,-25.0,-10.0,-40.0,-20.0,-35.0,-25.0,-10.0,-40.0,-20.0,-35.0,0.0,0.0,0.0,0.0,0.0,-20.0,-5.0,-35.0,-30.0,-45.0
2016-08-22 00:00:00+00:00,-320.0,-230.0,-410.0,-370.0,-460.0,-40.0,-10.0,-70.0,-155.0,-185.0,-30.0,-15.0,-45.0,-140.0,-155.0,-120.0,-60.0,-180.0,-80.0,-140.0,-65.0,-5.0,-125.0,-70.0,-130.0,-80.0,-35.0,-125.0,-60.0,-105.0,-230.0,-215.0,-245.0,-235.0,-250.0,-230.0,-215.0,-245.0,-235.0,-250.0,-230.0,-215.0,-245.0,-235.0,-250.0,0.0,0.0,0.0,0.0,0.0,-300.0,-285.0,-315.0,-370.0,-385.0
2016-08-24 00:00:00+00:00,-175.0,-85.0,-265.0,-90.0,-180.0,-150.0,-90.0,-210.0,-90.0,-150.0,-115.0,-70.0,-160.0,-40.0,-85.0,-10.0,50.0,-70.0,0.0,-60.0,10.0,40.0,-20.0,-10.0,-40.0,-10.0,5.0,-25.0,-5.0,-20.0,-5.0,40.0,-50.0,0.0,-45.0,-5.0,40.0,-50.0,0.0,-45.0,-5.0,10.0,-20.0,-5.0,-20.0,0.0,0.0,0.0,0.0,0.0,-30.0,-15.0,-45.0,5.0,-10.0
2016-09-01 00:00:00+00:00,-15.0,30.0,-60.0,10.0,-35.0,0.0,30.0,-30.0,-40.0,-70.0,-45.0,-15.0,-75.0,-35.0,-65.0,-165.0,-105.0,-225.0,-170.0,-230.0,-145.0,-100.0,-190.0,-120.0,-165.0,-150.0,-120.0,-180.0,-95.0,-125.0,-95.0,-65.0,-125.0,-75.0,-105.0,-95.0,-65.0,-125.0,-75.0,-105.0,-90.0,-60.0,-120.0,-85.0,-115.0,0.0,0.0,0.0,0.0,0.0,-135.0,-120.0,-150.0,-95.0,-110.0
2016-09-02 00:00:00+00:00,5.0,80.0,-70.0,-130.0,-205.0,-120.0,-45.0,-195.0,-135.0,-210.0,-70.0,5.0,-145.0,-170.0,-245.0,15.0,60.0,-30.0,0.0,-45.0,0.0,30.0,-30.0,-10.0,-40.0,0.0,0.0,0.0,0.0,0.0,35.0,80.0,-10.0,-60.0,-105.0,-15.0,0.0,-30.0,-15.0,-30.0,0.0,0.0,0.0,0.0,0.0,0.0,0.0,0.0,0.0,0.0,-10.0,5.0,-25.0,-60.0,-75.0
2016-09-20 00:00:00+00:00,25.0,115.0,-65.0,-45.0,-120.0,50.0,95.0,5.0,105.0,75.0,110.0,140.0,80.0,85.0,70.0,-30.0,15.0,-75.0,-35.0,-80.0,-10.0,20.0,-40.0,-25.0,-55.0,0.0,15.0,-15.0,0.0,-15.0,0.0,15.0,-15.0,0.0,-15.0,0.0,15.0,-15.0,0.0,-15.0,0.0,0.0,0.0,0.0,0.0,0.0,0.0,0.0,0.0,0.0,105.0,120.0,90.0,55.0,40.0
2016-09-22 00:00:00+00:00,135.0,195.0,75.0,210.0,150.0,135.0,180.0,90.0,130.0,100.0,205.0,220.0,190.0,205.0,190.0,-20.0,-5.0,-35.0,-20.0,-35.0,10.0,25.0,-5.0,25.0,10.0,10.0,25.0,-5.0,25.0,10.0,10.0,25.0,-5.0,25.0,10.0,15.0,30.0,0.0,20.0,5.0,0.0,0.0,0.0,0.0,0.0,0.0,0.0,0.0,0.0,0.0,260.0,275.0,245.0,270.0,255.0
2016-09-23 00:00:00+00:00,-45.0,15.0,-105.0,-80.0,-140.0,-75.0,-15.0,-135.0,-30.0,-75.0,5.0,35.0,-25.0,-35.0,-65.0,-30.0,30.0,-90.0,5.0,-40.0,10.0,55.0,-35.0,50.0,20.0,0.0,15.0,-15.0,20.0,5.0,-40.0,-10.0,-70.0,-20.0,-50.0,-20.0,10.0,-50.0,-25.0,-55.0,-20.0,-5.0,-35.0,-5.0,-20.0,0.0,0.0,0.0,0.0,0.0,15.0,30.0,0.0,15.0,0.0
2016-09-27 00:00:00+00:00,-105.0,-30.0,-180.0,-55.0,-130.0,-55.0,-10.0,-100.0,-10.0,-55.0,50.0,80.0,20.0,-40.0,-70.0,-120.0,-75.0,-165.0,-65.0,-110.0,-115.0,-70.0,-160.0,-45.0,-90.0,-80.0,-65.0,-95.0,-5.0,-20.0,-90.0,-60.0,-120.0,25.0,10.0,-90.0,-60.0,-120.0,25.0,10.0,-65.0,-50.0,-80.0,25.0,10.0,0.0,0.0,0.0,0.0,0.0,-70.0,-55.0,-85.0,5.0,-10.0
2016-09-30 00:00:00+00:00,-85.0,-10.0,-160.0,25.0,-35.0,-155.0,-95.0,-215.0,-100.0,-160.0,-180.0,-150.0,-210.0,-120.0,-150.0,-35.0,25.0,-95.0,-35.0,-80.0,-35.0,-20.0,-50.0,0.0,-15.0,35.0,50.0,20.0,10.0,-5.0,45.0,60.0,30.0,55.0,40.0,45.0,60.0,30.0,55.0,40.0,0.0,0.0,0.0,0.0,0.0,0.0,0.0,0.0,0.0,0.0,30.0,45.0,15.0,45.0,30.0
2016-10-04 00:00:00+00:00,-75.0,-15.0,-135.0,-95.0,-155.0,-115.0,-70.0,-160.0,-80.0,-125.0,-30.0,-15.0,-45.0,-15.0,-30.0,-85.0,-40.0,-130.0,-85.0,-130.0,-100.0,-70.0,-130.0,-75.0,-105.0,-65.0,-35.0,-95.0,-85.0,-115.0,-105.0,-90.0,-120.0,-110.0,-125.0,-105.0,-90.0,-120.0,-110.0,-125.0,-70.0,-55.0,-85.0,-80.0,-95.0,0.0,0.0,0.0,0.0,0.0,-130.0,-115.0,-145.0,-100.0,-115.0
2016-10-07 00:00:00+00:00,-165.0,-75.0,-255.0,-160.0,-250.0,-15.0,30.0,-60.0,0.0,-45.0,-50.0,-20.0,-80.0,-85.0,-115.0,-85.0,-55.0,-115.0,-115.0,-145.0,-70.0,-55.0,-85.0,-75.0,-90.0,-55.0,-40.0,-70.0,-40.0,-55.0,-15.0,30.0,-60.0,-35.0,-80.0,-50.0,-35.0,-65.0,-50.0,-65.0,-50.0,-35.0,-65.0,-50.0,-65.0,0.0,0.0,0.0,0.0,0.0,-50.0,-35.0,-65.0,-45.0,-60.0
2016-10-11 00:00:00+00:00,90.0,135.0,45.0,-30.0,-75.0,10.0,40.0,-20.0,-10.0,-40.0,15.0,30.0,0.0,60.0,45.0,80.0,125.0,35.0,70.0,40.0,80.0,125.0,35.0,70.0,40.0,15.0,30.0,0.0,30.0,15.0,15.0,30.0,0.0,15.0,0.0,15.0,30.0,0.0,15.0,0.0,15.0,30.0,0.0,15.0,0.0,0.0,0.0,0.0,0.0,0.0,110.0,125.0,95.0,105.0,90.0
2016-10-12 00:00:00+00:00,-40.0,5.0,-85.0,-20.0,-65.0,-25.0,35.0,-85.0,-25.0,-85.0,-10.0,35.0,-55.0,-75.0,-120.0,-40.0,-10.0,-70.0,-5.0,-35.0,-35.0,-5.0,-65.0,-15.0,-45.0,-5.0,10.0,-20.0,-20.0,-35.0,-35.0,-5.0,-65.0,-15.0,-45.0,-35.0,-5.0,-65.0,-15.0,-45.0,-5.0,10.0,-20.0,-20.0,-35.0,0.0,0.0,0.0,0.0,0.0,15.0,30.0,0.0,-90.0,-105.0
2016-10-13 00:00:00+00:00,-105.0,-30.0,-180.0,-135.0,-210.0,-120.0,-60.0,-180.0,-145.0,-205.0,-75.0,-45.0,-105.0,-150.0,-180.0,35.0,95.0,-25.0,-5.0,-65.0,55.0,100.0,10.0,0.0,-45.0,0.0,0.0,0.0,0.0,0.0,40.0,70.0,10.0,25.0,10.0,30.0,45.0,15.0,20.0,5.0,45.0,60.0,30.0,50.0,35.0,0.0,0.0,0.0,0.0,0.0,50.0,65.0,35.0,0.0,-15.0
2016-10-14 00:00:00+00:00,135.0,195.0,75.0,125.0,65.0,205.0,235.0,175.0,265.0,235.0,275.0,290.0,260.0,275.0,260.0,0.0,15.0,-15.0,-20.0,-35.0,0.0,0.0,0.0,0.0,0.0,0.0,0.0,0.0,0.0,0.0,0.0,0.0,0.0,0.0,0.0,0.0,0.0,0.0,0.0,0.0,0.0,0.0,0.0,0.0,0.0,0.0,0.0,0.0,0.0,0.0,235.0,250.0,220.0,260.0,245.0
2016-10-17 00:00:00+00:00,-65.0,10.0,-140.0,-75.0,-150.0,120.0,165.0,75.0,95.0,50.0,155.0,185.0,125.0,140.0,110.0,10.0,55.0,-35.0,-25.0,-70.0,15.0,30.0,0.0,20.0,5.0,15.0,30.0,0.0,20.0,5.0,-20.0,-5.0,-35.0,60.0,45.0,15.0,30.0,0.0,60.0,45.0,15.0,30.0,0.0,60.0,45.0,0.0,0.0,0.0,0.0,0.0,120.0,135.0,105.0,115.0,100.0
2016-10-21 00:00:00+00:00,-85.0,-10.0,-160.0,-130.0,-205.0,-75.0,-45.0,-105.0,-75.0,-105.0,-40.0,-25.0,-55.0,-60.0,-75.0,25.0,85.0,-35.0,35.0,-25.0,-20.0,25.0,-65.0,30.0,-15.0,15.0,45.0,-15.0,-5.0,-35.0,40.0,70.0,10.0,5.0,-25.0,40.0,70.0,10.0,5.0,-25.0,40.0,55.0,25.0,20.0,5.0,0.0,0.0,0.0,0.0,0.0,15.0,30.0,0.0,0.0,-15.0
2016-10-27 00:00:00+00:00,20.0,80.0,-40.0,-120.0,-180.0,-265.0,-160.0,-370.0,-55.0,-145.0,40.0,70.0,10.0,-55.0,-85.0,65.0,125.0,5.0,175.0,115.0,110.0,155.0,65.0,125.0,80.0,0.0,0.0,0.0,0.0,0.0,55.0,85.0,25.0,150.0,120.0,80.0,110.0,50.0,165.0,135.0,80.0,110.0,50.0,165.0,135.0,0.0,0.0,0.0,0.0,0.0,135.0,150.0,120.0,195.0,180.0
2016-11-01 00:00:00+00:00,30.0,75.0,-15.0,5.0,-40.0,-20.0,10.0,-50.0,15.0,-15.0,-15.0,0.0,-30.0,-15.0,-30.0,-35.0,10.0,-80.0,-45.0,-90.0,-50.0,-5.0,-95.0,-45.0,-90.0,-35.0,-5.0,-65.0,-40.0,-70.0,-90.0,-45.0,-135.0,-80.0,-125.0,-100.0,-70.0,-130.0,-105.0,-135.0,-30.0,0.0,-60.0,-35.0,-65.0,0.0,0.0,0.0,0.0,0.0,-30.0,-15.0,-45.0,-5.0,-20.0
2016-11-03 00:00:00+00:00,-65.0,10.0,-140.0,-30.0,-105.0,-35.0,40.0,-110.0,35.0,-40.0,-25.0,35.0,-85.0,100.0,40.0,100.0,160.0,40.0,65.0,5.0,45.0,75.0,15.0,25.0,-5.0,-15.0,0.0,-30.0,50.0,35.0,65.0,110.0,20.0,35.0,-10.0,-15.0,0.0,-30.0,50.0,35.0,-15.0,0.0,-30.0,50.0,35.0,0.0,0.0,0.0,0.0,0.0,175.0,190.0,160.0,200.0,185.0
2016-11-04 00:00:00+00:00,-190.0,-130.0,-250.0,-185.0,-245.0,-245.0,-170.0,-320.0,-150.0,-225.0,-80.0,-35.0,-125.0,-175.0,-220.0,80.0,140.0,20.0,80.0,20.0,70.0,130.0,10.0,90.0,45.0,20.0,50.0,-10.0,60.0,30.0,65.0,110.0,20.0,85.0,55.0,105.0,135.0,75.0,120.0,90.0,65.0,80.0,50.0,90.0,75.0,0.0,0.0,0.0,0.0,0.0,-55.0,-40.0,-70.0,-10.0,-25.0
2016-11-07 00:00:00+00:00,20.0,65.0,-25.0,5.0,-40.0,-10.0,50.0,-70.0,-40.0,-100.0,-35.0,-5.0,-65.0,-55.0,-85.0,-85.0,-55.0,-115.0,-50.0,-80.0,-75.0,-45.0,-105.0,-50.0,-80.0,-60.0,-30.0,-90.0,-45.0,-75.0,5.0,35.0,-25.0,-10.0,-40.0,5.0,35.0,-25.0,-10.0,-40.0,5.0,20.0,-10.0,5.0,-10.0,0.0,0.0,0.0,0.0,0.0,-5.0,10.0,-20.0,0.0,-15.0
2016-11-08 00:00:00+00:00,-215.0,-125.0,-305.0,-160.0,-250.0,-115.0,-55.0,-175.0,-115.0,-175.0,-80.0,-35.0,-125.0,-65.0,-110.0,-95.0,-50.0,-140.0,-70.0,-115.0,-95.0,-50.0,-140.0,-70.0,-115.0,-15.0,15.0,-45.0,-5.0,-35.0,-35.0,40.0,-110.0,-95.0,-170.0,-30.0,15.0,-75.0,-70.0,-115.0,-15.0,15.0,-45.0,5.0,-25.0,0.0,0.0,0.0,0.0,0.0,-135.0,-120.0,-150.0,-140.0,-155.0
2016-11-09 00:00:00+00:00,-265.0,-220.0,-310.0,-825.0,-870.0,-565.0,-520.0,-610.0,-995.0,-1040.0,-390.0,-315.0,-465.0,-640.0,-715.0,-80.0,-35.0,-125.0,115.0,70.0,15.0,60.0,-30.0,140.0,95.0,-110.0,-95.0,-125.0,-160.0,-175.0,15.0,60.0,-30.0,180.0,135.0,-45.0,-15.0,-75.0,130.0,100.0,-90.0,-75.0,-105.0,-25.0,-40.0,0.0,0.0,0.0,0.0,0.0,-540.0,-525.0,-555.0,-785.0,-800.0
2016-11-10 00:00:00+00:00,180.0,225.0,135.0,45.0,0.0,95.0,110.0,80.0,55.0,40.0,-240.0,-180.0,-300.0,-205.0,-265.0,-275.0,-245.0,-305.0,-235.0,-265.0,-260.0,-230.0,-290.0,-210.0,-240.0,-145.0,-115.0,-175.0,-115.0,-145.0,-110.0,-80.0,-140.0,-75.0,-105.0,-55.0,-25.0,-85.0,-55.0,-85.0,-55.0,-25.0,-85.0,-55.0,-85.0,0.0,0.0,0.0,0.0,0.0,-150.0,-135.0,-165.0,-55.0,-70.0
2016-11-11 00:00:00+00:00,-35.0,-5.0,-65.0,-90.0,-120.0,-185.0,-140.0,-230.0,-180.0,-225.0,-80.0,-65.0,-95.0,-25.0,-40.0,-205.0,-160.0,-250.0,-275.0,-305.0,-135.0,-90.0,-180.0,-220.0,-250.0,-135.0,-90.0,-180.0,-220.0,-250.0,-100.0,-55.0,-145.0,-220.0,-250.0,-180.0,-150.0,-210.0,-220.0,-250.0,-175.0,-145.0,-205.0,-185.0,-215.0,0.0,0.0,0.0,0.0,0.0,-215.0,-200.0,-230.0,-265.0,-280.0
2016-11-14 00:00:00+00:00,-115.0,-70.0,-160.0,-90.0,-135.0,-115.0,-85.0,-145.0,-155.0,-185.0,-45.0,-30.0,-60.0,-25.0,-40.0,-375.0,-285.0,-465.0,-440.0,-530.0,-375.0,-300.0,-450.0,-430.0,-505.0,-315.0,-255.0,-375.0,-345.0,-405.0,-385.0,-340.0,-430.0,-360.0,-405.0,-370.0,-325.0,-415.0,-365.0,-410.0,-295.0,-265.0,-325.0,-315.0,-345.0,0.0,0.0,0.0,0.0,0.0,-405.0,-390.0,-420.0,-405.0,-420.0
2016-11-16 00:00:00+00:00,-130.0,-55.0,-205.0,-165.0,-225.0,0.0,30.0,-30.0,-40.0,-70.0,-85.0,-25.0,-145.0,-60.0,-120.0,-80.0,-20.0,-140.0,-50.0,-110.0,-25.0,35.0,-85.0,-35.0,-95.0,20.0,35.0,5.0,20.0,5.0,-105.0,-75.0,-135.0,-80.0,-110.0,-70.0,-40.0,-100.0,-60.0,-90.0,-65.0,-35.0,-95.0,-55.0,-85.0,0.0,0.0,0.0,0.0,0.0,-90.0,-75.0,-105.0,-85.0,-100.0
2016-11-21 00:00:00+00:00,30.0,75.0,-15.0,-5.0,-50.0,-5.0,25.0,-35.0,5.0,-25.0,-40.0,-25.0,-55.0,-45.0,-60.0,-45.0,-15.0,-75.0,-20.0,-50.0,0.0,30.0,-30.0,-35.0,-65.0,-10.0,20.0,-40.0,-30.0,-60.0,10.0,40.0,-20.0,30.0,0.0,55.0,85.0,25.0,15.0,-15.0,20.0,35.0,5.0,5.0,-10.0,0.0,0.0,0.0,0.0,0.0,5.0,20.0,-10.0,-5.0,-20.0
2016-11-22 00:00:00+00:00,-30.0,0.0,-60.0,-65.0,-95.0,-85.0,-25.0,-145.0,-55.0,-115.0,0.0,0.0,0.0,0.0,0.0,-135.0,-90.0,-180.0,-65.0,-110.0,-115.0,-70.0,-160.0,-40.0,-85.0,-65.0,-20.0,-110.0,-25.0,-70.0,-105.0,-90.0,-120.0,-85.0,-100.0,-105.0,-90.0,-120.0,-85.0,-100.0,-105.0,-90.0,-120.0,-85.0,-100.0,0.0,0.0,0.0,0.0,0.0,-105.0,-90.0,-120.0,-85.0,-100.0
2016-11-28 00:00:00+00:00,-70.0,5.0,-145.0,-115.0,-190.0,65.0,95.0,35.0,-5.0,-35.0,20.0,50.0,-10.0,20.0,-10.0,-10.0,35.0,-55.0,-20.0,-65.0,-30.0,0.0,-60.0,-50.0,-80.0,-30.0,0.0,-60.0,-50.0,-80.0,-40.0,-25.0,-55.0,-45.0,-60.0,-25.0,-10.0,-40.0,-45.0,-60.0,10.0,25.0,-5.0,-30.0,-45.0,0.0,0.0,0.0,0.0,0.0,50.0,65.0,35.0,20.0,5.0
2016-11-30 00:00:00+00:00,15.0,75.0,-45.0,-20.0,-80.0,-25.0,35.0,-85.0,-55.0,-115.0,10.0,40.0,-20.0,-30.0,-60.0,-45.0,0.0,-90.0,-65.0,-110.0,-35.0,10.0,-80.0,-80.0,-125.0,20.0,35.0,5.0,0.0,-15.0,-5.0,10.0,-20.0,-20.0,-35.0,-5.0,10.0,-20.0,-20.0,-35.0,-5.0,10.0,-20.0,-20.0,-35.0,0.0,0.0,0.0,0.0,0.0,20.0,35.0,5.0,5.0,-10.0
2016-12-01 00:00:00+00:00,-10.0,50.0,-70.0,-25.0,-85.0,-65.0,-20.0,-110.0,-55.0,-85.0,-160.0,-130.0,-190.0,-145.0,-175.0,-115.0,-55.0,-175.0,-85.0,-145.0,-105.0,-45.0,-165.0,-75.0,-135.0,-70.0,-40.0,-100.0,-25.0,-55.0,-5.0,25.0,-35.0,30.0,0.0,0.0,30.0,-30.0,50.0,20.0,35.0,65.0,5.0,45.0,15.0,0.0,0.0,0.0,0.0,0.0,-35.0,-20.0,-50.0,-30.0,-45.0
2016-12-02 00:00:00+00:00,-95.0,-5.0,-185.0,-55.0,-130.0,-10.0,20.0,-40.0,-45.0,-75.0,-165.0,-75.0,-255.0,-75.0,-165.0,-40.0,20.0,-100.0,-45.0,-105.0,-25.0,20.0,-70.0,-45.0,-90.0,-20.0,10.0,-50.0,15.0,-15.0,35.0,80.0,-10.0,-5.0,-50.0,30.0,60.0,0.0,30.0,0.0,30.0,45.0,15.0,-5.0,-20.0,0.0,0.0,0.0,0.0,0.0,-30.0,-15.0,-45.0,-5.0,-20.0
2016-12-05 00:00:00+00:00,-60.0,0.0,-120.0,-175.0,-235.0,-65.0,-20.0,-110.0,-140.0,-185.0,-110.0,-50.0,-170.0,-100.0,-160.0,-95.0,-50.0,-140.0,20.0,-25.0,-95.0,-50.0,-140.0,20.0,-25.0,-5.0,40.0,-50.0,20.0,-25.0,45.0,75.0,15.0,-5.0,-35.0,-25.0,-10.0,-40.0,-35.0,-50.0,-25.0,-10.0,-40.0,-35.0,-50.0,0.0,0.0,0.0,0.0,0.0,-70.0,-55.0,-85.0,-65.0,-80.0
2016-12-06 00:00:00+00:00,-55.0,20.0,-130.0,-45.0,-120.0,-35.0,10.0,-80.0,-25.0,-70.0,-25.0,5.0,-55.0,-5.0,-20.0,-20.0,25.0,-65.0,-25.0,-70.0,-5.0,40.0,-50.0,-50.0,-95.0,15.0,30.0,0.0,-10.0,-25.0,-10.0,5.0,-25.0,10.0,-5.0,-10.0,5.0,-25.0,10.0,-5.0,0.0,0.0,0.0,0.0,0.0,0.0,0.0,0.0,0.0,0.0,20.0,35.0,5.0,30.0,15.0
2016-12-07 00:00:00+00:00,-155.0,-65.0,-245.0,-90.0,-180.0,-85.0,-40.0,-130.0,-75.0,-120.0,-140.0,-65.0,-215.0,-105.0,-180.0,-85.0,5.0,-175.0,-60.0,-135.0,-30.0,0.0,-60.0,-40.0,-70.0,-15.0,0.0,-30.0,-15.0,-30.0,-40.0,-10.0,-70.0,-15.0,-45.0,-5.0,25.0,-35.0,-25.0,-55.0,0.0,0.0,0.0,0.0,0.0,0.0,0.0,0.0,0.0,0.0,-60.0,-45.0,-75.0,-50.0,-65.0
2017-01-03 00:00:00+00:00,65.0,125.0,5.0,80.0,20.0,35.0,110.0,-40.0,40.0,-35.0,65.0,110.0,20.0,60.0,15.0,-30.0,0.0,-60.0,-20.0,-50.0,-10.0,20.0,-40.0,15.0,-15.0,0.0,0.0,0.0,0.0,0.0,-40.0,-10.0,-70.0,-20.0,-50.0,-15.0,0.0,-30.0,-30.0,-45.0,5.0,20.0,-10.0,5.0,-10.0,0.0,0.0,0.0,0.0,0.0,120.0,135.0,105.0,125.0,110.0
2017-01-12 00:00:00+00:00,-25.0,35.0,-85.0,-70.0,-130.0,-45.0,15.0,-105.0,-50.0,-110.0,10.0,40.0,-20.0,20.0,-10.0,15.0,75.0,-45.0,-5.0,-65.0,10.0,40.0,-20.0,25.0,-5.0,10.0,25.0,-5.0,10.0,-5.0,15.0,45.0,-15.0,15.0,-15.0,10.0,25.0,-5.0,10.0,-5.0,10.0,25.0,-5.0,10.0,-5.0,0.0,0.0,0.0,0.0,0.0,105.0,120.0,90.0,115.0,100.0
2017-01-17 00:00:00+00:00,-175.0,-115.0,-235.0,-160.0,-220.0,-45.0,-15.0,-75.0,-40.0,-70.0,-35.0,-20.0,-50.0,-55.0,-70.0,-90.0,-30.0,-150.0,-100.0,-160.0,-85.0,-25.0,-145.0,-90.0,-150.0,-60.0,-30.0,-90.0,-60.0,-90.0,-115.0,-85.0,-145.0,-5.0,-35.0,-115.0,-85.0,-145.0,-5.0,-35.0,-105.0,-90.0,-120.0,-10.0,-25.0,0.0,0.0,0.0,0.0,0.0,-140.0,-125.0,-155.0,-50.0,-65.0
2017-02-02 00:00:00+00:00,15.0,105.0,-75.0,-60.0,-150.0,-25.0,5.0,-55.0,25.0,-5.0,0.0,30.0,-30.0,60.0,30.0,-55.0,5.0,-115.0,-105.0,-165.0,-20.0,25.0,-65.0,-75.0,-120.0,-20.0,10.0,-50.0,-40.0,-70.0,-10.0,5.0,-25.0,-35.0,-50.0,-10.0,5.0,-25.0,-35.0,-50.0,15.0,30.0,0.0,10.0,-5.0,0.0,0.0,0.0,0.0,0.0,40.0,55.0,25.0,45.0,30.0
2017-02-07 00:00:00+00:00,145.0,220.0,70.0,70.0,10.0,170.0,215.0,125.0,105.0,60.0,240.0,255.0,225.0,210.0,195.0,-5.0,25.0,-35.0,40.0,10.0,0.0,15.0,-15.0,0.0,-15.0,0.0,0.0,0.0,0.0,0.0,0.0,0.0,0.0,0.0,0.0,0.0,0.0,0.0,0.0,0.0,0.0,0.0,0.0,0.0,0.0,0.0,0.0,0.0,0.0,0.0,240.0,255.0,225.0,210.0,195.0
2017-02-08 00:00:00+00:00,-110.0,-35.0,-185.0,-100.0,-175.0,-100.0,-55.0,-145.0,-120.0,-165.0,-30.0,0.0,-60.0,5.0,-25.0,-25.0,20.0,-70.0,5.0,-40.0,-40.0,-25.0,-55.0,-40.0,-55.0,-10.0,5.0,-25.0,-20.0,-35.0,70.0,100.0,40.0,25.0,-5.0,20.0,35.0,5.0,5.0,-10.0,25.0,40.0,10.0,15.0,0.0,0.0,0.0,0.0,0.0,0.0,50.0,65.0,35.0,10.0,-5.0
2017-02-22 00:00:00+00:00,-100.0,-25.0,-175.0,-50.0,-125.0,-95.0,-50.0,-140.0,-85.0,-130.0,0.0,0.0,0.0,0.0,0.0,-160.0,-100.0,-220.0,-225.0,-285.0,-125.0,-80.0,-170.0,-165.0,-210.0,-75.0,-45.0,-105.0,-95.0,-125.0,-135.0,-105.0,-165.0,-150.0,-180.0,-95.0,-65.0,-125.0,-110.0,-140.0,-35.0,-5.0,-65.0,-50.0,-80.0,0.0,0.0,0.0,0.0,0.0,-165.0,-150.0,-180.0,-185.0,-200.0
2017-02-28 00:00:00+00:00,-30.0,30.0,-90.0,0.0,-45.0,10.0,40.0,-20.0,-45.0,-75.0,-45.0,0.0,-90.0,-40.0,-85.0,-20.0,25.0,-65.0,-20.0,-65.0,-15.0,30.0,-60.0,5.0,-40.0,10.0,40.0,-20.0,35.0,5.0,10.0,40.0,-20.0,35.0,5.0,10.0,40.0,-20.0,35.0,5.0,10.0,40.0,-20.0,20.0,-10.0,0.0,0.0,0.0,0.0,0.0,35.0,50.0,20.0,10.0,-5.0
2017-03-01 00:00:00+00:00,-60.0,30.0,-150.0,-50.0,-125.0,0.0,45.0,-45.0,-15.0,-60.0,-65.0,-35.0,-95.0,-105.0,-135.0,-95.0,-50.0,-140.0,-55.0,-100.0,-75.0,-45.0,-105.0,-45.0,-75.0,-50.0,-35.0,-65.0,-40.0,-55.0,-5.0,10.0,-20.0,5.0,-10.0,-5.0,10.0,-20.0,5.0,-10.0,0.0,0.0,0.0,0.0,0.0,0.0,0.0,0.0,0.0,0.0,-25.0,-10.0,-40.0,-30.0,-45.0
2017-03-03 00:00:00+00:00,180.0,255.0,105.0,125.0,50.0,200.0,245.0,155.0,170.0,125.0,95.0,155.0,35.0,105.0,45.0,75.0,120.0,30.0,-25.0,-70.0,5.0,20.0,-10.0,10.0,-5.0,5.0,20.0,-10.0,10.0,-5.0,5.0,20.0,-10.0,10.0,-5.0,5.0,20.0,-10.0,10.0,-5.0,5.0,20.0,-10.0,10.0,-5.0,0.0,0.0,0.0,0.0,0.0,235.0,250.0,220.0,190.0,175.0
2017-03-06 00:00:00+00:00,90.0,150.0,30.0,55.0,-5.0,130.0,175.0,85.0,110.0,65.0,90.0,120.0,60.0,80.0,50.0,15.0,45.0,-15.0,20.0,-10.0,0.0,30.0,-30.0,15.0,-15.0,0.0,0.0,0.0,0.0,0.0,0.0,15.0,-15.0,-5.0,-20.0,0.0,0.0,0.0,0.0,0.0,0.0,0.0,0.0,0.0,0.0,0.0,0.0,0.0,0.0,0.0,175.0,190.0,160.0,180.0,165.0
2017-03-22 00:00:00+00:00,-65.0,10.0,-140.0,-15.0,-90.0,-70.0,-10.0,-130.0,-145.0,-205.0,-5.0,40.0,-50.0,-75.0,-120.0,-50.0,10.0,-110.0,-20.0,-65.0,70.0,100.0,40.0,-15.0,-45.0,15.0,30.0,0.0,20.0,5.0,55.0,70.0,40.0,-35.0,-50.0,55.0,70.0,40.0,-35.0,-50.0,0.0,0.0,0.0,0.0,0.0,0.0,0.0,0.0,0.0,0.0,20.0,35.0,5.0,85.0,70.0
2017-04-06 00:00:00+00:00,-65.0,40.0,-170.0,-55.0,-145.0,90.0,120.0,60.0,35.0,5.0,125.0,140.0,110.0,90.0,75.0,50.0,110.0,-10.0,-45.0,-105.0,35.0,65.0,5.0,-25.0,-55.0,0.0,0.0,0.0,0.0,0.0,0.0,0.0,0.0,0.0,0.0,0.0,0.0,0.0,0.0,0.0,0.0,0.0,0.0,0.0,0.0,0.0,0.0,0.0,0.0,0.0,125.0,140.0,110.0,90.0,75.0
2017-04-12 00:00:00+00:00,-95.0,-35.0,-155.0,-75.0,-135.0,-140.0,-95.0,-185.0,-180.0,-225.0,-175.0,-145.0,-205.0,-115.0,-145.0,-105.0,-45.0,-165.0,-90.0,-150.0,-80.0,-20.0,-140.0,-110.0,-170.0,-95.0,-50.0,-140.0,-90.0,-135.0,-100.0,-55.0,-145.0,-15.0,-60.0,-100.0,-55.0,-145.0,-15.0,-60.0,-55.0,-25.0,-85.0,-25.0,-55.0,0.0,0.0,0.0,0.0,0.0,-160.0,-145.0,-175.0,-130.0,-145.0
2017-04-13 00:00:00+00:00,-145.0,-55.0,-235.0,-120.0,-210.0,-175.0,-115.0,-235.0,-90.0,-135.0,-100.0,-55.0,-145.0,-55.0,-100.0,-40.0,5.0,-85.0,-60.0,-105.0,30.0,60.0,0.0,-25.0,-55.0,30.0,60.0,0.0,-25.0,-55.0,-15.0,0.0,-30.0,-55.0,-70.0,-5.0,10.0,-20.0,-10.0,-25.0,10.0,25.0,-5.0,15.0,0.0,0.0,0.0,0.0,0.0,0.0,-65.0,-50.0,-80.0,-35.0,-50.0
2017-04-18 00:00:00+00:00,150.0,195.0,105.0,210.0,165.0,75.0,90.0,60.0,25.0,10.0,40.0,55.0,25.0,-60.0,-75.0,-110.0,-95.0,-125.0,-80.0,-95.0,-110.0,-95.0,-125.0,-80.0,-95.0,-95.0,-80.0,-110.0,-75.0,-90.0,-130.0,-115.0,-145.0,-120.0,-135.0,-95.0,-80.0,-110.0,-65.0,-80.0,-95.0,-80.0,-110.0,-65.0,-80.0,0.0,0.0,0.0,0.0,0.0,-50.0,-35.0,-65.0,-90.0,-105.0
2017-04-20 00:00:00+00:00,-120.0,-15.0,-225.0,-240.0,-345.0,-220.0,-130.0,-310.0,-140.0,-215.0,-105.0,-60.0,-150.0,-110.0,-140.0,0.0,60.0,-60.0,110.0,50.0,5.0,50.0,-40.0,55.0,10.0,15.0,45.0,-15.0,75.0,45.0,-5.0,55.0,-65.0,105.0,45.0,25.0,70.0,-20.0,15.0,-30.0,40.0,70.0,10.0,40.0,10.0,0.0,0.0,0.0,0.0,0.0,-35.0,-20.0,-50.0,-40.0,-55.0
2017-04-24 00:00:00+00:00,65.0,110.0,20.0,55.0,10.0,-15.0,30.0,-60.0,15.0,-30.0,60.0,75.0,45.0,80.0,65.0,-35.0,-5.0,-65.0,-45.0,-75.0,-10.0,20.0,-40.0,-40.0,-70.0,-5.0,10.0,-20.0,-35.0,-50.0,-5.0,10.0,-20.0,-20.0,-35.0,-5.0,10.0,-20.0,-20.0,-35.0,25.0,40.0,10.0,10.0,-5.0,0.0,0.0,0.0,0.0,0.0,75.0,90.0,60.0,115.0,100.0
2017-05-02 00:00:00+00:00,-80.0,25.0,-185.0,-60.0,-165.0,10.0,40.0,-20.0,0.0,-30.0,-100.0,-70.0,-130.0,-105.0,-135.0,-20.0,25.0,-65.0,-5.0,-35.0,-20.0,25.0,-65.0,-5.0,-35.0,5.0,20.0,-10.0,5.0,-10.0,10.0,25.0,-5.0,10.0,-5.0,10.0,25.0,-5.0,10.0,-5.0,10.0,25.0,-5.0,10.0,-5.0,0.0,0.0,0.0,0.0,0.0,-20.0,-5.0,-35.0,-15.0,-30.0
2017-05-17 00:00:00+00:00,95.0,140.0,50.0,75.0,30.0,95.0,110.0,80.0,95.0,80.0,15.0,45.0,-15.0,40.0,10.0,-80.0,-50.0,-110.0,-45.0,-75.0,-90.0,-75.0,-105.0,-50.0,-65.0,5.0,20.0,-10.0,30.0,15.0,-60.0,-45.0,-75.0,-30.0,-45.0,-60.0,-45.0,-75.0,-30.0,-45.0,-20.0,-5.0,-35.0,-30.0,-45.0,0.0,0.0,0.0,0.0,0.0,55.0,70.0,40.0,105.0,90.0
2017-05-18 00:00:00+00:00,-110.0,-50.0,-170.0,75.0,15.0,-255.0,-180.0,-330.0,-40.0,-115.0,-140.0,-95.0,-185.0,90.0,45.0,-305.0,-275.0,-335.0,-280.0,-310.0,-305.0,-275.0,-335.0,-280.0,-310.0,-250.0,-220.0,-280.0,-230.0,-260.0,-215.0,-185.0,-245.0,-270.0,-300.0,-220.0,-190.0,-250.0,-300.0,-330.0,-180.0,-150.0,-210.0,-260.0,-290.0,0.0,0.0,0.0,0.0,0.0,-325.0,-310.0,-340.0,-215.0,-230.0
2017-05-19 00:00:00+00:00,-50.0,10.0,-110.0,-75.0,-135.0,-65.0,10.0,-140.0,-100.0,-175.0,10.0,40.0,-20.0,0.0,-30.0,15.0,60.0,-30.0,20.0,-25.0,15.0,60.0,-30.0,20.0,-25.0,-15.0,0.0,-30.0,5.0,-10.0,-25.0,-10.0,-40.0,5.0,-10.0,-25.0,-10.0,-40.0,5.0,-10.0,-25.0,-10.0,-40.0,5.0,-10.0,0.0,0.0,0.0,0.0,0.0,10.0,25.0,-5.0,20.0,5.0
2017-05-26 00:00:00+00:00,-130.0,-55.0,-205.0,-80.0,-155.0,-75.0,-45.0,-105.0,-70.0,-100.0,-135.0,-75.0,-195.0,-90.0,-150.0,-105.0,-30.0,-180.0,-145.0,-220.0,-70.0,5.0,-145.0,-155.0,-230.0,-105.0,-45.0,-165.0,-170.0,-230.0,-90.0,-30.0,-150.0,-85.0,-145.0,-55.0,-10.0,-100.0,-85.0,-130.0,-55.0,-25.0,-85.0,-110.0,-140.0,0.0,0.0,0.0,0.0,0.0,-105.0,-90.0,-120.0,-130.0,-145.0
2017-05-31 00:00:00+00:00,50.0,110.0,-10.0,70.0,10.0,85.0,130.0,40.0,-20.0,-65.0,165.0,195.0,135.0,130.0,100.0,-25.0,5.0,-55.0,30.0,0.0,-25.0,5.0,-55.0,30.0,0.0,0.0,30.0,-30.0,15.0,-15.0,5.0,35.0,-25.0,5.0,-25.0,15.0,45.0,-15.0,20.0,-10.0,0.0,15.0,-15.0,15.0,0.0,0.0,0.0,0.0,0.0,0.0,180.0,195.0,165.0,155.0,140.0
2017-06-21 00:00:00+00:00,35.0,80.0,-10.0,20.0,-25.0,-65.0,-20.0,-110.0,-75.0,-120.0,-65.0,-35.0,-95.0,-70.0,-100.0,-80.0,-35.0,-125.0,-5.0,-50.0,-80.0,-50.0,-110.0,-10.0,-40.0,5.0,35.0,-25.0,5.0,-10.0,45.0,90.0,0.0,25.0,-5.0,30.0,60.0,0.0,50.0,35.0,0.0,0.0,0.0,0.0,0.0,0.0,0.0,0.0,0.0,0.0,10.0,25.0,-5.0,10.0,-5.0
2017-06-28 00:00:00+00:00,-105.0,0.0,-210.0,20.0,-85.0,65.0,95.0,35.0,60.0,30.0,50.0,80.0,20.0,70.0,40.0,-5.0,40.0,-50.0,-65.0,-95.0,5.0,35.0,-25.0,-20.0,-35.0,0.0,0.0,0.0,0.0,0.0,10.0,25.0,-5.0,20.0,5.0,10.0,25.0,-5.0,20.0,5.0,0.0,0.0,0.0,0.0,0.0,0.0,0.0,0.0,0.0,0.0,110.0,125.0,95.0,115.0,100.0
2017-06-30 00:00:00+00:00,90.0,150.0,30.0,90.0,30.0,120.0,150.0,90.0,130.0,100.0,160.0,175.0,145.0,170.0,155.0,-65.0,-35.0,-95.0,-5.0,-20.0,-20.0,-5.0,-35.0,-5.0,-20.0,-20.0,-5.0,-35.0,-5.0,-20.0,0.0,0.0,0.0,0.0,0.0,0.0,0.0,0.0,0.0,0.0,0.0,0.0,0.0,0.0,0.0,0.0,0.0,0.0,0.0,0.0,150.0,165.0,135.0,150.0,135.0
2017-07-06 00:00:00+00:00,-20.0,25.0,-65.0,-120.0,-165.0,-105.0,-90.0,-120.0,-85.0,-100.0,-230.0,-185.0,-275.0,-120.0,-165.0,-230.0,-200.0,-260.0,-200.0,-230.0,-230.0,-200.0,-260.0,-200.0,-230.0,-230.0,-200.0,-260.0,-200.0,-230.0,-165.0,-135.0,-195.0,-185.0,-215.0,-195.0,-180.0,-210.0,-185.0,-200.0,-195.0,-180.0,-210.0,-185.0,-200.0,0.0,0.0,0.0,0.0,0.0,-395.0,-380.0,-410.0,-355.0,-370.0
2017-07-18 00:00:00+00:00,-50.0,10.0,-110.0,-55.0,-115.0,-45.0,15.0,-105.0,-65.0,-125.0,-120.0,-90.0,-150.0,-135.0,-165.0,-95.0,-50.0,-140.0,-185.0,-230.0,-65.0,-20.0,-110.0,-125.0,-170.0,-30.0,0.0,-60.0,-110.0,-140.0,-75.0,-30.0,-120.0,-140.0,-185.0,-55.0,-10.0,-100.0,-135.0,-180.0,-15.0,15.0,-45.0,-35.0,-65.0,0.0,0.0,0.0,0.0,0.0,-85.0,-70.0,-100.0,-125.0,-140.0
2017-07-27 00:00:00+00:00,-100.0,-40.0,-160.0,-140.0,-200.0,-150.0,-60.0,-240.0,-125.0,-215.0,-85.0,-55.0,-115.0,-45.0,-75.0,-70.0,20.0,-160.0,-105.0,-195.0,-55.0,5.0,-115.0,-75.0,-135.0,-35.0,-5.0,-65.0,-15.0,-30.0,-60.0,-15.0,-105.0,-40.0,-70.0,-35.0,10.0,-80.0,-15.0,-45.0,5.0,20.0,-10.0,5.0,-10.0,0.0,0.0,0.0,0.0,0.0,-75.0,-60.0,-90.0,-100.0,-115.0
2017-07-28 00:00:00+00:00,-5.0,40.0,-50.0,-35.0,-80.0,-5.0,25.0,-35.0,-25.0,-55.0,-15.0,0.0,-30.0,-45.0,-60.0,-100.0,-55.0,-145.0,-60.0,-90.0,-55.0,-25.0,-85.0,-5.0,-35.0,-35.0,-5.0,-65.0,20.0,-10.0,-60.0,-30.0,-90.0,-45.0,-75.0,-50.0,-20.0,-80.0,-35.0,-65.0,-25.0,5.0,-55.0,20.0,-10.0,0.0,0.0,0.0,0.0,0.0,-25.0,-10.0,-40.0,-5.0,-20.0
2017-07-31 00:00:00+00:00,-15.0,30.0,-60.0,-60.0,-105.0,-5.0,40.0,-50.0,-95.0,-140.0,-60.0,-15.0,-105.0,-55.0,-100.0,-50.0,-5.0,-95.0,-20.0,-65.0,-35.0,10.0,-80.0,-25.0,-70.0,10.0,55.0,-35.0,5.0,-40.0,0.0,30.0,-30.0,60.0,30.0,5.0,35.0,-25.0,85.0,55.0,25.0,40.0,10.0,60.0,45.0,0.0,0.0,0.0,0.0,0.0,35.0,50.0,20.0,45.0,30.0
2017-08-01 00:00:00+00:00,-85.0,-25.0,-145.0,-135.0,-195.0,-170.0,-95.0,-245.0,-150.0,-225.0,-100.0,-40.0,-160.0,-105.0,-165.0,-60.0,0.0,-120.0,-80.0,-140.0,-45.0,15.0,-105.0,-100.0,-160.0,0.0,60.0,-60.0,-25.0,-70.0,-70.0,-25.0,-115.0,-135.0,-180.0,-70.0,-25.0,-115.0,-135.0,-180.0,-60.0,-30.0,-90.0,-130.0,-160.0,0.0,0.0,0.0,0.0,0.0,-130.0,-115.0,-145.0,-150.0,-165.0
2017-08-09 00:00:00+00:00,-30.0,15.0,-75.0,-45.0,-90.0,-145.0,-115.0,-175.0,-85.0,-115.0,-155.0,-110.0,-200.0,-150.0,-195.0,-75.0,-45.0,-105.0,-90.0,-120.0,-75.0,-45.0,-105.0,-90.0,-120.0,-75.0,-45.0,-105.0,-90.0,-120.0,-140.0,-110.0,-170.0,-105.0,-135.0,-110.0,-80.0,-140.0,-70.0,-100.0,-110.0,-80.0,-140.0,-70.0,-100.0,0.0,0.0,0.0,0.0,0.0,-165.0,-150.0,-180.0,-135.0,-150.0
2017-08-10 00:00:00+00:00,-175.0,-85.0,-265.0,-65.0,-155.0,-80.0,-35.0,-125.0,-35.0,-80.0,-60.0,-45.0,-75.0,-135.0,-150.0,-45.0,30.0,-120.0,-80.0,-155.0,-60.0,0.0,-120.0,-90.0,-150.0,0.0,45.0,-45.0,25.0,-20.0,-50.0,-20.0,-80.0,10.0,-20.0,-50.0,-20.0,-80.0,10.0,-20.0,20.0,50.0,-10.0,80.0,50.0,0.0,0.0,0.0,0.0,0.0,-60.0,-45.0,-75.0,-15.0,-30.0
2017-08-11 00:00:00+00:00,-270.0,-135.0,-405.0,-190.0,-325.0,-145.0,-55.0,-235.0,-105.0,-195.0,0.0,30.0,-30.0,-55.0,-85.0,15.0,75.0,-45.0,-75.0,-135.0,15.0,45.0,-15.0,-5.0,-35.0,5.0,20.0,-10.0,30.0,15.0,15.0,45.0,-15.0,-5.0,-35.0,5.0,20.0,-10.0,30.0,15.0,5.0,20.0,-10.0,30.0,15.0,0.0,0.0,0.0,0.0,0.0,-75.0,-60.0,-90.0,-45.0,-60.0
2017-08-14 00:00:00+00:00,-95.0,-20.0,-170.0,-105.0,-180.0,-75.0,-30.0,-120.0,-65.0,-110.0,-80.0,-5.0,-155.0,-35.0,-110.0,-70.0,5.0,-145.0,-65.0,-140.0,-15.0,15.0,-45.0,-5.0,-35.0,-15.0,15.0,-45.0,-5.0,-35.0,10.0,40.0,-20.0,-5.0,-35.0,10.0,40.0,-20.0,-5.0,-35.0,-5.0,10.0,-20.0,-10.0,-25.0,0.0,0.0,0.0,0.0,0.0,-15.0,0.0,-30.0,-20.0,-35.0
2017-08-18 00:00:00+00:00,80.0,110.0,50.0,40.0,10.0,30.0,75.0,-15.0,10.0,-35.0,-75.0,-45.0,-105.0,-60.0,-90.0,-55.0,-10.0,-100.0,-40.0,-85.0,-55.0,-40.0,-70.0,-35.0,-50.0,-20.0,-5.0,-35.0,0.0,-15.0,25.0,55.0,-5.0,35.0,5.0,10.0,25.0,-5.0,30.0,15.0,10.0,25.0,-5.0,30.0,15.0,0.0,0.0,0.0,0.0,0.0,145.0,160.0,130.0,135.0,120.0
2017-08-21 00:00:00+00:00,100.0,145.0,55.0,20.0,-25.0,60.0,105.0,15.0,60.0,15.0,50.0,80.0,20.0,55.0,25.0,25.0,55.0,-5.0,55.0,25.0,35.0,65.0,5.0,30.0,0.0,0.0,0.0,0.0,0.0,0.0,0.0,0.0,0.0,0.0,0.0,0.0,0.0,0.0,0.0,0.0,0.0,0.0,0.0,0.0,0.0,0.0,0.0,0.0,0.0,0.0,175.0,190.0,160.0,110.0,95.0
2017-08-29 00:00:00+00:00,55.0,100.0,10.0,90.0,45.0,20.0,65.0,-25.0,100.0,55.0,60.0,90.0,30.0,95.0,65.0,90.0,135.0,45.0,75.0,30.0,105.0,150.0,60.0,70.0,25.0,85.0,115.0,55.0,70.0,40.0,90.0,120.0,60.0,80.0,50.0,70.0,100.0,40.0,60.0,30.0,40.0,55.0,25.0,50.0,35.0,0.0,0.0,0.0,0.0,0.0,200.0,215.0,185.0,235.0,220.0
2017-09-01 00:00:00+00:00,50.0,125.0,-25.0,50.0,-25.0,90.0,135.0,45.0,70.0,25.0,105.0,150.0,60.0,65.0,20.0,-45.0,0.0,-90.0,-15.0,-60.0,-15.0,0.0,-30.0,-10.0,-25.0,0.0,0.0,0.0,0.0,0.0,-5.0,25.0,-35.0,10.0,-20.0,5.0,20.0,-10.0,10.0,-5.0,0.0,0.0,0.0,0.0,0.0,0.0,0.0,0.0,0.0,0.0,155.0,170.0,140.0,155.0,140.0
2017-09-06 00:00:00+00:00,-105.0,-45.0,-165.0,-5.0,-65.0,-100.0,-25.0,-175.0,-10.0,-85.0,-105.0,-15.0,-195.0,-70.0,-160.0,25.0,85.0,-35.0,70.0,10.0,15.0,60.0,-30.0,60.0,15.0,50.0,95.0,5.0,40.0,-5.0,90.0,135.0,45.0,50.0,5.0,110.0,155.0,65.0,65.0,20.0,70.0,100.0,40.0,45.0,15.0,0.0,0.0,0.0,0.0,0.0,40.0,55.0,25.0,95.0,80.0
2017-09-22 00:00:00+00:00,-15.0,45.0,-75.0,-10.0,-70.0,-15.0,45.0,-75.0,-5.0,-65.0,0.0,45.0,-45.0,-20.0,-65.0,-50.0,-20.0,-80.0,-55.0,-85.0,-20.0,10.0,-50.0,-50.0,-80.0,0.0,0.0,0.0,0.0,0.0,-20.0,10.0,-50.0,-50.0,-80.0,-25.0,-10.0,-40.0,0.0,0.0,-25.0,-10.0,-40.0,0.0,0.0,0.0,0.0,0.0,0.0,0.0,30.0,45.0,15.0,25.0,10.0
2017-09-29 00:00:00+00:00,-135.0,-60.0,-210.0,-95.0,-170.0,-95.0,-50.0,-140.0,-70.0,-115.0,-90.0,-60.0,-120.0,-45.0,-75.0,-110.0,-50.0,-170.0,-95.0,-155.0,-110.0,-50.0,-170.0,-100.0,-160.0,-75.0,-45.0,-105.0,-50.0,-80.0,-85.0,-40.0,-130.0,-65.0,-110.0,-75.0,-30.0,-120.0,-90.0,-135.0,-70.0,-40.0,-100.0,-65.0,-95.0,0.0,0.0,0.0,0.0,0.0,-80.0,-65.0,-95.0,-70.0,-85.0
2017-10-18 00:00:00+00:00,-35.0,40.0,-110.0,10.0,-65.0,115.0,145.0,85.0,125.0,95.0,180.0,210.0,150.0,170.0,140.0,25.0,40.0,10.0,25.0,10.0,0.0,0.0,0.0,0.0,0.0,0.0,0.0,0.0,0.0,0.0,0.0,0.0,0.0,0.0,0.0,0.0,0.0,0.0,0.0,0.0,0.0,0.0,0.0,0.0,0.0,0.0,0.0,0.0,0.0,0.0,205.0,220.0,190.0,185.0,170.0
2017-10-19 00:00:00+00:00,-180.0,-90.0,-270.0,-250.0,-340.0,-105.0,-60.0,-150.0,-115.0,-160.0,-70.0,-40.0,-100.0,-130.0,-145.0,-165.0,-120.0,-210.0,-230.0,-275.0,-135.0,-90.0,-180.0,-55.0,-100.0,25.0,70.0,-20.0,-120.0,-165.0,-160.0,-145.0,-175.0,-165.0,-180.0,-100.0,-85.0,-115.0,-100.0,-115.0,-100.0,-85.0,-115.0,-100.0,-115.0,0.0,0.0,0.0,0.0,0.0,-205.0,-190.0,-220.0,-215.0,-230.0
2017-10-27 00:00:00+00:00,-35.0,25.0,-95.0,-45.0,-105.0,45.0,90.0,0.0,-45.0,-90.0,-80.0,-35.0,-125.0,-90.0,-135.0,-70.0,-25.0,-115.0,-100.0,-145.0,-75.0,-30.0,-120.0,-15.0,-45.0,-75.0,-45.0,-105.0,0.0,-15.0,20.0,50.0,-10.0,-40.0,-70.0,20.0,35.0,5.0,-10.0,-25.0,20.0,35.0,5.0,-10.0,-25.0,0.0,0.0,0.0,0.0,0.0,0.0,15.0,-15.0,-25.0,-40.0
2017-11-09 00:00:00+00:00,-140.0,-80.0,-200.0,-75.0,-135.0,-95.0,-50.0,-140.0,-185.0,-230.0,-145.0,-115.0,-175.0,-175.0,-205.0,-205.0,-145.0,-265.0,-245.0,-305.0,-215.0,-170.0,-260.0,-225.0,-270.0,-195.0,-165.0,-225.0,-45.0,-60.0,-145.0,-100.0,-190.0,-25.0,-55.0,-145.0,-115.0,-175.0,10.0,-5.0,-145.0,-115.0,-175.0,10.0,-5.0,0.0,0.0,0.0,0.0,0.0,-250.0,-235.0,-265.0,-240.0,-255.0
2017-11-10 00:00:00+00:00,-75.0,0.0,-150.0,-165.0,-240.0,90.0,105.0,75.0,30.0,15.0,-5.0,10.0,-20.0,-10.0,-25.0,-85.0,-55.0,-115.0,-65.0,-95.0,-115.0,-100.0,-130.0,-95.0,-110.0,0.0,0.0,0.0,0.0,0.0,-135.0,-120.0,-150.0,-150.0,-165.0,-90.0,-75.0,-105.0,-60.0,-75.0,10.0,25.0,-5.0,-30.0,-45.0,0.0,0.0,0.0,0.0,0.0,-120.0,-105.0,-135.0,-90.0,-105.0
2017-11-13 00:00:00+00:00,-105.0,-60.0,-150.0,-130.0,-175.0,-30.0,0.0,-60.0,-50.0,-80.0,0.0,15.0,-15.0,-25.0,-40.0,-250.0,-175.0,-325.0,-295.0,-370.0,-220.0,-160.0,-280.0,-255.0,-315.0,-160.0,-115.0,-205.0,-125.0,-170.0,-265.0,-235.0,-295.0,-280.0,-310.0,-260.0,-230.0,-290.0,-265.0,-295.0,-255.0,-225.0,-285.0,-270.0,-300.0,0.0,0.0,0.0,0.0,0.0,-245.0,-230.0,-260.0,-265.0,-280.0
2017-11-14 00:00:00+00:00,-275.0,-185.0,-365.0,-195.0,-285.0,-125.0,-65.0,-185.0,-45.0,-105.0,-120.0,-75.0,-165.0,-130.0,-175.0,35.0,125.0,-55.0,15.0,-60.0,95.0,155.0,35.0,35.0,-25.0,45.0,90.0,0.0,10.0,-35.0,45.0,105.0,-15.0,-115.0,-175.0,-20.0,10.0,-50.0,5.0,-25.0,10.0,40.0,-20.0,-5.0,-35.0,0.0,0.0,0.0,0.0,0.0,-40.0,-25.0,-55.0,-40.0,-55.0
2017-11-15 00:00:00+00:00,-195.0,-120.0,-270.0,-95.0,-170.0,-130.0,-70.0,-190.0,-150.0,-210.0,0.0,30.0,-30.0,-60.0,-75.0,-140.0,-65.0,-215.0,-165.0,-240.0,-90.0,-45.0,-135.0,-115.0,-160.0,-90.0,-45.0,-135.0,-115.0,-160.0,-180.0,-150.0,-210.0,-200.0,-230.0,-155.0,-125.0,-185.0,-190.0,-220.0,-185.0,-170.0,-200.0,-180.0,-195.0,0.0,0.0,0.0,0.0,0.0,-165.0,-150.0,-180.0,-185.0,-200.0
2017-11-16 00:00:00+00:00,-150.0,-45.0,-255.0,-15.0,-120.0,-105.0,-45.0,-165.0,-70.0,-130.0,55.0,70.0,40.0,25.0,10.0,-45.0,0.0,-90.0,-10.0,-55.0,-35.0,-5.0,-65.0,-20.0,-50.0,-20.0,10.0,-50.0,-40.0,-70.0,-10.0,20.0,-40.0,-35.0,-50.0,-15.0,0.0,-30.0,-20.0,-35.0,0.0,0.0,0.0,0.0,0.0,0.0,0.0,0.0,0.0,0.0,5.0,20.0,-10.0,0.0,-15.0
2017-11-17 00:00:00+00:00,-145.0,-70.0,-220.0,-55.0,-130.0,-75.0,-30.0,-120.0,-95.0,-140.0,-20.0,10.0,-50.0,25.0,-5.0,-5.0,55.0,-65.0,-40.0,-85.0,10.0,55.0,-35.0,-50.0,-80.0,45.0,90.0,0.0,-10.0,-40.0,-45.0,-15.0,-75.0,-45.0,-75.0,-5.0,25.0,-35.0,-45.0,-75.0,-5.0,25.0,-35.0,-45.0,-75.0,0.0,0.0,0.0,0.0,0.0,15.0,30.0,0.0,-5.0,-20.0
2017-11-21 00:00:00+00:00,170.0,230.0,110.0,180.0,135.0,305.0,335.0,275.0,250.0,220.0,280.0,310.0,250.0,280.0,250.0,-35.0,-5.0,-65.0,0.0,-30.0,-10.0,5.0,-25.0,15.0,0.0,0.0,0.0,0.0,0.0,0.0,0.0,0.0,0.0,0.0,0.0,0.0,0.0,0.0,0.0,0.0,0.0,0.0,0.0,0.0,0.0,0.0,0.0,0.0,0.0,0.0,305.0,320.0,290.0,300.0,285.0
2017-11-24 00:00:00+00:00,-25.0,50.0,-100.0,-75.0,-150.0,155.0,200.0,110.0,130.0,85.0,235.0,250.0,220.0,210.0,195.0,-10.0,35.0,-55.0,-40.0,-85.0,-15.0,15.0,-45.0,-35.0,-65.0,0.0,0.0,0.0,0.0,0.0,0.0,45.0,-45.0,-60.0,-105.0,-5.0,10.0,-20.0,-15.0,-30.0,5.0,20.0,-10.0,-15.0,-30.0,0.0,0.0,0.0,0.0,0.0,210.0,225.0,195.0,190.0,175.0
2017-11-27 00:00:00+00:00,50.0,110.0,-10.0,60.0,15.0,70.0,100.0,40.0,20.0,-10.0,35.0,65.0,5.0,0.0,-30.0,-5.0,25.0,-35.0,-20.0,-50.0,-5.0,25.0,-35.0,-20.0,-50.0,-15.0,0.0,-30.0,-35.0,-50.0,0.0,15.0,-15.0,15.0,0.0,0.0,15.0,-15.0,15.0,0.0,0.0,0.0,0.0,0.0,0.0,0.0,0.0,0.0,0.0,0.0,60.0,75.0,45.0,30.0,15.0
2017-11-28 00:00:00+00:00,-45.0,60.0,-150.0,-60.0,-150.0,-105.0,-30.0,-180.0,-85.0,-160.0,-120.0,-45.0,-195.0,-100.0,-175.0,-30.0,15.0,-75.0,-50.0,-95.0,10.0,25.0,-5.0,5.0,-10.0,10.0,25.0,-5.0,5.0,-10.0,15.0,30.0,0.0,35.0,20.0,15.0,30.0,0.0,35.0,20.0,0.0,0.0,0.0,0.0,0.0,0.0,0.0,0.0,0.0,0.0,25.0,40.0,10.0,40.0,25.0
2017-11-29 00:00:00+00:00,50.0,125.0,-25.0,45.0,-30.0,70.0,145.0,-5.0,55.0,-20.0,95.0,140.0,50.0,140.0,95.0,-5.0,40.0,-50.0,25.0,-20.0,5.0,20.0,-10.0,40.0,25.0,10.0,25.0,-5.0,30.0,15.0,5.0,35.0,-25.0,25.0,-5.0,-5.0,10.0,-20.0,-5.0,-20.0,0.0,0.0,0.0,0.0,0.0,0.0,0.0,0.0,0.0,0.0,170.0,185.0,155.0,175.0,160.0
2017-11-30 00:00:00+00:00,65.0,125.0,5.0,125.0,80.0,50.0,95.0,5.0,95.0,50.0,-20.0,25.0,-65.0,15.0,-30.0,-45.0,-15.0,-75.0,0.0,-30.0,-45.0,-30.0,-60.0,10.0,-5.0,-5.0,10.0,-20.0,-15.0,-30.0,25.0,40.0,10.0,0.0,-15.0,25.0,40.0,10.0,0.0,-15.0,40.0,55.0,25.0,30.0,15.0,0.0,0.0,0.0,0.0,0.0,110.0,125.0,95.0,110.0,95.0
2017-12-01 00:00:00+00:00,-160.0,-85.0,-235.0,230.0,155.0,-170.0,-110.0,-230.0,-40.0,-100.0,-80.0,-65.0,-95.0,-130.0,-145.0,-110.0,-65.0,-155.0,-395.0,-440.0,-110.0,-65.0,-155.0,-395.0,-440.0,-100.0,-70.0,-130.0,-305.0,-335.0,-130.0,-100.0,-160.0,-140.0,-170.0,-115.0,-85.0,-145.0,-35.0,-65.0,-110.0,-95.0,-125.0,-25.0,-40.0,0.0,0.0,0.0,0.0,0.0,-160.0,-145.0,-175.0,-165.0,-180.0
2017-12-04 00:00:00+00:00,75.0,135.0,15.0,95.0,35.0,115.0,160.0,70.0,45.0,0.0,20.0,50.0,-10.0,30.0,0.0,-30.0,30.0,-90.0,-25.0,-85.0,-40.0,5.0,-85.0,-10.0,-55.0,5.0,20.0,-10.0,10.0,-5.0,-35.0,-5.0,-65.0,-65.0,-95.0,-35.0,-20.0,-50.0,-55.0,-70.0,30.0,45.0,15.0,10.0,-5.0,0.0,0.0,0.0,0.0,0.0,100.0,115.0,85.0,90.0,75.0
2017-12-05 00:00:00+00:00,-165.0,-90.0,-240.0,-205.0,-280.0,65.0,95.0,35.0,-90.0,-105.0,-85.0,-55.0,-115.0,-105.0,-135.0,-20.0,25.0,-65.0,-10.0,-55.0,-20.0,25.0,-65.0,-10.0,-55.0,-80.0,-65.0,-95.0,-50.0,-65.0,-25.0,20.0,-70.0,-80.0,-110.0,-45.0,-15.0,-75.0,-80.0,-110.0,-15.0,15.0,-45.0,-55.0,-85.0,0.0,0.0,0.0,0.0,0.0,50.0,65.0,35.0,45.0,30.0
2017-12-06 00:00:00+00:00,-115.0,-40.0,-190.0,-175.0,-250.0,-105.0,-45.0,-165.0,-60.0,-120.0,-30.0,0.0,-60.0,-40.0,-70.0,30.0,90.0,-30.0,70.0,10.0,5.0,65.0,-55.0,20.0,-40.0,5.0,20.0,-10.0,10.0,-5.0,55.0,85.0,25.0,30.0,0.0,50.0,80.0,20.0,55.0,25.0,0.0,0.0,0.0,0.0,0.0,0.0,0.0,0.0,0.0,0.0,30.0,45.0,15.0,30.0,15.0
2017-12-07 00:00:00+00:00,-150.0,-75.0,-225.0,-105.0,-180.0,-55.0,-25.0,-85.0,-45.0,-75.0,35.0,65.0,5.0,-15.0,-45.0,-85.0,-10.0,-160.0,-105.0,-180.0,-105.0,-60.0,-150.0,-100.0,-145.0,-30.0,0.0,-60.0,-20.0,-50.0,-135.0,-90.0,-180.0,-140.0,-185.0,-135.0,-120.0,-150.0,-85.0,-100.0,-135.0,-120.0,-150.0,-85.0,-100.0,0.0,0.0,0.0,0.0,0.0,-135.0,-120.0,-150.0,-120.0,-135.0
2017-12-18 00:00:00+00:00,-80.0,-5.0,-155.0,-145.0,-220.0,-85.0,-10.0,-160.0,-115.0,-190.0,-120.0,-30.0,-210.0,-165.0,-240.0,-5.0,55.0,-65.0,85.0,25.0,-15.0,30.0,-60.0,20.0,-25.0,-40.0,-10.0,-70.0,-35.0,-65.0,25.0,85.0,-35.0,5.0,-55.0,35.0,80.0,-10.0,10.0,-35.0,0.0,0.0,0.0,0.0,0.0,0.0,0.0,0.0,0.0,0.0,75.0,90.0,60.0,60.0,45.0
2017-12-29 00:00:00+00:00,105.0,165.0,45.0,105.0,45.0,0.0,45.0,-45.0,60.0,15.0,110.0,125.0,95.0,80.0,65.0,0.0,30.0,-30.0,30.0,0.0,0.0,30.0,-30.0,30.0,0.0,30.0,60.0,0.0,-10.0,-40.0,25.0,40.0,10.0,10.0,-5.0,25.0,40.0,10.0,10.0,-5.0,25.0,40.0,10.0,10.0,-5.0,0.0,0.0,0.0,0.0,0.0,130.0,145.0,115.0,135.0,120.0
2018-01-02 00:00:00+00:00,-100.0,-10.0,-190.0,-120.0,-195.0,-20.0,40.0,-80.0,5.0,-55.0,20.0,50.0,-10.0,30.0,0.0,-145.0,-100.0,-190.0,-50.0,-95.0,-130.0,-100.0,-160.0,-50.0,-80.0,-55.0,-40.0,-70.0,-55.0,-70.0,-165.0,-135.0,-195.0,-80.0,-110.0,-125.0,-95.0,-155.0,-80.0,-110.0,-75.0,-60.0,-90.0,-75.0,-90.0,0.0,0.0,0.0,0.0,0.0,-40.0,-25.0,-55.0,-20.0,-35.0
2018-01-05 00:00:00+00:00,-30.0,45.0,-105.0,35.0,-40.0,75.0,120.0,30.0,115.0,70.0,75.0,120.0,30.0,110.0,80.0,0.0,30.0,-30.0,-50.0,-80.0,0.0,15.0,-15.0,-10.0,-25.0,0.0,15.0,-15.0,-10.0,-25.0,-20.0,25.0,-65.0,-20.0,-65.0,5.0,20.0,-10.0,-30.0,-45.0,0.0,0.0,0.0,0.0,0.0,0.0,0.0,0.0,0.0,0.0,170.0,185.0,155.0,200.0,185.0
2018-01-10 00:00:00+00:00,-115.0,-55.0,-175.0,-195.0,-255.0,-110.0,-50.0,-170.0,-240.0,-300.0,-25.0,20.0,-70.0,-105.0,-150.0,-285.0,-210.0,-360.0,-310.0,-385.0,-285.0,-210.0,-360.0,-310.0,-385.0,-270.0,-225.0,-315.0,-270.0,-315.0,-255.0,-210.0,-300.0,-185.0,-230.0,-175.0,-130.0,-220.0,-130.0,-175.0,-235.0,-205.0,-265.0,-170.0,-200.0,0.0,0.0,0.0,0.0,0.0,-305.0,-290.0,-320.0,-350.0,-365.0
2018-01-12 00:00:00+00:00,-40.0,35.0,-115.0,-110.0,-185.0,55.0,85.0,25.0,-10.0,-40.0,20.0,50.0,-10.0,-30.0,-60.0,-35.0,-20.0,-50.0,-35.0,-50.0,-35.0,-20.0,-50.0,-35.0,-50.0,0.0,15.0,-15.0,-25.0,-40.0,-25.0,-10.0,-40.0,15.0,0.0,-5.0,10.0,-20.0,0.0,-15.0,-10.0,5.0,-25.0,15.0,0.0,0.0,0.0,0.0,0.0,0.0,50.0,65.0,35.0,10.0,-5.0
2018-01-15 00:00:00+00:00,95.0,140.0,50.0,80.0,35.0,55.0,100.0,10.0,185.0,140.0,130.0,145.0,115.0,95.0,80.0,-60.0,-30.0,-90.0,-25.0,-55.0,-70.0,-40.0,-100.0,-60.0,-90.0,-30.0,-15.0,-45.0,15.0,0.0,-90.0,-75.0,-105.0,-10.0,-25.0,-90.0,-75.0,-105.0,-10.0,-25.0,-75.0,-60.0,-90.0,-20.0,-35.0,0.0,0.0,0.0,0.0,0.0,90.0,105.0,75.0,120.0,105.0
2018-01-16 00:00:00+00:00,-90.0,0.0,-180.0,-25.0,-115.0,5.0,50.0,-40.0,20.0,-25.0,10.0,55.0,-35.0,10.0,-35.0,25.0,70.0,-20.0,-35.0,-80.0,-35.0,-5.0,-65.0,-50.0,-80.0,-30.0,0.0,-60.0,-90.0,-120.0,25.0,70.0,-20.0,-125.0,-170.0,-55.0,-40.0,-70.0,-100.0,-115.0,-15.0,0.0,-30.0,-55.0,-70.0,0.0,0.0,0.0,0.0,0.0,70.0,85.0,55.0,70.0,55.0
2018-01-17 00:00:00+00:00,-125.0,-35.0,-215.0,-130.0,-220.0,10.0,55.0,-35.0,25.0,-20.0,-70.0,-10.0,-130.0,-25.0,-85.0,35.0,80.0,-10.0,105.0,60.0,35.0,80.0,-10.0,105.0,60.0,30.0,60.0,0.0,70.0,40.0,110.0,155.0,65.0,115.0,70.0,85.0,115.0,55.0,55.0,25.0,125.0,155.0,95.0,15.0,-15.0,0.0,0.0,0.0,0.0,0.0,80.0,95.0,65.0,90.0,75.0
2018-01-18 00:00:00+00:00,-20.0,55.0,-95.0,-15.0,-90.0,-10.0,50.0,-70.0,-125.0,-185.0,55.0,100.0,10.0,25.0,-20.0,105.0,180.0,30.0,95.0,20.0,65.0,110.0,20.0,110.0,65.0,0.0,0.0,0.0,0.0,0.0,65.0,110.0,20.0,110.0,65.0,30.0,45.0,15.0,80.0,65.0,40.0,55.0,25.0,25.0,10.0,0.0,0.0,0.0,0.0,0.0,190.0,205.0,175.0,170.0,155.0
2018-01-19 00:00:00+00:00,105.0,150.0,60.0,125.0,80.0,90.0,150.0,30.0,215.0,155.0,255.0,270.0,240.0,265.0,250.0,60.0,90.0,30.0,-10.0,-40.0,40.0,55.0,25.0,-30.0,-45.0,0.0,0.0,0.0,0.0,0.0,0.0,0.0,0.0,0.0,0.0,0.0,0.0,0.0,0.0,0.0,0.0,0.0,0.0,0.0,0.0,0.0,0.0,0.0,0.0,0.0,255.0,270.0,240.0,265.0,250.0
2018-01-22 00:00:00+00:00,-10.0,50.0,-70.0,-40.0,-100.0,-60.0,0.0,-120.0,-40.0,-100.0,-90.0,-60.0,-120.0,-75.0,-105.0,-65.0,-35.0,-95.0,-50.0,-80.0,-25.0,5.0,-55.0,0.0,-30.0,-45.0,-30.0,-60.0,-25.0,-40.0,10.0,40.0,-20.0,-20.0,-50.0,10.0,40.0,-20.0,-20.0,-50.0,45.0,60.0,30.0,30.0,15.0,0.0,0.0,0.0,0.0,0.0,40.0,55.0,25.0,25.0,10.0
2018-01-23 00:00:00+00:00,-105.0,-45.0,-165.0,-95.0,-155.0,-90.0,-45.0,-135.0,-85.0,-130.0,-80.0,-50.0,-110.0,-55.0,-85.0,-475.0,-415.0,-535.0,-505.0,-565.0,-515.0,-470.0,-560.0,-470.0,-515.0,-435.0,-405.0,-465.0,-455.0,-485.0,-465.0,-420.0,-510.0,-500.0,-545.0,-465.0,-420.0,-510.0,-500.0,-545.0,-445.0,-415.0,-475.0,-510.0,-540.0,0.0,0.0,0.0,0.0,0.0,-530.0,-515.0,-545.0,-520.0,-535.0
2018-01-24 00:00:00+00:00,-5.0,55.0,-65.0,-55.0,-115.0,-115.0,-55.0,-175.0,5.0,-40.0,-90.0,-30.0,-150.0,-35.0,-95.0,25.0,70.0,-20.0,30.0,-15.0,-20.0,10.0,-50.0,25.0,-5.0,45.0,75.0,15.0,0.0,-30.0,100.0,145.0,55.0,25.0,-20.0,0.0,30.0,-30.0,-5.0,-35.0,10.0,25.0,-5.0,-10.0,-25.0,0.0,0.0,0.0,0.0,0.0,55.0,70.0,40.0,55.0,40.0
2018-01-25 00:00:00+00:00,30.0,105.0,-45.0,90.0,15.0,-30.0,45.0,-105.0,85.0,10.0,215.0,230.0,200.0,225.0,210.0,40.0,85.0,-5.0,-40.0,-85.0,30.0,60.0,0.0,-15.0,-45.0,25.0,40.0,10.0,5.0,-10.0,0.0,0.0,0.0,0.0,0.0,0.0,0.0,0.0,0.0,0.0,0.0,0.0,0.0,0.0,0.0,0.0,0.0,0.0,0.0,0.0,215.0,230.0,200.0,225.0,210.0
2018-01-26 00:00:00+00:00,70.0,115.0,25.0,75.0,30.0,10.0,55.0,-35.0,40.0,-5.0,60.0,75.0,45.0,145.0,130.0,60.0,120.0,0.0,-5.0,-50.0,20.0,50.0,-10.0,30.0,15.0,15.0,30.0,0.0,35.0,20.0,20.0,50.0,-10.0,30.0,15.0,-10.0,5.0,-25.0,30.0,15.0,-10.0,5.0,-25.0,30.0,15.0,0.0,0.0,0.0,0.0,0.0,190.0,205.0,175.0,175.0,160.0
2018-01-30 00:00:00+00:00,-185.0,-110.0,-260.0,-270.0,-345.0,-190.0,-85.0,-295.0,-80.0,-185.0,-190.0,-130.0,-250.0,-155.0,-215.0,55.0,115.0,-5.0,25.0,-35.0,20.0,80.0,-40.0,-5.0,-65.0,30.0,60.0,0.0,-30.0,-60.0,20.0,65.0,-25.0,5.0,-40.0,10.0,25.0,-5.0,-5.0,-20.0,10.0,25.0,-5.0,-5.0,-20.0,0.0,0.0,0.0,0.0,0.0,-45.0,-30.0,-60.0,-60.0,-75.0
2018-01-31 00:00:00+00:00,-115.0,-55.0,-175.0,-160.0,-220.0,-85.0,-40.0,-130.0,-130.0,-175.0,-235.0,-160.0,-310.0,-105.0,-180.0,5.0,50.0,-40.0,100.0,55.0,15.0,60.0,-30.0,85.0,40.0,40.0,55.0,25.0,100.0,85.0,-5.0,25.0,-35.0,0.0,-30.0,25.0,55.0,-5.0,15.0,-15.0,65.0,80.0,50.0,95.0,80.0,0.0,0.0,0.0,0.0,0.0,-105.0,-90.0,-120.0,0.0,-15.0
2018-02-01 00:00:00+00:00,-310.0,-250.0,-370.0,-235.0,-280.0,-230.0,-200.0,-260.0,-275.0,-305.0,-35.0,-20.0,-50.0,-115.0,-130.0,-185.0,-140.0,-230.0,-130.0,-175.0,-125.0,-80.0,-170.0,-115.0,-160.0,-125.0,-80.0,-170.0,-115.0,-160.0,-155.0,-110.0,-200.0,-225.0,-270.0,-95.0,-50.0,-140.0,-210.0,-255.0,-10.0,35.0,-55.0,-90.0,-135.0,0.0,0.0,0.0,0.0,0.0,-310.0,-295.0,-325.0,-300.0,-315.0
2018-02-02 00:00:00+00:00,-315.0,-240.0,-390.0,-65.0,-140.0,-80.0,-50.0,-110.0,-90.0,-120.0,65.0,80.0,50.0,-20.0,-35.0,-210.0,-165.0,-255.0,-445.0,-490.0,-320.0,-290.0,-350.0,-475.0,-505.0,-505.0,-490.0,-520.0,-550.0,-565.0,-425.0,-410.0,-440.0,-375.0,-390.0,-425.0,-410.0,-440.0,-375.0,-390.0,-425.0,-410.0,-440.0,-375.0,-390.0,0.0,0.0,0.0,0.0,0.0,-400.0,-385.0,-415.0,-330.0,-345.0
2018-02-05 00:00:00+00:00,120.0,150.0,90.0,160.0,130.0,85.0,100.0,70.0,160.0,145.0,45.0,60.0,30.0,-90.0,-105.0,-450.0,-435.0,-465.0,-430.0,-445.0,-405.0,-390.0,-420.0,-380.0,-395.0,-215.0,-200.0,-230.0,-205.0,-220.0,-520.0,-505.0,-535.0,-500.0,-515.0,-505.0,-490.0,-520.0,-390.0,-405.0,-405.0,-390.0,-420.0,-335.0,-350.0,0.0,0.0,0.0,0.0,0.0,-420.0,-405.0,-435.0,-325.0,-340.0
2018-02-06 00:00:00+00:00,55.0,100.0,10.0,-180.0,-225.0,85.0,115.0,55.0,-390.0,-420.0,-1215.0,-1170.0,-1260.0,-680.0,-725.0,-2355.0,-2325.0,-2385.0,-1590.0,-1620.0,-2020.0,-1990.0,-2050.0,-1625.0,-1655.0,-1415.0,-1400.0,-1430.0,-925.0,-940.0,-1095.0,-1080.0,-1110.0,-760.0,-775.0,-1095.0,-1080.0,-1110.0,-760.0,-775.0,-1095.0,-1080.0,-1110.0,-760.0,-775.0,0.0,0.0,0.0,0.0,0.0,-1890.0,-1875.0,-1905.0,-1970.0,-1985.0
2018-02-07 00:00:00+00:00,370.0,460.0,280.0,45.0,-45.0,-20.0,70.0,-110.0,-200.0,-275.0,455.0,515.0,395.0,-40.0,-85.0,400.0,460.0,340.0,280.0,220.0,395.0,455.0,335.0,190.0,130.0,115.0,145.0,85.0,-25.0,-55.0,385.0,460.0,310.0,125.0,50.0,320.0,365.0,275.0,165.0,120.0,265.0,295.0,235.0,215.0,185.0,0.0,0.0,0.0,0.0,0.0,490.0,505.0,475.0,380.0,365.0
2018-02-08 00:00:00+00:00,-245.0,-185.0,-305.0,-580.0,-640.0,-620.0,-575.0,-665.0,-725.0,-770.0,-35.0,-5.0,-65.0,-30.0,-60.0,-255.0,-210.0,-300.0,5.0,-40.0,-255.0,-210.0,-300.0,5.0,-40.0,-255.0,-210.0,-300.0,5.0,-40.0,-205.0,-175.0,-235.0,-350.0,-380.0,-205.0,-175.0,-235.0,-350.0,-380.0,120.0,150.0,90.0,95.0,65.0,0.0,0.0,0.0,0.0,0.0,-455.0,-440.0,-470.0,-600.0,-615.0
2018-02-09 00:00:00+00:00,-405.0,-330.0,-480.0,-425.0,-500.0,-200.0,-155.0,-245.0,-195.0,-240.0,-265.0,-250.0,-280.0,-465.0,-480.0,-740.0,-680.0,-800.0,-165.0,-225.0,-625.0,-565.0,-685.0,-305.0,-365.0,-670.0,-625.0,-715.0,-135.0,-165.0,-780.0,-720.0,-840.0,-370.0,-430.0,-655.0,-610.0,-700.0,-350.0,-395.0,-765.0,-735.0,-795.0,-405.0,-435.0,0.0,0.0,0.0,0.0,0.0,-960.0,-945.0,-975.0,-715.0,-730.0
2018-02-12 00:00:00+00:00,-435.0,-375.0,-495.0,-705.0,-765.0,-580.0,-520.0,-640.0,-375.0,-435.0,-355.0,-310.0,-400.0,-420.0,-465.0,-20.0,40.0,-80.0,145.0,85.0,30.0,90.0,-30.0,65.0,5.0,135.0,150.0,120.0,70.0,55.0,40.0,100.0,-20.0,325.0,265.0,120.0,165.0,75.0,155.0,110.0,-15.0,15.0,-45.0,85.0,55.0,0.0,0.0,0.0,0.0,0.0,-215.0,-200.0,-230.0,-480.0,-495.0
2018-02-13 00:00:00+00:00,25.0,115.0,-65.0,-285.0,-375.0,-145.0,-85.0,-205.0,-230.0,-290.0,-150.0,-90.0,-210.0,-210.0,-255.0,-15.0,45.0,-75.0,-50.0,-110.0,-215.0,-185.0,-245.0,-10.0,-40.0,-100.0,-85.0,-115.0,-10.0,-25.0,145.0,205.0,85.0,-115.0,-175.0,40.0,55.0,25.0,-25.0,-40.0,40.0,55.0,25.0,-25.0,-40.0,0.0,0.0,0.0,0.0,0.0,-135.0,-120.0,-150.0,-185.0,-200.0
2018-02-14 00:00:00+00:00,-190.0,-115.0,-265.0,-135.0,-210.0,-110.0,-35.0,-185.0,-300.0,-375.0,-260.0,-215.0,-305.0,-180.0,-225.0,-35.0,10.0,-80.0,-150.0,-195.0,-35.0,10.0,-80.0,-150.0,-195.0,-90.0,-75.0,-105.0,-115.0,-130.0,-90.0,-60.0,-120.0,-205.0,-235.0,-95.0,-65.0,-125.0,-190.0,-220.0,-110.0,-95.0,-125.0,-185.0,-200.0,0.0,0.0,0.0,0.0,0.0,-175.0,-160.0,-190.0,-195.0,-210.0
2018-02-15 00:00:00+00:00,315.0,375.0,255.0,190.0,130.0,265.0,310.0,220.0,155.0,110.0,150.0,165.0,135.0,245.0,230.0,-230.0,-185.0,-275.0,25.0,-20.0,-215.0,-170.0,-260.0,5.0,-40.0,-215.0,-185.0,-245.0,-130.0,-160.0,-175.0,-160.0,-190.0,-125.0,-140.0,-140.0,-125.0,-155.0,-50.0,-65.0,-80.0,-65.0,-95.0,-70.0,-85.0,0.0,0.0,0.0,0.0,0.0,85.0,100.0,70.0,190.0,175.0
2018-02-16 00:00:00+00:00,-145.0,-85.0,-205.0,-260.0,-320.0,-195.0,-135.0,-255.0,-400.0,-460.0,0.0,45.0,-45.0,0.0,-45.0,-245.0,-185.0,-305.0,-245.0,-305.0,-175.0,-130.0,-220.0,-55.0,-100.0,-45.0,-15.0,-75.0,-160.0,-190.0,-105.0,-60.0,-150.0,-230.0,-275.0,-115.0,-100.0,-130.0,-105.0,-120.0,-25.0,-10.0,-40.0,-115.0,-130.0,0.0,0.0,0.0,0.0,0.0,-320.0,-305.0,-335.0,-295.0,-310.0
2018-02-20 00:00:00+00:00,0.0,45.0,-45.0,-100.0,-145.0,-205.0,-145.0,-265.0,-200.0,-260.0,-215.0,-200.0,-230.0,-165.0,-180.0,-335.0,-305.0,-365.0,-220.0,-250.0,-230.0,-200.0,-260.0,-230.0,-260.0,-80.0,-65.0,-95.0,-45.0,-60.0,-230.0,-200.0,-260.0,-280.0,-295.0,-150.0,-120.0,-180.0,-160.0,-175.0,-150.0,-120.0,-180.0,-160.0,-175.0,0.0,0.0,0.0,0.0,0.0,-390.0,-375.0,-405.0,-300.0,-315.0
2018-02-21 00:00:00+00:00,115.0,175.0,55.0,-25.0,-85.0,-15.0,30.0,-60.0,70.0,25.0,-255.0,-195.0,-315.0,-220.0,-265.0,-75.0,-15.0,-135.0,-20.0,-80.0,-100.0,-55.0,-145.0,40.0,-5.0,25.0,40.0,10.0,-50.0,-65.0,115.0,175.0,55.0,265.0,205.0,150.0,195.0,105.0,175.0,130.0,110.0,140.0,80.0,175.0,145.0,0.0,0.0,0.0,0.0,0.0,-10.0,5.0,-25.0,110.0,95.0
2018-02-22 00:00:00+00:00,235.0,295.0,175.0,125.0,65.0,285.0,330.0,240.0,210.0,165.0,410.0,440.0,380.0,300.0,270.0,200.0,245.0,155.0,185.0,140.0,200.0,245.0,155.0,185.0,140.0,125.0,155.0,95.0,120.0,90.0,110.0,125.0,95.0,120.0,105.0,90.0,105.0,75.0,50.0,35.0,0.0,0.0,0.0,0.0,0.0,0.0,0.0,0.0,0.0,0.0,545.0,560.0,530.0,500.0,485.0
2018-02-23 00:00:00+00:00,115.0,160.0,70.0,45.0,0.0,-75.0,-15.0,-135.0,-60.0,-120.0,-160.0,-100.0,-220.0,-235.0,-280.0,-235.0,-205.0,-265.0,-105.0,-135.0,-165.0,-150.0,-180.0,-75.0,-90.0,-90.0,-75.0,-105.0,-105.0,-120.0,-5.0,25.0,-35.0,75.0,45.0,35.0,65.0,5.0,75.0,45.0,-60.0,-45.0,-75.0,10.0,-5.0,0.0,0.0,0.0,0.0,0.0,65.0,80.0,50.0,75.0,60.0
2018-02-26 00:00:00+00:00,-320.0,-260.0,-380.0,-255.0,-315.0,-440.0,-380.0,-500.0,-300.0,-360.0,-345.0,-300.0,-390.0,-260.0,-305.0,105.0,165.0,45.0,5.0,-55.0,130.0,190.0,70.0,-40.0,-100.0,75.0,120.0,30.0,-85.0,-130.0,65.0,95.0,35.0,25.0,-5.0,65.0,95.0,35.0,25.0,-5.0,55.0,70.0,40.0,-60.0,-75.0,0.0,0.0,0.0,0.0,0.0,-180.0,-165.0,-195.0,-145.0,-160.0
2018-02-27 00:00:00+00:00,-45.0,30.0,-120.0,-135.0,-210.0,-190.0,-145.0,-235.0,-225.0,-270.0,-70.0,-25.0,-115.0,-270.0,-315.0,-190.0,-145.0,-235.0,-130.0,-175.0,-25.0,20.0,-70.0,15.0,-30.0,-20.0,25.0,-65.0,130.0,85.0,-195.0,-135.0,-255.0,-110.0,-170.0,-220.0,-190.0,-250.0,-20.0,-50.0,-75.0,-45.0,-105.0,-130.0,-160.0,0.0,0.0,0.0,0.0,0.0,-235.0,-220.0,-250.0,-260.0,-275.0
2018-02-28 00:00:00+00:00,-170.0,-110.0,-230.0,-230.0,-290.0,-160.0,-100.0,-220.0,0.0,-60.0,25.0,70.0,-20.0,100.0,55.0,15.0,60.0,-30.0,-20.0,-65.0,-20.0,10.0,-50.0,-30.0,-60.0,40.0,55.0,25.0,50.0,35.0,15.0,45.0,-15.0,-75.0,-105.0,-20.0,-5.0,-35.0,-85.0,-100.0,25.0,40.0,10.0,30.0,15.0,0.0,0.0,0.0,0.0,0.0,-205.0,-190.0,-220.0,-185.0,-200.0
2018-03-01 00:00:00+00:00,-365.0,-305.0,-425.0,-535.0,-595.0,-570.0,-510.0,-630.0,-210.0,-270.0,-310.0,-265.0,-355.0,-405.0,-450.0,-140.0,-95.0,-185.0,165.0,120.0,-215.0,-170.0,-260.0,185.0,140.0,-50.0,-20.0,-80.0,40.0,10.0,-405.0,-390.0,-420.0,-345.0,-360.0,-265.0,-250.0,-280.0,-340.0,-355.0,-265.0,-250.0,-280.0,-340.0,-355.0,0.0,0.0,0.0,0.0,0.0,-980.0,-965.0,-995.0,-720.0,-735.0
2018-03-02 00:00:00+00:00,-460.0,-415.0,-505.0,-275.0,-320.0,-255.0,-240.0,-270.0,-155.0,-170.0,-80.0,-65.0,-95.0,-35.0,-50.0,-240.0,-180.0,-300.0,-370.0,-430.0,-240.0,-180.0,-300.0,-370.0,-430.0,230.0,275.0,185.0,-130.0,-175.0,-410.0,-380.0,-440.0,-450.0,-480.0,-410.0,-380.0,-440.0,-450.0,-480.0,-125.0,-95.0,-155.0,-390.0,-420.0,0.0,0.0,0.0,0.0,0.0,-635.0,-620.0,-650.0,-575.0,-590.0
2018-03-05 00:00:00+00:00,-285.0,-195.0,-375.0,-15.0,-105.0,-40.0,20.0,-100.0,-95.0,-155.0,-70.0,-25.0,-115.0,50.0,5.0,230.0,290.0,170.0,-170.0,-230.0,115.0,160.0,70.0,-255.0,-300.0,130.0,145.0,115.0,50.0,35.0,-210.0,-195.0,-225.0,-200.0,-215.0,0.0,0.0,0.0,0.0,0.0,0.0,0.0,0.0,0.0,0.0,0.0,0.0,0.0,0.0,0.0,0.0,15.0,-15.0,105.0,90.0
2018-03-06 00:00:00+00:00,150.0,225.0,75.0,220.0,145.0,245.0,320.0,170.0,425.0,350.0,180.0,240.0,120.0,250.0,190.0,75.0,135.0,15.0,-5.0,-65.0,60.0,105.0,15.0,-10.0,-55.0,0.0,0.0,0.0,0.0,0.0,110.0,155.0,65.0,-60.0,-105.0,15.0,30.0,0.0,45.0,30.0,5.0,20.0,-10.0,65.0,50.0,0.0,0.0,0.0,0.0,0.0,380.0,395.0,365.0,395.0,380.0
2018-03-07 00:00:00+00:00,85.0,130.0,40.0,170.0,140.0,-170.0,-125.0,-215.0,-520.0,-565.0,-400.0,-370.0,-430.0,-510.0,-540.0,-40.0,5.0,-85.0,-95.0,-140.0,-40.0,5.0,-85.0,-95.0,-140.0,340.0,385.0,295.0,170.0,125.0,-30.0,15.0,-75.0,255.0,210.0,315.0,360.0,270.0,230.0,185.0,370.0,415.0,325.0,340.0,295.0,0.0,0.0,0.0,0.0,0.0,-25.0,-10.0,-40.0,-60.0,-75.0
2018-03-08 00:00:00+00:00,-180.0,-105.0,-255.0,-170.0,-245.0,-200.0,-110.0,-290.0,110.0,20.0,-90.0,0.0,-180.0,-40.0,-130.0,175.0,250.0,100.0,235.0,160.0,160.0,205.0,115.0,145.0,100.0,170.0,200.0,140.0,85.0,55.0,190.0,235.0,145.0,210.0,165.0,135.0,165.0,105.0,170.0,140.0,115.0,130.0,100.0,55.0,40.0,0.0,0.0,0.0,0.0,0.0,205.0,220.0,190.0,275.0,260.0
2018-03-19 00:00:00+00:00,-90.0,-30.0,-150.0,-155.0,-200.0,25.0,70.0,-20.0,-95.0,-140.0,-80.0,-35.0,-125.0,-155.0,-200.0,55.0,100.0,10.0,65.0,20.0,15.0,45.0,-15.0,55.0,25.0,35.0,50.0,20.0,-10.0,-25.0,75.0,105.0,45.0,145.0,115.0,85.0,115.0,55.0,155.0,125.0,55.0,70.0,40.0,120.0,105.0,0.0,0.0,0.0,0.0,0.0,95.0,110.0,80.0,40.0,25.0
2018-03-20 00:00:00+00:00,130.0,205.0,55.0,-160.0,-220.0,285.0,315.0,255.0,65.0,35.0,190.0,220.0,160.0,110.0,80.0,-40.0,-10.0,-70.0,95.0,65.0,-40.0,-10.0,-70.0,95.0,65.0,-85.0,-70.0,-100.0,65.0,50.0,-50.0,-35.0,-65.0,85.0,70.0,-50.0,-35.0,-65.0,85.0,70.0,-50.0,-35.0,-65.0,85.0,70.0,0.0,0.0,0.0,0.0,0.0,185.0,200.0,170.0,160.0,145.0
2018-03-21 00:00:00+00:00,-10.0,80.0,-100.0,-30.0,-120.0,75.0,105.0,45.0,15.0,-15.0,55.0,85.0,25.0,95.0,65.0,-190.0,-115.0,-265.0,50.0,-10.0,-80.0,-5.0,-155.0,20.0,-40.0,60.0,75.0,45.0,60.0,45.0,-120.0,-75.0,-165.0,30.0,0.0,75.0,105.0,45.0,30.0,0.0,100.0,115.0,85.0,55.0,40.0,0.0,0.0,0.0,0.0,0.0,-60.0,-45.0,-75.0,40.0,25.0
2018-03-22 00:00:00+00:00,-190.0,-145.0,-235.0,-180.0,-225.0,-400.0,-325.0,-475.0,-410.0,-485.0,-240.0,-195.0,-285.0,-415.0,-460.0,-205.0,-160.0,-250.0,-145.0,-190.0,-255.0,-225.0,-285.0,-215.0,-245.0,-210.0,-180.0,-240.0,-65.0,-95.0,-160.0,-130.0,-190.0,-60.0,-90.0,-95.0,-65.0,-125.0,15.0,-15.0,-25.0,5.0,-55.0,85.0,55.0,0.0,0.0,0.0,0.0,0.0,-435.0,-420.0,-450.0,-375.0,-390.0
2018-03-23 00:00:00+00:00,-70.0,-10.0,-130.0,210.0,150.0,205.0,235.0,175.0,65.0,35.0,300.0,330.0,270.0,175.0,145.0,135.0,165.0,105.0,-280.0,-310.0,135.0,165.0,105.0,-280.0,-310.0,-155.0,-140.0,-170.0,-250.0,-265.0,-170.0,-155.0,-185.0,-275.0,-290.0,80.0,95.0,65.0,-60.0,-75.0,80.0,95.0,65.0,-60.0,-75.0,0.0,0.0,0.0,0.0,0.0,290.0,305.0,275.0,230.0,215.0
2018-03-26 00:00:00+00:00,40.0,85.0,-5.0,135.0,90.0,-25.0,5.0,-55.0,130.0,100.0,-325.0,-265.0,-385.0,-405.0,-465.0,280.0,325.0,235.0,45.0,0.0,260.0,290.0,230.0,95.0,65.0,205.0,235.0,175.0,235.0,205.0,290.0,320.0,260.0,170.0,140.0,290.0,320.0,260.0,170.0,140.0,305.0,335.0,275.0,205.0,175.0,0.0,0.0,0.0,0.0,0.0,290.0,305.0,275.0,235.0,220.0
2018-03-27 00:00:00+00:00,-125.0,-50.0,-200.0,-15.0,-90.0,-110.0,-65.0,-155.0,-130.0,-175.0,-155.0,-125.0,-185.0,-175.0,-205.0,-25.0,20.0,-70.0,110.0,65.0,-25.0,20.0,-70.0,110.0,65.0,-10.0,20.0,-40.0,160.0,130.0,40.0,55.0,25.0,65.0,50.0,40.0,55.0,25.0,65.0,50.0,40.0,55.0,25.0,65.0,50.0,0.0,0.0,0.0,0.0,0.0,-20.0,-5.0,-35.0,25.0,10.0
2018-03-28 00:00:00+00:00,305.0,380.0,230.0,410.0,335.0,345.0,405.0,285.0,460.0,400.0,390.0,420.0,360.0,390.0,360.0,220.0,250.0,190.0,25.0,-5.0,140.0,155.0,125.0,-5.0,-20.0,0.0,0.0,0.0,0.0,0.0,85.0,100.0,70.0,45.0,30.0,85.0,100.0,70.0,45.0,30.0,85.0,100.0,70.0,45.0,30.0,0.0,0.0,0.0,0.0,0.0,660.0,675.0,645.0,540.0,525.0
2018-03-29 00:00:00+00:00,-175.0,-55.0,-295.0,-205.0,-310.0,-70.0,-10.0,-130.0,30.0,-30.0,75.0,105.0,45.0,160.0,130.0,135.0,210.0,60.0,-25.0,-100.0,135.0,180.0,90.0,10.0,-35.0,10.0,25.0,-5.0,-55.0,-70.0,35.0,95.0,-25.0,-125.0,-185.0,-5.0,25.0,-35.0,-150.0,-180.0,10.0,25.0,-5.0,-55.0,-70.0,0.0,0.0,0.0,0.0,0.0,225.0,240.0,210.0,165.0,150.0
2018-04-02 00:00:00+00:00,-40.0,20.0,-100.0,35.0,-25.0,-35.0,10.0,-80.0,-35.0,-80.0,-60.0,-15.0,-105.0,-95.0,-140.0,-325.0,-280.0,-370.0,-420.0,-465.0,-255.0,-225.0,-285.0,-355.0,-385.0,-255.0,-225.0,-285.0,-355.0,-385.0,-275.0,-215.0,-335.0,-415.0,-475.0,-230.0,-185.0,-275.0,-265.0,-310.0,-260.0,-245.0,-275.0,-195.0,-210.0,0.0,0.0,0.0,0.0,0.0,-205.0,-190.0,-220.0,-280.0,-295.0
2018-04-03 00:00:00+00:00,140.0,200.0,80.0,-70.0,-130.0,30.0,90.0,-30.0,45.0,-15.0,105.0,150.0,60.0,-70.0,-115.0,25.0,85.0,-35.0,230.0,185.0,5.0,35.0,-25.0,175.0,145.0,-15.0,0.0,-30.0,60.0,45.0,-20.0,25.0,-65.0,165.0,135.0,20.0,35.0,5.0,60.0,45.0,20.0,35.0,5.0,60.0,45.0,0.0,0.0,0.0,0.0,0.0,235.0,250.0,220.0,175.0,160.0
2018-04-04 00:00:00+00:00,240.0,300.0,180.0,150.0,105.0,285.0,315.0,255.0,260.0,230.0,90.0,120.0,60.0,150.0,120.0,-535.0,-490.0,-580.0,-625.0,-670.0,-535.0,-490.0,-580.0,-625.0,-670.0,-15.0,0.0,-30.0,260.0,245.0,-550.0,-535.0,-565.0,-385.0,-400.0,-410.0,-395.0,-425.0,-370.0,-385.0,-410.0,-395.0,-425.0,-370.0,-385.0,0.0,0.0,0.0,0.0,0.0,-405.0,-390.0,-420.0,-350.0,-365.0
2018-04-05 00:00:00+00:00,-105.0,-30.0,-180.0,-60.0,-135.0,5.0,65.0,-55.0,-15.0,-60.0,-135.0,-90.0,-180.0,-275.0,-305.0,15.0,90.0,-60.0,10.0,-65.0,90.0,150.0,30.0,0.0,-60.0,170.0,230.0,110.0,50.0,-10.0,105.0,135.0,75.0,210.0,180.0,105.0,135.0,75.0,210.0,180.0,175.0,205.0,145.0,220.0,190.0,0.0,0.0,0.0,0.0,0.0,45.0,60.0,30.0,85.0,70.0
2018-04-06 00:00:00+00:00,70.0,130.0,10.0,70.0,25.0,-35.0,10.0,-80.0,40.0,-5.0,-45.0,-15.0,-75.0,-55.0,-85.0,-90.0,-45.0,-135.0,-140.0,-185.0,-65.0,-35.0,-95.0,-125.0,-155.0,-165.0,-150.0,-180.0,-225.0,-240.0,-400.0,-385.0,-415.0,-460.0,-475.0,-400.0,-385.0,-415.0,-460.0,-475.0,-400.0,-385.0,-415.0,-460.0,-475.0,0.0,0.0,0.0,0.0,0.0,-280.0,-265.0,-295.0,-295.0,-310.0
2018-04-09 00:00:00+00:00,-40.0,20.0,-100.0,-310.0,-370.0,-215.0,-170.0,-260.0,-330.0,-360.0,-80.0,-50.0,-110.0,25.0,-5.0,-65.0,-5.0,-125.0,25.0,-35.0,-95.0,-50.0,-140.0,10.0,-35.0,-40.0,-25.0,-55.0,20.0,5.0,175.0,235.0,115.0,210.0,150.0,190.0,235.0,145.0,270.0,225.0,280.0,310.0,250.0,140.0,110.0,0.0,0.0,0.0,0.0,0.0,-185.0,-170.0,-200.0,-140.0,-155.0
2018-04-10 00:00:00+00:00,-220.0,-145.0,-295.0,-370.0,-445.0,-340.0,-265.0,-415.0,0.0,-75.0,-475.0,-370.0,-580.0,-130.0,-235.0,200.0,275.0,125.0,245.0,185.0,-30.0,0.0,-60.0,45.0,15.0,45.0,60.0,30.0,80.0,65.0,390.0,465.0,315.0,130.0,70.0,145.0,190.0,100.0,70.0,40.0,0.0,0.0,0.0,0.0,0.0,0.0,0.0,0.0,0.0,0.0,170.0,185.0,155.0,240.0,225.0
2018-04-11 00:00:00+00:00,-60.0,-15.0,-105.0,-210.0,-255.0,-205.0,-160.0,-250.0,-410.0,-455.0,-70.0,-55.0,-85.0,-90.0,-105.0,-725.0,-665.0,-785.0,-385.0,-445.0,-755.0,-710.0,-800.0,-425.0,-470.0,-760.0,-730.0,-790.0,-400.0,-430.0,-695.0,-680.0,-710.0,-655.0,-670.0,-695.0,-680.0,-710.0,-655.0,-670.0,-660.0,-645.0,-675.0,-610.0,-625.0,0.0,0.0,0.0,0.0,0.0,-675.0,-660.0,-690.0,-675.0,-690.0
2018-04-12 00:00:00+00:00,440.0,470.0,410.0,425.0,395.0,475.0,490.0,460.0,485.0,470.0,580.0,595.0,565.0,610.0,595.0,95.0,125.0,65.0,195.0,165.0,95.0,125.0,65.0,195.0,165.0,0.0,0.0,0.0,0.0,0.0,110.0,125.0,95.0,175.0,160.0,110.0,125.0,95.0,175.0,160.0,110.0,125.0,95.0,175.0,160.0,0.0,0.0,0.0,0.0,0.0,685.0,700.0,670.0,790.0,775.0
2018-04-13 00:00:00+00:00,115.0,190.0,40.0,60.0,-15.0,85.0,130.0,40.0,-25.0,-70.0,185.0,200.0,170.0,225.0,210.0,-35.0,10.0,-80.0,140.0,95.0,60.0,105.0,15.0,185.0,140.0,25.0,40.0,10.0,60.0,45.0,55.0,70.0,40.0,40.0,25.0,0.0,0.0,0.0,0.0,0.0,0.0,0.0,0.0,0.0,0.0,0.0,0.0,0.0,0.0,0.0,185.0,200.0,170.0,225.0,210.0
2018-04-16 00:00:00+00:00,120.0,180.0,60.0,65.0,5.0,-5.0,70.0,-80.0,-35.0,-110.0,-15.0,60.0,-90.0,-25.0,-100.0,100.0,145.0,55.0,80.0,35.0,105.0,150.0,60.0,115.0,85.0,100.0,115.0,85.0,5.0,-10.0,-15.0,15.0,-45.0,-5.0,-35.0,10.0,40.0,-20.0,80.0,65.0,80.0,95.0,65.0,80.0,65.0,0.0,0.0,0.0,0.0,0.0,125.0,140.0,110.0,125.0,110.0
2018-04-17 00:00:00+00:00,165.0,240.0,90.0,235.0,160.0,150.0,180.0,120.0,190.0,160.0,310.0,340.0,280.0,345.0,315.0,-35.0,-5.0,-65.0,-5.0,-35.0,-5.0,10.0,-20.0,10.0,-5.0,20.0,35.0,5.0,70.0,55.0,55.0,70.0,40.0,20.0,5.0,0.0,0.0,0.0,0.0,0.0,0.0,0.0,0.0,0.0,0.0,0.0,0.0,0.0,0.0,0.0,320.0,335.0,305.0,365.0,350.0
2018-04-18 00:00:00+00:00,170.0,230.0,110.0,100.0,40.0,205.0,220.0,190.0,235.0,220.0,185.0,215.0,155.0,210.0,180.0,-55.0,-10.0,-100.0,-40.0,-85.0,25.0,70.0,-20.0,-15.0,-60.0,40.0,70.0,10.0,10.0,-20.0,-30.0,0.0,-60.0,-40.0,-70.0,-10.0,20.0,-40.0,-25.0,-55.0,35.0,65.0,5.0,10.0,-20.0,0.0,0.0,0.0,0.0,0.0,180.0,195.0,165.0,190.0,175.0
2018-04-19 00:00:00+00:00,-95.0,-5.0,-185.0,-185.0,-275.0,-40.0,5.0,-85.0,-85.0,-130.0,-150.0,-105.0,-195.0,-185.0,-230.0,-50.0,-20.0,-80.0,-5.0,-35.0,40.0,70.0,10.0,5.0,-25.0,40.0,70.0,10.0,5.0,-25.0,90.0,120.0,60.0,-15.0,-45.0,90.0,120.0,60.0,-15.0,-45.0,90.0,120.0,60.0,-15.0,-45.0,0.0,0.0,0.0,0.0,0.0,30.0,45.0,15.0,-30.0,-45.0
2018-04-20 00:00:00+00:00,180.0,225.0,135.0,110.0,65.0,25.0,70.0,-20.0,-170.0,-215.0,110.0,140.0,80.0,25.0,-5.0,5.0,50.0,-40.0,100.0,70.0,95.0,140.0,50.0,120.0,90.0,95.0,140.0,50.0,130.0,100.0,95.0,110.0,80.0,95.0,80.0,95.0,110.0,80.0,95.0,80.0,95.0,110.0,80.0,95.0,80.0,0.0,0.0,0.0,0.0,0.0,160.0,175.0,145.0,230.0,215.0
2018-04-23 00:00:00+00:00,-15.0,45.0,-75.0,30.0,-30.0,110.0,155.0,65.0,35.0,-10.0,115.0,160.0,70.0,75.0,30.0,20.0,65.0,-25.0,130.0,85.0,50.0,95.0,5.0,100.0,55.0,90.0,135.0,45.0,20.0,-10.0,85.0,130.0,40.0,45.0,15.0,55.0,85.0,25.0,20.0,5.0,85.0,115.0,55.0,-10.0,-25.0,0.0,0.0,0.0,0.0,0.0,280.0,295.0,265.0,280.0,265.0
2018-04-24 00:00:00+00:00,50.0,125.0,-25.0,55.0,-20.0,-40.0,20.0,-100.0,100.0,40.0,270.0,300.0,240.0,250.0,220.0,20.0,95.0,-55.0,-55.0,-115.0,35.0,95.0,-25.0,5.0,-40.0,85.0,115.0,55.0,30.0,15.0,60.0,75.0,45.0,0.0,0.0,60.0,75.0,45.0,0.0,0.0,60.0,75.0,45.0,0.0,0.0,0.0,0.0,0.0,0.0,0.0,250.0,265.0,235.0,255.0,240.0
2018-04-25 00:00:00+00:00,-290.0,-215.0,-365.0,-305.0,-380.0,-30.0,0.0,-60.0,80.0,50.0,-235.0,-220.0,-250.0,-260.0,-275.0,-120.0,-90.0,-150.0,-155.0,-185.0,-120.0,-90.0,-150.0,-155.0,-185.0,-125.0,-110.0,-140.0,45.0,30.0,310.0,355.0,265.0,540.0,495.0,75.0,90.0,60.0,450.0,435.0,75.0,90.0,60.0,450.0,435.0,0.0,0.0,0.0,0.0,0.0,440.0,455.0,425.0,400.0,385.0
2018-04-26 00:00:00+00:00,90.0,150.0,30.0,120.0,60.0,70.0,115.0,25.0,110.0,65.0,105.0,135.0,75.0,100.0,70.0,60.0,105.0,15.0,110.0,65.0,80.0,125.0,35.0,110.0,65.0,80.0,95.0,65.0,45.0,30.0,115.0,145.0,85.0,165.0,135.0,0.0,0.0,0.0,0.0,0.0,0.0,0.0,0.0,0.0,0.0,0.0,0.0,0.0,0.0,0.0,400.0,415.0,385.0,380.0,365.0
2018-04-27 00:00:00+00:00,90.0,120.0,60.0,25.0,-5.0,-20.0,10.0,-50.0,-90.0,-120.0,-110.0,-65.0,-155.0,-95.0,-140.0,-130.0,-85.0,-175.0,-125.0,-170.0,-95.0,-50.0,-140.0,-40.0,-85.0,-30.0,0.0,-60.0,20.0,-10.0,-30.0,0.0,-60.0,0.0,-30.0,10.0,40.0,-20.0,-20.0,-50.0,120.0,150.0,90.0,125.0,95.0,0.0,0.0,0.0,0.0,0.0,15.0,30.0,0.0,-5.0,-20.0
2018-04-30 00:00:00+00:00,70.0,100.0,40.0,-85.0,-115.0,-35.0,10.0,-80.0,-65.0,-110.0,70.0,85.0,55.0,50.0,35.0,0.0,60.0,-60.0,40.0,-20.0,0.0,60.0,-60.0,40.0,-20.0,65.0,110.0,20.0,50.0,5.0,20.0,50.0,-10.0,40.0,10.0,45.0,75.0,15.0,95.0,65.0,55.0,85.0,25.0,85.0,55.0,0.0,0.0,0.0,0.0,0.0,90.0,105.0,75.0,90.0,75.0
2018-05-01 00:00:00+00:00,-25.0,35.0,-85.0,-75.0,-135.0,-125.0,-80.0,-170.0,-35.0,-65.0,85.0,115.0,55.0,-115.0,-145.0,205.0,280.0,130.0,240.0,165.0,210.0,270.0,150.0,265.0,205.0,40.0,55.0,25.0,135.0,120.0,110.0,140.0,80.0,155.0,125.0,110.0,140.0,80.0,155.0,125.0,110.0,140.0,80.0,155.0,125.0,0.0,0.0,0.0,0.0,0.0,250.0,265.0,235.0,160.0,145.0
2018-05-02 00:00:00+00:00,-30.0,30.0,-90.0,-15.0,-75.0,5.0,35.0,-25.0,-60.0,-90.0,-175.0,-145.0,-205.0,-350.0,-380.0,-140.0,-110.0,-170.0,-60.0,-90.0,-145.0,-130.0,-160.0,-100.0,-115.0,-60.0,-45.0,-75.0,145.0,130.0,-75.0,-60.0,-90.0,0.0,-15.0,10.0,25.0,-5.0,165.0,150.0,10.0,25.0,-5.0,165.0,150.0,0.0,0.0,0.0,0.0,0.0,-70.0,-55.0,-85.0,-110.0,-125.0
2018-05-03 00:00:00+00:00,-135.0,-75.0,-195.0,-135.0,-180.0,-165.0,-135.0,-195.0,-235.0,-265.0,-275.0,-245.0,-305.0,-465.0,-495.0,-300.0,-270.0,-330.0,-150.0,-180.0,-270.0,-240.0,-300.0,-135.0,-165.0,-130.0,-100.0,-160.0,-80.0,-110.0,-490.0,-460.0,-520.0,-595.0,-625.0,-350.0,-320.0,-380.0,-540.0,-570.0,-315.0,-285.0,-345.0,-350.0,-380.0,0.0,0.0,0.0,0.0,0.0,-515.0,-500.0,-530.0,-745.0,-760.0
2018-05-04 00:00:00+00:00,-145.0,-85.0,-205.0,95.0,35.0,-40.0,5.0,-85.0,-15.0,-60.0,-95.0,-65.0,-125.0,-75.0,-105.0,-200.0,-140.0,-260.0,-165.0,-210.0,-190.0,-145.0,-235.0,-105.0,-135.0,-20.0,10.0,-50.0,10.0,-5.0,-15.0,15.0,-45.0,5.0,-25.0,20.0,50.0,-10.0,95.0,65.0,50.0,65.0,35.0,20.0,5.0,0.0,0.0,0.0,0.0,0.0,-180.0,-165.0,-195.0,-130.0,-145.0
2018-05-07 00:00:00+00:00,-40.0,35.0,-115.0,-130.0,-190.0,30.0,75.0,-15.0,0.0,-45.0,-85.0,-10.0,-160.0,-20.0,-95.0,150.0,210.0,90.0,130.0,70.0,165.0,225.0,105.0,160.0,100.0,75.0,90.0,60.0,55.0,40.0,145.0,190.0,100.0,180.0,135.0,135.0,165.0,105.0,135.0,105.0,75.0,90.0,60.0,55.0,40.0,0.0,0.0,0.0,0.0,0.0,105.0,120.0,90.0,135.0,120.0
2018-05-08 00:00:00+00:00,-180.0,-120.0,-240.0,-205.0,-265.0,-205.0,-175.0,-235.0,-150.0,-180.0,-145.0,-115.0,-175.0,-70.0,-100.0,20.0,80.0,-40.0,130.0,70.0,-5.0,40.0,-50.0,150.0,105.0,80.0,125.0,35.0,235.0,190.0,-140.0,-95.0,-185.0,-175.0,-220.0,15.0,45.0,-15.0,-5.0,-35.0,60.0,90.0,30.0,110.0,80.0,0.0,0.0,0.0,0.0,0.0,-120.0,-105.0,-135.0,-150.0,-165.0
2018-05-09 00:00:00+00:00,-275.0,-185.0,-365.0,-295.0,-385.0,-125.0,-65.0,-185.0,-275.0,-335.0,-105.0,-75.0,-135.0,-135.0,-165.0,55.0,115.0,-5.0,-30.0,-90.0,55.0,115.0,-5.0,-30.0,-90.0,40.0,70.0,10.0,10.0,-20.0,20.0,65.0,-25.0,60.0,15.0,15.0,45.0,-15.0,30.0,0.0,-30.0,-15.0,-45.0,35.0,20.0,0.0,0.0,0.0,0.0,0.0,-155.0,-140.0,-170.0,-180.0,-195.0
2018-05-11 00:00:00+00:00,-75.0,0.0,-150.0,-65.0,-140.0,-120.0,-60.0,-180.0,-15.0,-75.0,-120.0,-60.0,-180.0,-85.0,-145.0,80.0,140.0,20.0,5.0,-55.0,130.0,175.0,85.0,45.0,0.0,40.0,55.0,25.0,20.0,5.0,55.0,100.0,10.0,5.0,-40.0,55.0,100.0,10.0,5.0,-40.0,40.0,55.0,25.0,20.0,5.0,0.0,0.0,0.0,0.0,0.0,55.0,70.0,40.0,45.0,30.0
2018-05-14 00:00:00+00:00,-20.0,10.0,-50.0,-35.0,-65.0,-115.0,-55.0,-175.0,-105.0,-165.0,-20.0,-5.0,-35.0,-45.0,-60.0,-205.0,-175.0,-235.0,-165.0,-195.0,-165.0,-135.0,-195.0,-100.0,-115.0,-90.0,-75.0,-105.0,-100.0,-115.0,-200.0,-170.0,-230.0,-185.0,-215.0,-180.0,-165.0,-195.0,-165.0,-180.0,-175.0,-160.0,-190.0,-125.0,-140.0,0.0,0.0,0.0,0.0,0.0,-175.0,-160.0,-190.0,-160.0,-175.0
2018-05-15 00:00:00+00:00,65.0,95.0,35.0,20.0,-10.0,65.0,80.0,50.0,65.0,50.0,70.0,85.0,55.0,55.0,40.0,-245.0,-215.0,-275.0,-215.0,-245.0,-235.0,-205.0,-265.0,-235.0,-265.0,-235.0,-205.0,-265.0,-235.0,-265.0,-240.0,-225.0,-255.0,-225.0,-240.0,-240.0,-225.0,-255.0,-225.0,-240.0,-215.0,-200.0,-230.0,-165.0,-180.0,0.0,0.0,0.0,0.0,0.0,-160.0,-145.0,-175.0,-145.0,-160.0
2018-05-16 00:00:00+00:00,40.0,85.0,-5.0,-30.0,-75.0,-35.0,10.0,-80.0,-115.0,-160.0,-150.0,-105.0,-195.0,-130.0,-175.0,-130.0,-100.0,-160.0,-15.0,-45.0,-35.0,-5.0,-65.0,65.0,35.0,-15.0,15.0,-45.0,90.0,60.0,0.0,30.0,-30.0,60.0,30.0,0.0,30.0,-30.0,60.0,30.0,75.0,105.0,45.0,155.0,125.0,0.0,0.0,0.0,0.0,0.0,-125.0,-110.0,-140.0,-95.0,-110.0
2018-05-17 00:00:00+00:00,0.0,60.0,-60.0,-140.0,-200.0,-75.0,-45.0,-105.0,-25.0,-55.0,55.0,85.0,25.0,40.0,25.0,35.0,65.0,5.0,-10.0,-40.0,35.0,65.0,5.0,-10.0,-40.0,-10.0,5.0,-25.0,-20.0,-35.0,15.0,30.0,0.0,0.0,-15.0,15.0,30.0,0.0,0.0,-15.0,15.0,30.0,0.0,0.0,-15.0,0.0,0.0,0.0,0.0,0.0,55.0,70.0,40.0,15.0,0.0
2018-05-18 00:00:00+00:00,155.0,200.0,110.0,185.0,140.0,105.0,150.0,60.0,130.0,85.0,145.0,175.0,115.0,145.0,115.0,-50.0,-20.0,-80.0,-90.0,-120.0,-50.0,-20.0,-80.0,-90.0,-120.0,0.0,30.0,-30.0,-45.0,-75.0,-40.0,-25.0,-55.0,-40.0,-55.0,-10.0,5.0,-25.0,-40.0,-55.0,-10.0,5.0,-25.0,-40.0,-55.0,0.0,0.0,0.0,0.0,0.0,205.0,220.0,190.0,190.0,175.0
2018-05-22 00:00:00+00:00,-120.0,-45.0,-195.0,-95.0,-170.0,-100.0,-40.0,-160.0,-140.0,-200.0,-135.0,-45.0,-225.0,-160.0,-250.0,-75.0,-15.0,-135.0,-85.0,-145.0,-30.0,15.0,-75.0,-15.0,-60.0,-20.0,10.0,-50.0,5.0,-25.0,20.0,50.0,-10.0,30.0,0.0,40.0,70.0,10.0,15.0,-15.0,40.0,70.0,10.0,15.0,-15.0,0.0,0.0,0.0,0.0,0.0,15.0,30.0,0.0,10.0,-5.0
2018-05-23 00:00:00+00:00,-255.0,-180.0,-330.0,-105.0,-180.0,-310.0,-250.0,-370.0,75.0,15.0,-50.0,-20.0,-80.0,-45.0,-75.0,160.0,220.0,100.0,-30.0,-90.0,230.0,290.0,170.0,-5.0,-65.0,145.0,190.0,100.0,-5.0,-50.0,130.0,190.0,70.0,-25.0,-85.0,175.0,220.0,130.0,-30.0,-75.0,55.0,85.0,25.0,15.0,-15.0,0.0,0.0,0.0,0.0,0.0,-105.0,-90.0,-120.0,-20.0,-35.0
2018-05-24 00:00:00+00:00,-220.0,-145.0,-295.0,-100.0,-175.0,-130.0,-85.0,-175.0,-120.0,-165.0,-280.0,-205.0,-355.0,-200.0,-275.0,-110.0,-50.0,-170.0,-135.0,-195.0,-50.0,-5.0,-95.0,-40.0,-85.0,15.0,60.0,-30.0,0.0,-45.0,-90.0,-60.0,-120.0,-110.0,-140.0,-25.0,5.0,-55.0,-70.0,-100.0,-25.0,5.0,-55.0,-70.0,-100.0,0.0,0.0,0.0,0.0,0.0,-200.0,-185.0,-215.0,-155.0,-170.0
2018-05-25 00:00:00+00:00,-185.0,-125.0,-245.0,-40.0,-100.0,-320.0,-260.0,-380.0,-185.0,-245.0,-155.0,-110.0,-200.0,-130.0,-175.0,-310.0,-265.0,-355.0,-345.0,-390.0,-260.0,-215.0,-305.0,-355.0,-400.0,-310.0,-280.0,-340.0,-360.0,-390.0,-260.0,-215.0,-305.0,-355.0,-400.0,-260.0,-215.0,-305.0,-355.0,-400.0,-220.0,-175.0,-265.0,-275.0,-320.0,0.0,0.0,0.0,0.0,0.0,-445.0,-430.0,-460.0,-465.0,-480.0
2018-05-29 00:00:00+00:00,45.0,105.0,-15.0,-65.0,-125.0,-120.0,-60.0,-180.0,-365.0,-410.0,-195.0,-165.0,-225.0,-265.0,-295.0,15.0,60.0,-30.0,90.0,45.0,-30.0,15.0,-75.0,30.0,-15.0,-70.0,-55.0,-85.0,-60.0,-75.0,285.0,330.0,240.0,290.0,245.0,170.0,200.0,140.0,280.0,250.0,220.0,250.0,190.0,270.0,240.0,0.0,0.0,0.0,0.0,0.0,215.0,230.0,200.0,155.0,140.0
2018-05-30 00:00:00+00:00,0.0,60.0,-60.0,-70.0,-130.0,95.0,125.0,65.0,70.0,40.0,195.0,240.0,150.0,50.0,5.0,190.0,205.0,175.0,165.0,150.0,190.0,205.0,175.0,165.0,150.0,190.0,205.0,175.0,165.0,150.0,190.0,205.0,175.0,165.0,150.0,0.0,0.0,0.0,0.0,0.0,0.0,0.0,0.0,0.0,0.0,0.0,0.0,0.0,0.0,0.0,335.0,350.0,320.0,285.0,270.0
2018-05-31 00:00:00+00:00,-215.0,-155.0,-275.0,-200.0,-245.0,-240.0,-195.0,-285.0,-135.0,-180.0,-10.0,35.0,-55.0,-155.0,-185.0,5.0,65.0,-55.0,-10.0,-70.0,40.0,100.0,-20.0,0.0,-60.0,40.0,100.0,-20.0,0.0,-60.0,-20.0,25.0,-65.0,-100.0,-145.0,5.0,50.0,-40.0,-95.0,-140.0,5.0,50.0,-40.0,-95.0,-140.0,0.0,0.0,0.0,0.0,0.0,-75.0,-60.0,-90.0,-40.0,-55.0
2018-06-01 00:00:00+00:00,-30.0,60.0,-120.0,40.0,-35.0,165.0,225.0,105.0,90.0,45.0,230.0,260.0,200.0,165.0,135.0,120.0,165.0,75.0,80.0,35.0,40.0,70.0,10.0,50.0,20.0,40.0,70.0,10.0,50.0,20.0,25.0,40.0,10.0,35.0,20.0,25.0,40.0,10.0,35.0,20.0,25.0,40.0,10.0,35.0,20.0,0.0,0.0,0.0,0.0,0.0,315.0,330.0,300.0,295.0,280.0
2018-06-04 00:00:00+00:00,55.0,130.0,-20.0,-20.0,-80.0,-5.0,40.0,-50.0,-15.0,-60.0,5.0,35.0,-25.0,40.0,10.0,50.0,95.0,5.0,100.0,55.0,75.0,120.0,30.0,100.0,55.0,15.0,30.0,0.0,60.0,45.0,120.0,165.0,75.0,10.0,-35.0,60.0,90.0,30.0,40.0,10.0,20.0,35.0,5.0,-30.0,-45.0,0.0,0.0,0.0,0.0,0.0,55.0,70.0,40.0,35.0,20.0
2018-06-05 00:00:00+00:00,-60.0,30.0,-150.0,-25.0,-115.0,-15.0,15.0,-45.0,-25.0,-55.0,-20.0,10.0,-50.0,-20.0,-50.0,5.0,65.0,-55.0,-115.0,-160.0,5.0,35.0,-25.0,-55.0,-85.0,35.0,65.0,5.0,-30.0,-60.0,-5.0,25.0,-35.0,-85.0,-115.0,-40.0,-25.0,-55.0,-45.0,-60.0,-30.0,-15.0,-45.0,-85.0,-100.0,0.0,0.0,0.0,0.0,0.0,-15.0,0.0,-30.0,-25.0,-40.0
2018-06-06 00:00:00+00:00,-95.0,-5.0,-185.0,-130.0,-205.0,-45.0,15.0,-105.0,0.0,-45.0,40.0,85.0,-5.0,50.0,20.0,45.0,105.0,-15.0,180.0,120.0,50.0,95.0,5.0,-10.0,-55.0,35.0,65.0,5.0,-25.0,-55.0,100.0,145.0,55.0,105.0,60.0,60.0,90.0,30.0,25.0,-5.0,0.0,0.0,0.0,0.0,0.0,0.0,0.0,0.0,0.0,0.0,240.0,255.0,225.0,260.0,245.0
2018-06-07 00:00:00+00:00,30.0,75.0,-15.0,-70.0,-115.0,-55.0,-10.0,-100.0,-40.0,-85.0,-40.0,-10.0,-70.0,-90.0,-120.0,30.0,90.0,-30.0,20.0,-40.0,60.0,105.0,15.0,-5.0,-50.0,40.0,55.0,25.0,0.0,-15.0,55.0,100.0,10.0,110.0,65.0,55.0,100.0,10.0,110.0,65.0,70.0,85.0,55.0,20.0,5.0,0.0,0.0,0.0,0.0,0.0,45.0,60.0,30.0,10.0,-5.0
2018-06-08 00:00:00+00:00,270.0,330.0,210.0,105.0,45.0,0.0,60.0,-60.0,-180.0,-240.0,285.0,360.0,210.0,120.0,45.0,165.0,225.0,105.0,240.0,180.0,85.0,130.0,40.0,125.0,80.0,65.0,80.0,50.0,75.0,60.0,250.0,295.0,205.0,335.0,290.0,75.0,90.0,60.0,115.0,100.0,0.0,0.0,0.0,0.0,0.0,0.0,0.0,0.0,0.0,0.0,335.0,350.0,320.0,250.0,235.0
2018-06-18 00:00:00+00:00,-265.0,-175.0,-355.0,-320.0,-395.0,-340.0,-280.0,-400.0,-235.0,-295.0,-325.0,-280.0,-370.0,-210.0,-255.0,-50.0,10.0,-110.0,-30.0,-90.0,-40.0,5.0,-85.0,5.0,-40.0,5.0,50.0,-40.0,-10.0,-55.0,-60.0,-30.0,-90.0,30.0,0.0,-15.0,15.0,-45.0,15.0,-15.0,-15.0,15.0,-45.0,15.0,-15.0,0.0,0.0,0.0,0.0,0.0,-395.0,-380.0,-410.0,-480.0,-495.0
2018-06-19 00:00:00+00:00,-45.0,15.0,-105.0,-75.0,-135.0,35.0,65.0,5.0,30.0,0.0,95.0,110.0,80.0,25.0,10.0,-105.0,-60.0,-150.0,70.0,25.0,-90.0,-45.0,-135.0,60.0,15.0,-130.0,-100.0,-160.0,0.0,-30.0,-25.0,-10.0,-40.0,40.0,25.0,20.0,35.0,5.0,100.0,85.0,95.0,110.0,80.0,160.0,145.0,0.0,0.0,0.0,0.0,0.0,130.0,145.0,115.0,140.0,125.0
2018-06-21 00:00:00+00:00,-95.0,-35.0,-155.0,-160.0,-220.0,-15.0,30.0,-60.0,-55.0,-100.0,50.0,80.0,20.0,-35.0,-65.0,-290.0,-230.0,-350.0,10.0,-50.0,-35.0,25.0,-95.0,225.0,165.0,10.0,25.0,-5.0,170.0,155.0,-155.0,-110.0,-200.0,-60.0,-105.0,-120.0,-105.0,-135.0,-160.0,-175.0,-120.0,-105.0,-135.0,-160.0,-175.0,0.0,0.0,0.0,0.0,0.0,-85.0,-70.0,-100.0,-55.0,-70.0
2018-06-22 00:00:00+00:00,5.0,80.0,-70.0,-45.0,-105.0,-60.0,-30.0,-90.0,-120.0,-150.0,-170.0,-125.0,-215.0,-185.0,-230.0,-65.0,-20.0,-110.0,55.0,10.0,-10.0,35.0,-55.0,30.0,-15.0,15.0,45.0,-15.0,90.0,60.0,60.0,90.0,30.0,115.0,85.0,65.0,80.0,50.0,105.0,90.0,65.0,80.0,50.0,105.0,90.0,0.0,0.0,0.0,0.0,0.0,-75.0,-60.0,-90.0,-25.0,-40.0
2018-06-25 00:00:00+00:00,-320.0,-230.0,-410.0,-235.0,-325.0,-85.0,-25.0,-145.0,-155.0,-215.0,-235.0,-205.0,-265.0,-185.0,-215.0,15.0,75.0,-45.0,-40.0,-100.0,-10.0,35.0,-55.0,15.0,-30.0,40.0,70.0,10.0,45.0,15.0,-20.0,10.0,-50.0,95.0,65.0,-20.0,10.0,-50.0,95.0,65.0,-20.0,10.0,-50.0,95.0,65.0,0.0,0.0,0.0,0.0,0.0,-60.0,-45.0,-75.0,-35.0,-50.0
2018-06-26 00:00:00+00:00,-290.0,-215.0,-365.0,-335.0,-410.0,-100.0,-70.0,-130.0,-275.0,-305.0,-170.0,-140.0,-200.0,-255.0,-285.0,-240.0,-180.0,-300.0,-30.0,-90.0,-75.0,-15.0,-135.0,120.0,75.0,-120.0,-90.0,-150.0,75.0,60.0,-85.0,-55.0,-115.0,20.0,-10.0,-85.0,-55.0,-115.0,20.0,-10.0,-140.0,-125.0,-155.0,-70.0,-85.0,0.0,0.0,0.0,0.0,0.0,-260.0,-245.0,-275.0,-255.0,-270.0
2018-06-27 00:00:00+00:00,115.0,160.0,70.0,5.0,-40.0,275.0,320.0,230.0,205.0,160.0,300.0,315.0,285.0,280.0,265.0,15.0,75.0,-45.0,-275.0,-335.0,95.0,140.0,50.0,-205.0,-250.0,100.0,130.0,70.0,-5.0,-20.0,815.0,860.0,770.0,760.0,715.0,700.0,730.0,670.0,640.0,610.0,680.0,695.0,665.0,0.0,0.0,0.0,0.0,0.0,0.0,0.0,1055.0,1070.0,1040.0,960.0,945.0
2018-06-28 00:00:00+00:00,-240.0,-180.0,-300.0,-50.0,-95.0,80.0,110.0,50.0,170.0,140.0,-135.0,-120.0,-150.0,-125.0,-140.0,75.0,120.0,30.0,-30.0,-75.0,65.0,110.0,20.0,-100.0,-145.0,65.0,110.0,20.0,-100.0,-145.0,-95.0,-50.0,-140.0,-165.0,-210.0,40.0,70.0,10.0,-20.0,-50.0,40.0,70.0,10.0,-20.0,-50.0,0.0,0.0,0.0,0.0,0.0,-215.0,-200.0,-230.0,-180.0,-195.0
2018-06-29 00:00:00+00:00,-315.0,-240.0,-390.0,-595.0,-655.0,-135.0,-75.0,-195.0,-495.0,-540.0,-60.0,-45.0,-75.0,-30.0,-45.0,-255.0,-210.0,-300.0,75.0,30.0,175.0,220.0,130.0,50.0,5.0,175.0,220.0,130.0,50.0,5.0,-280.0,-250.0,-310.0,55.0,25.0,-280.0,-250.0,-310.0,55.0,25.0,115.0,145.0,85.0,0.0,-30.0,0.0,0.0,0.0,0.0,0.0,-295.0,-280.0,-310.0,-245.0,-260.0
2018-07-02 00:00:00+00:00,-205.0,-130.0,-280.0,-145.0,-220.0,-280.0,-235.0,-325.0,-400.0,-445.0,-260.0,-230.0,-290.0,-170.0,-200.0,-220.0,-190.0,-250.0,-205.0,-235.0,-20.0,10.0,-50.0,25.0,-5.0,30.0,60.0,0.0,160.0,130.0,-20.0,10.0,-50.0,120.0,90.0,235.0,265.0,205.0,305.0,275.0,235.0,265.0,205.0,305.0,275.0,0.0,0.0,0.0,0.0,0.0,-115.0,-100.0,-130.0,-90.0,-105.0
2018-07-03 00:00:00+00:00,-35.0,40.0,-110.0,-25.0,-100.0,-25.0,35.0,-85.0,-15.0,-75.0,95.0,110.0,80.0,155.0,140.0,110.0,155.0,65.0,115.0,70.0,110.0,155.0,65.0,115.0,70.0,80.0,110.0,50.0,105.0,75.0,15.0,30.0,0.0,30.0,15.0,95.0,110.0,80.0,115.0,100.0,95.0,110.0,80.0,115.0,100.0,0.0,0.0,0.0,0.0,0.0,250.0,265.0,235.0,315.0,300.0
2018-07-04 00:00:00+00:00,25.0,85.0,-35.0,-45.0,-105.0,-45.0,0.0,-90.0,-5.0,-50.0,-95.0,-20.0,-170.0,-55.0,-130.0,-60.0,-15.0,-105.0,35.0,-10.0,-10.0,35.0,-55.0,-55.0,-100.0,-25.0,5.0,-55.0,-40.0,-70.0,40.0,70.0,10.0,65.0,50.0,35.0,50.0,20.0,10.0,-5.0,35.0,50.0,20.0,10.0,-5.0,0.0,0.0,0.0,0.0,0.0,50.0,65.0,35.0,25.0,10.0
2018-07-05 00:00:00+00:00,195.0,255.0,135.0,315.0,255.0,475.0,520.0,430.0,470.0,425.0,415.0,445.0,385.0,480.0,450.0,55.0,100.0,10.0,65.0,20.0,90.0,120.0,60.0,5.0,-25.0,0.0,0.0,0.0,0.0,0.0,50.0,65.0,35.0,10.0,-5.0,30.0,45.0,15.0,-10.0,-25.0,0.0,0.0,0.0,0.0,0.0,0.0,0.0,0.0,0.0,0.0,480.0,495.0,465.0,535.0,520.0
2018-07-06 00:00:00+00:00,-260.0,-170.0,-350.0,-235.0,-325.0,-20.0,-5.0,-35.0,10.0,-5.0,-95.0,-65.0,-125.0,25.0,-5.0,-300.0,-210.0,-390.0,-290.0,-380.0,-30.0,30.0,-90.0,-225.0,-285.0,30.0,75.0,-15.0,-195.0,-240.0,-265.0,-250.0,-280.0,-350.0,-365.0,-265.0,-250.0,-280.0,-350.0,-365.0,-265.0,-250.0,-280.0,-350.0,-365.0,0.0,0.0,0.0,0.0,0.0,-395.0,-380.0,-410.0,-435.0,-450.0
2018-07-09 00:00:00+00:00,-110.0,-35.0,-185.0,-65.0,-140.0,-100.0,-40.0,-160.0,-110.0,-170.0,-80.0,-5.0,-155.0,-110.0,-185.0,45.0,135.0,-45.0,-5.0,-95.0,40.0,115.0,-35.0,-10.0,-70.0,0.0,0.0,0.0,0.0,0.0,55.0,115.0,-5.0,-75.0,-135.0,70.0,115.0,25.0,-40.0,-70.0,0.0,0.0,0.0,0.0,0.0,0.0,0.0,0.0,0.0,0.0,75.0,90.0,60.0,20.0,5.0
2018-07-10 00:00:00+00:00,-40.0,20.0,-100.0,-75.0,-135.0,80.0,140.0,20.0,15.0,-45.0,100.0,145.0,55.0,20.0,-25.0,50.0,80.0,20.0,85.0,55.0,90.0,105.0,75.0,135.0,120.0,75.0,90.0,60.0,115.0,100.0,90.0,105.0,75.0,135.0,120.0,90.0,105.0,75.0,135.0,120.0,75.0,90.0,60.0,115.0,100.0,0.0,0.0,0.0,0.0,0.0,165.0,180.0,150.0,130.0,115.0
2018-07-11 00:00:00+00:00,-100.0,-10.0,-190.0,-55.0,-145.0,20.0,65.0,-25.0,65.0,20.0,-225.0,-180.0,-270.0,-135.0,-180.0,60.0,120.0,0.0,-40.0,-100.0,45.0,90.0,0.0,40.0,-5.0,80.0,125.0,35.0,130.0,100.0,85.0,115.0,55.0,165.0,150.0,85.0,115.0,55.0,110.0,95.0,85.0,115.0,55.0,110.0,95.0,0.0,0.0,0.0,0.0,0.0,-55.0,-40.0,-70.0,5.0,-10.0
2018-07-12 00:00:00+00:00,-75.0,0.0,-150.0,-30.0,-90.0,90.0,120.0,60.0,45.0,15.0,145.0,175.0,115.0,135.0,105.0,200.0,260.0,140.0,115.0,55.0,240.0,285.0,195.0,125.0,80.0,215.0,245.0,185.0,120.0,90.0,215.0,245.0,185.0,120.0,90.0,215.0,245.0,185.0,120.0,90.0,215.0,245.0,185.0,120.0,90.0,0.0,0.0,0.0,0.0,0.0,360.0,375.0,345.0,295.0,280.0
2018-07-13 00:00:00+00:00,-100.0,-70.0,-130.0,-30.0,-60.0,-100.0,-55.0,-145.0,-105.0,-150.0,-50.0,-20.0,-80.0,15.0,-15.0,-45.0,0.0,-90.0,-70.0,-115.0,-20.0,25.0,-65.0,-40.0,-85.0,-160.0,-130.0,-190.0,-145.0,-175.0,0.0,45.0,-45.0,-10.0,-40.0,-115.0,-100.0,-130.0,-120.0,-135.0,-115.0,-100.0,-130.0,-120.0,-135.0,0.0,0.0,0.0,0.0,0.0,-40.0,-25.0,-55.0,0.0,-15.0
2018-07-16 00:00:00+00:00,-200.0,-110.0,-290.0,-255.0,-345.0,-250.0,-205.0,-295.0,-225.0,-270.0,-15.0,0.0,-30.0,-15.0,-30.0,-80.0,-20.0,-140.0,0.0,-60.0,-80.0,-20.0,-140.0,0.0,-60.0,-20.0,40.0,-80.0,30.0,-30.0,-30.0,30.0,-90.0,0.0,-60.0,-25.0,35.0,-85.0,10.0,-50.0,-20.0,25.0,-65.0,20.0,-25.0,0.0,0.0,0.0,0.0,0.0,-215.0,-200.0,-230.0,-195.0,-210.0
2018-07-17 00:00:00+00:00,-115.0,-70.0,-160.0,-130.0,-175.0,-180.0,-120.0,-240.0,-130.0,-190.0,-100.0,-40.0,-160.0,-105.0,-165.0,-105.0,-60.0,-150.0,-70.0,-115.0,-125.0,-80.0,-170.0,-80.0,-125.0,-95.0,-50.0,-140.0,-5.0,-50.0,-30.0,15.0,-75.0,-55.0,-100.0,-65.0,-35.0,-95.0,-85.0,-115.0,-100.0,-85.0,-115.0,-75.0,-90.0,0.0,0.0,0.0,0.0,0.0,-185.0,-170.0,-200.0,-220.0,-235.0
2018-07-18 00:00:00+00:00,-25.0,35.0,-85.0,-135.0,-195.0,-85.0,-40.0,-130.0,-100.0,-145.0,-15.0,0.0,-30.0,-20.0,-35.0,-85.0,-25.0,-145.0,-10.0,-55.0,-85.0,-25.0,-145.0,-20.0,-65.0,-50.0,10.0,-110.0,5.0,-40.0,-70.0,-40.0,-100.0,-40.0,-55.0,-55.0,-40.0,-70.0,-40.0,-55.0,-55.0,-40.0,-70.0,-40.0,-55.0,0.0,0.0,0.0,0.0,0.0,-65.0,-50.0,-80.0,-105.0,-120.0
2018-07-19 00:00:00+00:00,-135.0,-90.0,-180.0,-170.0,-215.0,-105.0,-60.0,-150.0,-240.0,-285.0,-75.0,-45.0,-105.0,-105.0,-135.0,-105.0,-45.0,-165.0,-130.0,-190.0,-155.0,-110.0,-200.0,-105.0,-150.0,0.0,30.0,-30.0,-25.0,-55.0,-150.0,-105.0,-195.0,-140.0,-185.0,-100.0,-70.0,-130.0,-155.0,-185.0,-45.0,-15.0,-75.0,-125.0,-155.0,0.0,0.0,0.0,0.0,0.0,-235.0,-220.0,-250.0,-270.0,-285.0
2018-07-20 00:00:00+00:00,20.0,95.0,-55.0,-160.0,-220.0,-330.0,-270.0,-390.0,-355.0,-400.0,-260.0,-215.0,-305.0,-425.0,-455.0,-130.0,-70.0,-190.0,35.0,-25.0,-145.0,-100.0,-190.0,70.0,25.0,-160.0,-130.0,-190.0,-5.0,-35.0,0.0,45.0,-45.0,65.0,20.0,40.0,85.0,-5.0,75.0,30.0,40.0,85.0,-5.0,75.0,30.0,0.0,0.0,0.0,0.0,0.0,-210.0,-195.0,-225.0,-215.0,-230.0
2018-07-24 00:00:00+00:00,-55.0,5.0,-115.0,-95.0,-155.0,200.0,245.0,155.0,95.0,50.0,120.0,165.0,75.0,20.0,-25.0,150.0,195.0,105.0,70.0,40.0,125.0,155.0,95.0,60.0,45.0,0.0,15.0,-15.0,60.0,45.0,25.0,40.0,10.0,65.0,50.0,45.0,60.0,30.0,65.0,50.0,60.0,75.0,45.0,85.0,70.0,0.0,0.0,0.0,0.0,0.0,200.0,215.0,185.0,100.0,85.0
2018-07-25 00:00:00+00:00,-75.0,-15.0,-135.0,-40.0,-100.0,0.0,15.0,-15.0,-15.0,-30.0,-80.0,-35.0,-125.0,-20.0,-65.0,-495.0,-450.0,-540.0,-465.0,-510.0,-490.0,-460.0,-520.0,-445.0,-475.0,-515.0,-500.0,-530.0,-450.0,-465.0,-470.0,-440.0,-500.0,-445.0,-475.0,-470.0,-440.0,-500.0,-445.0,-475.0,-435.0,-405.0,-465.0,-430.0,-460.0,0.0,0.0,0.0,0.0,0.0,-480.0,-465.0,-495.0,-400.0,-415.0
2018-07-26 00:00:00+00:00,-160.0,-70.0,-250.0,-50.0,-140.0,-25.0,5.0,-55.0,-20.0,-50.0,-95.0,-50.0,-140.0,-125.0,-170.0,-75.0,0.0,-150.0,5.0,-70.0,-60.0,-15.0,-105.0,-15.0,-60.0,0.0,0.0,0.0,0.0,0.0,-25.0,20.0,-70.0,70.0,25.0,-25.0,5.0,-55.0,50.0,20.0,-5.0,10.0,-20.0,-5.0,-20.0,0.0,0.0,0.0,0.0,0.0,35.0,50.0,20.0,70.0,55.0
2018-07-27 00:00:00+00:00,50.0,95.0,5.0,-50.0,-95.0,-140.0,-95.0,-185.0,-95.0,-140.0,-140.0,-80.0,-200.0,-125.0,-185.0,-30.0,15.0,-75.0,55.0,10.0,-55.0,-10.0,-100.0,85.0,40.0,15.0,60.0,-30.0,130.0,85.0,155.0,185.0,125.0,120.0,90.0,155.0,185.0,125.0,120.0,90.0,105.0,120.0,90.0,70.0,55.0,0.0,0.0,0.0,0.0,0.0,25.0,40.0,10.0,5.0,-10.0
2018-07-30 00:00:00+00:00,-35.0,55.0,-125.0,60.0,-30.0,20.0,95.0,-55.0,160.0,85.0,185.0,200.0,170.0,175.0,160.0,55.0,130.0,-20.0,-90.0,-150.0,80.0,110.0,50.0,-35.0,-50.0,50.0,65.0,35.0,0.0,0.0,0.0,0.0,0.0,0.0,0.0,0.0,0.0,0.0,0.0,0.0,0.0,0.0,0.0,0.0,0.0,0.0,0.0,0.0,0.0,0.0,185.0,200.0,170.0,175.0,160.0
2018-07-31 00:00:00+00:00,-10.0,50.0,-70.0,-40.0,-100.0,65.0,95.0,35.0,40.0,10.0,-50.0,-20.0,-80.0,-115.0,-145.0,-45.0,-15.0,-75.0,-25.0,-55.0,-15.0,15.0,-45.0,15.0,-15.0,5.0,20.0,-10.0,25.0,10.0,30.0,45.0,15.0,30.0,15.0,30.0,45.0,15.0,30.0,15.0,30.0,45.0,15.0,30.0,15.0,0.0,0.0,0.0,0.0,0.0,60.0,75.0,45.0,90.0,75.0
2018-08-02 00:00:00+00:00,-185.0,-110.0,-260.0,-210.0,-285.0,30.0,60.0,0.0,-70.0,-100.0,-65.0,-35.0,-95.0,-45.0,-75.0,-175.0,-130.0,-220.0,-155.0,-200.0,-225.0,-195.0,-255.0,-210.0,-240.0,-185.0,-155.0,-215.0,-130.0,-160.0,-175.0,-145.0,-205.0,-205.0,-235.0,-200.0,-170.0,-230.0,-260.0,-290.0,-200.0,-170.0,-230.0,-260.0,-290.0,0.0,0.0,0.0,0.0,0.0,-185.0,-170.0,-200.0,-175.0,-190.0
2018-08-03 00:00:00+00:00,195.0,270.0,120.0,265.0,190.0,320.0,365.0,275.0,255.0,210.0,420.0,435.0,405.0,395.0,380.0,15.0,45.0,-15.0,10.0,-20.0,15.0,45.0,-15.0,10.0,-20.0,0.0,0.0,0.0,0.0,0.0,15.0,30.0,0.0,5.0,-10.0,0.0,0.0,0.0,0.0,0.0,0.0,0.0,0.0,0.0,0.0,0.0,0.0,0.0,0.0,0.0,420.0,435.0,405.0,395.0,380.0
2018-08-06 00:00:00+00:00,5.0,80.0,-70.0,130.0,55.0,60.0,105.0,15.0,40.0,-5.0,175.0,190.0,160.0,40.0,25.0,25.0,70.0,-20.0,60.0,15.0,-45.0,-15.0,-75.0,-40.0,-70.0,-60.0,-45.0,-75.0,-75.0,-90.0,-40.0,-10.0,-70.0,45.0,30.0,-40.0,-10.0,-70.0,45.0,30.0,35.0,50.0,20.0,45.0,30.0,0.0,0.0,0.0,0.0,0.0,205.0,220.0,190.0,210.0,195.0
2018-08-07 00:00:00+00:00,-170.0,-95.0,-245.0,-125.0,-185.0,-125.0,-50.0,-200.0,-180.0,-255.0,-95.0,-65.0,-125.0,-110.0,-140.0,-35.0,10.0,-80.0,10.0,-35.0,-5.0,25.0,-35.0,50.0,20.0,0.0,30.0,-30.0,25.0,-5.0,-10.0,5.0,-25.0,20.0,5.0,10.0,25.0,-5.0,10.0,-5.0,10.0,25.0,-5.0,10.0,-5.0,0.0,0.0,0.0,0.0,0.0,-45.0,-30.0,-60.0,-40.0,-55.0
2018-08-08 00:00:00+00:00,-15.0,45.0,-75.0,-5.0,-65.0,-110.0,-50.0,-170.0,-115.0,-175.0,-95.0,-65.0,-125.0,-125.0,-155.0,-45.0,-15.0,-75.0,-60.0,-90.0,5.0,35.0,-25.0,10.0,-20.0,5.0,35.0,-25.0,10.0,-20.0,25.0,40.0,10.0,30.0,15.0,25.0,40.0,10.0,30.0,15.0,25.0,40.0,10.0,30.0,15.0,0.0,0.0,0.0,0.0,0.0,-10.0,5.0,-25.0,-35.0,-50.0
2018-08-09 00:00:00+00:00,-65.0,10.0,-140.0,-65.0,-140.0,-65.0,-20.0,-110.0,-90.0,-135.0,-145.0,-115.0,-175.0,-195.0,-225.0,-85.0,-25.0,-145.0,-125.0,-185.0,-95.0,-65.0,-125.0,-60.0,-90.0,5.0,20.0,-10.0,-25.0,-40.0,55.0,85.0,25.0,130.0,100.0,55.0,85.0,25.0,130.0,100.0,75.0,105.0,45.0,95.0,65.0,0.0,0.0,0.0,0.0,0.0,55.0,70.0,40.0,25.0,10.0
2018-08-10 00:00:00+00:00,-60.0,0.0,-120.0,15.0,-30.0,-70.0,20.0,-160.0,-90.0,-165.0,0.0,30.0,-30.0,-45.0,-75.0,-80.0,-35.0,-125.0,-95.0,-140.0,-30.0,15.0,-75.0,-40.0,-85.0,-15.0,0.0,-30.0,-10.0,-25.0,50.0,80.0,20.0,85.0,55.0,55.0,85.0,25.0,35.0,5.0,50.0,65.0,35.0,105.0,90.0,0.0,0.0,0.0,0.0,0.0,30.0,45.0,15.0,-30.0,-45.0
2018-08-13 00:00:00+00:00,-180.0,-105.0,-255.0,-280.0,-355.0,-335.0,-245.0,-425.0,-285.0,-375.0,-175.0,-145.0,-205.0,-105.0,-135.0,80.0,140.0,20.0,85.0,25.0,40.0,70.0,10.0,115.0,85.0,40.0,55.0,25.0,55.0,40.0,50.0,95.0,5.0,100.0,55.0,-10.0,5.0,-25.0,30.0,15.0,45.0,60.0,30.0,65.0,50.0,0.0,0.0,0.0,0.0,0.0,25.0,40.0,10.0,175.0,160.0
2018-08-14 00:00:00+00:00,-130.0,-55.0,-205.0,-120.0,-195.0,-90.0,-30.0,-150.0,-15.0,-75.0,-5.0,25.0,-35.0,-50.0,-80.0,35.0,80.0,-10.0,45.0,0.0,90.0,135.0,45.0,90.0,45.0,75.0,105.0,45.0,25.0,-5.0,110.0,155.0,65.0,25.0,-20.0,110.0,155.0,65.0,25.0,-20.0,-20.0,-5.0,-35.0,-15.0,-30.0,0.0,0.0,0.0,0.0,0.0,100.0,115.0,85.0,100.0,85.0
2018-08-15 00:00:00+00:00,-210.0,-165.0,-255.0,-165.0,-210.0,-55.0,-40.0,-70.0,-5.0,-20.0,-95.0,-65.0,-125.0,-50.0,-80.0,-555.0,-510.0,-600.0,-490.0,-520.0,-555.0,-510.0,-600.0,-490.0,-520.0,-325.0,-295.0,-355.0,-405.0,-435.0,-670.0,-655.0,-685.0,-665.0,-680.0,-670.0,-655.0,-685.0,-605.0,-620.0,-625.0,-610.0,-640.0,-590.0,-605.0,0.0,0.0,0.0,0.0,0.0,-690.0,-675.0,-705.0,-670.0,-685.0
2018-08-16 00:00:00+00:00,240.0,300.0,180.0,195.0,135.0,465.0,480.0,450.0,440.0,425.0,455.0,470.0,440.0,495.0,480.0,105.0,150.0,60.0,50.0,5.0,65.0,80.0,50.0,30.0,15.0,0.0,0.0,0.0,0.0,0.0,0.0,0.0,0.0,0.0,0.0,0.0,0.0,0.0,0.0,0.0,0.0,0.0,0.0,0.0,0.0,0.0,0.0,0.0,0.0,0.0,455.0,470.0,440.0,495.0,480.0
2018-08-17 00:00:00+00:00,-55.0,-25.0,-85.0,-155.0,-185.0,-135.0,-90.0,-180.0,-150.0,-180.0,-10.0,20.0,-40.0,-55.0,-85.0,-285.0,-240.0,-330.0,-160.0,-205.0,-235.0,-205.0,-265.0,-65.0,-95.0,-185.0,-170.0,-200.0,-60.0,-75.0,-295.0,-265.0,-325.0,-215.0,-245.0,-310.0,-295.0,-325.0,-190.0,-205.0,-310.0,-295.0,-325.0,-190.0,-205.0,0.0,0.0,0.0,0.0,0.0,-300.0,-285.0,-315.0,-265.0,-280.0
2018-08-20 00:00:00+00:00,-120.0,-75.0,-165.0,-195.0,-240.0,-225.0,-180.0,-270.0,-260.0,-305.0,-255.0,-210.0,-300.0,-260.0,-305.0,20.0,65.0,-25.0,80.0,35.0,-5.0,40.0,-50.0,35.0,-10.0,-25.0,5.0,-55.0,20.0,-10.0,5.0,35.0,-25.0,50.0,20.0,35.0,65.0,5.0,45.0,15.0,35.0,65.0,5.0,45.0,15.0,0.0,0.0,0.0,0.0,0.0,-150.0,-135.0,-165.0,-130.0,-145.0
2018-08-21 00:00:00+00:00,-160.0,-85.0,-235.0,-90.0,-150.0,-45.0,0.0,-90.0,-95.0,-140.0,25.0,40.0,10.0,5.0,-10.0,0.0,30.0,-30.0,10.0,-20.0,50.0,80.0,20.0,35.0,5.0,50.0,80.0,20.0,15.0,-15.0,-5.0,10.0,-20.0,25.0,10.0,-5.0,10.0,-20.0,5.0,-10.0,-5.0,10.0,-20.0,5.0,-10.0,0.0,0.0,0.0,0.0,0.0,40.0,55.0,25.0,45.0,30.0
2018-08-24 00:00:00+00:00,-75.0,0.0,-150.0,-40.0,-115.0,-15.0,45.0,-75.0,-5.0,-65.0,10.0,100.0,-80.0,-40.0,-130.0,85.0,160.0,10.0,30.0,-30.0,70.0,115.0,25.0,-10.0,-40.0,70.0,115.0,25.0,-10.0,-40.0,-5.0,25.0,-35.0,-5.0,-35.0,30.0,45.0,15.0,5.0,-10.0,30.0,45.0,15.0,5.0,-10.0,0.0,0.0,0.0,0.0,0.0,110.0,125.0,95.0,115.0,100.0
2018-08-28 00:00:00+00:00,5.0,80.0,-70.0,10.0,-65.0,140.0,200.0,80.0,80.0,20.0,75.0,105.0,45.0,90.0,60.0,15.0,45.0,-15.0,35.0,5.0,15.0,45.0,-15.0,35.0,5.0,-25.0,-10.0,-40.0,15.0,0.0,-15.0,0.0,-30.0,30.0,15.0,-5.0,10.0,-20.0,25.0,10.0,-5.0,10.0,-20.0,25.0,10.0,0.0,0.0,0.0,0.0,0.0,200.0,215.0,185.0,180.0,165.0
2018-08-29 00:00:00+00:00,-20.0,25.0,-65.0,-110.0,-155.0,-130.0,-85.0,-175.0,-120.0,-165.0,-5.0,10.0,-20.0,20.0,5.0,-65.0,-20.0,-110.0,-30.0,-75.0,-65.0,-20.0,-110.0,-30.0,-75.0,-60.0,-30.0,-90.0,-15.0,-45.0,0.0,30.0,-30.0,-5.0,-35.0,0.0,30.0,-30.0,-5.0,-35.0,0.0,30.0,-30.0,-5.0,-35.0,0.0,0.0,0.0,0.0,0.0,-40.0,-25.0,-55.0,-55.0,-70.0
2018-08-30 00:00:00+00:00,-25.0,35.0,-85.0,-60.0,-120.0,-20.0,25.0,-65.0,-160.0,-205.0,-175.0,-130.0,-220.0,-95.0,-140.0,15.0,60.0,-30.0,105.0,60.0,50.0,95.0,5.0,110.0,65.0,0.0,15.0,-15.0,65.0,50.0,75.0,105.0,45.0,145.0,115.0,60.0,75.0,45.0,130.0,115.0,60.0,75.0,45.0,130.0,115.0,0.0,0.0,0.0,0.0,0.0,55.0,70.0,40.0,60.0,45.0
2018-08-31 00:00:00+00:00,0.0,45.0,-45.0,-35.0,-80.0,-40.0,-10.0,-70.0,-135.0,-165.0,-180.0,-150.0,-210.0,-205.0,-235.0,-150.0,-105.0,-195.0,-155.0,-200.0,-125.0,-95.0,-155.0,-165.0,-195.0,-125.0,-95.0,-155.0,-165.0,-195.0,-145.0,-115.0,-175.0,-145.0,-175.0,-145.0,-115.0,-175.0,-145.0,-175.0,-125.0,-95.0,-155.0,-60.0,-75.0,0.0,0.0,0.0,0.0,0.0,-215.0,-200.0,-230.0,-245.0,-260.0
2018-09-04 00:00:00+00:00,-280.0,-220.0,-340.0,-285.0,-345.0,-10.0,20.0,-40.0,-115.0,-145.0,0.0,0.0,0.0,0.0,0.0,-460.0,-430.0,-490.0,-470.0,-500.0,-355.0,-325.0,-385.0,-450.0,-480.0,-355.0,-325.0,-385.0,-450.0,-480.0,-490.0,-460.0,-520.0,-470.0,-500.0,-385.0,-355.0,-415.0,-450.0,-480.0,-385.0,-355.0,-415.0,-450.0,-480.0,0.0,0.0,0.0,0.0,0.0,-530.0,-515.0,-545.0,-520.0,-535.0
2018-09-05 00:00:00+00:00,-115.0,-40.0,-190.0,75.0,0.0,-80.0,-5.0,-155.0,-75.0,-150.0,35.0,80.0,-10.0,-15.0,-60.0,140.0,200.0,80.0,45.0,-15.0,160.0,220.0,100.0,5.0,-40.0,20.0,35.0,5.0,45.0,30.0,85.0,115.0,55.0,70.0,40.0,85.0,115.0,55.0,70.0,40.0,85.0,115.0,55.0,70.0,40.0,0.0,0.0,0.0,0.0,0.0,155.0,170.0,140.0,95.0,80.0
2018-09-06 00:00:00+00:00,-90.0,-30.0,-150.0,-20.0,-80.0,-10.0,20.0,-40.0,-45.0,-60.0,-80.0,-50.0,-110.0,-60.0,-90.0,-120.0,-90.0,-150.0,-150.0,-180.0,-100.0,-70.0,-130.0,-140.0,-170.0,5.0,35.0,-25.0,0.0,-30.0,-110.0,-95.0,-125.0,-145.0,-160.0,-110.0,-95.0,-125.0,-145.0,-160.0,-110.0,-95.0,-125.0,-145.0,-160.0,0.0,0.0,0.0,0.0,0.0,-120.0,-105.0,-135.0,-50.0,-65.0
2018-09-07 00:00:00+00:00,-75.0,0.0,-150.0,-135.0,-210.0,-120.0,-75.0,-165.0,-200.0,-245.0,-165.0,-120.0,-210.0,-195.0,-240.0,-25.0,20.0,-70.0,0.0,-45.0,-25.0,5.0,-55.0,20.0,-10.0,0.0,0.0,0.0,0.0,0.0,120.0,150.0,90.0,185.0,155.0,180.0,210.0,150.0,215.0,185.0,175.0,205.0,145.0,175.0,145.0,0.0,0.0,0.0,0.0,0.0,60.0,75.0,45.0,30.0,15.0
2018-09-10 00:00:00+00:00,-155.0,-65.0,-245.0,-195.0,-285.0,-120.0,-45.0,-195.0,-10.0,-85.0,-80.0,-50.0,-110.0,-100.0,-130.0,20.0,50.0,-10.0,-5.0,-35.0,-5.0,10.0,-20.0,-15.0,-30.0,-5.0,10.0,-20.0,-15.0,-30.0,5.0,20.0,-10.0,-40.0,-55.0,5.0,20.0,-10.0,-40.0,-55.0,5.0,20.0,-10.0,-40.0,-55.0,0.0,0.0,0.0,0.0,0.0,-15.0,0.0,-30.0,5.0,-10.0
2018-09-11 00:00:00+00:00,-95.0,-50.0,-140.0,-245.0,-290.0,-160.0,-130.0,-190.0,-180.0,-210.0,-95.0,-65.0,-125.0,-155.0,-185.0,-240.0,-180.0,-300.0,-140.0,-200.0,-15.0,45.0,-75.0,-45.0,-105.0,-40.0,5.0,-85.0,-25.0,-70.0,-200.0,-155.0,-245.0,-110.0,-155.0,-160.0,-115.0,-205.0,-70.0,-115.0,-160.0,-115.0,-205.0,-70.0,-115.0,0.0,0.0,0.0,0.0,0.0,-315.0,-300.0,-330.0,-185.0,-200.0
2018-09-12 00:00:00+00:00,-120.0,-75.0,-165.0,-160.0,-205.0,-190.0,-130.0,-250.0,-185.0,-245.0,-80.0,-65.0,-95.0,-140.0,-155.0,-140.0,-65.0,-215.0,-135.0,-210.0,-170.0,-110.0,-230.0,-145.0,-205.0,-70.0,-25.0,-115.0,-80.0,-125.0,-255.0,-210.0,-300.0,-205.0,-250.0,-255.0,-210.0,-300.0,-205.0,-250.0,-235.0,-205.0,-265.0,-185.0,-215.0,0.0,0.0,0.0,0.0,0.0,-350.0,-335.0,-365.0,-260.0,-275.0
2018-09-13 00:00:00+00:00,125.0,215.0,35.0,30.0,-60.0,195.0,225.0,165.0,145.0,115.0,125.0,185.0,65.0,175.0,115.0,-20.0,10.0,-50.0,25.0,-5.0,-20.0,10.0,-50.0,25.0,-5.0,20.0,35.0,5.0,-10.0,-25.0,-20.0,10.0,-50.0,-15.0,-45.0,50.0,65.0,35.0,30.0,15.0,50.0,65.0,35.0,30.0,15.0,0.0,0.0,0.0,0.0,0.0,225.0,240.0,210.0,225.0,210.0
2018-09-24 00:00:00+00:00,-175.0,-100.0,-250.0,-285.0,-360.0,-60.0,-15.0,-105.0,-190.0,-235.0,-70.0,-10.0,-130.0,-160.0,-220.0,80.0,155.0,5.0,205.0,130.0,95.0,170.0,20.0,145.0,85.0,50.0,80.0,20.0,145.0,115.0,90.0,135.0,45.0,180.0,135.0,70.0,100.0,40.0,55.0,40.0,45.0,60.0,30.0,55.0,40.0,0.0,0.0,0.0,0.0,0.0,25.0,40.0,10.0,0.0,-15.0
2018-09-25 00:00:00+00:00,145.0,205.0,85.0,135.0,75.0,150.0,195.0,105.0,130.0,85.0,260.0,275.0,245.0,235.0,220.0,75.0,150.0,0.0,-20.0,-95.0,15.0,30.0,0.0,-35.0,-50.0,0.0,0.0,0.0,0.0,0.0,0.0,0.0,0.0,0.0,0.0,0.0,0.0,0.0,0.0,0.0,0.0,0.0,0.0,0.0,0.0,0.0,0.0,0.0,0.0,0.0,280.0,295.0,265.0,235.0,220.0
2018-09-26 00:00:00+00:00,-215.0,-125.0,-305.0,-130.0,-220.0,-225.0,-150.0,-300.0,-85.0,-160.0,-70.0,-10.0,-130.0,-60.0,-120.0,-120.0,-45.0,-195.0,-140.0,-215.0,-95.0,-50.0,-140.0,-125.0,-170.0,-100.0,-70.0,-130.0,-35.0,-50.0,-60.0,0.0,-120.0,45.0,0.0,40.0,70.0,10.0,25.0,-5.0,0.0,0.0,0.0,0.0,0.0,0.0,0.0,0.0,0.0,0.0,-90.0,-75.0,-105.0,-85.0,-100.0
2018-09-27 00:00:00+00:00,85.0,145.0,25.0,25.0,-35.0,30.0,60.0,0.0,20.0,-10.0,170.0,215.0,125.0,145.0,115.0,-10.0,35.0,-55.0,60.0,15.0,45.0,90.0,0.0,85.0,40.0,30.0,45.0,15.0,55.0,40.0,130.0,160.0,100.0,195.0,165.0,185.0,215.0,155.0,170.0,140.0,0.0,0.0,0.0,0.0,0.0,0.0,0.0,0.0,0.0,0.0,250.0,265.0,235.0,230.0,215.0
2018-09-28 00:00:00+00:00,-5.0,25.0,-35.0,-70.0,-85.0,-220.0,-175.0,-265.0,-140.0,-185.0,-130.0,-100.0,-160.0,-90.0,-120.0,-550.0,-520.0,-580.0,-450.0,-480.0,-550.0,-520.0,-580.0,-450.0,-480.0,-550.0,-520.0,-580.0,-450.0,-480.0,-465.0,-435.0,-495.0,-395.0,-425.0,-450.0,-420.0,-480.0,-375.0,-405.0,-375.0,-345.0,-405.0,-380.0,-410.0,0.0,0.0,0.0,0.0,0.0,-625.0,-610.0,-640.0,-505.0,-520.0
2018-10-01 00:00:00+00:00,-220.0,-115.0,-325.0,-90.0,-195.0,-160.0,-115.0,-205.0,-160.0,-205.0,-280.0,-190.0,-370.0,-205.0,-295.0,-90.0,-15.0,-165.0,-120.0,-195.0,50.0,110.0,-10.0,0.0,-60.0,25.0,55.0,-5.0,-10.0,-40.0,70.0,115.0,25.0,0.0,-45.0,70.0,115.0,25.0,0.0,-45.0,70.0,100.0,40.0,30.0,0.0,0.0,0.0,0.0,0.0,0.0,-180.0,-165.0,-195.0,-135.0,-150.0
2018-10-02 00:00:00+00:00,115.0,160.0,70.0,-45.0,-90.0,-50.0,-20.0,-80.0,-80.0,-110.0,165.0,195.0,135.0,65.0,35.0,140.0,200.0,80.0,145.0,100.0,140.0,185.0,95.0,110.0,80.0,50.0,65.0,35.0,0.0,0.0,180.0,240.0,120.0,35.0,-10.0,75.0,90.0,60.0,10.0,-5.0,0.0,0.0,0.0,0.0,0.0,0.0,0.0,0.0,0.0,0.0,260.0,275.0,245.0,265.0,250.0
2018-10-03 00:00:00+00:00,25.0,100.0,-50.0,-15.0,-90.0,-35.0,55.0,-125.0,-25.0,-115.0,-75.0,-30.0,-120.0,-40.0,-85.0,-85.0,-40.0,-130.0,15.0,-30.0,-80.0,-50.0,-110.0,20.0,-10.0,-40.0,-25.0,-55.0,-5.0,-20.0,30.0,60.0,0.0,55.0,25.0,30.0,60.0,0.0,55.0,25.0,10.0,25.0,-5.0,35.0,20.0,0.0,0.0,0.0,0.0,0.0,80.0,95.0,65.0,90.0,75.0
2018-10-04 00:00:00+00:00,-15.0,75.0,-105.0,45.0,-45.0,115.0,175.0,55.0,-20.0,-80.0,35.0,65.0,5.0,5.0,-25.0,-30.0,15.0,-75.0,80.0,50.0,-110.0,-95.0,-125.0,0.0,0.0,0.0,0.0,0.0,0.0,0.0,30.0,45.0,15.0,30.0,15.0,0.0,0.0,0.0,0.0,0.0,0.0,0.0,0.0,0.0,0.0,0.0,0.0,0.0,0.0,0.0,205.0,220.0,190.0,220.0,205.0
2018-10-05 00:00:00+00:00,80.0,170.0,-10.0,160.0,70.0,130.0,175.0,85.0,120.0,75.0,205.0,220.0,190.0,185.0,170.0,0.0,45.0,-45.0,-80.0,-125.0,25.0,40.0,10.0,20.0,5.0,0.0,0.0,0.0,0.0,0.0,0.0,0.0,0.0,0.0,0.0,0.0,0.0,0.0,0.0,0.0,0.0,0.0,0.0,0.0,0.0,0.0,0.0,0.0,0.0,0.0,215.0,230.0,200.0,210.0,195.0
2018-10-08 00:00:00+00:00,-40.0,20.0,-100.0,115.0,55.0,-50.0,-5.0,-95.0,-85.0,-130.0,-110.0,-65.0,-155.0,-100.0,-145.0,145.0,205.0,85.0,0.0,-60.0,95.0,125.0,65.0,0.0,-30.0,95.0,125.0,65.0,0.0,-30.0,125.0,170.0,80.0,5.0,-40.0,105.0,135.0,75.0,40.0,10.0,105.0,135.0,75.0,40.0,10.0,0.0,0.0,0.0,0.0,0.0,160.0,175.0,145.0,65.0,50.0
2018-10-09 00:00:00+00:00,-130.0,-70.0,-190.0,-155.0,-215.0,-150.0,-105.0,-195.0,-290.0,-335.0,-250.0,-220.0,-280.0,-190.0,-220.0,-345.0,-300.0,-390.0,-230.0,-275.0,-290.0,-245.0,-335.0,-185.0,-230.0,-195.0,-165.0,-225.0,-240.0,-270.0,-270.0,-240.0,-300.0,-255.0,-285.0,-270.0,-240.0,-300.0,-255.0,-285.0,-150.0,-120.0,-180.0,-155.0,-185.0,0.0,0.0,0.0,0.0,0.0,-420.0,-405.0,-435.0,-435.0,-450.0
2018-10-10 00:00:00+00:00,5.0,50.0,-40.0,-5.0,-50.0,-45.0,15.0,-105.0,-135.0,-195.0,55.0,100.0,10.0,115.0,70.0,5.0,50.0,-40.0,175.0,130.0,-5.0,40.0,-50.0,120.0,75.0,15.0,30.0,0.0,5.0,-10.0,110.0,140.0,80.0,70.0,40.0,0.0,0.0,0.0,0.0,0.0,0.0,0.0,0.0,0.0,0.0,0.0,0.0,0.0,0.0,0.0,85.0,100.0,70.0,35.0,20.0
2018-10-11 00:00:00+00:00,-195.0,-135.0,-255.0,-150.0,-210.0,55.0,85.0,25.0,-30.0,-60.0,185.0,245.0,125.0,150.0,90.0,95.0,125.0,65.0,295.0,265.0,95.0,125.0,65.0,295.0,265.0,195.0,210.0,180.0,25.0,10.0,110.0,140.0,80.0,230.0,200.0,210.0,240.0,180.0,120.0,90.0,15.0,30.0,0.0,95.0,80.0,0.0,0.0,0.0,0.0,0.0,640.0,655.0,625.0,735.0,720.0
2018-10-12 00:00:00+00:00,75.0,135.0,15.0,-60.0,-120.0,185.0,215.0,155.0,-80.0,-110.0,-455.0,-380.0,-530.0,-70.0,-145.0,180.0,225.0,135.0,80.0,35.0,145.0,190.0,100.0,40.0,-5.0,85.0,115.0,55.0,-70.0,-100.0,335.0,380.0,290.0,220.0,175.0,335.0,380.0,290.0,220.0,175.0,205.0,220.0,190.0,75.0,60.0,0.0,0.0,0.0,0.0,0.0,295.0,310.0,280.0,235.0,220.0
2018-10-15 00:00:00+00:00,755.0,800.0,710.0,750.0,705.0,705.0,735.0,675.0,680.0,650.0,500.0,530.0,470.0,415.0,385.0,145.0,175.0,115.0,95.0,65.0,45.0,60.0,30.0,65.0,50.0,0.0,0.0,0.0,0.0,0.0,210.0,240.0,180.0,150.0,120.0,0.0,0.0,0.0,0.0,0.0,0.0,0.0,0.0,0.0,0.0,0.0,0.0,0.0,0.0,0.0,925.0,940.0,910.0,860.0,845.0
2018-10-16 00:00:00+00:00,230.0,305.0,155.0,215.0,140.0,270.0,300.0,240.0,130.0,100.0,235.0,265.0,205.0,140.0,110.0,0.0,30.0,-30.0,50.0,20.0,0.0,30.0,-30.0,50.0,20.0,0.0,30.0,-30.0,50.0,20.0,-20.0,-5.0,-35.0,80.0,65.0,35.0,50.0,20.0,50.0,35.0,35.0,50.0,20.0,50.0,35.0,0.0,0.0,0.0,0.0,0.0,350.0,365.0,335.0,415.0,400.0
2018-10-17 00:00:00+00:00,-190.0,-145.0,-235.0,-295.0,-340.0,-85.0,-55.0,-115.0,-205.0,-235.0,-80.0,-65.0,-95.0,-55.0,-70.0,-20.0,55.0,-95.0,-20.0,-95.0,110.0,170.0,50.0,-20.0,-65.0,75.0,120.0,30.0,-30.0,-60.0,-250.0,-220.0,-280.0,-155.0,-170.0,-250.0,-220.0,-280.0,-155.0,-170.0,-110.0,-95.0,-125.0,-185.0,-200.0,0.0,0.0,0.0,0.0,0.0,-265.0,-250.0,-280.0,-240.0,-255.0
2018-10-18 00:00:00+00:00,-390.0,-315.0,-465.0,-165.0,-240.0,-10.0,20.0,-40.0,-55.0,-85.0,-150.0,-135.0,-165.0,-110.0,-125.0,125.0,185.0,65.0,115.0,55.0,155.0,200.0,110.0,215.0,170.0,195.0,240.0,150.0,205.0,160.0,140.0,170.0,110.0,110.0,80.0,130.0,160.0,100.0,60.0,30.0,215.0,245.0,185.0,115.0,85.0,0.0,0.0,0.0,0.0,0.0,-195.0,-180.0,-210.0,-200.0,-215.0
2018-10-19 00:00:00+00:00,85.0,145.0,25.0,-240.0,-300.0,0.0,45.0,-45.0,-85.0,-130.0,65.0,110.0,20.0,105.0,60.0,175.0,220.0,130.0,365.0,320.0,100.0,130.0,70.0,305.0,275.0,0.0,0.0,0.0,0.0,0.0,90.0,105.0,75.0,165.0,150.0,90.0,105.0,75.0,165.0,150.0,110.0,125.0,95.0,160.0,145.0,0.0,0.0,0.0,0.0,0.0,325.0,340.0,310.0,295.0,280.0
2018-10-22 00:00:00+00:00,-25.0,50.0,-100.0,265.0,190.0,410.0,440.0,380.0,270.0,240.0,45.0,75.0,15.0,105.0,75.0,10.0,25.0,-5.0,-15.0,-30.0,10.0,25.0,-5.0,-15.0,-30.0,90.0,105.0,75.0,90.0,75.0,90.0,105.0,75.0,90.0,75.0,90.0,105.0,75.0,90.0,75.0,90.0,105.0,75.0,90.0,75.0,0.0,0.0,0.0,0.0,0.0,460.0,475.0,445.0,385.0,370.0
2018-10-23 00:00:00+00:00,235.0,295.0,175.0,-70.0,-130.0,-125.0,-65.0,-185.0,-95.0,-155.0,-475.0,-445.0,-505.0,-500.0,-530.0,-840.0,-780.0,-900.0,-780.0,-840.0,-745.0,-700.0,-790.0,-190.0,-220.0,-195.0,-180.0,-210.0,-185.0,-200.0,-60.0,-45.0,-75.0,25.0,10.0,-60.0,-45.0,-75.0,25.0,10.0,-60.0,-45.0,-75.0,25.0,10.0,0.0,0.0,0.0,0.0,0.0,-670.0,-655.0,-685.0,-510.0,-525.0
2018-10-24 00:00:00+00:00,715.0,805.0,625.0,1170.0,1080.0,1000.0,1045.0,955.0,1090.0,1045.0,1015.0,1030.0,1000.0,1120.0,1105.0,315.0,360.0,270.0,135.0,90.0,165.0,195.0,135.0,15.0,-15.0,0.0,0.0,0.0,0.0,0.0,255.0,285.0,225.0,185.0,155.0,150.0,165.0,135.0,120.0,105.0,0.0,0.0,0.0,0.0,0.0,0.0,0.0,0.0,0.0,0.0,1275.0,1290.0,1260.0,1375.0,1360.0
2018-10-25 00:00:00+00:00,-165.0,-105.0,-225.0,-300.0,-360.0,-60.0,0.0,-120.0,40.0,-5.0,-295.0,-250.0,-340.0,-150.0,-180.0,10.0,40.0,-20.0,-50.0,-80.0,10.0,40.0,-20.0,-50.0,-80.0,-95.0,-80.0,-110.0,-75.0,-90.0,20.0,50.0,-10.0,0.0,-30.0,50.0,80.0,20.0,-20.0,-50.0,80.0,95.0,65.0,100.0,85.0,0.0,0.0,0.0,0.0,0.0,-170.0,-155.0,-185.0,-120.0,-135.0
2018-10-26 00:00:00+00:00,-175.0,-100.0,-250.0,-165.0,-240.0,-70.0,-10.0,-130.0,-10.0,-70.0,0.0,15.0,-15.0,-100.0,-115.0,0.0,45.0,-45.0,55.0,10.0,5.0,35.0,-25.0,145.0,115.0,5.0,35.0,-25.0,145.0,115.0,135.0,180.0,90.0,-15.0,-60.0,135.0,180.0,90.0,-15.0,-60.0,-40.0,-25.0,-55.0,15.0,0.0,0.0,0.0,0.0,0.0,0.0,-80.0,-65.0,-95.0,-90.0,-105.0
2018-10-29 00:00:00+00:00,755.0,815.0,695.0,605.0,545.0,775.0,820.0,730.0,685.0,640.0,825.0,840.0,810.0,780.0,765.0,195.0,225.0,165.0,360.0,330.0,195.0,225.0,165.0,360.0,330.0,195.0,225.0,165.0,360.0,330.0,80.0,95.0,65.0,110.0,95.0,80.0,95.0,65.0,110.0,95.0,0.0,0.0,0.0,0.0,0.0,0.0,0.0,0.0,0.0,0.0,1030.0,1045.0,1015.0,1105.0,1090.0
2018-10-30 00:00:00+00:00,-195.0,-135.0,-255.0,-105.0,-165.0,-195.0,-165.0,-225.0,-80.0,-110.0,-60.0,-45.0,-75.0,-55.0,-70.0,110.0,170.0,50.0,-75.0,-135.0,200.0,260.0,140.0,-50.0,-110.0,30.0,75.0,-15.0,-75.0,-120.0,145.0,175.0,115.0,120.0,90.0,190.0,220.0,160.0,155.0,125.0,295.0,325.0,265.0,205.0,175.0,0.0,0.0,0.0,0.0,0.0,-50.0,-35.0,-65.0,50.0,35.0
2018-10-31 00:00:00+00:00,-130.0,-55.0,-205.0,-115.0,-190.0,230.0,260.0,200.0,190.0,160.0,-85.0,-25.0,-145.0,-95.0,-155.0,-5.0,25.0,-35.0,15.0,-15.0,-5.0,25.0,-35.0,15.0,-15.0,-5.0,25.0,-35.0,15.0,-15.0,10.0,25.0,-5.0,-5.0,-20.0,10.0,25.0,-5.0,-5.0,-20.0,15.0,30.0,0.0,-20.0,-35.0,0.0,0.0,0.0,0.0,0.0,120.0,135.0,105.0,190.0,175.0
2018-11-01 00:00:00+00:00,-245.0,-170.0,-320.0,-145.0,-220.0,-185.0,-125.0,-245.0,-125.0,-185.0,185.0,200.0,170.0,95.0,80.0,260.0,305.0,215.0,255.0,210.0,245.0,290.0,200.0,95.0,50.0,0.0,0.0,0.0,0.0,0.0,80.0,95.0,65.0,-5.0,-20.0,80.0,95.0,65.0,-5.0,-20.0,0.0,0.0,0.0,0.0,0.0,0.0,0.0,0.0,0.0,0.0,165.0,180.0,150.0,95.0,80.0
2018-11-02 00:00:00+00:00,285.0,390.0,180.0,760.0,655.0,425.0,470.0,380.0,510.0,465.0,440.0,485.0,395.0,595.0,550.0,135.0,180.0,90.0,-45.0,-90.0,135.0,180.0,90.0,-45.0,-90.0,0.0,0.0,0.0,0.0,0.0,150.0,180.0,120.0,-45.0,-75.0,150.0,180.0,120.0,-70.0,-100.0,150.0,180.0,120.0,-70.0,-100.0,0.0,0.0,0.0,0.0,0.0,660.0,675.0,645.0,675.0,660.0
2018-11-05 00:00:00+00:00,205.0,280.0,130.0,55.0,-20.0,340.0,370.0,310.0,245.0,215.0,415.0,430.0,400.0,450.0,435.0,100.0,130.0,70.0,85.0,55.0,160.0,190.0,130.0,155.0,125.0,95.0,110.0,80.0,115.0,100.0,35.0,50.0,20.0,45.0,30.0,95.0,110.0,80.0,115.0,100.0,95.0,110.0,80.0,115.0,100.0,0.0,0.0,0.0,0.0,0.0,495.0,510.0,480.0,485.0,470.0
2018-11-06 00:00:00+00:00,-420.0,-315.0,-525.0,-505.0,-595.0,-365.0,-290.0,-440.0,-210.0,-270.0,-545.0,-485.0,-605.0,-220.0,-265.0,270.0,330.0,210.0,-65.0,-125.0,315.0,375.0,255.0,-250.0,-310.0,295.0,340.0,250.0,-235.0,-280.0,150.0,195.0,105.0,30.0,-15.0,100.0,130.0,70.0,-130.0,-160.0,100.0,130.0,70.0,-165.0,-195.0,0.0,0.0,0.0,0.0,0.0,-130.0,-115.0,-145.0,-215.0,-230.0
2018-11-07 00:00:00+00:00,165.0,225.0,105.0,-20.0,-80.0,15.0,60.0,-30.0,-55.0,-100.0,170.0,185.0,155.0,215.0,200.0,35.0,80.0,-10.0,5.0,-40.0,35.0,80.0,-10.0,5.0,-40.0,130.0,160.0,100.0,45.0,15.0,130.0,160.0,100.0,45.0,15.0,45.0,60.0,30.0,30.0,15.0,45.0,60.0,30.0,30.0,15.0,0.0,0.0,0.0,0.0,0.0,40.0,55.0,25.0,75.0,60.0
2018-11-08 00:00:00+00:00,-270.0,-180.0,-360.0,-330.0,-420.0,-355.0,-295.0,-415.0,-260.0,-320.0,-275.0,-245.0,-305.0,-220.0,-250.0,-325.0,-295.0,-355.0,-325.0,-355.0,-315.0,-285.0,-345.0,-250.0,-280.0,-225.0,-210.0,-240.0,-175.0,-190.0,-255.0,-210.0,-300.0,-300.0,-345.0,-245.0,-200.0,-290.0,-225.0,-270.0,-225.0,-210.0,-240.0,-255.0,-270.0,0.0,0.0,0.0,0.0,0.0,-375.0,-360.0,-390.0,-365.0,-380.0
2018-11-09 00:00:00+00:00,-225.0,-150.0,-300.0,-225.0,-285.0,-250.0,-205.0,-295.0,-80.0,-110.0,-100.0,-70.0,-130.0,-60.0,-90.0,-210.0,-180.0,-240.0,-205.0,-235.0,-210.0,-180.0,-240.0,-205.0,-235.0,-40.0,-10.0,-70.0,55.0,25.0,-165.0,-135.0,-195.0,-195.0,-225.0,-75.0,-45.0,-105.0,-65.0,-95.0,-190.0,-175.0,-205.0,-90.0,-105.0,0.0,0.0,0.0,0.0,0.0,-245.0,-230.0,-260.0,-275.0,-290.0
2018-11-12 00:00:00+00:00,-55.0,-10.0,-100.0,-210.0,-255.0,-255.0,-210.0,-300.0,-350.0,-395.0,-225.0,-210.0,-240.0,-270.0,-285.0,-180.0,-120.0,-240.0,20.0,-40.0,-180.0,-120.0,-240.0,20.0,-40.0,-45.0,0.0,-90.0,-10.0,-55.0,95.0,155.0,35.0,-125.0,-185.0,35.0,80.0,-10.0,-95.0,-140.0,10.0,40.0,-20.0,-60.0,-75.0,0.0,0.0,0.0,0.0,0.0,-195.0,-180.0,-210.0,-230.0,-245.0
2018-11-13 00:00:00+00:00,105.0,165.0,45.0,40.0,-20.0,210.0,240.0,180.0,335.0,305.0,245.0,260.0,230.0,255.0,240.0,-60.0,-15.0,-105.0,-45.0,-90.0,45.0,90.0,0.0,85.0,40.0,-65.0,-35.0,-95.0,70.0,40.0,-40.0,-10.0,-70.0,-80.0,-110.0,-40.0,-10.0,-70.0,-80.0,-110.0,65.0,95.0,35.0,50.0,20.0,0.0,0.0,0.0,0.0,0.0,145.0,160.0,130.0,110.0,95.0
2018-11-14 00:00:00+00:00,25.0,70.0,-20.0,70.0,25.0,245.0,275.0,215.0,295.0,265.0,295.0,310.0,280.0,340.0,325.0,215.0,245.0,185.0,190.0,160.0,215.0,245.0,185.0,190.0,160.0,215.0,245.0,185.0,190.0,160.0,215.0,245.0,185.0,190.0,160.0,160.0,175.0,145.0,70.0,55.0,160.0,175.0,145.0,70.0,55.0,0.0,0.0,0.0,0.0,0.0,555.0,570.0,540.0,430.0,415.0
2018-11-15 00:00:00+00:00,-25.0,20.0,-70.0,-125.0,-170.0,130.0,145.0,115.0,185.0,170.0,75.0,90.0,60.0,200.0,185.0,-75.0,-45.0,-105.0,35.0,5.0,-75.0,-45.0,-105.0,35.0,5.0,165.0,180.0,150.0,120.0,105.0,-225.0,-210.0,-240.0,-165.0,-180.0,-225.0,-210.0,-240.0,-165.0,-180.0,-225.0,-210.0,-240.0,-165.0,-180.0,0.0,0.0,0.0,0.0,0.0,-35.0,-20.0,-50.0,240.0,225.0
2018-11-16 00:00:00+00:00,-80.0,-50.0,-110.0,-55.0,-85.0,-40.0,-25.0,-55.0,-110.0,-125.0,-85.0,-55.0,-115.0,-35.0,-65.0,-345.0,-315.0,-375.0,-255.0,-285.0,-345.0,-315.0,-375.0,-255.0,-285.0,-345.0,-315.0,-375.0,-255.0,-285.0,-225.0,-195.0,-255.0,-190.0,-220.0,-140.0,-110.0,-170.0,-100.0,-130.0,-140.0,-110.0,-170.0,-100.0,-130.0,0.0,0.0,0.0,0.0,0.0,-235.0,-220.0,-250.0,-280.0,-295.0
2018-11-19 00:00:00+00:00,-370.0,-310.0,-430.0,-225.0,-285.0,-265.0,-205.0,-325.0,-115.0,-175.0,-55.0,-40.0,-70.0,-105.0,-120.0,-310.0,-250.0,-370.0,-95.0,-140.0,-310.0,-250.0,-370.0,-95.0,-140.0,-200.0,-140.0,-260.0,40.0,-5.0,-370.0,-340.0,-400.0,-180.0,-195.0,-215.0,-200.0,-230.0,-180.0,-195.0,-215.0,-200.0,-230.0,-180.0,-195.0,0.0,0.0,0.0,0.0,0.0,-460.0,-445.0,-475.0,-405.0,-420.0
2018-11-20 00:00:00+00:00,-240.0,-180.0,-300.0,-100.0,-160.0,-310.0,-265.0,-355.0,-380.0,-425.0,-305.0,-260.0,-350.0,-345.0,-390.0,60.0,105.0,15.0,95.0,50.0,105.0,150.0,60.0,70.0,25.0,25.0,40.0,10.0,40.0,25.0,495.0,555.0,435.0,305.0,260.0,260.0,290.0,230.0,230.0,200.0,280.0,310.0,250.0,240.0,210.0,0.0,0.0,0.0,0.0,0.0,210.0,225.0,195.0,195.0,180.0
2018-11-21 00:00:00+00:00,-250.0,-175.0,-325.0,-160.0,-235.0,-85.0,-25.0,-145.0,-320.0,-380.0,-245.0,-185.0,-305.0,-295.0,-340.0,-200.0,-155.0,-245.0,-55.0,-100.0,-10.0,35.0,-55.0,-25.0,-70.0,110.0,140.0,80.0,-50.0,-80.0,-120.0,-90.0,-150.0,105.0,75.0,-20.0,10.0,-50.0,195.0,165.0,115.0,145.0,85.0,250.0,220.0,0.0,0.0,0.0,0.0,0.0,-105.0,-90.0,-120.0,-65.0,-80.0
2018-11-22 00:00:00+00:00,-130.0,-70.0,-190.0,-5.0,-65.0,-30.0,0.0,-60.0,-115.0,-145.0,-50.0,-20.0,-80.0,-75.0,-105.0,-210.0,-180.0,-240.0,-125.0,-155.0,-45.0,-15.0,-75.0,-30.0,-60.0,-45.0,-15.0,-75.0,-30.0,-60.0,-5.0,25.0,-35.0,-85.0,-115.0,-5.0,25.0,-35.0,-85.0,-115.0,35.0,50.0,20.0,115.0,100.0,0.0,0.0,0.0,0.0,0.0,-25.0,-10.0,-40.0,-15.0,-30.0
2018-11-23 00:00:00+00:00,-120.0,-75.0,-165.0,-190.0,-235.0,-275.0,-185.0,-365.0,-115.0,-205.0,-190.0,-145.0,-235.0,-75.0,-120.0,-305.0,-260.0,-350.0,-210.0,-255.0,-215.0,-185.0,-245.0,-180.0,-210.0,-195.0,-180.0,-210.0,-85.0,-100.0,-245.0,-200.0,-290.0,-200.0,-245.0,-240.0,-210.0,-270.0,-200.0,-230.0,-200.0,-185.0,-215.0,-240.0,-255.0,0.0,0.0,0.0,0.0,0.0,-355.0,-340.0,-370.0,-345.0,-360.0
2018-11-26 00:00:00+00:00,-380.0,-275.0,-485.0,-265.0,-355.0,-280.0,-205.0,-355.0,-155.0,-230.0,-165.0,-135.0,-195.0,-150.0,-180.0,160.0,220.0,100.0,55.0,-5.0,130.0,175.0,85.0,75.0,30.0,40.0,70.0,10.0,30.0,0.0,70.0,115.0,25.0,40.0,-5.0,65.0,95.0,35.0,45.0,15.0,65.0,95.0,35.0,45.0,15.0,0.0,0.0,0.0,0.0,0.0,-175.0,-160.0,-190.0,-140.0,-155.0
2018-11-27 00:00:00+00:00,-85.0,-10.0,-160.0,55.0,-20.0,-15.0,15.0,-45.0,-55.0,-85.0,-35.0,-20.0,-50.0,-125.0,-140.0,-100.0,-55.0,-145.0,-285.0,-330.0,-100.0,-55.0,-145.0,-285.0,-330.0,-100.0,-55.0,-145.0,-285.0,-330.0,-280.0,-265.0,-295.0,-235.0,-250.0,-240.0,-225.0,-255.0,-215.0,-230.0,-140.0,-125.0,-155.0,-170.0,-185.0,0.0,0.0,0.0,0.0,0.0,-195.0,-180.0,-210.0,-190.0,-205.0
2018-11-28 00:00:00+00:00,-370.0,-295.0,-445.0,-210.0,-285.0,-380.0,-320.0,-440.0,-190.0,-250.0,-30.0,15.0,-75.0,-205.0,-250.0,265.0,325.0,205.0,310.0,250.0,265.0,325.0,205.0,310.0,250.0,125.0,155.0,95.0,195.0,165.0,385.0,445.0,325.0,105.0,60.0,285.0,330.0,240.0,105.0,60.0,0.0,0.0,0.0,0.0,0.0,0.0,0.0,0.0,0.0,0.0,60.0,75.0,45.0,90.0,75.0
2018-11-29 00:00:00+00:00,-285.0,-210.0,-360.0,-385.0,-460.0,-460.0,-400.0,-520.0,-550.0,-610.0,-315.0,-240.0,-390.0,-200.0,-260.0,125.0,200.0,50.0,140.0,65.0,105.0,165.0,45.0,40.0,-20.0,55.0,85.0,25.0,145.0,115.0,280.0,340.0,220.0,150.0,90.0,300.0,360.0,240.0,110.0,50.0,180.0,210.0,150.0,140.0,110.0,0.0,0.0,0.0,0.0,0.0,-120.0,-105.0,-135.0,-60.0,-75.0
2018-11-30 00:00:00+00:00,-140.0,-95.0,-185.0,-305.0,-350.0,-235.0,-205.0,-265.0,-215.0,-245.0,0.0,0.0,0.0,0.0,0.0,-125.0,-65.0,-185.0,-195.0,-255.0,-125.0,-65.0,-185.0,-195.0,-255.0,-100.0,-40.0,-160.0,-145.0,-205.0,-245.0,-200.0,-290.0,-375.0,-420.0,-245.0,-200.0,-290.0,-375.0,-420.0,-255.0,-225.0,-285.0,-285.0,-315.0,0.0,0.0,0.0,0.0,0.0,-400.0,-385.0,-415.0,-465.0,-480.0
2018-12-03 00:00:00+00:00,-245.0,-185.0,-305.0,-275.0,-335.0,-155.0,-110.0,-200.0,-200.0,-245.0,-225.0,-195.0,-255.0,-200.0,-230.0,-160.0,-85.0,-235.0,-230.0,-305.0,-145.0,-85.0,-205.0,-250.0,-310.0,-130.0,-85.0,-175.0,-50.0,-80.0,-205.0,-175.0,-235.0,-220.0,-250.0,-205.0,-175.0,-235.0,-220.0,-250.0,-205.0,-175.0,-235.0,-220.0,-250.0,0.0,0.0,0.0,0.0,0.0,-310.0,-295.0,-325.0,-335.0,-350.0
2018-12-04 00:00:00+00:00,-140.0,-65.0,-215.0,-20.0,-95.0,-10.0,35.0,-55.0,145.0,100.0,150.0,165.0,135.0,100.0,85.0,185.0,275.0,95.0,-115.0,-190.0,225.0,300.0,150.0,-115.0,-190.0,-50.0,-35.0,-65.0,-130.0,-145.0,75.0,105.0,45.0,-15.0,-45.0,50.0,80.0,20.0,-50.0,-80.0,25.0,40.0,10.0,85.0,70.0,0.0,0.0,0.0,0.0,0.0,150.0,165.0,135.0,25.0,10.0
2018-12-05 00:00:00+00:00,-145.0,-70.0,-220.0,-45.0,-120.0,-295.0,-250.0,-340.0,-305.0,-350.0,-50.0,-20.0,-80.0,-65.0,-95.0,5.0,50.0,-40.0,110.0,80.0,5.0,50.0,-40.0,110.0,80.0,105.0,120.0,90.0,-40.0,-55.0,120.0,165.0,75.0,105.0,75.0,95.0,125.0,65.0,110.0,80.0,105.0,120.0,90.0,-40.0,-55.0,0.0,0.0,0.0,0.0,0.0,-10.0,5.0,-25.0,-65.0,-80.0
2018-12-06 00:00:00+00:00,-335.0,-290.0,-380.0,-335.0,-380.0,-210.0,-180.0,-240.0,-355.0,-385.0,-85.0,-70.0,-100.0,-105.0,-120.0,-190.0,-160.0,-220.0,-555.0,-585.0,-55.0,-25.0,-85.0,-530.0,-560.0,-115.0,-85.0,-145.0,-460.0,-490.0,-415.0,-385.0,-445.0,-365.0,-395.0,-455.0,-440.0,-470.0,-525.0,-540.0,-320.0,-305.0,-335.0,-500.0,-515.0,0.0,0.0,0.0,0.0,0.0,-550.0,-535.0,-565.0,-640.0,-655.0
2018-12-07 00:00:00+00:00,20.0,65.0,-25.0,-15.0,-60.0,-140.0,-95.0,-185.0,-215.0,-260.0,15.0,60.0,-30.0,25.0,-20.0,20.0,65.0,-25.0,115.0,70.0,-10.0,35.0,-55.0,135.0,90.0,30.0,60.0,0.0,75.0,60.0,-5.0,25.0,-35.0,50.0,20.0,75.0,105.0,45.0,260.0,245.0,130.0,145.0,115.0,140.0,125.0,0.0,0.0,0.0,0.0,0.0,140.0,155.0,125.0,120.0,105.0
2018-12-10 00:00:00+00:00,-255.0,-180.0,-330.0,-105.0,-180.0,-250.0,-175.0,-325.0,-175.0,-250.0,-80.0,-35.0,-125.0,-85.0,-130.0,445.0,550.0,340.0,20.0,-70.0,200.0,260.0,140.0,80.0,35.0,0.0,0.0,0.0,0.0,0.0,485.0,545.0,425.0,55.0,-5.0,185.0,200.0,170.0,90.0,75.0,185.0,200.0,170.0,90.0,75.0,0.0,0.0,0.0,0.0,0.0,155.0,170.0,140.0,95.0,80.0
2018-12-11 00:00:00+00:00,1175.0,1205.0,1145.0,1030.0,1000.0,960.0,990.0,930.0,1010.0,980.0,1065.0,1110.0,1020.0,1060.0,1015.0,80.0,95.0,65.0,185.0,170.0,135.0,150.0,120.0,50.0,35.0,0.0,0.0,0.0,0.0,0.0,0.0,0.0,0.0,0.0,0.0,0.0,0.0,0.0,0.0,0.0,0.0,0.0,0.0,0.0,0.0,0.0,0.0,0.0,0.0,0.0,1285.0,1300.0,1270.0,1245.0,1230.0
2018-12-12 00:00:00+00:00,-20.0,25.0,-65.0,190.0,160.0,180.0,225.0,135.0,-35.0,-80.0,250.0,280.0,220.0,150.0,120.0,-135.0,-105.0,-165.0,-75.0,-105.0,0.0,30.0,-30.0,320.0,290.0,85.0,115.0,55.0,275.0,245.0,75.0,120.0,30.0,120.0,75.0,110.0,140.0,80.0,270.0,240.0,20.0,35.0,5.0,180.0,165.0,0.0,0.0,0.0,0.0,0.0,330.0,345.0,315.0,150.0,135.0
2018-12-13 00:00:00+00:00,-185.0,-95.0,-275.0,-815.0,-905.0,-590.0,-500.0,-680.0,-140.0,-215.0,-310.0,-265.0,-355.0,-150.0,-195.0,360.0,435.0,285.0,140.0,65.0,295.0,340.0,250.0,90.0,45.0,295.0,340.0,250.0,90.0,45.0,115.0,175.0,55.0,-30.0,-90.0,195.0,240.0,150.0,-185.0,-230.0,230.0,260.0,200.0,60.0,30.0,0.0,0.0,0.0,0.0,0.0,-610.0,-595.0,-625.0,-630.0,-645.0
2018-12-14 00:00:00+00:00,50.0,110.0,-10.0,15.0,-45.0,400.0,430.0,370.0,220.0,190.0,80.0,95.0,65.0,160.0,145.0,190.0,235.0,145.0,60.0,15.0,220.0,250.0,190.0,45.0,15.0,220.0,250.0,190.0,45.0,15.0,-80.0,-65.0,-95.0,-85.0,-100.0,-80.0,-65.0,-95.0,-85.0,-100.0,65.0,80.0,50.0,20.0,5.0,0.0,0.0,0.0,0.0,0.0,310.0,325.0,295.0,320.0,305.0
2018-12-17 00:00:00+00:00,-15.0,30.0,-60.0,-15.0,-60.0,-60.0,-15.0,-105.0,-60.0,-105.0,-165.0,-120.0,-210.0,-180.0,-225.0,-245.0,-215.0,-275.0,-255.0,-285.0,-245.0,-215.0,-275.0,-255.0,-285.0,-245.0,-215.0,-275.0,-255.0,-285.0,-160.0,-130.0,-190.0,-140.0,-170.0,-160.0,-130.0,-190.0,-65.0,-95.0,-210.0,-195.0,-225.0,-135.0,-150.0,0.0,0.0,0.0,0.0,0.0,-280.0,-265.0,-295.0,-245.0,-260.0
2018-12-18 00:00:00+00:00,10.0,85.0,-65.0,-125.0,-200.0,-410.0,-335.0,-485.0,-170.0,-245.0,-470.0,-410.0,-530.0,-120.0,-180.0,275.0,335.0,215.0,235.0,175.0,275.0,335.0,215.0,235.0,175.0,215.0,260.0,170.0,65.0,20.0,290.0,335.0,245.0,235.0,190.0,310.0,340.0,280.0,315.0,285.0,310.0,340.0,280.0,315.0,285.0,0.0,0.0,0.0,0.0,0.0,75.0,90.0,60.0,200.0,185.0
2018-12-24 00:00:00+00:00,-335.0,-245.0,-425.0,-165.0,-240.0,-310.0,-265.0,-355.0,-60.0,-105.0,-45.0,-15.0,-75.0,-70.0,-100.0,245.0,305.0,185.0,30.0,-30.0,225.0,285.0,165.0,70.0,10.0,185.0,215.0,155.0,10.0,-20.0,45.0,60.0,30.0,-45.0,-60.0,45.0,60.0,30.0,-45.0,-60.0,45.0,60.0,30.0,-45.0,-60.0,0.0,0.0,0.0,0.0,0.0,-10.0,5.0,-25.0,-170.0,-185.0
2018-12-26 00:00:00+00:00,95.0,170.0,20.0,-195.0,-270.0,95.0,140.0,50.0,-20.0,-65.0,-555.0,-510.0,-600.0,-485.0,-530.0,215.0,275.0,155.0,330.0,270.0,30.0,60.0,0.0,315.0,285.0,35.0,50.0,20.0,245.0,230.0,180.0,210.0,150.0,410.0,380.0,380.0,410.0,350.0,355.0,325.0,380.0,410.0,350.0,355.0,325.0,0.0,0.0,0.0,0.0,0.0,315.0,330.0,300.0,360.0,345.0
2018-12-27 00:00:00+00:00,-610.0,-550.0,-670.0,45.0,0.0,-440.0,-410.0,-470.0,-130.0,-145.0,-345.0,-330.0,-360.0,-435.0,-450.0,-115.0,-85.0,-145.0,-205.0,-235.0,-115.0,-85.0,-145.0,-205.0,-235.0,195.0,225.0,165.0,-30.0,-60.0,-115.0,-85.0,-145.0,-205.0,-235.0,-225.0,-195.0,-255.0,-75.0,-105.0,-225.0,-195.0,-255.0,-75.0,-105.0,0.0,0.0,0.0,0.0,0.0,-480.0,-465.0,-495.0,-465.0,-480.0
2018-12-28 00:00:00+00:00,360.0,435.0,285.0,-15.0,-90.0,0.0,75.0,-75.0,140.0,80.0,455.0,500.0,410.0,215.0,170.0,-15.0,30.0,-60.0,410.0,365.0,100.0,130.0,70.0,640.0,610.0,140.0,155.0,125.0,615.0,600.0,255.0,285.0,225.0,660.0,630.0,140.0,155.0,125.0,615.0,600.0,0.0,0.0,0.0,0.0,0.0,0.0,0.0,0.0,0.0,0.0,775.0,790.0,760.0,750.0,735.0
2019-01-02 00:00:00+00:00,120.0,180.0,60.0,50.0,-10.0,30.0,75.0,-15.0,195.0,150.0,-210.0,-150.0,-270.0,50.0,-10.0,325.0,370.0,280.0,5.0,-40.0,180.0,210.0,150.0,-30.0,-60.0,75.0,90.0,60.0,-75.0,-90.0,260.0,290.0,230.0,5.0,-25.0,260.0,290.0,230.0,5.0,-25.0,110.0,125.0,95.0,-10.0,-25.0,0.0,0.0,0.0,0.0,0.0,425.0,440.0,410.0,260.0,245.0
2019-01-03 00:00:00+00:00,-585.0,-510.0,-660.0,-260.0,-320.0,-600.0,-555.0,-645.0,-205.0,-250.0,-475.0,-415.0,-535.0,-580.0,-640.0,325.0,415.0,235.0,-165.0,-255.0,240.0,315.0,165.0,-55.0,-130.0,50.0,65.0,35.0,110.0,95.0,90.0,165.0,15.0,-60.0,-135.0,-110.0,-80.0,-140.0,-130.0,-160.0,-70.0,-40.0,-100.0,-15.0,-45.0,0.0,0.0,0.0,0.0,0.0,-335.0,-320.0,-350.0,-440.0,-455.0
2019-01-04 00:00:00+00:00,-255.0,-165.0,-345.0,145.0,55.0,315.0,360.0,270.0,275.0,230.0,115.0,160.0,70.0,325.0,280.0,470.0,530.0,410.0,225.0,165.0,100.0,130.0,70.0,125.0,95.0,0.0,0.0,0.0,0.0,0.0,90.0,105.0,75.0,110.0,95.0,90.0,105.0,75.0,110.0,95.0,0.0,0.0,0.0,0.0,0.0,0.0,0.0,0.0,0.0,0.0,445.0,460.0,430.0,470.0,455.0
2019-01-07 00:00:00+00:00,-155.0,-80.0,-230.0,-175.0,-250.0,-45.0,0.0,-90.0,-290.0,-335.0,-150.0,-120.0,-180.0,-75.0,-105.0,-150.0,-90.0,-210.0,-90.0,-150.0,-105.0,-45.0,-165.0,5.0,-55.0,-5.0,25.0,-35.0,230.0,200.0,-235.0,-205.0,-265.0,-255.0,-285.0,-235.0,-205.0,-265.0,-255.0,-285.0,-65.0,-35.0,-95.0,-160.0,-190.0,0.0,0.0,0.0,0.0,0.0,-265.0,-250.0,-280.0,-285.0,-300.0
2019-01-08 00:00:00+00:00,35.0,80.0,-10.0,-45.0,-90.0,10.0,40.0,-20.0,110.0,80.0,20.0,50.0,-10.0,130.0,100.0,-55.0,-25.0,-85.0,-130.0,-145.0,-55.0,-25.0,-85.0,-130.0,-145.0,-15.0,0.0,-30.0,10.0,-5.0,170.0,200.0,140.0,50.0,20.0,85.0,100.0,70.0,105.0,90.0,85.0,100.0,70.0,105.0,90.0,0.0,0.0,0.0,0.0,0.0,155.0,170.0,140.0,265.0,250.0
2019-01-09 00:00:00+00:00,-90.0,-30.0,-150.0,-50.0,-110.0,-70.0,-40.0,-100.0,-10.0,-40.0,-125.0,-110.0,-140.0,-135.0,-150.0,145.0,220.0,70.0,100.0,25.0,-35.0,10.0,-80.0,125.0,80.0,-5.0,25.0,-35.0,110.0,80.0,-85.0,-70.0,-100.0,-75.0,-90.0,-80.0,-65.0,-95.0,-55.0,-70.0,55.0,70.0,40.0,140.0,125.0,0.0,0.0,0.0,0.0,0.0,-115.0,-100.0,-130.0,-75.0,-90.0
2019-01-10 00:00:00+00:00,-20.0,55.0,-95.0,-425.0,-500.0,-5.0,40.0,-50.0,-5.0,-50.0,-40.0,-10.0,-70.0,75.0,45.0,190.0,235.0,145.0,365.0,320.0,85.0,115.0,55.0,180.0,150.0,40.0,55.0,25.0,135.0,120.0,90.0,105.0,75.0,115.0,100.0,90.0,105.0,75.0,115.0,100.0,90.0,105.0,75.0,115.0,100.0,0.0,0.0,0.0,0.0,0.0,185.0,200.0,170.0,135.0,120.0
2019-01-11 00:00:00+00:00,35.0,95.0,-25.0,-110.0,-170.0,-195.0,-150.0,-240.0,-150.0,-195.0,-80.0,-65.0,-95.0,-60.0,-75.0,-185.0,-140.0,-230.0,-60.0,-105.0,-200.0,-170.0,-230.0,-80.0,-110.0,-150.0,-135.0,-165.0,-30.0,-45.0,-55.0,-40.0,-70.0,-80.0,-95.0,-55.0,-40.0,-70.0,-80.0,-95.0,-55.0,-40.0,-70.0,-80.0,-95.0,0.0,0.0,0.0,0.0,0.0,-225.0,-210.0,-240.0,-270.0,-285.0
2019-01-14 00:00:00+00:00,-5.0,55.0,-65.0,-170.0,-230.0,-210.0,-150.0,-270.0,-105.0,-165.0,30.0,60.0,0.0,-75.0,-105.0,-35.0,25.0,-95.0,-150.0,-210.0,-105.0,-60.0,-150.0,-175.0,-220.0,-50.0,-20.0,-80.0,-235.0,-265.0,-110.0,-65.0,-155.0,-170.0,-215.0,-135.0,-120.0,-150.0,-165.0,-180.0,-135.0,-120.0,-150.0,-165.0,-180.0,0.0,0.0,0.0,0.0,0.0,-155.0,-140.0,-170.0,-185.0,-200.0
2019-01-15 00:00:00+00:00,5.0,50.0,-40.0,-130.0,-175.0,-20.0,40.0,-80.0,65.0,5.0,60.0,90.0,30.0,-280.0,-310.0,95.0,155.0,35.0,45.0,0.0,145.0,205.0,85.0,110.0,65.0,95.0,125.0,65.0,105.0,75.0,-90.0,-75.0,-105.0,-60.0,-75.0,-90.0,-75.0,-105.0,-60.0,-75.0,-35.0,-20.0,-50.0,-15.0,-30.0,0.0,0.0,0.0,0.0,0.0,-5.0,10.0,-20.0,-260.0,-275.0
2019-01-16 00:00:00+00:00,-220.0,-145.0,-295.0,-70.0,-130.0,-60.0,-30.0,-90.0,-85.0,-115.0,-190.0,-160.0,-220.0,-210.0,-240.0,-265.0,-235.0,-295.0,-255.0,-285.0,-235.0,-205.0,-265.0,-250.0,-280.0,-235.0,-205.0,-265.0,-250.0,-280.0,-250.0,-220.0,-280.0,-100.0,-130.0,-210.0,-180.0,-240.0,-105.0,-135.0,-150.0,-120.0,-180.0,-95.0,-125.0,0.0,0.0,0.0,0.0,0.0,-290.0,-275.0,-305.0,-270.0,-285.0
2019-01-17 00:00:00+00:00,-35.0,25.0,-95.0,-80.0,-140.0,10.0,55.0,-35.0,80.0,35.0,-80.0,-35.0,-125.0,-10.0,-55.0,85.0,145.0,25.0,130.0,70.0,80.0,140.0,20.0,65.0,20.0,125.0,170.0,80.0,95.0,65.0,55.0,85.0,25.0,60.0,45.0,30.0,45.0,15.0,60.0,45.0,40.0,55.0,25.0,40.0,25.0,0.0,0.0,0.0,0.0,0.0,-10.0,5.0,-25.0,20.0,5.0
2019-01-18 00:00:00+00:00,190.0,265.0,115.0,50.0,-10.0,100.0,160.0,40.0,180.0,120.0,135.0,180.0,90.0,45.0,15.0,30.0,60.0,0.0,55.0,25.0,65.0,95.0,35.0,95.0,65.0,80.0,95.0,65.0,45.0,30.0,-5.0,10.0,-20.0,-40.0,-55.0,25.0,40.0,10.0,25.0,10.0,25.0,40.0,10.0,25.0,10.0,0.0,0.0,0.0,0.0,0.0,235.0,250.0,220.0,335.0,320.0
2019-01-21 00:00:00+00:00,-50.0,-5.0,-95.0,-100.0,-145.0,20.0,50.0,-10.0,-60.0,-90.0,35.0,50.0,20.0,-25.0,-40.0,-190.0,-145.0,-235.0,-130.0,-175.0,-175.0,-130.0,-220.0,-130.0,-175.0,-50.0,-20.0,-80.0,20.0,-10.0,-145.0,-115.0,-175.0,-80.0,-110.0,-60.0,-45.0,-75.0,10.0,-5.0,-60.0,-45.0,-75.0,10.0,-5.0,0.0,0.0,0.0,0.0,0.0,-65.0,-50.0,-80.0,-65.0,-80.0
2019-01-22 00:00:00+00:00,-220.0,-175.0,-265.0,-195.0,-240.0,20.0,35.0,5.0,-65.0,-80.0,65.0,80.0,50.0,-35.0,-50.0,-70.0,-10.0,-130.0,-170.0,-230.0,-130.0,-85.0,-175.0,-195.0,-240.0,-170.0,-140.0,-200.0,-185.0,-215.0,-240.0,-225.0,-255.0,-255.0,-270.0,-240.0,-225.0,-255.0,-255.0,-270.0,-220.0,-205.0,-235.0,-220.0,-235.0,0.0,0.0,0.0,0.0,0.0,-215.0,-200.0,-230.0,-280.0,-295.0
2019-01-23 00:00:00+00:00,-75.0,0.0,-150.0,-15.0,-90.0,280.0,310.0,250.0,200.0,170.0,165.0,180.0,150.0,135.0,120.0,130.0,205.0,55.0,130.0,55.0,5.0,20.0,-10.0,85.0,70.0,40.0,55.0,25.0,40.0,25.0,10.0,40.0,-20.0,45.0,15.0,40.0,55.0,25.0,75.0,60.0,40.0,55.0,25.0,75.0,60.0,0.0,0.0,0.0,0.0,0.0,305.0,320.0,290.0,305.0,290.0
2019-01-24 00:00:00+00:00,-180.0,-90.0,-270.0,-205.0,-295.0,25.0,70.0,-20.0,130.0,85.0,0.0,45.0,-45.0,-5.0,-50.0,225.0,285.0,165.0,180.0,135.0,95.0,140.0,50.0,145.0,115.0,160.0,190.0,130.0,130.0,100.0,95.0,140.0,50.0,145.0,115.0,110.0,125.0,95.0,135.0,120.0,125.0,140.0,110.0,120.0,105.0,0.0,0.0,0.0,0.0,0.0,75.0,90.0,60.0,90.0,75.0
2019-01-25 00:00:00+00:00,145.0,190.0,100.0,30.0,-15.0,15.0,45.0,-15.0,115.0,85.0,-25.0,20.0,-70.0,-65.0,-110.0,-115.0,-85.0,-145.0,15.0,-15.0,-55.0,-25.0,-85.0,35.0,5.0,-90.0,-75.0,-105.0,40.0,25.0,0.0,15.0,-15.0,0.0,-15.0,65.0,80.0,50.0,115.0,100.0,65.0,80.0,50.0,115.0,100.0,0.0,0.0,0.0,0.0,0.0,135.0,150.0,120.0,140.0,125.0
2019-01-28 00:00:00+00:00,-95.0,-35.0,-155.0,-160.0,-220.0,-240.0,-150.0,-330.0,-60.0,-150.0,45.0,75.0,15.0,15.0,-15.0,65.0,110.0,20.0,185.0,140.0,90.0,135.0,45.0,135.0,90.0,25.0,40.0,10.0,-30.0,-45.0,25.0,70.0,-20.0,20.0,-25.0,55.0,85.0,25.0,65.0,35.0,45.0,60.0,30.0,55.0,40.0,0.0,0.0,0.0,0.0,0.0,10.0,25.0,-5.0,10.0,-5.0
2019-01-29 00:00:00+00:00,215.0,260.0,170.0,100.0,55.0,-20.0,25.0,-65.0,75.0,30.0,145.0,160.0,130.0,115.0,100.0,-45.0,-15.0,-75.0,-85.0,-115.0,-50.0,-20.0,-80.0,-80.0,-110.0,-90.0,-75.0,-105.0,-85.0,-100.0,-155.0,-125.0,-185.0,-115.0,-145.0,-190.0,-175.0,-205.0,-60.0,-75.0,-170.0,-155.0,-185.0,-90.0,-105.0,0.0,0.0,0.0,0.0,0.0,-10.0,5.0,-25.0,40.0,25.0
2019-01-30 00:00:00+00:00,-25.0,35.0,-85.0,-90.0,-150.0,75.0,135.0,15.0,45.0,-15.0,45.0,75.0,15.0,35.0,5.0,30.0,75.0,-15.0,5.0,-40.0,5.0,20.0,-10.0,30.0,15.0,0.0,0.0,0.0,0.0,0.0,20.0,50.0,-10.0,75.0,45.0,30.0,45.0,15.0,5.0,-10.0,0.0,0.0,0.0,0.0,0.0,0.0,0.0,0.0,0.0,0.0,100.0,115.0,85.0,110.0,95.0
2019-01-31 00:00:00+00:00,-270.0,-210.0,-330.0,-140.0,-200.0,-90.0,-45.0,-135.0,-75.0,-105.0,-15.0,30.0,-60.0,0.0,-45.0,-10.0,65.0,-85.0,-75.0,-150.0,55.0,115.0,-5.0,-40.0,-100.0,-70.0,-40.0,-100.0,-130.0,-160.0,-150.0,-135.0,-165.0,-130.0,-145.0,-110.0,-95.0,-125.0,-95.0,-110.0,-110.0,-95.0,-125.0,-95.0,-110.0,0.0,0.0,0.0,0.0,0.0,-130.0,-115.0,-145.0,-90.0,-105.0
2019-02-01 00:00:00+00:00,-175.0,-100.0,-250.0,-205.0,-280.0,-285.0,-225.0,-345.0,-305.0,-365.0,-225.0,-150.0,-300.0,-110.0,-185.0,50.0,140.0,-40.0,95.0,20.0,80.0,140.0,20.0,100.0,40.0,90.0,120.0,60.0,100.0,70.0,120.0,165.0,75.0,110.0,65.0,130.0,175.0,85.0,140.0,95.0,135.0,180.0,90.0,125.0,80.0,0.0,0.0,0.0,0.0,0.0,-55.0,-40.0,-70.0,-45.0,-60.0
2019-02-04 00:00:00+00:00,-110.0,-50.0,-170.0,-140.0,-200.0,-140.0,-95.0,-185.0,-80.0,-125.0,-25.0,5.0,-55.0,5.0,-25.0,-5.0,40.0,-50.0,155.0,110.0,-70.0,-40.0,-100.0,10.0,-20.0,0.0,0.0,0.0,0.0,0.0,-10.0,20.0,-40.0,-10.0,-40.0,-75.0,-60.0,-90.0,-95.0,-110.0,0.0,0.0,0.0,0.0,0.0,0.0,0.0,0.0,0.0,0.0,120.0,135.0,105.0,80.0,65.0
2019-02-05 00:00:00+00:00,90.0,165.0,15.0,235.0,160.0,290.0,320.0,260.0,255.0,225.0,320.0,335.0,305.0,285.0,270.0,10.0,25.0,-5.0,30.0,15.0,10.0,25.0,-5.0,30.0,15.0,0.0,0.0,0.0,0.0,0.0,0.0,0.0,0.0,0.0,0.0,0.0,0.0,0.0,0.0,0.0,0.0,0.0,0.0,0.0,0.0,0.0,0.0,0.0,0.0,0.0,320.0,335.0,305.0,285.0,270.0
2019-02-06 00:00:00+00:00,-25.0,80.0,-130.0,-10.0,-100.0,70.0,115.0,25.0,70.0,25.0,65.0,80.0,50.0,40.0,25.0,-50.0,10.0,-110.0,-15.0,-75.0,-60.0,-45.0,-75.0,-55.0,-70.0,5.0,20.0,-10.0,-25.0,-40.0,-45.0,-30.0,-60.0,-10.0,-25.0,-45.0,-30.0,-60.0,-10.0,-25.0,20.0,35.0,5.0,20.0,5.0,0.0,0.0,0.0,0.0,0.0,85.0,100.0,70.0,45.0,30.0
2019-02-07 00:00:00+00:00,-170.0,-110.0,-230.0,-245.0,-305.0,-150.0,-105.0,-195.0,-440.0,-485.0,-165.0,-135.0,-195.0,-170.0,-200.0,-515.0,-440.0,-590.0,-530.0,-605.0,-575.0,-530.0,-620.0,-305.0,-350.0,-195.0,-150.0,-240.0,-180.0,-225.0,-510.0,-480.0,-540.0,-460.0,-490.0,-505.0,-475.0,-535.0,-495.0,-525.0,-260.0,-230.0,-290.0,-315.0,-345.0,0.0,0.0,0.0,0.0,0.0,-615.0,-600.0,-630.0,-660.0,-675.0
2019-02-08 00:00:00+00:00,-190.0,-115.0,-265.0,-215.0,-290.0,-240.0,-165.0,-315.0,-165.0,-240.0,-180.0,-135.0,-225.0,-65.0,-110.0,-325.0,-265.0,-385.0,-310.0,-370.0,-285.0,-225.0,-345.0,10.0,-35.0,20.0,50.0,-10.0,-25.0,-55.0,-270.0,-225.0,-315.0,-10.0,-40.0,10.0,40.0,-20.0,50.0,20.0,35.0,65.0,5.0,40.0,10.0,0.0,0.0,0.0,0.0,0.0,-385.0,-370.0,-400.0,-375.0,-390.0
2019-02-11 00:00:00+00:00,10.0,70.0,-50.0,-245.0,-305.0,-190.0,-130.0,-250.0,-185.0,-245.0,-105.0,-60.0,-150.0,-215.0,-260.0,-190.0,-115.0,-265.0,50.0,-25.0,-45.0,15.0,-105.0,-10.0,-70.0,-40.0,5.0,-85.0,-20.0,-65.0,-155.0,-95.0,-215.0,-160.0,-220.0,-65.0,-5.0,-125.0,-165.0,-225.0,-55.0,-10.0,-100.0,-135.0,-180.0,0.0,0.0,0.0,0.0,0.0,-155.0,-140.0,-170.0,-255.0,-270.0
2019-02-12 00:00:00+00:00,-155.0,-80.0,-230.0,-25.0,-100.0,-50.0,25.0,-125.0,0.0,-75.0,165.0,240.0,90.0,175.0,100.0,115.0,175.0,55.0,70.0,10.0,0.0,30.0,-30.0,-40.0,-70.0,0.0,0.0,0.0,0.0,0.0,20.0,35.0,5.0,-45.0,-60.0,0.0,0.0,0.0,0.0,0.0,0.0,0.0,0.0,0.0,0.0,0.0,0.0,0.0,0.0,0.0,225.0,240.0,210.0,175.0,160.0
2019-02-13 00:00:00+00:00,-125.0,-50.0,-200.0,-100.0,-175.0,-50.0,-5.0,-95.0,-50.0,-95.0,-55.0,-10.0,-100.0,-90.0,-135.0,-95.0,-35.0,-155.0,-60.0,-120.0,-40.0,20.0,-100.0,-25.0,-85.0,-80.0,-35.0,-125.0,-80.0,-125.0,-140.0,-125.0,-155.0,-150.0,-165.0,-140.0,-125.0,-155.0,-150.0,-165.0,-70.0,-55.0,-85.0,-65.0,-80.0,0.0,0.0,0.0,0.0,0.0,-55.0,-40.0,-70.0,-70.0,-85.0
2019-02-14 00:00:00+00:00,30.0,105.0,-45.0,-70.0,-145.0,-80.0,-35.0,-125.0,-225.0,-270.0,45.0,105.0,-15.0,-160.0,-220.0,-55.0,-10.0,-100.0,160.0,115.0,-30.0,15.0,-75.0,110.0,65.0,-5.0,10.0,-20.0,85.0,70.0,-10.0,20.0,-40.0,130.0,100.0,-10.0,20.0,-40.0,90.0,60.0,55.0,85.0,25.0,150.0,120.0,0.0,0.0,0.0,0.0,0.0,85.0,100.0,70.0,80.0,65.0
2019-02-15 00:00:00+00:00,240.0,285.0,195.0,295.0,250.0,540.0,570.0,510.0,580.0,550.0,600.0,615.0,585.0,555.0,540.0,80.0,110.0,50.0,0.0,-30.0,30.0,45.0,15.0,45.0,30.0,0.0,0.0,0.0,0.0,0.0,0.0,0.0,0.0,0.0,0.0,0.0,0.0,0.0,0.0,0.0,0.0,0.0,0.0,0.0,0.0,0.0,0.0,0.0,0.0,0.0,600.0,615.0,585.0,555.0,540.0
2019-02-18 00:00:00+00:00,-45.0,30.0,-120.0,-35.0,-110.0,105.0,120.0,90.0,140.0,125.0,80.0,95.0,65.0,75.0,60.0,-35.0,10.0,-80.0,-105.0,-135.0,25.0,55.0,-5.0,25.0,10.0,25.0,55.0,-5.0,25.0,10.0,-75.0,-45.0,-105.0,-75.0,-90.0,-70.0,-55.0,-85.0,-75.0,-90.0,25.0,40.0,10.0,30.0,15.0,0.0,0.0,0.0,0.0,0.0,50.0,65.0,35.0,85.0,70.0
2019-02-19 00:00:00+00:00,-280.0,-205.0,-355.0,-305.0,-380.0,-390.0,-315.0,-465.0,-435.0,-510.0,-370.0,-325.0,-415.0,-460.0,-505.0,-260.0,-200.0,-320.0,-140.0,-200.0,-165.0,-105.0,-225.0,-80.0,-140.0,-190.0,-160.0,-220.0,-80.0,-110.0,-295.0,-235.0,-355.0,-165.0,-225.0,-170.0,-125.0,-215.0,-155.0,-200.0,-80.0,-50.0,-110.0,-75.0,-105.0,0.0,0.0,0.0,0.0,0.0,-515.0,-500.0,-530.0,-470.0,-485.0
2019-02-20 00:00:00+00:00,-155.0,-110.0,-200.0,-240.0,-285.0,-180.0,-135.0,-225.0,-160.0,-205.0,-30.0,0.0,-60.0,-125.0,-155.0,-50.0,10.0,-110.0,-125.0,-185.0,-125.0,-80.0,-170.0,-160.0,-205.0,-50.0,-35.0,-65.0,-55.0,-70.0,-5.0,55.0,-65.0,-60.0,-120.0,-55.0,-25.0,-85.0,-85.0,-100.0,10.0,25.0,-5.0,-10.0,-25.0,0.0,0.0,0.0,0.0,0.0,-105.0,-90.0,-120.0,-180.0,-195.0
2019-02-21 00:00:00+00:00,-185.0,-110.0,-260.0,-225.0,-300.0,-195.0,-135.0,-255.0,-160.0,-220.0,-120.0,-75.0,-165.0,-225.0,-270.0,-40.0,20.0,-100.0,20.0,-40.0,-25.0,20.0,-70.0,0.0,-45.0,70.0,100.0,40.0,50.0,20.0,-40.0,-10.0,-70.0,-20.0,-50.0,35.0,65.0,5.0,90.0,60.0,55.0,85.0,25.0,70.0,40.0,0.0,0.0,0.0,0.0,0.0,-160.0,-145.0,-175.0,-145.0,-160.0
2019-02-22 00:00:00+00:00,0.0,90.0,-90.0,175.0,85.0,170.0,215.0,125.0,220.0,175.0,165.0,195.0,135.0,260.0,230.0,30.0,45.0,15.0,20.0,5.0,-25.0,-10.0,-40.0,-15.0,-30.0,0.0,0.0,0.0,0.0,0.0,0.0,0.0,0.0,0.0,0.0,0.0,0.0,0.0,0.0,0.0,0.0,0.0,0.0,0.0,0.0,0.0,0.0,0.0,0.0,0.0,185.0,200.0,170.0,255.0,240.0
2019-02-25 00:00:00+00:00,30.0,150.0,-90.0,140.0,20.0,120.0,165.0,75.0,180.0,135.0,185.0,200.0,170.0,205.0,190.0,-30.0,0.0,-60.0,-60.0,-90.0,-30.0,0.0,-60.0,-60.0,-90.0,10.0,25.0,-5.0,-20.0,-35.0,0.0,0.0,0.0,0.0,0.0,0.0,0.0,0.0,0.0,0.0,0.0,0.0,0.0,0.0,0.0,0.0,0.0,0.0,0.0,0.0,245.0,260.0,230.0,255.0,240.0
2019-02-26 00:00:00+00:00,35.0,65.0,5.0,-35.0,-65.0,5.0,35.0,-25.0,-175.0,-205.0,-140.0,-110.0,-170.0,-65.0,-95.0,-285.0,-240.0,-330.0,-260.0,-305.0,-300.0,-270.0,-330.0,-280.0,-310.0,-300.0,-270.0,-330.0,-280.0,-310.0,-160.0,-130.0,-190.0,-120.0,-150.0,-115.0,-85.0,-145.0,-130.0,-160.0,-55.0,-25.0,-85.0,15.0,-15.0,0.0,0.0,0.0,0.0,0.0,-190.0,-175.0,-205.0,-220.0,-235.0
2019-02-27 00:00:00+00:00,-95.0,-20.0,-170.0,30.0,-45.0,-75.0,0.0,-150.0,0.0,-60.0,10.0,40.0,-20.0,95.0,65.0,100.0,160.0,40.0,45.0,-15.0,125.0,185.0,65.0,20.0,-40.0,10.0,25.0,-5.0,35.0,20.0,70.0,100.0,40.0,-20.0,-50.0,45.0,60.0,30.0,0.0,-15.0,45.0,60.0,30.0,0.0,-15.0,0.0,0.0,0.0,0.0,0.0,135.0,150.0,120.0,120.0,105.0
2019-02-28 00:00:00+00:00,-40.0,35.0,-115.0,-145.0,-220.0,-80.0,-35.0,-125.0,-30.0,-75.0,35.0,95.0,-25.0,-65.0,-125.0,60.0,105.0,15.0,55.0,10.0,60.0,105.0,15.0,55.0,10.0,45.0,75.0,15.0,60.0,30.0,15.0,30.0,0.0,5.0,-10.0,15.0,30.0,0.0,5.0,-10.0,5.0,20.0,-10.0,50.0,35.0,0.0,0.0,0.0,0.0,0.0,95.0,110.0,80.0,105.0,90.0
2019-03-01 00:00:00+00:00,-125.0,-35.0,-215.0,10.0,-80.0,-65.0,10.0,-140.0,15.0,-60.0,-35.0,25.0,-95.0,-5.0,-65.0,5.0,50.0,-40.0,-25.0,-70.0,15.0,45.0,-15.0,-40.0,-70.0,20.0,35.0,5.0,-25.0,-40.0,10.0,40.0,-20.0,0.0,-30.0,0.0,0.0,0.0,0.0,0.0,0.0,0.0,0.0,0.0,0.0,0.0,0.0,0.0,0.0,0.0,85.0,100.0,70.0,140.0,125.0
2019-03-04 00:00:00+00:00,-235.0,-130.0,-340.0,-95.0,-185.0,-120.0,-60.0,-180.0,-115.0,-175.0,-195.0,-120.0,-270.0,-155.0,-215.0,-115.0,-40.0,-190.0,-145.0,-220.0,-120.0,-75.0,-165.0,-145.0,-190.0,-5.0,25.0,-35.0,-80.0,-110.0,45.0,75.0,15.0,-35.0,-65.0,50.0,80.0,20.0,10.0,-20.0,85.0,115.0,55.0,-25.0,-55.0,0.0,0.0,0.0,0.0,0.0,-155.0,-140.0,-170.0,-155.0,-170.0
2019-03-05 00:00:00+00:00,-375.0,-255.0,-495.0,-160.0,-265.0,-160.0,-100.0,-220.0,-135.0,-195.0,-50.0,-20.0,-80.0,5.0,-25.0,45.0,120.0,-30.0,-20.0,-95.0,0.0,30.0,-30.0,25.0,-5.0,95.0,125.0,65.0,10.0,-20.0,-40.0,-10.0,-70.0,-45.0,-75.0,-55.0,-40.0,-70.0,-5.0,-20.0,-10.0,5.0,-25.0,-15.0,-30.0,0.0,0.0,0.0,0.0,0.0,-70.0,-55.0,-85.0,-35.0,-50.0
2019-03-06 00:00:00+00:00,-15.0,30.0,-60.0,-90.0,-135.0,-90.0,-45.0,-135.0,-95.0,-140.0,-30.0,15.0,-75.0,-55.0,-100.0,70.0,115.0,25.0,135.0,90.0,70.0,115.0,25.0,135.0,90.0,90.0,120.0,60.0,95.0,65.0,115.0,160.0,70.0,100.0,55.0,115.0,145.0,85.0,100.0,70.0,140.0,170.0,110.0,65.0,35.0,0.0,0.0,0.0,0.0,0.0,80.0,95.0,65.0,110.0,95.0
2019-03-07 00:00:00+00:00,-155.0,-65.0,-245.0,-95.0,-185.0,-50.0,25.0,-125.0,-195.0,-270.0,-95.0,-20.0,-170.0,-105.0,-180.0,45.0,105.0,-15.0,-35.0,-95.0,60.0,105.0,15.0,-55.0,-100.0,0.0,0.0,0.0,0.0,0.0,10.0,55.0,-35.0,-20.0,-65.0,30.0,60.0,0.0,-30.0,-60.0,20.0,35.0,5.0,0.0,-15.0,0.0,0.0,0.0,0.0,0.0,10.0,25.0,-5.0,-45.0,-60.0
2019-03-08 00:00:00+00:00,-220.0,-145.0,-295.0,-240.0,-315.0,-170.0,-140.0,-200.0,-200.0,-230.0,-205.0,-130.0,-280.0,-95.0,-170.0,-25.0,20.0,-70.0,-30.0,-75.0,50.0,95.0,5.0,70.0,25.0,140.0,185.0,95.0,180.0,135.0,25.0,55.0,-5.0,70.0,40.0,30.0,60.0,0.0,80.0,50.0,115.0,145.0,85.0,180.0,150.0,0.0,0.0,0.0,0.0,0.0,-140.0,-125.0,-155.0,-220.0,-235.0
2019-03-11 00:00:00+00:00,-150.0,-90.0,-210.0,-125.0,-170.0,110.0,155.0,65.0,60.0,15.0,-20.0,10.0,-50.0,-30.0,-60.0,185.0,245.0,125.0,115.0,55.0,90.0,120.0,60.0,100.0,70.0,140.0,155.0,125.0,105.0,90.0,90.0,120.0,60.0,100.0,70.0,30.0,45.0,15.0,40.0,25.0,145.0,160.0,130.0,170.0,155.0,0.0,0.0,0.0,0.0,0.0,70.0,85.0,55.0,65.0,50.0
2019-03-12 00:00:00+00:00,-200.0,-140.0,-260.0,-300.0,-360.0,-220.0,-175.0,-265.0,-180.0,-225.0,-200.0,-170.0,-230.0,-290.0,-320.0,-360.0,-300.0,-420.0,-300.0,-360.0,-330.0,-285.0,-375.0,-325.0,-370.0,-330.0,-285.0,-375.0,-325.0,-370.0,-355.0,-340.0,-370.0,-335.0,-350.0,-355.0,-340.0,-370.0,-335.0,-350.0,-355.0,-340.0,-370.0,-335.0,-350.0,0.0,0.0,0.0,0.0,0.0,-490.0,-475.0,-505.0,-575.0,-590.0
2019-03-18 00:00:00+00:00,-35.0,25.0,-95.0,-15.0,-75.0,0.0,30.0,-30.0,0.0,-30.0,0.0,15.0,-15.0,15.0,0.0,-55.0,-10.0,-100.0,-55.0,-100.0,-40.0,-10.0,-70.0,-30.0,-60.0,-40.0,-10.0,-70.0,-30.0,-60.0,-120.0,-90.0,-150.0,-185.0,-215.0,-120.0,-90.0,-150.0,-185.0,-215.0,-60.0,-30.0,-90.0,-65.0,-95.0,0.0,0.0,0.0,0.0,0.0,-100.0,-85.0,-115.0,-75.0,-90.0
2019-03-19 00:00:00+00:00,120.0,195.0,45.0,125.0,50.0,75.0,135.0,15.0,95.0,35.0,35.0,65.0,5.0,50.0,20.0,-120.0,-45.0,-195.0,-70.0,-130.0,-50.0,-5.0,-95.0,-35.0,-65.0,-50.0,-20.0,-80.0,-20.0,-35.0,30.0,45.0,15.0,-5.0,-20.0,10.0,25.0,-5.0,-20.0,-35.0,0.0,0.0,0.0,0.0,0.0,0.0,0.0,0.0,0.0,0.0,100.0,115.0,85.0,105.0,90.0
2019-03-20 00:00:00+00:00,-275.0,-200.0,-350.0,-130.0,-205.0,-80.0,-50.0,-110.0,-20.0,-35.0,-125.0,-110.0,-140.0,-60.0,-75.0,-100.0,-40.0,-160.0,-310.0,-370.0,-100.0,-40.0,-160.0,-310.0,-370.0,-140.0,-95.0,-185.0,-300.0,-345.0,-215.0,-200.0,-230.0,-205.0,-220.0,-180.0,-165.0,-195.0,-165.0,-180.0,-120.0,-105.0,-135.0,-125.0,-140.0,0.0,0.0,0.0,0.0,0.0,-280.0,-265.0,-295.0,-165.0,-180.0
2019-03-21 00:00:00+00:00,-210.0,-135.0,-285.0,-140.0,-215.0,-90.0,-30.0,-150.0,-350.0,-410.0,15.0,90.0,-60.0,-105.0,-180.0,-125.0,-50.0,-200.0,-140.0,-215.0,-190.0,-145.0,-235.0,-50.0,-95.0,-225.0,-195.0,-255.0,-35.0,-65.0,-75.0,-15.0,-135.0,10.0,-50.0,-255.0,-225.0,-285.0,-225.0,-255.0,-160.0,-145.0,-175.0,-35.0,-50.0,0.0,0.0,0.0,0.0,0.0,-200.0,-185.0,-215.0,-210.0,-225.0
2019-03-22 00:00:00+00:00,-85.0,-25.0,-145.0,-80.0,-140.0,-265.0,-175.0,-355.0,-75.0,-150.0,-110.0,-80.0,-140.0,-155.0,-185.0,75.0,135.0,15.0,10.0,-50.0,85.0,130.0,40.0,65.0,20.0,-35.0,-20.0,-50.0,5.0,-10.0,-50.0,-20.0,-80.0,-85.0,-115.0,-50.0,-20.0,-80.0,-85.0,-115.0,0.0,0.0,0.0,0.0,0.0,0.0,0.0,0.0,0.0,0.0,-85.0,-70.0,-100.0,-130.0,-145.0
2019-03-25 00:00:00+00:00,-70.0,-25.0,-115.0,-150.0,-195.0,-160.0,-115.0,-205.0,-10.0,-55.0,15.0,60.0,-30.0,-145.0,-190.0,45.0,105.0,-15.0,-145.0,-205.0,-15.0,15.0,-45.0,-70.0,-100.0,10.0,40.0,-20.0,-30.0,-60.0,-70.0,-40.0,-100.0,-30.0,-60.0,-150.0,-135.0,-165.0,-145.0,-160.0,-85.0,-70.0,-100.0,-115.0,-130.0,0.0,0.0,0.0,0.0,0.0,-75.0,-60.0,-90.0,-145.0,-160.0
2019-03-26 00:00:00+00:00,100.0,160.0,40.0,115.0,55.0,335.0,380.0,290.0,335.0,290.0,295.0,310.0,280.0,365.0,350.0,110.0,170.0,50.0,10.0,-35.0,45.0,60.0,30.0,0.0,0.0,45.0,60.0,30.0,0.0,0.0,80.0,95.0,65.0,-60.0,-75.0,80.0,95.0,65.0,-60.0,-75.0,0.0,0.0,0.0,0.0,0.0,0.0,0.0,0.0,0.0,0.0,525.0,540.0,510.0,440.0,425.0
2019-03-27 00:00:00+00:00,-175.0,-115.0,-235.0,-400.0,-460.0,-75.0,-15.0,-135.0,-230.0,-275.0,-200.0,-170.0,-230.0,-305.0,-335.0,-280.0,-220.0,-340.0,-185.0,-245.0,-160.0,-100.0,-220.0,-240.0,-300.0,-80.0,-35.0,-125.0,-75.0,-120.0,-340.0,-310.0,-370.0,-270.0,-300.0,-340.0,-310.0,-370.0,-270.0,-300.0,-325.0,-310.0,-340.0,-200.0,-215.0,0.0,0.0,0.0,0.0,0.0,-275.0,-260.0,-290.0,-285.0,-300.0
2019-03-28 00:00:00+00:00,-380.0,-290.0,-470.0,-250.0,-340.0,-455.0,-365.0,-545.0,-170.0,-260.0,65.0,80.0,50.0,95.0,80.0,-45.0,30.0,-120.0,-30.0,-105.0,60.0,120.0,0.0,110.0,50.0,85.0,130.0,40.0,140.0,95.0,-25.0,5.0,-55.0,-170.0,-200.0,60.0,90.0,30.0,-75.0,-105.0,-85.0,-70.0,-100.0,-130.0,-145.0,0.0,0.0,0.0,0.0,0.0,-145.0,-130.0,-160.0,-130.0,-145.0
2019-03-29 00:00:00+00:00,375.0,435.0,315.0,320.0,260.0,190.0,250.0,130.0,235.0,175.0,130.0,160.0,100.0,135.0,105.0,10.0,55.0,-35.0,-15.0,-60.0,0.0,45.0,-45.0,100.0,55.0,-25.0,5.0,-55.0,120.0,90.0,60.0,105.0,15.0,30.0,-15.0,25.0,55.0,-5.0,165.0,135.0,110.0,140.0,80.0,140.0,110.0,0.0,0.0,0.0,0.0,0.0,395.0,410.0,380.0,365.0,350.0
2019-04-01 00:00:00+00:00,-185.0,-95.0,-275.0,-150.0,-240.0,-180.0,-120.0,-240.0,-35.0,-95.0,-120.0,-90.0,-150.0,-75.0,-105.0,-100.0,-40.0,-160.0,-95.0,-155.0,-115.0,-55.0,-175.0,-115.0,-175.0,80.0,110.0,50.0,0.0,-30.0,65.0,95.0,35.0,10.0,-20.0,110.0,140.0,80.0,-5.0,-35.0,95.0,125.0,65.0,55.0,25.0,0.0,0.0,0.0,0.0,0.0,-110.0,-95.0,-125.0,-70.0,-85.0
2019-04-02 00:00:00+00:00,-285.0,-165.0,-405.0,-60.0,-180.0,-45.0,15.0,-105.0,-120.0,-180.0,-15.0,30.0,-60.0,-65.0,-110.0,95.0,170.0,20.0,-70.0,-145.0,60.0,105.0,15.0,-35.0,-80.0,35.0,65.0,5.0,-10.0,-40.0,15.0,45.0,-15.0,-20.0,-50.0,15.0,45.0,-15.0,-20.0,-50.0,5.0,35.0,-25.0,-20.0,-50.0,0.0,0.0,0.0,0.0,0.0,75.0,90.0,60.0,60.0,45.0
2019-04-03 00:00:00+00:00,-135.0,-45.0,-225.0,45.0,-45.0,-60.0,0.0,-120.0,-20.0,-80.0,-30.0,30.0,-90.0,-55.0,-115.0,10.0,85.0,-65.0,-110.0,-185.0,-25.0,20.0,-70.0,-45.0,-90.0,20.0,50.0,-10.0,-20.0,-50.0,30.0,75.0,-15.0,5.0,-40.0,5.0,35.0,-25.0,-20.0,-50.0,35.0,65.0,5.0,30.0,0.0,0.0,0.0,0.0,0.0,0.0,20.0,35.0,5.0,60.0,45.0
2019-04-04 00:00:00+00:00,-115.0,-25.0,-205.0,-50.0,-140.0,-75.0,-15.0,-135.0,-170.0,-230.0,85.0,130.0,40.0,65.0,20.0,80.0,155.0,5.0,0.0,-75.0,45.0,90.0,0.0,60.0,15.0,40.0,85.0,-5.0,40.0,-5.0,-95.0,-65.0,-125.0,0.0,-30.0,-30.0,0.0,-60.0,10.0,-20.0,-5.0,10.0,-20.0,40.0,25.0,0.0,0.0,0.0,0.0,0.0,75.0,90.0,60.0,115.0,100.0
2019-04-05 00:00:00+00:00,-195.0,-105.0,-285.0,-70.0,-160.0,-115.0,-70.0,-160.0,-40.0,-85.0,-90.0,-15.0,-165.0,-160.0,-235.0,-65.0,10.0,-140.0,-180.0,-255.0,-60.0,0.0,-120.0,-165.0,-225.0,-30.0,15.0,-75.0,-95.0,-140.0,-35.0,-5.0,-65.0,-75.0,-105.0,-45.0,-15.0,-75.0,-85.0,-115.0,-20.0,-5.0,-35.0,-35.0,-50.0,0.0,0.0,0.0,0.0,0.0,-105.0,-90.0,-120.0,-130.0,-145.0
2019-04-08 00:00:00+00:00,-270.0,-165.0,-375.0,-185.0,-290.0,-45.0,15.0,-105.0,-225.0,-285.0,-170.0,-110.0,-230.0,-240.0,-300.0,-25.0,35.0,-85.0,-25.0,-85.0,35.0,95.0,-25.0,5.0,-55.0,50.0,80.0,20.0,-5.0,-35.0,45.0,90.0,0.0,90.0,45.0,55.0,100.0,10.0,65.0,20.0,-15.0,0.0,-30.0,35.0,20.0,0.0,0.0,0.0,0.0,0.0,-50.0,-35.0,-65.0,-70.0,-85.0
2019-04-09 00:00:00+00:00,-165.0,-90.0,-240.0,-110.0,-185.0,-135.0,-75.0,-195.0,-10.0,-70.0,-45.0,-15.0,-75.0,-40.0,-70.0,35.0,95.0,-25.0,-75.0,-135.0,35.0,95.0,-25.0,-75.0,-135.0,-40.0,-10.0,-70.0,-75.0,-105.0,-40.0,-10.0,-70.0,-75.0,-105.0,-40.0,-10.0,-70.0,-75.0,-105.0,-25.0,5.0,-55.0,-85.0,-115.0,0.0,0.0,0.0,0.0,0.0,-40.0,-25.0,-55.0,-45.0,-60.0
2019-04-10 00:00:00+00:00,-15.0,75.0,-105.0,20.0,-70.0,-65.0,10.0,-140.0,-10.0,-85.0,25.0,55.0,-5.0,55.0,25.0,-5.0,40.0,-50.0,-40.0,-85.0,-5.0,25.0,-35.0,-45.0,-75.0,0.0,0.0,0.0,0.0,0.0,20.0,35.0,5.0,5.0,-10.0,20.0,35.0,5.0,5.0,-10.0,20.0,35.0,5.0,5.0,-10.0,0.0,0.0,0.0,0.0,0.0,130.0,145.0,115.0,115.0,100.0
2019-04-11 00:00:00+00:00,120.0,180.0,60.0,165.0,105.0,205.0,235.0,175.0,180.0,150.0,265.0,280.0,250.0,255.0,240.0,-15.0,15.0,-45.0,-30.0,-60.0,0.0,15.0,-15.0,0.0,0.0,0.0,0.0,0.0,0.0,0.0,0.0,0.0,0.0,0.0,0.0,0.0,0.0,0.0,0.0,0.0,0.0,0.0,0.0,0.0,0.0,0.0,0.0,0.0,0.0,0.0,265.0,280.0,250.0,255.0,240.0
2019-04-12 00:00:00+00:00,-110.0,-35.0,-185.0,-145.0,-220.0,-95.0,-20.0,-170.0,-50.0,-125.0,-40.0,5.0,-85.0,0.0,-45.0,5.0,50.0,-40.0,50.0,5.0,5.0,20.0,-10.0,25.0,10.0,5.0,20.0,-10.0,25.0,10.0,60.0,90.0,30.0,55.0,25.0,30.0,45.0,15.0,25.0,10.0,0.0,0.0,0.0,0.0,0.0,0.0,0.0,0.0,0.0,0.0,45.0,60.0,30.0,85.0,70.0
2019-04-15 00:00:00+00:00,0.0,60.0,-60.0,25.0,-35.0,65.0,95.0,35.0,20.0,-10.0,0.0,45.0,-45.0,-15.0,-60.0,25.0,55.0,-5.0,-15.0,-45.0,25.0,55.0,-5.0,-15.0,-45.0,-5.0,10.0,-20.0,-10.0,-25.0,30.0,60.0,0.0,50.0,35.0,15.0,30.0,0.0,50.0,35.0,0.0,0.0,0.0,0.0,0.0,0.0,0.0,0.0,0.0,0.0,-45.0,-30.0,-60.0,-40.0,-55.0
2019-04-16 00:00:00+00:00,-170.0,-65.0,-275.0,35.0,-70.0,-90.0,-30.0,-150.0,30.0,-30.0,-10.0,35.0,-55.0,10.0,-35.0,125.0,185.0,65.0,115.0,55.0,60.0,90.0,30.0,125.0,95.0,60.0,90.0,30.0,125.0,95.0,50.0,65.0,35.0,95.0,80.0,25.0,40.0,10.0,75.0,60.0,0.0,0.0,0.0,0.0,0.0,0.0,0.0,0.0,0.0,0.0,105.0,120.0,90.0,130.0,115.0
2019-04-17 00:00:00+00:00,-125.0,-35.0,-215.0,-145.0,-235.0,-115.0,-40.0,-190.0,-5.0,-80.0,-10.0,35.0,-55.0,10.0,-35.0,90.0,150.0,30.0,10.0,-50.0,70.0,130.0,10.0,-5.0,-65.0,20.0,50.0,-10.0,20.0,-10.0,85.0,145.0,25.0,5.0,-55.0,90.0,150.0,30.0,0.0,-60.0,50.0,80.0,20.0,-25.0,-55.0,0.0,0.0,0.0,0.0,0.0,95.0,110.0,80.0,80.0,65.0
2019-04-18 00:00:00+00:00,-125.0,-35.0,-215.0,-115.0,-190.0,-15.0,45.0,-75.0,-30.0,-90.0,80.0,110.0,50.0,125.0,95.0,170.0,245.0,95.0,55.0,-20.0,90.0,120.0,60.0,25.0,-5.0,0.0,0.0,0.0,0.0,0.0,90.0,105.0,75.0,45.0,30.0,0.0,0.0,0.0,0.0,0.0,0.0,0.0,0.0,0.0,0.0,0.0,0.0,0.0,0.0,0.0,210.0,225.0,195.0,235.0,220.0
2019-04-22 00:00:00+00:00,-110.0,-65.0,-155.0,-115.0,-160.0,-85.0,-40.0,-130.0,-65.0,-110.0,-70.0,-40.0,-100.0,-95.0,-125.0,-70.0,-10.0,-130.0,0.0,-60.0,-65.0,-35.0,-95.0,40.0,10.0,-40.0,-10.0,-70.0,65.0,35.0,60.0,105.0,15.0,80.0,35.0,5.0,50.0,-40.0,30.0,-15.0,25.0,55.0,-5.0,60.0,30.0,0.0,0.0,0.0,0.0,0.0,35.0,50.0,20.0,30.0,15.0
2019-04-23 00:00:00+00:00,140.0,200.0,80.0,145.0,85.0,325.0,355.0,295.0,190.0,160.0,400.0,430.0,370.0,260.0,230.0,-155.0,-110.0,-200.0,-140.0,-185.0,-115.0,-100.0,-130.0,-80.0,-95.0,-50.0,-35.0,-65.0,-25.0,-40.0,-110.0,-80.0,-140.0,-105.0,-135.0,-85.0,-70.0,-100.0,-55.0,-70.0,-85.0,-70.0,-100.0,-55.0,-70.0,0.0,0.0,0.0,0.0,0.0,350.0,365.0,335.0,250.0,235.0
2019-04-24 00:00:00+00:00,60.0,135.0,-15.0,125.0,50.0,110.0,140.0,80.0,120.0,90.0,20.0,65.0,-25.0,120.0,75.0,-65.0,-20.0,-110.0,-30.0,-75.0,-20.0,-5.0,-35.0,-20.0,-35.0,0.0,15.0,-15.0,25.0,10.0,10.0,40.0,-20.0,30.0,0.0,70.0,85.0,55.0,75.0,60.0,65.0,80.0,50.0,30.0,15.0,0.0,0.0,0.0,0.0,0.0,155.0,170.0,140.0,170.0,155.0
2019-04-25 00:00:00+00:00,-240.0,-150.0,-330.0,-555.0,-645.0,-20.0,25.0,-65.0,-560.0,-605.0,-150.0,-120.0,-180.0,-625.0,-655.0,-445.0,-385.0,-505.0,-25.0,-85.0,-50.0,-5.0,-95.0,-35.0,-80.0,-5.0,25.0,-35.0,25.0,-5.0,-330.0,-300.0,-360.0,105.0,75.0,75.0,105.0,45.0,130.0,100.0,85.0,115.0,55.0,140.0,110.0,0.0,0.0,0.0,0.0,0.0,-395.0,-380.0,-410.0,-435.0,-450.0
2019-04-26 00:00:00+00:00,-20.0,25.0,-65.0,-50.0,-95.0,40.0,70.0,10.0,-15.0,-45.0,-95.0,-65.0,-125.0,-45.0,-75.0,75.0,120.0,30.0,10.0,-35.0,90.0,120.0,60.0,20.0,-10.0,0.0,0.0,0.0,0.0,0.0,85.0,130.0,40.0,70.0,25.0,90.0,135.0,45.0,65.0,20.0,5.0,20.0,-10.0,50.0,35.0,0.0,0.0,0.0,0.0,0.0,90.0,105.0,75.0,-20.0,-35.0
2019-04-29 00:00:00+00:00,-175.0,-130.0,-220.0,-115.0,-160.0,-65.0,-35.0,-95.0,-70.0,-85.0,-130.0,-100.0,-160.0,-55.0,-85.0,-180.0,-135.0,-225.0,-235.0,-280.0,-180.0,-135.0,-225.0,-235.0,-280.0,-135.0,-105.0,-165.0,-140.0,-170.0,-230.0,-200.0,-260.0,-250.0,-280.0,-230.0,-200.0,-260.0,-250.0,-280.0,-180.0,-150.0,-210.0,-135.0,-165.0,0.0,0.0,0.0,0.0,0.0,-270.0,-255.0,-285.0,-290.0,-305.0
2019-04-30 00:00:00+00:00,-95.0,-20.0,-170.0,5.0,-55.0,-50.0,-5.0,-95.0,25.0,-5.0,-55.0,-10.0,-100.0,-80.0,-125.0,70.0,115.0,25.0,35.0,-10.0,65.0,110.0,20.0,-5.0,-50.0,10.0,25.0,-5.0,-25.0,-40.0,30.0,60.0,0.0,15.0,-15.0,40.0,55.0,25.0,65.0,50.0,40.0,55.0,25.0,65.0,50.0,0.0,0.0,0.0,0.0,0.0,65.0,80.0,50.0,30.0,15.0
2019-05-02 00:00:00+00:00,-305.0,-230.0,-380.0,-110.0,-185.0,25.0,40.0,10.0,15.0,0.0,-55.0,-25.0,-85.0,5.0,-25.0,-120.0,-75.0,-165.0,-250.0,-295.0,-85.0,-40.0,-130.0,-225.0,-270.0,-50.0,-5.0,-95.0,-255.0,-300.0,-185.0,-155.0,-215.0,-225.0,-255.0,-205.0,-190.0,-220.0,-195.0,-210.0,-180.0,-165.0,-195.0,-215.0,-230.0,0.0,0.0,0.0,0.0,0.0,-160.0,-145.0,-175.0,-215.0,-230.0
2019-05-03 00:00:00+00:00,-70.0,5.0,-145.0,-95.0,-170.0,-120.0,-45.0,-195.0,-145.0,-220.0,-85.0,-25.0,-145.0,-60.0,-120.0,-30.0,45.0,-105.0,-95.0,-170.0,-40.0,20.0,-100.0,-40.0,-100.0,-10.0,35.0,-55.0,0.0,-45.0,-35.0,40.0,-110.0,-70.0,-145.0,5.0,50.0,-40.0,-20.0,-65.0,-5.0,25.0,-35.0,35.0,5.0,0.0,0.0,0.0,0.0,0.0,-60.0,-45.0,-75.0,-75.0,-90.0
2019-05-06 00:00:00+00:00,0.0,75.0,-75.0,55.0,-20.0,100.0,160.0,40.0,30.0,-30.0,120.0,135.0,105.0,110.0,95.0,70.0,130.0,10.0,145.0,85.0,85.0,130.0,40.0,80.0,35.0,0.0,0.0,0.0,0.0,0.0,5.0,20.0,-10.0,95.0,80.0,5.0,20.0,-10.0,95.0,80.0,30.0,45.0,15.0,15.0,0.0,0.0,0.0,0.0,0.0,0.0,215.0,230.0,200.0,285.0,270.0
2019-05-07 00:00:00+00:00,-85.0,-25.0,-145.0,-120.0,-180.0,-200.0,-140.0,-260.0,-280.0,-340.0,-100.0,-70.0,-130.0,-230.0,-260.0,-255.0,-210.0,-300.0,-210.0,-255.0,-215.0,-170.0,-260.0,-215.0,-260.0,-150.0,-120.0,-180.0,-140.0,-170.0,-215.0,-185.0,-245.0,-310.0,-340.0,5.0,35.0,-25.0,-110.0,-140.0,5.0,35.0,-25.0,-110.0,-140.0,0.0,0.0,0.0,0.0,0.0,-165.0,-150.0,-180.0,-320.0,-335.0
2019-05-08 00:00:00+00:00,-285.0,-240.0,-330.0,-320.0,-365.0,-265.0,-250.0,-280.0,-255.0,-270.0,-310.0,-295.0,-325.0,-265.0,-280.0,-355.0,-295.0,-415.0,-330.0,-390.0,-340.0,-280.0,-400.0,-375.0,-435.0,-165.0,-135.0,-195.0,-185.0,-215.0,-350.0,-320.0,-380.0,-375.0,-405.0,-350.0,-320.0,-380.0,-375.0,-405.0,-335.0,-305.0,-365.0,-290.0,-320.0,0.0,0.0,0.0,0.0,0.0,-605.0,-590.0,-620.0,-535.0,-550.0
2019-05-09 00:00:00+00:00,0.0,60.0,-60.0,-15.0,-60.0,-75.0,-15.0,-135.0,0.0,-60.0,-15.0,30.0,-60.0,-70.0,-115.0,110.0,155.0,65.0,10.0,-35.0,110.0,155.0,65.0,10.0,-35.0,65.0,80.0,50.0,65.0,50.0,30.0,45.0,15.0,60.0,45.0,5.0,20.0,-10.0,75.0,60.0,65.0,80.0,50.0,65.0,50.0,0.0,0.0,0.0,0.0,0.0,120.0,135.0,105.0,110.0,95.0
2019-05-10 00:00:00+00:00,-180.0,-105.0,-255.0,-125.0,-200.0,-135.0,-105.0,-165.0,-270.0,-300.0,-370.0,-295.0,-445.0,-135.0,-210.0,-430.0,-385.0,-475.0,-280.0,-325.0,-430.0,-385.0,-475.0,-280.0,-325.0,-415.0,-385.0,-445.0,-300.0,-330.0,-240.0,-210.0,-270.0,-240.0,-270.0,-240.0,-210.0,-270.0,-240.0,-270.0,-30.0,0.0,-60.0,-130.0,-160.0,0.0,0.0,0.0,0.0,0.0,-305.0,-290.0,-320.0,-365.0,-380.0
2019-05-13 00:00:00+00:00,-170.0,-110.0,-230.0,-150.0,-210.0,-225.0,-180.0,-270.0,-170.0,-215.0,-140.0,-110.0,-170.0,-130.0,-160.0,-65.0,10.0,-140.0,-95.0,-170.0,-70.0,-25.0,-115.0,-90.0,-135.0,-70.0,-40.0,-100.0,-130.0,-160.0,-10.0,20.0,-40.0,-110.0,-140.0,-100.0,-85.0,-115.0,-75.0,-90.0,-20.0,-5.0,-35.0,-120.0,-135.0,0.0,0.0,0.0,0.0,0.0,-265.0,-250.0,-280.0,-335.0,-350.0
2019-05-14 00:00:00+00:00,95.0,155.0,35.0,-40.0,-100.0,185.0,245.0,125.0,205.0,145.0,205.0,235.0,175.0,225.0,195.0,300.0,345.0,255.0,250.0,205.0,240.0,285.0,195.0,190.0,145.0,145.0,160.0,130.0,65.0,50.0,80.0,95.0,65.0,130.0,115.0,80.0,95.0,65.0,130.0,115.0,0.0,0.0,0.0,0.0,0.0,0.0,0.0,0.0,0.0,0.0,320.0,335.0,305.0,295.0,280.0
2019-05-15 00:00:00+00:00,-120.0,-60.0,-180.0,-165.0,-210.0,-440.0,-395.0,-485.0,-495.0,-540.0,-200.0,-155.0,-245.0,-165.0,-195.0,-120.0,-75.0,-165.0,-130.0,-175.0,15.0,60.0,-30.0,20.0,-25.0,15.0,60.0,-30.0,20.0,-25.0,-225.0,-210.0,-240.0,-110.0,-125.0,-225.0,-210.0,-240.0,-110.0,-125.0,-120.0,-105.0,-135.0,-50.0,-65.0,0.0,0.0,0.0,0.0,0.0,-305.0,-290.0,-320.0,-425.0,-440.0
2019-05-16 00:00:00+00:00,35.0,95.0,-25.0,90.0,30.0,305.0,350.0,260.0,245.0,200.0,365.0,380.0,350.0,395.0,380.0,-10.0,20.0,-40.0,75.0,45.0,10.0,40.0,-20.0,80.0,50.0,10.0,40.0,-20.0,80.0,50.0,0.0,30.0,-30.0,35.0,5.0,0.0,30.0,-30.0,35.0,5.0,-5.0,10.0,-20.0,0.0,-15.0,0.0,0.0,0.0,0.0,0.0,290.0,305.0,275.0,340.0,325.0
2019-05-17 00:00:00+00:00,-270.0,-210.0,-330.0,-145.0,-190.0,-80.0,-50.0,-110.0,-85.0,-115.0,-75.0,-60.0,-90.0,-105.0,-120.0,55.0,100.0,10.0,-90.0,-135.0,55.0,100.0,10.0,-105.0,-150.0,110.0,140.0,80.0,-155.0,-185.0,-165.0,-120.0,-210.0,-315.0,-360.0,-180.0,-150.0,-210.0,-415.0,-445.0,-135.0,-105.0,-165.0,-320.0,-350.0,0.0,0.0,0.0,0.0,0.0,-235.0,-220.0,-250.0,-270.0,-285.0
2019-05-20 00:00:00+00:00,-425.0,-380.0,-470.0,-610.0,-655.0,-640.0,-580.0,-700.0,-465.0,-510.0,-365.0,-350.0,-380.0,-460.0,-475.0,-135.0,-90.0,-180.0,85.0,40.0,30.0,75.0,-15.0,90.0,45.0,-5.0,25.0,-35.0,145.0,115.0,-115.0,-85.0,-145.0,-100.0,-130.0,-115.0,-85.0,-145.0,-100.0,-130.0,-35.0,-5.0,-65.0,-15.0,-45.0,0.0,0.0,0.0,0.0,0.0,-475.0,-460.0,-490.0,-450.0,-465.0
2019-05-21 00:00:00+00:00,-15.0,45.0,-75.0,95.0,35.0,375.0,405.0,345.0,170.0,140.0,150.0,180.0,120.0,90.0,60.0,90.0,120.0,60.0,25.0,-5.0,-165.0,-150.0,-180.0,-150.0,-165.0,-165.0,-150.0,-180.0,-150.0,-165.0,125.0,155.0,95.0,60.0,30.0,150.0,180.0,120.0,10.0,-20.0,0.0,0.0,0.0,0.0,0.0,0.0,0.0,0.0,0.0,0.0,245.0,260.0,230.0,290.0,275.0
2019-05-22 00:00:00+00:00,50.0,110.0,-10.0,75.0,15.0,35.0,95.0,-25.0,115.0,55.0,170.0,185.0,155.0,130.0,115.0,-325.0,-280.0,-370.0,-315.0,-360.0,-330.0,-300.0,-360.0,-305.0,-335.0,-250.0,-220.0,-280.0,-200.0,-230.0,-310.0,-295.0,-325.0,-280.0,-295.0,-310.0,-295.0,-325.0,-280.0,-295.0,-265.0,-250.0,-280.0,-245.0,-260.0,0.0,0.0,0.0,0.0,0.0,-130.0,-115.0,-145.0,-140.0,-155.0
2019-05-23 00:00:00+00:00,-80.0,-20.0,-140.0,-335.0,-395.0,65.0,125.0,5.0,-125.0,-185.0,-145.0,-115.0,-175.0,-95.0,-125.0,-210.0,-165.0,-255.0,50.0,5.0,-30.0,15.0,-75.0,-5.0,-50.0,0.0,30.0,-30.0,-80.0,-110.0,-175.0,-160.0,-190.0,-75.0,-90.0,-175.0,-160.0,-190.0,-75.0,-90.0,-175.0,-160.0,-190.0,-75.0,-90.0,0.0,0.0,0.0,0.0,0.0,-265.0,-250.0,-280.0,-170.0,-185.0
2019-05-24 00:00:00+00:00,-285.0,-210.0,-360.0,-200.0,-275.0,-130.0,-85.0,-175.0,30.0,-15.0,-225.0,-180.0,-270.0,0.0,-45.0,220.0,295.0,145.0,95.0,35.0,155.0,215.0,95.0,95.0,35.0,130.0,175.0,85.0,90.0,45.0,235.0,295.0,175.0,0.0,-45.0,150.0,180.0,120.0,90.0,75.0,130.0,145.0,115.0,135.0,120.0,0.0,0.0,0.0,0.0,0.0,-105.0,-90.0,-120.0,-55.0,-70.0
2019-05-27 00:00:00+00:00,-125.0,-50.0,-200.0,-85.0,-160.0,-85.0,-40.0,-130.0,-15.0,-60.0,-5.0,10.0,-20.0,-20.0,-35.0,-100.0,-70.0,-130.0,-100.0,-130.0,-25.0,5.0,-55.0,0.0,-30.0,-25.0,5.0,-55.0,0.0,-30.0,-80.0,-50.0,-110.0,-165.0,-195.0,-80.0,-50.0,-110.0,-155.0,-185.0,-5.0,25.0,-35.0,-65.0,-95.0,0.0,0.0,0.0,0.0,0.0,-105.0,-90.0,-120.0,-105.0,-120.0
2019-05-28 00:00:00+00:00,155.0,200.0,110.0,60.0,15.0,50.0,80.0,20.0,30.0,0.0,-40.0,-10.0,-70.0,60.0,30.0,-115.0,-70.0,-160.0,-55.0,-100.0,-30.0,0.0,-60.0,20.0,5.0,-30.0,0.0,-60.0,20.0,5.0,25.0,70.0,-20.0,-35.0,-65.0,0.0,15.0,-15.0,20.0,5.0,0.0,15.0,-15.0,20.0,5.0,0.0,0.0,0.0,0.0,0.0,140.0,155.0,125.0,250.0,235.0
2019-05-29 00:00:00+00:00,10.0,55.0,-35.0,-20.0,-65.0,60.0,75.0,45.0,15.0,0.0,-50.0,-35.0,-65.0,-70.0,-85.0,-160.0,-130.0,-190.0,-70.0,-100.0,5.0,35.0,-25.0,35.0,5.0,50.0,80.0,20.0,60.0,30.0,-85.0,-55.0,-115.0,5.0,-25.0,-85.0,-55.0,-115.0,5.0,-25.0,95.0,125.0,65.0,90.0,75.0,0.0,0.0,0.0,0.0,0.0,-75.0,-60.0,-90.0,-25.0,-40.0
2019-05-30 00:00:00+00:00,-145.0,-85.0,-205.0,-275.0,-335.0,-50.0,-5.0,-95.0,-75.0,-120.0,-125.0,-80.0,-170.0,-165.0,-210.0,-120.0,-90.0,-150.0,-85.0,-115.0,-120.0,-90.0,-150.0,-85.0,-115.0,-110.0,-95.0,-125.0,-80.0,-95.0,-85.0,-55.0,-115.0,-75.0,-105.0,-100.0,-85.0,-115.0,-100.0,-115.0,-100.0,-85.0,-115.0,-100.0,-115.0,0.0,0.0,0.0,0.0,0.0,-115.0,-100.0,-130.0,-225.0,-240.0
2019-05-31 00:00:00+00:00,-255.0,-180.0,-330.0,-10.0,-85.0,-165.0,-135.0,-195.0,-90.0,-120.0,75.0,105.0,45.0,-5.0,-35.0,75.0,135.0,15.0,-165.0,-225.0,75.0,135.0,15.0,-165.0,-225.0,120.0,165.0,75.0,10.0,-35.0,-90.0,-45.0,-135.0,-115.0,-160.0,-140.0,-125.0,-155.0,-220.0,-235.0,-140.0,-125.0,-155.0,-220.0,-235.0,0.0,0.0,0.0,0.0,0.0,-65.0,-50.0,-80.0,-155.0,-170.0
2019-06-03 00:00:00+00:00,205.0,265.0,145.0,205.0,145.0,235.0,280.0,190.0,140.0,95.0,125.0,155.0,95.0,70.0,55.0,-95.0,-80.0,-110.0,-90.0,-105.0,-95.0,-80.0,-110.0,-90.0,-105.0,-5.0,10.0,-20.0,15.0,0.0,70.0,85.0,55.0,125.0,110.0,70.0,85.0,55.0,125.0,110.0,80.0,95.0,65.0,120.0,105.0,0.0,0.0,0.0,0.0,0.0,310.0,325.0,295.0,235.0,220.0
2019-06-04 00:00:00+00:00,-10.0,35.0,-55.0,-70.0,-115.0,-105.0,-60.0,-150.0,-130.0,-175.0,-340.0,-295.0,-385.0,-205.0,-250.0,130.0,175.0,85.0,195.0,150.0,-15.0,15.0,-45.0,-25.0,-55.0,35.0,65.0,5.0,35.0,5.0,290.0,335.0,245.0,285.0,240.0,375.0,420.0,330.0,285.0,240.0,90.0,120.0,60.0,55.0,25.0,0.0,0.0,0.0,0.0,0.0,180.0,195.0,165.0,165.0,150.0
2019-06-05 00:00:00+00:00,185.0,230.0,140.0,280.0,235.0,170.0,200.0,140.0,225.0,195.0,280.0,295.0,265.0,255.0,240.0,95.0,140.0,50.0,20.0,-25.0,110.0,140.0,80.0,45.0,15.0,0.0,15.0,-15.0,-30.0,-45.0,80.0,125.0,35.0,25.0,-20.0,25.0,55.0,-5.0,-15.0,-45.0,0.0,15.0,-15.0,-30.0,-45.0,0.0,0.0,0.0,0.0,0.0,365.0,380.0,350.0,345.0,330.0
2019-06-06 00:00:00+00:00,-240.0,-135.0,-345.0,-155.0,-260.0,-465.0,-390.0,-540.0,-240.0,-315.0,-170.0,-95.0,-245.0,85.0,10.0,135.0,180.0,90.0,140.0,95.0,160.0,205.0,115.0,150.0,105.0,90.0,105.0,75.0,35.0,20.0,145.0,205.0,85.0,125.0,65.0,130.0,160.0,100.0,30.0,0.0,90.0,105.0,75.0,35.0,20.0,0.0,0.0,0.0,0.0,0.0,-155.0,-140.0,-170.0,20.0,5.0
2019-06-07 00:00:00+00:00,-145.0,-85.0,-205.0,-135.0,-195.0,-135.0,-75.0,-195.0,-115.0,-175.0,-135.0,-90.0,-180.0,-130.0,-175.0,30.0,90.0,-30.0,10.0,-50.0,25.0,85.0,-35.0,20.0,-40.0,45.0,75.0,15.0,75.0,60.0,-55.0,5.0,-115.0,-10.0,-55.0,-45.0,0.0,-90.0,45.0,15.0,-10.0,20.0,-40.0,75.0,60.0,0.0,0.0,0.0,0.0,0.0,-55.0,-40.0,-70.0,-10.0,-25.0
2019-06-10 00:00:00+00:00,-80.0,10.0,-170.0,75.0,-15.0,40.0,115.0,-35.0,-5.0,-65.0,65.0,95.0,35.0,35.0,5.0,105.0,150.0,60.0,165.0,120.0,100.0,130.0,70.0,120.0,90.0,0.0,0.0,0.0,0.0,0.0,110.0,155.0,65.0,130.0,85.0,115.0,160.0,70.0,170.0,125.0,80.0,95.0,65.0,90.0,75.0,0.0,0.0,0.0,0.0,0.0,250.0,265.0,235.0,235.0,220.0
2019-06-11 00:00:00+00:00,-105.0,-15.0,-195.0,-45.0,-135.0,-40.0,50.0,-130.0,-90.0,-180.0,115.0,145.0,85.0,115.0,85.0,90.0,135.0,45.0,130.0,85.0,90.0,120.0,60.0,160.0,130.0,150.0,180.0,120.0,190.0,160.0,45.0,75.0,15.0,65.0,35.0,-5.0,10.0,-20.0,5.0,-10.0,0.0,15.0,-15.0,25.0,10.0,0.0,0.0,0.0,0.0,0.0,160.0,175.0,145.0,145.0,130.0
2019-06-12 00:00:00+00:00,-220.0,-160.0,-280.0,-165.0,-225.0,-95.0,-50.0,-140.0,-110.0,-155.0,-405.0,-360.0,-450.0,-275.0,-320.0,205.0,265.0,145.0,95.0,35.0,205.0,265.0,145.0,95.0,35.0,120.0,150.0,90.0,-10.0,-40.0,110.0,155.0,65.0,165.0,120.0,145.0,190.0,100.0,105.0,75.0,70.0,100.0,40.0,80.0,65.0,0.0,0.0,0.0,0.0,0.0,55.0,70.0,40.0,40.0,25.0
2019-06-13 00:00:00+00:00,-170.0,-110.0,-230.0,-90.0,-150.0,-140.0,-80.0,-200.0,35.0,-25.0,-20.0,10.0,-50.0,-170.0,-200.0,25.0,100.0,-50.0,-50.0,-125.0,-70.0,-40.0,-100.0,-45.0,-60.0,0.0,0.0,0.0,0.0,0.0,65.0,110.0,20.0,-30.0,-60.0,25.0,40.0,10.0,-80.0,-95.0,50.0,65.0,35.0,-75.0,-90.0,0.0,0.0,0.0,0.0,0.0,-45.0,-30.0,-60.0,-30.0,-45.0
2019-06-14 00:00:00+00:00,-170.0,-95.0,-245.0,-95.0,-170.0,-215.0,-170.0,-260.0,-160.0,-205.0,-85.0,-40.0,-130.0,-100.0,-145.0,45.0,90.0,0.0,5.0,-25.0,100.0,130.0,70.0,40.0,10.0,100.0,130.0,70.0,40.0,10.0,-40.0,-25.0,-55.0,-95.0,-110.0,-40.0,-25.0,-55.0,-95.0,-110.0,-40.0,-25.0,-55.0,-95.0,-110.0,0.0,0.0,0.0,0.0,0.0,0.0,15.0,-15.0,-20.0,-35.0
2019-06-18 00:00:00+00:00,290.0,350.0,230.0,220.0,160.0,135.0,180.0,90.0,165.0,120.0,245.0,275.0,215.0,270.0,240.0,-40.0,5.0,-85.0,-45.0,-90.0,-45.0,-30.0,-60.0,-15.0,-30.0,-45.0,-30.0,-60.0,-15.0,-30.0,-20.0,10.0,-50.0,-5.0,-35.0,-45.0,-30.0,-60.0,-15.0,-30.0,20.0,35.0,5.0,30.0,15.0,0.0,0.0,0.0,0.0,0.0,380.0,395.0,365.0,405.0,390.0
2019-06-24 00:00:00+00:00,-30.0,45.0,-105.0,-50.0,-125.0,-50.0,-5.0,-95.0,-95.0,-140.0,-85.0,-40.0,-130.0,-195.0,-240.0,-115.0,-85.0,-145.0,-95.0,-125.0,-115.0,-85.0,-145.0,-95.0,-125.0,-65.0,-35.0,-95.0,-90.0,-120.0,-5.0,25.0,-35.0,45.0,15.0,15.0,45.0,-15.0,50.0,20.0,70.0,100.0,40.0,100.0,70.0,0.0,0.0,0.0,0.0,0.0,15.0,30.0,0.0,-15.0,-30.0
2019-06-25 00:00:00+00:00,-60.0,15.0,-135.0,5.0,-70.0,85.0,115.0,55.0,70.0,40.0,-115.0,-40.0,-190.0,-35.0,-110.0,35.0,110.0,-40.0,-120.0,-195.0,50.0,110.0,-10.0,-85.0,-145.0,0.0,15.0,-15.0,-5.0,-20.0,190.0,250.0,130.0,-35.0,-95.0,130.0,160.0,100.0,15.0,-15.0,0.0,0.0,0.0,0.0,0.0,0.0,0.0,0.0,0.0,0.0,75.0,90.0,60.0,75.0,60.0
2019-06-26 00:00:00+00:00,305.0,380.0,230.0,265.0,190.0,215.0,275.0,155.0,180.0,120.0,320.0,350.0,290.0,300.0,270.0,-50.0,-5.0,-95.0,-55.0,-100.0,65.0,80.0,50.0,-35.0,-50.0,65.0,80.0,50.0,-35.0,-50.0,35.0,50.0,20.0,-60.0,-75.0,35.0,50.0,20.0,-60.0,-75.0,10.0,25.0,-5.0,-75.0,-90.0,0.0,0.0,0.0,0.0,0.0,360.0,375.0,345.0,300.0,285.0
2019-06-27 00:00:00+00:00,175.0,220.0,130.0,-10.0,-55.0,85.0,115.0,55.0,30.0,0.0,-405.0,-360.0,-450.0,-95.0,-140.0,-630.0,-600.0,-660.0,-620.0,-650.0,-635.0,-620.0,-650.0,-610.0,-625.0,-635.0,-620.0,-650.0,-610.0,-625.0,-440.0,-410.0,-470.0,-470.0,-500.0,-490.0,-475.0,-505.0,-520.0,-535.0,-270.0,-255.0,-285.0,-285.0,-300.0,0.0,0.0,0.0,0.0,0.0,-490.0,-475.0,-505.0,-510.0,-525.0
2019-06-28 00:00:00+00:00,-270.0,-195.0,-345.0,-135.0,-195.0,-215.0,-155.0,-275.0,-75.0,-120.0,-105.0,-75.0,-135.0,-80.0,-110.0,0.0,60.0,-60.0,-55.0,-115.0,-10.0,35.0,-55.0,-80.0,-125.0,15.0,30.0,0.0,-60.0,-75.0,-70.0,-25.0,-115.0,-65.0,-110.0,-35.0,-5.0,-65.0,-10.0,-40.0,-80.0,-65.0,-95.0,-10.0,-25.0,0.0,0.0,0.0,0.0,0.0,-130.0,-115.0,-145.0,-45.0,-60.0
2019-07-01 00:00:00+00:00,115.0,160.0,70.0,-10.0,-40.0,-30.0,15.0,-75.0,-140.0,-185.0,-240.0,-165.0,-315.0,-285.0,-360.0,-130.0,-85.0,-175.0,-100.0,-145.0,-145.0,-115.0,-175.0,-65.0,-95.0,-145.0,-115.0,-175.0,-65.0,-95.0,-115.0,-85.0,-145.0,-50.0,-80.0,10.0,40.0,-20.0,105.0,75.0,55.0,85.0,25.0,125.0,95.0,0.0,0.0,0.0,0.0,0.0,-85.0,-70.0,-100.0,-90.0,-105.0
2019-07-03 00:00:00+00:00,-100.0,-10.0,-190.0,-65.0,-155.0,-105.0,-30.0,-180.0,-125.0,-200.0,10.0,40.0,-20.0,-50.0,-80.0,-15.0,45.0,-75.0,-40.0,-100.0,5.0,65.0,-55.0,0.0,-45.0,50.0,65.0,35.0,-10.0,-25.0,-85.0,-70.0,-100.0,-60.0,-75.0,-35.0,-20.0,-50.0,-70.0,-85.0,-35.0,-20.0,-50.0,-70.0,-85.0,0.0,0.0,0.0,0.0,0.0,-55.0,-40.0,-70.0,-80.0,-95.0
2019-07-05 00:00:00+00:00,-130.0,-55.0,-205.0,-95.0,-170.0,-195.0,-120.0,-270.0,-105.0,-180.0,-155.0,-80.0,-230.0,-105.0,-180.0,55.0,130.0,-20.0,-10.0,-85.0,35.0,95.0,-25.0,30.0,-30.0,-20.0,10.0,-50.0,25.0,-5.0,130.0,205.0,55.0,5.0,-70.0,105.0,150.0,60.0,40.0,-5.0,105.0,150.0,60.0,40.0,-5.0,0.0,0.0,0.0,0.0,0.0,45.0,60.0,30.0,-10.0,-25.0
2019-07-08 00:00:00+00:00,-35.0,-5.0,-65.0,-15.0,-45.0,-55.0,-25.0,-85.0,-95.0,-125.0,-185.0,-155.0,-215.0,-155.0,-185.0,-100.0,-70.0,-130.0,-100.0,-130.0,-90.0,-60.0,-120.0,-80.0,-110.0,-75.0,-45.0,-105.0,50.0,20.0,-70.0,-40.0,-100.0,-15.0,-45.0,-70.0,-40.0,-100.0,-15.0,-45.0,15.0,45.0,-15.0,150.0,120.0,0.0,0.0,0.0,0.0,0.0,-120.0,-105.0,-135.0,-140.0,-155.0
2019-07-09 00:00:00+00:00,55.0,100.0,10.0,10.0,-35.0,60.0,105.0,15.0,105.0,75.0,-25.0,5.0,-55.0,15.0,-15.0,30.0,60.0,0.0,-45.0,-75.0,-15.0,0.0,-30.0,-55.0,-70.0,30.0,45.0,15.0,-35.0,-50.0,15.0,30.0,0.0,-25.0,-40.0,15.0,30.0,0.0,-25.0,-40.0,60.0,75.0,45.0,-5.0,-20.0,0.0,0.0,0.0,0.0,0.0,45.0,60.0,30.0,55.0,40.0
2019-07-10 00:00:00+00:00,-95.0,-20.0,-170.0,-25.0,-100.0,-185.0,-125.0,-245.0,-190.0,-250.0,-260.0,-215.0,-305.0,-165.0,-210.0,-25.0,20.0,-70.0,25.0,-20.0,-15.0,15.0,-45.0,-75.0,-105.0,10.0,40.0,-20.0,-70.0,-100.0,-35.0,-5.0,-65.0,50.0,20.0,-10.0,5.0,-25.0,-80.0,-95.0,-10.0,5.0,-25.0,-80.0,-95.0,0.0,0.0,0.0,0.0,0.0,-100.0,-85.0,-115.0,-60.0,-75.0
2019-07-11 00:00:00+00:00,45.0,120.0,-30.0,85.0,10.0,110.0,155.0,65.0,-35.0,-80.0,45.0,75.0,15.0,55.0,25.0,20.0,80.0,-40.0,-30.0,-75.0,-60.0,-45.0,-75.0,15.0,0.0,-50.0,-35.0,-65.0,-5.0,-20.0,20.0,35.0,5.0,125.0,110.0,20.0,35.0,5.0,125.0,110.0,30.0,45.0,15.0,105.0,90.0,0.0,0.0,0.0,0.0,0.0,175.0,190.0,160.0,180.0,165.0
2019-07-12 00:00:00+00:00,-300.0,-180.0,-420.0,-85.0,-205.0,-150.0,-120.0,-180.0,-40.0,-70.0,-290.0,-200.0,-380.0,-70.0,-160.0,35.0,95.0,-25.0,40.0,-20.0,30.0,75.0,-15.0,10.0,-35.0,50.0,65.0,35.0,15.0,0.0,40.0,115.0,-35.0,-25.0,-100.0,40.0,85.0,-5.0,70.0,25.0,50.0,65.0,35.0,15.0,0.0,0.0,0.0,0.0,0.0,0.0,-15.0,0.0,-30.0,5.0,-10.0
2019-07-15 00:00:00+00:00,-10.0,35.0,-55.0,80.0,35.0,-50.0,-5.0,-95.0,-35.0,-80.0,-55.0,-10.0,-100.0,20.0,-10.0,-15.0,15.0,-45.0,-25.0,-55.0,-35.0,-20.0,-50.0,-30.0,-45.0,0.0,0.0,0.0,0.0,0.0,5.0,20.0,-10.0,45.0,30.0,5.0,20.0,-10.0,45.0,30.0,65.0,80.0,50.0,55.0,40.0,0.0,0.0,0.0,0.0,0.0,25.0,40.0,10.0,120.0,105.0
2019-07-16 00:00:00+00:00,190.0,265.0,115.0,-45.0,-105.0,80.0,140.0,20.0,-155.0,-200.0,35.0,110.0,-40.0,-140.0,-200.0,-55.0,-25.0,-85.0,-50.0,-80.0,-55.0,-25.0,-85.0,-50.0,-80.0,25.0,40.0,10.0,20.0,5.0,-5.0,25.0,-35.0,-40.0,-70.0,-5.0,25.0,-35.0,-40.0,-70.0,20.0,50.0,-10.0,-10.0,-40.0,0.0,0.0,0.0,0.0,0.0,190.0,205.0,175.0,165.0,150.0
2019-07-17 00:00:00+00:00,-110.0,-50.0,-170.0,-110.0,-170.0,-30.0,0.0,-60.0,-90.0,-120.0,-85.0,-55.0,-115.0,-45.0,-75.0,-195.0,-165.0,-225.0,-125.0,-155.0,-195.0,-165.0,-225.0,-125.0,-155.0,-140.0,-110.0,-170.0,-135.0,-165.0,-90.0,-60.0,-120.0,-80.0,-110.0,-90.0,-60.0,-120.0,-80.0,-110.0,-90.0,-60.0,-120.0,-80.0,-110.0,0.0,0.0,0.0,0.0,0.0,-135.0,-120.0,-150.0,-105.0,-120.0
2019-07-18 00:00:00+00:00,-55.0,35.0,-145.0,245.0,155.0,130.0,160.0,100.0,95.0,65.0,130.0,145.0,115.0,120.0,105.0,5.0,35.0,-25.0,-20.0,-50.0,5.0,35.0,-25.0,-20.0,-50.0,20.0,35.0,5.0,35.0,20.0,30.0,45.0,15.0,-10.0,-25.0,0.0,0.0,0.0,0.0,0.0,0.0,0.0,0.0,0.0,0.0,0.0,0.0,0.0,0.0,0.0,225.0,240.0,210.0,180.0,165.0
2019-07-19 00:00:00+00:00,-20.0,25.0,-65.0,165.0,120.0,15.0,60.0,-30.0,95.0,50.0,0.0,0.0,0.0,0.0,0.0,-145.0,-70.0,-220.0,-370.0,-445.0,-145.0,-70.0,-220.0,-400.0,-475.0,-70.0,-40.0,-100.0,-220.0,-250.0,-160.0,-130.0,-190.0,-255.0,-285.0,-160.0,-130.0,-190.0,-255.0,-285.0,-160.0,-130.0,-190.0,-285.0,-315.0,0.0,0.0,0.0,0.0,0.0,-95.0,-80.0,-110.0,-105.0,-120.0
2019-07-22 00:00:00+00:00,-105.0,-45.0,-165.0,-100.0,-160.0,-110.0,-65.0,-155.0,-130.0,-175.0,-210.0,-150.0,-270.0,-240.0,-300.0,-40.0,5.0,-85.0,50.0,5.0,-35.0,10.0,-80.0,60.0,15.0,-45.0,-15.0,-75.0,30.0,0.0,0.0,45.0,-45.0,30.0,-15.0,35.0,80.0,-10.0,55.0,10.0,80.0,125.0,35.0,10.0,-20.0,0.0,0.0,0.0,0.0,0.0,-60.0,-45.0,-75.0,-35.0,-50.0
2019-07-23 00:00:00+00:00,30.0,105.0,-45.0,0.0,-75.0,-30.0,45.0,-105.0,-75.0,-150.0,105.0,135.0,75.0,100.0,70.0,15.0,60.0,-30.0,50.0,5.0,10.0,55.0,-35.0,25.0,-20.0,5.0,20.0,-10.0,-10.0,-25.0,0.0,0.0,0.0,0.0,0.0,0.0,0.0,0.0,0.0,0.0,0.0,0.0,0.0,0.0,0.0,0.0,0.0,0.0,0.0,0.0,115.0,130.0,100.0,125.0,110.0
2019-07-24 00:00:00+00:00,-125.0,-50.0,-200.0,-260.0,-335.0,-145.0,-115.0,-175.0,-200.0,-230.0,-240.0,-195.0,-285.0,-185.0,-230.0,-35.0,-5.0,-65.0,55.0,25.0,-40.0,-25.0,-55.0,25.0,10.0,40.0,55.0,25.0,60.0,45.0,90.0,120.0,60.0,65.0,35.0,60.0,75.0,45.0,65.0,50.0,45.0,60.0,30.0,90.0,75.0,0.0,0.0,0.0,0.0,0.0,-145.0,-130.0,-160.0,-160.0,-175.0
2019-07-26 00:00:00+00:00,-30.0,60.0,-120.0,65.0,-25.0,85.0,115.0,55.0,60.0,30.0,90.0,135.0,45.0,95.0,50.0,30.0,75.0,-15.0,35.0,-10.0,15.0,45.0,-15.0,5.0,-25.0,-15.0,0.0,-30.0,-10.0,-25.0,10.0,40.0,-20.0,15.0,-15.0,5.0,20.0,-10.0,-40.0,-55.0,5.0,20.0,-10.0,-40.0,-55.0,0.0,0.0,0.0,0.0,0.0,145.0,160.0,130.0,145.0,130.0
2019-07-30 00:00:00+00:00,-150.0,-90.0,-210.0,-155.0,-215.0,-190.0,-160.0,-220.0,-140.0,-170.0,-185.0,-140.0,-230.0,-305.0,-350.0,-180.0,-120.0,-240.0,-100.0,-160.0,-160.0,-115.0,-205.0,-180.0,-225.0,-160.0,-115.0,-205.0,-180.0,-225.0,-25.0,35.0,-85.0,-140.0,-200.0,205.0,250.0,160.0,45.0,0.0,35.0,50.0,20.0,5.0,-10.0,0.0,0.0,0.0,0.0,0.0,-220.0,-205.0,-235.0,-210.0,-225.0
2019-07-31 00:00:00+00:00,-125.0,-35.0,-215.0,-85.0,-175.0,-150.0,-90.0,-210.0,-125.0,-185.0,-15.0,45.0,-75.0,-75.0,-135.0,-40.0,35.0,-115.0,-60.0,-135.0,20.0,65.0,-25.0,10.0,-35.0,-10.0,5.0,-25.0,-35.0,-50.0,35.0,80.0,-10.0,10.0,-35.0,80.0,110.0,50.0,55.0,25.0,45.0,60.0,30.0,30.0,15.0,0.0,0.0,0.0,0.0,0.0,0.0,15.0,-15.0,-55.0,-70.0
2019-08-01 00:00:00+00:00,-115.0,-70.0,-160.0,-180.0,-225.0,160.0,205.0,115.0,60.0,15.0,-45.0,-15.0,-75.0,-150.0,-180.0,-15.0,30.0,-60.0,-55.0,-85.0,-15.0,30.0,-60.0,-55.0,-85.0,-65.0,-50.0,-80.0,-95.0,-110.0,-15.0,0.0,-30.0,25.0,10.0,15.0,30.0,0.0,35.0,20.0,15.0,30.0,0.0,35.0,20.0,0.0,0.0,0.0,0.0,0.0,50.0,65.0,35.0,45.0,30.0
2019-08-02 00:00:00+00:00,-100.0,-40.0,-160.0,-110.0,-170.0,-160.0,-85.0,-235.0,-250.0,-325.0,200.0,230.0,170.0,95.0,65.0,240.0,300.0,180.0,265.0,205.0,295.0,355.0,235.0,355.0,310.0,85.0,100.0,70.0,110.0,95.0,45.0,75.0,15.0,55.0,25.0,100.0,130.0,70.0,145.0,130.0,0.0,0.0,0.0,0.0,0.0,0.0,0.0,0.0,0.0,0.0,110.0,125.0,95.0,125.0,110.0
2019-08-05 00:00:00+00:00,-100.0,-25.0,-175.0,90.0,15.0,90.0,105.0,75.0,-85.0,-100.0,-100.0,-85.0,-115.0,-145.0,-160.0,45.0,105.0,-15.0,215.0,155.0,45.0,105.0,-15.0,215.0,155.0,260.0,305.0,215.0,335.0,290.0,145.0,175.0,115.0,180.0,150.0,185.0,215.0,155.0,205.0,175.0,185.0,215.0,155.0,205.0,175.0,0.0,0.0,0.0,0.0,0.0,135.0,150.0,120.0,140.0,125.0
2019-08-06 00:00:00+00:00,215.0,275.0,155.0,155.0,95.0,-45.0,15.0,-105.0,20.0,-40.0,140.0,185.0,95.0,295.0,250.0,-70.0,-25.0,-115.0,-95.0,-140.0,110.0,155.0,65.0,15.0,-30.0,230.0,260.0,200.0,-75.0,-105.0,185.0,215.0,155.0,250.0,220.0,245.0,275.0,215.0,155.0,125.0,300.0,330.0,270.0,155.0,125.0,0.0,0.0,0.0,0.0,0.0,325.0,340.0,310.0,290.0,275.0
2019-08-07 00:00:00+00:00,10.0,85.0,-65.0,-155.0,-230.0,-40.0,35.0,-115.0,-225.0,-300.0,110.0,125.0,95.0,200.0,185.0,-515.0,-455.0,-575.0,-540.0,-600.0,-450.0,-405.0,-495.0,-520.0,-565.0,-400.0,-355.0,-445.0,-335.0,-380.0,-445.0,-430.0,-460.0,-480.0,-495.0,-445.0,-430.0,-460.0,-480.0,-495.0,-445.0,-430.0,-460.0,-480.0,-495.0,0.0,0.0,0.0,0.0,0.0,-320.0,-305.0,-335.0,-265.0,-280.0
2019-08-08 00:00:00+00:00,-225.0,-150.0,-300.0,0.0,-60.0,-320.0,-260.0,-380.0,10.0,-50.0,-255.0,-210.0,-300.0,-195.0,-240.0,-110.0,-65.0,-155.0,-160.0,-205.0,50.0,80.0,20.0,-70.0,-100.0,-75.0,-60.0,-90.0,-90.0,-105.0,220.0,280.0,160.0,-140.0,-200.0,-25.0,-10.0,-40.0,-75.0,-90.0,-25.0,-10.0,-40.0,-75.0,-90.0,0.0,0.0,0.0,0.0,0.0,-275.0,-260.0,-290.0,-275.0,-290.0
2019-08-09 00:00:00+00:00,-275.0,-215.0,-335.0,-130.0,-190.0,-325.0,-265.0,-385.0,-310.0,-370.0,-175.0,-115.0,-235.0,-220.0,-280.0,-100.0,-55.0,-145.0,130.0,85.0,-100.0,-55.0,-145.0,130.0,85.0,75.0,105.0,45.0,145.0,115.0,-10.0,20.0,-40.0,-5.0,-35.0,45.0,75.0,15.0,-15.0,-45.0,110.0,140.0,80.0,40.0,10.0,0.0,0.0,0.0,0.0,0.0,-255.0,-240.0,-270.0,-200.0,-215.0
2019-08-12 00:00:00+00:00,-555.0,-495.0,-615.0,-710.0,-770.0,-705.0,-660.0,-750.0,-825.0,-870.0,-180.0,-165.0,-195.0,-245.0,-260.0,285.0,345.0,225.0,440.0,380.0,220.0,265.0,175.0,430.0,385.0,220.0,265.0,175.0,430.0,385.0,105.0,150.0,60.0,235.0,190.0,105.0,150.0,60.0,235.0,190.0,250.0,280.0,220.0,-50.0,-65.0,0.0,0.0,0.0,0.0,0.0,-315.0,-300.0,-330.0,-265.0,-280.0
2019-08-13 00:00:00+00:00,-90.0,-30.0,-150.0,165.0,105.0,25.0,70.0,-20.0,90.0,45.0,-410.0,-380.0,-440.0,-275.0,-305.0,-580.0,-550.0,-610.0,-510.0,-540.0,-505.0,-475.0,-535.0,-495.0,-525.0,-440.0,-410.0,-470.0,-375.0,-390.0,-200.0,-170.0,-230.0,-70.0,-85.0,-200.0,-170.0,-230.0,-70.0,-85.0,-90.0,-75.0,-105.0,-70.0,-85.0,0.0,0.0,0.0,0.0,0.0,-395.0,-380.0,-410.0,-260.0,-275.0
2019-08-14 00:00:00+00:00,-325.0,-280.0,-370.0,-135.0,-165.0,-10.0,5.0,-25.0,0.0,0.0,-10.0,5.0,-25.0,0.0,0.0,-525.0,-465.0,-585.0,-660.0,-720.0,-525.0,-465.0,-585.0,-660.0,-720.0,-220.0,-175.0,-265.0,-270.0,-315.0,-740.0,-725.0,-755.0,-665.0,-680.0,-740.0,-725.0,-755.0,-665.0,-680.0,-515.0,-500.0,-530.0,-525.0,-540.0,0.0,0.0,0.0,0.0,0.0,-1280.0,-1265.0,-1295.0,-1340.0,-1355.0
2019-08-15 00:00:00+00:00,1150.0,1195.0,1105.0,970.0,925.0,1130.0,1145.0,1115.0,1235.0,1220.0,215.0,245.0,185.0,740.0,710.0,-1220.0,-1190.0,-1250.0,-700.0,-730.0,-935.0,-905.0,-965.0,-410.0,-440.0,-935.0,-905.0,-965.0,-410.0,-440.0,-1355.0,-1340.0,-1370.0,-865.0,-880.0,-845.0,-830.0,-860.0,-675.0,-690.0,-845.0,-830.0,-860.0,-675.0,-690.0,0.0,0.0,0.0,0.0,0.0,-210.0,-195.0,-225.0,385.0,370.0
2019-08-16 00:00:00+00:00,-110.0,-50.0,-170.0,-70.0,-130.0,-110.0,-50.0,-170.0,-290.0,-350.0,-10.0,35.0,-55.0,-240.0,-285.0,35.0,95.0,-25.0,-40.0,-100.0,-10.0,35.0,-55.0,-25.0,-70.0,-15.0,30.0,-60.0,-45.0,-90.0,0.0,45.0,-45.0,50.0,20.0,70.0,100.0,40.0,95.0,65.0,50.0,65.0,35.0,60.0,45.0,0.0,0.0,0.0,0.0,0.0,-60.0,-45.0,-75.0,-105.0,-120.0
2019-08-19 00:00:00+00:00,140.0,215.0,65.0,125.0,50.0,260.0,290.0,230.0,295.0,265.0,370.0,385.0,355.0,350.0,335.0,130.0,190.0,70.0,160.0,100.0,170.0,200.0,140.0,230.0,200.0,165.0,180.0,150.0,135.0,120.0,115.0,145.0,85.0,170.0,140.0,0.0,0.0,0.0,0.0,0.0,0.0,0.0,0.0,0.0,0.0,0.0,0.0,0.0,0.0,0.0,470.0,485.0,455.0,450.0,435.0
2019-08-20 00:00:00+00:00,45.0,105.0,-15.0,-140.0,-185.0,-100.0,-70.0,-130.0,-90.0,-120.0,-230.0,-185.0,-275.0,-210.0,-255.0,-160.0,-130.0,-190.0,-180.0,-210.0,-160.0,-130.0,-190.0,-180.0,-210.0,-65.0,-35.0,-95.0,35.0,5.0,-15.0,15.0,-45.0,-20.0,-50.0,-70.0,-40.0,-100.0,-20.0,-50.0,5.0,35.0,-25.0,55.0,25.0,0.0,0.0,0.0,0.0,0.0,-100.0,-85.0,-115.0,-105.0,-120.0
2019-08-21 00:00:00+00:00,-440.0,-335.0,-545.0,-220.0,-325.0,-250.0,-205.0,-295.0,-210.0,-255.0,-205.0,-145.0,-265.0,-210.0,-270.0,35.0,110.0,-40.0,30.0,-45.0,50.0,95.0,5.0,10.0,-35.0,5.0,20.0,-10.0,25.0,10.0,75.0,120.0,30.0,45.0,0.0,75.0,120.0,30.0,45.0,0.0,65.0,95.0,35.0,100.0,70.0,0.0,0.0,0.0,0.0,0.0,-60.0,-45.0,-75.0,-60.0,-75.0
2019-08-22 00:00:00+00:00,415.0,475.0,355.0,325.0,265.0,135.0,195.0,75.0,240.0,180.0,395.0,410.0,380.0,355.0,340.0,-170.0,-125.0,-215.0,-140.0,-185.0,-170.0,-125.0,-215.0,-140.0,-185.0,-155.0,-125.0,-185.0,-95.0,-125.0,30.0,60.0,0.0,-30.0,-60.0,-55.0,-40.0,-70.0,10.0,-5.0,20.0,35.0,5.0,75.0,60.0,0.0,0.0,0.0,0.0,0.0,315.0,330.0,300.0,295.0,280.0
2019-08-23 00:00:00+00:00,-150.0,-90.0,-210.0,-145.0,-205.0,-105.0,-45.0,-165.0,160.0,100.0,-75.0,-60.0,-90.0,-40.0,-55.0,-170.0,-125.0,-215.0,-110.0,-155.0,-170.0,-125.0,-215.0,-90.0,-135.0,-70.0,-40.0,-100.0,45.0,15.0,-135.0,-105.0,-165.0,-165.0,-195.0,-135.0,-105.0,-165.0,-165.0,-195.0,-135.0,-105.0,-165.0,-145.0,-175.0,0.0,0.0,0.0,0.0,0.0,-70.0,-55.0,-85.0,-70.0,-85.0
2019-08-26 00:00:00+00:00,-640.0,-520.0,-760.0,-700.0,-820.0,-335.0,-230.0,-440.0,-560.0,-665.0,-320.0,-275.0,-365.0,-285.0,-315.0,405.0,495.0,315.0,485.0,395.0,395.0,425.0,365.0,460.0,430.0,255.0,270.0,240.0,260.0,245.0,330.0,360.0,300.0,155.0,125.0,235.0,250.0,220.0,65.0,50.0,235.0,250.0,220.0,65.0,50.0,0.0,0.0,0.0,0.0,0.0,-50.0,-35.0,-65.0,-45.0,-60.0
2019-08-27 00:00:00+00:00,235.0,310.0,160.0,-315.0,-390.0,15.0,75.0,-45.0,100.0,40.0,470.0,485.0,455.0,175.0,160.0,295.0,340.0,250.0,255.0,210.0,250.0,280.0,220.0,225.0,195.0,250.0,280.0,220.0,225.0,195.0,140.0,155.0,125.0,135.0,120.0,140.0,155.0,125.0,135.0,120.0,140.0,155.0,125.0,135.0,120.0,0.0,0.0,0.0,0.0,0.0,470.0,485.0,455.0,175.0,160.0
2019-08-28 00:00:00+00:00,-390.0,-315.0,-465.0,-245.0,-320.0,-270.0,-225.0,-315.0,-235.0,-280.0,-125.0,-65.0,-185.0,-180.0,-240.0,-305.0,-260.0,-350.0,-240.0,-285.0,-370.0,-325.0,-415.0,-255.0,-300.0,-305.0,-275.0,-335.0,-245.0,-275.0,-20.0,40.0,-80.0,-190.0,-250.0,-50.0,-5.0,-95.0,-115.0,-160.0,-235.0,-220.0,-250.0,-125.0,-140.0,0.0,0.0,0.0,0.0,0.0,-330.0,-315.0,-345.0,-370.0,-385.0
2019-08-29 00:00:00+00:00,-205.0,-115.0,-295.0,-60.0,-150.0,250.0,295.0,205.0,-170.0,-215.0,210.0,255.0,165.0,40.0,-5.0,25.0,55.0,-5.0,130.0,100.0,25.0,55.0,-5.0,130.0,100.0,-10.0,5.0,-25.0,65.0,50.0,35.0,50.0,20.0,65.0,50.0,35.0,50.0,20.0,65.0,50.0,0.0,0.0,0.0,0.0,0.0,0.0,0.0,0.0,0.0,0.0,330.0,345.0,315.0,130.0,115.0
2019-08-30 00:00:00+00:00,-60.0,15.0,-135.0,-45.0,-120.0,15.0,60.0,-30.0,-35.0,-80.0,60.0,90.0,30.0,85.0,55.0,-20.0,25.0,-65.0,-20.0,-65.0,-105.0,-75.0,-135.0,-45.0,-75.0,-95.0,-80.0,-110.0,15.0,0.0,-90.0,-75.0,-105.0,15.0,0.0,-90.0,-75.0,-105.0,15.0,0.0,-90.0,-75.0,-105.0,15.0,0.0,0.0,0.0,0.0,0.0,0.0,20.0,35.0,5.0,120.0,105.0
2019-09-02 00:00:00+00:00,190.0,250.0,130.0,195.0,135.0,275.0,290.0,260.0,190.0,175.0,65.0,110.0,20.0,65.0,20.0,-90.0,-60.0,-120.0,-80.0,-110.0,-65.0,-35.0,-95.0,-55.0,-85.0,0.0,15.0,-15.0,0.0,-15.0,0.0,30.0,-30.0,20.0,-10.0,35.0,65.0,5.0,65.0,50.0,45.0,60.0,30.0,55.0,40.0,0.0,0.0,0.0,0.0,0.0,225.0,240.0,210.0,185.0,170.0
2019-09-03 00:00:00+00:00,-120.0,-30.0,-210.0,75.0,-15.0,-225.0,-165.0,-285.0,-80.0,-140.0,5.0,50.0,-40.0,-425.0,-470.0,-5.0,40.0,-50.0,-215.0,-245.0,-5.0,40.0,-50.0,-215.0,-245.0,-60.0,-45.0,-75.0,-105.0,-120.0,0.0,30.0,-30.0,-210.0,-240.0,45.0,60.0,30.0,65.0,50.0,45.0,60.0,30.0,65.0,50.0,0.0,0.0,0.0,0.0,0.0,-160.0,-145.0,-175.0,-330.0,-345.0
2019-09-04 00:00:00+00:00,-170.0,-110.0,-230.0,-190.0,-250.0,0.0,30.0,-30.0,-100.0,-130.0,-20.0,25.0,-65.0,-230.0,-275.0,-215.0,-170.0,-260.0,-70.0,-115.0,-215.0,-170.0,-260.0,-70.0,-115.0,-225.0,-195.0,-255.0,-110.0,-140.0,-245.0,-215.0,-275.0,-160.0,-190.0,-105.0,-90.0,-120.0,-40.0,-55.0,-105.0,-90.0,-120.0,-40.0,-55.0,0.0,0.0,0.0,0.0,0.0,-90.0,-75.0,-105.0,-90.0,-105.0
2019-09-05 00:00:00+00:00,-45.0,0.0,-90.0,-75.0,-120.0,-90.0,-60.0,-120.0,-70.0,-100.0,-75.0,-30.0,-120.0,-30.0,-75.0,5.0,35.0,-25.0,0.0,-30.0,5.0,35.0,-25.0,0.0,-30.0,5.0,35.0,-25.0,0.0,-30.0,-100.0,-70.0,-130.0,-65.0,-95.0,-85.0,-55.0,-115.0,-40.0,-70.0,-160.0,-145.0,-175.0,-100.0,-115.0,0.0,0.0,0.0,0.0,0.0,-85.0,-70.0,-100.0,-75.0,-90.0
2019-09-06 00:00:00+00:00,-50.0,10.0,-110.0,150.0,90.0,105.0,150.0,60.0,125.0,80.0,90.0,120.0,60.0,100.0,70.0,-5.0,25.0,-35.0,-70.0,-100.0,-5.0,25.0,-35.0,-70.0,-100.0,-15.0,0.0,-30.0,-30.0,-45.0,20.0,35.0,5.0,55.0,40.0,55.0,70.0,40.0,95.0,80.0,75.0,90.0,60.0,95.0,80.0,0.0,0.0,0.0,0.0,0.0,270.0,285.0,255.0,210.0,195.0
2019-09-09 00:00:00+00:00,-40.0,35.0,-115.0,-40.0,-115.0,0.0,45.0,-45.0,-50.0,-95.0,40.0,55.0,25.0,40.0,25.0,-40.0,-10.0,-70.0,25.0,-5.0,-25.0,5.0,-55.0,30.0,0.0,-10.0,5.0,-25.0,-20.0,-35.0,-10.0,5.0,-25.0,-20.0,-35.0,5.0,20.0,-10.0,-30.0,-45.0,30.0,45.0,15.0,0.0,-15.0,0.0,0.0,0.0,0.0,0.0,10.0,25.0,-5.0,5.0,-10.0
2019-09-10 00:00:00+00:00,-65.0,-5.0,-125.0,-75.0,-135.0,-155.0,-95.0,-215.0,-220.0,-280.0,-5.0,25.0,-35.0,-130.0,-160.0,180.0,225.0,135.0,235.0,190.0,180.0,225.0,135.0,235.0,190.0,30.0,45.0,15.0,100.0,85.0,185.0,215.0,155.0,310.0,280.0,90.0,105.0,75.0,185.0,170.0,0.0,0.0,0.0,0.0,0.0,0.0,0.0,0.0,0.0,0.0,190.0,205.0,175.0,100.0,85.0
2019-09-11 00:00:00+00:00,-140.0,-65.0,-215.0,-180.0,-240.0,80.0,125.0,35.0,-110.0,-140.0,-70.0,-55.0,-85.0,-70.0,-85.0,30.0,75.0,-15.0,85.0,40.0,-15.0,15.0,-45.0,60.0,30.0,55.0,85.0,25.0,95.0,65.0,65.0,95.0,35.0,35.0,5.0,30.0,60.0,0.0,120.0,90.0,85.0,115.0,55.0,95.0,65.0,0.0,0.0,0.0,0.0,0.0,130.0,145.0,115.0,85.0,70.0
2019-09-12 00:00:00+00:00,-80.0,-5.0,-155.0,-30.0,-105.0,-70.0,-10.0,-130.0,-65.0,-110.0,-80.0,-35.0,-125.0,-75.0,-120.0,-45.0,30.0,-120.0,-135.0,-210.0,-50.0,-5.0,-95.0,-105.0,-150.0,-20.0,10.0,-50.0,-70.0,-100.0,-55.0,-10.0,-100.0,-45.0,-90.0,-35.0,-5.0,-65.0,-35.0,-65.0,5.0,35.0,-25.0,15.0,-15.0,0.0,0.0,0.0,0.0,0.0,180.0,195.0,165.0,105.0,90.0
2019-09-13 00:00:00+00:00,175.0,205.0,145.0,155.0,125.0,70.0,100.0,40.0,95.0,65.0,160.0,175.0,145.0,70.0,55.0,-10.0,20.0,-40.0,55.0,25.0,-10.0,20.0,-40.0,55.0,25.0,-35.0,-20.0,-50.0,-10.0,-25.0,10.0,25.0,-5.0,65.0,50.0,10.0,25.0,-5.0,65.0,50.0,-15.0,0.0,-30.0,15.0,0.0,0.0,0.0,0.0,0.0,0.0,200.0,215.0,185.0,200.0,185.0
2019-09-17 00:00:00+00:00,75.0,135.0,15.0,-40.0,-100.0,-20.0,40.0,-80.0,-150.0,-195.0,0.0,0.0,0.0,0.0,0.0,-180.0,-135.0,-225.0,-190.0,-235.0,-195.0,-165.0,-225.0,-125.0,-155.0,-105.0,-75.0,-135.0,-60.0,-90.0,-90.0,-60.0,-120.0,-105.0,-135.0,-90.0,-60.0,-120.0,-105.0,-135.0,-125.0,-110.0,-140.0,-45.0,-60.0,0.0,0.0,0.0,0.0,0.0,0.0,15.0,-15.0,-60.0,-75.0
2019-09-23 00:00:00+00:00,-165.0,-60.0,-270.0,-65.0,-170.0,110.0,170.0,50.0,45.0,-15.0,-15.0,15.0,-45.0,35.0,5.0,85.0,130.0,40.0,-25.0,-70.0,80.0,95.0,65.0,50.0,35.0,0.0,0.0,0.0,0.0,0.0,205.0,235.0,175.0,120.0,90.0,80.0,95.0,65.0,50.0,35.0,0.0,0.0,0.0,0.0,0.0,0.0,0.0,0.0,0.0,0.0,195.0,210.0,180.0,130.0,115.0
2019-09-24 00:00:00+00:00,90.0,150.0,30.0,55.0,-5.0,100.0,145.0,55.0,20.0,-25.0,40.0,70.0,10.0,-55.0,-85.0,-15.0,0.0,-30.0,-30.0,-45.0,-15.0,0.0,-30.0,-30.0,-45.0,-15.0,0.0,-30.0,-30.0,-45.0,-35.0,-20.0,-50.0,0.0,-15.0,-35.0,-20.0,-50.0,0.0,-15.0,-5.0,10.0,-20.0,30.0,15.0,0.0,0.0,0.0,0.0,0.0,115.0,130.0,100.0,70.0,55.0
2019-09-25 00:00:00+00:00,-35.0,40.0,-110.0,-130.0,-205.0,-220.0,-145.0,-295.0,-15.0,-90.0,45.0,60.0,30.0,-25.0,-40.0,150.0,225.0,75.0,55.0,-20.0,140.0,200.0,80.0,45.0,-15.0,30.0,45.0,15.0,40.0,25.0,10.0,55.0,-35.0,5.0,-40.0,40.0,70.0,10.0,20.0,-10.0,-5.0,10.0,-20.0,10.0,-5.0,0.0,0.0,0.0,0.0,0.0,70.0,85.0,55.0,115.0,100.0
2019-09-26 00:00:00+00:00,-75.0,0.0,-150.0,-180.0,-255.0,-125.0,-50.0,-200.0,-30.0,-105.0,-165.0,-75.0,-255.0,-85.0,-175.0,0.0,60.0,-60.0,10.0,-50.0,70.0,115.0,25.0,-25.0,-70.0,25.0,55.0,-5.0,-20.0,-50.0,35.0,80.0,-10.0,30.0,-15.0,75.0,120.0,30.0,0.0,-45.0,105.0,135.0,75.0,-5.0,-35.0,0.0,0.0,0.0,0.0,0.0,50.0,65.0,35.0,40.0,25.0
2019-09-27 00:00:00+00:00,-265.0,-175.0,-355.0,-150.0,-240.0,-185.0,-95.0,-275.0,-145.0,-235.0,45.0,90.0,0.0,5.0,-40.0,10.0,85.0,-65.0,50.0,-10.0,25.0,100.0,-50.0,5.0,-55.0,5.0,35.0,-25.0,15.0,-15.0,100.0,160.0,40.0,90.0,45.0,75.0,105.0,45.0,25.0,10.0,0.0,0.0,0.0,0.0,0.0,0.0,0.0,0.0,0.0,0.0,95.0,110.0,80.0,50.0,35.0
2019-09-30 00:00:00+00:00,-245.0,-155.0,-335.0,-165.0,-255.0,-170.0,-110.0,-230.0,-65.0,-125.0,-125.0,-65.0,-185.0,-25.0,-85.0,-85.0,-25.0,-145.0,-180.0,-240.0,-90.0,-30.0,-150.0,-210.0,-270.0,-40.0,-10.0,-70.0,-45.0,-75.0,-100.0,-70.0,-130.0,-155.0,-185.0,-100.0,-70.0,-130.0,-155.0,-185.0,-75.0,-45.0,-105.0,-170.0,-200.0,0.0,0.0,0.0,0.0,0.0,-145.0,-130.0,-160.0,-170.0,-185.0
2019-10-01 00:00:00+00:00,-130.0,-70.0,-190.0,-270.0,-330.0,-235.0,-160.0,-310.0,-205.0,-265.0,-165.0,-135.0,-195.0,-225.0,-255.0,-135.0,-90.0,-180.0,-55.0,-100.0,-60.0,-15.0,-105.0,-10.0,-55.0,-65.0,-35.0,-95.0,-20.0,-50.0,0.0,30.0,-30.0,-25.0,-55.0,60.0,90.0,30.0,60.0,30.0,60.0,90.0,30.0,60.0,30.0,0.0,0.0,0.0,0.0,0.0,-130.0,-115.0,-145.0,-110.0,-125.0
2019-10-02 00:00:00+00:00,-440.0,-350.0,-530.0,-155.0,-245.0,-290.0,-230.0,-350.0,-350.0,-410.0,85.0,115.0,55.0,120.0,90.0,105.0,195.0,15.0,125.0,35.0,-30.0,0.0,-60.0,35.0,5.0,-50.0,-35.0,-65.0,0.0,-15.0,35.0,95.0,-25.0,15.0,-45.0,-45.0,0.0,-90.0,-85.0,-130.0,-80.0,-65.0,-95.0,25.0,10.0,0.0,0.0,0.0,0.0,0.0,-70.0,-55.0,-85.0,20.0,5.0
2019-10-03 00:00:00+00:00,-235.0,-175.0,-295.0,-520.0,-580.0,-120.0,-90.0,-150.0,-155.0,-185.0,-110.0,-65.0,-155.0,-250.0,-295.0,-5.0,55.0,-65.0,30.0,-30.0,65.0,110.0,20.0,60.0,15.0,35.0,65.0,5.0,55.0,25.0,-390.0,-360.0,-420.0,-440.0,-470.0,-355.0,-325.0,-385.0,-350.0,-380.0,-355.0,-325.0,-385.0,-350.0,-380.0,0.0,0.0,0.0,0.0,0.0,-455.0,-440.0,-470.0,-525.0,-540.0
2019-10-04 00:00:00+00:00,-265.0,-190.0,-340.0,-130.0,-205.0,-10.0,35.0,-55.0,-145.0,-190.0,-325.0,-280.0,-370.0,-120.0,-150.0,-60.0,-15.0,-105.0,55.0,10.0,160.0,205.0,115.0,315.0,270.0,160.0,205.0,115.0,315.0,270.0,-5.0,40.0,-50.0,125.0,80.0,60.0,105.0,15.0,210.0,165.0,295.0,340.0,250.0,235.0,190.0,0.0,0.0,0.0,0.0,0.0,-35.0,-20.0,-50.0,-50.0,-65.0
2019-10-07 00:00:00+00:00,125.0,185.0,65.0,120.0,60.0,215.0,245.0,185.0,295.0,265.0,-15.0,60.0,-90.0,175.0,100.0,115.0,175.0,55.0,0.0,-60.0,85.0,130.0,40.0,35.0,-10.0,30.0,45.0,15.0,-25.0,-40.0,70.0,115.0,25.0,-75.0,-120.0,45.0,75.0,15.0,-45.0,-75.0,15.0,30.0,0.0,-10.0,-25.0,0.0,0.0,0.0,0.0,0.0,325.0,340.0,310.0,300.0,285.0
2019-10-08 00:00:00+00:00,-440.0,-365.0,-515.0,-335.0,-410.0,-580.0,-520.0,-640.0,-550.0,-610.0,-20.0,-5.0,-35.0,-50.0,-65.0,-600.0,-570.0,-630.0,-460.0,-490.0,-320.0,-290.0,-350.0,-320.0,-350.0,-320.0,-290.0,-350.0,-320.0,-350.0,-720.0,-705.0,-735.0,-615.0,-630.0,-720.0,-705.0,-735.0,-615.0,-630.0,-595.0,-580.0,-610.0,-585.0,-600.0,0.0,0.0,0.0,0.0,0.0,-720.0,-705.0,-735.0,-755.0,-770.0
2019-10-09 00:00:00+00:00,520.0,580.0,460.0,-295.0,-355.0,70.0,130.0,10.0,220.0,175.0,435.0,480.0,390.0,405.0,360.0,105.0,135.0,75.0,260.0,230.0,165.0,195.0,135.0,310.0,280.0,120.0,135.0,105.0,155.0,140.0,235.0,265.0,205.0,280.0,250.0,125.0,140.0,110.0,180.0,165.0,0.0,0.0,0.0,0.0,0.0,0.0,0.0,0.0,0.0,0.0,485.0,500.0,470.0,550.0,535.0
2019-10-10 00:00:00+00:00,-150.0,-105.0,-195.0,-190.0,-235.0,-135.0,-105.0,-165.0,-80.0,-110.0,-325.0,-280.0,-370.0,-295.0,-340.0,-160.0,-115.0,-205.0,-120.0,-165.0,-65.0,-20.0,-110.0,-40.0,-85.0,-65.0,-20.0,-110.0,-40.0,-85.0,-85.0,-55.0,-115.0,-20.0,-50.0,-35.0,-5.0,-65.0,25.0,-5.0,-55.0,-25.0,-85.0,-5.0,-35.0,0.0,0.0,0.0,0.0,0.0,-175.0,-160.0,-190.0,-200.0,-215.0
2019-10-11 00:00:00+00:00,90.0,150.0,30.0,-335.0,-395.0,135.0,180.0,90.0,-210.0,-255.0,75.0,120.0,30.0,-60.0,-90.0,130.0,175.0,85.0,345.0,300.0,110.0,140.0,80.0,305.0,275.0,0.0,0.0,0.0,0.0,0.0,25.0,55.0,-5.0,200.0,170.0,40.0,55.0,25.0,205.0,190.0,0.0,0.0,0.0,0.0,0.0,0.0,0.0,0.0,0.0,0.0,295.0,310.0,280.0,100.0,85.0
2019-10-14 00:00:00+00:00,90.0,150.0,30.0,230.0,185.0,110.0,140.0,80.0,125.0,95.0,-235.0,-205.0,-265.0,-225.0,-255.0,-570.0,-540.0,-600.0,-550.0,-580.0,-570.0,-540.0,-600.0,-550.0,-580.0,-380.0,-365.0,-395.0,-265.0,-280.0,-350.0,-335.0,-365.0,-205.0,-220.0,-350.0,-335.0,-365.0,-205.0,-220.0,-350.0,-335.0,-365.0,-205.0,-220.0,0.0,0.0,0.0,0.0,0.0,-345.0,-330.0,-360.0,-290.0,-305.0
2019-10-15 00:00:00+00:00,140.0,200.0,80.0,-220.0,-280.0,-310.0,-265.0,-355.0,-260.0,-305.0,-405.0,-360.0,-450.0,-150.0,-195.0,-240.0,-195.0,-285.0,140.0,110.0,10.0,55.0,-35.0,175.0,145.0,90.0,105.0,75.0,100.0,85.0,185.0,215.0,155.0,190.0,160.0,185.0,215.0,155.0,190.0,160.0,215.0,245.0,185.0,225.0,195.0,0.0,0.0,0.0,0.0,0.0,-95.0,-80.0,-110.0,70.0,55.0
2019-10-16 00:00:00+00:00,-215.0,-140.0,-290.0,5.0,-70.0,-90.0,-15.0,-165.0,-80.0,-155.0,-235.0,-160.0,-310.0,-30.0,-105.0,135.0,195.0,75.0,100.0,40.0,155.0,185.0,125.0,130.0,100.0,0.0,0.0,0.0,0.0,0.0,190.0,250.0,130.0,165.0,105.0,5.0,20.0,-10.0,-20.0,-35.0,0.0,0.0,0.0,0.0,0.0,0.0,0.0,0.0,0.0,0.0,130.0,145.0,115.0,235.0,220.0
2019-10-17 00:00:00+00:00,375.0,420.0,330.0,295.0,250.0,335.0,380.0,290.0,90.0,45.0,350.0,380.0,320.0,260.0,230.0,-75.0,-45.0,-105.0,75.0,45.0,-80.0,-50.0,-110.0,65.0,35.0,-110.0,-95.0,-125.0,-85.0,-100.0,120.0,150.0,90.0,335.0,305.0,-60.0,-45.0,-75.0,-80.0,-95.0,-20.0,-5.0,-35.0,-15.0,-30.0,0.0,0.0,0.0,0.0,0.0,415.0,430.0,400.0,400.0,385.0
2019-10-18 00:00:00+00:00,-145.0,-55.0,-235.0,-125.0,-215.0,35.0,110.0,-40.0,-10.0,-85.0,35.0,80.0,-10.0,120.0,75.0,175.0,235.0,115.0,95.0,50.0,135.0,165.0,105.0,80.0,65.0,70.0,85.0,55.0,85.0,70.0,80.0,110.0,50.0,95.0,65.0,0.0,0.0,0.0,0.0,0.0,0.0,0.0,0.0,0.0,0.0,0.0,0.0,0.0,0.0,0.0,195.0,210.0,180.0,205.0,190.0
2019-10-21 00:00:00+00:00,-135.0,-75.0,-195.0,-135.0,-195.0,-100.0,-40.0,-160.0,-140.0,-200.0,-110.0,-65.0,-155.0,-215.0,-260.0,-5.0,55.0,-65.0,100.0,40.0,-5.0,55.0,-65.0,100.0,40.0,30.0,45.0,15.0,90.0,75.0,-20.0,10.0,-50.0,25.0,-5.0,-20.0,10.0,-50.0,25.0,-5.0,-20.0,10.0,-50.0,25.0,-5.0,0.0,0.0,0.0,0.0,0.0,45.0,60.0,30.0,25.0,10.0
2019-10-22 00:00:00+00:00,-35.0,25.0,-95.0,-85.0,-145.0,10.0,55.0,-35.0,-20.0,-65.0,-10.0,50.0,-70.0,-30.0,-90.0,135.0,180.0,90.0,175.0,145.0,145.0,175.0,115.0,175.0,145.0,95.0,125.0,65.0,20.0,-10.0,110.0,125.0,95.0,135.0,120.0,105.0,120.0,90.0,115.0,100.0,95.0,110.0,80.0,25.0,10.0,0.0,0.0,0.0,0.0,0.0,230.0,245.0,215.0,220.0,205.0
2019-10-23 00:00:00+00:00,-135.0,-75.0,-195.0,-295.0,-355.0,-390.0,-360.0,-420.0,-330.0,-360.0,-390.0,-330.0,-450.0,-310.0,-370.0,10.0,55.0,-35.0,75.0,45.0,70.0,115.0,25.0,60.0,30.0,-45.0,-30.0,-60.0,-55.0,-70.0,100.0,145.0,55.0,130.0,85.0,75.0,105.0,45.0,115.0,85.0,-40.0,-25.0,-55.0,40.0,25.0,0.0,0.0,0.0,0.0,0.0,-25.0,-10.0,-40.0,-40.0,-55.0
2019-10-24 00:00:00+00:00,-110.0,-35.0,-185.0,-125.0,-200.0,-185.0,-110.0,-260.0,-45.0,-120.0,-120.0,-30.0,-210.0,-105.0,-180.0,65.0,125.0,5.0,-45.0,-105.0,90.0,135.0,45.0,-15.0,-60.0,75.0,105.0,45.0,-40.0,-70.0,125.0,170.0,80.0,35.0,-10.0,45.0,60.0,30.0,-40.0,-55.0,45.0,60.0,30.0,-40.0,-55.0,0.0,0.0,0.0,0.0,0.0,30.0,45.0,15.0,35.0,20.0
2019-10-25 00:00:00+00:00,10.0,55.0,-35.0,-95.0,-140.0,-160.0,-100.0,-220.0,-75.0,-135.0,20.0,65.0,-25.0,45.0,0.0,-60.0,-15.0,-105.0,-50.0,-95.0,-40.0,5.0,-85.0,-20.0,-65.0,-25.0,20.0,-70.0,-15.0,-60.0,-40.0,-10.0,-70.0,-60.0,-90.0,-40.0,-10.0,-70.0,-60.0,-90.0,-70.0,-55.0,-85.0,-70.0,-85.0,0.0,0.0,0.0,0.0,0.0,-15.0,0.0,-30.0,-90.0,-105.0
2019-10-28 00:00:00+00:00,130.0,175.0,85.0,70.0,25.0,125.0,155.0,95.0,85.0,55.0,140.0,155.0,125.0,130.0,115.0,10.0,40.0,-20.0,55.0,25.0,20.0,35.0,5.0,-30.0,-45.0,20.0,35.0,5.0,-30.0,-45.0,5.0,20.0,-10.0,55.0,40.0,40.0,55.0,25.0,25.0,10.0,40.0,55.0,25.0,25.0,10.0,0.0,0.0,0.0,0.0,0.0,175.0,190.0,160.0,205.0,190.0
2019-10-29 00:00:00+00:00,-120.0,-60.0,-180.0,-240.0,-300.0,-190.0,-145.0,-235.0,-220.0,-265.0,-145.0,-100.0,-190.0,-170.0,-215.0,5.0,65.0,-55.0,80.0,20.0,70.0,115.0,25.0,120.0,75.0,55.0,85.0,25.0,110.0,80.0,5.0,65.0,-55.0,80.0,20.0,80.0,125.0,35.0,95.0,50.0,90.0,120.0,60.0,150.0,120.0,0.0,0.0,0.0,0.0,0.0,-80.0,-65.0,-95.0,-125.0,-140.0
2019-10-30 00:00:00+00:00,-70.0,20.0,-160.0,-100.0,-190.0,10.0,70.0,-50.0,5.0,-55.0,40.0,70.0,10.0,50.0,20.0,50.0,95.0,5.0,35.0,5.0,55.0,85.0,25.0,35.0,5.0,15.0,30.0,0.0,-10.0,-25.0,25.0,40.0,10.0,30.0,15.0,25.0,40.0,10.0,30.0,15.0,45.0,60.0,30.0,20.0,5.0,0.0,0.0,0.0,0.0,0.0,95.0,110.0,80.0,105.0,90.0
2019-10-31 00:00:00+00:00,-520.0,-445.0,-595.0,-50.0,-125.0,-20.0,25.0,-65.0,45.0,15.0,10.0,25.0,-5.0,-15.0,-30.0,-175.0,-115.0,-235.0,-200.0,-260.0,-205.0,-145.0,-265.0,-220.0,-280.0,-190.0,-160.0,-220.0,-240.0,-270.0,-280.0,-265.0,-295.0,-215.0,-230.0,-280.0,-265.0,-295.0,-215.0,-230.0,-280.0,-265.0,-295.0,-215.0,-230.0,0.0,0.0,0.0,0.0,0.0,-600.0,-585.0,-615.0,-205.0,-220.0
2019-11-01 00:00:00+00:00,-110.0,-35.0,-185.0,-145.0,-220.0,-135.0,-45.0,-225.0,-65.0,-155.0,-10.0,35.0,-55.0,-60.0,-105.0,20.0,80.0,-40.0,55.0,-5.0,5.0,65.0,-55.0,25.0,-35.0,5.0,35.0,-25.0,50.0,20.0,10.0,55.0,-35.0,20.0,-25.0,5.0,35.0,-25.0,50.0,20.0,-10.0,5.0,-25.0,55.0,40.0,0.0,0.0,0.0,0.0,0.0,50.0,65.0,35.0,-35.0,-50.0
2019-11-04 00:00:00+00:00,10.0,85.0,-65.0,-20.0,-95.0,45.0,90.0,0.0,85.0,40.0,120.0,135.0,105.0,165.0,150.0,60.0,120.0,0.0,85.0,40.0,75.0,105.0,45.0,50.0,35.0,45.0,60.0,30.0,0.0,0.0,45.0,60.0,30.0,0.0,0.0,45.0,60.0,30.0,0.0,0.0,0.0,0.0,0.0,0.0,0.0,0.0,0.0,0.0,0.0,0.0,180.0,195.0,165.0,170.0,155.0
2019-11-05 00:00:00+00:00,15.0,75.0,-45.0,-155.0,-215.0,-105.0,-45.0,-165.0,-190.0,-250.0,35.0,50.0,20.0,-20.0,-35.0,5.0,50.0,-40.0,-15.0,-60.0,5.0,50.0,-40.0,-15.0,-60.0,-30.0,-15.0,-45.0,-40.0,-55.0,-55.0,-40.0,-70.0,-40.0,-55.0,-55.0,-40.0,-70.0,-40.0,-55.0,-55.0,-40.0,-70.0,-40.0,-55.0,0.0,0.0,0.0,0.0,0.0,-5.0,10.0,-20.0,-45.0,-60.0
2019-11-06 00:00:00+00:00,-20.0,40.0,-80.0,45.0,0.0,10.0,55.0,-35.0,-20.0,-65.0,-70.0,-25.0,-115.0,-110.0,-155.0,-180.0,-165.0,-195.0,-155.0,-170.0,-160.0,-145.0,-175.0,-145.0,-160.0,-160.0,-145.0,-175.0,-145.0,-160.0,-95.0,-80.0,-110.0,-65.0,-80.0,-95.0,-80.0,-110.0,-65.0,-80.0,-40.0,-25.0,-55.0,45.0,30.0,0.0,0.0,0.0,0.0,0.0,-115.0,-100.0,-130.0,-100.0,-115.0
2019-11-07 00:00:00+00:00,-160.0,-70.0,-250.0,-165.0,-240.0,-80.0,25.0,-185.0,-65.0,-170.0,-175.0,-85.0,-265.0,-120.0,-195.0,-15.0,60.0,-90.0,-75.0,-150.0,-20.0,10.0,-50.0,-35.0,-65.0,-15.0,0.0,-30.0,-15.0,-30.0,-35.0,25.0,-95.0,-90.0,-150.0,-15.0,0.0,-30.0,-15.0,-30.0,-15.0,0.0,-30.0,-15.0,-30.0,0.0,0.0,0.0,0.0,0.0,-45.0,-30.0,-60.0,-35.0,-50.0
2019-11-08 00:00:00+00:00,10.0,85.0,-65.0,30.0,-45.0,40.0,85.0,-5.0,5.0,-40.0,35.0,65.0,5.0,0.0,-30.0,-10.0,35.0,-55.0,-40.0,-85.0,-20.0,-5.0,-35.0,0.0,-15.0,-10.0,5.0,-25.0,-5.0,-20.0,-35.0,-20.0,-50.0,-25.0,-40.0,-10.0,5.0,-25.0,-5.0,-20.0,0.0,0.0,0.0,0.0,0.0,0.0,0.0,0.0,0.0,0.0,85.0,100.0,70.0,80.0,65.0
2019-11-11 00:00:00+00:00,-135.0,-90.0,-180.0,-160.0,-205.0,-225.0,-165.0,-285.0,-205.0,-250.0,-95.0,-80.0,-110.0,-30.0,-45.0,-85.0,-10.0,-160.0,-60.0,-135.0,-10.0,50.0,-70.0,-50.0,-110.0,40.0,100.0,-20.0,-25.0,-85.0,-65.0,-35.0,-95.0,-15.0,-45.0,-65.0,-35.0,-95.0,-15.0,-45.0,-15.0,15.0,-45.0,-30.0,-60.0,0.0,0.0,0.0,0.0,0.0,-115.0,-100.0,-130.0,-80.0,-95.0
2019-11-12 00:00:00+00:00,-120.0,-45.0,-195.0,-245.0,-320.0,-280.0,-220.0,-340.0,-205.0,-265.0,-165.0,-135.0,-195.0,-150.0,-180.0,170.0,245.0,95.0,15.0,-60.0,215.0,275.0,155.0,55.0,-5.0,205.0,235.0,175.0,95.0,65.0,175.0,220.0,130.0,80.0,35.0,205.0,235.0,175.0,95.0,65.0,190.0,205.0,175.0,110.0,95.0,0.0,0.0,0.0,0.0,0.0,40.0,55.0,25.0,45.0,30.0
2019-11-13 00:00:00+00:00,0.0,45.0,-45.0,15.0,-30.0,-15.0,15.0,-45.0,-45.0,-75.0,-50.0,-35.0,-65.0,-75.0,-90.0,-250.0,-205.0,-295.0,-150.0,-195.0,-125.0,-80.0,-170.0,-160.0,-205.0,-130.0,-100.0,-160.0,-155.0,-185.0,-280.0,-250.0,-310.0,-125.0,-155.0,-280.0,-250.0,-310.0,-125.0,-155.0,-155.0,-125.0,-185.0,-135.0,-165.0,0.0,0.0,0.0,0.0,0.0,-260.0,-245.0,-275.0,-130.0,-145.0
2019-11-14 00:00:00+00:00,105.0,135.0,75.0,-140.0,-170.0,-120.0,-90.0,-150.0,-65.0,-95.0,-20.0,10.0,-50.0,-260.0,-290.0,-135.0,-90.0,-180.0,150.0,105.0,-70.0,-25.0,-115.0,215.0,170.0,-105.0,-75.0,-135.0,-40.0,-70.0,10.0,55.0,-35.0,90.0,45.0,-35.0,-5.0,-65.0,50.0,20.0,60.0,90.0,30.0,105.0,75.0,0.0,0.0,0.0,0.0,0.0,60.0,75.0,45.0,110.0,95.0
2019-11-15 00:00:00+00:00,5.0,65.0,-55.0,0.0,-45.0,-15.0,30.0,-60.0,0.0,-30.0,-70.0,-40.0,-100.0,-100.0,-130.0,-90.0,-45.0,-135.0,-125.0,-170.0,-90.0,-60.0,-120.0,-100.0,-130.0,-50.0,-35.0,-65.0,-85.0,-100.0,-110.0,-95.0,-125.0,-80.0,-95.0,-65.0,-50.0,-80.0,-65.0,-80.0,-65.0,-50.0,-80.0,-65.0,-80.0,0.0,0.0,0.0,0.0,0.0,-45.0,-30.0,-60.0,-50.0,-65.0
2019-11-18 00:00:00+00:00,-75.0,0.0,-150.0,-55.0,-130.0,-65.0,-20.0,-110.0,-85.0,-130.0,-15.0,15.0,-45.0,-80.0,-110.0,-25.0,50.0,-100.0,-60.0,-135.0,-25.0,20.0,-70.0,-10.0,-55.0,-40.0,-25.0,-55.0,-35.0,-50.0,20.0,65.0,-25.0,20.0,-25.0,20.0,65.0,-25.0,20.0,-25.0,15.0,45.0,-15.0,40.0,10.0,0.0,0.0,0.0,0.0,0.0,65.0,80.0,50.0,70.0,55.0
2019-11-19 00:00:00+00:00,135.0,210.0,60.0,60.0,-15.0,150.0,195.0,105.0,145.0,100.0,205.0,220.0,190.0,135.0,120.0,-250.0,-220.0,-280.0,-235.0,-265.0,-250.0,-235.0,-265.0,-225.0,-240.0,-255.0,-240.0,-270.0,-230.0,-245.0,-300.0,-285.0,-315.0,-345.0,-360.0,-305.0,-290.0,-320.0,-350.0,-365.0,-305.0,-290.0,-320.0,-350.0,-365.0,0.0,0.0,0.0,0.0,0.0,-85.0,-70.0,-100.0,-200.0,-215.0
2019-11-20 00:00:00+00:00,-60.0,0.0,-120.0,-135.0,-195.0,-15.0,30.0,-60.0,-165.0,-210.0,-165.0,-105.0,-225.0,-135.0,-195.0,5.0,65.0,-55.0,50.0,-10.0,-25.0,20.0,-70.0,15.0,-30.0,80.0,125.0,35.0,85.0,40.0,155.0,215.0,95.0,90.0,45.0,155.0,215.0,95.0,90.0,45.0,155.0,200.0,110.0,110.0,80.0,0.0,0.0,0.0,0.0,0.0,90.0,105.0,75.0,185.0,170.0
2019-11-21 00:00:00+00:00,5.0,65.0,-55.0,-90.0,-150.0,120.0,165.0,75.0,150.0,105.0,90.0,105.0,75.0,120.0,105.0,30.0,75.0,-15.0,135.0,90.0,-35.0,-20.0,-50.0,-55.0,-70.0,30.0,45.0,15.0,15.0,0.0,5.0,20.0,-10.0,80.0,65.0,65.0,80.0,50.0,75.0,60.0,65.0,80.0,50.0,75.0,60.0,0.0,0.0,0.0,0.0,0.0,215.0,230.0,200.0,205.0,190.0
2019-11-22 00:00:00+00:00,-145.0,-85.0,-205.0,-145.0,-205.0,-160.0,-100.0,-220.0,-90.0,-150.0,-285.0,-240.0,-330.0,-240.0,-285.0,-285.0,-225.0,-345.0,-115.0,-175.0,-275.0,-215.0,-335.0,-85.0,-145.0,-240.0,-180.0,-300.0,-35.0,-95.0,-175.0,-130.0,-220.0,-80.0,-125.0,-135.0,-90.0,-180.0,-20.0,-65.0,-130.0,-85.0,-175.0,-75.0,-120.0,0.0,0.0,0.0,0.0,0.0,-315.0,-300.0,-330.0,-220.0,-235.0
2019-11-26 00:00:00+00:00,10.0,100.0,-80.0,-50.0,-125.0,25.0,70.0,-20.0,-30.0,-75.0,110.0,125.0,95.0,75.0,60.0,-125.0,-80.0,-170.0,-45.0,-90.0,25.0,70.0,-20.0,50.0,5.0,30.0,60.0,0.0,5.0,-25.0,-50.0,-35.0,-65.0,-20.0,-35.0,-65.0,-50.0,-80.0,-15.0,-30.0,-65.0,-50.0,-80.0,-15.0,-30.0,0.0,0.0,0.0,0.0,0.0,45.0,60.0,30.0,45.0,30.0
2019-11-27 00:00:00+00:00,45.0,90.0,0.0,-5.0,-50.0,55.0,100.0,10.0,25.0,-20.0,35.0,50.0,20.0,20.0,5.0,-115.0,-85.0,-145.0,-95.0,-125.0,-115.0,-85.0,-145.0,-95.0,-125.0,-105.0,-75.0,-135.0,-85.0,-115.0,-120.0,-105.0,-135.0,-135.0,-150.0,-120.0,-105.0,-135.0,-135.0,-150.0,-90.0,-75.0,-105.0,-115.0,-130.0,0.0,0.0,0.0,0.0,0.0,-10.0,5.0,-25.0,-60.0,-75.0
2019-11-28 00:00:00+00:00,-95.0,-5.0,-185.0,-25.0,-115.0,10.0,85.0,-65.0,20.0,-55.0,15.0,75.0,-45.0,35.0,-25.0,-20.0,25.0,-65.0,-60.0,-105.0,-5.0,25.0,-35.0,-30.0,-60.0,-20.0,-5.0,-35.0,-25.0,-40.0,10.0,40.0,-20.0,-25.0,-55.0,5.0,35.0,-25.0,-20.0,-50.0,-10.0,5.0,-25.0,-15.0,-30.0,0.0,0.0,0.0,0.0,0.0,110.0,125.0,95.0,75.0,60.0
2019-11-29 00:00:00+00:00,-100.0,-25.0,-175.0,-95.0,-170.0,-65.0,-5.0,-125.0,-75.0,-135.0,-40.0,5.0,-85.0,-60.0,-105.0,45.0,105.0,-15.0,30.0,-30.0,35.0,65.0,5.0,20.0,-10.0,25.0,40.0,10.0,30.0,15.0,25.0,70.0,-20.0,25.0,-20.0,35.0,65.0,5.0,20.0,-10.0,0.0,0.0,0.0,0.0,0.0,0.0,0.0,0.0,0.0,0.0,45.0,60.0,30.0,25.0,10.0
2019-12-02 00:00:00+00:00,-105.0,-45.0,-165.0,-45.0,-105.0,-115.0,-70.0,-160.0,-65.0,-110.0,-200.0,-155.0,-245.0,-210.0,-255.0,-365.0,-305.0,-425.0,-405.0,-465.0,-355.0,-310.0,-400.0,-435.0,-480.0,-335.0,-290.0,-380.0,-405.0,-450.0,-240.0,-210.0,-270.0,-265.0,-295.0,-240.0,-210.0,-270.0,-275.0,-305.0,-220.0,-190.0,-250.0,-250.0,-280.0,0.0,0.0,0.0,0.0,0.0,-370.0,-355.0,-385.0,-375.0,-390.0
2019-12-03 00:00:00+00:00,-605.0,-530.0,-680.0,-530.0,-590.0,-520.0,-460.0,-580.0,-640.0,-700.0,-80.0,-65.0,-95.0,-145.0,-160.0,-260.0,-230.0,-290.0,-150.0,-180.0,-260.0,-230.0,-290.0,-150.0,-180.0,-200.0,-170.0,-230.0,-110.0,-140.0,-210.0,-180.0,-240.0,-40.0,-70.0,-210.0,-180.0,-240.0,-40.0,-70.0,-155.0,-125.0,-185.0,30.0,0.0,0.0,0.0,0.0,0.0,0.0,-670.0,-655.0,-685.0,-690.0,-705.0
2019-12-04 00:00:00+00:00,890.0,950.0,830.0,380.0,320.0,580.0,640.0,520.0,360.0,300.0,665.0,710.0,620.0,500.0,455.0,135.0,180.0,90.0,260.0,215.0,125.0,155.0,95.0,330.0,300.0,125.0,155.0,95.0,330.0,300.0,100.0,115.0,85.0,80.0,65.0,75.0,90.0,60.0,95.0,80.0,95.0,110.0,80.0,60.0,45.0,0.0,0.0,0.0,0.0,0.0,765.0,780.0,750.0,680.0,665.0
2019-12-05 00:00:00+00:00,160.0,220.0,100.0,-110.0,-170.0,-135.0,-75.0,-195.0,-50.0,-110.0,255.0,300.0,210.0,275.0,230.0,90.0,135.0,45.0,355.0,310.0,20.0,50.0,-10.0,325.0,295.0,70.0,85.0,55.0,50.0,35.0,70.0,85.0,55.0,50.0,35.0,70.0,85.0,55.0,50.0,35.0,0.0,0.0,0.0,0.0,0.0,0.0,0.0,0.0,0.0,0.0,295.0,310.0,280.0,310.0,295.0
2019-12-06 00:00:00+00:00,-125.0,-20.0,-230.0,-65.0,-170.0,-65.0,10.0,-140.0,-90.0,-150.0,40.0,85.0,-5.0,0.0,-45.0,10.0,70.0,-50.0,25.0,-35.0,-15.0,0.0,-30.0,10.0,-5.0,10.0,25.0,-5.0,0.0,-15.0,25.0,55.0,-5.0,15.0,-15.0,0.0,15.0,-15.0,10.0,-5.0,25.0,40.0,10.0,0.0,-15.0,0.0,0.0,0.0,0.0,0.0,75.0,90.0,60.0,75.0,60.0
2019-12-09 00:00:00+00:00,-35.0,10.0,-80.0,-140.0,-185.0,-25.0,5.0,-55.0,-30.0,-60.0,10.0,25.0,-5.0,20.0,5.0,15.0,75.0,-45.0,55.0,-5.0,5.0,65.0,-55.0,-5.0,-65.0,-50.0,-35.0,-65.0,-55.0,-70.0,15.0,45.0,-15.0,-95.0,-125.0,15.0,45.0,-15.0,-95.0,-125.0,-5.0,10.0,-20.0,-25.0,-40.0,0.0,0.0,0.0,0.0,0.0,30.0,45.0,15.0,-65.0,-80.0
2019-12-10 00:00:00+00:00,115.0,175.0,55.0,-55.0,-115.0,-20.0,40.0,-80.0,100.0,40.0,-75.0,-60.0,-90.0,-90.0,-105.0,-270.0,-210.0,-330.0,-125.0,-185.0,-270.0,-210.0,-330.0,-125.0,-185.0,-120.0,-90.0,-150.0,-30.0,-60.0,-100.0,-70.0,-130.0,15.0,-15.0,-100.0,-70.0,-130.0,15.0,-15.0,-100.0,-70.0,-130.0,15.0,-15.0,0.0,0.0,0.0,0.0,0.0,-25.0,-10.0,-40.0,0.0,-15.0
2019-12-11 00:00:00+00:00,-145.0,-70.0,-220.0,-145.0,-220.0,-215.0,-170.0,-260.0,-160.0,-205.0,-115.0,-100.0,-130.0,-90.0,-105.0,75.0,135.0,15.0,45.0,-15.0,75.0,135.0,15.0,45.0,-15.0,25.0,70.0,-20.0,80.0,35.0,105.0,150.0,60.0,200.0,155.0,165.0,210.0,120.0,175.0,130.0,165.0,210.0,120.0,175.0,130.0,0.0,0.0,0.0,0.0,0.0,30.0,45.0,15.0,15.0,0.0
2019-12-12 00:00:00+00:00,-190.0,-115.0,-265.0,-180.0,-255.0,-130.0,-70.0,-190.0,-230.0,-290.0,0.0,15.0,-15.0,-85.0,-100.0,-145.0,-115.0,-175.0,-45.0,-75.0,-145.0,-115.0,-175.0,-45.0,-75.0,-170.0,-155.0,-185.0,-70.0,-85.0,-145.0,-130.0,-160.0,-90.0,-105.0,-90.0,-75.0,-105.0,-70.0,-85.0,-90.0,-75.0,-105.0,-70.0,-85.0,0.0,0.0,0.0,0.0,0.0,-150.0,-135.0,-165.0,-165.0,-180.0
2019-12-13 00:00:00+00:00,-75.0,-30.0,-120.0,50.0,5.0,5.0,50.0,-40.0,20.0,-25.0,-20.0,40.0,-80.0,-5.0,-65.0,10.0,70.0,-50.0,-125.0,-185.0,5.0,50.0,-40.0,-70.0,-115.0,-60.0,-45.0,-75.0,-90.0,-105.0,75.0,120.0,30.0,-15.0,-60.0,75.0,120.0,30.0,-15.0,-60.0,50.0,95.0,5.0,-130.0,-175.0,0.0,0.0,0.0,0.0,0.0,35.0,50.0,20.0,-40.0,-55.0
2019-12-16 00:00:00+00:00,-180.0,-105.0,-255.0,-130.0,-205.0,-130.0,-55.0,-205.0,-160.0,-235.0,-140.0,-80.0,-200.0,-140.0,-200.0,-5.0,55.0,-65.0,75.0,30.0,-40.0,-10.0,-70.0,35.0,5.0,-40.0,-10.0,-70.0,35.0,5.0,45.0,75.0,15.0,20.0,-10.0,40.0,70.0,10.0,-35.0,-65.0,40.0,70.0,10.0,-35.0,-65.0,0.0,0.0,0.0,0.0,0.0,25.0,40.0,10.0,20.0,5.0
2019-12-23 00:00:00+00:00,40.0,85.0,-5.0,-35.0,-80.0,-20.0,40.0,-80.0,-110.0,-170.0,80.0,95.0,65.0,90.0,75.0,-30.0,0.0,-60.0,45.0,15.0,-35.0,-5.0,-65.0,50.0,20.0,-25.0,-10.0,-40.0,10.0,-5.0,10.0,40.0,-20.0,60.0,30.0,0.0,0.0,0.0,0.0,0.0,0.0,0.0,0.0,0.0,0.0,0.0,0.0,0.0,0.0,0.0,120.0,135.0,105.0,75.0,60.0
2020-01-02 00:00:00+00:00,-35.0,25.0,-95.0,-75.0,-135.0,5.0,50.0,-40.0,15.0,-30.0,-25.0,-10.0,-40.0,-60.0,-75.0,-125.0,-65.0,-185.0,-110.0,-170.0,-135.0,-90.0,-180.0,-110.0,-155.0,-25.0,5.0,-55.0,-15.0,-45.0,-110.0,-95.0,-125.0,-80.0,-95.0,-105.0,-90.0,-120.0,-50.0,-65.0,-105.0,-90.0,-120.0,-50.0,-65.0,0.0,0.0,0.0,0.0,0.0,-55.0,-40.0,-70.0,-60.0,-75.0
2020-01-03 00:00:00+00:00,-130.0,-85.0,-175.0,-155.0,-200.0,-270.0,-240.0,-300.0,-255.0,-285.0,-170.0,-140.0,-200.0,-300.0,-330.0,-295.0,-250.0,-340.0,-200.0,-245.0,-205.0,-160.0,-250.0,-120.0,-165.0,-250.0,-235.0,-265.0,-200.0,-215.0,-345.0,-315.0,-375.0,-180.0,-210.0,-345.0,-315.0,-375.0,-180.0,-210.0,-250.0,-220.0,-280.0,-145.0,-175.0,0.0,0.0,0.0,0.0,0.0,-335.0,-320.0,-350.0,-385.0,-400.0
2020-01-06 00:00:00+00:00,-100.0,-40.0,-160.0,-45.0,-90.0,-85.0,-40.0,-130.0,-45.0,-90.0,0.0,15.0,-15.0,35.0,20.0,305.0,365.0,245.0,230.0,170.0,305.0,365.0,245.0,230.0,170.0,215.0,245.0,185.0,180.0,150.0,300.0,345.0,255.0,70.0,25.0,270.0,300.0,240.0,110.0,80.0,65.0,80.0,50.0,10.0,-5.0,0.0,0.0,0.0,0.0,0.0,245.0,260.0,230.0,185.0,170.0
2020-01-07 00:00:00+00:00,-155.0,-95.0,-215.0,-295.0,-355.0,-240.0,-180.0,-300.0,-230.0,-290.0,-165.0,-120.0,-210.0,-70.0,-115.0,-140.0,-80.0,-200.0,-155.0,-215.0,-55.0,5.0,-115.0,-70.0,-130.0,125.0,155.0,95.0,95.0,65.0,-55.0,-25.0,-85.0,-35.0,-65.0,20.0,50.0,-10.0,25.0,-5.0,-10.0,5.0,-25.0,5.0,-10.0,0.0,0.0,0.0,0.0,0.0,-290.0,-275.0,-305.0,-290.0,-305.0
2020-01-08 00:00:00+00:00,200.0,275.0,125.0,105.0,45.0,385.0,415.0,355.0,510.0,480.0,540.0,600.0,480.0,550.0,490.0,30.0,45.0,15.0,40.0,25.0,0.0,0.0,0.0,0.0,0.0,0.0,0.0,0.0,0.0,0.0,0.0,0.0,0.0,0.0,0.0,0.0,0.0,0.0,0.0,0.0,0.0,0.0,0.0,0.0,0.0,0.0,0.0,0.0,0.0,0.0,615.0,630.0,600.0,565.0,550.0
2020-01-09 00:00:00+00:00,-160.0,-85.0,-235.0,-115.0,-190.0,-225.0,-150.0,-300.0,-100.0,-175.0,-135.0,-75.0,-195.0,-135.0,-195.0,35.0,80.0,-10.0,40.0,-5.0,70.0,115.0,25.0,15.0,-30.0,105.0,135.0,75.0,30.0,0.0,60.0,90.0,30.0,30.0,0.0,90.0,120.0,60.0,110.0,80.0,185.0,215.0,155.0,90.0,60.0,0.0,0.0,0.0,0.0,0.0,-25.0,-10.0,-40.0,25.0,10.0
2020-01-10 00:00:00+00:00,-30.0,45.0,-105.0,-65.0,-140.0,10.0,55.0,-35.0,30.0,-15.0,-5.0,40.0,-50.0,-50.0,-95.0,0.0,30.0,-30.0,25.0,-5.0,5.0,35.0,-25.0,15.0,-15.0,40.0,55.0,25.0,10.0,-5.0,5.0,35.0,-25.0,35.0,5.0,15.0,30.0,0.0,35.0,20.0,40.0,55.0,25.0,10.0,-5.0,0.0,0.0,0.0,0.0,0.0,80.0,95.0,65.0,90.0,75.0
2020-01-13 00:00:00+00:00,-30.0,45.0,-105.0,-65.0,-140.0,35.0,95.0,-25.0,80.0,20.0,-15.0,30.0,-60.0,15.0,-30.0,-70.0,5.0,-145.0,-115.0,-190.0,-110.0,-50.0,-170.0,-185.0,-245.0,-150.0,-120.0,-180.0,-200.0,-230.0,-170.0,-155.0,-185.0,-190.0,-205.0,-170.0,-155.0,-185.0,-190.0,-205.0,-170.0,-155.0,-185.0,-190.0,-205.0,0.0,0.0,0.0,0.0,0.0,-40.0,-25.0,-55.0,-120.0,-135.0
2020-01-14 00:00:00+00:00,80.0,125.0,35.0,180.0,135.0,245.0,290.0,200.0,235.0,190.0,240.0,255.0,225.0,30.0,15.0,-85.0,-40.0,-130.0,-255.0,-300.0,-145.0,-115.0,-175.0,-190.0,-220.0,-115.0,-85.0,-145.0,-50.0,-80.0,-135.0,-120.0,-150.0,-65.0,-80.0,-105.0,-90.0,-120.0,75.0,60.0,-105.0,-90.0,-120.0,75.0,60.0,0.0,0.0,0.0,0.0,0.0,215.0,230.0,200.0,265.0,250.0
2020-01-15 00:00:00+00:00,-35.0,40.0,-110.0,-60.0,-135.0,-60.0,0.0,-120.0,-20.0,-80.0,100.0,130.0,70.0,55.0,25.0,-10.0,35.0,-55.0,125.0,80.0,5.0,35.0,-25.0,95.0,65.0,40.0,55.0,25.0,55.0,40.0,75.0,120.0,30.0,105.0,60.0,10.0,25.0,-5.0,-5.0,-20.0,0.0,0.0,0.0,0.0,0.0,0.0,0.0,0.0,0.0,0.0,135.0,150.0,120.0,180.0,165.0
2020-01-16 00:00:00+00:00,-140.0,-65.0,-215.0,-100.0,-160.0,-170.0,-110.0,-230.0,-195.0,-255.0,-170.0,-125.0,-215.0,-190.0,-220.0,-70.0,-10.0,-130.0,-45.0,-105.0,-50.0,-5.0,-95.0,-25.0,-70.0,5.0,50.0,-40.0,0.0,-45.0,35.0,80.0,-10.0,-5.0,-50.0,35.0,65.0,5.0,-10.0,-40.0,35.0,65.0,5.0,-10.0,-40.0,0.0,0.0,0.0,0.0,0.0,-85.0,-70.0,-100.0,-30.0,-45.0
2020-01-17 00:00:00+00:00,-95.0,-5.0,-185.0,-170.0,-260.0,-125.0,-50.0,-200.0,-90.0,-165.0,-190.0,-115.0,-265.0,-75.0,-150.0,-40.0,35.0,-115.0,70.0,-5.0,90.0,150.0,30.0,20.0,-40.0,45.0,60.0,30.0,-25.0,-40.0,45.0,90.0,0.0,10.0,-35.0,75.0,105.0,45.0,5.0,-25.0,90.0,120.0,60.0,-50.0,-80.0,0.0,0.0,0.0,0.0,0.0,-25.0,-10.0,-40.0,-5.0,-20.0
2020-01-20 00:00:00+00:00,0.0,60.0,-60.0,-35.0,-95.0,-25.0,50.0,-100.0,-25.0,-100.0,55.0,100.0,10.0,25.0,-20.0,65.0,110.0,20.0,5.0,-40.0,65.0,110.0,20.0,5.0,-40.0,50.0,80.0,20.0,-5.0,-35.0,-20.0,40.0,-80.0,-85.0,-145.0,-5.0,25.0,-35.0,-65.0,-95.0,35.0,50.0,20.0,0.0,-15.0,0.0,0.0,0.0,0.0,0.0,155.0,170.0,140.0,145.0,130.0
2020-01-21 00:00:00+00:00,-40.0,35.0,-115.0,-140.0,-215.0,-55.0,-10.0,-100.0,-115.0,-160.0,-90.0,-60.0,-120.0,-70.0,-100.0,40.0,85.0,-5.0,75.0,30.0,10.0,40.0,-20.0,10.0,-20.0,40.0,55.0,25.0,55.0,40.0,30.0,45.0,15.0,90.0,75.0,60.0,75.0,45.0,115.0,100.0,60.0,75.0,45.0,115.0,100.0,0.0,0.0,0.0,0.0,0.0,105.0,120.0,90.0,90.0,75.0
2020-01-22 00:00:00+00:00,-80.0,-20.0,-140.0,-115.0,-175.0,-30.0,0.0,-60.0,-60.0,-90.0,-170.0,-110.0,-230.0,-95.0,-155.0,60.0,135.0,-15.0,-60.0,-120.0,65.0,140.0,-10.0,-50.0,-110.0,0.0,0.0,0.0,0.0,0.0,100.0,145.0,55.0,0.0,-30.0,105.0,150.0,60.0,15.0,-15.0,145.0,190.0,100.0,65.0,35.0,0.0,0.0,0.0,0.0,0.0,125.0,140.0,110.0,35.0,20.0
2020-01-23 00:00:00+00:00,-115.0,-40.0,-190.0,-80.0,-155.0,-100.0,-40.0,-160.0,-10.0,-70.0,-25.0,5.0,-55.0,20.0,-10.0,30.0,90.0,-30.0,40.0,-20.0,10.0,55.0,-35.0,20.0,-25.0,0.0,0.0,0.0,0.0,0.0,25.0,70.0,-20.0,10.0,-35.0,35.0,65.0,5.0,5.0,-25.0,0.0,15.0,-15.0,40.0,25.0,0.0,0.0,0.0,0.0,0.0,95.0,110.0,80.0,95.0,80.0
2020-01-24 00:00:00+00:00,-55.0,20.0,-130.0,-65.0,-140.0,-105.0,-60.0,-150.0,5.0,-40.0,-30.0,0.0,-60.0,-75.0,-105.0,-170.0,-110.0,-230.0,-185.0,-245.0,-110.0,-50.0,-170.0,-175.0,-235.0,-90.0,-45.0,-135.0,-125.0,-170.0,-50.0,-5.0,-95.0,-90.0,-135.0,-5.0,25.0,-35.0,-60.0,-90.0,-50.0,-35.0,-65.0,-105.0,-120.0,0.0,0.0,0.0,0.0,0.0,-80.0,-65.0,-95.0,-25.0,-40.0
2020-01-27 00:00:00+00:00,110.0,140.0,80.0,-145.0,-175.0,-125.0,-95.0,-155.0,-10.0,-25.0,0.0,0.0,0.0,0.0,0.0,-755.0,-725.0,-785.0,-590.0,-620.0,-670.0,-640.0,-700.0,-330.0,-360.0,-360.0,-330.0,-390.0,-240.0,-270.0,-575.0,-560.0,-590.0,-620.0,-635.0,-575.0,-560.0,-590.0,-620.0,-635.0,-475.0,-460.0,-490.0,-430.0,-445.0,0.0,0.0,0.0,0.0,0.0,-650.0,-635.0,-665.0,-785.0,-800.0
2020-01-28 00:00:00+00:00,-665.0,-560.0,-770.0,-115.0,-220.0,-560.0,-455.0,-665.0,-260.0,-365.0,-280.0,-220.0,-340.0,-15.0,-75.0,285.0,375.0,195.0,75.0,-15.0,235.0,280.0,190.0,160.0,115.0,235.0,280.0,190.0,160.0,115.0,330.0,405.0,255.0,150.0,75.0,160.0,205.0,115.0,250.0,205.0,245.0,290.0,200.0,145.0,100.0,0.0,0.0,0.0,0.0,0.0,-25.0,-10.0,-40.0,175.0,160.0
2020-01-29 00:00:00+00:00,-130.0,-55.0,-205.0,-395.0,-470.0,15.0,75.0,-45.0,110.0,50.0,-40.0,5.0,-85.0,-90.0,-135.0,20.0,65.0,-25.0,75.0,30.0,20.0,65.0,-25.0,75.0,30.0,-30.0,-15.0,-45.0,-5.0,-20.0,5.0,20.0,-10.0,20.0,5.0,5.0,20.0,-10.0,20.0,5.0,5.0,20.0,-10.0,20.0,5.0,0.0,0.0,0.0,0.0,0.0,25.0,40.0,10.0,-20.0,-35.0
2020-01-30 00:00:00+00:00,200.0,245.0,155.0,165.0,120.0,-135.0,-90.0,-180.0,-170.0,-215.0,-75.0,-30.0,-120.0,5.0,-40.0,-275.0,-215.0,-335.0,-175.0,-235.0,-50.0,-5.0,-95.0,50.0,5.0,25.0,40.0,10.0,45.0,30.0,-140.0,-110.0,-170.0,-130.0,-160.0,10.0,40.0,-20.0,-5.0,-35.0,-75.0,-60.0,-90.0,-70.0,-85.0,0.0,0.0,0.0,0.0,0.0,-45.0,-30.0,-60.0,-125.0,-140.0
2020-01-31 00:00:00+00:00,-120.0,-30.0,-210.0,-165.0,-255.0,-400.0,-325.0,-475.0,-315.0,-390.0,-95.0,-80.0,-110.0,0.0,0.0,-245.0,-170.0,-320.0,-310.0,-370.0,-370.0,-340.0,-400.0,-205.0,-235.0,-370.0,-340.0,-400.0,-205.0,-235.0,-290.0,-230.0,-350.0,-100.0,-160.0,-300.0,-255.0,-345.0,-100.0,-145.0,-95.0,-65.0,-125.0,190.0,160.0,0.0,0.0,0.0,0.0,0.0,-345.0,-330.0,-360.0,-380.0,-395.0
2020-02-03 00:00:00+00:00,-100.0,-40.0,-160.0,10.0,-50.0,-240.0,-180.0,-300.0,20.0,-40.0,-185.0,-155.0,-215.0,-160.0,-190.0,-80.0,-50.0,-110.0,35.0,5.0,-120.0,-90.0,-150.0,-55.0,-85.0,-85.0,-70.0,-100.0,-90.0,-105.0,65.0,95.0,35.0,-75.0,-105.0,35.0,50.0,20.0,65.0,50.0,75.0,90.0,60.0,115.0,100.0,0.0,0.0,0.0,0.0,0.0,-30.0,-15.0,-45.0,90.0,75.0
2020-02-04 00:00:00+00:00,-210.0,-135.0,-285.0,-110.0,-185.0,-285.0,-225.0,-345.0,-160.0,-220.0,-205.0,-160.0,-250.0,-225.0,-270.0,125.0,170.0,80.0,140.0,95.0,115.0,160.0,70.0,210.0,165.0,110.0,140.0,80.0,25.0,-5.0,150.0,180.0,120.0,225.0,195.0,160.0,190.0,130.0,220.0,190.0,175.0,190.0,160.0,125.0,110.0,0.0,0.0,0.0,0.0,0.0,150.0,165.0,135.0,75.0,60.0
2020-02-05 00:00:00+00:00,220.0,295.0,145.0,400.0,325.0,280.0,310.0,250.0,385.0,355.0,150.0,180.0,120.0,145.0,115.0,-10.0,20.0,-40.0,-95.0,-125.0,-70.0,-55.0,-85.0,-105.0,-120.0,0.0,0.0,0.0,0.0,0.0,55.0,70.0,40.0,65.0,50.0,75.0,90.0,60.0,40.0,25.0,75.0,90.0,60.0,40.0,25.0,0.0,0.0,0.0,0.0,0.0,280.0,295.0,265.0,250.0,235.0
2020-02-06 00:00:00+00:00,-25.0,35.0,-85.0,-120.0,-180.0,-90.0,-30.0,-150.0,-215.0,-260.0,-70.0,-40.0,-100.0,-85.0,-115.0,-230.0,-170.0,-290.0,-125.0,-185.0,-220.0,-160.0,-280.0,-180.0,-240.0,-220.0,-160.0,-280.0,-180.0,-240.0,-315.0,-270.0,-360.0,-140.0,-185.0,-340.0,-310.0,-370.0,-265.0,-295.0,-200.0,-170.0,-230.0,-190.0,-220.0,0.0,0.0,0.0,0.0,0.0,-210.0,-195.0,-225.0,-190.0,-205.0
2020-02-07 00:00:00+00:00,-500.0,-425.0,-575.0,-145.0,-220.0,-240.0,-180.0,-300.0,-45.0,-105.0,-150.0,-120.0,-180.0,0.0,-30.0,-300.0,-255.0,-345.0,-445.0,-490.0,-300.0,-255.0,-345.0,-445.0,-490.0,-195.0,-150.0,-240.0,-315.0,-360.0,-320.0,-305.0,-335.0,-375.0,-390.0,-320.0,-305.0,-335.0,-375.0,-390.0,-320.0,-305.0,-335.0,-375.0,-390.0,0.0,0.0,0.0,0.0,0.0,-455.0,-440.0,-470.0,-405.0,-420.0
2020-02-10 00:00:00+00:00,345.0,390.0,300.0,110.0,65.0,25.0,55.0,-5.0,-30.0,-60.0,-140.0,-95.0,-185.0,-245.0,-290.0,-10.0,35.0,-55.0,-90.0,-135.0,-40.0,-10.0,-70.0,-110.0,-140.0,55.0,85.0,25.0,-10.0,-40.0,250.0,280.0,220.0,210.0,180.0,20.0,35.0,5.0,260.0,245.0,40.0,55.0,25.0,300.0,285.0,0.0,0.0,0.0,0.0,0.0,195.0,210.0,180.0,-10.0,-25.0
2020-02-11 00:00:00+00:00,-80.0,10.0,-170.0,75.0,-15.0,105.0,135.0,75.0,85.0,55.0,45.0,60.0,30.0,35.0,20.0,40.0,85.0,-5.0,30.0,0.0,40.0,85.0,-5.0,30.0,0.0,20.0,35.0,5.0,30.0,15.0,-35.0,10.0,-80.0,25.0,-5.0,70.0,100.0,40.0,105.0,90.0,70.0,100.0,40.0,105.0,90.0,0.0,0.0,0.0,0.0,0.0,50.0,65.0,35.0,175.0,160.0
2020-02-12 00:00:00+00:00,-105.0,-45.0,-165.0,-210.0,-270.0,-165.0,-105.0,-225.0,-105.0,-165.0,-165.0,-120.0,-210.0,-175.0,-220.0,50.0,110.0,-10.0,95.0,50.0,50.0,110.0,-10.0,95.0,50.0,50.0,110.0,-10.0,95.0,50.0,70.0,115.0,25.0,90.0,45.0,85.0,115.0,55.0,80.0,50.0,85.0,115.0,55.0,40.0,10.0,0.0,0.0,0.0,0.0,0.0,-35.0,-20.0,-50.0,-30.0,-45.0
2020-02-13 00:00:00+00:00,-105.0,-60.0,-150.0,-270.0,-315.0,-60.0,-45.0,-75.0,-100.0,-115.0,-135.0,-90.0,-180.0,-110.0,-155.0,-325.0,-280.0,-370.0,-150.0,-195.0,-205.0,-160.0,-250.0,-120.0,-165.0,-175.0,-130.0,-220.0,-100.0,-145.0,-330.0,-300.0,-360.0,-145.0,-175.0,-275.0,-245.0,-305.0,-165.0,-195.0,-250.0,-220.0,-280.0,-220.0,-250.0,0.0,0.0,0.0,0.0,0.0,-320.0,-305.0,-335.0,-315.0,-330.0
2020-02-14 00:00:00+00:00,-180.0,-105.0,-255.0,-185.0,-245.0,-60.0,-15.0,-105.0,-5.0,-50.0,-90.0,-60.0,-120.0,-95.0,-110.0,-20.0,25.0,-65.0,30.0,-15.0,-5.0,25.0,-35.0,10.0,-20.0,-5.0,25.0,-35.0,10.0,-20.0,20.0,50.0,-10.0,65.0,35.0,20.0,50.0,-10.0,65.0,35.0,20.0,50.0,-10.0,65.0,35.0,0.0,0.0,0.0,0.0,0.0,-45.0,-30.0,-60.0,20.0,5.0
2020-02-18 00:00:00+00:00,-270.0,-165.0,-375.0,-195.0,-300.0,-255.0,-180.0,-330.0,10.0,-65.0,-130.0,-100.0,-160.0,-30.0,-60.0,-10.0,35.0,-55.0,-50.0,-95.0,-10.0,35.0,-55.0,-50.0,-95.0,-10.0,35.0,-55.0,-50.0,-95.0,-30.0,0.0,-60.0,-65.0,-95.0,-30.0,0.0,-60.0,-75.0,-105.0,60.0,75.0,45.0,70.0,55.0,0.0,0.0,0.0,0.0,0.0,-170.0,-155.0,-185.0,-125.0,-140.0
2020-02-19 00:00:00+00:00,-100.0,-25.0,-175.0,-120.0,-180.0,-25.0,35.0,-85.0,-110.0,-170.0,-155.0,-80.0,-230.0,-95.0,-170.0,-75.0,0.0,-150.0,-45.0,-120.0,-75.0,0.0,-150.0,-45.0,-120.0,-65.0,-50.0,-80.0,20.0,5.0,-35.0,25.0,-95.0,-30.0,-90.0,5.0,50.0,-40.0,-75.0,-120.0,-25.0,-10.0,-40.0,-40.0,-55.0,0.0,0.0,0.0,0.0,0.0,10.0,25.0,-5.0,0.0,-15.0
2020-02-20 00:00:00+00:00,-155.0,-80.0,-230.0,-95.0,-170.0,-210.0,-150.0,-270.0,-145.0,-205.0,-105.0,-45.0,-165.0,-195.0,-255.0,80.0,140.0,20.0,50.0,-10.0,10.0,55.0,-35.0,10.0,-35.0,30.0,75.0,-15.0,20.0,-25.0,65.0,110.0,20.0,80.0,35.0,120.0,165.0,75.0,100.0,55.0,-70.0,-55.0,-85.0,-50.0,-65.0,0.0,0.0,0.0,0.0,0.0,-120.0,-105.0,-135.0,-145.0,-160.0
2020-02-21 00:00:00+00:00,-240.0,-165.0,-315.0,-505.0,-565.0,-375.0,-285.0,-465.0,-345.0,-435.0,-415.0,-370.0,-460.0,-415.0,-460.0,325.0,385.0,265.0,320.0,260.0,340.0,400.0,280.0,275.0,215.0,140.0,155.0,125.0,110.0,95.0,270.0,315.0,225.0,230.0,185.0,305.0,350.0,260.0,200.0,155.0,235.0,265.0,205.0,225.0,195.0,0.0,0.0,0.0,0.0,0.0,-90.0,-75.0,-105.0,-70.0,-85.0
2020-02-24 00:00:00+00:00,60.0,105.0,15.0,120.0,90.0,175.0,220.0,130.0,420.0,375.0,-95.0,-80.0,-110.0,-90.0,-105.0,-755.0,-725.0,-785.0,-760.0,-790.0,-755.0,-725.0,-785.0,-760.0,-790.0,-755.0,-725.0,-785.0,-760.0,-790.0,-730.0,-685.0,-775.0,-445.0,-490.0,-435.0,-405.0,-465.0,-440.0,-470.0,-460.0,-430.0,-490.0,-410.0,-440.0,0.0,0.0,0.0,0.0,0.0,-685.0,-670.0,-700.0,-245.0,-260.0
2020-02-25 00:00:00+00:00,-330.0,-285.0,-375.0,-195.0,-240.0,100.0,130.0,70.0,210.0,180.0,195.0,225.0,165.0,20.0,5.0,-345.0,-315.0,-375.0,-145.0,-175.0,-345.0,-315.0,-375.0,-145.0,-175.0,-270.0,-240.0,-300.0,-195.0,-225.0,-645.0,-630.0,-660.0,-640.0,-655.0,-645.0,-630.0,-660.0,-640.0,-655.0,-320.0,-305.0,-335.0,-300.0,-315.0,0.0,0.0,0.0,0.0,0.0,-320.0,-305.0,-335.0,-290.0,-305.0
2020-02-26 00:00:00+00:00,635.0,695.0,575.0,1005.0,945.0,90.0,150.0,30.0,-150.0,-210.0,655.0,670.0,640.0,530.0,515.0,330.0,390.0,270.0,515.0,455.0,260.0,290.0,230.0,770.0,740.0,865.0,895.0,835.0,680.0,650.0,270.0,300.0,240.0,615.0,585.0,335.0,365.0,305.0,465.0,435.0,30.0,45.0,15.0,260.0,245.0,0.0,0.0,0.0,0.0,0.0,925.0,940.0,910.0,1270.0,1255.0
2020-02-27 00:00:00+00:00,-400.0,-325.0,-475.0,-670.0,-745.0,-260.0,-245.0,-275.0,-340.0,-355.0,-135.0,-120.0,-150.0,-240.0,-255.0,-555.0,-510.0,-600.0,-10.0,-55.0,-315.0,-270.0,-360.0,125.0,80.0,95.0,125.0,65.0,375.0,345.0,-275.0,-260.0,-290.0,-445.0,-460.0,-275.0,-260.0,-290.0,-445.0,-460.0,-165.0,-150.0,-180.0,-365.0,-380.0,0.0,0.0,0.0,0.0,0.0,-580.0,-565.0,-595.0,-715.0,-730.0
2020-02-28 00:00:00+00:00,335.0,395.0,275.0,490.0,430.0,760.0,790.0,730.0,810.0,780.0,485.0,515.0,455.0,1075.0,1045.0,485.0,530.0,440.0,655.0,625.0,445.0,475.0,415.0,195.0,180.0,890.0,905.0,875.0,1055.0,1040.0,20.0,35.0,5.0,15.0,0.0,30.0,45.0,15.0,190.0,175.0,1380.0,1395.0,1365.0,850.0,835.0,0.0,0.0,0.0,0.0,0.0,670.0,685.0,655.0,870.0,855.0
2020-03-02 00:00:00+00:00,-1110.0,-1020.0,-1200.0,-950.0,-1040.0,-1580.0,-1535.0,-1625.0,-1505.0,-1550.0,-1515.0,-1470.0,-1560.0,-1140.0,-1185.0,-1880.0,-1805.0,-1955.0,-2610.0,-2685.0,-1385.0,-1325.0,-1445.0,-2195.0,-2255.0,-1545.0,-1500.0,-1590.0,-1845.0,-1890.0,-2580.0,-2535.0,-2625.0,-2505.0,-2550.0,-1575.0,-1530.0,-1620.0,-1505.0,-1550.0,-1610.0,-1580.0,-1640.0,-1535.0,-1565.0,0.0,0.0,0.0,0.0,0.0,-2940.0,-2925.0,-2955.0,-3340.0,-3355.0
2020-03-03 00:00:00+00:00,-640.0,-580.0,-700.0,-860.0,-920.0,-300.0,-255.0,-345.0,505.0,460.0,295.0,340.0,250.0,-35.0,-80.0,165.0,225.0,105.0,620.0,560.0,345.0,405.0,285.0,460.0,400.0,115.0,160.0,70.0,120.0,75.0,190.0,250.0,130.0,210.0,150.0,-370.0,-340.0,-400.0,-65.0,-95.0,-385.0,-370.0,-400.0,-190.0,-205.0,0.0,0.0,0.0,0.0,0.0,-190.0,-175.0,-205.0,-45.0,-60.0
2020-03-04 00:00:00+00:00,435.0,540.0,330.0,-45.0,-135.0,490.0,550.0,430.0,195.0,150.0,485.0,515.0,455.0,145.0,115.0,-180.0,-165.0,-195.0,35.0,20.0,-180.0,-165.0,-195.0,35.0,20.0,-180.0,-165.0,-195.0,35.0,20.0,-180.0,-165.0,-195.0,35.0,20.0,-15.0,0.0,-30.0,75.0,60.0,-130.0,-115.0,-145.0,40.0,25.0,0.0,0.0,0.0,0.0,0.0,500.0,515.0,485.0,410.0,395.0
2020-03-05 00:00:00+00:00,-490.0,-430.0,-550.0,-890.0,-950.0,-605.0,-530.0,-680.0,-310.0,-370.0,-375.0,-360.0,-390.0,-390.0,-405.0,20.0,95.0,-55.0,195.0,120.0,-135.0,-75.0,-195.0,-5.0,-65.0,25.0,55.0,-5.0,-45.0,-75.0,-265.0,-235.0,-295.0,85.0,55.0,-265.0,-235.0,-295.0,85.0,55.0,-125.0,-95.0,-155.0,145.0,115.0,0.0,0.0,0.0,0.0,0.0,-510.0,-495.0,-525.0,-635.0,-650.0
2020-03-06 00:00:00+00:00,-60.0,-15.0,-105.0,-1015.0,-1045.0,-520.0,-490.0,-550.0,-1115.0,-1145.0,-500.0,-470.0,-530.0,-420.0,-450.0,-1290.0,-1260.0,-1320.0,-1540.0,-1570.0,-1185.0,-1155.0,-1215.0,-1605.0,-1635.0,-1475.0,-1460.0,-1490.0,-1460.0,-1475.0,-1285.0,-1255.0,-1315.0,-1315.0,-1345.0,-1475.0,-1460.0,-1490.0,-1460.0,-1475.0,-1125.0,-1110.0,-1140.0,-880.0,-895.0,0.0,0.0,0.0,0.0,0.0,-1650.0,-1635.0,-1665.0,-1740.0,-1755.0
2020-03-10 00:00:00+00:00,525.0,585.0,465.0,-150.0,-210.0,210.0,270.0,150.0,125.0,65.0,215.0,245.0,185.0,350.0,320.0,-5.0,40.0,-50.0,105.0,60.0,-5.0,40.0,-50.0,105.0,60.0,0.0,0.0,0.0,0.0,0.0,-205.0,-175.0,-235.0,-535.0,-565.0,-320.0,-305.0,-335.0,-620.0,-635.0,0.0,0.0,0.0,0.0,0.0,0.0,0.0,0.0,0.0,0.0,295.0,310.0,280.0,-135.0,-150.0
2020-03-11 00:00:00+00:00,-870.0,-765.0,-975.0,350.0,245.0,-1090.0,-1030.0,-1150.0,-930.0,-990.0,-705.0,-675.0,-735.0,-965.0,-995.0,215.0,305.0,125.0,-520.0,-610.0,-60.0,0.0,-120.0,-1075.0,-1135.0,-90.0,-45.0,-135.0,-1040.0,-1085.0,-35.0,25.0,-95.0,-435.0,-495.0,120.0,180.0,60.0,-1120.0,-1180.0,465.0,495.0,435.0,-560.0,-590.0,0.0,0.0,0.0,0.0,0.0,-1515.0,-1500.0,-1530.0,-1570.0,-1585.0
2020-03-23 00:00:00+00:00,135.0,195.0,75.0,240.0,180.0,-5.0,40.0,-50.0,-355.0,-400.0,105.0,120.0,90.0,-185.0,-200.0,430.0,505.0,355.0,-415.0,-490.0,-35.0,10.0,-80.0,-235.0,-280.0,0.0,0.0,0.0,0.0,0.0,-620.0,-605.0,-635.0,-640.0,-655.0,0.0,0.0,0.0,0.0,0.0,0.0,0.0,0.0,0.0,0.0,0.0,0.0,0.0,0.0,0.0,255.0,270.0,240.0,-95.0,-110.0
2020-03-25 00:00:00+00:00,-1060.0,-1000.0,-1120.0,535.0,490.0,-1220.0,-1190.0,-1250.0,-310.0,-325.0,-410.0,-395.0,-425.0,-325.0,-340.0,-4315.0,-4300.0,-4330.0,-4030.0,-4045.0,-3860.0,-3845.0,-3875.0,-3470.0,-3485.0,-3860.0,-3845.0,-3875.0,-3470.0,-3485.0,-2565.0,-2550.0,-2580.0,-3105.0,-3120.0,-2565.0,-2550.0,-2580.0,-3105.0,-3120.0,-2130.0,-2115.0,-2145.0,-3025.0,-3040.0,0.0,0.0,0.0,0.0,0.0,-3820.0,-3805.0,-3835.0,-4215.0,-4230.0
2020-03-26 00:00:00+00:00,-355.0,-265.0,-445.0,-770.0,-845.0,120.0,180.0,60.0,-310.0,-370.0,770.0,830.0,710.0,-210.0,-270.0,225.0,270.0,180.0,165.0,120.0,205.0,250.0,160.0,295.0,250.0,0.0,0.0,0.0,0.0,0.0,320.0,335.0,305.0,70.0,55.0,0.0,0.0,0.0,0.0,0.0,0.0,0.0,0.0,0.0,0.0,0.0,0.0,0.0,0.0,0.0,-165.0,-150.0,-180.0,-610.0,-625.0
2020-03-27 00:00:00+00:00,-945.0,-885.0,-1005.0,-1930.0,-1990.0,-715.0,-700.0,-730.0,-265.0,-280.0,-605.0,-575.0,-635.0,-830.0,-860.0,-10.0,65.0,-85.0,1250.0,1190.0,180.0,240.0,120.0,1410.0,1350.0,300.0,360.0,240.0,1010.0,950.0,-420.0,-375.0,-465.0,-80.0,-110.0,-420.0,-375.0,-465.0,-80.0,-110.0,-420.0,-405.0,-435.0,-340.0,-355.0,0.0,0.0,0.0,0.0,0.0,-1385.0,-1370.0,-1400.0,-1330.0,-1345.0
2020-03-30 00:00:00+00:00,-10.0,65.0,-85.0,-825.0,-900.0,-1320.0,-1230.0,-1410.0,-525.0,-615.0,-2010.0,-1890.0,-2130.0,-20.0,-140.0,1090.0,1150.0,1030.0,1155.0,1095.0,1560.0,1605.0,1515.0,890.0,845.0,1310.0,1340.0,1280.0,1150.0,1120.0,730.0,775.0,685.0,700.0,655.0,195.0,210.0,180.0,240.0,225.0,0.0,0.0,0.0,0.0,0.0,0.0,0.0,0.0,0.0,0.0,635.0,650.0,620.0,1160.0,1145.0
2020-03-31 00:00:00+00:00,-430.0,-370.0,-490.0,-515.0,-575.0,-570.0,-540.0,-600.0,-730.0,-760.0,105.0,120.0,90.0,25.0,10.0,-790.0,-745.0,-835.0,-825.0,-870.0,-400.0,-370.0,-430.0,-405.0,-435.0,-255.0,-240.0,-270.0,-360.0,-375.0,-1015.0,-1000.0,-1030.0,-955.0,-970.0,-1015.0,-1000.0,-1030.0,-955.0,-970.0,-930.0,-915.0,-945.0,-965.0,-980.0,0.0,0.0,0.0,0.0,0.0,-1180.0,-1165.0,-1195.0,-1160.0,-1175.0
2020-04-01 00:00:00+00:00,-555.0,-450.0,-660.0,205.0,100.0,-280.0,-220.0,-340.0,205.0,145.0,-355.0,-295.0,-415.0,175.0,115.0,70.0,130.0,10.0,-360.0,-420.0,15.0,60.0,-30.0,-415.0,-460.0,180.0,195.0,165.0,155.0,140.0,-290.0,-260.0,-320.0,-555.0,-585.0,-235.0,-220.0,-250.0,-135.0,-150.0,-235.0,-220.0,-250.0,-135.0,-150.0,0.0,0.0,0.0,0.0,0.0,-635.0,-620.0,-650.0,-530.0,-545.0
2020-04-02 00:00:00+00:00,-235.0,-160.0,-310.0,55.0,-5.0,-395.0,-335.0,-455.0,-90.0,-135.0,-510.0,-465.0,-555.0,-230.0,-275.0,50.0,125.0,-25.0,-345.0,-420.0,50.0,125.0,-25.0,-345.0,-420.0,110.0,140.0,80.0,-280.0,-310.0,185.0,260.0,110.0,-165.0,-240.0,110.0,155.0,65.0,215.0,170.0,220.0,265.0,175.0,210.0,165.0,0.0,0.0,0.0,0.0,0.0,-65.0,-50.0,-80.0,-120.0,-135.0
2020-04-03 00:00:00+00:00,255.0,330.0,180.0,15.0,-45.0,235.0,310.0,160.0,-260.0,-320.0,620.0,635.0,605.0,720.0,705.0,335.0,395.0,275.0,-50.0,-110.0,335.0,395.0,275.0,-50.0,-110.0,265.0,295.0,235.0,-295.0,-325.0,-260.0,-245.0,-275.0,-45.0,-60.0,130.0,145.0,115.0,310.0,295.0,130.0,145.0,115.0,310.0,295.0,0.0,0.0,0.0,0.0,0.0,580.0,595.0,565.0,810.0,795.0
2020-04-06 00:00:00+00:00,-280.0,-235.0,-325.0,-200.0,-245.0,-365.0,-320.0,-410.0,-285.0,-330.0,120.0,135.0,105.0,-60.0,-75.0,210.0,255.0,165.0,265.0,220.0,210.0,255.0,165.0,265.0,220.0,50.0,65.0,35.0,80.0,65.0,95.0,125.0,65.0,35.0,5.0,145.0,175.0,115.0,225.0,195.0,145.0,175.0,115.0,225.0,195.0,0.0,0.0,0.0,0.0,0.0,-165.0,-150.0,-180.0,-60.0,-75.0
2020-04-07 00:00:00+00:00,-85.0,-10.0,-160.0,575.0,500.0,500.0,545.0,455.0,235.0,190.0,865.0,910.0,820.0,715.0,670.0,305.0,350.0,260.0,575.0,530.0,415.0,460.0,370.0,405.0,360.0,-20.0,-5.0,-35.0,275.0,260.0,245.0,275.0,215.0,-70.0,-100.0,220.0,250.0,190.0,-115.0,-145.0,340.0,355.0,325.0,225.0,210.0,0.0,0.0,0.0,0.0,0.0,785.0,800.0,770.0,635.0,620.0
2020-04-08 00:00:00+00:00,-320.0,-230.0,-410.0,430.0,340.0,-275.0,-200.0,-350.0,420.0,345.0,430.0,460.0,400.0,975.0,945.0,565.0,610.0,520.0,30.0,-15.0,730.0,775.0,685.0,-50.0,-95.0,540.0,570.0,510.0,-200.0,-230.0,570.0,600.0,540.0,-30.0,-60.0,280.0,295.0,265.0,155.0,140.0,280.0,295.0,265.0,155.0,140.0,0.0,0.0,0.0,0.0,0.0,795.0,810.0,780.0,775.0,760.0
2020-04-09 00:00:00+00:00,-935.0,-875.0,-995.0,-1130.0,-1190.0,-1500.0,-1455.0,-1545.0,-845.0,-890.0,-650.0,-620.0,-680.0,-1075.0,-1105.0,495.0,570.0,420.0,130.0,70.0,495.0,570.0,420.0,130.0,70.0,445.0,475.0,415.0,330.0,300.0,-55.0,-10.0,-100.0,165.0,120.0,195.0,240.0,150.0,210.0,165.0,885.0,930.0,840.0,415.0,370.0,0.0,0.0,0.0,0.0,0.0,-705.0,-690.0,-720.0,-645.0,-660.0
2020-04-13 00:00:00+00:00,260.0,335.0,185.0,440.0,365.0,605.0,665.0,545.0,410.0,350.0,615.0,645.0,585.0,510.0,480.0,-15.0,15.0,-45.0,-5.0,-35.0,-20.0,10.0,-50.0,10.0,-20.0,-20.0,10.0,-50.0,10.0,-20.0,35.0,65.0,5.0,55.0,25.0,105.0,135.0,75.0,45.0,15.0,90.0,105.0,75.0,55.0,40.0,0.0,0.0,0.0,0.0,0.0,780.0,795.0,765.0,810.0,795.0
2020-04-14 00:00:00+00:00,-265.0,-220.0,-310.0,-480.0,-525.0,-610.0,-550.0,-670.0,-360.0,-420.0,-710.0,-635.0,-785.0,-700.0,-775.0,310.0,385.0,235.0,395.0,320.0,185.0,230.0,140.0,290.0,245.0,265.0,280.0,250.0,70.0,55.0,685.0,745.0,625.0,815.0,755.0,685.0,745.0,625.0,815.0,755.0,475.0,505.0,445.0,340.0,310.0,0.0,0.0,0.0,0.0,0.0,480.0,495.0,465.0,305.0,290.0
2020-04-15 00:00:00+00:00,-560.0,-455.0,-665.0,-635.0,-740.0,-430.0,-355.0,-505.0,-210.0,-285.0,80.0,125.0,35.0,-45.0,-90.0,595.0,640.0,550.0,355.0,310.0,400.0,430.0,370.0,160.0,130.0,205.0,220.0,190.0,155.0,140.0,525.0,570.0,480.0,435.0,390.0,520.0,565.0,475.0,425.0,380.0,0.0,0.0,0.0,0.0,0.0,0.0,0.0,0.0,0.0,0.0,135.0,150.0,120.0,140.0,125.0
2020-04-16 00:00:00+00:00,-365.0,-290.0,-440.0,-755.0,-830.0,-240.0,-210.0,-270.0,-470.0,-500.0,-220.0,-160.0,-280.0,-200.0,-245.0,25.0,100.0,-50.0,270.0,195.0,395.0,455.0,335.0,295.0,235.0,310.0,355.0,265.0,40.0,-5.0,155.0,200.0,110.0,35.0,-10.0,155.0,200.0,110.0,35.0,-10.0,230.0,245.0,215.0,130.0,115.0,0.0,0.0,0.0,0.0,0.0,-585.0,-570.0,-600.0,-205.0,-220.0
2020-04-17 00:00:00+00:00,275.0,320.0,230.0,45.0,0.0,75.0,120.0,30.0,205.0,160.0,145.0,175.0,115.0,360.0,330.0,285.0,330.0,240.0,150.0,105.0,135.0,165.0,105.0,0.0,-30.0,-85.0,-70.0,-100.0,35.0,20.0,285.0,330.0,240.0,150.0,105.0,285.0,330.0,240.0,150.0,105.0,0.0,0.0,0.0,0.0,0.0,0.0,0.0,0.0,0.0,0.0,555.0,570.0,540.0,490.0,475.0
2020-04-20 00:00:00+00:00,-320.0,-275.0,-365.0,-205.0,-250.0,-235.0,-205.0,-265.0,-245.0,-275.0,-145.0,-115.0,-175.0,-205.0,-235.0,-930.0,-870.0,-990.0,-910.0,-970.0,-960.0,-915.0,-1005.0,-780.0,-825.0,-430.0,-385.0,-475.0,-555.0,-600.0,-1160.0,-1130.0,-1190.0,-1075.0,-1105.0,-1025.0,-995.0,-1055.0,-1030.0,-1060.0,-905.0,-875.0,-935.0,-1175.0,-1205.0,0.0,0.0,0.0,0.0,0.0,-1615.0,-1600.0,-1630.0,-1670.0,-1685.0
2020-04-21 00:00:00+00:00,-835.0,-760.0,-910.0,-515.0,-575.0,-1175.0,-1130.0,-1220.0,-1350.0,-1395.0,-140.0,-110.0,-170.0,-205.0,-235.0,-440.0,-395.0,-485.0,-185.0,-230.0,-115.0,-70.0,-160.0,-100.0,-145.0,-115.0,-70.0,-160.0,-100.0,-145.0,-1115.0,-1070.0,-1160.0,-1050.0,-1095.0,-995.0,-965.0,-1025.0,-1030.0,-1060.0,-995.0,-965.0,-1025.0,-1030.0,-1060.0,0.0,0.0,0.0,0.0,0.0,-1910.0,-1895.0,-1925.0,-1620.0,-1635.0
2020-04-22 00:00:00+00:00,-605.0,-530.0,-680.0,-265.0,-340.0,-280.0,-235.0,-325.0,-260.0,-305.0,-355.0,-310.0,-400.0,-220.0,-265.0,115.0,160.0,70.0,30.0,-15.0,115.0,160.0,70.0,30.0,-15.0,90.0,120.0,60.0,-95.0,-125.0,-195.0,-180.0,-210.0,-215.0,-230.0,-190.0,-175.0,-205.0,-270.0,-285.0,-90.0,-75.0,-105.0,-80.0,-95.0,0.0,0.0,0.0,0.0,0.0,-475.0,-460.0,-490.0,-205.0,-220.0
2020-04-23 00:00:00+00:00,-520.0,-430.0,-610.0,-340.0,-430.0,-25.0,20.0,-70.0,-130.0,-175.0,80.0,110.0,50.0,-90.0,-120.0,320.0,380.0,260.0,-5.0,-65.0,260.0,305.0,215.0,75.0,30.0,70.0,100.0,40.0,30.0,0.0,120.0,150.0,90.0,75.0,45.0,30.0,45.0,15.0,-5.0,-20.0,30.0,45.0,15.0,-5.0,-20.0,0.0,0.0,0.0,0.0,0.0,45.0,60.0,30.0,-150.0,-165.0
2020-04-24 00:00:00+00:00,325.0,415.0,235.0,695.0,620.0,855.0,900.0,810.0,725.0,680.0,630.0,660.0,600.0,580.0,550.0,275.0,320.0,230.0,175.0,145.0,0.0,0.0,0.0,0.0,0.0,0.0,0.0,0.0,0.0,0.0,0.0,0.0,0.0,0.0,0.0,0.0,0.0,0.0,0.0,0.0,0.0,0.0,0.0,0.0,0.0,0.0,0.0,0.0,0.0,0.0,870.0,885.0,855.0,810.0,795.0
2020-04-27 00:00:00+00:00,35.0,125.0,-55.0,-110.0,-200.0,-205.0,-145.0,-265.0,55.0,-5.0,-35.0,-5.0,-65.0,130.0,100.0,220.0,295.0,145.0,40.0,-35.0,370.0,430.0,310.0,225.0,165.0,205.0,235.0,175.0,245.0,215.0,115.0,160.0,70.0,-125.0,-170.0,-25.0,5.0,-55.0,-270.0,-300.0,15.0,30.0,0.0,-195.0,-210.0,0.0,0.0,0.0,0.0,0.0,60.0,75.0,45.0,115.0,100.0
2020-04-28 00:00:00+00:00,965.0,1010.0,920.0,895.0,850.0,495.0,555.0,435.0,290.0,230.0,960.0,990.0,930.0,765.0,735.0,225.0,270.0,180.0,180.0,135.0,165.0,180.0,150.0,150.0,135.0,0.0,0.0,0.0,0.0,0.0,165.0,180.0,150.0,150.0,135.0,0.0,0.0,0.0,0.0,0.0,0.0,0.0,0.0,0.0,0.0,0.0,0.0,0.0,0.0,0.0,1175.0,1190.0,1160.0,1035.0,1020.0
2020-04-29 00:00:00+00:00,-65.0,-5.0,-125.0,-245.0,-305.0,-195.0,-165.0,-225.0,-295.0,-325.0,-255.0,-225.0,-285.0,-270.0,-300.0,-100.0,-55.0,-145.0,-305.0,-350.0,-100.0,-55.0,-145.0,-250.0,-280.0,-185.0,-155.0,-215.0,-245.0,-260.0,-135.0,-120.0,-150.0,-95.0,-110.0,-135.0,-120.0,-150.0,-95.0,-110.0,-135.0,-120.0,-150.0,-95.0,-110.0,0.0,0.0,0.0,0.0,0.0,-360.0,-345.0,-375.0,-350.0,-365.0
2020-04-30 00:00:00+00:00,-55.0,-25.0,-85.0,-5.0,-35.0,-120.0,-90.0,-150.0,0.0,-30.0,20.0,50.0,-10.0,-65.0,-95.0,-565.0,-520.0,-610.0,-595.0,-640.0,-565.0,-520.0,-610.0,-595.0,-640.0,-610.0,-580.0,-640.0,-345.0,-375.0,-350.0,-320.0,-380.0,-765.0,-795.0,-385.0,-370.0,-400.0,-840.0,-855.0,-385.0,-370.0,-400.0,-840.0,-855.0,0.0,0.0,0.0,0.0,0.0,-755.0,-740.0,-770.0,-770.0,-785.0
2020-05-01 00:00:00+00:00,-340.0,-265.0,-415.0,-75.0,-150.0,-255.0,-210.0,-300.0,-55.0,-100.0,-300.0,-255.0,-345.0,-375.0,-420.0,-105.0,-45.0,-165.0,-280.0,-340.0,-85.0,-40.0,-130.0,85.0,40.0,140.0,185.0,95.0,-100.0,-130.0,180.0,225.0,135.0,65.0,20.0,95.0,125.0,65.0,115.0,85.0,95.0,125.0,65.0,115.0,85.0,0.0,0.0,0.0,0.0,0.0,-115.0,-100.0,-130.0,-65.0,-80.0
2020-05-04 00:00:00+00:00,160.0,220.0,100.0,195.0,135.0,175.0,190.0,160.0,5.0,-10.0,-105.0,-75.0,-135.0,60.0,30.0,-230.0,-185.0,-275.0,-150.0,-195.0,-190.0,-160.0,-220.0,-125.0,-155.0,-190.0,-160.0,-220.0,-125.0,-155.0,-10.0,20.0,-40.0,165.0,135.0,70.0,100.0,40.0,140.0,110.0,120.0,150.0,90.0,240.0,210.0,0.0,0.0,0.0,0.0,0.0,150.0,165.0,135.0,480.0,465.0
2020-05-05 00:00:00+00:00,180.0,240.0,120.0,-140.0,-200.0,140.0,170.0,110.0,470.0,440.0,80.0,95.0,65.0,275.0,260.0,265.0,310.0,220.0,275.0,245.0,195.0,225.0,165.0,275.0,245.0,-5.0,10.0,-20.0,125.0,110.0,190.0,205.0,175.0,225.0,210.0,190.0,205.0,175.0,225.0,210.0,190.0,205.0,175.0,225.0,210.0,0.0,0.0,0.0,0.0,0.0,700.0,715.0,685.0,650.0,635.0
2020-05-06 00:00:00+00:00,-55.0,5.0,-115.0,130.0,70.0,-25.0,35.0,-85.0,10.0,-50.0,45.0,75.0,15.0,10.0,-20.0,125.0,155.0,95.0,40.0,10.0,95.0,125.0,65.0,20.0,-10.0,10.0,25.0,-5.0,5.0,-10.0,-215.0,-200.0,-230.0,-195.0,-210.0,-215.0,-200.0,-230.0,-195.0,-210.0,-215.0,-200.0,-230.0,-195.0,-210.0,0.0,0.0,0.0,0.0,0.0,-65.0,-50.0,-80.0,-20.0,-35.0
2020-05-07 00:00:00+00:00,-45.0,15.0,-105.0,0.0,-60.0,40.0,70.0,10.0,230.0,200.0,105.0,120.0,90.0,160.0,145.0,15.0,45.0,-15.0,0.0,-30.0,15.0,45.0,-15.0,0.0,-30.0,135.0,165.0,105.0,120.0,90.0,15.0,30.0,0.0,20.0,5.0,15.0,30.0,0.0,20.0,5.0,100.0,115.0,85.0,115.0,100.0,0.0,0.0,0.0,0.0,0.0,150.0,165.0,135.0,260.0,245.0
2020-05-08 00:00:00+00:00,-185.0,-125.0,-245.0,-120.0,-180.0,115.0,145.0,85.0,45.0,15.0,-20.0,10.0,-50.0,-25.0,-55.0,5.0,35.0,-25.0,60.0,30.0,5.0,35.0,-25.0,60.0,30.0,-115.0,-100.0,-130.0,-55.0,-70.0,-210.0,-180.0,-240.0,-100.0,-130.0,-245.0,-230.0,-260.0,-215.0,-230.0,-125.0,-110.0,-140.0,-90.0,-105.0,0.0,0.0,0.0,0.0,0.0,-50.0,-35.0,-65.0,-10.0,-25.0
2020-05-11 00:00:00+00:00,-165.0,-120.0,-210.0,-245.0,-290.0,-290.0,-230.0,-350.0,-420.0,-480.0,-30.0,-15.0,-45.0,35.0,20.0,-185.0,-110.0,-260.0,-65.0,-125.0,-225.0,-165.0,-285.0,0.0,-45.0,-395.0,-365.0,-425.0,35.0,5.0,-810.0,-765.0,-855.0,-60.0,-90.0,-810.0,-765.0,-855.0,-60.0,-90.0,-65.0,-35.0,-95.0,-90.0,-120.0,0.0,0.0,0.0,0.0,0.0,-1070.0,-1055.0,-1085.0,-855.0,-870.0
2020-05-12 00:00:00+00:00,385.0,430.0,340.0,275.0,230.0,460.0,490.0,430.0,410.0,380.0,655.0,700.0,610.0,705.0,660.0,375.0,420.0,330.0,360.0,315.0,375.0,420.0,330.0,360.0,315.0,455.0,500.0,410.0,330.0,285.0,370.0,400.0,340.0,385.0,355.0,200.0,215.0,185.0,220.0,205.0,200.0,215.0,185.0,220.0,205.0,0.0,0.0,0.0,0.0,0.0,1010.0,1025.0,995.0,1120.0,1105.0
2020-05-13 00:00:00+00:00,525.0,585.0,465.0,500.0,455.0,525.0,555.0,495.0,455.0,425.0,85.0,145.0,25.0,130.0,70.0,310.0,355.0,265.0,175.0,130.0,310.0,355.0,265.0,175.0,130.0,-5.0,10.0,-20.0,-30.0,-45.0,505.0,550.0,460.0,515.0,470.0,490.0,535.0,445.0,470.0,425.0,420.0,465.0,375.0,245.0,200.0,0.0,0.0,0.0,0.0,0.0,930.0,945.0,915.0,850.0,835.0
2020-05-14 00:00:00+00:00,-720.0,-630.0,-810.0,-605.0,-695.0,-415.0,-355.0,-475.0,-700.0,-760.0,-420.0,-390.0,-450.0,-390.0,-420.0,-525.0,-480.0,-570.0,-75.0,-120.0,45.0,90.0,0.0,-135.0,-180.0,205.0,220.0,190.0,80.0,65.0,60.0,105.0,15.0,90.0,45.0,-120.0,-90.0,-150.0,-90.0,-120.0,-120.0,-90.0,-150.0,-90.0,-120.0,0.0,0.0,0.0,0.0,0.0,-475.0,-460.0,-490.0,-460.0,-475.0
2020-05-15 00:00:00+00:00,-365.0,-305.0,-425.0,-670.0,-730.0,-410.0,-380.0,-440.0,-700.0,-730.0,-240.0,-210.0,-270.0,-265.0,-295.0,-1390.0,-1360.0,-1420.0,-950.0,-980.0,-1100.0,-1070.0,-1130.0,-545.0,-575.0,-610.0,-580.0,-640.0,-170.0,-200.0,-1005.0,-960.0,-1050.0,-770.0,-815.0,-990.0,-960.0,-1020.0,-735.0,-765.0,-705.0,-675.0,-735.0,-620.0,-650.0,0.0,0.0,0.0,0.0,0.0,-1560.0,-1545.0,-1575.0,-1650.0,-1665.0
2020-05-18 00:00:00+00:00,-70.0,5.0,-145.0,25.0,-50.0,375.0,390.0,360.0,145.0,130.0,750.0,795.0,705.0,885.0,840.0,-85.0,-55.0,-115.0,-30.0,-60.0,40.0,70.0,10.0,-15.0,-45.0,40.0,70.0,10.0,-15.0,-45.0,-95.0,-65.0,-125.0,-30.0,-60.0,-45.0,-30.0,-60.0,-55.0,-70.0,-45.0,-30.0,-60.0,-55.0,-70.0,0.0,0.0,0.0,0.0,0.0,795.0,810.0,780.0,985.0,970.0
2020-05-19 00:00:00+00:00,430.0,490.0,370.0,400.0,340.0,125.0,170.0,80.0,145.0,100.0,220.0,265.0,175.0,-140.0,-185.0,-275.0,-245.0,-305.0,60.0,30.0,-30.0,0.0,-60.0,-45.0,-75.0,-65.0,-50.0,-80.0,-25.0,-40.0,380.0,410.0,350.0,185.0,155.0,380.0,410.0,350.0,185.0,155.0,170.0,185.0,155.0,155.0,140.0,0.0,0.0,0.0,0.0,0.0,240.0,255.0,225.0,235.0,220.0
2020-05-20 00:00:00+00:00,165.0,225.0,105.0,120.0,60.0,-25.0,20.0,-70.0,270.0,225.0,100.0,145.0,55.0,230.0,185.0,200.0,275.0,125.0,250.0,175.0,140.0,185.0,95.0,260.0,215.0,40.0,70.0,10.0,95.0,65.0,75.0,105.0,45.0,135.0,105.0,-10.0,5.0,-25.0,95.0,80.0,-10.0,5.0,-25.0,95.0,80.0,0.0,0.0,0.0,0.0,0.0,290.0,305.0,275.0,260.0,245.0
2020-05-21 00:00:00+00:00,-125.0,-35.0,-215.0,-40.0,-130.0,70.0,145.0,-5.0,-130.0,-205.0,-20.0,55.0,-95.0,60.0,-15.0,65.0,110.0,20.0,55.0,10.0,90.0,135.0,45.0,205.0,160.0,270.0,300.0,240.0,230.0,200.0,45.0,60.0,30.0,45.0,30.0,-20.0,-5.0,-35.0,15.0,0.0,5.0,20.0,-10.0,165.0,150.0,0.0,0.0,0.0,0.0,0.0,40.0,55.0,25.0,115.0,100.0
2020-05-22 00:00:00+00:00,-385.0,-310.0,-460.0,-115.0,-190.0,-140.0,-65.0,-215.0,190.0,115.0,65.0,95.0,35.0,120.0,90.0,350.0,380.0,320.0,300.0,270.0,365.0,395.0,335.0,280.0,250.0,490.0,520.0,460.0,390.0,360.0,490.0,520.0,460.0,390.0,360.0,145.0,160.0,130.0,185.0,170.0,145.0,160.0,130.0,185.0,170.0,0.0,0.0,0.0,0.0,0.0,630.0,645.0,615.0,640.0,625.0
2020-05-25 00:00:00+00:00,-285.0,-180.0,-390.0,-260.0,-365.0,-315.0,-270.0,-360.0,-320.0,-365.0,-335.0,-275.0,-395.0,-360.0,-420.0,-45.0,15.0,-105.0,55.0,10.0,-10.0,20.0,-40.0,125.0,95.0,35.0,65.0,5.0,100.0,70.0,135.0,150.0,120.0,180.0,165.0,135.0,150.0,120.0,180.0,165.0,135.0,150.0,120.0,180.0,165.0,0.0,0.0,0.0,0.0,0.0,-190.0,-175.0,-205.0,-120.0,-135.0
2020-05-26 00:00:00+00:00,80.0,125.0,35.0,-180.0,-225.0,-85.0,-40.0,-130.0,-155.0,-185.0,-155.0,-110.0,-200.0,-230.0,-275.0,-230.0,-200.0,-260.0,-180.0,-210.0,-230.0,-200.0,-260.0,-180.0,-210.0,-200.0,-170.0,-230.0,-115.0,-145.0,-120.0,-75.0,-165.0,-95.0,-125.0,-75.0,-45.0,-105.0,-100.0,-130.0,115.0,145.0,85.0,95.0,65.0,0.0,0.0,0.0,0.0,0.0,-150.0,-135.0,-165.0,-50.0,-65.0
2020-05-27 00:00:00+00:00,330.0,420.0,240.0,75.0,-15.0,285.0,345.0,225.0,295.0,235.0,240.0,315.0,165.0,275.0,200.0,95.0,140.0,50.0,140.0,95.0,-25.0,5.0,-55.0,80.0,50.0,-10.0,5.0,-25.0,-35.0,-50.0,-50.0,-35.0,-65.0,25.0,10.0,-50.0,-35.0,-65.0,25.0,10.0,0.0,0.0,0.0,0.0,0.0,0.0,0.0,0.0,0.0,0.0,315.0,330.0,300.0,255.0,240.0
2020-05-28 00:00:00+00:00,140.0,200.0,80.0,-35.0,-95.0,-155.0,-110.0,-200.0,-195.0,-240.0,-155.0,-125.0,-185.0,-130.0,-160.0,-145.0,-115.0,-175.0,-10.0,-40.0,-40.0,-10.0,-70.0,-125.0,-155.0,320.0,350.0,290.0,245.0,215.0,300.0,345.0,255.0,350.0,305.0,125.0,140.0,110.0,170.0,155.0,170.0,185.0,155.0,175.0,160.0,0.0,0.0,0.0,0.0,0.0,190.0,205.0,175.0,205.0,190.0
2020-05-29 00:00:00+00:00,-455.0,-380.0,-530.0,-115.0,-190.0,-455.0,-380.0,-530.0,110.0,35.0,165.0,225.0,105.0,120.0,60.0,660.0,750.0,570.0,55.0,-35.0,485.0,530.0,440.0,0.0,-45.0,0.0,0.0,0.0,0.0,0.0,475.0,520.0,430.0,60.0,15.0,315.0,345.0,285.0,-35.0,-65.0,0.0,0.0,0.0,0.0,0.0,0.0,0.0,0.0,0.0,0.0,455.0,470.0,440.0,470.0,455.0
2020-06-01 00:00:00+00:00,345.0,405.0,285.0,-20.0,-80.0,305.0,350.0,260.0,110.0,65.0,0.0,45.0,-45.0,-70.0,-115.0,115.0,145.0,85.0,20.0,-10.0,115.0,145.0,85.0,20.0,-10.0,30.0,45.0,15.0,60.0,45.0,25.0,40.0,10.0,170.0,155.0,25.0,40.0,10.0,170.0,155.0,25.0,40.0,10.0,170.0,155.0,0.0,0.0,0.0,0.0,0.0,470.0,485.0,455.0,300.0,285.0
2020-06-02 00:00:00+00:00,140.0,215.0,65.0,-115.0,-190.0,185.0,230.0,140.0,-75.0,-120.0,320.0,335.0,305.0,235.0,220.0,-75.0,-15.0,-135.0,-35.0,-95.0,-65.0,-20.0,-110.0,-15.0,-60.0,-90.0,-60.0,-120.0,30.0,0.0,-120.0,-90.0,-150.0,-235.0,-265.0,-130.0,-115.0,-145.0,-195.0,-210.0,-130.0,-115.0,-145.0,-195.0,-210.0,0.0,0.0,0.0,0.0,0.0,145.0,160.0,130.0,-5.0,-20.0
2020-06-03 00:00:00+00:00,-195.0,-120.0,-270.0,-70.0,-145.0,-170.0,-110.0,-230.0,40.0,-20.0,125.0,140.0,110.0,70.0,55.0,165.0,225.0,105.0,-40.0,-85.0,80.0,110.0,50.0,-45.0,-75.0,225.0,255.0,195.0,75.0,45.0,105.0,150.0,60.0,30.0,-15.0,40.0,55.0,25.0,205.0,190.0,75.0,90.0,60.0,155.0,140.0,0.0,0.0,0.0,0.0,0.0,95.0,110.0,80.0,195.0,180.0
2020-06-04 00:00:00+00:00,-80.0,-35.0,-125.0,-175.0,-220.0,140.0,170.0,110.0,505.0,475.0,440.0,470.0,410.0,640.0,610.0,-80.0,-50.0,-110.0,-80.0,-110.0,-45.0,-15.0,-75.0,-100.0,-130.0,-55.0,-25.0,-85.0,-135.0,-165.0,-215.0,-200.0,-230.0,-195.0,-210.0,-215.0,-200.0,-230.0,-195.0,-210.0,-225.0,-210.0,-240.0,-230.0,-245.0,0.0,0.0,0.0,0.0,0.0,280.0,295.0,265.0,450.0,435.0
2020-06-05 00:00:00+00:00,-25.0,35.0,-85.0,-250.0,-310.0,200.0,245.0,155.0,-5.0,-50.0,-95.0,-50.0,-140.0,-150.0,-195.0,-10.0,35.0,-55.0,130.0,85.0,-55.0,-25.0,-85.0,90.0,60.0,70.0,100.0,40.0,160.0,130.0,-55.0,-25.0,-85.0,-30.0,-60.0,-55.0,-25.0,-85.0,-30.0,-60.0,-140.0,-125.0,-155.0,-40.0,-55.0,0.0,0.0,0.0,0.0,0.0,65.0,80.0,50.0,-40.0,-55.0
2020-06-08 00:00:00+00:00,25.0,115.0,-65.0,60.0,-30.0,70.0,115.0,25.0,80.0,35.0,-10.0,20.0,-40.0,-60.0,-90.0,115.0,175.0,55.0,205.0,145.0,55.0,100.0,10.0,265.0,220.0,0.0,0.0,0.0,0.0,0.0,15.0,30.0,0.0,260.0,245.0,15.0,30.0,0.0,260.0,245.0,90.0,105.0,75.0,205.0,190.0,0.0,0.0,0.0,0.0,0.0,220.0,235.0,205.0,285.0,270.0
2020-06-09 00:00:00+00:00,115.0,175.0,55.0,-605.0,-665.0,-70.0,-10.0,-130.0,90.0,30.0,-225.0,-165.0,-285.0,135.0,75.0,280.0,325.0,235.0,340.0,295.0,175.0,205.0,145.0,40.0,10.0,75.0,90.0,60.0,-60.0,-75.0,250.0,295.0,205.0,-30.0,-75.0,175.0,205.0,145.0,40.0,10.0,0.0,0.0,0.0,0.0,0.0,0.0,0.0,0.0,0.0,0.0,560.0,575.0,545.0,335.0,320.0
2020-06-10 00:00:00+00:00,-60.0,0.0,-120.0,140.0,80.0,-350.0,-305.0,-395.0,-285.0,-330.0,105.0,135.0,75.0,-65.0,-95.0,-385.0,-340.0,-430.0,135.0,90.0,-135.0,-90.0,-180.0,365.0,320.0,-145.0,-115.0,-175.0,415.0,385.0,-360.0,-345.0,-375.0,175.0,160.0,-360.0,-345.0,-375.0,175.0,160.0,-360.0,-345.0,-375.0,175.0,160.0,0.0,0.0,0.0,0.0,0.0,-75.0,-60.0,-90.0,385.0,370.0
2020-06-11 00:00:00+00:00,180.0,240.0,120.0,185.0,125.0,345.0,360.0,330.0,-25.0,-40.0,-200.0,-155.0,-245.0,-45.0,-90.0,-580.0,-550.0,-610.0,-720.0,-750.0,-580.0,-550.0,-610.0,-720.0,-750.0,-395.0,-365.0,-425.0,-580.0,-610.0,-430.0,-400.0,-460.0,-765.0,-795.0,-445.0,-415.0,-475.0,-715.0,-745.0,-745.0,-730.0,-760.0,-830.0,-845.0,0.0,0.0,0.0,0.0,0.0,-400.0,-385.0,-415.0,-670.0,-685.0
2020-06-12 00:00:00+00:00,-210.0,-135.0,-285.0,-525.0,-600.0,40.0,100.0,-20.0,-835.0,-895.0,-125.0,-110.0,-140.0,-240.0,-255.0,-260.0,-215.0,-305.0,55.0,25.0,240.0,270.0,210.0,410.0,380.0,115.0,130.0,100.0,230.0,215.0,165.0,180.0,150.0,310.0,295.0,165.0,180.0,150.0,310.0,295.0,165.0,180.0,150.0,310.0,295.0,0.0,0.0,0.0,0.0,0.0,-205.0,-190.0,-220.0,-230.0,-245.0
2020-06-15 00:00:00+00:00,-190.0,-100.0,-280.0,135.0,45.0,820.0,865.0,775.0,640.0,595.0,-425.0,-395.0,-455.0,-495.0,-525.0,255.0,315.0,195.0,50.0,-10.0,-160.0,-115.0,-205.0,-235.0,-280.0,-20.0,-5.0,-35.0,215.0,200.0,-90.0,-75.0,-105.0,-170.0,-185.0,-90.0,-75.0,-105.0,-170.0,-185.0,220.0,235.0,205.0,155.0,140.0,0.0,0.0,0.0,0.0,0.0,560.0,575.0,545.0,650.0,635.0
2020-06-16 00:00:00+00:00,-345.0,-270.0,-420.0,-390.0,-465.0,-20.0,25.0,-65.0,-125.0,-170.0,-310.0,-265.0,-355.0,-255.0,-300.0,445.0,520.0,370.0,520.0,445.0,100.0,160.0,40.0,125.0,65.0,10.0,25.0,-5.0,15.0,0.0,265.0,295.0,235.0,555.0,525.0,180.0,210.0,150.0,410.0,380.0,170.0,185.0,155.0,380.0,365.0,0.0,0.0,0.0,0.0,0.0,265.0,280.0,250.0,370.0,355.0
2020-06-17 00:00:00+00:00,-415.0,-340.0,-490.0,400.0,325.0,625.0,640.0,610.0,575.0,560.0,-340.0,-310.0,-370.0,-395.0,-425.0,230.0,290.0,170.0,-775.0,-820.0,-10.0,35.0,-55.0,-840.0,-870.0,-90.0,-60.0,-120.0,-840.0,-870.0,-540.0,-525.0,-555.0,-265.0,-280.0,-540.0,-525.0,-555.0,-265.0,-280.0,-515.0,-500.0,-530.0,65.0,50.0,0.0,0.0,0.0,0.0,0.0,-265.0,-250.0,-280.0,-275.0,-290.0
2020-06-22 00:00:00+00:00,-335.0,-305.0,-365.0,-190.0,-220.0,-515.0,-470.0,-560.0,-605.0,-650.0,-115.0,-100.0,-130.0,-365.0,-380.0,-620.0,-590.0,-650.0,-485.0,-515.0,-620.0,-590.0,-650.0,-485.0,-515.0,-330.0,-300.0,-360.0,-105.0,-135.0,-440.0,-410.0,-470.0,-340.0,-370.0,-440.0,-410.0,-470.0,-340.0,-370.0,-90.0,-60.0,-120.0,50.0,20.0,0.0,0.0,0.0,0.0,0.0,-585.0,-570.0,-600.0,-800.0,-815.0
2020-06-23 00:00:00+00:00,110.0,170.0,50.0,-340.0,-400.0,-10.0,50.0,-70.0,-280.0,-340.0,-10.0,35.0,-55.0,-130.0,-160.0,355.0,415.0,295.0,665.0,605.0,405.0,465.0,345.0,665.0,605.0,255.0,285.0,225.0,370.0,340.0,320.0,350.0,290.0,405.0,375.0,320.0,350.0,290.0,405.0,375.0,330.0,360.0,300.0,450.0,420.0,0.0,0.0,0.0,0.0,0.0,480.0,495.0,465.0,430.0,415.0
2020-06-24 00:00:00+00:00,-100.0,-10.0,-190.0,-600.0,-690.0,-495.0,-435.0,-555.0,-590.0,-650.0,245.0,275.0,215.0,165.0,135.0,-70.0,-25.0,-115.0,55.0,10.0,135.0,150.0,120.0,245.0,230.0,135.0,150.0,120.0,245.0,230.0,150.0,165.0,135.0,335.0,320.0,150.0,165.0,135.0,335.0,320.0,150.0,165.0,135.0,335.0,320.0,0.0,0.0,0.0,0.0,0.0,-175.0,-160.0,-190.0,-170.0,-185.0
2020-06-25 00:00:00+00:00,-925.0,-835.0,-1015.0,-940.0,-1030.0,-385.0,-325.0,-445.0,-535.0,-595.0,-450.0,-405.0,-495.0,-355.0,-400.0,-530.0,-455.0,-605.0,-395.0,-470.0,-245.0,-200.0,-290.0,-220.0,-265.0,-245.0,-200.0,-290.0,-220.0,-265.0,-670.0,-640.0,-700.0,-650.0,-680.0,-335.0,-305.0,-365.0,-265.0,-295.0,-335.0,-305.0,-365.0,-265.0,-295.0,0.0,0.0,0.0,0.0,0.0,-880.0,-865.0,-895.0,-1120.0,-1135.0
2020-06-26 00:00:00+00:00,165.0,225.0,105.0,-135.0,-195.0,440.0,470.0,410.0,305.0,275.0,515.0,530.0,500.0,385.0,370.0,195.0,240.0,150.0,275.0,245.0,30.0,60.0,0.0,135.0,120.0,0.0,0.0,0.0,0.0,0.0,30.0,60.0,0.0,135.0,120.0,0.0,0.0,0.0,0.0,0.0,0.0,0.0,0.0,0.0,0.0,0.0,0.0,0.0,0.0,0.0,345.0,360.0,330.0,425.0,410.0
2020-06-29 00:00:00+00:00,-10.0,80.0,-100.0,-10.0,-100.0,-125.0,-50.0,-200.0,785.0,710.0,250.0,295.0,205.0,450.0,405.0,145.0,190.0,100.0,255.0,210.0,320.0,365.0,275.0,170.0,125.0,250.0,280.0,220.0,85.0,55.0,110.0,125.0,95.0,45.0,30.0,250.0,265.0,235.0,190.0,175.0,250.0,265.0,235.0,190.0,175.0,0.0,0.0,0.0,0.0,0.0,315.0,330.0,300.0,755.0,740.0
2020-06-30 00:00:00+00:00,380.0,440.0,320.0,260.0,200.0,265.0,310.0,220.0,345.0,300.0,315.0,360.0,270.0,160.0,115.0,150.0,180.0,120.0,215.0,185.0,185.0,215.0,155.0,210.0,180.0,90.0,105.0,75.0,-35.0,-50.0,90.0,120.0,60.0,595.0,565.0,195.0,225.0,165.0,460.0,430.0,60.0,75.0,45.0,165.0,150.0,0.0,0.0,0.0,0.0,0.0,660.0,675.0,645.0,825.0,810.0
2020-07-01 00:00:00+00:00,-240.0,-195.0,-285.0,-350.0,-395.0,-670.0,-625.0,-715.0,-935.0,-980.0,-470.0,-455.0,-485.0,-450.0,-465.0,-770.0,-725.0,-815.0,-915.0,-960.0,-315.0,-270.0,-360.0,-585.0,-630.0,-265.0,-235.0,-295.0,-240.0,-270.0,-850.0,-835.0,-865.0,-640.0,-655.0,-850.0,-835.0,-865.0,-640.0,-655.0,-850.0,-835.0,-865.0,-640.0,-655.0,0.0,0.0,0.0,0.0,0.0,-1185.0,-1170.0,-1200.0,-990.0,-1005.0
2020-07-02 00:00:00+00:00,-135.0,-90.0,-180.0,-60.0,-105.0,15.0,60.0,-30.0,220.0,175.0,70.0,115.0,25.0,-80.0,-125.0,105.0,150.0,60.0,170.0,125.0,105.0,150.0,60.0,170.0,125.0,80.0,110.0,50.0,75.0,45.0,0.0,45.0,-45.0,-110.0,-155.0,-15.0,15.0,-45.0,15.0,-15.0,70.0,85.0,55.0,-25.0,-40.0,0.0,0.0,0.0,0.0,0.0,95.0,110.0,80.0,100.0,85.0
2020-07-03 00:00:00+00:00,-120.0,-60.0,-180.0,-360.0,-420.0,-115.0,-70.0,-160.0,-285.0,-330.0,-80.0,-65.0,-95.0,-105.0,-120.0,-575.0,-545.0,-605.0,-465.0,-495.0,-575.0,-545.0,-605.0,-465.0,-495.0,-205.0,-190.0,-220.0,-40.0,-55.0,-335.0,-320.0,-350.0,-235.0,-250.0,-350.0,-335.0,-365.0,-70.0,-85.0,-205.0,-190.0,-220.0,-40.0,-55.0,0.0,0.0,0.0,0.0,0.0,-525.0,-510.0,-540.0,-565.0,-580.0
2020-07-06 00:00:00+00:00,205.0,235.0,175.0,150.0,120.0,110.0,125.0,95.0,75.0,60.0,-65.0,-50.0,-80.0,20.0,5.0,-130.0,-85.0,-175.0,35.0,-10.0,85.0,130.0,40.0,210.0,165.0,140.0,155.0,125.0,130.0,115.0,-50.0,-20.0,-80.0,105.0,75.0,-50.0,-20.0,-80.0,105.0,75.0,285.0,315.0,255.0,260.0,245.0,0.0,0.0,0.0,0.0,0.0,30.0,45.0,15.0,170.0,155.0
2020-07-07 00:00:00+00:00,-135.0,-45.0,-225.0,-20.0,-110.0,10.0,85.0,-65.0,115.0,40.0,405.0,420.0,390.0,355.0,340.0,100.0,145.0,55.0,265.0,220.0,-35.0,-5.0,-65.0,115.0,85.0,-120.0,-105.0,-135.0,70.0,55.0,45.0,75.0,15.0,205.0,175.0,-85.0,-70.0,-100.0,100.0,85.0,100.0,115.0,85.0,45.0,30.0,0.0,0.0,0.0,0.0,0.0,365.0,380.0,350.0,450.0,435.0
2020-07-08 00:00:00+00:00,-130.0,-55.0,-205.0,-10.0,-85.0,150.0,180.0,120.0,225.0,195.0,345.0,390.0,300.0,475.0,430.0,-235.0,-175.0,-295.0,-635.0,-680.0,-245.0,-200.0,-290.0,-585.0,-615.0,145.0,190.0,100.0,-110.0,-140.0,-455.0,-425.0,-485.0,-555.0,-585.0,-465.0,-450.0,-480.0,-505.0,-520.0,-345.0,-330.0,-360.0,-195.0,-210.0,0.0,0.0,0.0,0.0,0.0,-10.0,5.0,-25.0,140.0,125.0
2020-07-09 00:00:00+00:00,70.0,130.0,10.0,-30.0,-90.0,-135.0,-60.0,-210.0,-130.0,-205.0,-140.0,-110.0,-170.0,-125.0,-155.0,-230.0,-185.0,-275.0,-175.0,-220.0,-210.0,-165.0,-255.0,-205.0,-250.0,-100.0,-70.0,-130.0,50.0,20.0,-20.0,25.0,-65.0,45.0,0.0,-20.0,25.0,-65.0,45.0,0.0,95.0,125.0,65.0,175.0,145.0,0.0,0.0,0.0,0.0,0.0,-25.0,-10.0,-40.0,-45.0,-60.0
2020-07-10 00:00:00+00:00,-65.0,-5.0,-125.0,300.0,240.0,120.0,150.0,90.0,35.0,5.0,35.0,50.0,20.0,-40.0,-55.0,-60.0,-30.0,-90.0,0.0,-30.0,265.0,295.0,235.0,220.0,190.0,265.0,295.0,235.0,220.0,190.0,-20.0,10.0,-50.0,90.0,60.0,-65.0,-50.0,-80.0,5.0,-10.0,260.0,275.0,245.0,225.0,210.0,0.0,0.0,0.0,0.0,0.0,75.0,90.0,60.0,45.0,30.0
2020-07-13 00:00:00+00:00,0.0,90.0,-90.0,165.0,75.0,-20.0,70.0,-110.0,170.0,80.0,185.0,230.0,140.0,105.0,60.0,380.0,425.0,335.0,290.0,245.0,355.0,385.0,325.0,345.0,315.0,220.0,235.0,205.0,240.0,225.0,225.0,255.0,195.0,280.0,250.0,220.0,235.0,205.0,240.0,225.0,220.0,235.0,205.0,240.0,225.0,0.0,0.0,0.0,0.0,0.0,580.0,595.0,565.0,470.0,455.0
2020-07-14 00:00:00+00:00,-250.0,-160.0,-340.0,-40.0,-115.0,-120.0,-60.0,-180.0,-15.0,-75.0,-5.0,70.0,-80.0,40.0,-35.0,550.0,625.0,475.0,215.0,140.0,600.0,675.0,525.0,140.0,65.0,40.0,55.0,25.0,-115.0,-130.0,345.0,405.0,285.0,305.0,245.0,380.0,440.0,320.0,170.0,110.0,370.0,415.0,325.0,110.0,65.0,0.0,0.0,0.0,0.0,0.0,145.0,160.0,130.0,290.0,275.0
2020-07-15 00:00:00+00:00,880.0,925.0,835.0,830.0,785.0,1100.0,1130.0,1070.0,975.0,945.0,1290.0,1335.0,1245.0,1210.0,1165.0,250.0,280.0,220.0,435.0,405.0,315.0,345.0,285.0,440.0,410.0,0.0,0.0,0.0,0.0,0.0,275.0,305.0,245.0,380.0,350.0,55.0,70.0,40.0,95.0,80.0,120.0,135.0,105.0,100.0,85.0,0.0,0.0,0.0,0.0,0.0,1315.0,1330.0,1300.0,1405.0,1390.0
2020-07-16 00:00:00+00:00,-30.0,60.0,-120.0,-185.0,-260.0,-280.0,-205.0,-355.0,-105.0,-180.0,255.0,270.0,240.0,145.0,130.0,240.0,285.0,195.0,465.0,420.0,315.0,360.0,270.0,510.0,465.0,260.0,290.0,230.0,215.0,185.0,230.0,260.0,200.0,380.0,350.0,80.0,95.0,65.0,185.0,170.0,155.0,170.0,140.0,230.0,215.0,0.0,0.0,0.0,0.0,0.0,365.0,380.0,350.0,335.0,320.0
2020-07-17 00:00:00+00:00,115.0,175.0,55.0,25.0,-35.0,-120.0,-60.0,-180.0,-225.0,-285.0,185.0,215.0,155.0,170.0,140.0,135.0,180.0,90.0,355.0,310.0,160.0,205.0,115.0,380.0,335.0,160.0,205.0,115.0,380.0,335.0,250.0,295.0,205.0,390.0,345.0,185.0,215.0,155.0,55.0,25.0,65.0,80.0,50.0,95.0,80.0,0.0,0.0,0.0,0.0,0.0,295.0,310.0,280.0,350.0,335.0
2020-07-20 00:00:00+00:00,-455.0,-365.0,-545.0,-160.0,-235.0,-355.0,-295.0,-415.0,-210.0,-270.0,-220.0,-175.0,-265.0,-275.0,-320.0,45.0,105.0,-15.0,20.0,-40.0,55.0,100.0,10.0,-100.0,-145.0,20.0,35.0,5.0,20.0,5.0,-50.0,-20.0,-80.0,-50.0,-80.0,-65.0,-50.0,-80.0,-85.0,-100.0,20.0,35.0,5.0,-80.0,-95.0,0.0,0.0,0.0,0.0,0.0,5.0,20.0,-10.0,-30.0,-45.0
2020-07-21 00:00:00+00:00,-235.0,-160.0,-310.0,-275.0,-350.0,-215.0,-170.0,-260.0,-255.0,-300.0,-235.0,-160.0,-310.0,-200.0,-275.0,65.0,110.0,20.0,125.0,80.0,65.0,110.0,20.0,125.0,80.0,15.0,30.0,0.0,105.0,90.0,130.0,175.0,85.0,165.0,120.0,125.0,155.0,95.0,90.0,60.0,0.0,0.0,0.0,0.0,0.0,0.0,0.0,0.0,0.0,0.0,-80.0,-65.0,-95.0,-90.0,-105.0
2020-07-22 00:00:00+00:00,130.0,190.0,70.0,-50.0,-110.0,145.0,175.0,115.0,190.0,160.0,125.0,155.0,95.0,-5.0,-35.0,255.0,285.0,225.0,415.0,385.0,255.0,285.0,225.0,415.0,385.0,255.0,285.0,225.0,415.0,385.0,70.0,100.0,40.0,40.0,10.0,305.0,335.0,275.0,385.0,355.0,200.0,215.0,185.0,350.0,335.0,0.0,0.0,0.0,0.0,0.0,370.0,385.0,355.0,330.0,315.0
2020-07-23 00:00:00+00:00,-105.0,-30.0,-180.0,-225.0,-300.0,-195.0,-135.0,-255.0,-105.0,-165.0,-70.0,-55.0,-85.0,-185.0,-200.0,210.0,270.0,150.0,100.0,40.0,210.0,270.0,150.0,100.0,40.0,35.0,50.0,20.0,45.0,30.0,120.0,165.0,75.0,-90.0,-135.0,225.0,255.0,195.0,130.0,100.0,135.0,150.0,120.0,70.0,55.0,0.0,0.0,0.0,0.0,0.0,-100.0,-85.0,-115.0,-115.0,-130.0
2020-07-24 00:00:00+00:00,-85.0,-25.0,-145.0,70.0,10.0,35.0,65.0,5.0,30.0,0.0,235.0,265.0,205.0,60.0,30.0,10.0,70.0,-50.0,-140.0,-200.0,-100.0,-70.0,-130.0,-125.0,-155.0,0.0,0.0,0.0,0.0,0.0,-130.0,-100.0,-160.0,90.0,60.0,-110.0,-80.0,-140.0,30.0,0.0,0.0,0.0,0.0,0.0,0.0,0.0,0.0,0.0,0.0,0.0,15.0,30.0,0.0,25.0,10.0
2020-07-27 00:00:00+00:00,195.0,255.0,135.0,75.0,15.0,-120.0,-90.0,-150.0,15.0,-15.0,0.0,30.0,-30.0,-280.0,-310.0,120.0,180.0,60.0,220.0,160.0,120.0,180.0,60.0,220.0,160.0,-60.0,-45.0,-75.0,40.0,25.0,315.0,375.0,255.0,330.0,270.0,325.0,385.0,265.0,200.0,140.0,340.0,370.0,310.0,320.0,290.0,0.0,0.0,0.0,0.0,0.0,240.0,255.0,225.0,310.0,295.0
2020-07-28 00:00:00+00:00,-5.0,40.0,-50.0,-65.0,-110.0,-280.0,-250.0,-310.0,-420.0,-450.0,-475.0,-445.0,-505.0,-360.0,-390.0,-700.0,-670.0,-730.0,-610.0,-640.0,-605.0,-575.0,-635.0,-405.0,-435.0,-555.0,-525.0,-585.0,-430.0,-460.0,-490.0,-460.0,-520.0,-300.0,-330.0,-345.0,-315.0,-375.0,-425.0,-455.0,-345.0,-315.0,-375.0,-425.0,-455.0,0.0,0.0,0.0,0.0,0.0,-715.0,-700.0,-730.0,-760.0,-775.0
2020-07-29 00:00:00+00:00,-340.0,-235.0,-445.0,-190.0,-295.0,-120.0,-45.0,-195.0,-280.0,-340.0,-235.0,-175.0,-295.0,20.0,-40.0,145.0,175.0,115.0,65.0,35.0,145.0,175.0,115.0,65.0,35.0,145.0,175.0,115.0,65.0,35.0,60.0,120.0,0.0,10.0,-50.0,20.0,65.0,-25.0,-15.0,-60.0,165.0,195.0,135.0,30.0,0.0,0.0,0.0,0.0,0.0,0.0,75.0,90.0,60.0,125.0,110.0
2020-07-30 00:00:00+00:00,230.0,275.0,185.0,130.0,85.0,-210.0,-165.0,-255.0,-170.0,-215.0,-215.0,-200.0,-230.0,-245.0,-260.0,75.0,120.0,30.0,85.0,40.0,150.0,195.0,105.0,150.0,105.0,150.0,195.0,105.0,150.0,105.0,290.0,335.0,245.0,50.0,5.0,280.0,310.0,250.0,135.0,105.0,350.0,380.0,320.0,275.0,245.0,0.0,0.0,0.0,0.0,0.0,440.0,455.0,425.0,390.0,375.0
2020-07-31 00:00:00+00:00,-335.0,-245.0,-425.0,-70.0,-160.0,-245.0,-170.0,-320.0,-60.0,-135.0,25.0,70.0,-20.0,200.0,155.0,180.0,240.0,120.0,70.0,10.0,280.0,340.0,220.0,-55.0,-115.0,195.0,240.0,150.0,-190.0,-235.0,-5.0,25.0,-35.0,-110.0,-140.0,-5.0,25.0,-35.0,-110.0,-140.0,165.0,195.0,135.0,100.0,70.0,0.0,0.0,0.0,0.0,0.0,-5.0,10.0,-20.0,145.0,130.0
2020-08-03 00:00:00+00:00,340.0,400.0,280.0,565.0,505.0,630.0,660.0,600.0,605.0,575.0,755.0,770.0,740.0,870.0,855.0,375.0,420.0,330.0,250.0,205.0,110.0,125.0,95.0,135.0,120.0,110.0,125.0,95.0,135.0,120.0,120.0,150.0,90.0,35.0,5.0,0.0,0.0,0.0,0.0,0.0,0.0,0.0,0.0,0.0,0.0,0.0,0.0,0.0,0.0,0.0,860.0,875.0,845.0,955.0,940.0
2020-08-04 00:00:00+00:00,-300.0,-210.0,-390.0,-375.0,-465.0,-385.0,-310.0,-460.0,-275.0,-350.0,-290.0,-230.0,-350.0,-220.0,-280.0,-45.0,30.0,-120.0,10.0,-65.0,-25.0,50.0,-100.0,-45.0,-120.0,-280.0,-265.0,-295.0,-220.0,-235.0,-135.0,-75.0,-195.0,30.0,-30.0,-130.0,-85.0,-175.0,-45.0,-90.0,175.0,205.0,145.0,75.0,45.0,0.0,0.0,0.0,0.0,0.0,-320.0,-305.0,-335.0,-320.0,-335.0
2020-08-05 00:00:00+00:00,15.0,105.0,-75.0,-155.0,-245.0,-190.0,-130.0,-250.0,-120.0,-180.0,-140.0,-80.0,-200.0,-25.0,-85.0,30.0,150.0,-90.0,-120.0,-225.0,-55.0,5.0,-115.0,-70.0,-130.0,-15.0,15.0,-45.0,40.0,10.0,50.0,95.0,5.0,40.0,10.0,0.0,15.0,-15.0,-25.0,-40.0,0.0,0.0,0.0,0.0,0.0,0.0,0.0,0.0,0.0,0.0,15.0,30.0,0.0,140.0,125.0
2020-08-06 00:00:00+00:00,-145.0,-70.0,-220.0,-285.0,-360.0,-145.0,-85.0,-205.0,0.0,-45.0,-150.0,-120.0,-180.0,-170.0,-200.0,-415.0,-370.0,-460.0,-520.0,-565.0,-495.0,-465.0,-525.0,-460.0,-490.0,-305.0,-290.0,-320.0,-195.0,-210.0,-430.0,-400.0,-460.0,-420.0,-450.0,-470.0,-455.0,-485.0,-375.0,-390.0,-395.0,-380.0,-410.0,-325.0,-340.0,0.0,0.0,0.0,0.0,0.0,-815.0,-800.0,-830.0,-760.0,-775.0
2020-08-07 00:00:00+00:00,-255.0,-180.0,-330.0,95.0,20.0,155.0,200.0,110.0,45.0,0.0,90.0,105.0,75.0,90.0,75.0,60.0,105.0,15.0,-10.0,-55.0,85.0,130.0,40.0,-25.0,-55.0,90.0,120.0,60.0,-25.0,-55.0,-205.0,-190.0,-220.0,-10.0,-25.0,20.0,35.0,5.0,5.0,-10.0,65.0,80.0,50.0,75.0,60.0,0.0,0.0,0.0,0.0,0.0,-115.0,-100.0,-130.0,20.0,5.0
2020-08-10 00:00:00+00:00,-235.0,-160.0,-310.0,-275.0,-335.0,-130.0,-70.0,-190.0,-170.0,-230.0,-10.0,20.0,-40.0,-20.0,-50.0,-40.0,20.0,-100.0,160.0,100.0,40.0,100.0,-20.0,95.0,35.0,75.0,120.0,30.0,135.0,90.0,30.0,75.0,-15.0,60.0,15.0,-25.0,-10.0,-40.0,15.0,0.0,-50.0,-35.0,-65.0,-25.0,-40.0,0.0,0.0,0.0,0.0,0.0,-20.0,-5.0,-35.0,-5.0,-20.0
2020-08-11 00:00:00+00:00,-480.0,-390.0,-570.0,35.0,-55.0,-405.0,-315.0,-495.0,30.0,-60.0,-255.0,-195.0,-315.0,-55.0,-115.0,75.0,120.0,30.0,5.0,-25.0,35.0,65.0,5.0,60.0,30.0,65.0,80.0,50.0,15.0,0.0,50.0,95.0,5.0,15.0,-30.0,90.0,135.0,45.0,20.0,-10.0,20.0,50.0,-10.0,20.0,-10.0,0.0,0.0,0.0,0.0,0.0,-25.0,-10.0,-40.0,15.0,0.0
2020-08-12 00:00:00+00:00,-55.0,-10.0,-100.0,-160.0,-205.0,25.0,55.0,-5.0,-210.0,-240.0,-145.0,-100.0,-190.0,-315.0,-360.0,65.0,110.0,20.0,25.0,-5.0,110.0,155.0,65.0,90.0,60.0,145.0,190.0,100.0,105.0,75.0,-30.0,0.0,-60.0,140.0,110.0,40.0,70.0,10.0,205.0,175.0,-40.0,-25.0,-55.0,0.0,-15.0,0.0,0.0,0.0,0.0,0.0,10.0,25.0,-5.0,-10.0,-25.0
2020-08-13 00:00:00+00:00,-15.0,60.0,-90.0,-220.0,-295.0,-40.0,-10.0,-70.0,35.0,5.0,-225.0,-195.0,-255.0,-235.0,-265.0,-120.0,-60.0,-180.0,-250.0,-295.0,-95.0,-50.0,-140.0,-190.0,-220.0,-115.0,-70.0,-160.0,-110.0,-140.0,-30.0,0.0,-60.0,30.0,15.0,-30.0,0.0,-60.0,30.0,15.0,-30.0,0.0,-60.0,30.0,15.0,0.0,0.0,0.0,0.0,0.0,-105.0,-90.0,-120.0,-110.0,-125.0
2020-08-14 00:00:00+00:00,10.0,115.0,-95.0,205.0,115.0,505.0,550.0,460.0,245.0,200.0,435.0,465.0,405.0,290.0,260.0,215.0,260.0,170.0,180.0,135.0,140.0,170.0,110.0,75.0,45.0,0.0,0.0,0.0,0.0,0.0,50.0,80.0,20.0,70.0,40.0,20.0,35.0,5.0,100.0,85.0,0.0,0.0,0.0,0.0,0.0,0.0,0.0,0.0,0.0,0.0,585.0,600.0,570.0,575.0,560.0
2020-08-17 00:00:00+00:00,-120.0,-45.0,-195.0,-130.0,-205.0,25.0,70.0,-20.0,-195.0,-240.0,-170.0,-125.0,-215.0,-190.0,-220.0,-90.0,-45.0,-135.0,-105.0,-150.0,-90.0,-45.0,-135.0,-105.0,-150.0,-80.0,-50.0,-110.0,-115.0,-145.0,-115.0,-85.0,-145.0,-50.0,-80.0,-130.0,-115.0,-145.0,-50.0,-65.0,-15.0,0.0,-30.0,5.0,-10.0,0.0,0.0,0.0,0.0,0.0,-90.0,-75.0,-105.0,-150.0,-165.0
2020-08-18 00:00:00+00:00,290.0,335.0,245.0,345.0,300.0,-220.0,-160.0,-280.0,-65.0,-125.0,235.0,250.0,220.0,210.0,195.0,-145.0,-115.0,-175.0,-185.0,-215.0,-140.0,-125.0,-155.0,0.0,0.0,0.0,0.0,0.0,0.0,0.0,0.0,0.0,0.0,0.0,0.0,0.0,0.0,0.0,0.0,0.0,0.0,0.0,0.0,0.0,0.0,0.0,0.0,0.0,0.0,0.0,190.0,205.0,175.0,155.0,140.0
2020-08-19 00:00:00+00:00,45.0,90.0,0.0,-50.0,-95.0,80.0,110.0,50.0,40.0,10.0,-150.0,-120.0,-180.0,-100.0,-130.0,-30.0,30.0,-90.0,-10.0,-70.0,-35.0,10.0,-80.0,-45.0,-90.0,-45.0,-15.0,-75.0,-35.0,-65.0,55.0,85.0,25.0,55.0,25.0,-20.0,-5.0,-35.0,20.0,5.0,20.0,35.0,5.0,25.0,10.0,0.0,0.0,0.0,0.0,0.0,110.0,125.0,95.0,85.0,70.0
2020-08-20 00:00:00+00:00,10.0,70.0,-50.0,-150.0,-210.0,-215.0,-140.0,-290.0,-155.0,-230.0,-125.0,-95.0,-155.0,-55.0,-85.0,85.0,145.0,25.0,10.0,-50.0,75.0,120.0,30.0,-40.0,-85.0,-110.0,-95.0,-125.0,-165.0,-180.0,10.0,25.0,-5.0,50.0,35.0,0.0,0.0,0.0,0.0,0.0,0.0,0.0,0.0,0.0,0.0,0.0,0.0,0.0,0.0,0.0,55.0,70.0,40.0,-20.0,-35.0
2020-08-21 00:00:00+00:00,-85.0,-10.0,-160.0,-155.0,-215.0,-210.0,-165.0,-255.0,-300.0,-345.0,-75.0,-45.0,-105.0,-135.0,-165.0,-95.0,-50.0,-140.0,-155.0,-200.0,-80.0,-50.0,-110.0,-85.0,-115.0,-55.0,-25.0,-85.0,-235.0,-265.0,-560.0,-545.0,-575.0,-515.0,-530.0,-560.0,-545.0,-575.0,-515.0,-530.0,-560.0,-545.0,-575.0,-515.0,-530.0,0.0,0.0,0.0,0.0,0.0,-510.0,-495.0,-525.0,-560.0,-575.0
2020-08-24 00:00:00+00:00,180.0,270.0,90.0,-80.0,-170.0,160.0,235.0,85.0,5.0,-70.0,280.0,295.0,265.0,295.0,280.0,10.0,55.0,-35.0,135.0,90.0,5.0,20.0,-10.0,25.0,10.0,5.0,20.0,-10.0,25.0,10.0,0.0,0.0,0.0,0.0,0.0,0.0,0.0,0.0,0.0,0.0,0.0,0.0,0.0,0.0,0.0,0.0,0.0,0.0,0.0,0.0,280.0,295.0,265.0,295.0,280.0
2020-08-25 00:00:00+00:00,35.0,125.0,-55.0,120.0,30.0,105.0,150.0,60.0,70.0,25.0,260.0,275.0,245.0,220.0,205.0,150.0,210.0,90.0,-75.0,-120.0,165.0,210.0,120.0,-45.0,-75.0,80.0,95.0,65.0,0.0,0.0,160.0,205.0,115.0,-20.0,-50.0,25.0,40.0,10.0,-10.0,-25.0,0.0,0.0,0.0,0.0,0.0,0.0,0.0,0.0,0.0,0.0,375.0,390.0,360.0,355.0,340.0
2020-08-26 00:00:00+00:00,-115.0,-55.0,-175.0,-120.0,-165.0,-280.0,-220.0,-340.0,-225.0,-270.0,-235.0,-175.0,-295.0,-210.0,-255.0,55.0,115.0,-5.0,115.0,55.0,60.0,120.0,0.0,115.0,55.0,20.0,50.0,-10.0,95.0,65.0,15.0,45.0,-15.0,80.0,50.0,40.0,70.0,10.0,100.0,70.0,-5.0,10.0,-20.0,10.0,-5.0,0.0,0.0,0.0,0.0,0.0,-100.0,-85.0,-115.0,-165.0,-180.0
2020-08-27 00:00:00+00:00,-15.0,45.0,-75.0,-40.0,-100.0,-5.0,40.0,-50.0,30.0,-15.0,-25.0,-10.0,-40.0,-15.0,-30.0,-40.0,20.0,-100.0,0.0,-60.0,-15.0,15.0,-45.0,55.0,25.0,-75.0,-60.0,-90.0,-30.0,-45.0,-10.0,20.0,-40.0,110.0,80.0,30.0,60.0,0.0,110.0,80.0,30.0,60.0,0.0,110.0,80.0,0.0,0.0,0.0,0.0,0.0,-25.0,-10.0,-40.0,40.0,25.0
2020-08-28 00:00:00+00:00,-70.0,5.0,-145.0,-105.0,-180.0,-190.0,-130.0,-250.0,-235.0,-295.0,-95.0,-35.0,-155.0,-110.0,-170.0,-160.0,-115.0,-205.0,20.0,-25.0,-125.0,-95.0,-155.0,-60.0,-90.0,-125.0,-95.0,-155.0,-60.0,-90.0,-30.0,0.0,-60.0,35.0,5.0,-30.0,0.0,-60.0,35.0,5.0,-75.0,-60.0,-90.0,35.0,20.0,0.0,0.0,0.0,0.0,0.0,-95.0,-80.0,-110.0,-35.0,-50.0
2020-08-31 00:00:00+00:00,-205.0,-115.0,-295.0,-220.0,-310.0,-235.0,-175.0,-295.0,-240.0,-300.0,-105.0,-75.0,-135.0,-150.0,-180.0,-65.0,10.0,-140.0,-55.0,-130.0,-30.0,30.0,-90.0,-170.0,-230.0,-35.0,10.0,-80.0,-225.0,-270.0,-155.0,-140.0,-170.0,-130.0,-145.0,-155.0,-140.0,-170.0,-130.0,-145.0,-95.0,-80.0,-110.0,-40.0,-55.0,0.0,0.0,0.0,0.0,0.0,-280.0,-265.0,-295.0,-320.0,-335.0
2020-09-01 00:00:00+00:00,-55.0,-10.0,-100.0,-290.0,-335.0,-225.0,-180.0,-270.0,-210.0,-255.0,-215.0,-185.0,-245.0,-145.0,-175.0,-100.0,-55.0,-145.0,25.0,-20.0,-100.0,-55.0,-145.0,25.0,-20.0,-145.0,-130.0,-160.0,-140.0,-155.0,60.0,105.0,15.0,90.0,45.0,65.0,110.0,20.0,130.0,85.0,65.0,110.0,20.0,130.0,85.0,0.0,0.0,0.0,0.0,0.0,-85.0,-70.0,-100.0,-120.0,-135.0
2020-09-02 00:00:00+00:00,-405.0,-330.0,-480.0,-260.0,-335.0,-370.0,-310.0,-430.0,-280.0,-340.0,-330.0,-285.0,-375.0,-145.0,-190.0,25.0,85.0,-35.0,0.0,-60.0,100.0,145.0,55.0,120.0,75.0,90.0,120.0,60.0,90.0,60.0,80.0,140.0,20.0,-75.0,-135.0,60.0,105.0,15.0,-15.0,-60.0,0.0,30.0,-30.0,5.0,-25.0,0.0,0.0,0.0,0.0,0.0,-240.0,-225.0,-255.0,-130.0,-145.0
2020-09-03 00:00:00+00:00,-330.0,-240.0,-420.0,-335.0,-425.0,-490.0,-415.0,-565.0,-245.0,-320.0,-285.0,-255.0,-315.0,-215.0,-245.0,150.0,225.0,75.0,90.0,15.0,110.0,170.0,50.0,-75.0,-135.0,185.0,215.0,155.0,35.0,5.0,140.0,215.0,65.0,-45.0,-120.0,160.0,235.0,85.0,-200.0,-260.0,-55.0,-40.0,-70.0,-205.0,-220.0,0.0,0.0,0.0,0.0,0.0,-135.0,-120.0,-150.0,-110.0,-125.0
2020-09-04 00:00:00+00:00,-275.0,-215.0,-335.0,-50.0,-95.0,25.0,55.0,-5.0,-250.0,-280.0,-185.0,-140.0,-230.0,-440.0,-485.0,-370.0,-325.0,-415.0,-345.0,-390.0,-370.0,-325.0,-415.0,-345.0,-390.0,-365.0,-335.0,-395.0,-415.0,-445.0,-760.0,-730.0,-790.0,-605.0,-635.0,-780.0,-750.0,-810.0,-595.0,-625.0,-375.0,-345.0,-405.0,-330.0,-360.0,0.0,0.0,0.0,0.0,0.0,-785.0,-770.0,-800.0,-675.0,-690.0
2020-09-07 00:00:00+00:00,160.0,235.0,85.0,-145.0,-220.0,155.0,200.0,110.0,25.0,-20.0,-285.0,-180.0,-390.0,280.0,175.0,295.0,355.0,235.0,510.0,450.0,315.0,375.0,255.0,585.0,525.0,85.0,100.0,70.0,25.0,10.0,520.0,565.0,475.0,700.0,655.0,510.0,555.0,465.0,460.0,415.0,365.0,395.0,335.0,400.0,370.0,0.0,0.0,0.0,0.0,0.0,525.0,540.0,510.0,560.0,545.0
2020-09-08 00:00:00+00:00,-585.0,-510.0,-660.0,-210.0,-285.0,-870.0,-825.0,-915.0,-1010.0,-1055.0,45.0,60.0,30.0,55.0,40.0,470.0,545.0,395.0,-125.0,-185.0,165.0,210.0,120.0,-130.0,-175.0,165.0,210.0,120.0,-130.0,-175.0,585.0,645.0,525.0,-215.0,-275.0,240.0,270.0,210.0,190.0,160.0,240.0,270.0,210.0,190.0,160.0,0.0,0.0,0.0,0.0,0.0,-700.0,-685.0,-715.0,-1055.0,-1070.0
2020-09-09 00:00:00+00:00,80.0,140.0,20.0,175.0,115.0,265.0,325.0,205.0,15.0,-30.0,-85.0,-70.0,-100.0,-235.0,-250.0,-155.0,-125.0,-185.0,-90.0,-120.0,-120.0,-90.0,-150.0,-160.0,-190.0,250.0,280.0,220.0,175.0,145.0,-110.0,-80.0,-140.0,25.0,-5.0,-110.0,-80.0,-140.0,25.0,-5.0,75.0,105.0,45.0,110.0,80.0,0.0,0.0,0.0,0.0,0.0,215.0,230.0,200.0,360.0,345.0
2020-09-10 00:00:00+00:00,-430.0,-340.0,-520.0,20.0,-70.0,-25.0,20.0,-70.0,-130.0,-175.0,-150.0,-135.0,-165.0,-305.0,-320.0,-165.0,-135.0,-195.0,-235.0,-265.0,-120.0,-90.0,-150.0,-220.0,-250.0,-90.0,-75.0,-105.0,-160.0,-175.0,-265.0,-250.0,-280.0,-75.0,-90.0,-265.0,-250.0,-280.0,-75.0,-90.0,-20.0,-5.0,-35.0,15.0,0.0,0.0,0.0,0.0,0.0,0.0,135.0,150.0,120.0,50.0,35.0
2020-09-11 00:00:00+00:00,-165.0,-105.0,-225.0,-325.0,-385.0,-425.0,-350.0,-500.0,-215.0,-290.0,-125.0,-50.0,-200.0,-395.0,-470.0,185.0,260.0,110.0,160.0,100.0,155.0,230.0,80.0,130.0,70.0,170.0,185.0,155.0,130.0,115.0,170.0,215.0,125.0,250.0,220.0,170.0,215.0,125.0,250.0,220.0,305.0,350.0,260.0,430.0,400.0,0.0,0.0,0.0,0.0,0.0,-5.0,10.0,-20.0,-5.0,-20.0
2020-09-21 00:00:00+00:00,-105.0,-30.0,-180.0,-80.0,-155.0,-1060.0,-985.0,-1135.0,-585.0,-660.0,-485.0,-425.0,-545.0,-630.0,-690.0,450.0,525.0,375.0,205.0,145.0,395.0,455.0,335.0,140.0,95.0,0.0,0.0,0.0,0.0,0.0,835.0,880.0,790.0,695.0,665.0,140.0,155.0,125.0,0.0,0.0,0.0,0.0,0.0,0.0,0.0,0.0,0.0,0.0,0.0,0.0,380.0,395.0,365.0,290.0,275.0
2020-09-22 00:00:00+00:00,70.0,145.0,-5.0,-350.0,-425.0,20.0,80.0,-40.0,-540.0,-600.0,-90.0,-45.0,-135.0,-635.0,-680.0,150.0,195.0,105.0,250.0,205.0,240.0,270.0,210.0,340.0,310.0,0.0,0.0,0.0,0.0,0.0,260.0,290.0,230.0,270.0,240.0,100.0,115.0,85.0,150.0,135.0,100.0,115.0,85.0,150.0,135.0,0.0,0.0,0.0,0.0,0.0,420.0,435.0,405.0,10.0,-5.0
2020-09-23 00:00:00+00:00,-160.0,-70.0,-250.0,-225.0,-315.0,-345.0,-285.0,-405.0,-530.0,-590.0,-410.0,-320.0,-500.0,-455.0,-545.0,60.0,135.0,-15.0,30.0,-45.0,45.0,90.0,0.0,195.0,150.0,45.0,90.0,0.0,195.0,150.0,215.0,275.0,155.0,470.0,410.0,170.0,215.0,125.0,280.0,235.0,55.0,70.0,40.0,50.0,35.0,0.0,0.0,0.0,0.0,0.0,-55.0,-40.0,-70.0,-125.0,-140.0
2020-09-24 00:00:00+00:00,-15.0,45.0,-75.0,-285.0,-345.0,60.0,135.0,-15.0,-125.0,-200.0,285.0,300.0,270.0,230.0,215.0,-155.0,-95.0,-215.0,-55.0,-115.0,-30.0,30.0,-90.0,-120.0,-180.0,290.0,335.0,245.0,180.0,135.0,-180.0,-150.0,-210.0,-260.0,-290.0,-90.0,-60.0,-120.0,-410.0,-440.0,-185.0,-170.0,-200.0,-420.0,-435.0,0.0,0.0,0.0,0.0,0.0,140.0,155.0,125.0,-50.0,-65.0
2020-09-25 00:00:00+00:00,-625.0,-565.0,-685.0,-500.0,-560.0,65.0,95.0,35.0,-360.0,-375.0,-200.0,-185.0,-215.0,-360.0,-375.0,-955.0,-925.0,-985.0,-965.0,-995.0,-955.0,-925.0,-985.0,-965.0,-995.0,-955.0,-925.0,-985.0,-965.0,-995.0,-895.0,-880.0,-910.0,-625.0,-640.0,-895.0,-880.0,-910.0,-625.0,-640.0,-775.0,-760.0,-790.0,-680.0,-695.0,0.0,0.0,0.0,0.0,0.0,-945.0,-930.0,-960.0,-895.0,-910.0
2020-09-28 00:00:00+00:00,435.0,495.0,375.0,515.0,470.0,385.0,430.0,340.0,480.0,435.0,355.0,385.0,325.0,395.0,365.0,125.0,170.0,80.0,155.0,110.0,180.0,225.0,135.0,105.0,60.0,0.0,0.0,0.0,0.0,0.0,165.0,195.0,135.0,170.0,140.0,215.0,245.0,185.0,50.0,20.0,145.0,160.0,130.0,50.0,35.0,0.0,0.0,0.0,0.0,0.0,590.0,605.0,575.0,605.0,590.0
2020-09-29 00:00:00+00:00,25.0,70.0,-20.0,-155.0,-200.0,-70.0,-25.0,-115.0,-300.0,-345.0,-205.0,-145.0,-265.0,-325.0,-385.0,-15.0,30.0,-60.0,225.0,195.0,65.0,95.0,35.0,225.0,195.0,30.0,45.0,15.0,120.0,105.0,95.0,125.0,65.0,325.0,295.0,125.0,155.0,95.0,310.0,280.0,135.0,150.0,120.0,145.0,130.0,0.0,0.0,0.0,0.0,0.0,35.0,50.0,20.0,-85.0,-100.0
2020-09-30 00:00:00+00:00,160.0,205.0,115.0,445.0,400.0,260.0,290.0,230.0,130.0,100.0,205.0,235.0,175.0,150.0,120.0,-55.0,-25.0,-85.0,-255.0,-285.0,-40.0,-10.0,-70.0,-125.0,-155.0,-5.0,10.0,-20.0,-20.0,-35.0,75.0,105.0,45.0,20.0,5.0,10.0,25.0,-5.0,130.0,115.0,90.0,105.0,75.0,80.0,65.0,0.0,0.0,0.0,0.0,0.0,210.0,225.0,195.0,240.0,225.0
2020-10-01 00:00:00+00:00,50.0,125.0,-25.0,205.0,130.0,185.0,230.0,140.0,185.0,140.0,-85.0,-55.0,-115.0,-50.0,-80.0,255.0,315.0,195.0,165.0,120.0,75.0,105.0,45.0,80.0,50.0,35.0,50.0,20.0,90.0,75.0,140.0,170.0,110.0,95.0,65.0,195.0,225.0,165.0,45.0,15.0,0.0,0.0,0.0,0.0,0.0,0.0,0.0,0.0,0.0,0.0,355.0,370.0,340.0,315.0,300.0
2020-10-02 00:00:00+00:00,-140.0,-80.0,-200.0,-95.0,-155.0,-50.0,-20.0,-80.0,-205.0,-235.0,-345.0,-315.0,-375.0,-610.0,-640.0,-315.0,-255.0,-375.0,-235.0,-295.0,-495.0,-450.0,-540.0,-300.0,-345.0,-335.0,-305.0,-365.0,-300.0,-315.0,-420.0,-390.0,-450.0,-220.0,-235.0,-420.0,-390.0,-450.0,-220.0,-235.0,-420.0,-390.0,-450.0,-220.0,-235.0,0.0,0.0,0.0,0.0,0.0,-470.0,-455.0,-485.0,-500.0,-515.0
2020-10-05 00:00:00+00:00,0.0,45.0,-45.0,-50.0,-95.0,-205.0,-145.0,-265.0,-70.0,-130.0,215.0,260.0,170.0,-240.0,-285.0,200.0,260.0,140.0,70.0,25.0,90.0,135.0,45.0,90.0,60.0,30.0,45.0,15.0,60.0,45.0,300.0,345.0,255.0,85.0,40.0,190.0,220.0,160.0,105.0,75.0,195.0,225.0,165.0,70.0,40.0,0.0,0.0,0.0,0.0,0.0,315.0,330.0,300.0,135.0,120.0
2020-10-06 00:00:00+00:00,110.0,200.0,20.0,190.0,100.0,275.0,350.0,200.0,185.0,110.0,295.0,325.0,265.0,330.0,300.0,175.0,205.0,145.0,335.0,305.0,175.0,205.0,145.0,335.0,305.0,95.0,110.0,80.0,250.0,235.0,175.0,205.0,145.0,335.0,305.0,95.0,110.0,80.0,250.0,235.0,95.0,110.0,80.0,250.0,235.0,0.0,0.0,0.0,0.0,0.0,585.0,600.0,570.0,560.0,545.0
2020-10-07 00:00:00+00:00,-280.0,-220.0,-340.0,-515.0,-575.0,-500.0,-425.0,-575.0,-385.0,-460.0,-335.0,-275.0,-395.0,-140.0,-200.0,430.0,490.0,370.0,335.0,275.0,410.0,470.0,350.0,335.0,275.0,285.0,330.0,240.0,160.0,115.0,290.0,335.0,245.0,330.0,285.0,520.0,565.0,475.0,355.0,310.0,145.0,160.0,130.0,0.0,-15.0,0.0,0.0,0.0,0.0,0.0,60.0,75.0,45.0,60.0,45.0
2020-10-08 00:00:00+00:00,105.0,180.0,30.0,50.0,-25.0,165.0,210.0,120.0,20.0,-25.0,90.0,120.0,60.0,180.0,150.0,-85.0,-40.0,-130.0,15.0,-30.0,70.0,100.0,40.0,65.0,35.0,10.0,25.0,-5.0,-10.0,-25.0,95.0,110.0,80.0,140.0,125.0,95.0,110.0,80.0,140.0,125.0,95.0,110.0,80.0,140.0,125.0,0.0,0.0,0.0,0.0,0.0,335.0,350.0,320.0,380.0,365.0
2020-10-09 00:00:00+00:00,95.0,170.0,20.0,165.0,90.0,55.0,115.0,-5.0,-35.0,-95.0,-140.0,-95.0,-185.0,-145.0,-175.0,-15.0,45.0,-75.0,-170.0,-230.0,15.0,45.0,-15.0,-10.0,-40.0,55.0,70.0,40.0,100.0,85.0,105.0,165.0,45.0,60.0,0.0,140.0,185.0,95.0,150.0,105.0,155.0,170.0,140.0,250.0,235.0,0.0,0.0,0.0,0.0,0.0,100.0,115.0,85.0,160.0,145.0
2020-10-12 00:00:00+00:00,205.0,250.0,160.0,5.0,-25.0,-20.0,10.0,-50.0,-55.0,-85.0,135.0,165.0,105.0,95.0,65.0,100.0,145.0,55.0,70.0,25.0,120.0,150.0,90.0,105.0,75.0,-25.0,-10.0,-40.0,15.0,0.0,135.0,165.0,105.0,80.0,50.0,155.0,185.0,125.0,85.0,55.0,145.0,160.0,130.0,70.0,55.0,0.0,0.0,0.0,0.0,0.0,265.0,280.0,250.0,175.0,160.0
2020-10-13 00:00:00+00:00,115.0,175.0,55.0,-150.0,-210.0,-185.0,-125.0,-245.0,-615.0,-675.0,-95.0,-50.0,-140.0,-430.0,-475.0,-155.0,-110.0,-200.0,255.0,210.0,-70.0,-25.0,-115.0,210.0,165.0,55.0,70.0,40.0,310.0,295.0,-265.0,-235.0,-295.0,-25.0,-55.0,-215.0,-200.0,-230.0,-5.0,-20.0,-130.0,-115.0,-145.0,-50.0,-65.0,0.0,0.0,0.0,0.0,0.0,-115.0,-100.0,-130.0,-295.0,-310.0
2020-10-14 00:00:00+00:00,-800.0,-725.0,-875.0,-805.0,-880.0,-285.0,-240.0,-330.0,-100.0,-145.0,-100.0,-85.0,-115.0,-145.0,-160.0,-225.0,-165.0,-285.0,-295.0,-355.0,-175.0,-130.0,-220.0,-85.0,-130.0,-115.0,-85.0,-145.0,-55.0,-85.0,-385.0,-355.0,-415.0,-325.0,-355.0,-395.0,-380.0,-410.0,-325.0,-340.0,-325.0,-310.0,-340.0,-295.0,-310.0,0.0,0.0,0.0,0.0,0.0,-500.0,-485.0,-515.0,-500.0,-515.0
2020-10-15 00:00:00+00:00,-135.0,-60.0,-210.0,-55.0,-115.0,-145.0,-85.0,-205.0,-75.0,-135.0,-110.0,-65.0,-155.0,-55.0,-100.0,405.0,495.0,315.0,65.0,-25.0,525.0,600.0,450.0,155.0,80.0,205.0,220.0,190.0,15.0,0.0,175.0,220.0,130.0,25.0,-20.0,-35.0,-20.0,-50.0,40.0,25.0,80.0,95.0,65.0,220.0,205.0,0.0,0.0,0.0,0.0,0.0,80.0,95.0,65.0,-55.0,-70.0
2020-10-16 00:00:00+00:00,140.0,215.0,65.0,325.0,250.0,435.0,495.0,375.0,150.0,90.0,95.0,140.0,50.0,-10.0,-55.0,95.0,170.0,20.0,-260.0,-335.0,15.0,45.0,-15.0,-35.0,-65.0,15.0,45.0,-15.0,-35.0,-65.0,-45.0,-30.0,-60.0,40.0,25.0,-45.0,-30.0,-60.0,40.0,25.0,-45.0,-30.0,-60.0,40.0,25.0,0.0,0.0,0.0,0.0,0.0,415.0,430.0,400.0,355.0,340.0
2020-10-19 00:00:00+00:00,-60.0,15.0,-135.0,-20.0,-95.0,-70.0,-25.0,-115.0,-160.0,-205.0,-225.0,-165.0,-285.0,-315.0,-375.0,-110.0,-65.0,-155.0,-85.0,-130.0,-65.0,-20.0,-110.0,-135.0,-180.0,35.0,65.0,5.0,-15.0,-45.0,-80.0,-50.0,-110.0,-45.0,-75.0,-60.0,-45.0,-75.0,-45.0,-60.0,-60.0,-45.0,-75.0,-45.0,-60.0,0.0,0.0,0.0,0.0,0.0,-140.0,-125.0,-155.0,-155.0,-170.0
2020-10-20 00:00:00+00:00,215.0,290.0,140.0,-25.0,-100.0,-215.0,-170.0,-260.0,-85.0,-130.0,80.0,125.0,35.0,-160.0,-205.0,30.0,75.0,-15.0,305.0,260.0,5.0,35.0,-25.0,55.0,25.0,25.0,40.0,10.0,-65.0,-80.0,80.0,125.0,35.0,235.0,190.0,25.0,40.0,10.0,-65.0,-80.0,0.0,0.0,0.0,0.0,0.0,0.0,0.0,0.0,0.0,0.0,215.0,230.0,200.0,195.0,180.0
2020-10-21 00:00:00+00:00,35.0,110.0,-40.0,125.0,50.0,-325.0,-280.0,-370.0,-60.0,-105.0,-305.0,-245.0,-365.0,-245.0,-305.0,210.0,270.0,150.0,55.0,-5.0,195.0,240.0,150.0,220.0,175.0,335.0,365.0,305.0,210.0,180.0,570.0,630.0,510.0,120.0,60.0,625.0,685.0,565.0,180.0,120.0,375.0,405.0,345.0,365.0,335.0,0.0,0.0,0.0,0.0,0.0,360.0,375.0,345.0,220.0,205.0
2020-10-22 00:00:00+00:00,-450.0,-360.0,-540.0,-240.0,-330.0,-195.0,-150.0,-240.0,-230.0,-275.0,210.0,240.0,180.0,85.0,55.0,175.0,205.0,145.0,340.0,310.0,235.0,265.0,205.0,345.0,315.0,330.0,360.0,300.0,370.0,340.0,445.0,475.0,415.0,375.0,345.0,445.0,475.0,415.0,375.0,345.0,325.0,340.0,310.0,250.0,235.0,0.0,0.0,0.0,0.0,0.0,210.0,225.0,195.0,270.0,255.0
2020-10-23 00:00:00+00:00,60.0,105.0,15.0,-190.0,-235.0,-45.0,0.0,-90.0,-315.0,-360.0,-350.0,-290.0,-410.0,-300.0,-360.0,230.0,290.0,170.0,345.0,285.0,230.0,290.0,170.0,345.0,285.0,260.0,320.0,200.0,335.0,275.0,245.0,305.0,185.0,395.0,335.0,215.0,260.0,170.0,370.0,325.0,95.0,110.0,80.0,205.0,190.0,0.0,0.0,0.0,0.0,0.0,105.0,120.0,90.0,130.0,115.0
2020-10-26 00:00:00+00:00,110.0,170.0,50.0,-175.0,-235.0,-185.0,-140.0,-230.0,-275.0,-320.0,-100.0,-70.0,-130.0,-185.0,-215.0,-140.0,-95.0,-185.0,65.0,35.0,-140.0,-95.0,-185.0,65.0,35.0,20.0,50.0,-10.0,110.0,80.0,10.0,40.0,-20.0,150.0,120.0,10.0,25.0,-5.0,70.0,55.0,10.0,25.0,-5.0,70.0,55.0,0.0,0.0,0.0,0.0,0.0,-55.0,-40.0,-70.0,-210.0,-225.0
2020-10-27 00:00:00+00:00,315.0,360.0,270.0,125.0,80.0,195.0,240.0,150.0,235.0,190.0,340.0,385.0,295.0,275.0,230.0,120.0,135.0,105.0,145.0,130.0,120.0,135.0,105.0,145.0,130.0,120.0,135.0,105.0,145.0,130.0,30.0,60.0,0.0,200.0,170.0,120.0,135.0,105.0,145.0,130.0,120.0,135.0,105.0,145.0,130.0,0.0,0.0,0.0,0.0,0.0,365.0,380.0,350.0,360.0,345.0
2020-10-28 00:00:00+00:00,55.0,115.0,-5.0,-65.0,-110.0,-340.0,-295.0,-385.0,-265.0,-310.0,-705.0,-645.0,-765.0,-450.0,-510.0,80.0,125.0,35.0,-105.0,-150.0,220.0,265.0,175.0,-25.0,-70.0,190.0,235.0,145.0,40.0,-5.0,350.0,395.0,305.0,130.0,85.0,160.0,190.0,130.0,170.0,140.0,230.0,260.0,200.0,205.0,175.0,0.0,0.0,0.0,0.0,0.0,-90.0,-75.0,-105.0,-50.0,-65.0
2020-10-29 00:00:00+00:00,-615.0,-525.0,-705.0,-130.0,-220.0,-810.0,-780.0,-840.0,-630.0,-660.0,-220.0,-175.0,-265.0,200.0,155.0,-65.0,10.0,-140.0,-565.0,-640.0,-50.0,10.0,-110.0,-495.0,-555.0,130.0,175.0,85.0,-480.0,-525.0,-620.0,-560.0,-680.0,-580.0,-640.0,-640.0,-610.0,-670.0,-680.0,-710.0,-640.0,-610.0,-670.0,-680.0,-710.0,0.0,0.0,0.0,0.0,0.0,-1150.0,-1135.0,-1165.0,-1215.0,-1230.0
2020-10-30 00:00:00+00:00,730.0,775.0,685.0,770.0,725.0,485.0,530.0,440.0,0.0,-45.0,310.0,355.0,265.0,740.0,695.0,470.0,500.0,440.0,290.0,260.0,150.0,165.0,135.0,255.0,240.0,150.0,165.0,135.0,255.0,240.0,665.0,725.0,605.0,355.0,295.0,0.0,0.0,0.0,0.0,0.0,0.0,0.0,0.0,0.0,0.0,0.0,0.0,0.0,0.0,0.0,900.0,915.0,885.0,935.0,920.0
2020-11-02 00:00:00+00:00,1140.0,1215.0,1065.0,730.0,655.0,1440.0,1485.0,1395.0,1260.0,1215.0,1405.0,1420.0,1390.0,1035.0,1020.0,165.0,180.0,150.0,-185.0,-200.0,0.0,0.0,0.0,0.0,0.0,0.0,0.0,0.0,0.0,0.0,0.0,0.0,0.0,0.0,0.0,0.0,0.0,0.0,0.0,0.0,0.0,0.0,0.0,0.0,0.0,0.0,0.0,0.0,0.0,0.0,1405.0,1420.0,1390.0,1035.0,1020.0
2020-11-03 00:00:00+00:00,-220.0,-145.0,-295.0,60.0,-15.0,320.0,395.0,245.0,370.0,295.0,250.0,265.0,235.0,390.0,375.0,335.0,395.0,275.0,150.0,90.0,-20.0,-5.0,-35.0,-110.0,-125.0,35.0,50.0,20.0,165.0,150.0,-75.0,-60.0,-90.0,80.0,65.0,-75.0,-60.0,-90.0,80.0,65.0,95.0,110.0,80.0,90.0,75.0,0.0,0.0,0.0,0.0,0.0,485.0,500.0,470.0,630.0,615.0
2020-11-04 00:00:00+00:00,670.0,745.0,595.0,210.0,150.0,-135.0,-105.0,-165.0,-465.0,-495.0,-155.0,-95.0,-215.0,250.0,190.0,-415.0,-355.0,-475.0,-575.0,-635.0,-205.0,-160.0,-250.0,-195.0,-240.0,-50.0,-35.0,-65.0,210.0,195.0,40.0,55.0,25.0,165.0,150.0,50.0,65.0,35.0,150.0,135.0,580.0,595.0,565.0,260.0,245.0,0.0,0.0,0.0,0.0,0.0,340.0,355.0,325.0,280.0,265.0
2020-11-05 00:00:00+00:00,335.0,395.0,275.0,165.0,105.0,480.0,525.0,435.0,420.0,375.0,-95.0,-50.0,-140.0,50.0,5.0,75.0,105.0,45.0,40.0,10.0,305.0,335.0,275.0,120.0,90.0,165.0,180.0,150.0,110.0,95.0,170.0,185.0,155.0,370.0,355.0,400.0,415.0,385.0,450.0,435.0,400.0,415.0,385.0,450.0,435.0,0.0,0.0,0.0,0.0,0.0,460.0,475.0,445.0,725.0,710.0
2020-11-06 00:00:00+00:00,250.0,295.0,205.0,310.0,265.0,130.0,160.0,100.0,-230.0,-260.0,-50.0,-35.0,-65.0,30.0,15.0,-325.0,-295.0,-355.0,-360.0,-390.0,-325.0,-295.0,-355.0,-360.0,-390.0,170.0,200.0,140.0,5.0,-25.0,-260.0,-245.0,-275.0,-145.0,-160.0,-260.0,-245.0,-275.0,-145.0,-160.0,-260.0,-245.0,-275.0,-145.0,-160.0,0.0,0.0,0.0,0.0,0.0,-90.0,-75.0,-105.0,15.0,0.0
2020-11-09 00:00:00+00:00,-45.0,30.0,-120.0,-305.0,-380.0,75.0,150.0,0.0,325.0,250.0,205.0,235.0,175.0,145.0,115.0,2400.0,2475.0,2325.0,155.0,95.0,2450.0,2495.0,2405.0,135.0,105.0,185.0,200.0,170.0,155.0,140.0,135.0,165.0,105.0,100.0,70.0,185.0,200.0,170.0,155.0,140.0,0.0,0.0,0.0,0.0,0.0,0.0,0.0,0.0,0.0,0.0,2495.0,2510.0,2480.0,3880.0,3865.0
2020-11-10 00:00:00+00:00,370.0,430.0,310.0,445.0,385.0,280.0,325.0,235.0,390.0,345.0,-185.0,-140.0,-230.0,30.0,-15.0,-105.0,-75.0,-135.0,230.0,200.0,-260.0,-245.0,-275.0,115.0,100.0,-260.0,-245.0,-275.0,115.0,100.0,-310.0,-295.0,-325.0,40.0,25.0,-40.0,-25.0,-55.0,205.0,190.0,-40.0,-25.0,-55.0,205.0,190.0,0.0,0.0,0.0,0.0,0.0,275.0,290.0,260.0,515.0,500.0
2020-11-11 00:00:00+00:00,-365.0,-245.0,-485.0,-320.0,-425.0,-360.0,-255.0,-465.0,-325.0,-430.0,-60.0,-15.0,-105.0,-40.0,-85.0,390.0,465.0,315.0,265.0,190.0,-5.0,10.0,-20.0,-40.0,-55.0,-5.0,10.0,-20.0,-40.0,-55.0,145.0,160.0,130.0,150.0,135.0,145.0,160.0,130.0,150.0,135.0,0.0,0.0,0.0,0.0,0.0,0.0,0.0,0.0,0.0,0.0,-35.0,-20.0,-50.0,60.0,45.0
2020-11-12 00:00:00+00:00,-50.0,10.0,-110.0,-20.0,-80.0,275.0,290.0,260.0,135.0,120.0,-40.0,-10.0,-70.0,-145.0,-175.0,150.0,195.0,105.0,-10.0,-40.0,85.0,115.0,55.0,-75.0,-90.0,0.0,0.0,0.0,0.0,0.0,200.0,230.0,170.0,0.0,-15.0,175.0,190.0,160.0,0.0,-15.0,200.0,215.0,185.0,105.0,90.0,0.0,0.0,0.0,0.0,0.0,405.0,420.0,390.0,260.0,245.0
2020-11-13 00:00:00+00:00,210.0,255.0,165.0,355.0,310.0,285.0,345.0,225.0,175.0,115.0,340.0,370.0,310.0,290.0,260.0,40.0,70.0,10.0,-70.0,-100.0,-80.0,-65.0,-95.0,-100.0,-115.0,-80.0,-65.0,-95.0,-100.0,-115.0,-80.0,-65.0,-95.0,-100.0,-115.0,-80.0,-65.0,-95.0,-100.0,-115.0,-70.0,-55.0,-85.0,75.0,60.0,0.0,0.0,0.0,0.0,0.0,405.0,420.0,390.0,380.0,365.0
2020-11-16 00:00:00+00:00,-95.0,-5.0,-185.0,-110.0,-185.0,-170.0,-110.0,-230.0,510.0,450.0,-310.0,-265.0,-355.0,-60.0,-90.0,415.0,475.0,355.0,25.0,-35.0,325.0,370.0,280.0,90.0,45.0,165.0,195.0,135.0,80.0,50.0,225.0,255.0,195.0,95.0,65.0,225.0,255.0,195.0,95.0,65.0,255.0,285.0,225.0,15.0,-15.0,0.0,0.0,0.0,0.0,0.0,220.0,235.0,205.0,700.0,685.0
2020-11-17 00:00:00+00:00,-390.0,-330.0,-450.0,-340.0,-400.0,-215.0,-155.0,-275.0,-125.0,-185.0,-55.0,-10.0,-100.0,-375.0,-420.0,-220.0,-160.0,-280.0,-410.0,-470.0,-10.0,50.0,-70.0,-310.0,-370.0,-10.0,50.0,-70.0,-310.0,-370.0,-445.0,-400.0,-490.0,-425.0,-470.0,-310.0,-265.0,-355.0,-360.0,-405.0,-95.0,-50.0,-140.0,135.0,90.0,0.0,0.0,0.0,0.0,0.0,-530.0,-515.0,-545.0,-565.0,-580.0
2020-11-18 00:00:00+00:00,310.0,340.0,280.0,220.0,190.0,345.0,405.0,285.0,205.0,145.0,425.0,440.0,410.0,440.0,425.0,300.0,345.0,255.0,405.0,360.0,230.0,245.0,215.0,230.0,215.0,0.0,0.0,0.0,0.0,0.0,230.0,245.0,215.0,230.0,215.0,230.0,245.0,215.0,230.0,215.0,230.0,245.0,215.0,230.0,215.0,0.0,0.0,0.0,0.0,0.0,780.0,795.0,765.0,685.0,670.0
2020-11-19 00:00:00+00:00,-145.0,-85.0,-205.0,-275.0,-335.0,0.0,30.0,-30.0,-165.0,-195.0,-490.0,-445.0,-535.0,-420.0,-465.0,45.0,90.0,0.0,300.0,255.0,45.0,90.0,0.0,300.0,255.0,360.0,390.0,330.0,485.0,455.0,355.0,400.0,310.0,480.0,435.0,555.0,600.0,510.0,785.0,740.0,560.0,605.0,515.0,665.0,635.0,0.0,0.0,0.0,0.0,0.0,325.0,340.0,310.0,445.0,430.0
2020-11-20 00:00:00+00:00,105.0,165.0,45.0,-225.0,-285.0,-215.0,-140.0,-290.0,-90.0,-165.0,240.0,285.0,195.0,-70.0,-115.0,385.0,445.0,325.0,315.0,270.0,375.0,420.0,330.0,315.0,270.0,250.0,280.0,220.0,15.0,-15.0,270.0,300.0,240.0,235.0,205.0,55.0,70.0,40.0,-5.0,-20.0,0.0,0.0,0.0,0.0,0.0,0.0,0.0,0.0,0.0,0.0,380.0,395.0,365.0,390.0,375.0
2020-11-23 00:00:00+00:00,-90.0,-15.0,-165.0,-60.0,-135.0,-175.0,-115.0,-235.0,-250.0,-310.0,-290.0,-200.0,-380.0,-30.0,-120.0,-155.0,-65.0,-245.0,-175.0,-265.0,-110.0,-50.0,-170.0,-120.0,-180.0,-105.0,-75.0,-135.0,-15.0,-45.0,-80.0,-35.0,-125.0,10.0,-35.0,-80.0,-35.0,-125.0,10.0,-35.0,35.0,65.0,5.0,145.0,130.0,0.0,0.0,0.0,0.0,0.0,-250.0,-235.0,-265.0,-125.0,-140.0
2020-11-24 00:00:00+00:00,75.0,135.0,15.0,115.0,55.0,100.0,145.0,55.0,140.0,95.0,170.0,215.0,125.0,30.0,-15.0,5.0,50.0,-40.0,-15.0,-60.0,0.0,15.0,-15.0,-30.0,-45.0,0.0,0.0,0.0,0.0,0.0,0.0,15.0,-15.0,-30.0,-45.0,0.0,0.0,0.0,0.0,0.0,0.0,0.0,0.0,0.0,0.0,0.0,0.0,0.0,0.0,0.0,255.0,270.0,240.0,200.0,185.0
2020-11-25 00:00:00+00:00,-325.0,-235.0,-415.0,-145.0,-235.0,-255.0,-195.0,-315.0,-160.0,-205.0,-25.0,-10.0,-40.0,20.0,5.0,-95.0,10.0,-200.0,-235.0,-340.0,5.0,65.0,-55.0,-25.0,-85.0,-75.0,-30.0,-120.0,-35.0,-80.0,-160.0,-115.0,-205.0,-300.0,-345.0,-160.0,-115.0,-205.0,-300.0,-345.0,160.0,205.0,115.0,-225.0,-270.0,0.0,0.0,0.0,0.0,0.0,-275.0,-260.0,-290.0,-255.0,-270.0
2020-11-26 00:00:00+00:00,-180.0,-90.0,-270.0,-160.0,-250.0,-180.0,-120.0,-240.0,-120.0,-180.0,-115.0,-70.0,-160.0,-70.0,-115.0,-5.0,55.0,-65.0,-60.0,-120.0,35.0,80.0,-10.0,-25.0,-70.0,35.0,80.0,-10.0,-25.0,-70.0,90.0,135.0,45.0,-10.0,-55.0,90.0,135.0,45.0,-10.0,-55.0,160.0,205.0,115.0,45.0,0.0,0.0,0.0,0.0,0.0,0.0,10.0,25.0,-5.0,-60.0,-75.0
2020-11-30 00:00:00+00:00,-240.0,-150.0,-330.0,-235.0,-325.0,-125.0,-65.0,-185.0,-250.0,-310.0,-130.0,-70.0,-190.0,-535.0,-595.0,-85.0,-25.0,-145.0,-155.0,-215.0,-105.0,-60.0,-150.0,-170.0,-215.0,-110.0,-80.0,-140.0,-35.0,-50.0,-25.0,5.0,-55.0,110.0,95.0,0.0,0.0,0.0,0.0,0.0,0.0,0.0,0.0,0.0,0.0,0.0,0.0,0.0,0.0,0.0,-140.0,-125.0,-155.0,-225.0,-240.0
2020-12-01 00:00:00+00:00,-40.0,50.0,-130.0,120.0,45.0,-200.0,-110.0,-290.0,-80.0,-170.0,-85.0,-10.0,-160.0,-45.0,-120.0,205.0,265.0,145.0,-45.0,-105.0,65.0,80.0,50.0,-30.0,-45.0,65.0,80.0,50.0,-30.0,-45.0,140.0,170.0,110.0,-30.0,-60.0,140.0,170.0,110.0,-30.0,-60.0,0.0,0.0,0.0,0.0,0.0,0.0,0.0,0.0,0.0,0.0,140.0,155.0,125.0,110.0,95.0
2020-12-02 00:00:00+00:00,-60.0,0.0,-120.0,-165.0,-225.0,10.0,40.0,-20.0,-30.0,-60.0,-145.0,-100.0,-190.0,-160.0,-205.0,-25.0,5.0,-55.0,50.0,20.0,5.0,35.0,-25.0,80.0,50.0,20.0,35.0,5.0,80.0,65.0,105.0,135.0,75.0,35.0,5.0,50.0,65.0,35.0,-20.0,-35.0,50.0,65.0,35.0,-20.0,-35.0,0.0,0.0,0.0,0.0,0.0,-65.0,-50.0,-80.0,40.0,25.0
2020-12-03 00:00:00+00:00,-100.0,-40.0,-160.0,-220.0,-280.0,40.0,70.0,10.0,5.0,-25.0,15.0,45.0,-15.0,120.0,90.0,-35.0,-5.0,-65.0,-100.0,-130.0,-20.0,-5.0,-35.0,-15.0,-30.0,-20.0,-5.0,-35.0,-15.0,-30.0,-20.0,10.0,-50.0,-55.0,-85.0,90.0,120.0,60.0,-20.0,-50.0,-5.0,10.0,-20.0,30.0,15.0,0.0,0.0,0.0,0.0,0.0,45.0,60.0,30.0,-140.0,-155.0
2020-12-04 00:00:00+00:00,-45.0,0.0,-90.0,-160.0,-205.0,-20.0,10.0,-50.0,-55.0,-85.0,-10.0,35.0,-55.0,20.0,-25.0,60.0,120.0,0.0,30.0,-30.0,-50.0,-5.0,-95.0,0.0,-45.0,0.0,0.0,0.0,0.0,0.0,75.0,120.0,30.0,65.0,20.0,-25.0,5.0,-55.0,35.0,20.0,0.0,0.0,0.0,0.0,0.0,0.0,0.0,0.0,0.0,0.0,80.0,95.0,65.0,65.0,50.0
2020-12-07 00:00:00+00:00,80.0,140.0,20.0,135.0,75.0,305.0,335.0,275.0,240.0,210.0,-55.0,-25.0,-85.0,70.0,40.0,70.0,100.0,40.0,120.0,90.0,-20.0,-5.0,-35.0,-20.0,-35.0,75.0,90.0,60.0,30.0,15.0,170.0,200.0,140.0,135.0,105.0,110.0,125.0,95.0,65.0,50.0,110.0,125.0,95.0,65.0,50.0,0.0,0.0,0.0,0.0,0.0,405.0,420.0,390.0,360.0,345.0
2020-12-08 00:00:00+00:00,-95.0,-35.0,-155.0,-165.0,-225.0,-140.0,-95.0,-185.0,-240.0,-285.0,-240.0,-210.0,-270.0,-345.0,-375.0,-340.0,-295.0,-385.0,-230.0,-275.0,-295.0,-250.0,-340.0,-280.0,-325.0,-65.0,-35.0,-95.0,-55.0,-85.0,-375.0,-345.0,-405.0,-210.0,-240.0,-375.0,-345.0,-405.0,-210.0,-240.0,-375.0,-345.0,-405.0,-210.0,-240.0,0.0,0.0,0.0,0.0,0.0,-645.0,-630.0,-660.0,-605.0,-620.0
2020-12-09 00:00:00+00:00,-225.0,-150.0,-300.0,-155.0,-230.0,-285.0,-225.0,-345.0,-210.0,-270.0,-255.0,-195.0,-315.0,-135.0,-195.0,-55.0,-10.0,-100.0,-55.0,-100.0,-55.0,-10.0,-100.0,-60.0,-105.0,60.0,75.0,45.0,15.0,0.0,5.0,65.0,-55.0,-70.0,-130.0,65.0,110.0,20.0,35.0,-10.0,70.0,85.0,55.0,-20.0,-35.0,0.0,0.0,0.0,0.0,0.0,-260.0,-245.0,-275.0,-190.0,-205.0
2020-12-10 00:00:00+00:00,-50.0,55.0,-155.0,85.0,-20.0,30.0,150.0,-90.0,55.0,-65.0,55.0,115.0,-5.0,-25.0,-85.0,45.0,120.0,-30.0,125.0,50.0,-5.0,25.0,-35.0,-15.0,-45.0,-35.0,-20.0,-50.0,-60.0,-75.0,-65.0,-20.0,-110.0,-75.0,-120.0,-10.0,20.0,-40.0,30.0,0.0,-55.0,-40.0,-70.0,-40.0,-55.0,0.0,0.0,0.0,0.0,0.0,110.0,125.0,95.0,120.0,105.0
2020-12-11 00:00:00+00:00,-540.0,-480.0,-600.0,-320.0,-380.0,-595.0,-535.0,-655.0,-410.0,-470.0,-195.0,-150.0,-240.0,-290.0,-335.0,-400.0,-370.0,-430.0,-390.0,-420.0,-305.0,-275.0,-335.0,-290.0,-320.0,-305.0,-275.0,-335.0,-290.0,-320.0,85.0,145.0,25.0,-265.0,-325.0,-215.0,-185.0,-245.0,-240.0,-270.0,-175.0,-145.0,-205.0,-340.0,-370.0,0.0,0.0,0.0,0.0,0.0,-355.0,-340.0,-370.0,-645.0,-660.0
2020-12-21 00:00:00+00:00,-805.0,-760.0,-850.0,-1175.0,-1220.0,90.0,150.0,30.0,-410.0,-455.0,-10.0,5.0,-25.0,-85.0,-100.0,-1220.0,-1175.0,-1265.0,-780.0,-825.0,-1220.0,-1175.0,-1265.0,-780.0,-825.0,-770.0,-740.0,-800.0,-640.0,-670.0,-1960.0,-1930.0,-1990.0,-2185.0,-2215.0,-1825.0,-1795.0,-1855.0,-1760.0,-1790.0,-1470.0,-1455.0,-1485.0,-1590.0,-1605.0,0.0,0.0,0.0,0.0,0.0,-1900.0,-1885.0,-1915.0,-1975.0,-1990.0
2020-12-22 00:00:00+00:00,-270.0,-195.0,-345.0,-575.0,-650.0,-310.0,-220.0,-400.0,-300.0,-390.0,-280.0,-235.0,-325.0,-360.0,-405.0,405.0,480.0,330.0,245.0,170.0,155.0,185.0,125.0,120.0,90.0,0.0,0.0,0.0,0.0,0.0,-90.0,-75.0,-105.0,45.0,30.0,10.0,25.0,-5.0,110.0,95.0,10.0,25.0,-5.0,110.0,95.0,0.0,0.0,0.0,0.0,0.0,-65.0,-50.0,-80.0,-115.0,-130.0
2020-12-23 00:00:00+00:00,-95.0,-20.0,-170.0,-190.0,-265.0,-270.0,-195.0,-345.0,-200.0,-275.0,-95.0,-50.0,-140.0,-160.0,-205.0,140.0,215.0,65.0,40.0,-35.0,150.0,210.0,90.0,20.0,-40.0,70.0,85.0,55.0,25.0,10.0,0.0,45.0,-45.0,-25.0,-70.0,-175.0,-160.0,-190.0,-105.0,-120.0,-140.0,-125.0,-155.0,-95.0,-110.0,0.0,0.0,0.0,0.0,0.0,-50.0,-35.0,-65.0,-75.0,-90.0
2020-12-28 00:00:00+00:00,40.0,100.0,-20.0,35.0,-25.0,30.0,90.0,-30.0,40.0,-20.0,-15.0,45.0,-75.0,140.0,80.0,65.0,110.0,20.0,-60.0,-105.0,45.0,75.0,15.0,-60.0,-90.0,80.0,110.0,50.0,-55.0,-85.0,120.0,165.0,75.0,-35.0,-80.0,120.0,165.0,75.0,-35.0,-80.0,90.0,120.0,60.0,10.0,-20.0,0.0,0.0,0.0,0.0,0.0,150.0,165.0,135.0,160.0,145.0
2020-12-29 00:00:00+00:00,-270.0,-180.0,-360.0,-165.0,-255.0,20.0,65.0,-25.0,-65.0,-110.0,-60.0,0.0,-120.0,-50.0,-110.0,-55.0,50.0,-160.0,-210.0,-315.0,-70.0,5.0,-145.0,-165.0,-240.0,-80.0,-50.0,-110.0,-45.0,-75.0,-105.0,-45.0,-165.0,-190.0,-250.0,-90.0,-30.0,-150.0,-230.0,-290.0,-80.0,-50.0,-110.0,-105.0,-135.0,0.0,0.0,0.0,0.0,0.0,-145.0,-130.0,-160.0,-190.0,-205.0
2020-12-30 00:00:00+00:00,-270.0,-195.0,-345.0,-135.0,-210.0,-180.0,-120.0,-240.0,-30.0,-90.0,-230.0,-170.0,-290.0,5.0,-55.0,105.0,165.0,45.0,20.0,-25.0,100.0,130.0,70.0,35.0,20.0,70.0,85.0,55.0,0.0,0.0,60.0,90.0,30.0,50.0,35.0,105.0,135.0,75.0,40.0,25.0,105.0,135.0,75.0,40.0,25.0,0.0,0.0,0.0,0.0,0.0,-5.0,10.0,-20.0,70.0,55.0
2020-12-31 00:00:00+00:00,95.0,170.0,20.0,-5.0,-80.0,230.0,260.0,200.0,265.0,235.0,220.0,250.0,190.0,220.0,190.0,-120.0,-105.0,-135.0,-95.0,-110.0,-30.0,-15.0,-45.0,-45.0,-60.0,-30.0,-15.0,-45.0,-45.0,-60.0,-10.0,5.0,-25.0,0.0,-15.0,-10.0,5.0,-25.0,0.0,-15.0,-10.0,5.0,-25.0,0.0,-15.0,0.0,0.0,0.0,0.0,0.0,210.0,225.0,195.0,215.0,200.0
2021-01-04 00:00:00+00:00,250.0,310.0,190.0,150.0,90.0,260.0,320.0,200.0,215.0,155.0,205.0,265.0,145.0,225.0,165.0,45.0,75.0,15.0,80.0,50.0,45.0,75.0,15.0,80.0,50.0,75.0,90.0,60.0,65.0,50.0,75.0,90.0,60.0,65.0,50.0,75.0,90.0,60.0,65.0,50.0,0.0,0.0,0.0,0.0,0.0,0.0,0.0,0.0,0.0,0.0,360.0,375.0,345.0,280.0,265.0
2021-01-05 00:00:00+00:00,-310.0,-235.0,-385.0,-175.0,-250.0,-135.0,-105.0,-165.0,-100.0,-130.0,-225.0,-165.0,-285.0,-375.0,-435.0,240.0,300.0,180.0,-25.0,-85.0,25.0,40.0,10.0,-35.0,-50.0,25.0,40.0,10.0,-35.0,-50.0,155.0,200.0,110.0,175.0,130.0,165.0,195.0,135.0,215.0,185.0,95.0,110.0,80.0,90.0,75.0,0.0,0.0,0.0,0.0,0.0,15.0,30.0,0.0,-155.0,-170.0
2021-01-06 00:00:00+00:00,550.0,595.0,505.0,160.0,115.0,-65.0,-20.0,-110.0,210.0,165.0,150.0,210.0,90.0,85.0,40.0,350.0,395.0,305.0,335.0,290.0,265.0,310.0,220.0,230.0,185.0,-35.0,-5.0,-65.0,-120.0,-150.0,455.0,485.0,425.0,435.0,405.0,505.0,535.0,475.0,320.0,290.0,0.0,0.0,0.0,0.0,0.0,0.0,0.0,0.0,0.0,0.0,780.0,795.0,765.0,695.0,680.0
2021-01-07 00:00:00+00:00,-310.0,-235.0,-385.0,-85.0,-160.0,-205.0,-160.0,-250.0,-70.0,-100.0,-230.0,-200.0,-260.0,-90.0,-120.0,-280.0,-235.0,-325.0,-415.0,-460.0,-280.0,-235.0,-325.0,-415.0,-460.0,-270.0,-240.0,-300.0,-225.0,-255.0,-95.0,-50.0,-140.0,-335.0,-380.0,-30.0,0.0,-60.0,-45.0,-75.0,-30.0,0.0,-60.0,-45.0,-75.0,0.0,0.0,0.0,0.0,0.0,-315.0,-300.0,-330.0,-310.0,-325.0
2021-01-08 00:00:00+00:00,-160.0,-85.0,-235.0,-90.0,-165.0,-185.0,-140.0,-230.0,-40.0,-85.0,-145.0,-100.0,-190.0,-110.0,-155.0,140.0,215.0,65.0,35.0,-40.0,240.0,300.0,180.0,105.0,45.0,240.0,285.0,195.0,140.0,95.0,125.0,155.0,95.0,150.0,120.0,210.0,240.0,180.0,135.0,105.0,190.0,220.0,160.0,140.0,110.0,0.0,0.0,0.0,0.0,0.0,-25.0,-10.0,-40.0,100.0,85.0
2021-01-11 00:00:00+00:00,-195.0,-120.0,-270.0,-220.0,-295.0,-155.0,-125.0,-185.0,-130.0,-160.0,-430.0,-355.0,-505.0,-195.0,-255.0,-70.0,-40.0,-100.0,-170.0,-200.0,-10.0,20.0,-40.0,-75.0,-105.0,110.0,140.0,80.0,-40.0,-70.0,-60.0,-30.0,-90.0,165.0,135.0,150.0,180.0,120.0,135.0,105.0,165.0,195.0,135.0,140.0,110.0,0.0,0.0,0.0,0.0,0.0,-145.0,-130.0,-160.0,-200.0,-215.0
2021-01-12 00:00:00+00:00,-60.0,15.0,-135.0,-35.0,-95.0,25.0,115.0,-65.0,-40.0,-115.0,-100.0,-40.0,-160.0,-85.0,-145.0,10.0,40.0,-20.0,-10.0,-40.0,10.0,40.0,-20.0,-10.0,-40.0,10.0,25.0,-5.0,-5.0,-20.0,70.0,115.0,25.0,185.0,140.0,0.0,15.0,-15.0,40.0,25.0,30.0,45.0,15.0,35.0,20.0,0.0,0.0,0.0,0.0,0.0,155.0,170.0,140.0,160.0,145.0
2021-01-13 00:00:00+00:00,-270.0,-195.0,-345.0,-135.0,-210.0,-150.0,-120.0,-180.0,-75.0,-105.0,-135.0,-120.0,-150.0,-115.0,-130.0,-245.0,-230.0,-260.0,-240.0,-255.0,-245.0,-230.0,-260.0,-240.0,-255.0,-220.0,-205.0,-235.0,-260.0,-275.0,-225.0,-210.0,-240.0,-220.0,-235.0,-200.0,-185.0,-215.0,-180.0,-195.0,-200.0,-185.0,-215.0,-180.0,-195.0,0.0,0.0,0.0,0.0,0.0,-160.0,-145.0,-175.0,-200.0,-215.0
2021-01-14 00:00:00+00:00,-105.0,-45.0,-165.0,-140.0,-200.0,-150.0,-90.0,-210.0,-160.0,-220.0,-130.0,-70.0,-190.0,-40.0,-100.0,-60.0,15.0,-135.0,-155.0,-230.0,-60.0,15.0,-135.0,-155.0,-230.0,-55.0,5.0,-115.0,-210.0,-270.0,-145.0,-130.0,-160.0,-90.0,-105.0,-125.0,-110.0,-140.0,-160.0,-175.0,-125.0,-110.0,-140.0,-160.0,-175.0,0.0,0.0,0.0,0.0,0.0,-135.0,-120.0,-150.0,-160.0,-175.0
2021-01-15 00:00:00+00:00,-315.0,-240.0,-390.0,-440.0,-515.0,-235.0,-160.0,-310.0,-300.0,-375.0,-80.0,-35.0,-125.0,-355.0,-400.0,60.0,105.0,15.0,-95.0,-140.0,25.0,55.0,-5.0,-65.0,-95.0,155.0,185.0,125.0,90.0,60.0,60.0,90.0,30.0,-70.0,-100.0,190.0,220.0,160.0,85.0,55.0,190.0,220.0,160.0,85.0,55.0,0.0,0.0,0.0,0.0,0.0,-105.0,-90.0,-120.0,-220.0,-235.0
2021-01-18 00:00:00+00:00,240.0,315.0,165.0,105.0,30.0,205.0,265.0,145.0,130.0,70.0,120.0,180.0,60.0,305.0,245.0,10.0,55.0,-35.0,100.0,55.0,95.0,125.0,65.0,85.0,55.0,95.0,125.0,65.0,85.0,55.0,55.0,115.0,-5.0,25.0,-35.0,100.0,130.0,70.0,120.0,90.0,95.0,125.0,65.0,85.0,55.0,0.0,0.0,0.0,0.0,0.0,290.0,305.0,275.0,320.0,305.0
2021-01-19 00:00:00+00:00,205.0,250.0,160.0,15.0,-30.0,150.0,180.0,120.0,55.0,25.0,75.0,105.0,45.0,55.0,25.0,50.0,80.0,20.0,65.0,35.0,110.0,140.0,80.0,95.0,65.0,45.0,60.0,30.0,-10.0,-25.0,45.0,60.0,30.0,-10.0,-25.0,45.0,60.0,30.0,-10.0,-25.0,45.0,60.0,30.0,-10.0,-25.0,0.0,0.0,0.0,0.0,0.0,285.0,300.0,270.0,195.0,180.0
2021-01-20 00:00:00+00:00,20.0,95.0,-55.0,135.0,60.0,-20.0,25.0,-65.0,-30.0,-75.0,145.0,160.0,130.0,70.0,55.0,-25.0,5.0,-55.0,-55.0,-85.0,5.0,35.0,-25.0,85.0,70.0,-95.0,-80.0,-110.0,0.0,0.0,-95.0,-80.0,-110.0,0.0,0.0,0.0,0.0,0.0,0.0,0.0,0.0,0.0,0.0,0.0,0.0,0.0,0.0,0.0,0.0,0.0,80.0,95.0,65.0,50.0,35.0
2021-01-21 00:00:00+00:00,10.0,85.0,-65.0,35.0,-40.0,100.0,160.0,40.0,85.0,25.0,-20.0,40.0,-80.0,70.0,10.0,-10.0,50.0,-70.0,40.0,-20.0,20.0,50.0,-10.0,25.0,-5.0,-15.0,0.0,-30.0,-45.0,-60.0,50.0,80.0,20.0,75.0,45.0,50.0,80.0,20.0,75.0,45.0,45.0,60.0,30.0,50.0,35.0,0.0,0.0,0.0,0.0,0.0,225.0,240.0,210.0,210.0,195.0
2021-01-22 00:00:00+00:00,-165.0,-105.0,-225.0,-310.0,-370.0,-385.0,-340.0,-430.0,-200.0,-245.0,-655.0,-580.0,-730.0,-515.0,-590.0,-295.0,-235.0,-355.0,-235.0,-295.0,-180.0,-120.0,-240.0,-210.0,-270.0,65.0,95.0,35.0,-95.0,-125.0,140.0,185.0,95.0,130.0,85.0,140.0,185.0,95.0,130.0,85.0,190.0,235.0,145.0,130.0,85.0,0.0,0.0,0.0,0.0,0.0,-450.0,-435.0,-465.0,-480.0,-495.0
2021-01-25 00:00:00+00:00,-190.0,-130.0,-250.0,-190.0,-250.0,35.0,50.0,20.0,15.0,0.0,-45.0,-30.0,-60.0,-45.0,-60.0,-210.0,-165.0,-255.0,-160.0,-205.0,-190.0,-145.0,-235.0,10.0,-20.0,-195.0,-165.0,-225.0,-50.0,-65.0,-160.0,-145.0,-175.0,-110.0,-125.0,-160.0,-145.0,-175.0,-110.0,-125.0,-130.0,-115.0,-145.0,-185.0,-200.0,0.0,0.0,0.0,0.0,0.0,-205.0,-190.0,-220.0,-215.0,-230.0
2021-01-26 00:00:00+00:00,200.0,245.0,155.0,145.0,100.0,270.0,315.0,225.0,185.0,140.0,500.0,545.0,455.0,405.0,360.0,-5.0,25.0,-35.0,-15.0,-45.0,-10.0,20.0,-40.0,140.0,110.0,155.0,185.0,125.0,160.0,130.0,110.0,140.0,80.0,80.0,50.0,165.0,195.0,135.0,155.0,125.0,0.0,0.0,0.0,0.0,0.0,0.0,0.0,0.0,0.0,0.0,510.0,525.0,495.0,510.0,495.0
2021-01-27 00:00:00+00:00,-245.0,-185.0,-305.0,-380.0,-440.0,5.0,20.0,-10.0,-125.0,-140.0,-250.0,-220.0,-280.0,-160.0,-190.0,-250.0,-205.0,-295.0,-450.0,-495.0,-315.0,-285.0,-345.0,-315.0,-345.0,-315.0,-285.0,-345.0,-315.0,-345.0,-1140.0,-1125.0,-1155.0,-730.0,-745.0,-1145.0,-1130.0,-1160.0,-735.0,-750.0,-1060.0,-1045.0,-1075.0,-670.0,-685.0,0.0,0.0,0.0,0.0,0.0,-1150.0,-1135.0,-1165.0,-875.0,-890.0
2021-01-28 00:00:00+00:00,710.0,770.0,650.0,385.0,325.0,305.0,350.0,260.0,225.0,180.0,660.0,675.0,645.0,590.0,575.0,75.0,120.0,30.0,115.0,70.0,140.0,185.0,95.0,170.0,125.0,170.0,185.0,155.0,100.0,85.0,150.0,180.0,120.0,105.0,75.0,25.0,40.0,10.0,-25.0,-40.0,25.0,40.0,10.0,-25.0,-40.0,0.0,0.0,0.0,0.0,0.0,915.0,930.0,900.0,725.0,710.0
2021-01-29 00:00:00+00:00,160.0,250.0,70.0,140.0,50.0,250.0,325.0,175.0,215.0,140.0,225.0,285.0,165.0,125.0,65.0,250.0,295.0,205.0,335.0,290.0,95.0,125.0,65.0,200.0,170.0,255.0,270.0,240.0,220.0,205.0,310.0,340.0,280.0,305.0,275.0,340.0,370.0,310.0,375.0,345.0,120.0,135.0,105.0,110.0,95.0,0.0,0.0,0.0,0.0,0.0,635.0,650.0,620.0,375.0,360.0
2021-02-01 00:00:00+00:00,45.0,120.0,-30.0,195.0,120.0,155.0,200.0,110.0,30.0,-15.0,-390.0,-330.0,-450.0,-355.0,-415.0,70.0,130.0,10.0,-190.0,-250.0,10.0,40.0,-20.0,145.0,115.0,10.0,40.0,-20.0,145.0,115.0,115.0,145.0,85.0,205.0,175.0,140.0,170.0,110.0,235.0,205.0,225.0,255.0,195.0,350.0,320.0,0.0,0.0,0.0,0.0,0.0,180.0,195.0,165.0,105.0,90.0
2021-02-02 00:00:00+00:00,-145.0,-70.0,-220.0,-110.0,-185.0,-65.0,-20.0,-110.0,-200.0,-245.0,-130.0,-85.0,-175.0,-45.0,-90.0,100.0,160.0,40.0,45.0,0.0,45.0,75.0,15.0,110.0,95.0,45.0,75.0,15.0,110.0,95.0,45.0,75.0,15.0,110.0,95.0,120.0,135.0,105.0,110.0,95.0,120.0,135.0,105.0,110.0,95.0,0.0,0.0,0.0,0.0,0.0,80.0,95.0,65.0,65.0,50.0
2021-02-03 00:00:00+00:00,-195.0,-135.0,-255.0,-325.0,-385.0,-230.0,-170.0,-290.0,-115.0,-175.0,-200.0,-155.0,-245.0,-160.0,-205.0,115.0,175.0,55.0,145.0,85.0,-65.0,-35.0,-95.0,70.0,40.0,-15.0,15.0,-45.0,80.0,50.0,30.0,90.0,-30.0,20.0,-40.0,40.0,55.0,25.0,90.0,75.0,100.0,115.0,85.0,40.0,25.0,0.0,0.0,0.0,0.0,0.0,-110.0,-95.0,-125.0,-75.0,-90.0
2021-02-04 00:00:00+00:00,-100.0,-25.0,-175.0,-15.0,-90.0,-50.0,-5.0,-95.0,-165.0,-210.0,-90.0,-45.0,-135.0,15.0,-30.0,-335.0,-290.0,-380.0,-45.0,-75.0,-300.0,-255.0,-345.0,0.0,-30.0,145.0,175.0,115.0,60.0,30.0,35.0,50.0,20.0,-15.0,-30.0,35.0,50.0,20.0,-15.0,-30.0,35.0,50.0,20.0,-15.0,-30.0,0.0,0.0,0.0,0.0,0.0,-235.0,-220.0,-250.0,-270.0,-285.0
2021-02-05 00:00:00+00:00,330.0,390.0,270.0,95.0,35.0,480.0,525.0,435.0,285.0,240.0,490.0,505.0,475.0,435.0,420.0,85.0,115.0,55.0,160.0,130.0,0.0,0.0,0.0,0.0,0.0,0.0,0.0,0.0,0.0,0.0,0.0,0.0,0.0,0.0,0.0,0.0,0.0,0.0,0.0,0.0,0.0,0.0,0.0,0.0,0.0,0.0,0.0,0.0,0.0,0.0,490.0,505.0,475.0,435.0,420.0
2021-02-08 00:00:00+00:00,240.0,285.0,195.0,0.0,-45.0,-135.0,-90.0,-180.0,-190.0,-235.0,-185.0,-140.0,-230.0,-165.0,-210.0,85.0,115.0,55.0,85.0,55.0,85.0,115.0,55.0,85.0,55.0,105.0,135.0,75.0,130.0,100.0,65.0,95.0,35.0,170.0,140.0,35.0,50.0,20.0,150.0,135.0,50.0,65.0,35.0,150.0,135.0,0.0,0.0,0.0,0.0,0.0,185.0,200.0,170.0,125.0,110.0
2021-02-09 00:00:00+00:00,20.0,80.0,-40.0,-35.0,-80.0,-45.0,-15.0,-75.0,-50.0,-80.0,-100.0,-55.0,-145.0,-115.0,-160.0,-345.0,-300.0,-390.0,-215.0,-260.0,-340.0,-310.0,-370.0,-265.0,-295.0,-285.0,-255.0,-315.0,-245.0,-275.0,-250.0,-220.0,-280.0,-185.0,-215.0,-205.0,-175.0,-235.0,-115.0,-145.0,-150.0,-120.0,-180.0,-40.0,-70.0,0.0,0.0,0.0,0.0,0.0,-180.0,-165.0,-195.0,-125.0,-140.0
2021-02-10 00:00:00+00:00,-35.0,70.0,-140.0,-25.0,-130.0,-95.0,-20.0,-170.0,110.0,35.0,-150.0,-75.0,-225.0,-220.0,-295.0,105.0,165.0,45.0,-40.0,-100.0,60.0,105.0,15.0,-25.0,-70.0,15.0,30.0,0.0,-30.0,-45.0,30.0,45.0,15.0,50.0,35.0,30.0,45.0,15.0,50.0,35.0,30.0,45.0,15.0,50.0,35.0,0.0,0.0,0.0,0.0,0.0,-10.0,5.0,-25.0,40.0,25.0
2021-02-11 00:00:00+00:00,-215.0,-125.0,-305.0,-105.0,-195.0,-105.0,-30.0,-180.0,-135.0,-210.0,-135.0,-90.0,-180.0,-155.0,-200.0,95.0,155.0,35.0,-100.0,-160.0,35.0,80.0,-10.0,-100.0,-145.0,-20.0,-5.0,-35.0,-85.0,-100.0,-5.0,10.0,-20.0,-45.0,-60.0,-5.0,10.0,-20.0,-45.0,-60.0,-5.0,10.0,-20.0,-45.0,-60.0,0.0,0.0,0.0,0.0,0.0,-15.0,0.0,-30.0,-30.0,-45.0
2021-02-12 00:00:00+00:00,-15.0,45.0,-75.0,25.0,-35.0,25.0,70.0,-20.0,-20.0,-65.0,30.0,45.0,15.0,-65.0,-80.0,65.0,110.0,20.0,55.0,25.0,10.0,40.0,-20.0,35.0,20.0,-15.0,0.0,-30.0,0.0,0.0,40.0,85.0,-5.0,0.0,-30.0,0.0,0.0,0.0,0.0,0.0,0.0,0.0,0.0,0.0,0.0,0.0,0.0,0.0,0.0,0.0,100.0,115.0,85.0,135.0,120.0
2021-02-16 00:00:00+00:00,-85.0,-25.0,-145.0,-140.0,-185.0,-345.0,-300.0,-390.0,-365.0,-410.0,-145.0,-85.0,-205.0,-105.0,-165.0,-130.0,-85.0,-175.0,-30.0,-75.0,-75.0,-30.0,-120.0,20.0,-25.0,120.0,165.0,75.0,110.0,65.0,50.0,80.0,20.0,100.0,70.0,75.0,105.0,45.0,170.0,140.0,75.0,105.0,45.0,170.0,140.0,0.0,0.0,0.0,0.0,0.0,-110.0,-95.0,-125.0,-65.0,-80.0
2021-02-17 00:00:00+00:00,-165.0,-75.0,-255.0,-205.0,-280.0,-250.0,-220.0,-280.0,-255.0,-285.0,-255.0,-225.0,-285.0,-310.0,-340.0,-60.0,-30.0,-90.0,-20.0,-50.0,-60.0,-30.0,-90.0,-20.0,-50.0,10.0,25.0,-5.0,-25.0,-40.0,160.0,190.0,130.0,25.0,-5.0,165.0,195.0,135.0,210.0,180.0,190.0,220.0,160.0,150.0,120.0,0.0,0.0,0.0,0.0,0.0,-50.0,-35.0,-65.0,-70.0,-85.0
2021-02-18 00:00:00+00:00,-120.0,-60.0,-180.0,-150.0,-210.0,-165.0,-135.0,-195.0,-260.0,-290.0,-470.0,-440.0,-500.0,-425.0,-455.0,-380.0,-350.0,-410.0,-255.0,-285.0,-375.0,-345.0,-405.0,-195.0,-225.0,-220.0,-190.0,-250.0,-25.0,-55.0,-165.0,-135.0,-195.0,-35.0,-65.0,-125.0,-95.0,-155.0,25.0,-5.0,50.0,80.0,20.0,25.0,-5.0,0.0,0.0,0.0,0.0,0.0,-395.0,-380.0,-410.0,-325.0,-340.0
2021-02-19 00:00:00+00:00,180.0,225.0,135.0,115.0,70.0,45.0,90.0,0.0,135.0,90.0,210.0,240.0,180.0,235.0,205.0,-10.0,35.0,-55.0,5.0,-40.0,10.0,40.0,-20.0,-70.0,-100.0,10.0,40.0,-20.0,-70.0,-100.0,-10.0,20.0,-40.0,-115.0,-145.0,-10.0,20.0,-40.0,-115.0,-145.0,-90.0,-75.0,-105.0,-120.0,-135.0,0.0,0.0,0.0,0.0,0.0,185.0,200.0,170.0,160.0,145.0
2021-02-22 00:00:00+00:00,-75.0,-15.0,-135.0,-210.0,-270.0,-225.0,-165.0,-285.0,-360.0,-420.0,-205.0,-145.0,-265.0,-465.0,-525.0,15.0,75.0,-45.0,170.0,110.0,5.0,35.0,-25.0,115.0,85.0,20.0,35.0,5.0,50.0,35.0,145.0,205.0,85.0,205.0,145.0,60.0,75.0,45.0,25.0,10.0,0.0,0.0,0.0,0.0,0.0,0.0,0.0,0.0,0.0,0.0,70.0,85.0,55.0,-10.0,-25.0
2021-02-23 00:00:00+00:00,-240.0,-165.0,-315.0,-160.0,-235.0,-200.0,-155.0,-245.0,205.0,160.0,230.0,245.0,215.0,0.0,0.0,-245.0,-185.0,-305.0,-195.0,-255.0,-175.0,-130.0,-220.0,0.0,-45.0,-5.0,25.0,-35.0,115.0,85.0,-455.0,-425.0,-485.0,-250.0,-280.0,-245.0,-215.0,-275.0,-350.0,-380.0,-355.0,-340.0,-370.0,-280.0,-295.0,0.0,0.0,0.0,0.0,0.0,-225.0,-210.0,-240.0,-105.0,-120.0
2021-02-24 00:00:00+00:00,-335.0,-245.0,-425.0,-55.0,-130.0,-80.0,-5.0,-155.0,80.0,20.0,55.0,100.0,10.0,20.0,-10.0,45.0,90.0,0.0,25.0,-20.0,90.0,135.0,45.0,-15.0,-60.0,90.0,105.0,75.0,70.0,55.0,-5.0,25.0,-35.0,130.0,100.0,10.0,25.0,-5.0,25.0,10.0,0.0,0.0,0.0,0.0,0.0,0.0,0.0,0.0,0.0,0.0,140.0,155.0,125.0,165.0,150.0
2021-02-25 00:00:00+00:00,-65.0,-5.0,-125.0,-75.0,-135.0,-205.0,-130.0,-280.0,-105.0,-180.0,-240.0,-180.0,-300.0,-75.0,-135.0,-265.0,-190.0,-340.0,-265.0,-340.0,-120.0,-60.0,-180.0,-315.0,-375.0,-150.0,-120.0,-180.0,-215.0,-245.0,-165.0,-120.0,-210.0,-140.0,-185.0,-200.0,-170.0,-230.0,-115.0,-145.0,-80.0,-50.0,-110.0,-145.0,-175.0,0.0,0.0,0.0,0.0,0.0,-210.0,-195.0,-225.0,-120.0,-135.0
2021-02-26 00:00:00+00:00,-240.0,-180.0,-300.0,-235.0,-295.0,-260.0,-200.0,-320.0,80.0,20.0,-185.0,-155.0,-215.0,-90.0,-120.0,-570.0,-510.0,-630.0,-570.0,-630.0,-630.0,-570.0,-690.0,-645.0,-705.0,-640.0,-610.0,-670.0,-535.0,-565.0,-745.0,-700.0,-790.0,-500.0,-545.0,-485.0,-440.0,-530.0,-415.0,-460.0,-585.0,-555.0,-615.0,-490.0,-520.0,0.0,0.0,0.0,0.0,0.0,-945.0,-930.0,-960.0,-720.0,-735.0
2021-03-01 00:00:00+00:00,-165.0,-120.0,-210.0,-265.0,-310.0,-175.0,-145.0,-205.0,-125.0,-155.0,-130.0,-85.0,-175.0,-180.0,-225.0,-125.0,-65.0,-185.0,-10.0,-70.0,-90.0,-45.0,-135.0,10.0,-35.0,-90.0,-75.0,-105.0,-25.0,-40.0,-215.0,-155.0,-275.0,-215.0,-275.0,-100.0,-55.0,-145.0,-65.0,-110.0,-45.0,-15.0,-75.0,-45.0,-75.0,0.0,0.0,0.0,0.0,0.0,-305.0,-290.0,-320.0,-300.0,-315.0
2021-03-02 00:00:00+00:00,405.0,480.0,330.0,490.0,430.0,435.0,465.0,405.0,265.0,235.0,290.0,305.0,275.0,410.0,395.0,275.0,320.0,230.0,65.0,20.0,270.0,300.0,240.0,145.0,115.0,130.0,145.0,115.0,125.0,110.0,325.0,340.0,310.0,245.0,230.0,325.0,340.0,310.0,245.0,230.0,325.0,340.0,310.0,245.0,230.0,0.0,0.0,0.0,0.0,0.0,785.0,800.0,770.0,770.0,755.0
2021-03-03 00:00:00+00:00,-35.0,55.0,-125.0,-100.0,-190.0,-25.0,50.0,-100.0,-110.0,-185.0,90.0,120.0,60.0,10.0,-20.0,-125.0,-50.0,-200.0,-70.0,-145.0,-30.0,30.0,-90.0,-120.0,-180.0,30.0,60.0,0.0,-65.0,-95.0,30.0,60.0,0.0,0.0,-30.0,25.0,40.0,10.0,25.0,10.0,25.0,40.0,10.0,25.0,10.0,0.0,0.0,0.0,0.0,0.0,120.0,135.0,105.0,65.0,50.0
2021-03-04 00:00:00+00:00,-635.0,-545.0,-725.0,-540.0,-630.0,-270.0,-210.0,-330.0,-305.0,-365.0,-200.0,-155.0,-245.0,-230.0,-275.0,190.0,265.0,115.0,-65.0,-140.0,110.0,170.0,50.0,-110.0,-170.0,-265.0,-235.0,-295.0,-455.0,-485.0,-55.0,-10.0,-100.0,-115.0,-160.0,-235.0,-205.0,-265.0,-290.0,-320.0,-140.0,-110.0,-170.0,-145.0,-175.0,0.0,0.0,0.0,0.0,0.0,-440.0,-425.0,-455.0,-350.0,-365.0
2021-03-05 00:00:00+00:00,705.0,780.0,630.0,535.0,460.0,570.0,600.0,540.0,625.0,595.0,370.0,445.0,295.0,675.0,600.0,125.0,140.0,110.0,185.0,170.0,125.0,140.0,110.0,185.0,170.0,125.0,140.0,110.0,185.0,170.0,125.0,140.0,110.0,185.0,170.0,125.0,140.0,110.0,185.0,170.0,0.0,0.0,0.0,0.0,0.0,0.0,0.0,0.0,0.0,0.0,875.0,890.0,860.0,790.0,775.0
2021-03-08 00:00:00+00:00,-425.0,-350.0,-500.0,-185.0,-260.0,-320.0,-260.0,-380.0,-200.0,-260.0,-160.0,-85.0,-235.0,-125.0,-200.0,130.0,175.0,85.0,150.0,105.0,70.0,100.0,40.0,70.0,40.0,0.0,0.0,0.0,0.0,0.0,100.0,115.0,85.0,165.0,150.0,100.0,115.0,85.0,165.0,150.0,440.0,455.0,425.0,340.0,325.0,0.0,0.0,0.0,0.0,0.0,165.0,180.0,150.0,340.0,325.0
2021-03-09 00:00:00+00:00,-235.0,-160.0,-310.0,-265.0,-340.0,-250.0,-190.0,-310.0,-285.0,-345.0,-240.0,-165.0,-315.0,-375.0,-450.0,95.0,140.0,50.0,100.0,55.0,240.0,285.0,195.0,255.0,210.0,265.0,295.0,235.0,210.0,180.0,225.0,255.0,195.0,55.0,25.0,25.0,40.0,10.0,-105.0,-120.0,100.0,115.0,85.0,95.0,80.0,0.0,0.0,0.0,0.0,0.0,70.0,85.0,55.0,-120.0,-135.0
2021-03-10 00:00:00+00:00,-225.0,-165.0,-285.0,-490.0,-550.0,-210.0,-165.0,-255.0,-255.0,-300.0,35.0,50.0,20.0,125.0,110.0,-90.0,-45.0,-135.0,65.0,35.0,-125.0,-95.0,-155.0,75.0,60.0,-10.0,5.0,-25.0,75.0,60.0,-70.0,-40.0,-100.0,55.0,40.0,-70.0,-40.0,-100.0,55.0,40.0,50.0,65.0,35.0,40.0,25.0,0.0,0.0,0.0,0.0,0.0,-175.0,-160.0,-190.0,-30.0,-45.0
2021-03-11 00:00:00+00:00,-485.0,-380.0,-590.0,-80.0,-185.0,-190.0,-130.0,-250.0,-60.0,-120.0,-50.0,25.0,-125.0,-260.0,-335.0,90.0,165.0,15.0,-220.0,-280.0,90.0,165.0,15.0,-220.0,-280.0,110.0,140.0,80.0,-130.0,-160.0,70.0,145.0,-5.0,-105.0,-180.0,85.0,130.0,40.0,-105.0,-150.0,105.0,135.0,75.0,-130.0,-160.0,0.0,0.0,0.0,0.0,0.0,-130.0,-115.0,-145.0,-125.0,-140.0
2021-03-12 00:00:00+00:00,-240.0,-165.0,-315.0,-155.0,-230.0,-420.0,-330.0,-510.0,70.0,-20.0,-50.0,-20.0,-80.0,185.0,155.0,335.0,395.0,275.0,265.0,205.0,260.0,305.0,215.0,-60.0,-105.0,190.0,220.0,160.0,70.0,40.0,55.0,85.0,25.0,-10.0,-25.0,55.0,85.0,25.0,-10.0,-25.0,165.0,180.0,150.0,95.0,80.0,0.0,0.0,0.0,0.0,0.0,155.0,170.0,140.0,260.0,245.0
2021-03-22 00:00:00+00:00,155.0,215.0,95.0,140.0,80.0,175.0,235.0,115.0,250.0,190.0,160.0,205.0,115.0,350.0,305.0,-20.0,25.0,-65.0,15.0,-30.0,-30.0,0.0,-60.0,40.0,10.0,-5.0,10.0,-20.0,105.0,90.0,20.0,35.0,5.0,100.0,85.0,20.0,35.0,5.0,100.0,85.0,20.0,35.0,5.0,100.0,85.0,0.0,0.0,0.0,0.0,0.0,385.0,400.0,370.0,395.0,380.0
2021-03-23 00:00:00+00:00,-210.0,-135.0,-285.0,-525.0,-600.0,20.0,95.0,-55.0,-320.0,-395.0,-185.0,-140.0,-230.0,-220.0,-265.0,-40.0,5.0,-85.0,40.0,-5.0,-45.0,-15.0,-75.0,-15.0,-45.0,70.0,100.0,40.0,105.0,75.0,-175.0,-160.0,-190.0,-140.0,-155.0,-175.0,-160.0,-190.0,-140.0,-155.0,-60.0,-45.0,-75.0,-20.0,-35.0,0.0,0.0,0.0,0.0,0.0,-45.0,-30.0,-60.0,-210.0,-225.0
2021-03-24 00:00:00+00:00,105.0,180.0,30.0,135.0,60.0,-15.0,30.0,-60.0,-215.0,-260.0,-130.0,-85.0,-175.0,-115.0,-160.0,-25.0,5.0,-55.0,40.0,10.0,60.0,90.0,30.0,80.0,50.0,25.0,40.0,10.0,90.0,75.0,80.0,95.0,65.0,235.0,220.0,80.0,95.0,65.0,235.0,220.0,125.0,140.0,110.0,215.0,200.0,0.0,0.0,0.0,0.0,0.0,110.0,125.0,95.0,110.0,95.0
2021-03-25 00:00:00+00:00,-170.0,-95.0,-245.0,10.0,-65.0,-190.0,-145.0,-235.0,-45.0,-90.0,-225.0,-195.0,-255.0,-120.0,-150.0,-620.0,-560.0,-680.0,-830.0,-890.0,-625.0,-565.0,-685.0,-810.0,-870.0,-690.0,-660.0,-720.0,-815.0,-845.0,-655.0,-625.0,-685.0,-760.0,-790.0,-635.0,-605.0,-665.0,-755.0,-785.0,-635.0,-605.0,-665.0,-755.0,-785.0,0.0,0.0,0.0,0.0,0.0,-750.0,-735.0,-765.0,-820.0,-835.0
2021-03-26 00:00:00+00:00,-230.0,-155.0,-305.0,-125.0,-200.0,95.0,125.0,65.0,-30.0,-60.0,95.0,125.0,65.0,-30.0,-60.0,-30.0,0.0,-60.0,-20.0,-50.0,-30.0,0.0,-60.0,-20.0,-50.0,15.0,45.0,-15.0,10.0,-20.0,-10.0,5.0,-25.0,50.0,35.0,-10.0,5.0,-25.0,50.0,35.0,-5.0,10.0,-20.0,15.0,0.0,0.0,0.0,0.0,0.0,0.0,115.0,130.0,100.0,50.0,35.0
2021-03-29 00:00:00+00:00,40.0,85.0,-5.0,135.0,90.0,15.0,45.0,-15.0,170.0,140.0,-105.0,-45.0,-165.0,-95.0,-155.0,125.0,155.0,95.0,80.0,50.0,125.0,155.0,95.0,80.0,50.0,125.0,155.0,95.0,80.0,50.0,125.0,155.0,95.0,80.0,50.0,125.0,155.0,95.0,80.0,50.0,0.0,0.0,0.0,0.0,0.0,0.0,0.0,0.0,0.0,0.0,140.0,155.0,125.0,110.0,95.0
2021-03-30 00:00:00+00:00,-115.0,-55.0,-175.0,-150.0,-210.0,-60.0,-15.0,-105.0,-40.0,-85.0,-165.0,-135.0,-195.0,-180.0,-210.0,-380.0,-320.0,-440.0,-380.0,-440.0,-385.0,-340.0,-430.0,-320.0,-365.0,-425.0,-395.0,-455.0,-370.0,-400.0,-410.0,-365.0,-455.0,-320.0,-365.0,-345.0,-330.0,-360.0,-315.0,-330.0,-345.0,-330.0,-360.0,-315.0,-330.0,0.0,0.0,0.0,0.0,0.0,-425.0,-410.0,-440.0,-410.0,-425.0
2021-03-31 00:00:00+00:00,-180.0,-75.0,-285.0,-60.0,-165.0,-105.0,-45.0,-165.0,-45.0,-105.0,-95.0,-35.0,-155.0,-55.0,-115.0,10.0,55.0,-35.0,-85.0,-130.0,10.0,55.0,-35.0,-85.0,-130.0,0.0,30.0,-30.0,-25.0,-55.0,-5.0,10.0,-20.0,-50.0,-65.0,35.0,50.0,20.0,15.0,0.0,25.0,40.0,10.0,-20.0,-35.0,0.0,0.0,0.0,0.0,0.0,50.0,65.0,35.0,60.0,45.0
2021-04-01 00:00:00+00:00,-465.0,-375.0,-555.0,-280.0,-370.0,-65.0,-20.0,-110.0,-45.0,-90.0,-185.0,-155.0,-215.0,-180.0,-210.0,-10.0,50.0,-70.0,-50.0,-110.0,-25.0,20.0,-70.0,25.0,-20.0,40.0,70.0,10.0,20.0,-10.0,-125.0,-110.0,-140.0,-140.0,-155.0,-70.0,-55.0,-85.0,-95.0,-110.0,-35.0,-20.0,-50.0,-60.0,-75.0,0.0,0.0,0.0,0.0,0.0,-140.0,-125.0,-155.0,-50.0,-65.0
2021-04-06 00:00:00+00:00,-220.0,-160.0,-280.0,-210.0,-270.0,-175.0,-100.0,-250.0,-315.0,-390.0,-75.0,0.0,-150.0,-110.0,-185.0,70.0,130.0,10.0,105.0,45.0,135.0,195.0,75.0,50.0,-10.0,55.0,70.0,40.0,50.0,35.0,185.0,245.0,125.0,-10.0,-70.0,165.0,210.0,120.0,-15.0,-60.0,115.0,145.0,85.0,45.0,15.0,0.0,0.0,0.0,0.0,0.0,40.0,55.0,25.0,-25.0,-40.0
2021-04-07 00:00:00+00:00,-330.0,-240.0,-420.0,-205.0,-295.0,-350.0,-260.0,-440.0,-195.0,-285.0,-215.0,-185.0,-245.0,-210.0,-240.0,30.0,120.0,-60.0,-115.0,-190.0,-15.0,45.0,-75.0,-80.0,-125.0,-60.0,-30.0,-90.0,-75.0,-105.0,95.0,155.0,35.0,-65.0,-110.0,105.0,150.0,60.0,0.0,-30.0,105.0,150.0,60.0,0.0,-30.0,0.0,0.0,0.0,0.0,0.0,-140.0,-125.0,-155.0,-170.0,-185.0
2021-04-08 00:00:00+00:00,-185.0,-110.0,-260.0,-265.0,-340.0,-150.0,-75.0,-225.0,-300.0,-375.0,-230.0,-185.0,-275.0,-115.0,-160.0,60.0,120.0,0.0,35.0,-25.0,70.0,115.0,25.0,-40.0,-85.0,35.0,65.0,5.0,-40.0,-70.0,130.0,175.0,85.0,35.0,-10.0,160.0,190.0,130.0,100.0,70.0,160.0,190.0,130.0,100.0,70.0,0.0,0.0,0.0,0.0,0.0,-80.0,-65.0,-95.0,-110.0,-125.0
2021-04-09 00:00:00+00:00,20.0,80.0,-40.0,25.0,-35.0,-35.0,25.0,-95.0,145.0,85.0,-10.0,50.0,-70.0,225.0,165.0,90.0,150.0,30.0,0.0,-60.0,100.0,145.0,55.0,25.0,-20.0,85.0,115.0,55.0,-5.0,-35.0,85.0,130.0,40.0,-15.0,-60.0,85.0,115.0,55.0,-5.0,-35.0,85.0,115.0,55.0,-5.0,-35.0,0.0,0.0,0.0,0.0,0.0,145.0,160.0,130.0,225.0,210.0
2021-04-12 00:00:00+00:00,30.0,120.0,-60.0,55.0,-35.0,140.0,200.0,80.0,210.0,150.0,120.0,135.0,105.0,185.0,170.0,65.0,80.0,50.0,0.0,-15.0,0.0,0.0,0.0,0.0,0.0,0.0,0.0,0.0,0.0,0.0,0.0,0.0,0.0,0.0,0.0,0.0,0.0,0.0,0.0,0.0,0.0,0.0,0.0,0.0,0.0,0.0,0.0,0.0,0.0,0.0,120.0,135.0,105.0,185.0,170.0
2021-04-13 00:00:00+00:00,-745.0,-685.0,-805.0,-830.0,-890.0,-85.0,-40.0,-130.0,-165.0,-210.0,-140.0,-95.0,-185.0,-70.0,-115.0,-255.0,-210.0,-300.0,65.0,20.0,-220.0,-175.0,-265.0,70.0,25.0,-200.0,-170.0,-230.0,75.0,45.0,-670.0,-625.0,-715.0,-765.0,-810.0,-620.0,-590.0,-650.0,-715.0,-745.0,-185.0,-170.0,-200.0,210.0,195.0,0.0,0.0,0.0,0.0,0.0,-705.0,-690.0,-720.0,-755.0,-770.0
2021-04-14 00:00:00+00:00,-120.0,-30.0,-210.0,20.0,-70.0,-70.0,-10.0,-130.0,-185.0,-230.0,-65.0,-50.0,-80.0,-90.0,-105.0,-15.0,60.0,-90.0,-80.0,-155.0,-20.0,25.0,-65.0,-15.0,-60.0,-30.0,0.0,-60.0,-45.0,-75.0,35.0,50.0,20.0,135.0,120.0,35.0,50.0,20.0,135.0,120.0,35.0,50.0,20.0,135.0,120.0,0.0,0.0,0.0,0.0,0.0,-55.0,-40.0,-70.0,-20.0,-35.0
2021-04-15 00:00:00+00:00,-40.0,5.0,-85.0,5.0,-40.0,-75.0,-30.0,-120.0,-105.0,-150.0,-85.0,-40.0,-130.0,50.0,5.0,70.0,115.0,25.0,215.0,170.0,135.0,180.0,90.0,195.0,150.0,105.0,135.0,75.0,185.0,155.0,135.0,180.0,90.0,195.0,150.0,135.0,180.0,90.0,170.0,125.0,105.0,135.0,75.0,185.0,155.0,0.0,0.0,0.0,0.0,0.0,205.0,220.0,190.0,205.0,190.0
2021-04-16 00:00:00+00:00,-5.0,70.0,-80.0,40.0,-35.0,15.0,90.0,-60.0,150.0,90.0,100.0,130.0,70.0,150.0,120.0,-15.0,45.0,-75.0,-5.0,-65.0,35.0,65.0,5.0,15.0,-15.0,-5.0,10.0,-20.0,15.0,0.0,20.0,50.0,-10.0,-20.0,-50.0,35.0,50.0,20.0,20.0,5.0,35.0,50.0,20.0,20.0,5.0,0.0,0.0,0.0,0.0,0.0,175.0,190.0,160.0,220.0,205.0
2021-04-19 00:00:00+00:00,-5.0,40.0,-50.0,-20.0,-65.0,-140.0,-110.0,-170.0,-205.0,-235.0,-260.0,-215.0,-305.0,-230.0,-275.0,-215.0,-170.0,-260.0,-100.0,-130.0,-190.0,-145.0,-235.0,30.0,0.0,35.0,65.0,5.0,70.0,40.0,-20.0,10.0,-50.0,35.0,5.0,-20.0,10.0,-50.0,35.0,5.0,45.0,75.0,15.0,80.0,50.0,0.0,0.0,0.0,0.0,0.0,-155.0,-140.0,-170.0,-90.0,-105.0
2021-04-20 00:00:00+00:00,-285.0,-240.0,-330.0,-340.0,-385.0,-305.0,-260.0,-350.0,-270.0,-315.0,-65.0,-50.0,-80.0,15.0,0.0,-230.0,-185.0,-275.0,-250.0,-280.0,-140.0,-95.0,-185.0,-295.0,-325.0,-140.0,-95.0,-185.0,-295.0,-325.0,-315.0,-285.0,-345.0,-350.0,-380.0,-315.0,-285.0,-345.0,-350.0,-380.0,-205.0,-175.0,-235.0,-285.0,-315.0,0.0,0.0,0.0,0.0,0.0,-460.0,-445.0,-475.0,-440.0,-455.0
2021-04-21 00:00:00+00:00,-130.0,-55.0,-205.0,-175.0,-250.0,-40.0,5.0,-85.0,-155.0,-200.0,-15.0,0.0,-30.0,0.0,-15.0,90.0,150.0,30.0,60.0,0.0,75.0,105.0,45.0,125.0,95.0,75.0,105.0,45.0,125.0,95.0,-40.0,-10.0,-70.0,-95.0,-125.0,-40.0,-10.0,-70.0,-95.0,-125.0,105.0,135.0,75.0,50.0,20.0,0.0,0.0,0.0,0.0,0.0,-65.0,-50.0,-80.0,-10.0,-25.0
2021-04-22 00:00:00+00:00,-85.0,-25.0,-145.0,-225.0,-285.0,-170.0,-125.0,-215.0,-40.0,-70.0,-105.0,-75.0,-135.0,-135.0,-165.0,25.0,85.0,-35.0,110.0,50.0,5.0,50.0,-40.0,100.0,55.0,25.0,55.0,-5.0,50.0,20.0,70.0,100.0,40.0,130.0,100.0,70.0,100.0,40.0,130.0,100.0,70.0,100.0,40.0,130.0,100.0,0.0,0.0,0.0,0.0,0.0,0.0,15.0,-15.0,35.0,20.0
2021-04-23 00:00:00+00:00,-230.0,-155.0,-305.0,-200.0,-275.0,-445.0,-355.0,-535.0,-350.0,-440.0,-220.0,-175.0,-265.0,-255.0,-300.0,-225.0,-150.0,-300.0,-150.0,-225.0,-115.0,-40.0,-190.0,-105.0,-180.0,-210.0,-165.0,-255.0,-75.0,-105.0,-30.0,30.0,-90.0,95.0,50.0,-30.0,30.0,-90.0,95.0,50.0,0.0,45.0,-45.0,105.0,75.0,0.0,0.0,0.0,0.0,0.0,-335.0,-320.0,-350.0,-235.0,-250.0
2021-04-26 00:00:00+00:00,-60.0,15.0,-135.0,-120.0,-195.0,85.0,130.0,40.0,-35.0,-80.0,55.0,100.0,10.0,-55.0,-100.0,70.0,145.0,-5.0,-60.0,-135.0,135.0,195.0,75.0,-50.0,-110.0,50.0,65.0,35.0,-25.0,-40.0,125.0,170.0,80.0,115.0,70.0,105.0,150.0,60.0,85.0,40.0,40.0,55.0,25.0,35.0,20.0,0.0,0.0,0.0,0.0,0.0,180.0,195.0,165.0,225.0,210.0
2021-04-27 00:00:00+00:00,90.0,135.0,45.0,30.0,-15.0,-80.0,-50.0,-110.0,50.0,20.0,-250.0,-205.0,-295.0,-70.0,-115.0,-215.0,-185.0,-245.0,-225.0,-255.0,-150.0,-120.0,-180.0,-185.0,-200.0,-150.0,-120.0,-180.0,-185.0,-200.0,-85.0,-55.0,-115.0,-185.0,-200.0,-85.0,-55.0,-115.0,-185.0,-200.0,-150.0,-135.0,-165.0,-185.0,-200.0,0.0,0.0,0.0,0.0,0.0,-140.0,-125.0,-155.0,-165.0,-180.0
2021-04-28 00:00:00+00:00,-290.0,-215.0,-365.0,-270.0,-345.0,-415.0,-340.0,-490.0,-295.0,-370.0,-370.0,-310.0,-430.0,-415.0,-475.0,50.0,110.0,-10.0,-100.0,-160.0,20.0,65.0,-25.0,-70.0,-115.0,15.0,30.0,0.0,20.0,5.0,5.0,35.0,-25.0,-5.0,-35.0,5.0,35.0,-25.0,-5.0,-35.0,15.0,30.0,0.0,20.0,5.0,0.0,0.0,0.0,0.0,0.0,-230.0,-215.0,-245.0,-220.0,-235.0
2021-04-29 00:00:00+00:00,195.0,225.0,165.0,185.0,155.0,135.0,165.0,105.0,95.0,65.0,80.0,95.0,65.0,15.0,0.0,-165.0,-135.0,-195.0,-120.0,-150.0,-180.0,-150.0,-210.0,-125.0,-155.0,-80.0,-65.0,-95.0,-70.0,-85.0,-35.0,-5.0,-65.0,-20.0,-50.0,-35.0,-5.0,-65.0,-40.0,-70.0,40.0,70.0,10.0,0.0,-30.0,0.0,0.0,0.0,0.0,0.0,70.0,85.0,55.0,25.0,10.0
2021-04-30 00:00:00+00:00,-240.0,-180.0,-300.0,-25.0,-85.0,-145.0,-70.0,-220.0,-260.0,-320.0,-270.0,-225.0,-315.0,-50.0,-95.0,-200.0,-125.0,-275.0,-275.0,-335.0,-200.0,-155.0,-245.0,-280.0,-325.0,-200.0,-155.0,-245.0,-280.0,-325.0,-370.0,-355.0,-385.0,-425.0,-440.0,-370.0,-355.0,-385.0,-425.0,-440.0,-370.0,-355.0,-385.0,-425.0,-440.0,0.0,0.0,0.0,0.0,0.0,-420.0,-405.0,-435.0,-475.0,-490.0
2021-05-03 00:00:00+00:00,270.0,315.0,225.0,220.0,175.0,45.0,90.0,0.0,175.0,145.0,155.0,185.0,125.0,45.0,15.0,-250.0,-220.0,-280.0,-175.0,-205.0,-250.0,-220.0,-280.0,-175.0,-205.0,-215.0,-200.0,-230.0,-190.0,-205.0,-150.0,-135.0,-165.0,-125.0,-140.0,-145.0,-130.0,-160.0,-95.0,-110.0,-105.0,-90.0,-120.0,25.0,10.0,0.0,0.0,0.0,0.0,0.0,0.0,15.0,-15.0,60.0,45.0
2021-05-04 00:00:00+00:00,-185.0,-95.0,-275.0,-65.0,-155.0,-85.0,-25.0,-145.0,-225.0,-285.0,-75.0,-30.0,-120.0,-155.0,-200.0,-310.0,-235.0,-385.0,-225.0,-300.0,-370.0,-310.0,-430.0,55.0,10.0,100.0,115.0,85.0,80.0,65.0,225.0,270.0,180.0,130.0,85.0,100.0,115.0,85.0,80.0,65.0,100.0,115.0,85.0,80.0,65.0,0.0,0.0,0.0,0.0,0.0,-345.0,-330.0,-360.0,-155.0,-170.0
2021-05-05 00:00:00+00:00,-175.0,-130.0,-220.0,-250.0,-295.0,-145.0,-115.0,-175.0,-150.0,-180.0,10.0,70.0,-50.0,-40.0,-100.0,-140.0,-65.0,-215.0,-15.0,-90.0,-65.0,-20.0,-110.0,20.0,-25.0,-55.0,-25.0,-85.0,-10.0,-40.0,-20.0,25.0,-65.0,100.0,55.0,-10.0,20.0,-40.0,70.0,40.0,105.0,135.0,75.0,205.0,175.0,0.0,0.0,0.0,0.0,0.0,-110.0,-95.0,-125.0,-115.0,-130.0
2021-05-06 00:00:00+00:00,-260.0,-185.0,-335.0,-390.0,-465.0,0.0,30.0,-30.0,-15.0,-45.0,-140.0,-80.0,-200.0,-15.0,-75.0,125.0,185.0,65.0,210.0,150.0,160.0,190.0,130.0,90.0,60.0,160.0,190.0,130.0,90.0,60.0,185.0,230.0,140.0,150.0,105.0,195.0,240.0,150.0,195.0,150.0,255.0,285.0,225.0,190.0,160.0,0.0,0.0,0.0,0.0,0.0,35.0,50.0,20.0,25.0,10.0
2021-05-07 00:00:00+00:00,85.0,160.0,10.0,200.0,125.0,220.0,265.0,175.0,235.0,190.0,250.0,280.0,220.0,280.0,250.0,-40.0,-10.0,-70.0,-30.0,-60.0,-45.0,-30.0,-60.0,-40.0,-55.0,35.0,50.0,20.0,-25.0,-40.0,0.0,15.0,-15.0,40.0,25.0,0.0,15.0,-15.0,40.0,25.0,0.0,15.0,-15.0,40.0,25.0,0.0,0.0,0.0,0.0,0.0,360.0,375.0,345.0,390.0,375.0
2021-05-10 00:00:00+00:00,125.0,185.0,65.0,-5.0,-65.0,55.0,85.0,25.0,35.0,5.0,25.0,70.0,-20.0,110.0,65.0,-15.0,30.0,-60.0,45.0,15.0,-15.0,30.0,-60.0,45.0,15.0,0.0,0.0,0.0,0.0,0.0,95.0,125.0,65.0,75.0,45.0,95.0,125.0,65.0,75.0,45.0,70.0,85.0,55.0,70.0,55.0,0.0,0.0,0.0,0.0,0.0,165.0,180.0,150.0,135.0,120.0
2021-05-11 00:00:00+00:00,-180.0,-120.0,-240.0,-295.0,-355.0,-50.0,-20.0,-80.0,-25.0,-55.0,-65.0,-20.0,-110.0,-350.0,-380.0,340.0,415.0,265.0,55.0,-5.0,265.0,325.0,205.0,140.0,80.0,140.0,155.0,125.0,100.0,85.0,-80.0,-50.0,-110.0,125.0,95.0,40.0,70.0,10.0,235.0,205.0,325.0,355.0,295.0,240.0,210.0,0.0,0.0,0.0,0.0,0.0,230.0,245.0,215.0,-50.0,-65.0
2021-05-12 00:00:00+00:00,35.0,95.0,-25.0,-195.0,-255.0,-195.0,-165.0,-225.0,-475.0,-505.0,-685.0,-640.0,-730.0,-500.0,-545.0,185.0,245.0,125.0,-45.0,-90.0,190.0,235.0,145.0,95.0,65.0,80.0,110.0,50.0,95.0,65.0,160.0,190.0,130.0,200.0,170.0,160.0,190.0,130.0,200.0,170.0,250.0,280.0,220.0,200.0,170.0,0.0,0.0,0.0,0.0,0.0,-5.0,10.0,-20.0,-30.0,-45.0
2021-05-13 00:00:00+00:00,-50.0,40.0,-140.0,-5.0,-95.0,70.0,130.0,10.0,105.0,45.0,-105.0,-60.0,-150.0,260.0,215.0,220.0,250.0,190.0,255.0,225.0,-15.0,0.0,-30.0,145.0,130.0,305.0,320.0,290.0,155.0,140.0,540.0,570.0,510.0,265.0,235.0,305.0,320.0,290.0,155.0,140.0,305.0,320.0,290.0,155.0,140.0,0.0,0.0,0.0,0.0,0.0,520.0,535.0,505.0,390.0,375.0
2021-05-14 00:00:00+00:00,-10.0,50.0,-70.0,-140.0,-200.0,-60.0,-15.0,-105.0,-120.0,-165.0,-150.0,-90.0,-210.0,10.0,-50.0,-20.0,25.0,-65.0,10.0,-35.0,-15.0,15.0,-45.0,20.0,-10.0,-25.0,-10.0,-40.0,-25.0,-40.0,-60.0,-45.0,-75.0,-10.0,-25.0,5.0,20.0,-10.0,55.0,40.0,5.0,20.0,-10.0,55.0,40.0,0.0,0.0,0.0,0.0,0.0,35.0,50.0,20.0,20.0,5.0
2021-05-17 00:00:00+00:00,-315.0,-270.0,-360.0,-205.0,-250.0,-190.0,-145.0,-235.0,-140.0,-185.0,-135.0,-120.0,-150.0,-100.0,-115.0,-285.0,-210.0,-360.0,-265.0,-325.0,-150.0,-90.0,-210.0,-250.0,-310.0,-120.0,-75.0,-165.0,-50.0,-95.0,-295.0,-235.0,-355.0,-320.0,-365.0,-295.0,-235.0,-355.0,-320.0,-365.0,-225.0,-195.0,-255.0,-315.0,-345.0,0.0,0.0,0.0,0.0,0.0,-550.0,-535.0,-565.0,-520.0,-535.0
2021-05-18 00:00:00+00:00,-280.0,-220.0,-340.0,-320.0,-380.0,-350.0,-305.0,-395.0,-325.0,-370.0,-240.0,-195.0,-285.0,-235.0,-280.0,95.0,140.0,50.0,110.0,65.0,170.0,215.0,125.0,240.0,195.0,-55.0,-40.0,-70.0,15.0,0.0,235.0,280.0,190.0,220.0,175.0,285.0,330.0,240.0,185.0,140.0,295.0,325.0,265.0,210.0,180.0,0.0,0.0,0.0,0.0,0.0,-85.0,-70.0,-100.0,-125.0,-140.0
2021-05-19 00:00:00+00:00,-340.0,-280.0,-400.0,-160.0,-220.0,15.0,45.0,-15.0,-285.0,-315.0,-840.0,-795.0,-885.0,-690.0,-735.0,-455.0,-425.0,-485.0,-395.0,-425.0,-335.0,-305.0,-365.0,-245.0,-275.0,-335.0,-305.0,-365.0,-245.0,-275.0,70.0,115.0,25.0,-110.0,-155.0,-85.0,-55.0,-115.0,-90.0,-120.0,-30.0,0.0,-60.0,-130.0,-160.0,0.0,0.0,0.0,0.0,0.0,-365.0,-350.0,-380.0,-605.0,-620.0
2021-05-20 00:00:00+00:00,-205.0,-145.0,-265.0,-235.0,-295.0,40.0,85.0,-5.0,285.0,240.0,235.0,265.0,205.0,155.0,125.0,515.0,575.0,455.0,425.0,365.0,390.0,435.0,345.0,75.0,30.0,115.0,130.0,100.0,120.0,105.0,-45.0,-30.0,-60.0,-20.0,-35.0,-45.0,-30.0,-60.0,-20.0,-35.0,195.0,210.0,180.0,145.0,130.0,0.0,0.0,0.0,0.0,0.0,305.0,320.0,290.0,310.0,295.0
2021-05-21 00:00:00+00:00,0.0,75.0,-75.0,120.0,45.0,35.0,95.0,-25.0,225.0,165.0,115.0,145.0,85.0,250.0,220.0,65.0,95.0,35.0,120.0,90.0,120.0,150.0,90.0,55.0,25.0,120.0,150.0,90.0,55.0,25.0,125.0,155.0,95.0,15.0,-15.0,100.0,115.0,85.0,30.0,15.0,0.0,0.0,0.0,0.0,0.0,0.0,0.0,0.0,0.0,0.0,395.0,410.0,380.0,420.0,405.0
2021-05-24 00:00:00+00:00,-95.0,-65.0,-125.0,-125.0,-155.0,-130.0,-100.0,-160.0,-180.0,-210.0,-275.0,-200.0,-350.0,-185.0,-260.0,60.0,105.0,15.0,70.0,25.0,110.0,155.0,65.0,-40.0,-85.0,-120.0,-105.0,-135.0,-145.0,-160.0,105.0,150.0,60.0,150.0,105.0,155.0,200.0,110.0,160.0,115.0,-65.0,-50.0,-80.0,-85.0,-100.0,0.0,0.0,0.0,0.0,0.0,0.0,15.0,-15.0,-35.0,-50.0
2021-05-25 00:00:00+00:00,-195.0,-105.0,-285.0,-145.0,-235.0,-50.0,25.0,-125.0,-120.0,-195.0,-85.0,-40.0,-130.0,-190.0,-235.0,65.0,125.0,5.0,110.0,50.0,65.0,110.0,20.0,70.0,25.0,55.0,85.0,25.0,60.0,30.0,150.0,195.0,105.0,25.0,-20.0,135.0,165.0,105.0,0.0,-30.0,135.0,165.0,105.0,0.0,-30.0,0.0,0.0,0.0,0.0,0.0,30.0,45.0,15.0,-5.0,-20.0
2021-05-26 00:00:00+00:00,-65.0,10.0,-140.0,-125.0,-200.0,-130.0,-85.0,-175.0,-125.0,-170.0,-240.0,-180.0,-300.0,-155.0,-215.0,-55.0,-25.0,-85.0,-110.0,-140.0,-55.0,-25.0,-85.0,-110.0,-140.0,-55.0,-25.0,-85.0,-110.0,-140.0,5.0,35.0,-25.0,-35.0,-65.0,-25.0,-10.0,-40.0,-25.0,-40.0,0.0,0.0,0.0,0.0,0.0,0.0,0.0,0.0,0.0,0.0,-90.0,-75.0,-105.0,-155.0,-170.0
2021-05-27 00:00:00+00:00,90.0,165.0,15.0,105.0,30.0,190.0,235.0,145.0,255.0,210.0,115.0,160.0,70.0,195.0,150.0,70.0,130.0,10.0,-5.0,-65.0,-10.0,20.0,-40.0,-80.0,-110.0,15.0,30.0,0.0,-50.0,-65.0,0.0,15.0,-15.0,-15.0,-30.0,0.0,15.0,-15.0,-15.0,-30.0,0.0,15.0,-15.0,-15.0,-30.0,0.0,0.0,0.0,0.0,0.0,220.0,235.0,205.0,255.0,240.0
2021-05-28 00:00:00+00:00,-140.0,-65.0,-215.0,-110.0,-185.0,-170.0,-110.0,-230.0,-95.0,-155.0,-240.0,-210.0,-270.0,-175.0,-205.0,-20.0,40.0,-80.0,35.0,-10.0,25.0,85.0,-35.0,-10.0,-55.0,75.0,120.0,30.0,-10.0,-55.0,-60.0,-30.0,-90.0,15.0,-15.0,-40.0,-25.0,-55.0,-55.0,-70.0,-40.0,-25.0,-55.0,-55.0,-70.0,0.0,0.0,0.0,0.0,0.0,-170.0,-155.0,-185.0,-180.0,-195.0
2021-05-31 00:00:00+00:00,-95.0,-5.0,-185.0,-115.0,-205.0,-175.0,-115.0,-235.0,-105.0,-165.0,-50.0,-5.0,-95.0,-115.0,-160.0,95.0,155.0,35.0,-20.0,-80.0,85.0,130.0,40.0,-5.0,-50.0,65.0,95.0,35.0,40.0,10.0,-70.0,-55.0,-85.0,-90.0,-105.0,-70.0,-55.0,-85.0,-90.0,-105.0,-70.0,-55.0,-85.0,-90.0,-105.0,0.0,0.0,0.0,0.0,0.0,-65.0,-50.0,-80.0,-110.0,-125.0
2021-06-01 00:00:00+00:00,75.0,165.0,-15.0,210.0,120.0,115.0,190.0,40.0,230.0,155.0,165.0,195.0,135.0,255.0,225.0,65.0,95.0,35.0,50.0,20.0,65.0,95.0,35.0,50.0,20.0,45.0,60.0,30.0,40.0,25.0,5.0,20.0,-10.0,25.0,10.0,0.0,0.0,0.0,0.0,0.0,0.0,0.0,0.0,0.0,0.0,0.0,0.0,0.0,0.0,0.0,245.0,260.0,230.0,305.0,290.0
2021-06-02 00:00:00+00:00,55.0,145.0,-35.0,30.0,-60.0,95.0,125.0,65.0,-30.0,-60.0,5.0,35.0,-25.0,5.0,-25.0,45.0,105.0,-15.0,20.0,-40.0,115.0,145.0,85.0,120.0,90.0,70.0,85.0,55.0,55.0,40.0,130.0,160.0,100.0,-50.0,-80.0,130.0,160.0,100.0,-50.0,-80.0,105.0,120.0,90.0,-40.0,-55.0,0.0,0.0,0.0,0.0,0.0,185.0,200.0,170.0,45.0,30.0
2021-06-03 00:00:00+00:00,-390.0,-315.0,-465.0,-685.0,-760.0,-490.0,-460.0,-520.0,-480.0,-510.0,-165.0,-150.0,-180.0,-140.0,-155.0,-240.0,-195.0,-285.0,-95.0,-140.0,-240.0,-195.0,-285.0,-95.0,-140.0,45.0,90.0,0.0,325.0,280.0,-580.0,-550.0,-610.0,-340.0,-370.0,-580.0,-550.0,-610.0,-340.0,-370.0,-505.0,-475.0,-535.0,-355.0,-385.0,0.0,0.0,0.0,0.0,0.0,-1010.0,-995.0,-1025.0,-845.0,-860.0
2021-06-04 00:00:00+00:00,-85.0,-40.0,-130.0,-10.0,-55.0,-95.0,-50.0,-140.0,-140.0,-185.0,-210.0,-180.0,-240.0,-95.0,-125.0,45.0,75.0,15.0,15.0,-15.0,45.0,75.0,15.0,15.0,-15.0,155.0,170.0,140.0,60.0,45.0,80.0,125.0,35.0,-5.0,-50.0,145.0,175.0,115.0,225.0,195.0,185.0,215.0,155.0,140.0,110.0,0.0,0.0,0.0,0.0,0.0,-80.0,-65.0,-95.0,10.0,-5.0
2021-06-07 00:00:00+00:00,-95.0,-20.0,-170.0,15.0,-45.0,-95.0,-35.0,-155.0,-65.0,-125.0,45.0,90.0,0.0,135.0,90.0,145.0,190.0,100.0,100.0,55.0,120.0,150.0,90.0,65.0,35.0,0.0,0.0,0.0,0.0,0.0,55.0,70.0,40.0,60.0,45.0,75.0,90.0,60.0,20.0,5.0,0.0,0.0,0.0,0.0,0.0,0.0,0.0,0.0,0.0,0.0,220.0,235.0,205.0,205.0,190.0
2021-06-08 00:00:00+00:00,410.0,485.0,335.0,40.0,-35.0,305.0,335.0,275.0,195.0,165.0,-70.0,-40.0,-100.0,-200.0,-230.0,-130.0,-100.0,-160.0,-210.0,-240.0,-65.0,-35.0,-95.0,-175.0,-205.0,-65.0,-35.0,-95.0,-175.0,-205.0,-100.0,-85.0,-115.0,-180.0,-195.0,-100.0,-85.0,-115.0,-180.0,-195.0,-100.0,-85.0,-115.0,-180.0,-195.0,0.0,0.0,0.0,0.0,0.0,130.0,145.0,115.0,35.0,20.0
2021-06-09 00:00:00+00:00,-310.0,-250.0,-370.0,-255.0,-315.0,-425.0,-320.0,-530.0,-260.0,-350.0,-295.0,-250.0,-340.0,-230.0,-260.0,5.0,80.0,-70.0,-115.0,-190.0,-90.0,-30.0,-150.0,-105.0,-165.0,-55.0,-25.0,-85.0,-5.0,-35.0,35.0,95.0,-25.0,-5.0,-65.0,-20.0,25.0,-65.0,0.0,-45.0,45.0,90.0,0.0,55.0,10.0,0.0,0.0,0.0,0.0,0.0,-175.0,-160.0,-190.0,-65.0,-80.0
2021-06-10 00:00:00+00:00,-105.0,-15.0,-195.0,105.0,15.0,85.0,115.0,55.0,100.0,70.0,75.0,90.0,60.0,115.0,100.0,-100.0,-70.0,-130.0,-60.0,-90.0,-100.0,-70.0,-130.0,-60.0,-90.0,-75.0,-60.0,-90.0,-30.0,-45.0,-95.0,-65.0,-125.0,-10.0,-40.0,-170.0,-155.0,-185.0,-50.0,-65.0,-75.0,-60.0,-90.0,-30.0,-45.0,0.0,0.0,0.0,0.0,0.0,10.0,25.0,-5.0,70.0,55.0
2021-06-21 00:00:00+00:00,-20.0,55.0,-95.0,-130.0,-205.0,90.0,135.0,45.0,-160.0,-205.0,0.0,45.0,-45.0,-20.0,-65.0,15.0,60.0,-30.0,-45.0,-90.0,70.0,115.0,25.0,35.0,-10.0,5.0,20.0,-10.0,-15.0,-30.0,-25.0,5.0,-55.0,40.0,10.0,10.0,40.0,-20.0,-10.0,-40.0,5.0,20.0,-10.0,-15.0,-30.0,0.0,0.0,0.0,0.0,0.0,90.0,105.0,75.0,165.0,150.0
2021-06-22 00:00:00+00:00,50.0,125.0,-25.0,-65.0,-140.0,-75.0,-30.0,-120.0,-60.0,-105.0,0.0,45.0,-45.0,-95.0,-140.0,75.0,120.0,30.0,340.0,295.0,205.0,220.0,190.0,220.0,205.0,205.0,220.0,190.0,220.0,205.0,255.0,315.0,195.0,420.0,360.0,205.0,220.0,190.0,220.0,205.0,0.0,0.0,0.0,0.0,0.0,0.0,0.0,0.0,0.0,0.0,200.0,215.0,185.0,185.0,170.0
2021-06-23 00:00:00+00:00,-225.0,-180.0,-270.0,-195.0,-240.0,-235.0,-205.0,-265.0,-285.0,-315.0,-130.0,-100.0,-160.0,-95.0,-125.0,-235.0,-190.0,-280.0,-95.0,-140.0,-225.0,-180.0,-270.0,-40.0,-85.0,-20.0,25.0,-65.0,-5.0,-50.0,0.0,45.0,-45.0,180.0,135.0,55.0,100.0,10.0,150.0,105.0,75.0,120.0,30.0,255.0,210.0,0.0,0.0,0.0,0.0,0.0,-195.0,-180.0,-210.0,-150.0,-165.0
2021-06-24 00:00:00+00:00,105.0,150.0,60.0,130.0,100.0,115.0,145.0,85.0,15.0,-15.0,-95.0,-50.0,-140.0,-85.0,-130.0,-85.0,-55.0,-115.0,-95.0,-125.0,-100.0,-70.0,-130.0,-90.0,-120.0,20.0,35.0,5.0,-55.0,-70.0,45.0,75.0,15.0,50.0,20.0,-25.0,5.0,-55.0,35.0,5.0,10.0,25.0,-5.0,35.0,20.0,0.0,0.0,0.0,0.0,0.0,70.0,85.0,55.0,55.0,40.0
2021-06-28 00:00:00+00:00,-95.0,-20.0,-170.0,-85.0,-160.0,-60.0,0.0,-120.0,-40.0,-100.0,-90.0,-60.0,-120.0,-240.0,-270.0,-90.0,-60.0,-120.0,-145.0,-175.0,-90.0,-60.0,-120.0,-145.0,-175.0,15.0,45.0,-15.0,-30.0,-60.0,-85.0,-55.0,-115.0,-100.0,-130.0,-65.0,-35.0,-95.0,-95.0,-125.0,-65.0,-35.0,-95.0,-95.0,-125.0,0.0,0.0,0.0,0.0,0.0,-135.0,-120.0,-150.0,-155.0,-170.0
2021-06-29 00:00:00+00:00,-10.0,65.0,-85.0,-40.0,-115.0,-160.0,-115.0,-205.0,-180.0,-225.0,-225.0,-180.0,-270.0,-95.0,-140.0,50.0,95.0,5.0,-75.0,-120.0,70.0,115.0,25.0,-25.0,-55.0,65.0,80.0,50.0,0.0,-15.0,95.0,140.0,50.0,25.0,-20.0,65.0,80.0,50.0,0.0,-15.0,65.0,80.0,50.0,0.0,-15.0,0.0,0.0,0.0,0.0,0.0,125.0,140.0,110.0,90.0,75.0
2021-06-30 00:00:00+00:00,375.0,420.0,330.0,290.0,245.0,295.0,325.0,265.0,170.0,140.0,330.0,375.0,285.0,180.0,135.0,120.0,150.0,90.0,385.0,355.0,120.0,150.0,90.0,385.0,355.0,175.0,205.0,145.0,410.0,380.0,235.0,265.0,205.0,375.0,345.0,325.0,355.0,295.0,240.0,210.0,185.0,200.0,170.0,15.0,0.0,0.0,0.0,0.0,0.0,0.0,575.0,590.0,560.0,590.0,575.0
2021-07-01 00:00:00+00:00,-345.0,-285.0,-405.0,-205.0,-265.0,-220.0,-190.0,-250.0,-200.0,-230.0,0.0,0.0,0.0,0.0,0.0,25.0,115.0,-65.0,-165.0,-240.0,-20.0,55.0,-95.0,-140.0,-200.0,55.0,100.0,10.0,-40.0,-85.0,-395.0,-365.0,-425.0,-425.0,-440.0,-345.0,-315.0,-375.0,-335.0,-350.0,-240.0,-225.0,-255.0,-315.0,-330.0,0.0,0.0,0.0,0.0,0.0,-155.0,-140.0,-170.0,-160.0,-175.0
2021-07-02 00:00:00+00:00,-215.0,-125.0,-305.0,-135.0,-210.0,-95.0,-65.0,-125.0,-60.0,-90.0,-170.0,-125.0,-215.0,-180.0,-225.0,115.0,175.0,55.0,205.0,145.0,40.0,70.0,10.0,75.0,45.0,30.0,45.0,15.0,40.0,25.0,175.0,235.0,115.0,215.0,155.0,55.0,70.0,40.0,70.0,55.0,0.0,0.0,0.0,0.0,0.0,0.0,0.0,0.0,0.0,0.0,75.0,90.0,60.0,50.0,35.0
2021-07-05 00:00:00+00:00,15.0,105.0,-75.0,55.0,-35.0,-30.0,30.0,-90.0,-85.0,-145.0,80.0,110.0,50.0,80.0,50.0,70.0,115.0,25.0,85.0,40.0,60.0,90.0,30.0,30.0,0.0,0.0,0.0,0.0,0.0,0.0,40.0,55.0,25.0,40.0,25.0,40.0,55.0,25.0,40.0,25.0,40.0,55.0,25.0,40.0,25.0,0.0,0.0,0.0,0.0,0.0,175.0,190.0,160.0,175.0,160.0
2021-07-06 00:00:00+00:00,-180.0,-105.0,-255.0,-115.0,-190.0,-240.0,-180.0,-300.0,-265.0,-325.0,-340.0,-250.0,-430.0,-205.0,-295.0,25.0,70.0,-20.0,45.0,0.0,25.0,70.0,-20.0,45.0,0.0,115.0,160.0,70.0,-10.0,-55.0,110.0,155.0,65.0,-40.0,-85.0,135.0,180.0,90.0,-75.0,-120.0,135.0,180.0,90.0,-75.0,-120.0,0.0,0.0,0.0,0.0,0.0,-170.0,-155.0,-185.0,-150.0,-165.0
2021-07-07 00:00:00+00:00,180.0,210.0,150.0,70.0,40.0,20.0,50.0,-10.0,-110.0,-140.0,-165.0,-135.0,-195.0,-275.0,-305.0,-80.0,-50.0,-110.0,-10.0,-40.0,-80.0,-50.0,-110.0,-10.0,-40.0,0.0,30.0,-30.0,40.0,10.0,35.0,65.0,5.0,65.0,35.0,65.0,95.0,35.0,75.0,45.0,70.0,85.0,55.0,60.0,45.0,0.0,0.0,0.0,0.0,0.0,120.0,135.0,105.0,90.0,75.0
2021-07-08 00:00:00+00:00,-325.0,-250.0,-400.0,-375.0,-450.0,-630.0,-585.0,-675.0,-340.0,-385.0,-270.0,-225.0,-315.0,-145.0,-190.0,-290.0,-245.0,-335.0,-370.0,-415.0,-75.0,-45.0,-105.0,-195.0,-225.0,-75.0,-45.0,-105.0,-195.0,-225.0,105.0,135.0,75.0,-165.0,-195.0,105.0,135.0,75.0,-165.0,-195.0,235.0,265.0,205.0,-60.0,-90.0,0.0,0.0,0.0,0.0,0.0,-675.0,-660.0,-690.0,-680.0,-695.0
2021-07-09 00:00:00+00:00,475.0,520.0,430.0,155.0,110.0,375.0,420.0,330.0,180.0,135.0,155.0,200.0,110.0,210.0,165.0,115.0,145.0,85.0,225.0,195.0,45.0,60.0,30.0,90.0,75.0,45.0,60.0,30.0,90.0,75.0,145.0,160.0,130.0,135.0,120.0,100.0,115.0,85.0,170.0,155.0,100.0,115.0,85.0,170.0,155.0,0.0,0.0,0.0,0.0,0.0,535.0,550.0,520.0,430.0,415.0
2021-07-12 00:00:00+00:00,-175.0,-115.0,-235.0,-295.0,-355.0,-95.0,-5.0,-185.0,-10.0,-100.0,-5.0,25.0,-35.0,50.0,20.0,0.0,45.0,-45.0,75.0,30.0,185.0,230.0,140.0,210.0,165.0,230.0,275.0,185.0,245.0,200.0,-40.0,-10.0,-70.0,50.0,20.0,130.0,160.0,100.0,340.0,310.0,130.0,160.0,100.0,340.0,310.0,0.0,0.0,0.0,0.0,0.0,5.0,20.0,-10.0,-20.0,-35.0
2021-07-13 00:00:00+00:00,-195.0,-105.0,-285.0,-160.0,-250.0,-235.0,-160.0,-310.0,-315.0,-390.0,-205.0,-145.0,-265.0,-175.0,-235.0,0.0,90.0,-90.0,-65.0,-155.0,10.0,70.0,-50.0,35.0,-25.0,75.0,135.0,15.0,-115.0,-175.0,25.0,100.0,-50.0,-60.0,-135.0,25.0,100.0,-50.0,-115.0,-190.0,25.0,70.0,-20.0,-100.0,-145.0,0.0,0.0,0.0,0.0,0.0,-80.0,-65.0,-95.0,-45.0,-60.0
2021-07-14 00:00:00+00:00,195.0,240.0,150.0,115.0,70.0,-75.0,-30.0,-120.0,15.0,-30.0,-15.0,45.0,-75.0,140.0,80.0,95.0,140.0,50.0,55.0,10.0,40.0,70.0,10.0,110.0,80.0,65.0,80.0,50.0,10.0,-5.0,120.0,135.0,105.0,25.0,10.0,120.0,135.0,105.0,25.0,10.0,0.0,0.0,0.0,0.0,0.0,0.0,0.0,0.0,0.0,0.0,210.0,225.0,195.0,245.0,230.0
2021-07-15 00:00:00+00:00,-315.0,-255.0,-375.0,-360.0,-420.0,-135.0,-105.0,-165.0,-205.0,-235.0,-190.0,-175.0,-205.0,-175.0,-190.0,-240.0,-165.0,-315.0,-190.0,-265.0,40.0,115.0,-35.0,-235.0,-310.0,85.0,130.0,40.0,-190.0,-220.0,-5.0,25.0,-35.0,-45.0,-75.0,-5.0,25.0,-35.0,-45.0,-75.0,-5.0,25.0,-35.0,-45.0,-75.0,0.0,0.0,0.0,0.0,0.0,-370.0,-355.0,-385.0,-390.0,-405.0
2021-07-16 00:00:00+00:00,-145.0,-70.0,-220.0,45.0,-15.0,-165.0,-90.0,-240.0,-290.0,-365.0,-275.0,-230.0,-320.0,-110.0,-155.0,15.0,75.0,-45.0,-160.0,-220.0,-15.0,30.0,-60.0,-185.0,-230.0,-25.0,-10.0,-40.0,15.0,0.0,125.0,155.0,95.0,0.0,-30.0,125.0,155.0,95.0,0.0,-30.0,10.0,25.0,-5.0,40.0,25.0,0.0,0.0,0.0,0.0,0.0,-40.0,-25.0,-55.0,-65.0,-80.0
2021-07-19 00:00:00+00:00,-610.0,-505.0,-715.0,-715.0,-820.0,-335.0,-260.0,-410.0,-820.0,-895.0,-95.0,-65.0,-125.0,-585.0,-615.0,-130.0,-85.0,-175.0,255.0,210.0,-45.0,0.0,-90.0,120.0,75.0,-100.0,-85.0,-115.0,85.0,70.0,125.0,170.0,80.0,-35.0,-80.0,90.0,120.0,60.0,-115.0,-145.0,55.0,70.0,40.0,40.0,25.0,0.0,0.0,0.0,0.0,0.0,-625.0,-610.0,-640.0,-770.0,-785.0
2021-07-20 00:00:00+00:00,135.0,195.0,75.0,-525.0,-570.0,-115.0,-55.0,-175.0,-365.0,-425.0,-270.0,-225.0,-315.0,-70.0,-100.0,-390.0,-330.0,-450.0,530.0,470.0,-345.0,-315.0,-375.0,250.0,220.0,-215.0,-185.0,-245.0,300.0,270.0,135.0,180.0,90.0,215.0,170.0,70.0,115.0,25.0,305.0,260.0,130.0,145.0,115.0,170.0,155.0,0.0,0.0,0.0,0.0,0.0,-110.0,-95.0,-125.0,105.0,90.0
2021-07-21 00:00:00+00:00,-310.0,-220.0,-400.0,-295.0,-385.0,-125.0,-65.0,-185.0,-245.0,-305.0,-195.0,-165.0,-225.0,-60.0,-90.0,-515.0,-455.0,-575.0,-435.0,-495.0,-420.0,-375.0,-465.0,-315.0,-360.0,-260.0,-215.0,-305.0,-240.0,-285.0,-335.0,-260.0,-410.0,-420.0,-495.0,-300.0,-240.0,-360.0,-375.0,-435.0,-170.0,-125.0,-215.0,-380.0,-425.0,0.0,0.0,0.0,0.0,0.0,-695.0,-680.0,-710.0,-665.0,-680.0
2021-07-22 00:00:00+00:00,-95.0,-20.0,-170.0,-150.0,-225.0,-130.0,-55.0,-205.0,-170.0,-245.0,-80.0,-35.0,-125.0,-30.0,-75.0,-60.0,0.0,-120.0,-115.0,-175.0,-20.0,40.0,-80.0,-195.0,-255.0,35.0,50.0,20.0,-30.0,-45.0,-75.0,-30.0,-120.0,-105.0,-150.0,-90.0,-60.0,-120.0,-15.0,-45.0,-45.0,-15.0,-75.0,15.0,-15.0,0.0,0.0,0.0,0.0,0.0,-115.0,-100.0,-130.0,-115.0,-130.0
2021-07-23 00:00:00+00:00,-70.0,20.0,-160.0,20.0,-70.0,125.0,155.0,95.0,105.0,75.0,125.0,140.0,110.0,110.0,95.0,30.0,75.0,-15.0,-65.0,-95.0,50.0,95.0,5.0,-70.0,-100.0,0.0,0.0,0.0,0.0,0.0,40.0,55.0,25.0,0.0,0.0,0.0,0.0,0.0,0.0,0.0,0.0,0.0,0.0,0.0,0.0,0.0,0.0,0.0,0.0,0.0,185.0,200.0,170.0,180.0,165.0
2021-07-26 00:00:00+00:00,260.0,305.0,215.0,260.0,215.0,450.0,480.0,420.0,270.0,240.0,430.0,445.0,415.0,390.0,375.0,20.0,50.0,-10.0,200.0,170.0,20.0,50.0,-10.0,200.0,170.0,50.0,65.0,35.0,175.0,160.0,50.0,65.0,35.0,175.0,160.0,50.0,65.0,35.0,175.0,160.0,50.0,65.0,35.0,175.0,160.0,0.0,0.0,0.0,0.0,0.0,565.0,580.0,550.0,475.0,460.0
2021-07-27 00:00:00+00:00,435.0,495.0,375.0,325.0,265.0,155.0,215.0,95.0,430.0,370.0,455.0,470.0,440.0,430.0,415.0,95.0,140.0,50.0,0.0,-30.0,60.0,90.0,30.0,0.0,-30.0,85.0,100.0,70.0,0.0,-15.0,40.0,55.0,25.0,-15.0,-30.0,85.0,100.0,70.0,0.0,-15.0,0.0,0.0,0.0,0.0,0.0,0.0,0.0,0.0,0.0,0.0,435.0,450.0,420.0,520.0,505.0
2021-07-28 00:00:00+00:00,-225.0,-135.0,-315.0,-450.0,-540.0,-555.0,-480.0,-630.0,-270.0,-345.0,-175.0,-115.0,-235.0,-315.0,-375.0,200.0,275.0,125.0,-40.0,-100.0,200.0,275.0,125.0,-40.0,-100.0,230.0,260.0,200.0,-20.0,-35.0,220.0,265.0,175.0,250.0,205.0,245.0,290.0,200.0,-65.0,-95.0,210.0,240.0,180.0,-95.0,-110.0,0.0,0.0,0.0,0.0,0.0,-110.0,-95.0,-125.0,-125.0,-140.0
2021-07-29 00:00:00+00:00,-25.0,20.0,-70.0,-95.0,-140.0,-220.0,-145.0,-295.0,-205.0,-280.0,80.0,110.0,50.0,50.0,20.0,55.0,115.0,-5.0,145.0,100.0,35.0,80.0,-10.0,105.0,75.0,35.0,65.0,5.0,105.0,90.0,35.0,65.0,5.0,105.0,90.0,35.0,65.0,5.0,105.0,90.0,35.0,65.0,5.0,105.0,90.0,0.0,0.0,0.0,0.0,0.0,65.0,80.0,50.0,65.0,50.0
2021-07-30 00:00:00+00:00,-40.0,-10.0,-70.0,70.0,40.0,0.0,15.0,-15.0,55.0,40.0,-80.0,-50.0,-110.0,-165.0,-195.0,-150.0,-120.0,-180.0,-210.0,-240.0,0.0,30.0,-30.0,-75.0,-90.0,25.0,40.0,10.0,-30.0,-45.0,0.0,30.0,-30.0,-75.0,-90.0,-5.0,25.0,-35.0,-75.0,-90.0,135.0,150.0,120.0,85.0,70.0,0.0,0.0,0.0,0.0,0.0,-135.0,-120.0,-150.0,-125.0,-140.0
2021-08-02 00:00:00+00:00,-370.0,-280.0,-460.0,-90.0,-180.0,-220.0,-160.0,-280.0,-100.0,-160.0,-200.0,-155.0,-245.0,-55.0,-100.0,-115.0,-70.0,-160.0,-290.0,-335.0,-165.0,-135.0,-195.0,-325.0,-355.0,140.0,170.0,110.0,35.0,5.0,-155.0,-125.0,-185.0,-235.0,-265.0,-205.0,-190.0,-220.0,-270.0,-285.0,-230.0,-215.0,-245.0,-255.0,-270.0,0.0,0.0,0.0,0.0,0.0,-335.0,-320.0,-350.0,-330.0,-345.0
2021-08-03 00:00:00+00:00,-230.0,-140.0,-320.0,-135.0,-225.0,-180.0,-120.0,-240.0,-195.0,-255.0,5.0,35.0,-25.0,90.0,60.0,120.0,165.0,75.0,85.0,40.0,120.0,165.0,75.0,85.0,40.0,140.0,170.0,110.0,90.0,60.0,140.0,185.0,95.0,75.0,30.0,0.0,0.0,0.0,0.0,0.0,0.0,0.0,0.0,0.0,0.0,0.0,0.0,0.0,0.0,0.0,60.0,75.0,45.0,75.0,60.0
2021-08-04 00:00:00+00:00,-125.0,-65.0,-185.0,-135.0,-180.0,-165.0,-90.0,-240.0,-150.0,-225.0,-125.0,-50.0,-200.0,-220.0,-295.0,-165.0,-105.0,-225.0,-100.0,-160.0,-165.0,-120.0,-210.0,-90.0,-135.0,-165.0,-150.0,-180.0,-125.0,-140.0,-125.0,-80.0,-170.0,-70.0,-115.0,-40.0,-10.0,-70.0,-30.0,-60.0,-85.0,-70.0,-100.0,-90.0,-105.0,0.0,0.0,0.0,0.0,0.0,-125.0,-110.0,-140.0,-135.0,-150.0
2021-08-05 00:00:00+00:00,-195.0,-120.0,-270.0,35.0,-40.0,-110.0,-65.0,-155.0,35.0,-10.0,65.0,80.0,50.0,-65.0,-80.0,-35.0,10.0,-80.0,-150.0,-180.0,-115.0,-70.0,-160.0,-150.0,-180.0,-95.0,-80.0,-110.0,-110.0,-125.0,50.0,95.0,5.0,-65.0,-110.0,155.0,185.0,125.0,45.0,15.0,50.0,65.0,35.0,20.0,5.0,0.0,0.0,0.0,0.0,0.0,-25.0,-10.0,-40.0,-35.0,-50.0
2021-08-06 00:00:00+00:00,-295.0,-205.0,-385.0,-105.0,-195.0,-45.0,15.0,-105.0,-20.0,-80.0,-5.0,40.0,-50.0,-65.0,-110.0,115.0,175.0,55.0,80.0,20.0,95.0,125.0,65.0,35.0,5.0,60.0,75.0,45.0,35.0,20.0,40.0,55.0,25.0,70.0,55.0,0.0,0.0,0.0,0.0,0.0,0.0,0.0,0.0,0.0,0.0,0.0,0.0,0.0,0.0,0.0,60.0,75.0,45.0,25.0,10.0
2021-08-09 00:00:00+00:00,-85.0,-25.0,-145.0,-75.0,-135.0,-60.0,0.0,-120.0,-55.0,-115.0,-215.0,-155.0,-275.0,-315.0,-360.0,-55.0,-10.0,-100.0,70.0,25.0,-55.0,-10.0,-100.0,70.0,25.0,-70.0,-55.0,-85.0,-25.0,-40.0,-25.0,5.0,-55.0,-20.0,-50.0,50.0,80.0,20.0,0.0,-30.0,55.0,70.0,40.0,45.0,30.0,0.0,0.0,0.0,0.0,0.0,20.0,35.0,5.0,20.0,5.0
2021-08-10 00:00:00+00:00,-80.0,10.0,-170.0,-175.0,-265.0,-150.0,-90.0,-210.0,-35.0,-95.0,-50.0,-5.0,-95.0,-75.0,-120.0,20.0,80.0,-40.0,-85.0,-145.0,0.0,45.0,-45.0,-100.0,-145.0,-35.0,-5.0,-65.0,5.0,-25.0,-15.0,0.0,-30.0,-35.0,-50.0,-15.0,0.0,-30.0,-35.0,-50.0,35.0,50.0,20.0,5.0,-10.0,0.0,0.0,0.0,0.0,0.0,0.0,15.0,-15.0,-10.0,-25.0
2021-08-11 00:00:00+00:00,-190.0,-100.0,-280.0,-5.0,-95.0,55.0,85.0,25.0,90.0,60.0,15.0,45.0,-15.0,45.0,15.0,10.0,55.0,-35.0,-20.0,-50.0,10.0,55.0,-35.0,-20.0,-50.0,0.0,0.0,0.0,0.0,0.0,-70.0,-55.0,-85.0,-80.0,-95.0,-35.0,-20.0,-50.0,-40.0,-55.0,-35.0,-20.0,-50.0,-40.0,-55.0,0.0,0.0,0.0,0.0,0.0,35.0,50.0,20.0,55.0,40.0
2021-08-12 00:00:00+00:00,-160.0,-70.0,-250.0,-135.0,-225.0,-200.0,-110.0,-290.0,-100.0,-190.0,-165.0,-105.0,-225.0,-185.0,-245.0,-75.0,0.0,-150.0,-10.0,-70.0,-10.0,50.0,-70.0,-10.0,-70.0,0.0,0.0,0.0,0.0,0.0,30.0,60.0,0.0,-10.0,-40.0,30.0,60.0,0.0,-10.0,-40.0,40.0,55.0,25.0,40.0,25.0,0.0,0.0,0.0,0.0,0.0,-55.0,-40.0,-70.0,-65.0,-80.0
2021-08-13 00:00:00+00:00,-65.0,25.0,-155.0,-40.0,-130.0,-45.0,0.0,-90.0,-60.0,-105.0,-15.0,30.0,-60.0,5.0,-40.0,-20.0,25.0,-65.0,-5.0,-50.0,-5.0,25.0,-35.0,10.0,-20.0,-5.0,10.0,-20.0,25.0,10.0,-30.0,-15.0,-45.0,-40.0,-55.0,-30.0,-15.0,-45.0,-40.0,-55.0,-30.0,-15.0,-45.0,-40.0,-55.0,0.0,0.0,0.0,0.0,0.0,20.0,35.0,5.0,35.0,20.0
2021-08-16 00:00:00+00:00,90.0,150.0,30.0,5.0,-55.0,-170.0,-110.0,-230.0,-120.0,-180.0,-170.0,-140.0,-200.0,-80.0,-110.0,-155.0,-95.0,-215.0,-265.0,-325.0,-90.0,-30.0,-150.0,-265.0,-325.0,40.0,100.0,-20.0,-60.0,-120.0,-95.0,-65.0,-125.0,-120.0,-150.0,-95.0,-65.0,-125.0,-120.0,-150.0,-30.0,0.0,-60.0,-120.0,-150.0,0.0,0.0,0.0,0.0,0.0,-100.0,-85.0,-115.0,-150.0,-165.0
2021-08-17 00:00:00+00:00,-230.0,-155.0,-305.0,-260.0,-335.0,-265.0,-190.0,-340.0,-180.0,-255.0,-480.0,-420.0,-540.0,-335.0,-395.0,15.0,75.0,-45.0,-190.0,-250.0,135.0,180.0,90.0,75.0,30.0,60.0,90.0,30.0,-15.0,-45.0,140.0,185.0,95.0,-100.0,-145.0,70.0,100.0,40.0,45.0,15.0,95.0,125.0,65.0,-45.0,-60.0,0.0,0.0,0.0,0.0,0.0,-300.0,-285.0,-315.0,-205.0,-220.0
2021-08-18 00:00:00+00:00,-130.0,-70.0,-190.0,-60.0,-120.0,-150.0,-90.0,-210.0,-115.0,-175.0,-80.0,-20.0,-140.0,-55.0,-115.0,-10.0,35.0,-55.0,-85.0,-130.0,-10.0,35.0,-55.0,-85.0,-130.0,10.0,40.0,-20.0,-75.0,-105.0,-10.0,20.0,-40.0,40.0,10.0,-20.0,-5.0,-35.0,10.0,-5.0,15.0,30.0,0.0,70.0,55.0,0.0,0.0,0.0,0.0,0.0,15.0,30.0,0.0,-5.0,-20.0
2021-08-19 00:00:00+00:00,395.0,440.0,350.0,80.0,35.0,165.0,210.0,120.0,270.0,225.0,275.0,290.0,260.0,280.0,265.0,-110.0,-65.0,-155.0,215.0,170.0,120.0,165.0,75.0,-55.0,-100.0,-150.0,-135.0,-165.0,-115.0,-130.0,-140.0,-110.0,-170.0,220.0,190.0,-10.0,20.0,-40.0,115.0,85.0,-10.0,20.0,-40.0,115.0,85.0,0.0,0.0,0.0,0.0,0.0,225.0,240.0,210.0,80.0,65.0
2021-08-20 00:00:00+00:00,-170.0,-95.0,-245.0,-310.0,-370.0,-215.0,-170.0,-260.0,-265.0,-310.0,-90.0,-30.0,-150.0,45.0,-15.0,280.0,340.0,220.0,120.0,60.0,300.0,345.0,255.0,240.0,195.0,380.0,425.0,335.0,435.0,390.0,250.0,295.0,205.0,50.0,5.0,110.0,125.0,95.0,200.0,185.0,110.0,125.0,95.0,200.0,185.0,0.0,0.0,0.0,0.0,0.0,50.0,65.0,35.0,-60.0,-75.0
2021-08-23 00:00:00+00:00,5.0,80.0,-70.0,50.0,-25.0,35.0,110.0,-40.0,50.0,-25.0,140.0,155.0,125.0,135.0,120.0,140.0,200.0,80.0,125.0,65.0,160.0,205.0,115.0,125.0,80.0,90.0,105.0,75.0,150.0,135.0,90.0,105.0,75.0,150.0,135.0,90.0,105.0,75.0,150.0,135.0,90.0,105.0,75.0,150.0,135.0,0.0,0.0,0.0,0.0,0.0,255.0,270.0,240.0,205.0,190.0
2021-08-24 00:00:00+00:00,-150.0,-60.0,-240.0,-150.0,-240.0,25.0,70.0,-20.0,15.0,-30.0,15.0,30.0,0.0,-50.0,-65.0,-25.0,20.0,-70.0,-90.0,-135.0,-25.0,20.0,-70.0,-90.0,-135.0,-35.0,-5.0,-65.0,-75.0,-105.0,-75.0,-60.0,-90.0,-30.0,-45.0,-65.0,-50.0,-80.0,-35.0,-50.0,-65.0,-50.0,-80.0,-35.0,-50.0,0.0,0.0,0.0,0.0,0.0,45.0,60.0,30.0,15.0,0.0
2021-08-25 00:00:00+00:00,-20.0,40.0,-80.0,-145.0,-205.0,-170.0,-95.0,-245.0,-165.0,-240.0,-90.0,-15.0,-165.0,-95.0,-170.0,-80.0,-5.0,-155.0,5.0,-70.0,-25.0,35.0,-85.0,110.0,50.0,-50.0,-20.0,-80.0,20.0,5.0,-45.0,15.0,-105.0,15.0,-45.0,80.0,125.0,35.0,125.0,80.0,45.0,75.0,15.0,75.0,60.0,0.0,0.0,0.0,0.0,0.0,-5.0,10.0,-20.0,-45.0,-60.0
2021-08-26 00:00:00+00:00,-80.0,10.0,-170.0,-35.0,-125.0,60.0,120.0,0.0,110.0,50.0,60.0,90.0,30.0,95.0,65.0,130.0,190.0,70.0,155.0,95.0,85.0,130.0,40.0,150.0,105.0,10.0,25.0,-5.0,70.0,55.0,80.0,125.0,35.0,130.0,85.0,0.0,15.0,-15.0,110.0,95.0,0.0,15.0,-15.0,110.0,95.0,0.0,0.0,0.0,0.0,0.0,210.0,225.0,195.0,290.0,275.0
2021-08-27 00:00:00+00:00,-65.0,-20.0,-110.0,-85.0,-130.0,-60.0,-15.0,-105.0,-110.0,-155.0,-80.0,-50.0,-110.0,-75.0,-105.0,-135.0,-60.0,-210.0,-100.0,-175.0,-80.0,-20.0,-140.0,-65.0,-125.0,55.0,100.0,10.0,105.0,60.0,-200.0,-125.0,-275.0,-180.0,-255.0,-180.0,-120.0,-240.0,-100.0,-160.0,-90.0,-45.0,-135.0,-55.0,-100.0,0.0,0.0,0.0,0.0,0.0,-215.0,-200.0,-230.0,-100.0,-115.0
2021-08-30 00:00:00+00:00,-120.0,-30.0,-210.0,-190.0,-280.0,-140.0,-95.0,-185.0,-70.0,-100.0,-30.0,15.0,-75.0,-95.0,-140.0,15.0,60.0,-30.0,25.0,-20.0,25.0,70.0,-20.0,45.0,0.0,45.0,75.0,15.0,25.0,-5.0,35.0,80.0,-10.0,20.0,-25.0,45.0,90.0,0.0,40.0,-5.0,30.0,60.0,0.0,30.0,0.0,0.0,0.0,0.0,0.0,0.0,-25.0,-10.0,-40.0,5.0,-10.0
2021-08-31 00:00:00+00:00,-235.0,-175.0,-295.0,-115.0,-175.0,-115.0,-70.0,-160.0,-60.0,-105.0,-75.0,-60.0,-90.0,-30.0,-45.0,-145.0,-85.0,-205.0,-275.0,-320.0,-175.0,-145.0,-205.0,-220.0,-250.0,-165.0,-135.0,-195.0,-125.0,-155.0,-340.0,-295.0,-385.0,-465.0,-510.0,-315.0,-285.0,-345.0,-405.0,-435.0,-355.0,-340.0,-370.0,-425.0,-440.0,0.0,0.0,0.0,0.0,0.0,-395.0,-380.0,-410.0,-435.0,-450.0
2021-09-01 00:00:00+00:00,-175.0,-85.0,-265.0,-165.0,-240.0,-20.0,-5.0,-35.0,-45.0,-60.0,-140.0,-95.0,-185.0,-180.0,-225.0,-155.0,-110.0,-200.0,-70.0,-115.0,-115.0,-70.0,-160.0,-80.0,-125.0,-100.0,-70.0,-130.0,-45.0,-75.0,-185.0,-170.0,-200.0,-135.0,-150.0,-130.0,-115.0,-145.0,-125.0,-140.0,-130.0,-115.0,-145.0,-125.0,-140.0,0.0,0.0,0.0,0.0,0.0,-185.0,-170.0,-200.0,-180.0,-195.0
2021-09-02 00:00:00+00:00,-170.0,-95.0,-245.0,-240.0,-315.0,-180.0,-105.0,-255.0,-185.0,-260.0,-45.0,0.0,-90.0,-110.0,-155.0,25.0,100.0,-50.0,105.0,30.0,45.0,120.0,-30.0,70.0,-5.0,-20.0,10.0,-50.0,70.0,40.0,105.0,180.0,30.0,145.0,70.0,205.0,265.0,145.0,165.0,105.0,180.0,225.0,135.0,35.0,5.0,0.0,0.0,0.0,0.0,0.0,-45.0,-30.0,-60.0,-70.0,-85.0
2021-09-03 00:00:00+00:00,-150.0,-75.0,-225.0,-55.0,-115.0,70.0,85.0,55.0,20.0,5.0,-70.0,-40.0,-100.0,-65.0,-95.0,-30.0,30.0,-90.0,-20.0,-80.0,-15.0,30.0,-60.0,20.0,-25.0,0.0,15.0,-15.0,5.0,-10.0,-70.0,-40.0,-100.0,-30.0,-60.0,-30.0,0.0,-60.0,-55.0,-85.0,-5.0,25.0,-35.0,-20.0,-50.0,0.0,0.0,0.0,0.0,0.0,-25.0,-10.0,-40.0,-40.0,-55.0
2021-09-06 00:00:00+00:00,-75.0,60.0,-210.0,-60.0,-180.0,-65.0,10.0,-140.0,-130.0,-205.0,-155.0,-95.0,-215.0,-60.0,-120.0,0.0,75.0,-75.0,-135.0,-210.0,25.0,100.0,-50.0,-145.0,-220.0,0.0,30.0,-30.0,-50.0,-80.0,20.0,80.0,-40.0,-30.0,-90.0,20.0,65.0,-25.0,-55.0,-100.0,20.0,50.0,-10.0,-40.0,-70.0,0.0,0.0,0.0,0.0,0.0,-15.0,0.0,-30.0,-5.0,-20.0
2021-09-07 00:00:00+00:00,-95.0,-5.0,-185.0,140.0,50.0,40.0,115.0,-35.0,-135.0,-210.0,145.0,160.0,130.0,165.0,150.0,70.0,115.0,25.0,-110.0,-155.0,-5.0,10.0,-20.0,-110.0,-125.0,-5.0,10.0,-20.0,-110.0,-125.0,45.0,60.0,30.0,50.0,35.0,45.0,60.0,30.0,50.0,35.0,45.0,60.0,30.0,50.0,35.0,0.0,0.0,0.0,0.0,0.0,165.0,180.0,150.0,120.0,105.0
2021-09-08 00:00:00+00:00,475.0,505.0,445.0,435.0,405.0,480.0,510.0,450.0,500.0,470.0,635.0,650.0,620.0,615.0,600.0,-5.0,10.0,-20.0,90.0,75.0,25.0,40.0,10.0,5.0,-10.0,0.0,0.0,0.0,0.0,0.0,0.0,0.0,0.0,0.0,0.0,0.0,0.0,0.0,0.0,0.0,0.0,0.0,0.0,0.0,0.0,0.0,0.0,0.0,0.0,0.0,635.0,650.0,620.0,615.0,600.0
2021-09-09 00:00:00+00:00,-315.0,-255.0,-375.0,-490.0,-550.0,-120.0,-75.0,-165.0,-395.0,-440.0,-175.0,-130.0,-220.0,-130.0,-175.0,90.0,150.0,30.0,190.0,130.0,130.0,175.0,85.0,235.0,190.0,155.0,200.0,110.0,125.0,80.0,260.0,305.0,215.0,205.0,160.0,340.0,385.0,295.0,255.0,210.0,210.0,225.0,195.0,180.0,165.0,0.0,0.0,0.0,0.0,0.0,285.0,300.0,270.0,320.0,305.0
2021-09-10 00:00:00+00:00,-75.0,-15.0,-135.0,-235.0,-295.0,-110.0,-65.0,-155.0,-260.0,-305.0,-320.0,-245.0,-395.0,-325.0,-400.0,-150.0,-105.0,-195.0,-35.0,-80.0,-150.0,-120.0,-180.0,-85.0,-115.0,-95.0,-80.0,-110.0,-35.0,-50.0,5.0,50.0,-40.0,50.0,5.0,25.0,55.0,-5.0,110.0,80.0,40.0,55.0,25.0,60.0,45.0,0.0,0.0,0.0,0.0,0.0,-220.0,-205.0,-235.0,-180.0,-195.0
2021-09-20 00:00:00+00:00,-415.0,-355.0,-475.0,-200.0,-260.0,-320.0,-260.0,-380.0,-285.0,-345.0,-190.0,-160.0,-220.0,-280.0,-310.0,-395.0,-350.0,-440.0,-270.0,-300.0,-380.0,-335.0,-425.0,-215.0,-245.0,-395.0,-365.0,-425.0,-220.0,-235.0,-345.0,-300.0,-390.0,-175.0,-205.0,-285.0,-240.0,-330.0,-315.0,-345.0,-285.0,-240.0,-330.0,-315.0,-345.0,0.0,0.0,0.0,0.0,0.0,-585.0,-570.0,-600.0,-655.0,-670.0
2021-09-21 00:00:00+00:00,-80.0,-35.0,-125.0,-300.0,-345.0,-120.0,-90.0,-150.0,-25.0,-55.0,-180.0,-150.0,-210.0,-280.0,-310.0,-375.0,-315.0,-435.0,-70.0,-130.0,-215.0,-155.0,-275.0,-110.0,-170.0,-230.0,-185.0,-275.0,-150.0,-195.0,-340.0,-295.0,-385.0,-225.0,-270.0,-325.0,-280.0,-370.0,-225.0,-270.0,-375.0,-345.0,-405.0,-215.0,-245.0,0.0,0.0,0.0,0.0,0.0,-420.0,-405.0,-435.0,-335.0,-350.0
2021-09-22 00:00:00+00:00,100.0,175.0,25.0,0.0,-60.0,-375.0,-315.0,-435.0,-245.0,-305.0,-255.0,-225.0,-285.0,-280.0,-310.0,85.0,145.0,25.0,40.0,-20.0,85.0,145.0,25.0,40.0,-20.0,175.0,220.0,130.0,115.0,70.0,160.0,190.0,130.0,85.0,55.0,225.0,255.0,195.0,100.0,70.0,150.0,165.0,135.0,85.0,70.0,0.0,0.0,0.0,0.0,0.0,40.0,55.0,25.0,-25.0,-40.0
2021-09-23 00:00:00+00:00,-935.0,-860.0,-1010.0,-955.0,-1030.0,-95.0,-20.0,-170.0,220.0,145.0,-570.0,-525.0,-615.0,-410.0,-455.0,520.0,565.0,475.0,220.0,175.0,520.0,565.0,475.0,220.0,175.0,520.0,565.0,475.0,220.0,175.0,185.0,230.0,140.0,-340.0,-385.0,100.0,130.0,70.0,-330.0,-360.0,120.0,150.0,90.0,-315.0,-345.0,0.0,0.0,0.0,0.0,0.0,-125.0,-110.0,-140.0,-115.0,-130.0
2021-09-24 00:00:00+00:00,-295.0,-220.0,-370.0,-155.0,-230.0,-115.0,-85.0,-145.0,-240.0,-270.0,-540.0,-495.0,-585.0,-485.0,-530.0,-45.0,0.0,-90.0,15.0,-30.0,-5.0,40.0,-50.0,40.0,-5.0,10.0,55.0,-35.0,-10.0,-55.0,275.0,320.0,230.0,80.0,35.0,225.0,255.0,195.0,80.0,50.0,345.0,375.0,315.0,235.0,205.0,0.0,0.0,0.0,0.0,0.0,-320.0,-305.0,-335.0,-340.0,-355.0
2021-09-27 00:00:00+00:00,-100.0,-40.0,-160.0,-300.0,-360.0,-210.0,-180.0,-240.0,-160.0,-190.0,-160.0,-145.0,-175.0,-120.0,-135.0,-435.0,-405.0,-465.0,-285.0,-315.0,-425.0,-395.0,-455.0,-255.0,-285.0,-405.0,-375.0,-435.0,-195.0,-225.0,-200.0,-185.0,-215.0,-305.0,-320.0,-200.0,-185.0,-215.0,-305.0,-320.0,-200.0,-185.0,-215.0,-305.0,-320.0,0.0,0.0,0.0,0.0,0.0,-360.0,-345.0,-375.0,-440.0,-455.0
2021-09-28 00:00:00+00:00,-285.0,-225.0,-345.0,-35.0,-95.0,-170.0,-140.0,-200.0,-255.0,-285.0,-705.0,-660.0,-750.0,-495.0,-540.0,-235.0,-190.0,-280.0,-230.0,-275.0,-235.0,-190.0,-280.0,-230.0,-275.0,-105.0,-75.0,-135.0,-100.0,-130.0,25.0,55.0,-5.0,75.0,45.0,380.0,410.0,350.0,120.0,105.0,380.0,410.0,350.0,120.0,105.0,0.0,0.0,0.0,0.0,0.0,-10.0,5.0,-25.0,-85.0,-100.0
2021-09-29 00:00:00+00:00,90.0,135.0,45.0,-85.0,-130.0,-55.0,-25.0,-85.0,-125.0,-155.0,-145.0,-115.0,-175.0,-110.0,-140.0,-215.0,-155.0,-275.0,-110.0,-170.0,-175.0,-130.0,-220.0,-85.0,-130.0,-205.0,-160.0,-250.0,-145.0,-190.0,-25.0,20.0,-70.0,-595.0,-640.0,-125.0,-110.0,-140.0,-615.0,-630.0,-125.0,-110.0,-140.0,-615.0,-630.0,0.0,0.0,0.0,0.0,0.0,-225.0,-210.0,-240.0,-300.0,-315.0
2021-09-30 00:00:00+00:00,-200.0,-140.0,-260.0,-470.0,-530.0,-485.0,-425.0,-545.0,-225.0,-270.0,-280.0,-250.0,-310.0,-355.0,-385.0,-395.0,-350.0,-440.0,-190.0,-235.0,-285.0,-240.0,-330.0,-320.0,-365.0,50.0,95.0,5.0,-55.0,-100.0,-190.0,-160.0,-220.0,-335.0,-365.0,-190.0,-160.0,-220.0,-335.0,-365.0,-275.0,-260.0,-290.0,-390.0,-405.0,0.0,0.0,0.0,0.0,0.0,-755.0,-740.0,-770.0,-645.0,-660.0
2021-10-01 00:00:00+00:00,1675.0,1735.0,1615.0,1430.0,1370.0,1690.0,1735.0,1645.0,1365.0,1320.0,1580.0,1640.0,1520.0,1375.0,1315.0,120.0,135.0,105.0,50.0,35.0,140.0,155.0,125.0,135.0,120.0,0.0,0.0,0.0,0.0,0.0,140.0,155.0,125.0,135.0,120.0,190.0,205.0,175.0,90.0,75.0,0.0,0.0,0.0,0.0,0.0,0.0,0.0,0.0,0.0,0.0,1795.0,1810.0,1780.0,1510.0,1495.0
2021-10-04 00:00:00+00:00,-755.0,-680.0,-830.0,-375.0,-450.0,-630.0,-555.0,-705.0,-475.0,-550.0,-560.0,-500.0,-620.0,-335.0,-395.0,270.0,330.0,210.0,305.0,245.0,270.0,330.0,210.0,305.0,245.0,95.0,110.0,80.0,55.0,40.0,190.0,235.0,145.0,55.0,10.0,275.0,320.0,230.0,105.0,60.0,275.0,320.0,230.0,105.0,60.0,0.0,0.0,0.0,0.0,0.0,-350.0,-335.0,-365.0,-255.0,-270.0
2021-10-05 00:00:00+00:00,130.0,235.0,25.0,155.0,50.0,260.0,335.0,185.0,50.0,-25.0,350.0,395.0,305.0,90.0,45.0,290.0,350.0,230.0,-40.0,-100.0,225.0,270.0,180.0,-90.0,-135.0,120.0,150.0,90.0,-55.0,-85.0,185.0,230.0,140.0,-5.0,-50.0,140.0,185.0,95.0,-80.0,-125.0,120.0,150.0,90.0,-55.0,-85.0,0.0,0.0,0.0,0.0,0.0,440.0,455.0,425.0,285.0,270.0
2021-10-06 00:00:00+00:00,-95.0,-35.0,-155.0,-50.0,-110.0,-340.0,-265.0,-415.0,70.0,-5.0,-195.0,-150.0,-240.0,20.0,-25.0,-180.0,-150.0,-210.0,-195.0,-225.0,-150.0,-120.0,-180.0,-210.0,-240.0,-35.0,-20.0,-50.0,-75.0,-90.0,-105.0,-75.0,-135.0,35.0,5.0,-95.0,-65.0,-125.0,45.0,15.0,-80.0,-65.0,-95.0,-90.0,-105.0,0.0,0.0,0.0,0.0,0.0,-200.0,-185.0,-215.0,-85.0,-100.0
2021-10-07 00:00:00+00:00,550.0,595.0,505.0,595.0,550.0,485.0,545.0,425.0,440.0,380.0,445.0,475.0,415.0,500.0,470.0,105.0,135.0,75.0,95.0,65.0,125.0,155.0,95.0,160.0,130.0,90.0,105.0,75.0,90.0,75.0,115.0,145.0,85.0,105.0,75.0,80.0,95.0,65.0,-50.0,-65.0,0.0,0.0,0.0,0.0,0.0,0.0,0.0,0.0,0.0,0.0,715.0,730.0,700.0,715.0,700.0
2021-10-08 00:00:00+00:00,305.0,335.0,275.0,260.0,230.0,185.0,215.0,155.0,45.0,15.0,190.0,205.0,175.0,60.0,45.0,0.0,30.0,-30.0,5.0,-25.0,20.0,50.0,-10.0,70.0,40.0,30.0,45.0,15.0,10.0,-5.0,80.0,110.0,50.0,110.0,80.0,80.0,110.0,50.0,110.0,80.0,50.0,65.0,35.0,100.0,85.0,0.0,0.0,0.0,0.0,0.0,310.0,325.0,295.0,260.0,245.0
2021-10-11 00:00:00+00:00,45.0,120.0,-30.0,-125.0,-200.0,-220.0,-160.0,-280.0,-70.0,-130.0,-230.0,-155.0,-305.0,-165.0,-240.0,-70.0,-40.0,-100.0,-120.0,-150.0,-70.0,-40.0,-100.0,-120.0,-150.0,-70.0,-40.0,-100.0,-120.0,-150.0,130.0,160.0,100.0,40.0,10.0,130.0,160.0,100.0,40.0,10.0,130.0,160.0,100.0,40.0,10.0,0.0,0.0,0.0,0.0,0.0,-100.0,-85.0,-115.0,-180.0,-195.0
2021-10-12 00:00:00+00:00,200.0,260.0,140.0,220.0,160.0,295.0,325.0,265.0,150.0,120.0,-40.0,-10.0,-70.0,-200.0,-230.0,-45.0,-15.0,-75.0,-50.0,-80.0,-45.0,-15.0,-75.0,-50.0,-80.0,-50.0,-35.0,-65.0,40.0,25.0,45.0,60.0,30.0,65.0,50.0,45.0,60.0,30.0,65.0,50.0,45.0,60.0,30.0,65.0,50.0,0.0,0.0,0.0,0.0,0.0,120.0,135.0,105.0,80.0,65.0
2021-10-13 00:00:00+00:00,-360.0,-270.0,-450.0,-370.0,-460.0,-115.0,-55.0,-175.0,-80.0,-140.0,-50.0,-5.0,-95.0,-10.0,-55.0,305.0,410.0,200.0,-150.0,-255.0,255.0,315.0,195.0,25.0,-35.0,0.0,0.0,0.0,0.0,0.0,85.0,145.0,25.0,-20.0,-80.0,100.0,130.0,70.0,50.0,20.0,10.0,25.0,-5.0,-20.0,-35.0,0.0,0.0,0.0,0.0,0.0,-70.0,-55.0,-85.0,35.0,20.0
2021-10-14 00:00:00+00:00,-80.0,-5.0,-155.0,30.0,-45.0,-40.0,35.0,-115.0,140.0,65.0,95.0,155.0,35.0,165.0,105.0,215.0,245.0,185.0,105.0,75.0,15.0,30.0,0.0,20.0,5.0,0.0,0.0,0.0,0.0,0.0,210.0,240.0,180.0,125.0,95.0,70.0,85.0,55.0,-20.0,-35.0,0.0,0.0,0.0,0.0,0.0,0.0,0.0,0.0,0.0,0.0,350.0,365.0,335.0,405.0,390.0
2021-10-15 00:00:00+00:00,65.0,125.0,5.0,140.0,80.0,75.0,135.0,15.0,170.0,110.0,85.0,130.0,40.0,0.0,-45.0,60.0,120.0,0.0,-90.0,-150.0,5.0,50.0,-40.0,-25.0,-70.0,-10.0,35.0,-55.0,-55.0,-100.0,-100.0,-55.0,-145.0,-35.0,-80.0,20.0,50.0,-10.0,-25.0,-55.0,20.0,50.0,-10.0,-25.0,-55.0,0.0,0.0,0.0,0.0,0.0,195.0,210.0,180.0,255.0,240.0
2021-10-18 00:00:00+00:00,-280.0,-220.0,-340.0,-205.0,-265.0,-455.0,-365.0,-545.0,-230.0,-320.0,-365.0,-320.0,-410.0,-395.0,-440.0,190.0,250.0,130.0,340.0,280.0,220.0,280.0,160.0,255.0,195.0,145.0,175.0,115.0,200.0,170.0,145.0,205.0,85.0,255.0,195.0,135.0,165.0,105.0,155.0,125.0,135.0,165.0,105.0,155.0,125.0,0.0,0.0,0.0,0.0,0.0,-160.0,-145.0,-175.0,10.0,-5.0
2021-10-19 00:00:00+00:00,340.0,385.0,295.0,265.0,220.0,410.0,440.0,380.0,375.0,345.0,420.0,465.0,375.0,375.0,330.0,0.0,0.0,0.0,0.0,0.0,0.0,0.0,0.0,0.0,0.0,0.0,0.0,0.0,0.0,0.0,0.0,0.0,0.0,0.0,0.0,0.0,0.0,0.0,0.0,0.0,0.0,0.0,0.0,0.0,0.0,0.0,0.0,0.0,0.0,0.0,455.0,470.0,440.0,400.0,385.0
2021-10-20 00:00:00+00:00,-440.0,-335.0,-545.0,-135.0,-240.0,-280.0,-205.0,-355.0,-270.0,-345.0,-290.0,-245.0,-335.0,-100.0,-145.0,70.0,145.0,-5.0,-130.0,-205.0,105.0,165.0,45.0,-30.0,-90.0,100.0,130.0,70.0,-30.0,-60.0,-25.0,35.0,-85.0,-125.0,-185.0,50.0,110.0,-10.0,-125.0,-185.0,-15.0,15.0,-45.0,-80.0,-110.0,0.0,0.0,0.0,0.0,0.0,-220.0,-205.0,-235.0,-210.0,-225.0
2021-10-21 00:00:00+00:00,-55.0,5.0,-115.0,-5.0,-65.0,-70.0,5.0,-145.0,-140.0,-215.0,-115.0,-55.0,-175.0,-55.0,-100.0,-25.0,20.0,-70.0,-5.0,-50.0,-35.0,-5.0,-65.0,-10.0,-40.0,0.0,0.0,0.0,0.0,0.0,-15.0,30.0,-60.0,50.0,5.0,20.0,65.0,-25.0,75.0,30.0,40.0,55.0,25.0,-15.0,-30.0,0.0,0.0,0.0,0.0,0.0,5.0,20.0,-10.0,-30.0,-45.0
2021-10-22 00:00:00+00:00,-5.0,55.0,-65.0,130.0,85.0,285.0,330.0,240.0,280.0,235.0,185.0,215.0,155.0,210.0,180.0,-55.0,-25.0,-85.0,-40.0,-70.0,35.0,65.0,5.0,15.0,-15.0,35.0,65.0,5.0,15.0,-15.0,0.0,30.0,-30.0,20.0,-10.0,0.0,30.0,-30.0,20.0,-10.0,0.0,30.0,-30.0,20.0,-10.0,0.0,0.0,0.0,0.0,0.0,270.0,285.0,255.0,310.0,295.0
2021-10-25 00:00:00+00:00,-190.0,-115.0,-265.0,-200.0,-275.0,-105.0,-45.0,-165.0,-100.0,-160.0,-70.0,-40.0,-100.0,-45.0,-75.0,125.0,185.0,65.0,80.0,20.0,125.0,185.0,65.0,80.0,20.0,135.0,180.0,90.0,20.0,-25.0,65.0,95.0,35.0,15.0,-15.0,55.0,85.0,25.0,5.0,-25.0,55.0,85.0,25.0,5.0,-25.0,0.0,0.0,0.0,0.0,0.0,0.0,15.0,-15.0,0.0,-15.0
2021-10-26 00:00:00+00:00,-190.0,-85.0,-295.0,-55.0,-160.0,-45.0,0.0,-90.0,-5.0,-50.0,-155.0,-110.0,-200.0,0.0,-45.0,140.0,200.0,80.0,-5.0,-65.0,135.0,180.0,90.0,15.0,-30.0,0.0,0.0,0.0,0.0,0.0,0.0,45.0,-45.0,75.0,45.0,80.0,110.0,50.0,75.0,45.0,0.0,0.0,0.0,0.0,0.0,0.0,0.0,0.0,0.0,0.0,5.0,20.0,-10.0,80.0,65.0
2021-10-27 00:00:00+00:00,-150.0,-75.0,-225.0,20.0,-55.0,-55.0,-10.0,-100.0,-70.0,-115.0,-60.0,-30.0,-90.0,-60.0,-90.0,205.0,250.0,160.0,155.0,110.0,170.0,200.0,140.0,155.0,125.0,280.0,310.0,250.0,285.0,255.0,165.0,195.0,135.0,210.0,180.0,165.0,195.0,135.0,210.0,180.0,145.0,175.0,115.0,205.0,175.0,0.0,0.0,0.0,0.0,0.0,145.0,160.0,130.0,235.0,220.0
2021-10-28 00:00:00+00:00,145.0,175.0,115.0,135.0,105.0,105.0,150.0,60.0,-45.0,-90.0,60.0,90.0,30.0,-20.0,-50.0,-170.0,-125.0,-215.0,-170.0,-215.0,-65.0,-50.0,-80.0,-10.0,-25.0,-65.0,-50.0,-80.0,-10.0,-25.0,-55.0,-40.0,-70.0,50.0,35.0,-30.0,-15.0,-45.0,30.0,15.0,-30.0,-15.0,-45.0,30.0,15.0,0.0,0.0,0.0,0.0,0.0,70.0,85.0,55.0,25.0,10.0
2021-10-29 00:00:00+00:00,-65.0,-5.0,-125.0,55.0,-5.0,-15.0,30.0,-60.0,10.0,-35.0,-60.0,0.0,-120.0,5.0,-55.0,110.0,170.0,50.0,-5.0,-65.0,125.0,155.0,95.0,35.0,5.0,65.0,80.0,50.0,50.0,35.0,55.0,70.0,40.0,75.0,60.0,55.0,70.0,40.0,75.0,60.0,55.0,70.0,40.0,75.0,60.0,0.0,0.0,0.0,0.0,0.0,180.0,195.0,165.0,185.0,170.0
2021-11-01 00:00:00+00:00,-140.0,-65.0,-215.0,-195.0,-270.0,-30.0,30.0,-90.0,-155.0,-215.0,-70.0,-10.0,-130.0,-90.0,-135.0,10.0,55.0,-35.0,50.0,5.0,-35.0,-5.0,-65.0,5.0,-25.0,30.0,45.0,15.0,70.0,55.0,40.0,55.0,25.0,60.0,45.0,0.0,0.0,0.0,0.0,0.0,0.0,0.0,0.0,0.0,0.0,0.0,0.0,0.0,0.0,0.0,75.0,90.0,60.0,-15.0,-30.0
2021-11-02 00:00:00+00:00,30.0,90.0,-30.0,-105.0,-150.0,-35.0,-5.0,-65.0,50.0,20.0,85.0,130.0,40.0,10.0,-35.0,160.0,205.0,115.0,265.0,220.0,170.0,215.0,125.0,190.0,145.0,165.0,195.0,135.0,160.0,130.0,165.0,195.0,135.0,225.0,195.0,165.0,195.0,135.0,225.0,195.0,175.0,205.0,145.0,150.0,120.0,0.0,0.0,0.0,0.0,0.0,320.0,335.0,305.0,320.0,305.0
2021-11-03 00:00:00+00:00,-155.0,-95.0,-215.0,-265.0,-310.0,-220.0,-175.0,-265.0,-200.0,-245.0,-40.0,-10.0,-70.0,-150.0,-180.0,-65.0,-20.0,-110.0,-5.0,-50.0,-30.0,15.0,-75.0,-25.0,-70.0,-20.0,10.0,-50.0,20.0,-10.0,-40.0,5.0,-85.0,-25.0,-70.0,-30.0,15.0,-75.0,-75.0,-120.0,40.0,85.0,-5.0,-20.0,-65.0,0.0,0.0,0.0,0.0,0.0,-195.0,-180.0,-210.0,-195.0,-210.0
2021-11-04 00:00:00+00:00,-15.0,45.0,-75.0,-30.0,-90.0,-100.0,-70.0,-130.0,-45.0,-75.0,-20.0,-5.0,-35.0,-5.0,-20.0,20.0,65.0,-25.0,65.0,20.0,20.0,65.0,-25.0,65.0,20.0,-10.0,5.0,-25.0,0.0,-15.0,50.0,80.0,20.0,40.0,10.0,25.0,40.0,10.0,20.0,5.0,50.0,65.0,35.0,25.0,10.0,0.0,0.0,0.0,0.0,0.0,-45.0,-30.0,-60.0,-10.0,-25.0
2021-11-05 00:00:00+00:00,90.0,150.0,30.0,50.0,-10.0,240.0,270.0,210.0,165.0,135.0,270.0,315.0,225.0,180.0,135.0,-10.0,35.0,-55.0,40.0,-5.0,-35.0,-20.0,-50.0,10.0,-5.0,0.0,0.0,0.0,0.0,0.0,-45.0,-15.0,-75.0,-15.0,-45.0,0.0,0.0,0.0,0.0,0.0,0.0,0.0,0.0,0.0,0.0,0.0,0.0,0.0,0.0,0.0,330.0,345.0,315.0,270.0,255.0
2021-11-08 00:00:00+00:00,110.0,170.0,50.0,25.0,-35.0,135.0,180.0,90.0,70.0,25.0,-20.0,25.0,-65.0,-105.0,-150.0,-10.0,35.0,-55.0,-50.0,-80.0,-15.0,30.0,-60.0,-45.0,-75.0,60.0,90.0,30.0,35.0,20.0,45.0,75.0,15.0,35.0,20.0,125.0,155.0,95.0,90.0,75.0,125.0,155.0,95.0,90.0,75.0,0.0,0.0,0.0,0.0,0.0,195.0,210.0,180.0,65.0,50.0
2021-11-09 00:00:00+00:00,-20.0,25.0,-65.0,-100.0,-145.0,-95.0,-65.0,-125.0,-10.0,-40.0,-210.0,-165.0,-255.0,-175.0,-220.0,-10.0,20.0,-40.0,-65.0,-95.0,-10.0,20.0,-40.0,-35.0,-65.0,-10.0,20.0,-40.0,-35.0,-65.0,-10.0,20.0,-40.0,-35.0,-65.0,65.0,95.0,35.0,40.0,10.0,75.0,105.0,45.0,25.0,-5.0,0.0,0.0,0.0,0.0,0.0,-115.0,-100.0,-130.0,-60.0,-75.0
2021-11-10 00:00:00+00:00,25.0,55.0,-5.0,-20.0,-50.0,-145.0,-100.0,-190.0,-125.0,-155.0,-245.0,-230.0,-260.0,-120.0,-135.0,-150.0,-105.0,-195.0,-70.0,-115.0,-150.0,-105.0,-195.0,-70.0,-115.0,-95.0,-50.0,-140.0,70.0,25.0,60.0,105.0,15.0,90.0,45.0,60.0,105.0,15.0,90.0,45.0,175.0,220.0,130.0,110.0,65.0,0.0,0.0,0.0,0.0,0.0,-200.0,-185.0,-215.0,-235.0,-250.0
2021-11-11 00:00:00+00:00,-70.0,-10.0,-130.0,100.0,40.0,-20.0,40.0,-80.0,5.0,-55.0,15.0,45.0,-15.0,10.0,-20.0,5.0,65.0,-55.0,-65.0,-125.0,-35.0,-20.0,-50.0,-30.0,-45.0,0.0,15.0,-15.0,-20.0,-35.0,10.0,25.0,-5.0,20.0,5.0,10.0,25.0,-5.0,20.0,5.0,10.0,25.0,-5.0,20.0,5.0,0.0,0.0,0.0,0.0,0.0,45.0,60.0,30.0,85.0,70.0
2021-11-12 00:00:00+00:00,-130.0,-70.0,-190.0,100.0,40.0,50.0,95.0,5.0,200.0,155.0,85.0,145.0,25.0,370.0,310.0,135.0,165.0,105.0,25.0,-5.0,140.0,170.0,110.0,30.0,0.0,145.0,175.0,115.0,45.0,15.0,155.0,185.0,125.0,115.0,85.0,160.0,190.0,130.0,85.0,55.0,170.0,185.0,155.0,70.0,55.0,0.0,0.0,0.0,0.0,0.0,265.0,280.0,250.0,370.0,355.0
2021-11-15 00:00:00+00:00,70.0,160.0,-20.0,-30.0,-120.0,220.0,265.0,175.0,95.0,50.0,345.0,360.0,330.0,215.0,200.0,35.0,65.0,5.0,160.0,130.0,25.0,40.0,10.0,75.0,60.0,40.0,55.0,25.0,70.0,55.0,0.0,0.0,0.0,0.0,0.0,0.0,0.0,0.0,0.0,0.0,0.0,0.0,0.0,0.0,0.0,0.0,0.0,0.0,0.0,0.0,315.0,330.0,300.0,215.0,200.0
2021-11-16 00:00:00+00:00,-175.0,-100.0,-250.0,-160.0,-235.0,235.0,280.0,190.0,170.0,125.0,70.0,115.0,25.0,100.0,55.0,35.0,50.0,20.0,105.0,90.0,35.0,50.0,20.0,105.0,90.0,35.0,50.0,20.0,105.0,90.0,195.0,240.0,150.0,160.0,115.0,45.0,60.0,30.0,50.0,35.0,105.0,120.0,90.0,5.0,-10.0,0.0,0.0,0.0,0.0,0.0,330.0,345.0,315.0,395.0,380.0
2021-11-17 00:00:00+00:00,-205.0,-115.0,-295.0,-165.0,-255.0,-140.0,-80.0,-200.0,-125.0,-185.0,-220.0,-190.0,-250.0,-245.0,-275.0,-205.0,-175.0,-235.0,-150.0,-180.0,-90.0,-60.0,-120.0,-45.0,-75.0,-90.0,-60.0,-120.0,-45.0,-75.0,-255.0,-225.0,-285.0,-185.0,-215.0,-190.0,-160.0,-220.0,-160.0,-190.0,-190.0,-160.0,-220.0,-160.0,-190.0,0.0,0.0,0.0,0.0,0.0,-335.0,-320.0,-350.0,-295.0,-310.0
2021-11-18 00:00:00+00:00,-125.0,-35.0,-215.0,-180.0,-270.0,0.0,45.0,-45.0,-100.0,-145.0,5.0,35.0,-25.0,-130.0,-160.0,-95.0,-80.0,-110.0,-55.0,-70.0,-85.0,-70.0,-100.0,-15.0,-30.0,0.0,0.0,0.0,0.0,0.0,-85.0,-70.0,-100.0,15.0,0.0,-25.0,-10.0,-40.0,40.0,25.0,-20.0,-5.0,-35.0,75.0,60.0,0.0,0.0,0.0,0.0,0.0,35.0,50.0,20.0,-40.0,-55.0
2021-11-19 00:00:00+00:00,-555.0,-495.0,-615.0,-420.0,-480.0,-140.0,-125.0,-155.0,-95.0,-110.0,-75.0,-60.0,-90.0,-160.0,-175.0,-1190.0,-1160.0,-1220.0,-1380.0,-1410.0,-1190.0,-1160.0,-1220.0,-1380.0,-1410.0,-1205.0,-1190.0,-1220.0,-1220.0,-1235.0,-1360.0,-1330.0,-1390.0,-1415.0,-1445.0,-1420.0,-1390.0,-1450.0,-1125.0,-1140.0,-1215.0,-1200.0,-1230.0,-1125.0,-1140.0,0.0,0.0,0.0,0.0,0.0,-1500.0,-1485.0,-1515.0,-1495.0,-1510.0
2021-11-22 00:00:00+00:00,170.0,245.0,95.0,-275.0,-350.0,-170.0,-125.0,-215.0,-330.0,-375.0,80.0,110.0,50.0,-210.0,-240.0,10.0,55.0,-35.0,125.0,80.0,30.0,75.0,-15.0,170.0,125.0,30.0,45.0,15.0,55.0,40.0,80.0,125.0,35.0,105.0,60.0,60.0,90.0,30.0,120.0,90.0,150.0,180.0,120.0,90.0,60.0,0.0,0.0,0.0,0.0,0.0,215.0,230.0,200.0,-80.0,-95.0
2021-11-23 00:00:00+00:00,470.0,545.0,395.0,370.0,310.0,495.0,510.0,480.0,625.0,610.0,315.0,330.0,300.0,130.0,115.0,-15.0,30.0,-60.0,-135.0,-180.0,-15.0,15.0,-45.0,-70.0,-100.0,35.0,50.0,20.0,80.0,65.0,-60.0,-45.0,-75.0,90.0,75.0,-60.0,-45.0,-75.0,90.0,75.0,-60.0,-45.0,-75.0,90.0,75.0,0.0,0.0,0.0,0.0,0.0,540.0,555.0,525.0,650.0,635.0
2021-11-24 00:00:00+00:00,-300.0,-225.0,-375.0,-5.0,-80.0,-95.0,-50.0,-140.0,-60.0,-105.0,-215.0,-170.0,-260.0,60.0,15.0,-240.0,-195.0,-285.0,-395.0,-440.0,-170.0,-125.0,-215.0,-310.0,-355.0,-45.0,0.0,-90.0,-200.0,-245.0,-140.0,-95.0,-185.0,-420.0,-465.0,-45.0,0.0,-90.0,-285.0,-330.0,65.0,110.0,20.0,-40.0,-85.0,0.0,0.0,0.0,0.0,0.0,-345.0,-330.0,-360.0,-350.0,-365.0
2021-11-25 00:00:00+00:00,-145.0,-100.0,-190.0,-155.0,-200.0,-5.0,25.0,-35.0,-115.0,-145.0,20.0,50.0,-10.0,30.0,0.0,-170.0,-125.0,-215.0,-160.0,-205.0,-155.0,-110.0,-200.0,-170.0,-215.0,-50.0,-35.0,-65.0,-5.0,-20.0,-215.0,-200.0,-230.0,-175.0,-190.0,-160.0,-145.0,-175.0,-165.0,-180.0,-20.0,-5.0,-35.0,-10.0,-25.0,0.0,0.0,0.0,0.0,0.0,-155.0,-140.0,-170.0,-130.0,-145.0
2021-11-26 00:00:00+00:00,-845.0,-755.0,-935.0,-170.0,-260.0,-675.0,-600.0,-750.0,-550.0,-625.0,-630.0,-555.0,-705.0,-580.0,-655.0,-480.0,-420.0,-540.0,-330.0,-375.0,-140.0,-110.0,-170.0,-310.0,-340.0,0.0,0.0,0.0,0.0,0.0,280.0,310.0,250.0,355.0,325.0,240.0,255.0,225.0,240.0,225.0,240.0,255.0,225.0,240.0,225.0,0.0,0.0,0.0,0.0,0.0,-550.0,-535.0,-565.0,-85.0,-100.0
2021-11-29 00:00:00+00:00,415.0,460.0,370.0,340.0,295.0,405.0,450.0,360.0,280.0,235.0,-260.0,-215.0,-305.0,-165.0,-210.0,35.0,50.0,20.0,35.0,20.0,35.0,50.0,20.0,35.0,20.0,35.0,50.0,20.0,35.0,20.0,160.0,190.0,130.0,290.0,260.0,55.0,70.0,40.0,130.0,115.0,0.0,0.0,0.0,0.0,0.0,0.0,0.0,0.0,0.0,0.0,400.0,415.0,385.0,315.0,300.0
2021-11-30 00:00:00+00:00,-330.0,-225.0,-435.0,-490.0,-595.0,-420.0,-345.0,-495.0,-200.0,-260.0,400.0,445.0,355.0,205.0,160.0,895.0,955.0,835.0,705.0,645.0,690.0,735.0,645.0,755.0,710.0,0.0,0.0,0.0,0.0,0.0,220.0,250.0,190.0,180.0,150.0,70.0,85.0,55.0,135.0,120.0,0.0,0.0,0.0,0.0,0.0,0.0,0.0,0.0,0.0,0.0,615.0,630.0,600.0,465.0,450.0
2021-12-01 00:00:00+00:00,460.0,505.0,415.0,500.0,455.0,350.0,380.0,320.0,240.0,210.0,75.0,120.0,30.0,180.0,135.0,-160.0,-130.0,-190.0,35.0,5.0,100.0,130.0,70.0,230.0,200.0,100.0,130.0,70.0,230.0,200.0,160.0,190.0,130.0,230.0,200.0,230.0,260.0,200.0,155.0,125.0,40.0,55.0,25.0,140.0,125.0,0.0,0.0,0.0,0.0,0.0,360.0,375.0,345.0,430.0,415.0
2021-12-02 00:00:00+00:00,580.0,625.0,535.0,-385.0,-430.0,90.0,135.0,45.0,-650.0,-695.0,-470.0,-425.0,-515.0,-285.0,-330.0,165.0,210.0,120.0,580.0,535.0,580.0,625.0,535.0,435.0,390.0,365.0,395.0,335.0,375.0,345.0,265.0,295.0,235.0,650.0,620.0,680.0,710.0,650.0,505.0,475.0,575.0,590.0,560.0,335.0,320.0,0.0,0.0,0.0,0.0,0.0,370.0,385.0,355.0,170.0,155.0
2021-12-03 00:00:00+00:00,-465.0,-420.0,-510.0,-295.0,-340.0,-400.0,-325.0,-475.0,220.0,145.0,-425.0,-380.0,-470.0,-160.0,-205.0,-225.0,-165.0,-285.0,-300.0,-360.0,-285.0,-255.0,-315.0,-160.0,-190.0,-225.0,-195.0,-255.0,-195.0,-225.0,-340.0,-295.0,-385.0,-515.0,-560.0,-250.0,-220.0,-280.0,-420.0,-450.0,-250.0,-220.0,-280.0,-420.0,-450.0,0.0,0.0,0.0,0.0,0.0,-290.0,-275.0,-305.0,-290.0,-305.0
2021-12-06 00:00:00+00:00,95.0,170.0,20.0,-470.0,-545.0,490.0,520.0,460.0,265.0,235.0,-385.0,-340.0,-430.0,-365.0,-395.0,-275.0,-230.0,-320.0,-210.0,-255.0,-340.0,-295.0,-385.0,-305.0,-350.0,-325.0,-295.0,-355.0,-440.0,-470.0,-250.0,-235.0,-265.0,-395.0,-410.0,-260.0,-245.0,-275.0,-120.0,-135.0,-260.0,-245.0,-275.0,-120.0,-135.0,0.0,0.0,0.0,0.0,0.0,-115.0,-100.0,-130.0,-240.0,-255.0
2021-12-07 00:00:00+00:00,70.0,145.0,-5.0,5.0,-70.0,225.0,270.0,180.0,95.0,50.0,150.0,195.0,105.0,200.0,155.0,125.0,170.0,80.0,235.0,205.0,90.0,120.0,60.0,125.0,110.0,25.0,40.0,10.0,125.0,110.0,70.0,85.0,55.0,125.0,110.0,70.0,85.0,55.0,125.0,110.0,130.0,145.0,115.0,10.0,-5.0,0.0,0.0,0.0,0.0,0.0,325.0,340.0,310.0,355.0,340.0
2021-12-08 00:00:00+00:00,-350.0,-275.0,-425.0,-285.0,-360.0,-215.0,-155.0,-275.0,-175.0,-235.0,-150.0,-120.0,-180.0,-145.0,-175.0,-355.0,-295.0,-415.0,-405.0,-465.0,-390.0,-360.0,-420.0,-360.0,-390.0,-365.0,-350.0,-380.0,-280.0,-295.0,-390.0,-330.0,-450.0,-385.0,-445.0,-310.0,-265.0,-355.0,-230.0,-275.0,-285.0,-255.0,-315.0,-160.0,-190.0,0.0,0.0,0.0,0.0,0.0,305.0,320.0,290.0,515.0,500.0
2021-12-09 00:00:00+00:00,70.0,115.0,25.0,-170.0,-215.0,-125.0,-95.0,-155.0,-455.0,-485.0,-385.0,-340.0,-430.0,-135.0,-180.0,-195.0,-150.0,-240.0,240.0,195.0,-195.0,-150.0,-240.0,240.0,195.0,-20.0,10.0,-50.0,65.0,35.0,170.0,215.0,125.0,210.0,165.0,235.0,280.0,190.0,235.0,190.0,205.0,235.0,175.0,180.0,150.0,0.0,0.0,0.0,0.0,0.0,-240.0,-225.0,-255.0,-215.0,-230.0
2021-12-20 00:00:00+00:00,285.0,345.0,225.0,260.0,200.0,745.0,760.0,730.0,865.0,850.0,500.0,515.0,485.0,425.0,410.0,480.0,555.0,405.0,560.0,485.0,175.0,205.0,145.0,225.0,195.0,85.0,100.0,70.0,210.0,195.0,-60.0,-30.0,-90.0,0.0,-30.0,-150.0,-135.0,-165.0,-15.0,-30.0,115.0,130.0,100.0,170.0,155.0,0.0,0.0,0.0,0.0,0.0,685.0,700.0,670.0,890.0,875.0
2021-12-21 00:00:00+00:00,775.0,805.0,745.0,695.0,665.0,615.0,645.0,585.0,505.0,475.0,160.0,205.0,115.0,345.0,300.0,-180.0,-165.0,-195.0,-95.0,-110.0,-180.0,-165.0,-195.0,-95.0,-110.0,-55.0,-40.0,-70.0,140.0,125.0,70.0,85.0,55.0,210.0,195.0,160.0,175.0,145.0,145.0,130.0,160.0,175.0,145.0,145.0,130.0,0.0,0.0,0.0,0.0,0.0,715.0,730.0,700.0,745.0,730.0
2021-12-22 00:00:00+00:00,-5.0,70.0,-80.0,30.0,-45.0,185.0,245.0,125.0,350.0,290.0,55.0,115.0,-5.0,120.0,60.0,315.0,375.0,255.0,140.0,80.0,220.0,250.0,190.0,130.0,100.0,0.0,0.0,0.0,0.0,0.0,220.0,250.0,190.0,130.0,100.0,0.0,0.0,0.0,0.0,0.0,0.0,0.0,0.0,0.0,0.0,0.0,0.0,0.0,0.0,0.0,410.0,425.0,395.0,390.0,375.0
2021-12-23 00:00:00+00:00,85.0,130.0,40.0,105.0,60.0,115.0,160.0,70.0,10.0,-35.0,65.0,95.0,35.0,25.0,-5.0,-60.0,-30.0,-90.0,-35.0,-65.0,-5.0,10.0,-20.0,30.0,15.0,-5.0,10.0,-20.0,30.0,15.0,35.0,50.0,20.0,20.0,5.0,15.0,30.0,0.0,10.0,-5.0,0.0,0.0,0.0,0.0,0.0,0.0,0.0,0.0,0.0,0.0,100.0,115.0,85.0,95.0,80.0
2021-12-27 00:00:00+00:00,-150.0,-60.0,-240.0,-10.0,-100.0,-160.0,-85.0,-235.0,70.0,-5.0,25.0,70.0,-20.0,20.0,-25.0,135.0,210.0,60.0,90.0,15.0,190.0,250.0,130.0,-20.0,-65.0,160.0,190.0,130.0,-30.0,-45.0,75.0,105.0,45.0,135.0,120.0,55.0,85.0,25.0,50.0,35.0,20.0,35.0,5.0,0.0,0.0,0.0,0.0,0.0,0.0,0.0,105.0,120.0,90.0,245.0,230.0
2021-12-28 00:00:00+00:00,-25.0,35.0,-85.0,-145.0,-205.0,35.0,110.0,-40.0,10.0,-65.0,180.0,210.0,150.0,155.0,125.0,55.0,100.0,10.0,-40.0,-85.0,50.0,80.0,20.0,-10.0,-40.0,55.0,70.0,40.0,-50.0,-65.0,90.0,120.0,60.0,15.0,-15.0,90.0,120.0,60.0,15.0,-15.0,0.0,0.0,0.0,0.0,0.0,0.0,0.0,0.0,0.0,0.0,145.0,160.0,130.0,90.0,75.0
2021-12-29 00:00:00+00:00,-160.0,-100.0,-220.0,-205.0,-265.0,-190.0,-145.0,-235.0,-115.0,-160.0,-145.0,-85.0,-205.0,-85.0,-145.0,-140.0,-95.0,-185.0,-175.0,-220.0,-140.0,-95.0,-185.0,-175.0,-220.0,-125.0,-80.0,-170.0,-160.0,-205.0,-180.0,-150.0,-210.0,-175.0,-205.0,-160.0,-130.0,-190.0,-190.0,-220.0,-210.0,-195.0,-225.0,-240.0,-255.0,0.0,0.0,0.0,0.0,0.0,-260.0,-245.0,-275.0,-285.0,-300.0
2021-12-30 00:00:00+00:00,215.0,290.0,140.0,65.0,-10.0,295.0,325.0,265.0,190.0,160.0,115.0,160.0,70.0,-45.0,-75.0,-60.0,0.0,-120.0,-120.0,-180.0,15.0,60.0,-30.0,-75.0,-120.0,15.0,60.0,-30.0,-75.0,-120.0,-75.0,-60.0,-90.0,-60.0,-75.0,-45.0,-30.0,-60.0,5.0,-10.0,5.0,20.0,-10.0,-10.0,-25.0,0.0,0.0,0.0,0.0,0.0,250.0,265.0,235.0,160.0,145.0
2021-12-31 00:00:00+00:00,-330.0,-255.0,-405.0,-290.0,-350.0,-155.0,-95.0,-215.0,-280.0,-340.0,-125.0,-80.0,-170.0,-270.0,-315.0,-60.0,0.0,-120.0,95.0,35.0,10.0,70.0,-50.0,120.0,60.0,10.0,70.0,-50.0,120.0,60.0,-30.0,15.0,-75.0,-85.0,-130.0,-60.0,-30.0,-90.0,-85.0,-115.0,-45.0,-15.0,-75.0,-140.0,-170.0,0.0,0.0,0.0,0.0,0.0,-220.0,-205.0,-235.0,-280.0,-295.0
2022-01-03 00:00:00+00:00,310.0,370.0,250.0,245.0,200.0,305.0,320.0,290.0,375.0,360.0,55.0,85.0,25.0,110.0,80.0,-30.0,-15.0,-45.0,120.0,105.0,150.0,165.0,135.0,200.0,185.0,150.0,165.0,135.0,200.0,185.0,-25.0,-10.0,-40.0,105.0,90.0,155.0,170.0,140.0,185.0,170.0,155.0,170.0,140.0,185.0,170.0,0.0,0.0,0.0,0.0,0.0,310.0,325.0,295.0,485.0,470.0
2022-01-04 00:00:00+00:00,170.0,230.0,110.0,135.0,75.0,20.0,80.0,-40.0,50.0,-10.0,175.0,205.0,145.0,125.0,95.0,-40.0,5.0,-85.0,40.0,-5.0,-35.0,10.0,-80.0,55.0,10.0,0.0,30.0,-30.0,45.0,15.0,30.0,45.0,15.0,65.0,50.0,40.0,55.0,25.0,80.0,65.0,40.0,55.0,25.0,80.0,65.0,0.0,0.0,0.0,0.0,0.0,215.0,230.0,200.0,225.0,210.0
2022-01-05 00:00:00+00:00,-55.0,20.0,-130.0,55.0,-20.0,190.0,220.0,160.0,110.0,80.0,150.0,165.0,135.0,-5.0,-20.0,65.0,125.0,5.0,-170.0,-215.0,-5.0,40.0,-50.0,-100.0,-130.0,105.0,135.0,75.0,-40.0,-70.0,-110.0,-95.0,-125.0,-105.0,-120.0,-105.0,-90.0,-120.0,-120.0,-135.0,-30.0,-15.0,-45.0,-45.0,-60.0,0.0,0.0,0.0,0.0,0.0,120.0,135.0,105.0,115.0,100.0
2022-01-06 00:00:00+00:00,220.0,265.0,175.0,235.0,190.0,195.0,240.0,150.0,140.0,95.0,65.0,110.0,20.0,155.0,110.0,-165.0,-120.0,-210.0,160.0,130.0,-40.0,-10.0,-70.0,60.0,45.0,0.0,0.0,0.0,0.0,0.0,-5.0,25.0,-35.0,100.0,85.0,0.0,0.0,0.0,0.0,0.0,0.0,0.0,0.0,0.0,0.0,0.0,0.0,0.0,0.0,0.0,120.0,135.0,105.0,330.0,315.0
2022-01-07 00:00:00+00:00,-5.0,85.0,-95.0,-45.0,-135.0,45.0,90.0,0.0,-65.0,-110.0,-125.0,-50.0,-200.0,-255.0,-330.0,50.0,80.0,20.0,45.0,15.0,40.0,70.0,10.0,55.0,25.0,15.0,30.0,0.0,-5.0,-20.0,-145.0,-100.0,-190.0,-195.0,-240.0,-160.0,-145.0,-175.0,-195.0,-210.0,-160.0,-145.0,-175.0,-195.0,-210.0,0.0,0.0,0.0,0.0,0.0,70.0,85.0,55.0,0.0,-15.0
2022-01-10 00:00:00+00:00,-250.0,-175.0,-325.0,180.0,105.0,-95.0,-50.0,-140.0,-125.0,-170.0,-15.0,0.0,-30.0,-15.0,-30.0,110.0,170.0,50.0,5.0,-40.0,110.0,140.0,80.0,15.0,-15.0,20.0,35.0,5.0,-120.0,-135.0,20.0,65.0,-25.0,-5.0,-50.0,-75.0,-45.0,-105.0,-120.0,-150.0,-50.0,-35.0,-65.0,-110.0,-125.0,0.0,0.0,0.0,0.0,0.0,-30.0,-15.0,-45.0,55.0,40.0
2022-01-11 00:00:00+00:00,275.0,320.0,230.0,140.0,110.0,320.0,350.0,290.0,155.0,125.0,220.0,235.0,205.0,125.0,110.0,-20.0,25.0,-65.0,-55.0,-100.0,40.0,85.0,-5.0,-65.0,-110.0,-35.0,-5.0,-65.0,80.0,50.0,-85.0,-70.0,-100.0,-35.0,-50.0,-85.0,-70.0,-100.0,-35.0,-50.0,-85.0,-70.0,-100.0,-35.0,-50.0,0.0,0.0,0.0,0.0,0.0,175.0,190.0,160.0,130.0,115.0
2022-01-12 00:00:00+00:00,-105.0,-15.0,-195.0,-230.0,-305.0,5.0,65.0,-55.0,95.0,50.0,-120.0,-75.0,-165.0,-170.0,-215.0,90.0,135.0,45.0,120.0,75.0,115.0,160.0,70.0,60.0,15.0,80.0,95.0,65.0,105.0,90.0,255.0,300.0,210.0,140.0,95.0,195.0,225.0,165.0,60.0,30.0,195.0,225.0,165.0,60.0,30.0,0.0,0.0,0.0,0.0,0.0,335.0,350.0,320.0,175.0,160.0
2022-01-13 00:00:00+00:00,105.0,180.0,30.0,230.0,155.0,235.0,265.0,205.0,190.0,160.0,140.0,185.0,95.0,110.0,65.0,10.0,25.0,-5.0,80.0,65.0,10.0,25.0,-5.0,80.0,65.0,0.0,0.0,0.0,0.0,0.0,50.0,65.0,35.0,55.0,40.0,50.0,65.0,35.0,55.0,40.0,0.0,0.0,0.0,0.0,0.0,0.0,0.0,0.0,0.0,0.0,330.0,345.0,315.0,335.0,320.0
2022-01-14 00:00:00+00:00,210.0,270.0,150.0,-5.0,-65.0,-120.0,-90.0,-150.0,15.0,-15.0,-230.0,-155.0,-305.0,-130.0,-205.0,-165.0,-105.0,-225.0,-100.0,-145.0,-135.0,-75.0,-195.0,-110.0,-155.0,0.0,0.0,0.0,0.0,0.0,250.0,295.0,205.0,-55.0,-100.0,5.0,20.0,-10.0,60.0,45.0,0.0,0.0,0.0,0.0,0.0,0.0,0.0,0.0,0.0,0.0,80.0,95.0,65.0,-165.0,-180.0
2022-01-17 00:00:00+00:00,-60.0,0.0,-120.0,-210.0,-270.0,-230.0,-170.0,-290.0,-175.0,-220.0,10.0,40.0,-20.0,85.0,55.0,70.0,130.0,10.0,210.0,150.0,70.0,130.0,10.0,210.0,150.0,90.0,105.0,75.0,165.0,150.0,10.0,25.0,-5.0,10.0,-5.0,0.0,15.0,-15.0,-5.0,-20.0,20.0,35.0,5.0,15.0,0.0,0.0,0.0,0.0,0.0,0.0,60.0,75.0,45.0,145.0,130.0
2022-01-18 00:00:00+00:00,-175.0,-100.0,-250.0,-50.0,-125.0,-360.0,-315.0,-405.0,-90.0,-135.0,-145.0,-130.0,-160.0,-80.0,-95.0,-225.0,-165.0,-285.0,-100.0,-145.0,-365.0,-320.0,-410.0,-165.0,-210.0,-205.0,-175.0,-235.0,-155.0,-185.0,-130.0,-85.0,-175.0,-115.0,-160.0,30.0,60.0,0.0,-105.0,-135.0,30.0,60.0,0.0,-105.0,-135.0,0.0,0.0,0.0,0.0,0.0,-280.0,-265.0,-295.0,-230.0,-245.0
2022-01-19 00:00:00+00:00,185.0,260.0,110.0,-215.0,-290.0,-300.0,-240.0,-360.0,-430.0,-490.0,125.0,155.0,95.0,165.0,135.0,400.0,460.0,340.0,210.0,165.0,400.0,445.0,355.0,390.0,360.0,415.0,445.0,385.0,250.0,235.0,560.0,605.0,515.0,455.0,425.0,340.0,370.0,310.0,255.0,225.0,195.0,210.0,180.0,50.0,35.0,0.0,0.0,0.0,0.0,0.0,540.0,555.0,525.0,475.0,460.0
2022-01-20 00:00:00+00:00,-205.0,-145.0,-265.0,-95.0,-155.0,-35.0,10.0,-80.0,-15.0,-60.0,20.0,50.0,-10.0,-30.0,-60.0,55.0,85.0,25.0,155.0,125.0,115.0,130.0,100.0,100.0,85.0,115.0,130.0,100.0,100.0,85.0,65.0,80.0,50.0,170.0,155.0,220.0,235.0,205.0,155.0,140.0,220.0,235.0,205.0,155.0,140.0,0.0,0.0,0.0,0.0,0.0,85.0,100.0,70.0,125.0,110.0
2022-01-21 00:00:00+00:00,-410.0,-335.0,-485.0,-490.0,-565.0,-120.0,-45.0,-195.0,-105.0,-180.0,-20.0,40.0,-80.0,-190.0,-250.0,50.0,110.0,-10.0,50.0,-10.0,-155.0,-110.0,-200.0,-410.0,-455.0,-120.0,-105.0,-135.0,-230.0,-245.0,-45.0,0.0,-90.0,-150.0,-195.0,-270.0,-255.0,-285.0,-310.0,-325.0,-270.0,-255.0,-285.0,-310.0,-325.0,0.0,0.0,0.0,0.0,0.0,-490.0,-475.0,-505.0,-465.0,-480.0
2022-01-24 00:00:00+00:00,-385.0,-325.0,-445.0,-370.0,-430.0,-620.0,-575.0,-665.0,-665.0,-710.0,-300.0,-270.0,-330.0,-225.0,-240.0,-785.0,-755.0,-815.0,-805.0,-835.0,-680.0,-650.0,-710.0,-595.0,-625.0,-535.0,-505.0,-565.0,-545.0,-575.0,-350.0,-320.0,-380.0,-170.0,-200.0,-350.0,-320.0,-380.0,-170.0,-200.0,-350.0,-320.0,-380.0,-170.0,-200.0,0.0,0.0,0.0,0.0,0.0,-595.0,-580.0,-610.0,-750.0,-765.0
2022-01-25 00:00:00+00:00,535.0,580.0,490.0,140.0,95.0,10.0,55.0,-35.0,-305.0,-350.0,560.0,590.0,530.0,-175.0,-205.0,-240.0,-195.0,-285.0,290.0,245.0,-225.0,-195.0,-255.0,-220.0,-250.0,-65.0,-35.0,-95.0,-45.0,-75.0,-460.0,-430.0,-490.0,-665.0,-695.0,5.0,20.0,-10.0,-70.0,-85.0,5.0,20.0,-10.0,-70.0,-85.0,0.0,0.0,0.0,0.0,0.0,35.0,50.0,20.0,50.0,35.0
2022-01-26 00:00:00+00:00,35.0,110.0,-40.0,155.0,95.0,280.0,325.0,235.0,-35.0,-80.0,210.0,270.0,150.0,445.0,385.0,295.0,340.0,250.0,105.0,60.0,235.0,265.0,205.0,200.0,170.0,85.0,100.0,70.0,105.0,90.0,230.0,245.0,215.0,275.0,260.0,230.0,245.0,215.0,275.0,260.0,220.0,235.0,205.0,155.0,140.0,0.0,0.0,0.0,0.0,0.0,660.0,675.0,645.0,660.0,645.0
2022-01-27 00:00:00+00:00,40.0,100.0,-20.0,-90.0,-150.0,320.0,365.0,275.0,140.0,95.0,385.0,400.0,370.0,155.0,140.0,-115.0,-85.0,-145.0,385.0,355.0,185.0,215.0,155.0,665.0,635.0,185.0,215.0,155.0,665.0,635.0,170.0,200.0,140.0,30.0,0.0,0.0,15.0,-15.0,25.0,10.0,300.0,315.0,285.0,305.0,290.0,0.0,0.0,0.0,0.0,0.0,490.0,505.0,475.0,450.0,435.0
2022-01-28 00:00:00+00:00,-1200.0,-1095.0,-1305.0,-465.0,-570.0,-790.0,-715.0,-865.0,-225.0,-300.0,-640.0,-610.0,-670.0,65.0,35.0,425.0,500.0,350.0,165.0,90.0,850.0,925.0,775.0,505.0,430.0,650.0,695.0,605.0,535.0,490.0,445.0,520.0,370.0,-570.0,-645.0,0.0,30.0,-30.0,-105.0,-135.0,105.0,135.0,75.0,190.0,160.0,0.0,0.0,0.0,0.0,0.0,-1015.0,-1000.0,-1030.0,-815.0,-830.0
2022-01-31 00:00:00+00:00,-235.0,-160.0,-310.0,-150.0,-225.0,-295.0,-265.0,-325.0,-210.0,-240.0,-160.0,-145.0,-175.0,-200.0,-215.0,-605.0,-545.0,-665.0,-875.0,-935.0,-605.0,-545.0,-665.0,-875.0,-935.0,-390.0,-345.0,-435.0,-760.0,-805.0,-835.0,-820.0,-850.0,-825.0,-840.0,-900.0,-885.0,-915.0,-855.0,-870.0,-735.0,-720.0,-750.0,-745.0,-760.0,0.0,0.0,0.0,0.0,0.0,-965.0,-950.0,-980.0,-995.0,-1010.0
2022-02-01 00:00:00+00:00,-150.0,-105.0,-195.0,-615.0,-660.0,-175.0,-130.0,-220.0,-325.0,-370.0,15.0,45.0,-15.0,-90.0,-120.0,-55.0,-10.0,-100.0,265.0,220.0,-55.0,-10.0,-100.0,265.0,220.0,-485.0,-470.0,-500.0,-220.0,-235.0,40.0,70.0,10.0,100.0,70.0,40.0,70.0,10.0,100.0,70.0,-300.0,-285.0,-315.0,-250.0,-265.0,0.0,0.0,0.0,0.0,0.0,-355.0,-340.0,-370.0,-355.0,-370.0
2022-02-02 00:00:00+00:00,-50.0,10.0,-110.0,-45.0,-105.0,65.0,95.0,35.0,60.0,30.0,180.0,210.0,150.0,140.0,110.0,420.0,480.0,360.0,130.0,70.0,-30.0,0.0,-60.0,-110.0,-140.0,-25.0,-10.0,-40.0,-45.0,-60.0,290.0,320.0,260.0,80.0,50.0,290.0,320.0,260.0,80.0,50.0,30.0,45.0,15.0,35.0,20.0,0.0,0.0,0.0,0.0,0.0,475.0,490.0,460.0,295.0,280.0
2022-02-03 00:00:00+00:00,-430.0,-355.0,-505.0,-560.0,-635.0,-440.0,-395.0,-485.0,-310.0,-355.0,10.0,25.0,-5.0,-90.0,-105.0,-170.0,-110.0,-230.0,-65.0,-125.0,-140.0,-80.0,-200.0,-70.0,-115.0,-105.0,-60.0,-150.0,-20.0,-65.0,-30.0,30.0,-90.0,-145.0,-205.0,65.0,125.0,5.0,-145.0,-205.0,-110.0,-65.0,-155.0,-260.0,-290.0,0.0,0.0,0.0,0.0,0.0,-490.0,-475.0,-505.0,-355.0,-370.0
2022-02-04 00:00:00+00:00,-215.0,-155.0,-275.0,-185.0,-245.0,-240.0,-195.0,-285.0,-215.0,-260.0,-210.0,-195.0,-225.0,-280.0,-295.0,-600.0,-540.0,-660.0,-730.0,-790.0,-705.0,-660.0,-750.0,-675.0,-720.0,-915.0,-885.0,-945.0,-765.0,-795.0,-815.0,-785.0,-845.0,-860.0,-890.0,-815.0,-785.0,-845.0,-860.0,-890.0,-910.0,-895.0,-925.0,-915.0,-930.0,0.0,0.0,0.0,0.0,0.0,-1340.0,-1325.0,-1355.0,-1340.0,-1355.0
2022-02-07 00:00:00+00:00,-310.0,-250.0,-370.0,-390.0,-450.0,-475.0,-415.0,-535.0,-380.0,-425.0,-325.0,-265.0,-385.0,-600.0,-645.0,60.0,105.0,15.0,165.0,120.0,135.0,180.0,90.0,255.0,210.0,-60.0,-45.0,-75.0,-55.0,-70.0,250.0,280.0,220.0,270.0,240.0,250.0,280.0,220.0,270.0,240.0,335.0,365.0,305.0,460.0,430.0,0.0,0.0,0.0,0.0,0.0,-140.0,-125.0,-155.0,-150.0,-165.0
2022-02-08 00:00:00+00:00,-225.0,-180.0,-270.0,-215.0,-260.0,-130.0,-100.0,-160.0,-175.0,-205.0,-130.0,-115.0,-145.0,-145.0,-160.0,-295.0,-250.0,-340.0,-310.0,-355.0,-225.0,-180.0,-270.0,-285.0,-330.0,-225.0,-180.0,-270.0,-285.0,-330.0,-295.0,-265.0,-325.0,-255.0,-285.0,-295.0,-265.0,-325.0,-255.0,-285.0,-150.0,-120.0,-180.0,-170.0,-200.0,0.0,0.0,0.0,0.0,0.0,-470.0,-455.0,-485.0,-545.0,-560.0
2022-02-09 00:00:00+00:00,-145.0,-55.0,-235.0,-120.0,-210.0,20.0,65.0,-25.0,70.0,25.0,-85.0,-25.0,-145.0,-185.0,-245.0,-30.0,30.0,-90.0,-15.0,-75.0,-85.0,-40.0,-130.0,-30.0,-75.0,10.0,40.0,-20.0,75.0,45.0,50.0,95.0,5.0,85.0,40.0,55.0,85.0,25.0,135.0,105.0,10.0,40.0,-20.0,130.0,100.0,0.0,0.0,0.0,0.0,0.0,-5.0,10.0,-20.0,75.0,60.0
2022-02-10 00:00:00+00:00,-95.0,-35.0,-155.0,70.0,10.0,-110.0,-35.0,-185.0,65.0,-10.0,-110.0,-65.0,-155.0,5.0,-40.0,140.0,200.0,80.0,-60.0,-120.0,140.0,200.0,80.0,-60.0,-120.0,0.0,0.0,0.0,0.0,0.0,160.0,190.0,130.0,105.0,75.0,160.0,190.0,130.0,105.0,75.0,0.0,0.0,0.0,0.0,0.0,0.0,0.0,0.0,0.0,0.0,130.0,145.0,115.0,70.0,55.0
2022-02-11 00:00:00+00:00,125.0,185.0,65.0,-100.0,-145.0,-105.0,-60.0,-150.0,-85.0,-130.0,-220.0,-160.0,-280.0,-30.0,-90.0,30.0,90.0,-30.0,70.0,10.0,170.0,200.0,140.0,-15.0,-45.0,135.0,150.0,120.0,85.0,70.0,35.0,80.0,-10.0,-125.0,-170.0,210.0,240.0,180.0,105.0,75.0,180.0,195.0,165.0,115.0,100.0,0.0,0.0,0.0,0.0,0.0,-35.0,-20.0,-50.0,-65.0,-80.0
2022-02-14 00:00:00+00:00,50.0,95.0,5.0,-230.0,-275.0,-310.0,-265.0,-355.0,-135.0,-180.0,70.0,100.0,40.0,375.0,345.0,420.0,480.0,360.0,625.0,565.0,415.0,445.0,385.0,420.0,390.0,-25.0,-10.0,-40.0,145.0,130.0,355.0,400.0,310.0,590.0,545.0,385.0,415.0,355.0,500.0,470.0,0.0,0.0,0.0,0.0,0.0,0.0,0.0,0.0,0.0,0.0,320.0,335.0,305.0,490.0,475.0
2022-02-15 00:00:00+00:00,-310.0,-220.0,-400.0,415.0,325.0,50.0,110.0,-10.0,475.0,415.0,300.0,345.0,255.0,285.0,240.0,460.0,520.0,400.0,-565.0,-625.0,410.0,455.0,365.0,-380.0,-425.0,355.0,385.0,325.0,-215.0,-245.0,95.0,110.0,80.0,-15.0,-30.0,140.0,155.0,125.0,105.0,90.0,100.0,115.0,85.0,40.0,25.0,0.0,0.0,0.0,0.0,0.0,470.0,485.0,455.0,580.0,565.0
2022-02-16 00:00:00+00:00,-315.0,-255.0,-375.0,-610.0,-670.0,-525.0,-495.0,-555.0,-525.0,-555.0,-125.0,-95.0,-155.0,-425.0,-440.0,-295.0,-250.0,-340.0,-245.0,-290.0,-205.0,-160.0,-250.0,-270.0,-315.0,-205.0,-160.0,-250.0,-270.0,-315.0,-145.0,-115.0,-175.0,-495.0,-510.0,-285.0,-270.0,-300.0,-495.0,-510.0,-265.0,-250.0,-280.0,-285.0,-300.0,0.0,0.0,0.0,0.0,0.0,-710.0,-695.0,-725.0,-920.0,-935.0
2022-02-17 00:00:00+00:00,20.0,65.0,-25.0,-100.0,-145.0,-275.0,-245.0,-305.0,-225.0,-255.0,0.0,30.0,-30.0,30.0,0.0,70.0,115.0,25.0,140.0,95.0,70.0,115.0,25.0,140.0,95.0,105.0,120.0,90.0,35.0,20.0,235.0,280.0,190.0,220.0,175.0,280.0,310.0,250.0,55.0,25.0,210.0,225.0,195.0,135.0,120.0,0.0,0.0,0.0,0.0,0.0,-45.0,-30.0,-60.0,80.0,65.0
2022-02-18 00:00:00+00:00,-330.0,-240.0,-420.0,-340.0,-430.0,-355.0,-295.0,-415.0,-390.0,-450.0,-75.0,0.0,-150.0,-255.0,-330.0,-65.0,-5.0,-125.0,-235.0,-295.0,-215.0,-170.0,-260.0,-285.0,-330.0,-25.0,5.0,-55.0,45.0,15.0,-95.0,-50.0,-140.0,30.0,-15.0,-140.0,-95.0,-185.0,60.0,15.0,240.0,270.0,210.0,245.0,215.0,0.0,0.0,0.0,0.0,0.0,-555.0,-540.0,-570.0,-475.0,-490.0
2022-02-21 00:00:00+00:00,-495.0,-420.0,-570.0,-285.0,-360.0,-535.0,-475.0,-595.0,-275.0,-335.0,-120.0,-105.0,-135.0,15.0,0.0,-1085.0,-1010.0,-1160.0,-775.0,-850.0,-600.0,-540.0,-660.0,-465.0,-525.0,50.0,95.0,5.0,20.0,-25.0,-1255.0,-1210.0,-1300.0,-1010.0,-1055.0,-1320.0,-1290.0,-1350.0,-925.0,-955.0,-890.0,-860.0,-920.0,-280.0,-295.0,0.0,0.0,0.0,0.0,0.0,-1440.0,-1425.0,-1455.0,-935.0,-950.0
2022-02-22 00:00:00+00:00,-175.0,-70.0,-280.0,1110.0,1005.0,955.0,1030.0,880.0,1420.0,1345.0,730.0,775.0,685.0,1115.0,1070.0,445.0,505.0,385.0,100.0,40.0,160.0,190.0,130.0,70.0,40.0,200.0,215.0,185.0,60.0,45.0,70.0,85.0,55.0,160.0,145.0,200.0,215.0,185.0,60.0,45.0,200.0,215.0,185.0,60.0,45.0,0.0,0.0,0.0,0.0,0.0,970.0,985.0,955.0,1215.0,1200.0
2022-02-23 00:00:00+00:00,-425.0,-335.0,-515.0,-290.0,-380.0,-165.0,-120.0,-210.0,-335.0,-380.0,-435.0,-405.0,-465.0,-225.0,-255.0,-230.0,-170.0,-290.0,-25.0,-85.0,-85.0,-25.0,-145.0,-15.0,-75.0,-50.0,-5.0,-95.0,90.0,45.0,-320.0,-275.0,-365.0,-305.0,-350.0,-135.0,-90.0,-180.0,-345.0,-390.0,10.0,55.0,-35.0,-335.0,-380.0,0.0,0.0,0.0,0.0,0.0,-465.0,-450.0,-480.0,-515.0,-530.0
2022-02-24 00:00:00+00:00,-205.0,-130.0,-280.0,-800.0,-860.0,315.0,345.0,285.0,-415.0,-445.0,-165.0,-150.0,-180.0,-335.0,-350.0,-275.0,-230.0,-320.0,-605.0,-650.0,-185.0,-140.0,-230.0,-670.0,-715.0,-45.0,-15.0,-75.0,-330.0,-360.0,-435.0,-390.0,-480.0,-685.0,-730.0,-120.0,-75.0,-165.0,40.0,-5.0,490.0,535.0,445.0,300.0,255.0,0.0,0.0,0.0,0.0,0.0,-540.0,-525.0,-555.0,-830.0,-845.0
2022-02-25 00:00:00+00:00,660.0,720.0,600.0,365.0,305.0,465.0,495.0,435.0,415.0,385.0,100.0,115.0,85.0,-25.0,-40.0,-200.0,-170.0,-230.0,5.0,-25.0,-200.0,-170.0,-230.0,5.0,-25.0,145.0,160.0,130.0,270.0,255.0,155.0,200.0,110.0,615.0,570.0,270.0,285.0,255.0,620.0,605.0,270.0,285.0,255.0,620.0,605.0,0.0,0.0,0.0,0.0,0.0,390.0,405.0,375.0,235.0,220.0
2022-02-28 00:00:00+00:00,15.0,60.0,-30.0,-390.0,-435.0,-380.0,-335.0,-425.0,-880.0,-925.0,-305.0,-245.0,-365.0,-90.0,-150.0,145.0,190.0,100.0,60.0,15.0,115.0,160.0,70.0,120.0,75.0,-5.0,10.0,-20.0,-130.0,-145.0,1100.0,1145.0,1055.0,840.0,795.0,300.0,315.0,285.0,390.0,375.0,0.0,0.0,0.0,0.0,0.0,0.0,0.0,0.0,0.0,0.0,200.0,215.0,185.0,70.0,55.0
2022-03-01 00:00:00+00:00,-770.0,-710.0,-830.0,-765.0,-825.0,0.0,30.0,-30.0,-50.0,-80.0,-450.0,-405.0,-495.0,-120.0,-150.0,-330.0,-270.0,-390.0,-685.0,-745.0,-350.0,-305.0,-395.0,-290.0,-335.0,-780.0,-765.0,-795.0,-795.0,-810.0,-1085.0,-1070.0,-1100.0,-1035.0,-1050.0,-1085.0,-1070.0,-1100.0,-1035.0,-1050.0,-785.0,-770.0,-800.0,-600.0,-615.0,0.0,0.0,0.0,0.0,0.0,-1395.0,-1380.0,-1410.0,-1690.0,-1705.0
2022-03-02 00:00:00+00:00,225.0,285.0,165.0,255.0,195.0,450.0,495.0,405.0,570.0,540.0,295.0,325.0,265.0,-150.0,-180.0,505.0,550.0,460.0,520.0,475.0,50.0,65.0,35.0,0.0,-15.0,50.0,65.0,35.0,0.0,-15.0,930.0,960.0,900.0,880.0,850.0,730.0,760.0,700.0,560.0,530.0,335.0,350.0,320.0,385.0,370.0,0.0,0.0,0.0,0.0,0.0,1175.0,1190.0,1160.0,1245.0,1230.0
2022-03-03 00:00:00+00:00,-305.0,-245.0,-365.0,-375.0,-435.0,-555.0,-495.0,-615.0,-180.0,-225.0,-255.0,-225.0,-285.0,-245.0,-275.0,170.0,215.0,125.0,230.0,185.0,45.0,75.0,15.0,170.0,140.0,270.0,300.0,240.0,395.0,365.0,-60.0,-45.0,-75.0,65.0,50.0,165.0,180.0,150.0,290.0,275.0,165.0,180.0,150.0,290.0,275.0,0.0,0.0,0.0,0.0,0.0,-330.0,-315.0,-345.0,-230.0,-245.0
2022-03-04 00:00:00+00:00,-375.0,-330.0,-420.0,-305.0,-350.0,-610.0,-535.0,-685.0,0.0,-60.0,-360.0,-330.0,-390.0,-295.0,-325.0,445.0,520.0,370.0,170.0,95.0,315.0,360.0,270.0,270.0,225.0,355.0,385.0,325.0,290.0,260.0,410.0,455.0,365.0,-195.0,-240.0,410.0,455.0,365.0,-195.0,-240.0,340.0,355.0,325.0,75.0,60.0,0.0,0.0,0.0,0.0,0.0,-205.0,-190.0,-220.0,-90.0,-105.0
2022-03-07 00:00:00+00:00,-255.0,-195.0,-315.0,-175.0,-235.0,-295.0,-265.0,-325.0,-350.0,-380.0,-615.0,-585.0,-645.0,-510.0,-540.0,650.0,695.0,605.0,590.0,545.0,650.0,695.0,605.0,590.0,545.0,555.0,585.0,525.0,270.0,240.0,915.0,960.0,870.0,665.0,620.0,955.0,1000.0,910.0,680.0,635.0,295.0,310.0,280.0,295.0,280.0,0.0,0.0,0.0,0.0,0.0,30.0,45.0,15.0,260.0,245.0
2022-03-08 00:00:00+00:00,-855.0,-750.0,-960.0,375.0,285.0,-120.0,-30.0,-210.0,-335.0,-410.0,-295.0,-220.0,-370.0,-210.0,-285.0,500.0,560.0,440.0,305.0,245.0,700.0,760.0,640.0,-70.0,-130.0,355.0,385.0,325.0,75.0,45.0,315.0,345.0,285.0,35.0,5.0,315.0,345.0,285.0,35.0,5.0,195.0,210.0,180.0,10.0,-5.0,0.0,0.0,0.0,0.0,0.0,115.0,130.0,100.0,60.0,45.0
2022-03-09 00:00:00+00:00,-65.0,10.0,-140.0,-235.0,-310.0,-130.0,-40.0,-220.0,315.0,240.0,-130.0,-85.0,-175.0,95.0,65.0,350.0,395.0,305.0,255.0,210.0,350.0,395.0,305.0,255.0,210.0,275.0,305.0,245.0,75.0,45.0,445.0,490.0,400.0,275.0,230.0,275.0,305.0,245.0,75.0,45.0,165.0,180.0,150.0,115.0,100.0,0.0,0.0,0.0,0.0,0.0,455.0,470.0,440.0,435.0,420.0
2022-03-10 00:00:00+00:00,-1020.0,-945.0,-1095.0,-1070.0,-1130.0,-530.0,-500.0,-560.0,-830.0,-860.0,-705.0,-660.0,-750.0,-760.0,-805.0,290.0,365.0,215.0,315.0,240.0,290.0,365.0,215.0,315.0,240.0,-210.0,-165.0,-255.0,135.0,90.0,100.0,160.0,40.0,225.0,165.0,30.0,75.0,-15.0,105.0,60.0,-150.0,-120.0,-180.0,-10.0,-40.0,0.0,0.0,0.0,0.0,0.0,-765.0,-750.0,-780.0,-1100.0,-1115.0
2022-03-11 00:00:00+00:00,415.0,520.0,310.0,-110.0,-200.0,470.0,545.0,395.0,1440.0,1380.0,550.0,595.0,505.0,325.0,295.0,1220.0,1265.0,1175.0,1985.0,1940.0,70.0,100.0,40.0,320.0,290.0,125.0,140.0,110.0,215.0,200.0,1265.0,1280.0,1250.0,1525.0,1510.0,1295.0,1310.0,1280.0,1545.0,1530.0,0.0,0.0,0.0,0.0,0.0,0.0,0.0,0.0,0.0,0.0,1865.0,1880.0,1850.0,1665.0,1650.0
2022-03-14 00:00:00+00:00,-450.0,-375.0,-525.0,-675.0,-735.0,-30.0,30.0,-90.0,-580.0,-640.0,355.0,370.0,340.0,115.0,100.0,-160.0,-100.0,-220.0,-120.0,-180.0,-155.0,-95.0,-215.0,-270.0,-330.0,335.0,365.0,305.0,460.0,430.0,-450.0,-420.0,-480.0,-450.0,-480.0,-240.0,-210.0,-270.0,-605.0,-635.0,-240.0,-210.0,-270.0,-605.0,-635.0,0.0,0.0,0.0,0.0,0.0,-210.0,-195.0,-225.0,-555.0,-570.0
2022-03-15 00:00:00+00:00,325.0,385.0,265.0,895.0,835.0,850.0,865.0,835.0,840.0,825.0,480.0,495.0,465.0,485.0,470.0,-20.0,10.0,-50.0,255.0,240.0,185.0,200.0,170.0,255.0,240.0,185.0,200.0,170.0,255.0,240.0,185.0,200.0,170.0,255.0,240.0,185.0,200.0,170.0,255.0,240.0,185.0,200.0,170.0,255.0,240.0,0.0,0.0,0.0,0.0,0.0,860.0,875.0,845.0,990.0,975.0
2022-03-21 00:00:00+00:00,300.0,330.0,270.0,325.0,295.0,-120.0,-75.0,-165.0,-85.0,-130.0,-115.0,-40.0,-190.0,-200.0,-275.0,-235.0,-205.0,-265.0,-125.0,-155.0,10.0,40.0,-20.0,-25.0,-55.0,10.0,40.0,-20.0,-50.0,-80.0,155.0,185.0,125.0,190.0,160.0,185.0,215.0,155.0,260.0,230.0,170.0,200.0,140.0,320.0,290.0,0.0,0.0,0.0,0.0,0.0,75.0,90.0,60.0,180.0,165.0
2022-03-22 00:00:00+00:00,-100.0,-55.0,-145.0,-150.0,-195.0,-270.0,-225.0,-315.0,-195.0,-240.0,-130.0,-85.0,-175.0,-190.0,-235.0,285.0,345.0,225.0,175.0,115.0,285.0,330.0,240.0,195.0,150.0,215.0,245.0,185.0,85.0,55.0,290.0,335.0,245.0,205.0,160.0,220.0,250.0,190.0,95.0,65.0,0.0,0.0,0.0,0.0,0.0,0.0,0.0,0.0,0.0,0.0,55.0,70.0,40.0,10.0,-5.0
2022-03-23 00:00:00+00:00,-370.0,-295.0,-445.0,-85.0,-145.0,-400.0,-310.0,-490.0,-230.0,-320.0,-255.0,-210.0,-300.0,-360.0,-405.0,-290.0,-215.0,-365.0,-340.0,-415.0,-265.0,-205.0,-325.0,-310.0,-370.0,-125.0,-95.0,-155.0,-140.0,-170.0,-285.0,-240.0,-330.0,-290.0,-335.0,-215.0,-170.0,-260.0,-255.0,-300.0,-215.0,-170.0,-260.0,-255.0,-300.0,0.0,0.0,0.0,0.0,0.0,-500.0,-485.0,-515.0,-505.0,-520.0
2022-03-24 00:00:00+00:00,5.0,65.0,-55.0,-60.0,-120.0,-55.0,-10.0,-100.0,0.0,-45.0,-250.0,-205.0,-295.0,-395.0,-440.0,-265.0,-235.0,-295.0,-90.0,-120.0,-65.0,-35.0,-95.0,-30.0,-60.0,-65.0,-35.0,-95.0,-30.0,-60.0,-160.0,-145.0,-175.0,-175.0,-190.0,-160.0,-145.0,-175.0,-175.0,-190.0,-160.0,-145.0,-175.0,-245.0,-260.0,0.0,0.0,0.0,0.0,0.0,-130.0,-115.0,-145.0,-285.0,-300.0
2022-03-25 00:00:00+00:00,-235.0,-145.0,-325.0,-315.0,-390.0,40.0,115.0,-35.0,245.0,170.0,415.0,445.0,385.0,525.0,495.0,495.0,555.0,435.0,585.0,525.0,145.0,160.0,130.0,85.0,70.0,145.0,160.0,130.0,85.0,70.0,245.0,275.0,215.0,80.0,50.0,245.0,275.0,215.0,80.0,50.0,0.0,0.0,0.0,0.0,0.0,0.0,0.0,0.0,0.0,0.0,485.0,500.0,470.0,580.0,565.0
2022-03-28 00:00:00+00:00,-70.0,5.0,-145.0,-85.0,-160.0,-130.0,-85.0,-175.0,-110.0,-155.0,-45.0,0.0,-90.0,90.0,45.0,145.0,190.0,100.0,150.0,105.0,145.0,190.0,100.0,150.0,105.0,40.0,55.0,25.0,80.0,65.0,5.0,20.0,-10.0,105.0,90.0,55.0,70.0,40.0,60.0,45.0,55.0,70.0,40.0,155.0,140.0,0.0,0.0,0.0,0.0,0.0,120.0,135.0,105.0,180.0,165.0
2022-03-29 00:00:00+00:00,-225.0,-165.0,-285.0,-265.0,-325.0,-230.0,-140.0,-320.0,95.0,5.0,-190.0,-115.0,-265.0,-125.0,-200.0,605.0,680.0,530.0,325.0,250.0,520.0,565.0,475.0,425.0,380.0,90.0,105.0,75.0,20.0,5.0,320.0,350.0,290.0,20.0,5.0,320.0,350.0,290.0,20.0,5.0,230.0,245.0,215.0,0.0,0.0,0.0,0.0,0.0,0.0,0.0,450.0,465.0,435.0,425.0,410.0
2022-03-30 00:00:00+00:00,155.0,215.0,95.0,-70.0,-115.0,315.0,360.0,270.0,0.0,-45.0,-125.0,-95.0,-155.0,-105.0,-135.0,-230.0,-170.0,-290.0,100.0,40.0,-130.0,-100.0,-160.0,120.0,90.0,95.0,110.0,80.0,30.0,15.0,15.0,30.0,0.0,210.0,195.0,15.0,30.0,0.0,210.0,195.0,200.0,215.0,185.0,185.0,170.0,0.0,0.0,0.0,0.0,0.0,140.0,155.0,125.0,120.0,105.0
2022-03-31 00:00:00+00:00,-300.0,-225.0,-375.0,-70.0,-145.0,-190.0,-130.0,-250.0,-95.0,-155.0,-95.0,-35.0,-155.0,-170.0,-230.0,-115.0,-70.0,-160.0,-75.0,-120.0,-145.0,-115.0,-175.0,-60.0,-90.0,-150.0,-120.0,-180.0,30.0,0.0,-15.0,45.0,-75.0,-85.0,-145.0,-5.0,40.0,-50.0,60.0,15.0,35.0,65.0,5.0,-60.0,-90.0,0.0,0.0,0.0,0.0,0.0,-165.0,-150.0,-180.0,-105.0,-120.0
2022-04-01 00:00:00+00:00,-60.0,15.0,-135.0,-140.0,-215.0,-225.0,-150.0,-300.0,-215.0,-290.0,20.0,80.0,-40.0,140.0,95.0,80.0,140.0,20.0,110.0,50.0,80.0,125.0,35.0,105.0,60.0,80.0,125.0,35.0,105.0,60.0,100.0,130.0,70.0,125.0,95.0,15.0,30.0,0.0,50.0,35.0,40.0,55.0,25.0,90.0,75.0,0.0,0.0,0.0,0.0,0.0,110.0,125.0,95.0,95.0,80.0
2022-04-04 00:00:00+00:00,120.0,195.0,45.0,0.0,-75.0,-130.0,-70.0,-190.0,-45.0,-105.0,50.0,65.0,35.0,-50.0,-65.0,-45.0,-15.0,-75.0,-40.0,-70.0,-45.0,-15.0,-75.0,-40.0,-70.0,-5.0,10.0,-20.0,35.0,20.0,35.0,50.0,20.0,105.0,90.0,35.0,50.0,20.0,105.0,90.0,35.0,50.0,20.0,105.0,90.0,0.0,0.0,0.0,0.0,0.0,240.0,255.0,225.0,175.0,160.0
2022-04-05 00:00:00+00:00,-100.0,-40.0,-160.0,-125.0,-170.0,-10.0,35.0,-55.0,25.0,-20.0,60.0,75.0,45.0,0.0,0.0,-445.0,-400.0,-490.0,-365.0,-410.0,-375.0,-330.0,-420.0,-320.0,-365.0,-410.0,-395.0,-425.0,-330.0,-345.0,-390.0,-360.0,-420.0,-405.0,-435.0,-385.0,-370.0,-400.0,-395.0,-410.0,-385.0,-370.0,-400.0,-395.0,-410.0,0.0,0.0,0.0,0.0,0.0,-315.0,-300.0,-330.0,-320.0,-335.0
2022-04-06 00:00:00+00:00,-245.0,-185.0,-305.0,-480.0,-540.0,-440.0,-395.0,-485.0,-255.0,-300.0,-85.0,-55.0,-115.0,-80.0,-110.0,-375.0,-330.0,-420.0,-245.0,-290.0,-300.0,-255.0,-345.0,-300.0,-345.0,-260.0,-230.0,-290.0,-165.0,-195.0,-530.0,-500.0,-560.0,-520.0,-550.0,-480.0,-450.0,-510.0,-330.0,-360.0,-305.0,-275.0,-335.0,-85.0,-115.0,0.0,0.0,0.0,0.0,0.0,-715.0,-700.0,-730.0,-650.0,-665.0
2022-04-07 00:00:00+00:00,-50.0,25.0,-125.0,-365.0,-440.0,-135.0,-60.0,-210.0,-75.0,-150.0,-40.0,-10.0,-70.0,-30.0,-60.0,-100.0,-40.0,-160.0,40.0,-5.0,-80.0,-50.0,-110.0,125.0,110.0,-30.0,-15.0,-45.0,125.0,110.0,20.0,50.0,-10.0,-20.0,-35.0,20.0,50.0,-10.0,-20.0,-35.0,40.0,70.0,10.0,45.0,30.0,0.0,0.0,0.0,0.0,0.0,-85.0,-70.0,-100.0,-35.0,-50.0
2022-04-08 00:00:00+00:00,-85.0,5.0,-175.0,360.0,270.0,140.0,185.0,95.0,150.0,105.0,150.0,195.0,105.0,-5.0,-50.0,25.0,70.0,-20.0,-5.0,-50.0,25.0,70.0,-20.0,-5.0,-50.0,45.0,75.0,15.0,70.0,40.0,-10.0,20.0,-40.0,125.0,95.0,-10.0,20.0,-40.0,125.0,95.0,-10.0,20.0,-40.0,125.0,95.0,0.0,0.0,0.0,0.0,0.0,235.0,250.0,220.0,245.0,230.0
2022-04-11 00:00:00+00:00,280.0,325.0,235.0,35.0,-10.0,15.0,45.0,-15.0,10.0,-20.0,235.0,265.0,205.0,125.0,95.0,-265.0,-220.0,-310.0,-175.0,-220.0,-180.0,-135.0,-225.0,-185.0,-230.0,-285.0,-270.0,-300.0,-270.0,-285.0,-70.0,-40.0,-100.0,-150.0,-180.0,-70.0,-40.0,-100.0,-150.0,-180.0,215.0,230.0,200.0,120.0,105.0,0.0,0.0,0.0,0.0,0.0,-50.0,-35.0,-65.0,-65.0,-80.0
2022-04-12 00:00:00+00:00,-70.0,50.0,-190.0,140.0,20.0,45.0,90.0,0.0,-115.0,-160.0,235.0,265.0,205.0,380.0,350.0,120.0,180.0,60.0,75.0,15.0,205.0,265.0,145.0,185.0,125.0,185.0,215.0,155.0,240.0,210.0,185.0,215.0,155.0,240.0,210.0,0.0,0.0,0.0,0.0,0.0,0.0,0.0,0.0,0.0,0.0,0.0,0.0,0.0,0.0,0.0,250.0,265.0,235.0,315.0,300.0
2022-04-13 00:00:00+00:00,-260.0,-200.0,-320.0,-40.0,-100.0,-140.0,-95.0,-185.0,-280.0,-325.0,-395.0,-335.0,-455.0,-605.0,-665.0,-535.0,-490.0,-580.0,-305.0,-335.0,-605.0,-575.0,-635.0,-370.0,-385.0,-285.0,-270.0,-300.0,-345.0,-360.0,-225.0,-210.0,-240.0,-105.0,-120.0,-185.0,-170.0,-200.0,-110.0,-125.0,-5.0,10.0,-20.0,125.0,110.0,0.0,0.0,0.0,0.0,0.0,-530.0,-515.0,-545.0,-655.0,-670.0
2022-04-14 00:00:00+00:00,-15.0,45.0,-75.0,-135.0,-195.0,-80.0,-35.0,-125.0,-50.0,-95.0,255.0,285.0,225.0,270.0,240.0,320.0,395.0,245.0,335.0,260.0,325.0,385.0,265.0,195.0,150.0,90.0,105.0,75.0,95.0,80.0,0.0,0.0,0.0,0.0,0.0,0.0,0.0,0.0,0.0,0.0,0.0,0.0,0.0,0.0,0.0,0.0,0.0,0.0,0.0,0.0,335.0,350.0,320.0,180.0,165.0
2022-04-18 00:00:00+00:00,225.0,285.0,165.0,210.0,150.0,200.0,230.0,170.0,105.0,75.0,155.0,170.0,140.0,105.0,90.0,-20.0,10.0,-50.0,-40.0,-70.0,-20.0,10.0,-50.0,-40.0,-70.0,-115.0,-100.0,-130.0,-150.0,-165.0,-70.0,-55.0,-85.0,-90.0,-105.0,-70.0,-55.0,-85.0,-90.0,-105.0,-70.0,-55.0,-85.0,-90.0,-105.0,0.0,0.0,0.0,0.0,0.0,155.0,170.0,140.0,125.0,110.0
2022-04-19 00:00:00+00:00,-35.0,55.0,-125.0,220.0,145.0,-95.0,-50.0,-140.0,-165.0,-210.0,240.0,255.0,225.0,320.0,305.0,-70.0,-10.0,-130.0,-205.0,-265.0,-215.0,-185.0,-245.0,-445.0,-475.0,150.0,180.0,120.0,-200.0,-230.0,-185.0,-170.0,-200.0,-85.0,-100.0,-185.0,-170.0,-200.0,-85.0,-100.0,-185.0,-170.0,-200.0,-85.0,-100.0,0.0,0.0,0.0,0.0,0.0,65.0,80.0,50.0,155.0,140.0
2022-04-20 00:00:00+00:00,140.0,200.0,80.0,340.0,280.0,435.0,465.0,405.0,540.0,510.0,445.0,460.0,430.0,450.0,435.0,0.0,15.0,-15.0,20.0,5.0,0.0,15.0,-15.0,20.0,5.0,0.0,15.0,-15.0,20.0,5.0,215.0,230.0,200.0,235.0,220.0,225.0,240.0,210.0,255.0,240.0,200.0,215.0,185.0,0.0,0.0,0.0,0.0,0.0,0.0,0.0,680.0,695.0,665.0,705.0,690.0
2022-04-21 00:00:00+00:00,-140.0,-65.0,-215.0,90.0,15.0,40.0,100.0,-20.0,265.0,205.0,-20.0,25.0,-65.0,175.0,130.0,120.0,165.0,75.0,140.0,95.0,130.0,175.0,85.0,120.0,75.0,75.0,90.0,60.0,80.0,65.0,90.0,120.0,60.0,165.0,135.0,90.0,120.0,60.0,165.0,135.0,75.0,90.0,60.0,80.0,65.0,0.0,0.0,0.0,0.0,0.0,125.0,140.0,110.0,390.0,375.0
2022-04-22 00:00:00+00:00,-105.0,-15.0,-195.0,-85.0,-175.0,-295.0,-250.0,-340.0,-105.0,-150.0,-180.0,-150.0,-210.0,-270.0,-300.0,-100.0,-70.0,-130.0,75.0,45.0,-110.0,-95.0,-125.0,5.0,-10.0,-110.0,-95.0,-125.0,5.0,-10.0,-45.0,-15.0,-75.0,10.0,-20.0,-45.0,-15.0,-75.0,10.0,-20.0,30.0,45.0,15.0,130.0,115.0,0.0,0.0,0.0,0.0,0.0,-270.0,-255.0,-285.0,-225.0,-240.0
2022-04-25 00:00:00+00:00,45.0,120.0,-30.0,-505.0,-565.0,-50.0,25.0,-125.0,465.0,390.0,-610.0,-550.0,-670.0,-10.0,-55.0,545.0,605.0,485.0,670.0,610.0,180.0,225.0,135.0,465.0,420.0,80.0,95.0,65.0,100.0,85.0,115.0,145.0,85.0,315.0,285.0,115.0,145.0,85.0,315.0,285.0,30.0,45.0,15.0,250.0,235.0,0.0,0.0,0.0,0.0,0.0,440.0,455.0,425.0,435.0,420.0
2022-04-26 00:00:00+00:00,-475.0,-385.0,-565.0,-520.0,-610.0,-615.0,-540.0,-690.0,-415.0,-490.0,-540.0,-480.0,-600.0,-385.0,-445.0,235.0,295.0,175.0,395.0,335.0,235.0,295.0,175.0,395.0,335.0,175.0,205.0,145.0,215.0,185.0,210.0,255.0,165.0,220.0,175.0,50.0,80.0,20.0,115.0,85.0,275.0,305.0,245.0,295.0,265.0,0.0,0.0,0.0,0.0,0.0,-295.0,-280.0,-310.0,-260.0,-275.0
2022-04-27 00:00:00+00:00,-490.0,-400.0,-580.0,-390.0,-480.0,-250.0,-175.0,-325.0,-55.0,-130.0,-100.0,-70.0,-130.0,165.0,135.0,-130.0,-70.0,-190.0,-330.0,-390.0,-170.0,-125.0,-215.0,-310.0,-355.0,-315.0,-285.0,-345.0,-455.0,-485.0,-415.0,-370.0,-460.0,-340.0,-385.0,-315.0,-285.0,-345.0,-455.0,-485.0,-315.0,-285.0,-345.0,-455.0,-485.0,0.0,0.0,0.0,0.0,0.0,-440.0,-425.0,-455.0,-605.0,-620.0
2022-04-28 00:00:00+00:00,-450.0,-390.0,-510.0,-700.0,-760.0,-460.0,-430.0,-490.0,-385.0,-415.0,-430.0,-385.0,-475.0,-425.0,-470.0,-195.0,-165.0,-225.0,-50.0,-80.0,-195.0,-165.0,-225.0,-50.0,-80.0,-140.0,-110.0,-170.0,195.0,165.0,-360.0,-345.0,-375.0,-260.0,-275.0,-330.0,-315.0,-345.0,-45.0,-60.0,-330.0,-315.0,-345.0,-45.0,-60.0,0.0,0.0,0.0,0.0,0.0,-535.0,-520.0,-550.0,-625.0,-640.0
2022-04-29 00:00:00+00:00,-250.0,-190.0,-310.0,-120.0,-180.0,-160.0,-130.0,-190.0,-145.0,-175.0,-295.0,-265.0,-325.0,-40.0,-55.0,-245.0,-185.0,-305.0,-290.0,-350.0,-105.0,-60.0,-150.0,-125.0,-170.0,35.0,65.0,5.0,5.0,-25.0,-190.0,-145.0,-235.0,-310.0,-355.0,-185.0,-155.0,-215.0,-235.0,-265.0,-75.0,-45.0,-105.0,-75.0,-105.0,0.0,0.0,0.0,0.0,0.0,-465.0,-450.0,-480.0,-470.0,-485.0
2022-05-02 00:00:00+00:00,-40.0,5.0,-85.0,135.0,90.0,-85.0,-40.0,-130.0,-25.0,-70.0,35.0,65.0,5.0,-150.0,-180.0,-650.0,-620.0,-680.0,-795.0,-825.0,-675.0,-645.0,-705.0,-720.0,-750.0,-465.0,-435.0,-495.0,-620.0,-650.0,-260.0,-200.0,-320.0,-635.0,-695.0,-595.0,-565.0,-625.0,-740.0,-770.0,-610.0,-595.0,-625.0,-720.0,-735.0,0.0,0.0,0.0,0.0,0.0,-370.0,-355.0,-385.0,-665.0,-680.0
2022-05-03 00:00:00+00:00,-125.0,-35.0,-215.0,0.0,-75.0,140.0,185.0,95.0,100.0,55.0,-285.0,-255.0,-315.0,-240.0,-270.0,-450.0,-390.0,-510.0,-520.0,-580.0,-415.0,-370.0,-460.0,-620.0,-665.0,-610.0,-580.0,-640.0,-750.0,-780.0,-495.0,-465.0,-525.0,-210.0,-240.0,-350.0,-320.0,-380.0,-190.0,-220.0,-485.0,-470.0,-500.0,-265.0,-280.0,0.0,0.0,0.0,0.0,0.0,-435.0,-420.0,-450.0,-330.0,-345.0
2022-05-04 00:00:00+00:00,250.0,325.0,175.0,110.0,35.0,50.0,110.0,-10.0,-15.0,-75.0,80.0,140.0,20.0,185.0,140.0,-5.0,40.0,-50.0,250.0,205.0,-5.0,40.0,-50.0,250.0,205.0,-5.0,40.0,-50.0,250.0,205.0,80.0,110.0,50.0,205.0,175.0,55.0,70.0,40.0,155.0,140.0,55.0,70.0,40.0,155.0,140.0,0.0,0.0,0.0,0.0,0.0,260.0,275.0,245.0,285.0,270.0
2022-05-05 00:00:00+00:00,-305.0,-245.0,-365.0,-510.0,-570.0,-445.0,-370.0,-520.0,-395.0,-470.0,-100.0,-85.0,-115.0,-35.0,-50.0,85.0,115.0,55.0,55.0,25.0,85.0,115.0,55.0,55.0,25.0,275.0,305.0,245.0,235.0,205.0,205.0,265.0,145.0,200.0,140.0,275.0,305.0,245.0,235.0,205.0,260.0,275.0,245.0,150.0,135.0,0.0,0.0,0.0,0.0,0.0,65.0,80.0,50.0,65.0,50.0
2022-05-06 00:00:00+00:00,-85.0,-25.0,-145.0,-310.0,-370.0,-105.0,-75.0,-135.0,-210.0,-240.0,-390.0,-345.0,-435.0,-340.0,-385.0,-455.0,-410.0,-500.0,-195.0,-240.0,-380.0,-335.0,-425.0,-160.0,-205.0,-210.0,-180.0,-240.0,5.0,-25.0,-260.0,-230.0,-290.0,-350.0,-380.0,-130.0,-100.0,-160.0,-75.0,-105.0,90.0,120.0,60.0,295.0,265.0,0.0,0.0,0.0,0.0,0.0,-230.0,-215.0,-245.0,-320.0,-335.0
2022-05-09 00:00:00+00:00,-715.0,-655.0,-775.0,-715.0,-775.0,-355.0,-310.0,-400.0,-465.0,-510.0,-300.0,-270.0,-330.0,-5.0,-35.0,-205.0,-160.0,-250.0,-225.0,-270.0,-180.0,-135.0,-225.0,-275.0,-305.0,-50.0,-20.0,-80.0,115.0,85.0,-335.0,-320.0,-350.0,-60.0,-75.0,-205.0,-190.0,-220.0,15.0,0.0,-205.0,-190.0,-220.0,15.0,0.0,0.0,0.0,0.0,0.0,0.0,-505.0,-490.0,-520.0,-325.0,-340.0
2022-05-10 00:00:00+00:00,-70.0,-25.0,-115.0,-450.0,-495.0,-205.0,-175.0,-235.0,-290.0,-320.0,-250.0,-220.0,-280.0,-225.0,-255.0,-625.0,-580.0,-670.0,-120.0,-165.0,-615.0,-570.0,-660.0,15.0,-30.0,-310.0,-280.0,-340.0,185.0,155.0,-260.0,-215.0,-305.0,-350.0,-395.0,-340.0,-310.0,-370.0,-25.0,-55.0,135.0,165.0,105.0,-35.0,-65.0,0.0,0.0,0.0,0.0,0.0,-505.0,-490.0,-520.0,-700.0,-715.0
2022-05-11 00:00:00+00:00,-130.0,-55.0,-205.0,-320.0,-395.0,-145.0,-85.0,-205.0,-320.0,-380.0,130.0,175.0,85.0,-155.0,-200.0,45.0,90.0,0.0,180.0,135.0,45.0,90.0,0.0,180.0,135.0,0.0,30.0,-30.0,175.0,145.0,-20.0,-5.0,-35.0,45.0,30.0,40.0,55.0,25.0,215.0,200.0,130.0,145.0,115.0,235.0,220.0,0.0,0.0,0.0,0.0,0.0,125.0,140.0,110.0,-15.0,-30.0
2022-05-12 00:00:00+00:00,-875.0,-785.0,-965.0,-475.0,-565.0,-300.0,-225.0,-375.0,-340.0,-415.0,-785.0,-725.0,-845.0,-885.0,-945.0,620.0,695.0,545.0,410.0,335.0,410.0,455.0,365.0,225.0,180.0,45.0,60.0,30.0,5.0,-10.0,340.0,400.0,280.0,420.0,360.0,220.0,250.0,190.0,80.0,50.0,220.0,250.0,190.0,80.0,50.0,0.0,0.0,0.0,0.0,0.0,-320.0,-305.0,-335.0,-160.0,-175.0
2022-05-13 00:00:00+00:00,65.0,140.0,-10.0,-95.0,-170.0,-185.0,-155.0,-215.0,-210.0,-240.0,40.0,100.0,-20.0,160.0,100.0,-90.0,-60.0,-120.0,95.0,65.0,-55.0,-25.0,-85.0,60.0,30.0,-65.0,-50.0,-80.0,-105.0,-120.0,155.0,185.0,125.0,90.0,60.0,155.0,185.0,125.0,90.0,60.0,140.0,155.0,125.0,115.0,100.0,0.0,0.0,0.0,0.0,0.0,55.0,70.0,40.0,100.0,85.0
2022-05-16 00:00:00+00:00,-370.0,-280.0,-460.0,-415.0,-505.0,-565.0,-490.0,-640.0,-610.0,-685.0,-575.0,-485.0,-665.0,-670.0,-760.0,10.0,55.0,-35.0,110.0,65.0,10.0,55.0,-35.0,110.0,65.0,10.0,55.0,-35.0,-35.0,-80.0,35.0,80.0,-10.0,-115.0,-160.0,-20.0,-5.0,-35.0,-105.0,-120.0,55.0,70.0,40.0,-15.0,-30.0,0.0,0.0,0.0,0.0,0.0,-340.0,-325.0,-355.0,-280.0,-295.0
2022-05-17 00:00:00+00:00,225.0,285.0,165.0,25.0,-35.0,555.0,585.0,525.0,480.0,450.0,325.0,340.0,310.0,155.0,140.0,-135.0,-105.0,-165.0,-235.0,-265.0,-135.0,-105.0,-165.0,-235.0,-265.0,130.0,145.0,115.0,225.0,210.0,105.0,120.0,90.0,160.0,145.0,105.0,120.0,90.0,160.0,145.0,105.0,120.0,90.0,160.0,145.0,0.0,0.0,0.0,0.0,0.0,310.0,325.0,295.0,125.0,110.0
2022-05-18 00:00:00+00:00,-265.0,-205.0,-325.0,-165.0,-225.0,-85.0,-55.0,-115.0,-10.0,-40.0,-135.0,-105.0,-165.0,-80.0,-110.0,-665.0,-650.0,-680.0,-540.0,-555.0,-665.0,-650.0,-680.0,-540.0,-555.0,-665.0,-650.0,-680.0,-540.0,-555.0,-665.0,-650.0,-680.0,-540.0,-555.0,-665.0,-650.0,-680.0,-540.0,-555.0,-665.0,-650.0,-680.0,-540.0,-555.0,0.0,0.0,0.0,0.0,0.0,-680.0,-665.0,-695.0,-530.0,-545.0
2022-05-19 00:00:00+00:00,100.0,160.0,40.0,15.0,-30.0,70.0,130.0,10.0,455.0,410.0,580.0,610.0,550.0,640.0,610.0,460.0,505.0,415.0,545.0,500.0,25.0,55.0,-5.0,65.0,35.0,25.0,55.0,-5.0,65.0,35.0,90.0,120.0,60.0,-130.0,-160.0,-125.0,-110.0,-140.0,-195.0,-210.0,-125.0,-110.0,-140.0,-195.0,-210.0,0.0,0.0,0.0,0.0,0.0,730.0,745.0,715.0,765.0,750.0
2022-05-20 00:00:00+00:00,70.0,145.0,-5.0,5.0,-55.0,80.0,125.0,35.0,-190.0,-235.0,-315.0,-240.0,-390.0,-325.0,-400.0,85.0,175.0,-5.0,-155.0,-245.0,270.0,330.0,210.0,5.0,-55.0,240.0,285.0,195.0,35.0,-10.0,180.0,225.0,135.0,-70.0,-115.0,150.0,180.0,120.0,-40.0,-70.0,150.0,180.0,120.0,-40.0,-70.0,0.0,0.0,0.0,0.0,0.0,95.0,110.0,80.0,40.0,25.0
2022-05-23 00:00:00+00:00,820.0,865.0,775.0,790.0,745.0,780.0,810.0,750.0,710.0,680.0,505.0,520.0,490.0,430.0,415.0,-85.0,-40.0,-130.0,215.0,185.0,-85.0,-40.0,-130.0,215.0,185.0,-75.0,-60.0,-90.0,0.0,0.0,140.0,155.0,125.0,315.0,300.0,110.0,125.0,95.0,230.0,215.0,0.0,0.0,0.0,0.0,0.0,0.0,0.0,0.0,0.0,0.0,765.0,780.0,750.0,870.0,855.0
2022-05-24 00:00:00+00:00,340.0,400.0,280.0,495.0,435.0,350.0,380.0,320.0,155.0,125.0,420.0,435.0,405.0,265.0,250.0,245.0,275.0,215.0,335.0,305.0,95.0,110.0,80.0,10.0,-5.0,0.0,0.0,0.0,0.0,0.0,120.0,135.0,105.0,170.0,155.0,120.0,135.0,105.0,170.0,155.0,120.0,135.0,105.0,170.0,155.0,0.0,0.0,0.0,0.0,0.0,640.0,655.0,625.0,580.0,565.0
2022-05-25 00:00:00+00:00,-70.0,-25.0,-115.0,-65.0,-110.0,105.0,120.0,90.0,75.0,60.0,-380.0,-350.0,-410.0,-275.0,-305.0,-650.0,-605.0,-695.0,-530.0,-575.0,-650.0,-605.0,-695.0,-530.0,-575.0,-325.0,-280.0,-370.0,-270.0,-300.0,-520.0,-490.0,-550.0,-320.0,-350.0,-395.0,-365.0,-425.0,-345.0,-375.0,-390.0,-360.0,-420.0,-370.0,-400.0,0.0,0.0,0.0,0.0,0.0,-560.0,-545.0,-575.0,-350.0,-365.0
2022-05-26 00:00:00+00:00,725.0,785.0,665.0,735.0,675.0,1110.0,1140.0,1080.0,845.0,815.0,720.0,750.0,690.0,655.0,625.0,85.0,115.0,55.0,145.0,115.0,15.0,30.0,0.0,145.0,130.0,0.0,0.0,0.0,0.0,0.0,135.0,165.0,105.0,515.0,485.0,140.0,155.0,125.0,205.0,190.0,0.0,0.0,0.0,0.0,0.0,0.0,0.0,0.0,0.0,0.0,1115.0,1130.0,1100.0,1115.0,1100.0
2022-05-27 00:00:00+00:00,-205.0,-145.0,-265.0,-215.0,-275.0,-365.0,-290.0,-440.0,-360.0,-435.0,-155.0,-110.0,-200.0,-235.0,-280.0,140.0,215.0,65.0,-330.0,-405.0,165.0,225.0,105.0,-220.0,-280.0,-55.0,-40.0,-70.0,-135.0,-150.0,65.0,140.0,-10.0,-155.0,-230.0,60.0,105.0,15.0,35.0,-10.0,-145.0,-130.0,-160.0,-155.0,-170.0,0.0,0.0,0.0,0.0,0.0,-280.0,-265.0,-295.0,-220.0,-235.0
2022-05-30 00:00:00+00:00,-80.0,-20.0,-140.0,0.0,-60.0,0.0,45.0,-45.0,-150.0,-180.0,-315.0,-300.0,-330.0,-285.0,-300.0,-410.0,-350.0,-470.0,-345.0,-390.0,-240.0,-195.0,-285.0,-345.0,-390.0,-370.0,-355.0,-385.0,-465.0,-480.0,-375.0,-345.0,-405.0,-255.0,-285.0,-310.0,-280.0,-340.0,-155.0,-185.0,-310.0,-280.0,-340.0,-155.0,-185.0,0.0,0.0,0.0,0.0,0.0,-460.0,-445.0,-475.0,-385.0,-400.0
2022-05-31 00:00:00+00:00,-175.0,-100.0,-250.0,-300.0,-375.0,225.0,240.0,210.0,230.0,215.0,-370.0,-340.0,-400.0,-475.0,-505.0,-865.0,-820.0,-910.0,-1015.0,-1060.0,-980.0,-950.0,-1010.0,-815.0,-830.0,-910.0,-895.0,-925.0,-815.0,-830.0,-660.0,-630.0,-690.0,-525.0,-540.0,-590.0,-575.0,-605.0,-525.0,-540.0,-590.0,-575.0,-605.0,-525.0,-540.0,0.0,0.0,0.0,0.0,0.0,-705.0,-690.0,-720.0,-720.0,-735.0
2022-06-01 00:00:00+00:00,-20.0,40.0,-80.0,-110.0,-170.0,0.0,45.0,-45.0,-150.0,-195.0,-110.0,-80.0,-140.0,-230.0,-260.0,50.0,95.0,5.0,120.0,75.0,60.0,90.0,30.0,40.0,10.0,-170.0,-155.0,-185.0,-230.0,-245.0,-110.0,-95.0,-125.0,50.0,35.0,-95.0,-80.0,-110.0,105.0,90.0,-20.0,-5.0,-35.0,150.0,135.0,0.0,0.0,0.0,0.0,0.0,-5.0,10.0,-20.0,5.0,-10.0
2022-06-02 00:00:00+00:00,-85.0,-25.0,-145.0,-285.0,-330.0,-355.0,-310.0,-400.0,-480.0,-525.0,205.0,265.0,145.0,-55.0,-115.0,275.0,335.0,215.0,450.0,390.0,290.0,350.0,230.0,515.0,455.0,80.0,95.0,65.0,65.0,50.0,275.0,305.0,245.0,345.0,315.0,275.0,305.0,245.0,345.0,315.0,170.0,185.0,155.0,295.0,280.0,0.0,0.0,0.0,0.0,0.0,275.0,290.0,260.0,210.0,195.0
2022-06-03 00:00:00+00:00,-425.0,-350.0,-500.0,-395.0,-455.0,-80.0,-65.0,-95.0,-205.0,-220.0,-180.0,-150.0,-210.0,-250.0,-280.0,-265.0,-220.0,-310.0,-60.0,-105.0,-265.0,-220.0,-310.0,-60.0,-105.0,-180.0,-165.0,-195.0,-100.0,-115.0,-260.0,-230.0,-290.0,-140.0,-170.0,-130.0,-100.0,-160.0,-210.0,-240.0,-40.0,-10.0,-70.0,-80.0,-110.0,0.0,0.0,0.0,0.0,0.0,-580.0,-565.0,-595.0,-455.0,-470.0
2022-06-06 00:00:00+00:00,-150.0,-75.0,-225.0,-210.0,-285.0,-180.0,-120.0,-240.0,-120.0,-180.0,-285.0,-240.0,-330.0,-220.0,-265.0,-55.0,-10.0,-100.0,-140.0,-185.0,-70.0,-40.0,-100.0,-135.0,-165.0,0.0,15.0,-15.0,25.0,10.0,15.0,60.0,-30.0,10.0,-35.0,-65.0,-50.0,-80.0,-70.0,-85.0,-10.0,5.0,-25.0,40.0,25.0,0.0,0.0,0.0,0.0,0.0,-270.0,-255.0,-285.0,-100.0,-115.0
2022-06-07 00:00:00+00:00,-265.0,-220.0,-310.0,-750.0,-795.0,-680.0,-635.0,-725.0,-545.0,-590.0,-730.0,-670.0,-790.0,-85.0,-145.0,-55.0,5.0,-115.0,115.0,55.0,60.0,120.0,0.0,140.0,80.0,105.0,150.0,60.0,190.0,145.0,-45.0,0.0,-90.0,-140.0,-185.0,-45.0,0.0,-90.0,-140.0,-185.0,225.0,270.0,180.0,90.0,45.0,0.0,0.0,0.0,0.0,0.0,-550.0,-535.0,-565.0,-470.0,-485.0
2022-06-08 00:00:00+00:00,-225.0,-150.0,-300.0,65.0,-10.0,30.0,60.0,0.0,60.0,30.0,-190.0,-130.0,-250.0,-210.0,-270.0,-25.0,5.0,-55.0,25.0,-5.0,-25.0,5.0,-55.0,25.0,-5.0,-30.0,0.0,-60.0,30.0,0.0,130.0,160.0,100.0,375.0,345.0,130.0,160.0,100.0,375.0,345.0,260.0,290.0,230.0,275.0,245.0,0.0,0.0,0.0,0.0,0.0,0.0,15.0,-15.0,100.0,85.0
2022-06-09 00:00:00+00:00,-255.0,-165.0,-345.0,5.0,-70.0,-190.0,-115.0,-265.0,50.0,-10.0,65.0,95.0,35.0,-180.0,-210.0,415.0,475.0,355.0,50.0,-10.0,360.0,405.0,315.0,165.0,120.0,0.0,0.0,0.0,0.0,0.0,250.0,280.0,220.0,85.0,55.0,235.0,265.0,205.0,85.0,55.0,0.0,0.0,0.0,0.0,0.0,0.0,0.0,0.0,0.0,0.0,0.0,15.0,-15.0,-160.0,-175.0
2022-06-10 00:00:00+00:00,-270.0,-180.0,-360.0,-340.0,-430.0,-45.0,0.0,-90.0,-270.0,-300.0,155.0,200.0,110.0,-90.0,-120.0,140.0,230.0,50.0,-70.0,-160.0,70.0,130.0,10.0,-220.0,-280.0,-120.0,-105.0,-135.0,-185.0,-200.0,-15.0,15.0,-45.0,10.0,-20.0,-15.0,15.0,-45.0,10.0,-20.0,15.0,45.0,-15.0,-60.0,-90.0,0.0,0.0,0.0,0.0,0.0,5.0,20.0,-10.0,-100.0,-115.0
2022-06-14 00:00:00+00:00,-390.0,-330.0,-450.0,-730.0,-790.0,-640.0,-580.0,-700.0,-250.0,-310.0,-365.0,-335.0,-395.0,45.0,15.0,175.0,235.0,115.0,-45.0,-105.0,325.0,385.0,265.0,-110.0,-170.0,190.0,220.0,160.0,-120.0,-150.0,145.0,190.0,100.0,250.0,205.0,130.0,160.0,100.0,200.0,170.0,130.0,160.0,100.0,200.0,170.0,0.0,0.0,0.0,0.0,0.0,-440.0,-425.0,-455.0,-605.0,-620.0
2022-06-20 00:00:00+00:00,-90.0,-15.0,-165.0,10.0,-65.0,-330.0,-270.0,-390.0,-55.0,-115.0,-265.0,-235.0,-295.0,-215.0,-245.0,-45.0,15.0,-105.0,-110.0,-155.0,-70.0,-25.0,-115.0,-40.0,-70.0,-45.0,-30.0,-60.0,10.0,-5.0,50.0,80.0,20.0,140.0,110.0,85.0,115.0,55.0,145.0,115.0,0.0,0.0,0.0,0.0,0.0,0.0,0.0,0.0,0.0,0.0,275.0,290.0,260.0,445.0,430.0
2022-06-21 00:00:00+00:00,-405.0,-300.0,-510.0,-205.0,-295.0,-340.0,-265.0,-415.0,-240.0,-315.0,-415.0,-370.0,-460.0,-385.0,-430.0,-100.0,-40.0,-160.0,-135.0,-195.0,-180.0,-135.0,-225.0,-90.0,-135.0,-110.0,-80.0,-140.0,-100.0,-130.0,-215.0,-185.0,-245.0,-390.0,-420.0,-195.0,-165.0,-225.0,-225.0,-255.0,-90.0,-60.0,-120.0,-220.0,-250.0,0.0,0.0,0.0,0.0,0.0,-470.0,-455.0,-485.0,-670.0,-685.0
2022-06-22 00:00:00+00:00,-5.0,70.0,-80.0,135.0,60.0,-35.0,25.0,-95.0,5.0,-55.0,345.0,360.0,330.0,355.0,340.0,235.0,265.0,205.0,120.0,90.0,160.0,175.0,145.0,165.0,150.0,0.0,0.0,0.0,0.0,0.0,135.0,150.0,120.0,15.0,0.0,0.0,0.0,0.0,0.0,0.0,0.0,0.0,0.0,0.0,0.0,0.0,0.0,0.0,0.0,0.0,345.0,360.0,330.0,355.0,340.0
2022-06-23 00:00:00+00:00,860.0,905.0,815.0,780.0,750.0,1230.0,1260.0,1200.0,1155.0,1140.0,1420.0,1435.0,1405.0,1255.0,1240.0,120.0,135.0,105.0,145.0,130.0,55.0,70.0,40.0,60.0,45.0,0.0,0.0,0.0,0.0,0.0,0.0,0.0,0.0,0.0,0.0,0.0,0.0,0.0,0.0,0.0,0.0,0.0,0.0,0.0,0.0,0.0,0.0,0.0,0.0,0.0,1420.0,1435.0,1405.0,1255.0,1240.0
2022-06-24 00:00:00+00:00,55.0,145.0,-35.0,-105.0,-195.0,-185.0,-125.0,-245.0,-140.0,-200.0,25.0,70.0,-20.0,175.0,145.0,150.0,210.0,90.0,145.0,85.0,190.0,250.0,130.0,115.0,55.0,45.0,60.0,30.0,-30.0,-45.0,85.0,115.0,55.0,40.0,10.0,105.0,135.0,75.0,70.0,40.0,0.0,0.0,0.0,0.0,0.0,0.0,0.0,0.0,0.0,0.0,85.0,100.0,70.0,170.0,155.0
2022-06-27 00:00:00+00:00,-25.0,20.0,-70.0,-30.0,-75.0,85.0,115.0,55.0,-85.0,-115.0,-75.0,-45.0,-105.0,5.0,-25.0,-75.0,-15.0,-135.0,10.0,-50.0,155.0,215.0,95.0,-65.0,-125.0,160.0,205.0,115.0,150.0,105.0,30.0,75.0,-15.0,-60.0,-105.0,35.0,65.0,5.0,155.0,125.0,135.0,165.0,105.0,135.0,105.0,0.0,0.0,0.0,0.0,0.0,-50.0,-35.0,-65.0,-25.0,-40.0
2022-06-28 00:00:00+00:00,-130.0,-70.0,-190.0,15.0,-45.0,-105.0,-45.0,-165.0,20.0,-40.0,-185.0,-140.0,-230.0,-245.0,-290.0,-85.0,-55.0,-115.0,-105.0,-135.0,40.0,70.0,10.0,95.0,65.0,0.0,0.0,0.0,0.0,0.0,-20.0,-5.0,-35.0,65.0,50.0,90.0,105.0,75.0,100.0,85.0,75.0,90.0,60.0,65.0,50.0,0.0,0.0,0.0,0.0,0.0,5.0,20.0,-10.0,15.0,0.0
2022-06-29 00:00:00+00:00,-85.0,5.0,-175.0,240.0,150.0,125.0,200.0,50.0,170.0,95.0,-20.0,40.0,-80.0,15.0,-45.0,-145.0,-100.0,-190.0,-255.0,-300.0,-220.0,-190.0,-250.0,-205.0,-235.0,-45.0,-15.0,-75.0,5.0,-25.0,-160.0,-145.0,-175.0,-75.0,-90.0,-160.0,-145.0,-175.0,-75.0,-90.0,-160.0,-145.0,-175.0,-75.0,-90.0,0.0,0.0,0.0,0.0,0.0,-50.0,-35.0,-65.0,0.0,-15.0
2022-06-30 00:00:00+00:00,95.0,140.0,50.0,125.0,80.0,-520.0,-460.0,-580.0,-455.0,-515.0,-355.0,-325.0,-385.0,-305.0,-335.0,-440.0,-380.0,-500.0,-565.0,-625.0,-355.0,-325.0,-385.0,-170.0,-200.0,85.0,115.0,55.0,115.0,85.0,-155.0,-110.0,-200.0,-40.0,-85.0,60.0,90.0,30.0,295.0,265.0,295.0,325.0,265.0,345.0,315.0,0.0,0.0,0.0,0.0,0.0,-595.0,-580.0,-610.0,-505.0,-520.0
2022-07-01 00:00:00+00:00,105.0,165.0,45.0,-610.0,-670.0,-5.0,55.0,-65.0,-180.0,-225.0,-200.0,-170.0,-230.0,-325.0,-355.0,170.0,230.0,110.0,345.0,285.0,160.0,205.0,115.0,190.0,145.0,0.0,0.0,0.0,0.0,0.0,-330.0,-300.0,-360.0,-265.0,-295.0,-390.0,-375.0,-405.0,-395.0,-410.0,-400.0,-385.0,-415.0,-390.0,-405.0,0.0,0.0,0.0,0.0,0.0,-310.0,-295.0,-325.0,-460.0,-475.0
2022-07-04 00:00:00+00:00,240.0,300.0,180.0,260.0,200.0,400.0,430.0,370.0,315.0,285.0,570.0,585.0,555.0,455.0,440.0,200.0,245.0,155.0,400.0,355.0,130.0,160.0,100.0,350.0,320.0,0.0,0.0,0.0,0.0,0.0,315.0,345.0,285.0,110.0,95.0,315.0,345.0,285.0,110.0,95.0,0.0,0.0,0.0,0.0,0.0,0.0,0.0,0.0,0.0,0.0,670.0,685.0,655.0,675.0,660.0
2022-07-05 00:00:00+00:00,-415.0,-340.0,-490.0,-50.0,-125.0,-275.0,-215.0,-335.0,-300.0,-360.0,70.0,85.0,55.0,-5.0,-20.0,100.0,175.0,25.0,-460.0,-535.0,90.0,135.0,45.0,-100.0,-145.0,-260.0,-245.0,-275.0,-435.0,-450.0,-265.0,-235.0,-295.0,-345.0,-375.0,-185.0,-155.0,-215.0,-435.0,-465.0,-120.0,-90.0,-150.0,-400.0,-430.0,0.0,0.0,0.0,0.0,0.0,-255.0,-240.0,-270.0,-455.0,-470.0
2022-07-06 00:00:00+00:00,-20.0,55.0,-95.0,-135.0,-210.0,25.0,55.0,-5.0,100.0,85.0,-115.0,-85.0,-145.0,85.0,55.0,205.0,265.0,145.0,55.0,-5.0,-15.0,15.0,-45.0,-225.0,-255.0,-60.0,-45.0,-75.0,-75.0,-90.0,-75.0,-45.0,-105.0,115.0,85.0,-75.0,-45.0,-105.0,115.0,85.0,-395.0,-380.0,-410.0,-225.0,-240.0,0.0,0.0,0.0,0.0,0.0,-65.0,-50.0,-80.0,140.0,125.0
2022-07-07 00:00:00+00:00,-380.0,-305.0,-455.0,165.0,90.0,-110.0,-80.0,-140.0,-325.0,-355.0,-425.0,-380.0,-470.0,-415.0,-460.0,-40.0,-10.0,-70.0,110.0,80.0,-40.0,-10.0,-70.0,110.0,80.0,-40.0,-10.0,-70.0,110.0,80.0,215.0,260.0,170.0,420.0,390.0,255.0,300.0,210.0,385.0,355.0,385.0,415.0,355.0,145.0,130.0,0.0,0.0,0.0,0.0,0.0,135.0,150.0,120.0,260.0,245.0
2022-07-08 00:00:00+00:00,680.0,725.0,635.0,385.0,340.0,645.0,675.0,615.0,340.0,325.0,345.0,360.0,330.0,255.0,240.0,-80.0,-50.0,-110.0,320.0,290.0,-80.0,-50.0,-110.0,320.0,290.0,-110.0,-95.0,-125.0,220.0,205.0,255.0,285.0,225.0,405.0,375.0,315.0,345.0,285.0,380.0,350.0,0.0,0.0,0.0,0.0,0.0,0.0,0.0,0.0,0.0,0.0,690.0,705.0,675.0,770.0,755.0
2022-07-11 00:00:00+00:00,-45.0,30.0,-120.0,-350.0,-425.0,320.0,380.0,260.0,-90.0,-135.0,255.0,285.0,225.0,-10.0,-40.0,20.0,80.0,-40.0,195.0,150.0,20.0,80.0,-40.0,195.0,150.0,10.0,25.0,-5.0,45.0,30.0,-5.0,40.0,-50.0,235.0,205.0,-210.0,-195.0,-225.0,0.0,0.0,0.0,0.0,0.0,0.0,0.0,0.0,0.0,0.0,0.0,0.0,30.0,45.0,15.0,-235.0,-250.0
2022-07-12 00:00:00+00:00,340.0,370.0,310.0,200.0,170.0,-30.0,15.0,-75.0,-130.0,-160.0,-755.0,-710.0,-800.0,-610.0,-655.0,-470.0,-440.0,-500.0,-320.0,-350.0,-400.0,-370.0,-430.0,-375.0,-405.0,-110.0,-80.0,-140.0,115.0,85.0,85.0,115.0,55.0,265.0,235.0,155.0,185.0,125.0,335.0,305.0,155.0,185.0,125.0,335.0,305.0,0.0,0.0,0.0,0.0,0.0,-200.0,-185.0,-215.0,-180.0,-195.0
2022-07-13 00:00:00+00:00,-325.0,-235.0,-415.0,-390.0,-480.0,-15.0,15.0,-45.0,30.0,0.0,-225.0,-195.0,-255.0,-295.0,-325.0,20.0,80.0,-40.0,-120.0,-165.0,-5.0,40.0,-50.0,-65.0,-95.0,-95.0,-80.0,-110.0,-130.0,-145.0,30.0,75.0,-15.0,-50.0,-80.0,-115.0,-100.0,-130.0,-135.0,-150.0,-115.0,-100.0,-130.0,-135.0,-150.0,0.0,0.0,0.0,0.0,0.0,40.0,55.0,25.0,-10.0,-25.0
2022-07-14 00:00:00+00:00,-70.0,-10.0,-130.0,-620.0,-680.0,-345.0,-285.0,-405.0,-365.0,-425.0,-115.0,-100.0,-130.0,-555.0,-570.0,-375.0,-315.0,-435.0,15.0,-45.0,-425.0,-380.0,-470.0,10.0,-35.0,-425.0,-380.0,-470.0,10.0,-35.0,-605.0,-575.0,-635.0,-615.0,-645.0,-560.0,-530.0,-590.0,-165.0,-195.0,-620.0,-605.0,-635.0,-210.0,-225.0,0.0,0.0,0.0,0.0,0.0,-530.0,-515.0,-545.0,-645.0,-660.0
2022-07-15 00:00:00+00:00,-235.0,-145.0,-325.0,-295.0,-385.0,180.0,240.0,120.0,20.0,-40.0,30.0,90.0,-30.0,-110.0,-170.0,170.0,200.0,140.0,220.0,190.0,170.0,200.0,140.0,220.0,190.0,-115.0,-100.0,-130.0,-25.0,-40.0,-10.0,5.0,-25.0,95.0,80.0,110.0,125.0,95.0,170.0,155.0,110.0,125.0,95.0,170.0,155.0,0.0,0.0,0.0,0.0,0.0,355.0,370.0,340.0,255.0,240.0
2022-07-18 00:00:00+00:00,20.0,110.0,-70.0,260.0,170.0,-35.0,10.0,-80.0,-45.0,-90.0,170.0,215.0,125.0,-20.0,-65.0,-55.0,-10.0,-100.0,180.0,135.0,-115.0,-85.0,-145.0,245.0,215.0,-25.0,-10.0,-40.0,185.0,170.0,135.0,165.0,105.0,145.0,115.0,20.0,35.0,5.0,20.0,5.0,65.0,80.0,50.0,145.0,130.0,0.0,0.0,0.0,0.0,0.0,170.0,185.0,155.0,125.0,110.0
2022-07-19 00:00:00+00:00,420.0,465.0,375.0,370.0,325.0,615.0,645.0,585.0,515.0,485.0,500.0,515.0,485.0,590.0,575.0,115.0,145.0,85.0,-115.0,-145.0,180.0,210.0,150.0,-10.0,-40.0,90.0,105.0,75.0,-130.0,-145.0,-35.0,-20.0,-50.0,55.0,40.0,-35.0,-20.0,-50.0,55.0,40.0,-10.0,5.0,-25.0,-55.0,-70.0,0.0,0.0,0.0,0.0,0.0,505.0,520.0,490.0,550.0,535.0
2022-07-20 00:00:00+00:00,-600.0,-525.0,-675.0,-845.0,-905.0,-270.0,-195.0,-345.0,-330.0,-405.0,-495.0,-435.0,-555.0,-690.0,-750.0,-290.0,-230.0,-350.0,0.0,-60.0,-20.0,25.0,-65.0,150.0,105.0,-20.0,25.0,-65.0,150.0,105.0,-325.0,-265.0,-385.0,125.0,65.0,-350.0,-305.0,-395.0,50.0,5.0,-90.0,-75.0,-105.0,130.0,115.0,0.0,0.0,0.0,0.0,0.0,-545.0,-530.0,-560.0,-550.0,-565.0
2022-07-21 00:00:00+00:00,-85.0,-25.0,-145.0,-120.0,-180.0,-340.0,-265.0,-415.0,-580.0,-655.0,-285.0,-240.0,-330.0,-315.0,-360.0,-105.0,-60.0,-150.0,270.0,240.0,80.0,95.0,65.0,225.0,210.0,80.0,95.0,65.0,225.0,210.0,80.0,95.0,65.0,225.0,210.0,80.0,95.0,65.0,225.0,210.0,80.0,95.0,65.0,225.0,210.0,0.0,0.0,0.0,0.0,0.0,-180.0,-165.0,-195.0,-15.0,-30.0
2022-07-22 00:00:00+00:00,-190.0,-115.0,-265.0,-265.0,-340.0,-215.0,-140.0,-290.0,-145.0,-220.0,170.0,215.0,125.0,160.0,115.0,140.0,185.0,95.0,310.0,265.0,105.0,135.0,75.0,75.0,45.0,85.0,100.0,70.0,5.0,-10.0,300.0,345.0,255.0,-5.0,-50.0,85.0,100.0,70.0,45.0,30.0,0.0,0.0,0.0,0.0,0.0,0.0,0.0,0.0,0.0,0.0,290.0,305.0,275.0,325.0,310.0
2022-07-25 00:00:00+00:00,310.0,370.0,250.0,160.0,100.0,485.0,515.0,455.0,315.0,285.0,465.0,480.0,450.0,405.0,390.0,5.0,20.0,-10.0,60.0,45.0,5.0,20.0,-10.0,60.0,45.0,0.0,0.0,0.0,0.0,0.0,0.0,0.0,0.0,0.0,0.0,0.0,0.0,0.0,0.0,0.0,0.0,0.0,0.0,0.0,0.0,0.0,0.0,0.0,0.0,0.0,465.0,480.0,450.0,405.0,390.0
2022-07-26 00:00:00+00:00,5.0,50.0,-40.0,-100.0,-145.0,80.0,125.0,35.0,-220.0,-265.0,-25.0,5.0,-55.0,-45.0,-75.0,-50.0,10.0,-110.0,-65.0,-125.0,-160.0,-130.0,-190.0,10.0,-20.0,-135.0,-120.0,-150.0,0.0,-15.0,-30.0,0.0,-60.0,55.0,25.0,15.0,45.0,-15.0,120.0,90.0,190.0,220.0,160.0,285.0,255.0,0.0,0.0,0.0,0.0,0.0,0.0,15.0,-15.0,-110.0,-125.0
2022-07-27 00:00:00+00:00,-190.0,-115.0,-265.0,-265.0,-340.0,-200.0,-125.0,-275.0,-225.0,-285.0,-145.0,-85.0,-205.0,-130.0,-175.0,-50.0,40.0,-140.0,-170.0,-260.0,-70.0,-25.0,-115.0,-35.0,-80.0,-20.0,25.0,-65.0,-75.0,-120.0,-20.0,55.0,-95.0,-180.0,-255.0,-20.0,55.0,-95.0,-180.0,-255.0,0.0,30.0,-30.0,-150.0,-180.0,0.0,0.0,0.0,0.0,0.0,-170.0,-155.0,-185.0,-150.0,-165.0
2022-07-28 00:00:00+00:00,-80.0,-20.0,-140.0,-60.0,-120.0,-80.0,-20.0,-140.0,-330.0,-390.0,-45.0,-15.0,-75.0,-100.0,-130.0,-70.0,-25.0,-115.0,75.0,30.0,-70.0,-25.0,-115.0,75.0,30.0,40.0,70.0,10.0,80.0,50.0,-15.0,30.0,-60.0,70.0,25.0,-5.0,25.0,-35.0,70.0,40.0,-50.0,-35.0,-65.0,20.0,5.0,0.0,0.0,0.0,0.0,0.0,-60.0,-45.0,-75.0,-35.0,-50.0
2022-07-29 00:00:00+00:00,215.0,260.0,170.0,70.0,25.0,90.0,105.0,75.0,-20.0,-35.0,-95.0,-50.0,-140.0,-110.0,-155.0,-55.0,-25.0,-85.0,35.0,5.0,20.0,50.0,-10.0,100.0,70.0,20.0,50.0,-10.0,100.0,70.0,-20.0,10.0,-50.0,25.0,-5.0,-20.0,10.0,-50.0,25.0,-5.0,55.0,85.0,25.0,90.0,60.0,0.0,0.0,0.0,0.0,0.0,-35.0,-20.0,-50.0,-30.0,-45.0
2022-08-01 00:00:00+00:00,145.0,235.0,55.0,135.0,45.0,260.0,305.0,215.0,235.0,190.0,205.0,265.0,145.0,175.0,115.0,10.0,70.0,-50.0,-50.0,-110.0,-10.0,35.0,-55.0,-55.0,-100.0,0.0,0.0,0.0,0.0,0.0,105.0,150.0,60.0,35.0,-10.0,55.0,85.0,25.0,60.0,30.0,0.0,0.0,0.0,0.0,0.0,0.0,0.0,0.0,0.0,0.0,435.0,450.0,420.0,345.0,330.0
2022-08-02 00:00:00+00:00,-140.0,-65.0,-215.0,105.0,45.0,-5.0,40.0,-50.0,-45.0,-90.0,-140.0,-95.0,-185.0,-85.0,-130.0,-20.0,40.0,-80.0,-230.0,-290.0,0.0,60.0,-60.0,-135.0,-195.0,15.0,60.0,-30.0,5.0,-40.0,-35.0,10.0,-80.0,-105.0,-150.0,-120.0,-90.0,-150.0,-140.0,-170.0,-150.0,-135.0,-165.0,-180.0,-195.0,0.0,0.0,0.0,0.0,0.0,-80.0,-65.0,-95.0,-135.0,-150.0
2022-08-03 00:00:00+00:00,135.0,195.0,75.0,135.0,75.0,15.0,75.0,-45.0,-85.0,-145.0,255.0,285.0,225.0,165.0,135.0,-20.0,25.0,-65.0,85.0,40.0,-5.0,40.0,-50.0,80.0,35.0,30.0,60.0,0.0,65.0,35.0,10.0,40.0,-20.0,-5.0,-35.0,-40.0,-25.0,-55.0,30.0,15.0,25.0,40.0,10.0,35.0,20.0,0.0,0.0,0.0,0.0,0.0,230.0,245.0,215.0,230.0,215.0
2022-08-04 00:00:00+00:00,220.0,250.0,190.0,420.0,390.0,415.0,430.0,400.0,360.0,345.0,160.0,175.0,145.0,100.0,85.0,-165.0,-135.0,-195.0,-125.0,-155.0,-110.0,-80.0,-140.0,-120.0,-150.0,-30.0,0.0,-60.0,-60.0,-90.0,-110.0,-80.0,-140.0,-170.0,-200.0,-10.0,20.0,-40.0,-60.0,-90.0,-115.0,-100.0,-130.0,-185.0,-200.0,0.0,0.0,0.0,0.0,0.0,230.0,245.0,215.0,150.0,135.0
2022-08-05 00:00:00+00:00,-135.0,-30.0,-240.0,-90.0,-195.0,-140.0,-65.0,-215.0,-30.0,-105.0,-185.0,-125.0,-245.0,-75.0,-135.0,35.0,125.0,-55.0,-45.0,-135.0,20.0,65.0,-25.0,45.0,0.0,50.0,65.0,35.0,40.0,25.0,-15.0,45.0,-75.0,115.0,55.0,60.0,105.0,15.0,95.0,50.0,195.0,225.0,165.0,110.0,80.0,0.0,0.0,0.0,0.0,0.0,110.0,125.0,95.0,170.0,155.0
2022-08-08 00:00:00+00:00,210.0,240.0,180.0,195.0,165.0,115.0,145.0,85.0,165.0,135.0,215.0,245.0,185.0,420.0,390.0,90.0,135.0,45.0,140.0,95.0,90.0,135.0,45.0,140.0,95.0,-10.0,5.0,-25.0,130.0,115.0,130.0,160.0,100.0,15.0,-15.0,75.0,90.0,60.0,15.0,0.0,100.0,115.0,85.0,45.0,30.0,0.0,0.0,0.0,0.0,0.0,350.0,365.0,335.0,395.0,380.0
2022-08-09 00:00:00+00:00,-125.0,-65.0,-185.0,-365.0,-425.0,-260.0,-215.0,-305.0,-220.0,-265.0,-85.0,-40.0,-130.0,-175.0,-220.0,-305.0,-245.0,-365.0,-150.0,-195.0,-320.0,-260.0,-380.0,-185.0,-230.0,-35.0,-5.0,-65.0,-135.0,-165.0,-120.0,-90.0,-150.0,-215.0,-245.0,-165.0,-150.0,-180.0,-185.0,-200.0,-180.0,-165.0,-195.0,-220.0,-235.0,0.0,0.0,0.0,0.0,0.0,-490.0,-475.0,-505.0,-560.0,-575.0
2022-08-10 00:00:00+00:00,20.0,65.0,-25.0,-105.0,-150.0,-175.0,-115.0,-235.0,-235.0,-295.0,-295.0,-235.0,-355.0,-290.0,-350.0,-115.0,-85.0,-145.0,-5.0,-35.0,-80.0,-50.0,-110.0,20.0,-10.0,-80.0,-50.0,-110.0,20.0,-10.0,20.0,65.0,-25.0,110.0,65.0,-20.0,10.0,-50.0,65.0,35.0,25.0,55.0,-5.0,85.0,55.0,0.0,0.0,0.0,0.0,0.0,-65.0,-50.0,-80.0,-115.0,-130.0
2022-08-11 00:00:00+00:00,-5.0,70.0,-80.0,-50.0,-125.0,200.0,245.0,155.0,235.0,190.0,280.0,310.0,250.0,260.0,230.0,50.0,95.0,5.0,165.0,135.0,25.0,40.0,10.0,50.0,35.0,0.0,0.0,0.0,0.0,0.0,65.0,80.0,50.0,-10.0,-25.0,0.0,0.0,0.0,0.0,0.0,0.0,0.0,0.0,0.0,0.0,0.0,0.0,0.0,0.0,0.0,300.0,315.0,285.0,295.0,280.0
2022-08-12 00:00:00+00:00,-440.0,-365.0,-515.0,-175.0,-250.0,-325.0,-295.0,-355.0,-315.0,-345.0,-215.0,-185.0,-245.0,-230.0,-260.0,-5.0,70.0,-80.0,80.0,5.0,45.0,105.0,-15.0,-55.0,-115.0,45.0,105.0,-15.0,-55.0,-115.0,-120.0,-90.0,-150.0,-155.0,-185.0,-120.0,-90.0,-150.0,-155.0,-185.0,-150.0,-135.0,-165.0,-85.0,-100.0,0.0,0.0,0.0,0.0,0.0,-310.0,-295.0,-325.0,-235.0,-250.0
2022-08-15 00:00:00+00:00,-140.0,-80.0,-200.0,-85.0,-145.0,-120.0,-90.0,-150.0,-110.0,-140.0,-90.0,-60.0,-120.0,-185.0,-215.0,-50.0,10.0,-110.0,5.0,-40.0,-20.0,25.0,-65.0,5.0,-40.0,-15.0,30.0,-60.0,5.0,-40.0,-85.0,-55.0,-115.0,-50.0,-80.0,-55.0,-25.0,-85.0,-55.0,-85.0,-5.0,25.0,-35.0,60.0,30.0,0.0,0.0,0.0,0.0,0.0,-255.0,-240.0,-270.0,-300.0,-315.0
2022-08-16 00:00:00+00:00,180.0,225.0,135.0,65.0,20.0,-130.0,-100.0,-160.0,-215.0,-245.0,-110.0,-80.0,-140.0,-10.0,-40.0,-30.0,0.0,-60.0,200.0,170.0,85.0,115.0,55.0,195.0,165.0,85.0,115.0,55.0,195.0,165.0,-40.0,-10.0,-70.0,235.0,205.0,75.0,105.0,45.0,230.0,200.0,75.0,105.0,45.0,230.0,200.0,0.0,0.0,0.0,0.0,0.0,-95.0,-80.0,-110.0,5.0,-10.0
2022-08-17 00:00:00+00:00,-380.0,-320.0,-440.0,-140.0,-200.0,-85.0,-55.0,-115.0,40.0,10.0,0.0,0.0,0.0,0.0,0.0,-375.0,-315.0,-435.0,-620.0,-680.0,-350.0,-290.0,-410.0,-580.0,-640.0,-265.0,-250.0,-280.0,-430.0,-445.0,-555.0,-525.0,-585.0,-690.0,-720.0,-555.0,-525.0,-585.0,-690.0,-720.0,-590.0,-575.0,-605.0,-575.0,-590.0,0.0,0.0,0.0,0.0,0.0,-655.0,-640.0,-670.0,-640.0,-655.0
2022-08-18 00:00:00+00:00,55.0,115.0,-5.0,20.0,-40.0,260.0,290.0,230.0,255.0,225.0,200.0,230.0,170.0,210.0,180.0,165.0,210.0,120.0,75.0,45.0,35.0,50.0,20.0,65.0,50.0,0.0,0.0,0.0,0.0,0.0,100.0,130.0,70.0,65.0,50.0,55.0,70.0,40.0,65.0,50.0,0.0,0.0,0.0,0.0,0.0,0.0,0.0,0.0,0.0,0.0,320.0,335.0,305.0,340.0,325.0
2022-08-19 00:00:00+00:00,-215.0,-155.0,-275.0,-345.0,-405.0,-70.0,-40.0,-100.0,-170.0,-200.0,-130.0,-115.0,-145.0,-175.0,-190.0,-325.0,-265.0,-385.0,-145.0,-205.0,-330.0,-285.0,-375.0,-115.0,-160.0,-100.0,-55.0,-145.0,-15.0,-60.0,-70.0,-25.0,-115.0,-200.0,-245.0,-90.0,-60.0,-120.0,-10.0,-40.0,-90.0,-60.0,-120.0,-10.0,-40.0,0.0,0.0,0.0,0.0,0.0,-295.0,-280.0,-310.0,-300.0,-315.0
2022-08-22 00:00:00+00:00,-320.0,-215.0,-425.0,60.0,-30.0,-175.0,-130.0,-220.0,90.0,45.0,-210.0,-150.0,-270.0,-170.0,-215.0,35.0,95.0,-25.0,-140.0,-200.0,115.0,175.0,55.0,30.0,-30.0,45.0,75.0,15.0,110.0,80.0,315.0,345.0,285.0,215.0,185.0,170.0,185.0,155.0,180.0,165.0,170.0,185.0,155.0,180.0,165.0,0.0,0.0,0.0,0.0,0.0,-20.0,-5.0,-35.0,10.0,-5.0
2022-08-23 00:00:00+00:00,-300.0,-240.0,-360.0,-580.0,-640.0,-555.0,-525.0,-585.0,-585.0,-615.0,-215.0,-170.0,-260.0,-170.0,-200.0,-70.0,-10.0,-130.0,115.0,55.0,125.0,185.0,65.0,335.0,275.0,105.0,120.0,90.0,245.0,230.0,175.0,220.0,130.0,390.0,345.0,310.0,355.0,265.0,450.0,405.0,255.0,285.0,225.0,285.0,255.0,0.0,0.0,0.0,0.0,0.0,-185.0,-170.0,-200.0,-75.0,-90.0
2022-08-24 00:00:00+00:00,70.0,130.0,10.0,-230.0,-290.0,15.0,60.0,-30.0,-75.0,-120.0,-190.0,-145.0,-235.0,-190.0,-235.0,-145.0,-115.0,-175.0,65.0,35.0,-145.0,-115.0,-175.0,65.0,35.0,30.0,45.0,15.0,135.0,120.0,90.0,120.0,60.0,200.0,170.0,250.0,280.0,220.0,255.0,225.0,250.0,280.0,220.0,255.0,225.0,0.0,0.0,0.0,0.0,0.0,60.0,75.0,45.0,100.0,85.0
2022-08-25 00:00:00+00:00,-60.0,15.0,-135.0,-80.0,-155.0,-225.0,-180.0,-270.0,-275.0,-320.0,0.0,30.0,-30.0,-30.0,-60.0,-540.0,-495.0,-585.0,-540.0,-585.0,-590.0,-575.0,-605.0,-565.0,-580.0,-520.0,-505.0,-535.0,-565.0,-580.0,-530.0,-515.0,-545.0,-420.0,-435.0,-460.0,-445.0,-475.0,-420.0,-435.0,-460.0,-445.0,-475.0,-420.0,-435.0,0.0,0.0,0.0,0.0,0.0,-510.0,-495.0,-525.0,-440.0,-455.0
2022-08-26 00:00:00+00:00,-300.0,-195.0,-405.0,-65.0,-170.0,-105.0,-45.0,-165.0,-80.0,-140.0,-165.0,-135.0,-195.0,-115.0,-145.0,45.0,120.0,-30.0,185.0,110.0,210.0,285.0,135.0,185.0,110.0,155.0,185.0,125.0,-30.0,-60.0,185.0,260.0,110.0,-50.0,-125.0,135.0,180.0,90.0,-20.0,-65.0,135.0,180.0,90.0,-20.0,-65.0,0.0,0.0,0.0,0.0,0.0,55.0,70.0,40.0,145.0,130.0
2022-08-29 00:00:00+00:00,-235.0,-160.0,-310.0,50.0,-10.0,-425.0,-365.0,-485.0,-215.0,-275.0,-230.0,-170.0,-290.0,-140.0,-200.0,150.0,210.0,90.0,205.0,145.0,190.0,235.0,145.0,150.0,105.0,230.0,275.0,185.0,160.0,115.0,145.0,190.0,100.0,180.0,135.0,90.0,120.0,60.0,145.0,115.0,205.0,235.0,175.0,145.0,115.0,0.0,0.0,0.0,0.0,0.0,60.0,75.0,45.0,120.0,105.0
2022-08-30 00:00:00+00:00,-410.0,-305.0,-515.0,-125.0,-230.0,-320.0,-260.0,-380.0,-115.0,-175.0,-120.0,-90.0,-150.0,-165.0,-195.0,25.0,85.0,-35.0,-180.0,-240.0,95.0,155.0,35.0,25.0,-20.0,35.0,50.0,20.0,50.0,35.0,-220.0,-175.0,-265.0,-90.0,-135.0,-115.0,-85.0,-145.0,-20.0,-50.0,-140.0,-125.0,-155.0,-245.0,-260.0,0.0,0.0,0.0,0.0,0.0,-135.0,-120.0,-150.0,-160.0,-175.0
2022-08-31 00:00:00+00:00,-135.0,-60.0,-210.0,-80.0,-155.0,290.0,335.0,245.0,205.0,160.0,120.0,135.0,105.0,170.0,155.0,55.0,100.0,10.0,-5.0,-50.0,-100.0,-85.0,-115.0,-130.0,-145.0,-100.0,-85.0,-115.0,-130.0,-145.0,-20.0,-5.0,-35.0,10.0,-5.0,50.0,65.0,35.0,80.0,65.0,50.0,65.0,35.0,80.0,65.0,0.0,0.0,0.0,0.0,0.0,80.0,95.0,65.0,175.0,160.0
2022-09-01 00:00:00+00:00,335.0,395.0,275.0,375.0,315.0,220.0,280.0,160.0,315.0,255.0,55.0,100.0,10.0,155.0,110.0,50.0,95.0,5.0,-125.0,-170.0,170.0,215.0,125.0,-20.0,-65.0,0.0,0.0,0.0,0.0,0.0,150.0,210.0,90.0,-40.0,-100.0,175.0,220.0,130.0,-140.0,-185.0,0.0,0.0,0.0,0.0,0.0,0.0,0.0,0.0,0.0,0.0,460.0,475.0,445.0,410.0,395.0
2022-09-02 00:00:00+00:00,-255.0,-180.0,-330.0,-105.0,-180.0,-335.0,-290.0,-380.0,-365.0,-410.0,-355.0,-325.0,-385.0,-230.0,-260.0,-180.0,-120.0,-240.0,25.0,-35.0,-180.0,-120.0,-240.0,25.0,-35.0,-115.0,-85.0,-145.0,85.0,55.0,210.0,255.0,165.0,255.0,210.0,210.0,255.0,165.0,205.0,160.0,250.0,280.0,220.0,215.0,185.0,0.0,0.0,0.0,0.0,0.0,-65.0,-50.0,-80.0,-5.0,-20.0
2022-09-05 00:00:00+00:00,-95.0,-50.0,-140.0,-195.0,-240.0,-245.0,-200.0,-290.0,-220.0,-265.0,-380.0,-335.0,-425.0,-30.0,-75.0,-355.0,-310.0,-400.0,185.0,140.0,-240.0,-195.0,-285.0,180.0,135.0,85.0,115.0,55.0,145.0,115.0,65.0,95.0,35.0,-150.0,-180.0,35.0,65.0,5.0,-225.0,-255.0,-155.0,-140.0,-170.0,-290.0,-305.0,0.0,0.0,0.0,0.0,0.0,-260.0,-245.0,-275.0,-185.0,-200.0
2022-09-06 00:00:00+00:00,15.0,75.0,-45.0,70.0,10.0,-70.0,-25.0,-115.0,-45.0,-90.0,355.0,370.0,340.0,155.0,140.0,-185.0,-140.0,-230.0,195.0,165.0,-185.0,-140.0,-230.0,225.0,195.0,-190.0,-175.0,-205.0,0.0,0.0,-190.0,-160.0,-220.0,20.0,-10.0,-165.0,-135.0,-195.0,195.0,180.0,-165.0,-135.0,-195.0,195.0,180.0,0.0,0.0,0.0,0.0,0.0,-35.0,-20.0,-50.0,205.0,190.0
2022-09-07 00:00:00+00:00,-625.0,-520.0,-730.0,-370.0,-475.0,-590.0,-500.0,-680.0,-45.0,-135.0,-595.0,-475.0,-715.0,-160.0,-280.0,185.0,260.0,110.0,70.0,-5.0,195.0,255.0,135.0,60.0,0.0,0.0,0.0,0.0,0.0,0.0,115.0,175.0,55.0,-85.0,-145.0,0.0,0.0,0.0,0.0,0.0,0.0,0.0,0.0,0.0,0.0,0.0,0.0,0.0,0.0,0.0,-300.0,-285.0,-315.0,-55.0,-70.0
2022-09-08 00:00:00+00:00,-170.0,-80.0,-260.0,35.0,-55.0,-65.0,-5.0,-125.0,-15.0,-75.0,-285.0,-225.0,-345.0,-100.0,-160.0,-45.0,30.0,-120.0,-210.0,-285.0,-55.0,-10.0,-100.0,-150.0,-195.0,105.0,120.0,90.0,-65.0,-80.0,200.0,230.0,170.0,-10.0,-40.0,115.0,130.0,100.0,20.0,5.0,0.0,0.0,0.0,0.0,0.0,0.0,0.0,0.0,0.0,0.0,-10.0,5.0,-25.0,-40.0,-55.0
2022-09-19 00:00:00+00:00,-275.0,-230.0,-320.0,20.0,-25.0,20.0,35.0,5.0,105.0,90.0,-40.0,-10.0,-70.0,55.0,25.0,20.0,65.0,-25.0,-110.0,-140.0,20.0,65.0,-25.0,-110.0,-140.0,-100.0,-70.0,-130.0,-85.0,-115.0,-235.0,-220.0,-250.0,-305.0,-320.0,-235.0,-220.0,-250.0,-305.0,-320.0,-235.0,-220.0,-250.0,-305.0,-320.0,0.0,0.0,0.0,0.0,0.0,-120.0,-105.0,-135.0,-130.0,-145.0
2022-09-20 00:00:00+00:00,-345.0,-285.0,-405.0,-100.0,-160.0,-30.0,0.0,-60.0,-40.0,-70.0,-200.0,-155.0,-245.0,-215.0,-260.0,-195.0,-150.0,-240.0,-315.0,-360.0,-125.0,-95.0,-155.0,-45.0,-75.0,35.0,65.0,5.0,135.0,105.0,-260.0,-245.0,-275.0,-295.0,-310.0,-245.0,-230.0,-260.0,-205.0,-220.0,-100.0,-85.0,-115.0,-115.0,-130.0,0.0,0.0,0.0,0.0,0.0,-350.0,-335.0,-365.0,-435.0,-450.0
2022-09-21 00:00:00+00:00,125.0,185.0,65.0,125.0,80.0,5.0,65.0,-55.0,-70.0,-130.0,-195.0,-120.0,-270.0,-55.0,-115.0,180.0,240.0,120.0,145.0,85.0,240.0,300.0,180.0,165.0,105.0,255.0,300.0,210.0,165.0,120.0,470.0,530.0,410.0,385.0,325.0,520.0,565.0,475.0,500.0,455.0,430.0,460.0,400.0,415.0,385.0,0.0,0.0,0.0,0.0,0.0,460.0,475.0,445.0,570.0,555.0
2022-09-22 00:00:00+00:00,-520.0,-460.0,-580.0,-435.0,-495.0,-340.0,-310.0,-370.0,-730.0,-760.0,-790.0,-745.0,-835.0,-910.0,-955.0,-675.0,-615.0,-735.0,-400.0,-460.0,-310.0,-265.0,-355.0,15.0,-30.0,-165.0,-120.0,-210.0,-130.0,-175.0,-325.0,-295.0,-355.0,240.0,210.0,-180.0,-150.0,-210.0,95.0,65.0,-180.0,-150.0,-210.0,95.0,65.0,0.0,0.0,0.0,0.0,0.0,-755.0,-740.0,-770.0,-450.0,-465.0
2022-09-23 00:00:00+00:00,-345.0,-300.0,-390.0,-75.0,-105.0,-305.0,-290.0,-320.0,-340.0,-355.0,0.0,0.0,0.0,0.0,0.0,-825.0,-795.0,-855.0,-610.0,-640.0,-825.0,-795.0,-855.0,-610.0,-640.0,-380.0,-350.0,-410.0,-115.0,-145.0,-655.0,-625.0,-685.0,-665.0,-695.0,-655.0,-625.0,-685.0,-665.0,-695.0,-610.0,-580.0,-640.0,-655.0,-685.0,0.0,0.0,0.0,0.0,0.0,-985.0,-970.0,-1000.0,-935.0,-950.0
2022-09-26 00:00:00+00:00,15.0,90.0,-60.0,-10.0,-85.0,175.0,205.0,145.0,160.0,130.0,-210.0,-180.0,-240.0,-180.0,-210.0,-855.0,-810.0,-900.0,-715.0,-760.0,-950.0,-905.0,-995.0,-835.0,-880.0,-810.0,-780.0,-840.0,-690.0,-720.0,-540.0,-510.0,-570.0,-330.0,-360.0,-755.0,-740.0,-770.0,-490.0,-505.0,-550.0,-535.0,-565.0,-205.0,-220.0,0.0,0.0,0.0,0.0,0.0,-685.0,-670.0,-700.0,-610.0,-625.0
2022-09-27 00:00:00+00:00,510.0,570.0,450.0,-20.0,-65.0,-155.0,-95.0,-215.0,245.0,200.0,615.0,630.0,600.0,615.0,600.0,-50.0,-5.0,-95.0,-245.0,-290.0,-15.0,30.0,-60.0,-275.0,-320.0,-55.0,-25.0,-85.0,-175.0,-205.0,-225.0,-195.0,-255.0,-475.0,-505.0,-360.0,-345.0,-375.0,-385.0,-400.0,-360.0,-345.0,-375.0,-385.0,-400.0,0.0,0.0,0.0,0.0,0.0,455.0,470.0,440.0,505.0,490.0
2022-09-28 00:00:00+00:00,705.0,795.0,615.0,730.0,640.0,525.0,570.0,480.0,565.0,520.0,-160.0,-145.0,-175.0,-95.0,-110.0,-455.0,-410.0,-500.0,-325.0,-370.0,-80.0,-35.0,-125.0,170.0,125.0,-80.0,-35.0,-125.0,170.0,125.0,-20.0,10.0,-50.0,400.0,370.0,35.0,65.0,5.0,585.0,555.0,35.0,65.0,5.0,585.0,555.0,0.0,0.0,0.0,0.0,0.0,250.0,265.0,235.0,230.0,215.0
2022-09-29 00:00:00+00:00,-275.0,-185.0,-365.0,-450.0,-540.0,330.0,360.0,300.0,315.0,285.0,350.0,425.0,275.0,440.0,365.0,485.0,530.0,440.0,320.0,275.0,180.0,195.0,165.0,115.0,100.0,0.0,0.0,0.0,0.0,0.0,580.0,625.0,535.0,480.0,435.0,345.0,375.0,315.0,300.0,270.0,0.0,0.0,0.0,0.0,0.0,0.0,0.0,0.0,0.0,0.0,725.0,740.0,710.0,565.0,550.0
2022-09-30 00:00:00+00:00,-710.0,-635.0,-785.0,-295.0,-355.0,-385.0,-355.0,-415.0,-295.0,-325.0,-825.0,-795.0,-855.0,-550.0,-580.0,-480.0,-450.0,-510.0,-355.0,-385.0,-305.0,-275.0,-335.0,-440.0,-470.0,-160.0,-130.0,-190.0,-305.0,-335.0,-585.0,-555.0,-615.0,-520.0,-550.0,-585.0,-555.0,-615.0,-520.0,-550.0,-535.0,-520.0,-550.0,-585.0,-600.0,0.0,0.0,0.0,0.0,0.0,-1185.0,-1170.0,-1200.0,-1070.0,-1085.0
2022-10-03 00:00:00+00:00,235.0,310.0,160.0,-210.0,-285.0,5.0,80.0,-70.0,-95.0,-170.0,385.0,415.0,355.0,450.0,420.0,205.0,250.0,160.0,610.0,565.0,145.0,175.0,115.0,575.0,545.0,120.0,135.0,105.0,465.0,450.0,310.0,325.0,295.0,490.0,475.0,310.0,325.0,295.0,490.0,475.0,310.0,325.0,295.0,490.0,475.0,0.0,0.0,0.0,0.0,0.0,570.0,585.0,555.0,730.0,715.0
2022-10-04 00:00:00+00:00,410.0,455.0,365.0,135.0,90.0,410.0,440.0,380.0,130.0,100.0,115.0,145.0,85.0,200.0,170.0,-120.0,-90.0,-150.0,-70.0,-100.0,-120.0,-90.0,-150.0,-70.0,-100.0,-120.0,-90.0,-150.0,-70.0,-100.0,-185.0,-140.0,-230.0,95.0,50.0,80.0,110.0,50.0,130.0,100.0,80.0,110.0,50.0,130.0,100.0,0.0,0.0,0.0,0.0,0.0,10.0,25.0,-5.0,240.0,225.0
2022-10-05 00:00:00+00:00,-135.0,-75.0,-195.0,-190.0,-250.0,-70.0,-25.0,-115.0,-45.0,-90.0,-220.0,-190.0,-250.0,-440.0,-470.0,240.0,300.0,180.0,125.0,65.0,75.0,120.0,30.0,0.0,-45.0,65.0,95.0,35.0,-35.0,-65.0,-85.0,-55.0,-115.0,20.0,-10.0,15.0,45.0,-15.0,165.0,150.0,15.0,45.0,-15.0,165.0,150.0,0.0,0.0,0.0,0.0,0.0,-250.0,-235.0,-265.0,-215.0,-230.0
2022-10-06 00:00:00+00:00,-275.0,-185.0,-365.0,-100.0,-190.0,-155.0,-95.0,-215.0,-120.0,-180.0,-10.0,5.0,-25.0,-55.0,-70.0,-15.0,45.0,-75.0,-65.0,-125.0,-325.0,-295.0,-355.0,-415.0,-445.0,-325.0,-295.0,-355.0,-415.0,-445.0,-55.0,-25.0,-85.0,-115.0,-145.0,-350.0,-335.0,-365.0,-465.0,-480.0,-350.0,-335.0,-365.0,-465.0,-480.0,0.0,0.0,0.0,0.0,0.0,-185.0,-170.0,-200.0,-170.0,-185.0
2022-10-07 00:00:00+00:00,210.0,255.0,165.0,260.0,215.0,185.0,215.0,155.0,100.0,70.0,-5.0,40.0,-50.0,-160.0,-205.0,-55.0,-10.0,-100.0,-80.0,-110.0,-55.0,-10.0,-100.0,-80.0,-110.0,5.0,20.0,-10.0,-130.0,-145.0,-5.0,25.0,-35.0,-115.0,-145.0,-5.0,25.0,-35.0,-115.0,-145.0,-5.0,25.0,-35.0,-115.0,-145.0,0.0,0.0,0.0,0.0,0.0,220.0,235.0,205.0,130.0,115.0
2022-10-10 00:00:00+00:00,325.0,385.0,265.0,210.0,150.0,390.0,435.0,345.0,185.0,140.0,120.0,150.0,90.0,45.0,15.0,30.0,60.0,0.0,50.0,20.0,105.0,135.0,75.0,105.0,75.0,-20.0,-5.0,-35.0,-50.0,-65.0,-5.0,10.0,-20.0,75.0,60.0,50.0,65.0,35.0,100.0,85.0,0.0,0.0,0.0,0.0,0.0,0.0,0.0,0.0,0.0,0.0,470.0,485.0,455.0,325.0,310.0
2022-10-11 00:00:00+00:00,680.0,710.0,650.0,450.0,420.0,470.0,515.0,425.0,465.0,420.0,285.0,315.0,255.0,345.0,315.0,155.0,200.0,110.0,85.0,40.0,120.0,150.0,90.0,-15.0,-45.0,120.0,150.0,90.0,-15.0,-45.0,345.0,375.0,315.0,25.0,-5.0,345.0,375.0,315.0,25.0,-5.0,175.0,190.0,160.0,15.0,0.0,0.0,0.0,0.0,0.0,0.0,530.0,545.0,515.0,480.0,465.0
2022-10-12 00:00:00+00:00,480.0,525.0,435.0,-60.0,-105.0,80.0,110.0,50.0,100.0,70.0,245.0,275.0,215.0,-115.0,-130.0,-225.0,-195.0,-255.0,-110.0,-140.0,-65.0,-35.0,-95.0,5.0,-25.0,10.0,25.0,-5.0,-60.0,-75.0,-245.0,-230.0,-260.0,-60.0,-75.0,-85.0,-70.0,-100.0,55.0,40.0,70.0,85.0,55.0,70.0,55.0,0.0,0.0,0.0,0.0,0.0,165.0,180.0,150.0,-120.0,-135.0
2022-10-13 00:00:00+00:00,740.0,785.0,695.0,795.0,750.0,805.0,835.0,775.0,785.0,755.0,575.0,605.0,545.0,530.0,500.0,-100.0,-85.0,-115.0,-95.0,-110.0,-100.0,-85.0,-115.0,-95.0,-110.0,70.0,85.0,55.0,15.0,0.0,55.0,70.0,40.0,105.0,90.0,55.0,70.0,40.0,135.0,120.0,130.0,145.0,115.0,145.0,130.0,0.0,0.0,0.0,0.0,0.0,760.0,775.0,745.0,775.0,760.0
2022-10-14 00:00:00+00:00,235.0,295.0,175.0,655.0,595.0,980.0,1040.0,920.0,930.0,870.0,425.0,440.0,410.0,-90.0,-105.0,-10.0,35.0,-55.0,-15.0,-60.0,145.0,175.0,115.0,105.0,75.0,0.0,0.0,0.0,0.0,0.0,5.0,20.0,-10.0,75.0,60.0,5.0,20.0,-10.0,75.0,60.0,0.0,0.0,0.0,0.0,0.0,0.0,0.0,0.0,0.0,0.0,560.0,575.0,545.0,545.0,530.0
2022-10-17 00:00:00+00:00,75.0,135.0,15.0,130.0,70.0,230.0,275.0,185.0,235.0,190.0,120.0,135.0,105.0,205.0,190.0,-20.0,10.0,-50.0,105.0,75.0,75.0,90.0,60.0,175.0,160.0,0.0,0.0,0.0,0.0,0.0,170.0,200.0,140.0,80.0,50.0,120.0,135.0,105.0,110.0,95.0,0.0,0.0,0.0,0.0,0.0,0.0,0.0,0.0,0.0,0.0,340.0,355.0,325.0,315.0,300.0
2022-10-18 00:00:00+00:00,1045.0,1090.0,1000.0,515.0,470.0,890.0,935.0,845.0,700.0,655.0,970.0,985.0,955.0,845.0,830.0,185.0,230.0,140.0,120.0,75.0,185.0,230.0,140.0,120.0,75.0,-75.0,-60.0,-90.0,-210.0,-225.0,-30.0,-15.0,-45.0,-60.0,-75.0,-30.0,-15.0,-45.0,-60.0,-75.0,-30.0,-15.0,-45.0,-60.0,-75.0,0.0,0.0,0.0,0.0,0.0,1180.0,1195.0,1165.0,1000.0,985.0
2022-10-19 00:00:00+00:00,-270.0,-210.0,-330.0,-300.0,-360.0,185.0,215.0,155.0,45.0,15.0,175.0,190.0,160.0,0.0,-15.0,-555.0,-525.0,-585.0,-370.0,-400.0,-475.0,-445.0,-505.0,-90.0,-120.0,-200.0,-170.0,-230.0,-195.0,-225.0,-640.0,-625.0,-655.0,-670.0,-685.0,-640.0,-625.0,-655.0,-670.0,-685.0,-640.0,-625.0,-655.0,-670.0,-685.0,0.0,0.0,0.0,0.0,0.0,-285.0,-270.0,-300.0,-355.0,-370.0
2022-10-20 00:00:00+00:00,590.0,635.0,545.0,525.0,480.0,705.0,735.0,675.0,630.0,600.0,610.0,640.0,580.0,710.0,680.0,175.0,205.0,145.0,195.0,165.0,195.0,225.0,165.0,175.0,145.0,0.0,0.0,0.0,0.0,0.0,60.0,75.0,45.0,75.0,60.0,0.0,0.0,0.0,0.0,0.0,0.0,0.0,0.0,0.0,0.0,0.0,0.0,0.0,0.0,0.0,655.0,670.0,640.0,770.0,755.0
2022-10-21 00:00:00+00:00,-195.0,-90.0,-300.0,-485.0,-575.0,-85.0,-25.0,-145.0,-360.0,-420.0,105.0,150.0,60.0,-120.0,-165.0,40.0,100.0,-20.0,130.0,70.0,55.0,100.0,10.0,10.0,-35.0,105.0,120.0,90.0,75.0,60.0,190.0,265.0,115.0,270.0,195.0,75.0,105.0,45.0,230.0,200.0,105.0,120.0,90.0,75.0,60.0,0.0,0.0,0.0,0.0,0.0,-10.0,5.0,-25.0,-90.0,-105.0
2022-10-24 00:00:00+00:00,1170.0,1245.0,1095.0,90.0,30.0,1470.0,1515.0,1425.0,960.0,915.0,2060.0,2075.0,2045.0,1995.0,1980.0,280.0,310.0,250.0,535.0,505.0,280.0,310.0,250.0,535.0,505.0,45.0,60.0,30.0,190.0,175.0,125.0,140.0,110.0,50.0,35.0,0.0,0.0,0.0,0.0,0.0,0.0,0.0,0.0,0.0,0.0,0.0,0.0,0.0,0.0,0.0,1970.0,1985.0,1955.0,1725.0,1710.0
2022-10-25 00:00:00+00:00,-270.0,-180.0,-360.0,-90.0,-180.0,-315.0,-255.0,-375.0,-120.0,-180.0,-60.0,-15.0,-105.0,105.0,60.0,-105.0,-45.0,-165.0,-275.0,-335.0,-40.0,5.0,-85.0,-235.0,-280.0,-5.0,40.0,-50.0,-215.0,-260.0,-75.0,-30.0,-120.0,-20.0,-65.0,-145.0,-115.0,-175.0,-20.0,-50.0,-100.0,-70.0,-130.0,-135.0,-165.0,0.0,0.0,0.0,0.0,0.0,-200.0,-185.0,-215.0,-135.0,-150.0
2022-10-26 00:00:00+00:00,-70.0,20.0,-160.0,-235.0,-325.0,-45.0,0.0,-90.0,-180.0,-225.0,-385.0,-340.0,-430.0,-440.0,-485.0,-150.0,-120.0,-180.0,-75.0,-105.0,-150.0,-120.0,-180.0,-75.0,-105.0,45.0,75.0,15.0,-65.0,-95.0,-140.0,-125.0,-155.0,-105.0,-120.0,-140.0,-125.0,-155.0,-105.0,-120.0,-45.0,-30.0,-60.0,35.0,20.0,0.0,0.0,0.0,0.0,0.0,-330.0,-315.0,-345.0,-340.0,-355.0
2022-10-27 00:00:00+00:00,115.0,190.0,40.0,-160.0,-235.0,345.0,375.0,315.0,160.0,130.0,305.0,335.0,275.0,190.0,160.0,15.0,60.0,-30.0,235.0,190.0,40.0,85.0,-5.0,20.0,-25.0,70.0,100.0,40.0,15.0,-15.0,-80.0,-65.0,-95.0,75.0,60.0,-90.0,-75.0,-105.0,145.0,130.0,-90.0,-75.0,-105.0,145.0,130.0,0.0,0.0,0.0,0.0,0.0,245.0,260.0,230.0,220.0,205.0
2022-10-28 00:00:00+00:00,-285.0,-180.0,-390.0,-45.0,-150.0,-55.0,5.0,-115.0,340.0,280.0,255.0,330.0,180.0,310.0,235.0,615.0,690.0,540.0,460.0,385.0,370.0,415.0,325.0,320.0,275.0,115.0,130.0,100.0,120.0,105.0,295.0,325.0,265.0,285.0,255.0,115.0,130.0,100.0,120.0,105.0,0.0,0.0,0.0,0.0,0.0,0.0,0.0,0.0,0.0,0.0,470.0,485.0,455.0,545.0,530.0
2022-10-31 00:00:00+00:00,75.0,120.0,30.0,115.0,70.0,-55.0,-10.0,-100.0,-65.0,-110.0,-175.0,-145.0,-205.0,-295.0,-325.0,205.0,250.0,160.0,345.0,300.0,325.0,355.0,295.0,220.0,190.0,-15.0,0.0,-30.0,-75.0,-90.0,375.0,405.0,345.0,250.0,220.0,410.0,440.0,380.0,255.0,225.0,0.0,0.0,0.0,0.0,0.0,0.0,0.0,0.0,0.0,0.0,305.0,320.0,290.0,215.0,200.0
2022-11-01 00:00:00+00:00,35.0,80.0,-10.0,170.0,125.0,90.0,120.0,60.0,25.0,-5.0,-100.0,-70.0,-130.0,-110.0,-140.0,195.0,270.0,120.0,90.0,15.0,20.0,65.0,-25.0,35.0,-10.0,90.0,120.0,60.0,180.0,150.0,65.0,95.0,35.0,60.0,30.0,65.0,95.0,35.0,60.0,30.0,195.0,225.0,165.0,225.0,195.0,0.0,0.0,0.0,0.0,0.0,140.0,155.0,125.0,230.0,215.0
2022-11-02 00:00:00+00:00,-15.0,30.0,-60.0,20.0,-25.0,105.0,135.0,75.0,30.0,0.0,-360.0,-345.0,-375.0,-235.0,-250.0,-595.0,-550.0,-640.0,-530.0,-575.0,-595.0,-550.0,-640.0,-530.0,-575.0,-315.0,-285.0,-345.0,-215.0,-245.0,-240.0,-210.0,-270.0,-215.0,-245.0,-240.0,-210.0,-270.0,-215.0,-245.0,-240.0,-210.0,-270.0,-215.0,-245.0,0.0,0.0,0.0,0.0,0.0,-380.0,-365.0,-395.0,-370.0,-385.0
2022-11-03 00:00:00+00:00,-540.0,-480.0,-600.0,-565.0,-625.0,-140.0,-110.0,-170.0,-135.0,-165.0,-180.0,-165.0,-195.0,-250.0,-265.0,-300.0,-240.0,-360.0,-440.0,-500.0,-245.0,-215.0,-275.0,-205.0,-235.0,-130.0,-100.0,-160.0,-165.0,-195.0,-525.0,-510.0,-540.0,-610.0,-625.0,-525.0,-510.0,-540.0,-610.0,-625.0,-545.0,-530.0,-560.0,-535.0,-550.0,0.0,0.0,0.0,0.0,0.0,-905.0,-890.0,-920.0,-850.0,-865.0
2022-11-04 00:00:00+00:00,75.0,150.0,0.0,215.0,140.0,235.0,280.0,190.0,255.0,210.0,195.0,225.0,165.0,240.0,210.0,80.0,140.0,20.0,40.0,-20.0,5.0,35.0,-25.0,175.0,160.0,115.0,130.0,100.0,175.0,160.0,135.0,150.0,120.0,165.0,150.0,135.0,150.0,120.0,165.0,150.0,135.0,150.0,120.0,165.0,150.0,0.0,0.0,0.0,0.0,0.0,225.0,240.0,210.0,480.0,465.0
2022-11-07 00:00:00+00:00,380.0,440.0,320.0,70.0,10.0,225.0,300.0,150.0,75.0,0.0,250.0,280.0,220.0,75.0,45.0,185.0,230.0,140.0,290.0,260.0,115.0,145.0,85.0,345.0,315.0,10.0,25.0,-5.0,170.0,155.0,10.0,25.0,-5.0,170.0,155.0,90.0,105.0,75.0,195.0,180.0,90.0,105.0,75.0,195.0,180.0,0.0,0.0,0.0,0.0,0.0,580.0,595.0,565.0,360.0,345.0
2022-11-08 00:00:00+00:00,565.0,640.0,490.0,500.0,425.0,335.0,410.0,260.0,135.0,75.0,550.0,595.0,505.0,220.0,190.0,200.0,245.0,155.0,420.0,375.0,310.0,355.0,265.0,415.0,370.0,165.0,195.0,135.0,80.0,50.0,175.0,205.0,145.0,345.0,315.0,-15.0,0.0,-30.0,25.0,10.0,0.0,0.0,0.0,0.0,0.0,0.0,0.0,0.0,0.0,0.0,785.0,800.0,770.0,815.0,800.0
2022-11-09 00:00:00+00:00,350.0,365.0,335.0,420.0,405.0,280.0,295.0,265.0,170.0,155.0,250.0,280.0,220.0,-95.0,-125.0,-620.0,-605.0,-635.0,-415.0,-430.0,-475.0,-460.0,-490.0,-285.0,-300.0,-295.0,-280.0,-310.0,-235.0,-250.0,-460.0,-445.0,-475.0,-490.0,-505.0,-515.0,-500.0,-530.0,-375.0,-390.0,-370.0,-355.0,-385.0,-245.0,-260.0,0.0,0.0,0.0,0.0,0.0,-255.0,-240.0,-270.0,-345.0,-360.0
2022-11-10 00:00:00+00:00,-205.0,-115.0,-295.0,-30.0,-120.0,90.0,120.0,60.0,-15.0,-45.0,-265.0,-175.0,-355.0,-15.0,-105.0,15.0,60.0,-30.0,-30.0,-75.0,15.0,45.0,-15.0,-10.0,-40.0,-40.0,-25.0,-55.0,-20.0,-35.0,105.0,135.0,75.0,110.0,80.0,-40.0,-25.0,-55.0,-20.0,-35.0,-40.0,-25.0,-55.0,70.0,55.0,0.0,0.0,0.0,0.0,0.0,85.0,100.0,70.0,80.0,65.0
2022-11-11 00:00:00+00:00,-220.0,-160.0,-280.0,105.0,45.0,-265.0,-190.0,-340.0,-10.0,-85.0,-470.0,-425.0,-515.0,-455.0,-500.0,-165.0,-105.0,-225.0,-115.0,-175.0,-165.0,-105.0,-225.0,15.0,-45.0,-80.0,-65.0,-95.0,-90.0,-105.0,-130.0,-85.0,-175.0,10.0,-35.0,-225.0,-195.0,-255.0,-30.0,-60.0,15.0,45.0,-15.0,5.0,-25.0,0.0,0.0,0.0,0.0,0.0,-385.0,-370.0,-400.0,-190.0,-205.0
2022-11-14 00:00:00+00:00,-490.0,-415.0,-565.0,-310.0,-385.0,-335.0,-260.0,-410.0,-140.0,-215.0,-390.0,-330.0,-450.0,-90.0,-150.0,105.0,150.0,60.0,215.0,170.0,105.0,150.0,60.0,215.0,170.0,-50.0,-20.0,-80.0,85.0,55.0,90.0,135.0,45.0,-50.0,-95.0,55.0,85.0,25.0,70.0,40.0,55.0,85.0,25.0,70.0,40.0,0.0,0.0,0.0,0.0,0.0,-145.0,-130.0,-160.0,-40.0,-55.0
2022-11-15 00:00:00+00:00,-675.0,-600.0,-750.0,-450.0,-525.0,-620.0,-545.0,-695.0,-460.0,-535.0,-490.0,-430.0,-550.0,-610.0,-670.0,15.0,90.0,-60.0,-175.0,-250.0,40.0,100.0,-20.0,-175.0,-235.0,-115.0,-100.0,-130.0,-90.0,-105.0,125.0,170.0,80.0,35.0,-10.0,155.0,200.0,110.0,25.0,-20.0,-115.0,-100.0,-130.0,-90.0,-105.0,0.0,0.0,0.0,0.0,0.0,-405.0,-390.0,-420.0,-430.0,-445.0
2022-11-16 00:00:00+00:00,-80.0,-35.0,-125.0,-130.0,-160.0,-25.0,-10.0,-40.0,-10.0,-25.0,-165.0,-150.0,-180.0,-195.0,-210.0,40.0,85.0,-5.0,-20.0,-65.0,-40.0,-10.0,-70.0,-110.0,-140.0,-140.0,-125.0,-155.0,-85.0,-100.0,-325.0,-295.0,-355.0,-205.0,-235.0,-190.0,-160.0,-220.0,-150.0,-180.0,35.0,65.0,5.0,60.0,30.0,0.0,0.0,0.0,0.0,0.0,-340.0,-325.0,-355.0,-315.0,-330.0
2022-11-17 00:00:00+00:00,-520.0,-475.0,-565.0,-440.0,-485.0,-450.0,-435.0,-465.0,-710.0,-725.0,0.0,0.0,0.0,0.0,0.0,-1225.0,-1195.0,-1255.0,-1115.0,-1145.0,-910.0,-880.0,-940.0,-610.0,-640.0,-695.0,-665.0,-725.0,-480.0,-510.0,-845.0,-815.0,-875.0,-535.0,-565.0,-845.0,-815.0,-875.0,-535.0,-565.0,-845.0,-815.0,-875.0,-535.0,-565.0,0.0,0.0,0.0,0.0,0.0,-1265.0,-1250.0,-1280.0,-1215.0,-1230.0
2022-11-18 00:00:00+00:00,415.0,475.0,355.0,210.0,150.0,505.0,535.0,475.0,425.0,395.0,415.0,445.0,385.0,575.0,545.0,5.0,35.0,-25.0,180.0,150.0,75.0,105.0,45.0,180.0,150.0,0.0,0.0,0.0,0.0,0.0,160.0,175.0,145.0,215.0,200.0,200.0,215.0,185.0,120.0,105.0,0.0,0.0,0.0,0.0,0.0,0.0,0.0,0.0,0.0,0.0,710.0,725.0,695.0,560.0,545.0
2022-11-21 00:00:00+00:00,-50.0,10.0,-110.0,-60.0,-120.0,-305.0,-230.0,-380.0,65.0,-10.0,-185.0,-95.0,-275.0,-145.0,-235.0,15.0,75.0,-45.0,0.0,-60.0,175.0,205.0,145.0,170.0,140.0,100.0,115.0,85.0,20.0,5.0,265.0,325.0,205.0,65.0,5.0,70.0,100.0,40.0,5.0,-25.0,100.0,115.0,85.0,20.0,5.0,0.0,0.0,0.0,0.0,0.0,115.0,130.0,100.0,100.0,85.0
2022-11-22 00:00:00+00:00,225.0,300.0,150.0,-30.0,-105.0,300.0,330.0,270.0,140.0,110.0,220.0,250.0,190.0,230.0,200.0,10.0,55.0,-35.0,-205.0,-250.0,25.0,70.0,-20.0,-170.0,-215.0,-30.0,0.0,-60.0,-110.0,-140.0,-150.0,-120.0,-180.0,-100.0,-130.0,-95.0,-65.0,-125.0,-140.0,-170.0,-95.0,-65.0,-125.0,-140.0,-170.0,0.0,0.0,0.0,0.0,0.0,215.0,230.0,200.0,90.0,75.0
2022-11-23 00:00:00+00:00,-60.0,-15.0,-105.0,-80.0,-125.0,120.0,165.0,75.0,85.0,40.0,40.0,55.0,25.0,-5.0,-20.0,20.0,65.0,-25.0,35.0,-10.0,65.0,110.0,20.0,90.0,45.0,30.0,60.0,0.0,0.0,-30.0,60.0,90.0,30.0,60.0,30.0,60.0,90.0,30.0,85.0,55.0,135.0,165.0,105.0,125.0,95.0,0.0,0.0,0.0,0.0,0.0,100.0,115.0,85.0,165.0,150.0
2022-11-25 00:00:00+00:00,-70.0,20.0,-160.0,-15.0,-90.0,-105.0,-45.0,-165.0,105.0,45.0,10.0,55.0,-35.0,-40.0,-85.0,35.0,95.0,-25.0,-35.0,-95.0,-20.0,25.0,-65.0,-115.0,-160.0,65.0,95.0,35.0,-20.0,-50.0,-35.0,-5.0,-65.0,5.0,-25.0,-10.0,5.0,-25.0,60.0,45.0,30.0,45.0,15.0,130.0,115.0,0.0,0.0,0.0,0.0,0.0,65.0,80.0,50.0,15.0,0.0
2022-11-28 00:00:00+00:00,-250.0,-190.0,-310.0,-270.0,-330.0,-110.0,-80.0,-140.0,-330.0,-360.0,-165.0,-135.0,-195.0,-60.0,-90.0,-435.0,-375.0,-495.0,-95.0,-140.0,-185.0,-140.0,-230.0,-65.0,-110.0,-125.0,-95.0,-155.0,-140.0,-170.0,-315.0,-300.0,-330.0,-265.0,-280.0,-240.0,-225.0,-255.0,-235.0,-250.0,-240.0,-225.0,-255.0,-235.0,-250.0,0.0,0.0,0.0,0.0,0.0,-445.0,-430.0,-460.0,-370.0,-385.0
2022-11-29 00:00:00+00:00,105.0,135.0,75.0,105.0,90.0,-15.0,0.0,-30.0,-90.0,-105.0,-305.0,-260.0,-350.0,-405.0,-450.0,-550.0,-520.0,-580.0,-420.0,-450.0,-570.0,-540.0,-600.0,-340.0,-370.0,-320.0,-290.0,-350.0,-150.0,-180.0,-185.0,-155.0,-215.0,-10.0,-40.0,-115.0,-85.0,-145.0,-5.0,-35.0,-65.0,-35.0,-95.0,50.0,20.0,0.0,0.0,0.0,0.0,0.0,-325.0,-310.0,-340.0,-235.0,-250.0
2022-11-30 00:00:00+00:00,-95.0,-35.0,-155.0,-260.0,-305.0,-340.0,-280.0,-400.0,-250.0,-295.0,-215.0,-185.0,-245.0,-235.0,-265.0,-195.0,-150.0,-240.0,30.0,-15.0,-25.0,5.0,-55.0,30.0,0.0,-25.0,5.0,-55.0,30.0,0.0,-30.0,0.0,-60.0,85.0,55.0,-5.0,25.0,-35.0,30.0,0.0,-20.0,-5.0,-35.0,50.0,35.0,0.0,0.0,0.0,0.0,0.0,-135.0,-120.0,-150.0,-185.0,-200.0
2022-12-01 00:00:00+00:00,-460.0,-370.0,-550.0,-245.0,-335.0,-65.0,-35.0,-95.0,-135.0,-165.0,-205.0,-175.0,-235.0,-195.0,-225.0,55.0,115.0,-5.0,35.0,-10.0,35.0,65.0,5.0,85.0,55.0,155.0,185.0,125.0,165.0,135.0,-15.0,30.0,-60.0,130.0,85.0,60.0,105.0,15.0,70.0,40.0,70.0,100.0,40.0,120.0,90.0,0.0,0.0,0.0,0.0,0.0,-135.0,-120.0,-150.0,-90.0,-105.0
2022-12-02 00:00:00+00:00,30.0,90.0,-30.0,-225.0,-285.0,-180.0,-120.0,-240.0,-230.0,-290.0,110.0,140.0,80.0,-30.0,-60.0,-110.0,-50.0,-170.0,25.0,-35.0,-110.0,-50.0,-170.0,25.0,-35.0,-105.0,-60.0,-150.0,105.0,60.0,-150.0,-105.0,-195.0,70.0,25.0,-130.0,-100.0,-160.0,20.0,-10.0,-65.0,-50.0,-80.0,-10.0,-25.0,0.0,0.0,0.0,0.0,0.0,-100.0,-85.0,-115.0,-95.0,-110.0
2022-12-05 00:00:00+00:00,-315.0,-240.0,-390.0,-465.0,-540.0,-205.0,-145.0,-265.0,-325.0,-385.0,-690.0,-615.0,-765.0,-80.0,-140.0,90.0,135.0,45.0,115.0,70.0,70.0,100.0,40.0,100.0,70.0,70.0,100.0,40.0,100.0,70.0,170.0,200.0,140.0,150.0,120.0,170.0,200.0,140.0,150.0,120.0,170.0,200.0,140.0,150.0,120.0,0.0,0.0,0.0,0.0,0.0,-70.0,-55.0,-85.0,-165.0,-180.0
2022-12-06 00:00:00+00:00,-265.0,-190.0,-340.0,-415.0,-490.0,-380.0,-335.0,-425.0,-225.0,-270.0,-165.0,-135.0,-195.0,-125.0,-155.0,-265.0,-205.0,-325.0,-220.0,-280.0,-85.0,-40.0,-130.0,-95.0,-140.0,-120.0,-90.0,-150.0,-260.0,-290.0,-35.0,-5.0,-65.0,-180.0,-210.0,-35.0,-5.0,-65.0,-180.0,-210.0,25.0,40.0,10.0,-130.0,-145.0,0.0,0.0,0.0,0.0,0.0,-475.0,-460.0,-490.0,-395.0,-410.0
2022-12-07 00:00:00+00:00,-125.0,-65.0,-185.0,-215.0,-275.0,-340.0,-295.0,-385.0,-450.0,-495.0,-380.0,-320.0,-440.0,-320.0,-365.0,-270.0,-225.0,-315.0,-300.0,-330.0,-270.0,-225.0,-315.0,-300.0,-330.0,-275.0,-245.0,-305.0,-320.0,-350.0,-310.0,-280.0,-340.0,-365.0,-395.0,-245.0,-230.0,-260.0,-195.0,-210.0,-175.0,-160.0,-190.0,-95.0,-110.0,0.0,0.0,0.0,0.0,0.0,-615.0,-600.0,-630.0,-630.0,-645.0
2022-12-08 00:00:00+00:00,-425.0,-320.0,-530.0,-365.0,-455.0,5.0,80.0,-70.0,315.0,240.0,290.0,320.0,260.0,105.0,75.0,205.0,280.0,130.0,295.0,220.0,230.0,290.0,170.0,200.0,140.0,215.0,245.0,185.0,245.0,215.0,210.0,270.0,150.0,225.0,165.0,300.0,360.0,240.0,250.0,190.0,260.0,290.0,230.0,225.0,195.0,0.0,0.0,0.0,0.0,0.0,115.0,130.0,100.0,190.0,175.0
2022-12-09 00:00:00+00:00,-40.0,35.0,-115.0,-110.0,-185.0,35.0,95.0,-25.0,-25.0,-85.0,55.0,85.0,25.0,175.0,145.0,175.0,235.0,115.0,260.0,215.0,220.0,250.0,190.0,290.0,260.0,220.0,250.0,190.0,290.0,260.0,155.0,185.0,125.0,135.0,105.0,110.0,125.0,95.0,85.0,70.0,110.0,125.0,95.0,85.0,70.0,0.0,0.0,0.0,0.0,0.0,165.0,180.0,150.0,220.0,205.0
2022-12-19 00:00:00+00:00,-195.0,-120.0,-270.0,-360.0,-435.0,-175.0,-130.0,-220.0,-175.0,-220.0,-520.0,-460.0,-580.0,-115.0,-175.0,65.0,125.0,5.0,100.0,40.0,-15.0,30.0,-60.0,115.0,70.0,-110.0,-95.0,-125.0,-35.0,-50.0,0.0,45.0,-45.0,160.0,115.0,85.0,130.0,40.0,95.0,50.0,225.0,240.0,210.0,230.0,215.0,0.0,0.0,0.0,0.0,0.0,-330.0,-315.0,-345.0,-165.0,-180.0
2022-12-20 00:00:00+00:00,-520.0,-430.0,-610.0,-485.0,-575.0,-105.0,-45.0,-165.0,55.0,-5.0,-30.0,30.0,-90.0,-120.0,-180.0,305.0,365.0,245.0,325.0,265.0,340.0,370.0,310.0,265.0,235.0,205.0,220.0,190.0,210.0,195.0,170.0,200.0,140.0,190.0,160.0,205.0,220.0,190.0,210.0,195.0,205.0,220.0,190.0,210.0,195.0,0.0,0.0,0.0,0.0,0.0,80.0,95.0,65.0,90.0,75.0
2022-12-21 00:00:00+00:00,95.0,155.0,35.0,-365.0,-425.0,175.0,235.0,115.0,150.0,90.0,180.0,210.0,150.0,-35.0,-65.0,335.0,395.0,275.0,225.0,180.0,335.0,395.0,275.0,165.0,120.0,-5.0,10.0,-20.0,20.0,5.0,185.0,230.0,140.0,145.0,115.0,100.0,130.0,70.0,85.0,55.0,-5.0,10.0,-20.0,20.0,5.0,0.0,0.0,0.0,0.0,0.0,305.0,320.0,290.0,255.0,240.0
2022-12-22 00:00:00+00:00,-250.0,-175.0,-325.0,-155.0,-230.0,-10.0,5.0,-25.0,-75.0,-90.0,-30.0,-15.0,-45.0,-135.0,-150.0,-305.0,-245.0,-365.0,-380.0,-440.0,-165.0,-105.0,-225.0,-140.0,-200.0,-215.0,-170.0,-260.0,-75.0,-120.0,-465.0,-420.0,-510.0,-460.0,-505.0,-325.0,-280.0,-370.0,-275.0,-320.0,-185.0,-140.0,-230.0,-35.0,-80.0,0.0,0.0,0.0,0.0,0.0,-570.0,-555.0,-585.0,-590.0,-605.0
2022-12-23 00:00:00+00:00,90.0,165.0,15.0,445.0,370.0,100.0,130.0,70.0,100.0,70.0,-30.0,30.0,-90.0,10.0,-50.0,-160.0,-130.0,-190.0,-150.0,-180.0,-95.0,-65.0,-125.0,-110.0,-140.0,-135.0,-120.0,-150.0,-115.0,-130.0,25.0,70.0,-20.0,0.0,-45.0,-15.0,15.0,-45.0,-55.0,-70.0,-95.0,-80.0,-110.0,0.0,0.0,0.0,0.0,0.0,0.0,0.0,95.0,110.0,80.0,165.0,150.0
2022-12-27 00:00:00+00:00,-80.0,-5.0,-155.0,50.0,-10.0,-50.0,-5.0,-95.0,75.0,30.0,-55.0,5.0,-115.0,-20.0,-65.0,190.0,250.0,130.0,40.0,-20.0,130.0,160.0,100.0,165.0,135.0,135.0,165.0,105.0,165.0,135.0,170.0,200.0,140.0,215.0,185.0,170.0,200.0,140.0,215.0,185.0,165.0,195.0,135.0,185.0,155.0,0.0,0.0,0.0,0.0,0.0,260.0,275.0,245.0,295.0,280.0
2022-12-28 00:00:00+00:00,240.0,270.0,210.0,145.0,115.0,145.0,175.0,115.0,85.0,55.0,175.0,190.0,160.0,195.0,180.0,-115.0,-70.0,-160.0,-105.0,-150.0,-95.0,-65.0,-125.0,-75.0,-105.0,25.0,40.0,10.0,105.0,90.0,-85.0,-70.0,-100.0,-25.0,-40.0,-85.0,-70.0,-100.0,-25.0,-40.0,-85.0,-70.0,-100.0,-25.0,-40.0,0.0,0.0,0.0,0.0,0.0,190.0,205.0,175.0,220.0,205.0
2022-12-29 00:00:00+00:00,205.0,235.0,175.0,130.0,100.0,205.0,235.0,175.0,30.0,0.0,5.0,35.0,-25.0,-40.0,-70.0,60.0,90.0,30.0,-10.0,-40.0,-35.0,-20.0,-50.0,-35.0,-50.0,0.0,0.0,0.0,0.0,0.0,0.0,15.0,-15.0,80.0,65.0,0.0,15.0,-15.0,80.0,65.0,50.0,65.0,35.0,95.0,80.0,0.0,0.0,0.0,0.0,0.0,160.0,175.0,145.0,170.0,155.0
2022-12-30 00:00:00+00:00,-255.0,-180.0,-330.0,-45.0,-120.0,5.0,35.0,-25.0,-15.0,-45.0,-60.0,-15.0,-105.0,-65.0,-110.0,65.0,140.0,-10.0,-90.0,-165.0,145.0,190.0,100.0,90.0,45.0,140.0,170.0,110.0,95.0,65.0,185.0,230.0,140.0,205.0,160.0,70.0,100.0,40.0,5.0,-25.0,30.0,45.0,15.0,-45.0,-60.0,0.0,0.0,0.0,0.0,0.0,205.0,220.0,190.0,140.0,125.0
2023-01-03 00:00:00+00:00,305.0,350.0,260.0,-170.0,-215.0,245.0,290.0,200.0,-45.0,-90.0,170.0,185.0,155.0,-165.0,-180.0,-300.0,-240.0,-360.0,-445.0,-505.0,-225.0,-195.0,-255.0,-200.0,-230.0,-65.0,-35.0,-95.0,50.0,20.0,-880.0,-865.0,-895.0,-830.0,-845.0,-880.0,-865.0,-895.0,-830.0,-845.0,-825.0,-810.0,-840.0,-775.0,-790.0,0.0,0.0,0.0,0.0,0.0,-640.0,-625.0,-655.0,-925.0,-940.0
2023-01-04 00:00:00+00:00,85.0,145.0,25.0,350.0,290.0,105.0,150.0,60.0,105.0,60.0,-450.0,-420.0,-480.0,-440.0,-470.0,-205.0,-175.0,-235.0,-130.0,-160.0,-255.0,-225.0,-285.0,-90.0,-120.0,-90.0,-60.0,-120.0,85.0,55.0,95.0,125.0,65.0,395.0,365.0,95.0,125.0,65.0,395.0,365.0,205.0,235.0,175.0,400.0,370.0,0.0,0.0,0.0,0.0,0.0,35.0,50.0,20.0,150.0,135.0
2023-01-05 00:00:00+00:00,-205.0,-100.0,-310.0,20.0,-85.0,85.0,145.0,25.0,40.0,-20.0,125.0,155.0,95.0,275.0,245.0,-35.0,-5.0,-65.0,-45.0,-60.0,0.0,0.0,0.0,0.0,0.0,0.0,0.0,0.0,0.0,0.0,90.0,105.0,75.0,160.0,145.0,0.0,0.0,0.0,0.0,0.0,0.0,0.0,0.0,0.0,0.0,0.0,0.0,0.0,0.0,0.0,415.0,430.0,400.0,610.0,595.0
2023-01-06 00:00:00+00:00,-315.0,-240.0,-390.0,-365.0,-440.0,-165.0,-90.0,-240.0,-90.0,-165.0,-275.0,-230.0,-320.0,-185.0,-230.0,-5.0,40.0,-50.0,15.0,-30.0,-5.0,40.0,-50.0,15.0,-30.0,-55.0,-40.0,-70.0,25.0,10.0,55.0,85.0,25.0,65.0,35.0,-25.0,-10.0,-40.0,35.0,20.0,-25.0,-10.0,-40.0,-50.0,-65.0,0.0,0.0,0.0,0.0,0.0,-40.0,-25.0,-55.0,20.0,5.0
2023-01-09 00:00:00+00:00,-5.0,55.0,-65.0,70.0,10.0,150.0,180.0,120.0,245.0,215.0,360.0,390.0,330.0,165.0,135.0,20.0,50.0,-10.0,90.0,60.0,85.0,115.0,55.0,80.0,65.0,75.0,90.0,60.0,80.0,65.0,35.0,65.0,5.0,-45.0,-60.0,0.0,0.0,0.0,0.0,0.0,0.0,0.0,0.0,0.0,0.0,0.0,0.0,0.0,0.0,0.0,305.0,320.0,290.0,265.0,250.0
2023-01-11 00:00:00+00:00,155.0,230.0,80.0,-10.0,-70.0,75.0,120.0,30.0,-25.0,-70.0,220.0,265.0,175.0,-25.0,-70.0,-5.0,40.0,-50.0,-105.0,-150.0,50.0,95.0,5.0,-75.0,-120.0,5.0,35.0,-25.0,-10.0,-40.0,75.0,90.0,60.0,65.0,50.0,75.0,90.0,60.0,65.0,50.0,65.0,80.0,50.0,65.0,50.0,0.0,0.0,0.0,0.0,0.0,290.0,305.0,275.0,145.0,130.0
2023-01-12 00:00:00+00:00,60.0,150.0,-30.0,-95.0,-185.0,170.0,215.0,125.0,65.0,20.0,155.0,185.0,125.0,70.0,40.0,-65.0,-20.0,-110.0,-30.0,-75.0,-30.0,0.0,-60.0,5.0,-25.0,-20.0,-5.0,-35.0,-40.0,-55.0,50.0,65.0,35.0,70.0,55.0,30.0,45.0,15.0,85.0,70.0,30.0,45.0,15.0,85.0,70.0,0.0,0.0,0.0,0.0,0.0,230.0,245.0,215.0,210.0,195.0
2023-01-13 00:00:00+00:00,-45.0,45.0,-135.0,-70.0,-160.0,-415.0,-340.0,-490.0,-335.0,-410.0,115.0,175.0,55.0,-100.0,-160.0,-30.0,30.0,-90.0,90.0,45.0,15.0,75.0,-45.0,95.0,50.0,10.0,55.0,-35.0,170.0,140.0,-75.0,-45.0,-105.0,50.0,35.0,-40.0,-10.0,-70.0,90.0,75.0,-40.0,-10.0,-70.0,90.0,75.0,0.0,0.0,0.0,0.0,0.0,-110.0,-95.0,-125.0,-460.0,-475.0
2023-01-16 00:00:00+00:00,145.0,190.0,100.0,55.0,10.0,160.0,190.0,130.0,125.0,95.0,95.0,155.0,35.0,-20.0,-80.0,45.0,75.0,15.0,85.0,55.0,20.0,35.0,5.0,100.0,85.0,20.0,35.0,5.0,100.0,85.0,40.0,70.0,10.0,165.0,135.0,160.0,190.0,130.0,105.0,75.0,80.0,95.0,65.0,65.0,50.0,0.0,0.0,0.0,0.0,0.0,260.0,275.0,245.0,285.0,270.0
2023-01-17 00:00:00+00:00,-100.0,-25.0,-175.0,-165.0,-240.0,-405.0,-345.0,-465.0,-490.0,-550.0,-15.0,45.0,-75.0,-175.0,-235.0,95.0,155.0,35.0,155.0,95.0,20.0,50.0,-10.0,110.0,80.0,20.0,50.0,-10.0,110.0,80.0,20.0,50.0,-10.0,110.0,80.0,90.0,120.0,60.0,165.0,135.0,115.0,130.0,100.0,205.0,190.0,0.0,0.0,0.0,0.0,0.0,-5.0,10.0,-20.0,-10.0,-25.0
2023-01-18 00:00:00+00:00,-220.0,-160.0,-280.0,-130.0,-190.0,-300.0,-255.0,-345.0,-100.0,-145.0,-95.0,-65.0,-125.0,45.0,15.0,-80.0,-50.0,-110.0,25.0,-5.0,-30.0,0.0,-60.0,35.0,5.0,10.0,25.0,-5.0,90.0,75.0,-115.0,-100.0,-130.0,-15.0,-30.0,-65.0,-50.0,-80.0,-5.0,-20.0,0.0,0.0,0.0,0.0,0.0,0.0,0.0,0.0,0.0,0.0,-100.0,-85.0,-115.0,60.0,45.0
2023-01-19 00:00:00+00:00,-290.0,-230.0,-350.0,-375.0,-435.0,-365.0,-320.0,-410.0,-215.0,-260.0,0.0,0.0,0.0,0.0,0.0,-135.0,-60.0,-210.0,-275.0,-350.0,-100.0,-25.0,-175.0,-250.0,-325.0,80.0,110.0,50.0,-205.0,-235.0,-420.0,-390.0,-450.0,-235.0,-265.0,-420.0,-390.0,-450.0,-235.0,-265.0,-310.0,-280.0,-340.0,-235.0,-265.0,0.0,0.0,0.0,0.0,0.0,-455.0,-440.0,-470.0,-410.0,-425.0
2023-01-20 00:00:00+00:00,-180.0,-120.0,-240.0,-100.0,-160.0,-485.0,-410.0,-560.0,-330.0,-405.0,-105.0,-60.0,-150.0,-165.0,-210.0,-170.0,-110.0,-230.0,-130.0,-190.0,-15.0,45.0,-75.0,25.0,-35.0,185.0,215.0,155.0,215.0,185.0,-130.0,-70.0,-190.0,-310.0,-370.0,-120.0,-75.0,-165.0,-190.0,-235.0,80.0,110.0,50.0,0.0,-15.0,0.0,0.0,0.0,0.0,0.0,-400.0,-385.0,-415.0,-340.0,-355.0
2023-01-23 00:00:00+00:00,-45.0,0.0,-90.0,-130.0,-175.0,-235.0,-175.0,-295.0,-270.0,-330.0,-90.0,-60.0,-120.0,-220.0,-250.0,-145.0,-85.0,-205.0,-165.0,-225.0,-40.0,5.0,-85.0,-10.0,-55.0,-85.0,-55.0,-115.0,-40.0,-70.0,10.0,55.0,-35.0,-25.0,-70.0,-75.0,-45.0,-105.0,-60.0,-90.0,-50.0,-20.0,-80.0,70.0,55.0,0.0,0.0,0.0,0.0,0.0,-100.0,-85.0,-115.0,-175.0,-190.0
2023-01-24 00:00:00+00:00,-270.0,-210.0,-330.0,-300.0,-360.0,-390.0,-315.0,-465.0,-220.0,-295.0,-120.0,-90.0,-150.0,-105.0,-135.0,-155.0,-65.0,-245.0,-130.0,-220.0,0.0,75.0,-75.0,-45.0,-120.0,-30.0,15.0,-75.0,-85.0,-130.0,50.0,125.0,-25.0,-15.0,-90.0,55.0,130.0,-20.0,45.0,-30.0,185.0,245.0,125.0,140.0,80.0,0.0,0.0,0.0,0.0,0.0,-80.0,-65.0,-95.0,-100.0,-115.0
2023-01-25 00:00:00+00:00,130.0,160.0,100.0,55.0,25.0,100.0,115.0,85.0,130.0,115.0,-170.0,-140.0,-200.0,-180.0,-210.0,-580.0,-565.0,-595.0,-475.0,-490.0,-580.0,-565.0,-595.0,-475.0,-490.0,-580.0,-565.0,-595.0,-475.0,-490.0,-460.0,-445.0,-475.0,-390.0,-405.0,-460.0,-445.0,-475.0,-390.0,-405.0,-420.0,-405.0,-435.0,-400.0,-415.0,0.0,0.0,0.0,0.0,0.0,-495.0,-480.0,-510.0,-485.0,-500.0
2023-01-26 00:00:00+00:00,-265.0,-190.0,-340.0,-155.0,-215.0,60.0,75.0,45.0,60.0,45.0,-80.0,-65.0,-95.0,-195.0,-210.0,-40.0,20.0,-100.0,-30.0,-90.0,-10.0,35.0,-55.0,5.0,-40.0,130.0,160.0,100.0,90.0,60.0,-200.0,-185.0,-215.0,-225.0,-240.0,-200.0,-185.0,-215.0,-225.0,-240.0,-200.0,-185.0,-215.0,-225.0,-240.0,0.0,0.0,0.0,0.0,0.0,-235.0,-220.0,-250.0,-250.0,-265.0
2023-01-27 00:00:00+00:00,-35.0,40.0,-110.0,65.0,5.0,40.0,115.0,-35.0,130.0,55.0,15.0,90.0,-60.0,75.0,0.0,90.0,150.0,30.0,15.0,-45.0,100.0,160.0,40.0,5.0,-55.0,75.0,105.0,45.0,-35.0,-65.0,15.0,30.0,0.0,0.0,-15.0,15.0,30.0,0.0,0.0,-15.0,15.0,30.0,0.0,0.0,-15.0,0.0,0.0,0.0,0.0,0.0,165.0,180.0,150.0,75.0,60.0
2023-01-30 00:00:00+00:00,-320.0,-245.0,-395.0,-140.0,-215.0,-280.0,-190.0,-370.0,0.0,-90.0,-470.0,-425.0,-515.0,-355.0,-400.0,-100.0,-10.0,-190.0,-410.0,-500.0,35.0,95.0,-25.0,-250.0,-310.0,5.0,35.0,-25.0,-70.0,-100.0,-35.0,25.0,-95.0,-235.0,-295.0,40.0,85.0,-5.0,-20.0,-65.0,5.0,35.0,-25.0,-70.0,-100.0,0.0,0.0,0.0,0.0,0.0,-430.0,-415.0,-445.0,-320.0,-335.0
2023-01-31 00:00:00+00:00,-480.0,-405.0,-555.0,-285.0,-360.0,-285.0,-225.0,-345.0,45.0,-15.0,-145.0,-115.0,-175.0,-15.0,-45.0,-35.0,40.0,-110.0,-150.0,-225.0,70.0,130.0,10.0,-50.0,-110.0,90.0,120.0,60.0,20.0,-10.0,5.0,80.0,-70.0,-200.0,-275.0,5.0,80.0,-70.0,-200.0,-275.0,95.0,140.0,50.0,-105.0,-150.0,0.0,0.0,0.0,0.0,0.0,-270.0,-255.0,-285.0,-220.0,-235.0
2023-02-01 00:00:00+00:00,-495.0,-405.0,-585.0,-310.0,-400.0,-150.0,-105.0,-195.0,-135.0,-180.0,-20.0,-5.0,-35.0,-65.0,-80.0,155.0,230.0,80.0,60.0,-15.0,240.0,300.0,180.0,75.0,15.0,180.0,225.0,135.0,65.0,20.0,-40.0,20.0,-100.0,15.0,-45.0,10.0,70.0,-50.0,-20.0,-80.0,135.0,195.0,75.0,15.0,-45.0,0.0,0.0,0.0,0.0,0.0,-65.0,-50.0,-80.0,-75.0,-90.0
2023-02-02 00:00:00+00:00,-175.0,-115.0,-235.0,-40.0,-100.0,-125.0,-80.0,-170.0,-105.0,-150.0,-360.0,-315.0,-405.0,-380.0,-425.0,-225.0,-165.0,-285.0,-160.0,-220.0,-225.0,-165.0,-285.0,-160.0,-220.0,-250.0,-220.0,-280.0,-190.0,-220.0,95.0,155.0,35.0,115.0,55.0,75.0,120.0,30.0,200.0,155.0,160.0,190.0,130.0,275.0,245.0,0.0,0.0,0.0,0.0,0.0,-490.0,-475.0,-505.0,-540.0,-555.0
2023-02-03 00:00:00+00:00,-260.0,-185.0,-335.0,-205.0,-265.0,-275.0,-215.0,-335.0,-205.0,-265.0,-85.0,-25.0,-145.0,-150.0,-195.0,80.0,140.0,20.0,40.0,-20.0,35.0,80.0,-10.0,55.0,10.0,35.0,80.0,-10.0,55.0,10.0,145.0,190.0,100.0,80.0,35.0,145.0,190.0,100.0,80.0,35.0,205.0,250.0,160.0,115.0,70.0,0.0,0.0,0.0,0.0,0.0,-50.0,-35.0,-65.0,100.0,85.0
2023-02-06 00:00:00+00:00,-260.0,-200.0,-320.0,-360.0,-420.0,-235.0,-175.0,-295.0,-165.0,-225.0,0.0,0.0,0.0,0.0,0.0,-495.0,-450.0,-540.0,-280.0,-325.0,-325.0,-280.0,-370.0,-255.0,-300.0,-245.0,-200.0,-290.0,-150.0,-195.0,-445.0,-415.0,-475.0,-470.0,-500.0,-480.0,-465.0,-495.0,-535.0,-550.0,-380.0,-365.0,-395.0,-400.0,-415.0,0.0,0.0,0.0,0.0,0.0,-350.0,-335.0,-365.0,-260.0,-275.0
2023-02-07 00:00:00+00:00,10.0,70.0,-50.0,-170.0,-230.0,-125.0,-95.0,-155.0,-180.0,-210.0,-230.0,-185.0,-275.0,-295.0,-340.0,-75.0,-30.0,-120.0,-10.0,-55.0,10.0,55.0,-35.0,55.0,25.0,185.0,215.0,155.0,80.0,50.0,-65.0,-35.0,-95.0,-20.0,-50.0,-15.0,15.0,-45.0,60.0,30.0,50.0,80.0,20.0,5.0,-25.0,0.0,0.0,0.0,0.0,0.0,-95.0,-80.0,-110.0,-75.0,-90.0
2023-02-08 00:00:00+00:00,-405.0,-300.0,-510.0,-15.0,-120.0,-130.0,-70.0,-190.0,-80.0,-140.0,-120.0,-75.0,-165.0,-295.0,-340.0,-35.0,25.0,-95.0,-195.0,-255.0,-185.0,-155.0,-215.0,-160.0,-190.0,-165.0,-135.0,-195.0,-120.0,-150.0,-160.0,-115.0,-205.0,-115.0,-160.0,-125.0,-95.0,-155.0,-75.0,-105.0,-245.0,-230.0,-260.0,-120.0,-135.0,0.0,0.0,0.0,0.0,0.0,-215.0,-200.0,-230.0,-220.0,-235.0
2023-02-09 00:00:00+00:00,140.0,185.0,95.0,40.0,-5.0,15.0,60.0,-30.0,-80.0,-125.0,0.0,30.0,-30.0,-135.0,-165.0,-190.0,-145.0,-235.0,-55.0,-100.0,-130.0,-85.0,-175.0,20.0,-25.0,-60.0,-30.0,-90.0,145.0,115.0,0.0,30.0,-30.0,110.0,80.0,30.0,60.0,0.0,135.0,105.0,30.0,60.0,0.0,145.0,115.0,0.0,0.0,0.0,0.0,0.0,0.0,15.0,-15.0,10.0,-5.0
2023-02-10 00:00:00+00:00,-125.0,-65.0,-185.0,-120.0,-180.0,-665.0,-620.0,-710.0,-405.0,-450.0,-205.0,-190.0,-220.0,-155.0,-170.0,-760.0,-700.0,-820.0,-395.0,-455.0,-280.0,-235.0,-325.0,-410.0,-455.0,-280.0,-235.0,-325.0,-410.0,-455.0,-555.0,-525.0,-585.0,-600.0,-630.0,-555.0,-525.0,-585.0,-600.0,-630.0,-555.0,-525.0,-585.0,-600.0,-630.0,0.0,0.0,0.0,0.0,0.0,-850.0,-835.0,-865.0,-940.0,-955.0
2023-02-13 00:00:00+00:00,-95.0,-5.0,-185.0,-190.0,-265.0,-160.0,-115.0,-205.0,-145.0,-190.0,-170.0,-125.0,-215.0,-75.0,-120.0,-145.0,-115.0,-175.0,5.0,-25.0,-145.0,-115.0,-175.0,5.0,-25.0,15.0,45.0,-15.0,30.0,0.0,-70.0,-55.0,-85.0,0.0,-15.0,-55.0,-40.0,-70.0,-70.0,-85.0,-55.0,-40.0,-70.0,-70.0,-85.0,0.0,0.0,0.0,0.0,0.0,-95.0,-80.0,-110.0,-90.0,-105.0
2023-02-14 00:00:00+00:00,-35.0,25.0,-95.0,-335.0,-395.0,25.0,85.0,-35.0,-165.0,-225.0,95.0,140.0,50.0,-135.0,-180.0,185.0,230.0,140.0,245.0,200.0,35.0,50.0,20.0,55.0,40.0,35.0,50.0,20.0,55.0,40.0,0.0,0.0,0.0,0.0,0.0,0.0,0.0,0.0,0.0,0.0,0.0,0.0,0.0,0.0,0.0,0.0,0.0,0.0,0.0,0.0,220.0,235.0,205.0,-55.0,-70.0
2023-02-15 00:00:00+00:00,-150.0,-75.0,-225.0,-320.0,-395.0,-120.0,-75.0,-165.0,-240.0,-285.0,-110.0,-65.0,-155.0,-275.0,-320.0,105.0,165.0,45.0,235.0,175.0,105.0,165.0,45.0,235.0,175.0,145.0,190.0,100.0,110.0,65.0,75.0,105.0,45.0,65.0,35.0,75.0,105.0,45.0,65.0,35.0,120.0,150.0,90.0,75.0,45.0,0.0,0.0,0.0,0.0,0.0,30.0,45.0,15.0,-50.0,-65.0
2023-02-16 00:00:00+00:00,-125.0,-65.0,-185.0,105.0,45.0,-200.0,-155.0,-245.0,-280.0,-325.0,-265.0,-220.0,-310.0,-315.0,-360.0,-105.0,-60.0,-150.0,-130.0,-175.0,-105.0,-60.0,-150.0,-130.0,-175.0,-40.0,-10.0,-70.0,-70.0,-100.0,155.0,200.0,110.0,90.0,45.0,155.0,200.0,110.0,30.0,-15.0,20.0,35.0,5.0,-40.0,-55.0,0.0,0.0,0.0,0.0,0.0,-105.0,-90.0,-120.0,-170.0,-185.0
2023-02-17 00:00:00+00:00,115.0,175.0,55.0,155.0,110.0,-80.0,-35.0,-125.0,155.0,110.0,-35.0,-20.0,-50.0,-35.0,-50.0,-90.0,-45.0,-135.0,-20.0,-65.0,-90.0,-45.0,-135.0,-20.0,-65.0,10.0,40.0,-20.0,115.0,85.0,-120.0,-105.0,-135.0,-190.0,-205.0,-20.0,-5.0,-35.0,-105.0,-120.0,90.0,105.0,75.0,100.0,85.0,0.0,0.0,0.0,0.0,0.0,-115.0,-100.0,-130.0,-85.0,-100.0
2023-02-21 00:00:00+00:00,30.0,90.0,-30.0,210.0,150.0,40.0,55.0,25.0,-55.0,-70.0,-200.0,-185.0,-215.0,-225.0,-240.0,-210.0,-165.0,-255.0,-325.0,-370.0,-190.0,-160.0,-220.0,-215.0,-245.0,-320.0,-305.0,-335.0,-295.0,-310.0,45.0,75.0,15.0,70.0,40.0,15.0,45.0,-15.0,35.0,5.0,440.0,470.0,410.0,440.0,410.0,0.0,0.0,0.0,0.0,0.0,-35.0,-20.0,-50.0,0.0,-15.0
2023-02-22 00:00:00+00:00,-170.0,-110.0,-230.0,-180.0,-240.0,-480.0,-435.0,-525.0,-410.0,-455.0,-110.0,-65.0,-155.0,-280.0,-325.0,-110.0,-65.0,-155.0,-65.0,-110.0,-35.0,10.0,-80.0,-10.0,-55.0,-160.0,-130.0,-190.0,-135.0,-165.0,-70.0,-25.0,-115.0,45.0,15.0,-175.0,-145.0,-205.0,45.0,30.0,0.0,0.0,0.0,0.0,0.0,0.0,0.0,0.0,0.0,0.0,-225.0,-210.0,-240.0,-220.0,-235.0
2023-02-23 00:00:00+00:00,-95.0,-35.0,-155.0,-360.0,-420.0,-180.0,-150.0,-210.0,-245.0,-275.0,-200.0,-155.0,-245.0,-475.0,-520.0,45.0,120.0,-30.0,75.0,0.0,80.0,155.0,5.0,50.0,-25.0,10.0,55.0,-35.0,10.0,-35.0,-15.0,45.0,-75.0,25.0,-35.0,160.0,205.0,115.0,245.0,200.0,50.0,80.0,20.0,135.0,105.0,0.0,0.0,0.0,0.0,0.0,-80.0,-65.0,-95.0,-100.0,-115.0
2023-02-24 00:00:00+00:00,-360.0,-285.0,-435.0,-275.0,-350.0,-30.0,-15.0,-45.0,-70.0,-85.0,-50.0,-20.0,-80.0,20.0,-10.0,-375.0,-300.0,-450.0,-535.0,-610.0,-350.0,-290.0,-410.0,-480.0,-540.0,-430.0,-385.0,-475.0,-510.0,-555.0,-375.0,-330.0,-420.0,-580.0,-625.0,-375.0,-330.0,-420.0,-580.0,-625.0,-375.0,-345.0,-405.0,-515.0,-545.0,0.0,0.0,0.0,0.0,0.0,-525.0,-510.0,-540.0,-600.0,-615.0
2023-02-27 00:00:00+00:00,-30.0,60.0,-120.0,-120.0,-210.0,20.0,110.0,-70.0,-100.0,-190.0,100.0,145.0,55.0,205.0,160.0,235.0,295.0,175.0,160.0,115.0,195.0,240.0,150.0,165.0,135.0,65.0,80.0,50.0,0.0,0.0,65.0,80.0,50.0,0.0,0.0,65.0,80.0,50.0,0.0,0.0,0.0,0.0,0.0,0.0,0.0,0.0,0.0,0.0,0.0,0.0,165.0,180.0,150.0,135.0,120.0
2023-02-28 00:00:00+00:00,270.0,330.0,210.0,255.0,210.0,250.0,295.0,205.0,175.0,130.0,610.0,625.0,595.0,525.0,510.0,80.0,125.0,35.0,120.0,75.0,-25.0,5.0,-55.0,-40.0,-70.0,-30.0,-15.0,-45.0,-15.0,-30.0,95.0,110.0,80.0,55.0,40.0,0.0,0.0,0.0,0.0,0.0,0.0,0.0,0.0,0.0,0.0,0.0,0.0,0.0,0.0,0.0,610.0,625.0,595.0,525.0,510.0
2023-03-01 00:00:00+00:00,95.0,185.0,5.0,-170.0,-260.0,0.0,45.0,-45.0,-135.0,-180.0,-80.0,-5.0,-155.0,-315.0,-390.0,-35.0,-5.0,-65.0,40.0,10.0,-35.0,-5.0,-65.0,40.0,10.0,-70.0,-55.0,-85.0,-30.0,-45.0,55.0,70.0,40.0,60.0,45.0,50.0,65.0,35.0,55.0,40.0,0.0,0.0,0.0,0.0,0.0,0.0,0.0,0.0,0.0,0.0,5.0,20.0,-10.0,-155.0,-170.0
2023-03-02 00:00:00+00:00,70.0,130.0,10.0,-45.0,-105.0,165.0,195.0,135.0,10.0,-20.0,200.0,245.0,155.0,-120.0,-165.0,-160.0,-145.0,-175.0,5.0,-10.0,-95.0,-80.0,-110.0,-15.0,-30.0,-100.0,-85.0,-115.0,25.0,10.0,-30.0,-15.0,-45.0,75.0,60.0,-20.0,-5.0,-35.0,105.0,90.0,125.0,140.0,110.0,325.0,310.0,0.0,0.0,0.0,0.0,0.0,195.0,210.0,180.0,105.0,90.0
2023-03-03 00:00:00+00:00,15.0,75.0,-45.0,90.0,30.0,185.0,230.0,140.0,220.0,175.0,340.0,355.0,325.0,315.0,300.0,65.0,110.0,20.0,-10.0,-55.0,50.0,80.0,20.0,45.0,15.0,-5.0,10.0,-20.0,10.0,-5.0,55.0,70.0,40.0,35.0,20.0,0.0,0.0,0.0,0.0,0.0,0.0,0.0,0.0,0.0,0.0,0.0,0.0,0.0,0.0,0.0,340.0,355.0,325.0,315.0,300.0
2023-03-06 00:00:00+00:00,-135.0,-45.0,-225.0,-75.0,-165.0,-135.0,-75.0,-195.0,-115.0,-175.0,-300.0,-240.0,-360.0,-400.0,-460.0,-55.0,-10.0,-100.0,30.0,-15.0,-15.0,30.0,-60.0,0.0,-45.0,30.0,45.0,15.0,60.0,45.0,-20.0,40.0,-80.0,40.0,-20.0,0.0,30.0,-30.0,100.0,70.0,100.0,130.0,70.0,140.0,110.0,0.0,0.0,0.0,0.0,0.0,-205.0,-190.0,-220.0,-240.0,-255.0
2023-03-07 00:00:00+00:00,-115.0,-40.0,-190.0,-195.0,-270.0,-240.0,-165.0,-315.0,-105.0,-180.0,-70.0,-25.0,-115.0,-175.0,-220.0,10.0,70.0,-50.0,-60.0,-105.0,-10.0,35.0,-55.0,-40.0,-70.0,35.0,80.0,-10.0,0.0,-30.0,65.0,110.0,20.0,-5.0,-35.0,100.0,145.0,55.0,45.0,15.0,60.0,90.0,30.0,25.0,10.0,0.0,0.0,0.0,0.0,0.0,-80.0,-65.0,-95.0,-150.0,-165.0
2023-03-08 00:00:00+00:00,-70.0,-10.0,-130.0,75.0,15.0,-35.0,10.0,-80.0,-5.0,-50.0,-25.0,5.0,-55.0,-85.0,-115.0,-10.0,35.0,-55.0,-55.0,-100.0,-40.0,-25.0,-55.0,-20.0,-35.0,70.0,85.0,55.0,65.0,50.0,0.0,15.0,-15.0,40.0,25.0,20.0,35.0,5.0,75.0,60.0,110.0,125.0,95.0,125.0,110.0,0.0,0.0,0.0,0.0,0.0,10.0,25.0,-5.0,55.0,40.0
2023-03-09 00:00:00+00:00,310.0,340.0,280.0,300.0,270.0,280.0,340.0,220.0,255.0,195.0,175.0,205.0,145.0,145.0,115.0,-20.0,25.0,-65.0,-10.0,-55.0,-30.0,15.0,-75.0,-100.0,-145.0,25.0,55.0,-5.0,-20.0,-50.0,-60.0,-30.0,-90.0,-70.0,-100.0,-15.0,15.0,-45.0,-55.0,-85.0,70.0,100.0,40.0,40.0,10.0,0.0,0.0,0.0,0.0,0.0,210.0,225.0,195.0,275.0,260.0
2023-03-10 00:00:00+00:00,45.0,105.0,-15.0,30.0,-30.0,-190.0,-130.0,-250.0,-90.0,-150.0,340.0,370.0,310.0,20.0,-10.0,165.0,225.0,105.0,400.0,340.0,380.0,425.0,335.0,265.0,220.0,180.0,210.0,150.0,-130.0,-145.0,275.0,305.0,245.0,330.0,300.0,275.0,305.0,245.0,330.0,300.0,155.0,170.0,140.0,0.0,0.0,0.0,0.0,0.0,0.0,0.0,685.0,700.0,670.0,585.0,570.0
2023-03-13 00:00:00+00:00,-310.0,-250.0,-370.0,-90.0,-150.0,-85.0,-25.0,-145.0,375.0,315.0,-430.0,-400.0,-460.0,-330.0,-360.0,-185.0,-125.0,-245.0,30.0,-15.0,-490.0,-460.0,-520.0,-240.0,-255.0,-390.0,-375.0,-405.0,-340.0,-355.0,-500.0,-470.0,-530.0,-555.0,-585.0,-560.0,-545.0,-575.0,-520.0,-535.0,-560.0,-545.0,-575.0,-520.0,-535.0,0.0,0.0,0.0,0.0,0.0,-670.0,-655.0,-685.0,-550.0,-565.0
2023-03-14 00:00:00+00:00,180.0,240.0,120.0,160.0,100.0,-105.0,-45.0,-165.0,-40.0,-100.0,-320.0,-260.0,-380.0,-85.0,-145.0,125.0,170.0,80.0,215.0,170.0,85.0,115.0,55.0,165.0,135.0,-60.0,-45.0,-75.0,25.0,10.0,260.0,290.0,230.0,225.0,195.0,365.0,395.0,335.0,210.0,180.0,285.0,300.0,270.0,195.0,180.0,0.0,0.0,0.0,0.0,0.0,145.0,160.0,130.0,280.0,265.0
2023-03-20 00:00:00+00:00,540.0,585.0,495.0,140.0,95.0,430.0,475.0,385.0,240.0,195.0,610.0,640.0,580.0,115.0,85.0,560.0,605.0,515.0,260.0,215.0,275.0,290.0,260.0,75.0,60.0,275.0,290.0,260.0,75.0,60.0,380.0,395.0,365.0,-70.0,-85.0,0.0,0.0,0.0,0.0,0.0,0.0,0.0,0.0,0.0,0.0,0.0,0.0,0.0,0.0,0.0,530.0,545.0,515.0,410.0,395.0
2023-03-21 00:00:00+00:00,545.0,605.0,485.0,610.0,550.0,605.0,635.0,575.0,785.0,770.0,750.0,765.0,735.0,840.0,825.0,150.0,180.0,120.0,5.0,-25.0,180.0,210.0,150.0,40.0,10.0,0.0,0.0,0.0,0.0,0.0,0.0,0.0,0.0,0.0,0.0,0.0,0.0,0.0,0.0,0.0,0.0,0.0,0.0,0.0,0.0,0.0,0.0,0.0,0.0,0.0,765.0,780.0,750.0,895.0,880.0
2023-03-22 00:00:00+00:00,310.0,370.0,250.0,295.0,235.0,280.0,325.0,235.0,120.0,75.0,325.0,340.0,310.0,290.0,275.0,-15.0,0.0,-30.0,65.0,50.0,-15.0,0.0,-30.0,65.0,50.0,0.0,0.0,0.0,0.0,0.0,155.0,170.0,140.0,40.0,25.0,0.0,0.0,0.0,0.0,0.0,0.0,0.0,0.0,0.0,0.0,0.0,0.0,0.0,0.0,0.0,325.0,340.0,310.0,290.0,275.0
2023-03-23 00:00:00+00:00,140.0,170.0,110.0,215.0,185.0,260.0,275.0,245.0,80.0,65.0,85.0,100.0,70.0,115.0,100.0,-700.0,-670.0,-730.0,-685.0,-715.0,-700.0,-670.0,-730.0,-685.0,-715.0,-570.0,-540.0,-600.0,-550.0,-580.0,-600.0,-585.0,-615.0,-385.0,-400.0,-600.0,-585.0,-615.0,-385.0,-400.0,-600.0,-585.0,-615.0,-385.0,-400.0,0.0,0.0,0.0,0.0,0.0,-400.0,-385.0,-415.0,-250.0,-265.0
2023-03-24 00:00:00+00:00,-505.0,-445.0,-565.0,-465.0,-510.0,10.0,40.0,-20.0,-90.0,-120.0,-10.0,5.0,-25.0,40.0,25.0,-360.0,-315.0,-405.0,-360.0,-405.0,-500.0,-470.0,-530.0,-420.0,-450.0,-375.0,-345.0,-405.0,-575.0,-605.0,-600.0,-570.0,-630.0,-610.0,-640.0,-230.0,-200.0,-260.0,-400.0,-430.0,-260.0,-230.0,-290.0,-235.0,-265.0,0.0,0.0,0.0,0.0,0.0,-1140.0,-1125.0,-1155.0,-1185.0,-1200.0
2023-03-27 00:00:00+00:00,35.0,95.0,-25.0,275.0,215.0,115.0,160.0,70.0,290.0,245.0,275.0,320.0,230.0,335.0,290.0,240.0,270.0,210.0,75.0,45.0,140.0,155.0,125.0,30.0,15.0,140.0,155.0,125.0,30.0,15.0,240.0,270.0,210.0,75.0,45.0,0.0,0.0,0.0,0.0,0.0,0.0,0.0,0.0,0.0,0.0,0.0,0.0,0.0,0.0,0.0,575.0,590.0,560.0,470.0,455.0
2023-03-28 00:00:00+00:00,-95.0,-20.0,-170.0,-90.0,-165.0,45.0,105.0,-15.0,-100.0,-160.0,5.0,35.0,-25.0,-65.0,-95.0,-170.0,-125.0,-215.0,-145.0,-190.0,-130.0,-85.0,-175.0,-110.0,-155.0,-135.0,-105.0,-165.0,-80.0,-110.0,-215.0,-200.0,-230.0,-320.0,-335.0,-215.0,-200.0,-230.0,-320.0,-335.0,-160.0,-145.0,-175.0,-180.0,-195.0,0.0,0.0,0.0,0.0,0.0,-70.0,-55.0,-85.0,-205.0,-220.0
2023-03-29 00:00:00+00:00,-115.0,-40.0,-190.0,-195.0,-255.0,-60.0,15.0,-135.0,-170.0,-245.0,-75.0,-15.0,-135.0,50.0,5.0,-20.0,10.0,-50.0,-30.0,-60.0,-20.0,10.0,-50.0,-30.0,-60.0,-5.0,10.0,-20.0,-10.0,-25.0,30.0,75.0,-15.0,-20.0,-65.0,20.0,50.0,-10.0,-30.0,-60.0,20.0,50.0,-10.0,-30.0,-60.0,0.0,0.0,0.0,0.0,0.0,65.0,80.0,50.0,-50.0,-65.0
2023-03-30 00:00:00+00:00,95.0,170.0,20.0,130.0,55.0,230.0,260.0,200.0,185.0,155.0,135.0,165.0,105.0,145.0,115.0,-30.0,0.0,-60.0,-45.0,-75.0,-65.0,-50.0,-80.0,-25.0,-40.0,-65.0,-50.0,-80.0,-25.0,-40.0,5.0,20.0,-10.0,55.0,40.0,45.0,60.0,30.0,95.0,80.0,70.0,85.0,55.0,50.0,35.0,0.0,0.0,0.0,0.0,0.0,245.0,260.0,230.0,295.0,280.0
2023-03-31 00:00:00+00:00,115.0,145.0,85.0,160.0,130.0,280.0,310.0,250.0,245.0,215.0,330.0,345.0,315.0,225.0,210.0,80.0,125.0,35.0,40.0,-5.0,110.0,140.0,80.0,20.0,-10.0,35.0,50.0,20.0,15.0,0.0,70.0,85.0,55.0,65.0,50.0,60.0,75.0,45.0,100.0,85.0,70.0,85.0,55.0,0.0,0.0,0.0,0.0,0.0,0.0,0.0,410.0,425.0,395.0,265.0,250.0
2023-04-03 00:00:00+00:00,-165.0,-90.0,-240.0,-285.0,-360.0,30.0,90.0,-30.0,15.0,-30.0,15.0,45.0,-15.0,-65.0,-95.0,35.0,80.0,-10.0,85.0,40.0,80.0,110.0,50.0,30.0,0.0,55.0,70.0,40.0,55.0,40.0,75.0,90.0,60.0,40.0,25.0,75.0,90.0,60.0,40.0,25.0,75.0,90.0,60.0,40.0,25.0,0.0,0.0,0.0,0.0,0.0,60.0,75.0,45.0,50.0,35.0
2023-04-04 00:00:00+00:00,200.0,260.0,140.0,175.0,115.0,50.0,80.0,20.0,-5.0,-35.0,220.0,250.0,190.0,135.0,105.0,-45.0,0.0,-90.0,-175.0,-220.0,-70.0,-40.0,-100.0,-170.0,-200.0,-10.0,20.0,-40.0,-15.0,-45.0,-70.0,-40.0,-100.0,-15.0,-45.0,-80.0,-65.0,-95.0,-70.0,-85.0,-80.0,-65.0,-95.0,-70.0,-85.0,0.0,0.0,0.0,0.0,0.0,125.0,140.0,110.0,135.0,120.0
2023-04-05 00:00:00+00:00,-130.0,-55.0,-205.0,-190.0,-250.0,95.0,170.0,20.0,115.0,55.0,-70.0,-25.0,-115.0,-95.0,-140.0,180.0,240.0,120.0,155.0,95.0,95.0,140.0,50.0,65.0,20.0,0.0,0.0,0.0,0.0,0.0,70.0,100.0,40.0,75.0,45.0,120.0,150.0,90.0,45.0,15.0,0.0,0.0,0.0,0.0,0.0,0.0,0.0,0.0,0.0,0.0,210.0,225.0,195.0,85.0,70.0
2023-04-06 00:00:00+00:00,-115.0,-40.0,-190.0,-40.0,-115.0,-5.0,40.0,-50.0,-115.0,-160.0,-190.0,-115.0,-265.0,-275.0,-335.0,10.0,55.0,-35.0,25.0,-20.0,-5.0,25.0,-35.0,40.0,10.0,30.0,45.0,15.0,55.0,40.0,120.0,150.0,90.0,185.0,155.0,120.0,150.0,90.0,175.0,145.0,90.0,105.0,75.0,140.0,125.0,0.0,0.0,0.0,0.0,0.0,95.0,110.0,80.0,85.0,70.0
2023-04-10 00:00:00+00:00,-95.0,-20.0,-170.0,-240.0,-315.0,-10.0,35.0,-55.0,-125.0,-170.0,60.0,75.0,45.0,-10.0,-25.0,-170.0,-110.0,-230.0,65.0,20.0,-140.0,-110.0,-170.0,15.0,0.0,50.0,65.0,35.0,15.0,0.0,-140.0,-110.0,-170.0,15.0,0.0,-140.0,-110.0,-170.0,15.0,0.0,0.0,0.0,0.0,0.0,0.0,0.0,0.0,0.0,0.0,0.0,-115.0,-100.0,-130.0,-115.0,-130.0
2023-04-11 00:00:00+00:00,-90.0,-30.0,-150.0,-110.0,-170.0,-75.0,-30.0,-120.0,-30.0,-75.0,-10.0,5.0,-25.0,-30.0,-45.0,-310.0,-280.0,-340.0,-310.0,-340.0,-245.0,-215.0,-275.0,-250.0,-280.0,-205.0,-175.0,-235.0,-225.0,-255.0,-255.0,-225.0,-285.0,-335.0,-365.0,-195.0,-165.0,-225.0,-270.0,-300.0,-195.0,-165.0,-225.0,-270.0,-300.0,0.0,0.0,0.0,0.0,0.0,-270.0,-255.0,-285.0,-315.0,-330.0
2023-04-12 00:00:00+00:00,-15.0,45.0,-75.0,60.0,0.0,110.0,140.0,80.0,95.0,65.0,115.0,145.0,85.0,60.0,30.0,-15.0,30.0,-60.0,70.0,25.0,-40.0,-10.0,-70.0,60.0,30.0,-40.0,-10.0,-70.0,60.0,30.0,5.0,50.0,-40.0,45.0,0.0,-20.0,-5.0,-35.0,25.0,10.0,-15.0,0.0,-30.0,75.0,60.0,0.0,0.0,0.0,0.0,0.0,85.0,100.0,70.0,170.0,155.0
2023-04-13 00:00:00+00:00,-120.0,-60.0,-180.0,-75.0,-135.0,-70.0,-25.0,-115.0,20.0,-25.0,-285.0,-240.0,-330.0,-345.0,-390.0,-135.0,-90.0,-180.0,-90.0,-135.0,-50.0,-5.0,-95.0,-10.0,-55.0,5.0,35.0,-25.0,30.0,0.0,-100.0,-70.0,-130.0,-25.0,-55.0,-15.0,15.0,-45.0,55.0,25.0,45.0,75.0,15.0,90.0,60.0,0.0,0.0,0.0,0.0,0.0,-70.0,-55.0,-85.0,-40.0,-55.0
2023-04-14 00:00:00+00:00,255.0,330.0,180.0,235.0,160.0,505.0,565.0,445.0,325.0,265.0,615.0,630.0,600.0,605.0,590.0,170.0,200.0,140.0,300.0,270.0,0.0,15.0,-15.0,95.0,80.0,0.0,0.0,0.0,0.0,0.0,50.0,80.0,20.0,155.0,125.0,0.0,15.0,-15.0,95.0,80.0,0.0,0.0,0.0,0.0,0.0,0.0,0.0,0.0,0.0,0.0,690.0,705.0,675.0,710.0,695.0
2023-04-17 00:00:00+00:00,-300.0,-225.0,-375.0,-290.0,-365.0,-215.0,-110.0,-320.0,-175.0,-280.0,-135.0,-75.0,-195.0,-180.0,-240.0,155.0,230.0,80.0,110.0,35.0,175.0,235.0,115.0,-45.0,-105.0,75.0,105.0,45.0,-15.0,-45.0,130.0,190.0,70.0,30.0,-30.0,155.0,215.0,95.0,20.0,-40.0,110.0,155.0,65.0,-45.0,-90.0,0.0,0.0,0.0,0.0,0.0,90.0,105.0,75.0,70.0,55.0
2023-04-18 00:00:00+00:00,285.0,360.0,210.0,310.0,235.0,375.0,405.0,345.0,330.0,300.0,95.0,110.0,80.0,85.0,70.0,-530.0,-500.0,-560.0,-485.0,-515.0,-575.0,-560.0,-590.0,-540.0,-555.0,0.0,0.0,0.0,0.0,0.0,0.0,0.0,0.0,0.0,0.0,0.0,0.0,0.0,0.0,0.0,0.0,0.0,0.0,0.0,0.0,0.0,0.0,0.0,0.0,0.0,-125.0,-110.0,-140.0,-125.0,-140.0
2023-04-19 00:00:00+00:00,-10.0,65.0,-85.0,-155.0,-230.0,110.0,140.0,80.0,115.0,85.0,60.0,90.0,30.0,210.0,180.0,-80.0,-35.0,-125.0,-50.0,-95.0,-55.0,-10.0,-100.0,40.0,-5.0,-55.0,-40.0,-70.0,35.0,20.0,-160.0,-145.0,-175.0,20.0,5.0,-160.0,-145.0,-175.0,20.0,5.0,-160.0,-145.0,-175.0,20.0,5.0,0.0,0.0,0.0,0.0,0.0,-20.0,-5.0,-35.0,85.0,70.0
2023-04-20 00:00:00+00:00,-90.0,0.0,-180.0,-355.0,-445.0,-310.0,-235.0,-385.0,-165.0,-225.0,-375.0,-300.0,-450.0,-320.0,-395.0,85.0,130.0,40.0,100.0,55.0,-10.0,20.0,-40.0,130.0,100.0,0.0,15.0,-15.0,55.0,40.0,130.0,160.0,100.0,235.0,205.0,140.0,155.0,125.0,160.0,145.0,140.0,155.0,125.0,160.0,145.0,0.0,0.0,0.0,0.0,0.0,-30.0,-15.0,-45.0,-160.0,-175.0
2023-04-21 00:00:00+00:00,-415.0,-325.0,-505.0,-250.0,-340.0,-100.0,-40.0,-160.0,-185.0,-245.0,-55.0,-40.0,-70.0,-75.0,-90.0,-150.0,-105.0,-195.0,-65.0,-110.0,-10.0,20.0,-40.0,-25.0,-55.0,-10.0,20.0,-40.0,-25.0,-55.0,-30.0,-15.0,-45.0,-10.0,-25.0,-30.0,-15.0,-45.0,-10.0,-25.0,-30.0,-15.0,-45.0,-10.0,-25.0,0.0,0.0,0.0,0.0,0.0,-110.0,-95.0,-125.0,-130.0,-145.0
2023-04-25 00:00:00+00:00,-325.0,-265.0,-385.0,-230.0,-290.0,-60.0,15.0,-135.0,105.0,30.0,-340.0,-280.0,-400.0,-280.0,-340.0,190.0,235.0,145.0,175.0,130.0,190.0,235.0,145.0,175.0,130.0,55.0,70.0,40.0,65.0,50.0,185.0,230.0,140.0,185.0,140.0,305.0,350.0,260.0,110.0,65.0,0.0,0.0,0.0,0.0,0.0,0.0,0.0,0.0,0.0,0.0,155.0,170.0,140.0,220.0,205.0
2023-04-26 00:00:00+00:00,-630.0,-540.0,-720.0,-495.0,-585.0,-455.0,-380.0,-530.0,-495.0,-570.0,-300.0,-270.0,-330.0,-145.0,-175.0,190.0,265.0,115.0,270.0,195.0,375.0,435.0,315.0,650.0,590.0,240.0,285.0,195.0,335.0,290.0,120.0,165.0,75.0,125.0,80.0,230.0,275.0,185.0,335.0,290.0,185.0,215.0,155.0,115.0,85.0,0.0,0.0,0.0,0.0,0.0,50.0,65.0,35.0,0.0,-15.0
2023-04-27 00:00:00+00:00,-190.0,-100.0,-280.0,360.0,270.0,280.0,310.0,250.0,370.0,340.0,-65.0,-5.0,-125.0,170.0,110.0,-250.0,-205.0,-295.0,-155.0,-200.0,-75.0,-30.0,-120.0,-210.0,-255.0,10.0,40.0,-20.0,-130.0,-160.0,35.0,65.0,5.0,-10.0,-40.0,115.0,145.0,85.0,30.0,15.0,55.0,70.0,40.0,30.0,15.0,0.0,0.0,0.0,0.0,0.0,245.0,260.0,230.0,245.0,230.0
2023-04-28 00:00:00+00:00,145.0,190.0,100.0,-55.0,-100.0,80.0,125.0,35.0,-105.0,-150.0,-70.0,-55.0,-85.0,-75.0,-90.0,-85.0,-55.0,-115.0,130.0,100.0,-55.0,-25.0,-85.0,55.0,25.0,45.0,75.0,15.0,160.0,130.0,120.0,165.0,75.0,205.0,160.0,175.0,220.0,130.0,255.0,210.0,-25.0,-10.0,-40.0,-10.0,-25.0,0.0,0.0,0.0,0.0,0.0,275.0,290.0,260.0,175.0,160.0
2023-05-01 00:00:00+00:00,-225.0,-150.0,-300.0,-110.0,-170.0,-260.0,-185.0,-335.0,-190.0,-250.0,-150.0,-105.0,-195.0,-60.0,-90.0,115.0,175.0,55.0,50.0,-10.0,110.0,170.0,50.0,25.0,-35.0,85.0,115.0,55.0,95.0,65.0,65.0,110.0,20.0,85.0,40.0,40.0,70.0,10.0,70.0,40.0,70.0,100.0,40.0,110.0,80.0,0.0,0.0,0.0,0.0,0.0,-70.0,-55.0,-85.0,-70.0,-85.0
2023-05-02 00:00:00+00:00,-170.0,-95.0,-245.0,-170.0,-245.0,-385.0,-295.0,-475.0,-315.0,-405.0,-345.0,-240.0,-450.0,-375.0,-480.0,30.0,105.0,-45.0,50.0,-25.0,85.0,130.0,40.0,50.0,5.0,55.0,70.0,40.0,30.0,15.0,175.0,220.0,130.0,115.0,70.0,145.0,175.0,115.0,140.0,110.0,180.0,210.0,150.0,65.0,35.0,0.0,0.0,0.0,0.0,0.0,-90.0,-75.0,-105.0,-95.0,-110.0
2023-05-03 00:00:00+00:00,-145.0,-70.0,-220.0,-245.0,-320.0,-390.0,-315.0,-465.0,-265.0,-340.0,-310.0,-220.0,-400.0,-235.0,-325.0,-10.0,65.0,-85.0,105.0,30.0,-25.0,20.0,-70.0,110.0,65.0,80.0,110.0,50.0,165.0,135.0,140.0,170.0,110.0,240.0,210.0,140.0,170.0,110.0,240.0,210.0,175.0,205.0,145.0,215.0,185.0,0.0,0.0,0.0,0.0,0.0,-45.0,-30.0,-60.0,-55.0,-70.0
2023-05-04 00:00:00+00:00,-300.0,-210.0,-390.0,-475.0,-550.0,-440.0,-365.0,-515.0,-450.0,-525.0,-220.0,-190.0,-250.0,-140.0,-170.0,-415.0,-370.0,-460.0,-160.0,-205.0,-315.0,-270.0,-360.0,-30.0,-75.0,-315.0,-270.0,-360.0,-30.0,-75.0,-270.0,-195.0,-345.0,-305.0,-380.0,-195.0,-150.0,-240.0,-85.0,-130.0,-195.0,-150.0,-240.0,-85.0,-130.0,0.0,0.0,0.0,0.0,0.0,-480.0,-465.0,-495.0,-615.0,-630.0
2023-05-05 00:00:00+00:00,80.0,170.0,-10.0,225.0,135.0,55.0,130.0,-20.0,270.0,195.0,265.0,295.0,235.0,290.0,260.0,135.0,195.0,75.0,80.0,20.0,40.0,55.0,25.0,-45.0,-60.0,0.0,0.0,0.0,0.0,0.0,0.0,0.0,0.0,0.0,0.0,0.0,0.0,0.0,0.0,0.0,0.0,0.0,0.0,0.0,0.0,0.0,0.0,0.0,0.0,0.0,320.0,335.0,305.0,360.0,345.0
2023-05-08 00:00:00+00:00,-5.0,70.0,-80.0,-150.0,-225.0,65.0,110.0,20.0,130.0,85.0,160.0,205.0,115.0,100.0,55.0,60.0,90.0,30.0,5.0,-25.0,20.0,35.0,5.0,30.0,15.0,0.0,0.0,0.0,0.0,0.0,85.0,100.0,70.0,80.0,65.0,85.0,100.0,70.0,80.0,65.0,0.0,0.0,0.0,0.0,0.0,0.0,0.0,0.0,0.0,0.0,225.0,240.0,210.0,210.0,195.0
2023-05-09 00:00:00+00:00,-175.0,-100.0,-250.0,-370.0,-445.0,-295.0,-205.0,-385.0,-235.0,-325.0,-160.0,-70.0,-250.0,-80.0,-170.0,30.0,105.0,-45.0,0.0,-60.0,80.0,155.0,5.0,-25.0,-85.0,30.0,45.0,15.0,-5.0,-20.0,30.0,120.0,-60.0,-125.0,-215.0,80.0,155.0,5.0,-25.0,-85.0,120.0,165.0,75.0,-25.0,-70.0,0.0,0.0,0.0,0.0,0.0,-115.0,-100.0,-130.0,-165.0,-180.0
2023-05-10 00:00:00+00:00,-280.0,-205.0,-355.0,-250.0,-310.0,-315.0,-255.0,-375.0,-145.0,-205.0,-130.0,-85.0,-175.0,-180.0,-225.0,100.0,160.0,40.0,-60.0,-120.0,100.0,160.0,40.0,-60.0,-120.0,35.0,65.0,5.0,-20.0,-50.0,70.0,130.0,10.0,-105.0,-165.0,5.0,50.0,-40.0,-55.0,-100.0,20.0,50.0,-10.0,-40.0,-70.0,0.0,0.0,0.0,0.0,0.0,-90.0,-75.0,-105.0,-140.0,-155.0
2023-05-11 00:00:00+00:00,-75.0,-45.0,-105.0,-80.0,-110.0,-140.0,-110.0,-170.0,-55.0,-85.0,-80.0,-65.0,-95.0,-85.0,-100.0,-740.0,-695.0,-785.0,-660.0,-705.0,-740.0,-695.0,-785.0,-660.0,-705.0,-560.0,-515.0,-605.0,-520.0,-565.0,-730.0,-700.0,-760.0,-645.0,-675.0,-650.0,-620.0,-680.0,-525.0,-555.0,-520.0,-490.0,-550.0,-560.0,-590.0,0.0,0.0,0.0,0.0,0.0,-795.0,-780.0,-810.0,-690.0,-705.0
2023-05-12 00:00:00+00:00,-210.0,-150.0,-270.0,-255.0,-315.0,-150.0,-90.0,-210.0,-160.0,-220.0,-355.0,-265.0,-445.0,-285.0,-375.0,25.0,100.0,-50.0,-215.0,-290.0,-15.0,30.0,-60.0,-115.0,-160.0,15.0,30.0,0.0,-50.0,-65.0,-10.0,50.0,-70.0,-75.0,-135.0,-35.0,-5.0,-65.0,-105.0,-135.0,15.0,30.0,0.0,-50.0,-65.0,0.0,0.0,0.0,0.0,0.0,-135.0,-120.0,-150.0,-205.0,-220.0
2023-05-15 00:00:00+00:00,-25.0,65.0,-115.0,-85.0,-160.0,-20.0,25.0,-65.0,-80.0,-125.0,60.0,90.0,30.0,-20.0,-50.0,30.0,90.0,-30.0,175.0,115.0,30.0,90.0,-30.0,175.0,115.0,10.0,25.0,-5.0,125.0,110.0,75.0,105.0,45.0,145.0,115.0,75.0,105.0,45.0,145.0,115.0,0.0,0.0,0.0,0.0,0.0,0.0,0.0,0.0,0.0,0.0,125.0,140.0,110.0,90.0,75.0
2023-05-16 00:00:00+00:00,-680.0,-605.0,-755.0,-775.0,-850.0,-715.0,-655.0,-775.0,-565.0,-625.0,-740.0,-680.0,-800.0,-600.0,-660.0,410.0,470.0,350.0,270.0,210.0,315.0,360.0,270.0,245.0,200.0,400.0,445.0,355.0,205.0,160.0,375.0,435.0,315.0,200.0,140.0,300.0,330.0,270.0,190.0,160.0,385.0,415.0,355.0,150.0,120.0,0.0,0.0,0.0,0.0,0.0,-370.0,-355.0,-385.0,-480.0,-495.0
2023-05-17 00:00:00+00:00,140.0,215.0,65.0,75.0,0.0,20.0,65.0,-25.0,-35.0,-80.0,-15.0,45.0,-75.0,5.0,-55.0,40.0,100.0,-20.0,10.0,-50.0,80.0,95.0,65.0,90.0,75.0,80.0,95.0,65.0,90.0,75.0,130.0,160.0,100.0,95.0,65.0,55.0,70.0,40.0,0.0,-15.0,0.0,0.0,0.0,0.0,0.0,0.0,0.0,0.0,0.0,0.0,150.0,165.0,135.0,150.0,135.0
2023-05-18 00:00:00+00:00,160.0,190.0,130.0,35.0,5.0,50.0,80.0,20.0,-40.0,-70.0,-90.0,-60.0,-120.0,-40.0,-70.0,-135.0,-90.0,-180.0,55.0,25.0,-105.0,-60.0,-150.0,50.0,20.0,60.0,75.0,45.0,30.0,15.0,-105.0,-75.0,-135.0,45.0,30.0,85.0,100.0,70.0,45.0,30.0,85.0,100.0,70.0,45.0,30.0,0.0,0.0,0.0,0.0,0.0,-10.0,5.0,-25.0,35.0,20.0
2023-05-19 00:00:00+00:00,-130.0,-40.0,-220.0,-40.0,-115.0,20.0,80.0,-40.0,-10.0,-70.0,50.0,110.0,-10.0,-15.0,-75.0,45.0,90.0,0.0,155.0,110.0,15.0,45.0,-15.0,75.0,45.0,15.0,45.0,-15.0,75.0,45.0,35.0,65.0,5.0,105.0,75.0,20.0,50.0,-10.0,110.0,80.0,45.0,60.0,30.0,75.0,60.0,0.0,0.0,0.0,0.0,0.0,135.0,150.0,120.0,135.0,120.0
2023-05-22 00:00:00+00:00,-100.0,-25.0,-175.0,-30.0,-105.0,-145.0,-85.0,-205.0,-170.0,-230.0,-195.0,-150.0,-240.0,-220.0,-265.0,-55.0,20.0,-130.0,-140.0,-215.0,-110.0,-50.0,-170.0,-105.0,-165.0,-85.0,-55.0,-115.0,-100.0,-130.0,120.0,165.0,75.0,65.0,20.0,30.0,60.0,0.0,45.0,15.0,50.0,65.0,35.0,90.0,75.0,0.0,0.0,0.0,0.0,0.0,15.0,30.0,0.0,25.0,10.0
2023-05-23 00:00:00+00:00,-10.0,50.0,-70.0,10.0,-50.0,-85.0,-40.0,-130.0,-55.0,-100.0,10.0,25.0,-5.0,-65.0,-80.0,-55.0,-10.0,-100.0,80.0,35.0,-20.0,10.0,-50.0,105.0,75.0,-20.0,10.0,-50.0,105.0,75.0,45.0,75.0,15.0,-65.0,-95.0,45.0,75.0,15.0,-65.0,-95.0,-5.0,10.0,-20.0,-40.0,-55.0,0.0,0.0,0.0,0.0,0.0,-80.0,-65.0,-95.0,-140.0,-155.0
2023-05-24 00:00:00+00:00,-320.0,-245.0,-395.0,-155.0,-230.0,-120.0,-90.0,-150.0,-290.0,-320.0,-285.0,-255.0,-315.0,-390.0,-420.0,-185.0,-140.0,-230.0,-435.0,-480.0,-160.0,-115.0,-205.0,-365.0,-410.0,-85.0,-70.0,-100.0,-90.0,-105.0,-295.0,-280.0,-310.0,-300.0,-315.0,-245.0,-230.0,-260.0,-270.0,-285.0,-40.0,-25.0,-55.0,-45.0,-60.0,0.0,0.0,0.0,0.0,0.0,-490.0,-475.0,-505.0,-610.0,-625.0
2023-05-25 00:00:00+00:00,-300.0,-195.0,-405.0,-70.0,-175.0,-140.0,-80.0,-200.0,90.0,30.0,0.0,30.0,-30.0,-35.0,-65.0,-90.0,-30.0,-150.0,-385.0,-445.0,-125.0,-110.0,-140.0,-210.0,-225.0,-125.0,-110.0,-140.0,-210.0,-225.0,-115.0,-70.0,-160.0,-325.0,-370.0,-160.0,-145.0,-175.0,-160.0,-175.0,-160.0,-145.0,-175.0,-160.0,-175.0,0.0,0.0,0.0,0.0,0.0,-155.0,-140.0,-170.0,-135.0,-150.0
2023-05-26 00:00:00+00:00,330.0,405.0,255.0,410.0,335.0,265.0,325.0,205.0,225.0,165.0,495.0,525.0,465.0,385.0,355.0,95.0,140.0,50.0,130.0,85.0,15.0,45.0,-15.0,130.0,100.0,15.0,45.0,-15.0,130.0,100.0,-50.0,-20.0,-80.0,-155.0,-185.0,-50.0,-20.0,-80.0,-155.0,-185.0,-15.0,0.0,-30.0,40.0,25.0,0.0,0.0,0.0,0.0,0.0,430.0,445.0,415.0,425.0,410.0
2023-05-29 00:00:00+00:00,-200.0,-125.0,-275.0,-110.0,-185.0,135.0,150.0,120.0,105.0,90.0,115.0,145.0,85.0,-10.0,-25.0,-75.0,-15.0,-135.0,-160.0,-220.0,-70.0,-10.0,-130.0,-140.0,-200.0,5.0,35.0,-25.0,-45.0,-75.0,-115.0,-70.0,-160.0,-240.0,-285.0,-125.0,-95.0,-155.0,-165.0,-195.0,-125.0,-95.0,-155.0,-165.0,-195.0,0.0,0.0,0.0,0.0,0.0,-55.0,-40.0,-70.0,-70.0,-85.0
2023-05-30 00:00:00+00:00,-10.0,50.0,-70.0,-55.0,-115.0,-20.0,25.0,-65.0,-45.0,-90.0,20.0,35.0,5.0,-30.0,-45.0,-355.0,-295.0,-415.0,-425.0,-485.0,-325.0,-280.0,-370.0,-370.0,-415.0,-350.0,-320.0,-380.0,-295.0,-325.0,-420.0,-390.0,-450.0,-520.0,-550.0,-410.0,-380.0,-440.0,-505.0,-535.0,-395.0,-365.0,-425.0,-500.0,-530.0,0.0,0.0,0.0,0.0,0.0,-395.0,-380.0,-410.0,-505.0,-520.0
2023-05-31 00:00:00+00:00,-115.0,-40.0,-190.0,-120.0,-180.0,-225.0,-180.0,-270.0,-230.0,-275.0,-165.0,-120.0,-210.0,-325.0,-370.0,-155.0,-125.0,-185.0,65.0,35.0,-10.0,20.0,-40.0,85.0,55.0,-10.0,20.0,-40.0,85.0,55.0,110.0,140.0,80.0,115.0,85.0,55.0,70.0,40.0,80.0,65.0,65.0,80.0,50.0,35.0,20.0,0.0,0.0,0.0,0.0,0.0,-145.0,-130.0,-160.0,-290.0,-305.0
2023-06-01 00:00:00+00:00,-285.0,-210.0,-360.0,-95.0,-155.0,-85.0,-40.0,-130.0,-85.0,-130.0,-170.0,-125.0,-215.0,-210.0,-255.0,-20.0,10.0,-50.0,-150.0,-180.0,-40.0,-10.0,-70.0,-140.0,-170.0,90.0,120.0,60.0,-70.0,-100.0,-125.0,-80.0,-170.0,-275.0,-320.0,-30.0,0.0,-60.0,-160.0,-190.0,-30.0,0.0,-60.0,-160.0,-190.0,0.0,0.0,0.0,0.0,0.0,-180.0,-165.0,-195.0,-240.0,-255.0
2023-06-02 00:00:00+00:00,-105.0,-15.0,-195.0,-10.0,-100.0,50.0,95.0,5.0,10.0,-35.0,0.0,45.0,-45.0,10.0,-35.0,25.0,40.0,10.0,75.0,60.0,25.0,40.0,10.0,75.0,60.0,25.0,40.0,10.0,75.0,60.0,0.0,0.0,0.0,0.0,0.0,0.0,0.0,0.0,0.0,0.0,0.0,0.0,0.0,0.0,0.0,0.0,0.0,0.0,0.0,0.0,130.0,145.0,115.0,150.0,135.0
2023-06-05 00:00:00+00:00,-105.0,-45.0,-165.0,-130.0,-190.0,-125.0,-80.0,-170.0,-130.0,-175.0,-145.0,-115.0,-175.0,-200.0,-230.0,-135.0,-60.0,-210.0,-165.0,-240.0,-145.0,-100.0,-190.0,-155.0,-200.0,-55.0,-25.0,-85.0,-25.0,-40.0,-75.0,-15.0,-135.0,-60.0,-105.0,-30.0,15.0,-75.0,-15.0,-45.0,10.0,25.0,-5.0,50.0,35.0,0.0,0.0,0.0,0.0,0.0,-145.0,-130.0,-160.0,-130.0,-145.0
2023-06-06 00:00:00+00:00,-105.0,-45.0,-165.0,-180.0,-240.0,-75.0,-15.0,-135.0,-95.0,-155.0,-135.0,-90.0,-180.0,-35.0,-80.0,155.0,200.0,110.0,100.0,55.0,55.0,85.0,25.0,55.0,25.0,-20.0,-5.0,-35.0,-40.0,-55.0,170.0,215.0,125.0,165.0,120.0,80.0,110.0,50.0,65.0,35.0,80.0,95.0,65.0,95.0,80.0,0.0,0.0,0.0,0.0,0.0,105.0,120.0,90.0,85.0,70.0
2023-06-07 00:00:00+00:00,35.0,95.0,-25.0,-10.0,-70.0,40.0,85.0,-5.0,-25.0,-70.0,95.0,140.0,50.0,170.0,125.0,75.0,135.0,15.0,-55.0,-115.0,60.0,90.0,30.0,40.0,10.0,35.0,50.0,20.0,20.0,5.0,15.0,30.0,0.0,0.0,-15.0,15.0,30.0,0.0,0.0,-15.0,15.0,30.0,0.0,0.0,-15.0,0.0,0.0,0.0,0.0,0.0,210.0,225.0,195.0,200.0,185.0
2023-06-08 00:00:00+00:00,-240.0,-165.0,-315.0,-325.0,-400.0,-100.0,-40.0,-160.0,-40.0,-100.0,-135.0,-75.0,-195.0,-60.0,-120.0,30.0,90.0,-30.0,30.0,-30.0,75.0,135.0,15.0,30.0,-30.0,30.0,75.0,-15.0,5.0,-40.0,-135.0,-75.0,-195.0,-55.0,-115.0,-45.0,15.0,-105.0,-20.0,-80.0,-55.0,-25.0,-85.0,-25.0,-55.0,0.0,0.0,0.0,0.0,0.0,-210.0,-195.0,-225.0,-125.0,-140.0
2023-06-09 00:00:00+00:00,-120.0,-30.0,-210.0,-195.0,-285.0,-40.0,5.0,-85.0,-120.0,-165.0,-195.0,-150.0,-240.0,-195.0,-240.0,-55.0,-25.0,-85.0,-50.0,-80.0,-35.0,-5.0,-65.0,-55.0,-85.0,-35.0,-5.0,-65.0,-55.0,-85.0,15.0,45.0,-15.0,75.0,45.0,15.0,45.0,-15.0,75.0,45.0,15.0,45.0,-15.0,75.0,45.0,0.0,0.0,0.0,0.0,0.0,-10.0,5.0,-25.0,-95.0,-110.0
2023-06-12 00:00:00+00:00,120.0,165.0,75.0,115.0,70.0,110.0,140.0,80.0,75.0,45.0,-25.0,20.0,-70.0,-30.0,-75.0,-390.0,-375.0,-405.0,-345.0,-360.0,-345.0,-330.0,-360.0,-315.0,-330.0,-345.0,-330.0,-360.0,-315.0,-330.0,-220.0,-205.0,-235.0,-235.0,-250.0,-150.0,-135.0,-165.0,-140.0,-155.0,-125.0,-110.0,-140.0,-125.0,-140.0,0.0,0.0,0.0,0.0,0.0,-205.0,-190.0,-220.0,-210.0,-225.0
2023-06-19 00:00:00+00:00,-240.0,-165.0,-315.0,-200.0,-275.0,-200.0,-140.0,-260.0,-190.0,-250.0,-125.0,-80.0,-170.0,-125.0,-170.0,160.0,235.0,85.0,50.0,-25.0,35.0,65.0,5.0,0.0,-30.0,60.0,75.0,45.0,-10.0,-25.0,70.0,130.0,10.0,65.0,5.0,105.0,165.0,45.0,10.0,-50.0,10.0,25.0,-5.0,0.0,-15.0,0.0,0.0,0.0,0.0,0.0,-5.0,10.0,-20.0,5.0,-10.0
2023-06-20 00:00:00+00:00,-120.0,-60.0,-180.0,-60.0,-120.0,-5.0,55.0,-65.0,30.0,-30.0,-5.0,25.0,-35.0,20.0,-10.0,65.0,125.0,5.0,35.0,-10.0,55.0,70.0,40.0,20.0,5.0,55.0,70.0,40.0,20.0,5.0,5.0,50.0,-40.0,-25.0,-70.0,0.0,30.0,-30.0,-15.0,-45.0,0.0,0.0,0.0,0.0,0.0,0.0,0.0,0.0,0.0,0.0,120.0,135.0,105.0,145.0,130.0
2023-06-22 00:00:00+00:00,-285.0,-210.0,-360.0,-145.0,-220.0,-265.0,-205.0,-325.0,0.0,-60.0,-180.0,-135.0,-225.0,-170.0,-215.0,-50.0,10.0,-110.0,-125.0,-185.0,-10.0,50.0,-70.0,-75.0,-135.0,-35.0,-5.0,-65.0,-45.0,-75.0,-150.0,-90.0,-210.0,-215.0,-275.0,-105.0,-45.0,-165.0,-160.0,-220.0,-55.0,-10.0,-100.0,-90.0,-135.0,0.0,0.0,0.0,0.0,0.0,-275.0,-260.0,-290.0,-240.0,-255.0
2023-06-23 00:00:00+00:00,-30.0,30.0,-90.0,-35.0,-95.0,-125.0,-80.0,-170.0,-125.0,-170.0,-340.0,-280.0,-400.0,-180.0,-240.0,-95.0,-65.0,-125.0,-60.0,-90.0,-45.0,-15.0,-75.0,-115.0,-145.0,-45.0,-15.0,-75.0,-115.0,-145.0,100.0,145.0,55.0,120.0,75.0,70.0,100.0,40.0,155.0,125.0,35.0,50.0,20.0,80.0,65.0,0.0,0.0,0.0,0.0,0.0,-50.0,-35.0,-65.0,-5.0,-20.0
2023-06-26 00:00:00+00:00,205.0,250.0,160.0,105.0,60.0,165.0,240.0,90.0,25.0,-50.0,20.0,65.0,-25.0,130.0,85.0,35.0,65.0,5.0,120.0,90.0,65.0,95.0,35.0,75.0,45.0,0.0,15.0,-15.0,60.0,45.0,85.0,130.0,40.0,70.0,25.0,60.0,90.0,30.0,60.0,30.0,90.0,105.0,75.0,-25.0,-40.0,0.0,0.0,0.0,0.0,0.0,310.0,325.0,295.0,300.0,285.0
2023-06-27 00:00:00+00:00,-350.0,-260.0,-440.0,-235.0,-325.0,-175.0,-145.0,-205.0,-170.0,-200.0,-320.0,-275.0,-365.0,-235.0,-280.0,-195.0,-135.0,-255.0,-225.0,-285.0,-90.0,-30.0,-150.0,-215.0,-275.0,-125.0,-80.0,-170.0,-145.0,-190.0,-165.0,-105.0,-225.0,-245.0,-305.0,-140.0,-95.0,-185.0,-170.0,-215.0,-155.0,-125.0,-185.0,-195.0,-225.0,0.0,0.0,0.0,0.0,0.0,-335.0,-320.0,-350.0,-345.0,-360.0
2023-06-28 00:00:00+00:00,75.0,120.0,30.0,-20.0,-65.0,-55.0,5.0,-115.0,-75.0,-135.0,80.0,125.0,35.0,70.0,25.0,50.0,95.0,5.0,100.0,55.0,50.0,80.0,20.0,85.0,55.0,15.0,30.0,0.0,35.0,20.0,50.0,80.0,20.0,70.0,40.0,0.0,0.0,0.0,0.0,0.0,0.0,0.0,0.0,0.0,0.0,0.0,0.0,0.0,0.0,0.0,150.0,165.0,135.0,90.0,75.0
2023-06-29 00:00:00+00:00,-115.0,-25.0,-205.0,-10.0,-100.0,65.0,110.0,20.0,130.0,100.0,160.0,175.0,145.0,180.0,165.0,35.0,80.0,-10.0,30.0,-15.0,10.0,55.0,-35.0,10.0,-35.0,-5.0,10.0,-20.0,50.0,35.0,0.0,0.0,0.0,0.0,0.0,0.0,0.0,0.0,0.0,0.0,0.0,0.0,0.0,0.0,0.0,0.0,0.0,0.0,0.0,0.0,160.0,175.0,145.0,180.0,165.0
2023-06-30 00:00:00+00:00,165.0,225.0,105.0,40.0,-20.0,300.0,315.0,285.0,205.0,190.0,305.0,320.0,290.0,225.0,210.0,-25.0,-10.0,-40.0,-45.0,-60.0,-25.0,-10.0,-40.0,-45.0,-60.0,-25.0,-10.0,-40.0,-45.0,-60.0,-70.0,-55.0,-85.0,-60.0,-75.0,-45.0,-30.0,-60.0,0.0,0.0,0.0,0.0,0.0,0.0,0.0,0.0,0.0,0.0,0.0,0.0,250.0,265.0,235.0,145.0,130.0
2023-07-05 00:00:00+00:00,-155.0,-95.0,-215.0,-115.0,-175.0,30.0,45.0,15.0,40.0,25.0,-70.0,-55.0,-85.0,-100.0,-115.0,-355.0,-310.0,-400.0,-285.0,-315.0,-310.0,-280.0,-340.0,-285.0,-315.0,-270.0,-240.0,-300.0,-240.0,-270.0,-270.0,-240.0,-300.0,-265.0,-295.0,-240.0,-210.0,-270.0,-210.0,-240.0,-195.0,-165.0,-225.0,-275.0,-305.0,0.0,0.0,0.0,0.0,0.0,-345.0,-330.0,-360.0,-375.0,-390.0
2023-07-06 00:00:00+00:00,-35.0,25.0,-95.0,-125.0,-185.0,-285.0,-210.0,-360.0,-135.0,-195.0,-95.0,-50.0,-140.0,-70.0,-115.0,150.0,210.0,90.0,115.0,55.0,175.0,220.0,130.0,170.0,125.0,180.0,210.0,150.0,130.0,100.0,180.0,210.0,150.0,130.0,100.0,180.0,210.0,150.0,130.0,100.0,150.0,180.0,120.0,115.0,85.0,0.0,0.0,0.0,0.0,0.0,-25.0,-10.0,-40.0,-45.0,-60.0
2023-07-07 00:00:00+00:00,0.0,90.0,-90.0,-135.0,-225.0,80.0,125.0,35.0,-15.0,-60.0,-75.0,-15.0,-135.0,40.0,-20.0,30.0,75.0,-15.0,-55.0,-85.0,30.0,75.0,-15.0,-55.0,-85.0,55.0,70.0,40.0,-35.0,-50.0,80.0,110.0,50.0,40.0,25.0,95.0,110.0,80.0,40.0,25.0,95.0,110.0,80.0,40.0,25.0,0.0,0.0,0.0,0.0,0.0,185.0,200.0,170.0,110.0,95.0
2023-07-10 00:00:00+00:00,-10.0,65.0,-85.0,-30.0,-105.0,95.0,140.0,50.0,205.0,160.0,245.0,290.0,200.0,175.0,130.0,5.0,35.0,-25.0,0.0,-30.0,25.0,40.0,10.0,25.0,10.0,0.0,0.0,0.0,0.0,0.0,40.0,55.0,25.0,65.0,50.0,0.0,0.0,0.0,0.0,0.0,0.0,0.0,0.0,0.0,0.0,0.0,0.0,0.0,0.0,0.0,295.0,310.0,280.0,285.0,270.0
2023-07-11 00:00:00+00:00,250.0,310.0,190.0,235.0,175.0,290.0,335.0,245.0,320.0,275.0,140.0,170.0,110.0,50.0,20.0,60.0,105.0,15.0,150.0,105.0,-40.0,-25.0,-55.0,30.0,15.0,0.0,0.0,0.0,0.0,0.0,405.0,465.0,345.0,150.0,90.0,220.0,265.0,175.0,85.0,40.0,0.0,0.0,0.0,0.0,0.0,0.0,0.0,0.0,0.0,0.0,460.0,475.0,445.0,500.0,485.0
2023-07-12 00:00:00+00:00,-110.0,-35.0,-185.0,-235.0,-310.0,-140.0,-65.0,-215.0,-185.0,-260.0,-30.0,0.0,-60.0,-160.0,-190.0,45.0,120.0,-30.0,80.0,5.0,-45.0,0.0,-90.0,-90.0,-135.0,-20.0,10.0,-50.0,-30.0,-60.0,15.0,60.0,-30.0,70.0,25.0,-45.0,-15.0,-75.0,-70.0,-100.0,-45.0,-15.0,-75.0,-70.0,-100.0,0.0,0.0,0.0,0.0,0.0,5.0,20.0,-10.0,-15.0,-30.0
2023-07-13 00:00:00+00:00,-55.0,5.0,-115.0,-80.0,-125.0,-10.0,20.0,-40.0,-50.0,-80.0,55.0,85.0,25.0,30.0,0.0,-160.0,-100.0,-220.0,-155.0,-215.0,-185.0,-140.0,-230.0,-175.0,-220.0,-85.0,-40.0,-130.0,-45.0,-90.0,-125.0,-110.0,-140.0,-125.0,-140.0,-25.0,-10.0,-40.0,5.0,-10.0,-25.0,-10.0,-40.0,5.0,-10.0,0.0,0.0,0.0,0.0,0.0,-60.0,-45.0,-75.0,-50.0,-65.0
2023-07-14 00:00:00+00:00,400.0,490.0,310.0,525.0,435.0,520.0,565.0,475.0,480.0,435.0,560.0,605.0,515.0,500.0,455.0,360.0,420.0,300.0,380.0,335.0,340.0,370.0,310.0,385.0,355.0,0.0,0.0,0.0,0.0,0.0,350.0,380.0,320.0,355.0,325.0,350.0,380.0,320.0,355.0,325.0,90.0,105.0,75.0,40.0,25.0,0.0,0.0,0.0,0.0,0.0,935.0,950.0,920.0,905.0,890.0
2023-07-17 00:00:00+00:00,-225.0,-150.0,-300.0,-130.0,-205.0,-65.0,-20.0,-110.0,-150.0,-195.0,-135.0,-90.0,-180.0,-130.0,-175.0,-100.0,-40.0,-160.0,-175.0,-235.0,-105.0,-75.0,-135.0,-110.0,-140.0,-105.0,-75.0,-135.0,-110.0,-140.0,-100.0,-55.0,-145.0,-135.0,-180.0,-80.0,-35.0,-125.0,-140.0,-185.0,-60.0,-30.0,-90.0,-90.0,-120.0,0.0,0.0,0.0,0.0,0.0,-215.0,-200.0,-230.0,-265.0,-280.0
2023-07-18 00:00:00+00:00,35.0,80.0,-10.0,95.0,50.0,5.0,35.0,-25.0,10.0,-20.0,-165.0,-135.0,-195.0,-120.0,-150.0,-25.0,50.0,-100.0,-110.0,-170.0,-30.0,0.0,-60.0,-55.0,-85.0,-10.0,20.0,-40.0,-105.0,-135.0,-45.0,0.0,-90.0,-110.0,-155.0,-20.0,25.0,-65.0,-50.0,-95.0,-30.0,0.0,-60.0,-75.0,-105.0,0.0,0.0,0.0,0.0,0.0,-60.0,-45.0,-75.0,-80.0,-95.0
2023-07-19 00:00:00+00:00,-50.0,25.0,-125.0,-105.0,-180.0,-65.0,-35.0,-95.0,-105.0,-135.0,-160.0,-115.0,-205.0,-200.0,-245.0,-285.0,-255.0,-315.0,-160.0,-190.0,-285.0,-255.0,-315.0,-160.0,-190.0,-285.0,-255.0,-315.0,-160.0,-190.0,-205.0,-175.0,-235.0,-145.0,-175.0,-195.0,-165.0,-225.0,-110.0,-140.0,-165.0,-135.0,-195.0,-70.0,-100.0,0.0,0.0,0.0,0.0,0.0,-300.0,-285.0,-315.0,-265.0,-280.0
2023-07-20 00:00:00+00:00,-5.0,40.0,-50.0,-20.0,-65.0,-35.0,10.0,-80.0,-85.0,-130.0,-70.0,-40.0,-100.0,-55.0,-85.0,-105.0,-60.0,-150.0,-85.0,-130.0,-160.0,-130.0,-190.0,-85.0,-115.0,-80.0,-50.0,-110.0,-25.0,-55.0,105.0,150.0,60.0,0.0,-45.0,115.0,160.0,70.0,-35.0,-80.0,80.0,110.0,50.0,-55.0,-85.0,0.0,0.0,0.0,0.0,0.0,-5.0,10.0,-20.0,25.0,10.0
2023-07-21 00:00:00+00:00,-315.0,-225.0,-405.0,-265.0,-355.0,-175.0,-115.0,-235.0,-20.0,-80.0,-105.0,-60.0,-150.0,-60.0,-105.0,-140.0,-80.0,-200.0,-170.0,-230.0,-140.0,-80.0,-200.0,-170.0,-230.0,-30.0,0.0,-60.0,-15.0,-45.0,-180.0,-135.0,-225.0,-200.0,-245.0,-15.0,30.0,-60.0,-25.0,-70.0,-95.0,-80.0,-110.0,-80.0,-95.0,0.0,0.0,0.0,0.0,0.0,-255.0,-240.0,-270.0,-180.0,-195.0
2023-07-24 00:00:00+00:00,-55.0,5.0,-115.0,-155.0,-215.0,-225.0,-165.0,-285.0,-255.0,-315.0,-60.0,-30.0,-90.0,5.0,-25.0,-10.0,35.0,-55.0,-45.0,-90.0,0.0,45.0,-45.0,-45.0,-90.0,55.0,85.0,25.0,80.0,50.0,5.0,65.0,-55.0,40.0,-5.0,75.0,105.0,45.0,105.0,75.0,75.0,105.0,45.0,105.0,75.0,0.0,0.0,0.0,0.0,0.0,-105.0,-90.0,-120.0,-130.0,-145.0
2023-07-25 00:00:00+00:00,-135.0,-75.0,-195.0,-60.0,-120.0,-75.0,-30.0,-120.0,-145.0,-190.0,45.0,75.0,15.0,5.0,-25.0,-35.0,10.0,-80.0,115.0,70.0,-65.0,-20.0,-110.0,95.0,50.0,-50.0,-20.0,-80.0,100.0,70.0,-10.0,20.0,-40.0,75.0,45.0,-10.0,20.0,-40.0,75.0,45.0,-25.0,5.0,-55.0,55.0,25.0,0.0,0.0,0.0,0.0,0.0,40.0,55.0,25.0,75.0,60.0
2023-07-26 00:00:00+00:00,80.0,140.0,20.0,-200.0,-245.0,15.0,75.0,-45.0,70.0,10.0,195.0,210.0,180.0,225.0,210.0,-15.0,60.0,-90.0,-25.0,-100.0,0.0,60.0,-60.0,-55.0,-115.0,125.0,170.0,80.0,-5.0,-50.0,-60.0,-30.0,-90.0,-125.0,-155.0,-60.0,-30.0,-90.0,-125.0,-155.0,85.0,115.0,55.0,-65.0,-95.0,0.0,0.0,0.0,0.0,0.0,115.0,130.0,100.0,165.0,150.0
2023-07-27 00:00:00+00:00,90.0,165.0,15.0,-110.0,-170.0,-10.0,50.0,-70.0,-70.0,-130.0,-220.0,-175.0,-265.0,-305.0,-350.0,-10.0,35.0,-55.0,105.0,60.0,60.0,105.0,15.0,-35.0,-80.0,5.0,35.0,-25.0,-60.0,-90.0,110.0,170.0,50.0,95.0,35.0,115.0,160.0,70.0,45.0,0.0,95.0,125.0,65.0,15.0,-15.0,0.0,0.0,0.0,0.0,0.0,135.0,150.0,120.0,110.0,95.0
2023-07-28 00:00:00+00:00,195.0,255.0,135.0,160.0,100.0,155.0,200.0,110.0,225.0,180.0,-50.0,-5.0,-95.0,-50.0,-95.0,-75.0,-60.0,-90.0,-125.0,-140.0,-75.0,-60.0,-90.0,-125.0,-140.0,-10.0,5.0,-25.0,-30.0,-45.0,90.0,105.0,75.0,20.0,5.0,90.0,105.0,75.0,20.0,5.0,160.0,175.0,145.0,105.0,90.0,0.0,0.0,0.0,0.0,0.0,270.0,285.0,255.0,345.0,330.0
2023-07-31 00:00:00+00:00,60.0,120.0,0.0,190.0,130.0,70.0,100.0,40.0,100.0,70.0,-25.0,35.0,-85.0,35.0,-25.0,55.0,115.0,-5.0,-90.0,-135.0,30.0,60.0,0.0,-65.0,-95.0,35.0,50.0,20.0,-15.0,-30.0,70.0,85.0,55.0,25.0,10.0,30.0,45.0,15.0,-25.0,-40.0,0.0,0.0,0.0,0.0,0.0,0.0,0.0,0.0,0.0,0.0,110.0,125.0,95.0,115.0,100.0
2023-08-01 00:00:00+00:00,50.0,110.0,-10.0,150.0,90.0,255.0,300.0,210.0,220.0,175.0,305.0,320.0,290.0,230.0,215.0,5.0,35.0,-25.0,45.0,15.0,5.0,35.0,-25.0,20.0,5.0,-50.0,-35.0,-65.0,20.0,5.0,-80.0,-65.0,-95.0,-60.0,-75.0,-10.0,5.0,-25.0,15.0,0.0,0.0,15.0,-15.0,20.0,5.0,0.0,0.0,0.0,0.0,0.0,290.0,305.0,275.0,255.0,240.0
2023-08-02 00:00:00+00:00,275.0,320.0,230.0,230.0,185.0,480.0,525.0,435.0,435.0,390.0,485.0,515.0,455.0,590.0,560.0,150.0,195.0,105.0,230.0,185.0,70.0,100.0,40.0,100.0,70.0,0.0,0.0,0.0,0.0,0.0,0.0,0.0,0.0,0.0,0.0,0.0,0.0,0.0,0.0,0.0,0.0,0.0,0.0,0.0,0.0,0.0,0.0,0.0,0.0,0.0,640.0,655.0,625.0,640.0,625.0
2023-08-03 00:00:00+00:00,280.0,355.0,205.0,20.0,-55.0,150.0,210.0,90.0,200.0,140.0,175.0,205.0,145.0,180.0,150.0,10.0,55.0,-35.0,15.0,-30.0,-10.0,5.0,-25.0,-35.0,-50.0,-10.0,5.0,-25.0,-35.0,-50.0,30.0,60.0,0.0,10.0,-20.0,30.0,60.0,0.0,10.0,-20.0,0.0,0.0,0.0,0.0,0.0,0.0,0.0,0.0,0.0,0.0,225.0,240.0,210.0,180.0,165.0
2023-08-04 00:00:00+00:00,-535.0,-445.0,-625.0,-215.0,-290.0,-190.0,-160.0,-220.0,-70.0,-100.0,-25.0,-10.0,-40.0,0.0,-15.0,-55.0,-10.0,-100.0,-395.0,-440.0,-15.0,30.0,-60.0,-390.0,-435.0,-70.0,-40.0,-100.0,-320.0,-350.0,-470.0,-440.0,-500.0,-410.0,-440.0,-485.0,-470.0,-500.0,-485.0,-500.0,-515.0,-500.0,-530.0,-440.0,-455.0,0.0,0.0,0.0,0.0,0.0,-600.0,-585.0,-615.0,-510.0,-525.0
2023-08-07 00:00:00+00:00,-120.0,-30.0,-210.0,-30.0,-120.0,-40.0,5.0,-85.0,-215.0,-260.0,-170.0,-125.0,-215.0,-295.0,-325.0,-140.0,-95.0,-185.0,-90.0,-120.0,-150.0,-135.0,-165.0,-100.0,-115.0,-150.0,-135.0,-165.0,-100.0,-115.0,-95.0,-65.0,-125.0,80.0,50.0,5.0,35.0,-25.0,5.0,-25.0,-30.0,-15.0,-45.0,135.0,120.0,0.0,0.0,0.0,0.0,0.0,-90.0,-75.0,-105.0,10.0,-5.0
2023-08-08 00:00:00+00:00,-220.0,-160.0,-280.0,-210.0,-270.0,-325.0,-280.0,-370.0,-355.0,-400.0,0.0,0.0,0.0,0.0,0.0,-555.0,-510.0,-600.0,-395.0,-440.0,-535.0,-490.0,-580.0,-375.0,-420.0,-330.0,-300.0,-360.0,-90.0,-120.0,-640.0,-625.0,-655.0,-420.0,-435.0,-640.0,-625.0,-655.0,-420.0,-435.0,-640.0,-625.0,-655.0,-420.0,-435.0,0.0,0.0,0.0,0.0,0.0,-820.0,-805.0,-835.0,-645.0,-660.0
2023-08-09 00:00:00+00:00,-295.0,-205.0,-385.0,-255.0,-345.0,-185.0,-125.0,-245.0,-240.0,-300.0,-380.0,-335.0,-425.0,-185.0,-230.0,-65.0,-5.0,-125.0,-140.0,-200.0,15.0,75.0,-45.0,-110.0,-170.0,0.0,0.0,0.0,0.0,0.0,65.0,110.0,20.0,-20.0,-65.0,-15.0,15.0,-45.0,-80.0,-110.0,15.0,45.0,-15.0,-110.0,-140.0,0.0,0.0,0.0,0.0,0.0,-115.0,-100.0,-130.0,-45.0,-60.0
2023-08-10 00:00:00+00:00,-200.0,-110.0,-290.0,-115.0,-205.0,-155.0,-65.0,-245.0,-75.0,-165.0,-45.0,0.0,-90.0,-35.0,-80.0,85.0,175.0,-5.0,-80.0,-155.0,80.0,170.0,-10.0,-125.0,-200.0,120.0,165.0,75.0,-25.0,-70.0,-55.0,-25.0,-85.0,-25.0,-55.0,35.0,65.0,5.0,40.0,10.0,90.0,120.0,60.0,5.0,-25.0,0.0,0.0,0.0,0.0,0.0,-105.0,-90.0,-120.0,-80.0,-95.0
2023-08-11 00:00:00+00:00,-230.0,-155.0,-305.0,-195.0,-270.0,-5.0,40.0,-50.0,-85.0,-115.0,-260.0,-215.0,-305.0,-265.0,-310.0,30.0,90.0,-30.0,0.0,-45.0,105.0,150.0,60.0,160.0,115.0,-5.0,10.0,-20.0,145.0,130.0,105.0,150.0,60.0,280.0,235.0,285.0,330.0,240.0,120.0,90.0,190.0,205.0,175.0,130.0,115.0,0.0,0.0,0.0,0.0,0.0,-80.0,-65.0,-95.0,-170.0,-185.0
2023-08-14 00:00:00+00:00,-10.0,50.0,-70.0,-80.0,-140.0,-170.0,-110.0,-230.0,-95.0,-155.0,-230.0,-155.0,-305.0,-90.0,-150.0,-20.0,40.0,-80.0,130.0,70.0,-105.0,-60.0,-150.0,10.0,-35.0,-150.0,-135.0,-165.0,-65.0,-80.0,-75.0,-30.0,-120.0,-35.0,-80.0,0.0,0.0,0.0,0.0,0.0,0.0,0.0,0.0,0.0,0.0,0.0,0.0,0.0,0.0,0.0,-25.0,-10.0,-40.0,20.0,5.0
2023-08-15 00:00:00+00:00,-540.0,-465.0,-615.0,-35.0,-95.0,-300.0,-240.0,-360.0,-220.0,-280.0,-460.0,-415.0,-505.0,-75.0,-105.0,-110.0,-65.0,-155.0,-295.0,-340.0,-165.0,-135.0,-195.0,-250.0,-280.0,-95.0,-65.0,-125.0,-115.0,-145.0,-55.0,-25.0,-85.0,-285.0,-315.0,-55.0,-25.0,-85.0,-195.0,-225.0,-35.0,-20.0,-50.0,5.0,-10.0,0.0,0.0,0.0,0.0,0.0,-515.0,-500.0,-530.0,-485.0,-500.0
2023-08-16 00:00:00+00:00,-225.0,-150.0,-300.0,-370.0,-430.0,-200.0,-155.0,-245.0,-180.0,-225.0,30.0,45.0,15.0,-85.0,-100.0,-255.0,-195.0,-315.0,-170.0,-230.0,-185.0,-125.0,-245.0,-185.0,-245.0,-115.0,-70.0,-160.0,-50.0,-95.0,-245.0,-200.0,-290.0,-105.0,-150.0,-180.0,-150.0,-210.0,-115.0,-145.0,-105.0,-75.0,-135.0,15.0,-15.0,0.0,0.0,0.0,0.0,0.0,-315.0,-300.0,-330.0,-375.0,-390.0
2023-08-17 00:00:00+00:00,60.0,105.0,15.0,-35.0,-80.0,-35.0,10.0,-80.0,-230.0,-275.0,-150.0,-105.0,-195.0,-180.0,-225.0,-155.0,-95.0,-215.0,120.0,75.0,45.0,90.0,0.0,0.0,-45.0,15.0,45.0,-15.0,-15.0,-45.0,145.0,190.0,100.0,215.0,170.0,175.0,220.0,130.0,215.0,170.0,200.0,245.0,155.0,120.0,75.0,0.0,0.0,0.0,0.0,0.0,-5.0,10.0,-20.0,-5.0,-20.0
2023-08-18 00:00:00+00:00,-250.0,-190.0,-310.0,-320.0,-380.0,-90.0,-60.0,-120.0,-105.0,-135.0,-110.0,-80.0,-140.0,-285.0,-315.0,-510.0,-465.0,-555.0,-465.0,-510.0,-450.0,-405.0,-495.0,-320.0,-365.0,-330.0,-300.0,-360.0,-230.0,-260.0,-430.0,-400.0,-460.0,-425.0,-455.0,-420.0,-390.0,-450.0,-365.0,-395.0,-390.0,-360.0,-420.0,-370.0,-400.0,0.0,0.0,0.0,0.0,0.0,-615.0,-600.0,-630.0,-645.0,-660.0
2023-08-21 00:00:00+00:00,-20.0,70.0,-110.0,65.0,-10.0,120.0,180.0,60.0,120.0,60.0,95.0,110.0,80.0,15.0,0.0,-45.0,0.0,-90.0,-25.0,-70.0,-35.0,-20.0,-50.0,-20.0,-35.0,-35.0,-20.0,-50.0,-20.0,-35.0,-65.0,-50.0,-80.0,20.0,5.0,-65.0,-50.0,-80.0,20.0,5.0,-65.0,-50.0,-80.0,20.0,5.0,0.0,0.0,0.0,0.0,0.0,180.0,195.0,165.0,145.0,130.0
2023-08-22 00:00:00+00:00,-25.0,65.0,-115.0,40.0,-50.0,-10.0,80.0,-100.0,10.0,-65.0,5.0,50.0,-40.0,-75.0,-120.0,35.0,95.0,-25.0,-40.0,-100.0,65.0,110.0,20.0,-20.0,-65.0,-15.0,0.0,-30.0,-50.0,-65.0,65.0,110.0,20.0,-20.0,-65.0,5.0,35.0,-25.0,-55.0,-85.0,5.0,35.0,-25.0,-55.0,-85.0,0.0,0.0,0.0,0.0,0.0,155.0,170.0,140.0,245.0,230.0
2023-08-23 00:00:00+00:00,-125.0,-80.0,-170.0,-205.0,-235.0,-40.0,-10.0,-70.0,-20.0,-35.0,-200.0,-155.0,-245.0,-315.0,-360.0,-325.0,-280.0,-370.0,-350.0,-395.0,-350.0,-320.0,-380.0,-350.0,-380.0,-160.0,-130.0,-190.0,-250.0,-280.0,-315.0,-285.0,-345.0,-155.0,-185.0,-315.0,-285.0,-345.0,-155.0,-185.0,-250.0,-220.0,-280.0,-165.0,-195.0,0.0,0.0,0.0,0.0,0.0,-390.0,-375.0,-405.0,-460.0,-475.0
2023-08-24 00:00:00+00:00,10.0,70.0,-50.0,40.0,-20.0,135.0,150.0,120.0,60.0,45.0,-30.0,0.0,-60.0,200.0,170.0,-215.0,-170.0,-260.0,-140.0,-185.0,-320.0,-305.0,-335.0,-225.0,-240.0,-140.0,-125.0,-155.0,-105.0,-120.0,-150.0,-135.0,-165.0,-125.0,-140.0,-150.0,-135.0,-165.0,-125.0,-140.0,-85.0,-70.0,-100.0,50.0,35.0,0.0,0.0,0.0,0.0,0.0,-165.0,-150.0,-180.0,-195.0,-210.0
2023-08-25 00:00:00+00:00,100.0,160.0,40.0,85.0,25.0,-10.0,50.0,-70.0,50.0,5.0,-125.0,-65.0,-185.0,30.0,-30.0,-5.0,25.0,-35.0,15.0,-15.0,-5.0,10.0,-20.0,80.0,65.0,0.0,0.0,0.0,0.0,0.0,0.0,30.0,-30.0,135.0,105.0,20.0,35.0,5.0,125.0,110.0,20.0,35.0,5.0,125.0,110.0,0.0,0.0,0.0,0.0,0.0,140.0,155.0,125.0,125.0,110.0
2023-08-28 00:00:00+00:00,55.0,115.0,-5.0,-135.0,-195.0,65.0,95.0,35.0,55.0,25.0,-185.0,-125.0,-245.0,-95.0,-155.0,-15.0,15.0,-45.0,130.0,100.0,-15.0,15.0,-45.0,130.0,100.0,-25.0,5.0,-55.0,175.0,145.0,125.0,155.0,95.0,100.0,70.0,115.0,145.0,85.0,145.0,115.0,115.0,145.0,85.0,145.0,115.0,0.0,0.0,0.0,0.0,0.0,125.0,140.0,110.0,140.0,125.0
2023-08-29 00:00:00+00:00,-55.0,5.0,-115.0,-145.0,-205.0,-40.0,5.0,-85.0,80.0,50.0,-75.0,-30.0,-120.0,-125.0,-170.0,0.0,30.0,-30.0,20.0,-10.0,0.0,30.0,-30.0,20.0,-10.0,80.0,110.0,50.0,-50.0,-80.0,-90.0,-45.0,-135.0,-80.0,-125.0,-115.0,-85.0,-145.0,-120.0,-150.0,-20.0,10.0,-50.0,-40.0,-70.0,0.0,0.0,0.0,0.0,0.0,-65.0,-50.0,-80.0,-90.0,-105.0
2023-08-30 00:00:00+00:00,15.0,45.0,-15.0,15.0,-15.0,-70.0,-25.0,-115.0,-80.0,-125.0,-110.0,-80.0,-140.0,-75.0,-105.0,-35.0,10.0,-80.0,-60.0,-105.0,-20.0,25.0,-65.0,-85.0,-130.0,-5.0,25.0,-35.0,-55.0,-85.0,-25.0,20.0,-70.0,-70.0,-115.0,5.0,50.0,-40.0,-55.0,-100.0,-10.0,20.0,-40.0,-25.0,-55.0,0.0,0.0,0.0,0.0,0.0,-40.0,-25.0,-55.0,-30.0,-45.0
2023-08-31 00:00:00+00:00,-345.0,-255.0,-435.0,-5.0,-95.0,-355.0,-280.0,-430.0,-40.0,-100.0,-345.0,-315.0,-375.0,-80.0,-110.0,5.0,50.0,-40.0,45.0,0.0,5.0,50.0,-40.0,45.0,0.0,35.0,80.0,-10.0,55.0,10.0,50.0,95.0,5.0,100.0,55.0,30.0,60.0,0.0,105.0,75.0,120.0,150.0,90.0,120.0,90.0,0.0,0.0,0.0,0.0,0.0,135.0,150.0,120.0,300.0,285.0
2023-09-01 00:00:00+00:00,-120.0,-30.0,-210.0,-60.0,-150.0,-45.0,15.0,-105.0,-5.0,-65.0,-40.0,35.0,-115.0,-100.0,-175.0,25.0,55.0,-5.0,60.0,30.0,60.0,90.0,30.0,135.0,105.0,135.0,150.0,120.0,25.0,10.0,190.0,220.0,160.0,70.0,40.0,190.0,220.0,160.0,70.0,40.0,135.0,150.0,120.0,25.0,10.0,0.0,0.0,0.0,0.0,0.0,155.0,170.0,140.0,105.0,90.0
2023-09-04 00:00:00+00:00,-130.0,-55.0,-205.0,-160.0,-235.0,-185.0,-95.0,-275.0,-170.0,-260.0,-65.0,-35.0,-95.0,-85.0,-115.0,0.0,60.0,-60.0,30.0,-15.0,10.0,55.0,-35.0,75.0,45.0,50.0,95.0,5.0,80.0,50.0,35.0,80.0,-10.0,-25.0,-55.0,70.0,100.0,40.0,25.0,-5.0,90.0,120.0,60.0,30.0,0.0,0.0,0.0,0.0,0.0,0.0,-125.0,-110.0,-140.0,-105.0,-120.0
2023-09-05 00:00:00+00:00,135.0,195.0,75.0,95.0,35.0,40.0,70.0,10.0,-45.0,-75.0,70.0,100.0,40.0,20.0,-10.0,-25.0,20.0,-70.0,50.0,5.0,30.0,60.0,0.0,90.0,60.0,-10.0,5.0,-25.0,30.0,15.0,55.0,85.0,25.0,155.0,125.0,35.0,50.0,20.0,105.0,90.0,35.0,50.0,20.0,105.0,90.0,0.0,0.0,0.0,0.0,0.0,230.0,245.0,215.0,215.0,200.0
2023-09-06 00:00:00+00:00,-190.0,-130.0,-250.0,-95.0,-155.0,-130.0,-55.0,-205.0,-100.0,-175.0,-195.0,-120.0,-270.0,-325.0,-400.0,-85.0,-40.0,-130.0,-100.0,-145.0,-30.0,0.0,-60.0,-70.0,-100.0,-90.0,-75.0,-105.0,-55.0,-70.0,-115.0,-85.0,-145.0,-110.0,-140.0,-175.0,-160.0,-190.0,-95.0,-110.0,-175.0,-160.0,-190.0,-95.0,-110.0,0.0,0.0,0.0,0.0,0.0,-180.0,-165.0,-195.0,-180.0,-195.0
2023-09-07 00:00:00+00:00,10.0,55.0,-35.0,-30.0,-75.0,-75.0,-30.0,-120.0,-95.0,-140.0,105.0,120.0,90.0,105.0,90.0,-140.0,-95.0,-185.0,-90.0,-135.0,-110.0,-65.0,-155.0,-20.0,-65.0,40.0,85.0,-5.0,10.0,-20.0,-275.0,-245.0,-305.0,-330.0,-360.0,-295.0,-280.0,-310.0,-345.0,-360.0,-200.0,-185.0,-215.0,-275.0,-290.0,0.0,0.0,0.0,0.0,0.0,-205.0,-190.0,-220.0,-260.0,-275.0
2023-09-08 00:00:00+00:00,-60.0,0.0,-120.0,-85.0,-145.0,90.0,135.0,45.0,30.0,-15.0,65.0,80.0,50.0,-40.0,-55.0,-165.0,-120.0,-210.0,45.0,0.0,-165.0,-120.0,-210.0,45.0,0.0,-145.0,-115.0,-175.0,5.0,-25.0,-85.0,-55.0,-115.0,110.0,80.0,-45.0,-15.0,-75.0,170.0,140.0,35.0,65.0,5.0,185.0,155.0,0.0,0.0,0.0,0.0,0.0,15.0,30.0,0.0,120.0,105.0
2023-09-11 00:00:00+00:00,-155.0,-80.0,-230.0,-20.0,-95.0,-75.0,-30.0,-120.0,-30.0,-75.0,-200.0,-170.0,-230.0,-270.0,-300.0,0.0,75.0,-75.0,-105.0,-165.0,-85.0,-25.0,-145.0,-125.0,-170.0,-20.0,-5.0,-35.0,-20.0,-35.0,75.0,120.0,30.0,30.0,0.0,140.0,170.0,110.0,30.0,0.0,55.0,70.0,40.0,60.0,45.0,0.0,0.0,0.0,0.0,0.0,15.0,30.0,0.0,-155.0,-170.0
2023-09-18 00:00:00+00:00,-110.0,-65.0,-155.0,-155.0,-200.0,-75.0,-15.0,-135.0,-45.0,-105.0,-75.0,-60.0,-90.0,-70.0,-85.0,-310.0,-250.0,-370.0,-305.0,-365.0,-265.0,-205.0,-325.0,-20.0,-65.0,-240.0,-210.0,-270.0,40.0,25.0,-240.0,-180.0,-300.0,60.0,15.0,-235.0,-175.0,-295.0,5.0,-40.0,-225.0,-180.0,-270.0,15.0,-15.0,0.0,0.0,0.0,0.0,0.0,-335.0,-320.0,-350.0,-345.0,-360.0
2023-09-19 00:00:00+00:00,5.0,65.0,-55.0,-5.0,-65.0,-10.0,35.0,-55.0,-70.0,-115.0,-35.0,10.0,-80.0,-40.0,-85.0,-110.0,-50.0,-170.0,-65.0,-125.0,-65.0,-20.0,-110.0,-25.0,-70.0,-5.0,10.0,-20.0,25.0,10.0,-150.0,-105.0,-195.0,-70.0,-115.0,-35.0,-5.0,-65.0,5.0,-25.0,-75.0,-60.0,-90.0,-50.0,-65.0,0.0,0.0,0.0,0.0,0.0,-50.0,-35.0,-65.0,-15.0,-30.0
2023-09-20 00:00:00+00:00,-115.0,-25.0,-205.0,5.0,-85.0,-160.0,-85.0,-235.0,-35.0,-110.0,195.0,210.0,180.0,155.0,140.0,90.0,150.0,30.0,90.0,45.0,50.0,65.0,35.0,0.0,-15.0,0.0,0.0,0.0,0.0,0.0,25.0,40.0,10.0,25.0,10.0,0.0,0.0,0.0,0.0,0.0,0.0,0.0,0.0,0.0,0.0,0.0,0.0,0.0,0.0,0.0,195.0,210.0,180.0,155.0,140.0
2023-09-21 00:00:00+00:00,-205.0,-145.0,-265.0,-210.0,-270.0,-70.0,-40.0,-100.0,-95.0,-125.0,0.0,0.0,0.0,0.0,0.0,-370.0,-310.0,-430.0,-460.0,-520.0,-395.0,-365.0,-425.0,-245.0,-275.0,-300.0,-270.0,-330.0,-175.0,-205.0,-470.0,-455.0,-485.0,-585.0,-600.0,-470.0,-455.0,-485.0,-585.0,-600.0,-415.0,-400.0,-430.0,-420.0,-435.0,0.0,0.0,0.0,0.0,0.0,-465.0,-450.0,-480.0,-585.0,-600.0
2023-09-22 00:00:00+00:00,0.0,60.0,-60.0,-30.0,-75.0,-260.0,-200.0,-320.0,-185.0,-245.0,0.0,60.0,-60.0,-65.0,-110.0,80.0,140.0,20.0,40.0,-20.0,190.0,235.0,145.0,125.0,80.0,60.0,75.0,45.0,110.0,95.0,185.0,230.0,140.0,135.0,90.0,75.0,90.0,60.0,130.0,115.0,105.0,120.0,90.0,125.0,110.0,0.0,0.0,0.0,0.0,0.0,95.0,110.0,80.0,185.0,170.0
2023-09-25 00:00:00+00:00,0.0,75.0,-75.0,-60.0,-135.0,-50.0,-5.0,-95.0,-70.0,-115.0,-10.0,35.0,-55.0,-80.0,-125.0,-125.0,-80.0,-170.0,-150.0,-195.0,-125.0,-80.0,-170.0,-150.0,-195.0,110.0,125.0,95.0,40.0,25.0,40.0,85.0,-5.0,130.0,85.0,40.0,85.0,-5.0,130.0,85.0,65.0,80.0,50.0,85.0,70.0,0.0,0.0,0.0,0.0,0.0,-80.0,-65.0,-95.0,-45.0,-60.0
2023-09-26 00:00:00+00:00,-475.0,-385.0,-565.0,-270.0,-360.0,-390.0,-315.0,-465.0,-185.0,-260.0,-145.0,-55.0,-235.0,-85.0,-175.0,165.0,225.0,105.0,160.0,100.0,135.0,180.0,90.0,200.0,155.0,240.0,270.0,210.0,15.0,-15.0,220.0,265.0,175.0,275.0,230.0,360.0,405.0,315.0,185.0,140.0,375.0,420.0,330.0,120.0,75.0,0.0,0.0,0.0,0.0,0.0,-15.0,0.0,-30.0,10.0,-5.0
2023-09-27 00:00:00+00:00,-35.0,40.0,-110.0,-290.0,-365.0,-30.0,30.0,-90.0,-225.0,-285.0,-40.0,-10.0,-70.0,20.0,-10.0,-95.0,-65.0,-125.0,-95.0,-125.0,-95.0,-65.0,-125.0,-95.0,-125.0,-45.0,-30.0,-60.0,35.0,20.0,-165.0,-120.0,-210.0,-115.0,-160.0,-120.0,-90.0,-150.0,-40.0,-70.0,-120.0,-90.0,-150.0,-40.0,-70.0,0.0,0.0,0.0,0.0,0.0,-85.0,-70.0,-100.0,-40.0,-55.0
2023-09-28 00:00:00+00:00,-230.0,-125.0,-335.0,165.0,75.0,-75.0,-15.0,-135.0,120.0,75.0,105.0,135.0,75.0,165.0,150.0,150.0,210.0,90.0,-50.0,-110.0,185.0,245.0,125.0,-110.0,-170.0,-25.0,-10.0,-40.0,-45.0,-60.0,190.0,235.0,145.0,150.0,105.0,225.0,270.0,180.0,90.0,45.0,225.0,240.0,210.0,370.0,355.0,0.0,0.0,0.0,0.0,0.0,125.0,140.0,110.0,220.0,205.0
2023-09-29 00:00:00+00:00,-110.0,-50.0,-170.0,-120.0,-180.0,-60.0,0.0,-120.0,-100.0,-160.0,50.0,80.0,20.0,10.0,-20.0,5.0,65.0,-55.0,100.0,40.0,-10.0,50.0,-70.0,50.0,-10.0,60.0,75.0,45.0,90.0,75.0,45.0,75.0,15.0,50.0,20.0,105.0,120.0,90.0,115.0,100.0,105.0,120.0,90.0,115.0,100.0,0.0,0.0,0.0,0.0,0.0,60.0,75.0,45.0,5.0,-10.0
2023-10-02 00:00:00+00:00,-215.0,-170.0,-260.0,-370.0,-415.0,-185.0,-170.0,-200.0,-235.0,-250.0,-190.0,-175.0,-205.0,0.0,0.0,-725.0,-695.0,-755.0,-550.0,-580.0,-725.0,-695.0,-755.0,-550.0,-580.0,-510.0,-480.0,-540.0,-485.0,-515.0,-690.0,-675.0,-705.0,-565.0,-580.0,-690.0,-675.0,-705.0,-565.0,-580.0,-520.0,-505.0,-535.0,-510.0,-525.0,0.0,0.0,0.0,0.0,0.0,-850.0,-835.0,-865.0,-820.0,-835.0
2023-10-03 00:00:00+00:00,-395.0,-305.0,-485.0,-315.0,-405.0,-290.0,-245.0,-335.0,-330.0,-375.0,-285.0,-240.0,-330.0,-380.0,-425.0,-665.0,-590.0,-740.0,-635.0,-710.0,-685.0,-625.0,-745.0,-690.0,-750.0,-450.0,-405.0,-495.0,-315.0,-360.0,-700.0,-640.0,-760.0,-585.0,-645.0,-740.0,-695.0,-785.0,-580.0,-625.0,-740.0,-695.0,-785.0,-675.0,-720.0,0.0,0.0,0.0,0.0,0.0,-985.0,-970.0,-1000.0,-875.0,-890.0
2023-10-04 00:00:00+00:00,55.0,115.0,-5.0,-140.0,-200.0,125.0,170.0,80.0,135.0,90.0,180.0,210.0,150.0,105.0,75.0,0.0,45.0,-45.0,60.0,15.0,-80.0,-50.0,-110.0,-80.0,-110.0,-110.0,-95.0,-125.0,-75.0,-90.0,95.0,125.0,65.0,170.0,140.0,65.0,80.0,50.0,175.0,160.0,65.0,80.0,50.0,175.0,160.0,0.0,0.0,0.0,0.0,0.0,380.0,395.0,365.0,360.0,345.0
2023-10-05 00:00:00+00:00,120.0,180.0,60.0,165.0,120.0,385.0,415.0,355.0,140.0,125.0,410.0,425.0,395.0,330.0,315.0,285.0,345.0,225.0,115.0,55.0,150.0,195.0,105.0,0.0,-45.0,30.0,45.0,15.0,10.0,-5.0,65.0,95.0,35.0,90.0,60.0,85.0,115.0,55.0,-10.0,-40.0,-25.0,-10.0,-40.0,-5.0,-20.0,0.0,0.0,0.0,0.0,0.0,390.0,405.0,375.0,400.0,385.0
2023-10-06 00:00:00+00:00,35.0,80.0,-10.0,175.0,130.0,230.0,260.0,200.0,220.0,190.0,-15.0,15.0,-45.0,70.0,40.0,80.0,140.0,20.0,-45.0,-90.0,10.0,40.0,-20.0,-30.0,-60.0,0.0,0.0,0.0,0.0,0.0,10.0,40.0,-20.0,-85.0,-115.0,10.0,40.0,-20.0,-85.0,-115.0,-15.0,0.0,-30.0,-100.0,-115.0,0.0,0.0,0.0,0.0,0.0,240.0,255.0,225.0,150.0,135.0
2023-10-09 00:00:00+00:00,135.0,195.0,75.0,-115.0,-160.0,-15.0,30.0,-60.0,15.0,-30.0,25.0,70.0,-20.0,-30.0,-75.0,-95.0,-50.0,-140.0,-45.0,-90.0,-95.0,-50.0,-140.0,-45.0,-90.0,-115.0,-85.0,-145.0,-70.0,-100.0,-215.0,-170.0,-260.0,-220.0,-265.0,-225.0,-210.0,-240.0,-200.0,-215.0,-170.0,-155.0,-185.0,-85.0,-100.0,0.0,0.0,0.0,0.0,0.0,-90.0,-75.0,-105.0,-130.0,-145.0
2023-10-10 00:00:00+00:00,-120.0,-45.0,-195.0,-80.0,-155.0,-200.0,-155.0,-245.0,-70.0,-115.0,-305.0,-260.0,-350.0,-125.0,-170.0,20.0,65.0,-25.0,5.0,-40.0,45.0,90.0,0.0,-55.0,-100.0,-35.0,-5.0,-65.0,-155.0,-185.0,-65.0,-20.0,-110.0,-200.0,-245.0,-145.0,-115.0,-175.0,-275.0,-305.0,-160.0,-145.0,-175.0,-220.0,-235.0,0.0,0.0,0.0,0.0,0.0,-255.0,-240.0,-270.0,-235.0,-250.0
2023-10-11 00:00:00+00:00,-200.0,-110.0,-290.0,-105.0,-195.0,105.0,150.0,60.0,185.0,140.0,200.0,215.0,185.0,240.0,225.0,40.0,85.0,-5.0,-65.0,-110.0,45.0,75.0,15.0,-15.0,-45.0,0.0,0.0,0.0,0.0,0.0,0.0,0.0,0.0,0.0,0.0,0.0,0.0,0.0,0.0,0.0,0.0,0.0,0.0,0.0,0.0,0.0,0.0,0.0,0.0,0.0,200.0,215.0,185.0,240.0,225.0
2023-10-12 00:00:00+00:00,-30.0,60.0,-120.0,-45.0,-135.0,40.0,70.0,10.0,-35.0,-65.0,50.0,65.0,35.0,75.0,60.0,-80.0,-50.0,-110.0,-60.0,-90.0,-30.0,0.0,-60.0,0.0,-30.0,-5.0,10.0,-20.0,-25.0,-40.0,-25.0,-10.0,-40.0,-35.0,-50.0,-5.0,10.0,-20.0,-35.0,-50.0,-5.0,10.0,-20.0,-35.0,-50.0,0.0,0.0,0.0,0.0,0.0,15.0,30.0,0.0,55.0,40.0
2023-10-13 00:00:00+00:00,-420.0,-330.0,-510.0,25.0,-65.0,-175.0,-130.0,-220.0,520.0,475.0,75.0,90.0,60.0,260.0,245.0,210.0,255.0,165.0,-345.0,-390.0,210.0,255.0,165.0,-345.0,-390.0,-115.0,-85.0,-145.0,-200.0,-230.0,55.0,100.0,10.0,-540.0,-585.0,210.0,255.0,165.0,-400.0,-445.0,215.0,245.0,185.0,-360.0,-390.0,0.0,0.0,0.0,0.0,0.0,-45.0,-30.0,-60.0,55.0,40.0
2023-10-16 00:00:00+00:00,-210.0,-120.0,-300.0,15.0,-75.0,180.0,225.0,135.0,155.0,110.0,155.0,200.0,110.0,305.0,260.0,175.0,235.0,115.0,165.0,105.0,130.0,160.0,100.0,130.0,100.0,90.0,105.0,75.0,95.0,80.0,90.0,105.0,75.0,95.0,80.0,90.0,105.0,75.0,95.0,80.0,0.0,0.0,0.0,0.0,0.0,0.0,0.0,0.0,0.0,0.0,345.0,360.0,330.0,370.0,355.0
2023-10-17 00:00:00+00:00,-430.0,-325.0,-535.0,25.0,-65.0,-310.0,-220.0,-400.0,75.0,-15.0,-300.0,-255.0,-345.0,230.0,185.0,250.0,340.0,160.0,-190.0,-280.0,215.0,275.0,155.0,-285.0,-345.0,225.0,270.0,180.0,-215.0,-260.0,510.0,600.0,420.0,-10.0,-100.0,445.0,520.0,370.0,5.0,-70.0,220.0,250.0,190.0,-315.0,-345.0,0.0,0.0,0.0,0.0,0.0,60.0,75.0,45.0,35.0,20.0
2023-10-18 00:00:00+00:00,-265.0,-205.0,-325.0,-10.0,-70.0,165.0,195.0,135.0,80.0,50.0,-155.0,-140.0,-170.0,-200.0,-215.0,-110.0,-50.0,-170.0,-365.0,-410.0,-110.0,-50.0,-170.0,-365.0,-410.0,-185.0,-155.0,-215.0,-325.0,-355.0,-220.0,-205.0,-235.0,-155.0,-170.0,-220.0,-205.0,-235.0,-155.0,-170.0,-220.0,-205.0,-235.0,-155.0,-170.0,0.0,0.0,0.0,0.0,0.0,-320.0,-305.0,-335.0,-295.0,-310.0
2023-10-19 00:00:00+00:00,315.0,345.0,285.0,135.0,105.0,340.0,355.0,325.0,325.0,310.0,165.0,195.0,135.0,190.0,160.0,-35.0,-5.0,-65.0,-130.0,-160.0,-35.0,-5.0,-65.0,-130.0,-160.0,-190.0,-175.0,-205.0,-190.0,-205.0,-25.0,5.0,-55.0,-130.0,-160.0,-25.0,5.0,-55.0,-130.0,-160.0,-130.0,-115.0,-145.0,-120.0,-135.0,0.0,0.0,0.0,0.0,0.0,335.0,350.0,320.0,225.0,210.0
2023-10-20 00:00:00+00:00,-130.0,-85.0,-175.0,-100.0,-145.0,-165.0,-120.0,-210.0,-55.0,-100.0,-250.0,-205.0,-295.0,-245.0,-290.0,-155.0,-125.0,-185.0,-265.0,-295.0,-155.0,-125.0,-185.0,-265.0,-295.0,-90.0,-75.0,-105.0,-35.0,-50.0,-155.0,-110.0,-200.0,-285.0,-330.0,-225.0,-195.0,-255.0,-310.0,-340.0,-65.0,-35.0,-95.0,-55.0,-85.0,0.0,0.0,0.0,0.0,0.0,-270.0,-255.0,-285.0,-195.0,-210.0
2023-10-23 00:00:00+00:00,-60.0,0.0,-120.0,245.0,185.0,250.0,295.0,205.0,175.0,130.0,50.0,80.0,20.0,55.0,25.0,-585.0,-555.0,-615.0,-515.0,-545.0,-585.0,-555.0,-615.0,-515.0,-545.0,-440.0,-410.0,-470.0,-425.0,-455.0,-445.0,-430.0,-460.0,-450.0,-465.0,-445.0,-430.0,-460.0,-450.0,-465.0,-445.0,-430.0,-460.0,-450.0,-465.0,0.0,0.0,0.0,0.0,0.0,-350.0,-335.0,-365.0,-245.0,-260.0
2023-10-24 00:00:00+00:00,-20.0,55.0,-95.0,5.0,-70.0,115.0,175.0,55.0,130.0,70.0,180.0,210.0,150.0,295.0,265.0,115.0,130.0,100.0,110.0,95.0,105.0,120.0,90.0,30.0,15.0,0.0,0.0,0.0,0.0,0.0,115.0,130.0,100.0,110.0,95.0,105.0,120.0,90.0,30.0,15.0,105.0,120.0,90.0,30.0,15.0,0.0,0.0,0.0,0.0,0.0,315.0,330.0,300.0,355.0,340.0
2023-10-25 00:00:00+00:00,-315.0,-210.0,-420.0,-110.0,-200.0,-485.0,-395.0,-575.0,-125.0,-200.0,-195.0,-120.0,-270.0,-275.0,-350.0,275.0,335.0,215.0,275.0,215.0,410.0,470.0,350.0,195.0,135.0,215.0,245.0,185.0,-155.0,-185.0,240.0,300.0,180.0,195.0,135.0,305.0,335.0,275.0,90.0,60.0,305.0,335.0,275.0,90.0,60.0,0.0,0.0,0.0,0.0,0.0,120.0,135.0,105.0,205.0,190.0
2023-10-26 00:00:00+00:00,-160.0,-115.0,-205.0,-390.0,-435.0,-320.0,-275.0,-365.0,-255.0,-300.0,-160.0,-130.0,-190.0,-210.0,-240.0,-90.0,-45.0,-135.0,-50.0,-95.0,-100.0,-55.0,-145.0,-230.0,-275.0,-285.0,-255.0,-315.0,-275.0,-305.0,240.0,300.0,180.0,280.0,220.0,140.0,185.0,95.0,70.0,25.0,-175.0,-160.0,-190.0,-80.0,-95.0,0.0,0.0,0.0,0.0,0.0,-140.0,-125.0,-155.0,-155.0,-170.0
2023-10-27 00:00:00+00:00,-275.0,-230.0,-320.0,-395.0,-440.0,-285.0,-255.0,-315.0,-340.0,-370.0,-240.0,-210.0,-270.0,-185.0,-215.0,-870.0,-840.0,-900.0,-735.0,-765.0,-795.0,-765.0,-825.0,-745.0,-775.0,-795.0,-765.0,-825.0,-745.0,-775.0,-880.0,-850.0,-910.0,-715.0,-745.0,-805.0,-775.0,-835.0,-725.0,-755.0,-730.0,-700.0,-760.0,-665.0,-695.0,0.0,0.0,0.0,0.0,0.0,-1045.0,-1030.0,-1060.0,-1020.0,-1035.0
2023-10-30 00:00:00+00:00,190.0,250.0,130.0,15.0,-45.0,75.0,120.0,30.0,40.0,-5.0,385.0,430.0,340.0,170.0,125.0,-30.0,0.0,-60.0,25.0,-5.0,30.0,60.0,0.0,25.0,-5.0,140.0,170.0,110.0,35.0,5.0,90.0,120.0,60.0,-30.0,-60.0,35.0,50.0,20.0,-55.0,-70.0,0.0,0.0,0.0,0.0,0.0,0.0,0.0,0.0,0.0,0.0,385.0,400.0,370.0,220.0,205.0
2023-10-31 00:00:00+00:00,-15.0,60.0,-90.0,205.0,130.0,-315.0,-270.0,-360.0,-315.0,-360.0,-5.0,25.0,-35.0,150.0,120.0,55.0,85.0,25.0,265.0,235.0,130.0,160.0,100.0,190.0,160.0,105.0,120.0,90.0,175.0,160.0,165.0,195.0,135.0,-10.0,-40.0,110.0,125.0,95.0,75.0,60.0,0.0,0.0,0.0,0.0,0.0,0.0,0.0,0.0,0.0,0.0,-335.0,-320.0,-350.0,-165.0,-180.0
2023-11-01 00:00:00+00:00,-115.0,-55.0,-175.0,-125.0,-185.0,-70.0,-25.0,-115.0,-135.0,-180.0,-110.0,-65.0,-155.0,-190.0,-235.0,60.0,120.0,0.0,-35.0,-95.0,30.0,75.0,-15.0,-10.0,-55.0,60.0,75.0,45.0,80.0,65.0,-95.0,-35.0,-155.0,-55.0,-100.0,-60.0,0.0,-120.0,-70.0,-115.0,60.0,75.0,45.0,80.0,65.0,0.0,0.0,0.0,0.0,0.0,-50.0,-35.0,-65.0,-125.0,-140.0
2023-11-02 00:00:00+00:00,-110.0,-20.0,-200.0,0.0,-75.0,-30.0,30.0,-90.0,-35.0,-95.0,35.0,65.0,5.0,-75.0,-105.0,50.0,95.0,5.0,-35.0,-80.0,80.0,125.0,35.0,40.0,-5.0,85.0,115.0,55.0,10.0,-20.0,90.0,120.0,60.0,100.0,70.0,65.0,95.0,35.0,60.0,30.0,20.0,35.0,5.0,60.0,45.0,0.0,0.0,0.0,0.0,0.0,145.0,160.0,130.0,55.0,40.0
2023-11-03 00:00:00+00:00,-135.0,-45.0,-225.0,-25.0,-115.0,-10.0,35.0,-55.0,-60.0,-105.0,-45.0,-15.0,-75.0,-125.0,-155.0,-15.0,30.0,-60.0,35.0,-10.0,-25.0,20.0,-70.0,50.0,5.0,-15.0,30.0,-60.0,60.0,15.0,-75.0,-45.0,-105.0,90.0,60.0,-75.0,-45.0,-105.0,90.0,60.0,-20.0,10.0,-50.0,170.0,140.0,0.0,0.0,0.0,0.0,0.0,45.0,60.0,30.0,120.0,105.0
2023-11-06 00:00:00+00:00,-50.0,10.0,-110.0,5.0,-55.0,0.0,60.0,-60.0,-150.0,-210.0,-95.0,-50.0,-140.0,-120.0,-165.0,25.0,85.0,-35.0,-130.0,-190.0,-20.0,25.0,-65.0,-130.0,-175.0,-55.0,-25.0,-85.0,-140.0,-170.0,25.0,70.0,-20.0,-20.0,-65.0,25.0,70.0,-20.0,-20.0,-65.0,25.0,70.0,-20.0,-20.0,-65.0,0.0,0.0,0.0,0.0,0.0,-20.0,-5.0,-35.0,-65.0,-80.0
2023-11-07 00:00:00+00:00,25.0,85.0,-35.0,-90.0,-150.0,-50.0,10.0,-110.0,-140.0,-200.0,-105.0,-75.0,-135.0,-275.0,-305.0,-360.0,-300.0,-420.0,-155.0,-215.0,-250.0,-205.0,-295.0,-50.0,-95.0,-215.0,-185.0,-245.0,-120.0,-150.0,-245.0,-215.0,-275.0,-100.0,-130.0,-245.0,-215.0,-275.0,-100.0,-130.0,-210.0,-180.0,-240.0,-60.0,-90.0,0.0,0.0,0.0,0.0,0.0,-265.0,-250.0,-280.0,-235.0,-250.0
2023-11-08 00:00:00+00:00,-10.0,35.0,-55.0,50.0,5.0,50.0,80.0,20.0,75.0,45.0,-15.0,45.0,-75.0,-90.0,-150.0,-25.0,20.0,-70.0,-15.0,-60.0,-15.0,30.0,-60.0,-35.0,-80.0,20.0,50.0,-10.0,120.0,90.0,90.0,120.0,60.0,140.0,110.0,90.0,120.0,60.0,140.0,110.0,105.0,135.0,75.0,110.0,80.0,0.0,0.0,0.0,0.0,0.0,85.0,100.0,70.0,115.0,100.0
2023-11-09 00:00:00+00:00,215.0,260.0,170.0,180.0,135.0,20.0,65.0,-25.0,15.0,-30.0,50.0,80.0,20.0,60.0,30.0,-90.0,-45.0,-135.0,15.0,-30.0,-55.0,-10.0,-100.0,10.0,-35.0,-195.0,-180.0,-210.0,-200.0,-215.0,-85.0,-55.0,-115.0,20.0,-10.0,-120.0,-105.0,-135.0,0.0,0.0,0.0,0.0,0.0,0.0,0.0,0.0,0.0,0.0,0.0,0.0,30.0,45.0,15.0,95.0,80.0
2023-11-10 00:00:00+00:00,-130.0,-40.0,-220.0,30.0,-45.0,-195.0,-150.0,-240.0,-230.0,-260.0,-325.0,-265.0,-385.0,-120.0,-165.0,-115.0,-55.0,-175.0,-285.0,-345.0,-140.0,-95.0,-185.0,-250.0,-295.0,-95.0,-65.0,-125.0,-95.0,-125.0,5.0,50.0,-40.0,25.0,-20.0,5.0,50.0,-40.0,25.0,-20.0,-30.0,0.0,-60.0,35.0,5.0,0.0,0.0,0.0,0.0,0.0,-275.0,-260.0,-290.0,-165.0,-180.0
2023-11-13 00:00:00+00:00,185.0,260.0,110.0,-5.0,-80.0,140.0,185.0,95.0,80.0,35.0,-35.0,25.0,-95.0,-60.0,-120.0,-40.0,-10.0,-70.0,40.0,10.0,-50.0,-20.0,-80.0,70.0,55.0,0.0,15.0,-15.0,70.0,55.0,25.0,40.0,10.0,15.0,0.0,25.0,40.0,10.0,15.0,0.0,25.0,40.0,10.0,15.0,0.0,0.0,0.0,0.0,0.0,0.0,165.0,180.0,150.0,65.0,50.0
2023-11-14 00:00:00+00:00,-80.0,-5.0,-155.0,-15.0,-75.0,-140.0,-95.0,-185.0,-135.0,-180.0,-80.0,-50.0,-110.0,-140.0,-170.0,-95.0,-50.0,-140.0,-40.0,-85.0,5.0,50.0,-40.0,45.0,0.0,-80.0,-65.0,-95.0,-40.0,-55.0,-20.0,10.0,-50.0,120.0,90.0,-20.0,10.0,-50.0,120.0,90.0,-20.0,10.0,-50.0,120.0,90.0,0.0,0.0,0.0,0.0,0.0,-80.0,-65.0,-95.0,-35.0,-50.0
2023-11-15 00:00:00+00:00,125.0,200.0,50.0,-10.0,-70.0,-80.0,-50.0,-110.0,-150.0,-180.0,-120.0,-90.0,-150.0,-30.0,-60.0,-190.0,-160.0,-220.0,-115.0,-145.0,-170.0,-140.0,-200.0,-90.0,-120.0,-185.0,-170.0,-200.0,-130.0,-145.0,-45.0,-15.0,-75.0,45.0,15.0,-90.0,-75.0,-105.0,-40.0,-55.0,-10.0,5.0,-25.0,-50.0,-65.0,0.0,0.0,0.0,0.0,0.0,-5.0,10.0,-20.0,50.0,35.0
2023-11-16 00:00:00+00:00,-110.0,-50.0,-170.0,-160.0,-220.0,-250.0,-190.0,-310.0,-290.0,-350.0,-145.0,-85.0,-205.0,-140.0,-200.0,-20.0,40.0,-80.0,0.0,-60.0,-20.0,40.0,-80.0,0.0,-60.0,-20.0,-5.0,-35.0,20.0,5.0,35.0,80.0,-10.0,120.0,75.0,40.0,70.0,10.0,65.0,35.0,50.0,65.0,35.0,60.0,45.0,0.0,0.0,0.0,0.0,0.0,-70.0,-55.0,-85.0,15.0,0.0
2023-11-17 00:00:00+00:00,-145.0,-55.0,-235.0,-125.0,-215.0,-125.0,-65.0,-185.0,-85.0,-145.0,-40.0,5.0,-85.0,-125.0,-170.0,125.0,200.0,50.0,125.0,50.0,205.0,265.0,145.0,85.0,25.0,110.0,155.0,65.0,40.0,-5.0,195.0,240.0,150.0,110.0,65.0,195.0,240.0,150.0,110.0,65.0,30.0,45.0,15.0,5.0,-10.0,0.0,0.0,0.0,0.0,0.0,45.0,60.0,30.0,15.0,0.0
2023-11-20 00:00:00+00:00,25.0,85.0,-35.0,-45.0,-105.0,-60.0,-15.0,-105.0,40.0,-5.0,-40.0,20.0,-100.0,35.0,-25.0,35.0,80.0,-10.0,65.0,20.0,35.0,80.0,-10.0,65.0,20.0,30.0,60.0,0.0,-10.0,-25.0,15.0,45.0,-15.0,0.0,-30.0,20.0,50.0,-10.0,65.0,35.0,30.0,45.0,15.0,0.0,0.0,0.0,0.0,0.0,0.0,0.0,95.0,110.0,80.0,100.0,85.0
2023-11-21 00:00:00+00:00,20.0,50.0,-10.0,-55.0,-85.0,-140.0,-110.0,-170.0,-190.0,-220.0,-110.0,-80.0,-140.0,-155.0,-185.0,-145.0,-100.0,-190.0,5.0,-40.0,-60.0,-15.0,-105.0,45.0,0.0,-75.0,-45.0,-105.0,30.0,0.0,55.0,100.0,10.0,145.0,100.0,95.0,140.0,50.0,175.0,130.0,100.0,145.0,55.0,170.0,125.0,0.0,0.0,0.0,0.0,0.0,-80.0,-65.0,-95.0,-80.0,-95.0
2023-11-22 00:00:00+00:00,-185.0,-125.0,-245.0,-135.0,-195.0,-160.0,-115.0,-205.0,-115.0,-160.0,-205.0,-160.0,-250.0,-170.0,-215.0,-190.0,-145.0,-235.0,-145.0,-190.0,-155.0,-110.0,-200.0,-160.0,-205.0,-210.0,-195.0,-225.0,-215.0,-230.0,-185.0,-140.0,-230.0,-145.0,-190.0,-160.0,-130.0,-190.0,-155.0,-185.0,-210.0,-195.0,-225.0,-215.0,-230.0,0.0,0.0,0.0,0.0,0.0,-230.0,-215.0,-245.0,-220.0,-235.0
2023-11-24 00:00:00+00:00,-15.0,60.0,-90.0,-15.0,-75.0,50.0,95.0,5.0,60.0,15.0,150.0,180.0,120.0,145.0,115.0,145.0,205.0,85.0,75.0,15.0,130.0,190.0,70.0,50.0,-10.0,20.0,35.0,5.0,-15.0,-30.0,20.0,35.0,5.0,-15.0,-30.0,0.0,0.0,0.0,0.0,0.0,0.0,0.0,0.0,0.0,0.0,0.0,0.0,0.0,0.0,0.0,185.0,200.0,170.0,185.0,170.0
2023-11-27 00:00:00+00:00,185.0,215.0,155.0,100.0,70.0,55.0,70.0,40.0,40.0,25.0,-15.0,15.0,-45.0,55.0,25.0,-155.0,-125.0,-185.0,-75.0,-105.0,-155.0,-125.0,-185.0,-75.0,-105.0,-85.0,-55.0,-115.0,-65.0,-95.0,-120.0,-105.0,-135.0,45.0,30.0,-50.0,-35.0,-65.0,55.0,40.0,-50.0,-35.0,-65.0,55.0,40.0,0.0,0.0,0.0,0.0,0.0,-5.0,10.0,-20.0,55.0,40.0
2023-11-29 00:00:00+00:00,-45.0,15.0,-105.0,-130.0,-190.0,-120.0,-60.0,-180.0,-110.0,-170.0,20.0,50.0,-10.0,55.0,25.0,-20.0,25.0,-65.0,140.0,95.0,-5.0,40.0,-50.0,80.0,35.0,5.0,20.0,-10.0,15.0,0.0,-70.0,-25.0,-115.0,30.0,-15.0,-70.0,-55.0,-85.0,40.0,25.0,0.0,0.0,0.0,0.0,0.0,0.0,0.0,0.0,0.0,0.0,-30.0,-15.0,-45.0,85.0,70.0
2023-11-30 00:00:00+00:00,135.0,195.0,75.0,75.0,15.0,60.0,105.0,15.0,110.0,65.0,5.0,35.0,-25.0,-60.0,-90.0,-5.0,55.0,-65.0,-30.0,-90.0,35.0,80.0,-10.0,60.0,15.0,10.0,25.0,-5.0,50.0,35.0,120.0,180.0,60.0,85.0,25.0,0.0,30.0,-30.0,-40.0,-55.0,20.0,35.0,5.0,0.0,0.0,0.0,0.0,0.0,0.0,0.0,230.0,245.0,215.0,210.0,195.0
2023-12-01 00:00:00+00:00,-105.0,-45.0,-165.0,-180.0,-225.0,-85.0,-40.0,-130.0,-140.0,-170.0,-80.0,-65.0,-95.0,-120.0,-135.0,-160.0,-115.0,-205.0,-110.0,-155.0,-160.0,-115.0,-205.0,-110.0,-155.0,-100.0,-70.0,-130.0,-60.0,-90.0,-75.0,-60.0,-90.0,-75.0,-90.0,-75.0,-60.0,-90.0,-75.0,-90.0,-75.0,-60.0,-90.0,-75.0,-90.0,0.0,0.0,0.0,0.0,0.0,-190.0,-175.0,-205.0,-195.0,-210.0
2023-12-04 00:00:00+00:00,-270.0,-195.0,-345.0,-70.0,-130.0,-230.0,-140.0,-320.0,-290.0,-365.0,-360.0,-300.0,-420.0,-155.0,-215.0,25.0,85.0,-35.0,-60.0,-120.0,-65.0,-20.0,-110.0,-50.0,-95.0,-20.0,10.0,-50.0,95.0,65.0,140.0,185.0,95.0,165.0,120.0,140.0,185.0,95.0,165.0,120.0,265.0,310.0,220.0,175.0,130.0,0.0,0.0,0.0,0.0,0.0,-155.0,-140.0,-170.0,-40.0,-55.0
2023-12-05 00:00:00+00:00,-280.0,-220.0,-340.0,-255.0,-315.0,-280.0,-220.0,-340.0,-240.0,-300.0,-35.0,-20.0,-50.0,-20.0,-35.0,30.0,75.0,-15.0,10.0,-35.0,15.0,45.0,-15.0,55.0,25.0,75.0,105.0,45.0,75.0,45.0,-35.0,-20.0,-50.0,-50.0,-65.0,-35.0,-20.0,-50.0,-50.0,-65.0,-40.0,-25.0,-55.0,-40.0,-55.0,0.0,0.0,0.0,0.0,0.0,-250.0,-235.0,-265.0,-230.0,-245.0
2023-12-06 00:00:00+00:00,-35.0,25.0,-95.0,40.0,-20.0,55.0,85.0,25.0,-35.0,-65.0,10.0,25.0,-5.0,5.0,-10.0,-60.0,0.0,-120.0,-10.0,-70.0,-40.0,-10.0,-70.0,0.0,-30.0,-10.0,20.0,-40.0,5.0,-25.0,-50.0,-20.0,-80.0,-20.0,-50.0,-40.0,-25.0,-55.0,-5.0,-20.0,80.0,95.0,65.0,55.0,40.0,0.0,0.0,0.0,0.0,0.0,15.0,30.0,0.0,45.0,30.0
2023-12-07 00:00:00+00:00,-120.0,-60.0,-180.0,-140.0,-200.0,-80.0,-35.0,-125.0,-140.0,-185.0,-190.0,-145.0,-235.0,-145.0,-190.0,15.0,75.0,-45.0,-60.0,-105.0,5.0,50.0,-40.0,-50.0,-95.0,100.0,130.0,70.0,70.0,40.0,15.0,60.0,-30.0,50.0,5.0,-10.0,20.0,-40.0,40.0,10.0,25.0,55.0,-5.0,25.0,-5.0,0.0,0.0,0.0,0.0,0.0,-5.0,10.0,-20.0,-70.0,-85.0
2023-12-08 00:00:00+00:00,80.0,125.0,35.0,130.0,85.0,75.0,105.0,45.0,30.0,0.0,30.0,60.0,0.0,15.0,-15.0,-265.0,-235.0,-295.0,-280.0,-310.0,-250.0,-235.0,-265.0,-255.0,-270.0,-250.0,-235.0,-265.0,-255.0,-270.0,-220.0,-205.0,-235.0,-270.0,-285.0,-220.0,-205.0,-235.0,-270.0,-285.0,-200.0,-185.0,-215.0,-230.0,-245.0,0.0,0.0,0.0,0.0,0.0,-130.0,-115.0,-145.0,-170.0,-185.0
2023-12-18 00:00:00+00:00,-75.0,0.0,-150.0,-150.0,-225.0,-120.0,-60.0,-180.0,-200.0,-260.0,40.0,85.0,-5.0,-55.0,-100.0,20.0,65.0,-25.0,105.0,60.0,-5.0,25.0,-35.0,105.0,75.0,20.0,35.0,5.0,50.0,35.0,20.0,35.0,5.0,50.0,35.0,30.0,45.0,15.0,80.0,65.0,0.0,0.0,0.0,0.0,0.0,0.0,0.0,0.0,0.0,0.0,-5.0,10.0,-20.0,50.0,35.0
2023-12-19 00:00:00+00:00,-155.0,-80.0,-230.0,-180.0,-255.0,-135.0,-90.0,-180.0,-115.0,-160.0,-230.0,-140.0,-320.0,-45.0,-135.0,-30.0,45.0,-105.0,-55.0,-130.0,-30.0,45.0,-105.0,-55.0,-130.0,25.0,55.0,-5.0,40.0,10.0,20.0,80.0,-40.0,-50.0,-110.0,5.0,35.0,-25.0,-35.0,-65.0,15.0,30.0,0.0,-35.0,-50.0,0.0,0.0,0.0,0.0,0.0,30.0,45.0,15.0,60.0,45.0
2023-12-20 00:00:00+00:00,-220.0,-160.0,-280.0,-110.0,-170.0,-120.0,-75.0,-165.0,-160.0,-205.0,-115.0,-100.0,-130.0,-95.0,-110.0,-145.0,-85.0,-205.0,-85.0,-145.0,-10.0,50.0,-70.0,-60.0,-120.0,25.0,40.0,10.0,20.0,5.0,-110.0,-65.0,-155.0,-50.0,-95.0,-135.0,-90.0,-180.0,-85.0,-130.0,40.0,70.0,10.0,80.0,50.0,0.0,0.0,0.0,0.0,0.0,-240.0,-225.0,-255.0,-160.0,-175.0
2023-12-21 00:00:00+00:00,5.0,50.0,-40.0,125.0,80.0,-5.0,25.0,-35.0,-65.0,-95.0,-160.0,-115.0,-205.0,-110.0,-155.0,-145.0,-130.0,-160.0,-160.0,-175.0,-145.0,-130.0,-160.0,-160.0,-175.0,-125.0,-110.0,-140.0,-95.0,-110.0,-10.0,5.0,-25.0,-25.0,-40.0,-10.0,5.0,-25.0,-25.0,-40.0,-10.0,5.0,-25.0,-25.0,-40.0,0.0,0.0,0.0,0.0,0.0,-100.0,-85.0,-115.0,-80.0,-95.0
2023-12-22 00:00:00+00:00,-25.0,35.0,-85.0,-30.0,-90.0,-90.0,-60.0,-120.0,-20.0,-50.0,5.0,65.0,-55.0,35.0,-25.0,75.0,120.0,30.0,105.0,60.0,130.0,175.0,85.0,95.0,50.0,75.0,90.0,60.0,100.0,85.0,70.0,100.0,40.0,75.0,45.0,70.0,100.0,40.0,75.0,45.0,0.0,0.0,0.0,0.0,0.0,0.0,0.0,0.0,0.0,0.0,130.0,145.0,115.0,125.0,110.0
2023-12-27 00:00:00+00:00,-180.0,-90.0,-270.0,-15.0,-105.0,-130.0,-70.0,-190.0,-135.0,-195.0,-165.0,-90.0,-240.0,-115.0,-190.0,5.0,65.0,-55.0,-50.0,-110.0,5.0,35.0,-25.0,-5.0,-35.0,60.0,75.0,45.0,50.0,35.0,30.0,75.0,-15.0,20.0,-25.0,85.0,115.0,55.0,75.0,45.0,0.0,0.0,0.0,0.0,0.0,0.0,0.0,0.0,0.0,0.0,-40.0,-25.0,-55.0,-10.0,-25.0
2023-12-28 00:00:00+00:00,-25.0,20.0,-70.0,-130.0,-175.0,-100.0,-55.0,-145.0,-185.0,-230.0,-115.0,-100.0,-130.0,-130.0,-145.0,-120.0,-60.0,-180.0,50.0,5.0,-120.0,-60.0,-180.0,15.0,-30.0,-100.0,-70.0,-130.0,-10.0,-40.0,-35.0,10.0,-80.0,70.0,25.0,-25.0,20.0,-70.0,110.0,80.0,80.0,110.0,50.0,135.0,105.0,0.0,0.0,0.0,0.0,0.0,-120.0,-105.0,-135.0,-45.0,-60.0
2024-01-02 00:00:00+00:00,-175.0,-130.0,-220.0,-185.0,-230.0,-245.0,-215.0,-275.0,-370.0,-400.0,-230.0,-215.0,-245.0,-275.0,-290.0,-1140.0,-1110.0,-1170.0,-1110.0,-1140.0,-1065.0,-1035.0,-1095.0,-1005.0,-1035.0,-1020.0,-990.0,-1050.0,-925.0,-955.0,-980.0,-950.0,-1010.0,-920.0,-950.0,-935.0,-905.0,-965.0,-840.0,-870.0,-935.0,-905.0,-965.0,-840.0,-870.0,0.0,0.0,0.0,0.0,0.0,-1300.0,-1285.0,-1315.0,-1340.0,-1355.0
2024-01-03 00:00:00+00:00,-110.0,-65.0,-155.0,-40.0,-85.0,-210.0,-150.0,-270.0,-155.0,-215.0,-125.0,-95.0,-155.0,-125.0,-155.0,-290.0,-230.0,-350.0,-365.0,-425.0,-290.0,-230.0,-350.0,-365.0,-425.0,-130.0,-85.0,-175.0,-50.0,-80.0,-330.0,-300.0,-360.0,-385.0,-415.0,-295.0,-265.0,-325.0,-330.0,-360.0,-195.0,-165.0,-225.0,-145.0,-160.0,0.0,0.0,0.0,0.0,0.0,-390.0,-375.0,-405.0,-410.0,-425.0
2024-01-04 00:00:00+00:00,-230.0,-170.0,-290.0,-300.0,-360.0,-390.0,-330.0,-450.0,-410.0,-470.0,-350.0,-290.0,-410.0,-230.0,-290.0,195.0,255.0,135.0,275.0,215.0,195.0,255.0,135.0,275.0,215.0,150.0,195.0,105.0,200.0,155.0,205.0,250.0,160.0,265.0,220.0,130.0,160.0,100.0,185.0,155.0,115.0,145.0,85.0,140.0,110.0,0.0,0.0,0.0,0.0,0.0,-45.0,-30.0,-60.0,-15.0,-30.0
2024-01-05 00:00:00+00:00,-155.0,-95.0,-215.0,-275.0,-335.0,-145.0,-100.0,-190.0,-220.0,-265.0,-160.0,-115.0,-205.0,-60.0,-105.0,-95.0,-20.0,-170.0,50.0,-10.0,130.0,205.0,55.0,130.0,70.0,280.0,325.0,235.0,210.0,165.0,-290.0,-245.0,-335.0,-185.0,-215.0,-160.0,-130.0,-190.0,-185.0,-215.0,65.0,95.0,35.0,-105.0,-135.0,0.0,0.0,0.0,0.0,0.0,-370.0,-355.0,-385.0,-235.0,-250.0
2024-01-08 00:00:00+00:00,-120.0,-60.0,-180.0,-55.0,-115.0,-165.0,-120.0,-210.0,-95.0,-140.0,-330.0,-270.0,-390.0,-35.0,-95.0,-195.0,-165.0,-225.0,-90.0,-120.0,-125.0,-95.0,-155.0,0.0,-30.0,-125.0,-95.0,-155.0,0.0,-30.0,-65.0,-35.0,-95.0,60.0,30.0,75.0,105.0,45.0,-70.0,-100.0,75.0,105.0,45.0,-70.0,-100.0,0.0,0.0,0.0,0.0,0.0,-55.0,-40.0,-70.0,90.0,75.0
2024-01-09 00:00:00+00:00,-145.0,-70.0,-220.0,-335.0,-395.0,-20.0,10.0,-50.0,-70.0,-100.0,-10.0,5.0,-25.0,-50.0,-65.0,-195.0,-150.0,-240.0,-125.0,-170.0,-195.0,-150.0,-240.0,-125.0,-170.0,-95.0,-50.0,-140.0,-150.0,-195.0,-300.0,-270.0,-330.0,-330.0,-360.0,-270.0,-240.0,-300.0,-155.0,-185.0,-155.0,-125.0,-185.0,-210.0,-240.0,0.0,0.0,0.0,0.0,0.0,-230.0,-215.0,-245.0,-305.0,-320.0
2024-01-10 00:00:00+00:00,115.0,160.0,70.0,60.0,15.0,75.0,105.0,45.0,45.0,15.0,5.0,20.0,-10.0,-50.0,-65.0,-260.0,-230.0,-290.0,-265.0,-295.0,-260.0,-230.0,-290.0,-265.0,-295.0,-195.0,-165.0,-225.0,-235.0,-265.0,-265.0,-250.0,-280.0,-250.0,-265.0,-195.0,-180.0,-210.0,-240.0,-255.0,-195.0,-180.0,-210.0,-240.0,-255.0,0.0,0.0,0.0,0.0,0.0,-100.0,-85.0,-115.0,-190.0,-205.0
2024-01-11 00:00:00+00:00,-40.0,-10.0,-70.0,20.0,-10.0,-240.0,-195.0,-285.0,-230.0,-275.0,-145.0,-130.0,-160.0,-50.0,-65.0,-440.0,-425.0,-455.0,-360.0,-375.0,-370.0,-355.0,-385.0,-335.0,-350.0,-370.0,-355.0,-385.0,-335.0,-350.0,-260.0,-245.0,-275.0,-300.0,-315.0,-260.0,-245.0,-275.0,-300.0,-315.0,-260.0,-245.0,-275.0,-300.0,-315.0,0.0,0.0,0.0,0.0,0.0,-500.0,-485.0,-515.0,-415.0,-430.0
2024-01-12 00:00:00+00:00,-140.0,-95.0,-185.0,-170.0,-215.0,-230.0,-155.0,-305.0,-155.0,-230.0,-170.0,-110.0,-230.0,-325.0,-385.0,-1430.0,-1370.0,-1490.0,-1455.0,-1515.0,-1445.0,-1400.0,-1490.0,-1440.0,-1485.0,-1405.0,-1360.0,-1450.0,-1130.0,-1175.0,-1475.0,-1430.0,-1520.0,-1415.0,-1460.0,-1500.0,-1470.0,-1530.0,-1345.0,-1375.0,-1505.0,-1475.0,-1535.0,-1185.0,-1215.0,0.0,0.0,0.0,0.0,0.0,-1580.0,-1565.0,-1595.0,-1560.0,-1575.0
2024-01-15 00:00:00+00:00,-130.0,-40.0,-220.0,-140.0,-230.0,-275.0,-230.0,-320.0,-315.0,-360.0,-250.0,-205.0,-295.0,-420.0,-465.0,120.0,210.0,30.0,55.0,-35.0,30.0,105.0,-45.0,-70.0,-145.0,95.0,125.0,65.0,70.0,40.0,190.0,250.0,130.0,145.0,85.0,360.0,405.0,315.0,210.0,165.0,160.0,190.0,130.0,245.0,215.0,0.0,0.0,0.0,0.0,0.0,150.0,165.0,135.0,65.0,50.0
2024-01-16 00:00:00+00:00,55.0,115.0,-5.0,100.0,40.0,-170.0,-80.0,-260.0,135.0,45.0,-65.0,-20.0,-110.0,110.0,65.0,45.0,105.0,-15.0,15.0,-45.0,20.0,65.0,-25.0,-45.0,-90.0,90.0,105.0,75.0,-10.0,-25.0,140.0,200.0,80.0,-125.0,-185.0,50.0,80.0,20.0,-150.0,-180.0,-45.0,-30.0,-60.0,-75.0,-90.0,0.0,0.0,0.0,0.0,0.0,100.0,115.0,85.0,150.0,135.0
2024-01-17 00:00:00+00:00,-180.0,-105.0,-255.0,-50.0,-125.0,-45.0,-30.0,-60.0,-70.0,-85.0,-50.0,-35.0,-65.0,-85.0,-100.0,-110.0,-65.0,-155.0,-45.0,-90.0,-95.0,-50.0,-140.0,0.0,-45.0,-25.0,5.0,-55.0,-30.0,-60.0,-180.0,-150.0,-210.0,-30.0,-60.0,-180.0,-150.0,-210.0,-30.0,-60.0,45.0,75.0,15.0,90.0,60.0,0.0,0.0,0.0,0.0,0.0,-90.0,-75.0,-105.0,-85.0,-100.0
2024-01-18 00:00:00+00:00,230.0,290.0,170.0,130.0,70.0,5.0,65.0,-55.0,-20.0,-80.0,-280.0,-190.0,-370.0,-205.0,-295.0,15.0,60.0,-30.0,-20.0,-65.0,60.0,105.0,15.0,-80.0,-125.0,90.0,120.0,60.0,-30.0,-60.0,5.0,65.0,-55.0,-55.0,-115.0,70.0,115.0,25.0,5.0,-40.0,80.0,110.0,50.0,15.0,-15.0,0.0,0.0,0.0,0.0,0.0,-75.0,-60.0,-90.0,-65.0,-80.0
2024-01-19 00:00:00+00:00,265.0,310.0,220.0,210.0,165.0,110.0,155.0,65.0,50.0,5.0,305.0,350.0,260.0,220.0,175.0,30.0,60.0,0.0,115.0,85.0,30.0,60.0,0.0,115.0,85.0,0.0,0.0,0.0,0.0,0.0,30.0,45.0,15.0,30.0,15.0,0.0,0.0,0.0,0.0,0.0,0.0,0.0,0.0,0.0,0.0,0.0,0.0,0.0,0.0,0.0,385.0,400.0,370.0,275.0,260.0
2024-01-22 00:00:00+00:00,-270.0,-180.0,-360.0,-120.0,-210.0,-145.0,-70.0,-220.0,-100.0,-175.0,-280.0,-205.0,-355.0,-295.0,-370.0,120.0,180.0,60.0,45.0,-15.0,100.0,145.0,55.0,10.0,-35.0,0.0,0.0,0.0,0.0,0.0,90.0,120.0,60.0,155.0,125.0,90.0,120.0,60.0,155.0,125.0,115.0,145.0,85.0,180.0,150.0,0.0,0.0,0.0,0.0,0.0,-20.0,-5.0,-35.0,25.0,10.0
2024-01-23 00:00:00+00:00,-95.0,-35.0,-155.0,-175.0,-235.0,-125.0,-65.0,-185.0,-170.0,-230.0,-210.0,-165.0,-255.0,-175.0,-220.0,-240.0,-180.0,-300.0,0.0,-45.0,-225.0,-180.0,-270.0,20.0,-10.0,-225.0,-195.0,-255.0,5.0,-10.0,-230.0,-170.0,-290.0,25.0,-20.0,-215.0,-170.0,-260.0,25.0,-5.0,-230.0,-200.0,-260.0,10.0,-5.0,0.0,0.0,0.0,0.0,0.0,-245.0,-230.0,-260.0,-215.0,-230.0
2024-01-24 00:00:00+00:00,-45.0,15.0,-105.0,-25.0,-85.0,85.0,130.0,40.0,35.0,-10.0,-195.0,-135.0,-255.0,-235.0,-295.0,10.0,40.0,-20.0,40.0,10.0,10.0,40.0,-20.0,40.0,10.0,-25.0,-10.0,-40.0,20.0,5.0,115.0,145.0,85.0,200.0,170.0,170.0,200.0,140.0,250.0,220.0,250.0,280.0,220.0,225.0,195.0,0.0,0.0,0.0,0.0,0.0,115.0,130.0,100.0,145.0,130.0
2024-01-25 00:00:00+00:00,-540.0,-480.0,-600.0,-680.0,-740.0,-885.0,-810.0,-960.0,-855.0,-930.0,-650.0,-605.0,-695.0,-665.0,-710.0,-30.0,15.0,-75.0,55.0,10.0,30.0,75.0,-15.0,70.0,25.0,-5.0,10.0,-20.0,45.0,30.0,100.0,130.0,70.0,105.0,75.0,165.0,195.0,135.0,70.0,40.0,95.0,110.0,80.0,80.0,65.0,0.0,0.0,0.0,0.0,0.0,-590.0,-575.0,-605.0,-470.0,-485.0
2024-01-26 00:00:00+00:00,-130.0,-40.0,-220.0,160.0,85.0,-110.0,-35.0,-185.0,145.0,85.0,130.0,160.0,100.0,330.0,315.0,125.0,170.0,80.0,135.0,90.0,55.0,70.0,40.0,-20.0,-35.0,55.0,70.0,40.0,-20.0,-35.0,70.0,85.0,55.0,95.0,80.0,110.0,125.0,95.0,85.0,70.0,110.0,125.0,95.0,85.0,70.0,0.0,0.0,0.0,0.0,0.0,220.0,235.0,205.0,280.0,265.0
2024-01-29 00:00:00+00:00,60.0,105.0,15.0,40.0,-5.0,20.0,50.0,-10.0,115.0,85.0,10.0,40.0,-20.0,30.0,0.0,-165.0,-150.0,-180.0,-95.0,-110.0,-75.0,-60.0,-90.0,-105.0,-120.0,-75.0,-60.0,-90.0,-105.0,-120.0,-20.0,-5.0,-35.0,-35.0,-50.0,-20.0,-5.0,-35.0,-35.0,-50.0,-20.0,-5.0,-35.0,-35.0,-50.0,0.0,0.0,0.0,0.0,0.0,0.0,15.0,-15.0,70.0,55.0
2024-01-30 00:00:00+00:00,-180.0,-90.0,-270.0,-215.0,-305.0,-205.0,-100.0,-310.0,-75.0,-180.0,-155.0,-65.0,-245.0,-60.0,-150.0,-45.0,30.0,-120.0,-10.0,-85.0,25.0,70.0,-20.0,-10.0,-55.0,65.0,80.0,50.0,50.0,35.0,-60.0,15.0,-135.0,-55.0,-130.0,-25.0,20.0,-70.0,-30.0,-75.0,-20.0,10.0,-50.0,-5.0,-35.0,0.0,0.0,0.0,0.0,0.0,-85.0,-70.0,-100.0,-60.0,-75.0
2024-01-31 00:00:00+00:00,-45.0,15.0,-105.0,-200.0,-260.0,75.0,105.0,45.0,-45.0,-75.0,-55.0,-10.0,-100.0,-30.0,-75.0,55.0,115.0,-5.0,70.0,10.0,55.0,115.0,-5.0,70.0,10.0,0.0,0.0,0.0,0.0,0.0,110.0,170.0,50.0,-35.0,-95.0,100.0,145.0,55.0,40.0,-5.0,20.0,35.0,5.0,25.0,10.0,0.0,0.0,0.0,0.0,0.0,25.0,40.0,10.0,20.0,5.0
2024-02-01 00:00:00+00:00,-250.0,-190.0,-310.0,-320.0,-380.0,-135.0,-60.0,-210.0,-10.0,-85.0,-190.0,-145.0,-235.0,-210.0,-255.0,105.0,165.0,45.0,110.0,50.0,135.0,195.0,75.0,80.0,20.0,0.0,15.0,-15.0,60.0,45.0,85.0,130.0,40.0,105.0,60.0,45.0,90.0,0.0,60.0,15.0,-5.0,10.0,-20.0,75.0,60.0,0.0,0.0,0.0,0.0,0.0,-85.0,-70.0,-100.0,-25.0,-40.0
2024-02-02 00:00:00+00:00,40.0,115.0,-35.0,-45.0,-120.0,-90.0,-30.0,-150.0,-140.0,-200.0,-110.0,-50.0,-170.0,-115.0,-175.0,20.0,80.0,-40.0,60.0,0.0,30.0,75.0,-15.0,110.0,65.0,70.0,115.0,25.0,40.0,-5.0,65.0,95.0,35.0,165.0,135.0,105.0,135.0,75.0,95.0,65.0,105.0,135.0,75.0,95.0,65.0,0.0,0.0,0.0,0.0,0.0,60.0,75.0,45.0,50.0,35.0
2024-02-05 00:00:00+00:00,-130.0,-40.0,-220.0,0.0,-90.0,55.0,85.0,25.0,-25.0,-55.0,-145.0,-100.0,-190.0,-60.0,-105.0,-105.0,-60.0,-150.0,255.0,210.0,-105.0,-60.0,-150.0,255.0,210.0,-210.0,-180.0,-240.0,60.0,30.0,-5.0,25.0,-35.0,140.0,110.0,45.0,75.0,15.0,185.0,155.0,45.0,75.0,15.0,185.0,155.0,0.0,0.0,0.0,0.0,0.0,420.0,435.0,405.0,440.0,425.0
2024-02-06 00:00:00+00:00,-135.0,-75.0,-195.0,-155.0,-200.0,-55.0,-10.0,-100.0,5.0,-25.0,40.0,55.0,25.0,110.0,95.0,-60.0,-15.0,-105.0,-40.0,-85.0,-60.0,-15.0,-105.0,-40.0,-85.0,-135.0,-120.0,-150.0,-85.0,-100.0,-155.0,-125.0,-185.0,-160.0,-190.0,-80.0,-50.0,-110.0,-80.0,-110.0,-45.0,-15.0,-75.0,-35.0,-65.0,0.0,0.0,0.0,0.0,0.0,-50.0,-35.0,-65.0,-70.0,-85.0
2024-02-07 00:00:00+00:00,-270.0,-180.0,-360.0,-20.0,-95.0,-70.0,-40.0,-100.0,-155.0,-185.0,-145.0,-115.0,-175.0,-40.0,-70.0,-255.0,-195.0,-315.0,-380.0,-440.0,-265.0,-220.0,-310.0,-385.0,-430.0,-225.0,-210.0,-240.0,-255.0,-270.0,-235.0,-205.0,-265.0,-280.0,-310.0,-245.0,-230.0,-260.0,-235.0,-250.0,-195.0,-180.0,-210.0,-210.0,-225.0,0.0,0.0,0.0,0.0,0.0,-305.0,-290.0,-320.0,-385.0,-400.0
2024-02-08 00:00:00+00:00,-165.0,-105.0,-225.0,-90.0,-150.0,-255.0,-180.0,-330.0,-15.0,-90.0,-150.0,-105.0,-195.0,-140.0,-185.0,-60.0,30.0,-150.0,-65.0,-155.0,5.0,80.0,-70.0,-30.0,-105.0,-15.0,30.0,-60.0,-90.0,-120.0,-5.0,40.0,-50.0,-105.0,-150.0,-5.0,40.0,-50.0,-105.0,-150.0,-45.0,-15.0,-75.0,-80.0,-110.0,0.0,0.0,0.0,0.0,0.0,-160.0,-145.0,-175.0,-120.0,-135.0
2024-02-09 00:00:00+00:00,-90.0,-15.0,-165.0,-180.0,-255.0,50.0,125.0,-25.0,-70.0,-145.0,-55.0,5.0,-115.0,-15.0,-60.0,105.0,165.0,45.0,50.0,-10.0,60.0,105.0,15.0,15.0,-30.0,35.0,50.0,20.0,0.0,-15.0,95.0,140.0,50.0,5.0,-40.0,70.0,100.0,40.0,60.0,30.0,0.0,0.0,0.0,0.0,0.0,0.0,0.0,0.0,0.0,0.0,60.0,75.0,45.0,40.0,25.0
2024-02-13 00:00:00+00:00,-165.0,-90.0,-240.0,-140.0,-215.0,-140.0,-65.0,-215.0,-330.0,-405.0,-95.0,-35.0,-155.0,-250.0,-310.0,95.0,155.0,35.0,235.0,175.0,70.0,115.0,25.0,205.0,160.0,40.0,55.0,25.0,75.0,60.0,50.0,80.0,20.0,145.0,115.0,50.0,80.0,20.0,145.0,115.0,120.0,150.0,90.0,135.0,105.0,0.0,0.0,0.0,0.0,0.0,85.0,100.0,70.0,85.0,70.0
2024-02-14 00:00:00+00:00,60.0,120.0,0.0,90.0,30.0,50.0,80.0,20.0,65.0,35.0,150.0,195.0,105.0,0.0,-45.0,-105.0,-75.0,-135.0,-35.0,-65.0,25.0,40.0,10.0,0.0,-15.0,0.0,0.0,0.0,0.0,0.0,-30.0,-15.0,-45.0,0.0,0.0,0.0,0.0,0.0,0.0,0.0,0.0,0.0,0.0,0.0,0.0,0.0,0.0,0.0,0.0,0.0,135.0,150.0,120.0,125.0,110.0
2024-02-15 00:00:00+00:00,-135.0,-75.0,-195.0,-250.0,-310.0,-160.0,-130.0,-190.0,-150.0,-180.0,-130.0,-85.0,-175.0,-155.0,-200.0,-10.0,35.0,-55.0,-15.0,-60.0,-10.0,35.0,-55.0,-15.0,-60.0,5.0,50.0,-40.0,-55.0,-100.0,0.0,60.0,-60.0,-5.0,-65.0,-5.0,55.0,-65.0,-25.0,-85.0,65.0,110.0,20.0,60.0,15.0,0.0,0.0,0.0,0.0,0.0,-160.0,-145.0,-175.0,-185.0,-200.0
2024-02-16 00:00:00+00:00,-25.0,20.0,-70.0,-220.0,-265.0,-240.0,-180.0,-300.0,-150.0,-195.0,-300.0,-225.0,-375.0,-170.0,-245.0,85.0,145.0,25.0,105.0,45.0,70.0,115.0,25.0,120.0,75.0,105.0,135.0,75.0,85.0,55.0,165.0,225.0,105.0,155.0,95.0,245.0,305.0,185.0,175.0,115.0,140.0,170.0,110.0,90.0,60.0,0.0,0.0,0.0,0.0,0.0,-60.0,-45.0,-75.0,-10.0,-25.0
2024-02-19 00:00:00+00:00,-15.0,60.0,-90.0,-130.0,-205.0,-130.0,-70.0,-190.0,-150.0,-210.0,-155.0,-65.0,-245.0,-250.0,-340.0,-30.0,30.0,-90.0,-100.0,-160.0,55.0,85.0,25.0,10.0,-20.0,25.0,40.0,10.0,-15.0,-30.0,85.0,115.0,55.0,105.0,75.0,55.0,70.0,40.0,80.0,65.0,55.0,70.0,40.0,80.0,65.0,0.0,0.0,0.0,0.0,0.0,65.0,80.0,50.0,-45.0,-60.0
2024-02-20 00:00:00+00:00,-100.0,-40.0,-160.0,-310.0,-370.0,-520.0,-475.0,-565.0,-475.0,-520.0,-15.0,30.0,-60.0,20.0,-25.0,40.0,100.0,-20.0,-80.0,-140.0,65.0,110.0,20.0,-65.0,-110.0,65.0,110.0,20.0,-65.0,-110.0,65.0,95.0,35.0,70.0,40.0,145.0,175.0,115.0,25.0,-5.0,145.0,175.0,115.0,25.0,-5.0,0.0,0.0,0.0,0.0,0.0,-245.0,-230.0,-260.0,-300.0,-315.0
2024-02-21 00:00:00+00:00,-110.0,-35.0,-185.0,-80.0,-155.0,-5.0,55.0,-65.0,0.0,-60.0,105.0,120.0,90.0,5.0,-10.0,190.0,280.0,100.0,-60.0,-150.0,45.0,90.0,0.0,70.0,25.0,75.0,105.0,45.0,95.0,65.0,0.0,45.0,-45.0,55.0,10.0,0.0,30.0,-30.0,-25.0,-55.0,-75.0,-60.0,-90.0,-40.0,-55.0,0.0,0.0,0.0,0.0,0.0,110.0,125.0,95.0,95.0,80.0
2024-02-22 00:00:00+00:00,-125.0,-50.0,-200.0,-45.0,-120.0,185.0,230.0,140.0,230.0,185.0,140.0,170.0,110.0,120.0,90.0,-180.0,-135.0,-225.0,-165.0,-210.0,-190.0,-160.0,-220.0,-235.0,-265.0,-190.0,-160.0,-220.0,-235.0,-265.0,-175.0,-145.0,-205.0,-205.0,-235.0,-280.0,-265.0,-295.0,-255.0,-270.0,-280.0,-265.0,-295.0,-255.0,-270.0,0.0,0.0,0.0,0.0,0.0,-70.0,-55.0,-85.0,30.0,15.0
2024-02-23 00:00:00+00:00,-95.0,-5.0,-185.0,120.0,30.0,255.0,270.0,240.0,260.0,245.0,190.0,220.0,160.0,225.0,195.0,30.0,90.0,-30.0,-15.0,-75.0,40.0,70.0,10.0,-5.0,-35.0,10.0,25.0,-5.0,-50.0,-65.0,-45.0,-15.0,-75.0,15.0,-15.0,-25.0,-10.0,-40.0,-75.0,-90.0,-25.0,-10.0,-40.0,-75.0,-90.0,0.0,0.0,0.0,0.0,0.0,235.0,250.0,220.0,265.0,250.0
2024-02-26 00:00:00+00:00,-110.0,-35.0,-185.0,-145.0,-220.0,70.0,100.0,40.0,45.0,15.0,115.0,145.0,85.0,105.0,75.0,60.0,105.0,15.0,130.0,85.0,60.0,105.0,15.0,130.0,85.0,-45.0,-30.0,-60.0,35.0,20.0,-15.0,15.0,-45.0,-95.0,-125.0,40.0,70.0,10.0,-5.0,-35.0,75.0,90.0,60.0,20.0,5.0,0.0,0.0,0.0,0.0,0.0,95.0,110.0,80.0,140.0,125.0
2024-02-27 00:00:00+00:00,-190.0,-100.0,-280.0,-190.0,-265.0,-125.0,-65.0,-185.0,-220.0,-280.0,-310.0,-235.0,-385.0,-150.0,-225.0,100.0,145.0,55.0,-80.0,-125.0,95.0,140.0,50.0,15.0,-30.0,30.0,45.0,15.0,0.0,-15.0,220.0,280.0,160.0,5.0,-55.0,195.0,255.0,135.0,-10.0,-70.0,95.0,110.0,80.0,-65.0,-80.0,0.0,0.0,0.0,0.0,0.0,70.0,85.0,55.0,-60.0,-75.0
2024-02-28 00:00:00+00:00,15.0,75.0,-45.0,-55.0,-115.0,-90.0,-30.0,-150.0,-30.0,-90.0,5.0,20.0,-10.0,0.0,-15.0,-280.0,-235.0,-325.0,-210.0,-255.0,-125.0,-95.0,-155.0,5.0,-25.0,-125.0,-95.0,-155.0,5.0,-25.0,-330.0,-300.0,-360.0,-295.0,-325.0,-190.0,-160.0,-220.0,-130.0,-160.0,-175.0,-160.0,-190.0,-80.0,-95.0,0.0,0.0,0.0,0.0,0.0,-145.0,-130.0,-160.0,-170.0,-185.0
2024-02-29 00:00:00+00:00,-115.0,-55.0,-175.0,-125.0,-185.0,-430.0,-340.0,-520.0,-240.0,-330.0,-110.0,-80.0,-140.0,-150.0,-180.0,90.0,150.0,30.0,80.0,20.0,30.0,75.0,-15.0,95.0,50.0,10.0,40.0,-20.0,-5.0,-35.0,135.0,165.0,105.0,160.0,130.0,160.0,190.0,130.0,210.0,180.0,160.0,190.0,130.0,210.0,180.0,0.0,0.0,0.0,0.0,0.0,-105.0,-90.0,-120.0,105.0,90.0
2024-03-01 00:00:00+00:00,0.0,60.0,-60.0,-65.0,-125.0,130.0,160.0,100.0,80.0,50.0,-280.0,-235.0,-325.0,-220.0,-265.0,-370.0,-355.0,-385.0,-375.0,-390.0,-370.0,-355.0,-385.0,-375.0,-390.0,-370.0,-355.0,-385.0,-375.0,-390.0,-130.0,-100.0,-160.0,-120.0,-150.0,-175.0,-160.0,-190.0,-175.0,-190.0,-140.0,-125.0,-155.0,-210.0,-225.0,0.0,0.0,0.0,0.0,0.0,-160.0,-145.0,-175.0,-155.0,-170.0
2024-03-04 00:00:00+00:00,-55.0,20.0,-130.0,-115.0,-175.0,10.0,40.0,-20.0,-65.0,-95.0,-155.0,-140.0,-170.0,-165.0,-180.0,-95.0,-50.0,-140.0,-140.0,-185.0,-90.0,-60.0,-120.0,-95.0,-125.0,55.0,85.0,25.0,15.0,-15.0,-105.0,-90.0,-120.0,-65.0,-80.0,-105.0,-90.0,-120.0,-65.0,-80.0,-55.0,-40.0,-70.0,-75.0,-90.0,0.0,0.0,0.0,0.0,0.0,-110.0,-95.0,-125.0,-125.0,-140.0
2024-03-05 00:00:00+00:00,50.0,95.0,5.0,25.0,-20.0,-10.0,35.0,-55.0,-60.0,-105.0,-25.0,5.0,-55.0,20.0,-10.0,205.0,265.0,145.0,110.0,50.0,175.0,220.0,130.0,135.0,90.0,85.0,100.0,70.0,40.0,25.0,245.0,290.0,200.0,65.0,20.0,215.0,245.0,185.0,90.0,60.0,180.0,195.0,165.0,40.0,25.0,0.0,0.0,0.0,0.0,0.0,300.0,315.0,285.0,145.0,130.0
2024-03-06 00:00:00+00:00,-50.0,10.0,-110.0,-150.0,-210.0,-120.0,-60.0,-180.0,-265.0,-325.0,-25.0,5.0,-55.0,-145.0,-175.0,-40.0,-10.0,-70.0,-5.0,-35.0,5.0,35.0,-25.0,130.0,100.0,105.0,135.0,75.0,65.0,35.0,80.0,110.0,50.0,50.0,20.0,75.0,90.0,60.0,35.0,20.0,75.0,90.0,60.0,35.0,20.0,0.0,0.0,0.0,0.0,0.0,10.0,25.0,-5.0,-60.0,-75.0
2024-03-07 00:00:00+00:00,405.0,465.0,345.0,355.0,295.0,525.0,540.0,510.0,455.0,440.0,635.0,650.0,620.0,530.0,515.0,60.0,75.0,45.0,40.0,25.0,60.0,75.0,45.0,40.0,25.0,60.0,75.0,45.0,40.0,25.0,0.0,0.0,0.0,0.0,0.0,0.0,0.0,0.0,0.0,0.0,0.0,0.0,0.0,0.0,0.0,0.0,0.0,0.0,0.0,0.0,630.0,645.0,615.0,530.0,515.0
2024-03-08 00:00:00+00:00,-285.0,-195.0,-375.0,-270.0,-360.0,-160.0,-100.0,-220.0,-280.0,-340.0,-220.0,-145.0,-295.0,-220.0,-295.0,-140.0,-95.0,-185.0,-165.0,-210.0,-115.0,-85.0,-145.0,-105.0,-135.0,-5.0,10.0,-20.0,5.0,-10.0,-5.0,25.0,-35.0,-25.0,-55.0,40.0,70.0,10.0,45.0,15.0,-5.0,10.0,-20.0,40.0,25.0,0.0,0.0,0.0,0.0,0.0,-380.0,-365.0,-395.0,-385.0,-400.0
2024-03-11 00:00:00+00:00,-275.0,-215.0,-335.0,-155.0,-215.0,-65.0,-5.0,-125.0,-135.0,-195.0,-170.0,-140.0,-200.0,-15.0,-45.0,275.0,335.0,215.0,35.0,-25.0,280.0,310.0,250.0,165.0,135.0,240.0,255.0,225.0,210.0,195.0,280.0,325.0,235.0,115.0,70.0,225.0,255.0,195.0,100.0,70.0,240.0,255.0,225.0,210.0,195.0,0.0,0.0,0.0,0.0,0.0,25.0,40.0,10.0,30.0,15.0
2024-03-18 00:00:00+00:00,225.0,285.0,165.0,135.0,75.0,220.0,265.0,175.0,155.0,110.0,300.0,345.0,255.0,195.0,150.0,50.0,95.0,5.0,75.0,30.0,105.0,150.0,60.0,130.0,85.0,135.0,180.0,90.0,100.0,55.0,20.0,35.0,5.0,65.0,50.0,50.0,65.0,35.0,35.0,20.0,50.0,65.0,35.0,35.0,20.0,0.0,0.0,0.0,0.0,0.0,310.0,325.0,295.0,250.0,235.0
2024-03-19 00:00:00+00:00,35.0,65.0,5.0,-25.0,-55.0,-65.0,-50.0,-80.0,-180.0,-195.0,-215.0,-185.0,-245.0,-205.0,-235.0,-455.0,-425.0,-485.0,-465.0,-495.0,-455.0,-425.0,-485.0,-465.0,-495.0,-305.0,-275.0,-335.0,-165.0,-195.0,-260.0,-230.0,-290.0,-145.0,-175.0,-155.0,-125.0,-185.0,-150.0,-180.0,-155.0,-125.0,-185.0,-150.0,-180.0,0.0,0.0,0.0,0.0,0.0,-370.0,-355.0,-385.0,-415.0,-430.0
2024-03-20 00:00:00+00:00,-95.0,-20.0,-170.0,0.0,-75.0,-165.0,-90.0,-240.0,-70.0,-145.0,-30.0,0.0,-60.0,-145.0,-175.0,-95.0,-50.0,-140.0,-30.0,-60.0,-95.0,-80.0,-110.0,-35.0,-50.0,-95.0,-80.0,-110.0,-35.0,-50.0,-35.0,-20.0,-50.0,-25.0,-40.0,-35.0,-20.0,-50.0,-25.0,-40.0,5.0,20.0,-10.0,45.0,30.0,0.0,0.0,0.0,0.0,0.0,-75.0,-60.0,-90.0,-35.0,-50.0
2024-03-21 00:00:00+00:00,-205.0,-130.0,-280.0,-235.0,-310.0,-160.0,-85.0,-235.0,-205.0,-265.0,-70.0,-25.0,-115.0,-20.0,-65.0,-65.0,-5.0,-125.0,40.0,-20.0,-90.0,-45.0,-135.0,-25.0,-70.0,60.0,105.0,15.0,25.0,-20.0,45.0,90.0,0.0,70.0,25.0,45.0,90.0,0.0,70.0,25.0,125.0,155.0,95.0,90.0,60.0,0.0,0.0,0.0,0.0,0.0,-80.0,-65.0,-95.0,-10.0,-25.0
2024-03-22 00:00:00+00:00,-195.0,-120.0,-270.0,-280.0,-355.0,-25.0,35.0,-85.0,-25.0,-85.0,5.0,35.0,-25.0,-20.0,-50.0,-295.0,-235.0,-355.0,75.0,30.0,-315.0,-270.0,-360.0,25.0,-5.0,0.0,0.0,0.0,0.0,0.0,-365.0,-320.0,-410.0,15.0,-15.0,-370.0,-355.0,-385.0,0.0,0.0,-370.0,-355.0,-385.0,0.0,0.0,0.0,0.0,0.0,0.0,0.0,-300.0,-285.0,-315.0,-255.0,-270.0
2024-03-25 00:00:00+00:00,-255.0,-180.0,-330.0,-245.0,-320.0,-240.0,-165.0,-315.0,-210.0,-285.0,-200.0,-170.0,-230.0,-175.0,-205.0,-45.0,30.0,-120.0,-20.0,-95.0,-130.0,-85.0,-175.0,-95.0,-140.0,-10.0,20.0,-40.0,0.0,-30.0,-135.0,-90.0,-180.0,-50.0,-95.0,-45.0,0.0,-90.0,60.0,30.0,30.0,45.0,15.0,40.0,25.0,0.0,0.0,0.0,0.0,0.0,-345.0,-330.0,-360.0,-240.0,-255.0
2024-03-26 00:00:00+00:00,60.0,135.0,-15.0,-50.0,-125.0,150.0,195.0,105.0,80.0,35.0,225.0,240.0,210.0,185.0,170.0,-80.0,-20.0,-140.0,-45.0,-105.0,-85.0,-70.0,-100.0,-55.0,-70.0,0.0,0.0,0.0,0.0,0.0,-140.0,-125.0,-155.0,-85.0,-100.0,-115.0,-100.0,-130.0,-80.0,-95.0,-115.0,-100.0,-130.0,-80.0,-95.0,0.0,0.0,0.0,0.0,0.0,100.0,115.0,85.0,115.0,100.0
2024-03-27 00:00:00+00:00,-120.0,-45.0,-195.0,-70.0,-145.0,-90.0,-45.0,-135.0,-50.0,-95.0,110.0,140.0,80.0,-15.0,-45.0,230.0,275.0,185.0,150.0,105.0,190.0,220.0,160.0,140.0,110.0,110.0,125.0,95.0,80.0,65.0,0.0,0.0,0.0,0.0,0.0,0.0,0.0,0.0,0.0,0.0,0.0,0.0,0.0,0.0,0.0,0.0,0.0,0.0,0.0,0.0,250.0,265.0,235.0,95.0,80.0
2024-04-01 00:00:00+00:00,-150.0,-75.0,-225.0,-185.0,-260.0,-190.0,-130.0,-250.0,-125.0,-185.0,-210.0,-120.0,-300.0,-190.0,-280.0,-25.0,50.0,-100.0,-25.0,-100.0,-20.0,40.0,-80.0,-60.0,-120.0,20.0,35.0,5.0,10.0,-5.0,-65.0,10.0,-140.0,-35.0,-110.0,-15.0,30.0,-60.0,-15.0,-60.0,-15.0,30.0,-60.0,-15.0,-60.0,0.0,0.0,0.0,0.0,0.0,-95.0,-80.0,-110.0,-100.0,-115.0
2024-04-02 00:00:00+00:00,-255.0,-195.0,-315.0,-270.0,-330.0,-280.0,-220.0,-340.0,-35.0,-95.0,-350.0,-320.0,-380.0,-350.0,-380.0,-120.0,-60.0,-180.0,-120.0,-180.0,-75.0,-30.0,-120.0,-130.0,-175.0,-75.0,-30.0,-120.0,-130.0,-175.0,-125.0,-65.0,-185.0,-335.0,-395.0,-125.0,-65.0,-185.0,-335.0,-395.0,-40.0,5.0,-85.0,-75.0,-105.0,0.0,0.0,0.0,0.0,0.0,-360.0,-345.0,-375.0,-390.0,-405.0
2024-04-03 00:00:00+00:00,-70.0,5.0,-145.0,-210.0,-270.0,105.0,165.0,45.0,55.0,-5.0,20.0,65.0,-25.0,-30.0,-75.0,85.0,145.0,25.0,170.0,110.0,70.0,85.0,55.0,10.0,-5.0,70.0,85.0,55.0,10.0,-5.0,100.0,145.0,55.0,80.0,35.0,70.0,85.0,55.0,10.0,-5.0,70.0,85.0,55.0,10.0,-5.0,0.0,0.0,0.0,0.0,0.0,100.0,115.0,85.0,140.0,125.0
2024-04-04 00:00:00+00:00,-175.0,-85.0,-265.0,-130.0,-220.0,-25.0,35.0,-85.0,-105.0,-165.0,-200.0,-140.0,-260.0,-160.0,-220.0,-45.0,15.0,-105.0,30.0,-30.0,35.0,95.0,-25.0,5.0,-55.0,80.0,95.0,65.0,15.0,0.0,155.0,200.0,110.0,135.0,90.0,110.0,140.0,80.0,75.0,45.0,80.0,95.0,65.0,15.0,0.0,0.0,0.0,0.0,0.0,0.0,-10.0,5.0,-25.0,30.0,15.0
2024-04-05 00:00:00+00:00,10.0,70.0,-50.0,-45.0,-105.0,85.0,145.0,25.0,70.0,10.0,65.0,125.0,5.0,25.0,-35.0,-15.0,15.0,-45.0,90.0,60.0,70.0,100.0,40.0,65.0,35.0,0.0,0.0,0.0,0.0,0.0,20.0,65.0,-25.0,70.0,25.0,70.0,100.0,40.0,65.0,35.0,30.0,45.0,15.0,45.0,30.0,0.0,0.0,0.0,0.0,0.0,190.0,205.0,175.0,235.0,220.0
2024-04-08 00:00:00+00:00,-30.0,45.0,-105.0,130.0,55.0,5.0,50.0,-40.0,-80.0,-125.0,-125.0,-80.0,-170.0,-75.0,-120.0,-10.0,20.0,-40.0,-60.0,-90.0,-15.0,0.0,-30.0,-5.0,-20.0,-15.0,0.0,-30.0,-5.0,-20.0,-30.0,-15.0,-45.0,75.0,60.0,55.0,70.0,40.0,110.0,95.0,75.0,90.0,60.0,55.0,40.0,0.0,0.0,0.0,0.0,0.0,290.0,305.0,275.0,165.0,150.0
2024-04-09 00:00:00+00:00,125.0,200.0,50.0,-220.0,-295.0,155.0,200.0,110.0,135.0,90.0,-40.0,5.0,-85.0,-110.0,-140.0,10.0,40.0,-20.0,105.0,75.0,0.0,15.0,-15.0,95.0,80.0,0.0,15.0,-15.0,95.0,80.0,65.0,80.0,50.0,255.0,240.0,65.0,80.0,50.0,255.0,240.0,65.0,80.0,50.0,255.0,240.0,0.0,0.0,0.0,0.0,0.0,170.0,185.0,155.0,145.0,130.0
2024-04-10 00:00:00+00:00,-165.0,-90.0,-240.0,110.0,35.0,-130.0,-85.0,-175.0,20.0,-25.0,-165.0,-120.0,-210.0,-25.0,-70.0,-55.0,-25.0,-85.0,-110.0,-140.0,25.0,40.0,10.0,55.0,40.0,50.0,65.0,35.0,30.0,15.0,5.0,20.0,-10.0,15.0,0.0,80.0,95.0,65.0,105.0,90.0,105.0,120.0,90.0,80.0,65.0,0.0,0.0,0.0,0.0,0.0,-25.0,-10.0,-40.0,105.0,90.0
2024-04-11 00:00:00+00:00,-380.0,-260.0,-500.0,-55.0,-160.0,-155.0,-95.0,-215.0,-165.0,-225.0,-175.0,-130.0,-220.0,-135.0,-180.0,230.0,305.0,155.0,-150.0,-225.0,210.0,270.0,150.0,-80.0,-140.0,45.0,75.0,15.0,0.0,-30.0,-5.0,55.0,-65.0,-200.0,-260.0,-30.0,30.0,-90.0,-145.0,-205.0,-100.0,-70.0,-130.0,-130.0,-160.0,0.0,0.0,0.0,0.0,0.0,-320.0,-305.0,-335.0,-385.0,-400.0
2024-04-12 00:00:00+00:00,175.0,235.0,115.0,-175.0,-220.0,-315.0,-255.0,-375.0,-685.0,-730.0,0.0,0.0,0.0,0.0,0.0,-655.0,-595.0,-715.0,-85.0,-145.0,-630.0,-570.0,-690.0,-105.0,-165.0,-45.0,15.0,-105.0,65.0,5.0,-40.0,-10.0,-70.0,30.0,0.0,-40.0,-10.0,-70.0,30.0,0.0,45.0,75.0,15.0,115.0,85.0,0.0,0.0,0.0,0.0,0.0,-490.0,-475.0,-505.0,-620.0,-635.0
2024-04-15 00:00:00+00:00,445.0,490.0,400.0,280.0,235.0,515.0,545.0,485.0,390.0,360.0,405.0,450.0,360.0,450.0,405.0,140.0,215.0,65.0,25.0,-50.0,105.0,150.0,60.0,-90.0,-135.0,105.0,150.0,60.0,-90.0,-135.0,25.0,100.0,-50.0,70.0,-5.0,-30.0,0.0,-60.0,-55.0,-85.0,-50.0,-35.0,-65.0,-90.0,-105.0,0.0,0.0,0.0,0.0,0.0,445.0,460.0,430.0,365.0,350.0
2024-04-16 00:00:00+00:00,1205.0,1280.0,1130.0,1080.0,1005.0,1345.0,1375.0,1315.0,1175.0,1145.0,1335.0,1350.0,1320.0,1180.0,1165.0,-95.0,-80.0,-110.0,0.0,-15.0,-55.0,-40.0,-70.0,-110.0,-125.0,-55.0,-40.0,-70.0,-110.0,-125.0,180.0,195.0,165.0,335.0,320.0,180.0,195.0,165.0,335.0,320.0,180.0,195.0,165.0,335.0,320.0,0.0,0.0,0.0,0.0,0.0,1520.0,1535.0,1505.0,1430.0,1415.0
2024-04-17 00:00:00+00:00,25.0,55.0,-5.0,110.0,80.0,60.0,105.0,15.0,45.0,0.0,-5.0,40.0,-50.0,-60.0,-105.0,-190.0,-145.0,-235.0,-325.0,-370.0,-230.0,-185.0,-275.0,-295.0,-340.0,75.0,90.0,60.0,35.0,20.0,-290.0,-260.0,-320.0,-195.0,-225.0,-90.0,-60.0,-120.0,-125.0,-155.0,-175.0,-160.0,-190.0,-165.0,-180.0,0.0,0.0,0.0,0.0,0.0,-50.0,-35.0,-65.0,-160.0,-175.0
2024-04-18 00:00:00+00:00,125.0,170.0,80.0,120.0,75.0,90.0,135.0,45.0,40.0,10.0,185.0,200.0,170.0,155.0,140.0,55.0,130.0,-20.0,-90.0,-165.0,35.0,80.0,-10.0,15.0,-30.0,30.0,45.0,15.0,160.0,145.0,80.0,110.0,50.0,110.0,80.0,55.0,70.0,40.0,210.0,195.0,55.0,70.0,40.0,210.0,195.0,0.0,0.0,0.0,0.0,0.0,325.0,340.0,310.0,285.0,270.0
2024-04-19 00:00:00+00:00,-445.0,-355.0,-535.0,-265.0,-340.0,-310.0,-235.0,-385.0,-180.0,-255.0,-340.0,-280.0,-400.0,-170.0,-230.0,590.0,650.0,530.0,525.0,465.0,565.0,610.0,520.0,430.0,385.0,90.0,105.0,75.0,35.0,20.0,450.0,495.0,405.0,360.0,315.0,380.0,395.0,365.0,425.0,410.0,380.0,395.0,365.0,425.0,410.0,0.0,0.0,0.0,0.0,0.0,280.0,295.0,265.0,325.0,310.0
2024-04-22 00:00:00+00:00,45.0,120.0,-30.0,135.0,60.0,190.0,250.0,130.0,135.0,75.0,190.0,235.0,145.0,70.0,25.0,305.0,365.0,245.0,180.0,120.0,65.0,95.0,35.0,-30.0,-60.0,0.0,0.0,0.0,0.0,0.0,210.0,240.0,180.0,95.0,65.0,115.0,130.0,100.0,80.0,65.0,0.0,0.0,0.0,0.0,0.0,0.0,0.0,0.0,0.0,0.0,505.0,520.0,490.0,355.0,340.0
2024-04-23 00:00:00+00:00,85.0,130.0,40.0,285.0,240.0,50.0,95.0,5.0,50.0,5.0,5.0,35.0,-25.0,80.0,50.0,-5.0,55.0,-65.0,-110.0,-170.0,-55.0,-10.0,-100.0,-50.0,-95.0,70.0,85.0,55.0,25.0,10.0,-10.0,35.0,-55.0,125.0,95.0,185.0,215.0,155.0,125.0,95.0,130.0,145.0,115.0,30.0,15.0,0.0,0.0,0.0,0.0,0.0,150.0,165.0,135.0,110.0,95.0
2024-04-24 00:00:00+00:00,-150.0,-90.0,-210.0,-5.0,-65.0,10.0,25.0,-5.0,-50.0,-65.0,-180.0,-135.0,-225.0,-160.0,-205.0,-10.0,50.0,-70.0,-170.0,-230.0,-40.0,5.0,-85.0,-155.0,-200.0,30.0,75.0,-15.0,-135.0,-180.0,-20.0,10.0,-50.0,-55.0,-85.0,-20.0,10.0,-50.0,-55.0,-85.0,30.0,60.0,0.0,-20.0,-50.0,0.0,0.0,0.0,0.0,0.0,-85.0,-70.0,-100.0,-70.0,-85.0
2024-04-25 00:00:00+00:00,-460.0,-400.0,-520.0,-230.0,-290.0,-200.0,-125.0,-275.0,-175.0,-250.0,-420.0,-390.0,-450.0,-190.0,-220.0,-10.0,50.0,-70.0,-310.0,-370.0,-10.0,50.0,-70.0,-310.0,-370.0,-30.0,15.0,-75.0,-355.0,-400.0,-70.0,-25.0,-115.0,-235.0,-280.0,15.0,60.0,-30.0,-205.0,-250.0,15.0,60.0,-30.0,-205.0,-250.0,0.0,0.0,0.0,0.0,0.0,-505.0,-490.0,-520.0,-515.0,-530.0
2024-04-26 00:00:00+00:00,-215.0,-155.0,-275.0,-30.0,-90.0,-145.0,-115.0,-175.0,-160.0,-190.0,-140.0,-95.0,-185.0,-230.0,-275.0,-5.0,55.0,-65.0,-25.0,-70.0,-5.0,55.0,-65.0,-25.0,-70.0,30.0,75.0,-15.0,-25.0,-70.0,35.0,80.0,-10.0,0.0,-30.0,35.0,80.0,-10.0,0.0,-30.0,70.0,100.0,40.0,0.0,-30.0,0.0,0.0,0.0,0.0,0.0,-145.0,-130.0,-160.0,-90.0,-105.0
2024-04-29 00:00:00+00:00,-20.0,40.0,-80.0,-200.0,-260.0,-80.0,-20.0,-140.0,-120.0,-165.0,-50.0,-20.0,-80.0,-70.0,-85.0,-10.0,35.0,-55.0,130.0,85.0,-10.0,35.0,-55.0,130.0,85.0,-10.0,35.0,-55.0,130.0,85.0,50.0,95.0,5.0,100.0,55.0,50.0,95.0,5.0,100.0,55.0,50.0,95.0,5.0,100.0,55.0,0.0,0.0,0.0,0.0,0.0,60.0,75.0,45.0,55.0,40.0
2024-04-30 00:00:00+00:00,-250.0,-175.0,-325.0,-20.0,-95.0,-245.0,-185.0,-305.0,-75.0,-135.0,-115.0,-85.0,-145.0,15.0,-15.0,245.0,290.0,200.0,-50.0,-95.0,160.0,190.0,130.0,-5.0,-35.0,160.0,190.0,130.0,-5.0,-35.0,210.0,255.0,165.0,-5.0,-50.0,210.0,255.0,165.0,-5.0,-50.0,50.0,65.0,35.0,-10.0,-25.0,0.0,0.0,0.0,0.0,0.0,135.0,150.0,120.0,45.0,30.0
2024-05-01 00:00:00+00:00,-130.0,-70.0,-190.0,-60.0,-120.0,-150.0,-90.0,-210.0,-225.0,-285.0,-65.0,-20.0,-110.0,-240.0,-285.0,-265.0,-235.0,-295.0,-45.0,-75.0,-175.0,-145.0,-205.0,-40.0,-70.0,-5.0,25.0,-35.0,-80.0,-110.0,-250.0,-220.0,-280.0,-55.0,-85.0,10.0,40.0,-20.0,-90.0,-120.0,65.0,95.0,35.0,-25.0,-55.0,0.0,0.0,0.0,0.0,0.0,-185.0,-170.0,-200.0,-215.0,-230.0
2024-05-02 00:00:00+00:00,-75.0,15.0,-165.0,145.0,55.0,-150.0,-90.0,-210.0,65.0,5.0,120.0,135.0,105.0,130.0,115.0,55.0,115.0,-5.0,-75.0,-120.0,-45.0,0.0,-90.0,-40.0,-70.0,0.0,0.0,0.0,0.0,0.0,105.0,135.0,75.0,10.0,-20.0,65.0,80.0,50.0,5.0,-10.0,65.0,80.0,50.0,5.0,-10.0,0.0,0.0,0.0,0.0,0.0,175.0,190.0,160.0,180.0,165.0
2024-05-03 00:00:00+00:00,95.0,155.0,35.0,70.0,10.0,75.0,135.0,15.0,-20.0,-80.0,155.0,170.0,140.0,60.0,45.0,40.0,100.0,-20.0,-35.0,-95.0,0.0,45.0,-45.0,5.0,-40.0,-50.0,-35.0,-65.0,55.0,40.0,-5.0,10.0,-20.0,-35.0,-50.0,45.0,60.0,30.0,75.0,60.0,45.0,60.0,30.0,75.0,60.0,0.0,0.0,0.0,0.0,0.0,160.0,175.0,145.0,65.0,50.0
2024-05-06 00:00:00+00:00,205.0,265.0,145.0,265.0,205.0,290.0,320.0,260.0,215.0,185.0,285.0,300.0,270.0,320.0,305.0,0.0,15.0,-15.0,0.0,0.0,0.0,0.0,0.0,0.0,0.0,0.0,0.0,0.0,0.0,0.0,0.0,0.0,0.0,0.0,0.0,0.0,0.0,0.0,0.0,0.0,0.0,0.0,0.0,0.0,0.0,0.0,0.0,0.0,0.0,0.0,285.0,300.0,270.0,320.0,305.0
2024-05-07 00:00:00+00:00,-150.0,-90.0,-210.0,-185.0,-245.0,-145.0,-115.0,-175.0,-130.0,-160.0,55.0,85.0,25.0,-25.0,-55.0,-295.0,-250.0,-340.0,-270.0,-315.0,-235.0,-205.0,-265.0,-300.0,-330.0,-235.0,-205.0,-265.0,-300.0,-330.0,-155.0,-110.0,-200.0,-220.0,-265.0,-255.0,-240.0,-270.0,-245.0,-260.0,-255.0,-240.0,-270.0,-245.0,-260.0,0.0,0.0,0.0,0.0,0.0,-265.0,-250.0,-280.0,-265.0,-280.0
2024-05-08 00:00:00+00:00,-255.0,-195.0,-315.0,-120.0,-180.0,-95.0,-50.0,-140.0,-25.0,-70.0,-80.0,-50.0,-110.0,-45.0,-75.0,35.0,110.0,-40.0,-190.0,-265.0,-40.0,-10.0,-70.0,-60.0,-90.0,-40.0,-10.0,-70.0,-60.0,-90.0,50.0,110.0,-10.0,-245.0,-305.0,-45.0,-15.0,-75.0,-255.0,-285.0,-65.0,-50.0,-80.0,-135.0,-150.0,0.0,0.0,0.0,0.0,0.0,-55.0,-40.0,-70.0,-130.0,-145.0
2024-05-09 00:00:00+00:00,45.0,120.0,-30.0,-40.0,-115.0,85.0,100.0,70.0,55.0,40.0,-205.0,-175.0,-235.0,-155.0,-185.0,-165.0,-120.0,-210.0,-100.0,-145.0,-70.0,-25.0,-115.0,-160.0,-205.0,-5.0,25.0,-35.0,-115.0,-145.0,-20.0,25.0,-65.0,-140.0,-170.0,10.0,55.0,-35.0,-50.0,-80.0,-60.0,-30.0,-90.0,-50.0,-80.0,0.0,0.0,0.0,0.0,0.0,75.0,90.0,60.0,85.0,70.0
2024-05-10 00:00:00+00:00,70.0,115.0,25.0,15.0,-30.0,35.0,65.0,5.0,-15.0,-45.0,30.0,45.0,15.0,-5.0,-20.0,-200.0,-170.0,-230.0,-200.0,-230.0,-200.0,-170.0,-230.0,-200.0,-230.0,-155.0,-125.0,-185.0,-130.0,-160.0,-180.0,-150.0,-210.0,-150.0,-180.0,-175.0,-145.0,-205.0,-135.0,-165.0,-130.0,-100.0,-160.0,-130.0,-160.0,0.0,0.0,0.0,0.0,0.0,-110.0,-95.0,-125.0,-160.0,-175.0
2024-05-13 00:00:00+00:00,-70.0,5.0,-145.0,-20.0,-95.0,135.0,180.0,90.0,155.0,110.0,185.0,215.0,155.0,225.0,195.0,130.0,190.0,70.0,30.0,-30.0,110.0,155.0,65.0,20.0,-25.0,35.0,50.0,20.0,55.0,40.0,95.0,125.0,65.0,35.0,5.0,95.0,125.0,65.0,35.0,5.0,35.0,50.0,20.0,55.0,40.0,0.0,0.0,0.0,0.0,0.0,285.0,300.0,270.0,255.0,240.0
2024-05-16 00:00:00+00:00,-105.0,-45.0,-165.0,-175.0,-235.0,-210.0,-150.0,-270.0,-110.0,-170.0,-190.0,-130.0,-250.0,-180.0,-240.0,-65.0,-5.0,-125.0,-70.0,-130.0,-20.0,10.0,-50.0,-5.0,-35.0,-20.0,10.0,-50.0,-5.0,-35.0,15.0,60.0,-30.0,-45.0,-90.0,25.0,40.0,10.0,15.0,0.0,25.0,40.0,10.0,15.0,0.0,0.0,0.0,0.0,0.0,0.0,-80.0,-65.0,-95.0,-40.0,-55.0
2024-05-17 00:00:00+00:00,-70.0,5.0,-145.0,-145.0,-220.0,-130.0,-40.0,-220.0,-90.0,-180.0,-60.0,0.0,-120.0,-55.0,-115.0,90.0,135.0,45.0,90.0,45.0,65.0,95.0,35.0,-25.0,-55.0,60.0,75.0,45.0,-25.0,-40.0,85.0,115.0,55.0,0.0,-30.0,120.0,150.0,90.0,40.0,10.0,120.0,150.0,90.0,40.0,10.0,0.0,0.0,0.0,0.0,0.0,190.0,205.0,175.0,95.0,80.0
2024-05-20 00:00:00+00:00,-195.0,-75.0,-315.0,-35.0,-140.0,-20.0,70.0,-110.0,-80.0,-170.0,15.0,75.0,-45.0,-20.0,-80.0,30.0,90.0,-30.0,75.0,15.0,25.0,55.0,-5.0,60.0,30.0,0.0,0.0,0.0,0.0,0.0,-5.0,55.0,-65.0,-20.0,-80.0,0.0,0.0,0.0,0.0,0.0,0.0,0.0,0.0,0.0,0.0,0.0,0.0,0.0,0.0,0.0,85.0,100.0,70.0,120.0,105.0
2024-05-21 00:00:00+00:00,35.0,80.0,-10.0,-10.0,-55.0,-25.0,5.0,-55.0,-45.0,-75.0,-105.0,-75.0,-135.0,-125.0,-155.0,-25.0,5.0,-55.0,-10.0,-40.0,-25.0,5.0,-55.0,-10.0,-40.0,55.0,85.0,25.0,-5.0,-35.0,60.0,105.0,15.0,-35.0,-65.0,35.0,65.0,5.0,-10.0,-25.0,35.0,50.0,20.0,40.0,25.0,0.0,0.0,0.0,0.0,0.0,45.0,60.0,30.0,30.0,15.0
2024-05-23 00:00:00+00:00,-10.0,65.0,-85.0,90.0,15.0,-15.0,15.0,-45.0,30.0,0.0,105.0,120.0,90.0,65.0,50.0,90.0,120.0,60.0,125.0,95.0,90.0,120.0,60.0,125.0,95.0,45.0,60.0,30.0,-60.0,-75.0,105.0,150.0,60.0,35.0,-10.0,30.0,45.0,15.0,115.0,100.0,0.0,0.0,0.0,0.0,0.0,0.0,0.0,0.0,0.0,0.0,310.0,325.0,295.0,240.0,225.0
2024-05-24 00:00:00+00:00,5.0,65.0,-55.0,-160.0,-220.0,-40.0,20.0,-100.0,-45.0,-105.0,-230.0,-185.0,-275.0,-140.0,-185.0,-125.0,-80.0,-170.0,0.0,-45.0,-55.0,-10.0,-100.0,-15.0,-60.0,55.0,100.0,10.0,-50.0,-95.0,-20.0,10.0,-50.0,130.0,100.0,-20.0,10.0,-50.0,130.0,100.0,50.0,80.0,20.0,115.0,85.0,0.0,0.0,0.0,0.0,0.0,-30.0,-15.0,-45.0,25.0,10.0
2024-05-28 00:00:00+00:00,-155.0,-95.0,-215.0,-60.0,-120.0,-205.0,-145.0,-265.0,-140.0,-200.0,-50.0,-5.0,-95.0,-130.0,-160.0,-190.0,-115.0,-265.0,-255.0,-315.0,-225.0,-180.0,-270.0,-235.0,-280.0,-235.0,-205.0,-265.0,-225.0,-255.0,-205.0,-145.0,-265.0,-270.0,-315.0,-165.0,-120.0,-210.0,-305.0,-350.0,-195.0,-180.0,-210.0,25.0,10.0,0.0,0.0,0.0,0.0,0.0,-315.0,-300.0,-330.0,-310.0,-325.0
2024-05-29 00:00:00+00:00,-325.0,-250.0,-400.0,-140.0,-215.0,-145.0,-115.0,-175.0,-100.0,-130.0,-215.0,-170.0,-260.0,-95.0,-140.0,-185.0,-125.0,-245.0,-195.0,-255.0,-155.0,-95.0,-215.0,-205.0,-265.0,80.0,125.0,35.0,-10.0,-55.0,-180.0,-135.0,-225.0,-280.0,-325.0,-150.0,-105.0,-195.0,-210.0,-255.0,-170.0,-140.0,-200.0,-185.0,-215.0,0.0,0.0,0.0,0.0,0.0,-320.0,-305.0,-335.0,-240.0,-255.0
2024-05-30 00:00:00+00:00,-350.0,-275.0,-425.0,-235.0,-310.0,-260.0,-185.0,-335.0,-180.0,-240.0,-385.0,-325.0,-445.0,-170.0,-230.0,0.0,75.0,-75.0,-195.0,-270.0,5.0,50.0,-40.0,-130.0,-175.0,30.0,45.0,15.0,0.0,-15.0,-5.0,55.0,-65.0,-160.0,-220.0,20.0,50.0,-10.0,-55.0,-85.0,-40.0,-25.0,-55.0,-30.0,-45.0,0.0,0.0,0.0,0.0,0.0,-205.0,-190.0,-220.0,-195.0,-210.0
2024-05-31 00:00:00+00:00,-195.0,-120.0,-270.0,10.0,-65.0,-180.0,-135.0,-225.0,145.0,100.0,-130.0,-100.0,-160.0,0.0,-30.0,80.0,140.0,20.0,-130.0,-190.0,140.0,200.0,80.0,-45.0,-105.0,180.0,225.0,135.0,-5.0,-50.0,-5.0,40.0,-50.0,-145.0,-190.0,-5.0,40.0,-50.0,-145.0,-190.0,100.0,145.0,55.0,-65.0,-110.0,0.0,0.0,0.0,0.0,0.0,-120.0,-105.0,-135.0,-60.0,-75.0
2024-06-03 00:00:00+00:00,-105.0,0.0,-210.0,-230.0,-335.0,-40.0,20.0,-100.0,-105.0,-165.0,-210.0,-150.0,-270.0,-165.0,-225.0,15.0,90.0,-60.0,25.0,-35.0,-40.0,5.0,-85.0,-15.0,-60.0,5.0,35.0,-25.0,-35.0,-65.0,105.0,135.0,75.0,115.0,85.0,80.0,110.0,50.0,85.0,55.0,5.0,20.0,-10.0,-20.0,-35.0,0.0,0.0,0.0,0.0,0.0,-10.0,5.0,-25.0,25.0,10.0
2024-06-04 00:00:00+00:00,-170.0,-110.0,-230.0,-110.0,-170.0,150.0,210.0,90.0,-100.0,-160.0,180.0,210.0,150.0,390.0,360.0,-65.0,-20.0,-110.0,350.0,305.0,-65.0,-20.0,-110.0,350.0,305.0,-225.0,-210.0,-240.0,125.0,110.0,-125.0,-95.0,-155.0,95.0,65.0,-125.0,-95.0,-155.0,95.0,65.0,-125.0,-95.0,-155.0,95.0,65.0,0.0,0.0,0.0,0.0,0.0,155.0,170.0,140.0,460.0,445.0
2024-06-05 00:00:00+00:00,-15.0,30.0,-60.0,-15.0,-60.0,-55.0,-10.0,-100.0,15.0,-30.0,-120.0,-75.0,-165.0,-155.0,-200.0,0.0,75.0,-75.0,5.0,-70.0,25.0,85.0,-35.0,40.0,-20.0,30.0,75.0,-15.0,-85.0,-130.0,50.0,110.0,-10.0,20.0,-40.0,90.0,135.0,45.0,145.0,100.0,145.0,190.0,100.0,160.0,115.0,0.0,0.0,0.0,0.0,0.0,205.0,220.0,190.0,185.0,170.0
2024-06-06 00:00:00+00:00,-125.0,-65.0,-185.0,-115.0,-175.0,0.0,75.0,-75.0,-90.0,-150.0,-40.0,5.0,-85.0,-80.0,-110.0,60.0,135.0,-15.0,-35.0,-110.0,55.0,115.0,-5.0,-35.0,-95.0,35.0,65.0,5.0,-90.0,-120.0,75.0,135.0,15.0,45.0,-15.0,70.0,115.0,25.0,5.0,-40.0,25.0,40.0,10.0,15.0,0.0,0.0,0.0,0.0,0.0,0.0,20.0,35.0,5.0,25.0,10.0
2024-06-07 00:00:00+00:00,-365.0,-290.0,-440.0,-305.0,-380.0,-175.0,-115.0,-235.0,60.0,0.0,-85.0,-70.0,-100.0,-75.0,-90.0,300.0,390.0,210.0,135.0,45.0,265.0,325.0,205.0,210.0,150.0,80.0,110.0,50.0,15.0,-15.0,165.0,225.0,105.0,125.0,65.0,150.0,195.0,105.0,105.0,60.0,140.0,185.0,95.0,70.0,25.0,0.0,0.0,0.0,0.0,0.0,140.0,155.0,125.0,120.0,105.0
2024-06-10 00:00:00+00:00,65.0,140.0,-10.0,95.0,20.0,245.0,305.0,185.0,155.0,95.0,305.0,335.0,275.0,350.0,320.0,40.0,100.0,-20.0,30.0,-30.0,-25.0,-10.0,-40.0,-5.0,-20.0,105.0,120.0,90.0,50.0,35.0,10.0,55.0,-35.0,-25.0,-70.0,0.0,30.0,-30.0,-10.0,-40.0,-25.0,-10.0,-40.0,-5.0,-20.0,0.0,0.0,0.0,0.0,0.0,305.0,320.0,290.0,310.0,295.0
2024-06-11 00:00:00+00:00,-300.0,-240.0,-360.0,-340.0,-385.0,-110.0,-80.0,-140.0,-235.0,-265.0,-80.0,-65.0,-95.0,-120.0,-135.0,-300.0,-240.0,-360.0,-245.0,-305.0,-190.0,-130.0,-250.0,-195.0,-255.0,-120.0,-60.0,-180.0,-135.0,-195.0,-220.0,-175.0,-265.0,-185.0,-230.0,-220.0,-175.0,-265.0,-185.0,-230.0,-220.0,-175.0,-265.0,-185.0,-230.0,0.0,0.0,0.0,0.0,0.0,-305.0,-290.0,-320.0,-340.0,-355.0
2024-06-12 00:00:00+00:00,-220.0,-115.0,-325.0,-135.0,-240.0,-120.0,-60.0,-180.0,-150.0,-210.0,-325.0,-190.0,-460.0,15.0,-105.0,30.0,120.0,-60.0,-215.0,-305.0,75.0,150.0,0.0,-110.0,-185.0,50.0,65.0,35.0,15.0,0.0,180.0,210.0,150.0,110.0,80.0,180.0,210.0,150.0,110.0,80.0,105.0,120.0,90.0,75.0,60.0,0.0,0.0,0.0,0.0,0.0,-20.0,-5.0,-35.0,-5.0,-20.0
2024-06-13 00:00:00+00:00,-165.0,-105.0,-225.0,-375.0,-435.0,-65.0,-35.0,-95.0,-65.0,-95.0,-95.0,-35.0,-155.0,-195.0,-255.0,-20.0,10.0,-50.0,75.0,45.0,-20.0,10.0,-50.0,75.0,45.0,130.0,160.0,100.0,50.0,20.0,60.0,90.0,30.0,-140.0,-170.0,0.0,15.0,-15.0,-50.0,-65.0,200.0,215.0,185.0,70.0,55.0,0.0,0.0,0.0,0.0,0.0,-75.0,-60.0,-90.0,-160.0,-175.0
2024-06-14 00:00:00+00:00,-55.0,5.0,-115.0,-150.0,-210.0,-120.0,-90.0,-150.0,-225.0,-240.0,345.0,375.0,315.0,295.0,265.0,-495.0,-465.0,-525.0,-375.0,-405.0,-495.0,-465.0,-525.0,-375.0,-405.0,-230.0,-200.0,-260.0,-55.0,-85.0,-295.0,-265.0,-325.0,-250.0,-280.0,-355.0,-325.0,-385.0,-310.0,-340.0,-580.0,-565.0,-595.0,-615.0,-630.0,0.0,0.0,0.0,0.0,0.0,-375.0,-360.0,-390.0,-455.0,-470.0
2024-06-24 00:00:00+00:00,40.0,100.0,-20.0,-45.0,-105.0,10.0,70.0,-50.0,-100.0,-160.0,-5.0,25.0,-35.0,-15.0,-45.0,-80.0,-50.0,-110.0,-25.0,-55.0,-90.0,-60.0,-120.0,100.0,70.0,-55.0,-40.0,-70.0,30.0,15.0,0.0,15.0,-15.0,30.0,15.0,90.0,105.0,75.0,0.0,0.0,0.0,0.0,0.0,0.0,0.0,0.0,0.0,0.0,0.0,0.0,145.0,160.0,130.0,100.0,85.0
2024-06-25 00:00:00+00:00,-50.0,-5.0,-95.0,-100.0,-145.0,-280.0,-235.0,-325.0,-195.0,-240.0,-275.0,-215.0,-335.0,-85.0,-145.0,-130.0,-70.0,-190.0,15.0,-45.0,-105.0,-45.0,-165.0,105.0,60.0,-195.0,-165.0,-225.0,-35.0,-50.0,-20.0,25.0,-65.0,200.0,170.0,20.0,65.0,-25.0,195.0,165.0,80.0,110.0,50.0,175.0,160.0,0.0,0.0,0.0,0.0,0.0,-135.0,-120.0,-150.0,10.0,-5.0
2024-06-26 00:00:00+00:00,-195.0,-150.0,-240.0,-255.0,-300.0,10.0,40.0,-20.0,-90.0,-120.0,0.0,0.0,0.0,0.0,0.0,-375.0,-315.0,-435.0,-345.0,-405.0,-375.0,-315.0,-435.0,-345.0,-405.0,-400.0,-355.0,-445.0,-320.0,-365.0,-490.0,-460.0,-520.0,-455.0,-485.0,-445.0,-415.0,-475.0,-425.0,-455.0,-450.0,-420.0,-480.0,-385.0,-415.0,0.0,0.0,0.0,0.0,0.0,-485.0,-470.0,-500.0,-485.0,-500.0
2024-06-27 00:00:00+00:00,50.0,95.0,5.0,65.0,20.0,85.0,130.0,40.0,75.0,30.0,-20.0,-5.0,-35.0,-35.0,-50.0,-45.0,-15.0,-75.0,35.0,5.0,-55.0,-40.0,-70.0,25.0,10.0,-35.0,-20.0,-50.0,50.0,35.0,65.0,95.0,35.0,170.0,140.0,30.0,45.0,15.0,75.0,60.0,30.0,45.0,15.0,75.0,60.0,0.0,0.0,0.0,0.0,0.0,130.0,145.0,115.0,95.0,80.0
2024-06-28 00:00:00+00:00,25.0,70.0,-20.0,0.0,-45.0,-5.0,25.0,-35.0,-55.0,-85.0,-145.0,-115.0,-175.0,-170.0,-200.0,-105.0,-75.0,-135.0,-105.0,-135.0,-105.0,-75.0,-135.0,-105.0,-135.0,-105.0,-75.0,-135.0,-105.0,-135.0,0.0,30.0,-30.0,35.0,20.0,15.0,45.0,-15.0,45.0,30.0,35.0,65.0,5.0,85.0,70.0,0.0,0.0,0.0,0.0,0.0,-55.0,-40.0,-70.0,-75.0,-90.0
2024-07-01 00:00:00+00:00,-265.0,-175.0,-355.0,-220.0,-310.0,-70.0,35.0,-175.0,-50.0,-155.0,-80.0,-5.0,-155.0,-240.0,-315.0,195.0,270.0,120.0,115.0,40.0,170.0,230.0,110.0,95.0,35.0,40.0,55.0,25.0,0.0,-15.0,145.0,190.0,100.0,180.0,135.0,120.0,150.0,90.0,85.0,55.0,40.0,55.0,25.0,0.0,-15.0,0.0,0.0,0.0,0.0,0.0,185.0,200.0,170.0,185.0,170.0
2024-07-02 00:00:00+00:00,-140.0,-65.0,-215.0,-200.0,-275.0,-290.0,-215.0,-365.0,-160.0,-235.0,-210.0,-120.0,-300.0,5.0,-85.0,-135.0,-90.0,-180.0,-35.0,-80.0,-10.0,35.0,-55.0,0.0,-45.0,-20.0,10.0,-50.0,-15.0,-45.0,-35.0,10.0,-80.0,-130.0,-175.0,-45.0,-15.0,-75.0,-145.0,-175.0,-35.0,-5.0,-65.0,-110.0,-140.0,0.0,0.0,0.0,0.0,0.0,-275.0,-260.0,-290.0,-325.0,-340.0
2024-07-03 00:00:00+00:00,-100.0,-25.0,-175.0,-160.0,-235.0,-45.0,45.0,-135.0,-85.0,-175.0,-10.0,20.0,-40.0,-45.0,-75.0,-65.0,-20.0,-110.0,-105.0,-150.0,-65.0,-20.0,-110.0,-105.0,-150.0,-85.0,-70.0,-100.0,-110.0,-125.0,-140.0,-125.0,-155.0,-130.0,-145.0,-115.0,-100.0,-130.0,-65.0,-80.0,-115.0,-100.0,-130.0,-65.0,-80.0,0.0,0.0,0.0,0.0,0.0,-95.0,-80.0,-110.0,-95.0,-110.0
2024-07-04 00:00:00+00:00,-30.0,60.0,-120.0,90.0,0.0,110.0,140.0,80.0,80.0,50.0,-125.0,-35.0,-215.0,-75.0,-165.0,10.0,40.0,-20.0,-25.0,-55.0,-10.0,5.0,-25.0,-10.0,-25.0,5.0,20.0,-10.0,0.0,-15.0,20.0,50.0,-10.0,-20.0,-50.0,20.0,35.0,5.0,25.0,10.0,15.0,30.0,0.0,5.0,-10.0,0.0,0.0,0.0,0.0,0.0,105.0,120.0,90.0,115.0,100.0
2024-07-05 00:00:00+00:00,-185.0,-110.0,-260.0,-190.0,-265.0,-195.0,-150.0,-240.0,-200.0,-245.0,-115.0,-70.0,-160.0,-70.0,-115.0,-50.0,25.0,-125.0,-110.0,-185.0,-50.0,25.0,-125.0,-110.0,-185.0,-40.0,20.0,-100.0,-95.0,-155.0,-85.0,-40.0,-130.0,-120.0,-165.0,-120.0,-90.0,-150.0,-125.0,-155.0,-120.0,-90.0,-150.0,-125.0,-155.0,0.0,0.0,0.0,0.0,0.0,-205.0,-190.0,-220.0,-215.0,-230.0
2024-07-08 00:00:00+00:00,-35.0,25.0,-95.0,-40.0,-100.0,5.0,50.0,-40.0,65.0,20.0,-30.0,30.0,-90.0,-45.0,-105.0,-30.0,15.0,-75.0,40.0,-5.0,5.0,50.0,-40.0,30.0,-15.0,30.0,75.0,-15.0,45.0,0.0,35.0,80.0,-10.0,85.0,40.0,25.0,55.0,-5.0,90.0,60.0,5.0,20.0,-10.0,60.0,45.0,0.0,0.0,0.0,0.0,0.0,75.0,90.0,60.0,115.0,100.0
2024-07-09 00:00:00+00:00,-140.0,-80.0,-200.0,-120.0,-180.0,-70.0,-40.0,-100.0,-160.0,-190.0,-200.0,-125.0,-275.0,-185.0,-260.0,-90.0,-30.0,-150.0,-175.0,-235.0,-100.0,-70.0,-130.0,-70.0,-100.0,5.0,35.0,-25.0,50.0,20.0,-70.0,-40.0,-100.0,-70.0,-100.0,-30.0,0.0,-60.0,-25.0,-55.0,-30.0,0.0,-60.0,0.0,-30.0,0.0,0.0,0.0,0.0,0.0,-140.0,-125.0,-155.0,-165.0,-180.0
2024-07-11 00:00:00+00:00,-155.0,-110.0,-200.0,-165.0,-210.0,-85.0,-25.0,-145.0,-130.0,-190.0,-20.0,-5.0,-35.0,-50.0,-65.0,-145.0,-100.0,-190.0,-130.0,-175.0,-145.0,-100.0,-190.0,-130.0,-175.0,-30.0,15.0,-75.0,-35.0,-80.0,-170.0,-125.0,-215.0,-155.0,-200.0,-170.0,-125.0,-215.0,-135.0,-180.0,-190.0,-160.0,-220.0,-160.0,-190.0,0.0,0.0,0.0,0.0,0.0,-210.0,-195.0,-225.0,-210.0,-225.0
2024-07-12 00:00:00+00:00,-270.0,-180.0,-360.0,-220.0,-310.0,-265.0,-220.0,-310.0,-155.0,-200.0,-250.0,-220.0,-280.0,-285.0,-315.0,-40.0,20.0,-100.0,120.0,75.0,30.0,60.0,0.0,85.0,55.0,30.0,60.0,0.0,85.0,55.0,35.0,80.0,-10.0,-40.0,-70.0,95.0,125.0,65.0,-40.0,-70.0,145.0,175.0,115.0,5.0,-25.0,0.0,0.0,0.0,0.0,0.0,-145.0,-130.0,-160.0,-170.0,-185.0
2024-07-15 00:00:00+00:00,195.0,240.0,150.0,-40.0,-85.0,145.0,190.0,100.0,135.0,90.0,-115.0,-85.0,-145.0,-120.0,-150.0,65.0,95.0,35.0,50.0,20.0,65.0,95.0,35.0,50.0,20.0,0.0,15.0,-15.0,-15.0,-30.0,80.0,95.0,65.0,110.0,95.0,65.0,80.0,50.0,105.0,90.0,0.0,0.0,0.0,0.0,0.0,0.0,0.0,0.0,0.0,0.0,55.0,70.0,40.0,-5.0,-20.0
2024-07-16 00:00:00+00:00,-285.0,-210.0,-360.0,-300.0,-375.0,-190.0,-160.0,-220.0,-415.0,-445.0,-55.0,-40.0,-70.0,-105.0,-120.0,210.0,270.0,150.0,300.0,240.0,210.0,255.0,165.0,235.0,190.0,215.0,245.0,185.0,145.0,115.0,10.0,40.0,-20.0,95.0,65.0,10.0,25.0,-5.0,30.0,15.0,105.0,120.0,90.0,-65.0,-80.0,0.0,0.0,0.0,0.0,0.0,5.0,20.0,-10.0,25.0,10.0
2024-07-17 00:00:00+00:00,-370.0,-280.0,-460.0,-85.0,-175.0,-200.0,-125.0,-275.0,-355.0,-430.0,-495.0,-405.0,-585.0,-235.0,-325.0,0.0,75.0,-75.0,-240.0,-315.0,-50.0,10.0,-110.0,-305.0,-365.0,-110.0,-80.0,-140.0,-60.0,-90.0,155.0,230.0,80.0,-80.0,-155.0,105.0,165.0,45.0,-145.0,-205.0,145.0,175.0,115.0,165.0,135.0,0.0,0.0,0.0,0.0,0.0,-110.0,-95.0,-125.0,-25.0,-40.0
2024-07-18 00:00:00+00:00,-15.0,30.0,-60.0,-150.0,-195.0,-225.0,-180.0,-270.0,-210.0,-255.0,-95.0,-65.0,-125.0,-145.0,-175.0,-135.0,-90.0,-180.0,-60.0,-105.0,-120.0,-75.0,-165.0,-20.0,-65.0,30.0,75.0,-15.0,50.0,5.0,-90.0,-60.0,-120.0,95.0,65.0,-30.0,0.0,-60.0,95.0,65.0,-50.0,-35.0,-65.0,-45.0,-60.0,0.0,0.0,0.0,0.0,0.0,0.0,15.0,-15.0,-30.0,-45.0
2024-07-19 00:00:00+00:00,5.0,80.0,-70.0,-5.0,-65.0,-410.0,-320.0,-500.0,-20.0,-110.0,-130.0,-85.0,-175.0,-80.0,-110.0,140.0,185.0,95.0,80.0,35.0,140.0,185.0,95.0,80.0,35.0,175.0,205.0,145.0,70.0,40.0,510.0,570.0,450.0,300.0,240.0,265.0,310.0,220.0,225.0,180.0,215.0,245.0,185.0,220.0,190.0,0.0,0.0,0.0,0.0,0.0,290.0,305.0,275.0,280.0,265.0
2024-07-22 00:00:00+00:00,45.0,90.0,0.0,-125.0,-170.0,-290.0,-230.0,-350.0,-240.0,-300.0,-295.0,-250.0,-340.0,-145.0,-190.0,140.0,215.0,65.0,150.0,75.0,200.0,260.0,140.0,260.0,200.0,170.0,215.0,125.0,240.0,195.0,200.0,260.0,140.0,140.0,80.0,185.0,245.0,125.0,125.0,80.0,120.0,165.0,75.0,70.0,25.0,0.0,0.0,0.0,0.0,0.0,-40.0,-25.0,-55.0,-45.0,-60.0
2024-07-23 00:00:00+00:00,65.0,140.0,-10.0,130.0,70.0,70.0,115.0,25.0,55.0,10.0,140.0,170.0,110.0,130.0,100.0,105.0,165.0,45.0,-60.0,-120.0,55.0,85.0,25.0,-70.0,-100.0,55.0,70.0,40.0,-50.0,-65.0,90.0,105.0,75.0,85.0,70.0,0.0,0.0,0.0,0.0,0.0,0.0,0.0,0.0,0.0,0.0,0.0,0.0,0.0,0.0,0.0,200.0,215.0,185.0,160.0,145.0
2024-07-24 00:00:00+00:00,140.0,200.0,80.0,120.0,60.0,0.0,45.0,-45.0,-145.0,-190.0,-260.0,-185.0,-335.0,-195.0,-270.0,35.0,80.0,-10.0,70.0,25.0,30.0,75.0,-15.0,85.0,40.0,40.0,55.0,25.0,105.0,90.0,150.0,180.0,120.0,255.0,225.0,150.0,180.0,120.0,255.0,225.0,115.0,130.0,100.0,175.0,160.0,0.0,0.0,0.0,0.0,0.0,65.0,80.0,50.0,160.0,145.0
2024-07-25 00:00:00+00:00,-365.0,-305.0,-425.0,-120.0,-180.0,-445.0,-400.0,-490.0,100.0,55.0,-415.0,-385.0,-445.0,-245.0,-275.0,-255.0,-195.0,-315.0,-655.0,-715.0,-255.0,-195.0,-315.0,-655.0,-715.0,-395.0,-350.0,-440.0,-870.0,-915.0,-380.0,-365.0,-395.0,-480.0,-495.0,-320.0,-305.0,-335.0,-365.0,-380.0,-320.0,-305.0,-335.0,-365.0,-380.0,0.0,0.0,0.0,0.0,0.0,-700.0,-685.0,-715.0,-630.0,-645.0
2024-07-26 00:00:00+00:00,-95.0,10.0,-200.0,-145.0,-250.0,-155.0,-80.0,-230.0,-5.0,-80.0,-10.0,50.0,-70.0,190.0,130.0,90.0,135.0,45.0,-25.0,-70.0,115.0,145.0,85.0,-30.0,-60.0,80.0,95.0,65.0,10.0,-5.0,-30.0,0.0,-60.0,-5.0,-35.0,20.0,35.0,5.0,30.0,15.0,20.0,35.0,5.0,30.0,15.0,0.0,0.0,0.0,0.0,0.0,285.0,300.0,270.0,345.0,330.0
2024-07-29 00:00:00+00:00,295.0,340.0,250.0,235.0,190.0,45.0,120.0,-30.0,145.0,70.0,135.0,165.0,105.0,140.0,110.0,115.0,145.0,85.0,150.0,120.0,150.0,180.0,120.0,135.0,105.0,150.0,180.0,120.0,135.0,105.0,185.0,215.0,155.0,85.0,55.0,185.0,215.0,155.0,85.0,55.0,185.0,215.0,155.0,85.0,55.0,0.0,0.0,0.0,0.0,0.0,365.0,380.0,350.0,385.0,370.0
2024-07-30 00:00:00+00:00,-25.0,50.0,-100.0,-150.0,-225.0,-70.0,5.0,-145.0,-5.0,-80.0,-310.0,-265.0,-355.0,-320.0,-365.0,-115.0,-40.0,-190.0,-100.0,-175.0,-115.0,-55.0,-175.0,-125.0,-185.0,-75.0,-30.0,-120.0,-80.0,-125.0,-20.0,40.0,-80.0,-60.0,-120.0,-45.0,-15.0,-75.0,-55.0,-85.0,-45.0,-15.0,-75.0,-55.0,-85.0,0.0,0.0,0.0,0.0,0.0,-160.0,-145.0,-175.0,-240.0,-255.0
2024-07-31 00:00:00+00:00,-580.0,-505.0,-655.0,-220.0,-295.0,-530.0,-440.0,-620.0,-255.0,-345.0,-15.0,15.0,-45.0,50.0,20.0,-330.0,-270.0,-390.0,-285.0,-345.0,-330.0,-270.0,-390.0,-285.0,-345.0,-425.0,-395.0,-455.0,-325.0,-355.0,-165.0,-120.0,-210.0,-375.0,-420.0,-165.0,-120.0,-210.0,-375.0,-420.0,-165.0,-120.0,-210.0,-375.0,-420.0,0.0,0.0,0.0,0.0,0.0,-555.0,-540.0,-570.0,-525.0,-540.0
2024-08-01 00:00:00+00:00,380.0,410.0,350.0,410.0,380.0,280.0,295.0,265.0,185.0,170.0,375.0,390.0,360.0,260.0,245.0,-130.0,-100.0,-160.0,-185.0,-215.0,-55.0,-40.0,-70.0,-80.0,-95.0,-55.0,-40.0,-70.0,-80.0,-95.0,-60.0,-45.0,-75.0,-20.0,-35.0,-60.0,-45.0,-75.0,-20.0,-35.0,-60.0,-45.0,-75.0,-20.0,-35.0,0.0,0.0,0.0,0.0,0.0,325.0,340.0,310.0,305.0,290.0
2024-08-02 00:00:00+00:00,-260.0,-185.0,-335.0,-180.0,-255.0,-320.0,-275.0,-365.0,-270.0,-315.0,-435.0,-390.0,-480.0,-220.0,-265.0,-355.0,-310.0,-400.0,-340.0,-385.0,-100.0,-55.0,-145.0,-215.0,-245.0,-260.0,-230.0,-290.0,-165.0,-195.0,-320.0,-290.0,-350.0,-490.0,-505.0,-485.0,-470.0,-500.0,-490.0,-505.0,-410.0,-395.0,-425.0,-420.0,-435.0,0.0,0.0,0.0,0.0,0.0,-520.0,-505.0,-535.0,-420.0,-435.0
2024-08-05 00:00:00+00:00,-670.0,-565.0,-775.0,-295.0,-385.0,-405.0,-315.0,-495.0,-140.0,-215.0,-235.0,-205.0,-265.0,-335.0,-365.0,-30.0,60.0,-120.0,-465.0,-555.0,315.0,390.0,240.0,-460.0,-535.0,650.0,710.0,590.0,70.0,10.0,-555.0,-495.0,-615.0,-555.0,-615.0,-385.0,-325.0,-445.0,-390.0,-450.0,-370.0,-340.0,-400.0,-350.0,-380.0,0.0,0.0,0.0,0.0,0.0,-1255.0,-1240.0,-1270.0,-1505.0,-1520.0
2024-08-06 00:00:00+00:00,540.0,600.0,480.0,530.0,485.0,700.0,745.0,655.0,965.0,920.0,55.0,85.0,25.0,385.0,355.0,280.0,340.0,220.0,520.0,460.0,130.0,160.0,100.0,440.0,410.0,215.0,230.0,200.0,135.0,120.0,-240.0,-225.0,-255.0,195.0,180.0,-20.0,-5.0,-35.0,30.0,15.0,-20.0,-5.0,-35.0,30.0,15.0,0.0,0.0,0.0,0.0,0.0,510.0,525.0,495.0,905.0,890.0
2024-08-07 00:00:00+00:00,-325.0,-235.0,-415.0,-155.0,-245.0,-225.0,-135.0,-315.0,35.0,-55.0,-25.0,20.0,-70.0,235.0,190.0,165.0,195.0,135.0,35.0,5.0,165.0,195.0,135.0,35.0,5.0,85.0,100.0,70.0,-10.0,-25.0,85.0,100.0,70.0,-10.0,-25.0,85.0,100.0,70.0,-10.0,-25.0,0.0,0.0,0.0,0.0,0.0,0.0,0.0,0.0,0.0,0.0,200.0,215.0,185.0,145.0,130.0
2024-08-08 00:00:00+00:00,-175.0,-115.0,-235.0,-215.0,-275.0,-75.0,-30.0,-120.0,-420.0,-465.0,-470.0,-425.0,-515.0,-575.0,-620.0,-230.0,-200.0,-260.0,185.0,155.0,-230.0,-200.0,-260.0,185.0,155.0,-125.0,-95.0,-155.0,210.0,180.0,-55.0,-40.0,-70.0,-100.0,-115.0,-50.0,-35.0,-65.0,165.0,150.0,125.0,140.0,110.0,295.0,280.0,0.0,0.0,0.0,0.0,0.0,-45.0,-30.0,-60.0,-115.0,-130.0
2024-08-09 00:00:00+00:00,-260.0,-170.0,-350.0,-660.0,-750.0,-280.0,-235.0,-325.0,-285.0,-330.0,-340.0,-310.0,-370.0,-545.0,-575.0,-120.0,-60.0,-180.0,-60.0,-120.0,-105.0,-45.0,-165.0,95.0,35.0,-100.0,-40.0,-160.0,80.0,20.0,-270.0,-255.0,-285.0,-250.0,-265.0,-255.0,-240.0,-270.0,-95.0,-110.0,-255.0,-240.0,-270.0,-95.0,-110.0,0.0,0.0,0.0,0.0,0.0,-550.0,-535.0,-565.0,-500.0,-515.0
2024-08-12 00:00:00+00:00,130.0,175.0,85.0,180.0,135.0,200.0,230.0,170.0,170.0,140.0,235.0,265.0,205.0,370.0,340.0,55.0,85.0,25.0,250.0,220.0,115.0,145.0,85.0,205.0,175.0,55.0,70.0,40.0,70.0,55.0,115.0,145.0,85.0,205.0,175.0,100.0,130.0,70.0,255.0,225.0,60.0,75.0,45.0,135.0,120.0,0.0,0.0,0.0,0.0,0.0,435.0,450.0,420.0,465.0,450.0
2024-08-13 00:00:00+00:00,-160.0,-115.0,-205.0,-215.0,-260.0,-425.0,-380.0,-470.0,-400.0,-445.0,-625.0,-580.0,-670.0,-510.0,-540.0,-315.0,-285.0,-345.0,-370.0,-400.0,-315.0,-285.0,-345.0,-370.0,-400.0,-440.0,-425.0,-455.0,-480.0,-495.0,-340.0,-310.0,-370.0,-160.0,-190.0,-325.0,-295.0,-355.0,-195.0,-225.0,-450.0,-435.0,-465.0,-305.0,-320.0,0.0,0.0,0.0,0.0,0.0,-505.0,-490.0,-520.0,-535.0,-550.0
2024-08-14 00:00:00+00:00,0.0,30.0,-30.0,-65.0,-95.0,-165.0,-135.0,-195.0,-145.0,-175.0,-250.0,-205.0,-295.0,-275.0,-320.0,-245.0,-215.0,-275.0,-205.0,-235.0,-230.0,-200.0,-260.0,-195.0,-225.0,-230.0,-200.0,-260.0,-195.0,-225.0,-160.0,-130.0,-190.0,-205.0,-235.0,-195.0,-180.0,-210.0,-155.0,-170.0,-185.0,-170.0,-200.0,-110.0,-125.0,0.0,0.0,0.0,0.0,0.0,-275.0,-260.0,-290.0,-295.0,-310.0
2024-08-15 00:00:00+00:00,145.0,190.0,100.0,85.0,40.0,110.0,170.0,50.0,165.0,105.0,80.0,110.0,50.0,0.0,-30.0,15.0,60.0,-30.0,-5.0,-50.0,-5.0,10.0,-20.0,10.0,-5.0,65.0,80.0,50.0,75.0,60.0,70.0,100.0,40.0,10.0,-20.0,-5.0,10.0,-20.0,0.0,-15.0,-5.0,10.0,-20.0,0.0,-15.0,0.0,0.0,0.0,0.0,0.0,240.0,255.0,225.0,215.0,200.0
2024-08-16 00:00:00+00:00,-35.0,25.0,-95.0,-165.0,-225.0,-325.0,-265.0,-385.0,-255.0,-315.0,-105.0,-90.0,-120.0,-150.0,-165.0,-150.0,-90.0,-210.0,-225.0,-285.0,-195.0,-150.0,-240.0,-260.0,-305.0,-215.0,-185.0,-245.0,-250.0,-280.0,-80.0,-35.0,-125.0,-195.0,-240.0,-80.0,-35.0,-125.0,-195.0,-240.0,-160.0,-130.0,-190.0,-215.0,-245.0,0.0,0.0,0.0,0.0,0.0,-365.0,-350.0,-380.0,-485.0,-500.0
2024-08-19 00:00:00+00:00,-160.0,-70.0,-250.0,-145.0,-235.0,-90.0,-30.0,-150.0,-110.0,-170.0,-95.0,-80.0,-110.0,-45.0,-60.0,-120.0,-45.0,-195.0,-70.0,-130.0,-170.0,-125.0,-215.0,-90.0,-135.0,-35.0,-20.0,-50.0,-20.0,-35.0,-175.0,-145.0,-205.0,-120.0,-150.0,-175.0,-145.0,-205.0,-120.0,-150.0,-65.0,-35.0,-95.0,-70.0,-100.0,0.0,0.0,0.0,0.0,0.0,-220.0,-205.0,-235.0,-150.0,-165.0
2024-08-20 00:00:00+00:00,-85.0,-25.0,-145.0,-20.0,-80.0,-70.0,-40.0,-100.0,-100.0,-130.0,-195.0,-165.0,-225.0,-215.0,-245.0,-190.0,-145.0,-235.0,-145.0,-190.0,-190.0,-145.0,-235.0,-145.0,-190.0,-55.0,-25.0,-85.0,40.0,10.0,-105.0,-75.0,-135.0,40.0,10.0,-50.0,-20.0,-80.0,75.0,45.0,-25.0,5.0,-55.0,65.0,35.0,0.0,0.0,0.0,0.0,0.0,-115.0,-100.0,-130.0,-95.0,-110.0
2024-08-21 00:00:00+00:00,-145.0,-40.0,-250.0,45.0,-60.0,-75.0,-30.0,-120.0,25.0,-20.0,-75.0,-30.0,-120.0,-110.0,-155.0,55.0,115.0,-5.0,-35.0,-95.0,45.0,75.0,15.0,-30.0,-60.0,-15.0,0.0,-30.0,-50.0,-65.0,85.0,115.0,55.0,100.0,70.0,90.0,105.0,75.0,70.0,55.0,150.0,165.0,135.0,65.0,50.0,0.0,0.0,0.0,0.0,0.0,130.0,145.0,115.0,110.0,95.0
2024-08-23 00:00:00+00:00,150.0,195.0,105.0,90.0,45.0,-5.0,40.0,-50.0,50.0,5.0,45.0,75.0,15.0,80.0,50.0,40.0,70.0,10.0,20.0,-10.0,40.0,70.0,10.0,20.0,-10.0,80.0,110.0,50.0,35.0,20.0,90.0,120.0,60.0,90.0,75.0,70.0,85.0,55.0,70.0,55.0,70.0,85.0,55.0,70.0,55.0,0.0,0.0,0.0,0.0,0.0,150.0,165.0,135.0,180.0,165.0
2024-08-28 00:00:00+00:00,-110.0,-35.0,-185.0,-55.0,-130.0,-170.0,-110.0,-230.0,-245.0,-305.0,-85.0,-40.0,-130.0,-115.0,-145.0,-45.0,0.0,-90.0,20.0,-25.0,30.0,60.0,0.0,-15.0,-45.0,-15.0,0.0,-30.0,-45.0,-60.0,-30.0,15.0,-75.0,90.0,45.0,85.0,115.0,55.0,90.0,60.0,80.0,110.0,50.0,95.0,65.0,0.0,0.0,0.0,0.0,0.0,-105.0,-90.0,-120.0,-95.0,-110.0
2024-08-29 00:00:00+00:00,-25.0,50.0,-100.0,-210.0,-285.0,200.0,245.0,155.0,40.0,-5.0,170.0,215.0,125.0,20.0,-25.0,185.0,230.0,140.0,225.0,180.0,215.0,260.0,170.0,175.0,130.0,215.0,260.0,170.0,175.0,130.0,135.0,165.0,105.0,145.0,115.0,65.0,80.0,50.0,75.0,60.0,65.0,80.0,50.0,75.0,60.0,0.0,0.0,0.0,0.0,0.0,360.0,375.0,345.0,225.0,210.0
2024-09-03 00:00:00+00:00,-220.0,-160.0,-280.0,-130.0,-190.0,-145.0,-100.0,-190.0,-95.0,-140.0,-55.0,-40.0,-70.0,-35.0,-50.0,-255.0,-180.0,-330.0,-460.0,-520.0,-185.0,-140.0,-230.0,-395.0,-425.0,-110.0,-80.0,-140.0,-300.0,-330.0,-275.0,-260.0,-290.0,-330.0,-345.0,-275.0,-260.0,-290.0,-330.0,-345.0,-65.0,-50.0,-80.0,-75.0,-90.0,0.0,0.0,0.0,0.0,0.0,-390.0,-375.0,-405.0,-375.0,-390.0
2024-09-04 00:00:00+00:00,-360.0,-300.0,-420.0,-15.0,-75.0,-145.0,-70.0,-220.0,-225.0,-300.0,-345.0,-300.0,-390.0,-170.0,-215.0,225.0,285.0,165.0,90.0,45.0,260.0,320.0,200.0,65.0,20.0,180.0,210.0,150.0,95.0,65.0,280.0,340.0,220.0,80.0,35.0,235.0,280.0,190.0,110.0,80.0,210.0,240.0,180.0,85.0,70.0,0.0,0.0,0.0,0.0,0.0,60.0,75.0,45.0,75.0,60.0
2024-09-05 00:00:00+00:00,-270.0,-180.0,-360.0,-445.0,-520.0,-325.0,-235.0,-415.0,-100.0,-175.0,-270.0,-210.0,-330.0,-150.0,-195.0,135.0,195.0,75.0,155.0,95.0,150.0,195.0,105.0,210.0,165.0,150.0,180.0,120.0,245.0,215.0,95.0,155.0,35.0,230.0,170.0,20.0,65.0,-25.0,175.0,130.0,20.0,50.0,-10.0,195.0,165.0,0.0,0.0,0.0,0.0,0.0,-255.0,-240.0,-270.0,-230.0,-245.0
2024-09-06 00:00:00+00:00,-470.0,-395.0,-545.0,-300.0,-375.0,40.0,85.0,-5.0,-85.0,-130.0,-85.0,-55.0,-115.0,-180.0,-210.0,55.0,130.0,-20.0,345.0,270.0,35.0,95.0,-25.0,240.0,180.0,-5.0,10.0,-20.0,-25.0,-40.0,65.0,95.0,35.0,125.0,95.0,115.0,145.0,85.0,195.0,165.0,185.0,215.0,155.0,125.0,95.0,0.0,0.0,0.0,0.0,0.0,30.0,45.0,15.0,70.0,55.0
2024-09-09 00:00:00+00:00,290.0,365.0,215.0,225.0,150.0,330.0,375.0,285.0,125.0,80.0,345.0,360.0,330.0,245.0,230.0,50.0,80.0,20.0,170.0,140.0,50.0,80.0,20.0,170.0,140.0,0.0,0.0,0.0,0.0,0.0,40.0,55.0,25.0,100.0,85.0,0.0,0.0,0.0,0.0,0.0,0.0,0.0,0.0,0.0,0.0,0.0,0.0,0.0,0.0,0.0,425.0,440.0,410.0,355.0,340.0
2024-09-10 00:00:00+00:00,135.0,180.0,90.0,-145.0,-190.0,-260.0,-215.0,-305.0,-400.0,-430.0,-70.0,-40.0,-100.0,-105.0,-135.0,-35.0,10.0,-80.0,305.0,260.0,-35.0,10.0,-80.0,305.0,260.0,150.0,195.0,105.0,505.0,460.0,370.0,430.0,310.0,445.0,385.0,60.0,75.0,45.0,170.0,155.0,115.0,130.0,100.0,335.0,320.0,0.0,0.0,0.0,0.0,0.0,160.0,175.0,145.0,180.0,165.0
2024-09-11 00:00:00+00:00,-115.0,-40.0,-190.0,-45.0,-120.0,-80.0,-5.0,-155.0,-240.0,-315.0,5.0,20.0,-10.0,-45.0,-60.0,390.0,450.0,330.0,295.0,235.0,340.0,385.0,295.0,245.0,200.0,295.0,340.0,250.0,210.0,165.0,155.0,200.0,110.0,120.0,75.0,155.0,200.0,110.0,120.0,75.0,75.0,90.0,60.0,0.0,-15.0,0.0,0.0,0.0,0.0,0.0,370.0,385.0,355.0,385.0,370.0
2024-09-12 00:00:00+00:00,-45.0,15.0,-105.0,-170.0,-230.0,-20.0,40.0,-80.0,-10.0,-70.0,30.0,75.0,-15.0,-110.0,-155.0,-25.0,35.0,-85.0,20.0,-40.0,-155.0,-125.0,-185.0,-85.0,-115.0,-155.0,-125.0,-185.0,-85.0,-115.0,35.0,65.0,5.0,65.0,35.0,-40.0,-25.0,-55.0,-10.0,-25.0,0.0,0.0,0.0,0.0,0.0,0.0,0.0,0.0,0.0,0.0,40.0,55.0,25.0,60.0,45.0
2024-09-13 00:00:00+00:00,-275.0,-200.0,-350.0,-205.0,-265.0,140.0,170.0,110.0,-5.0,-35.0,140.0,170.0,110.0,-5.0,-35.0,-40.0,20.0,-100.0,-15.0,-75.0,50.0,110.0,-10.0,25.0,-35.0,35.0,65.0,5.0,45.0,15.0,-40.0,-10.0,-70.0,-5.0,-35.0,-40.0,-10.0,-70.0,-5.0,-35.0,10.0,25.0,-5.0,-30.0,-45.0,0.0,0.0,0.0,0.0,0.0,155.0,170.0,140.0,95.0,80.0
2024-09-24 00:00:00+00:00,185.0,245.0,125.0,-210.0,-255.0,-190.0,-145.0,-235.0,-290.0,-335.0,-265.0,-235.0,-295.0,-300.0,-330.0,-360.0,-315.0,-405.0,-230.0,-275.0,-290.0,-260.0,-320.0,-170.0,-200.0,-290.0,-260.0,-320.0,-170.0,-200.0,-50.0,-20.0,-80.0,55.0,25.0,-5.0,25.0,-35.0,85.0,55.0,-5.0,25.0,-35.0,85.0,55.0,0.0,0.0,0.0,0.0,0.0,-130.0,-115.0,-145.0,-165.0,-180.0
2024-09-25 00:00:00+00:00,95.0,140.0,50.0,-10.0,-55.0,135.0,180.0,90.0,110.0,65.0,80.0,110.0,50.0,30.0,0.0,-95.0,-50.0,-140.0,60.0,15.0,-155.0,-125.0,-185.0,10.0,-20.0,50.0,65.0,35.0,130.0,115.0,65.0,80.0,50.0,55.0,40.0,65.0,80.0,50.0,55.0,40.0,0.0,0.0,0.0,0.0,0.0,0.0,0.0,0.0,0.0,0.0,80.0,95.0,65.0,155.0,140.0
2024-09-26 00:00:00+00:00,-140.0,-65.0,-215.0,-145.0,-220.0,-195.0,-120.0,-270.0,-290.0,-365.0,-205.0,-130.0,-280.0,-230.0,-305.0,-50.0,-5.0,-95.0,-70.0,-115.0,-25.0,20.0,-70.0,-15.0,-60.0,40.0,55.0,25.0,10.0,-5.0,0.0,60.0,-60.0,25.0,-35.0,-20.0,25.0,-65.0,-15.0,-60.0,-55.0,-40.0,-70.0,-40.0,-55.0,0.0,0.0,0.0,0.0,0.0,-140.0,-125.0,-155.0,-130.0,-145.0
2024-09-27 00:00:00+00:00,10.0,55.0,-35.0,75.0,30.0,-140.0,-95.0,-185.0,-125.0,-170.0,-15.0,30.0,-60.0,-60.0,-105.0,40.0,85.0,-5.0,10.0,-35.0,-5.0,25.0,-35.0,-20.0,-50.0,-40.0,-25.0,-55.0,-75.0,-90.0,100.0,130.0,70.0,135.0,105.0,15.0,30.0,0.0,35.0,20.0,15.0,30.0,0.0,35.0,20.0,0.0,0.0,0.0,0.0,0.0,110.0,125.0,95.0,120.0,105.0
2024-09-30 00:00:00+00:00,-350.0,-290.0,-410.0,-420.0,-480.0,-150.0,-90.0,-210.0,-275.0,-335.0,-55.0,-10.0,-100.0,-185.0,-230.0,100.0,160.0,40.0,225.0,165.0,100.0,160.0,40.0,225.0,165.0,95.0,125.0,65.0,145.0,115.0,65.0,110.0,20.0,15.0,-30.0,-20.0,10.0,-50.0,15.0,-15.0,35.0,65.0,5.0,-105.0,-135.0,0.0,0.0,0.0,0.0,0.0,-120.0,-105.0,-135.0,-170.0,-185.0
2024-10-01 00:00:00+00:00,-160.0,-100.0,-220.0,-250.0,-310.0,20.0,65.0,-25.0,35.0,-10.0,-230.0,-185.0,-275.0,-220.0,-265.0,0.0,60.0,-60.0,170.0,125.0,105.0,150.0,60.0,205.0,160.0,120.0,135.0,105.0,105.0,90.0,140.0,185.0,95.0,60.0,15.0,90.0,120.0,60.0,40.0,10.0,130.0,160.0,100.0,105.0,75.0,0.0,0.0,0.0,0.0,0.0,-20.0,-5.0,-35.0,15.0,0.0
2024-10-02 00:00:00+00:00,-205.0,-130.0,-280.0,-45.0,-105.0,90.0,120.0,60.0,-185.0,-215.0,-110.0,-80.0,-140.0,-55.0,-85.0,380.0,455.0,305.0,-170.0,-245.0,300.0,360.0,240.0,-105.0,-165.0,330.0,360.0,300.0,125.0,95.0,225.0,270.0,180.0,25.0,-20.0,225.0,270.0,180.0,25.0,-20.0,315.0,360.0,270.0,30.0,-15.0,0.0,0.0,0.0,0.0,0.0,-80.0,-65.0,-95.0,-5.0,-20.0
2024-10-03 00:00:00+00:00,-330.0,-255.0,-405.0,-215.0,-290.0,195.0,255.0,135.0,380.0,320.0,135.0,165.0,105.0,165.0,135.0,290.0,365.0,215.0,320.0,245.0,230.0,290.0,170.0,275.0,215.0,115.0,160.0,70.0,175.0,130.0,150.0,195.0,105.0,235.0,190.0,90.0,105.0,75.0,120.0,105.0,90.0,105.0,75.0,120.0,105.0,0.0,0.0,0.0,0.0,0.0,290.0,305.0,275.0,405.0,390.0
2024-10-07 00:00:00+00:00,-80.0,-20.0,-140.0,15.0,-45.0,-255.0,-195.0,-315.0,-70.0,-115.0,-195.0,-150.0,-240.0,85.0,55.0,-90.0,-15.0,-165.0,-110.0,-185.0,-30.0,15.0,-75.0,30.0,-15.0,-20.0,10.0,-50.0,-15.0,-45.0,75.0,135.0,15.0,-40.0,-100.0,-40.0,-25.0,-55.0,-10.0,-25.0,-40.0,-25.0,-55.0,-10.0,-25.0,0.0,0.0,0.0,0.0,0.0,0.0,15.0,-15.0,105.0,90.0
2024-10-10 00:00:00+00:00,-150.0,-75.0,-225.0,-110.0,-170.0,-200.0,-155.0,-245.0,-160.0,-205.0,-55.0,20.0,-130.0,-60.0,-120.0,50.0,95.0,5.0,85.0,40.0,140.0,185.0,95.0,160.0,115.0,125.0,155.0,95.0,85.0,55.0,200.0,245.0,155.0,230.0,185.0,195.0,240.0,150.0,120.0,75.0,5.0,20.0,-10.0,30.0,15.0,0.0,0.0,0.0,0.0,0.0,105.0,120.0,90.0,120.0,105.0
2024-10-14 00:00:00+00:00,-140.0,-80.0,-200.0,-245.0,-305.0,-5.0,55.0,-65.0,-130.0,-190.0,-125.0,-80.0,-170.0,-190.0,-235.0,-130.0,-55.0,-205.0,-125.0,-200.0,-105.0,-75.0,-135.0,-40.0,-70.0,65.0,80.0,50.0,40.0,25.0,-140.0,-95.0,-185.0,-40.0,-85.0,-165.0,-135.0,-195.0,-55.0,-85.0,-105.0,-75.0,-135.0,-40.0,-70.0,0.0,0.0,0.0,0.0,0.0,-225.0,-210.0,-240.0,-285.0,-300.0
2024-10-15 00:00:00+00:00,-360.0,-285.0,-435.0,-260.0,-335.0,-580.0,-535.0,-625.0,-440.0,-470.0,-60.0,0.0,-120.0,-80.0,-140.0,-120.0,-45.0,-195.0,-170.0,-245.0,-115.0,-40.0,-190.0,-185.0,-260.0,5.0,65.0,-55.0,-65.0,-125.0,130.0,190.0,70.0,-95.0,-155.0,375.0,420.0,330.0,270.0,225.0,215.0,245.0,185.0,105.0,75.0,0.0,0.0,0.0,0.0,0.0,-290.0,-275.0,-305.0,-250.0,-265.0
2024-10-17 00:00:00+00:00,115.0,160.0,70.0,120.0,75.0,-40.0,20.0,-100.0,-90.0,-150.0,-100.0,-55.0,-145.0,-170.0,-215.0,160.0,190.0,130.0,80.0,50.0,195.0,225.0,165.0,165.0,135.0,145.0,160.0,130.0,185.0,170.0,145.0,160.0,130.0,185.0,170.0,145.0,160.0,130.0,185.0,170.0,270.0,285.0,255.0,165.0,150.0,0.0,0.0,0.0,0.0,0.0,95.0,110.0,80.0,0.0,-15.0
2024-10-18 00:00:00+00:00,-370.0,-295.0,-445.0,-75.0,-150.0,-160.0,-130.0,-190.0,-255.0,-285.0,-395.0,-335.0,-455.0,-50.0,-110.0,-280.0,-235.0,-325.0,-305.0,-350.0,-280.0,-235.0,-325.0,-305.0,-350.0,-260.0,-215.0,-305.0,-280.0,-325.0,-260.0,-230.0,-290.0,-230.0,-260.0,-240.0,-210.0,-270.0,-205.0,-235.0,-230.0,-200.0,-260.0,-230.0,-260.0,0.0,0.0,0.0,0.0,0.0,-355.0,-340.0,-370.0,-360.0,-375.0
2024-10-21 00:00:00+00:00,-190.0,-145.0,-235.0,-215.0,-260.0,-40.0,-25.0,-55.0,0.0,-15.0,-80.0,-65.0,-95.0,-100.0,-115.0,-510.0,-465.0,-555.0,-610.0,-655.0,-540.0,-510.0,-570.0,-650.0,-680.0,-295.0,-265.0,-325.0,-300.0,-330.0,-600.0,-585.0,-615.0,-615.0,-630.0,-600.0,-585.0,-615.0,-615.0,-630.0,-505.0,-490.0,-520.0,-495.0,-510.0,0.0,0.0,0.0,0.0,0.0,-570.0,-555.0,-585.0,-615.0,-630.0
2024-10-22 00:00:00+00:00,-160.0,-100.0,-220.0,-70.0,-115.0,-160.0,-130.0,-190.0,-25.0,-40.0,-150.0,-120.0,-180.0,-155.0,-185.0,-185.0,-140.0,-230.0,-145.0,-190.0,-190.0,-160.0,-220.0,-200.0,-230.0,-150.0,-120.0,-180.0,-225.0,-255.0,-120.0,-90.0,-150.0,-230.0,-260.0,-285.0,-270.0,-300.0,-255.0,-270.0,-285.0,-270.0,-300.0,-255.0,-270.0,0.0,0.0,0.0,0.0,0.0,-285.0,-270.0,-300.0,-165.0,-180.0
2024-10-23 00:00:00+00:00,-55.0,-10.0,-100.0,-160.0,-205.0,-230.0,-200.0,-260.0,-160.0,-190.0,0.0,0.0,0.0,0.0,0.0,-215.0,-185.0,-245.0,-210.0,-240.0,-215.0,-185.0,-245.0,-210.0,-240.0,-270.0,-255.0,-285.0,-215.0,-230.0,-125.0,-95.0,-155.0,-190.0,-220.0,-120.0,-90.0,-150.0,-200.0,-230.0,-120.0,-90.0,-150.0,-200.0,-230.0,0.0,0.0,0.0,0.0,0.0,-225.0,-210.0,-240.0,-260.0,-275.0
2024-10-25 00:00:00+00:00,-10.0,50.0,-70.0,45.0,-15.0,40.0,70.0,10.0,15.0,-15.0,115.0,130.0,100.0,-5.0,-20.0,-5.0,25.0,-35.0,-40.0,-70.0,-5.0,25.0,-35.0,-40.0,-70.0,40.0,55.0,25.0,30.0,15.0,-55.0,-40.0,-70.0,30.0,15.0,-25.0,-10.0,-40.0,100.0,85.0,10.0,25.0,-5.0,140.0,125.0,0.0,0.0,0.0,0.0,0.0,200.0,215.0,185.0,135.0,120.0
2024-10-28 00:00:00+00:00,-105.0,-15.0,-195.0,-315.0,-405.0,-70.0,-10.0,-130.0,-125.0,-185.0,-185.0,-140.0,-230.0,-330.0,-375.0,-330.0,-270.0,-390.0,-310.0,-370.0,-210.0,-165.0,-255.0,-170.0,-215.0,-285.0,-255.0,-315.0,-185.0,-215.0,-330.0,-285.0,-375.0,-255.0,-300.0,-215.0,-170.0,-260.0,-210.0,-255.0,-315.0,-300.0,-330.0,-210.0,-225.0,0.0,0.0,0.0,0.0,0.0,-340.0,-325.0,-355.0,-380.0,-395.0
2024-10-29 00:00:00+00:00,-150.0,-105.0,-195.0,-170.0,-215.0,-365.0,-320.0,-410.0,-80.0,-125.0,-145.0,-85.0,-205.0,55.0,-5.0,-295.0,-250.0,-340.0,-315.0,-360.0,-245.0,-200.0,-290.0,-445.0,-490.0,-245.0,-200.0,-290.0,-445.0,-490.0,-310.0,-265.0,-355.0,-525.0,-570.0,-500.0,-485.0,-515.0,-520.0,-535.0,-345.0,-330.0,-360.0,-350.0,-365.0,0.0,0.0,0.0,0.0,0.0,-550.0,-535.0,-565.0,-500.0,-515.0
2024-10-30 00:00:00+00:00,-890.0,-815.0,-965.0,-705.0,-780.0,-1045.0,-985.0,-1105.0,-745.0,-805.0,-530.0,-455.0,-605.0,180.0,105.0,90.0,135.0,45.0,50.0,5.0,90.0,135.0,45.0,50.0,5.0,220.0,265.0,175.0,70.0,25.0,300.0,345.0,255.0,160.0,115.0,325.0,370.0,280.0,125.0,80.0,220.0,250.0,190.0,95.0,65.0,0.0,0.0,0.0,0.0,0.0,-575.0,-560.0,-590.0,-510.0,-525.0
2024-10-31 00:00:00+00:00,70.0,145.0,-5.0,-25.0,-85.0,20.0,50.0,-10.0,15.0,-15.0,-45.0,-15.0,-75.0,-120.0,-150.0,-75.0,-30.0,-120.0,90.0,45.0,-20.0,10.0,-50.0,55.0,25.0,-60.0,-45.0,-75.0,90.0,75.0,90.0,120.0,60.0,15.0,-15.0,90.0,120.0,60.0,15.0,-15.0,30.0,45.0,15.0,-20.0,-35.0,0.0,0.0,0.0,0.0,0.0,60.0,75.0,45.0,125.0,110.0
2024-11-01 00:00:00+00:00,130.0,205.0,55.0,195.0,120.0,425.0,440.0,410.0,480.0,465.0,415.0,445.0,385.0,435.0,405.0,120.0,150.0,90.0,65.0,35.0,0.0,0.0,0.0,0.0,0.0,0.0,0.0,0.0,0.0,0.0,0.0,0.0,0.0,0.0,0.0,0.0,0.0,0.0,0.0,0.0,0.0,0.0,0.0,0.0,0.0,0.0,0.0,0.0,0.0,0.0,455.0,470.0,440.0,490.0,475.0
2024-11-04 00:00:00+00:00,245.0,305.0,185.0,190.0,130.0,390.0,405.0,375.0,390.0,375.0,315.0,345.0,285.0,290.0,260.0,-70.0,-55.0,-85.0,-45.0,-60.0,-70.0,-55.0,-85.0,-50.0,-65.0,-70.0,-55.0,-85.0,-50.0,-65.0,-30.0,-15.0,-45.0,-15.0,-30.0,-5.0,10.0,-20.0,0.0,0.0,0.0,0.0,0.0,0.0,0.0,0.0,0.0,0.0,0.0,0.0,475.0,490.0,460.0,350.0,335.0
2024-11-05 00:00:00+00:00,-195.0,-105.0,-285.0,-195.0,-270.0,-155.0,-80.0,-230.0,-85.0,-160.0,-145.0,-85.0,-205.0,-160.0,-220.0,110.0,155.0,65.0,275.0,230.0,140.0,185.0,95.0,225.0,180.0,-10.0,5.0,-25.0,105.0,90.0,-10.0,5.0,-25.0,105.0,90.0,-10.0,5.0,-25.0,105.0,90.0,40.0,55.0,25.0,100.0,85.0,0.0,0.0,0.0,0.0,0.0,-85.0,-70.0,-100.0,20.0,5.0
2024-11-06 00:00:00+00:00,470.0,530.0,410.0,40.0,-20.0,440.0,500.0,380.0,-15.0,-75.0,660.0,675.0,645.0,345.0,330.0,130.0,160.0,100.0,40.0,10.0,130.0,160.0,100.0,40.0,10.0,0.0,0.0,0.0,0.0,0.0,0.0,0.0,0.0,0.0,0.0,0.0,0.0,0.0,0.0,0.0,0.0,0.0,0.0,0.0,0.0,0.0,0.0,0.0,0.0,0.0,455.0,470.0,440.0,195.0,180.0
2024-11-08 00:00:00+00:00,-15.0,30.0,-60.0,-90.0,-135.0,80.0,125.0,35.0,-155.0,-200.0,120.0,165.0,75.0,-30.0,-60.0,45.0,90.0,0.0,60.0,15.0,45.0,90.0,0.0,60.0,15.0,-5.0,10.0,-20.0,-55.0,-70.0,-45.0,0.0,-90.0,-30.0,-75.0,110.0,155.0,65.0,125.0,80.0,130.0,160.0,100.0,55.0,25.0,0.0,0.0,0.0,0.0,0.0,20.0,35.0,5.0,40.0,25.0
2024-11-11 00:00:00+00:00,30.0,105.0,-45.0,25.0,-50.0,320.0,365.0,275.0,405.0,360.0,230.0,260.0,200.0,320.0,290.0,160.0,205.0,115.0,115.0,70.0,160.0,205.0,115.0,115.0,70.0,95.0,125.0,65.0,100.0,70.0,45.0,60.0,30.0,45.0,30.0,0.0,0.0,0.0,0.0,0.0,0.0,0.0,0.0,0.0,0.0,0.0,0.0,0.0,0.0,0.0,490.0,505.0,475.0,550.0,535.0
2024-11-12 00:00:00+00:00,100.0,190.0,10.0,10.0,-80.0,100.0,160.0,40.0,-365.0,-425.0,-195.0,-165.0,-225.0,-285.0,-315.0,-150.0,-90.0,-210.0,-90.0,-150.0,-150.0,-90.0,-210.0,-175.0,-235.0,30.0,60.0,0.0,80.0,50.0,210.0,240.0,180.0,135.0,105.0,210.0,240.0,180.0,135.0,105.0,150.0,165.0,135.0,255.0,240.0,0.0,0.0,0.0,0.0,0.0,-65.0,-50.0,-80.0,-145.0,-160.0
2024-11-13 00:00:00+00:00,60.0,105.0,15.0,215.0,170.0,95.0,125.0,65.0,220.0,190.0,150.0,165.0,135.0,180.0,165.0,-285.0,-255.0,-315.0,-350.0,-380.0,-350.0,-335.0,-365.0,-365.0,-380.0,-350.0,-335.0,-365.0,-365.0,-380.0,-340.0,-325.0,-355.0,-355.0,-370.0,-325.0,-310.0,-340.0,-320.0,-335.0,-305.0,-290.0,-320.0,-280.0,-295.0,0.0,0.0,0.0,0.0,0.0,-160.0,-145.0,-175.0,-125.0,-140.0
2024-11-14 00:00:00+00:00,-155.0,-80.0,-230.0,-85.0,-160.0,150.0,225.0,75.0,235.0,160.0,-35.0,10.0,-80.0,-105.0,-150.0,130.0,205.0,55.0,-130.0,-205.0,85.0,145.0,25.0,-80.0,-140.0,50.0,80.0,20.0,-5.0,-35.0,145.0,205.0,85.0,10.0,-50.0,85.0,115.0,55.0,50.0,20.0,35.0,50.0,20.0,10.0,-5.0,0.0,0.0,0.0,0.0,0.0,305.0,320.0,290.0,245.0,230.0
2024-11-15 00:00:00+00:00,-80.0,-5.0,-155.0,-115.0,-190.0,5.0,50.0,-40.0,-85.0,-130.0,-125.0,-95.0,-155.0,-80.0,-110.0,-15.0,30.0,-60.0,110.0,65.0,20.0,65.0,-25.0,25.0,-20.0,30.0,60.0,0.0,0.0,-30.0,75.0,105.0,45.0,55.0,25.0,75.0,105.0,45.0,125.0,95.0,135.0,165.0,105.0,-20.0,-50.0,0.0,0.0,0.0,0.0,0.0,-25.0,-10.0,-40.0,-15.0,-30.0
2024-11-18 00:00:00+00:00,-60.0,0.0,-120.0,-25.0,-85.0,-80.0,-50.0,-110.0,-215.0,-245.0,-405.0,-360.0,-450.0,-475.0,-520.0,-410.0,-365.0,-455.0,-370.0,-415.0,-410.0,-365.0,-455.0,-370.0,-415.0,-385.0,-355.0,-415.0,-305.0,-335.0,-225.0,-180.0,-270.0,85.0,40.0,-5.0,40.0,-50.0,45.0,0.0,-110.0,-80.0,-140.0,185.0,170.0,0.0,0.0,0.0,0.0,0.0,-385.0,-370.0,-400.0,-190.0,-205.0
2024-11-19 00:00:00+00:00,-510.0,-435.0,-585.0,-875.0,-950.0,-655.0,-580.0,-730.0,-575.0,-635.0,5.0,20.0,-10.0,-85.0,-100.0,-835.0,-775.0,-895.0,-780.0,-840.0,-725.0,-710.0,-740.0,-675.0,-690.0,-725.0,-710.0,-740.0,-675.0,-690.0,-1045.0,-1015.0,-1075.0,-1040.0,-1070.0,-705.0,-690.0,-720.0,-555.0,-570.0,-490.0,-475.0,-505.0,0.0,-15.0,0.0,0.0,0.0,0.0,0.0,-1205.0,-1190.0,-1220.0,-1185.0,-1200.0
2024-11-20 00:00:00+00:00,-70.0,5.0,-145.0,-300.0,-375.0,-150.0,-90.0,-210.0,-235.0,-295.0,-260.0,-200.0,-320.0,-85.0,-130.0,-15.0,45.0,-75.0,-110.0,-170.0,-50.0,-5.0,-95.0,-130.0,-175.0,-135.0,-120.0,-150.0,-145.0,-160.0,35.0,80.0,-10.0,-100.0,-145.0,35.0,80.0,-10.0,-100.0,-145.0,55.0,70.0,40.0,-65.0,-80.0,0.0,0.0,0.0,0.0,0.0,-155.0,-140.0,-170.0,-110.0,-125.0
2024-11-21 00:00:00+00:00,600.0,675.0,525.0,360.0,285.0,570.0,630.0,510.0,485.0,425.0,640.0,670.0,610.0,660.0,630.0,70.0,85.0,55.0,-10.0,-25.0,70.0,85.0,55.0,-10.0,-25.0,205.0,220.0,190.0,155.0,140.0,-65.0,-50.0,-80.0,50.0,35.0,60.0,75.0,45.0,-55.0,-70.0,80.0,95.0,65.0,250.0,235.0,0.0,0.0,0.0,0.0,0.0,730.0,745.0,715.0,710.0,695.0
2024-11-22 00:00:00+00:00,-90.0,-60.0,-120.0,-305.0,-335.0,-275.0,-245.0,-305.0,-420.0,-450.0,65.0,110.0,20.0,-240.0,-285.0,-510.0,-465.0,-555.0,-390.0,-435.0,-605.0,-560.0,-650.0,-440.0,-485.0,-690.0,-660.0,-720.0,-615.0,-645.0,-195.0,-150.0,-240.0,0.0,-45.0,-335.0,-305.0,-365.0,-155.0,-185.0,-360.0,-345.0,-375.0,-230.0,-245.0,0.0,0.0,0.0,0.0,0.0,-390.0,-375.0,-405.0,-330.0,-345.0
2024-11-25 00:00:00+00:00,95.0,170.0,20.0,150.0,90.0,80.0,140.0,20.0,80.0,35.0,115.0,160.0,70.0,40.0,-5.0,95.0,140.0,50.0,45.0,0.0,95.0,140.0,50.0,45.0,0.0,85.0,115.0,55.0,25.0,-5.0,285.0,330.0,240.0,80.0,35.0,200.0,215.0,185.0,140.0,125.0,200.0,215.0,185.0,140.0,125.0,0.0,0.0,0.0,0.0,0.0,360.0,375.0,345.0,335.0,320.0
2024-11-26 00:00:00+00:00,190.0,280.0,100.0,0.0,-90.0,-90.0,-30.0,-150.0,35.0,-25.0,125.0,185.0,65.0,245.0,185.0,-45.0,-15.0,-75.0,15.0,-15.0,-10.0,5.0,-25.0,40.0,25.0,-10.0,5.0,-25.0,40.0,25.0,160.0,175.0,145.0,250.0,235.0,160.0,175.0,145.0,250.0,235.0,95.0,110.0,80.0,160.0,145.0,0.0,0.0,0.0,0.0,0.0,465.0,480.0,450.0,475.0,460.0
2024-11-27 00:00:00+00:00,-245.0,-140.0,-350.0,-335.0,-440.0,-630.0,-510.0,-750.0,-350.0,-470.0,-195.0,-150.0,-240.0,5.0,-40.0,415.0,505.0,325.0,20.0,-70.0,280.0,325.0,235.0,75.0,30.0,75.0,90.0,60.0,20.0,5.0,240.0,270.0,210.0,85.0,55.0,290.0,320.0,260.0,-15.0,-30.0,155.0,170.0,140.0,-15.0,-30.0,0.0,0.0,0.0,0.0,0.0,25.0,40.0,10.0,20.0,5.0
2024-11-28 00:00:00+00:00,135.0,180.0,90.0,50.0,5.0,70.0,100.0,40.0,-35.0,-65.0,20.0,50.0,-10.0,-100.0,-130.0,-170.0,-155.0,-185.0,-135.0,-150.0,-65.0,-50.0,-80.0,-25.0,-40.0,-65.0,-50.0,-80.0,-25.0,-40.0,-45.0,-30.0,-60.0,25.0,10.0,-45.0,-30.0,-60.0,25.0,10.0,-45.0,-30.0,-60.0,25.0,10.0,0.0,0.0,0.0,0.0,0.0,80.0,95.0,65.0,30.0,15.0
2024-11-29 00:00:00+00:00,260.0,320.0,200.0,165.0,105.0,200.0,230.0,170.0,135.0,105.0,-5.0,25.0,-35.0,-35.0,-65.0,-20.0,-5.0,-35.0,-20.0,-35.0,45.0,60.0,30.0,40.0,25.0,90.0,105.0,75.0,95.0,80.0,145.0,175.0,115.0,80.0,50.0,45.0,60.0,30.0,40.0,25.0,90.0,105.0,75.0,95.0,80.0,0.0,0.0,0.0,0.0,0.0,295.0,310.0,280.0,230.0,215.0
2024-12-02 00:00:00+00:00,-155.0,-95.0,-215.0,-20.0,-80.0,-205.0,-145.0,-265.0,-165.0,-225.0,85.0,130.0,40.0,70.0,25.0,150.0,195.0,105.0,70.0,25.0,120.0,165.0,75.0,20.0,-25.0,100.0,115.0,85.0,50.0,35.0,215.0,245.0,185.0,140.0,110.0,100.0,115.0,85.0,50.0,35.0,100.0,115.0,85.0,50.0,35.0,0.0,0.0,0.0,0.0,0.0,140.0,155.0,125.0,155.0,140.0
2024-12-03 00:00:00+00:00,-175.0,-130.0,-220.0,-30.0,-60.0,-110.0,-80.0,-140.0,-70.0,-85.0,-230.0,-185.0,-275.0,-115.0,-160.0,-145.0,-115.0,-175.0,-155.0,-185.0,-145.0,-115.0,-175.0,-155.0,-185.0,-120.0,-90.0,-150.0,-155.0,-185.0,-70.0,-40.0,-100.0,-55.0,-85.0,-60.0,-30.0,-90.0,-70.0,-100.0,-60.0,-30.0,-90.0,-70.0,-100.0,0.0,0.0,0.0,0.0,0.0,-200.0,-185.0,-215.0,-75.0,-90.0
2024-12-04 00:00:00+00:00,-5.0,55.0,-65.0,110.0,50.0,125.0,170.0,80.0,160.0,115.0,45.0,105.0,-15.0,90.0,45.0,65.0,110.0,20.0,195.0,150.0,60.0,90.0,30.0,115.0,85.0,75.0,90.0,60.0,115.0,100.0,80.0,110.0,50.0,125.0,95.0,75.0,90.0,60.0,115.0,100.0,0.0,0.0,0.0,0.0,0.0,0.0,0.0,0.0,0.0,0.0,130.0,145.0,115.0,135.0,120.0
2024-12-06 00:00:00+00:00,-35.0,-5.0,-65.0,-105.0,-135.0,-75.0,-45.0,-105.0,-230.0,-260.0,-205.0,-145.0,-265.0,-185.0,-245.0,-165.0,-120.0,-210.0,-35.0,-80.0,-165.0,-120.0,-210.0,-35.0,-80.0,-160.0,-130.0,-190.0,-65.0,-95.0,-55.0,-10.0,-100.0,40.0,-5.0,10.0,40.0,-20.0,70.0,40.0,10.0,40.0,-20.0,70.0,40.0,0.0,0.0,0.0,0.0,0.0,-125.0,-110.0,-140.0,-50.0,-65.0
2024-12-09 00:00:00+00:00,55.0,100.0,10.0,55.0,10.0,-45.0,0.0,-90.0,30.0,0.0,-5.0,55.0,-65.0,5.0,-55.0,-10.0,35.0,-55.0,-100.0,-145.0,-45.0,-15.0,-75.0,-105.0,-135.0,-10.0,5.0,-25.0,40.0,25.0,10.0,40.0,-20.0,-35.0,-65.0,35.0,65.0,5.0,-40.0,-70.0,65.0,95.0,35.0,60.0,30.0,0.0,0.0,0.0,0.0,0.0,180.0,195.0,165.0,135.0,120.0
2024-12-11 00:00:00+00:00,-85.0,-25.0,-145.0,90.0,30.0,5.0,65.0,-55.0,110.0,50.0,-10.0,35.0,-55.0,110.0,65.0,-85.0,-40.0,-130.0,-150.0,-195.0,-85.0,-40.0,-130.0,-150.0,-195.0,-135.0,-105.0,-165.0,-185.0,-215.0,-160.0,-145.0,-175.0,-230.0,-245.0,-105.0,-90.0,-120.0,-160.0,-175.0,-115.0,-100.0,-130.0,-140.0,-155.0,0.0,0.0,0.0,0.0,0.0,-85.0,-70.0,-100.0,-30.0,-45.0
2024-12-12 00:00:00+00:00,85.0,145.0,25.0,20.0,-40.0,120.0,135.0,105.0,125.0,110.0,85.0,115.0,55.0,0.0,-30.0,70.0,115.0,25.0,-20.0,-65.0,15.0,60.0,-30.0,5.0,-40.0,20.0,35.0,5.0,-60.0,-75.0,-10.0,5.0,-25.0,65.0,50.0,-10.0,5.0,-25.0,65.0,50.0,-10.0,5.0,-25.0,65.0,50.0,0.0,0.0,0.0,0.0,0.0,270.0,285.0,255.0,230.0,215.0
2024-12-13 00:00:00+00:00,55.0,130.0,-20.0,-40.0,-115.0,15.0,75.0,-45.0,95.0,35.0,210.0,225.0,195.0,125.0,110.0,-110.0,-80.0,-140.0,-75.0,-105.0,-110.0,-80.0,-140.0,-75.0,-105.0,-20.0,10.0,-50.0,-90.0,-120.0,-85.0,-55.0,-115.0,-85.0,-115.0,-70.0,-55.0,-85.0,-60.0,-75.0,-70.0,-55.0,-85.0,-60.0,-75.0,0.0,0.0,0.0,0.0,0.0,90.0,105.0,75.0,85.0,70.0
2024-12-23 00:00:00+00:00,-260.0,-215.0,-305.0,-205.0,-250.0,-390.0,-360.0,-420.0,-320.0,-350.0,-255.0,-210.0,-300.0,-105.0,-150.0,-760.0,-730.0,-790.0,-950.0,-980.0,-675.0,-645.0,-705.0,-790.0,-820.0,-500.0,-470.0,-530.0,-645.0,-675.0,-545.0,-500.0,-590.0,-630.0,-675.0,-600.0,-570.0,-630.0,-605.0,-635.0,-570.0,-555.0,-585.0,-720.0,-735.0,0.0,0.0,0.0,0.0,0.0,-960.0,-945.0,-975.0,-960.0,-975.0
2024-12-26 00:00:00+00:00,-145.0,-100.0,-190.0,-245.0,-290.0,-110.0,-80.0,-140.0,-185.0,-215.0,0.0,0.0,0.0,0.0,0.0,-250.0,-205.0,-295.0,-225.0,-270.0,-250.0,-205.0,-295.0,-225.0,-270.0,-140.0,-95.0,-185.0,-185.0,-230.0,-260.0,-230.0,-290.0,-220.0,-250.0,-260.0,-230.0,-290.0,-220.0,-250.0,-260.0,-230.0,-290.0,-220.0,-250.0,0.0,0.0,0.0,0.0,0.0,-340.0,-325.0,-355.0,-255.0,-270.0
2024-12-27 00:00:00+00:00,-30.0,45.0,-105.0,-155.0,-230.0,-110.0,-35.0,-185.0,-80.0,-155.0,-15.0,30.0,-60.0,-85.0,-130.0,55.0,100.0,10.0,-20.0,-65.0,5.0,35.0,-25.0,5.0,-25.0,5.0,35.0,-25.0,5.0,-25.0,45.0,75.0,15.0,-15.0,-45.0,60.0,90.0,30.0,-10.0,-40.0,60.0,90.0,30.0,-10.0,-40.0,0.0,0.0,0.0,0.0,0.0,0.0,15.0,-15.0,-30.0,-45.0
2024-12-30 00:00:00+00:00,130.0,190.0,70.0,15.0,-45.0,110.0,185.0,35.0,25.0,-50.0,95.0,155.0,35.0,120.0,60.0,-25.0,5.0,-55.0,20.0,-10.0,20.0,35.0,5.0,5.0,-10.0,0.0,0.0,0.0,0.0,0.0,40.0,55.0,25.0,15.0,0.0,40.0,55.0,25.0,15.0,0.0,0.0,0.0,0.0,0.0,0.0,0.0,0.0,0.0,0.0,0.0,235.0,250.0,220.0,180.0,165.0
2025-01-02 00:00:00+00:00,-125.0,-50.0,-200.0,0.0,-75.0,-190.0,-85.0,-295.0,85.0,-20.0,-40.0,65.0,-145.0,105.0,0.0,285.0,330.0,240.0,-15.0,-60.0,285.0,330.0,240.0,-15.0,-60.0,225.0,255.0,195.0,-5.0,-35.0,70.0,100.0,40.0,-75.0,-105.0,70.0,100.0,40.0,-75.0,-105.0,10.0,25.0,-5.0,-65.0,-80.0,0.0,0.0,0.0,0.0,0.0,620.0,635.0,605.0,635.0,620.0
2025-01-03 00:00:00+00:00,310.0,355.0,265.0,345.0,315.0,340.0,370.0,310.0,300.0,285.0,125.0,140.0,110.0,-25.0,-40.0,-235.0,-205.0,-265.0,-270.0,-300.0,-235.0,-205.0,-265.0,-270.0,-300.0,-285.0,-270.0,-300.0,-250.0,-265.0,-205.0,-175.0,-235.0,-130.0,-160.0,-325.0,-310.0,-340.0,-335.0,-350.0,-325.0,-310.0,-340.0,-360.0,-375.0,0.0,0.0,0.0,0.0,0.0,-75.0,-60.0,-90.0,-110.0,-125.0
2025-01-06 00:00:00+00:00,300.0,360.0,240.0,255.0,195.0,125.0,185.0,65.0,50.0,-10.0,65.0,110.0,20.0,-225.0,-255.0,-65.0,-20.0,-110.0,-10.0,-55.0,-65.0,-20.0,-110.0,-10.0,-55.0,5.0,20.0,-10.0,155.0,140.0,15.0,30.0,0.0,105.0,90.0,15.0,30.0,0.0,105.0,90.0,20.0,35.0,5.0,150.0,135.0,0.0,0.0,0.0,0.0,0.0,325.0,340.0,310.0,415.0,400.0
2025-01-07 00:00:00+00:00,-45.0,15.0,-105.0,-60.0,-105.0,-65.0,-20.0,-110.0,-180.0,-225.0,-180.0,-150.0,-210.0,-225.0,-255.0,20.0,65.0,-25.0,-5.0,-50.0,-25.0,5.0,-55.0,-20.0,-50.0,-50.0,-35.0,-65.0,0.0,-15.0,75.0,90.0,60.0,95.0,80.0,75.0,90.0,60.0,95.0,80.0,185.0,200.0,170.0,145.0,130.0,0.0,0.0,0.0,0.0,0.0,55.0,70.0,40.0,0.0,-15.0
2025-01-08 00:00:00+00:00,-165.0,-90.0,-240.0,-20.0,-95.0,10.0,70.0,-50.0,-155.0,-215.0,100.0,115.0,85.0,-20.0,-35.0,-510.0,-450.0,-570.0,-525.0,-585.0,-650.0,-620.0,-680.0,-530.0,-560.0,-650.0,-620.0,-680.0,-530.0,-560.0,-650.0,-620.0,-680.0,-530.0,-560.0,-560.0,-530.0,-590.0,-415.0,-445.0,-540.0,-525.0,-555.0,0.0,0.0,0.0,0.0,0.0,0.0,0.0,-480.0,-465.0,-495.0,-530.0,-545.0
2025-01-10 00:00:00+00:00,-365.0,-290.0,-440.0,-145.0,-220.0,100.0,130.0,70.0,290.0,260.0,0.0,30.0,-30.0,185.0,155.0,170.0,230.0,110.0,300.0,240.0,285.0,315.0,255.0,140.0,110.0,285.0,315.0,255.0,140.0,110.0,-160.0,-145.0,-175.0,60.0,45.0,125.0,140.0,110.0,115.0,100.0,125.0,140.0,110.0,115.0,100.0,0.0,0.0,0.0,0.0,0.0,75.0,90.0,60.0,300.0,285.0
2025-01-13 00:00:00+00:00,-55.0,20.0,-130.0,-85.0,-145.0,-195.0,-150.0,-240.0,-215.0,-260.0,-95.0,-50.0,-140.0,-90.0,-135.0,210.0,255.0,165.0,110.0,65.0,195.0,240.0,150.0,95.0,50.0,295.0,325.0,265.0,105.0,75.0,70.0,115.0,25.0,240.0,195.0,180.0,225.0,135.0,260.0,215.0,75.0,105.0,45.0,145.0,115.0,0.0,0.0,0.0,0.0,0.0,205.0,220.0,190.0,235.0,220.0
2025-01-14 00:00:00+00:00,-95.0,40.0,-230.0,-265.0,-400.0,-275.0,-200.0,-350.0,-155.0,-230.0,-210.0,-165.0,-255.0,-260.0,-305.0,-55.0,20.0,-130.0,-110.0,-185.0,-100.0,-40.0,-160.0,-185.0,-245.0,-55.0,-10.0,-100.0,-150.0,-180.0,5.0,95.0,-85.0,-305.0,-395.0,-155.0,-110.0,-200.0,-145.0,-190.0,-135.0,-105.0,-165.0,-105.0,-135.0,0.0,0.0,0.0,0.0,0.0,-210.0,-195.0,-225.0,-270.0,-285.0
2025-01-15 00:00:00+00:00,20.0,65.0,-25.0,-60.0,-105.0,450.0,480.0,420.0,670.0,640.0,475.0,505.0,445.0,670.0,640.0,10.0,70.0,-50.0,125.0,80.0,0.0,30.0,-30.0,130.0,100.0,60.0,75.0,45.0,50.0,35.0,105.0,120.0,90.0,165.0,150.0,130.0,145.0,115.0,115.0,100.0,0.0,0.0,0.0,0.0,0.0,0.0,0.0,0.0,0.0,0.0,555.0,570.0,540.0,830.0,815.0
2025-01-16 00:00:00+00:00,-605.0,-530.0,-680.0,-635.0,-710.0,-85.0,-40.0,-130.0,-490.0,-535.0,-290.0,-260.0,-320.0,-335.0,-365.0,-230.0,-155.0,-305.0,115.0,40.0,-320.0,-260.0,-380.0,100.0,40.0,-260.0,-245.0,-275.0,-245.0,-260.0,-175.0,-130.0,-220.0,0.0,-45.0,-175.0,-130.0,-220.0,0.0,-45.0,-255.0,-210.0,-300.0,-130.0,-175.0,0.0,0.0,0.0,0.0,0.0,-370.0,-355.0,-385.0,-325.0,-340.0
2025-01-17 00:00:00+00:00,200.0,245.0,155.0,65.0,20.0,60.0,120.0,0.0,-40.0,-100.0,20.0,65.0,-25.0,-10.0,-55.0,85.0,115.0,55.0,190.0,160.0,85.0,115.0,55.0,190.0,160.0,65.0,80.0,50.0,165.0,150.0,120.0,135.0,105.0,155.0,140.0,120.0,135.0,105.0,155.0,140.0,0.0,0.0,0.0,0.0,0.0,0.0,0.0,0.0,0.0,0.0,210.0,225.0,195.0,165.0,150.0
2025-01-23 00:00:00+00:00,275.0,320.0,230.0,185.0,140.0,105.0,165.0,45.0,20.0,-40.0,210.0,240.0,180.0,135.0,105.0,-20.0,25.0,-65.0,35.0,-10.0,-35.0,-20.0,-50.0,65.0,50.0,-35.0,-20.0,-50.0,65.0,50.0,55.0,85.0,25.0,205.0,175.0,55.0,85.0,25.0,205.0,175.0,0.0,0.0,0.0,0.0,0.0,0.0,0.0,0.0,0.0,0.0,340.0,355.0,325.0,365.0,350.0
2025-01-24 00:00:00+00:00,-70.0,-40.0,-100.0,-60.0,-90.0,-210.0,-150.0,-270.0,-175.0,-235.0,-125.0,-110.0,-140.0,-115.0,-130.0,-190.0,-145.0,-235.0,-270.0,-300.0,-155.0,-110.0,-200.0,-200.0,-230.0,-165.0,-135.0,-195.0,-145.0,-175.0,-175.0,-160.0,-190.0,-170.0,-185.0,-150.0,-135.0,-165.0,-165.0,-180.0,-150.0,-135.0,-165.0,-165.0,-180.0,0.0,0.0,0.0,0.0,0.0,-240.0,-225.0,-255.0,-230.0,-245.0
2025-01-27 00:00:00+00:00,550.0,595.0,505.0,225.0,180.0,525.0,570.0,480.0,265.0,235.0,-460.0,-400.0,-520.0,-180.0,-240.0,-55.0,-25.0,-85.0,-120.0,-150.0,-110.0,-95.0,-125.0,-110.0,-125.0,-110.0,-95.0,-125.0,-110.0,-125.0,290.0,305.0,275.0,380.0,365.0,290.0,305.0,275.0,380.0,365.0,290.0,305.0,275.0,380.0,365.0,0.0,0.0,0.0,0.0,0.0,585.0,600.0,570.0,390.0,375.0
2025-01-28 00:00:00+00:00,205.0,265.0,145.0,-105.0,-165.0,10.0,55.0,-35.0,-215.0,-260.0,150.0,165.0,135.0,-60.0,-75.0,-45.0,0.0,-90.0,0.0,-30.0,-50.0,-5.0,-95.0,-35.0,-65.0,-85.0,-70.0,-100.0,-55.0,-70.0,15.0,45.0,-15.0,10.0,-5.0,15.0,30.0,0.0,10.0,-5.0,15.0,30.0,0.0,25.0,10.0,0.0,0.0,0.0,0.0,0.0,135.0,150.0,120.0,-115.0,-130.0
2025-01-30 00:00:00+00:00,-640.0,-565.0,-715.0,-575.0,-650.0,-680.0,-605.0,-755.0,-660.0,-735.0,-725.0,-650.0,-800.0,-565.0,-640.0,65.0,110.0,20.0,90.0,45.0,100.0,145.0,55.0,125.0,80.0,90.0,120.0,60.0,125.0,95.0,50.0,80.0,20.0,125.0,95.0,50.0,80.0,20.0,125.0,95.0,35.0,50.0,20.0,120.0,105.0,0.0,0.0,0.0,0.0,0.0,-380.0,-365.0,-395.0,-450.0,-465.0
2025-01-31 00:00:00+00:00,170.0,215.0,125.0,55.0,10.0,10.0,70.0,-50.0,-75.0,-120.0,35.0,65.0,5.0,-105.0,-135.0,-15.0,15.0,-45.0,55.0,25.0,75.0,105.0,45.0,105.0,75.0,25.0,40.0,10.0,65.0,50.0,155.0,185.0,125.0,155.0,125.0,120.0,135.0,105.0,80.0,65.0,120.0,135.0,105.0,80.0,65.0,0.0,0.0,0.0,0.0,0.0,170.0,185.0,155.0,75.0,60.0
2025-02-03 00:00:00+00:00,-365.0,-275.0,-455.0,-375.0,-465.0,-45.0,-15.0,-75.0,30.0,0.0,-245.0,-215.0,-275.0,-255.0,-285.0,-30.0,0.0,-60.0,-205.0,-235.0,-30.0,0.0,-60.0,-205.0,-235.0,100.0,115.0,85.0,-145.0,-160.0,65.0,95.0,35.0,10.0,-20.0,65.0,95.0,35.0,10.0,-20.0,65.0,95.0,35.0,10.0,-20.0,0.0,0.0,0.0,0.0,0.0,-260.0,-245.0,-275.0,-355.0,-370.0
2025-02-04 00:00:00+00:00,-220.0,-130.0,-310.0,30.0,-60.0,-280.0,-220.0,-340.0,-120.0,-165.0,-195.0,-150.0,-240.0,-265.0,-310.0,135.0,195.0,75.0,-40.0,-100.0,10.0,25.0,-5.0,60.0,45.0,10.0,25.0,-5.0,60.0,45.0,270.0,300.0,240.0,160.0,130.0,150.0,165.0,135.0,75.0,60.0,150.0,165.0,135.0,75.0,60.0,0.0,0.0,0.0,0.0,0.0,-10.0,5.0,-25.0,-110.0,-125.0
2025-02-05 00:00:00+00:00,225.0,285.0,165.0,-55.0,-115.0,120.0,165.0,75.0,-25.0,-70.0,240.0,270.0,210.0,5.0,-25.0,-195.0,-150.0,-240.0,-35.0,-80.0,-180.0,-150.0,-210.0,10.0,-20.0,-75.0,-60.0,-90.0,-30.0,-45.0,-145.0,-130.0,-160.0,10.0,-5.0,-145.0,-130.0,-160.0,10.0,-5.0,-15.0,0.0,-30.0,-5.0,-20.0,0.0,0.0,0.0,0.0,0.0,210.0,225.0,195.0,125.0,110.0
2025-02-06 00:00:00+00:00,100.0,145.0,55.0,-90.0,-135.0,230.0,260.0,200.0,155.0,125.0,-535.0,-490.0,-580.0,-715.0,-760.0,-445.0,-400.0,-490.0,-420.0,-465.0,-445.0,-400.0,-490.0,-420.0,-465.0,-695.0,-665.0,-725.0,-745.0,-775.0,-330.0,-300.0,-360.0,-250.0,-280.0,-175.0,-145.0,-205.0,55.0,25.0,-400.0,-385.0,-415.0,-295.0,-310.0,0.0,0.0,0.0,0.0,0.0,-435.0,-420.0,-450.0,-550.0,-565.0
2025-02-07 00:00:00+00:00,105.0,165.0,45.0,80.0,20.0,245.0,305.0,185.0,155.0,95.0,70.0,115.0,25.0,85.0,40.0,15.0,60.0,-30.0,30.0,0.0,15.0,45.0,-15.0,30.0,0.0,-25.0,-10.0,-40.0,5.0,-10.0,-25.0,5.0,-55.0,5.0,-10.0,-25.0,-10.0,-40.0,5.0,-10.0,-20.0,-5.0,-35.0,-5.0,-20.0,0.0,0.0,0.0,0.0,0.0,300.0,315.0,285.0,300.0,285.0
2025-02-11 00:00:00+00:00,-125.0,-65.0,-185.0,-265.0,-325.0,-270.0,-210.0,-330.0,-270.0,-330.0,-250.0,-205.0,-295.0,-380.0,-425.0,-70.0,-10.0,-130.0,-70.0,-130.0,-50.0,-5.0,-95.0,-30.0,-75.0,115.0,130.0,100.0,85.0,70.0,120.0,150.0,90.0,175.0,145.0,120.0,150.0,90.0,175.0,145.0,120.0,150.0,90.0,175.0,145.0,0.0,0.0,0.0,0.0,0.0,-20.0,-5.0,-35.0,-85.0,-100.0
2025-02-12 00:00:00+00:00,-110.0,-50.0,-170.0,-110.0,-155.0,-80.0,-50.0,-110.0,-75.0,-105.0,-70.0,-40.0,-100.0,-110.0,-140.0,25.0,70.0,-20.0,100.0,55.0,25.0,70.0,-20.0,100.0,55.0,-5.0,25.0,-35.0,20.0,-10.0,95.0,140.0,50.0,175.0,130.0,50.0,80.0,20.0,170.0,140.0,70.0,100.0,40.0,145.0,115.0,0.0,0.0,0.0,0.0,0.0,-50.0,-35.0,-65.0,-25.0,-40.0
2025-02-13 00:00:00+00:00,370.0,430.0,310.0,0.0,-60.0,235.0,250.0,220.0,155.0,140.0,150.0,165.0,135.0,80.0,65.0,160.0,175.0,145.0,205.0,190.0,120.0,135.0,105.0,235.0,220.0,120.0,135.0,105.0,235.0,220.0,255.0,270.0,240.0,240.0,225.0,215.0,230.0,200.0,270.0,255.0,0.0,0.0,0.0,0.0,0.0,0.0,0.0,0.0,0.0,0.0,505.0,520.0,490.0,410.0,395.0
2025-02-14 00:00:00+00:00,-275.0,-230.0,-320.0,-185.0,-230.0,-130.0,-115.0,-145.0,-165.0,-180.0,0.0,0.0,0.0,0.0,0.0,-430.0,-385.0,-475.0,-540.0,-570.0,-415.0,-385.0,-445.0,-480.0,-510.0,-280.0,-250.0,-310.0,-425.0,-455.0,-500.0,-470.0,-530.0,-450.0,-480.0,-345.0,-315.0,-375.0,-335.0,-365.0,-480.0,-465.0,-495.0,-405.0,-420.0,0.0,0.0,0.0,0.0,0.0,-550.0,-535.0,-565.0,-550.0,-565.0
2025-02-18 00:00:00+00:00,-35.0,40.0,-110.0,-20.0,-95.0,5.0,65.0,-55.0,-85.0,-145.0,70.0,85.0,55.0,35.0,20.0,-215.0,-200.0,-230.0,-270.0,-285.0,-215.0,-200.0,-230.0,-270.0,-285.0,-130.0,-115.0,-145.0,-115.0,-130.0,-135.0,-120.0,-150.0,-125.0,-140.0,-135.0,-120.0,-150.0,-125.0,-140.0,-50.0,-35.0,-65.0,30.0,15.0,0.0,0.0,0.0,0.0,0.0,-75.0,-60.0,-90.0,-90.0,-105.0
2025-02-20 00:00:00+00:00,75.0,135.0,15.0,-25.0,-85.0,25.0,70.0,-20.0,30.0,-15.0,55.0,70.0,40.0,40.0,25.0,-220.0,-190.0,-250.0,-115.0,-145.0,-235.0,-220.0,-250.0,-165.0,-180.0,-235.0,-220.0,-250.0,-165.0,-180.0,-235.0,-220.0,-250.0,-165.0,-180.0,-235.0,-220.0,-250.0,-165.0,-180.0,-235.0,-220.0,-250.0,-165.0,-180.0,0.0,0.0,0.0,0.0,0.0,-125.0,-110.0,-140.0,-75.0,-90.0
2025-02-21 00:00:00+00:00,-170.0,-80.0,-260.0,-45.0,-135.0,-35.0,10.0,-80.0,5.0,-40.0,-90.0,-45.0,-135.0,70.0,25.0,80.0,125.0,35.0,60.0,15.0,80.0,125.0,35.0,60.0,15.0,75.0,90.0,60.0,55.0,40.0,85.0,115.0,55.0,45.0,15.0,75.0,90.0,60.0,55.0,40.0,0.0,0.0,0.0,0.0,0.0,0.0,0.0,0.0,0.0,0.0,75.0,90.0,60.0,135.0,120.0
2025-02-24 00:00:00+00:00,405.0,465.0,345.0,130.0,70.0,315.0,360.0,270.0,40.0,-5.0,220.0,265.0,175.0,-70.0,-115.0,0.0,30.0,-30.0,35.0,5.0,-40.0,-25.0,-55.0,10.0,-5.0,-20.0,-5.0,-35.0,-20.0,-35.0,0.0,15.0,-15.0,20.0,5.0,0.0,15.0,-15.0,20.0,5.0,0.0,15.0,-15.0,20.0,5.0,0.0,0.0,0.0,0.0,0.0,425.0,440.0,410.0,125.0,110.0
2025-02-25 00:00:00+00:00,-340.0,-280.0,-400.0,-415.0,-475.0,-385.0,-340.0,-430.0,-450.0,-495.0,-170.0,-125.0,-215.0,-100.0,-145.0,120.0,180.0,60.0,-85.0,-130.0,130.0,175.0,85.0,150.0,105.0,250.0,295.0,205.0,200.0,155.0,375.0,435.0,315.0,460.0,400.0,580.0,640.0,520.0,530.0,470.0,405.0,450.0,360.0,320.0,275.0,0.0,0.0,0.0,0.0,0.0,25.0,40.0,10.0,-130.0,-145.0
2025-02-26 00:00:00+00:00,-110.0,-50.0,-170.0,-25.0,-85.0,-145.0,-85.0,-205.0,-150.0,-210.0,-110.0,-50.0,-170.0,-130.0,-190.0,170.0,215.0,125.0,155.0,110.0,55.0,70.0,40.0,0.0,-15.0,55.0,70.0,40.0,0.0,-15.0,85.0,100.0,70.0,85.0,70.0,85.0,100.0,70.0,85.0,70.0,85.0,100.0,70.0,85.0,70.0,0.0,0.0,0.0,0.0,0.0,195.0,210.0,180.0,135.0,120.0
2025-02-27 00:00:00+00:00,-590.0,-500.0,-680.0,-450.0,-540.0,-480.0,-405.0,-555.0,-445.0,-520.0,-535.0,-430.0,-640.0,-460.0,-565.0,100.0,145.0,55.0,75.0,30.0,45.0,90.0,0.0,100.0,55.0,40.0,55.0,25.0,85.0,70.0,200.0,245.0,155.0,100.0,55.0,170.0,215.0,125.0,190.0,145.0,15.0,30.0,0.0,-50.0,-65.0,0.0,0.0,0.0,0.0,0.0,-40.0,-25.0,-55.0,-120.0,-135.0
2025-02-28 00:00:00+00:00,-25.0,50.0,-100.0,40.0,-35.0,20.0,80.0,-40.0,45.0,0.0,230.0,245.0,215.0,170.0,155.0,50.0,95.0,5.0,15.0,-30.0,50.0,80.0,20.0,-10.0,-40.0,0.0,0.0,0.0,0.0,0.0,35.0,65.0,5.0,60.0,30.0,0.0,0.0,0.0,0.0,0.0,0.0,0.0,0.0,0.0,0.0,0.0,0.0,0.0,0.0,0.0,245.0,260.0,230.0,165.0,150.0
2025-03-03 00:00:00+00:00,420.0,465.0,375.0,400.0,355.0,210.0,255.0,165.0,340.0,295.0,460.0,475.0,445.0,435.0,420.0,310.0,355.0,265.0,405.0,360.0,330.0,375.0,285.0,400.0,355.0,255.0,270.0,240.0,260.0,245.0,255.0,270.0,240.0,260.0,245.0,255.0,270.0,240.0,260.0,245.0,0.0,0.0,0.0,0.0,0.0,0.0,0.0,0.0,0.0,0.0,745.0,760.0,730.0,860.0,845.0
2025-03-04 00:00:00+00:00,-860.0,-785.0,-935.0,-845.0,-920.0,-160.0,-130.0,-190.0,-175.0,-205.0,-395.0,-320.0,-470.0,-505.0,-565.0,65.0,140.0,-10.0,265.0,190.0,130.0,190.0,70.0,315.0,255.0,-20.0,10.0,-50.0,195.0,165.0,140.0,185.0,95.0,335.0,290.0,155.0,200.0,110.0,345.0,300.0,35.0,65.0,5.0,255.0,225.0,0.0,0.0,0.0,0.0,0.0,-320.0,-305.0,-335.0,-415.0,-430.0
2025-03-05 00:00:00+00:00,55.0,115.0,-5.0,110.0,50.0,-120.0,-90.0,-150.0,-155.0,-185.0,-165.0,-105.0,-225.0,115.0,55.0,-95.0,-35.0,-155.0,115.0,55.0,0.0,45.0,-45.0,330.0,285.0,165.0,195.0,135.0,75.0,45.0,15.0,45.0,-15.0,-380.0,-410.0,115.0,145.0,85.0,-570.0,-600.0,170.0,200.0,140.0,-480.0,-510.0,0.0,0.0,0.0,0.0,0.0,45.0,60.0,30.0,-480.0,-495.0
2025-03-06 00:00:00+00:00,-360.0,-300.0,-420.0,-70.0,-130.0,80.0,110.0,50.0,-270.0,-285.0,0.0,0.0,0.0,0.0,0.0,120.0,180.0,60.0,-225.0,-285.0,295.0,355.0,235.0,60.0,0.0,590.0,635.0,545.0,-200.0,-245.0,-395.0,-365.0,-425.0,-590.0,-620.0,-245.0,-215.0,-275.0,-585.0,-615.0,-245.0,-215.0,-275.0,-585.0,-615.0,0.0,0.0,0.0,0.0,0.0,-120.0,-105.0,-135.0,-400.0,-415.0
2025-03-07 00:00:00+00:00,-75.0,0.0,-150.0,-305.0,-365.0,-615.0,-540.0,-690.0,-455.0,-530.0,-260.0,-230.0,-290.0,-340.0,-370.0,40.0,70.0,10.0,45.0,15.0,195.0,225.0,165.0,245.0,215.0,195.0,225.0,165.0,245.0,215.0,30.0,45.0,15.0,160.0,145.0,30.0,45.0,15.0,160.0,145.0,30.0,45.0,15.0,160.0,145.0,0.0,0.0,0.0,0.0,0.0,100.0,115.0,85.0,-95.0,-110.0
2025-03-10 00:00:00+00:00,150.0,195.0,105.0,155.0,110.0,-80.0,-50.0,-110.0,-195.0,-225.0,-580.0,-550.0,-610.0,-515.0,-530.0,35.0,80.0,-10.0,-330.0,-375.0,115.0,160.0,70.0,-145.0,-190.0,40.0,55.0,25.0,65.0,50.0,405.0,435.0,375.0,285.0,255.0,415.0,445.0,385.0,375.0,345.0,445.0,475.0,415.0,325.0,295.0,0.0,0.0,0.0,0.0,0.0,50.0,65.0,35.0,-120.0,-135.0
2025-03-11 00:00:00+00:00,-260.0,-185.0,-335.0,-245.0,-320.0,-250.0,-190.0,-310.0,-95.0,-155.0,-485.0,-425.0,-545.0,-165.0,-225.0,65.0,110.0,20.0,55.0,10.0,65.0,110.0,20.0,55.0,10.0,195.0,240.0,150.0,285.0,240.0,260.0,305.0,215.0,305.0,260.0,355.0,400.0,310.0,345.0,300.0,385.0,415.0,355.0,385.0,355.0,0.0,0.0,0.0,0.0,0.0,-15.0,0.0,-30.0,10.0,-5.0
2025-03-12 00:00:00+00:00,120.0,180.0,60.0,30.0,-30.0,140.0,185.0,95.0,155.0,110.0,95.0,155.0,35.0,-25.0,-85.0,240.0,285.0,195.0,270.0,225.0,240.0,285.0,195.0,270.0,225.0,140.0,155.0,125.0,95.0,80.0,225.0,255.0,195.0,205.0,175.0,225.0,255.0,195.0,205.0,175.0,85.0,100.0,70.0,110.0,95.0,0.0,0.0,0.0,0.0,0.0,270.0,285.0,255.0,235.0,220.0
2025-03-13 00:00:00+00:00,360.0,420.0,300.0,180.0,120.0,665.0,680.0,650.0,670.0,655.0,565.0,580.0,550.0,630.0,615.0,-375.0,-345.0,-405.0,-185.0,-215.0,-560.0,-545.0,-575.0,-300.0,-315.0,-560.0,-545.0,-575.0,-300.0,-315.0,-560.0,-545.0,-575.0,-300.0,-315.0,-560.0,-545.0,-575.0,-300.0,-315.0,-460.0,-445.0,-475.0,-260.0,-275.0,0.0,0.0,0.0,0.0,0.0,120.0,135.0,105.0,385.0,370.0
2025-03-14 00:00:00+00:00,-215.0,-140.0,-290.0,-255.0,-330.0,-230.0,-200.0,-260.0,-410.0,-440.0,10.0,55.0,-35.0,-150.0,-195.0,-315.0,-270.0,-360.0,-30.0,-75.0,-355.0,-310.0,-400.0,150.0,105.0,-20.0,10.0,-50.0,160.0,130.0,100.0,130.0,70.0,295.0,265.0,80.0,95.0,65.0,370.0,355.0,290.0,305.0,275.0,360.0,345.0,0.0,0.0,0.0,0.0,0.0,150.0,165.0,135.0,75.0,60.0
2025-03-24 00:00:00+00:00,30.0,105.0,-45.0,80.0,5.0,210.0,255.0,165.0,160.0,115.0,70.0,115.0,25.0,-145.0,-190.0,80.0,110.0,50.0,120.0,90.0,80.0,110.0,50.0,120.0,90.0,120.0,135.0,105.0,105.0,90.0,65.0,80.0,50.0,210.0,195.0,220.0,235.0,205.0,195.0,180.0,220.0,235.0,205.0,195.0,180.0,0.0,0.0,0.0,0.0,0.0,260.0,275.0,245.0,280.0,265.0
2025-03-25 00:00:00+00:00,315.0,390.0,240.0,185.0,110.0,210.0,270.0,150.0,295.0,235.0,535.0,550.0,520.0,515.0,500.0,210.0,255.0,165.0,235.0,190.0,285.0,330.0,240.0,190.0,145.0,240.0,270.0,210.0,190.0,160.0,325.0,355.0,295.0,205.0,175.0,95.0,110.0,80.0,50.0,35.0,95.0,110.0,80.0,50.0,35.0,0.0,0.0,0.0,0.0,0.0,535.0,550.0,520.0,515.0,500.0
2025-03-26 00:00:00+00:00,245.0,290.0,200.0,315.0,270.0,450.0,480.0,420.0,300.0,270.0,310.0,355.0,265.0,500.0,455.0,185.0,230.0,140.0,100.0,55.0,50.0,65.0,35.0,25.0,10.0,0.0,0.0,0.0,0.0,0.0,225.0,270.0,180.0,145.0,100.0,185.0,230.0,140.0,100.0,55.0,70.0,85.0,55.0,55.0,40.0,0.0,0.0,0.0,0.0,0.0,505.0,520.0,490.0,490.0,475.0
2025-03-27 00:00:00+00:00,-445.0,-370.0,-520.0,-100.0,-175.0,60.0,105.0,15.0,-45.0,-90.0,-85.0,-55.0,-115.0,-75.0,-105.0,85.0,175.0,-5.0,-385.0,-475.0,-35.0,25.0,-95.0,-285.0,-345.0,-35.0,-5.0,-65.0,-235.0,-265.0,-225.0,-195.0,-255.0,-400.0,-430.0,-280.0,-265.0,-295.0,-285.0,-300.0,-200.0,-185.0,-215.0,-110.0,-125.0,0.0,0.0,0.0,0.0,0.0,-160.0,-145.0,-175.0,-250.0,-265.0
2025-03-28 00:00:00+00:00,-370.0,-280.0,-460.0,-330.0,-420.0,-245.0,-185.0,-305.0,-130.0,-175.0,-65.0,-35.0,-95.0,-55.0,-85.0,185.0,230.0,140.0,180.0,135.0,165.0,210.0,120.0,125.0,80.0,115.0,145.0,85.0,160.0,130.0,65.0,95.0,35.0,150.0,120.0,65.0,95.0,35.0,150.0,120.0,75.0,105.0,45.0,175.0,145.0,0.0,0.0,0.0,0.0,0.0,40.0,55.0,25.0,60.0,45.0
2025-03-31 00:00:00+00:00,-195.0,-135.0,-255.0,0.0,-60.0,-230.0,-200.0,-260.0,-345.0,-375.0,-240.0,-195.0,-285.0,-195.0,-240.0,25.0,115.0,-65.0,-260.0,-335.0,10.0,55.0,-35.0,0.0,-45.0,200.0,245.0,155.0,30.0,-15.0,50.0,110.0,-10.0,260.0,200.0,130.0,175.0,85.0,195.0,150.0,95.0,125.0,65.0,155.0,125.0,0.0,0.0,0.0,0.0,0.0,-140.0,-125.0,-155.0,-40.0,-55.0
2025-04-01 00:00:00+00:00,-125.0,-65.0,-185.0,-250.0,-310.0,-340.0,-295.0,-385.0,-460.0,-505.0,-365.0,-350.0,-380.0,-300.0,-315.0,-780.0,-735.0,-825.0,-575.0,-620.0,-910.0,-880.0,-940.0,-635.0,-665.0,-910.0,-880.0,-940.0,-635.0,-665.0,-1050.0,-1035.0,-1065.0,-780.0,-795.0,-660.0,-645.0,-675.0,-740.0,-755.0,-660.0,-645.0,-675.0,-740.0,-755.0,0.0,0.0,0.0,0.0,0.0,-1010.0,-995.0,-1025.0,-1025.0,-1040.0
2025-04-02 00:00:00+00:00,-545.0,-455.0,-635.0,-485.0,-575.0,-70.0,-40.0,-100.0,-230.0,-260.0,-105.0,-90.0,-120.0,-130.0,-145.0,125.0,200.0,50.0,-270.0,-345.0,165.0,240.0,90.0,-235.0,-310.0,95.0,125.0,65.0,-160.0,-190.0,-230.0,-185.0,-275.0,-275.0,-320.0,-360.0,-330.0,-390.0,-300.0,-330.0,-365.0,-350.0,-380.0,-365.0,-380.0,0.0,0.0,0.0,0.0,0.0,-475.0,-460.0,-490.0,-535.0,-550.0
2025-04-03 00:00:00+00:00,-800.0,-740.0,-860.0,-680.0,-740.0,-870.0,-825.0,-915.0,-1050.0,-1095.0,-600.0,-570.0,-630.0,-535.0,-565.0,-550.0,-505.0,-595.0,-285.0,-330.0,-420.0,-375.0,-465.0,-315.0,-345.0,-180.0,-150.0,-210.0,-80.0,-110.0,-235.0,-190.0,-280.0,-170.0,-200.0,-380.0,-350.0,-410.0,-170.0,-200.0,-265.0,-235.0,-295.0,-130.0,-160.0,0.0,0.0,0.0,0.0,0.0,-995.0,-980.0,-1010.0,-1035.0,-1050.0
2025-04-04 00:00:00+00:00,-940.0,-895.0,-985.0,-370.0,-415.0,-65.0,-35.0,-95.0,35.0,5.0,-130.0,-115.0,-145.0,-20.0,-35.0,-3100.0,-3025.0,-3175.0,-3815.0,-3875.0,-3195.0,-3135.0,-3255.0,-3735.0,-3780.0,-2870.0,-2840.0,-2900.0,-3600.0,-3630.0,-4800.0,-4755.0,-4845.0,-4520.0,-4565.0,-4720.0,-4675.0,-4765.0,-4650.0,-4695.0,-4855.0,-4825.0,-4885.0,-4645.0,-4675.0,0.0,0.0,0.0,0.0,0.0,-5135.0,-5120.0,-5150.0,-4660.0,-4675.0
2025-04-07 00:00:00+00:00,825.0,870.0,780.0,1620.0,1575.0,2460.0,2475.0,2445.0,2030.0,2015.0,1730.0,1760.0,1700.0,1405.0,1375.0,2080.0,2125.0,2035.0,1205.0,1160.0,-30.0,-15.0,-45.0,290.0,275.0,655.0,670.0,640.0,1180.0,1165.0,270.0,285.0,255.0,505.0,490.0,270.0,285.0,255.0,505.0,490.0,270.0,285.0,255.0,505.0,490.0,0.0,0.0,0.0,0.0,0.0,2555.0,2570.0,2540.0,2400.0,2385.0
2025-04-08 00:00:00+00:00,1205.0,1280.0,1130.0,830.0,755.0,1250.0,1310.0,1190.0,1030.0,970.0,1445.0,1475.0,1415.0,1395.0,1365.0,260.0,305.0,215.0,600.0,555.0,-5.0,25.0,-35.0,455.0,425.0,505.0,535.0,475.0,295.0,265.0,-145.0,-115.0,-175.0,300.0,270.0,75.0,105.0,45.0,550.0,520.0,70.0,85.0,55.0,445.0,430.0,0.0,0.0,0.0,0.0,0.0,1420.0,1435.0,1405.0,1500.0,1485.0
2025-04-09 00:00:00+00:00,-3335.0,-3275.0,-3395.0,-3680.0,-3740.0,-3015.0,-2970.0,-3060.0,-2900.0,-2945.0,-3745.0,-3715.0,-3775.0,-3885.0,-3915.0,550.0,595.0,505.0,460.0,415.0,550.0,595.0,505.0,460.0,415.0,780.0,825.0,735.0,610.0,565.0,210.0,240.0,180.0,-220.0,-250.0,450.0,480.0,420.0,295.0,265.0,450.0,480.0,420.0,295.0,265.0,0.0,0.0,0.0,0.0,0.0,-3190.0,-3175.0,-3205.0,-3230.0,-3245.0
2025-04-10 00:00:00+00:00,-165.0,-75.0,-255.0,1155.0,1080.0,-225.0,-180.0,-270.0,870.0,825.0,-530.0,-485.0,-575.0,650.0,605.0,40.0,85.0,-5.0,160.0,115.0,-160.0,-130.0,-190.0,200.0,170.0,-50.0,-35.0,-65.0,-165.0,-180.0,1150.0,1210.0,1090.0,260.0,200.0,-10.0,20.0,-40.0,200.0,170.0,430.0,445.0,415.0,255.0,240.0,0.0,0.0,0.0,0.0,0.0,690.0,705.0,675.0,990.0,975.0
2025-04-11 00:00:00+00:00,1980.0,2025.0,1935.0,1605.0,1560.0,1105.0,1135.0,1075.0,1415.0,1385.0,880.0,910.0,850.0,635.0,605.0,-645.0,-615.0,-675.0,-155.0,-185.0,-645.0,-615.0,-675.0,-155.0,-185.0,-860.0,-845.0,-875.0,-390.0,-405.0,-510.0,-480.0,-540.0,-5.0,-35.0,-1030.0,-1015.0,-1045.0,-355.0,-370.0,-1030.0,-1015.0,-1045.0,-355.0,-370.0,0.0,0.0,0.0,0.0,0.0,790.0,805.0,775.0,1170.0,1155.0
2025-04-15 00:00:00+00:00,-380.0,-320.0,-440.0,-1000.0,-1060.0,-455.0,-395.0,-515.0,-1155.0,-1215.0,-555.0,-495.0,-615.0,-690.0,-750.0,420.0,480.0,360.0,925.0,865.0,370.0,415.0,325.0,795.0,750.0,315.0,345.0,285.0,540.0,510.0,560.0,620.0,500.0,940.0,880.0,510.0,555.0,465.0,810.0,765.0,385.0,415.0,355.0,625.0,595.0,0.0,0.0,0.0,0.0,0.0,-855.0,-840.0,-870.0,-720.0,-735.0
2025-04-16 00:00:00+00:00,65.0,155.0,-25.0,-90.0,-180.0,-320.0,-260.0,-380.0,215.0,155.0,-245.0,-170.0,-320.0,745.0,670.0,525.0,600.0,450.0,440.0,365.0,190.0,220.0,160.0,175.0,145.0,275.0,290.0,260.0,5.0,-10.0,530.0,575.0,485.0,-50.0,-95.0,380.0,410.0,350.0,0.0,-30.0,275.0,290.0,260.0,5.0,-10.0,0.0,0.0,0.0,0.0,0.0,325.0,340.0,310.0,335.0,320.0
2025-04-17 00:00:00+00:00,-475.0,-400.0,-550.0,45.0,-30.0,-645.0,-630.0,-660.0,-1180.0,-1195.0,-1875.0,-1845.0,-1905.0,-2180.0,-2210.0,-3580.0,-3535.0,-3625.0,-4685.0,-4730.0,-3580.0,-3535.0,-3625.0,-4685.0,-4730.0,-2070.0,-2040.0,-2100.0,-2560.0,-2590.0,-2395.0,-2365.0,-2425.0,-2250.0,-2280.0,-2395.0,-2365.0,-2425.0,-2250.0,-2280.0,-2395.0,-2365.0,-2425.0,-2250.0,-2280.0,0.0,0.0,0.0,0.0,0.0,-4200.0,-4185.0,-4215.0,-4485.0,-4500.0
2025-04-21 00:00:00+00:00,-90.0,-30.0,-150.0,-740.0,-800.0,-660.0,-600.0,-720.0,-655.0,-715.0,-645.0,-570.0,-720.0,-520.0,-595.0,-560.0,-500.0,-620.0,95.0,35.0,-115.0,-55.0,-175.0,235.0,190.0,-65.0,-20.0,-110.0,170.0,140.0,-105.0,-45.0,-165.0,200.0,155.0,-65.0,-20.0,-110.0,170.0,140.0,-65.0,-20.0,-110.0,170.0,140.0,0.0,0.0,0.0,0.0,0.0,-590.0,-575.0,-605.0,-540.0,-555.0
2025-04-22 00:00:00+00:00,-615.0,-525.0,-705.0,-470.0,-545.0,-510.0,-450.0,-570.0,-200.0,-260.0,-395.0,-320.0,-470.0,-115.0,-190.0,475.0,565.0,385.0,70.0,-20.0,435.0,510.0,360.0,60.0,-15.0,400.0,445.0,355.0,350.0,305.0,560.0,635.0,485.0,245.0,170.0,430.0,475.0,385.0,310.0,265.0,455.0,485.0,425.0,290.0,260.0,0.0,0.0,0.0,0.0,0.0,-80.0,-65.0,-95.0,-220.0,-235.0
2025-04-23 00:00:00+00:00,495.0,555.0,435.0,335.0,275.0,410.0,455.0,365.0,340.0,295.0,-140.0,-110.0,-170.0,-245.0,-275.0,-465.0,-420.0,-510.0,-390.0,-435.0,-520.0,-490.0,-550.0,-510.0,-540.0,-270.0,-240.0,-300.0,-15.0,-30.0,-80.0,-50.0,-110.0,130.0,100.0,30.0,45.0,15.0,-15.0,-30.0,30.0,45.0,15.0,-15.0,-30.0,0.0,0.0,0.0,0.0,0.0,60.0,75.0,45.0,10.0,-5.0
2025-04-24 00:00:00+00:00,565.0,625.0,505.0,230.0,170.0,765.0,780.0,750.0,555.0,540.0,320.0,350.0,290.0,165.0,135.0,-390.0,-360.0,-420.0,-235.0,-265.0,-355.0,-340.0,-370.0,-240.0,-255.0,0.0,0.0,0.0,0.0,0.0,-240.0,-225.0,-255.0,0.0,0.0,0.0,0.0,0.0,0.0,0.0,0.0,0.0,0.0,0.0,0.0,0.0,0.0,0.0,0.0,0.0,425.0,440.0,410.0,330.0,315.0
2025-04-25 00:00:00+00:00,375.0,420.0,330.0,-260.0,-305.0,-290.0,-245.0,-335.0,-345.0,-390.0,0.0,0.0,0.0,0.0,0.0,-1000.0,-955.0,-1045.0,-560.0,-605.0,-580.0,-535.0,-625.0,-720.0,-765.0,-705.0,-675.0,-735.0,-745.0,-775.0,-555.0,-525.0,-585.0,-455.0,-485.0,-555.0,-525.0,-585.0,-455.0,-485.0,-375.0,-345.0,-405.0,-560.0,-590.0,0.0,0.0,0.0,0.0,0.0,-925.0,-910.0,-940.0,-860.0,-875.0
2025-04-28 00:00:00+00:00,35.0,110.0,-40.0,-70.0,-145.0,130.0,160.0,100.0,55.0,40.0,45.0,75.0,15.0,-95.0,-110.0,-90.0,-60.0,-120.0,15.0,-15.0,-120.0,-90.0,-150.0,110.0,80.0,-120.0,-90.0,-150.0,110.0,80.0,-285.0,-270.0,-300.0,-170.0,-185.0,-285.0,-270.0,-300.0,-170.0,-185.0,-150.0,-135.0,-165.0,10.0,-5.0,0.0,0.0,0.0,0.0,0.0,-5.0,10.0,-20.0,-10.0,-25.0
2025-04-29 00:00:00+00:00,475.0,535.0,415.0,45.0,-15.0,-80.0,-20.0,-140.0,-165.0,-225.0,-505.0,-445.0,-565.0,-580.0,-640.0,-40.0,5.0,-85.0,-85.0,-130.0,-40.0,5.0,-85.0,-85.0,-130.0,-45.0,-15.0,-75.0,-245.0,-275.0,315.0,345.0,285.0,465.0,435.0,545.0,575.0,515.0,435.0,405.0,445.0,460.0,430.0,455.0,440.0,0.0,0.0,0.0,0.0,0.0,310.0,325.0,295.0,200.0,185.0
2025-04-30 00:00:00+00:00,30.0,90.0,-30.0,-15.0,-75.0,-480.0,-435.0,-525.0,-345.0,-390.0,-575.0,-530.0,-620.0,-460.0,-505.0,35.0,95.0,-25.0,35.0,-10.0,610.0,670.0,550.0,380.0,335.0,310.0,355.0,265.0,230.0,200.0,115.0,160.0,70.0,110.0,65.0,665.0,695.0,635.0,490.0,460.0,400.0,430.0,370.0,360.0,330.0,0.0,0.0,0.0,0.0,0.0,215.0,230.0,200.0,170.0,155.0
2025-05-01 00:00:00+00:00,-105.0,-30.0,-180.0,-380.0,-455.0,-45.0,15.0,-105.0,15.0,-45.0,185.0,215.0,155.0,140.0,110.0,-120.0,-90.0,-150.0,70.0,40.0,-120.0,-90.0,-150.0,70.0,40.0,-70.0,-40.0,-100.0,115.0,85.0,85.0,115.0,55.0,40.0,10.0,105.0,135.0,75.0,140.0,110.0,135.0,165.0,105.0,85.0,55.0,0.0,0.0,0.0,0.0,0.0,275.0,290.0,260.0,185.0,170.0
2025-05-05 00:00:00+00:00,-395.0,-305.0,-485.0,-120.0,-210.0,-125.0,-65.0,-185.0,-165.0,-225.0,-125.0,-80.0,-170.0,-25.0,-70.0,15.0,75.0,-45.0,305.0,260.0,70.0,100.0,40.0,205.0,190.0,-55.0,-40.0,-70.0,0.0,0.0,20.0,50.0,-10.0,60.0,45.0,75.0,90.0,60.0,60.0,45.0,200.0,215.0,185.0,165.0,150.0,0.0,0.0,0.0,0.0,0.0,75.0,90.0,60.0,65.0,50.0
2025-05-06 00:00:00+00:00,-100.0,-55.0,-145.0,-195.0,-240.0,-40.0,-10.0,-70.0,-120.0,-150.0,-70.0,-55.0,-85.0,-55.0,-70.0,-420.0,-375.0,-465.0,-280.0,-325.0,-290.0,-260.0,-320.0,-150.0,-165.0,-290.0,-260.0,-320.0,-150.0,-165.0,-235.0,-205.0,-265.0,30.0,15.0,10.0,40.0,-20.0,135.0,120.0,10.0,40.0,-20.0,135.0,120.0,0.0,0.0,0.0,0.0,0.0,-230.0,-215.0,-245.0,-330.0,-345.0
2025-05-07 00:00:00+00:00,-155.0,-95.0,-215.0,-365.0,-425.0,-110.0,-65.0,-155.0,10.0,-35.0,-375.0,-330.0,-420.0,-365.0,-410.0,445.0,490.0,400.0,435.0,390.0,190.0,220.0,160.0,240.0,210.0,95.0,110.0,80.0,140.0,125.0,350.0,380.0,320.0,335.0,305.0,400.0,430.0,370.0,340.0,310.0,0.0,0.0,0.0,0.0,0.0,0.0,0.0,0.0,0.0,0.0,185.0,200.0,170.0,35.0,20.0
2025-05-12 00:00:00+00:00,-35.0,25.0,-95.0,265.0,205.0,775.0,805.0,745.0,705.0,675.0,925.0,955.0,895.0,675.0,645.0,155.0,185.0,125.0,40.0,10.0,0.0,0.0,0.0,0.0,0.0,0.0,0.0,0.0,0.0,0.0,0.0,0.0,0.0,0.0,0.0,0.0,0.0,0.0,0.0,0.0,0.0,0.0,0.0,0.0,0.0,0.0,0.0,0.0,0.0,0.0,815.0,830.0,800.0,675.0,660.0
2025-05-13 00:00:00+00:00,-545.0,-470.0,-620.0,-610.0,-685.0,180.0,195.0,165.0,155.0,140.0,-225.0,-165.0,-285.0,-695.0,-755.0,-755.0,-725.0,-785.0,-780.0,-810.0,-410.0,-380.0,-440.0,-290.0,-320.0,-505.0,-490.0,-520.0,-105.0,-120.0,-755.0,-725.0,-785.0,-170.0,-200.0,-755.0,-725.0,-785.0,-170.0,-200.0,-840.0,-825.0,-855.0,-235.0,-250.0,0.0,0.0,0.0,0.0,0.0,-880.0,-865.0,-895.0,-725.0,-740.0
2025-05-14 00:00:00+00:00,-20.0,25.0,-65.0,-145.0,-190.0,-80.0,-35.0,-125.0,20.0,-25.0,95.0,125.0,65.0,-35.0,-65.0,295.0,355.0,235.0,335.0,275.0,75.0,120.0,30.0,175.0,130.0,155.0,185.0,125.0,380.0,350.0,-75.0,-60.0,-90.0,85.0,70.0,-75.0,-60.0,-90.0,85.0,70.0,-75.0,-60.0,-90.0,85.0,70.0,0.0,0.0,0.0,0.0,0.0,-70.0,-55.0,-85.0,120.0,105.0
2025-05-15 00:00:00+00:00,65.0,110.0,20.0,40.0,-5.0,130.0,160.0,100.0,5.0,-25.0,45.0,75.0,15.0,10.0,-20.0,105.0,165.0,45.0,115.0,55.0,75.0,105.0,45.0,125.0,95.0,0.0,0.0,0.0,0.0,0.0,-35.0,10.0,-80.0,195.0,150.0,20.0,35.0,5.0,55.0,40.0,15.0,30.0,0.0,95.0,80.0,0.0,0.0,0.0,0.0,0.0,120.0,135.0,105.0,165.0,150.0
2025-05-20 00:00:00+00:00,60.0,105.0,15.0,-100.0,-145.0,-15.0,30.0,-60.0,-170.0,-215.0,35.0,95.0,-25.0,-15.0,-60.0,5.0,50.0,-40.0,300.0,255.0,50.0,80.0,20.0,340.0,310.0,40.0,55.0,25.0,355.0,340.0,260.0,290.0,230.0,195.0,165.0,165.0,180.0,150.0,290.0,275.0,260.0,275.0,245.0,340.0,325.0,0.0,0.0,0.0,0.0,0.0,405.0,420.0,390.0,195.0,180.0
2025-05-21 00:00:00+00:00,-160.0,-70.0,-250.0,-35.0,-110.0,265.0,310.0,220.0,290.0,245.0,135.0,150.0,120.0,90.0,75.0,-625.0,-595.0,-655.0,-510.0,-540.0,-610.0,-580.0,-640.0,-570.0,-600.0,-325.0,-310.0,-340.0,-250.0,-265.0,-545.0,-530.0,-560.0,-465.0,-480.0,-390.0,-375.0,-405.0,-420.0,-435.0,-325.0,-310.0,-340.0,-190.0,-205.0,0.0,0.0,0.0,0.0,0.0,-395.0,-380.0,-410.0,-255.0,-270.0
2025-05-22 00:00:00+00:00,-315.0,-255.0,-375.0,-325.0,-385.0,-665.0,-590.0,-740.0,-565.0,-640.0,-270.0,-225.0,-315.0,-275.0,-320.0,-130.0,-55.0,-205.0,-220.0,-295.0,-50.0,25.0,-125.0,-245.0,-320.0,245.0,275.0,215.0,355.0,325.0,-140.0,-95.0,-185.0,-335.0,-380.0,-60.0,-15.0,-105.0,-360.0,-405.0,170.0,185.0,155.0,125.0,110.0,0.0,0.0,0.0,0.0,0.0,-505.0,-490.0,-520.0,-545.0,-560.0
2025-05-29 00:00:00+00:00,-610.0,-520.0,-700.0,-560.0,-650.0,-345.0,-300.0,-390.0,-350.0,-395.0,0.0,0.0,0.0,0.0,0.0,-935.0,-875.0,-995.0,-1360.0,-1405.0,-1065.0,-1020.0,-1110.0,-1395.0,-1425.0,-1010.0,-995.0,-1025.0,-980.0,-995.0,-1130.0,-1100.0,-1160.0,-1325.0,-1340.0,-1030.0,-1000.0,-1060.0,-1015.0,-1030.0,-1040.0,-1025.0,-1055.0,-1015.0,-1030.0,0.0,0.0,0.0,0.0,0.0,-1420.0,-1405.0,-1435.0,-1630.0,-1645.0
2025-06-02 00:00:00+00:00,190.0,265.0,115.0,55.0,-20.0,480.0,510.0,450.0,400.0,370.0,150.0,180.0,120.0,90.0,60.0,30.0,60.0,0.0,165.0,135.0,155.0,185.0,125.0,215.0,185.0,60.0,75.0,45.0,35.0,20.0,-160.0,-130.0,-190.0,140.0,110.0,155.0,185.0,125.0,215.0,185.0,60.0,75.0,45.0,35.0,20.0,0.0,0.0,0.0,0.0,0.0,445.0,460.0,430.0,445.0,430.0
2025-06-04 00:00:00+00:00,-90.0,-30.0,-150.0,-130.0,-190.0,-180.0,-120.0,-240.0,-365.0,-425.0,-55.0,5.0,-115.0,-130.0,-190.0,85.0,145.0,25.0,275.0,215.0,145.0,205.0,85.0,220.0,175.0,165.0,225.0,105.0,190.0,145.0,230.0,290.0,170.0,135.0,90.0,90.0,120.0,60.0,130.0,100.0,120.0,150.0,90.0,150.0,120.0,0.0,0.0,0.0,0.0,0.0,60.0,75.0,45.0,110.0,95.0
2025-06-12 00:00:00+00:00,-705.0,-630.0,-780.0,-190.0,-265.0,-315.0,-270.0,-360.0,-45.0,-90.0,-400.0,-340.0,-460.0,-310.0,-355.0,260.0,320.0,200.0,30.0,-30.0,260.0,320.0,200.0,30.0,-30.0,0.0,0.0,0.0,0.0,0.0,20.0,50.0,-10.0,-225.0,-255.0,20.0,50.0,-10.0,-225.0,-255.0,110.0,140.0,80.0,-110.0,-140.0,0.0,0.0,0.0,0.0,0.0,-405.0,-390.0,-420.0,-355.0,-370.0
2025-06-13 00:00:00+00:00,240.0,300.0,180.0,-35.0,-95.0,470.0,515.0,425.0,180.0,135.0,240.0,300.0,180.0,75.0,15.0,-380.0,-335.0,-425.0,195.0,150.0,-370.0,-340.0,-400.0,200.0,170.0,-340.0,-310.0,-370.0,140.0,110.0,-130.0,-85.0,-175.0,60.0,15.0,-130.0,-85.0,-175.0,60.0,15.0,-60.0,-45.0,-75.0,120.0,105.0,0.0,0.0,0.0,0.0,0.0,355.0,370.0,340.0,400.0,385.0
2025-06-23 00:00:00+00:00,-375.0,-330.0,-420.0,-100.0,-145.0,-190.0,-145.0,-235.0,-80.0,-125.0,-115.0,-85.0,-145.0,-155.0,-185.0,-665.0,-620.0,-710.0,-465.0,-510.0,-630.0,-600.0,-660.0,-595.0,-625.0,-485.0,-455.0,-515.0,-440.0,-470.0,-730.0,-685.0,-775.0,-460.0,-505.0,-650.0,-620.0,-680.0,-505.0,-535.0,-555.0,-525.0,-585.0,-525.0,-555.0,0.0,0.0,0.0,0.0,0.0,-830.0,-815.0,-845.0,-715.0,-730.0
2025-06-25 00:00:00+00:00,-185.0,-95.0,-275.0,-210.0,-300.0,-150.0,-120.0,-180.0,-95.0,-125.0,-200.0,-170.0,-230.0,-170.0,-200.0,-210.0,-180.0,-240.0,-30.0,-60.0,-210.0,-180.0,-240.0,-30.0,-60.0,-125.0,-95.0,-155.0,-5.0,-35.0,-30.0,0.0,-60.0,-70.0,-100.0,15.0,45.0,-15.0,-35.0,-65.0,15.0,45.0,-15.0,-60.0,-90.0,0.0,0.0,0.0,0.0,0.0,-140.0,-125.0,-155.0,-50.0,-65.0
2025-07-01 00:00:00+00:00,-185.0,-110.0,-260.0,-225.0,-285.0,-220.0,-145.0,-295.0,-90.0,-165.0,-195.0,-165.0,-225.0,-165.0,-195.0,50.0,95.0,5.0,125.0,80.0,55.0,100.0,10.0,195.0,150.0,-25.0,-10.0,-40.0,30.0,15.0,175.0,220.0,130.0,50.0,5.0,160.0,205.0,115.0,100.0,55.0,235.0,280.0,190.0,200.0,155.0,0.0,0.0,0.0,0.0,0.0,-60.0,-45.0,-75.0,-30.0,-45.0
2025-07-09 00:00:00+00:00,375.0,420.0,330.0,355.0,310.0,245.0,290.0,200.0,165.0,120.0,385.0,445.0,325.0,230.0,170.0,35.0,80.0,-10.0,210.0,165.0,-10.0,20.0,-40.0,135.0,105.0,0.0,0.0,0.0,0.0,0.0,140.0,170.0,110.0,270.0,240.0,135.0,150.0,120.0,40.0,25.0,0.0,0.0,0.0,0.0,0.0,0.0,0.0,0.0,0.0,0.0,485.0,500.0,470.0,465.0,450.0
2025-07-11 00:00:00+00:00,-135.0,-60.0,-210.0,-15.0,-90.0,-15.0,45.0,-75.0,215.0,155.0,130.0,175.0,85.0,175.0,130.0,-250.0,-205.0,-295.0,-265.0,-310.0,-170.0,-125.0,-215.0,-275.0,-320.0,-80.0,-65.0,-95.0,-205.0,-220.0,-335.0,-305.0,-365.0,-280.0,-310.0,-335.0,-305.0,-365.0,-280.0,-310.0,-205.0,-190.0,-220.0,-220.0,-235.0,0.0,0.0,0.0,0.0,0.0,-125.0,-110.0,-140.0,-5.0,-20.0
2025-07-16 00:00:00+00:00,-295.0,-220.0,-370.0,-340.0,-400.0,-40.0,35.0,-115.0,315.0,255.0,215.0,245.0,185.0,355.0,325.0,445.0,520.0,370.0,180.0,105.0,180.0,225.0,135.0,50.0,5.0,60.0,75.0,45.0,40.0,25.0,300.0,330.0,270.0,260.0,230.0,60.0,75.0,45.0,40.0,25.0,60.0,75.0,45.0,40.0,25.0,0.0,0.0,0.0,0.0,0.0,350.0,365.0,335.0,450.0,435.0
2025-07-21 00:00:00+00:00,-210.0,-120.0,-300.0,-65.0,-155.0,-100.0,-55.0,-145.0,-85.0,-115.0,-180.0,-150.0,-210.0,-110.0,-140.0,-90.0,-30.0,-150.0,-195.0,-255.0,-50.0,10.0,-110.0,-150.0,-210.0,0.0,30.0,-30.0,-85.0,-115.0,-75.0,-30.0,-120.0,-230.0,-275.0,-70.0,-40.0,-100.0,-120.0,-150.0,-70.0,-40.0,-100.0,-120.0,-150.0,0.0,0.0,0.0,0.0,0.0,-215.0,-200.0,-230.0,-185.0,-200.0
2025-07-23 00:00:00+00:00,20.0,80.0,-40.0,-170.0,-215.0,-80.0,-35.0,-125.0,-85.0,-130.0,-5.0,10.0,-20.0,-35.0,-50.0,-95.0,-35.0,-155.0,-150.0,-210.0,-110.0,-80.0,-140.0,-90.0,-120.0,-110.0,-80.0,-140.0,-90.0,-120.0,-5.0,10.0,-20.0,15.0,0.0,-5.0,10.0,-20.0,15.0,0.0,-5.0,10.0,-20.0,15.0,0.0,0.0,0.0,0.0,0.0,0.0,25.0,40.0,10.0,5.0,-10.0
2025-08-01 00:00:00+00:00,-155.0,-80.0,-230.0,-100.0,-175.0,-235.0,-190.0,-280.0,-190.0,-235.0,-10.0,20.0,-40.0,-15.0,-45.0,-110.0,-65.0,-155.0,-65.0,-110.0,-45.0,0.0,-90.0,100.0,55.0,-45.0,0.0,-90.0,100.0,55.0,35.0,65.0,5.0,45.0,15.0,35.0,65.0,5.0,45.0,15.0,-55.0,-40.0,-70.0,-5.0,-20.0,0.0,0.0,0.0,0.0,0.0,-45.0,-30.0,-60.0,-90.0,-105.0
2025-08-04 00:00:00+00:00,-115.0,-70.0,-160.0,-50.0,-95.0,70.0,85.0,55.0,-45.0,-60.0,45.0,60.0,30.0,-50.0,-65.0,-335.0,-290.0,-380.0,-345.0,-390.0,-275.0,-230.0,-320.0,-405.0,-450.0,-275.0,-230.0,-320.0,-405.0,-450.0,-370.0,-340.0,-400.0,-420.0,-450.0,-350.0,-320.0,-380.0,-445.0,-475.0,-365.0,-335.0,-395.0,-435.0,-465.0,0.0,0.0,0.0,0.0,0.0,-465.0,-450.0,-480.0,-560.0,-575.0
2025-08-06 00:00:00+00:00,-520.0,-445.0,-595.0,-450.0,-525.0,-450.0,-405.0,-495.0,-345.0,-390.0,-245.0,-215.0,-275.0,-430.0,-460.0,345.0,405.0,285.0,345.0,285.0,365.0,410.0,320.0,335.0,290.0,260.0,290.0,230.0,145.0,115.0,255.0,285.0,225.0,245.0,215.0,255.0,285.0,225.0,245.0,215.0,425.0,455.0,395.0,270.0,240.0,0.0,0.0,0.0,0.0,0.0,-105.0,-90.0,-120.0,-115.0,-130.0
2025-08-07 00:00:00+00:00,335.0,380.0,290.0,430.0,385.0,430.0,475.0,385.0,390.0,345.0,505.0,535.0,475.0,675.0,660.0,65.0,95.0,35.0,-125.0,-155.0,65.0,95.0,35.0,-125.0,-155.0,0.0,0.0,0.0,0.0,0.0,20.0,35.0,5.0,20.0,5.0,75.0,90.0,60.0,-70.0,-85.0,0.0,0.0,0.0,0.0,0.0,0.0,0.0,0.0,0.0,0.0,500.0,515.0,485.0,420.0,405.0
2025-08-08 00:00:00+00:00,-10.0,50.0,-70.0,45.0,-15.0,245.0,290.0,200.0,145.0,100.0,240.0,285.0,195.0,175.0,130.0,260.0,320.0,200.0,250.0,190.0,185.0,215.0,155.0,120.0,90.0,0.0,0.0,0.0,0.0,0.0,100.0,115.0,85.0,120.0,105.0,100.0,115.0,85.0,120.0,105.0,0.0,0.0,0.0,0.0,0.0,0.0,0.0,0.0,0.0,0.0,420.0,435.0,405.0,425.0,410.0
2025-08-13 00:00:00+00:00,-100.0,-10.0,-190.0,0.0,-90.0,5.0,80.0,-70.0,-35.0,-110.0,205.0,220.0,190.0,165.0,150.0,25.0,85.0,-35.0,50.0,-10.0,-55.0,-10.0,-100.0,75.0,30.0,0.0,0.0,0.0,0.0,0.0,10.0,40.0,-20.0,-75.0,-105.0,-70.0,-55.0,-85.0,-45.0,-60.0,0.0,0.0,0.0,0.0,0.0,0.0,0.0,0.0,0.0,0.0,160.0,175.0,145.0,105.0,90.0
2025-08-14 00:00:00+00:00,-20.0,25.0,-65.0,-75.0,-120.0,-130.0,-100.0,-160.0,-100.0,-130.0,-10.0,20.0,-40.0,-25.0,-55.0,-30.0,15.0,-75.0,-95.0,-140.0,-80.0,-50.0,-110.0,-105.0,-135.0,60.0,90.0,30.0,15.0,-15.0,25.0,55.0,-5.0,30.0,0.0,15.0,45.0,-15.0,30.0,0.0,-10.0,5.0,-25.0,25.0,10.0,0.0,0.0,0.0,0.0,0.0,20.0,35.0,5.0,60.0,45.0
2025-08-18 00:00:00+00:00,85.0,130.0,40.0,120.0,75.0,65.0,110.0,20.0,15.0,-15.0,-65.0,-35.0,-95.0,-90.0,-120.0,-110.0,-65.0,-155.0,-170.0,-215.0,-50.0,-5.0,-95.0,-175.0,-220.0,-110.0,-95.0,-125.0,-135.0,-150.0,-120.0,-105.0,-135.0,-55.0,-70.0,-20.0,-5.0,-35.0,-35.0,-50.0,-20.0,-5.0,-35.0,-35.0,-50.0,0.0,0.0,0.0,0.0,0.0,-20.0,-5.0,-35.0,-15.0,-30.0
2025-08-20 00:00:00+00:00,205.0,250.0,160.0,145.0,100.0,30.0,90.0,-30.0,0.0,-60.0,265.0,280.0,250.0,280.0,265.0,85.0,130.0,40.0,135.0,90.0,110.0,140.0,80.0,135.0,105.0,85.0,100.0,70.0,50.0,35.0,40.0,55.0,25.0,10.0,-5.0,0.0,0.0,0.0,0.0,0.0,0.0,0.0,0.0,0.0,0.0,0.0,0.0,0.0,0.0,0.0,435.0,450.0,420.0,465.0,450.0
2025-08-21 00:00:00+00:00,-5.0,40.0,-50.0,55.0,25.0,-55.0,-25.0,-85.0,-75.0,-105.0,-225.0,-210.0,-240.0,-170.0,-185.0,-100.0,-40.0,-160.0,-210.0,-270.0,-145.0,-100.0,-190.0,-235.0,-280.0,-160.0,-130.0,-190.0,-185.0,-215.0,-35.0,-5.0,-65.0,65.0,35.0,-35.0,-5.0,-65.0,65.0,35.0,30.0,60.0,0.0,120.0,90.0,0.0,0.0,0.0,0.0,0.0,-145.0,-130.0,-160.0,-150.0,-165.0
2025-08-22 00:00:00+00:00,-90.0,-15.0,-165.0,-55.0,-130.0,25.0,55.0,-5.0,-30.0,-60.0,100.0,115.0,85.0,145.0,130.0,-90.0,-60.0,-120.0,-65.0,-95.0,-85.0,-55.0,-115.0,-65.0,-95.0,-125.0,-110.0,-140.0,-155.0,-170.0,-125.0,-110.0,-140.0,-155.0,-170.0,-125.0,-110.0,-140.0,-155.0,-170.0,-55.0,-40.0,-70.0,-70.0,-85.0,0.0,0.0,0.0,0.0,0.0,-10.0,5.0,-25.0,5.0,-10.0
2025-09-02 00:00:00+00:00,-100.0,-40.0,-160.0,-280.0,-340.0,-95.0,-35.0,-155.0,-310.0,-370.0,-40.0,-10.0,-70.0,-335.0,-365.0,-195.0,-150.0,-240.0,-170.0,-215.0,-195.0,-150.0,-240.0,-170.0,-215.0,-75.0,-30.0,-120.0,-80.0,-125.0,-205.0,-160.0,-250.0,-360.0,-405.0,-255.0,-225.0,-285.0,-175.0,-205.0,-255.0,-225.0,-285.0,-175.0,-205.0,0.0,0.0,0.0,0.0,0.0,-360.0,-345.0,-375.0,-435.0,-450.0
2025-09-04 00:00:00+00:00,-5.0,55.0,-65.0,-220.0,-280.0,-310.0,-250.0,-370.0,-55.0,-115.0,35.0,80.0,-10.0,-125.0,-170.0,-40.0,5.0,-85.0,45.0,15.0,-70.0,-40.0,-100.0,5.0,-10.0,65.0,80.0,50.0,5.0,-10.0,80.0,110.0,50.0,40.0,10.0,0.0,0.0,0.0,0.0,0.0,0.0,0.0,0.0,0.0,0.0,0.0,0.0,0.0,0.0,0.0,40.0,55.0,25.0,-105.0,-120.0
2025-09-22 00:00:00+00:00,55.0,130.0,-20.0,-100.0,-175.0,65.0,95.0,35.0,-55.0,-85.0,-150.0,-120.0,-180.0,-200.0,-230.0,-225.0,-180.0,-270.0,-265.0,-310.0,-225.0,-180.0,-270.0,-265.0,-310.0,-225.0,-180.0,-270.0,-265.0,-310.0,-305.0,-275.0,-335.0,-185.0,-215.0,-305.0,-275.0,-335.0,-185.0,-215.0,-120.0,-90.0,-150.0,-70.0,-100.0,0.0,0.0,0.0,0.0,0.0,-285.0,-270.0,-300.0,-180.0,-195.0
2025-09-24 00:00:00+00:00,-85.0,-10.0,-160.0,-130.0,-205.0,-60.0,-15.0,-105.0,-20.0,-65.0,-50.0,-20.0,-80.0,-55.0,-85.0,75.0,135.0,15.0,70.0,10.0,90.0,135.0,45.0,130.0,85.0,55.0,85.0,25.0,30.0,0.0,160.0,220.0,100.0,45.0,-15.0,105.0,150.0,60.0,0.0,-45.0,25.0,40.0,10.0,70.0,55.0,0.0,0.0,0.0,0.0,0.0,40.0,55.0,25.0,40.0,25.0
2025-09-26 00:00:00+00:00,-350.0,-275.0,-425.0,-415.0,-490.0,-385.0,-295.0,-475.0,-290.0,-380.0,-230.0,-185.0,-275.0,-85.0,-130.0,200.0,290.0,110.0,450.0,360.0,235.0,310.0,160.0,400.0,325.0,25.0,55.0,-5.0,-40.0,-55.0,150.0,225.0,75.0,270.0,195.0,125.0,185.0,65.0,135.0,75.0,80.0,125.0,35.0,25.0,-5.0,0.0,0.0,0.0,0.0,0.0,-80.0,-65.0,-95.0,45.0,30.0
2025-10-02 00:00:00+00:00,-200.0,-125.0,-275.0,-60.0,-120.0,-115.0,-55.0,-175.0,-120.0,-165.0,-140.0,-50.0,-230.0,-80.0,-155.0,-70.0,5.0,-145.0,-90.0,-165.0,-115.0,-70.0,-160.0,-60.0,-105.0,-25.0,-10.0,-40.0,15.0,0.0,-105.0,-60.0,-150.0,-100.0,-145.0,-80.0,-50.0,-110.0,-35.0,-65.0,-25.0,-10.0,-40.0,25.0,10.0,0.0,0.0,0.0,0.0,0.0,-150.0,-135.0,-165.0,-45.0,-60.0
2025-10-06 00:00:00+00:00,115.0,205.0,25.0,-15.0,-105.0,125.0,170.0,80.0,-35.0,-80.0,-30.0,45.0,-105.0,-10.0,-85.0,0.0,60.0,-60.0,10.0,-35.0,10.0,40.0,-20.0,85.0,55.0,0.0,0.0,0.0,0.0,0.0,25.0,70.0,-20.0,-5.0,-50.0,10.0,40.0,-20.0,80.0,50.0,20.0,35.0,5.0,10.0,-5.0,0.0,0.0,0.0,0.0,0.0,195.0,210.0,180.0,225.0,210.0
2025-10-08 00:00:00+00:00,75.0,120.0,30.0,-10.0,-55.0,-175.0,-100.0,-250.0,-95.0,-170.0,55.0,115.0,-5.0,60.0,0.0,105.0,165.0,45.0,110.0,50.0,130.0,190.0,70.0,35.0,-25.0,-15.0,0.0,-30.0,5.0,-10.0,225.0,285.0,165.0,75.0,30.0,115.0,145.0,85.0,100.0,70.0,50.0,65.0,35.0,45.0,30.0,0.0,0.0,0.0,0.0,0.0,220.0,235.0,205.0,285.0,270.0
2025-10-09 00:00:00+00:00,-45.0,15.0,-105.0,110.0,50.0,35.0,80.0,-10.0,85.0,40.0,-130.0,-85.0,-175.0,-95.0,-140.0,-105.0,-90.0,-120.0,-45.0,-60.0,-95.0,-80.0,-110.0,-50.0,-65.0,-45.0,-30.0,-60.0,45.0,30.0,0.0,30.0,-30.0,-10.0,-40.0,5.0,20.0,-10.0,25.0,10.0,5.0,20.0,-10.0,25.0,10.0,0.0,0.0,0.0,0.0,0.0,105.0,120.0,90.0,160.0,145.0
2025-10-10 00:00:00+00:00,50.0,110.0,-10.0,-70.0,-130.0,90.0,135.0,45.0,75.0,30.0,175.0,205.0,145.0,90.0,60.0,-40.0,20.0,-100.0,-15.0,-75.0,-80.0,-20.0,-140.0,-95.0,-155.0,-5.0,25.0,-35.0,-65.0,-95.0,-125.0,-95.0,-155.0,-125.0,-155.0,-125.0,-95.0,-155.0,-125.0,-155.0,-125.0,-95.0,-155.0,-125.0,-155.0,0.0,0.0,0.0,0.0,0.0,145.0,160.0,130.0,110.0,95.0
2025-10-13 00:00:00+00:00,-1060.0,-955.0,-1165.0,-985.0,-1075.0,-315.0,-225.0,-405.0,-375.0,-465.0,-120.0,-60.0,-180.0,-205.0,-265.0,325.0,415.0,235.0,155.0,65.0,335.0,410.0,260.0,195.0,120.0,120.0,135.0,105.0,-30.0,-45.0,115.0,205.0,25.0,-225.0,-315.0,90.0,180.0,0.0,-280.0,-370.0,100.0,145.0,55.0,-135.0,-180.0,0.0,0.0,0.0,0.0,0.0,-540.0,-525.0,-555.0,-530.0,-545.0
2025-10-14 00:00:00+00:00,-565.0,-505.0,-625.0,-470.0,-530.0,-570.0,-525.0,-615.0,-380.0,-425.0,-170.0,-125.0,-215.0,-200.0,-245.0,-195.0,-150.0,-240.0,-60.0,-105.0,-195.0,-150.0,-240.0,-60.0,-105.0,-100.0,-55.0,-145.0,-60.0,-105.0,-375.0,-360.0,-390.0,-280.0,-295.0,-240.0,-225.0,-255.0,-285.0,-300.0,-145.0,-130.0,-160.0,-180.0,-195.0,0.0,0.0,0.0,0.0,0.0,-455.0,-440.0,-470.0,-435.0,-450.0
2025-10-15 00:00:00+00:00,-120.0,-45.0,-195.0,-385.0,-460.0,-65.0,-5.0,-125.0,-125.0,-185.0,150.0,195.0,105.0,10.0,-35.0,170.0,215.0,125.0,325.0,280.0,205.0,250.0,160.0,15.0,-15.0,0.0,0.0,0.0,0.0,0.0,215.0,245.0,185.0,25.0,10.0,65.0,80.0,50.0,0.0,0.0,0.0,0.0,0.0,0.0,0.0,0.0,0.0,0.0,0.0,0.0,445.0,460.0,430.0,270.0,255.0
2025-10-16 00:00:00+00:00,-65.0,-5.0,-125.0,25.0,-35.0,455.0,470.0,440.0,170.0,155.0,105.0,120.0,90.0,30.0,15.0,120.0,165.0,75.0,-25.0,-70.0,-5.0,25.0,-35.0,-160.0,-190.0,-75.0,-60.0,-90.0,-15.0,-30.0,-130.0,-115.0,-145.0,-170.0,-185.0,-130.0,-115.0,-145.0,-170.0,-185.0,-130.0,-115.0,-145.0,-170.0,-185.0,0.0,0.0,0.0,0.0,0.0,65.0,80.0,50.0,-40.0,-55.0
2025-10-17 00:00:00+00:00,1240.0,1285.0,1195.0,1000.0,955.0,1310.0,1340.0,1280.0,1250.0,1220.0,1255.0,1285.0,1225.0,1190.0,1160.0,410.0,440.0,380.0,425.0,395.0,480.0,510.0,450.0,465.0,435.0,160.0,175.0,145.0,60.0,45.0,445.0,475.0,415.0,295.0,265.0,445.0,475.0,415.0,295.0,265.0,0.0,0.0,0.0,0.0,0.0,0.0,0.0,0.0,0.0,0.0,1675.0,1690.0,1660.0,1590.0,1575.0
2025-10-20 00:00:00+00:00,-250.0,-190.0,-310.0,-230.0,-290.0,-370.0,-310.0,-430.0,-245.0,-305.0,-305.0,-260.0,-350.0,-410.0,-455.0,-60.0,0.0,-120.0,-15.0,-75.0,130.0,175.0,85.0,55.0,10.0,50.0,65.0,35.0,65.0,50.0,110.0,170.0,50.0,190.0,130.0,235.0,295.0,175.0,140.0,80.0,15.0,30.0,0.0,25.0,10.0,0.0,0.0,0.0,0.0,0.0,-20.0,-5.0,-35.0,5.0,-10.0
2025-10-21 00:00:00+00:00,255.0,345.0,165.0,235.0,145.0,275.0,320.0,230.0,250.0,205.0,485.0,500.0,470.0,470.0,455.0,45.0,75.0,15.0,75.0,45.0,45.0,75.0,15.0,75.0,45.0,55.0,70.0,40.0,0.0,-15.0,-10.0,5.0,-25.0,75.0,60.0,-10.0,5.0,-25.0,75.0,60.0,0.0,0.0,0.0,0.0,0.0,0.0,0.0,0.0,0.0,0.0,525.0,540.0,510.0,525.0,510.0
2025-10-24 00:00:00+00:00,20.0,80.0,-40.0,30.0,-30.0,-105.0,-45.0,-165.0,45.0,-15.0,75.0,120.0,30.0,80.0,35.0,85.0,130.0,40.0,145.0,100.0,120.0,150.0,90.0,115.0,85.0,120.0,150.0,90.0,115.0,85.0,75.0,90.0,60.0,50.0,35.0,75.0,90.0,60.0,50.0,35.0,0.0,0.0,0.0,0.0,0.0,0.0,0.0,0.0,0.0,0.0,310.0,325.0,295.0,350.0,335.0
2025-10-27 00:00:00+00:00,-190.0,-130.0,-250.0,-225.0,-285.0,-230.0,-185.0,-275.0,-250.0,-295.0,-165.0,-105.0,-225.0,-255.0,-315.0,-315.0,-255.0,-375.0,-235.0,-295.0,-290.0,-245.0,-335.0,-175.0,-220.0,-255.0,-225.0,-285.0,-205.0,-235.0,-110.0,-50.0,-170.0,-180.0,-240.0,-95.0,-35.0,-155.0,-210.0,-270.0,-80.0,-50.0,-110.0,-115.0,-145.0,0.0,0.0,0.0,0.0,0.0,-285.0,-270.0,-300.0,-335.0,-350.0
2025-10-29 00:00:00+00:00,925.0,955.0,895.0,970.0,940.0,975.0,990.0,960.0,980.0,965.0,915.0,930.0,900.0,890.0,875.0,-70.0,-55.0,-85.0,-75.0,-90.0,-15.0,0.0,-30.0,15.0,0.0,-15.0,0.0,-30.0,15.0,0.0,-60.0,-45.0,-75.0,-10.0,-25.0,-60.0,-45.0,-75.0,-10.0,-25.0,110.0,125.0,95.0,100.0,85.0,0.0,0.0,0.0,0.0,0.0,920.0,935.0,905.0,920.0,905.0
2025-10-30 00:00:00+00:00,310.0,370.0,250.0,-15.0,-75.0,-310.0,-265.0,-355.0,-290.0,-335.0,-130.0,-100.0,-160.0,-115.0,-145.0,-220.0,-160.0,-280.0,45.0,-15.0,-70.0,-25.0,-115.0,65.0,20.0,60.0,105.0,15.0,75.0,30.0,30.0,60.0,0.0,105.0,75.0,30.0,60.0,0.0,105.0,75.0,-15.0,15.0,-45.0,-10.0,-40.0,0.0,0.0,0.0,0.0,0.0,-110.0,-95.0,-125.0,-190.0,-205.0
2025-10-31 00:00:00+00:00,10.0,85.0,-65.0,70.0,-5.0,270.0,300.0,240.0,330.0,300.0,-30.0,0.0,-60.0,-160.0,-190.0,-310.0,-295.0,-325.0,-295.0,-310.0,-310.0,-295.0,-325.0,-295.0,-310.0,-295.0,-280.0,-310.0,-270.0,-285.0,-240.0,-225.0,-255.0,-215.0,-230.0,-170.0,-155.0,-185.0,-160.0,-175.0,-145.0,-130.0,-160.0,-115.0,-130.0,0.0,0.0,0.0,0.0,0.0,40.0,55.0,25.0,110.0,95.0
2025-11-04 00:00:00+00:00,220.0,280.0,160.0,420.0,375.0,115.0,160.0,70.0,115.0,85.0,0.0,30.0,-30.0,-95.0,-125.0,-190.0,-160.0,-220.0,-85.0,-115.0,-270.0,-255.0,-285.0,-55.0,-70.0,-270.0,-255.0,-285.0,-55.0,-70.0,-160.0,-145.0,-175.0,-45.0,-60.0,-160.0,-145.0,-175.0,-45.0,-60.0,-160.0,-145.0,-175.0,-45.0,-60.0,0.0,0.0,0.0,0.0,0.0,75.0,90.0,60.0,140.0,125.0
2025-11-05 00:00:00+00:00,35.0,140.0,-70.0,-200.0,-305.0,-85.0,-10.0,-160.0,-160.0,-220.0,-135.0,-105.0,-165.0,-140.0,-170.0,-235.0,-175.0,-295.0,-290.0,-350.0,-180.0,-135.0,-225.0,-90.0,-135.0,40.0,85.0,-5.0,95.0,50.0,-280.0,-265.0,-295.0,-340.0,-355.0,-280.0,-265.0,-295.0,-340.0,-355.0,-280.0,-265.0,-295.0,-340.0,-355.0,0.0,0.0,0.0,0.0,0.0,-260.0,-245.0,-275.0,-165.0,-180.0
2025-11-07 00:00:00+00:00,-720.0,-645.0,-795.0,-670.0,-745.0,-340.0,-295.0,-385.0,-335.0,-380.0,0.0,0.0,0.0,0.0,0.0,-115.0,-55.0,-175.0,135.0,75.0,-30.0,30.0,-90.0,210.0,150.0,-65.0,-20.0,-110.0,250.0,205.0,-315.0,-270.0,-360.0,-230.0,-275.0,-245.0,-200.0,-290.0,-160.0,-205.0,40.0,70.0,10.0,-55.0,-85.0,0.0,0.0,0.0,0.0,0.0,-720.0,-705.0,-735.0,-575.0,-590.0
2025-11-12 00:00:00+00:00,130.0,175.0,85.0,50.0,5.0,-180.0,-150.0,-210.0,-140.0,-170.0,-160.0,-115.0,-205.0,-225.0,-270.0,-70.0,-25.0,-115.0,60.0,30.0,-50.0,-20.0,-80.0,60.0,30.0,-30.0,-15.0,-45.0,-20.0,-35.0,125.0,155.0,95.0,175.0,145.0,125.0,155.0,95.0,175.0,145.0,110.0,125.0,95.0,120.0,105.0,0.0,0.0,0.0,0.0,0.0,25.0,40.0,10.0,75.0,60.0
2025-11-13 00:00:00+00:00,-400.0,-340.0,-460.0,-440.0,-500.0,-120.0,-75.0,-165.0,-75.0,-120.0,-185.0,-155.0,-215.0,-395.0,-425.0,-605.0,-530.0,-680.0,-510.0,-585.0,-445.0,-400.0,-490.0,-370.0,-415.0,-295.0,-265.0,-325.0,-210.0,-240.0,-560.0,-530.0,-590.0,-465.0,-495.0,-400.0,-370.0,-430.0,-410.0,-440.0,-400.0,-370.0,-430.0,-410.0,-440.0,0.0,0.0,0.0,0.0,0.0,-625.0,-610.0,-640.0,-610.0,-625.0
2025-11-14 00:00:00+00:00,-365.0,-305.0,-425.0,-555.0,-615.0,-395.0,-335.0,-455.0,-445.0,-505.0,-410.0,-365.0,-455.0,-455.0,-500.0,-830.0,-785.0,-875.0,-890.0,-935.0,-830.0,-785.0,-875.0,-890.0,-935.0,-740.0,-710.0,-770.0,-675.0,-705.0,-810.0,-765.0,-855.0,-760.0,-805.0,-740.0,-710.0,-770.0,-675.0,-705.0,-740.0,-710.0,-770.0,-675.0,-705.0,0.0,0.0,0.0,0.0,0.0,-1165.0,-1150.0,-1180.0,-1280.0,-1295.0
2025-11-17 00:00:00+00:00,50.0,110.0,-10.0,-20.0,-80.0,-290.0,-215.0,-365.0,55.0,-20.0,-380.0,-335.0,-425.0,10.0,-20.0,-520.0,-475.0,-565.0,-205.0,-250.0,-185.0,-140.0,-230.0,-245.0,-290.0,-25.0,20.0,-70.0,-80.0,-125.0,-585.0,-555.0,-615.0,-205.0,-235.0,-275.0,-245.0,-305.0,-270.0,-300.0,-165.0,-135.0,-195.0,-75.0,-105.0,0.0,0.0,0.0,0.0,0.0,-435.0,-420.0,-450.0,-65.0,-80.0
2025-11-18 00:00:00+00:00,-630.0,-555.0,-705.0,-740.0,-800.0,-790.0,-730.0,-850.0,-685.0,-745.0,-540.0,-495.0,-585.0,-335.0,-380.0,-390.0,-315.0,-465.0,60.0,-15.0,-165.0,-90.0,-240.0,-85.0,-160.0,-50.0,-35.0,-65.0,-160.0,-175.0,-310.0,-265.0,-355.0,-290.0,-335.0,-265.0,-220.0,-310.0,-360.0,-405.0,-445.0,-415.0,-475.0,-425.0,-455.0,0.0,0.0,0.0,0.0,0.0,-710.0,-695.0,-725.0,-540.0,-555.0
2025-11-19 00:00:00+00:00,290.0,365.0,215.0,-50.0,-125.0,310.0,370.0,250.0,285.0,225.0,260.0,290.0,230.0,80.0,50.0,35.0,80.0,-10.0,215.0,170.0,25.0,55.0,-5.0,205.0,175.0,180.0,210.0,150.0,60.0,30.0,25.0,55.0,-5.0,205.0,175.0,180.0,210.0,150.0,60.0,30.0,180.0,210.0,150.0,60.0,30.0,0.0,0.0,0.0,0.0,0.0,505.0,520.0,490.0,575.0,560.0
2025-11-21 00:00:00+00:00,-220.0,-145.0,-295.0,-245.0,-320.0,-55.0,-25.0,-85.0,55.0,25.0,-700.0,-670.0,-730.0,-645.0,-675.0,-170.0,-140.0,-200.0,-190.0,-220.0,-180.0,-150.0,-210.0,-295.0,-325.0,-5.0,25.0,-35.0,-65.0,-95.0,-150.0,-135.0,-165.0,-150.0,-165.0,-150.0,-135.0,-165.0,-150.0,-165.0,-175.0,-160.0,-190.0,-50.0,-65.0,0.0,0.0,0.0,0.0,0.0,-475.0,-460.0,-490.0,-525.0,-540.0
2025-11-24 00:00:00+00:00,-250.0,-190.0,-310.0,-390.0,-450.0,-785.0,-725.0,-845.0,-880.0,-925.0,-595.0,-535.0,-655.0,-605.0,-665.0,-450.0,-405.0,-495.0,-490.0,-535.0,-450.0,-405.0,-495.0,-490.0,-535.0,-590.0,-560.0,-620.0,-540.0,-570.0,-475.0,-430.0,-520.0,-350.0,-395.0,-405.0,-360.0,-450.0,-410.0,-455.0,-275.0,-245.0,-305.0,-305.0,-335.0,0.0,0.0,0.0,0.0,0.0,-815.0,-800.0,-830.0,-725.0,-740.0
2025-11-25 00:00:00+00:00,-175.0,-100.0,-250.0,-160.0,-235.0,-425.0,-350.0,-500.0,-465.0,-540.0,-245.0,-185.0,-305.0,-345.0,-405.0,0.0,60.0,-60.0,-125.0,-185.0,-60.0,-30.0,-90.0,-55.0,-85.0,-10.0,5.0,-25.0,-30.0,-45.0,110.0,170.0,50.0,-35.0,-95.0,225.0,255.0,195.0,205.0,175.0,160.0,175.0,145.0,-100.0,-115.0,0.0,0.0,0.0,0.0,0.0,-5.0,10.0,-20.0,-105.0,-120.0
2025-12-02 00:00:00+00:00,-20.0,40.0,-80.0,90.0,30.0,10.0,70.0,-50.0,-10.0,-70.0,85.0,115.0,55.0,130.0,100.0,100.0,145.0,55.0,155.0,125.0,100.0,145.0,55.0,155.0,125.0,0.0,0.0,0.0,0.0,0.0,0.0,0.0,0.0,0.0,0.0,0.0,0.0,0.0,0.0,0.0,0.0,0.0,0.0,0.0,0.0,0.0,0.0,0.0,0.0,0.0,185.0,200.0,170.0,205.0,190.0
2025-12-05 00:00:00+00:00,50.0,125.0,-25.0,-110.0,-170.0,-60.0,-15.0,-105.0,25.0,-20.0,175.0,190.0,160.0,225.0,210.0,85.0,145.0,25.0,5.0,-55.0,70.0,115.0,25.0,30.0,-15.0,5.0,35.0,-25.0,25.0,-5.0,110.0,140.0,80.0,100.0,70.0,110.0,140.0,80.0,100.0,70.0,110.0,140.0,80.0,100.0,70.0,0.0,0.0,0.0,0.0,0.0,165.0,180.0,150.0,185.0,170.0
2025-12-12 00:00:00+00:00,-200.0,-155.0,-245.0,-190.0,-235.0,-105.0,-60.0,-150.0,-265.0,-310.0,-430.0,-355.0,-505.0,-310.0,-385.0,-205.0,-175.0,-235.0,-190.0,-220.0,-205.0,-175.0,-235.0,-190.0,-220.0,-160.0,-145.0,-175.0,-215.0,-230.0,10.0,40.0,-20.0,-160.0,-190.0,70.0,100.0,40.0,-105.0,-135.0,-15.0,0.0,-30.0,-235.0,-250.0,0.0,0.0,0.0,0.0,0.0,-405.0,-390.0,-420.0,-375.0,-390.0
2026-01-02 00:00:00+00:00,205.0,250.0,160.0,100.0,55.0,180.0,240.0,120.0,215.0,170.0,320.0,365.0,275.0,135.0,105.0,155.0,200.0,110.0,105.0,60.0,185.0,230.0,140.0,85.0,55.0,95.0,110.0,80.0,125.0,110.0,55.0,70.0,40.0,125.0,110.0,95.0,110.0,80.0,125.0,110.0,95.0,110.0,80.0,125.0,110.0,0.0,0.0,0.0,0.0,0.0,445.0,460.0,430.0,415.0,400.0
2026-01-05 00:00:00+00:00,-110.0,-50.0,-170.0,-190.0,-250.0,-250.0,-160.0,-340.0,-40.0,-115.0,-180.0,-150.0,-210.0,-280.0,-310.0,-85.0,-40.0,-130.0,-160.0,-205.0,-85.0,-40.0,-130.0,-160.0,-205.0,-40.0,5.0,-85.0,10.0,-35.0,-115.0,-70.0,-160.0,-85.0,-130.0,-150.0,-120.0,-180.0,-60.0,-90.0,-145.0,-115.0,-175.0,-55.0,-85.0,0.0,0.0,0.0,0.0,0.0,-95.0,-80.0,-110.0,-125.0,-140.0
2026-01-06 00:00:00+00:00,60.0,135.0,-15.0,-25.0,-100.0,-115.0,-70.0,-160.0,-100.0,-145.0,-135.0,-105.0,-165.0,-160.0,-190.0,165.0,225.0,105.0,-55.0,-115.0,120.0,165.0,75.0,50.0,5.0,120.0,165.0,75.0,50.0,5.0,150.0,180.0,120.0,270.0,240.0,25.0,40.0,10.0,145.0,130.0,25.0,40.0,10.0,145.0,130.0,0.0,0.0,0.0,0.0,0.0,130.0,145.0,115.0,140.0,125.0
2026-01-12 00:00:00+00:00,-195.0,-135.0,-255.0,-215.0,-275.0,-275.0,-230.0,-320.0,-335.0,-380.0,-265.0,-220.0,-310.0,-50.0,-80.0,-280.0,-220.0,-340.0,-190.0,-250.0,-90.0,-45.0,-135.0,-85.0,-130.0,-25.0,5.0,-55.0,20.0,-10.0,-190.0,-160.0,-220.0,-75.0,-105.0,20.0,50.0,-10.0,30.0,0.0,90.0,120.0,60.0,135.0,105.0,0.0,0.0,0.0,0.0,0.0,-405.0,-390.0,-420.0,-265.0,-280.0
2026-01-14 00:00:00+00:00,-95.0,-35.0,-155.0,-60.0,-120.0,30.0,60.0,0.0,30.0,15.0,50.0,65.0,35.0,15.0,0.0,-405.0,-375.0,-435.0,-465.0,-495.0,-405.0,-375.0,-435.0,-465.0,-495.0,-410.0,-395.0,-425.0,-435.0,-450.0,-365.0,-350.0,-380.0,-365.0,-380.0,-365.0,-350.0,-380.0,-365.0,-380.0,-365.0,-350.0,-380.0,-365.0,-380.0,0.0,0.0,0.0,0.0,0.0,-350.0,-335.0,-365.0,-380.0,-395.0
2026-01-16 00:00:00+00:00,-225.0,-150.0,-300.0,-230.0,-305.0,-415.0,-325.0,-505.0,-305.0,-395.0,-275.0,-170.0,-380.0,-185.0,-290.0,20.0,80.0,-40.0,75.0,15.0,15.0,60.0,-30.0,100.0,55.0,-30.0,0.0,-60.0,45.0,15.0,130.0,190.0,70.0,110.0,50.0,175.0,235.0,115.0,215.0,155.0,100.0,130.0,70.0,120.0,90.0,0.0,0.0,0.0,0.0,0.0,-200.0,-185.0,-215.0,-300.0,-315.0
2026-01-19 00:00:00+00:00,-350.0,-290.0,-410.0,-45.0,-90.0,-485.0,-440.0,-530.0,-325.0,-355.0,-565.0,-520.0,-610.0,-625.0,-670.0,-545.0,-500.0,-590.0,-585.0,-630.0,-545.0,-500.0,-590.0,-675.0,-720.0,-160.0,-130.0,-190.0,-145.0,-175.0,-195.0,-165.0,-225.0,-290.0,-320.0,-125.0,-95.0,-155.0,-50.0,-80.0,-65.0,-50.0,-80.0,-20.0,-35.0,0.0,0.0,0.0,0.0,0.0,-630.0,-615.0,-645.0,-505.0,-520.0
2026-01-20 00:00:00+00:00,180.0,225.0,135.0,335.0,305.0,565.0,595.0,535.0,515.0,485.0,540.0,555.0,525.0,570.0,555.0,260.0,290.0,230.0,-110.0,-140.0,-110.0,-95.0,-125.0,-100.0,-115.0,90.0,105.0,75.0,25.0,10.0,-260.0,-245.0,-275.0,-130.0,-145.0,-30.0,-15.0,-45.0,-70.0,-85.0,90.0,105.0,75.0,25.0,10.0,0.0,0.0,0.0,0.0,0.0,385.0,400.0,370.0,605.0,590.0
2026-01-21 00:00:00+00:00,-50.0,-20.0,-80.0,-185.0,-215.0,-125.0,-95.0,-155.0,15.0,-15.0,-375.0,-315.0,-435.0,-340.0,-400.0,-840.0,-795.0,-885.0,-995.0,-1040.0,-840.0,-795.0,-885.0,-995.0,-1040.0,-465.0,-435.0,-495.0,-570.0,-600.0,-670.0,-625.0,-715.0,-730.0,-775.0,-650.0,-605.0,-695.0,-705.0,-750.0,-660.0,-630.0,-690.0,-720.0,-750.0,0.0,0.0,0.0,0.0,0.0,-860.0,-845.0,-875.0,-970.0,-985.0
2026-01-22 00:00:00+00:00,-115.0,-55.0,-175.0,50.0,-10.0,-205.0,-145.0,-265.0,-70.0,-130.0,-110.0,-65.0,-155.0,-400.0,-445.0,5.0,50.0,-40.0,-305.0,-350.0,105.0,150.0,60.0,-140.0,-185.0,45.0,75.0,15.0,-105.0,-135.0,45.0,75.0,15.0,-105.0,-135.0,45.0,75.0,15.0,-105.0,-135.0,-40.0,-10.0,-70.0,125.0,110.0,0.0,0.0,0.0,0.0,0.0,-170.0,-155.0,-185.0,-290.0,-305.0
2026-01-23 00:00:00+00:00,60.0,105.0,15.0,-15.0,-60.0,-35.0,-5.0,-65.0,-160.0,-190.0,-45.0,-30.0,-60.0,-85.0,-100.0,-320.0,-290.0,-350.0,-320.0,-350.0,-320.0,-290.0,-350.0,-320.0,-350.0,-185.0,-170.0,-200.0,-15.0,-30.0,-340.0,-325.0,-355.0,-380.0,-395.0,-340.0,-325.0,-355.0,-380.0,-395.0,-230.0,-215.0,-245.0,-170.0,-185.0,0.0,0.0,0.0,0.0,0.0,-295.0,-280.0,-310.0,-355.0,-370.0
2026-01-26 00:00:00+00:00,-35.0,25.0,-95.0,-65.0,-125.0,-230.0,-170.0,-290.0,-175.0,-220.0,-315.0,-285.0,-345.0,-410.0,-440.0,-85.0,-55.0,-115.0,-45.0,-75.0,-95.0,-65.0,-125.0,-85.0,-115.0,-105.0,-90.0,-120.0,-125.0,-140.0,-75.0,-60.0,-90.0,0.0,-15.0,-75.0,-60.0,-90.0,0.0,-15.0,-75.0,-60.0,-90.0,0.0,-15.0,0.0,0.0,0.0,0.0,0.0,-185.0,-170.0,-200.0,-290.0,-305.0
2026-01-27 00:00:00+00:00,-90.0,-15.0,-165.0,-370.0,-445.0,-195.0,-135.0,-255.0,-55.0,-115.0,-495.0,-435.0,-555.0,-410.0,-470.0,-420.0,-360.0,-480.0,-300.0,-360.0,-420.0,-360.0,-480.0,-300.0,-360.0,-135.0,-120.0,-150.0,-285.0,-300.0,-90.0,-60.0,-120.0,-190.0,-220.0,-75.0,-45.0,-105.0,-220.0,-250.0,-135.0,-120.0,-150.0,-285.0,-300.0,0.0,0.0,0.0,0.0,0.0,-400.0,-385.0,-415.0,-520.0,-535.0
2026-01-28 00:00:00+00:00,65.0,110.0,20.0,25.0,-20.0,65.0,95.0,35.0,90.0,60.0,-15.0,15.0,-45.0,-10.0,-40.0,25.0,85.0,-35.0,45.0,-15.0,5.0,50.0,-40.0,10.0,-35.0,5.0,20.0,-10.0,5.0,-10.0,70.0,100.0,40.0,-5.0,-35.0,70.0,100.0,40.0,-5.0,-35.0,65.0,80.0,50.0,-10.0,-25.0,0.0,0.0,0.0,0.0,0.0,165.0,180.0,150.0,155.0,140.0
2026-01-29 00:00:00+00:00,590.0,650.0,530.0,420.0,360.0,45.0,105.0,-15.0,-385.0,-430.0,-75.0,-60.0,-90.0,-135.0,-150.0,-230.0,-185.0,-275.0,60.0,15.0,-230.0,-185.0,-275.0,60.0,15.0,-180.0,-165.0,-195.0,-135.0,-150.0,-70.0,-55.0,-85.0,-175.0,-190.0,-70.0,-55.0,-85.0,-175.0,-190.0,-55.0,-40.0,-70.0,-220.0,-235.0,0.0,0.0,0.0,0.0,0.0,170.0,185.0,155.0,-200.0,-215.0
2026-01-30 00:00:00+00:00,840.0,885.0,795.0,930.0,885.0,790.0,820.0,760.0,945.0,915.0,500.0,545.0,455.0,740.0,695.0,-85.0,-55.0,-115.0,-275.0,-305.0,-85.0,-55.0,-115.0,-275.0,-305.0,-15.0,0.0,-30.0,-60.0,-75.0,25.0,40.0,10.0,110.0,95.0,25.0,40.0,10.0,110.0,95.0,25.0,40.0,10.0,110.0,95.0,0.0,0.0,0.0,0.0,0.0,730.0,745.0,715.0,855.0,840.0
2026-02-02 00:00:00+00:00,470.0,560.0,380.0,25.0,-65.0,625.0,670.0,580.0,460.0,415.0,755.0,800.0,710.0,730.0,685.0,95.0,110.0,80.0,165.0,150.0,95.0,110.0,80.0,165.0,150.0,0.0,0.0,0.0,0.0,0.0,125.0,140.0,110.0,175.0,160.0,0.0,0.0,0.0,0.0,0.0,0.0,0.0,0.0,0.0,0.0,0.0,0.0,0.0,0.0,0.0,900.0,915.0,885.0,835.0,820.0
2026-02-04 00:00:00+00:00,160.0,235.0,85.0,215.0,155.0,245.0,290.0,200.0,80.0,35.0,205.0,220.0,190.0,125.0,110.0,-55.0,-10.0,-100.0,-15.0,-60.0,75.0,120.0,30.0,20.0,-25.0,-5.0,10.0,-20.0,5.0,-10.0,5.0,35.0,-25.0,-35.0,-65.0,0.0,15.0,-15.0,80.0,65.0,100.0,115.0,85.0,145.0,130.0,0.0,0.0,0.0,0.0,0.0,410.0,425.0,395.0,370.0,355.0
2026-02-05 00:00:00+00:00,445.0,520.0,370.0,285.0,210.0,605.0,650.0,560.0,280.0,235.0,580.0,610.0,550.0,260.0,245.0,235.0,295.0,175.0,320.0,260.0,260.0,305.0,215.0,225.0,180.0,75.0,90.0,60.0,-35.0,-50.0,260.0,275.0,245.0,300.0,285.0,260.0,275.0,245.0,300.0,285.0,260.0,275.0,245.0,300.0,285.0,0.0,0.0,0.0,0.0,0.0,865.0,880.0,850.0,895.0,880.0
2026-02-06 00:00:00+00:00,1070.0,1115.0,1025.0,1135.0,1090.0,1195.0,1225.0,1165.0,1200.0,1170.0,1100.0,1130.0,1070.0,1180.0,1150.0,220.0,250.0,190.0,195.0,165.0,55.0,70.0,40.0,35.0,20.0,0.0,0.0,0.0,0.0,0.0,220.0,235.0,205.0,200.0,185.0,220.0,235.0,205.0,200.0,185.0,0.0,0.0,0.0,0.0,0.0,0.0,0.0,0.0,0.0,0.0,1280.0,1295.0,1265.0,1395.0,1380.0
2026-02-09 00:00:00+00:00,-55.0,-10.0,-100.0,-295.0,-340.0,-135.0,-105.0,-165.0,-85.0,-115.0,30.0,45.0,15.0,-160.0,-175.0,-370.0,-325.0,-415.0,-520.0,-565.0,-415.0,-370.0,-460.0,-440.0,-485.0,-505.0,-475.0,-535.0,-420.0,-450.0,-530.0,-515.0,-545.0,-640.0,-655.0,-530.0,-515.0,-545.0,-640.0,-655.0,-505.0,-490.0,-520.0,-565.0,-580.0,0.0,0.0,0.0,0.0,0.0,-570.0,-555.0,-585.0,-660.0,-675.0
2026-02-10 00:00:00+00:00,-60.0,0.0,-120.0,-70.0,-115.0,25.0,55.0,-5.0,-40.0,-70.0,-60.0,-30.0,-90.0,0.0,-30.0,-15.0,30.0,-60.0,-60.0,-105.0,-15.0,30.0,-60.0,-60.0,-105.0,110.0,155.0,65.0,90.0,45.0,110.0,155.0,65.0,-20.0,-65.0,100.0,130.0,70.0,25.0,-5.0,60.0,75.0,45.0,40.0,25.0,0.0,0.0,0.0,0.0,0.0,15.0,30.0,0.0,-45.0,-60.0
2026-02-11 00:00:00+00:00,-35.0,25.0,-95.0,-90.0,-150.0,-155.0,-95.0,-215.0,-225.0,-285.0,-245.0,-215.0,-275.0,-215.0,-245.0,-70.0,-25.0,-115.0,-35.0,-80.0,-150.0,-120.0,-180.0,-125.0,-155.0,-245.0,-230.0,-260.0,-250.0,-265.0,-205.0,-190.0,-220.0,-290.0,-305.0,-205.0,-190.0,-220.0,-290.0,-305.0,-40.0,-25.0,-55.0,75.0,60.0,0.0,0.0,0.0,0.0,0.0,-180.0,-165.0,-195.0,-185.0,-200.0
2026-02-12 00:00:00+00:00,155.0,215.0,95.0,75.0,15.0,75.0,105.0,45.0,15.0,-15.0,-115.0,-85.0,-145.0,-115.0,-145.0,-115.0,-100.0,-130.0,-40.0,-55.0,-20.0,-5.0,-35.0,-55.0,-70.0,-20.0,-5.0,-35.0,-55.0,-70.0,20.0,35.0,5.0,15.0,0.0,20.0,35.0,5.0,15.0,0.0,85.0,100.0,70.0,100.0,85.0,0.0,0.0,0.0,0.0,0.0,60.0,75.0,45.0,40.0,25.0
2026-02-13 00:00:00+00:00,-55.0,-10.0,-100.0,-125.0,-170.0,-285.0,-255.0,-315.0,-470.0,-500.0,-15.0,30.0,-60.0,90.0,45.0,-465.0,-405.0,-525.0,-180.0,-225.0,-130.0,-85.0,-175.0,-330.0,-375.0,20.0,65.0,-25.0,-140.0,-185.0,-30.0,15.0,-75.0,15.0,-30.0,-20.0,25.0,-65.0,-35.0,-80.0,15.0,45.0,-15.0,15.0,-15.0,0.0,0.0,0.0,0.0,0.0,-555.0,-540.0,-570.0,-175.0,-190.0
2026-02-17 00:00:00+00:00,20.0,80.0,-40.0,-135.0,-180.0,-30.0,0.0,-60.0,40.0,10.0,-365.0,-335.0,-395.0,-315.0,-345.0,-210.0,-180.0,-240.0,-135.0,-165.0,-165.0,-135.0,-195.0,-210.0,-240.0,-145.0,-115.0,-175.0,-340.0,-370.0,-70.0,-40.0,-100.0,20.0,-10.0,-70.0,-40.0,-100.0,20.0,-10.0,-50.0,-20.0,-80.0,-110.0,-140.0,0.0,0.0,0.0,0.0,0.0,-230.0,-215.0,-245.0,-50.0,-65.0
2026-02-18 00:00:00+00:00,-110.0,-35.0,-185.0,-200.0,-260.0,20.0,65.0,-25.0,35.0,-10.0,295.0,325.0,265.0,-30.0,-60.0,10.0,55.0,-35.0,40.0,-5.0,30.0,60.0,0.0,-65.0,-95.0,30.0,60.0,0.0,-65.0,-95.0,-180.0,-135.0,-225.0,-390.0,-435.0,-160.0,-130.0,-190.0,-350.0,-380.0,-215.0,-200.0,-230.0,-260.0,-275.0,0.0,0.0,0.0,0.0,0.0,-95.0,-80.0,-110.0,-265.0,-280.0
2026-02-19 00:00:00+00:00,-200.0,-110.0,-290.0,-35.0,-125.0,-275.0,-215.0,-335.0,15.0,-45.0,-135.0,-105.0,-165.0,55.0,40.0,-610.0,-550.0,-670.0,-765.0,-825.0,-705.0,-675.0,-735.0,-685.0,-715.0,-550.0,-535.0,-565.0,-500.0,-515.0,-570.0,-555.0,-585.0,-565.0,-580.0,-570.0,-555.0,-585.0,-565.0,-580.0,-570.0,-555.0,-585.0,-565.0,-580.0,0.0,0.0,0.0,0.0,0.0,-630.0,-615.0,-645.0,-535.0,-550.0
2026-02-20 00:00:00+00:00,-100.0,-25.0,-175.0,-290.0,-365.0,-25.0,-10.0,-40.0,-105.0,-120.0,-165.0,-150.0,-180.0,-210.0,-225.0,-610.0,-580.0,-640.0,-565.0,-595.0,-530.0,-500.0,-560.0,-510.0,-540.0,-475.0,-445.0,-505.0,-505.0,-535.0,-705.0,-690.0,-720.0,-730.0,-745.0,-710.0,-695.0,-725.0,-620.0,-635.0,-595.0,-580.0,-610.0,-595.0,-610.0,0.0,0.0,0.0,0.0,0.0,-745.0,-730.0,-760.0,-790.0,-805.0
2026-02-23 00:00:00+00:00,45.0,105.0,-15.0,-225.0,-285.0,110.0,170.0,50.0,90.0,30.0,110.0,140.0,80.0,165.0,135.0,-35.0,25.0,-95.0,40.0,-5.0,125.0,155.0,95.0,25.0,-5.0,0.0,0.0,0.0,0.0,0.0,-120.0,-90.0,-150.0,125.0,110.0,55.0,70.0,40.0,115.0,100.0,0.0,0.0,0.0,0.0,0.0,0.0,0.0,0.0,0.0,0.0,30.0,45.0,15.0,-50.0,-65.0
2026-02-24 00:00:00+00:00,170.0,245.0,95.0,155.0,80.0,-355.0,-295.0,-415.0,-245.0,-305.0,-145.0,-85.0,-205.0,0.0,-60.0,185.0,230.0,140.0,-145.0,-190.0,185.0,230.0,140.0,-145.0,-190.0,155.0,200.0,110.0,-85.0,-130.0,400.0,430.0,370.0,520.0,490.0,405.0,420.0,390.0,335.0,320.0,410.0,425.0,395.0,335.0,320.0,0.0,0.0,0.0,0.0,0.0,530.0,545.0,515.0,420.0,405.0
2026-02-25 00:00:00+00:00,195.0,270.0,120.0,-160.0,-220.0,100.0,175.0,25.0,-175.0,-235.0,160.0,235.0,85.0,260.0,185.0,225.0,270.0,180.0,150.0,105.0,155.0,185.0,125.0,110.0,80.0,85.0,100.0,70.0,55.0,40.0,135.0,165.0,105.0,155.0,125.0,100.0,115.0,85.0,95.0,80.0,55.0,70.0,40.0,60.0,45.0,0.0,0.0,0.0,0.0,0.0,315.0,330.0,300.0,405.0,390.0
2026-02-26 00:00:00+00:00,140.0,200.0,80.0,320.0,260.0,205.0,280.0,130.0,170.0,110.0,330.0,375.0,285.0,360.0,315.0,25.0,55.0,-5.0,-25.0,-55.0,40.0,70.0,10.0,-20.0,-50.0,0.0,0.0,0.0,0.0,0.0,80.0,95.0,65.0,95.0,80.0,0.0,0.0,0.0,0.0,0.0,0.0,0.0,0.0,0.0,0.0,0.0,0.0,0.0,0.0,0.0,380.0,395.0,365.0,390.0,375.0
2026-02-27 00:00:00+00:00,-805.0,-730.0,-880.0,-215.0,-275.0,-275.0,-230.0,-320.0,-45.0,-90.0,-205.0,-175.0,-235.0,-395.0,-425.0,-320.0,-275.0,-365.0,-635.0,-680.0,-190.0,-160.0,-220.0,-320.0,-350.0,-20.0,10.0,-50.0,-165.0,-195.0,-605.0,-575.0,-635.0,-780.0,-810.0,-565.0,-535.0,-595.0,-785.0,-815.0,-175.0,-145.0,-205.0,-415.0,-445.0,0.0,0.0,0.0,0.0,0.0,-845.0,-830.0,-860.0,-910.0,-925.0
2026-03-02 00:00:00+00:00,115.0,205.0,25.0,180.0,105.0,745.0,760.0,730.0,690.0,675.0,725.0,755.0,695.0,570.0,540.0,215.0,245.0,185.0,145.0,115.0,150.0,165.0,135.0,75.0,60.0,155.0,170.0,140.0,160.0,145.0,195.0,210.0,180.0,35.0,20.0,200.0,215.0,185.0,120.0,105.0,200.0,215.0,185.0,120.0,105.0,0.0,0.0,0.0,0.0,0.0,1180.0,1195.0,1165.0,785.0,770.0
2026-03-03 00:00:00+00:00,-720.0,-675.0,-765.0,-510.0,-555.0,-830.0,-785.0,-875.0,-1020.0,-1065.0,-905.0,-860.0,-950.0,-475.0,-520.0,155.0,215.0,95.0,-230.0,-290.0,145.0,205.0,85.0,85.0,25.0,675.0,720.0,630.0,-250.0,-295.0,425.0,470.0,380.0,570.0,525.0,1090.0,1135.0,1045.0,390.0,345.0,780.0,810.0,750.0,210.0,180.0,0.0,0.0,0.0,0.0,0.0,-435.0,-420.0,-450.0,-415.0,-430.0
2026-03-04 00:00:00+00:00,720.0,765.0,675.0,530.0,485.0,865.0,910.0,820.0,855.0,810.0,755.0,770.0,740.0,825.0,810.0,565.0,595.0,535.0,355.0,325.0,390.0,405.0,375.0,145.0,130.0,0.0,0.0,0.0,0.0,0.0,390.0,405.0,375.0,145.0,130.0,390.0,405.0,375.0,145.0,130.0,0.0,0.0,0.0,0.0,0.0,0.0,0.0,0.0,0.0,0.0,1195.0,1210.0,1180.0,1050.0,1035.0
2026-03-05 00:00:00+00:00,555.0,630.0,480.0,-170.0,-245.0,-145.0,-100.0,-190.0,-585.0,-630.0,-365.0,-305.0,-425.0,-575.0,-635.0,-110.0,-65.0,-155.0,-185.0,-230.0,-215.0,-185.0,-245.0,80.0,50.0,210.0,240.0,180.0,70.0,40.0,365.0,395.0,335.0,365.0,335.0,50.0,65.0,35.0,295.0,280.0,195.0,210.0,180.0,120.0,105.0,0.0,0.0,0.0,0.0,0.0,440.0,455.0,425.0,-145.0,-160.0
2026-03-06 00:00:00+00:00,-790.0,-730.0,-850.0,-465.0,-525.0,-755.0,-710.0,-800.0,-720.0,-765.0,-300.0,-255.0,-345.0,-165.0,-195.0,-390.0,-345.0,-435.0,-315.0,-360.0,-185.0,-140.0,-230.0,-165.0,-210.0,-335.0,-305.0,-365.0,-220.0,-250.0,-315.0,-285.0,-345.0,-320.0,-350.0,-315.0,-285.0,-345.0,-320.0,-350.0,-80.0,-50.0,-110.0,-345.0,-375.0,0.0,0.0,0.0,0.0,0.0,-1325.0,-1310.0,-1340.0,-1275.0,-1290.0
2026-03-09 00:00:00+00:00,-230.0,-170.0,-290.0,395.0,335.0,455.0,515.0,395.0,610.0,550.0,215.0,245.0,185.0,455.0,425.0,40.0,85.0,-5.0,-730.0,-775.0,-215.0,-185.0,-245.0,-670.0,-700.0,-190.0,-175.0,-205.0,-250.0,-265.0,335.0,365.0,305.0,75.0,45.0,335.0,365.0,305.0,75.0,45.0,455.0,470.0,440.0,310.0,295.0,0.0,0.0,0.0,0.0,0.0,500.0,515.0,485.0,805.0,790.0
2026-03-10 00:00:00+00:00,-875.0,-815.0,-935.0,-660.0,-720.0,-1070.0,-995.0,-1145.0,-495.0,-570.0,-545.0,-500.0,-590.0,-525.0,-570.0,-145.0,-55.0,-235.0,15.0,-75.0,-145.0,-55.0,-235.0,15.0,-75.0,440.0,470.0,410.0,75.0,45.0,-345.0,-300.0,-390.0,115.0,70.0,-345.0,-300.0,-390.0,115.0,70.0,-240.0,-195.0,-285.0,100.0,55.0,0.0,0.0,0.0,0.0,0.0,-945.0,-930.0,-960.0,-1030.0,-1045.0
2026-03-11 00:00:00+00:00,-40.0,20.0,-100.0,160.0,100.0,310.0,340.0,280.0,80.0,50.0,320.0,335.0,305.0,210.0,195.0,-115.0,-55.0,-175.0,-15.0,-75.0,60.0,120.0,0.0,-105.0,-165.0,-555.0,-525.0,-585.0,-130.0,-145.0,-445.0,-415.0,-475.0,515.0,500.0,170.0,185.0,155.0,515.0,500.0,345.0,360.0,330.0,425.0,410.0,0.0,0.0,0.0,0.0,0.0,160.0,175.0,145.0,445.0,430.0
2026-03-12 00:00:00+00:00,315.0,390.0,240.0,-30.0,-105.0,115.0,160.0,70.0,-20.0,-65.0,-75.0,-45.0,-105.0,-350.0,-380.0,10.0,70.0,-50.0,20.0,-40.0,-50.0,-5.0,-95.0,190.0,145.0,105.0,150.0,60.0,390.0,345.0,10.0,55.0,-35.0,405.0,360.0,200.0,230.0,170.0,410.0,380.0,290.0,320.0,260.0,595.0,565.0,0.0,0.0,0.0,0.0,0.0,35.0,50.0,20.0,-165.0,-180.0
2026-03-13 00:00:00+00:00,270.0,345.0,195.0,535.0,460.0,345.0,390.0,300.0,235.0,190.0,960.0,975.0,945.0,910.0,895.0,310.0,340.0,280.0,130.0,100.0,310.0,340.0,280.0,130.0,100.0,0.0,0.0,0.0,0.0,0.0,0.0,0.0,0.0,0.0,0.0,0.0,0.0,0.0,0.0,0.0,0.0,0.0,0.0,0.0,0.0,0.0,0.0,0.0,0.0,0.0,960.0,975.0,945.0,910.0,895.0
2026-03-24 00:00:00+00:00,310.0,355.0,265.0,0.0,-45.0,-345.0,-300.0,-390.0,-205.0,-250.0,35.0,95.0,-25.0,-270.0,-330.0,-25.0,35.0,-85.0,-420.0,-480.0,125.0,170.0,80.0,-25.0,-55.0,-45.0,-15.0,-75.0,-25.0,-55.0,275.0,320.0,230.0,210.0,165.0,260.0,305.0,215.0,-155.0,-200.0,240.0,255.0,225.0,580.0,565.0,0.0,0.0,0.0,0.0,0.0,245.0,260.0,230.0,-370.0,-385.0
2026-03-25 00:00:00+00:00,-370.0,-325.0,-415.0,-170.0,-215.0,-395.0,-335.0,-455.0,200.0,140.0,-60.0,-30.0,-90.0,395.0,365.0,820.0,880.0,760.0,475.0,415.0,820.0,880.0,760.0,350.0,290.0,280.0,310.0,250.0,130.0,100.0,390.0,420.0,360.0,-20.0,-50.0,210.0,225.0,195.0,-65.0,-80.0,210.0,225.0,195.0,-65.0,-80.0,0.0,0.0,0.0,0.0,0.0,225.0,240.0,210.0,210.0,195.0
2026-03-26 00:00:00+00:00,50.0,95.0,5.0,-175.0,-220.0,-545.0,-500.0,-590.0,-600.0,-645.0,-140.0,-110.0,-170.0,-270.0,-300.0,-335.0,-290.0,-380.0,-95.0,-125.0,-155.0,-125.0,-185.0,90.0,60.0,-50.0,-35.0,-65.0,-80.0,-95.0,-290.0,-260.0,-320.0,-155.0,-185.0,135.0,150.0,120.0,90.0,75.0,135.0,150.0,120.0,90.0,75.0,0.0,0.0,0.0,0.0,0.0,-435.0,-420.0,-450.0,-490.0,-505.0
2026-03-27 00:00:00+00:00,65.0,125.0,5.0,-140.0,-200.0,-565.0,-520.0,-610.0,-725.0,-770.0,-230.0,-200.0,-260.0,-275.0,-305.0,-380.0,-335.0,-425.0,-150.0,-195.0,-120.0,-75.0,-165.0,55.0,10.0,-120.0,-75.0,-165.0,55.0,10.0,-695.0,-665.0,-725.0,-260.0,-290.0,-695.0,-665.0,-725.0,-260.0,-290.0,-105.0,-75.0,-135.0,220.0,190.0,0.0,0.0,0.0,0.0,0.0,-530.0,-515.0,-545.0,-285.0,-300.0
2026-03-30 00:00:00+00:00,245.0,305.0,185.0,240.0,180.0,335.0,380.0,290.0,180.0,135.0,165.0,210.0,120.0,25.0,-20.0,10.0,40.0,-20.0,100.0,70.0,335.0,365.0,305.0,195.0,165.0,80.0,95.0,65.0,-30.0,-45.0,435.0,465.0,405.0,115.0,85.0,230.0,245.0,215.0,15.0,0.0,20.0,35.0,5.0,-25.0,-40.0,0.0,0.0,0.0,0.0,0.0,465.0,480.0,450.0,370.0,355.0
2026-03-31 00:00:00+00:00,-490.0,-400.0,-580.0,200.0,110.0,-170.0,-110.0,-230.0,-190.0,-250.0,-815.0,-755.0,-875.0,-260.0,-320.0,645.0,720.0,570.0,180.0,105.0,645.0,720.0,570.0,180.0,105.0,-95.0,-65.0,-125.0,330.0,300.0,360.0,420.0,300.0,35.0,-25.0,35.0,80.0,-10.0,-40.0,-85.0,-130.0,-100.0,-160.0,40.0,10.0,0.0,0.0,0.0,0.0,0.0,175.0,190.0,160.0,135.0,120.0
2026-04-01 00:00:00+00:00,555.0,600.0,510.0,240.0,195.0,880.0,940.0,820.0,485.0,425.0,430.0,475.0,385.0,165.0,120.0,110.0,155.0,65.0,-80.0,-125.0,-5.0,25.0,-35.0,-85.0,-115.0,110.0,125.0,95.0,55.0,40.0,275.0,305.0,245.0,345.0,315.0,275.0,305.0,245.0,345.0,315.0,305.0,320.0,290.0,480.0,465.0,0.0,0.0,0.0,0.0,0.0,740.0,755.0,725.0,790.0,775.0
2026-04-02 00:00:00+00:00,-665.0,-605.0,-725.0,-720.0,-780.0,-640.0,-610.0,-670.0,-590.0,-620.0,-315.0,-285.0,-345.0,-360.0,-390.0,-395.0,-335.0,-455.0,-85.0,-145.0,-240.0,-180.0,-300.0,0.0,-60.0,-195.0,-150.0,-240.0,25.0,-20.0,-460.0,-400.0,-520.0,-80.0,-140.0,-320.0,-260.0,-380.0,90.0,30.0,-135.0,-75.0,-195.0,140.0,80.0,0.0,0.0,0.0,0.0,0.0,-1075.0,-1060.0,-1090.0,-920.0,-935.0
2026-04-06 00:00:00+00:00,-345.0,-285.0,-405.0,-410.0,-470.0,-200.0,-155.0,-245.0,-150.0,-195.0,-100.0,-85.0,-115.0,-185.0,-200.0,-125.0,-35.0,-215.0,-580.0,-655.0,-270.0,-210.0,-330.0,-485.0,-545.0,-145.0,-100.0,-190.0,-160.0,-205.0,-520.0,-505.0,-535.0,-540.0,-555.0,-520.0,-505.0,-535.0,-540.0,-555.0,-520.0,-505.0,-535.0,-540.0,-555.0,0.0,0.0,0.0,0.0,0.0,-605.0,-590.0,-620.0,-710.0,-725.0
2026-04-07 00:00:00+00:00,235.0,295.0,175.0,-675.0,-735.0,-505.0,-460.0,-550.0,115.0,85.0,95.0,110.0,80.0,-95.0,-110.0,-1195.0,-1180.0,-1210.0,-1270.0,-1285.0,-1195.0,-1180.0,-1210.0,-1270.0,-1285.0,-1195.0,-1180.0,-1210.0,-1270.0,-1285.0,-1530.0,-1515.0,-1545.0,-1430.0,-1445.0,-1530.0,-1515.0,-1545.0,-1430.0,-1445.0,-1190.0,-1175.0,-1205.0,-1415.0,-1430.0,0.0,0.0,0.0,0.0,0.0,-1420.0,-1405.0,-1435.0,-1510.0,-1525.0
2026-04-08 00:00:00+00:00,330.0,405.0,255.0,585.0,510.0,435.0,480.0,390.0,690.0,645.0,710.0,740.0,680.0,815.0,785.0,525.0,585.0,465.0,-20.0,-80.0,505.0,535.0,475.0,280.0,250.0,0.0,0.0,0.0,0.0,0.0,105.0,120.0,90.0,140.0,125.0,105.0,120.0,90.0,140.0,125.0,0.0,0.0,0.0,0.0,0.0,0.0,0.0,0.0,0.0,0.0,1000.0,1015.0,985.0,930.0,915.0
2026-04-09 00:00:00+00:00,-290.0,-200.0,-380.0,-440.0,-530.0,-165.0,-105.0,-225.0,-385.0,-445.0,-275.0,-200.0,-350.0,-495.0,-570.0,95.0,185.0,5.0,345.0,255.0,25.0,100.0,-50.0,225.0,150.0,-125.0,-95.0,-155.0,5.0,-25.0,405.0,465.0,345.0,480.0,420.0,360.0,420.0,300.0,370.0,310.0,220.0,265.0,175.0,120.0,75.0,0.0,0.0,0.0,0.0,0.0,125.0,140.0,110.0,90.0,75.0
2026-04-10 00:00:00+00:00,300.0,360.0,240.0,165.0,105.0,-20.0,40.0,-80.0,145.0,85.0,40.0,85.0,-5.0,30.0,-15.0,190.0,220.0,160.0,70.0,40.0,190.0,220.0,160.0,70.0,40.0,0.0,0.0,0.0,0.0,0.0,445.0,475.0,415.0,190.0,160.0,445.0,475.0,415.0,190.0,160.0,330.0,345.0,315.0,180.0,165.0,0.0,0.0,0.0,0.0,0.0,515.0,530.0,500.0,375.0,360.0
2026-04-13 00:00:00+00:00,-105.0,-45.0,-165.0,-535.0,-595.0,-830.0,-770.0,-890.0,-360.0,-420.0,-395.0,-335.0,-455.0,-495.0,-555.0,-745.0,-670.0,-820.0,-205.0,-265.0,-865.0,-820.0,-910.0,-25.0,-55.0,-900.0,-885.0,-915.0,0.0,0.0,-680.0,-620.0,-740.0,-60.0,-105.0,-840.0,-810.0,-870.0,55.0,40.0,85.0,100.0,70.0,15.0,0.0,0.0,0.0,0.0,0.0,0.0,-1215.0,-1200.0,-1230.0,-1415.0,-1430.0
2026-04-14 00:00:00+00:00,80.0,140.0,20.0,-45.0,-105.0,-585.0,-525.0,-645.0,-190.0,-250.0,-235.0,-220.0,-250.0,-250.0,-265.0,100.0,145.0,55.0,-310.0,-355.0,100.0,145.0,55.0,-310.0,-355.0,100.0,145.0,55.0,-310.0,-355.0,60.0,105.0,15.0,-320.0,-365.0,155.0,200.0,110.0,-290.0,-335.0,155.0,200.0,110.0,-290.0,-335.0,0.0,0.0,0.0,0.0,0.0,-505.0,-490.0,-520.0,-555.0,-570.0
2026-04-15 00:00:00+00:00,-305.0,-230.0,-380.0,-365.0,-440.0,-185.0,-110.0,-260.0,-435.0,-495.0,105.0,150.0,60.0,-275.0,-320.0,60.0,135.0,-15.0,230.0,155.0,20.0,80.0,-40.0,290.0,230.0,230.0,275.0,185.0,250.0,205.0,165.0,195.0,135.0,325.0,295.0,445.0,475.0,415.0,240.0,210.0,445.0,475.0,415.0,240.0,210.0,0.0,0.0,0.0,0.0,0.0,-20.0,-5.0,-35.0,205.0,190.0
2026-04-17 00:00:00+00:00,160.0,220.0,100.0,180.0,120.0,290.0,335.0,245.0,295.0,250.0,235.0,295.0,175.0,200.0,140.0,80.0,125.0,35.0,60.0,15.0,35.0,80.0,-10.0,10.0,-35.0,-80.0,-65.0,-95.0,-65.0,-80.0,45.0,60.0,30.0,25.0,10.0,45.0,60.0,30.0,25.0,10.0,45.0,60.0,30.0,25.0,10.0,0.0,0.0,0.0,0.0,0.0,330.0,345.0,315.0,385.0,370.0
2026-04-20 00:00:00+00:00,-215.0,-155.0,-275.0,-175.0,-235.0,-155.0,-110.0,-200.0,-240.0,-285.0,-110.0,-80.0,-140.0,-185.0,-215.0,-15.0,30.0,-60.0,-20.0,-65.0,-10.0,20.0,-40.0,-180.0,-210.0,-125.0,-110.0,-140.0,-180.0,-195.0,-90.0,-75.0,-105.0,-45.0,-60.0,-115.0,-100.0,-130.0,5.0,-10.0,105.0,120.0,90.0,95.0,80.0,0.0,0.0,0.0,0.0,0.0,15.0,30.0,0.0,30.0,15.0
2026-04-23 00:00:00+00:00,-145.0,-85.0,-205.0,-465.0,-525.0,-310.0,-280.0,-340.0,-280.0,-310.0,-720.0,-675.0,-765.0,-440.0,-485.0,-205.0,-160.0,-250.0,500.0,455.0,-145.0,-115.0,-175.0,130.0,100.0,-145.0,-115.0,-175.0,145.0,115.0,355.0,385.0,325.0,390.0,360.0,355.0,385.0,325.0,390.0,360.0,485.0,515.0,455.0,420.0,390.0,0.0,0.0,0.0,0.0,0.0,115.0,130.0,100.0,490.0,475.0
2026-04-24 00:00:00+00:00,590.0,650.0,530.0,345.0,285.0,395.0,470.0,320.0,255.0,180.0,400.0,445.0,355.0,570.0,525.0,130.0,205.0,55.0,360.0,285.0,-25.0,-10.0,-40.0,115.0,100.0,0.0,0.0,0.0,0.0,0.0,30.0,60.0,0.0,290.0,260.0,55.0,70.0,40.0,175.0,160.0,0.0,0.0,0.0,0.0,0.0,0.0,0.0,0.0,0.0,0.0,760.0,775.0,745.0,805.0,790.0
2026-04-28 00:00:00+00:00,-475.0,-400.0,-550.0,-410.0,-485.0,-385.0,-355.0,-415.0,-255.0,-285.0,-245.0,-215.0,-275.0,-190.0,-220.0,325.0,400.0,250.0,-85.0,-160.0,165.0,195.0,135.0,10.0,-20.0,110.0,125.0,95.0,5.0,-10.0,245.0,290.0,200.0,-25.0,-70.0,370.0,385.0,355.0,250.0,235.0,420.0,435.0,405.0,260.0,245.0,0.0,0.0,0.0,0.0,0.0,-10.0,5.0,-25.0,40.0,25.0
2026-04-30 00:00:00+00:00,895.0,955.0,835.0,1150.0,1090.0,2050.0,2080.0,2020.0,2040.0,2010.0,2350.0,2365.0,2335.0,2430.0,2415.0,255.0,300.0,210.0,260.0,230.0,265.0,295.0,235.0,260.0,230.0,0.0,0.0,0.0,0.0,0.0,555.0,570.0,540.0,455.0,440.0,555.0,570.0,540.0,455.0,440.0,450.0,465.0,435.0,140.0,125.0,0.0,0.0,0.0,0.0,0.0,2345.0,2360.0,2330.0,2430.0,2415.0
2026-05-04 00:00:00+00:00,-880.0,-805.0,-955.0,-1465.0,-1540.0,-1195.0,-1105.0,-1285.0,-1180.0,-1255.0,-1155.0,-1110.0,-1200.0,-1480.0,-1525.0,305.0,365.0,245.0,565.0,505.0,195.0,240.0,150.0,570.0,525.0,150.0,180.0,120.0,505.0,475.0,370.0,400.0,340.0,620.0,590.0,345.0,375.0,315.0,615.0,585.0,360.0,375.0,345.0,625.0,610.0,0.0,0.0,0.0,0.0,0.0,-505.0,-490.0,-520.0,-565.0,-580.0
2026-05-06 00:00:00+00:00,970.0,1000.0,940.0,1400.0,1370.0,1025.0,1055.0,995.0,1275.0,1245.0,985.0,1000.0,970.0,1350.0,1335.0,0.0,0.0,0.0,0.0,0.0,0.0,0.0,0.0,0.0,0.0,0.0,0.0,0.0,0.0,0.0,0.0,0.0,0.0,0.0,0.0,0.0,0.0,0.0,0.0,0.0,0.0,0.0,0.0,0.0,0.0,0.0,0.0,0.0,0.0,0.0,930.0,945.0,915.0,1350.0,1335.0
2026-05-07 00:00:00+00:00,-95.0,-5.0,-185.0,130.0,55.0,-105.0,-45.0,-165.0,-185.0,-245.0,75.0,105.0,45.0,105.0,75.0,225.0,300.0,150.0,-85.0,-160.0,130.0,175.0,85.0,-115.0,-160.0,105.0,135.0,75.0,-70.0,-100.0,60.0,105.0,15.0,-110.0,-155.0,130.0,160.0,100.0,-30.0,-60.0,145.0,175.0,115.0,10.0,-20.0,0.0,0.0,0.0,0.0,0.0,75.0,90.0,60.0,105.0,90.0
2026-05-08 00:00:00+00:00,0.0,60.0,-60.0,-175.0,-235.0,280.0,310.0,250.0,155.0,125.0,-115.0,-70.0,-160.0,-55.0,-100.0,85.0,130.0,40.0,10.0,-35.0,40.0,55.0,25.0,90.0,75.0,40.0,55.0,25.0,90.0,75.0,165.0,195.0,135.0,35.0,20.0,180.0,195.0,165.0,35.0,20.0,180.0,195.0,165.0,35.0,20.0,0.0,0.0,0.0,0.0,0.0,160.0,175.0,145.0,90.0,75.0
2026-05-13 00:00:00+00:00,-105.0,-45.0,-165.0,-135.0,-195.0,-120.0,-75.0,-165.0,-135.0,-180.0,-230.0,-200.0,-260.0,75.0,45.0,-360.0,-315.0,-405.0,-115.0,-160.0,-150.0,-105.0,-195.0,65.0,20.0,-35.0,-5.0,-65.0,-15.0,-45.0,-285.0,-240.0,-330.0,-55.0,-100.0,-225.0,-195.0,-255.0,-75.0,-105.0,-15.0,15.0,-45.0,110.0,80.0,0.0,0.0,0.0,0.0,0.0,-320.0,-305.0,-335.0,-300.0,-315.0
2026-05-14 00:00:00+00:00,160.0,235.0,85.0,40.0,-35.0,125.0,185.0,65.0,440.0,380.0,475.0,505.0,445.0,535.0,505.0,275.0,305.0,245.0,410.0,380.0,310.0,340.0,280.0,410.0,380.0,45.0,60.0,30.0,185.0,170.0,170.0,185.0,155.0,245.0,230.0,205.0,220.0,190.0,245.0,230.0,230.0,245.0,215.0,205.0,190.0,0.0,0.0,0.0,0.0,0.0,690.0,705.0,675.0,800.0,785.0
2026-05-15 00:00:00+00:00,-525.0,-450.0,-600.0,15.0,-60.0,200.0,230.0,170.0,75.0,45.0,-180.0,-150.0,-210.0,-135.0,-165.0,605.0,680.0,530.0,115.0,55.0,775.0,835.0,715.0,115.0,55.0,65.0,80.0,50.0,90.0,75.0,425.0,485.0,365.0,305.0,245.0,165.0,180.0,150.0,20.0,5.0,0.0,0.0,0.0,0.0,0.0,0.0,0.0,0.0,0.0,0.0,25.0,40.0,10.0,-55.0,-70.0
2026-05-18 00:00:00+00:00,-515.0,-425.0,-605.0,-280.0,-370.0,-585.0,-510.0,-660.0,-215.0,-290.0,-220.0,-175.0,-265.0,100.0,55.0,245.0,320.0,170.0,110.0,35.0,420.0,480.0,360.0,35.0,-25.0,510.0,555.0,465.0,75.0,30.0,230.0,275.0,185.0,190.0,145.0,420.0,465.0,375.0,125.0,80.0,420.0,465.0,375.0,125.0,80.0,0.0,0.0,0.0,0.0,0.0,445.0,460.0,430.0,465.0,450.0
2026-05-19 00:00:00+00:00,-335.0,-275.0,-395.0,-395.0,-455.0,-605.0,-560.0,-650.0,-545.0,-590.0,-135.0,-105.0,-165.0,-210.0,-240.0,-55.0,5.0,-115.0,-5.0,-50.0,-25.0,35.0,-85.0,-70.0,-115.0,260.0,320.0,200.0,-30.0,-75.0,440.0,485.0,395.0,215.0,185.0,280.0,310.0,250.0,175.0,145.0,280.0,310.0,250.0,175.0,145.0,0.0,0.0,0.0,0.0,0.0,-435.0,-420.0,-450.0,-455.0,-470.0
2026-05-20 00:00:00+00:00,-155.0,-80.0,-230.0,200.0,140.0,-250.0,-190.0,-310.0,15.0,-30.0,-95.0,-50.0,-140.0,-50.0,-95.0,65.0,125.0,5.0,85.0,25.0,55.0,85.0,25.0,140.0,110.0,90.0,105.0,75.0,20.0,5.0,380.0,425.0,335.0,275.0,230.0,110.0,125.0,95.0,145.0,130.0,0.0,0.0,0.0,0.0,0.0,0.0,0.0,0.0,0.0,0.0,115.0,130.0,100.0,215.0,200.0
2026-05-21 00:00:00+00:00,-580.0,-520.0,-640.0,-640.0,-700.0,-495.0,-450.0,-540.0,-690.0,-735.0,-495.0,-480.0,-510.0,-405.0,-420.0,-50.0,-5.0,-95.0,-55.0,-100.0,-155.0,-125.0,-185.0,-190.0,-220.0,-155.0,-125.0,-185.0,-190.0,-220.0,-270.0,-255.0,-285.0,-305.0,-320.0,-270.0,-255.0,-285.0,-305.0,-320.0,-270.0,-255.0,-285.0,-305.0,-320.0,0.0,0.0,0.0,0.0,0.0,-465.0,-450.0,-480.0,-525.0,-540.0
2026-05-22 00:00:00+00:00,-5.0,40.0,-50.0,320.0,275.0,135.0,180.0,90.0,-150.0,-195.0,-215.0,-170.0,-260.0,-425.0,-470.0,-25.0,5.0,-55.0,30.0,0.0,-25.0,5.0,-55.0,30.0,0.0,60.0,90.0,30.0,250.0,220.0,195.0,225.0,165.0,295.0,265.0,340.0,370.0,310.0,405.0,375.0,340.0,370.0,310.0,405.0,375.0,0.0,0.0,0.0,0.0,0.0,280.0,295.0,265.0,360.0,345.0
2026-05-26 00:00:00+00:00,-860.0,-770.0,-950.0,-420.0,-510.0,-570.0,-495.0,-645.0,-320.0,-395.0,-360.0,-330.0,-390.0,-115.0,-145.0,550.0,625.0,475.0,115.0,40.0,345.0,390.0,300.0,320.0,275.0,400.0,430.0,370.0,205.0,175.0,345.0,390.0,300.0,190.0,145.0,430.0,475.0,385.0,330.0,285.0,555.0,585.0,525.0,380.0,350.0,0.0,0.0,0.0,0.0,0.0,335.0,350.0,320.0,160.0,145.0
2026-05-27 00:00:00+00:00,-40.0,20.0,-100.0,-100.0,-160.0,125.0,155.0,95.0,-40.0,-70.0,90.0,135.0,45.0,20.0,-25.0,-945.0,-915.0,-975.0,-860.0,-890.0,-800.0,-770.0,-830.0,-785.0,-815.0,-780.0,-750.0,-810.0,-785.0,-815.0,-965.0,-950.0,-980.0,-980.0,-995.0,-955.0,-940.0,-970.0,-965.0,-980.0,-950.0,-935.0,-965.0,-975.0,-990.0,0.0,0.0,0.0,0.0,0.0,-795.0,-780.0,-810.0,-910.0,-925.0
2026-05-28 00:00:00+00:00,-255.0,-180.0,-330.0,-395.0,-470.0,10.0,55.0,-35.0,-250.0,-295.0,-270.0,-225.0,-315.0,-100.0,-145.0,-130.0,-85.0,-175.0,-125.0,-170.0,-135.0,-105.0,-165.0,-15.0,-45.0,-135.0,-105.0,-165.0,-15.0,-45.0,-225.0,-180.0,-270.0,-185.0,-230.0,-140.0,-125.0,-155.0,-115.0,-130.0,-140.0,-125.0,-155.0,-115.0,-130.0,0.0,0.0,0.0,0.0,0.0,-240.0,-225.0,-255.0,-340.0,-355.0
2026-05-29 00:00:00+00:00,410.0,470.0,350.0,465.0,405.0,460.0,505.0,415.0,210.0,165.0,110.0,140.0,80.0,55.0,25.0,-185.0,-170.0,-200.0,-165.0,-180.0,-185.0,-170.0,-200.0,-165.0,-180.0,10.0,25.0,-5.0,25.0,10.0,190.0,220.0,160.0,145.0,115.0,115.0,130.0,100.0,150.0,135.0,115.0,130.0,100.0,150.0,135.0,0.0,0.0,0.0,0.0,0.0,420.0,435.0,405.0,295.0,280.0
2026-06-01 00:00:00+00:00,150.0,225.0,75.0,145.0,85.0,130.0,175.0,85.0,240.0,195.0,460.0,475.0,445.0,415.0,400.0,165.0,180.0,150.0,145.0,130.0,165.0,180.0,150.0,145.0,130.0,0.0,0.0,0.0,0.0,0.0,0.0,0.0,0.0,0.0,0.0,0.0,0.0,0.0,0.0,0.0,0.0,0.0,0.0,0.0,0.0,0.0,0.0,0.0,0.0,0.0,460.0,475.0,445.0,415.0,400.0
2026-06-02 00:00:00+00:00,-120.0,-60.0,-180.0,-135.0,-195.0,-45.0,-15.0,-75.0,-170.0,-200.0,-205.0,-175.0,-235.0,-200.0,-230.0,-310.0,-265.0,-355.0,-205.0,-250.0,-310.0,-265.0,-355.0,-205.0,-250.0,-255.0,-210.0,-300.0,-215.0,-260.0,-315.0,-285.0,-345.0,-250.0,-280.0,-315.0,-285.0,-345.0,-250.0,-280.0,-170.0,-140.0,-200.0,-15.0,-45.0,0.0,0.0,0.0,0.0,0.0,-505.0,-490.0,-520.0,-430.0,-445.0
2026-06-03 00:00:00+00:00,-10.0,65.0,-85.0,45.0,-30.0,-20.0,10.0,-50.0,-150.0,-180.0,-5.0,40.0,-50.0,-90.0,-135.0,25.0,85.0,-35.0,-70.0,-130.0,25.0,85.0,-35.0,-70.0,-130.0,10.0,40.0,-20.0,20.0,-10.0,105.0,135.0,75.0,70.0,40.0,190.0,220.0,160.0,215.0,185.0,190.0,220.0,160.0,215.0,185.0,0.0,0.0,0.0,0.0,0.0,115.0,130.0,100.0,20.0,5.0
2026-06-04 00:00:00+00:00,755.0,830.0,680.0,835.0,760.0,1055.0,1085.0,1025.0,1215.0,1185.0,500.0,545.0,455.0,600.0,555.0,505.0,565.0,445.0,25.0,-35.0,435.0,480.0,390.0,10.0,-35.0,345.0,375.0,315.0,110.0,80.0,590.0,635.0,545.0,400.0,355.0,570.0,615.0,525.0,330.0,285.0,310.0,325.0,295.0,255.0,240.0,0.0,0.0,0.0,0.0,0.0,1385.0,1400.0,1370.0,1365.0,1350.0
2026-06-05 00:00:00+00:00,-235.0,-145.0,-325.0,-345.0,-435.0,-270.0,-210.0,-330.0,220.0,160.0,115.0,160.0,70.0,55.0,10.0,550.0,610.0,490.0,215.0,170.0,270.0,315.0,225.0,125.0,95.0,230.0,260.0,200.0,60.0,45.0,130.0,160.0,100.0,315.0,285.0,170.0,185.0,155.0,0.0,0.0,170.0,185.0,155.0,0.0,0.0,0.0,0.0,0.0,0.0,0.0,205.0,220.0,190.0,155.0,140.0
2026-06-08 00:00:00+00:00,395.0,485.0,305.0,-55.0,-145.0,165.0,240.0,90.0,195.0,120.0,1310.0,1325.0,1295.0,1215.0,1200.0,925.0,970.0,880.0,1065.0,1020.0,925.0,970.0,880.0,1065.0,1020.0,255.0,270.0,240.0,340.0,325.0,425.0,455.0,395.0,250.0,220.0,120.0,135.0,105.0,0.0,-15.0,120.0,135.0,105.0,0.0,-15.0,0.0,0.0,0.0,0.0,0.0,1365.0,1380.0,1350.0,1205.0,1190.0
2026-06-10 00:00:00+00:00,-760.0,-685.0,-835.0,-645.0,-720.0,-1365.0,-1320.0,-1410.0,255.0,210.0,-590.0,-560.0,-620.0,240.0,210.0,575.0,650.0,500.0,-505.0,-580.0,890.0,965.0,815.0,-590.0,-665.0,1015.0,1060.0,970.0,355.0,310.0,1000.0,1075.0,925.0,-260.0,-335.0,1160.0,1220.0,1100.0,340.0,280.0,1440.0,1485.0,1395.0,600.0,555.0,0.0,0.0,0.0,0.0,0.0,-585.0,-570.0,-600.0,-480.0,-495.0
2026-06-11 00:00:00+00:00,320.0,395.0,245.0,185.0,125.0,-30.0,15.0,-75.0,-175.0,-220.0,125.0,140.0,110.0,95.0,80.0,55.0,85.0,25.0,90.0,60.0,55.0,85.0,25.0,90.0,60.0,210.0,240.0,180.0,185.0,155.0,170.0,200.0,140.0,55.0,25.0,325.0,355.0,295.0,150.0,120.0,320.0,350.0,290.0,165.0,135.0,0.0,0.0,0.0,0.0,0.0,115.0,130.0,100.0,175.0,160.0
2026-06-12 00:00:00+00:00,1005.0,1050.0,960.0,1135.0,1090.0,1035.0,1065.0,1005.0,1095.0,1065.0,295.0,325.0,265.0,320.0,290.0,-750.0,-735.0,-765.0,-645.0,-660.0,-750.0,-735.0,-765.0,-645.0,-660.0,-750.0,-735.0,-765.0,-645.0,-660.0,-240.0,-225.0,-255.0,-20.0,-35.0,-240.0,-225.0,-255.0,-20.0,-35.0,70.0,85.0,55.0,-20.0,-35.0,0.0,0.0,0.0,0.0,0.0,440.0,455.0,425.0,540.0,525.0
2026-06-22 00:00:00+00:00,265.0,310.0,220.0,-65.0,-110.0,-365.0,-320.0,-410.0,-345.0,-390.0,-15.0,45.0,-75.0,-215.0,-275.0,10.0,55.0,-35.0,75.0,45.0,5.0,50.0,-40.0,180.0,150.0,5.0,35.0,-25.0,205.0,175.0,185.0,215.0,155.0,165.0,135.0,150.0,165.0,135.0,180.0,165.0,0.0,0.0,0.0,0.0,0.0,0.0,0.0,0.0,0.0,0.0,300.0,315.0,285.0,170.0,155.0
2026-06-23 00:00:00+00:00,-395.0,-305.0,-485.0,335.0,245.0,495.0,540.0,450.0,695.0,650.0,205.0,220.0,190.0,285.0,270.0,160.0,220.0,100.0,-110.0,-170.0,145.0,175.0,115.0,35.0,5.0,55.0,70.0,40.0,65.0,50.0,55.0,70.0,40.0,145.0,130.0,55.0,70.0,40.0,145.0,130.0,100.0,115.0,85.0,80.0,65.0,0.0,0.0,0.0,0.0,0.0,565.0,580.0,550.0,855.0,840.0
2026-06-26 00:00:00+00:00,-530.0,-455.0,-605.0,-290.0,-365.0,-480.0,-420.0,-540.0,-305.0,-365.0,-160.0,-115.0,-205.0,-355.0,-400.0,340.0,400.0,280.0,445.0,385.0,430.0,490.0,370.0,315.0,255.0,160.0,190.0,130.0,115.0,85.0,520.0,580.0,460.0,140.0,95.0,520.0,580.0,460.0,140.0,95.0,520.0,580.0,460.0,140.0,95.0,0.0,0.0,0.0,0.0,0.0,-15.0,0.0,-30.0,-195.0,-210.0
2026-07-06 00:00:00+00:00,-315.0,-255.0,-375.0,-245.0,-305.0,-390.0,-345.0,-435.0,-345.0,-390.0,-145.0,-100.0,-190.0,-315.0,-360.0,-40.0,20.0,-100.0,-5.0,-65.0,-95.0,-50.0,-140.0,-240.0,-285.0,-45.0,0.0,-90.0,-205.0,-250.0,-145.0,-100.0,-190.0,-265.0,-310.0,-145.0,-100.0,-190.0,-265.0,-310.0,-195.0,-165.0,-225.0,-385.0,-415.0,0.0,0.0,0.0,0.0,0.0,-480.0,-465.0,-495.0,-550.0,-565.0
2026-07-08 00:00:00+00:00,175.0,220.0,130.0,550.0,505.0,-60.0,-30.0,-90.0,-185.0,-215.0,515.0,545.0,485.0,420.0,390.0,140.0,185.0,95.0,-10.0,-55.0,250.0,295.0,205.0,100.0,70.0,370.0,415.0,325.0,180.0,150.0,640.0,685.0,595.0,680.0,650.0,640.0,685.0,595.0,680.0,650.0,0.0,0.0,0.0,0.0,0.0,0.0,0.0,0.0,0.0,0.0,700.0,715.0,685.0,965.0,950.0
2026-07-13 00:00:00+00:00,-390.0,-315.0,-465.0,-260.0,-335.0,-190.0,-145.0,-235.0,-180.0,-225.0,-160.0,-130.0,-190.0,-175.0,-205.0,-140.0,-80.0,-200.0,-155.0,-215.0,-160.0,-115.0,-205.0,-170.0,-215.0,-110.0,-80.0,-140.0,-60.0,-90.0,-185.0,-155.0,-215.0,-175.0,-205.0,-185.0,-155.0,-215.0,-175.0,-205.0,-65.0,-35.0,-95.0,-15.0,-45.0,0.0,0.0,0.0,0.0,0.0,-490.0,-475.0,-505.0,-535.0,-550.0
2026-07-14 00:00:00+00:00,-430.0,-370.0,-490.0,100.0,55.0,-70.0,-40.0,-100.0,-55.0,-85.0,-20.0,10.0,-50.0,-115.0,-145.0,-450.0,-405.0,-495.0,-915.0,-960.0,-600.0,-585.0,-615.0,-915.0,-930.0,-600.0,-585.0,-615.0,-915.0,-930.0,-630.0,-585.0,-675.0,-765.0,-810.0,-630.0,-585.0,-675.0,-765.0,-810.0,-635.0,-620.0,-650.0,-845.0,-860.0,0.0,0.0,0.0,0.0,0.0,-590.0,-575.0,-605.0,-820.0,-835.0
2026-07-15 00:00:00+00:00,-360.0,-285.0,-435.0,-800.0,-875.0,-70.0,-40.0,-100.0,-55.0,-85.0,55.0,70.0,40.0,-25.0,-40.0,-265.0,-205.0,-325.0,-45.0,-105.0,-375.0,-330.0,-420.0,25.0,-20.0,-85.0,-55.0,-115.0,105.0,75.0,-580.0,-550.0,-610.0,-390.0,-420.0,-580.0,-550.0,-610.0,-390.0,-420.0,-450.0,-420.0,-480.0,-110.0,-140.0,0.0,0.0,0.0,0.0,0.0,-460.0,-445.0,-475.0,-465.0,-480.0
2026-07-16 00:00:00+00:00,-355.0,-280.0,-430.0,-330.0,-390.0,-440.0,-380.0,-500.0,-300.0,-345.0,-350.0,-290.0,-410.0,-435.0,-495.0,1015.0,1075.0,955.0,835.0,775.0,850.0,895.0,805.0,755.0,710.0,920.0,965.0,875.0,895.0,850.0,765.0,795.0,735.0,775.0,745.0,780.0,795.0,765.0,895.0,880.0,780.0,795.0,765.0,895.0,880.0,0.0,0.0,0.0,0.0,0.0,60.0,75.0,45.0,370.0,355.0
2026-07-17 00:00:00+00:00,-600.0,-510.0,-690.0,40.0,-50.0,-225.0,-150.0,-300.0,315.0,240.0,25.0,55.0,-5.0,410.0,380.0,315.0,375.0,255.0,375.0,315.0,480.0,540.0,420.0,490.0,430.0,200.0,215.0,185.0,190.0,175.0,255.0,315.0,195.0,170.0,125.0,275.0,305.0,245.0,345.0,315.0,0.0,0.0,0.0,0.0,0.0,0.0,0.0,0.0,0.0,0.0,410.0,425.0,395.0,620.0,605.0
2026-07-20 00:00:00+00:00,-35.0,25.0,-95.0,-35.0,-95.0,95.0,140.0,50.0,-60.0,-105.0,80.0,110.0,50.0,590.0,560.0,400.0,430.0,370.0,115.0,100.0,-125.0,-110.0,-140.0,115.0,100.0,-125.0,-110.0,-140.0,115.0,100.0,70.0,85.0,55.0,70.0,55.0,70.0,85.0,55.0,70.0,55.0,55.0,70.0,40.0,-30.0,-45.0,0.0,0.0,0.0,0.0,0.0,410.0,425.0,395.0,595.0,580.0
2026-07-21 00:00:00+00:00,15.0,60.0,-30.0,-95.0,-140.0,235.0,295.0,175.0,-60.0,-120.0,-405.0,-360.0,-450.0,-755.0,-800.0,-330.0,-285.0,-375.0,-230.0,-275.0,-280.0,-235.0,-325.0,-190.0,-235.0,-230.0,-200.0,-260.0,-330.0,-360.0,-310.0,-265.0,-355.0,-190.0,-235.0,-155.0,-110.0,-200.0,-225.0,-270.0,90.0,120.0,60.0,-45.0,-75.0,0.0,0.0,0.0,0.0,0.0,-270.0,-255.0,-285.0,-445.0,-460.0
2026-07-22 00:00:00+00:00,-380.0,-290.0,-470.0,-450.0,-540.0,-580.0,-520.0,-640.0,-475.0,-535.0,-600.0,-555.0,-645.0,-545.0,-590.0,-60.0,0.0,-120.0,-460.0,-520.0,-285.0,-255.0,-315.0,-390.0,-420.0,-25.0,5.0,-55.0,-170.0,-200.0,-20.0,40.0,-80.0,-35.0,-95.0,-95.0,-65.0,-125.0,-170.0,-200.0,-95.0,-65.0,-125.0,-170.0,-200.0,0.0,0.0,0.0,0.0,0.0,-410.0,-395.0,-425.0,-550.0,-565.0
2026-07-27 00:00:00+00:00,310.0,370.0,250.0,-60.0,-120.0,295.0,340.0,250.0,35.0,-10.0,390.0,405.0,375.0,385.0,370.0,270.0,315.0,225.0,95.0,50.0,150.0,165.0,135.0,-35.0,-50.0,0.0,0.0,0.0,0.0,0.0,0.0,0.0,0.0,0.0,0.0,0.0,0.0,0.0,0.0,0.0,0.0,0.0,0.0,0.0,0.0,0.0,0.0,0.0,0.0,0.0,410.0,425.0,395.0,440.0,425.0
2026-07-28 00:00:00+00:00,1075.0,1135.0,1015.0,800.0,740.0,1110.0,1140.0,1080.0,890.0,860.0,590.0,620.0,560.0,360.0,330.0,170.0,200.0,140.0,65.0,35.0,170.0,200.0,140.0,65.0,35.0,170.0,200.0,140.0,65.0,35.0,65.0,80.0,50.0,35.0,20.0,65.0,80.0,50.0,35.0,20.0,175.0,190.0,160.0,110.0,95.0,0.0,0.0,0.0,0.0,0.0,1130.0,1145.0,1115.0,1145.0,1130.0
2026-07-29 00:00:00+00:00,-555.0,-510.0,-600.0,-485.0,-530.0,-415.0,-370.0,-460.0,-555.0,-600.0,0.0,0.0,0.0,0.0,0.0,-555.0,-510.0,-600.0,-565.0,-610.0,-440.0,-395.0,-485.0,-495.0,-540.0,-445.0,-415.0,-475.0,-470.0,-500.0,-740.0,-710.0,-770.0,-700.0,-730.0,-740.0,-710.0,-770.0,-700.0,-730.0,-170.0,-140.0,-200.0,-310.0,-340.0,0.0,0.0,0.0,0.0,0.0,-1040.0,-1025.0,-1055.0,-1020.0,-1035.0
2026-07-30 00:00:00+00:00,455.0,530.0,380.0,310.0,235.0,400.0,460.0,340.0,170.0,110.0,455.0,485.0,425.0,430.0,400.0,175.0,235.0,115.0,580.0,520.0,35.0,65.0,5.0,485.0,455.0,-55.0,-40.0,-70.0,295.0,280.0,210.0,225.0,195.0,185.0,170.0,210.0,225.0,195.0,185.0,170.0,210.0,225.0,195.0,185.0,170.0,0.0,0.0,0.0,0.0,0.0,670.0,685.0,655.0,690.0,675.0
2026-08-04 00:00:00+00:00,1230.0,1290.0,1170.0,1635.0,1575.0,1330.0,1375.0,1285.0,1795.0,1750.0,1135.0,1165.0,1105.0,1475.0,1445.0,985.0,1030.0,940.0,950.0,905.0,1250.0,1280.0,1220.0,910.0,880.0,100.0,115.0,85.0,-75.0,-90.0,1235.0,1280.0,1190.0,965.0,920.0,1215.0,1245.0,1185.0,1095.0,1065.0,1150.0,1165.0,1135.0,985.0,970.0,0.0,0.0,0.0,0.0,0.0,2520.0,2535.0,2505.0,2720.0,2705.0
