market,config_id,scenario,execution_sha256,run_id,commission_per_side,slippage_ticks_per_side,fee_bps,slippage_bps,delay_minutes,mask_sha256,period,status,days,gross_pnl_usd,net_pnl_usd,commission_usd,slippage_usd,entry_trades,fills,account_return,mean_session_pnl_usd,annual_mean_return,volatility,sharpe,max_drawdown,drawdown_scope,exposure,mean_entry_notional_usd,notional_note,terminal_flat_windows,periods_per_year,maximum_window_reconciliation_error_usd,reconciliation_error_usd
NQ,mom-3,base,2354060058c8498ad69c397726d3d77068989c4f3a2a03df8d7cb42b93007edb,8491675c8f8da873,2.5,1,0.0,0.0,1,7453d8f230dd1ef7fc361e23f107762c1d6acd102f692da6cec81296535d87ef,whole,ok,2267,-12720.0,-165960.0,51080.0,102160.0,10216,20432,-1.6596,-73.20688134097927,-0.18448134097926774,0.10818735368802998,-1.7052024538028707,-1.67155,"conditional complete-window sum on stated capital, not live equity or intraday drawdown",0.33536428466402,278627.46745314065,mean across entered windows; not equal-risk sizing or margin availability,2267,252,0.0,0.0
NQ,mom-3,base,2354060058c8498ad69c397726d3d77068989c4f3a2a03df8d7cb42b93007edb,8491675c8f8da873,2.5,1,0.0,0.0,1,7453d8f230dd1ef7fc361e23f107762c1d6acd102f692da6cec81296535d87ef,development,ok,1122,215.0,-75850.0,25355.0,50710.0,5071,10142,-0.7585,-67.60249554367202,-0.1703582887700535,0.062395755405053585,-2.7302865020888225,-0.77155,"conditional complete-window sum on stated capital, not live equity or intraday drawdown",0.33207070707070707,186426.99415725883,mean across entered windows; not equal-risk sizing or margin availability,1122,252,0.0,0.0
NQ,mom-3,base,2354060058c8498ad69c397726d3d77068989c4f3a2a03df8d7cb42b93007edb,8491675c8f8da873,2.5,1,0.0,0.0,1,7453d8f230dd1ef7fc361e23f107762c1d6acd102f692da6cec81296535d87ef,validation,ok,503,-5765.0,-39935.0,11390.0,22780.0,2278,4556,-0.39935,-79.39363817097416,-0.20007196819085488,0.09441031336631746,-2.11917491910618,-0.4410478317513493,"conditional complete-window sum on stated capital, not live equity or intraday drawdown",0.3355284956925116,270165.22669143864,mean across entered windows; not equal-risk sizing or margin availability,503,252,0.0,0.0
NQ,mom-3,base,2354060058c8498ad69c397726d3d77068989c4f3a2a03df8d7cb42b93007edb,8491675c8f8da873,2.5,1,0.0,0.0,1,7453d8f230dd1ef7fc361e23f107762c1d6acd102f692da6cec81296535d87ef,historical_final,ok,642,-7170.0,-50175.0,14335.0,28670.0,2867,5734,-0.50175,-78.15420560747664,-0.19694859813084115,0.16608666558458102,-1.1858182439730145,-0.5137,"conditional complete-window sum on stated capital, not live equity or intraday drawdown",0.34099169262720663,446392.9474237255,mean across entered windows; not equal-risk sizing or margin availability,642,252,0.0,0.0
NQ,mom-3,base,2354060058c8498ad69c397726d3d77068989c4f3a2a03df8d7cb42b93007edb,8491675c8f8da873,2.5,1,0.0,0.0,1,7453d8f230dd1ef7fc361e23f107762c1d6acd102f692da6cec81296535d87ef,2016,ok,39,390.0,-1995.0,795.0,1590.0,159,318,-0.01995,-51.15384615384615,-0.1289076923076923,0.021877302307992723,-5.892302921672237,-0.01995,"conditional complete-window sum on stated capital, not live equity or intraday drawdown",0.30395299145299143,95965.63369963369,mean across entered windows; not equal-risk sizing or margin availability,39,252,0.0,0.0
NQ,mom-3,base,2354060058c8498ad69c397726d3d77068989c4f3a2a03df8d7cb42b93007edb,8491675c8f8da873,2.5,1,0.0,0.0,1,7453d8f230dd1ef7fc361e23f107762c1d6acd102f692da6cec81296535d87ef,2017,ok,117,2145.0,-5970.0,2705.0,5410.0,541,1082,-0.0597,-51.02564102564103,-0.12858461538461538,0.01920516239450918,-6.6953151836601075,-0.0597,"conditional complete-window sum on stated capital, not live equity or intraday drawdown",0.32353988603988604,116822.81450956452,mean across entered windows; not equal-risk sizing or margin availability,117,252,0.0,0.0
NQ,mom-3,base,2354060058c8498ad69c397726d3d77068989c4f3a2a03df8d7cb42b93007edb,8491675c8f8da873,2.5,1,0.0,0.0,1,7453d8f230dd1ef7fc361e23f107762c1d6acd102f692da6cec81296535d87ef,2018,ok,228,3500.0,-11485.0,4995.0,9990.0,999,1998,-0.11485,-50.37280701754386,-0.12693947368421055,0.044710833594748665,-2.839121158750208,-0.13517964071856287,"conditional complete-window sum on stated capital, not live equity or intraday drawdown",0.3298611111111111,139885.17671783624,mean across entered windows; not equal-risk sizing or margin availability,228,252,0.0,0.0
NQ,mom-3,base,2354060058c8498ad69c397726d3d77068989c4f3a2a03df8d7cb42b93007edb,8491675c8f8da873,2.5,1,0.0,0.0,1,7453d8f230dd1ef7fc361e23f107762c1d6acd102f692da6cec81296535d87ef,2019,ok,244,-15.0,-16815.0,5600.0,11200.0,1120,2240,-0.16815,-68.9139344262295,-0.17366311475409835,0.04465217183525728,-3.8892422835516878,-0.1750824917508249,"conditional complete-window sum on stated capital, not live equity or intraday drawdown",0.3323941256830601,152427.67975865208,mean across entered windows; not equal-risk sizing or margin availability,244,252,0.0,0.0
NQ,mom-3,base,2354060058c8498ad69c397726d3d77068989c4f3a2a03df8d7cb42b93007edb,8491675c8f8da873,2.5,1,0.0,0.0,1,7453d8f230dd1ef7fc361e23f107762c1d6acd102f692da6cec81296535d87ef,2020,ok,245,-420.0,-16965.0,5515.0,11030.0,1103,2206,-0.16965,-69.24489795918367,-0.17449714285714285,0.08415786516613195,-2.073450205903828,-0.18116883116883117,"conditional complete-window sum on stated capital, not live equity or intraday drawdown",0.3327380952380952,206603.3058551992,mean across entered windows; not equal-risk sizing or margin availability,245,252,0.0,0.0
NQ,mom-3,base,2354060058c8498ad69c397726d3d77068989c4f3a2a03df8d7cb42b93007edb,8491675c8f8da873,2.5,1,0.0,0.0,1,7453d8f230dd1ef7fc361e23f107762c1d6acd102f692da6cec81296535d87ef,2021,ok,249,-5385.0,-22620.0,5745.0,11490.0,1149,2298,-0.2262,-90.8433734939759,-0.22892530120481927,0.0810892393936048,-2.8231279873476502,-0.23925,"conditional complete-window sum on stated capital, not live equity or intraday drawdown",0.34153279785809904,289382.22628609673,mean across entered windows; not equal-risk sizing or margin availability,249,252,0.0,0.0
NQ,mom-3,base,2354060058c8498ad69c397726d3d77068989c4f3a2a03df8d7cb42b93007edb,8491675c8f8da873,2.5,1,0.0,0.0,1,7453d8f230dd1ef7fc361e23f107762c1d6acd102f692da6cec81296535d87ef,2022,ok,252,4170.0,-13020.0,5730.0,11460.0,1146,2292,-0.1302,-51.666666666666664,-0.1302,0.11431876590938088,-1.1389206222118247,-0.20151684347664248,"conditional complete-window sum on stated capital, not live equity or intraday drawdown",0.3392030423280423,255907.47439531368,mean across entered windows; not equal-risk sizing or margin availability,252,252,0.0,0.0
NQ,mom-3,base,2354060058c8498ad69c397726d3d77068989c4f3a2a03df8d7cb42b93007edb,8491675c8f8da873,2.5,1,0.0,0.0,1,7453d8f230dd1ef7fc361e23f107762c1d6acd102f692da6cec81296535d87ef,2023,ok,251,-9935.0,-26915.0,5660.0,11320.0,1132,2264,-0.26915,-107.23107569721115,-0.27022231075697206,0.06883117825694286,-3.925870769613265,-0.27104528226610813,"conditional complete-window sum on stated capital, not live equity or intraday drawdown",0.33183930942895085,284479.78278157214,mean across entered windows; not equal-risk sizing or margin availability,251,252,0.0,0.0
NQ,mom-3,base,2354060058c8498ad69c397726d3d77068989c4f3a2a03df8d7cb42b93007edb,8491675c8f8da873,2.5,1,0.0,0.0,1,7453d8f230dd1ef7fc361e23f107762c1d6acd102f692da6cec81296535d87ef,2024,ok,251,-4590.0,-21870.0,5760.0,11520.0,1152,2304,-0.2187,-87.13147410358566,-0.21957131474103586,0.09370440274535953,-2.343233704159217,-0.24215,"conditional complete-window sum on stated capital, not live equity or intraday drawdown",0.34462151394422313,383922.88782963384,mean across entered windows; not equal-risk sizing or margin availability,251,252,0.0,0.0
NQ,mom-3,base,2354060058c8498ad69c397726d3d77068989c4f3a2a03df8d7cb42b93007edb,8491675c8f8da873,2.5,1,0.0,0.0,1,7453d8f230dd1ef7fc361e23f107762c1d6acd102f692da6cec81296535d87ef,2025,ok,244,-6585.0,-22755.0,5390.0,10780.0,1078,2156,-0.22755,-93.25819672131148,-0.2350106557377049,0.14133600852474698,-1.6627797699307192,-0.25068214516049014,"conditional complete-window sum on stated capital, not live equity or intraday drawdown",0.33717554644808745,451964.16730093677,mean across entered windows; not equal-risk sizing or margin availability,244,252,0.0,0.0
NQ,mom-3,base,2354060058c8498ad69c397726d3d77068989c4f3a2a03df8d7cb42b93007edb,8491675c8f8da873,2.5,1,0.0,0.0,1,7453d8f230dd1ef7fc361e23f107762c1d6acd102f692da6cec81296535d87ef,2026,ok,147,4005.0,-5550.0,3185.0,6370.0,637,1274,-0.0555,-37.755102040816325,-0.09514285714285714,0.26976170828410784,-0.3526922251050343,-0.20481773609038584,"conditional complete-window sum on stated capital, not live equity or intraday drawdown",0.3411281179138322,543812.0447575855,mean across entered windows; not equal-risk sizing or margin availability,147,252,0.0,0.0
NQ,mom-3,gross_reference,2354060058c8498ad69c397726d3d77068989c4f3a2a03df8d7cb42b93007edb,4490c0c1ad9f0e6c,0.0,0,0.0,0.0,1,7453d8f230dd1ef7fc361e23f107762c1d6acd102f692da6cec81296535d87ef,whole,ok,2267,-12720.0,-12720.0,0.0,0.0,10216,20432,-0.1272,-5.610939567710631,-0.014139567710630789,0.10754497556050009,-0.1314758559099443,-0.27330732155152626,"conditional complete-window sum on stated capital, not live equity or intraday drawdown",0.33536428466402,278627.46745314065,mean across entered windows; not equal-risk sizing or margin availability,2267,252,0.0,0.0
NQ,mom-3,gross_reference,2354060058c8498ad69c397726d3d77068989c4f3a2a03df8d7cb42b93007edb,4490c0c1ad9f0e6c,0.0,0,0.0,0.0,1,7453d8f230dd1ef7fc361e23f107762c1d6acd102f692da6cec81296535d87ef,development,ok,1122,215.0,215.0,0.0,0.0,5071,10142,0.00215,0.19162210338680927,0.00048288770053475937,0.06168487896081058,0.00782829939313889,-0.11310534771631857,"conditional complete-window sum on stated capital, not live equity or intraday drawdown",0.33207070707070707,186426.99415725883,mean across entered windows; not equal-risk sizing or margin availability,1122,252,0.0,0.0
NQ,mom-3,gross_reference,2354060058c8498ad69c397726d3d77068989c4f3a2a03df8d7cb42b93007edb,4490c0c1ad9f0e6c,0.0,0,0.0,0.0,1,7453d8f230dd1ef7fc361e23f107762c1d6acd102f692da6cec81296535d87ef,validation,ok,503,-5765.0,-5765.0,0.0,0.0,2278,4556,-0.05765,-11.461232604373757,-0.02888230616302187,0.0936622497167955,-0.30836656444141225,-0.1350542978096816,"conditional complete-window sum on stated capital, not live equity or intraday drawdown",0.3355284956925116,270165.22669143864,mean across entered windows; not equal-risk sizing or margin availability,503,252,0.0,0.0
NQ,mom-3,gross_reference,2354060058c8498ad69c397726d3d77068989c4f3a2a03df8d7cb42b93007edb,4490c0c1ad9f0e6c,0.0,0,0.0,0.0,1,7453d8f230dd1ef7fc361e23f107762c1d6acd102f692da6cec81296535d87ef,historical_final,ok,642,-7170.0,-7170.0,0.0,0.0,2867,5734,-0.0717,-11.16822429906542,-0.028143925233644857,0.16540597849891547,-0.1701505924335703,-0.18775471064870308,"conditional complete-window sum on stated capital, not live equity or intraday drawdown",0.34099169262720663,446392.9474237255,mean across entered windows; not equal-risk sizing or margin availability,642,252,0.0,0.0
NQ,mom-3,gross_reference,2354060058c8498ad69c397726d3d77068989c4f3a2a03df8d7cb42b93007edb,4490c0c1ad9f0e6c,0.0,0,0.0,0.0,1,7453d8f230dd1ef7fc361e23f107762c1d6acd102f692da6cec81296535d87ef,2016,ok,39,390.0,390.0,0.0,0.0,159,318,0.0039,10.0,0.0252,0.02095969816978339,1.2023073899188899,-0.009530864197530865,"conditional complete-window sum on stated capital, not live equity or intraday drawdown",0.30395299145299143,95965.63369963369,mean across entered windows; not equal-risk sizing or margin availability,39,252,0.0,0.0
NQ,mom-3,gross_reference,2354060058c8498ad69c397726d3d77068989c4f3a2a03df8d7cb42b93007edb,4490c0c1ad9f0e6c,0.0,0,0.0,0.0,1,7453d8f230dd1ef7fc361e23f107762c1d6acd102f692da6cec81296535d87ef,2017,ok,117,2145.0,2145.0,0.0,0.0,541,1082,0.02145,18.333333333333332,0.04619999999999999,0.01808591564802806,2.5544739287246023,-0.00862533692722372,"conditional complete-window sum on stated capital, not live equity or intraday drawdown",0.32353988603988604,116822.81450956452,mean across entered windows; not equal-risk sizing or margin availability,117,252,0.0,0.0
NQ,mom-3,gross_reference,2354060058c8498ad69c397726d3d77068989c4f3a2a03df8d7cb42b93007edb,4490c0c1ad9f0e6c,0.0,0,0.0,0.0,1,7453d8f230dd1ef7fc361e23f107762c1d6acd102f692da6cec81296535d87ef,2018,ok,228,3500.0,3500.0,0.0,0.0,999,1998,0.035,15.350877192982455,0.03868421052631579,0.04414867914925311,0.8762257732680149,-0.03913726610484217,"conditional complete-window sum on stated capital, not live equity or intraday drawdown",0.3298611111111111,139885.17671783624,mean across entered windows; not equal-risk sizing or margin availability,228,252,0.0,0.0
NQ,mom-3,gross_reference,2354060058c8498ad69c397726d3d77068989c4f3a2a03df8d7cb42b93007edb,4490c0c1ad9f0e6c,0.0,0,0.0,0.0,1,7453d8f230dd1ef7fc361e23f107762c1d6acd102f692da6cec81296535d87ef,2019,ok,244,-15.0,-15.0,0.0,0.0,1120,2240,-0.00015,-0.06147540983606557,-0.00015491803278688522,0.04375609477887065,-0.003540490383563515,-0.030623969625818055,"conditional complete-window sum on stated capital, not live equity or intraday drawdown",0.3323941256830601,152427.67975865208,mean across entered windows; not equal-risk sizing or margin availability,244,252,0.0,0.0
NQ,mom-3,gross_reference,2354060058c8498ad69c397726d3d77068989c4f3a2a03df8d7cb42b93007edb,4490c0c1ad9f0e6c,0.0,0,0.0,0.0,1,7453d8f230dd1ef7fc361e23f107762c1d6acd102f692da6cec81296535d87ef,2020,ok,245,-420.0,-420.0,0.0,0.0,1103,2206,-0.0042,-1.7142857142857142,-0.00432,0.0835306951532602,-0.051717515244830224,-0.11121908556435547,"conditional complete-window sum on stated capital, not live equity or intraday drawdown",0.3327380952380952,206603.3058551992,mean across entered windows; not equal-risk sizing or margin availability,245,252,0.0,0.0
NQ,mom-3,gross_reference,2354060058c8498ad69c397726d3d77068989c4f3a2a03df8d7cb42b93007edb,4490c0c1ad9f0e6c,0.0,0,0.0,0.0,1,7453d8f230dd1ef7fc361e23f107762c1d6acd102f692da6cec81296535d87ef,2021,ok,249,-5385.0,-5385.0,0.0,0.0,1149,2298,-0.05385,-21.626506024096386,-0.0544987951807229,0.0802020113244171,-0.6795190579482514,-0.08995,"conditional complete-window sum on stated capital, not live equity or intraday drawdown",0.34153279785809904,289382.22628609673,mean across entered windows; not equal-risk sizing or margin availability,249,252,0.0,0.0
NQ,mom-3,gross_reference,2354060058c8498ad69c397726d3d77068989c4f3a2a03df8d7cb42b93007edb,4490c0c1ad9f0e6c,0.0,0,0.0,0.0,1,7453d8f230dd1ef7fc361e23f107762c1d6acd102f692da6cec81296535d87ef,2022,ok,252,4170.0,4170.0,0.0,0.0,1146,2292,0.0417,16.547619047619047,0.0417,0.11364484255364969,0.366932621516143,-0.10712313638873551,"conditional complete-window sum on stated capital, not live equity or intraday drawdown",0.3392030423280423,255907.47439531368,mean across entered windows; not equal-risk sizing or margin availability,252,252,0.0,0.0
NQ,mom-3,gross_reference,2354060058c8498ad69c397726d3d77068989c4f3a2a03df8d7cb42b93007edb,4490c0c1ad9f0e6c,0.0,0,0.0,0.0,1,7453d8f230dd1ef7fc361e23f107762c1d6acd102f692da6cec81296535d87ef,2023,ok,251,-9935.0,-9935.0,0.0,0.0,1132,2264,-0.09935,-39.581673306772906,-0.09974581673306773,0.067887184743737,-1.4692878650012051,-0.10800476710696197,"conditional complete-window sum on stated capital, not live equity or intraday drawdown",0.33183930942895085,284479.78278157214,mean across entered windows; not equal-risk sizing or margin availability,251,252,0.0,0.0
NQ,mom-3,gross_reference,2354060058c8498ad69c397726d3d77068989c4f3a2a03df8d7cb42b93007edb,4490c0c1ad9f0e6c,0.0,0,0.0,0.0,1,7453d8f230dd1ef7fc361e23f107762c1d6acd102f692da6cec81296535d87ef,2024,ok,251,-4590.0,-4590.0,0.0,0.0,1152,2304,-0.0459,-18.286852589641434,-0.046082868525896416,0.09283330946022902,-0.49640445648055787,-0.10806923335091337,"conditional complete-window sum on stated capital, not live equity or intraday drawdown",0.34462151394422313,383922.88782963384,mean across entered windows; not equal-risk sizing or margin availability,251,252,0.0,0.0
NQ,mom-3,gross_reference,2354060058c8498ad69c397726d3d77068989c4f3a2a03df8d7cb42b93007edb,4490c0c1ad9f0e6c,0.0,0,0.0,0.0,1,7453d8f230dd1ef7fc361e23f107762c1d6acd102f692da6cec81296535d87ef,2025,ok,244,-6585.0,-6585.0,0.0,0.0,1078,2156,-0.06585,-26.987704918032787,-0.06800901639344262,0.14046663379959556,-0.48416491912571513,-0.11667820753783757,"conditional complete-window sum on stated capital, not live equity or intraday drawdown",0.33717554644808745,451964.16730093677,mean across entered windows; not equal-risk sizing or margin availability,244,252,0.0,0.0
NQ,mom-3,gross_reference,2354060058c8498ad69c397726d3d77068989c4f3a2a03df8d7cb42b93007edb,4490c0c1ad9f0e6c,0.0,0,0.0,0.0,1,7453d8f230dd1ef7fc361e23f107762c1d6acd102f692da6cec81296535d87ef,2026,ok,147,4005.0,4005.0,0.0,0.0,637,1274,0.04005,27.244897959183675,0.06865714285714286,0.26920447709731127,0.2550371509323928,-0.16647643893689876,"conditional complete-window sum on stated capital, not live equity or intraday drawdown",0.3411281179138322,543812.0447575855,mean across entered windows; not equal-risk sizing or margin availability,147,252,0.0,0.0
NQ,mom-3,cost_stress,2354060058c8498ad69c397726d3d77068989c4f3a2a03df8d7cb42b93007edb,7f3b92ddfabc09b4,5.0,2,0.0,0.0,1,7453d8f230dd1ef7fc361e23f107762c1d6acd102f692da6cec81296535d87ef,whole,ok,2267,-12720.0,-319200.0,102160.0,204320.0,10216,20432,-3.192,-140.8028231142479,-0.3548231142479047,0.10889996660684954,-3.2582481455562475,-3.19825,"conditional complete-window sum on stated capital, not live equity or intraday drawdown",0.33536428466402,278627.46745314065,mean across entered windows; not equal-risk sizing or margin availability,2267,252,0.0,0.0
NQ,mom-3,cost_stress,2354060058c8498ad69c397726d3d77068989c4f3a2a03df8d7cb42b93007edb,7f3b92ddfabc09b4,5.0,2,0.0,0.0,1,7453d8f230dd1ef7fc361e23f107762c1d6acd102f692da6cec81296535d87ef,development,ok,1122,215.0,-151915.0,50710.0,101420.0,5071,10142,-1.51915,-135.39661319073085,-0.34119946524064176,0.06322931477208527,-5.396222724704838,-1.525,"conditional complete-window sum on stated capital, not live equity or intraday drawdown",0.33207070707070707,186426.99415725883,mean across entered windows; not equal-risk sizing or margin availability,1122,252,0.0,0.0
NQ,mom-3,cost_stress,2354060058c8498ad69c397726d3d77068989c4f3a2a03df8d7cb42b93007edb,7f3b92ddfabc09b4,5.0,2,0.0,0.0,1,7453d8f230dd1ef7fc361e23f107762c1d6acd102f692da6cec81296535d87ef,validation,ok,503,-5765.0,-74105.0,22780.0,45560.0,2278,4556,-0.74105,-147.32604373757457,-0.3712616302186879,0.09523452346713787,-3.8983933210606914,-0.7563052889139845,"conditional complete-window sum on stated capital, not live equity or intraday drawdown",0.3355284956925116,270165.22669143864,mean across entered windows; not equal-risk sizing or margin availability,503,252,0.0,0.0
NQ,mom-3,cost_stress,2354060058c8498ad69c397726d3d77068989c4f3a2a03df8d7cb42b93007edb,7f3b92ddfabc09b4,5.0,2,0.0,0.0,1,7453d8f230dd1ef7fc361e23f107762c1d6acd102f692da6cec81296535d87ef,historical_final,ok,642,-7170.0,-93180.0,28670.0,57340.0,2867,5734,-0.9318,-145.14018691588785,-0.3657532710280374,0.1668120798611629,-2.1926066225686567,-0.93805,"conditional complete-window sum on stated capital, not live equity or intraday drawdown",0.34099169262720663,446392.9474237255,mean across entered windows; not equal-risk sizing or margin availability,642,252,0.0,0.0
NQ,mom-3,cost_stress,2354060058c8498ad69c397726d3d77068989c4f3a2a03df8d7cb42b93007edb,7f3b92ddfabc09b4,5.0,2,0.0,0.0,1,7453d8f230dd1ef7fc361e23f107762c1d6acd102f692da6cec81296535d87ef,2016,ok,39,390.0,-4380.0,1590.0,3180.0,159,318,-0.0438,-112.3076923076923,-0.2830153846153846,0.02310132495280084,-12.251045565292193,-0.0438,"conditional complete-window sum on stated capital, not live equity or intraday drawdown",0.30395299145299143,95965.63369963369,mean across entered windows; not equal-risk sizing or margin availability,39,252,0.0,0.0
NQ,mom-3,cost_stress,2354060058c8498ad69c397726d3d77068989c4f3a2a03df8d7cb42b93007edb,7f3b92ddfabc09b4,5.0,2,0.0,0.0,1,7453d8f230dd1ef7fc361e23f107762c1d6acd102f692da6cec81296535d87ef,2017,ok,117,2145.0,-14085.0,5410.0,10820.0,541,1082,-0.14085,-120.38461538461539,-0.3033692307692308,0.020700490133742925,-14.655171390107446,-0.14085,"conditional complete-window sum on stated capital, not live equity or intraday drawdown",0.32353988603988604,116822.81450956452,mean across entered windows; not equal-risk sizing or margin availability,117,252,0.0,0.0
NQ,mom-3,cost_stress,2354060058c8498ad69c397726d3d77068989c4f3a2a03df8d7cb42b93007edb,7f3b92ddfabc09b4,5.0,2,0.0,0.0,1,7453d8f230dd1ef7fc361e23f107762c1d6acd102f692da6cec81296535d87ef,2018,ok,228,3500.0,-26470.0,9990.0,19980.0,999,1998,-0.2647,-116.09649122807018,-0.29256315789473686,0.04544213302881158,-6.438147560310245,-0.27595,"conditional complete-window sum on stated capital, not live equity or intraday drawdown",0.3298611111111111,139885.17671783624,mean across entered windows; not equal-risk sizing or margin availability,228,252,0.0,0.0
NQ,mom-3,cost_stress,2354060058c8498ad69c397726d3d77068989c4f3a2a03df8d7cb42b93007edb,7f3b92ddfabc09b4,5.0,2,0.0,0.0,1,7453d8f230dd1ef7fc361e23f107762c1d6acd102f692da6cec81296535d87ef,2019,ok,244,-15.0,-33615.0,11200.0,22400.0,1120,2240,-0.33615,-137.76639344262296,-0.34717131147540986,0.04573158464278816,-7.591499708290965,-0.33615,"conditional complete-window sum on stated capital, not live equity or intraday drawdown",0.3323941256830601,152427.67975865208,mean across entered windows; not equal-risk sizing or margin availability,244,252,0.0,0.0
NQ,mom-3,cost_stress,2354060058c8498ad69c397726d3d77068989c4f3a2a03df8d7cb42b93007edb,7f3b92ddfabc09b4,5.0,2,0.0,0.0,1,7453d8f230dd1ef7fc361e23f107762c1d6acd102f692da6cec81296535d87ef,2020,ok,245,-420.0,-33510.0,11030.0,22060.0,1103,2206,-0.3351,-136.77551020408163,-0.3446742857142857,0.08486621165435665,-4.061384136222271,-0.3353326335782476,"conditional complete-window sum on stated capital, not live equity or intraday drawdown",0.3327380952380952,206603.3058551992,mean across entered windows; not equal-risk sizing or margin availability,245,252,0.0,0.0
NQ,mom-3,cost_stress,2354060058c8498ad69c397726d3d77068989c4f3a2a03df8d7cb42b93007edb,7f3b92ddfabc09b4,5.0,2,0.0,0.0,1,7453d8f230dd1ef7fc361e23f107762c1d6acd102f692da6cec81296535d87ef,2021,ok,249,-5385.0,-39855.0,11490.0,22980.0,1149,2298,-0.39855,-160.06024096385542,-0.40335180722891567,0.08206526384012211,-4.915012617454292,-0.4044,"conditional complete-window sum on stated capital, not live equity or intraday drawdown",0.34153279785809904,289382.22628609673,mean across entered windows; not equal-risk sizing or margin availability,249,252,0.0,0.0
NQ,mom-3,cost_stress,2354060058c8498ad69c397726d3d77068989c4f3a2a03df8d7cb42b93007edb,7f3b92ddfabc09b4,5.0,2,0.0,0.0,1,7453d8f230dd1ef7fc361e23f107762c1d6acd102f692da6cec81296535d87ef,2022,ok,252,4170.0,-30210.0,11460.0,22920.0,1146,2292,-0.3021,-119.88095238095238,-0.30210000000000004,0.11505677569559358,-2.6256602288184037,-0.35173160173160173,"conditional complete-window sum on stated capital, not live equity or intraday drawdown",0.3392030423280423,255907.47439531368,mean across entered windows; not equal-risk sizing or margin availability,252,252,0.0,0.0
NQ,mom-3,cost_stress,2354060058c8498ad69c397726d3d77068989c4f3a2a03df8d7cb42b93007edb,7f3b92ddfabc09b4,5.0,2,0.0,0.0,1,7453d8f230dd1ef7fc361e23f107762c1d6acd102f692da6cec81296535d87ef,2023,ok,251,-9935.0,-43895.0,11320.0,22640.0,1132,2264,-0.43895,-174.8804780876494,-0.44069880478087653,0.06987438070255605,-6.307015537738505,-0.4399860258521735,"conditional complete-window sum on stated capital, not live equity or intraday drawdown",0.33183930942895085,284479.78278157214,mean across entered windows; not equal-risk sizing or margin availability,251,252,0.0,0.0
NQ,mom-3,cost_stress,2354060058c8498ad69c397726d3d77068989c4f3a2a03df8d7cb42b93007edb,7f3b92ddfabc09b4,5.0,2,0.0,0.0,1,7453d8f230dd1ef7fc361e23f107762c1d6acd102f692da6cec81296535d87ef,2024,ok,251,-4590.0,-39150.0,11520.0,23040.0,1152,2304,-0.3915,-155.9760956175299,-0.39305976095617534,0.09465490549539748,-4.152555632473666,-0.41465,"conditional complete-window sum on stated capital, not live equity or intraday drawdown",0.34462151394422313,383922.88782963384,mean across entered windows; not equal-risk sizing or margin availability,251,252,0.0,0.0
NQ,mom-3,cost_stress,2354060058c8498ad69c397726d3d77068989c4f3a2a03df8d7cb42b93007edb,7f3b92ddfabc09b4,5.0,2,0.0,0.0,1,7453d8f230dd1ef7fc361e23f107762c1d6acd102f692da6cec81296535d87ef,2025,ok,244,-6585.0,-38925.0,10780.0,21560.0,1078,2156,-0.38925,-159.52868852459017,-0.4020122950819672,0.14224852511605443,-2.8261262797205293,-0.4048542723565105,"conditional complete-window sum on stated capital, not live equity or intraday drawdown",0.33717554644808745,451964.16730093677,mean across entered windows; not equal-risk sizing or margin availability,244,252,0.0,0.0
NQ,mom-3,cost_stress,2354060058c8498ad69c397726d3d77068989c4f3a2a03df8d7cb42b93007edb,7f3b92ddfabc09b4,5.0,2,0.0,0.0,1,7453d8f230dd1ef7fc361e23f107762c1d6acd102f692da6cec81296535d87ef,2026,ok,147,4005.0,-15105.0,6370.0,12740.0,637,1274,-0.15105,-102.75510204081633,-0.25894285714285714,0.2703506405492711,-0.9578037492967031,-0.25723855273015733,"conditional complete-window sum on stated capital, not live equity or intraday drawdown",0.3411281179138322,543812.0447575855,mean across entered windows; not equal-risk sizing or margin availability,147,252,0.0,0.0
NQ,mom-3,delay_stress,2354060058c8498ad69c397726d3d77068989c4f3a2a03df8d7cb42b93007edb,c82b97ad00f6e91a,2.5,1,0.0,0.0,5,7453d8f230dd1ef7fc361e23f107762c1d6acd102f692da6cec81296535d87ef,whole,ok,2267,-27700.0,-176215.0,49505.0,99010.0,9901,19802,-1.76215,-77.73048081164535,-0.19588081164534626,0.10463848789971042,-1.8719767035728387,-1.9151,"conditional complete-window sum on stated capital, not live equity or intraday drawdown",0.3269004558153213,278630.92578997486,mean across entered windows; not equal-risk sizing or margin availability,2267,252,0.0,0.0
NQ,mom-3,delay_stress,2354060058c8498ad69c397726d3d77068989c4f3a2a03df8d7cb42b93007edb,c82b97ad00f6e91a,2.5,1,0.0,0.0,5,7453d8f230dd1ef7fc361e23f107762c1d6acd102f692da6cec81296535d87ef,development,ok,1122,-16415.0,-90365.0,24650.0,49300.0,4930,9860,-0.90365,-80.53921568627452,-0.20295882352941177,0.06140301483761738,-3.3053560002899562,-0.92035,"conditional complete-window sum on stated capital, not live equity or intraday drawdown",0.3246991978609626,186431.84072341054,mean across entered windows; not equal-risk sizing or margin availability,1122,252,0.0,0.0
NQ,mom-3,delay_stress,2354060058c8498ad69c397726d3d77068989c4f3a2a03df8d7cb42b93007edb,c82b97ad00f6e91a,2.5,1,0.0,0.0,5,7453d8f230dd1ef7fc361e23f107762c1d6acd102f692da6cec81296535d87ef,validation,ok,503,-9025.0,-41935.0,10970.0,21940.0,2194,4388,-0.41935,-83.36978131212723,-0.21009184890656063,0.09365327523622535,-2.2432941974174176,-0.4457860074448793,"conditional complete-window sum on stated capital, not live equity or intraday drawdown",0.32567097415506957,270169.6356267159,mean across entered windows; not equal-risk sizing or margin availability,503,252,0.0,0.0
NQ,mom-3,delay_stress,2354060058c8498ad69c397726d3d77068989c4f3a2a03df8d7cb42b93007edb,c82b97ad00f6e91a,2.5,1,0.0,0.0,5,7453d8f230dd1ef7fc361e23f107762c1d6acd102f692da6cec81296535d87ef,historical_final,ok,642,-2260.0,-43915.0,13885.0,27770.0,2777,5554,-0.43915,-68.40342679127725,-0.17237663551401866,0.1588734392174772,-1.084993415910493,-0.5921,"conditional complete-window sum on stated capital, not live equity or intraday drawdown",0.33171079958463134,446393.23481926514,mean across entered windows; not equal-risk sizing or margin availability,642,252,0.0,0.0
NQ,mom-3,delay_stress,2354060058c8498ad69c397726d3d77068989c4f3a2a03df8d7cb42b93007edb,c82b97ad00f6e91a,2.5,1,0.0,0.0,5,7453d8f230dd1ef7fc361e23f107762c1d6acd102f692da6cec81296535d87ef,2016,ok,39,-450.0,-2805.0,785.0,1570.0,157,314,-0.02805,-71.92307692307692,-0.18124615384615383,0.031488742927816116,-5.755903125813479,-0.02805,"conditional complete-window sum on stated capital, not live equity or intraday drawdown",0.3018162393162393,95969.01312576311,mean across entered windows; not equal-risk sizing or margin availability,39,252,0.0,0.0
NQ,mom-3,delay_stress,2354060058c8498ad69c397726d3d77068989c4f3a2a03df8d7cb42b93007edb,c82b97ad00f6e91a,2.5,1,0.0,0.0,5,7453d8f230dd1ef7fc361e23f107762c1d6acd102f692da6cec81296535d87ef,2017,ok,117,2700.0,-5130.0,2610.0,5220.0,522,1044,-0.0513,-43.84615384615385,-0.1104923076923077,0.019250030142247927,-5.73985115222292,-0.05225,"conditional complete-window sum on stated capital, not live equity or intraday drawdown",0.3141025641025641,116821.80255392757,mean across entered windows; not equal-risk sizing or margin availability,117,252,0.0,0.0
NQ,mom-3,delay_stress,2354060058c8498ad69c397726d3d77068989c4f3a2a03df8d7cb42b93007edb,c82b97ad00f6e91a,2.5,1,0.0,0.0,5,7453d8f230dd1ef7fc361e23f107762c1d6acd102f692da6cec81296535d87ef,2018,ok,228,-565.0,-15175.0,4870.0,9740.0,974,1948,-0.15175,-66.55701754385964,-0.1677236842105263,0.04721626226799092,-3.5522439971753204,-0.1544687016036369,"conditional complete-window sum on stated capital, not live equity or intraday drawdown",0.3237390350877193,139891.9655127402,mean across entered windows; not equal-risk sizing or margin availability,228,252,0.0,0.0
NQ,mom-3,delay_stress,2354060058c8498ad69c397726d3d77068989c4f3a2a03df8d7cb42b93007edb,c82b97ad00f6e91a,2.5,1,0.0,0.0,5,7453d8f230dd1ef7fc361e23f107762c1d6acd102f692da6cec81296535d87ef,2019,ok,244,-1895.0,-18155.0,5420.0,10840.0,1084,2168,-0.18155,-74.40573770491804,-0.18750245901639345,0.039259662047142735,-4.775957031704497,-0.18155,"conditional complete-window sum on stated capital, not live equity or intraday drawdown",0.3233435792349727,152432.29622853236,mean across entered windows; not equal-risk sizing or margin availability,244,252,0.0,0.0
NQ,mom-3,delay_stress,2354060058c8498ad69c397726d3d77068989c4f3a2a03df8d7cb42b93007edb,c82b97ad00f6e91a,2.5,1,0.0,0.0,5,7453d8f230dd1ef7fc361e23f107762c1d6acd102f692da6cec81296535d87ef,2020,ok,245,-3795.0,-19875.0,5360.0,10720.0,1072,2144,-0.19875,-81.12244897959184,-0.20442857142857143,0.08497461220252525,-2.4057605693020894,-0.2047397630118494,"conditional complete-window sum on stated capital, not live equity or intraday drawdown",0.32534013605442175,206606.50310981536,mean across entered windows; not equal-risk sizing or margin availability,245,252,0.0,0.0
NQ,mom-3,delay_stress,2354060058c8498ad69c397726d3d77068989c4f3a2a03df8d7cb42b93007edb,c82b97ad00f6e91a,2.5,1,0.0,0.0,5,7453d8f230dd1ef7fc361e23f107762c1d6acd102f692da6cec81296535d87ef,2021,ok,249,-12410.0,-29225.0,5605.0,11210.0,1121,2242,-0.29225,-117.36947791164658,-0.2957710843373494,0.07749893471178382,-3.8164535478753754,-0.30895,"conditional complete-window sum on stated capital, not live equity or intraday drawdown",0.3348393574297189,289390.12531076686,mean across entered windows; not equal-risk sizing or margin availability,249,252,0.0,0.0
NQ,mom-3,delay_stress,2354060058c8498ad69c397726d3d77068989c4f3a2a03df8d7cb42b93007edb,c82b97ad00f6e91a,2.5,1,0.0,0.0,5,7453d8f230dd1ef7fc361e23f107762c1d6acd102f692da6cec81296535d87ef,2022,ok,252,300.0,-16185.0,5495.0,10990.0,1099,2198,-0.16185,-64.22619047619048,-0.16185000000000002,0.1151381070507029,-1.4057031520305159,-0.21155865228595971,"conditional complete-window sum on stated capital, not live equity or intraday drawdown",0.32837301587301587,255915.8196097884,mean across entered windows; not equal-risk sizing or margin availability,252,252,0.0,0.0
NQ,mom-3,delay_stress,2354060058c8498ad69c397726d3d77068989c4f3a2a03df8d7cb42b93007edb,c82b97ad00f6e91a,2.5,1,0.0,0.0,5,7453d8f230dd1ef7fc361e23f107762c1d6acd102f692da6cec81296535d87ef,2023,ok,251,-9325.0,-25750.0,5475.0,10950.0,1095,2190,-0.2575,-102.58964143426294,-0.25852589641434265,0.06544901287791303,-3.9500350738152528,-0.2575,"conditional complete-window sum on stated capital, not live equity or intraday drawdown",0.3229581673306773,284480.23975526466,mean across entered windows; not equal-risk sizing or margin availability,251,252,0.0,0.0
NQ,mom-3,delay_stress,2354060058c8498ad69c397726d3d77068989c4f3a2a03df8d7cb42b93007edb,c82b97ad00f6e91a,2.5,1,0.0,0.0,5,7453d8f230dd1ef7fc361e23f107762c1d6acd102f692da6cec81296535d87ef,2024,ok,251,-10555.0,-27370.0,5605.0,11210.0,1121,2242,-0.2737,-109.04382470119522,-0.27479043824701194,0.09328467606315183,-2.9457189523924,-0.29625,"conditional complete-window sum on stated capital, not live equity or intraday drawdown",0.33632138114209825,383930.3902722444,mean across entered windows; not equal-risk sizing or margin availability,251,252,0.0,0.0
NQ,mom-3,delay_stress,2354060058c8498ad69c397726d3d77068989c4f3a2a03df8d7cb42b93007edb,c82b97ad00f6e91a,2.5,1,0.0,0.0,5,7453d8f230dd1ef7fc361e23f107762c1d6acd102f692da6cec81296535d87ef,2025,ok,244,-16110.0,-31785.0,5225.0,10450.0,1045,2090,-0.31785,-130.26639344262296,-0.3282713114754099,0.15211216883607495,-2.158087114181998,-0.3380596290181606,"conditional complete-window sum on stated capital, not live equity or intraday drawdown",0.3284665300546448,451968.10275175644,mean across entered windows; not equal-risk sizing or margin availability,244,252,0.0,0.0
NQ,mom-3,delay_stress,2354060058c8498ad69c397726d3d77068989c4f3a2a03df8d7cb42b93007edb,c82b97ad00f6e91a,2.5,1,0.0,0.0,5,7453d8f230dd1ef7fc361e23f107762c1d6acd102f692da6cec81296535d87ef,2026,ok,147,24405.0,15240.0,3055.0,6110.0,611,1222,0.1524,103.6734693877551,0.26125714285714285,0.2375329380393809,1.0998775370421627,-0.07212331025387406,"conditional complete-window sum on stated capital, not live equity or intraday drawdown",0.32922335600907027,543793.9573075263,mean across entered windows; not equal-risk sizing or margin availability,147,252,0.0,0.0
NQ,mom-3,combined_stress,2354060058c8498ad69c397726d3d77068989c4f3a2a03df8d7cb42b93007edb,e0a8ad1411089375,5.0,2,0.0,0.0,5,7453d8f230dd1ef7fc361e23f107762c1d6acd102f692da6cec81296535d87ef,whole,ok,2267,-27700.0,-324730.0,99010.0,198020.0,9901,19802,-3.2473,-143.2421702690781,-0.3609702690780768,0.10492917134742369,-3.4401326575132596,-3.31455,"conditional complete-window sum on stated capital, not live equity or intraday drawdown",0.3269004558153213,278630.92578997486,mean across entered windows; not equal-risk sizing or margin availability,2267,252,0.0,0.0
NQ,mom-3,combined_stress,2354060058c8498ad69c397726d3d77068989c4f3a2a03df8d7cb42b93007edb,e0a8ad1411089375,5.0,2,0.0,0.0,5,7453d8f230dd1ef7fc361e23f107762c1d6acd102f692da6cec81296535d87ef,development,ok,1122,-16415.0,-164315.0,49300.0,98600.0,4930,9860,-1.64315,-146.4483065953654,-0.36904973262032087,0.06172461431512155,-5.978971869086423,-1.6515,"conditional complete-window sum on stated capital, not live equity or intraday drawdown",0.3246991978609626,186431.84072341054,mean across entered windows; not equal-risk sizing or margin availability,1122,252,0.0,0.0
NQ,mom-3,combined_stress,2354060058c8498ad69c397726d3d77068989c4f3a2a03df8d7cb42b93007edb,e0a8ad1411089375,5.0,2,0.0,0.0,5,7453d8f230dd1ef7fc361e23f107762c1d6acd102f692da6cec81296535d87ef,validation,ok,503,-9025.0,-74845.0,21940.0,43880.0,2194,4388,-0.74845,-148.7972166998012,-0.374968986083499,0.09385597205702223,-3.995153189140554,-0.7571559588743544,"conditional complete-window sum on stated capital, not live equity or intraday drawdown",0.32567097415506957,270169.6356267159,mean across entered windows; not equal-risk sizing or margin availability,503,252,0.0,0.0
NQ,mom-3,combined_stress,2354060058c8498ad69c397726d3d77068989c4f3a2a03df8d7cb42b93007edb,e0a8ad1411089375,5.0,2,0.0,0.0,5,7453d8f230dd1ef7fc361e23f107762c1d6acd102f692da6cec81296535d87ef,historical_final,ok,642,-2260.0,-85570.0,27770.0,55540.0,2777,5554,-0.8557,-133.2866043613707,-0.33588224299065417,0.1592379111988858,-2.109310781972907,-0.92295,"conditional complete-window sum on stated capital, not live equity or intraday drawdown",0.33171079958463134,446393.23481926514,mean across entered windows; not equal-risk sizing or margin availability,642,252,0.0,0.0
NQ,mom-3,combined_stress,2354060058c8498ad69c397726d3d77068989c4f3a2a03df8d7cb42b93007edb,e0a8ad1411089375,5.0,2,0.0,0.0,5,7453d8f230dd1ef7fc361e23f107762c1d6acd102f692da6cec81296535d87ef,2016,ok,39,-450.0,-5160.0,1570.0,3140.0,157,314,-0.0516,-132.30769230769232,-0.3334153846153846,0.03186569106745494,-10.463146206670798,-0.0516,"conditional complete-window sum on stated capital, not live equity or intraday drawdown",0.3018162393162393,95969.01312576311,mean across entered windows; not equal-risk sizing or margin availability,39,252,0.0,0.0
NQ,mom-3,combined_stress,2354060058c8498ad69c397726d3d77068989c4f3a2a03df8d7cb42b93007edb,e0a8ad1411089375,5.0,2,0.0,0.0,5,7453d8f230dd1ef7fc361e23f107762c1d6acd102f692da6cec81296535d87ef,2017,ok,117,2700.0,-12960.0,5220.0,10440.0,522,1044,-0.1296,-110.76923076923077,-0.27913846153846156,0.02025799871498514,-13.77917263525043,-0.1296,"conditional complete-window sum on stated capital, not live equity or intraday drawdown",0.3141025641025641,116821.80255392757,mean across entered windows; not equal-risk sizing or margin availability,117,252,0.0,0.0
NQ,mom-3,combined_stress,2354060058c8498ad69c397726d3d77068989c4f3a2a03df8d7cb42b93007edb,e0a8ad1411089375,5.0,2,0.0,0.0,5,7453d8f230dd1ef7fc361e23f107762c1d6acd102f692da6cec81296535d87ef,2018,ok,228,-565.0,-29785.0,9740.0,19480.0,974,1948,-0.29785,-130.6359649122807,-0.3292026315789474,0.047550718861523254,-6.923189374647482,-0.29932006799320066,"conditional complete-window sum on stated capital, not live equity or intraday drawdown",0.3237390350877193,139891.9655127402,mean across entered windows; not equal-risk sizing or margin availability,228,252,0.0,0.0
NQ,mom-3,combined_stress,2354060058c8498ad69c397726d3d77068989c4f3a2a03df8d7cb42b93007edb,e0a8ad1411089375,5.0,2,0.0,0.0,5,7453d8f230dd1ef7fc361e23f107762c1d6acd102f692da6cec81296535d87ef,2019,ok,244,-1895.0,-34415.0,10840.0,21680.0,1084,2168,-0.34415,-141.04508196721312,-0.35543360655737705,0.03964922296724738,-8.964453271908669,-0.34415,"conditional complete-window sum on stated capital, not live equity or intraday drawdown",0.3233435792349727,152432.29622853236,mean across entered windows; not equal-risk sizing or margin availability,244,252,0.0,0.0
NQ,mom-3,combined_stress,2354060058c8498ad69c397726d3d77068989c4f3a2a03df8d7cb42b93007edb,e0a8ad1411089375,5.0,2,0.0,0.0,5,7453d8f230dd1ef7fc361e23f107762c1d6acd102f692da6cec81296535d87ef,2020,ok,245,-3795.0,-35955.0,10720.0,21440.0,1072,2144,-0.35955,-146.75510204081633,-0.3698228571428572,0.08519087925749509,-4.34110858305668,-0.35955,"conditional complete-window sum on stated capital, not live equity or intraday drawdown",0.32534013605442175,206606.50310981536,mean across entered windows; not equal-risk sizing or margin availability,245,252,0.0,0.0
NQ,mom-3,combined_stress,2354060058c8498ad69c397726d3d77068989c4f3a2a03df8d7cb42b93007edb,e0a8ad1411089375,5.0,2,0.0,0.0,5,7453d8f230dd1ef7fc361e23f107762c1d6acd102f692da6cec81296535d87ef,2021,ok,249,-12410.0,-46040.0,11210.0,22420.0,1121,2242,-0.4604,-184.8995983935743,-0.4659469879518073,0.07786967469357385,-5.983677083349358,-0.46875,"conditional complete-window sum on stated capital, not live equity or intraday drawdown",0.3348393574297189,289390.12531076686,mean across entered windows; not equal-risk sizing or margin availability,249,252,0.0,0.0
NQ,mom-3,combined_stress,2354060058c8498ad69c397726d3d77068989c4f3a2a03df8d7cb42b93007edb,e0a8ad1411089375,5.0,2,0.0,0.0,5,7453d8f230dd1ef7fc361e23f107762c1d6acd102f692da6cec81296535d87ef,2022,ok,252,300.0,-32670.0,10990.0,21980.0,1099,2198,-0.3267,-129.64285714285714,-0.3267,0.11516140569891374,-2.8368879141172347,-0.35907708645074093,"conditional complete-window sum on stated capital, not live equity or intraday drawdown",0.32837301587301587,255915.8196097884,mean across entered windows; not equal-risk sizing or margin availability,252,252,0.0,0.0
NQ,mom-3,combined_stress,2354060058c8498ad69c397726d3d77068989c4f3a2a03df8d7cb42b93007edb,e0a8ad1411089375,5.0,2,0.0,0.0,5,7453d8f230dd1ef7fc361e23f107762c1d6acd102f692da6cec81296535d87ef,2023,ok,251,-9325.0,-42175.0,10950.0,21900.0,1095,2190,-0.42175,-168.02788844621514,-0.42343027888446216,0.06598851627004439,-6.4167267703316915,-0.42175,"conditional complete-window sum on stated capital, not live equity or intraday drawdown",0.3229581673306773,284480.23975526466,mean across entered windows; not equal-risk sizing or margin availability,251,252,0.0,0.0
NQ,mom-3,combined_stress,2354060058c8498ad69c397726d3d77068989c4f3a2a03df8d7cb42b93007edb,e0a8ad1411089375,5.0,2,0.0,0.0,5,7453d8f230dd1ef7fc361e23f107762c1d6acd102f692da6cec81296535d87ef,2024,ok,251,-10555.0,-44185.0,11210.0,22420.0,1121,2242,-0.44185,-176.0358565737052,-0.44361035856573705,0.09369652059853086,-4.734544631241012,-0.4635,"conditional complete-window sum on stated capital, not live equity or intraday drawdown",0.33632138114209825,383930.3902722444,mean across entered windows; not equal-risk sizing or margin availability,251,252,0.0,0.0
NQ,mom-3,combined_stress,2354060058c8498ad69c397726d3d77068989c4f3a2a03df8d7cb42b93007edb,e0a8ad1411089375,5.0,2,0.0,0.0,5,7453d8f230dd1ef7fc361e23f107762c1d6acd102f692da6cec81296535d87ef,2025,ok,244,-16110.0,-47460.0,10450.0,20900.0,1045,2090,-0.4746,-194.50819672131146,-0.4901606557377049,0.15271818087140218,-3.20957631200734,-0.48683889241588124,"conditional complete-window sum on stated capital, not live equity or intraday drawdown",0.3284665300546448,451968.10275175644,mean across entered windows; not equal-risk sizing or margin availability,244,252,0.0,0.0
NQ,mom-3,combined_stress,2354060058c8498ad69c397726d3d77068989c4f3a2a03df8d7cb42b93007edb,e0a8ad1411089375,5.0,2,0.0,0.0,5,7453d8f230dd1ef7fc361e23f107762c1d6acd102f692da6cec81296535d87ef,2026,ok,147,24405.0,6075.0,6110.0,12220.0,611,1222,0.06075,41.326530612244895,0.10414285714285713,0.23762366083340047,0.4382680444262341,-0.11630970593234745,"conditional complete-window sum on stated capital, not live equity or intraday drawdown",0.32922335600907027,543793.9573075263,mean across entered windows; not equal-risk sizing or margin availability,147,252,0.0,0.0
NQ,mom-6,base,2354060058c8498ad69c397726d3d77068989c4f3a2a03df8d7cb42b93007edb,d431ee2460e85c92,2.5,1,0.0,0.0,1,7453d8f230dd1ef7fc361e23f107762c1d6acd102f692da6cec81296535d87ef,whole,ok,2267,12485.0,-100360.0,37615.0,75230.0,7523,15046,-1.0036,-44.26996029995589,-0.11156029995588884,0.1097489461233356,-1.016504521423993,-1.15955,"conditional complete-window sum on stated capital, not live equity or intraday drawdown",0.3490663137773857,278589.2200279494,mean across entered windows; not equal-risk sizing or margin availability,2267,252,0.0,0.0
NQ,mom-6,base,2354060058c8498ad69c397726d3d77068989c4f3a2a03df8d7cb42b93007edb,d431ee2460e85c92,2.5,1,0.0,0.0,1,7453d8f230dd1ef7fc361e23f107762c1d6acd102f692da6cec81296535d87ef,development,ok,1122,-11990.0,-68315.0,18775.0,37550.0,3755,7510,-0.68315,-60.886809269162214,-0.15343475935828876,0.06459868864470754,-2.3751992892948524,-0.7151,"conditional complete-window sum on stated capital, not live equity or intraday drawdown",0.348800505050505,186428.96711866566,mean across entered windows; not equal-risk sizing or margin availability,1122,252,0.0,0.0
NQ,mom-6,base,2354060058c8498ad69c397726d3d77068989c4f3a2a03df8d7cb42b93007edb,d431ee2460e85c92,2.5,1,0.0,0.0,1,7453d8f230dd1ef7fc361e23f107762c1d6acd102f692da6cec81296535d87ef,validation,ok,503,-3060.0,-27435.0,8125.0,16250.0,1625,3250,-0.27435,-54.5427435387674,-0.13744771371769385,0.09770702802858344,-1.4067331336440259,-0.338845610678329,"conditional complete-window sum on stated capital, not live equity or intraday drawdown",0.3452617627567926,270161.1541465493,mean across entered windows; not equal-risk sizing or margin availability,503,252,0.0,0.0
NQ,mom-6,base,2354060058c8498ad69c397726d3d77068989c4f3a2a03df8d7cb42b93007edb,d431ee2460e85c92,2.5,1,0.0,0.0,1,7453d8f230dd1ef7fc361e23f107762c1d6acd102f692da6cec81296535d87ef,historical_final,ok,642,27535.0,-4610.0,10715.0,21430.0,2143,4286,-0.0461,-7.1806853582554515,-0.01809532710280374,0.16660246295803258,-0.10861380307061835,-0.22082804413631482,"conditional complete-window sum on stated capital, not live equity or intraday drawdown",0.3525116822429907,446519.2058353762,mean across entered windows; not equal-risk sizing or margin availability,642,252,0.0,0.0
NQ,mom-6,base,2354060058c8498ad69c397726d3d77068989c4f3a2a03df8d7cb42b93007edb,d431ee2460e85c92,2.5,1,0.0,0.0,1,7453d8f230dd1ef7fc361e23f107762c1d6acd102f692da6cec81296535d87ef,2016,ok,39,-435.0,-2145.0,570.0,1140.0,114,228,-0.02145,-55.0,-0.1386,0.025467006519271786,-5.442335749005934,-0.0219,"conditional complete-window sum on stated capital, not live equity or intraday drawdown",0.30822649572649574,95970.24572649573,mean across entered windows; not equal-risk sizing or margin availability,39,252,0.0,0.0
NQ,mom-6,base,2354060058c8498ad69c397726d3d77068989c4f3a2a03df8d7cb42b93007edb,d431ee2460e85c92,2.5,1,0.0,0.0,1,7453d8f230dd1ef7fc361e23f107762c1d6acd102f692da6cec81296535d87ef,2017,ok,117,2380.0,-3530.0,1970.0,3940.0,394,788,-0.0353,-30.17094017094017,-0.07603076923076922,0.020607082362656928,-3.6895455597609588,-0.04115,"conditional complete-window sum on stated capital, not live equity or intraday drawdown",0.34864672364672367,116821.89255189255,mean across entered windows; not equal-risk sizing or margin availability,117,252,0.0,0.0
NQ,mom-6,base,2354060058c8498ad69c397726d3d77068989c4f3a2a03df8d7cb42b93007edb,d431ee2460e85c92,2.5,1,0.0,0.0,1,7453d8f230dd1ef7fc361e23f107762c1d6acd102f692da6cec81296535d87ef,2018,ok,228,3420.0,-7560.0,3660.0,7320.0,732,1464,-0.0756,-33.1578947368421,-0.0835578947368421,0.04571419752463257,-1.8278324735289926,-0.09506234413965087,"conditional complete-window sum on stated capital, not live equity or intraday drawdown",0.3485014619883041,139879.4543128655,mean across entered windows; not equal-risk sizing or margin availability,228,252,0.0,0.0
NQ,mom-6,base,2354060058c8498ad69c397726d3d77068989c4f3a2a03df8d7cb42b93007edb,d431ee2460e85c92,2.5,1,0.0,0.0,1,7453d8f230dd1ef7fc361e23f107762c1d6acd102f692da6cec81296535d87ef,2019,ok,244,-135.0,-12390.0,4085.0,8170.0,817,1634,-0.1239,-50.778688524590166,-0.12796229508196721,0.0417140911167051,-3.067603576066473,-0.1247,"conditional complete-window sum on stated capital, not live equity or intraday drawdown",0.350495218579235,152426.68789032003,mean across entered windows; not equal-risk sizing or margin availability,244,252,0.0,0.0
NQ,mom-6,base,2354060058c8498ad69c397726d3d77068989c4f3a2a03df8d7cb42b93007edb,d431ee2460e85c92,2.5,1,0.0,0.0,1,7453d8f230dd1ef7fc361e23f107762c1d6acd102f692da6cec81296535d87ef,2020,ok,245,-13590.0,-26265.0,4225.0,8450.0,845,1690,-0.26265,-107.20408163265306,-0.2701542857142857,0.0937470604316661,-2.881736072260164,-0.26596435169004945,"conditional complete-window sum on stated capital, not live equity or intraday drawdown",0.3467687074829932,206616.7612244898,mean across entered windows; not equal-risk sizing or margin availability,245,252,0.0,0.0
NQ,mom-6,base,2354060058c8498ad69c397726d3d77068989c4f3a2a03df8d7cb42b93007edb,d431ee2460e85c92,2.5,1,0.0,0.0,1,7453d8f230dd1ef7fc361e23f107762c1d6acd102f692da6cec81296535d87ef,2021,ok,249,-3630.0,-16425.0,4265.0,8530.0,853,1706,-0.16425,-65.96385542168674,-0.16622891566265058,0.07883051927114335,-2.1086873104424706,-0.20047744566568856,"conditional complete-window sum on stated capital, not live equity or intraday drawdown",0.3558400267737617,289383.7998661312,mean across entered windows; not equal-risk sizing or margin availability,249,252,0.0,0.0
NQ,mom-6,base,2354060058c8498ad69c397726d3d77068989c4f3a2a03df8d7cb42b93007edb,d431ee2460e85c92,2.5,1,0.0,0.0,1,7453d8f230dd1ef7fc361e23f107762c1d6acd102f692da6cec81296535d87ef,2022,ok,252,3600.0,-8295.0,3965.0,7930.0,793,1586,-0.08295,-32.916666666666664,-0.08295,0.11944920518581073,-0.6944374378294612,-0.2226777823333789,"conditional complete-window sum on stated capital, not live equity or intraday drawdown",0.34441137566137564,255898.83026266063,mean across entered windows; not equal-risk sizing or margin availability,252,252,0.0,0.0
NQ,mom-6,base,2354060058c8498ad69c397726d3d77068989c4f3a2a03df8d7cb42b93007edb,d431ee2460e85c92,2.5,1,0.0,0.0,1,7453d8f230dd1ef7fc361e23f107762c1d6acd102f692da6cec81296535d87ef,2023,ok,251,-6660.0,-19140.0,4160.0,8320.0,832,1664,-0.1914,-76.25498007968127,-0.1921625498007968,0.0694313153546187,-2.7676639686189355,-0.1993266660065353,"conditional complete-window sum on stated capital, not live equity or intraday drawdown",0.3461155378486056,284480.30003794347,mean across entered windows; not equal-risk sizing or margin availability,251,252,0.0,0.0
NQ,mom-6,base,2354060058c8498ad69c397726d3d77068989c4f3a2a03df8d7cb42b93007edb,d431ee2460e85c92,2.5,1,0.0,0.0,1,7453d8f230dd1ef7fc361e23f107762c1d6acd102f692da6cec81296535d87ef,2024,ok,251,3240.0,-9750.0,4330.0,8660.0,866,1732,-0.0975,-38.844621513944226,-0.09788844621513945,0.08848053382510809,-1.1063274822530702,-0.13499658236500342,"conditional complete-window sum on stated capital, not live equity or intraday drawdown",0.3546646746347942,383971.8396666667,mean across entered windows; not equal-risk sizing or margin availability,251,252,0.0,0.0
NQ,mom-6,base,2354060058c8498ad69c397726d3d77068989c4f3a2a03df8d7cb42b93007edb,d431ee2460e85c92,2.5,1,0.0,0.0,1,7453d8f230dd1ef7fc361e23f107762c1d6acd102f692da6cec81296535d87ef,2025,ok,244,3160.0,-8825.0,3995.0,7990.0,799,1598,-0.08825,-36.16803278688525,-0.09114344262295082,0.1729097064633828,-0.5271158252891509,-0.13117935283558918,"conditional complete-window sum on stated capital, not live equity or intraday drawdown",0.3516905737704918,451978.7275565964,mean across entered windows; not equal-risk sizing or margin availability,244,252,0.0,0.0
NQ,mom-6,base,2354060058c8498ad69c397726d3d77068989c4f3a2a03df8d7cb42b93007edb,d431ee2460e85c92,2.5,1,0.0,0.0,1,7453d8f230dd1ef7fc361e23f107762c1d6acd102f692da6cec81296535d87ef,2026,ok,147,21135.0,13965.0,2390.0,4780.0,478,956,0.13965,95.0,0.2394,0.24156022477175507,0.9910572000262204,-0.15508063875427028,"conditional complete-window sum on stated capital, not live equity or intraday drawdown",0.3501984126984127,543830.2142857143,mean across entered windows; not equal-risk sizing or margin availability,147,252,0.0,0.0
NQ,mom-6,gross_reference,2354060058c8498ad69c397726d3d77068989c4f3a2a03df8d7cb42b93007edb,9c8b910a94c6c482,0.0,0,0.0,0.0,1,7453d8f230dd1ef7fc361e23f107762c1d6acd102f692da6cec81296535d87ef,whole,ok,2267,12485.0,12485.0,0.0,0.0,7523,15046,0.12485,5.507278341420379,0.013878341420379355,0.10913751691735116,0.12716380042702727,-0.24488086373790022,"conditional complete-window sum on stated capital, not live equity or intraday drawdown",0.3490663137773857,278589.2200279494,mean across entered windows; not equal-risk sizing or margin availability,2267,252,0.0,0.0
NQ,mom-6,gross_reference,2354060058c8498ad69c397726d3d77068989c4f3a2a03df8d7cb42b93007edb,9c8b910a94c6c482,0.0,0,0.0,0.0,1,7453d8f230dd1ef7fc361e23f107762c1d6acd102f692da6cec81296535d87ef,development,ok,1122,-11990.0,-11990.0,0.0,0.0,3755,7510,-0.1199,-10.686274509803921,-0.026929411764705882,0.06395774616770267,-0.4210500428532092,-0.22333395383469842,"conditional complete-window sum on stated capital, not live equity or intraday drawdown",0.348800505050505,186428.96711866566,mean across entered windows; not equal-risk sizing or margin availability,1122,252,0.0,0.0
NQ,mom-6,gross_reference,2354060058c8498ad69c397726d3d77068989c4f3a2a03df8d7cb42b93007edb,9c8b910a94c6c482,0.0,0,0.0,0.0,1,7453d8f230dd1ef7fc361e23f107762c1d6acd102f692da6cec81296535d87ef,validation,ok,503,-3060.0,-3060.0,0.0,0.0,1625,3250,-0.0306,-6.083499005964215,-0.015330417495029822,0.09683340531505472,-0.15831744680620458,-0.15755190663590718,"conditional complete-window sum on stated capital, not live equity or intraday drawdown",0.3452617627567926,270161.1541465493,mean across entered windows; not equal-risk sizing or margin availability,503,252,0.0,0.0
NQ,mom-6,gross_reference,2354060058c8498ad69c397726d3d77068989c4f3a2a03df8d7cb42b93007edb,9c8b910a94c6c482,0.0,0,0.0,0.0,1,7453d8f230dd1ef7fc361e23f107762c1d6acd102f692da6cec81296535d87ef,historical_final,ok,642,27535.0,27535.0,0.0,0.0,2143,4286,0.27535,42.889408099688474,0.10808130841121495,0.16601191826907333,0.6510454763617393,-0.11783427704378076,"conditional complete-window sum on stated capital, not live equity or intraday drawdown",0.3525116822429907,446519.2058353762,mean across entered windows; not equal-risk sizing or margin availability,642,252,0.0,0.0
NQ,mom-6,gross_reference,2354060058c8498ad69c397726d3d77068989c4f3a2a03df8d7cb42b93007edb,9c8b910a94c6c482,0.0,0,0.0,0.0,1,7453d8f230dd1ef7fc361e23f107762c1d6acd102f692da6cec81296535d87ef,2016,ok,39,-435.0,-435.0,0.0,0.0,114,228,-0.00435,-11.153846153846153,-0.028107692307692306,0.024655607635064504,-1.1400121515447201,-0.010691198408751865,"conditional complete-window sum on stated capital, not live equity or intraday drawdown",0.30822649572649574,95970.24572649573,mean across entered windows; not equal-risk sizing or margin availability,39,252,0.0,0.0
NQ,mom-6,gross_reference,2354060058c8498ad69c397726d3d77068989c4f3a2a03df8d7cb42b93007edb,9c8b910a94c6c482,0.0,0,0.0,0.0,1,7453d8f230dd1ef7fc361e23f107762c1d6acd102f692da6cec81296535d87ef,2017,ok,117,2380.0,2380.0,0.0,0.0,394,788,0.0238,20.34188034188034,0.051261538461538456,0.019489018876380767,2.63027804461022,-0.008289596311374896,"conditional complete-window sum on stated capital, not live equity or intraday drawdown",0.34864672364672367,116821.89255189255,mean across entered windows; not equal-risk sizing or margin availability,117,252,0.0,0.0
NQ,mom-6,gross_reference,2354060058c8498ad69c397726d3d77068989c4f3a2a03df8d7cb42b93007edb,9c8b910a94c6c482,0.0,0,0.0,0.0,1,7453d8f230dd1ef7fc361e23f107762c1d6acd102f692da6cec81296535d87ef,2018,ok,228,3420.0,3420.0,0.0,0.0,732,1464,0.0342,15.0,0.03779999999999999,0.04507447581552173,0.8386120818066906,-0.037851735466361947,"conditional complete-window sum on stated capital, not live equity or intraday drawdown",0.3485014619883041,139879.4543128655,mean across entered windows; not equal-risk sizing or margin availability,228,252,0.0,0.0
NQ,mom-6,gross_reference,2354060058c8498ad69c397726d3d77068989c4f3a2a03df8d7cb42b93007edb,9c8b910a94c6c482,0.0,0,0.0,0.0,1,7453d8f230dd1ef7fc361e23f107762c1d6acd102f692da6cec81296535d87ef,2019,ok,244,-135.0,-135.0,0.0,0.0,817,1634,-0.00135,-0.5532786885245902,-0.0013942622950819672,0.04100841867527337,-0.033999416220422525,-0.0412,"conditional complete-window sum on stated capital, not live equity or intraday drawdown",0.350495218579235,152426.68789032003,mean across entered windows; not equal-risk sizing or margin availability,244,252,0.0,0.0
NQ,mom-6,gross_reference,2354060058c8498ad69c397726d3d77068989c4f3a2a03df8d7cb42b93007edb,9c8b910a94c6c482,0.0,0,0.0,0.0,1,7453d8f230dd1ef7fc361e23f107762c1d6acd102f692da6cec81296535d87ef,2020,ok,245,-13590.0,-13590.0,0.0,0.0,845,1690,-0.1359,-55.46938775510204,-0.13978285714285715,0.09311028472612388,-1.5012611931540831,-0.1744447705703943,"conditional complete-window sum on stated capital, not live equity or intraday drawdown",0.3467687074829932,206616.7612244898,mean across entered windows; not equal-risk sizing or margin availability,245,252,0.0,0.0
NQ,mom-6,gross_reference,2354060058c8498ad69c397726d3d77068989c4f3a2a03df8d7cb42b93007edb,9c8b910a94c6c482,0.0,0,0.0,0.0,1,7453d8f230dd1ef7fc361e23f107762c1d6acd102f692da6cec81296535d87ef,2021,ok,249,-3630.0,-3630.0,0.0,0.0,853,1706,-0.0363,-14.578313253012048,-0.03673734939759036,0.07811913808245348,-0.47027335809587006,-0.08765217391304347,"conditional complete-window sum on stated capital, not live equity or intraday drawdown",0.3558400267737617,289383.7998661312,mean across entered windows; not equal-risk sizing or margin availability,249,252,0.0,0.0
NQ,mom-6,gross_reference,2354060058c8498ad69c397726d3d77068989c4f3a2a03df8d7cb42b93007edb,9c8b910a94c6c482,0.0,0,0.0,0.0,1,7453d8f230dd1ef7fc361e23f107762c1d6acd102f692da6cec81296535d87ef,2022,ok,252,3600.0,3600.0,0.0,0.0,793,1586,0.036,14.285714285714286,0.036000000000000004,0.11849991678851282,0.3037976816831806,-0.15755190663590718,"conditional complete-window sum on stated capital, not live equity or intraday drawdown",0.34441137566137564,255898.83026266063,mean across entered windows; not equal-risk sizing or margin availability,252,252,0.0,0.0
NQ,mom-6,gross_reference,2354060058c8498ad69c397726d3d77068989c4f3a2a03df8d7cb42b93007edb,9c8b910a94c6c482,0.0,0,0.0,0.0,1,7453d8f230dd1ef7fc361e23f107762c1d6acd102f692da6cec81296535d87ef,2023,ok,251,-6660.0,-6660.0,0.0,0.0,832,1664,-0.0666,-26.53386454183267,-0.06686533864541833,0.06862150358149303,-0.9744079502136073,-0.0840488690446985,"conditional complete-window sum on stated capital, not live equity or intraday drawdown",0.3461155378486056,284480.30003794347,mean across entered windows; not equal-risk sizing or margin availability,251,252,0.0,0.0
NQ,mom-6,gross_reference,2354060058c8498ad69c397726d3d77068989c4f3a2a03df8d7cb42b93007edb,9c8b910a94c6c482,0.0,0,0.0,0.0,1,7453d8f230dd1ef7fc361e23f107762c1d6acd102f692da6cec81296535d87ef,2024,ok,251,3240.0,3240.0,0.0,0.0,866,1732,0.0324,12.908366533864541,0.032529083665338646,0.087606159091453,0.3713104649569352,-0.07945938591319335,"conditional complete-window sum on stated capital, not live equity or intraday drawdown",0.3546646746347942,383971.8396666667,mean across entered windows; not equal-risk sizing or margin availability,251,252,0.0,0.0
NQ,mom-6,gross_reference,2354060058c8498ad69c397726d3d77068989c4f3a2a03df8d7cb42b93007edb,9c8b910a94c6c482,0.0,0,0.0,0.0,1,7453d8f230dd1ef7fc361e23f107762c1d6acd102f692da6cec81296535d87ef,2025,ok,244,3160.0,3160.0,0.0,0.0,799,1598,0.0316,12.950819672131148,0.032636065573770495,0.17222275531969905,0.18949914901307782,-0.08503709064592004,"conditional complete-window sum on stated capital, not live equity or intraday drawdown",0.3516905737704918,451978.7275565964,mean across entered windows; not equal-risk sizing or margin availability,244,252,0.0,0.0
NQ,mom-6,gross_reference,2354060058c8498ad69c397726d3d77068989c4f3a2a03df8d7cb42b93007edb,9c8b910a94c6c482,0.0,0,0.0,0.0,1,7453d8f230dd1ef7fc361e23f107762c1d6acd102f692da6cec81296535d87ef,2026,ok,147,21135.0,21135.0,0.0,0.0,478,956,0.21135,143.77551020408163,0.3623142857142857,0.24115557795511383,1.5024088963089344,-0.12369371819276641,"conditional complete-window sum on stated capital, not live equity or intraday drawdown",0.3501984126984127,543830.2142857143,mean across entered windows; not equal-risk sizing or margin availability,147,252,0.0,0.0
NQ,mom-6,cost_stress,2354060058c8498ad69c397726d3d77068989c4f3a2a03df8d7cb42b93007edb,239fe8ef7145c0b9,5.0,2,0.0,0.0,1,7453d8f230dd1ef7fc361e23f107762c1d6acd102f692da6cec81296535d87ef,whole,ok,2267,12485.0,-213205.0,75230.0,150460.0,7523,15046,-2.13205,-94.04719894133216,-0.23699894133215704,0.11043341844964062,-2.146079915476241,-2.2124,"conditional complete-window sum on stated capital, not live equity or intraday drawdown",0.3490663137773857,278589.2200279494,mean across entered windows; not equal-risk sizing or margin availability,2267,252,0.0,0.0
NQ,mom-6,cost_stress,2354060058c8498ad69c397726d3d77068989c4f3a2a03df8d7cb42b93007edb,239fe8ef7145c0b9,5.0,2,0.0,0.0,1,7453d8f230dd1ef7fc361e23f107762c1d6acd102f692da6cec81296535d87ef,development,ok,1122,-11990.0,-124640.0,37550.0,75100.0,3755,7510,-1.2464,-111.0873440285205,-0.27994010695187166,0.06536038085184552,-4.283024414842701,-1.26935,"conditional complete-window sum on stated capital, not live equity or intraday drawdown",0.348800505050505,186428.96711866566,mean across entered windows; not equal-risk sizing or margin availability,1122,252,0.0,0.0
NQ,mom-6,cost_stress,2354060058c8498ad69c397726d3d77068989c4f3a2a03df8d7cb42b93007edb,239fe8ef7145c0b9,5.0,2,0.0,0.0,1,7453d8f230dd1ef7fc361e23f107762c1d6acd102f692da6cec81296535d87ef,validation,ok,503,-3060.0,-51810.0,16250.0,32500.0,1625,3250,-0.5181,-103.00198807157058,-0.25956500994035786,0.09865620381150804,-2.6310054503645945,-0.5577884835971553,"conditional complete-window sum on stated capital, not live equity or intraday drawdown",0.3452617627567926,270161.1541465493,mean across entered windows; not equal-risk sizing or margin availability,503,252,0.0,0.0
NQ,mom-6,cost_stress,2354060058c8498ad69c397726d3d77068989c4f3a2a03df8d7cb42b93007edb,239fe8ef7145c0b9,5.0,2,0.0,0.0,1,7453d8f230dd1ef7fc361e23f107762c1d6acd102f692da6cec81296535d87ef,historical_final,ok,642,27535.0,-36755.0,21430.0,42860.0,2143,4286,-0.36755,-57.25077881619938,-0.14427196261682243,0.16724380192578142,-0.862644600012422,-0.4479,"conditional complete-window sum on stated capital, not live equity or intraday drawdown",0.3525116822429907,446519.2058353762,mean across entered windows; not equal-risk sizing or margin availability,642,252,0.0,0.0
NQ,mom-6,cost_stress,2354060058c8498ad69c397726d3d77068989c4f3a2a03df8d7cb42b93007edb,239fe8ef7145c0b9,5.0,2,0.0,0.0,1,7453d8f230dd1ef7fc361e23f107762c1d6acd102f692da6cec81296535d87ef,2016,ok,39,-435.0,-3855.0,1140.0,2280.0,114,228,-0.03855,-98.84615384615384,-0.24909230769230767,0.02657402844610224,-9.373524537219478,-0.0387,"conditional complete-window sum on stated capital, not live equity or intraday drawdown",0.30822649572649574,95970.24572649573,mean across entered windows; not equal-risk sizing or margin availability,39,252,0.0,0.0
NQ,mom-6,cost_stress,2354060058c8498ad69c397726d3d77068989c4f3a2a03df8d7cb42b93007edb,239fe8ef7145c0b9,5.0,2,0.0,0.0,1,7453d8f230dd1ef7fc361e23f107762c1d6acd102f692da6cec81296535d87ef,2017,ok,117,2380.0,-9440.0,3940.0,7880.0,394,788,-0.0944,-80.68376068376068,-0.2033230769230769,0.022041477659189065,-9.224566522576666,-0.09465,"conditional complete-window sum on stated capital, not live equity or intraday drawdown",0.34864672364672367,116821.89255189255,mean across entered windows; not equal-risk sizing or margin availability,117,252,0.0,0.0
NQ,mom-6,cost_stress,2354060058c8498ad69c397726d3d77068989c4f3a2a03df8d7cb42b93007edb,239fe8ef7145c0b9,5.0,2,0.0,0.0,1,7453d8f230dd1ef7fc361e23f107762c1d6acd102f692da6cec81296535d87ef,2018,ok,228,3420.0,-18540.0,7320.0,14640.0,732,1464,-0.1854,-81.3157894736842,-0.2049157894736842,0.04651180952929884,-4.405672270063007,-0.19654017299135043,"conditional complete-window sum on stated capital, not live equity or intraday drawdown",0.3485014619883041,139879.4543128655,mean across entered windows; not equal-risk sizing or margin availability,228,252,0.0,0.0
NQ,mom-6,cost_stress,2354060058c8498ad69c397726d3d77068989c4f3a2a03df8d7cb42b93007edb,239fe8ef7145c0b9,5.0,2,0.0,0.0,1,7453d8f230dd1ef7fc361e23f107762c1d6acd102f692da6cec81296535d87ef,2019,ok,244,-135.0,-24645.0,8170.0,16340.0,817,1634,-0.24645,-101.00409836065573,-0.25453032786885244,0.042614065313437866,-5.972918237129307,-0.24645,"conditional complete-window sum on stated capital, not live equity or intraday drawdown",0.350495218579235,152426.68789032003,mean across entered windows; not equal-risk sizing or margin availability,244,252,0.0,0.0
NQ,mom-6,cost_stress,2354060058c8498ad69c397726d3d77068989c4f3a2a03df8d7cb42b93007edb,239fe8ef7145c0b9,5.0,2,0.0,0.0,1,7453d8f230dd1ef7fc361e23f107762c1d6acd102f692da6cec81296535d87ef,2020,ok,245,-13590.0,-38940.0,8450.0,16900.0,845,1690,-0.3894,-158.9387755102041,-0.4005257142857144,0.09448501197078528,-4.239039673398747,-0.39144983269240374,"conditional complete-window sum on stated capital, not live equity or intraday drawdown",0.3467687074829932,206616.7612244898,mean across entered windows; not equal-risk sizing or margin availability,245,252,0.0,0.0
NQ,mom-6,cost_stress,2354060058c8498ad69c397726d3d77068989c4f3a2a03df8d7cb42b93007edb,239fe8ef7145c0b9,5.0,2,0.0,0.0,1,7453d8f230dd1ef7fc361e23f107762c1d6acd102f692da6cec81296535d87ef,2021,ok,249,-3630.0,-29220.0,8530.0,17060.0,853,1706,-0.2922,-117.34939759036145,-0.29572048192771083,0.07961795913015669,-3.714243434000578,-0.31818408084026084,"conditional complete-window sum on stated capital, not live equity or intraday drawdown",0.3558400267737617,289383.7998661312,mean across entered windows; not equal-risk sizing or margin availability,249,252,0.0,0.0
NQ,mom-6,cost_stress,2354060058c8498ad69c397726d3d77068989c4f3a2a03df8d7cb42b93007edb,239fe8ef7145c0b9,5.0,2,0.0,0.0,1,7453d8f230dd1ef7fc361e23f107762c1d6acd102f692da6cec81296535d87ef,2022,ok,252,3600.0,-20190.0,7930.0,15860.0,793,1586,-0.2019,-80.11904761904762,-0.2019,0.12046183290673854,-1.6760495430640747,-0.2972241339756825,"conditional complete-window sum on stated capital, not live equity or intraday drawdown",0.34441137566137564,255898.83026266063,mean across entered windows; not equal-risk sizing or margin availability,252,252,0.0,0.0
NQ,mom-6,cost_stress,2354060058c8498ad69c397726d3d77068989c4f3a2a03df8d7cb42b93007edb,239fe8ef7145c0b9,5.0,2,0.0,0.0,1,7453d8f230dd1ef7fc361e23f107762c1d6acd102f692da6cec81296535d87ef,2023,ok,251,-6660.0,-31620.0,8320.0,16640.0,832,1664,-0.3162,-125.97609561752988,-0.3174597609561753,0.07034347911741805,-4.512994877979639,-0.321324003771525,"conditional complete-window sum on stated capital, not live equity or intraday drawdown",0.3461155378486056,284480.30003794347,mean across entered windows; not equal-risk sizing or margin availability,251,252,0.0,0.0
NQ,mom-6,cost_stress,2354060058c8498ad69c397726d3d77068989c4f3a2a03df8d7cb42b93007edb,239fe8ef7145c0b9,5.0,2,0.0,0.0,1,7453d8f230dd1ef7fc361e23f107762c1d6acd102f692da6cec81296535d87ef,2024,ok,251,3240.0,-22740.0,8660.0,17320.0,866,1732,-0.2274,-90.59760956175299,-0.22830597609561754,0.08946662530879002,-2.551856352104819,-0.24315,"conditional complete-window sum on stated capital, not live equity or intraday drawdown",0.3546646746347942,383971.8396666667,mean across entered windows; not equal-risk sizing or margin availability,251,252,0.0,0.0
NQ,mom-6,cost_stress,2354060058c8498ad69c397726d3d77068989c4f3a2a03df8d7cb42b93007edb,239fe8ef7145c0b9,5.0,2,0.0,0.0,1,7453d8f230dd1ef7fc361e23f107762c1d6acd102f692da6cec81296535d87ef,2025,ok,244,3160.0,-20810.0,7990.0,15980.0,799,1598,-0.2081,-85.28688524590164,-0.21492295081967214,0.1736364895694975,-1.2377752588326192,-0.23806265578417476,"conditional complete-window sum on stated capital, not live equity or intraday drawdown",0.3516905737704918,451978.7275565964,mean across entered windows; not equal-risk sizing or margin availability,244,252,0.0,0.0
NQ,mom-6,cost_stress,2354060058c8498ad69c397726d3d77068989c4f3a2a03df8d7cb42b93007edb,239fe8ef7145c0b9,5.0,2,0.0,0.0,1,7453d8f230dd1ef7fc361e23f107762c1d6acd102f692da6cec81296535d87ef,2026,ok,147,21135.0,6795.0,4780.0,9560.0,478,956,0.06795,46.224489795918366,0.11648571428571429,0.24199688475457645,0.4813521232054265,-0.18791400820904622,"conditional complete-window sum on stated capital, not live equity or intraday drawdown",0.3501984126984127,543830.2142857143,mean across entered windows; not equal-risk sizing or margin availability,147,252,0.0,0.0
NQ,mom-6,delay_stress,2354060058c8498ad69c397726d3d77068989c4f3a2a03df8d7cb42b93007edb,84c5bc8837222f2e,2.5,1,0.0,0.0,5,7453d8f230dd1ef7fc361e23f107762c1d6acd102f692da6cec81296535d87ef,whole,ok,2267,19880.0,-90235.0,36705.0,73410.0,7341,14682,-0.90235,-39.803705337450374,-0.10030533745037494,0.10633317127622575,-0.9433118211983722,-1.02075,"conditional complete-window sum on stated capital, not live equity or intraday drawdown",0.3441681370386708,278634.997716283,mean across entered windows; not equal-risk sizing or margin availability,2267,252,0.0,0.0
NQ,mom-6,delay_stress,2354060058c8498ad69c397726d3d77068989c4f3a2a03df8d7cb42b93007edb,84c5bc8837222f2e,2.5,1,0.0,0.0,5,7453d8f230dd1ef7fc361e23f107762c1d6acd102f692da6cec81296535d87ef,development,ok,1122,-8755.0,-63745.0,18330.0,36660.0,3666,7332,-0.63745,-56.81372549019608,-0.1431705882352941,0.06138520772549121,-2.3323304349728575,-0.66155,"conditional complete-window sum on stated capital, not live equity or intraday drawdown",0.3438799762329174,186439.4032804469,mean across entered windows; not equal-risk sizing or margin availability,1122,252,0.0,0.0
NQ,mom-6,delay_stress,2354060058c8498ad69c397726d3d77068989c4f3a2a03df8d7cb42b93007edb,84c5bc8837222f2e,2.5,1,0.0,0.0,5,7453d8f230dd1ef7fc361e23f107762c1d6acd102f692da6cec81296535d87ef,validation,ok,503,7150.0,-16580.0,7910.0,15820.0,1582,3164,-0.1658,-32.962226640159045,-0.0830648111332008,0.0957197342169002,-0.8677919115924054,-0.2375816844125577,"conditional complete-window sum on stated capital, not live equity or intraday drawdown",0.34012591119946983,270157.66685600684,mean across entered windows; not equal-risk sizing or margin availability,503,252,0.0,0.0
NQ,mom-6,delay_stress,2354060058c8498ad69c397726d3d77068989c4f3a2a03df8d7cb42b93007edb,84c5bc8837222f2e,2.5,1,0.0,0.0,5,7453d8f230dd1ef7fc361e23f107762c1d6acd102f692da6cec81296535d87ef,historical_final,ok,642,21485.0,-9910.0,10465.0,20930.0,2093,4186,-0.0991,-15.43613707165109,-0.03889906542056074,0.16179160881909052,-0.24042696468922728,-0.21894495183909768,"conditional complete-window sum on stated capital, not live equity or intraday drawdown",0.347838785046729,446521.67288834404,mean across entered windows; not equal-risk sizing or margin availability,642,252,0.0,0.0
NQ,mom-6,delay_stress,2354060058c8498ad69c397726d3d77068989c4f3a2a03df8d7cb42b93007edb,84c5bc8837222f2e,2.5,1,0.0,0.0,5,7453d8f230dd1ef7fc361e23f107762c1d6acd102f692da6cec81296535d87ef,2016,ok,39,-1220.0,-2930.0,570.0,1140.0,114,228,-0.0293,-75.12820512820512,-0.1893230769230769,0.03548035551583953,-5.335997178454349,-0.02995,"conditional complete-window sum on stated capital, not live equity or intraday drawdown",0.3087606837606838,95978.85897435897,mean across entered windows; not equal-risk sizing or margin availability,39,252,0.0,0.0
NQ,mom-6,delay_stress,2354060058c8498ad69c397726d3d77068989c4f3a2a03df8d7cb42b93007edb,84c5bc8837222f2e,2.5,1,0.0,0.0,5,7453d8f230dd1ef7fc361e23f107762c1d6acd102f692da6cec81296535d87ef,2017,ok,117,1495.0,-4220.0,1905.0,3810.0,381,762,-0.0422,-36.06837606837607,-0.0908923076923077,0.019802813413708244,-4.5898684087680515,-0.04755,"conditional complete-window sum on stated capital, not live equity or intraday drawdown",0.3406339031339031,116825.55952380953,mean across entered windows; not equal-risk sizing or margin availability,117,252,0.0,0.0
NQ,mom-6,delay_stress,2354060058c8498ad69c397726d3d77068989c4f3a2a03df8d7cb42b93007edb,84c5bc8837222f2e,2.5,1,0.0,0.0,5,7453d8f230dd1ef7fc361e23f107762c1d6acd102f692da6cec81296535d87ef,2018,ok,228,1265.0,-9460.0,3575.0,7150.0,715,1430,-0.0946,-41.49122807017544,-0.10455789473684211,0.04686731872608271,-2.2309339979087244,-0.1150853038012571,"conditional complete-window sum on stated capital, not live equity or intraday drawdown",0.3432017543859649,139882.96089181287,mean across entered windows; not equal-risk sizing or margin availability,228,252,0.0,0.0
NQ,mom-6,delay_stress,2354060058c8498ad69c397726d3d77068989c4f3a2a03df8d7cb42b93007edb,84c5bc8837222f2e,2.5,1,0.0,0.0,5,7453d8f230dd1ef7fc361e23f107762c1d6acd102f692da6cec81296535d87ef,2019,ok,244,-770.0,-12710.0,3980.0,7960.0,796,1592,-0.1271,-52.09016393442623,-0.1312672131147541,0.04147747056732153,-3.164783467248709,-0.12818590704647675,"conditional complete-window sum on stated capital, not live equity or intraday drawdown",0.3444330601092896,152430.43615827477,mean across entered windows; not equal-risk sizing or margin availability,244,252,0.0,0.0
NQ,mom-6,delay_stress,2354060058c8498ad69c397726d3d77068989c4f3a2a03df8d7cb42b93007edb,84c5bc8837222f2e,2.5,1,0.0,0.0,5,7453d8f230dd1ef7fc361e23f107762c1d6acd102f692da6cec81296535d87ef,2020,ok,245,-2400.0,-14730.0,4110.0,8220.0,822,1644,-0.1473,-60.12244897959184,-0.15150857142857144,0.08562804254325347,-1.7693802979560065,-0.17966101694915254,"conditional complete-window sum on stated capital, not live equity or intraday drawdown",0.34158163265306124,206735.37782982044,mean across entered windows; not equal-risk sizing or margin availability,245,252,0.0,0.0
NQ,mom-6,delay_stress,2354060058c8498ad69c397726d3d77068989c4f3a2a03df8d7cb42b93007edb,84c5bc8837222f2e,2.5,1,0.0,0.0,5,7453d8f230dd1ef7fc361e23f107762c1d6acd102f692da6cec81296535d87ef,2021,ok,249,-7125.0,-19695.0,4190.0,8380.0,838,1676,-0.19695,-79.09638554216868,-0.19932289156626506,0.07563653128577252,-2.635272773326642,-0.22190590350614325,"conditional complete-window sum on stated capital, not live equity or intraday drawdown",0.3532463186077644,289385.66834002675,mean across entered windows; not equal-risk sizing or margin availability,249,252,0.0,0.0
NQ,mom-6,delay_stress,2354060058c8498ad69c397726d3d77068989c4f3a2a03df8d7cb42b93007edb,84c5bc8837222f2e,2.5,1,0.0,0.0,5,7453d8f230dd1ef7fc361e23f107762c1d6acd102f692da6cec81296535d87ef,2022,ok,252,13350.0,1740.0,3870.0,7740.0,774,1548,0.0174,6.904761904761905,0.017400000000000002,0.11828100445944925,0.14710730670168862,-0.12370333135310516,"conditional complete-window sum on stated capital, not live equity or intraday drawdown",0.3396164021164021,255889.06311413457,mean across entered windows; not equal-risk sizing or margin availability,252,252,0.0,0.0
NQ,mom-6,delay_stress,2354060058c8498ad69c397726d3d77068989c4f3a2a03df8d7cb42b93007edb,84c5bc8837222f2e,2.5,1,0.0,0.0,5,7453d8f230dd1ef7fc361e23f107762c1d6acd102f692da6cec81296535d87ef,2023,ok,251,-6200.0,-18320.0,4040.0,8080.0,808,1616,-0.1832,-72.98804780876495,-0.18392988047808767,0.06534959298714613,-2.8145528085272944,-0.1832,"conditional complete-window sum on stated capital, not live equity or intraday drawdown",0.34063745019920316,284483.1176247391,mean across entered windows; not equal-risk sizing or margin availability,251,252,0.0,0.0
NQ,mom-6,delay_stress,2354060058c8498ad69c397726d3d77068989c4f3a2a03df8d7cb42b93007edb,84c5bc8837222f2e,2.5,1,0.0,0.0,5,7453d8f230dd1ef7fc361e23f107762c1d6acd102f692da6cec81296535d87ef,2024,ok,251,1815.0,-10950.0,4255.0,8510.0,851,1702,-0.1095,-43.625498007968126,-0.10993625498007968,0.08447481849828813,-1.3014085964837854,-0.1270649298797225,"conditional complete-window sum on stated capital, not live equity or intraday drawdown",0.35068061088977426,383977.7699047619,mean across entered windows; not equal-risk sizing or margin availability,251,252,0.0,0.0
NQ,mom-6,delay_stress,2354060058c8498ad69c397726d3d77068989c4f3a2a03df8d7cb42b93007edb,84c5bc8837222f2e,2.5,1,0.0,0.0,5,7453d8f230dd1ef7fc361e23f107762c1d6acd102f692da6cec81296535d87ef,2025,ok,244,2430.0,-9240.0,3890.0,7780.0,778,1556,-0.0924,-37.868852459016395,-0.09542950819672132,0.16102369931957916,-0.5926426271410216,-0.15205095299206237,"conditional complete-window sum on stated capital, not live equity or intraday drawdown",0.34605532786885246,451972.2326307572,mean across entered windows; not equal-risk sizing or margin availability,244,252,0.0,0.0
NQ,mom-6,delay_stress,2354060058c8498ad69c397726d3d77068989c4f3a2a03df8d7cb42b93007edb,84c5bc8837222f2e,2.5,1,0.0,0.0,5,7453d8f230dd1ef7fc361e23f107762c1d6acd102f692da6cec81296535d87ef,2026,ok,147,17240.0,10280.0,2320.0,4640.0,464,928,0.1028,69.93197278911565,0.17622857142857143,0.24353811778464993,0.7236180234603055,-0.1246603402867773,"conditional complete-window sum on stated capital, not live equity or intraday drawdown",0.3459467120181406,543841.6672335601,mean across entered windows; not equal-risk sizing or margin availability,147,252,0.0,0.0
NQ,mom-6,combined_stress,2354060058c8498ad69c397726d3d77068989c4f3a2a03df8d7cb42b93007edb,da12577c065d1069,5.0,2,0.0,0.0,5,7453d8f230dd1ef7fc361e23f107762c1d6acd102f692da6cec81296535d87ef,whole,ok,2267,19880.0,-200350.0,73410.0,146820.0,7341,14682,-2.0035,-88.37670930745479,-0.22270930745478607,0.10669443882228395,-2.087356285042586,-2.052,"conditional complete-window sum on stated capital, not live equity or intraday drawdown",0.3441681370386708,278634.997716283,mean across entered windows; not equal-risk sizing or margin availability,2267,252,0.0,0.0
NQ,mom-6,combined_stress,2354060058c8498ad69c397726d3d77068989c4f3a2a03df8d7cb42b93007edb,da12577c065d1069,5.0,2,0.0,0.0,5,7453d8f230dd1ef7fc361e23f107762c1d6acd102f692da6cec81296535d87ef,development,ok,1122,-8755.0,-118735.0,36660.0,73320.0,3666,7332,-1.18735,-105.82442067736186,-0.2666775401069519,0.06175796410920198,-4.318107695963001,-1.2047,"conditional complete-window sum on stated capital, not live equity or intraday drawdown",0.3438799762329174,186439.4032804469,mean across entered windows; not equal-risk sizing or margin availability,1122,252,0.0,0.0
NQ,mom-6,combined_stress,2354060058c8498ad69c397726d3d77068989c4f3a2a03df8d7cb42b93007edb,da12577c065d1069,5.0,2,0.0,0.0,5,7453d8f230dd1ef7fc361e23f107762c1d6acd102f692da6cec81296535d87ef,validation,ok,503,7150.0,-40310.0,15820.0,31640.0,1582,3164,-0.4031,-80.13916500994036,-0.2019506958250497,0.09616243970379859,-2.1000995445529687,-0.44757056918093474,"conditional complete-window sum on stated capital, not live equity or intraday drawdown",0.34012591119946983,270157.66685600684,mean across entered windows; not equal-risk sizing or margin availability,503,252,0.0,0.0
NQ,mom-6,combined_stress,2354060058c8498ad69c397726d3d77068989c4f3a2a03df8d7cb42b93007edb,da12577c065d1069,5.0,2,0.0,0.0,5,7453d8f230dd1ef7fc361e23f107762c1d6acd102f692da6cec81296535d87ef,historical_final,ok,642,21485.0,-41305.0,20930.0,41860.0,2093,4186,-0.41305,-64.3380062305296,-0.1621317757009346,0.16217615151013307,-0.9997263727817853,-0.46155,"conditional complete-window sum on stated capital, not live equity or intraday drawdown",0.347838785046729,446521.67288834404,mean across entered windows; not equal-risk sizing or margin availability,642,252,0.0,0.0
NQ,mom-6,combined_stress,2354060058c8498ad69c397726d3d77068989c4f3a2a03df8d7cb42b93007edb,da12577c065d1069,5.0,2,0.0,0.0,5,7453d8f230dd1ef7fc361e23f107762c1d6acd102f692da6cec81296535d87ef,2016,ok,39,-1220.0,-4640.0,1140.0,2280.0,114,228,-0.0464,-118.97435897435898,-0.2998153846153846,0.036152784763470794,-8.293009420350979,-0.04675,"conditional complete-window sum on stated capital, not live equity or intraday drawdown",0.3087606837606838,95978.85897435897,mean across entered windows; not equal-risk sizing or margin availability,39,252,0.0,0.0
NQ,mom-6,combined_stress,2354060058c8498ad69c397726d3d77068989c4f3a2a03df8d7cb42b93007edb,da12577c065d1069,5.0,2,0.0,0.0,5,7453d8f230dd1ef7fc361e23f107762c1d6acd102f692da6cec81296535d87ef,2017,ok,117,1495.0,-9935.0,3810.0,7620.0,381,762,-0.09935,-84.91452991452991,-0.21398461538461536,0.0206012969255157,-10.386948751735387,-0.09935,"conditional complete-window sum on stated capital, not live equity or intraday drawdown",0.3406339031339031,116825.55952380953,mean across entered windows; not equal-risk sizing or margin availability,117,252,0.0,0.0
NQ,mom-6,combined_stress,2354060058c8498ad69c397726d3d77068989c4f3a2a03df8d7cb42b93007edb,da12577c065d1069,5.0,2,0.0,0.0,5,7453d8f230dd1ef7fc361e23f107762c1d6acd102f692da6cec81296535d87ef,2018,ok,228,1265.0,-20185.0,7150.0,14300.0,715,1430,-0.20185,-88.53070175438596,-0.22309736842105263,0.04727325599204093,-4.719314625982479,-0.2141501897343719,"conditional complete-window sum on stated capital, not live equity or intraday drawdown",0.3432017543859649,139882.96089181287,mean across entered windows; not equal-risk sizing or margin availability,228,252,0.0,0.0
NQ,mom-6,combined_stress,2354060058c8498ad69c397726d3d77068989c4f3a2a03df8d7cb42b93007edb,da12577c065d1069,5.0,2,0.0,0.0,5,7453d8f230dd1ef7fc361e23f107762c1d6acd102f692da6cec81296535d87ef,2019,ok,244,-770.0,-24650.0,7960.0,15920.0,796,1592,-0.2465,-101.02459016393442,-0.25458196721311477,0.04192251352501433,-6.07267899290463,-0.2465,"conditional complete-window sum on stated capital, not live equity or intraday drawdown",0.3444330601092896,152430.43615827477,mean across entered windows; not equal-risk sizing or margin availability,244,252,0.0,0.0
NQ,mom-6,combined_stress,2354060058c8498ad69c397726d3d77068989c4f3a2a03df8d7cb42b93007edb,da12577c065d1069,5.0,2,0.0,0.0,5,7453d8f230dd1ef7fc361e23f107762c1d6acd102f692da6cec81296535d87ef,2020,ok,245,-2400.0,-27060.0,8220.0,16440.0,822,1644,-0.2706,-110.44897959183673,-0.27833142857142856,0.08589169160159016,-3.240493037003776,-0.27340823970037453,"conditional complete-window sum on stated capital, not live equity or intraday drawdown",0.34158163265306124,206735.37782982044,mean across entered windows; not equal-risk sizing or margin availability,245,252,0.0,0.0
NQ,mom-6,combined_stress,2354060058c8498ad69c397726d3d77068989c4f3a2a03df8d7cb42b93007edb,da12577c065d1069,5.0,2,0.0,0.0,5,7453d8f230dd1ef7fc361e23f107762c1d6acd102f692da6cec81296535d87ef,2021,ok,249,-7125.0,-32265.0,8380.0,16760.0,838,1676,-0.32265,-129.57831325301206,-0.3265373493975904,0.07607327044817332,-4.292405827616569,-0.3405275779376499,"conditional complete-window sum on stated capital, not live equity or intraday drawdown",0.3532463186077644,289385.66834002675,mean across entered windows; not equal-risk sizing or margin availability,249,252,0.0,0.0
NQ,mom-6,combined_stress,2354060058c8498ad69c397726d3d77068989c4f3a2a03df8d7cb42b93007edb,da12577c065d1069,5.0,2,0.0,0.0,5,7453d8f230dd1ef7fc361e23f107762c1d6acd102f692da6cec81296535d87ef,2022,ok,252,13350.0,-9870.0,7740.0,15480.0,774,1548,-0.0987,-39.166666666666664,-0.0987,0.11868405092607477,-0.8316197435953521,-0.1913465987968533,"conditional complete-window sum on stated capital, not live equity or intraday drawdown",0.3396164021164021,255889.06311413457,mean across entered windows; not equal-risk sizing or margin availability,252,252,0.0,0.0
NQ,mom-6,combined_stress,2354060058c8498ad69c397726d3d77068989c4f3a2a03df8d7cb42b93007edb,da12577c065d1069,5.0,2,0.0,0.0,5,7453d8f230dd1ef7fc361e23f107762c1d6acd102f692da6cec81296535d87ef,2023,ok,251,-6200.0,-30440.0,8080.0,16160.0,808,1616,-0.3044,-121.27490039840637,-0.30561274900398405,0.0658840211038515,-4.638647488170973,-0.3044,"conditional complete-window sum on stated capital, not live equity or intraday drawdown",0.34063745019920316,284483.1176247391,mean across entered windows; not equal-risk sizing or margin availability,251,252,0.0,0.0
NQ,mom-6,combined_stress,2354060058c8498ad69c397726d3d77068989c4f3a2a03df8d7cb42b93007edb,da12577c065d1069,5.0,2,0.0,0.0,5,7453d8f230dd1ef7fc361e23f107762c1d6acd102f692da6cec81296535d87ef,2024,ok,251,1815.0,-23715.0,8510.0,17020.0,851,1702,-0.23715,-94.4820717131474,-0.23809482071713148,0.0850706761056225,-2.7987883912138716,-0.2522,"conditional complete-window sum on stated capital, not live equity or intraday drawdown",0.35068061088977426,383977.7699047619,mean across entered windows; not equal-risk sizing or margin availability,251,252,0.0,0.0
NQ,mom-6,combined_stress,2354060058c8498ad69c397726d3d77068989c4f3a2a03df8d7cb42b93007edb,da12577c065d1069,5.0,2,0.0,0.0,5,7453d8f230dd1ef7fc361e23f107762c1d6acd102f692da6cec81296535d87ef,2025,ok,244,2430.0,-20910.0,7780.0,15560.0,778,1556,-0.2091,-85.69672131147541,-0.21595573770491805,0.16144601073959056,-1.3376343999806268,-0.25278097429996166,"conditional complete-window sum on stated capital, not live equity or intraday drawdown",0.34605532786885246,451972.2326307572,mean across entered windows; not equal-risk sizing or margin availability,244,252,0.0,0.0
NQ,mom-6,combined_stress,2354060058c8498ad69c397726d3d77068989c4f3a2a03df8d7cb42b93007edb,da12577c065d1069,5.0,2,0.0,0.0,5,7453d8f230dd1ef7fc361e23f107762c1d6acd102f692da6cec81296535d87ef,2026,ok,147,17240.0,3320.0,4640.0,9280.0,464,928,0.0332,22.58503401360544,0.05691428571428571,0.24382035417009817,0.23342713083986497,-0.1588074491713651,"conditional complete-window sum on stated capital, not live equity or intraday drawdown",0.3459467120181406,543841.6672335601,mean across entered windows; not equal-risk sizing or margin availability,147,252,0.0,0.0
NQ,mom-12,base,2354060058c8498ad69c397726d3d77068989c4f3a2a03df8d7cb42b93007edb,bfc5d81585833eb2,2.5,1,0.0,0.0,1,7453d8f230dd1ef7fc361e23f107762c1d6acd102f692da6cec81296535d87ef,whole,ok,2267,-7600.0,-94105.0,28835.0,57670.0,5767,11534,-0.94105,-41.51080723423026,-0.10460723423026026,0.10080732268664619,-1.0376947967899703,-1.02685,"conditional complete-window sum on stated capital, not live equity or intraday drawdown",0.3569787531245405,278671.7908602835,mean across entered windows; not equal-risk sizing or margin availability,2267,252,0.0,0.0
NQ,mom-12,base,2354060058c8498ad69c397726d3d77068989c4f3a2a03df8d7cb42b93007edb,bfc5d81585833eb2,2.5,1,0.0,0.0,1,7453d8f230dd1ef7fc361e23f107762c1d6acd102f692da6cec81296535d87ef,development,ok,1122,2405.0,-39985.0,14130.0,28260.0,2826,5652,-0.39985,-35.63725490196079,-0.08980588235294118,0.06346295897143865,-1.4150913195421302,-0.44565,"conditional complete-window sum on stated capital, not live equity or intraday drawdown",0.3579174093879976,186187.4500837305,mean across entered windows; not equal-risk sizing or margin availability,1122,252,0.0,0.0
NQ,mom-12,base,2354060058c8498ad69c397726d3d77068989c4f3a2a03df8d7cb42b93007edb,bfc5d81585833eb2,2.5,1,0.0,0.0,1,7453d8f230dd1ef7fc361e23f107762c1d6acd102f692da6cec81296535d87ef,validation,ok,503,-12805.0,-32110.0,6435.0,12870.0,1287,2574,-0.3211,-63.836978131212724,-0.16086918489065608,0.09665797531860705,-1.6643136208925755,-0.3646530344859857,"conditional complete-window sum on stated capital, not live equity or intraday drawdown",0.3493207422133863,270217.6468253968,mean across entered windows; not equal-risk sizing or margin availability,503,252,0.0,0.0
NQ,mom-12,base,2354060058c8498ad69c397726d3d77068989c4f3a2a03df8d7cb42b93007edb,bfc5d81585833eb2,2.5,1,0.0,0.0,1,7453d8f230dd1ef7fc361e23f107762c1d6acd102f692da6cec81296535d87ef,historical_final,ok,642,2800.0,-22010.0,8270.0,16540.0,1654,3308,-0.2201,-34.283489096573206,-0.08639439252336448,0.14680300199592838,-0.5885056255577162,-0.3059,"conditional complete-window sum on stated capital, not live equity or intraday drawdown",0.3613382658359294,446293.922179861,mean across entered windows; not equal-risk sizing or margin availability,642,252,0.0,0.0
NQ,mom-12,base,2354060058c8498ad69c397726d3d77068989c4f3a2a03df8d7cb42b93007edb,bfc5d81585833eb2,2.5,1,0.0,0.0,1,7453d8f230dd1ef7fc361e23f107762c1d6acd102f692da6cec81296535d87ef,2016,ok,39,-925.0,-2395.0,490.0,980.0,98,196,-0.02395,-61.41025641025641,-0.15475384615384616,0.020126805499014036,-7.6889422994338155,-0.0244,"conditional complete-window sum on stated capital, not live equity or intraday drawdown",0.3317307692307692,95976.94444444445,mean across entered windows; not equal-risk sizing or margin availability,39,252,0.0,0.0
NQ,mom-12,base,2354060058c8498ad69c397726d3d77068989c4f3a2a03df8d7cb42b93007edb,bfc5d81585833eb2,2.5,1,0.0,0.0,1,7453d8f230dd1ef7fc361e23f107762c1d6acd102f692da6cec81296535d87ef,2017,ok,117,2210.0,-2230.0,1480.0,2960.0,296,592,-0.0223,-19.05982905982906,-0.04803076923076923,0.018852218804325232,-2.547751526189035,-0.02695,"conditional complete-window sum on stated capital, not live equity or intraday drawdown",0.3547008547008547,116746.0635964912,mean across entered windows; not equal-risk sizing or margin availability,117,252,0.0,0.0
NQ,mom-12,base,2354060058c8498ad69c397726d3d77068989c4f3a2a03df8d7cb42b93007edb,bfc5d81585833eb2,2.5,1,0.0,0.0,1,7453d8f230dd1ef7fc361e23f107762c1d6acd102f692da6cec81296535d87ef,2018,ok,228,2690.0,-6130.0,2940.0,5880.0,588,1176,-0.0613,-26.885964912280702,-0.06775263157894737,0.04742835095572881,-1.4285259810569826,-0.09875378581003923,"conditional complete-window sum on stated capital, not live equity or intraday drawdown",0.35645102339181284,139924.8738938053,mean across entered windows; not equal-risk sizing or margin availability,228,252,0.0,0.0
NQ,mom-12,base,2354060058c8498ad69c397726d3d77068989c4f3a2a03df8d7cb42b93007edb,bfc5d81585833eb2,2.5,1,0.0,0.0,1,7453d8f230dd1ef7fc361e23f107762c1d6acd102f692da6cec81296535d87ef,2019,ok,244,3385.0,-5645.0,3010.0,6020.0,602,1204,-0.05645,-23.135245901639344,-0.058300819672131146,0.03786212526722533,-1.539818994857064,-0.06395,"conditional complete-window sum on stated capital, not live equity or intraday drawdown",0.36279030054644806,152441.72971781302,mean across entered windows; not equal-risk sizing or margin availability,244,252,0.0,0.0
NQ,mom-12,base,2354060058c8498ad69c397726d3d77068989c4f3a2a03df8d7cb42b93007edb,bfc5d81585833eb2,2.5,1,0.0,0.0,1,7453d8f230dd1ef7fc361e23f107762c1d6acd102f692da6cec81296535d87ef,2020,ok,245,-2060.0,-11405.0,3115.0,6230.0,623,1246,-0.11405,-46.55102040816327,-0.11730857142857144,0.09641917891805475,-1.2166518398613444,-0.1665256557009904,"conditional complete-window sum on stated capital, not live equity or intraday drawdown",0.35875850340136056,206424.5891381346,mean across entered windows; not equal-risk sizing or margin availability,245,252,0.0,0.0
NQ,mom-12,base,2354060058c8498ad69c397726d3d77068989c4f3a2a03df8d7cb42b93007edb,bfc5d81585833eb2,2.5,1,0.0,0.0,1,7453d8f230dd1ef7fc361e23f107762c1d6acd102f692da6cec81296535d87ef,2021,ok,249,-2895.0,-12180.0,3095.0,6190.0,619,1238,-0.1218,-48.91566265060241,-0.12326746987951806,0.07312699631045855,-1.6856629712533195,-0.1676,"conditional complete-window sum on stated capital, not live equity or intraday drawdown",0.3592704149933066,289014.7659863946,mean across entered windows; not equal-risk sizing or margin availability,249,252,0.0,0.0
NQ,mom-12,base,2354060058c8498ad69c397726d3d77068989c4f3a2a03df8d7cb42b93007edb,bfc5d81585833eb2,2.5,1,0.0,0.0,1,7453d8f230dd1ef7fc361e23f107762c1d6acd102f692da6cec81296535d87ef,2022,ok,252,-5165.0,-14495.0,3110.0,6220.0,622,1244,-0.14495,-57.51984126984127,-0.14495,0.11635612437376414,-1.2457444829838558,-0.23199663094848158,"conditional complete-window sum on stated capital, not live equity or intraday drawdown",0.3464781746031746,255731.12066666665,mean across entered windows; not equal-risk sizing or margin availability,252,252,0.0,0.0
NQ,mom-12,base,2354060058c8498ad69c397726d3d77068989c4f3a2a03df8d7cb42b93007edb,bfc5d81585833eb2,2.5,1,0.0,0.0,1,7453d8f230dd1ef7fc361e23f107762c1d6acd102f692da6cec81296535d87ef,2023,ok,251,-7640.0,-17615.0,3325.0,6650.0,665,1330,-0.17615,-70.1792828685259,-0.17685179282868527,0.07187027498745854,-2.4607084480968826,-0.17918700807014049,"conditional complete-window sum on stated capital, not live equity or intraday drawdown",0.3521746347941567,284820.9998079877,mean across entered windows; not equal-risk sizing or margin availability,251,252,0.0,0.0
NQ,mom-12,base,2354060058c8498ad69c397726d3d77068989c4f3a2a03df8d7cb42b93007edb,bfc5d81585833eb2,2.5,1,0.0,0.0,1,7453d8f230dd1ef7fc361e23f107762c1d6acd102f692da6cec81296535d87ef,2024,ok,251,-3670.0,-13795.0,3375.0,6750.0,675,1350,-0.13795,-54.9601593625498,-0.13849960159362548,0.08731582513978,-1.586191293180906,-0.167,"conditional complete-window sum on stated capital, not live equity or intraday drawdown",0.36337981407702524,384098.6873685217,mean across entered windows; not equal-risk sizing or margin availability,251,252,0.0,0.0
NQ,mom-12,base,2354060058c8498ad69c397726d3d77068989c4f3a2a03df8d7cb42b93007edb,bfc5d81585833eb2,2.5,1,0.0,0.0,1,7453d8f230dd1ef7fc361e23f107762c1d6acd102f692da6cec81296535d87ef,2025,ok,244,-3935.0,-12995.0,3020.0,6040.0,604,1208,-0.12995,-53.25819672131148,-0.13421065573770494,0.1600377961438992,-0.8386184949524573,-0.181360201511335,"conditional complete-window sum on stated capital, not live equity or intraday drawdown",0.36074112021857924,451610.2272727273,mean across entered windows; not equal-risk sizing or margin availability,244,252,0.0,0.0
NQ,mom-12,base,2354060058c8498ad69c397726d3d77068989c4f3a2a03df8d7cb42b93007edb,bfc5d81585833eb2,2.5,1,0.0,0.0,1,7453d8f230dd1ef7fc361e23f107762c1d6acd102f692da6cec81296535d87ef,2026,ok,147,10405.0,4780.0,1875.0,3750.0,375,750,0.0478,32.51700680272109,0.08194285714285715,0.19694704022559048,0.41606544098858633,-0.14168451106352606,"conditional complete-window sum on stated capital, not live equity or intraday drawdown",0.358843537414966,543554.6594096542,mean across entered windows; not equal-risk sizing or margin availability,147,252,0.0,0.0
NQ,mom-12,gross_reference,2354060058c8498ad69c397726d3d77068989c4f3a2a03df8d7cb42b93007edb,7b7e473b9bb74e35,0.0,0,0.0,0.0,1,7453d8f230dd1ef7fc361e23f107762c1d6acd102f692da6cec81296535d87ef,whole,ok,2267,-7600.0,-7600.0,0.0,0.0,5767,11534,-0.076,-3.352448169386855,-0.008448169386854875,0.10011481995815834,-0.084384803272739,-0.3010680609554453,"conditional complete-window sum on stated capital, not live equity or intraday drawdown",0.3569787531245405,278671.7908602835,mean across entered windows; not equal-risk sizing or margin availability,2267,252,0.0,0.0
NQ,mom-12,gross_reference,2354060058c8498ad69c397726d3d77068989c4f3a2a03df8d7cb42b93007edb,7b7e473b9bb74e35,0.0,0,0.0,0.0,1,7453d8f230dd1ef7fc361e23f107762c1d6acd102f692da6cec81296535d87ef,development,ok,1122,2405.0,2405.0,0.0,0.0,2826,5652,0.02405,2.14349376114082,0.005401604278074866,0.06285586006798345,0.08593636730501526,-0.1166242774566474,"conditional complete-window sum on stated capital, not live equity or intraday drawdown",0.3579174093879976,186187.4500837305,mean across entered windows; not equal-risk sizing or margin availability,1122,252,0.0,0.0
NQ,mom-12,gross_reference,2354060058c8498ad69c397726d3d77068989c4f3a2a03df8d7cb42b93007edb,7b7e473b9bb74e35,0.0,0,0.0,0.0,1,7453d8f230dd1ef7fc361e23f107762c1d6acd102f692da6cec81296535d87ef,validation,ok,503,-12805.0,-12805.0,0.0,0.0,1287,2574,-0.12805,-25.457256461232603,-0.06415228628230615,0.09571400678637736,-0.6702497203516585,-0.21519912312751188,"conditional complete-window sum on stated capital, not live equity or intraday drawdown",0.3493207422133863,270217.6468253968,mean across entered windows; not equal-risk sizing or margin availability,503,252,0.0,0.0
NQ,mom-12,gross_reference,2354060058c8498ad69c397726d3d77068989c4f3a2a03df8d7cb42b93007edb,7b7e473b9bb74e35,0.0,0,0.0,0.0,1,7453d8f230dd1ef7fc361e23f107762c1d6acd102f692da6cec81296535d87ef,historical_final,ok,642,2800.0,2800.0,0.0,0.0,1654,3308,0.028,4.361370716510903,0.010990654205607474,0.1460677241344769,0.07524355069357387,-0.12928111640705617,"conditional complete-window sum on stated capital, not live equity or intraday drawdown",0.3613382658359294,446293.922179861,mean across entered windows; not equal-risk sizing or margin availability,642,252,0.0,0.0
NQ,mom-12,gross_reference,2354060058c8498ad69c397726d3d77068989c4f3a2a03df8d7cb42b93007edb,7b7e473b9bb74e35,0.0,0,0.0,0.0,1,7453d8f230dd1ef7fc361e23f107762c1d6acd102f692da6cec81296535d87ef,2016,ok,39,-925.0,-925.0,0.0,0.0,98,196,-0.00925,-23.71794871794872,-0.059769230769230776,0.01905090453397825,-3.1373434611794595,-0.015559753430105388,"conditional complete-window sum on stated capital, not live equity or intraday drawdown",0.3317307692307692,95976.94444444445,mean across entered windows; not equal-risk sizing or margin availability,39,252,0.0,0.0
NQ,mom-12,gross_reference,2354060058c8498ad69c397726d3d77068989c4f3a2a03df8d7cb42b93007edb,7b7e473b9bb74e35,0.0,0,0.0,0.0,1,7453d8f230dd1ef7fc361e23f107762c1d6acd102f692da6cec81296535d87ef,2017,ok,117,2210.0,2210.0,0.0,0.0,296,592,0.0221,18.88888888888889,0.047599999999999996,0.017652542065643415,2.696495486202091,-0.005593505593505593,"conditional complete-window sum on stated capital, not live equity or intraday drawdown",0.3547008547008547,116746.0635964912,mean across entered windows; not equal-risk sizing or margin availability,117,252,0.0,0.0
NQ,mom-12,gross_reference,2354060058c8498ad69c397726d3d77068989c4f3a2a03df8d7cb42b93007edb,7b7e473b9bb74e35,0.0,0,0.0,0.0,1,7453d8f230dd1ef7fc361e23f107762c1d6acd102f692da6cec81296535d87ef,2018,ok,228,2690.0,2690.0,0.0,0.0,588,1176,0.0269,11.798245614035087,0.029731578947368418,0.04674371217467899,0.6360551518942901,-0.03570017776022121,"conditional complete-window sum on stated capital, not live equity or intraday drawdown",0.35645102339181284,139924.8738938053,mean across entered windows; not equal-risk sizing or margin availability,228,252,0.0,0.0
NQ,mom-12,gross_reference,2354060058c8498ad69c397726d3d77068989c4f3a2a03df8d7cb42b93007edb,7b7e473b9bb74e35,0.0,0,0.0,0.0,1,7453d8f230dd1ef7fc361e23f107762c1d6acd102f692da6cec81296535d87ef,2019,ok,244,3385.0,3385.0,0.0,0.0,602,1204,0.03385,13.87295081967213,0.03495983606557377,0.037149080130245156,0.941068687111609,-0.01485,"conditional complete-window sum on stated capital, not live equity or intraday drawdown",0.36279030054644806,152441.72971781302,mean across entered windows; not equal-risk sizing or margin availability,244,252,0.0,0.0
NQ,mom-12,gross_reference,2354060058c8498ad69c397726d3d77068989c4f3a2a03df8d7cb42b93007edb,7b7e473b9bb74e35,0.0,0,0.0,0.0,1,7453d8f230dd1ef7fc361e23f107762c1d6acd102f692da6cec81296535d87ef,2020,ok,245,-2060.0,-2060.0,0.0,0.0,623,1246,-0.0206,-8.408163265306122,-0.021188571428571425,0.09569662008670285,-0.22141399988185798,-0.1105046395077656,"conditional complete-window sum on stated capital, not live equity or intraday drawdown",0.35875850340136056,206424.5891381346,mean across entered windows; not equal-risk sizing or margin availability,245,252,0.0,0.0
NQ,mom-12,gross_reference,2354060058c8498ad69c397726d3d77068989c4f3a2a03df8d7cb42b93007edb,7b7e473b9bb74e35,0.0,0,0.0,0.0,1,7453d8f230dd1ef7fc361e23f107762c1d6acd102f692da6cec81296535d87ef,2021,ok,249,-2895.0,-2895.0,0.0,0.0,619,1238,-0.02895,-11.626506024096386,-0.029298795180722894,0.07263406930434048,-0.40337537826717984,-0.09785,"conditional complete-window sum on stated capital, not live equity or intraday drawdown",0.3592704149933066,289014.7659863946,mean across entered windows; not equal-risk sizing or margin availability,249,252,0.0,0.0
NQ,mom-12,gross_reference,2354060058c8498ad69c397726d3d77068989c4f3a2a03df8d7cb42b93007edb,7b7e473b9bb74e35,0.0,0,0.0,0.0,1,7453d8f230dd1ef7fc361e23f107762c1d6acd102f692da6cec81296535d87ef,2022,ok,252,-5165.0,-5165.0,0.0,0.0,622,1244,-0.05165,-20.496031746031747,-0.05165,0.11530498770323437,-0.44794246136978855,-0.1869747899159664,"conditional complete-window sum on stated capital, not live equity or intraday drawdown",0.3464781746031746,255731.12066666665,mean across entered windows; not equal-risk sizing or margin availability,252,252,0.0,0.0
NQ,mom-12,gross_reference,2354060058c8498ad69c397726d3d77068989c4f3a2a03df8d7cb42b93007edb,7b7e473b9bb74e35,0.0,0,0.0,0.0,1,7453d8f230dd1ef7fc361e23f107762c1d6acd102f692da6cec81296535d87ef,2023,ok,251,-7640.0,-7640.0,0.0,0.0,665,1330,-0.0764,-30.438247011952193,-0.07670438247011953,0.07103490311612407,-1.0798125865636405,-0.10003952178638474,"conditional complete-window sum on stated capital, not live equity or intraday drawdown",0.3521746347941567,284820.9998079877,mean across entered windows; not equal-risk sizing or margin availability,251,252,0.0,0.0
NQ,mom-12,gross_reference,2354060058c8498ad69c397726d3d77068989c4f3a2a03df8d7cb42b93007edb,7b7e473b9bb74e35,0.0,0,0.0,0.0,1,7453d8f230dd1ef7fc361e23f107762c1d6acd102f692da6cec81296535d87ef,2024,ok,251,-3670.0,-3670.0,0.0,0.0,675,1350,-0.0367,-14.621513944223107,-0.03684621513944223,0.08647594356592779,-0.4260863035434971,-0.101,"conditional complete-window sum on stated capital, not live equity or intraday drawdown",0.36337981407702524,384098.6873685217,mean across entered windows; not equal-risk sizing or margin availability,251,252,0.0,0.0
NQ,mom-12,gross_reference,2354060058c8498ad69c397726d3d77068989c4f3a2a03df8d7cb42b93007edb,7b7e473b9bb74e35,0.0,0,0.0,0.0,1,7453d8f230dd1ef7fc361e23f107762c1d6acd102f692da6cec81296535d87ef,2025,ok,244,-3935.0,-3935.0,0.0,0.0,604,1208,-0.03935,-16.12704918032787,-0.04064016393442623,0.159431966469404,-0.25490599428957894,-0.12478064975100782,"conditional complete-window sum on stated capital, not live equity or intraday drawdown",0.36074112021857924,451610.2272727273,mean across entered windows; not equal-risk sizing or margin availability,244,252,0.0,0.0
NQ,mom-12,gross_reference,2354060058c8498ad69c397726d3d77068989c4f3a2a03df8d7cb42b93007edb,7b7e473b9bb74e35,0.0,0,0.0,0.0,1,7453d8f230dd1ef7fc361e23f107762c1d6acd102f692da6cec81296535d87ef,2026,ok,147,10405.0,10405.0,0.0,0.0,375,750,0.10405,70.78231292517007,0.17837142857142857,0.19600114311340444,0.9100530014165507,-0.11714674032180279,"conditional complete-window sum on stated capital, not live equity or intraday drawdown",0.358843537414966,543554.6594096542,mean across entered windows; not equal-risk sizing or margin availability,147,252,0.0,0.0
NQ,mom-12,cost_stress,2354060058c8498ad69c397726d3d77068989c4f3a2a03df8d7cb42b93007edb,a2d01f208948011e,5.0,2,0.0,0.0,1,7453d8f230dd1ef7fc361e23f107762c1d6acd102f692da6cec81296535d87ef,whole,ok,2267,-7600.0,-180610.0,57670.0,115340.0,5767,11534,-1.8061,-79.66916629907367,-0.20076629907366564,0.10158273991288896,-1.9763820039293127,-1.88225,"conditional complete-window sum on stated capital, not live equity or intraday drawdown",0.3569787531245405,278671.7908602835,mean across entered windows; not equal-risk sizing or margin availability,2267,252,0.0,0.0
NQ,mom-12,cost_stress,2354060058c8498ad69c397726d3d77068989c4f3a2a03df8d7cb42b93007edb,a2d01f208948011e,5.0,2,0.0,0.0,1,7453d8f230dd1ef7fc361e23f107762c1d6acd102f692da6cec81296535d87ef,development,ok,1122,2405.0,-82375.0,28260.0,56520.0,2826,5652,-0.82375,-73.41800356506239,-0.18501336898395723,0.06419980913277412,-2.8818367450489446,-0.84755,"conditional complete-window sum on stated capital, not live equity or intraday drawdown",0.3579174093879976,186187.4500837305,mean across entered windows; not equal-risk sizing or margin availability,1122,252,0.0,0.0
NQ,mom-12,cost_stress,2354060058c8498ad69c397726d3d77068989c4f3a2a03df8d7cb42b93007edb,a2d01f208948011e,5.0,2,0.0,0.0,1,7453d8f230dd1ef7fc361e23f107762c1d6acd102f692da6cec81296535d87ef,validation,ok,503,-12805.0,-51415.0,12870.0,25740.0,1287,2574,-0.51415,-102.21669980119285,-0.25758608349900597,0.09768628445006666,-2.6368705182012913,-0.5367562929061785,"conditional complete-window sum on stated capital, not live equity or intraday drawdown",0.3493207422133863,270217.6468253968,mean across entered windows; not equal-risk sizing or margin availability,503,252,0.0,0.0
NQ,mom-12,cost_stress,2354060058c8498ad69c397726d3d77068989c4f3a2a03df8d7cb42b93007edb,a2d01f208948011e,5.0,2,0.0,0.0,1,7453d8f230dd1ef7fc361e23f107762c1d6acd102f692da6cec81296535d87ef,historical_final,ok,642,2800.0,-46820.0,16540.0,33080.0,1654,3308,-0.4682,-72.92834890965732,-0.18377943925233645,0.14759628268459912,-1.2451495112858477,-0.54435,"conditional complete-window sum on stated capital, not live equity or intraday drawdown",0.3613382658359294,446293.922179861,mean across entered windows; not equal-risk sizing or margin availability,642,252,0.0,0.0
NQ,mom-12,cost_stress,2354060058c8498ad69c397726d3d77068989c4f3a2a03df8d7cb42b93007edb,a2d01f208948011e,5.0,2,0.0,0.0,1,7453d8f230dd1ef7fc361e23f107762c1d6acd102f692da6cec81296535d87ef,2016,ok,39,-925.0,-3865.0,980.0,1960.0,98,196,-0.03865,-99.1025641025641,-0.24973846153846152,0.02146836011040339,-11.63286158114333,-0.03895,"conditional complete-window sum on stated capital, not live equity or intraday drawdown",0.3317307692307692,95976.94444444445,mean across entered windows; not equal-risk sizing or margin availability,39,252,0.0,0.0
NQ,mom-12,cost_stress,2354060058c8498ad69c397726d3d77068989c4f3a2a03df8d7cb42b93007edb,a2d01f208948011e,5.0,2,0.0,0.0,1,7453d8f230dd1ef7fc361e23f107762c1d6acd102f692da6cec81296535d87ef,2017,ok,117,2210.0,-6670.0,2960.0,5920.0,296,592,-0.0667,-57.00854700854701,-0.14366153846153848,0.02049480072515773,-7.009657736520044,-0.067,"conditional complete-window sum on stated capital, not live equity or intraday drawdown",0.3547008547008547,116746.0635964912,mean across entered windows; not equal-risk sizing or margin availability,117,252,0.0,0.0
NQ,mom-12,cost_stress,2354060058c8498ad69c397726d3d77068989c4f3a2a03df8d7cb42b93007edb,a2d01f208948011e,5.0,2,0.0,0.0,1,7453d8f230dd1ef7fc361e23f107762c1d6acd102f692da6cec81296535d87ef,2018,ok,228,2690.0,-14950.0,5880.0,11760.0,588,1176,-0.1495,-65.5701754385965,-0.16523684210526315,0.048282357487146155,-3.4223026940897188,-0.16335496754867698,"conditional complete-window sum on stated capital, not live equity or intraday drawdown",0.35645102339181284,139924.8738938053,mean across entered windows; not equal-risk sizing or margin availability,228,252,0.0,0.0
NQ,mom-12,cost_stress,2354060058c8498ad69c397726d3d77068989c4f3a2a03df8d7cb42b93007edb,a2d01f208948011e,5.0,2,0.0,0.0,1,7453d8f230dd1ef7fc361e23f107762c1d6acd102f692da6cec81296535d87ef,2019,ok,244,3385.0,-14675.0,6020.0,12040.0,602,1204,-0.14675,-60.14344262295082,-0.15156147540983608,0.03879890030067336,-3.9063343093568483,-0.1472,"conditional complete-window sum on stated capital, not live equity or intraday drawdown",0.36279030054644806,152441.72971781302,mean across entered windows; not equal-risk sizing or margin availability,244,252,0.0,0.0
NQ,mom-12,cost_stress,2354060058c8498ad69c397726d3d77068989c4f3a2a03df8d7cb42b93007edb,a2d01f208948011e,5.0,2,0.0,0.0,1,7453d8f230dd1ef7fc361e23f107762c1d6acd102f692da6cec81296535d87ef,2020,ok,245,-2060.0,-20750.0,6230.0,12460.0,623,1246,-0.2075,-84.6938775510204,-0.21342857142857144,0.09722694027732676,-2.195158778213067,-0.23283090437213017,"conditional complete-window sum on stated capital, not live equity or intraday drawdown",0.35875850340136056,206424.5891381346,mean across entered windows; not equal-risk sizing or margin availability,245,252,0.0,0.0
NQ,mom-12,cost_stress,2354060058c8498ad69c397726d3d77068989c4f3a2a03df8d7cb42b93007edb,a2d01f208948011e,5.0,2,0.0,0.0,1,7453d8f230dd1ef7fc361e23f107762c1d6acd102f692da6cec81296535d87ef,2021,ok,249,-2895.0,-21465.0,6190.0,12380.0,619,1238,-0.21465,-86.20481927710843,-0.21723614457831325,0.07372220229452112,-2.9466855006644015,-0.23845,"conditional complete-window sum on stated capital, not live equity or intraday drawdown",0.3592704149933066,289014.7659863946,mean across entered windows; not equal-risk sizing or margin availability,249,252,0.0,0.0
NQ,mom-12,cost_stress,2354060058c8498ad69c397726d3d77068989c4f3a2a03df8d7cb42b93007edb,a2d01f208948011e,5.0,2,0.0,0.0,1,7453d8f230dd1ef7fc361e23f107762c1d6acd102f692da6cec81296535d87ef,2022,ok,252,-5165.0,-23825.0,6220.0,12440.0,622,1244,-0.23825,-94.5436507936508,-0.23825000000000002,0.11747262845554696,-2.0281320264333464,-0.2837528604118993,"conditional complete-window sum on stated capital, not live equity or intraday drawdown",0.3464781746031746,255731.12066666665,mean across entered windows; not equal-risk sizing or margin availability,252,252,0.0,0.0
NQ,mom-12,cost_stress,2354060058c8498ad69c397726d3d77068989c4f3a2a03df8d7cb42b93007edb,a2d01f208948011e,5.0,2,0.0,0.0,1,7453d8f230dd1ef7fc361e23f107762c1d6acd102f692da6cec81296535d87ef,2023,ok,251,-7640.0,-27590.0,6650.0,13300.0,665,1330,-0.2759,-109.9203187250996,-0.27699920318725096,0.07282545213977426,-3.803604303830549,-0.27846146181057246,"conditional complete-window sum on stated capital, not live equity or intraday drawdown",0.3521746347941567,284820.9998079877,mean across entered windows; not equal-risk sizing or margin availability,251,252,0.0,0.0
NQ,mom-12,cost_stress,2354060058c8498ad69c397726d3d77068989c4f3a2a03df8d7cb42b93007edb,a2d01f208948011e,5.0,2,0.0,0.0,1,7453d8f230dd1ef7fc361e23f107762c1d6acd102f692da6cec81296535d87ef,2024,ok,251,-3670.0,-23920.0,6750.0,13500.0,675,1350,-0.2392,-95.2988047808765,-0.24015298804780877,0.088256668989011,-2.7210746881656127,-0.25635,"conditional complete-window sum on stated capital, not live equity or intraday drawdown",0.36337981407702524,384098.6873685217,mean across entered windows; not equal-risk sizing or margin availability,251,252,0.0,0.0
NQ,mom-12,cost_stress,2354060058c8498ad69c397726d3d77068989c4f3a2a03df8d7cb42b93007edb,a2d01f208948011e,5.0,2,0.0,0.0,1,7453d8f230dd1ef7fc361e23f107762c1d6acd102f692da6cec81296535d87ef,2025,ok,244,-3935.0,-22055.0,6040.0,12080.0,604,1208,-0.22055,-90.38934426229508,-0.2277811475409836,0.16069084262950006,-1.4175116877454657,-0.25504478787282214,"conditional complete-window sum on stated capital, not live equity or intraday drawdown",0.36074112021857924,451610.2272727273,mean across entered windows; not equal-risk sizing or margin availability,244,252,0.0,0.0
NQ,mom-12,cost_stress,2354060058c8498ad69c397726d3d77068989c4f3a2a03df8d7cb42b93007edb,a2d01f208948011e,5.0,2,0.0,0.0,1,7453d8f230dd1ef7fc361e23f107762c1d6acd102f692da6cec81296535d87ef,2026,ok,147,10405.0,-845.0,3750.0,7500.0,375,750,-0.00845,-5.7482993197278915,-0.014485714285714286,0.197939114163551,-0.073182677142554,-0.16868728147845435,"conditional complete-window sum on stated capital, not live equity or intraday drawdown",0.358843537414966,543554.6594096542,mean across entered windows; not equal-risk sizing or margin availability,147,252,0.0,0.0
NQ,mom-12,delay_stress,2354060058c8498ad69c397726d3d77068989c4f3a2a03df8d7cb42b93007edb,0abcc61aa619bd49,2.5,1,0.0,0.0,5,7453d8f230dd1ef7fc361e23f107762c1d6acd102f692da6cec81296535d87ef,whole,ok,2267,1820.0,-82360.0,28060.0,56120.0,5612,11224,-0.8236,-36.32995147772387,-0.09155147772386414,0.09818607814391363,-0.9324282979270749,-0.94,"conditional complete-window sum on stated capital, not live equity or intraday drawdown",0.35278819291280694,278726.302954932,mean across entered windows; not equal-risk sizing or margin availability,2267,252,0.0,0.0
NQ,mom-12,delay_stress,2354060058c8498ad69c397726d3d77068989c4f3a2a03df8d7cb42b93007edb,0abcc61aa619bd49,2.5,1,0.0,0.0,5,7453d8f230dd1ef7fc361e23f107762c1d6acd102f692da6cec81296535d87ef,development,ok,1122,250.0,-41180.0,13810.0,27620.0,2762,5524,-0.4118,-36.702317290552585,-0.09248983957219252,0.06265576759772194,-1.476158430713333,-0.4413,"conditional complete-window sum on stated capital, not live equity or intraday drawdown",0.3545937314319667,186067.97018427623,mean across entered windows; not equal-risk sizing or margin availability,1122,252,0.0,0.0
NQ,mom-12,delay_stress,2354060058c8498ad69c397726d3d77068989c4f3a2a03df8d7cb42b93007edb,0abcc61aa619bd49,2.5,1,0.0,0.0,5,7453d8f230dd1ef7fc361e23f107762c1d6acd102f692da6cec81296535d87ef,validation,ok,503,-7345.0,-25975.0,6210.0,12420.0,1242,2484,-0.25975,-51.640159045725646,-0.1301332007952286,0.09426451985436188,-1.3805109387528165,-0.33001142857142857,"conditional complete-window sum on stated capital, not live equity or intraday drawdown",0.344350563286945,270149.68360160966,mean across entered windows; not equal-risk sizing or margin availability,503,252,0.0,0.0
NQ,mom-12,delay_stress,2354060058c8498ad69c397726d3d77068989c4f3a2a03df8d7cb42b93007edb,0abcc61aa619bd49,2.5,1,0.0,0.0,5,7453d8f230dd1ef7fc361e23f107762c1d6acd102f692da6cec81296535d87ef,historical_final,ok,642,8915.0,-15205.0,8040.0,16080.0,1608,3216,-0.15205,-23.68380062305296,-0.05968317757009346,0.14229231071746043,-0.4194406378613251,-0.27479553903345727,"conditional complete-window sum on stated capital, not live equity or intraday drawdown",0.3562435098650052,446297.2540741571,mean across entered windows; not equal-risk sizing or margin availability,642,252,0.0,0.0
NQ,mom-12,delay_stress,2354060058c8498ad69c397726d3d77068989c4f3a2a03df8d7cb42b93007edb,0abcc61aa619bd49,2.5,1,0.0,0.0,5,7453d8f230dd1ef7fc361e23f107762c1d6acd102f692da6cec81296535d87ef,2016,ok,39,-1380.0,-2835.0,485.0,970.0,97,194,-0.02835,-72.6923076923077,-0.1831846153846154,0.0300794676227761,-6.090021860822711,-0.0286,"conditional complete-window sum on stated capital, not live equity or intraday drawdown",0.3317307692307692,95979.85042735042,mean across entered windows; not equal-risk sizing or margin availability,39,252,0.0,0.0
NQ,mom-12,delay_stress,2354060058c8498ad69c397726d3d77068989c4f3a2a03df8d7cb42b93007edb,0abcc61aa619bd49,2.5,1,0.0,0.0,5,7453d8f230dd1ef7fc361e23f107762c1d6acd102f692da6cec81296535d87ef,2017,ok,117,1420.0,-2960.0,1460.0,2920.0,292,584,-0.0296,-25.299145299145298,-0.06375384615384615,0.01934933977173697,-3.294884833588461,-0.03125,"conditional complete-window sum on stated capital, not live equity or intraday drawdown",0.3523860398860399,116749.44956140351,mean across entered windows; not equal-risk sizing or margin availability,117,252,0.0,0.0
NQ,mom-12,delay_stress,2354060058c8498ad69c397726d3d77068989c4f3a2a03df8d7cb42b93007edb,0abcc61aa619bd49,2.5,1,0.0,0.0,5,7453d8f230dd1ef7fc361e23f107762c1d6acd102f692da6cec81296535d87ef,2018,ok,228,835.0,-7715.0,2850.0,5700.0,570,1140,-0.07715,-33.83771929824562,-0.08527105263157896,0.04751718670241557,-1.7945307487499917,-0.11486920832715225,"conditional complete-window sum on stated capital, not live equity or intraday drawdown",0.3516995614035088,139931.63053097346,mean across entered windows; not equal-risk sizing or margin availability,228,252,0.0,0.0
NQ,mom-12,delay_stress,2354060058c8498ad69c397726d3d77068989c4f3a2a03df8d7cb42b93007edb,0abcc61aa619bd49,2.5,1,0.0,0.0,5,7453d8f230dd1ef7fc361e23f107762c1d6acd102f692da6cec81296535d87ef,2019,ok,244,3420.0,-5445.0,2955.0,5910.0,591,1182,-0.05445,-22.315573770491802,-0.05623524590163934,0.03858373614490719,-1.4574857574818358,-0.05692153923038481,"conditional complete-window sum on stated capital, not live equity or intraday drawdown",0.3598872950819672,152445.1940525181,mean across entered windows; not equal-risk sizing or margin availability,244,252,0.0,0.0
NQ,mom-12,delay_stress,2354060058c8498ad69c397726d3d77068989c4f3a2a03df8d7cb42b93007edb,0abcc61aa619bd49,2.5,1,0.0,0.0,5,7453d8f230dd1ef7fc361e23f107762c1d6acd102f692da6cec81296535d87ef,2020,ok,245,-1810.0,-10900.0,3030.0,6060.0,606,1212,-0.109,-44.48979591836735,-0.11211428571428572,0.09177120880650946,-1.2216716677522208,-0.14036651807825656,"conditional complete-window sum on stated capital, not live equity or intraday drawdown",0.35399659863945576,206340.0263888889,mean across entered windows; not equal-risk sizing or margin availability,245,252,0.0,0.0
NQ,mom-12,delay_stress,2354060058c8498ad69c397726d3d77068989c4f3a2a03df8d7cb42b93007edb,0abcc61aa619bd49,2.5,1,0.0,0.0,5,7453d8f230dd1ef7fc361e23f107762c1d6acd102f692da6cec81296535d87ef,2021,ok,249,-2235.0,-11325.0,3030.0,6060.0,606,1212,-0.11325,-45.48192771084337,-0.1146144578313253,0.07486178023344202,-1.5310143236498281,-0.14275,"conditional complete-window sum on stated capital, not live equity or intraday drawdown",0.3572623828647925,289131.9123731459,mean across entered windows; not equal-risk sizing or margin availability,249,252,0.0,0.0
NQ,mom-12,delay_stress,2354060058c8498ad69c397726d3d77068989c4f3a2a03df8d7cb42b93007edb,0abcc61aa619bd49,2.5,1,0.0,0.0,5,7453d8f230dd1ef7fc361e23f107762c1d6acd102f692da6cec81296535d87ef,2022,ok,252,-295.0,-9325.0,3010.0,6020.0,602,1204,-0.09325,-37.00396825396825,-0.09325,0.11384175267183136,-0.8191195041489685,-0.19926857142857143,"conditional complete-window sum on stated capital, not live equity or intraday drawdown",0.341848544973545,255536.07262382866,mean across entered windows; not equal-risk sizing or margin availability,252,252,0.0,0.0
NQ,mom-12,delay_stress,2354060058c8498ad69c397726d3d77068989c4f3a2a03df8d7cb42b93007edb,0abcc61aa619bd49,2.5,1,0.0,0.0,5,7453d8f230dd1ef7fc361e23f107762c1d6acd102f692da6cec81296535d87ef,2023,ok,251,-7050.0,-16650.0,3200.0,6400.0,640,1280,-0.1665,-66.33466135458167,-0.16716334661354582,0.06942619628897566,-2.4077848931512045,-0.17395,"conditional complete-window sum on stated capital, not live equity or intraday drawdown",0.34686254980079684,284822.22043010755,mean across entered windows; not equal-risk sizing or margin availability,251,252,0.0,0.0
NQ,mom-12,delay_stress,2354060058c8498ad69c397726d3d77068989c4f3a2a03df8d7cb42b93007edb,0abcc61aa619bd49,2.5,1,0.0,0.0,5,7453d8f230dd1ef7fc361e23f107762c1d6acd102f692da6cec81296535d87ef,2024,ok,251,1185.0,-8655.0,3280.0,6560.0,656,1312,-0.08655,-34.48207171314741,-0.08689482071713148,0.08083335111863005,-1.074987236265953,-0.1252540272614622,"conditional complete-window sum on stated capital, not live equity or intraday drawdown",0.3581507304116866,384109.2272901128,mean across entered windows; not equal-risk sizing or margin availability,251,252,0.0,0.0
NQ,mom-12,delay_stress,2354060058c8498ad69c397726d3d77068989c4f3a2a03df8d7cb42b93007edb,0abcc61aa619bd49,2.5,1,0.0,0.0,5,7453d8f230dd1ef7fc361e23f107762c1d6acd102f692da6cec81296535d87ef,2025,ok,244,-8150.0,-16970.0,2940.0,5880.0,588,1176,-0.1697,-69.54918032786885,-0.17526393442622953,0.14826454349343382,-1.1821028163351233,-0.21112771804638156,"conditional complete-window sum on stated capital, not live equity or intraday drawdown",0.3563012295081967,451605.67286501377,mean across entered windows; not equal-risk sizing or margin availability,244,252,0.0,0.0
NQ,mom-12,delay_stress,2354060058c8498ad69c397726d3d77068989c4f3a2a03df8d7cb42b93007edb,0abcc61aa619bd49,2.5,1,0.0,0.0,5,7453d8f230dd1ef7fc361e23f107762c1d6acd102f692da6cec81296535d87ef,2026,ok,147,15880.0,10420.0,1820.0,3640.0,364,728,0.1042,70.8843537414966,0.17862857142857141,0.20198274242802916,0.8843754138659677,-0.11304460468932165,"conditional complete-window sum on stated capital, not live equity or intraday drawdown",0.352891156462585,543558.769977169,mean across entered windows; not equal-risk sizing or margin availability,147,252,0.0,0.0
NQ,mom-12,combined_stress,2354060058c8498ad69c397726d3d77068989c4f3a2a03df8d7cb42b93007edb,e9fd1c6d7ac3628d,5.0,2,0.0,0.0,5,7453d8f230dd1ef7fc361e23f107762c1d6acd102f692da6cec81296535d87ef,whole,ok,2267,1820.0,-166540.0,56120.0,112240.0,5612,11224,-1.6654,-73.46272606969563,-0.185126069695633,0.09872900181973716,-1.8750930960858148,-1.73925,"conditional complete-window sum on stated capital, not live equity or intraday drawdown",0.35278819291280694,278726.302954932,mean across entered windows; not equal-risk sizing or margin availability,2267,252,0.0,0.0
NQ,mom-12,combined_stress,2354060058c8498ad69c397726d3d77068989c4f3a2a03df8d7cb42b93007edb,e9fd1c6d7ac3628d,5.0,2,0.0,0.0,5,7453d8f230dd1ef7fc361e23f107762c1d6acd102f692da6cec81296535d87ef,development,ok,1122,250.0,-82610.0,27620.0,55240.0,2762,5524,-0.8261,-73.62745098039215,-0.1855411764705882,0.0632042961008193,-2.9355785590053127,-0.8511,"conditional complete-window sum on stated capital, not live equity or intraday drawdown",0.3545937314319667,186067.97018427623,mean across entered windows; not equal-risk sizing or margin availability,1122,252,0.0,0.0
NQ,mom-12,combined_stress,2354060058c8498ad69c397726d3d77068989c4f3a2a03df8d7cb42b93007edb,e9fd1c6d7ac3628d,5.0,2,0.0,0.0,5,7453d8f230dd1ef7fc361e23f107762c1d6acd102f692da6cec81296535d87ef,validation,ok,503,-7345.0,-44605.0,12420.0,24840.0,1242,2484,-0.44605,-88.6779324055666,-0.2234683896620278,0.09499073004459375,-2.352528394687774,-0.4885041551246537,"conditional complete-window sum on stated capital, not live equity or intraday drawdown",0.344350563286945,270149.68360160966,mean across entered windows; not equal-risk sizing or margin availability,503,252,0.0,0.0
NQ,mom-12,combined_stress,2354060058c8498ad69c397726d3d77068989c4f3a2a03df8d7cb42b93007edb,e9fd1c6d7ac3628d,5.0,2,0.0,0.0,5,7453d8f230dd1ef7fc361e23f107762c1d6acd102f692da6cec81296535d87ef,historical_final,ok,642,8915.0,-39325.0,16080.0,32160.0,1608,3216,-0.39325,-61.253894080996886,-0.15435981308411215,0.14281808166911272,-1.0808142168002217,-0.46874688465756154,"conditional complete-window sum on stated capital, not live equity or intraday drawdown",0.3562435098650052,446297.2540741571,mean across entered windows; not equal-risk sizing or margin availability,642,252,0.0,0.0
NQ,mom-12,combined_stress,2354060058c8498ad69c397726d3d77068989c4f3a2a03df8d7cb42b93007edb,e9fd1c6d7ac3628d,5.0,2,0.0,0.0,5,7453d8f230dd1ef7fc361e23f107762c1d6acd102f692da6cec81296535d87ef,2016,ok,39,-1380.0,-4290.0,970.0,1940.0,97,194,-0.0429,-110.0,-0.2772,0.031196963414983032,-8.885480176794022,-0.043,"conditional complete-window sum on stated capital, not live equity or intraday drawdown",0.3317307692307692,95979.85042735042,mean across entered windows; not equal-risk sizing or margin availability,39,252,0.0,0.0
NQ,mom-12,combined_stress,2354060058c8498ad69c397726d3d77068989c4f3a2a03df8d7cb42b93007edb,e9fd1c6d7ac3628d,5.0,2,0.0,0.0,5,7453d8f230dd1ef7fc361e23f107762c1d6acd102f692da6cec81296535d87ef,2017,ok,117,1420.0,-7340.0,2920.0,5840.0,292,584,-0.0734,-62.73504273504273,-0.1580923076923077,0.02068378188076945,-7.64329795216476,-0.0734,"conditional complete-window sum on stated capital, not live equity or intraday drawdown",0.3523860398860399,116749.44956140351,mean across entered windows; not equal-risk sizing or margin availability,117,252,0.0,0.0
NQ,mom-12,combined_stress,2354060058c8498ad69c397726d3d77068989c4f3a2a03df8d7cb42b93007edb,e9fd1c6d7ac3628d,5.0,2,0.0,0.0,5,7453d8f230dd1ef7fc361e23f107762c1d6acd102f692da6cec81296535d87ef,2018,ok,228,835.0,-16265.0,5700.0,11400.0,570,1140,-0.16265,-71.33771929824562,-0.17977105263157894,0.048115824294411934,-3.736214754040017,-0.18061148396718865,"conditional complete-window sum on stated capital, not live equity or intraday drawdown",0.3516995614035088,139931.63053097346,mean across entered windows; not equal-risk sizing or margin availability,228,252,0.0,0.0
NQ,mom-12,combined_stress,2354060058c8498ad69c397726d3d77068989c4f3a2a03df8d7cb42b93007edb,e9fd1c6d7ac3628d,5.0,2,0.0,0.0,5,7453d8f230dd1ef7fc361e23f107762c1d6acd102f692da6cec81296535d87ef,2019,ok,244,3420.0,-14310.0,5910.0,11820.0,591,1182,-0.1431,-58.64754098360656,-0.14779180327868854,0.039236694054054035,-3.766673182890604,-0.1431428428578571,"conditional complete-window sum on stated capital, not live equity or intraday drawdown",0.3598872950819672,152445.1940525181,mean across entered windows; not equal-risk sizing or margin availability,244,252,0.0,0.0
NQ,mom-12,combined_stress,2354060058c8498ad69c397726d3d77068989c4f3a2a03df8d7cb42b93007edb,e9fd1c6d7ac3628d,5.0,2,0.0,0.0,5,7453d8f230dd1ef7fc361e23f107762c1d6acd102f692da6cec81296535d87ef,2020,ok,245,-1810.0,-19990.0,6060.0,12120.0,606,1212,-0.1999,-81.59183673469387,-0.20561142857142856,0.09242306670930782,-2.2246765433365745,-0.2081425442962373,"conditional complete-window sum on stated capital, not live equity or intraday drawdown",0.35399659863945576,206340.0263888889,mean across entered windows; not equal-risk sizing or margin availability,245,252,0.0,0.0
NQ,mom-12,combined_stress,2354060058c8498ad69c397726d3d77068989c4f3a2a03df8d7cb42b93007edb,e9fd1c6d7ac3628d,5.0,2,0.0,0.0,5,7453d8f230dd1ef7fc361e23f107762c1d6acd102f692da6cec81296535d87ef,2021,ok,249,-2235.0,-20415.0,6060.0,12120.0,606,1212,-0.20415,-81.98795180722891,-0.20660963855421685,0.07523510120135984,-2.7461867566476066,-0.22915,"conditional complete-window sum on stated capital, not live equity or intraday drawdown",0.3572623828647925,289131.9123731459,mean across entered windows; not equal-risk sizing or margin availability,249,252,0.0,0.0
NQ,mom-12,combined_stress,2354060058c8498ad69c397726d3d77068989c4f3a2a03df8d7cb42b93007edb,e9fd1c6d7ac3628d,5.0,2,0.0,0.0,5,7453d8f230dd1ef7fc361e23f107762c1d6acd102f692da6cec81296535d87ef,2022,ok,252,-295.0,-18355.0,6020.0,12040.0,602,1204,-0.18355,-72.83730158730158,-0.18355,0.11464727801641741,-1.6009974521481074,-0.25392428439519854,"conditional complete-window sum on stated capital, not live equity or intraday drawdown",0.341848544973545,255536.07262382866,mean across entered windows; not equal-risk sizing or margin availability,252,252,0.0,0.0
NQ,mom-12,combined_stress,2354060058c8498ad69c397726d3d77068989c4f3a2a03df8d7cb42b93007edb,e9fd1c6d7ac3628d,5.0,2,0.0,0.0,5,7453d8f230dd1ef7fc361e23f107762c1d6acd102f692da6cec81296535d87ef,2023,ok,251,-7050.0,-26250.0,6400.0,12800.0,640,1280,-0.2625,-104.58167330677291,-0.26354581673306776,0.07006651077676324,-3.761366361923502,-0.2625,"conditional complete-window sum on stated capital, not live equity or intraday drawdown",0.34686254980079684,284822.22043010755,mean across entered windows; not equal-risk sizing or margin availability,251,252,0.0,0.0
NQ,mom-12,combined_stress,2354060058c8498ad69c397726d3d77068989c4f3a2a03df8d7cb42b93007edb,e9fd1c6d7ac3628d,5.0,2,0.0,0.0,5,7453d8f230dd1ef7fc361e23f107762c1d6acd102f692da6cec81296535d87ef,2024,ok,251,1185.0,-18495.0,6560.0,13120.0,656,1312,-0.18495,-73.68525896414343,-0.18568685258964143,0.0814148808661794,-2.280748317925473,-0.19320107666234673,"conditional complete-window sum on stated capital, not live equity or intraday drawdown",0.3581507304116866,384109.2272901128,mean across entered windows; not equal-risk sizing or margin availability,251,252,0.0,0.0
NQ,mom-12,combined_stress,2354060058c8498ad69c397726d3d77068989c4f3a2a03df8d7cb42b93007edb,e9fd1c6d7ac3628d,5.0,2,0.0,0.0,5,7453d8f230dd1ef7fc361e23f107762c1d6acd102f692da6cec81296535d87ef,2025,ok,244,-8150.0,-25790.0,5880.0,11760.0,588,1176,-0.2579,-105.69672131147541,-0.26635573770491805,0.14880977023388392,-1.7899075933407294,-0.2875492628813312,"conditional complete-window sum on stated capital, not live equity or intraday drawdown",0.3563012295081967,451605.67286501377,mean across entered windows; not equal-risk sizing or margin availability,244,252,0.0,0.0
NQ,mom-12,combined_stress,2354060058c8498ad69c397726d3d77068989c4f3a2a03df8d7cb42b93007edb,e9fd1c6d7ac3628d,5.0,2,0.0,0.0,5,7453d8f230dd1ef7fc361e23f107762c1d6acd102f692da6cec81296535d87ef,2026,ok,147,15880.0,4960.0,3640.0,7280.0,364,728,0.0496,33.74149659863946,0.08502857142857143,0.20254808836856808,0.41979448985886547,-0.14336508493920372,"conditional complete-window sum on stated capital, not live equity or intraday drawdown",0.352891156462585,543558.769977169,mean across entered windows; not equal-risk sizing or margin availability,147,252,0.0,0.0
NQ,revert-6-0.5,base,2354060058c8498ad69c397726d3d77068989c4f3a2a03df8d7cb42b93007edb,834526f7f57f08a0,2.5,1,0.0,0.0,1,7453d8f230dd1ef7fc361e23f107762c1d6acd102f692da6cec81296535d87ef,whole,ok,2267,-3015.0,-115170.0,37385.0,74770.0,7477,14954,-1.1517,-50.80282311424791,-0.12802311424790472,0.09956230641846754,-1.285859265953667,-1.3133,"conditional complete-window sum on stated capital, not live equity or intraday drawdown",0.2821460079400088,278405.73801110545,mean across entered windows; not equal-risk sizing or margin availability,2267,252,0.0,0.0
NQ,revert-6-0.5,base,2354060058c8498ad69c397726d3d77068989c4f3a2a03df8d7cb42b93007edb,834526f7f57f08a0,2.5,1,0.0,0.0,1,7453d8f230dd1ef7fc361e23f107762c1d6acd102f692da6cec81296535d87ef,development,ok,1122,-5510.0,-61235.0,18575.0,37150.0,3715,7430,-0.61235,-54.576648841354725,-0.1375331550802139,0.07205595322195742,-1.9086994055378592,-0.6293,"conditional complete-window sum on stated capital, not live equity or intraday drawdown",0.2821041295306001,186350.0087506903,mean across entered windows; not equal-risk sizing or margin availability,1122,252,0.0,0.0
NQ,revert-6-0.5,base,2354060058c8498ad69c397726d3d77068989c4f3a2a03df8d7cb42b93007edb,834526f7f57f08a0,2.5,1,0.0,0.0,1,7453d8f230dd1ef7fc361e23f107762c1d6acd102f692da6cec81296535d87ef,validation,ok,503,2710.0,-22130.0,8280.0,16560.0,1656,3312,-0.2213,-43.99602385685885,-0.1108699801192843,0.09671548215691132,-1.146351935043954,-0.2800394885295224,"conditional complete-window sum on stated capital, not live equity or intraday drawdown",0.2881875414181577,270146.1885354539,mean across entered windows; not equal-risk sizing or margin availability,503,252,0.0,0.0
NQ,revert-6-0.5,base,2354060058c8498ad69c397726d3d77068989c4f3a2a03df8d7cb42b93007edb,834526f7f57f08a0,2.5,1,0.0,0.0,1,7453d8f230dd1ef7fc361e23f107762c1d6acd102f692da6cec81296535d87ef,historical_final,ok,642,-215.0,-31805.0,10530.0,21060.0,2106,4212,-0.31805,-49.5404984423676,-0.12484205607476635,0.13651047809735073,-0.9145236161705977,-0.48408685306365257,"conditional complete-window sum on stated capital, not live equity or intraday drawdown",0.27748572170301145,446138.5909598215,mean across entered windows; not equal-risk sizing or margin availability,642,252,0.0,0.0
NQ,revert-6-0.5,base,2354060058c8498ad69c397726d3d77068989c4f3a2a03df8d7cb42b93007edb,834526f7f57f08a0,2.5,1,0.0,0.0,1,7453d8f230dd1ef7fc361e23f107762c1d6acd102f692da6cec81296535d87ef,2016,ok,39,-1575.0,-3390.0,605.0,1210.0,121,242,-0.0339,-86.92307692307692,-0.21904615384615383,0.016417301035168728,-13.34239735124054,-0.0339,"conditional complete-window sum on stated capital, not live equity or intraday drawdown",0.3125,95970.49786324787,mean across entered windows; not equal-risk sizing or margin availability,39,252,0.0,0.0
NQ,revert-6-0.5,base,2354060058c8498ad69c397726d3d77068989c4f3a2a03df8d7cb42b93007edb,834526f7f57f08a0,2.5,1,0.0,0.0,1,7453d8f230dd1ef7fc361e23f107762c1d6acd102f692da6cec81296535d87ef,2017,ok,117,-80.0,-5915.0,1945.0,3890.0,389,778,-0.05915,-50.55555555555556,-0.12739999999999999,0.014702873282410506,-8.664972999013226,-0.0592,"conditional complete-window sum on stated capital, not live equity or intraday drawdown",0.27314814814814814,116818.08394383395,mean across entered windows; not equal-risk sizing or margin availability,117,252,0.0,0.0
NQ,revert-6-0.5,base,2354060058c8498ad69c397726d3d77068989c4f3a2a03df8d7cb42b93007edb,834526f7f57f08a0,2.5,1,0.0,0.0,1,7453d8f230dd1ef7fc361e23f107762c1d6acd102f692da6cec81296535d87ef,2018,ok,228,-230.0,-11285.0,3685.0,7370.0,737,1474,-0.11285,-49.49561403508772,-0.12472894736842104,0.044851856408644294,-2.7809093615215903,-0.14314244345698737,"conditional complete-window sum on stated capital, not live equity or intraday drawdown",0.28691520467836257,139866.22660818713,mean across entered windows; not equal-risk sizing or margin availability,228,252,0.0,0.0
NQ,revert-6-0.5,base,2354060058c8498ad69c397726d3d77068989c4f3a2a03df8d7cb42b93007edb,834526f7f57f08a0,2.5,1,0.0,0.0,1,7453d8f230dd1ef7fc361e23f107762c1d6acd102f692da6cec81296535d87ef,2019,ok,244,2525.0,-9550.0,4025.0,8050.0,805,1610,-0.0955,-39.13934426229508,-0.09863114754098361,0.04032534077577588,-2.4458850351546944,-0.10820803549420754,"conditional complete-window sum on stated capital, not live equity or intraday drawdown",0.2814207650273224,152423.0754781421,mean across entered windows; not equal-risk sizing or margin availability,244,252,0.0,0.0
NQ,revert-6-0.5,base,2354060058c8498ad69c397726d3d77068989c4f3a2a03df8d7cb42b93007edb,834526f7f57f08a0,2.5,1,0.0,0.0,1,7453d8f230dd1ef7fc361e23f107762c1d6acd102f692da6cec81296535d87ef,2020,ok,245,-3395.0,-15800.0,4135.0,8270.0,827,1654,-0.158,-64.48979591836735,-0.16251428571428572,0.10841831409582856,-1.4989560303496599,-0.16037312316057264,"conditional complete-window sum on stated capital, not live equity or intraday drawdown",0.283843537414966,206592.8013119534,mean across entered windows; not equal-risk sizing or margin availability,245,252,0.0,0.0
NQ,revert-6-0.5,base,2354060058c8498ad69c397726d3d77068989c4f3a2a03df8d7cb42b93007edb,834526f7f57f08a0,2.5,1,0.0,0.0,1,7453d8f230dd1ef7fc361e23f107762c1d6acd102f692da6cec81296535d87ef,2021,ok,249,-2755.0,-15295.0,4180.0,8360.0,836,1672,-0.15295,-61.42570281124498,-0.15479277108433737,0.09117250212537228,-1.697801063652725,-0.1988998262883613,"conditional complete-window sum on stated capital, not live equity or intraday drawdown",0.2761044176706827,289483.1780913978,mean across entered windows; not equal-risk sizing or margin availability,249,252,0.0,0.0
NQ,revert-6-0.5,base,2354060058c8498ad69c397726d3d77068989c4f3a2a03df8d7cb42b93007edb,834526f7f57f08a0,2.5,1,0.0,0.0,1,7453d8f230dd1ef7fc361e23f107762c1d6acd102f692da6cec81296535d87ef,2022,ok,252,4435.0,-7820.0,4085.0,8170.0,817,1634,-0.0782,-31.03174603174603,-0.0782,0.11134850033070232,-0.7022995349533037,-0.15170176758179768,"conditional complete-window sum on stated capital, not live equity or intraday drawdown",0.2838955026455027,255885.7876984127,mean across entered windows; not equal-risk sizing or margin availability,252,252,0.0,0.0
NQ,revert-6-0.5,base,2354060058c8498ad69c397726d3d77068989c4f3a2a03df8d7cb42b93007edb,834526f7f57f08a0,2.5,1,0.0,0.0,1,7453d8f230dd1ef7fc361e23f107762c1d6acd102f692da6cec81296535d87ef,2023,ok,251,-1725.0,-14310.0,4195.0,8390.0,839,1678,-0.1431,-57.01195219123506,-0.14367011952191236,0.07953591606051734,-1.8063552497791888,-0.15605,"conditional complete-window sum on stated capital, not live equity or intraday drawdown",0.29249667994687917,284463.40371845954,mean across entered windows; not equal-risk sizing or margin availability,251,252,0.0,0.0
NQ,revert-6-0.5,base,2354060058c8498ad69c397726d3d77068989c4f3a2a03df8d7cb42b93007edb,834526f7f57f08a0,2.5,1,0.0,0.0,1,7453d8f230dd1ef7fc361e23f107762c1d6acd102f692da6cec81296535d87ef,2024,ok,251,8410.0,-4115.0,4175.0,8350.0,835,1670,-0.04115,-16.394422310756973,-0.04131394422310757,0.08745923899040557,-0.4723794158286672,-0.09865,"conditional complete-window sum on stated capital, not live equity or intraday drawdown",0.2714973439575033,383893.3231360274,mean across entered windows; not equal-risk sizing or margin availability,251,252,0.0,0.0
NQ,revert-6-0.5,base,2354060058c8498ad69c397726d3d77068989c4f3a2a03df8d7cb42b93007edb,834526f7f57f08a0,2.5,1,0.0,0.0,1,7453d8f230dd1ef7fc361e23f107762c1d6acd102f692da6cec81296535d87ef,2025,ok,244,-18335.0,-30365.0,4010.0,8020.0,802,1604,-0.30365,-124.44672131147541,-0.31360573770491806,0.15892317511122064,-1.973316588253693,-0.3152399802078179,"conditional complete-window sum on stated capital, not live equity or intraday drawdown",0.28270150273224043,451873.9658044288,mean across entered windows; not equal-risk sizing or margin availability,244,252,0.0,0.0
NQ,revert-6-0.5,base,2354060058c8498ad69c397726d3d77068989c4f3a2a03df8d7cb42b93007edb,834526f7f57f08a0,2.5,1,0.0,0.0,1,7453d8f230dd1ef7fc361e23f107762c1d6acd102f692da6cec81296535d87ef,2026,ok,147,9710.0,2675.0,2345.0,4690.0,469,938,0.02675,18.197278911564627,0.04585714285714286,0.16211426951273525,0.28286925632749715,-0.148180967853099,"conditional complete-window sum on stated capital, not live equity or intraday drawdown",0.2790532879818594,543603.4275114156,mean across entered windows; not equal-risk sizing or margin availability,147,252,0.0,0.0
NQ,revert-6-0.5,gross_reference,2354060058c8498ad69c397726d3d77068989c4f3a2a03df8d7cb42b93007edb,e122eb05ba367646,0.0,0,0.0,0.0,1,7453d8f230dd1ef7fc361e23f107762c1d6acd102f692da6cec81296535d87ef,whole,ok,2267,-3015.0,-3015.0,0.0,0.0,7477,14954,-0.03015,-1.3299514777238641,-0.0033514777238641373,0.10020839271002362,-0.03344508012978934,-0.2739978781309101,"conditional complete-window sum on stated capital, not live equity or intraday drawdown",0.2821460079400088,278405.73801110545,mean across entered windows; not equal-risk sizing or margin availability,2267,252,0.0,0.0
NQ,revert-6-0.5,gross_reference,2354060058c8498ad69c397726d3d77068989c4f3a2a03df8d7cb42b93007edb,e122eb05ba367646,0.0,0,0.0,0.0,1,7453d8f230dd1ef7fc361e23f107762c1d6acd102f692da6cec81296535d87ef,development,ok,1122,-5510.0,-5510.0,0.0,0.0,3715,7430,-0.0551,-4.910873440285205,-0.012375401069518718,0.07272566488590121,-0.17016552669452248,-0.10441649605147704,"conditional complete-window sum on stated capital, not live equity or intraday drawdown",0.2821041295306001,186350.0087506903,mean across entered windows; not equal-risk sizing or margin availability,1122,252,0.0,0.0
NQ,revert-6-0.5,gross_reference,2354060058c8498ad69c397726d3d77068989c4f3a2a03df8d7cb42b93007edb,e122eb05ba367646,0.0,0,0.0,0.0,1,7453d8f230dd1ef7fc361e23f107762c1d6acd102f692da6cec81296535d87ef,validation,ok,503,2710.0,2710.0,0.0,0.0,1656,3312,0.0271,5.387673956262425,0.013576938369781312,0.0974982915875473,0.13925308996404392,-0.09894997478105369,"conditional complete-window sum on stated capital, not live equity or intraday drawdown",0.2881875414181577,270146.1885354539,mean across entered windows; not equal-risk sizing or margin availability,503,252,0.0,0.0
NQ,revert-6-0.5,gross_reference,2354060058c8498ad69c397726d3d77068989c4f3a2a03df8d7cb42b93007edb,e122eb05ba367646,0.0,0,0.0,0.0,1,7453d8f230dd1ef7fc361e23f107762c1d6acd102f692da6cec81296535d87ef,historical_final,ok,642,-215.0,-215.0,0.0,0.0,2106,4212,-0.00215,-0.3348909657320872,-0.0008439252336448598,0.13712348589169576,-0.006154490809192359,-0.2670983407527317,"conditional complete-window sum on stated capital, not live equity or intraday drawdown",0.27748572170301145,446138.5909598215,mean across entered windows; not equal-risk sizing or margin availability,642,252,0.0,0.0
NQ,revert-6-0.5,gross_reference,2354060058c8498ad69c397726d3d77068989c4f3a2a03df8d7cb42b93007edb,e122eb05ba367646,0.0,0,0.0,0.0,1,7453d8f230dd1ef7fc361e23f107762c1d6acd102f692da6cec81296535d87ef,2016,ok,39,-1575.0,-1575.0,0.0,0.0,121,242,-0.01575,-40.38461538461539,-0.10176923076923078,0.016959490911693242,-6.000724390793055,-0.016689152051166743,"conditional complete-window sum on stated capital, not live equity or intraday drawdown",0.3125,95970.49786324787,mean across entered windows; not equal-risk sizing or margin availability,39,252,0.0,0.0
NQ,revert-6-0.5,gross_reference,2354060058c8498ad69c397726d3d77068989c4f3a2a03df8d7cb42b93007edb,e122eb05ba367646,0.0,0,0.0,0.0,1,7453d8f230dd1ef7fc361e23f107762c1d6acd102f692da6cec81296535d87ef,2017,ok,117,-80.0,-80.0,0.0,0.0,389,778,-0.0008,-0.6837606837606838,-0.001723076923076923,0.014820652394565178,-0.11626188086759164,-0.0119,"conditional complete-window sum on stated capital, not live equity or intraday drawdown",0.27314814814814814,116818.08394383395,mean across entered windows; not equal-risk sizing or margin availability,117,252,0.0,0.0
NQ,revert-6-0.5,gross_reference,2354060058c8498ad69c397726d3d77068989c4f3a2a03df8d7cb42b93007edb,e122eb05ba367646,0.0,0,0.0,0.0,1,7453d8f230dd1ef7fc361e23f107762c1d6acd102f692da6cec81296535d87ef,2018,ok,228,-230.0,-230.0,0.0,0.0,737,1474,-0.0023,-1.0087719298245614,-0.0025421052631578946,0.04539464411526936,-0.056000114390208626,-0.04575260804769001,"conditional complete-window sum on stated capital, not live equity or intraday drawdown",0.28691520467836257,139866.22660818713,mean across entered windows; not equal-risk sizing or margin availability,228,252,0.0,0.0
NQ,revert-6-0.5,gross_reference,2354060058c8498ad69c397726d3d77068989c4f3a2a03df8d7cb42b93007edb,e122eb05ba367646,0.0,0,0.0,0.0,1,7453d8f230dd1ef7fc361e23f107762c1d6acd102f692da6cec81296535d87ef,2019,ok,244,2525.0,2525.0,0.0,0.0,805,1610,0.02525,10.348360655737705,0.026077868852459017,0.04106558759863162,0.6350297262842036,-0.041251983268426363,"conditional complete-window sum on stated capital, not live equity or intraday drawdown",0.2814207650273224,152423.0754781421,mean across entered windows; not equal-risk sizing or margin availability,244,252,0.0,0.0
NQ,revert-6-0.5,gross_reference,2354060058c8498ad69c397726d3d77068989c4f3a2a03df8d7cb42b93007edb,e122eb05ba367646,0.0,0,0.0,0.0,1,7453d8f230dd1ef7fc361e23f107762c1d6acd102f692da6cec81296535d87ef,2020,ok,245,-3395.0,-3395.0,0.0,0.0,827,1654,-0.03395,-13.857142857142858,-0.03492,0.10932960310343261,-0.31940114121665214,-0.09271162974683544,"conditional complete-window sum on stated capital, not live equity or intraday drawdown",0.283843537414966,206592.8013119534,mean across entered windows; not equal-risk sizing or margin availability,245,252,0.0,0.0
NQ,revert-6-0.5,gross_reference,2354060058c8498ad69c397726d3d77068989c4f3a2a03df8d7cb42b93007edb,e122eb05ba367646,0.0,0,0.0,0.0,1,7453d8f230dd1ef7fc361e23f107762c1d6acd102f692da6cec81296535d87ef,2021,ok,249,-2755.0,-2755.0,0.0,0.0,836,1672,-0.02755,-11.06425702811245,-0.027881927710843375,0.0919097936726542,-0.3033618790413959,-0.09826066237788897,"conditional complete-window sum on stated capital, not live equity or intraday drawdown",0.2761044176706827,289483.1780913978,mean across entered windows; not equal-risk sizing or margin availability,249,252,0.0,0.0
NQ,revert-6-0.5,gross_reference,2354060058c8498ad69c397726d3d77068989c4f3a2a03df8d7cb42b93007edb,e122eb05ba367646,0.0,0,0.0,0.0,1,7453d8f230dd1ef7fc361e23f107762c1d6acd102f692da6cec81296535d87ef,2022,ok,252,4435.0,4435.0,0.0,0.0,817,1634,0.04435,17.599206349206348,0.044349999999999994,0.11210588384749078,0.39560813828767355,-0.09894997478105369,"conditional complete-window sum on stated capital, not live equity or intraday drawdown",0.2838955026455027,255885.7876984127,mean across entered windows; not equal-risk sizing or margin availability,252,252,0.0,0.0
NQ,revert-6-0.5,gross_reference,2354060058c8498ad69c397726d3d77068989c4f3a2a03df8d7cb42b93007edb,e122eb05ba367646,0.0,0,0.0,0.0,1,7453d8f230dd1ef7fc361e23f107762c1d6acd102f692da6cec81296535d87ef,2023,ok,251,-1725.0,-1725.0,0.0,0.0,839,1678,-0.01725,-6.872509960159363,-0.017318725099601594,0.08038836985514838,-0.2154381924998376,-0.07769581675240221,"conditional complete-window sum on stated capital, not live equity or intraday drawdown",0.29249667994687917,284463.40371845954,mean across entered windows; not equal-risk sizing or margin availability,251,252,0.0,0.0
NQ,revert-6-0.5,gross_reference,2354060058c8498ad69c397726d3d77068989c4f3a2a03df8d7cb42b93007edb,e122eb05ba367646,0.0,0,0.0,0.0,1,7453d8f230dd1ef7fc361e23f107762c1d6acd102f692da6cec81296535d87ef,2024,ok,251,8410.0,8410.0,0.0,0.0,835,1670,0.0841,33.50597609561753,0.08443505976095617,0.08811885681224205,0.958195133430577,-0.07045,"conditional complete-window sum on stated capital, not live equity or intraday drawdown",0.2714973439575033,383893.3231360274,mean across entered windows; not equal-risk sizing or margin availability,251,252,0.0,0.0
NQ,revert-6-0.5,gross_reference,2354060058c8498ad69c397726d3d77068989c4f3a2a03df8d7cb42b93007edb,e122eb05ba367646,0.0,0,0.0,0.0,1,7453d8f230dd1ef7fc361e23f107762c1d6acd102f692da6cec81296535d87ef,2025,ok,244,-18335.0,-18335.0,0.0,0.0,802,1604,-0.18335,-75.14344262295081,-0.18936147540983606,0.15951518863507116,-1.1871062375323105,-0.20533568731303026,"conditional complete-window sum on stated capital, not live equity or intraday drawdown",0.28270150273224043,451873.9658044288,mean across entered windows; not equal-risk sizing or margin availability,244,252,0.0,0.0
NQ,revert-6-0.5,gross_reference,2354060058c8498ad69c397726d3d77068989c4f3a2a03df8d7cb42b93007edb,e122eb05ba367646,0.0,0,0.0,0.0,1,7453d8f230dd1ef7fc361e23f107762c1d6acd102f692da6cec81296535d87ef,2026,ok,147,9710.0,9710.0,0.0,0.0,469,938,0.0971,66.05442176870748,0.16645714285714286,0.16281458677685787,1.0223724185430463,-0.10253767240956167,"conditional complete-window sum on stated capital, not live equity or intraday drawdown",0.2790532879818594,543603.4275114156,mean across entered windows; not equal-risk sizing or margin availability,147,252,0.0,0.0
NQ,revert-6-0.5,cost_stress,2354060058c8498ad69c397726d3d77068989c4f3a2a03df8d7cb42b93007edb,1a48a9ea02e23142,5.0,2,0.0,0.0,1,7453d8f230dd1ef7fc361e23f107762c1d6acd102f692da6cec81296535d87ef,whole,ok,2267,-3015.0,-227325.0,74770.0,149540.0,7477,14954,-2.27325,-100.27569475077195,-0.2526947507719453,0.09897786295737031,-2.5530431070307182,-2.41355,"conditional complete-window sum on stated capital, not live equity or intraday drawdown",0.2821460079400088,278405.73801110545,mean across entered windows; not equal-risk sizing or margin availability,2267,252,0.0,0.0
NQ,revert-6-0.5,cost_stress,2354060058c8498ad69c397726d3d77068989c4f3a2a03df8d7cb42b93007edb,1a48a9ea02e23142,5.0,2,0.0,0.0,1,7453d8f230dd1ef7fc361e23f107762c1d6acd102f692da6cec81296535d87ef,development,ok,1122,-5510.0,-116960.0,37150.0,74300.0,3715,7430,-1.1696,-104.24242424242425,-0.2626909090909091,0.0714672359179211,-3.6756830695481937,-1.1816,"conditional complete-window sum on stated capital, not live equity or intraday drawdown",0.2821041295306001,186350.0087506903,mean across entered windows; not equal-risk sizing or margin availability,1122,252,0.0,0.0
NQ,revert-6-0.5,cost_stress,2354060058c8498ad69c397726d3d77068989c4f3a2a03df8d7cb42b93007edb,1a48a9ea02e23142,5.0,2,0.0,0.0,1,7453d8f230dd1ef7fc361e23f107762c1d6acd102f692da6cec81296535d87ef,validation,ok,503,2710.0,-46970.0,16560.0,33120.0,1656,3312,-0.4697,-93.37972166998011,-0.23531689860834987,0.09599902818154003,-2.4512425080319695,-0.4909371384496722,"conditional complete-window sum on stated capital, not live equity or intraday drawdown",0.2881875414181577,270146.1885354539,mean across entered windows; not equal-risk sizing or margin availability,503,252,0.0,0.0
NQ,revert-6-0.5,cost_stress,2354060058c8498ad69c397726d3d77068989c4f3a2a03df8d7cb42b93007edb,1a48a9ea02e23142,5.0,2,0.0,0.0,1,7453d8f230dd1ef7fc361e23f107762c1d6acd102f692da6cec81296535d87ef,historical_final,ok,642,-215.0,-63395.0,21060.0,42120.0,2106,4212,-0.63395,-98.74610591900311,-0.24884018691588786,0.13594374463702086,-1.830464414381907,-0.77425,"conditional complete-window sum on stated capital, not live equity or intraday drawdown",0.27748572170301145,446138.5909598215,mean across entered windows; not equal-risk sizing or margin availability,642,252,0.0,0.0
NQ,revert-6-0.5,cost_stress,2354060058c8498ad69c397726d3d77068989c4f3a2a03df8d7cb42b93007edb,1a48a9ea02e23142,5.0,2,0.0,0.0,1,7453d8f230dd1ef7fc361e23f107762c1d6acd102f692da6cec81296535d87ef,2016,ok,39,-1575.0,-5205.0,1210.0,2420.0,121,242,-0.05205,-133.46153846153845,-0.33632307692307695,0.016243228424042664,-20.70543294369136,-0.05205,"conditional complete-window sum on stated capital, not live equity or intraday drawdown",0.3125,95970.49786324787,mean across entered windows; not equal-risk sizing or margin availability,39,252,0.0,0.0
NQ,revert-6-0.5,cost_stress,2354060058c8498ad69c397726d3d77068989c4f3a2a03df8d7cb42b93007edb,1a48a9ea02e23142,5.0,2,0.0,0.0,1,7453d8f230dd1ef7fc361e23f107762c1d6acd102f692da6cec81296535d87ef,2017,ok,117,-80.0,-11750.0,3890.0,7780.0,389,778,-0.1175,-100.42735042735043,-0.25307692307692314,0.014986339048953409,-16.887174529432333,-0.1175,"conditional complete-window sum on stated capital, not live equity or intraday drawdown",0.27314814814814814,116818.08394383395,mean across entered windows; not equal-risk sizing or margin availability,117,252,0.0,0.0
NQ,revert-6-0.5,cost_stress,2354060058c8498ad69c397726d3d77068989c4f3a2a03df8d7cb42b93007edb,1a48a9ea02e23142,5.0,2,0.0,0.0,1,7453d8f230dd1ef7fc361e23f107762c1d6acd102f692da6cec81296535d87ef,2018,ok,228,-230.0,-22340.0,7370.0,14740.0,737,1474,-0.2234,-97.98245614035088,-0.2469157894736842,0.04442891429789586,-5.557547227422978,-0.24596310553416986,"conditional complete-window sum on stated capital, not live equity or intraday drawdown",0.28691520467836257,139866.22660818713,mean across entered windows; not equal-risk sizing or margin availability,228,252,0.0,0.0
NQ,revert-6-0.5,cost_stress,2354060058c8498ad69c397726d3d77068989c4f3a2a03df8d7cb42b93007edb,1a48a9ea02e23142,5.0,2,0.0,0.0,1,7453d8f230dd1ef7fc361e23f107762c1d6acd102f692da6cec81296535d87ef,2019,ok,244,2525.0,-21625.0,8050.0,16100.0,805,1610,-0.21625,-88.62704918032787,-0.22334016393442624,0.03970379316337941,-5.625159364884636,-0.22454734342534877,"conditional complete-window sum on stated capital, not live equity or intraday drawdown",0.2814207650273224,152423.0754781421,mean across entered windows; not equal-risk sizing or margin availability,244,252,0.0,0.0
NQ,revert-6-0.5,cost_stress,2354060058c8498ad69c397726d3d77068989c4f3a2a03df8d7cb42b93007edb,1a48a9ea02e23142,5.0,2,0.0,0.0,1,7453d8f230dd1ef7fc361e23f107762c1d6acd102f692da6cec81296535d87ef,2020,ok,245,-3395.0,-28205.0,8270.0,16540.0,827,1654,-0.28205,-115.12244897959184,-0.29010857142857144,0.10756962913579363,-2.6969375441682013,-0.28205,"conditional complete-window sum on stated capital, not live equity or intraday drawdown",0.283843537414966,206592.8013119534,mean across entered windows; not equal-risk sizing or margin availability,245,252,0.0,0.0
NQ,revert-6-0.5,cost_stress,2354060058c8498ad69c397726d3d77068989c4f3a2a03df8d7cb42b93007edb,1a48a9ea02e23142,5.0,2,0.0,0.0,1,7453d8f230dd1ef7fc361e23f107762c1d6acd102f692da6cec81296535d87ef,2021,ok,249,-2755.0,-27835.0,8360.0,16720.0,836,1672,-0.27835,-111.78714859437751,-0.2817036144578313,0.0905022845219511,-3.1126685469415407,-0.3077260755048288,"conditional complete-window sum on stated capital, not live equity or intraday drawdown",0.2761044176706827,289483.1780913978,mean across entered windows; not equal-risk sizing or margin availability,249,252,0.0,0.0
NQ,revert-6-0.5,cost_stress,2354060058c8498ad69c397726d3d77068989c4f3a2a03df8d7cb42b93007edb,1a48a9ea02e23142,5.0,2,0.0,0.0,1,7453d8f230dd1ef7fc361e23f107762c1d6acd102f692da6cec81296535d87ef,2022,ok,252,4435.0,-20075.0,8170.0,16340.0,817,1634,-0.20075,-79.66269841269842,-0.20075,0.11064275067482926,-1.814398130700756,-0.2342364057076745,"conditional complete-window sum on stated capital, not live equity or intraday drawdown",0.2838955026455027,255885.7876984127,mean across entered windows; not equal-risk sizing or margin availability,252,252,0.0,0.0
NQ,revert-6-0.5,cost_stress,2354060058c8498ad69c397726d3d77068989c4f3a2a03df8d7cb42b93007edb,1a48a9ea02e23142,5.0,2,0.0,0.0,1,7453d8f230dd1ef7fc361e23f107762c1d6acd102f692da6cec81296535d87ef,2023,ok,251,-1725.0,-26895.0,8390.0,16780.0,839,1678,-0.26895,-107.15139442231076,-0.2700215139442231,0.07877175747245206,-3.4278975435917456,-0.27125,"conditional complete-window sum on stated capital, not live equity or intraday drawdown",0.29249667994687917,284463.40371845954,mean across entered windows; not equal-risk sizing or margin availability,251,252,0.0,0.0
NQ,revert-6-0.5,cost_stress,2354060058c8498ad69c397726d3d77068989c4f3a2a03df8d7cb42b93007edb,1a48a9ea02e23142,5.0,2,0.0,0.0,1,7453d8f230dd1ef7fc361e23f107762c1d6acd102f692da6cec81296535d87ef,2024,ok,251,8410.0,-16640.0,8350.0,16700.0,835,1670,-0.1664,-66.29482071713147,-0.16706294820717132,0.08687067043411895,-1.923122584093197,-0.17105,"conditional complete-window sum on stated capital, not live equity or intraday drawdown",0.2714973439575033,383893.3231360274,mean across entered windows; not equal-risk sizing or margin availability,251,252,0.0,0.0
NQ,revert-6-0.5,cost_stress,2354060058c8498ad69c397726d3d77068989c4f3a2a03df8d7cb42b93007edb,1a48a9ea02e23142,5.0,2,0.0,0.0,1,7453d8f230dd1ef7fc361e23f107762c1d6acd102f692da6cec81296535d87ef,2025,ok,244,-18335.0,-42395.0,8020.0,16040.0,802,1604,-0.42395,-173.75,-0.43784999999999996,0.158368721483898,-2.7647504879586853,-0.43260125923355314,"conditional complete-window sum on stated capital, not live equity or intraday drawdown",0.28270150273224043,451873.9658044288,mean across entered windows; not equal-risk sizing or margin availability,244,252,0.0,0.0
NQ,revert-6-0.5,cost_stress,2354060058c8498ad69c397726d3d77068989c4f3a2a03df8d7cb42b93007edb,1a48a9ea02e23142,5.0,2,0.0,0.0,1,7453d8f230dd1ef7fc361e23f107762c1d6acd102f692da6cec81296535d87ef,2026,ok,147,9710.0,-4360.0,4690.0,9380.0,469,938,-0.0436,-29.65986394557823,-0.07474285714285714,0.16145678185522283,-0.46292795065046294,-0.19409470201945392,"conditional complete-window sum on stated capital, not live equity or intraday drawdown",0.2790532879818594,543603.4275114156,mean across entered windows; not equal-risk sizing or margin availability,147,252,0.0,0.0
NQ,revert-6-0.5,delay_stress,2354060058c8498ad69c397726d3d77068989c4f3a2a03df8d7cb42b93007edb,355c88c73a55ce47,2.5,1,0.0,0.0,5,7453d8f230dd1ef7fc361e23f107762c1d6acd102f692da6cec81296535d87ef,whole,ok,2267,12705.0,-96045.0,36250.0,72500.0,7250,14500,-0.96045,-42.366563740626376,-0.10676374062637847,0.09654508080745493,-1.1058434022060966,-1.11215,"conditional complete-window sum on stated capital, not live equity or intraday drawdown",0.2758509777973827,278397.9687342251,mean across entered windows; not equal-risk sizing or margin availability,2267,252,0.0,0.0
NQ,revert-6-0.5,delay_stress,2354060058c8498ad69c397726d3d77068989c4f3a2a03df8d7cb42b93007edb,355c88c73a55ce47,2.5,1,0.0,0.0,5,7453d8f230dd1ef7fc361e23f107762c1d6acd102f692da6cec81296535d87ef,development,ok,1122,-3160.0,-57100.0,17980.0,35960.0,3596,7192,-0.571,-50.89126559714795,-0.12824598930481285,0.06662255111948959,-1.9249636519442153,-0.57995,"conditional complete-window sum on stated capital, not live equity or intraday drawdown",0.2756981580510992,186347.27613525337,mean across entered windows; not equal-risk sizing or margin availability,1122,252,0.0,0.0
NQ,revert-6-0.5,delay_stress,2354060058c8498ad69c397726d3d77068989c4f3a2a03df8d7cb42b93007edb,355c88c73a55ce47,2.5,1,0.0,0.0,5,7453d8f230dd1ef7fc361e23f107762c1d6acd102f692da6cec81296535d87ef,validation,ok,503,6245.0,-17905.0,8050.0,16100.0,1610,3220,-0.17905,-35.59642147117296,-0.08970298210735586,0.09243584176463376,-0.9704350649584986,-0.24233597555152325,"conditional complete-window sum on stated capital, not live equity or intraday drawdown",0.2824718356527502,270132.65805168985,mean across entered windows; not equal-risk sizing or margin availability,503,252,0.0,0.0
NQ,revert-6-0.5,delay_stress,2354060058c8498ad69c397726d3d77068989c4f3a2a03df8d7cb42b93007edb,355c88c73a55ce47,2.5,1,0.0,0.0,5,7453d8f230dd1ef7fc361e23f107762c1d6acd102f692da6cec81296535d87ef,historical_final,ok,642,9620.0,-21040.0,10220.0,20440.0,2044,4088,-0.2104,-32.77258566978193,-0.08258691588785047,0.13597881151417252,-0.6073513584080912,-0.4126151012891344,"conditional complete-window sum on stated capital, not live equity or intraday drawdown",0.27093068535825543,446126.5276041666,mean across entered windows; not equal-risk sizing or margin availability,642,252,0.0,0.0
NQ,revert-6-0.5,delay_stress,2354060058c8498ad69c397726d3d77068989c4f3a2a03df8d7cb42b93007edb,355c88c73a55ce47,2.5,1,0.0,0.0,5,7453d8f230dd1ef7fc361e23f107762c1d6acd102f692da6cec81296535d87ef,2016,ok,39,-1325.0,-3080.0,585.0,1170.0,117,234,-0.0308,-78.97435897435898,-0.19901538461538462,0.017524678954823555,-11.356292753118137,-0.0308,"conditional complete-window sum on stated capital, not live equity or intraday drawdown",0.3076923076923077,95965.47435897436,mean across entered windows; not equal-risk sizing or margin availability,39,252,0.0,0.0
NQ,revert-6-0.5,delay_stress,2354060058c8498ad69c397726d3d77068989c4f3a2a03df8d7cb42b93007edb,355c88c73a55ce47,2.5,1,0.0,0.0,5,7453d8f230dd1ef7fc361e23f107762c1d6acd102f692da6cec81296535d87ef,2017,ok,117,-410.0,-6110.0,1900.0,3800.0,380,760,-0.0611,-52.22222222222222,-0.1316,0.015861654042549196,-8.29673876677555,-0.06165,"conditional complete-window sum on stated capital, not live equity or intraday drawdown",0.2695868945868946,116817.01872201872,mean across entered windows; not equal-risk sizing or margin availability,117,252,0.0,0.0
NQ,revert-6-0.5,delay_stress,2354060058c8498ad69c397726d3d77068989c4f3a2a03df8d7cb42b93007edb,355c88c73a55ce47,2.5,1,0.0,0.0,5,7453d8f230dd1ef7fc361e23f107762c1d6acd102f692da6cec81296535d87ef,2018,ok,228,-815.0,-11510.0,3565.0,7130.0,713,1426,-0.1151,-50.48245614035088,-0.1272157894736842,0.0415887534903272,-3.0588988319467747,-0.13033921167008042,"conditional complete-window sum on stated capital, not live equity or intraday drawdown",0.28015350877192985,139866.80738304096,mean across entered windows; not equal-risk sizing or margin availability,228,252,0.0,0.0
NQ,revert-6-0.5,delay_stress,2354060058c8498ad69c397726d3d77068989c4f3a2a03df8d7cb42b93007edb,355c88c73a55ce47,2.5,1,0.0,0.0,5,7453d8f230dd1ef7fc361e23f107762c1d6acd102f692da6cec81296535d87ef,2019,ok,244,6990.0,-4800.0,3930.0,7860.0,786,1572,-0.048,-19.672131147540984,-0.04957377049180328,0.03740440980012178,-1.325345614506712,-0.06783456925297367,"conditional complete-window sum on stated capital, not live equity or intraday drawdown",0.2771516393442623,152417.03005464483,mean across entered windows; not equal-risk sizing or margin availability,244,252,0.0,0.0
NQ,revert-6-0.5,delay_stress,2354060058c8498ad69c397726d3d77068989c4f3a2a03df8d7cb42b93007edb,355c88c73a55ce47,2.5,1,0.0,0.0,5,7453d8f230dd1ef7fc361e23f107762c1d6acd102f692da6cec81296535d87ef,2020,ok,245,-1255.0,-13165.0,3970.0,7940.0,794,1588,-0.13165,-53.734693877551024,-0.13541142857142857,0.10251089417172982,-1.3209467117180995,-0.132,"conditional complete-window sum on stated capital, not live equity or intraday drawdown",0.2755952380952381,206582.81030126335,mean across entered windows; not equal-risk sizing or margin availability,245,252,0.0,0.0
NQ,revert-6-0.5,delay_stress,2354060058c8498ad69c397726d3d77068989c4f3a2a03df8d7cb42b93007edb,355c88c73a55ce47,2.5,1,0.0,0.0,5,7453d8f230dd1ef7fc361e23f107762c1d6acd102f692da6cec81296535d87ef,2021,ok,249,-6345.0,-18435.0,4030.0,8060.0,806,1612,-0.18435,-74.03614457831326,-0.1865710843373494,0.08101962851088602,-2.3027886916598392,-0.21343603744149767,"conditional complete-window sum on stated capital, not live equity or intraday drawdown",0.26815595716198126,289487.4028897849,mean across entered windows; not equal-risk sizing or margin availability,249,252,0.0,0.0
NQ,revert-6-0.5,delay_stress,2354060058c8498ad69c397726d3d77068989c4f3a2a03df8d7cb42b93007edb,355c88c73a55ce47,2.5,1,0.0,0.0,5,7453d8f230dd1ef7fc361e23f107762c1d6acd102f692da6cec81296535d87ef,2022,ok,252,6620.0,-5290.0,3970.0,7940.0,794,1588,-0.0529,-20.99206349206349,-0.052899999999999996,0.10562598357589151,-0.5008237387156895,-0.12357940979849107,"conditional complete-window sum on stated capital, not live equity or intraday drawdown",0.27835648148148145,255867.4275793651,mean across entered windows; not equal-risk sizing or margin availability,252,252,0.0,0.0
NQ,revert-6-0.5,delay_stress,2354060058c8498ad69c397726d3d77068989c4f3a2a03df8d7cb42b93007edb,355c88c73a55ce47,2.5,1,0.0,0.0,5,7453d8f230dd1ef7fc361e23f107762c1d6acd102f692da6cec81296535d87ef,2023,ok,251,-375.0,-12615.0,4080.0,8160.0,816,1632,-0.12615,-50.2589641434263,-0.12665258964143428,0.07710247533812992,-1.6426527045468287,-0.16969191522762953,"conditional complete-window sum on stated capital, not live equity or intraday drawdown",0.28660358565737054,284454.72211155377,mean across entered windows; not equal-risk sizing or margin availability,251,252,0.0,0.0
NQ,revert-6-0.5,delay_stress,2354060058c8498ad69c397726d3d77068989c4f3a2a03df8d7cb42b93007edb,355c88c73a55ce47,2.5,1,0.0,0.0,5,7453d8f230dd1ef7fc361e23f107762c1d6acd102f692da6cec81296535d87ef,2024,ok,251,17910.0,5790.0,4040.0,8080.0,808,1616,0.0579,23.067729083665338,0.05813067729083665,0.08338248290342189,0.6971569479187464,-0.05795,"conditional complete-window sum on stated capital, not live equity or intraday drawdown",0.26435922974767595,383883.06938911026,mean across entered windows; not equal-risk sizing or margin availability,251,252,0.0,0.0
NQ,revert-6-0.5,delay_stress,2354060058c8498ad69c397726d3d77068989c4f3a2a03df8d7cb42b93007edb,355c88c73a55ce47,2.5,1,0.0,0.0,5,7453d8f230dd1ef7fc361e23f107762c1d6acd102f692da6cec81296535d87ef,2025,ok,244,-10030.0,-21745.0,3905.0,7810.0,781,1562,-0.21745,-89.1188524590164,-0.22457950819672132,0.15989908154707855,-1.4045078059475853,-0.22978975421972164,"conditional complete-window sum on stated capital, not live equity or intraday drawdown",0.2766393442622951,451864.5919067216,mean across entered windows; not equal-risk sizing or margin availability,244,252,0.0,0.0
NQ,revert-6-0.5,delay_stress,2354060058c8498ad69c397726d3d77068989c4f3a2a03df8d7cb42b93007edb,355c88c73a55ce47,2.5,1,0.0,0.0,5,7453d8f230dd1ef7fc361e23f107762c1d6acd102f692da6cec81296535d87ef,2026,ok,147,1740.0,-5085.0,2275.0,4550.0,455,910,-0.05085,-34.59183673469388,-0.08717142857142858,0.16263814787083977,-0.5359838986893554,-0.21359893496375917,"conditional complete-window sum on stated capital, not live equity or intraday drawdown",0.27267573696145125,543583.7768264839,mean across entered windows; not equal-risk sizing or margin availability,147,252,0.0,0.0
NQ,revert-6-0.5,combined_stress,2354060058c8498ad69c397726d3d77068989c4f3a2a03df8d7cb42b93007edb,0478abb8ebd0b02e,5.0,2,0.0,0.0,5,7453d8f230dd1ef7fc361e23f107762c1d6acd102f692da6cec81296535d87ef,whole,ok,2267,12705.0,-204795.0,72500.0,145000.0,7250,14500,-2.04795,-90.33745037494486,-0.22765037494486104,0.09630531052455112,-2.3638403085448356,-2.1611,"conditional complete-window sum on stated capital, not live equity or intraday drawdown",0.2758509777973827,278397.9687342251,mean across entered windows; not equal-risk sizing or margin availability,2267,252,0.0,0.0
NQ,revert-6-0.5,combined_stress,2354060058c8498ad69c397726d3d77068989c4f3a2a03df8d7cb42b93007edb,0478abb8ebd0b02e,5.0,2,0.0,0.0,5,7453d8f230dd1ef7fc361e23f107762c1d6acd102f692da6cec81296535d87ef,development,ok,1122,-3160.0,-111040.0,35960.0,71920.0,3596,7192,-1.1104,-98.96613190730838,-0.24939465240641714,0.06637919505462411,-3.757120769560218,-1.1141,"conditional complete-window sum on stated capital, not live equity or intraday drawdown",0.2756981580510992,186347.27613525337,mean across entered windows; not equal-risk sizing or margin availability,1122,252,0.0,0.0
NQ,revert-6-0.5,combined_stress,2354060058c8498ad69c397726d3d77068989c4f3a2a03df8d7cb42b93007edb,0478abb8ebd0b02e,5.0,2,0.0,0.0,5,7453d8f230dd1ef7fc361e23f107762c1d6acd102f692da6cec81296535d87ef,validation,ok,503,6245.0,-42055.0,16100.0,32200.0,1610,3220,-0.42055,-83.60834990059642,-0.21069304174950299,0.09220636878657175,-2.2850161493420265,-0.44347016753208585,"conditional complete-window sum on stated capital, not live equity or intraday drawdown",0.2824718356527502,270132.65805168985,mean across entered windows; not equal-risk sizing or margin availability,503,252,0.0,0.0
NQ,revert-6-0.5,combined_stress,2354060058c8498ad69c397726d3d77068989c4f3a2a03df8d7cb42b93007edb,0478abb8ebd0b02e,5.0,2,0.0,0.0,5,7453d8f230dd1ef7fc361e23f107762c1d6acd102f692da6cec81296535d87ef,historical_final,ok,642,9620.0,-51700.0,20440.0,40880.0,2044,4088,-0.517,-80.52959501557632,-0.20293457943925233,0.13570699614442416,-1.4953877486410663,-0.63015,"conditional complete-window sum on stated capital, not live equity or intraday drawdown",0.27093068535825543,446126.5276041666,mean across entered windows; not equal-risk sizing or margin availability,642,252,0.0,0.0
NQ,revert-6-0.5,combined_stress,2354060058c8498ad69c397726d3d77068989c4f3a2a03df8d7cb42b93007edb,0478abb8ebd0b02e,5.0,2,0.0,0.0,5,7453d8f230dd1ef7fc361e23f107762c1d6acd102f692da6cec81296535d87ef,2016,ok,39,-1325.0,-4835.0,1170.0,2340.0,117,234,-0.04835,-123.97435897435898,-0.31241538461538465,0.017753076941496318,-17.597816178284003,-0.04835,"conditional complete-window sum on stated capital, not live equity or intraday drawdown",0.3076923076923077,95965.47435897436,mean across entered windows; not equal-risk sizing or margin availability,39,252,0.0,0.0
NQ,revert-6-0.5,combined_stress,2354060058c8498ad69c397726d3d77068989c4f3a2a03df8d7cb42b93007edb,0478abb8ebd0b02e,5.0,2,0.0,0.0,5,7453d8f230dd1ef7fc361e23f107762c1d6acd102f692da6cec81296535d87ef,2017,ok,117,-410.0,-11810.0,3800.0,7600.0,380,760,-0.1181,-100.94017094017094,-0.2543692307692308,0.01625715594325758,-15.646600897294512,-0.1181,"conditional complete-window sum on stated capital, not live equity or intraday drawdown",0.2695868945868946,116817.01872201872,mean across entered windows; not equal-risk sizing or margin availability,117,252,0.0,0.0
NQ,revert-6-0.5,combined_stress,2354060058c8498ad69c397726d3d77068989c4f3a2a03df8d7cb42b93007edb,0478abb8ebd0b02e,5.0,2,0.0,0.0,5,7453d8f230dd1ef7fc361e23f107762c1d6acd102f692da6cec81296535d87ef,2018,ok,228,-815.0,-22205.0,7130.0,14260.0,713,1426,-0.22205,-97.39035087719299,-0.24542368421052632,0.04154451998304202,-5.907486337805935,-0.2331,"conditional complete-window sum on stated capital, not live equity or intraday drawdown",0.28015350877192985,139866.80738304096,mean across entered windows; not equal-risk sizing or margin availability,228,252,0.0,0.0
NQ,revert-6-0.5,combined_stress,2354060058c8498ad69c397726d3d77068989c4f3a2a03df8d7cb42b93007edb,0478abb8ebd0b02e,5.0,2,0.0,0.0,5,7453d8f230dd1ef7fc361e23f107762c1d6acd102f692da6cec81296535d87ef,2019,ok,244,6990.0,-16590.0,7860.0,15720.0,786,1572,-0.1659,-67.99180327868852,-0.17133934426229508,0.037115218379217114,-4.616417516708929,-0.16627517617072318,"conditional complete-window sum on stated capital, not live equity or intraday drawdown",0.2771516393442623,152417.03005464483,mean across entered windows; not equal-risk sizing or margin availability,244,252,0.0,0.0
NQ,revert-6-0.5,combined_stress,2354060058c8498ad69c397726d3d77068989c4f3a2a03df8d7cb42b93007edb,0478abb8ebd0b02e,5.0,2,0.0,0.0,5,7453d8f230dd1ef7fc361e23f107762c1d6acd102f692da6cec81296535d87ef,2020,ok,245,-1255.0,-25075.0,7940.0,15880.0,794,1588,-0.25075,-102.34693877551021,-0.2579142857142857,0.10211085431572224,-2.525826342778665,-0.2508,"conditional complete-window sum on stated capital, not live equity or intraday drawdown",0.2755952380952381,206582.81030126335,mean across entered windows; not equal-risk sizing or margin availability,245,252,0.0,0.0
NQ,revert-6-0.5,combined_stress,2354060058c8498ad69c397726d3d77068989c4f3a2a03df8d7cb42b93007edb,0478abb8ebd0b02e,5.0,2,0.0,0.0,5,7453d8f230dd1ef7fc361e23f107762c1d6acd102f692da6cec81296535d87ef,2021,ok,249,-6345.0,-30525.0,8060.0,16120.0,806,1612,-0.30525,-122.59036144578313,-0.3089277108433735,0.08072183235538406,-3.8270651424672275,-0.31943076620051214,"conditional complete-window sum on stated capital, not live equity or intraday drawdown",0.26815595716198126,289487.4028897849,mean across entered windows; not equal-risk sizing or margin availability,249,252,0.0,0.0
NQ,revert-6-0.5,combined_stress,2354060058c8498ad69c397726d3d77068989c4f3a2a03df8d7cb42b93007edb,0478abb8ebd0b02e,5.0,2,0.0,0.0,5,7453d8f230dd1ef7fc361e23f107762c1d6acd102f692da6cec81296535d87ef,2022,ok,252,6620.0,-17200.0,7940.0,15880.0,794,1588,-0.172,-68.25396825396825,-0.17200000000000001,0.10543753385686112,-1.6312976385952096,-0.2045165082786323,"conditional complete-window sum on stated capital, not live equity or intraday drawdown",0.27835648148148145,255867.4275793651,mean across entered windows; not equal-risk sizing or margin availability,252,252,0.0,0.0
NQ,revert-6-0.5,combined_stress,2354060058c8498ad69c397726d3d77068989c4f3a2a03df8d7cb42b93007edb,0478abb8ebd0b02e,5.0,2,0.0,0.0,5,7453d8f230dd1ef7fc361e23f107762c1d6acd102f692da6cec81296535d87ef,2023,ok,251,-375.0,-24855.0,8160.0,16320.0,816,1632,-0.24855,-99.02390438247012,-0.24954023904382472,0.07680170632442114,-3.249149673702976,-0.26818294190358466,"conditional complete-window sum on stated capital, not live equity or intraday drawdown",0.28660358565737054,284454.72211155377,mean across entered windows; not equal-risk sizing or margin availability,251,252,0.0,0.0
NQ,revert-6-0.5,combined_stress,2354060058c8498ad69c397726d3d77068989c4f3a2a03df8d7cb42b93007edb,0478abb8ebd0b02e,5.0,2,0.0,0.0,5,7453d8f230dd1ef7fc361e23f107762c1d6acd102f692da6cec81296535d87ef,2024,ok,251,17910.0,-6330.0,8080.0,16160.0,808,1616,-0.0633,-25.219123505976096,-0.06355219123505976,0.08312751665471117,-0.7645144928247777,-0.09335,"conditional complete-window sum on stated capital, not live equity or intraday drawdown",0.26435922974767595,383883.06938911026,mean across entered windows; not equal-risk sizing or margin availability,251,252,0.0,0.0
NQ,revert-6-0.5,combined_stress,2354060058c8498ad69c397726d3d77068989c4f3a2a03df8d7cb42b93007edb,0478abb8ebd0b02e,5.0,2,0.0,0.0,5,7453d8f230dd1ef7fc361e23f107762c1d6acd102f692da6cec81296535d87ef,2025,ok,244,-10030.0,-33460.0,7810.0,15620.0,781,1562,-0.3346,-137.13114754098362,-0.3455704918032787,0.15947208707914076,-2.166965380165768,-0.34238243584037975,"conditional complete-window sum on stated capital, not live equity or intraday drawdown",0.2766393442622951,451864.5919067216,mean across entered windows; not equal-risk sizing or margin availability,244,252,0.0,0.0
NQ,revert-6-0.5,combined_stress,2354060058c8498ad69c397726d3d77068989c4f3a2a03df8d7cb42b93007edb,0478abb8ebd0b02e,5.0,2,0.0,0.0,5,7453d8f230dd1ef7fc361e23f107762c1d6acd102f692da6cec81296535d87ef,2026,ok,147,1740.0,-11910.0,4550.0,9100.0,455,910,-0.1191,-81.0204081632653,-0.20417142857142856,0.16256698562158933,-1.255921845328933,-0.24064091785767272,"conditional complete-window sum on stated capital, not live equity or intraday drawdown",0.27267573696145125,543583.7768264839,mean across entered windows; not equal-risk sizing or margin availability,147,252,0.0,0.0
NQ,revert-6-1,base,2354060058c8498ad69c397726d3d77068989c4f3a2a03df8d7cb42b93007edb,45d9ce6f1f2c8239,2.5,1,0.0,0.0,1,7453d8f230dd1ef7fc361e23f107762c1d6acd102f692da6cec81296535d87ef,whole,ok,2267,11030.0,-77665.0,29565.0,59130.0,5913,11826,-0.77665,-34.25893250992501,-0.08633250992501103,0.09185905534359295,-0.939836683515738,-0.9340598910163476,"conditional complete-window sum on stated capital, not live equity or intraday drawdown",0.23715262461402734,278626.1477728285,mean across entered windows; not equal-risk sizing or margin availability,2267,252,0.0,0.0
NQ,revert-6-1,base,2354060058c8498ad69c397726d3d77068989c4f3a2a03df8d7cb42b93007edb,45d9ce6f1f2c8239,2.5,1,0.0,0.0,1,7453d8f230dd1ef7fc361e23f107762c1d6acd102f692da6cec81296535d87ef,development,ok,1122,-4670.0,-48905.0,14745.0,29490.0,2949,5898,-0.48905,-43.5873440285205,-0.10984010695187166,0.06625785857617252,-1.6577672341401641,-0.5065740138979153,"conditional complete-window sum on stated capital, not live equity or intraday drawdown",0.23794934640522875,186521.91434143414,mean across entered windows; not equal-risk sizing or margin availability,1122,252,0.0,0.0
NQ,revert-6-1,base,2354060058c8498ad69c397726d3d77068989c4f3a2a03df8d7cb42b93007edb,45d9ce6f1f2c8239,2.5,1,0.0,0.0,1,7453d8f230dd1ef7fc361e23f107762c1d6acd102f692da6cec81296535d87ef,validation,ok,503,6830.0,-12670.0,6500.0,13000.0,1300,2600,-0.1267,-25.18886679920477,-0.06347594433399602,0.08855709075176364,-0.7167799189782201,-0.20674095220554378,"conditional complete-window sum on stated capital, not live equity or intraday drawdown",0.24403578528827038,270023.3866532529,mean across entered windows; not equal-risk sizing or margin availability,503,252,0.0,0.0
NQ,revert-6-1,base,2354060058c8498ad69c397726d3d77068989c4f3a2a03df8d7cb42b93007edb,45d9ce6f1f2c8239,2.5,1,0.0,0.0,1,7453d8f230dd1ef7fc361e23f107762c1d6acd102f692da6cec81296535d87ef,historical_final,ok,642,8870.0,-16090.0,8320.0,16640.0,1664,3328,-0.1609,-25.062305295950157,-0.0631570093457944,0.12650135007694197,-0.4992595676439848,-0.3408112942996664,"conditional complete-window sum on stated capital, not live equity or intraday drawdown",0.23036734164070613,445978.38579277863,mean across entered windows; not equal-risk sizing or margin availability,642,252,0.0,0.0
NQ,revert-6-1,base,2354060058c8498ad69c397726d3d77068989c4f3a2a03df8d7cb42b93007edb,45d9ce6f1f2c8239,2.5,1,0.0,0.0,1,7453d8f230dd1ef7fc361e23f107762c1d6acd102f692da6cec81296535d87ef,2016,ok,39,-1225.0,-2650.0,475.0,950.0,95,190,-0.0265,-67.94871794871794,-0.17123076923076921,0.015967932186090817,-10.723415357432641,-0.02664600309953507,"conditional complete-window sum on stated capital, not live equity or intraday drawdown",0.26282051282051283,95957.46710526316,mean across entered windows; not equal-risk sizing or margin availability,39,252,0.0,0.0
NQ,revert-6-1,base,2354060058c8498ad69c397726d3d77068989c4f3a2a03df8d7cb42b93007edb,45d9ce6f1f2c8239,2.5,1,0.0,0.0,1,7453d8f230dd1ef7fc361e23f107762c1d6acd102f692da6cec81296535d87ef,2017,ok,117,-275.0,-4955.0,1560.0,3120.0,312,624,-0.04955,-42.35042735042735,-0.10672307692307693,0.013880053145848002,-7.688953046624426,-0.04955,"conditional complete-window sum on stated capital, not live equity or intraday drawdown",0.23201566951566951,116813.72863247863,mean across entered windows; not equal-risk sizing or margin availability,117,252,0.0,0.0
NQ,revert-6-1,base,2354060058c8498ad69c397726d3d77068989c4f3a2a03df8d7cb42b93007edb,45d9ce6f1f2c8239,2.5,1,0.0,0.0,1,7453d8f230dd1ef7fc361e23f107762c1d6acd102f692da6cec81296535d87ef,2018,ok,228,1450.0,-7520.0,2990.0,5980.0,598,1196,-0.0752,-32.98245614035088,-0.0831157894736842,0.039663006245824264,-2.0955494134394983,-0.09788042391521695,"conditional complete-window sum on stated capital, not live equity or intraday drawdown",0.24515716374269006,139896.43879056047,mean across entered windows; not equal-risk sizing or margin availability,228,252,0.0,0.0
NQ,revert-6-1,base,2354060058c8498ad69c397726d3d77068989c4f3a2a03df8d7cb42b93007edb,45d9ce6f1f2c8239,2.5,1,0.0,0.0,1,7453d8f230dd1ef7fc361e23f107762c1d6acd102f692da6cec81296535d87ef,2019,ok,244,875.0,-8530.0,3135.0,6270.0,627,1254,-0.0853,-34.959016393442624,-0.08809672131147542,0.03976843101816604,-2.2152425694449263,-0.08794495961711038,"conditional complete-window sum on stated capital, not live equity or intraday drawdown",0.23582650273224043,152592.58055555553,mean across entered windows; not equal-risk sizing or margin availability,244,252,0.0,0.0
NQ,revert-6-1,base,2354060058c8498ad69c397726d3d77068989c4f3a2a03df8d7cb42b93007edb,45d9ce6f1f2c8239,2.5,1,0.0,0.0,1,7453d8f230dd1ef7fc361e23f107762c1d6acd102f692da6cec81296535d87ef,2020,ok,245,-2565.0,-12435.0,3290.0,6580.0,658,1316,-0.12435,-50.755102040816325,-0.12790285714285715,0.09878293619059718,-1.2947869548651036,-0.12997360689208703,"conditional complete-window sum on stated capital, not live equity or intraday drawdown",0.2385204081632653,206447.6292866941,mean across entered windows; not equal-risk sizing or margin availability,245,252,0.0,0.0
NQ,revert-6-1,base,2354060058c8498ad69c397726d3d77068989c4f3a2a03df8d7cb42b93007edb,45d9ce6f1f2c8239,2.5,1,0.0,0.0,1,7453d8f230dd1ef7fc361e23f107762c1d6acd102f692da6cec81296535d87ef,2021,ok,249,-2930.0,-12815.0,3295.0,6590.0,659,1318,-0.12815,-51.46586345381526,-0.12969397590361445,0.08434961916916801,-1.5375763065806585,-0.17707681194317362,"conditional complete-window sum on stated capital, not live equity or intraday drawdown",0.23176037483266398,289500.68184885284,mean across entered windows; not equal-risk sizing or margin availability,249,252,0.0,0.0
NQ,revert-6-1,base,2354060058c8498ad69c397726d3d77068989c4f3a2a03df8d7cb42b93007edb,45d9ce6f1f2c8239,2.5,1,0.0,0.0,1,7453d8f230dd1ef7fc361e23f107762c1d6acd102f692da6cec81296535d87ef,2022,ok,252,13090.0,3280.0,3270.0,6540.0,654,1308,0.0328,13.015873015873016,0.032799999999999996,0.10005795491928407,0.3278100179686812,-0.08297264941523161,"conditional complete-window sum on stated capital, not live equity or intraday drawdown",0.24189814814814814,255938.20816733068,mean across entered windows; not equal-risk sizing or margin availability,252,252,0.0,0.0
NQ,revert-6-1,base,2354060058c8498ad69c397726d3d77068989c4f3a2a03df8d7cb42b93007edb,45d9ce6f1f2c8239,2.5,1,0.0,0.0,1,7453d8f230dd1ef7fc361e23f107762c1d6acd102f692da6cec81296535d87ef,2023,ok,251,-6260.0,-15950.0,3230.0,6460.0,646,1292,-0.1595,-63.54581673306773,-0.16013545816733069,0.07497676051743796,-2.135801241107058,-0.1714,"conditional complete-window sum on stated capital, not live equity or intraday drawdown",0.24618193891102258,284394.84925474256,mean across entered windows; not equal-risk sizing or margin availability,251,252,0.0,0.0
NQ,revert-6-1,base,2354060058c8498ad69c397726d3d77068989c4f3a2a03df8d7cb42b93007edb,45d9ce6f1f2c8239,2.5,1,0.0,0.0,1,7453d8f230dd1ef7fc361e23f107762c1d6acd102f692da6cec81296535d87ef,2024,ok,251,9935.0,-25.0,3320.0,6640.0,664,1328,-0.00025,-0.099601593625498,-0.000250996015936255,0.08160267415351034,-0.003075830768291774,-0.07845,"conditional complete-window sum on stated capital, not live equity or intraday drawdown",0.22758964143426294,383867.38612217794,mean across entered windows; not equal-risk sizing or margin availability,251,252,0.0,0.0
NQ,revert-6-1,base,2354060058c8498ad69c397726d3d77068989c4f3a2a03df8d7cb42b93007edb,45d9ce6f1f2c8239,2.5,1,0.0,0.0,1,7453d8f230dd1ef7fc361e23f107762c1d6acd102f692da6cec81296535d87ef,2025,ok,244,-13405.0,-22870.0,3155.0,6310.0,631,1262,-0.2287,-93.72950819672131,-0.2361983606557377,0.14280947904179694,-1.6539403563443298,-0.24520601829088406,"conditional complete-window sum on stated capital, not live equity or intraday drawdown",0.2309596994535519,451978.65013774106,mean across entered windows; not equal-risk sizing or margin availability,244,252,0.0,0.0
NQ,revert-6-1,base,2354060058c8498ad69c397726d3d77068989c4f3a2a03df8d7cb42b93007edb,45d9ce6f1f2c8239,2.5,1,0.0,0.0,1,7453d8f230dd1ef7fc361e23f107762c1d6acd102f692da6cec81296535d87ef,2026,ok,147,12340.0,6805.0,1845.0,3690.0,369,738,0.06805,46.29251700680272,0.11665714285714285,0.1567049822058664,0.7444379956208929,-0.10659275973707447,"conditional complete-window sum on stated capital, not live equity or intraday drawdown",0.23412698412698413,544157.53125,mean across entered windows; not equal-risk sizing or margin availability,147,252,0.0,0.0
NQ,revert-6-1,gross_reference,2354060058c8498ad69c397726d3d77068989c4f3a2a03df8d7cb42b93007edb,9a91936c232eea7f,0.0,0,0.0,0.0,1,7453d8f230dd1ef7fc361e23f107762c1d6acd102f692da6cec81296535d87ef,whole,ok,2267,11030.0,11030.0,0.0,0.0,5913,11826,0.1103,4.865460961623291,0.012260961623290692,0.09228199260332791,0.1328640753997821,-0.2087644552647596,"conditional complete-window sum on stated capital, not live equity or intraday drawdown",0.23715262461402734,278626.1477728285,mean across entered windows; not equal-risk sizing or margin availability,2267,252,0.0,0.0
NQ,revert-6-1,gross_reference,2354060058c8498ad69c397726d3d77068989c4f3a2a03df8d7cb42b93007edb,9a91936c232eea7f,0.0,0,0.0,0.0,1,7453d8f230dd1ef7fc361e23f107762c1d6acd102f692da6cec81296535d87ef,development,ok,1122,-4670.0,-4670.0,0.0,0.0,2949,5898,-0.0467,-4.162210338680927,-0.010488770053475935,0.06665884006239772,-0.15735002354762928,-0.09844785068420289,"conditional complete-window sum on stated capital, not live equity or intraday drawdown",0.23794934640522875,186521.91434143414,mean across entered windows; not equal-risk sizing or margin availability,1122,252,0.0,0.0
NQ,revert-6-1,gross_reference,2354060058c8498ad69c397726d3d77068989c4f3a2a03df8d7cb42b93007edb,9a91936c232eea7f,0.0,0,0.0,0.0,1,7453d8f230dd1ef7fc361e23f107762c1d6acd102f692da6cec81296535d87ef,validation,ok,503,6830.0,6830.0,0.0,0.0,1300,2600,0.0683,13.578528827037774,0.03421789264413519,0.0891244266302797,0.3839339442382431,-0.08723096480077148,"conditional complete-window sum on stated capital, not live equity or intraday drawdown",0.24403578528827038,270023.3866532529,mean across entered windows; not equal-risk sizing or margin availability,503,252,0.0,0.0
NQ,revert-6-1,gross_reference,2354060058c8498ad69c397726d3d77068989c4f3a2a03df8d7cb42b93007edb,9a91936c232eea7f,0.0,0,0.0,0.0,1,7453d8f230dd1ef7fc361e23f107762c1d6acd102f692da6cec81296535d87ef,historical_final,ok,642,8870.0,8870.0,0.0,0.0,1664,3328,0.0887,13.81619937694704,0.03481682242990654,0.12691033863641227,0.2743418921105702,-0.21276030128489146,"conditional complete-window sum on stated capital, not live equity or intraday drawdown",0.23036734164070613,445978.38579277863,mean across entered windows; not equal-risk sizing or margin availability,642,252,0.0,0.0
NQ,revert-6-1,gross_reference,2354060058c8498ad69c397726d3d77068989c4f3a2a03df8d7cb42b93007edb,9a91936c232eea7f,0.0,0,0.0,0.0,1,7453d8f230dd1ef7fc361e23f107762c1d6acd102f692da6cec81296535d87ef,2016,ok,39,-1225.0,-1225.0,0.0,0.0,95,190,-0.01225,-31.41025641025641,-0.07915384615384616,0.016006540920096405,-4.945093793154744,-0.012942234659204478,"conditional complete-window sum on stated capital, not live equity or intraday drawdown",0.26282051282051283,95957.46710526316,mean across entered windows; not equal-risk sizing or margin availability,39,252,0.0,0.0
NQ,revert-6-1,gross_reference,2354060058c8498ad69c397726d3d77068989c4f3a2a03df8d7cb42b93007edb,9a91936c232eea7f,0.0,0,0.0,0.0,1,7453d8f230dd1ef7fc361e23f107762c1d6acd102f692da6cec81296535d87ef,2017,ok,117,-275.0,-275.0,0.0,0.0,312,624,-0.00275,-2.3504273504273505,-0.005923076923076923,0.014010519920224706,-0.42275925210503734,-0.01165,"conditional complete-window sum on stated capital, not live equity or intraday drawdown",0.23201566951566951,116813.72863247863,mean across entered windows; not equal-risk sizing or margin availability,117,252,0.0,0.0
NQ,revert-6-1,gross_reference,2354060058c8498ad69c397726d3d77068989c4f3a2a03df8d7cb42b93007edb,9a91936c232eea7f,0.0,0,0.0,0.0,1,7453d8f230dd1ef7fc361e23f107762c1d6acd102f692da6cec81296535d87ef,2018,ok,228,1450.0,1450.0,0.0,0.0,598,1196,0.0145,6.359649122807017,0.016026315789473684,0.03991057616673285,0.40155561078650365,-0.03152841021579885,"conditional complete-window sum on stated capital, not live equity or intraday drawdown",0.24515716374269006,139896.43879056047,mean across entered windows; not equal-risk sizing or margin availability,228,252,0.0,0.0
NQ,revert-6-1,gross_reference,2354060058c8498ad69c397726d3d77068989c4f3a2a03df8d7cb42b93007edb,9a91936c232eea7f,0.0,0,0.0,0.0,1,7453d8f230dd1ef7fc361e23f107762c1d6acd102f692da6cec81296535d87ef,2019,ok,244,875.0,875.0,0.0,0.0,627,1254,0.00875,3.5860655737704916,0.009036885245901639,0.040272094988844674,0.22439570745959073,-0.03690616411464468,"conditional complete-window sum on stated capital, not live equity or intraday drawdown",0.23582650273224043,152592.58055555553,mean across entered windows; not equal-risk sizing or margin availability,244,252,0.0,0.0
NQ,revert-6-1,gross_reference,2354060058c8498ad69c397726d3d77068989c4f3a2a03df8d7cb42b93007edb,9a91936c232eea7f,0.0,0,0.0,0.0,1,7453d8f230dd1ef7fc361e23f107762c1d6acd102f692da6cec81296535d87ef,2020,ok,245,-2565.0,-2565.0,0.0,0.0,658,1316,-0.02565,-10.46938775510204,-0.026382857142857145,0.0992266665331858,-0.2658847471615258,-0.07130847591731777,"conditional complete-window sum on stated capital, not live equity or intraday drawdown",0.2385204081632653,206447.6292866941,mean across entered windows; not equal-risk sizing or margin availability,245,252,0.0,0.0
NQ,revert-6-1,gross_reference,2354060058c8498ad69c397726d3d77068989c4f3a2a03df8d7cb42b93007edb,9a91936c232eea7f,0.0,0,0.0,0.0,1,7453d8f230dd1ef7fc361e23f107762c1d6acd102f692da6cec81296535d87ef,2021,ok,249,-2930.0,-2930.0,0.0,0.0,659,1318,-0.0293,-11.76706827309237,-0.029653012048192776,0.0849122076681355,-0.34921965713206266,-0.09681867896714061,"conditional complete-window sum on stated capital, not live equity or intraday drawdown",0.23176037483266398,289500.68184885284,mean across entered windows; not equal-risk sizing or margin availability,249,252,0.0,0.0
NQ,revert-6-1,gross_reference,2354060058c8498ad69c397726d3d77068989c4f3a2a03df8d7cb42b93007edb,9a91936c232eea7f,0.0,0,0.0,0.0,1,7453d8f230dd1ef7fc361e23f107762c1d6acd102f692da6cec81296535d87ef,2022,ok,252,13090.0,13090.0,0.0,0.0,654,1308,0.1309,51.94444444444444,0.1309,0.10064462488343968,1.3006159062304639,-0.06763961684438821,"conditional complete-window sum on stated capital, not live equity or intraday drawdown",0.24189814814814814,255938.20816733068,mean across entered windows; not equal-risk sizing or margin availability,252,252,0.0,0.0
NQ,revert-6-1,gross_reference,2354060058c8498ad69c397726d3d77068989c4f3a2a03df8d7cb42b93007edb,9a91936c232eea7f,0.0,0,0.0,0.0,1,7453d8f230dd1ef7fc361e23f107762c1d6acd102f692da6cec81296535d87ef,2023,ok,251,-6260.0,-6260.0,0.0,0.0,646,1292,-0.0626,-24.9402390438247,-0.06284940239043825,0.07553201883732112,-0.8320895344503056,-0.09853924238672938,"conditional complete-window sum on stated capital, not live equity or intraday drawdown",0.24618193891102258,284394.84925474256,mean across entered windows; not equal-risk sizing or margin availability,251,252,0.0,0.0
NQ,revert-6-1,gross_reference,2354060058c8498ad69c397726d3d77068989c4f3a2a03df8d7cb42b93007edb,9a91936c232eea7f,0.0,0,0.0,0.0,1,7453d8f230dd1ef7fc361e23f107762c1d6acd102f692da6cec81296535d87ef,2024,ok,251,9935.0,9935.0,0.0,0.0,664,1328,0.09935,39.581673306772906,0.09974581673306773,0.08194726702233748,1.217195159246478,-0.05265,"conditional complete-window sum on stated capital, not live equity or intraday drawdown",0.22758964143426294,383867.38612217794,mean across entered windows; not equal-risk sizing or margin availability,251,252,0.0,0.0
NQ,revert-6-1,gross_reference,2354060058c8498ad69c397726d3d77068989c4f3a2a03df8d7cb42b93007edb,9a91936c232eea7f,0.0,0,0.0,0.0,1,7453d8f230dd1ef7fc361e23f107762c1d6acd102f692da6cec81296535d87ef,2025,ok,244,-13405.0,-13405.0,0.0,0.0,631,1262,-0.13405,-54.93852459016394,-0.1384450819672131,0.14308487346845125,-0.9675731515934064,-0.16868289365009959,"conditional complete-window sum on stated capital, not live equity or intraday drawdown",0.2309596994535519,451978.65013774106,mean across entered windows; not equal-risk sizing or margin availability,244,252,0.0,0.0
NQ,revert-6-1,gross_reference,2354060058c8498ad69c397726d3d77068989c4f3a2a03df8d7cb42b93007edb,9a91936c232eea7f,0.0,0,0.0,0.0,1,7453d8f230dd1ef7fc361e23f107762c1d6acd102f692da6cec81296535d87ef,2026,ok,147,12340.0,12340.0,0.0,0.0,369,738,0.1234,83.94557823129252,0.21154285714285714,0.15743591110567867,1.3436760117636648,-0.09637315843571044,"conditional complete-window sum on stated capital, not live equity or intraday drawdown",0.23412698412698413,544157.53125,mean across entered windows; not equal-risk sizing or margin availability,147,252,0.0,0.0
NQ,revert-6-1,cost_stress,2354060058c8498ad69c397726d3d77068989c4f3a2a03df8d7cb42b93007edb,7c87d1717c6c8f6a,5.0,2,0.0,0.0,1,7453d8f230dd1ef7fc361e23f107762c1d6acd102f692da6cec81296535d87ef,whole,ok,2267,11030.0,-166360.0,59130.0,118260.0,5913,11826,-1.6636,-73.38332598147332,-0.18492598147331277,0.0914912890610929,-2.0212414031004555,-1.79025,"conditional complete-window sum on stated capital, not live equity or intraday drawdown",0.23715262461402734,278626.1477728285,mean across entered windows; not equal-risk sizing or margin availability,2267,252,0.0,0.0
NQ,revert-6-1,cost_stress,2354060058c8498ad69c397726d3d77068989c4f3a2a03df8d7cb42b93007edb,7c87d1717c6c8f6a,5.0,2,0.0,0.0,1,7453d8f230dd1ef7fc361e23f107762c1d6acd102f692da6cec81296535d87ef,development,ok,1122,-4670.0,-93140.0,29490.0,58980.0,2949,5898,-0.9314,-83.01247771836007,-0.20919144385026736,0.06593503350535464,-3.1726903397004986,-0.94525,"conditional complete-window sum on stated capital, not live equity or intraday drawdown",0.23794934640522875,186521.91434143414,mean across entered windows; not equal-risk sizing or margin availability,1122,252,0.0,0.0
NQ,revert-6-1,cost_stress,2354060058c8498ad69c397726d3d77068989c4f3a2a03df8d7cb42b93007edb,7c87d1717c6c8f6a,5.0,2,0.0,0.0,1,7453d8f230dd1ef7fc361e23f107762c1d6acd102f692da6cec81296535d87ef,validation,ok,503,6830.0,-32170.0,13000.0,26000.0,1300,2600,-0.3217,-63.95626242544731,-0.16116978131212725,0.0880469437600298,-1.8304983049882149,-0.36625861826368367,"conditional complete-window sum on stated capital, not live equity or intraday drawdown",0.24403578528827038,270023.3866532529,mean across entered windows; not equal-risk sizing or margin availability,503,252,0.0,0.0
NQ,revert-6-1,cost_stress,2354060058c8498ad69c397726d3d77068989c4f3a2a03df8d7cb42b93007edb,7c87d1717c6c8f6a,5.0,2,0.0,0.0,1,7453d8f230dd1ef7fc361e23f107762c1d6acd102f692da6cec81296535d87ef,historical_final,ok,642,8870.0,-41050.0,16640.0,33280.0,1664,3328,-0.4105,-63.940809968847354,-0.16113084112149534,0.1261305298537395,-1.2774927791736237,-0.53715,"conditional complete-window sum on stated capital, not live equity or intraday drawdown",0.23036734164070613,445978.38579277863,mean across entered windows; not equal-risk sizing or margin availability,642,252,0.0,0.0
NQ,revert-6-1,cost_stress,2354060058c8498ad69c397726d3d77068989c4f3a2a03df8d7cb42b93007edb,7c87d1717c6c8f6a,5.0,2,0.0,0.0,1,7453d8f230dd1ef7fc361e23f107762c1d6acd102f692da6cec81296535d87ef,2016,ok,39,-1225.0,-4075.0,950.0,1900.0,95,190,-0.04075,-104.48717948717949,-0.2633076923076923,0.01622243535684092,-16.231082850125627,-0.04075,"conditional complete-window sum on stated capital, not live equity or intraday drawdown",0.26282051282051283,95957.46710526316,mean across entered windows; not equal-risk sizing or margin availability,39,252,0.0,0.0
NQ,revert-6-1,cost_stress,2354060058c8498ad69c397726d3d77068989c4f3a2a03df8d7cb42b93007edb,7c87d1717c6c8f6a,5.0,2,0.0,0.0,1,7453d8f230dd1ef7fc361e23f107762c1d6acd102f692da6cec81296535d87ef,2017,ok,117,-275.0,-9635.0,3120.0,6240.0,312,624,-0.09635,-82.35042735042735,-0.20752307692307695,0.01409245993628163,-14.725823444691871,-0.09635,"conditional complete-window sum on stated capital, not live equity or intraday drawdown",0.23201566951566951,116813.72863247863,mean across entered windows; not equal-risk sizing or margin availability,117,252,0.0,0.0
NQ,revert-6-1,cost_stress,2354060058c8498ad69c397726d3d77068989c4f3a2a03df8d7cb42b93007edb,7c87d1717c6c8f6a,5.0,2,0.0,0.0,1,7453d8f230dd1ef7fc361e23f107762c1d6acd102f692da6cec81296535d87ef,2018,ok,228,1450.0,-16490.0,5980.0,11960.0,598,1196,-0.1649,-72.32456140350877,-0.1822578947368421,0.039533830555675005,-4.610175441516363,-0.18279086045697715,"conditional complete-window sum on stated capital, not live equity or intraday drawdown",0.24515716374269006,139896.43879056047,mean across entered windows; not equal-risk sizing or margin availability,228,252,0.0,0.0
NQ,revert-6-1,cost_stress,2354060058c8498ad69c397726d3d77068989c4f3a2a03df8d7cb42b93007edb,7c87d1717c6c8f6a,5.0,2,0.0,0.0,1,7453d8f230dd1ef7fc361e23f107762c1d6acd102f692da6cec81296535d87ef,2019,ok,244,875.0,-17935.0,6270.0,12540.0,627,1254,-0.17935,-73.50409836065573,-0.18523032786885243,0.03938162816100957,-4.7034705399062915,-0.1813148443735036,"conditional complete-window sum on stated capital, not live equity or intraday drawdown",0.23582650273224043,152592.58055555553,mean across entered windows; not equal-risk sizing or margin availability,244,252,0.0,0.0
NQ,revert-6-1,cost_stress,2354060058c8498ad69c397726d3d77068989c4f3a2a03df8d7cb42b93007edb,7c87d1717c6c8f6a,5.0,2,0.0,0.0,1,7453d8f230dd1ef7fc361e23f107762c1d6acd102f692da6cec81296535d87ef,2020,ok,245,-2565.0,-22305.0,6580.0,13160.0,658,1316,-0.22305,-91.04081632653062,-0.22942285714285715,0.0983931450388304,-2.331695536841682,-0.22305,"conditional complete-window sum on stated capital, not live equity or intraday drawdown",0.2385204081632653,206447.6292866941,mean across entered windows; not equal-risk sizing or margin availability,245,252,0.0,0.0
NQ,revert-6-1,cost_stress,2354060058c8498ad69c397726d3d77068989c4f3a2a03df8d7cb42b93007edb,7c87d1717c6c8f6a,5.0,2,0.0,0.0,1,7453d8f230dd1ef7fc361e23f107762c1d6acd102f692da6cec81296535d87ef,2021,ok,249,-2930.0,-22700.0,6590.0,13180.0,659,1318,-0.227,-91.16465863453816,-0.22973493975903614,0.08386041562723245,-2.7394920242254686,-0.26210147744945567,"conditional complete-window sum on stated capital, not live equity or intraday drawdown",0.23176037483266398,289500.68184885284,mean across entered windows; not equal-risk sizing or margin availability,249,252,0.0,0.0
NQ,revert-6-1,cost_stress,2354060058c8498ad69c397726d3d77068989c4f3a2a03df8d7cb42b93007edb,7c87d1717c6c8f6a,5.0,2,0.0,0.0,1,7453d8f230dd1ef7fc361e23f107762c1d6acd102f692da6cec81296535d87ef,2022,ok,252,13090.0,-6530.0,6540.0,13080.0,654,1308,-0.0653,-25.91269841269841,-0.0653,0.09951884543949233,-0.6561571299548741,-0.13610993855822898,"conditional complete-window sum on stated capital, not live equity or intraday drawdown",0.24189814814814814,255938.20816733068,mean across entered windows; not equal-risk sizing or margin availability,252,252,0.0,0.0
NQ,revert-6-1,cost_stress,2354060058c8498ad69c397726d3d77068989c4f3a2a03df8d7cb42b93007edb,7c87d1717c6c8f6a,5.0,2,0.0,0.0,1,7453d8f230dd1ef7fc361e23f107762c1d6acd102f692da6cec81296535d87ef,2023,ok,251,-6260.0,-25640.0,6460.0,12920.0,646,1292,-0.2564,-102.15139442231076,-0.25742151394422313,0.07449332544126892,-3.4556319296978635,-0.2591,"conditional complete-window sum on stated capital, not live equity or intraday drawdown",0.24618193891102258,284394.84925474256,mean across entered windows; not equal-risk sizing or margin availability,251,252,0.0,0.0
NQ,revert-6-1,cost_stress,2354060058c8498ad69c397726d3d77068989c4f3a2a03df8d7cb42b93007edb,7c87d1717c6c8f6a,5.0,2,0.0,0.0,1,7453d8f230dd1ef7fc361e23f107762c1d6acd102f692da6cec81296535d87ef,2024,ok,251,9935.0,-9985.0,6640.0,13280.0,664,1328,-0.09985,-39.78087649402391,-0.10024780876494024,0.08131728884548035,-1.2327982177988226,-0.12565,"conditional complete-window sum on stated capital, not live equity or intraday drawdown",0.22758964143426294,383867.38612217794,mean across entered windows; not equal-risk sizing or margin availability,251,252,0.0,0.0
NQ,revert-6-1,cost_stress,2354060058c8498ad69c397726d3d77068989c4f3a2a03df8d7cb42b93007edb,7c87d1717c6c8f6a,5.0,2,0.0,0.0,1,7453d8f230dd1ef7fc361e23f107762c1d6acd102f692da6cec81296535d87ef,2025,ok,244,-13405.0,-32335.0,6310.0,12620.0,631,1262,-0.32335,-132.5204918032787,-0.33395163934426236,0.14256812143194522,-2.3424005029320236,-0.3365180989903965,"conditional complete-window sum on stated capital, not live equity or intraday drawdown",0.2309596994535519,451978.65013774106,mean across entered windows; not equal-risk sizing or margin availability,244,252,0.0,0.0
NQ,revert-6-1,cost_stress,2354060058c8498ad69c397726d3d77068989c4f3a2a03df8d7cb42b93007edb,7c87d1717c6c8f6a,5.0,2,0.0,0.0,1,7453d8f230dd1ef7fc361e23f107762c1d6acd102f692da6cec81296535d87ef,2026,ok,147,12340.0,1270.0,3690.0,7380.0,369,738,0.0127,8.639455782312925,0.021771428571428574,0.15600367450135796,0.13955715236206864,-0.12880389361388328,"conditional complete-window sum on stated capital, not live equity or intraday drawdown",0.23412698412698413,544157.53125,mean across entered windows; not equal-risk sizing or margin availability,147,252,0.0,0.0
NQ,revert-6-1,delay_stress,2354060058c8498ad69c397726d3d77068989c4f3a2a03df8d7cb42b93007edb,2792fc3c475ea79e,2.5,1,0.0,0.0,5,7453d8f230dd1ef7fc361e23f107762c1d6acd102f692da6cec81296535d87ef,whole,ok,2267,28715.0,-57400.0,28705.0,57410.0,5741,11482,-0.574,-25.319805910895457,-0.06380591089545656,0.08716371380360173,-0.73202377584811,-0.75695,"conditional complete-window sum on stated capital, not live equity or intraday drawdown",0.23210741067490076,278786.00382842694,mean across entered windows; not equal-risk sizing or margin availability,2267,252,0.0,0.0
NQ,revert-6-1,delay_stress,2354060058c8498ad69c397726d3d77068989c4f3a2a03df8d7cb42b93007edb,2792fc3c475ea79e,2.5,1,0.0,0.0,5,7453d8f230dd1ef7fc361e23f107762c1d6acd102f692da6cec81296535d87ef,development,ok,1122,2450.0,-40435.0,14295.0,28590.0,2859,5718,-0.40435,-36.03832442067736,-0.09081657754010694,0.06057807936259674,-1.4991656799898585,-0.40745,"conditional complete-window sum on stated capital, not live equity or intraday drawdown",0.2326388888888889,186606.48277677497,mean across entered windows; not equal-risk sizing or margin availability,1122,252,0.0,0.0
NQ,revert-6-1,delay_stress,2354060058c8498ad69c397726d3d77068989c4f3a2a03df8d7cb42b93007edb,2792fc3c475ea79e,2.5,1,0.0,0.0,5,7453d8f230dd1ef7fc361e23f107762c1d6acd102f692da6cec81296535d87ef,validation,ok,503,4485.0,-14475.0,6320.0,12640.0,1264,2528,-0.14475,-28.777335984095426,-0.07251888667992047,0.0858792056927896,-0.844428940567264,-0.2082280593030462,"conditional complete-window sum on stated capital, not live equity or intraday drawdown",0.23935553346587143,270015.0236418511,mean across entered windows; not equal-risk sizing or margin availability,503,252,0.0,0.0
NQ,revert-6-1,delay_stress,2354060058c8498ad69c397726d3d77068989c4f3a2a03df8d7cb42b93007edb,2792fc3c475ea79e,2.5,1,0.0,0.0,5,7453d8f230dd1ef7fc361e23f107762c1d6acd102f692da6cec81296535d87ef,historical_final,ok,642,21780.0,-2490.0,8090.0,16180.0,1618,3236,-0.0249,-3.878504672897196,-0.009773831775700934,0.12102667665079857,-0.08075766472462619,-0.2978016133321514,"conditional complete-window sum on stated capital, not live equity or intraday drawdown",0.22549974039460022,445966.6733385662,mean across entered windows; not equal-risk sizing or margin availability,642,252,0.0,0.0
NQ,revert-6-1,delay_stress,2354060058c8498ad69c397726d3d77068989c4f3a2a03df8d7cb42b93007edb,2792fc3c475ea79e,2.5,1,0.0,0.0,5,7453d8f230dd1ef7fc361e23f107762c1d6acd102f692da6cec81296535d87ef,2016,ok,39,-715.0,-2125.0,470.0,940.0,94,188,-0.02125,-54.48717948717949,-0.1373076923076923,0.02036253108198431,-6.743154461243519,-0.02125,"conditional complete-window sum on stated capital, not live equity or intraday drawdown",0.2606837606837607,95949.18859649122,mean across entered windows; not equal-risk sizing or margin availability,39,252,0.0,0.0
NQ,revert-6-1,delay_stress,2354060058c8498ad69c397726d3d77068989c4f3a2a03df8d7cb42b93007edb,2792fc3c475ea79e,2.5,1,0.0,0.0,5,7453d8f230dd1ef7fc361e23f107762c1d6acd102f692da6cec81296535d87ef,2017,ok,117,85.0,-4445.0,1510.0,3020.0,302,604,-0.04445,-37.99145299145299,-0.09573846153846152,0.014490524664061954,-6.606969986111209,-0.0447,"conditional complete-window sum on stated capital, not live equity or intraday drawdown",0.2273860398860399,116789.71336206897,mean across entered windows; not equal-risk sizing or margin availability,117,252,0.0,0.0
NQ,revert-6-1,delay_stress,2354060058c8498ad69c397726d3d77068989c4f3a2a03df8d7cb42b93007edb,2792fc3c475ea79e,2.5,1,0.0,0.0,5,7453d8f230dd1ef7fc361e23f107762c1d6acd102f692da6cec81296535d87ef,2018,ok,228,3365.0,-5320.0,2895.0,5790.0,579,1158,-0.0532,-23.333333333333332,-0.0588,0.03632010038022962,-1.6189382568999462,-0.07253317370048888,"conditional complete-window sum on stated capital, not live equity or intraday drawdown",0.23958333333333334,139897.43037037036,mean across entered windows; not equal-risk sizing or margin availability,228,252,0.0,0.0
NQ,revert-6-1,delay_stress,2354060058c8498ad69c397726d3d77068989c4f3a2a03df8d7cb42b93007edb,2792fc3c475ea79e,2.5,1,0.0,0.0,5,7453d8f230dd1ef7fc361e23f107762c1d6acd102f692da6cec81296535d87ef,2019,ok,244,5045.0,-4090.0,3045.0,6090.0,609,1218,-0.0409,-16.762295081967213,-0.04224098360655738,0.03486112033468917,-1.2116932330635615,-0.062306540189715424,"conditional complete-window sum on stated capital, not live equity or intraday drawdown",0.2301912568306011,152584.3048611111,mean across entered windows; not equal-risk sizing or margin availability,244,252,0.0,0.0
NQ,revert-6-1,delay_stress,2354060058c8498ad69c397726d3d77068989c4f3a2a03df8d7cb42b93007edb,2792fc3c475ea79e,2.5,1,0.0,0.0,5,7453d8f230dd1ef7fc361e23f107762c1d6acd102f692da6cec81296535d87ef,2020,ok,245,3180.0,-6465.0,3215.0,6430.0,643,1286,-0.06465,-26.387755102040817,-0.06649714285714285,0.09298325315712234,-0.7151518214229021,-0.07441930016947462,"conditional complete-window sum on stated capital, not live equity or intraday drawdown",0.23409863945578233,206451.94077134988,mean across entered windows; not equal-risk sizing or margin availability,245,252,0.0,0.0
NQ,revert-6-1,delay_stress,2354060058c8498ad69c397726d3d77068989c4f3a2a03df8d7cb42b93007edb,2792fc3c475ea79e,2.5,1,0.0,0.0,5,7453d8f230dd1ef7fc361e23f107762c1d6acd102f692da6cec81296535d87ef,2021,ok,249,-8510.0,-17990.0,3160.0,6320.0,632,1264,-0.1799,-72.24899598393574,-0.18206746987951805,0.07396882086634583,-2.4614083034863508,-0.20054797201428642,"conditional complete-window sum on stated capital, not live equity or intraday drawdown",0.22531793842034806,289505.19163292844,mean across entered windows; not equal-risk sizing or margin availability,249,252,0.0,0.0
NQ,revert-6-1,delay_stress,2354060058c8498ad69c397726d3d77068989c4f3a2a03df8d7cb42b93007edb,2792fc3c475ea79e,2.5,1,0.0,0.0,5,7453d8f230dd1ef7fc361e23f107762c1d6acd102f692da6cec81296535d87ef,2022,ok,252,9760.0,220.0,3180.0,6360.0,636,1272,0.0022,0.873015873015873,0.0021999999999999997,0.09747311530453573,0.022570326116350438,-0.08437812842637174,"conditional complete-window sum on stated capital, not live equity or intraday drawdown",0.2371031746031746,255930.8014608234,mean across entered windows; not equal-risk sizing or margin availability,252,252,0.0,0.0
NQ,revert-6-1,delay_stress,2354060058c8498ad69c397726d3d77068989c4f3a2a03df8d7cb42b93007edb,2792fc3c475ea79e,2.5,1,0.0,0.0,5,7453d8f230dd1ef7fc361e23f107762c1d6acd102f692da6cec81296535d87ef,2023,ok,251,-5275.0,-14695.0,3140.0,6280.0,628,1256,-0.14695,-58.54581673306773,-0.14753545816733069,0.07228909556557783,-2.040908895221857,-0.18695396093059782,"conditional complete-window sum on stated capital, not live equity or intraday drawdown",0.24161686586985393,284385.510501355,mean across entered windows; not equal-risk sizing or margin availability,251,252,0.0,0.0
NQ,revert-6-1,delay_stress,2354060058c8498ad69c397726d3d77068989c4f3a2a03df8d7cb42b93007edb,2792fc3c475ea79e,2.5,1,0.0,0.0,5,7453d8f230dd1ef7fc361e23f107762c1d6acd102f692da6cec81296535d87ef,2024,ok,251,19410.0,9690.0,3240.0,6480.0,648,1296,0.0969,38.60557768924303,0.09728605577689244,0.08310041013605696,1.1707048812106933,-0.04415687049293688,"conditional complete-window sum on stated capital, not live equity or intraday drawdown",0.22327357237715803,383857.33366533864,mean across entered windows; not equal-risk sizing or margin availability,251,252,0.0,0.0
NQ,revert-6-1,delay_stress,2354060058c8498ad69c397726d3d77068989c4f3a2a03df8d7cb42b93007edb,2792fc3c475ea79e,2.5,1,0.0,0.0,5,7453d8f230dd1ef7fc361e23f107762c1d6acd102f692da6cec81296535d87ef,2025,ok,244,-7725.0,-16905.0,3060.0,6120.0,612,1224,-0.16905,-69.2827868852459,-0.17459262295081965,0.13626592446057573,-1.2812639964243782,-0.18237308322167634,"conditional complete-window sum on stated capital, not live equity or intraday drawdown",0.22575136612021857,451988.0581955923,mean across entered windows; not equal-risk sizing or margin availability,244,252,0.0,0.0
NQ,revert-6-1,delay_stress,2354060058c8498ad69c397726d3d77068989c4f3a2a03df8d7cb42b93007edb,2792fc3c475ea79e,2.5,1,0.0,0.0,5,7453d8f230dd1ef7fc361e23f107762c1d6acd102f692da6cec81296535d87ef,2026,ok,147,10095.0,4725.0,1790.0,3580.0,358,716,0.04725,32.142857142857146,0.08100000000000002,0.14590183742634483,0.555167785607162,-0.15135745495606068,"conditional complete-window sum on stated capital, not live equity or intraday drawdown",0.22888321995464853,544107.4311342593,mean across entered windows; not equal-risk sizing or margin availability,147,252,0.0,0.0
NQ,revert-6-1,combined_stress,2354060058c8498ad69c397726d3d77068989c4f3a2a03df8d7cb42b93007edb,7a00ad68f1fa2f67,5.0,2,0.0,0.0,5,7453d8f230dd1ef7fc361e23f107762c1d6acd102f692da6cec81296535d87ef,whole,ok,2267,28715.0,-143515.0,57410.0,114820.0,5741,11482,-1.43515,-63.306131451257166,-0.15953145125716806,0.08703245615018632,-1.8330110204160492,-1.58735,"conditional complete-window sum on stated capital, not live equity or intraday drawdown",0.23210741067490076,278786.00382842694,mean across entered windows; not equal-risk sizing or margin availability,2267,252,0.0,0.0
NQ,revert-6-1,combined_stress,2354060058c8498ad69c397726d3d77068989c4f3a2a03df8d7cb42b93007edb,7a00ad68f1fa2f67,5.0,2,0.0,0.0,5,7453d8f230dd1ef7fc361e23f107762c1d6acd102f692da6cec81296535d87ef,development,ok,1122,2450.0,-83320.0,28590.0,57180.0,2859,5718,-0.8332,-74.2602495543672,-0.18713582887700536,0.06046182971310599,-3.095106942098395,-0.83525,"conditional complete-window sum on stated capital, not live equity or intraday drawdown",0.2326388888888889,186606.48277677497,mean across entered windows; not equal-risk sizing or margin availability,1122,252,0.0,0.0
NQ,revert-6-1,combined_stress,2354060058c8498ad69c397726d3d77068989c4f3a2a03df8d7cb42b93007edb,7a00ad68f1fa2f67,5.0,2,0.0,0.0,5,7453d8f230dd1ef7fc361e23f107762c1d6acd102f692da6cec81296535d87ef,validation,ok,503,4485.0,-33435.0,12640.0,25280.0,1264,2528,-0.33435,-66.47117296222665,-0.16750735586481116,0.08573219798911622,-1.953844177494159,-0.3662122167774489,"conditional complete-window sum on stated capital, not live equity or intraday drawdown",0.23935553346587143,270015.0236418511,mean across entered windows; not equal-risk sizing or margin availability,503,252,0.0,0.0
NQ,revert-6-1,combined_stress,2354060058c8498ad69c397726d3d77068989c4f3a2a03df8d7cb42b93007edb,7a00ad68f1fa2f67,5.0,2,0.0,0.0,5,7453d8f230dd1ef7fc361e23f107762c1d6acd102f692da6cec81296535d87ef,historical_final,ok,642,21780.0,-26760.0,16180.0,32360.0,1618,3236,-0.2676,-41.6822429906542,-0.10503925233644859,0.12087434583970216,-0.8689954150878856,-0.44470498157630284,"conditional complete-window sum on stated capital, not live equity or intraday drawdown",0.22549974039460022,445966.6733385662,mean across entered windows; not equal-risk sizing or margin availability,642,252,0.0,0.0
NQ,revert-6-1,combined_stress,2354060058c8498ad69c397726d3d77068989c4f3a2a03df8d7cb42b93007edb,7a00ad68f1fa2f67,5.0,2,0.0,0.0,5,7453d8f230dd1ef7fc361e23f107762c1d6acd102f692da6cec81296535d87ef,2016,ok,39,-715.0,-3535.0,940.0,1880.0,94,188,-0.03535,-90.64102564102564,-0.2284153846153846,0.020653065373250068,-11.059635966253664,-0.03535,"conditional complete-window sum on stated capital, not live equity or intraday drawdown",0.2606837606837607,95949.18859649122,mean across entered windows; not equal-risk sizing or margin availability,39,252,0.0,0.0
NQ,revert-6-1,combined_stress,2354060058c8498ad69c397726d3d77068989c4f3a2a03df8d7cb42b93007edb,7a00ad68f1fa2f67,5.0,2,0.0,0.0,5,7453d8f230dd1ef7fc361e23f107762c1d6acd102f692da6cec81296535d87ef,2017,ok,117,85.0,-8975.0,3020.0,6040.0,302,604,-0.08975,-76.7094017094017,-0.1933076923076923,0.014711508694340647,-13.139895868195735,-0.08975,"conditional complete-window sum on stated capital, not live equity or intraday drawdown",0.2273860398860399,116789.71336206897,mean across entered windows; not equal-risk sizing or margin availability,117,252,0.0,0.0
NQ,revert-6-1,combined_stress,2354060058c8498ad69c397726d3d77068989c4f3a2a03df8d7cb42b93007edb,7a00ad68f1fa2f67,5.0,2,0.0,0.0,5,7453d8f230dd1ef7fc361e23f107762c1d6acd102f692da6cec81296535d87ef,2018,ok,228,3365.0,-14005.0,5790.0,11580.0,579,1158,-0.14005,-61.425438596491226,-0.15479210526315787,0.0364363602863381,-4.248286712687864,-0.15325804517289626,"conditional complete-window sum on stated capital, not live equity or intraday drawdown",0.23958333333333334,139897.43037037036,mean across entered windows; not equal-risk sizing or margin availability,228,252,0.0,0.0
NQ,revert-6-1,combined_stress,2354060058c8498ad69c397726d3d77068989c4f3a2a03df8d7cb42b93007edb,7a00ad68f1fa2f67,5.0,2,0.0,0.0,5,7453d8f230dd1ef7fc361e23f107762c1d6acd102f692da6cec81296535d87ef,2019,ok,244,5045.0,-13225.0,6090.0,12180.0,609,1218,-0.13225,-54.200819672131146,-0.1365860655737705,0.03461614569101415,-3.945732918764155,-0.13225,"conditional complete-window sum on stated capital, not live equity or intraday drawdown",0.2301912568306011,152584.3048611111,mean across entered windows; not equal-risk sizing or margin availability,244,252,0.0,0.0
NQ,revert-6-1,combined_stress,2354060058c8498ad69c397726d3d77068989c4f3a2a03df8d7cb42b93007edb,7a00ad68f1fa2f67,5.0,2,0.0,0.0,5,7453d8f230dd1ef7fc361e23f107762c1d6acd102f692da6cec81296535d87ef,2020,ok,245,3180.0,-16110.0,6430.0,12860.0,643,1286,-0.1611,-65.75510204081633,-0.16570285714285715,0.09271794328513636,-1.7871714068685671,-0.1617,"conditional complete-window sum on stated capital, not live equity or intraday drawdown",0.23409863945578233,206451.94077134988,mean across entered windows; not equal-risk sizing or margin availability,245,252,0.0,0.0
NQ,revert-6-1,combined_stress,2354060058c8498ad69c397726d3d77068989c4f3a2a03df8d7cb42b93007edb,7a00ad68f1fa2f67,5.0,2,0.0,0.0,5,7453d8f230dd1ef7fc361e23f107762c1d6acd102f692da6cec81296535d87ef,2021,ok,249,-8510.0,-27470.0,6320.0,12640.0,632,1264,-0.2747,-110.32128514056225,-0.2780096385542169,0.0738955881821023,-3.7621953541950632,-0.28663017211619074,"conditional complete-window sum on stated capital, not live equity or intraday drawdown",0.22531793842034806,289505.19163292844,mean across entered windows; not equal-risk sizing or margin availability,249,252,0.0,0.0
NQ,revert-6-1,combined_stress,2354060058c8498ad69c397726d3d77068989c4f3a2a03df8d7cb42b93007edb,7a00ad68f1fa2f67,5.0,2,0.0,0.0,5,7453d8f230dd1ef7fc361e23f107762c1d6acd102f692da6cec81296535d87ef,2022,ok,252,9760.0,-9320.0,6360.0,12720.0,636,1272,-0.0932,-36.98412698412698,-0.09319999999999999,0.09735069884565316,-0.9573634406853722,-0.13284168647809422,"conditional complete-window sum on stated capital, not live equity or intraday drawdown",0.2371031746031746,255930.8014608234,mean across entered windows; not equal-risk sizing or margin availability,252,252,0.0,0.0
NQ,revert-6-1,combined_stress,2354060058c8498ad69c397726d3d77068989c4f3a2a03df8d7cb42b93007edb,7a00ad68f1fa2f67,5.0,2,0.0,0.0,5,7453d8f230dd1ef7fc361e23f107762c1d6acd102f692da6cec81296535d87ef,2023,ok,251,-5275.0,-24115.0,6280.0,12560.0,628,1256,-0.24115,-96.07569721115537,-0.24211075697211154,0.07210750143934196,-3.357636197889608,-0.25938972959563383,"conditional complete-window sum on stated capital, not live equity or intraday drawdown",0.24161686586985393,284385.510501355,mean across entered windows; not equal-risk sizing or margin availability,251,252,0.0,0.0
NQ,revert-6-1,combined_stress,2354060058c8498ad69c397726d3d77068989c4f3a2a03df8d7cb42b93007edb,7a00ad68f1fa2f67,5.0,2,0.0,0.0,5,7453d8f230dd1ef7fc361e23f107762c1d6acd102f692da6cec81296535d87ef,2024,ok,251,19410.0,-30.0,6480.0,12960.0,648,1296,-0.0003,-0.11952191235059761,-0.000301195219123506,0.08294733195567978,-0.003631162232975015,-0.0612,"conditional complete-window sum on stated capital, not live equity or intraday drawdown",0.22327357237715803,383857.33366533864,mean across entered windows; not equal-risk sizing or margin availability,251,252,0.0,0.0
NQ,revert-6-1,combined_stress,2354060058c8498ad69c397726d3d77068989c4f3a2a03df8d7cb42b93007edb,7a00ad68f1fa2f67,5.0,2,0.0,0.0,5,7453d8f230dd1ef7fc361e23f107762c1d6acd102f692da6cec81296535d87ef,2025,ok,244,-7725.0,-26085.0,6120.0,12240.0,612,1224,-0.26085,-106.90573770491804,-0.2694024590163934,0.13607196471931454,-1.9798527901916414,-0.27124962719952284,"conditional complete-window sum on stated capital, not live equity or intraday drawdown",0.22575136612021857,451988.0581955923,mean across entered windows; not equal-risk sizing or margin availability,244,252,0.0,0.0
NQ,revert-6-1,combined_stress,2354060058c8498ad69c397726d3d77068989c4f3a2a03df8d7cb42b93007edb,7a00ad68f1fa2f67,5.0,2,0.0,0.0,5,7453d8f230dd1ef7fc361e23f107762c1d6acd102f692da6cec81296535d87ef,2026,ok,147,10095.0,-645.0,3580.0,7160.0,358,716,-0.00645,-4.387755102040816,-0.011057142857142857,0.1458046180805682,-0.07583534048992153,-0.17206258610509742,"conditional complete-window sum on stated capital, not live equity or intraday drawdown",0.22888321995464853,544107.4311342593,mean across entered windows; not equal-risk sizing or margin availability,147,252,0.0,0.0
NQ,revert-6-1.5,base,2354060058c8498ad69c397726d3d77068989c4f3a2a03df8d7cb42b93007edb,2199071b5c80fad8,2.5,1,0.0,0.0,1,7453d8f230dd1ef7fc361e23f107762c1d6acd102f692da6cec81296535d87ef,whole,ok,2267,6430.0,-49355.0,18595.0,37190.0,3719,7438,-0.49355,-21.771063078958978,-0.05486307895897662,0.08095166989326592,-0.6777263400657841,-0.6708,"conditional complete-window sum on stated capital, not live equity or intraday drawdown",0.15980186737244523,278213.5239144629,mean across entered windows; not equal-risk sizing or margin availability,2267,252,0.0,0.0
NQ,revert-6-1.5,base,2354060058c8498ad69c397726d3d77068989c4f3a2a03df8d7cb42b93007edb,2199071b5c80fad8,2.5,1,0.0,0.0,1,7453d8f230dd1ef7fc361e23f107762c1d6acd102f692da6cec81296535d87ef,development,ok,1122,8900.0,-18895.0,9265.0,18530.0,1853,3706,-0.18895,-16.840463458110516,-0.042437967914438504,0.058375906153439,-0.7269774588661939,-0.2211,"conditional complete-window sum on stated capital, not live equity or intraday drawdown",0.16009358288770054,185922.98763280213,mean across entered windows; not equal-risk sizing or margin availability,1122,252,0.0,0.0
NQ,revert-6-1.5,base,2354060058c8498ad69c397726d3d77068989c4f3a2a03df8d7cb42b93007edb,2199071b5c80fad8,2.5,1,0.0,0.0,1,7453d8f230dd1ef7fc361e23f107762c1d6acd102f692da6cec81296535d87ef,validation,ok,503,2780.0,-10000.0,4260.0,8520.0,852,1704,-0.1,-19.880715705765407,-0.05009940357852883,0.07157647847025922,-0.6999422806103217,-0.14589999522422276,"conditional complete-window sum on stated capital, not live equity or intraday drawdown",0.16890324718356528,270386.4926046176,mean across entered windows; not equal-risk sizing or margin availability,503,252,0.0,0.0
NQ,revert-6-1.5,base,2354060058c8498ad69c397726d3d77068989c4f3a2a03df8d7cb42b93007edb,2199071b5c80fad8,2.5,1,0.0,0.0,1,7453d8f230dd1ef7fc361e23f107762c1d6acd102f692da6cec81296535d87ef,historical_final,ok,642,-5250.0,-20460.0,5070.0,10140.0,1014,2028,-0.2046,-31.869158878504674,-0.08031028037383177,0.11485038111191911,-0.6992600250544334,-0.38185,"conditional complete-window sum on stated capital, not live equity or intraday drawdown",0.15216121495327103,445358.98726851854,mean across entered windows; not equal-risk sizing or margin availability,642,252,0.0,0.0
NQ,revert-6-1.5,base,2354060058c8498ad69c397726d3d77068989c4f3a2a03df8d7cb42b93007edb,2199071b5c80fad8,2.5,1,0.0,0.0,1,7453d8f230dd1ef7fc361e23f107762c1d6acd102f692da6cec81296535d87ef,2016,ok,39,-1335.0,-2310.0,325.0,650.0,65,130,-0.0231,-59.23076923076923,-0.14926153846153847,0.015407635207002557,-9.687504698560177,-0.0232,"conditional complete-window sum on stated capital, not live equity or intraday drawdown",0.1907051282051282,95932.30324074073,mean across entered windows; not equal-risk sizing or margin availability,39,252,0.0,0.0
NQ,revert-6-1.5,base,2354060058c8498ad69c397726d3d77068989c4f3a2a03df8d7cb42b93007edb,2199071b5c80fad8,2.5,1,0.0,0.0,1,7453d8f230dd1ef7fc361e23f107762c1d6acd102f692da6cec81296535d87ef,2017,ok,117,100.0,-2615.0,905.0,1810.0,181,362,-0.02615,-22.35042735042735,-0.05632307692307692,0.012209719679088044,-4.6129705188517285,-0.02635,"conditional complete-window sum on stated capital, not live equity or intraday drawdown",0.15117521367521367,116695.34653465346,mean across entered windows; not equal-risk sizing or margin availability,117,252,0.0,0.0
NQ,revert-6-1.5,base,2354060058c8498ad69c397726d3d77068989c4f3a2a03df8d7cb42b93007edb,2199071b5c80fad8,2.5,1,0.0,0.0,1,7453d8f230dd1ef7fc361e23f107762c1d6acd102f692da6cec81296535d87ef,2018,ok,228,-2105.0,-7610.0,1835.0,3670.0,367,734,-0.0761,-33.37719298245614,-0.08411052631578947,0.03486434434169202,-2.412508478331173,-0.09068651943639452,"conditional complete-window sum on stated capital, not live equity or intraday drawdown",0.16282894736842105,139757.51001602566,mean across entered windows; not equal-risk sizing or margin availability,228,252,0.0,0.0
NQ,revert-6-1.5,base,2354060058c8498ad69c397726d3d77068989c4f3a2a03df8d7cb42b93007edb,2199071b5c80fad8,2.5,1,0.0,0.0,1,7453d8f230dd1ef7fc361e23f107762c1d6acd102f692da6cec81296535d87ef,2019,ok,244,310.0,-5615.0,1975.0,3950.0,395,790,-0.05615,-23.012295081967213,-0.05799098360655738,0.03496555484765676,-1.6585174712433797,-0.0599252801992528,"conditional complete-window sum on stated capital, not live equity or intraday drawdown",0.15923838797814208,152542.5250771605,mean across entered windows; not equal-risk sizing or margin availability,244,252,0.0,0.0
NQ,revert-6-1.5,base,2354060058c8498ad69c397726d3d77068989c4f3a2a03df8d7cb42b93007edb,2199071b5c80fad8,2.5,1,0.0,0.0,1,7453d8f230dd1ef7fc361e23f107762c1d6acd102f692da6cec81296535d87ef,2020,ok,245,9195.0,2760.0,2145.0,4290.0,429,858,0.0276,11.26530612244898,0.02838857142857143,0.09181252761560525,0.3092015018628706,-0.05812082500365693,"conditional complete-window sum on stated capital, not live equity or intraday drawdown",0.1647108843537415,206918.05309734514,mean across entered windows; not equal-risk sizing or margin availability,245,252,0.0,0.0
NQ,revert-6-1.5,base,2354060058c8498ad69c397726d3d77068989c4f3a2a03df8d7cb42b93007edb,2199071b5c80fad8,2.5,1,0.0,0.0,1,7453d8f230dd1ef7fc361e23f107762c1d6acd102f692da6cec81296535d87ef,2021,ok,249,2735.0,-3505.0,2080.0,4160.0,416,832,-0.03505,-14.076305220883533,-0.03547228915662651,0.06825482927098074,-0.5197037269816736,-0.10436869899183869,"conditional complete-window sum on stated capital, not live equity or intraday drawdown",0.15327978580990628,288685.0652841782,mean across entered windows; not equal-risk sizing or margin availability,249,252,0.0,0.0
NQ,revert-6-1.5,base,2354060058c8498ad69c397726d3d77068989c4f3a2a03df8d7cb42b93007edb,2199071b5c80fad8,2.5,1,0.0,0.0,1,7453d8f230dd1ef7fc361e23f107762c1d6acd102f692da6cec81296535d87ef,2022,ok,252,6070.0,-350.0,2140.0,4280.0,428,856,-0.0035,-1.3888888888888888,-0.0034999999999999996,0.07879775134818176,-0.04441751116138623,-0.07397678972252734,"conditional complete-window sum on stated capital, not live equity or intraday drawdown",0.16881613756613756,256206.17604617606,mean across entered windows; not equal-risk sizing or margin availability,252,252,0.0,0.0
NQ,revert-6-1.5,base,2354060058c8498ad69c397726d3d77068989c4f3a2a03df8d7cb42b93007edb,2199071b5c80fad8,2.5,1,0.0,0.0,1,7453d8f230dd1ef7fc361e23f107762c1d6acd102f692da6cec81296535d87ef,2023,ok,251,-3290.0,-9650.0,2120.0,4240.0,424,848,-0.0965,-38.44621513944223,-0.09688446215139442,0.06352984713982525,-1.525022749356814,-0.10716594559649908,"conditional complete-window sum on stated capital, not live equity or intraday drawdown",0.1689907038512616,284566.80916305917,mean across entered windows; not equal-risk sizing or margin availability,251,252,0.0,0.0
NQ,revert-6-1.5,base,2354060058c8498ad69c397726d3d77068989c4f3a2a03df8d7cb42b93007edb,2199071b5c80fad8,2.5,1,0.0,0.0,1,7453d8f230dd1ef7fc361e23f107762c1d6acd102f692da6cec81296535d87ef,2024,ok,251,1015.0,-4940.0,1985.0,3970.0,397,794,-0.0494,-19.681274900398407,-0.04959681274900398,0.07486144207668456,-0.662514792303885,-0.0659,"conditional complete-window sum on stated capital, not live equity or intraday drawdown",0.14898738379814078,382570.68098384724,mean across entered windows; not equal-risk sizing or margin availability,251,252,0.0,0.0
NQ,revert-6-1.5,base,2354060058c8498ad69c397726d3d77068989c4f3a2a03df8d7cb42b93007edb,2199071b5c80fad8,2.5,1,0.0,0.0,1,7453d8f230dd1ef7fc361e23f107762c1d6acd102f692da6cec81296535d87ef,2025,ok,244,-23235.0,-28950.0,1905.0,3810.0,381,762,-0.2895,-118.64754098360656,-0.2989918032786886,0.1347375790094526,-2.219067653410283,-0.3073466969487509,"conditional complete-window sum on stated capital, not live equity or intraday drawdown",0.15479849726775957,451580.7855504587,mean across entered windows; not equal-risk sizing or margin availability,244,252,0.0,0.0
NQ,revert-6-1.5,base,2354060058c8498ad69c397726d3d77068989c4f3a2a03df8d7cb42b93007edb,2199071b5c80fad8,2.5,1,0.0,0.0,1,7453d8f230dd1ef7fc361e23f107762c1d6acd102f692da6cec81296535d87ef,2026,ok,147,16970.0,13430.0,1180.0,2360.0,236,472,0.1343,91.36054421768708,0.23022857142857145,0.1318766402314965,1.7457873587348587,-0.0527539961399515,"conditional complete-window sum on stated capital, not live equity or intraday drawdown",0.153202947845805,543806.2659033078,mean across entered windows; not equal-risk sizing or margin availability,147,252,0.0,0.0
NQ,revert-6-1.5,gross_reference,2354060058c8498ad69c397726d3d77068989c4f3a2a03df8d7cb42b93007edb,04bcf90ffd97c551,0.0,0,0.0,0.0,1,7453d8f230dd1ef7fc361e23f107762c1d6acd102f692da6cec81296535d87ef,whole,ok,2267,6430.0,6430.0,0.0,0.0,3719,7438,0.0643,2.836347595941773,0.007147595941773268,0.08115217426640263,0.08807645643984188,-0.265160268755082,"conditional complete-window sum on stated capital, not live equity or intraday drawdown",0.15980186737244523,278213.5239144629,mean across entered windows; not equal-risk sizing or margin availability,2267,252,0.0,0.0
NQ,revert-6-1.5,gross_reference,2354060058c8498ad69c397726d3d77068989c4f3a2a03df8d7cb42b93007edb,04bcf90ffd97c551,0.0,0,0.0,0.0,1,7453d8f230dd1ef7fc361e23f107762c1d6acd102f692da6cec81296535d87ef,development,ok,1122,8900.0,8900.0,0.0,0.0,1853,3706,0.089,7.932263814616756,0.019989304812834226,0.058515618445219034,0.34160631544119713,-0.06524280575539568,"conditional complete-window sum on stated capital, not live equity or intraday drawdown",0.16009358288770054,185922.98763280213,mean across entered windows; not equal-risk sizing or margin availability,1122,252,0.0,0.0
NQ,revert-6-1.5,gross_reference,2354060058c8498ad69c397726d3d77068989c4f3a2a03df8d7cb42b93007edb,04bcf90ffd97c551,0.0,0,0.0,0.0,1,7453d8f230dd1ef7fc361e23f107762c1d6acd102f692da6cec81296535d87ef,validation,ok,503,2780.0,2780.0,0.0,0.0,852,1704,0.0278,5.526838966202783,0.013927634194831014,0.07188646166044434,0.1937448842678916,-0.0629545559827674,"conditional complete-window sum on stated capital, not live equity or intraday drawdown",0.16890324718356528,270386.4926046176,mean across entered windows; not equal-risk sizing or margin availability,503,252,0.0,0.0
NQ,revert-6-1.5,gross_reference,2354060058c8498ad69c397726d3d77068989c4f3a2a03df8d7cb42b93007edb,04bcf90ffd97c551,0.0,0,0.0,0.0,1,7453d8f230dd1ef7fc361e23f107762c1d6acd102f692da6cec81296535d87ef,historical_final,ok,642,-5250.0,-5250.0,0.0,0.0,1014,2028,-0.0525,-8.177570093457945,-0.02060747663551402,0.1150716651656198,-0.1790838483640103,-0.28485345160046277,"conditional complete-window sum on stated capital, not live equity or intraday drawdown",0.15216121495327103,445358.98726851854,mean across entered windows; not equal-risk sizing or margin availability,642,252,0.0,0.0
NQ,revert-6-1.5,gross_reference,2354060058c8498ad69c397726d3d77068989c4f3a2a03df8d7cb42b93007edb,04bcf90ffd97c551,0.0,0,0.0,0.0,1,7453d8f230dd1ef7fc361e23f107762c1d6acd102f692da6cec81296535d87ef,2016,ok,39,-1335.0,-1335.0,0.0,0.0,65,130,-0.01335,-34.23076923076923,-0.08626153846153846,0.015407635207002557,-5.598622845271791,-0.014095066726645674,"conditional complete-window sum on stated capital, not live equity or intraday drawdown",0.1907051282051282,95932.30324074073,mean across entered windows; not equal-risk sizing or margin availability,39,252,0.0,0.0
NQ,revert-6-1.5,gross_reference,2354060058c8498ad69c397726d3d77068989c4f3a2a03df8d7cb42b93007edb,04bcf90ffd97c551,0.0,0,0.0,0.0,1,7453d8f230dd1ef7fc361e23f107762c1d6acd102f692da6cec81296535d87ef,2017,ok,117,100.0,100.0,0.0,0.0,181,362,0.001,0.8547008547008547,0.0021538461538461538,0.012042534586095008,0.1788532254940008,-0.006,"conditional complete-window sum on stated capital, not live equity or intraday drawdown",0.15117521367521367,116695.34653465346,mean across entered windows; not equal-risk sizing or margin availability,117,252,0.0,0.0
NQ,revert-6-1.5,gross_reference,2354060058c8498ad69c397726d3d77068989c4f3a2a03df8d7cb42b93007edb,04bcf90ffd97c551,0.0,0,0.0,0.0,1,7453d8f230dd1ef7fc361e23f107762c1d6acd102f692da6cec81296535d87ef,2018,ok,228,-2105.0,-2105.0,0.0,0.0,367,734,-0.02105,-9.232456140350877,-0.02326578947368421,0.0349204852045795,-0.6662504640867108,-0.04390609390609391,"conditional complete-window sum on stated capital, not live equity or intraday drawdown",0.16282894736842105,139757.51001602566,mean across entered windows; not equal-risk sizing or margin availability,228,252,0.0,0.0
NQ,revert-6-1.5,gross_reference,2354060058c8498ad69c397726d3d77068989c4f3a2a03df8d7cb42b93007edb,04bcf90ffd97c551,0.0,0,0.0,0.0,1,7453d8f230dd1ef7fc361e23f107762c1d6acd102f692da6cec81296535d87ef,2019,ok,244,310.0,310.0,0.0,0.0,395,790,0.0031,1.2704918032786885,0.003201639344262295,0.03514666477676333,0.09109368882076711,-0.03472593745440397,"conditional complete-window sum on stated capital, not live equity or intraday drawdown",0.15923838797814208,152542.5250771605,mean across entered windows; not equal-risk sizing or margin availability,244,252,0.0,0.0
NQ,revert-6-1.5,gross_reference,2354060058c8498ad69c397726d3d77068989c4f3a2a03df8d7cb42b93007edb,04bcf90ffd97c551,0.0,0,0.0,0.0,1,7453d8f230dd1ef7fc361e23f107762c1d6acd102f692da6cec81296535d87ef,2020,ok,245,9195.0,9195.0,0.0,0.0,429,858,0.09195,37.53061224489796,0.09457714285714286,0.09199610740415902,1.028055920253721,-0.05434625223225059,"conditional complete-window sum on stated capital, not live equity or intraday drawdown",0.1647108843537415,206918.05309734514,mean across entered windows; not equal-risk sizing or margin availability,245,252,0.0,0.0
NQ,revert-6-1.5,gross_reference,2354060058c8498ad69c397726d3d77068989c4f3a2a03df8d7cb42b93007edb,04bcf90ffd97c551,0.0,0,0.0,0.0,1,7453d8f230dd1ef7fc361e23f107762c1d6acd102f692da6cec81296535d87ef,2021,ok,249,2735.0,2735.0,0.0,0.0,416,832,0.02735,10.983935742971887,0.027679518072289154,0.06842674429933183,0.40451315279893335,-0.0690722140238968,"conditional complete-window sum on stated capital, not live equity or intraday drawdown",0.15327978580990628,288685.0652841782,mean across entered windows; not equal-risk sizing or margin availability,249,252,0.0,0.0
NQ,revert-6-1.5,gross_reference,2354060058c8498ad69c397726d3d77068989c4f3a2a03df8d7cb42b93007edb,04bcf90ffd97c551,0.0,0,0.0,0.0,1,7453d8f230dd1ef7fc361e23f107762c1d6acd102f692da6cec81296535d87ef,2022,ok,252,6070.0,6070.0,0.0,0.0,428,856,0.0607,24.08730158730159,0.060700000000000004,0.07915162689320188,0.7668825314469105,-0.06132075471698113,"conditional complete-window sum on stated capital, not live equity or intraday drawdown",0.16881613756613756,256206.17604617606,mean across entered windows; not equal-risk sizing or margin availability,252,252,0.0,0.0
NQ,revert-6-1.5,gross_reference,2354060058c8498ad69c397726d3d77068989c4f3a2a03df8d7cb42b93007edb,04bcf90ffd97c551,0.0,0,0.0,0.0,1,7453d8f230dd1ef7fc361e23f107762c1d6acd102f692da6cec81296535d87ef,2023,ok,251,-3290.0,-3290.0,0.0,0.0,424,848,-0.0329,-13.107569721115539,-0.03303107569721116,0.06378943478694765,-0.5178142086935351,-0.0667059343248417,"conditional complete-window sum on stated capital, not live equity or intraday drawdown",0.1689907038512616,284566.80916305917,mean across entered windows; not equal-risk sizing or margin availability,251,252,0.0,0.0
NQ,revert-6-1.5,gross_reference,2354060058c8498ad69c397726d3d77068989c4f3a2a03df8d7cb42b93007edb,04bcf90ffd97c551,0.0,0,0.0,0.0,1,7453d8f230dd1ef7fc361e23f107762c1d6acd102f692da6cec81296535d87ef,2024,ok,251,1015.0,1015.0,0.0,0.0,397,794,0.01015,4.043824701195219,0.010190438247011952,0.0751349499780706,0.13562846917428178,-0.03865,"conditional complete-window sum on stated capital, not live equity or intraday drawdown",0.14898738379814078,382570.68098384724,mean across entered windows; not equal-risk sizing or margin availability,251,252,0.0,0.0
NQ,revert-6-1.5,gross_reference,2354060058c8498ad69c397726d3d77068989c4f3a2a03df8d7cb42b93007edb,04bcf90ffd97c551,0.0,0,0.0,0.0,1,7453d8f230dd1ef7fc361e23f107762c1d6acd102f692da6cec81296535d87ef,2025,ok,244,-23235.0,-23235.0,0.0,0.0,381,762,-0.23235,-95.22540983606558,-0.23996803278688528,0.13476776943057286,-1.7806040257311488,-0.255942400631226,"conditional complete-window sum on stated capital, not live equity or intraday drawdown",0.15479849726775957,451580.7855504587,mean across entered windows; not equal-risk sizing or margin availability,244,252,0.0,0.0
NQ,revert-6-1.5,gross_reference,2354060058c8498ad69c397726d3d77068989c4f3a2a03df8d7cb42b93007edb,04bcf90ffd97c551,0.0,0,0.0,0.0,1,7453d8f230dd1ef7fc361e23f107762c1d6acd102f692da6cec81296535d87ef,2026,ok,147,16970.0,16970.0,0.0,0.0,236,472,0.1697,115.4421768707483,0.2909142857142857,0.1323879983001989,2.1974369991954825,-0.04691516709511568,"conditional complete-window sum on stated capital, not live equity or intraday drawdown",0.153202947845805,543806.2659033078,mean across entered windows; not equal-risk sizing or margin availability,147,252,0.0,0.0
NQ,revert-6-1.5,cost_stress,2354060058c8498ad69c397726d3d77068989c4f3a2a03df8d7cb42b93007edb,efbfd022ae1f4ae8,5.0,2,0.0,0.0,1,7453d8f230dd1ef7fc361e23f107762c1d6acd102f692da6cec81296535d87ef,whole,ok,2267,6430.0,-105140.0,37190.0,74380.0,3719,7438,-1.0514,-46.37847375385973,-0.11687375385972652,0.08080741566730024,-1.4463246088814223,-1.2015,"conditional complete-window sum on stated capital, not live equity or intraday drawdown",0.15980186737244523,278213.5239144629,mean across entered windows; not equal-risk sizing or margin availability,2267,252,0.0,0.0
NQ,revert-6-1.5,cost_stress,2354060058c8498ad69c397726d3d77068989c4f3a2a03df8d7cb42b93007edb,efbfd022ae1f4ae8,5.0,2,0.0,0.0,1,7453d8f230dd1ef7fc361e23f107762c1d6acd102f692da6cec81296535d87ef,development,ok,1122,8900.0,-46690.0,18530.0,37060.0,1853,3706,-0.4669,-41.613190730837786,-0.10486524064171122,0.05831976313190299,-1.7981081371084342,-0.48165,"conditional complete-window sum on stated capital, not live equity or intraday drawdown",0.16009358288770054,185922.98763280213,mean across entered windows; not equal-risk sizing or margin availability,1122,252,0.0,0.0
NQ,revert-6-1.5,cost_stress,2354060058c8498ad69c397726d3d77068989c4f3a2a03df8d7cb42b93007edb,efbfd022ae1f4ae8,5.0,2,0.0,0.0,1,7453d8f230dd1ef7fc361e23f107762c1d6acd102f692da6cec81296535d87ef,validation,ok,503,2780.0,-22780.0,8520.0,17040.0,852,1704,-0.2278,-45.288270377733596,-0.11412644135188867,0.07132643264138964,-1.6000581709404438,-0.2555372860044492,"conditional complete-window sum on stated capital, not live equity or intraday drawdown",0.16890324718356528,270386.4926046176,mean across entered windows; not equal-risk sizing or margin availability,503,252,0.0,0.0
NQ,revert-6-1.5,cost_stress,2354060058c8498ad69c397726d3d77068989c4f3a2a03df8d7cb42b93007edb,efbfd022ae1f4ae8,5.0,2,0.0,0.0,1,7453d8f230dd1ef7fc361e23f107762c1d6acd102f692da6cec81296535d87ef,historical_final,ok,642,-5250.0,-35670.0,10140.0,20280.0,1014,2028,-0.3567,-55.5607476635514,-0.14001308411214952,0.1146652758263758,-1.2210591489280065,-0.5068,"conditional complete-window sum on stated capital, not live equity or intraday drawdown",0.15216121495327103,445358.98726851854,mean across entered windows; not equal-risk sizing or margin availability,642,252,0.0,0.0
NQ,revert-6-1.5,cost_stress,2354060058c8498ad69c397726d3d77068989c4f3a2a03df8d7cb42b93007edb,efbfd022ae1f4ae8,5.0,2,0.0,0.0,1,7453d8f230dd1ef7fc361e23f107762c1d6acd102f692da6cec81296535d87ef,2016,ok,39,-1335.0,-3285.0,650.0,1300.0,65,130,-0.03285,-84.23076923076923,-0.21226153846153845,0.0156827918278019,-13.534678059377711,-0.03285,"conditional complete-window sum on stated capital, not live equity or intraday drawdown",0.1907051282051282,95932.30324074073,mean across entered windows; not equal-risk sizing or margin availability,39,252,0.0,0.0
NQ,revert-6-1.5,cost_stress,2354060058c8498ad69c397726d3d77068989c4f3a2a03df8d7cb42b93007edb,efbfd022ae1f4ae8,5.0,2,0.0,0.0,1,7453d8f230dd1ef7fc361e23f107762c1d6acd102f692da6cec81296535d87ef,2017,ok,117,100.0,-5330.0,1810.0,3620.0,181,362,-0.0533,-45.55555555555556,-0.1148,0.012759668409917026,-8.997099008527176,-0.0533,"conditional complete-window sum on stated capital, not live equity or intraday drawdown",0.15117521367521367,116695.34653465346,mean across entered windows; not equal-risk sizing or margin availability,117,252,0.0,0.0
NQ,revert-6-1.5,cost_stress,2354060058c8498ad69c397726d3d77068989c4f3a2a03df8d7cb42b93007edb,efbfd022ae1f4ae8,5.0,2,0.0,0.0,1,7453d8f230dd1ef7fc361e23f107762c1d6acd102f692da6cec81296535d87ef,2018,ok,228,-2105.0,-13115.0,3670.0,7340.0,367,734,-0.13115,-57.521929824561404,-0.14495526315789475,0.034925784577531434,-4.150379580911342,-0.14179328268692523,"conditional complete-window sum on stated capital, not live equity or intraday drawdown",0.16282894736842105,139757.51001602566,mean across entered windows; not equal-risk sizing or margin availability,228,252,0.0,0.0
NQ,revert-6-1.5,cost_stress,2354060058c8498ad69c397726d3d77068989c4f3a2a03df8d7cb42b93007edb,efbfd022ae1f4ae8,5.0,2,0.0,0.0,1,7453d8f230dd1ef7fc361e23f107762c1d6acd102f692da6cec81296535d87ef,2019,ok,244,310.0,-11540.0,3950.0,7900.0,395,790,-0.1154,-47.295081967213115,-0.11918360655737704,0.03493047131590041,-3.412024002754423,-0.118013661065962,"conditional complete-window sum on stated capital, not live equity or intraday drawdown",0.15923838797814208,152542.5250771605,mean across entered windows; not equal-risk sizing or margin availability,244,252,0.0,0.0
NQ,revert-6-1.5,cost_stress,2354060058c8498ad69c397726d3d77068989c4f3a2a03df8d7cb42b93007edb,efbfd022ae1f4ae8,5.0,2,0.0,0.0,1,7453d8f230dd1ef7fc361e23f107762c1d6acd102f692da6cec81296535d87ef,2020,ok,245,9195.0,-3675.0,4290.0,8580.0,429,858,-0.03675,-15.0,-0.03779999999999999,0.09167923992260672,-0.4123070831729168,-0.06488004335188925,"conditional complete-window sum on stated capital, not live equity or intraday drawdown",0.1647108843537415,206918.05309734514,mean across entered windows; not equal-risk sizing or margin availability,245,252,0.0,0.0
NQ,revert-6-1.5,cost_stress,2354060058c8498ad69c397726d3d77068989c4f3a2a03df8d7cb42b93007edb,efbfd022ae1f4ae8,5.0,2,0.0,0.0,1,7453d8f230dd1ef7fc361e23f107762c1d6acd102f692da6cec81296535d87ef,2021,ok,249,2735.0,-9745.0,4160.0,8320.0,416,832,-0.09745,-39.136546184738954,-0.09862409638554218,0.06816671545554245,-1.4468072244123846,-0.14089413586220245,"conditional complete-window sum on stated capital, not live equity or intraday drawdown",0.15327978580990628,288685.0652841782,mean across entered windows; not equal-risk sizing or margin availability,249,252,0.0,0.0
NQ,revert-6-1.5,cost_stress,2354060058c8498ad69c397726d3d77068989c4f3a2a03df8d7cb42b93007edb,efbfd022ae1f4ae8,5.0,2,0.0,0.0,1,7453d8f230dd1ef7fc361e23f107762c1d6acd102f692da6cec81296535d87ef,2022,ok,252,6070.0,-6770.0,4280.0,8560.0,428,856,-0.0677,-26.865079365079364,-0.0677,0.07849786227961957,-0.8624438683290996,-0.11587194119353902,"conditional complete-window sum on stated capital, not live equity or intraday drawdown",0.16881613756613756,256206.17604617606,mean across entered windows; not equal-risk sizing or margin availability,252,252,0.0,0.0
NQ,revert-6-1.5,cost_stress,2354060058c8498ad69c397726d3d77068989c4f3a2a03df8d7cb42b93007edb,efbfd022ae1f4ae8,5.0,2,0.0,0.0,1,7453d8f230dd1ef7fc361e23f107762c1d6acd102f692da6cec81296535d87ef,2023,ok,251,-3290.0,-16010.0,4240.0,8480.0,424,848,-0.1601,-63.78486055776892,-0.1607378486055777,0.06333861351303001,-2.5377544548320548,-0.1626,"conditional complete-window sum on stated capital, not live equity or intraday drawdown",0.1689907038512616,284566.80916305917,mean across entered windows; not equal-risk sizing or margin availability,251,252,0.0,0.0
NQ,revert-6-1.5,cost_stress,2354060058c8498ad69c397726d3d77068989c4f3a2a03df8d7cb42b93007edb,efbfd022ae1f4ae8,5.0,2,0.0,0.0,1,7453d8f230dd1ef7fc361e23f107762c1d6acd102f692da6cec81296535d87ef,2024,ok,251,1015.0,-10895.0,3970.0,7940.0,397,794,-0.10895,-43.40637450199203,-0.10938406374501992,0.07464014834537724,-1.465485615581504,-0.11235,"conditional complete-window sum on stated capital, not live equity or intraday drawdown",0.14898738379814078,382570.68098384724,mean across entered windows; not equal-risk sizing or margin availability,251,252,0.0,0.0
NQ,revert-6-1.5,cost_stress,2354060058c8498ad69c397726d3d77068989c4f3a2a03df8d7cb42b93007edb,efbfd022ae1f4ae8,5.0,2,0.0,0.0,1,7453d8f230dd1ef7fc361e23f107762c1d6acd102f692da6cec81296535d87ef,2025,ok,244,-23235.0,-34665.0,3810.0,7620.0,381,762,-0.34665,-142.06967213114754,-0.35801557377049176,0.1347399557836428,-2.6570854331091764,-0.3588729609490855,"conditional complete-window sum on stated capital, not live equity or intraday drawdown",0.15479849726775957,451580.7855504587,mean across entered windows; not equal-risk sizing or margin availability,244,252,0.0,0.0
NQ,revert-6-1.5,cost_stress,2354060058c8498ad69c397726d3d77068989c4f3a2a03df8d7cb42b93007edb,efbfd022ae1f4ae8,5.0,2,0.0,0.0,1,7453d8f230dd1ef7fc361e23f107762c1d6acd102f692da6cec81296535d87ef,2026,ok,147,16970.0,9890.0,2360.0,4720.0,236,472,0.0989,67.27891156462584,0.16954285714285713,0.13139613720653448,1.2903184275224306,-0.05994253442980283,"conditional complete-window sum on stated capital, not live equity or intraday drawdown",0.153202947845805,543806.2659033078,mean across entered windows; not equal-risk sizing or margin availability,147,252,0.0,0.0
NQ,revert-6-1.5,delay_stress,2354060058c8498ad69c397726d3d77068989c4f3a2a03df8d7cb42b93007edb,dcda12d0ca3a3f98,2.5,1,0.0,0.0,5,7453d8f230dd1ef7fc361e23f107762c1d6acd102f692da6cec81296535d87ef,whole,ok,2267,890.0,-53320.0,18070.0,36140.0,3614,7228,-0.5332,-23.5200705778562,-0.059270577856197625,0.07587840468982729,-0.7811257774656903,-0.71575,"conditional complete-window sum on stated capital, not live equity or intraday drawdown",0.1565854286134392,278510.5404351396,mean across entered windows; not equal-risk sizing or margin availability,2267,252,0.0,0.0
NQ,revert-6-1.5,delay_stress,2354060058c8498ad69c397726d3d77068989c4f3a2a03df8d7cb42b93007edb,dcda12d0ca3a3f98,2.5,1,0.0,0.0,5,7453d8f230dd1ef7fc361e23f107762c1d6acd102f692da6cec81296535d87ef,development,ok,1122,3180.0,-23865.0,9015.0,18030.0,1803,3606,-0.23865,-21.27005347593583,-0.05360053475935829,0.05105850261229296,-1.0497866568153784,-0.24045,"conditional complete-window sum on stated capital, not live equity or intraday drawdown",0.15702985739750447,186099.59879638915,mean across entered windows; not equal-risk sizing or margin availability,1122,252,0.0,0.0
NQ,revert-6-1.5,delay_stress,2354060058c8498ad69c397726d3d77068989c4f3a2a03df8d7cb42b93007edb,dcda12d0ca3a3f98,2.5,1,0.0,0.0,5,7453d8f230dd1ef7fc361e23f107762c1d6acd102f692da6cec81296535d87ef,validation,ok,503,1265.0,-11125.0,4130.0,8260.0,826,1652,-0.11125,-22.117296222664017,-0.05573558648111332,0.06739866180833072,-0.8269539036192587,-0.1404950495049505,"conditional complete-window sum on stated capital, not live equity or intraday drawdown",0.1655897945659377,270470.7489106754,mean across entered windows; not equal-risk sizing or margin availability,503,252,0.0,0.0
NQ,revert-6-1.5,delay_stress,2354060058c8498ad69c397726d3d77068989c4f3a2a03df8d7cb42b93007edb,dcda12d0ca3a3f98,2.5,1,0.0,0.0,5,7453d8f230dd1ef7fc361e23f107762c1d6acd102f692da6cec81296535d87ef,historical_final,ok,642,-3555.0,-18330.0,4925.0,9850.0,985,1970,-0.1833,-28.55140186915888,-0.07194953271028037,0.11061592877324901,-0.6504445924580115,-0.36960087479496995,"conditional complete-window sum on stated capital, not live equity or intraday drawdown",0.14875389408099687,445451.26016260165,mean across entered windows; not equal-risk sizing or margin availability,642,252,0.0,0.0
NQ,revert-6-1.5,delay_stress,2354060058c8498ad69c397726d3d77068989c4f3a2a03df8d7cb42b93007edb,dcda12d0ca3a3f98,2.5,1,0.0,0.0,5,7453d8f230dd1ef7fc361e23f107762c1d6acd102f692da6cec81296535d87ef,2016,ok,39,-1135.0,-2110.0,325.0,650.0,65,130,-0.0211,-54.1025641025641,-0.13633846153846152,0.014072947603505536,-9.68798189119243,-0.0211,"conditional complete-window sum on stated capital, not live equity or intraday drawdown",0.19123931623931623,95924.29398148149,mean across entered windows; not equal-risk sizing or margin availability,39,252,0.0,0.0
NQ,revert-6-1.5,delay_stress,2354060058c8498ad69c397726d3d77068989c4f3a2a03df8d7cb42b93007edb,dcda12d0ca3a3f98,2.5,1,0.0,0.0,5,7453d8f230dd1ef7fc361e23f107762c1d6acd102f692da6cec81296535d87ef,2017,ok,117,435.0,-2220.0,885.0,1770.0,177,354,-0.0222,-18.974358974358974,-0.047815384615384614,0.012614017401813848,-3.7906547210335186,-0.0222,"conditional complete-window sum on stated capital, not live equity or intraday drawdown",0.14868233618233617,116667.51666666668,mean across entered windows; not equal-risk sizing or margin availability,117,252,0.0,0.0
NQ,revert-6-1.5,delay_stress,2354060058c8498ad69c397726d3d77068989c4f3a2a03df8d7cb42b93007edb,dcda12d0ca3a3f98,2.5,1,0.0,0.0,5,7453d8f230dd1ef7fc361e23f107762c1d6acd102f692da6cec81296535d87ef,2018,ok,228,-210.0,-5505.0,1765.0,3530.0,353,706,-0.05505,-24.144736842105264,-0.060844736842105264,0.03055940753202777,-1.9910312979182263,-0.06742640075973409,"conditional complete-window sum on stated capital, not live equity or intraday drawdown",0.1578033625730994,139713.9512195122,mean across entered windows; not equal-risk sizing or margin availability,228,252,0.0,0.0
NQ,revert-6-1.5,delay_stress,2354060058c8498ad69c397726d3d77068989c4f3a2a03df8d7cb42b93007edb,dcda12d0ca3a3f98,2.5,1,0.0,0.0,5,7453d8f230dd1ef7fc361e23f107762c1d6acd102f692da6cec81296535d87ef,2019,ok,244,3210.0,-2595.0,1935.0,3870.0,387,774,-0.02595,-10.635245901639344,-0.02680081967213115,0.029374285998117654,-0.9123905062355757,-0.04093364388720948,"conditional complete-window sum on stated capital, not live equity or intraday drawdown",0.1572745901639344,152481.06782945737,mean across entered windows; not equal-risk sizing or margin availability,244,252,0.0,0.0
NQ,revert-6-1.5,delay_stress,2354060058c8498ad69c397726d3d77068989c4f3a2a03df8d7cb42b93007edb,dcda12d0ca3a3f98,2.5,1,0.0,0.0,5,7453d8f230dd1ef7fc361e23f107762c1d6acd102f692da6cec81296535d87ef,2020,ok,245,95.0,-6205.0,2100.0,4200.0,420,840,-0.06205,-25.3265306122449,-0.06382285714285714,0.08027879907420298,-0.795015095876866,-0.08071792859945076,"conditional complete-window sum on stated capital, not live equity or intraday drawdown",0.16241496598639457,206921.87686011902,mean across entered windows; not equal-risk sizing or margin availability,245,252,0.0,0.0
NQ,revert-6-1.5,delay_stress,2354060058c8498ad69c397726d3d77068989c4f3a2a03df8d7cb42b93007edb,dcda12d0ca3a3f98,2.5,1,0.0,0.0,5,7453d8f230dd1ef7fc361e23f107762c1d6acd102f692da6cec81296535d87ef,2021,ok,249,785.0,-5230.0,2005.0,4010.0,401,802,-0.0523,-21.004016064257026,-0.0529301204819277,0.060253014069261514,-0.8784642776722165,-0.08142753095411508,"conditional complete-window sum on stated capital, not live equity or intraday drawdown",0.14934738955823293,288691.1693548387,mean across entered windows; not equal-risk sizing or margin availability,249,252,0.0,0.0
NQ,revert-6-1.5,delay_stress,2354060058c8498ad69c397726d3d77068989c4f3a2a03df8d7cb42b93007edb,dcda12d0ca3a3f98,2.5,1,0.0,0.0,5,7453d8f230dd1ef7fc361e23f107762c1d6acd102f692da6cec81296535d87ef,2022,ok,252,3320.0,-2890.0,2070.0,4140.0,414,828,-0.0289,-11.468253968253968,-0.028900000000000002,0.07375372149432834,-0.3918446339310813,-0.06737623762376238,"conditional complete-window sum on stated capital, not live equity or intraday drawdown",0.16476521164021163,256195.13523391815,mean across entered windows; not equal-risk sizing or margin availability,252,252,0.0,0.0
NQ,revert-6-1.5,delay_stress,2354060058c8498ad69c397726d3d77068989c4f3a2a03df8d7cb42b93007edb,dcda12d0ca3a3f98,2.5,1,0.0,0.0,5,7453d8f230dd1ef7fc361e23f107762c1d6acd102f692da6cec81296535d87ef,2023,ok,251,-2055.0,-8235.0,2060.0,4120.0,412,824,-0.08235,-32.808764940239044,-0.08267808764940239,0.06045128053174959,-1.3676813282057618,-0.1275592082867286,"conditional complete-window sum on stated capital, not live equity or intraday drawdown",0.1664176626826029,284560.96500721504,mean across entered windows; not equal-risk sizing or margin availability,251,252,0.0,0.0
NQ,revert-6-1.5,delay_stress,2354060058c8498ad69c397726d3d77068989c4f3a2a03df8d7cb42b93007edb,dcda12d0ca3a3f98,2.5,1,0.0,0.0,5,7453d8f230dd1ef7fc361e23f107762c1d6acd102f692da6cec81296535d87ef,2024,ok,251,3295.0,-2525.0,1940.0,3880.0,388,776,-0.02525,-10.0597609561753,-0.025350597609561758,0.07439711304641757,-0.34074706089395035,-0.068,"conditional complete-window sum on stated capital, not live equity or intraday drawdown",0.14616533864541834,382471.0766961652,mean across entered windows; not equal-risk sizing or margin availability,251,252,0.0,0.0
NQ,revert-6-1.5,delay_stress,2354060058c8498ad69c397726d3d77068989c4f3a2a03df8d7cb42b93007edb,dcda12d0ca3a3f98,2.5,1,0.0,0.0,5,7453d8f230dd1ef7fc361e23f107762c1d6acd102f692da6cec81296535d87ef,2025,ok,244,-23760.0,-29295.0,1845.0,3690.0,369,738,-0.29295,-120.06147540983606,-0.3025549180327869,0.13122893868661756,-2.3055502929525766,-0.3040973429351875,"conditional complete-window sum on stated capital, not live equity or intraday drawdown",0.15112704918032788,451695.2016129032,mean across entered windows; not equal-risk sizing or margin availability,244,252,0.0,0.0
NQ,revert-6-1.5,delay_stress,2354060058c8498ad69c397726d3d77068989c4f3a2a03df8d7cb42b93007edb,dcda12d0ca3a3f98,2.5,1,0.0,0.0,5,7453d8f230dd1ef7fc361e23f107762c1d6acd102f692da6cec81296535d87ef,2026,ok,147,16910.0,13490.0,1140.0,2280.0,228,456,0.1349,91.7687074829932,0.23125714285714283,0.12184302981251874,1.8979923858835495,-0.053424112911241425,"conditional complete-window sum on stated capital, not live equity or intraday drawdown",0.14923469387755103,543761.0782442748,mean across entered windows; not equal-risk sizing or margin availability,147,252,0.0,0.0
NQ,revert-6-1.5,combined_stress,2354060058c8498ad69c397726d3d77068989c4f3a2a03df8d7cb42b93007edb,9e770daa72f457dc,5.0,2,0.0,0.0,5,7453d8f230dd1ef7fc361e23f107762c1d6acd102f692da6cec81296535d87ef,whole,ok,2267,890.0,-107530.0,36140.0,72280.0,3614,7228,-1.0753,-47.43273048081164,-0.11953048081164534,0.07585359852137673,-1.575805013099804,-1.2304,"conditional complete-window sum on stated capital, not live equity or intraday drawdown",0.1565854286134392,278510.5404351396,mean across entered windows; not equal-risk sizing or margin availability,2267,252,0.0,0.0
NQ,revert-6-1.5,combined_stress,2354060058c8498ad69c397726d3d77068989c4f3a2a03df8d7cb42b93007edb,9e770daa72f457dc,5.0,2,0.0,0.0,5,7453d8f230dd1ef7fc361e23f107762c1d6acd102f692da6cec81296535d87ef,development,ok,1122,3180.0,-50910.0,18030.0,36060.0,1803,3606,-0.5091,-45.37433155080214,-0.11434331550802139,0.0511075650926655,-2.2373070464362805,-0.51015,"conditional complete-window sum on stated capital, not live equity or intraday drawdown",0.15702985739750447,186099.59879638915,mean across entered windows; not equal-risk sizing or margin availability,1122,252,0.0,0.0
NQ,revert-6-1.5,combined_stress,2354060058c8498ad69c397726d3d77068989c4f3a2a03df8d7cb42b93007edb,9e770daa72f457dc,5.0,2,0.0,0.0,5,7453d8f230dd1ef7fc361e23f107762c1d6acd102f692da6cec81296535d87ef,validation,ok,503,1265.0,-23515.0,8260.0,16520.0,826,1652,-0.23515,-46.74950298210736,-0.11780874751491054,0.06729118953686725,-1.750730642833501,-0.25184634448574966,"conditional complete-window sum on stated capital, not live equity or intraday drawdown",0.1655897945659377,270470.7489106754,mean across entered windows; not equal-risk sizing or margin availability,503,252,0.0,0.0
NQ,revert-6-1.5,combined_stress,2354060058c8498ad69c397726d3d77068989c4f3a2a03df8d7cb42b93007edb,9e770daa72f457dc,5.0,2,0.0,0.0,5,7453d8f230dd1ef7fc361e23f107762c1d6acd102f692da6cec81296535d87ef,historical_final,ok,642,-3555.0,-33105.0,9850.0,19700.0,985,1970,-0.33105,-51.56542056074766,-0.1299448598130841,0.1105686316971521,-1.1752416378725168,-0.48615,"conditional complete-window sum on stated capital, not live equity or intraday drawdown",0.14875389408099687,445451.26016260165,mean across entered windows; not equal-risk sizing or margin availability,642,252,0.0,0.0
NQ,revert-6-1.5,combined_stress,2354060058c8498ad69c397726d3d77068989c4f3a2a03df8d7cb42b93007edb,9e770daa72f457dc,5.0,2,0.0,0.0,5,7453d8f230dd1ef7fc361e23f107762c1d6acd102f692da6cec81296535d87ef,2016,ok,39,-1135.0,-3085.0,650.0,1300.0,65,130,-0.03085,-79.1025641025641,-0.19933846153846152,0.014348279249056553,-13.892847921228514,-0.03085,"conditional complete-window sum on stated capital, not live equity or intraday drawdown",0.19123931623931623,95924.29398148149,mean across entered windows; not equal-risk sizing or margin availability,39,252,0.0,0.0
NQ,revert-6-1.5,combined_stress,2354060058c8498ad69c397726d3d77068989c4f3a2a03df8d7cb42b93007edb,9e770daa72f457dc,5.0,2,0.0,0.0,5,7453d8f230dd1ef7fc361e23f107762c1d6acd102f692da6cec81296535d87ef,2017,ok,117,435.0,-4875.0,1770.0,3540.0,177,354,-0.04875,-41.666666666666664,-0.105,0.013195002972651273,-7.957557888969718,-0.04875,"conditional complete-window sum on stated capital, not live equity or intraday drawdown",0.14868233618233617,116667.51666666668,mean across entered windows; not equal-risk sizing or margin availability,117,252,0.0,0.0
NQ,revert-6-1.5,combined_stress,2354060058c8498ad69c397726d3d77068989c4f3a2a03df8d7cb42b93007edb,9e770daa72f457dc,5.0,2,0.0,0.0,5,7453d8f230dd1ef7fc361e23f107762c1d6acd102f692da6cec81296535d87ef,2018,ok,228,-210.0,-10800.0,3530.0,7060.0,353,706,-0.108,-47.36842105263158,-0.11936842105263158,0.030722196378777884,-3.8854129952469245,-0.11724413779311034,"conditional complete-window sum on stated capital, not live equity or intraday drawdown",0.1578033625730994,139713.9512195122,mean across entered windows; not equal-risk sizing or margin availability,228,252,0.0,0.0
NQ,revert-6-1.5,combined_stress,2354060058c8498ad69c397726d3d77068989c4f3a2a03df8d7cb42b93007edb,9e770daa72f457dc,5.0,2,0.0,0.0,5,7453d8f230dd1ef7fc361e23f107762c1d6acd102f692da6cec81296535d87ef,2019,ok,244,3210.0,-8400.0,3870.0,7740.0,387,774,-0.084,-34.42622950819672,-0.08675409836065573,0.029367565304681143,-2.9540786735503497,-0.08651209174769384,"conditional complete-window sum on stated capital, not live equity or intraday drawdown",0.1572745901639344,152481.06782945737,mean across entered windows; not equal-risk sizing or margin availability,244,252,0.0,0.0
NQ,revert-6-1.5,combined_stress,2354060058c8498ad69c397726d3d77068989c4f3a2a03df8d7cb42b93007edb,9e770daa72f457dc,5.0,2,0.0,0.0,5,7453d8f230dd1ef7fc361e23f107762c1d6acd102f692da6cec81296535d87ef,2020,ok,245,95.0,-12505.0,4200.0,8400.0,420,840,-0.12505,-51.04081632653061,-0.12862285714285712,0.08022567201120046,-1.6032630692691472,-0.12555,"conditional complete-window sum on stated capital, not live equity or intraday drawdown",0.16241496598639457,206921.87686011902,mean across entered windows; not equal-risk sizing or margin availability,245,252,0.0,0.0
NQ,revert-6-1.5,combined_stress,2354060058c8498ad69c397726d3d77068989c4f3a2a03df8d7cb42b93007edb,9e770daa72f457dc,5.0,2,0.0,0.0,5,7453d8f230dd1ef7fc361e23f107762c1d6acd102f692da6cec81296535d87ef,2021,ok,249,785.0,-11245.0,4010.0,8020.0,401,802,-0.11245,-45.16064257028113,-0.11380481927710845,0.060363243798725666,-1.8853330622286903,-0.13237093222412527,"conditional complete-window sum on stated capital, not live equity or intraday drawdown",0.14934738955823293,288691.1693548387,mean across entered windows; not equal-risk sizing or margin availability,249,252,0.0,0.0
NQ,revert-6-1.5,combined_stress,2354060058c8498ad69c397726d3d77068989c4f3a2a03df8d7cb42b93007edb,9e770daa72f457dc,5.0,2,0.0,0.0,5,7453d8f230dd1ef7fc361e23f107762c1d6acd102f692da6cec81296535d87ef,2022,ok,252,3320.0,-9100.0,4140.0,8280.0,414,828,-0.091,-36.111111111111114,-0.09100000000000001,0.07357956801099921,-1.236756377618263,-0.11558859975216852,"conditional complete-window sum on stated capital, not live equity or intraday drawdown",0.16476521164021163,256195.13523391815,mean across entered windows; not equal-risk sizing or margin availability,252,252,0.0,0.0
NQ,revert-6-1.5,combined_stress,2354060058c8498ad69c397726d3d77068989c4f3a2a03df8d7cb42b93007edb,9e770daa72f457dc,5.0,2,0.0,0.0,5,7453d8f230dd1ef7fc361e23f107762c1d6acd102f692da6cec81296535d87ef,2023,ok,251,-2055.0,-14415.0,4120.0,8240.0,412,824,-0.14415,-57.430278884462155,-0.14472430278884463,0.06042403037709379,-2.3951448105273747,-0.16761811023622047,"conditional complete-window sum on stated capital, not live equity or intraday drawdown",0.1664176626826029,284560.96500721504,mean across entered windows; not equal-risk sizing or margin availability,251,252,0.0,0.0
NQ,revert-6-1.5,combined_stress,2354060058c8498ad69c397726d3d77068989c4f3a2a03df8d7cb42b93007edb,9e770daa72f457dc,5.0,2,0.0,0.0,5,7453d8f230dd1ef7fc361e23f107762c1d6acd102f692da6cec81296535d87ef,2024,ok,251,3295.0,-8345.0,3880.0,7760.0,388,776,-0.08345,-33.24701195219124,-0.08378247011952192,0.07427504191499393,-1.1280030001922992,-0.10205,"conditional complete-window sum on stated capital, not live equity or intraday drawdown",0.14616533864541834,382471.0766961652,mean across entered windows; not equal-risk sizing or margin availability,251,252,0.0,0.0
NQ,revert-6-1.5,combined_stress,2354060058c8498ad69c397726d3d77068989c4f3a2a03df8d7cb42b93007edb,9e770daa72f457dc,5.0,2,0.0,0.0,5,7453d8f230dd1ef7fc361e23f107762c1d6acd102f692da6cec81296535d87ef,2025,ok,244,-23760.0,-34830.0,3690.0,7380.0,369,738,-0.3483,-142.74590163934425,-0.35971967213114747,0.131344870994691,-2.738741676069616,-0.3574163393167918,"conditional complete-window sum on stated capital, not live equity or intraday drawdown",0.15112704918032788,451695.2016129032,mean across entered windows; not equal-risk sizing or margin availability,244,252,0.0,0.0
NQ,revert-6-1.5,combined_stress,2354060058c8498ad69c397726d3d77068989c4f3a2a03df8d7cb42b93007edb,9e770daa72f457dc,5.0,2,0.0,0.0,5,7453d8f230dd1ef7fc361e23f107762c1d6acd102f692da6cec81296535d87ef,2026,ok,147,16910.0,10070.0,2280.0,4560.0,228,456,0.1007,68.50340136054422,0.1726285714285714,0.12159173556025828,1.4197393485104124,-0.059432038593524646,"conditional complete-window sum on stated capital, not live equity or intraday drawdown",0.14923469387755103,543761.0782442748,mean across entered windows; not equal-risk sizing or margin availability,147,252,0.0,0.0
NQ,revert-12-0.5,base,2354060058c8498ad69c397726d3d77068989c4f3a2a03df8d7cb42b93007edb,4e90ec8f282e0711,2.5,1,0.0,0.0,1,7453d8f230dd1ef7fc361e23f107762c1d6acd102f692da6cec81296535d87ef,whole,ok,2267,-20065.0,-94030.0,24655.0,49310.0,4931,9862,-0.9403,-41.47772386413763,-0.10452386413762683,0.10032011206883545,-1.0419033829019941,-1.1171382861713828,"conditional complete-window sum on stated capital, not live equity or intraday drawdown",0.2843056168210557,278763.7577575894,mean across entered windows; not equal-risk sizing or margin availability,2267,252,0.0,0.0
NQ,revert-12-0.5,base,2354060058c8498ad69c397726d3d77068989c4f3a2a03df8d7cb42b93007edb,4e90ec8f282e0711,2.5,1,0.0,0.0,1,7453d8f230dd1ef7fc361e23f107762c1d6acd102f692da6cec81296535d87ef,development,ok,1122,-12265.0,-48415.0,12050.0,24100.0,2410,4820,-0.48415,-43.150623885918,-0.10873957219251336,0.07184625786403916,-1.5135036315780093,-0.5024497550244975,"conditional complete-window sum on stated capital, not live equity or intraday drawdown",0.28323677956030896,186545.65168029064,mean across entered windows; not equal-risk sizing or margin availability,1122,252,0.0,0.0
NQ,revert-12-0.5,base,2354060058c8498ad69c397726d3d77068989c4f3a2a03df8d7cb42b93007edb,4e90ec8f282e0711,2.5,1,0.0,0.0,1,7453d8f230dd1ef7fc361e23f107762c1d6acd102f692da6cec81296535d87ef,validation,ok,503,3075.0,-13515.0,5530.0,11060.0,1106,2212,-0.13515,-26.868787276341948,-0.0677093439363817,0.0981052889169594,-0.6901701700679345,-0.1998447054256042,"conditional complete-window sum on stated capital, not live equity or intraday drawdown",0.2940275016567263,270314.7966229839,mean across entered windows; not equal-risk sizing or margin availability,503,252,0.0,0.0
NQ,revert-12-0.5,base,2354060058c8498ad69c397726d3d77068989c4f3a2a03df8d7cb42b93007edb,4e90ec8f282e0711,2.5,1,0.0,0.0,1,7453d8f230dd1ef7fc361e23f107762c1d6acd102f692da6cec81296535d87ef,historical_final,ok,642,-10875.0,-32100.0,7075.0,14150.0,1415,2830,-0.321,-50.0,-0.126,0.13786482798608143,-0.913938687920611,-0.502649432971822,"conditional complete-window sum on stated capital, not live equity or intraday drawdown",0.2785565939771547,446046.7000263712,mean across entered windows; not equal-risk sizing or margin availability,642,252,0.0,0.0
NQ,revert-12-0.5,base,2354060058c8498ad69c397726d3d77068989c4f3a2a03df8d7cb42b93007edb,4e90ec8f282e0711,2.5,1,0.0,0.0,1,7453d8f230dd1ef7fc361e23f107762c1d6acd102f692da6cec81296535d87ef,2016,ok,39,-530.0,-1745.0,405.0,810.0,81,162,-0.01745,-44.743589743589745,-0.11275384615384616,0.01991980988641536,-5.6603876641784865,-0.017548245175482452,"conditional complete-window sum on stated capital, not live equity or intraday drawdown",0.29914529914529914,95957.55701754386,mean across entered windows; not equal-risk sizing or margin availability,39,252,0.0,0.0
NQ,revert-12-0.5,base,2354060058c8498ad69c397726d3d77068989c4f3a2a03df8d7cb42b93007edb,4e90ec8f282e0711,2.5,1,0.0,0.0,1,7453d8f230dd1ef7fc361e23f107762c1d6acd102f692da6cec81296535d87ef,2017,ok,117,-870.0,-4500.0,1210.0,2420.0,242,484,-0.045,-38.46153846153846,-0.09692307692307692,0.015209684284074413,-6.372458172886736,-0.04575,"conditional complete-window sum on stated capital, not live equity or intraday drawdown",0.2726139601139601,116723.33625730994,mean across entered windows; not equal-risk sizing or margin availability,117,252,0.0,0.0
NQ,revert-12-0.5,base,2354060058c8498ad69c397726d3d77068989c4f3a2a03df8d7cb42b93007edb,4e90ec8f282e0711,2.5,1,0.0,0.0,1,7453d8f230dd1ef7fc361e23f107762c1d6acd102f692da6cec81296535d87ef,2018,ok,228,-1055.0,-8255.0,2400.0,4800.0,480,960,-0.08255,-36.20614035087719,-0.09123947368421052,0.04482409729159115,-2.035500527555002,-0.10784901138406232,"conditional complete-window sum on stated capital, not live equity or intraday drawdown",0.2894736842105263,139877.29222720477,mean across entered windows; not equal-risk sizing or margin availability,228,252,0.0,0.0
NQ,revert-12-0.5,base,2354060058c8498ad69c397726d3d77068989c4f3a2a03df8d7cb42b93007edb,4e90ec8f282e0711,2.5,1,0.0,0.0,1,7453d8f230dd1ef7fc361e23f107762c1d6acd102f692da6cec81296535d87ef,2019,ok,244,1765.0,-6020.0,2595.0,5190.0,519,1038,-0.0602,-24.672131147540984,-0.06217377049180328,0.036369037786728474,-1.709524757195839,-0.0769382618565859,"conditional complete-window sum on stated capital, not live equity or intraday drawdown",0.2780908469945355,152562.99722222224,mean across entered windows; not equal-risk sizing or margin availability,244,252,0.0,0.0
NQ,revert-12-0.5,base,2354060058c8498ad69c397726d3d77068989c4f3a2a03df8d7cb42b93007edb,4e90ec8f282e0711,2.5,1,0.0,0.0,1,7453d8f230dd1ef7fc361e23f107762c1d6acd102f692da6cec81296535d87ef,2020,ok,245,-8935.0,-17035.0,2700.0,5400.0,540,1080,-0.17035,-69.53061224489795,-0.17521714285714282,0.11375539529114842,-1.540297428607124,-0.21539305119385874,"conditional complete-window sum on stated capital, not live equity or intraday drawdown",0.2873299319727891,206742.35709366394,mean across entered windows; not equal-risk sizing or margin availability,245,252,0.0,0.0
NQ,revert-12-0.5,base,2354060058c8498ad69c397726d3d77068989c4f3a2a03df8d7cb42b93007edb,4e90ec8f282e0711,2.5,1,0.0,0.0,1,7453d8f230dd1ef7fc361e23f107762c1d6acd102f692da6cec81296535d87ef,2021,ok,249,-2640.0,-10860.0,2740.0,5480.0,548,1096,-0.1086,-43.6144578313253,-0.10990843373493976,0.08526242705981685,-1.289060580668578,-0.1526517540880198,"conditional complete-window sum on stated capital, not live equity or intraday drawdown",0.2810408299866131,289321.7585382514,mean across entered windows; not equal-risk sizing or margin availability,249,252,0.0,0.0
NQ,revert-12-0.5,base,2354060058c8498ad69c397726d3d77068989c4f3a2a03df8d7cb42b93007edb,4e90ec8f282e0711,2.5,1,0.0,0.0,1,7453d8f230dd1ef7fc361e23f107762c1d6acd102f692da6cec81296535d87ef,2022,ok,252,4345.0,-3650.0,2665.0,5330.0,533,1066,-0.0365,-14.484126984126984,-0.0365,0.11062538900825204,-0.3299423425962128,-0.10234883043773658,"conditional complete-window sum on stated capital, not live equity or intraday drawdown",0.29282407407407407,256079.8056680162,mean across entered windows; not equal-risk sizing or margin availability,252,252,0.0,0.0
NQ,revert-12-0.5,base,2354060058c8498ad69c397726d3d77068989c4f3a2a03df8d7cb42b93007edb,4e90ec8f282e0711,2.5,1,0.0,0.0,1,7453d8f230dd1ef7fc361e23f107762c1d6acd102f692da6cec81296535d87ef,2023,ok,251,-1270.0,-9865.0,2865.0,5730.0,573,1146,-0.09865,-39.30278884462152,-0.09904302788844621,0.0838543755638024,-1.1811313031970194,-0.1391,"conditional complete-window sum on stated capital, not live equity or intraday drawdown",0.29523572377158036,284435.4503012048,mean across entered windows; not equal-risk sizing or margin availability,251,252,0.0,0.0
NQ,revert-12-0.5,base,2354060058c8498ad69c397726d3d77068989c4f3a2a03df8d7cb42b93007edb,4e90ec8f282e0711,2.5,1,0.0,0.0,1,7453d8f230dd1ef7fc361e23f107762c1d6acd102f692da6cec81296535d87ef,2024,ok,251,8015.0,-685.0,2900.0,5800.0,580,1160,-0.00685,-2.729083665338645,-0.006877290836653386,0.08491654304216038,-0.08098882255768311,-0.0913,"conditional complete-window sum on stated capital, not live equity or intraday drawdown",0.2763114209827357,383672.5738866397,mean across entered windows; not equal-risk sizing or margin availability,251,252,0.0,0.0
NQ,revert-12-0.5,base,2354060058c8498ad69c397726d3d77068989c4f3a2a03df8d7cb42b93007edb,4e90ec8f282e0711,2.5,1,0.0,0.0,1,7453d8f230dd1ef7fc361e23f107762c1d6acd102f692da6cec81296535d87ef,2025,ok,244,-21975.0,-29925.0,2650.0,5300.0,530,1060,-0.29925,-122.64344262295081,-0.30906147540983603,0.15774514090569133,-1.9592456137499028,-0.3188851418369371,"conditional complete-window sum on stated capital, not live equity or intraday drawdown",0.28048155737704916,451770.1849930844,mean across entered windows; not equal-risk sizing or margin availability,244,252,0.0,0.0
NQ,revert-12-0.5,base,2354060058c8498ad69c397726d3d77068989c4f3a2a03df8d7cb42b93007edb,4e90ec8f282e0711,2.5,1,0.0,0.0,1,7453d8f230dd1ef7fc361e23f107762c1d6acd102f692da6cec81296535d87ef,2026,ok,147,3085.0,-1490.0,1525.0,3050.0,305,610,-0.0149,-10.136054421768707,-0.025542857142857138,0.1712450537517574,-0.1491596783863021,-0.19736842105263158,"conditional complete-window sum on stated capital, not live equity or intraday drawdown",0.2791950113378685,543456.7644675927,mean across entered windows; not equal-risk sizing or margin availability,147,252,0.0,0.0
NQ,revert-12-0.5,gross_reference,2354060058c8498ad69c397726d3d77068989c4f3a2a03df8d7cb42b93007edb,ffabc5d8ea31082d,0.0,0,0.0,0.0,1,7453d8f230dd1ef7fc361e23f107762c1d6acd102f692da6cec81296535d87ef,whole,ok,2267,-20065.0,-20065.0,0.0,0.0,4931,9862,-0.20065,-8.850904278782531,-0.02230427878253198,0.1008449332555226,-0.2211740150198426,-0.39735560194850383,"conditional complete-window sum on stated capital, not live equity or intraday drawdown",0.2843056168210557,278763.7577575894,mean across entered windows; not equal-risk sizing or margin availability,2267,252,0.0,0.0
NQ,revert-12-0.5,gross_reference,2354060058c8498ad69c397726d3d77068989c4f3a2a03df8d7cb42b93007edb,ffabc5d8ea31082d,0.0,0,0.0,0.0,1,7453d8f230dd1ef7fc361e23f107762c1d6acd102f692da6cec81296535d87ef,development,ok,1122,-12265.0,-12265.0,0.0,0.0,2410,4820,-0.12265,-10.931372549019608,-0.02754705882352941,0.07228265130693615,-0.3811019425194498,-0.16780992146336615,"conditional complete-window sum on stated capital, not live equity or intraday drawdown",0.28323677956030896,186545.65168029064,mean across entered windows; not equal-risk sizing or margin availability,1122,252,0.0,0.0
NQ,revert-12-0.5,gross_reference,2354060058c8498ad69c397726d3d77068989c4f3a2a03df8d7cb42b93007edb,ffabc5d8ea31082d,0.0,0,0.0,0.0,1,7453d8f230dd1ef7fc361e23f107762c1d6acd102f692da6cec81296535d87ef,validation,ok,503,3075.0,3075.0,0.0,0.0,1106,2212,0.03075,6.113320079522863,0.015405566600397614,0.09869350912133658,0.15609503337709454,-0.0983226180693189,"conditional complete-window sum on stated capital, not live equity or intraday drawdown",0.2940275016567263,270314.7966229839,mean across entered windows; not equal-risk sizing or margin availability,503,252,0.0,0.0
NQ,revert-12-0.5,gross_reference,2354060058c8498ad69c397726d3d77068989c4f3a2a03df8d7cb42b93007edb,ffabc5d8ea31082d,0.0,0,0.0,0.0,1,7453d8f230dd1ef7fc361e23f107762c1d6acd102f692da6cec81296535d87ef,historical_final,ok,642,-10875.0,-10875.0,0.0,0.0,1415,2830,-0.10875,-16.939252336448597,-0.042686915887850466,0.13848893019902755,-0.30823341494878703,-0.3597468702710139,"conditional complete-window sum on stated capital, not live equity or intraday drawdown",0.2785565939771547,446046.7000263712,mean across entered windows; not equal-risk sizing or margin availability,642,252,0.0,0.0
NQ,revert-12-0.5,gross_reference,2354060058c8498ad69c397726d3d77068989c4f3a2a03df8d7cb42b93007edb,ffabc5d8ea31082d,0.0,0,0.0,0.0,1,7453d8f230dd1ef7fc361e23f107762c1d6acd102f692da6cec81296535d87ef,2016,ok,39,-530.0,-530.0,0.0,0.0,81,162,-0.0053,-13.58974358974359,-0.03424615384615385,0.019974665127695204,-1.7144794982655795,-0.011134307585247043,"conditional complete-window sum on stated capital, not live equity or intraday drawdown",0.29914529914529914,95957.55701754386,mean across entered windows; not equal-risk sizing or margin availability,39,252,0.0,0.0
NQ,revert-12-0.5,gross_reference,2354060058c8498ad69c397726d3d77068989c4f3a2a03df8d7cb42b93007edb,ffabc5d8ea31082d,0.0,0,0.0,0.0,1,7453d8f230dd1ef7fc361e23f107762c1d6acd102f692da6cec81296535d87ef,2017,ok,117,-870.0,-870.0,0.0,0.0,242,484,-0.0087,-7.435897435897436,-0.018738461538461537,0.015363928698083309,-1.2196399701333691,-0.0155,"conditional complete-window sum on stated capital, not live equity or intraday drawdown",0.2726139601139601,116723.33625730994,mean across entered windows; not equal-risk sizing or margin availability,117,252,0.0,0.0
NQ,revert-12-0.5,gross_reference,2354060058c8498ad69c397726d3d77068989c4f3a2a03df8d7cb42b93007edb,ffabc5d8ea31082d,0.0,0,0.0,0.0,1,7453d8f230dd1ef7fc361e23f107762c1d6acd102f692da6cec81296535d87ef,2018,ok,228,-1055.0,-1055.0,0.0,0.0,480,960,-0.01055,-4.62719298245614,-0.011660526315789474,0.04526751377901044,-0.25759148984224106,-0.043995421290996865,"conditional complete-window sum on stated capital, not live equity or intraday drawdown",0.2894736842105263,139877.29222720477,mean across entered windows; not equal-risk sizing or margin availability,228,252,0.0,0.0
NQ,revert-12-0.5,gross_reference,2354060058c8498ad69c397726d3d77068989c4f3a2a03df8d7cb42b93007edb,ffabc5d8ea31082d,0.0,0,0.0,0.0,1,7453d8f230dd1ef7fc361e23f107762c1d6acd102f692da6cec81296535d87ef,2019,ok,244,1765.0,1765.0,0.0,0.0,519,1038,0.01765,7.233606557377049,0.018228688524590163,0.03705305581259944,0.4919618132653913,-0.031151574803149607,"conditional complete-window sum on stated capital, not live equity or intraday drawdown",0.2780908469945355,152562.99722222224,mean across entered windows; not equal-risk sizing or margin availability,244,252,0.0,0.0
NQ,revert-12-0.5,gross_reference,2354060058c8498ad69c397726d3d77068989c4f3a2a03df8d7cb42b93007edb,ffabc5d8ea31082d,0.0,0,0.0,0.0,1,7453d8f230dd1ef7fc361e23f107762c1d6acd102f692da6cec81296535d87ef,2020,ok,245,-8935.0,-8935.0,0.0,0.0,540,1080,-0.08935,-36.46938775510204,-0.09190285714285715,0.11422175888921986,-0.8046002621268588,-0.16332094175960346,"conditional complete-window sum on stated capital, not live equity or intraday drawdown",0.2873299319727891,206742.35709366394,mean across entered windows; not equal-risk sizing or margin availability,245,252,0.0,0.0
NQ,revert-12-0.5,gross_reference,2354060058c8498ad69c397726d3d77068989c4f3a2a03df8d7cb42b93007edb,ffabc5d8ea31082d,0.0,0,0.0,0.0,1,7453d8f230dd1ef7fc361e23f107762c1d6acd102f692da6cec81296535d87ef,2021,ok,249,-2640.0,-2640.0,0.0,0.0,548,1096,-0.0264,-10.602409638554217,-0.026718072289156625,0.08580637953977582,-0.3113762919780502,-0.08661228406909789,"conditional complete-window sum on stated capital, not live equity or intraday drawdown",0.2810408299866131,289321.7585382514,mean across entered windows; not equal-risk sizing or margin availability,249,252,0.0,0.0
NQ,revert-12-0.5,gross_reference,2354060058c8498ad69c397726d3d77068989c4f3a2a03df8d7cb42b93007edb,ffabc5d8ea31082d,0.0,0,0.0,0.0,1,7453d8f230dd1ef7fc361e23f107762c1d6acd102f692da6cec81296535d87ef,2022,ok,252,4345.0,4345.0,0.0,0.0,533,1066,0.04345,17.24206349206349,0.043449999999999996,0.1112127749171869,0.39069252639685015,-0.0983226180693189,"conditional complete-window sum on stated capital, not live equity or intraday drawdown",0.29282407407407407,256079.8056680162,mean across entered windows; not equal-risk sizing or margin availability,252,252,0.0,0.0
NQ,revert-12-0.5,gross_reference,2354060058c8498ad69c397726d3d77068989c4f3a2a03df8d7cb42b93007edb,ffabc5d8ea31082d,0.0,0,0.0,0.0,1,7453d8f230dd1ef7fc361e23f107762c1d6acd102f692da6cec81296535d87ef,2023,ok,251,-1270.0,-1270.0,0.0,0.0,573,1146,-0.0127,-5.059760956175299,-0.012750597609561752,0.08446704605727275,-0.15095351624959433,-0.07630103686064395,"conditional complete-window sum on stated capital, not live equity or intraday drawdown",0.29523572377158036,284435.4503012048,mean across entered windows; not equal-risk sizing or margin availability,251,252,0.0,0.0
NQ,revert-12-0.5,gross_reference,2354060058c8498ad69c397726d3d77068989c4f3a2a03df8d7cb42b93007edb,ffabc5d8ea31082d,0.0,0,0.0,0.0,1,7453d8f230dd1ef7fc361e23f107762c1d6acd102f692da6cec81296535d87ef,2024,ok,251,8015.0,8015.0,0.0,0.0,580,1160,0.08015,31.932270916334662,0.08046932270916335,0.08563218539275663,0.9397088529282124,-0.0666,"conditional complete-window sum on stated capital, not live equity or intraday drawdown",0.2763114209827357,383672.5738866397,mean across entered windows; not equal-risk sizing or margin availability,251,252,0.0,0.0
NQ,revert-12-0.5,gross_reference,2354060058c8498ad69c397726d3d77068989c4f3a2a03df8d7cb42b93007edb,ffabc5d8ea31082d,0.0,0,0.0,0.0,1,7453d8f230dd1ef7fc361e23f107762c1d6acd102f692da6cec81296535d87ef,2025,ok,244,-21975.0,-21975.0,0.0,0.0,530,1060,-0.21975,-90.06147540983606,-0.2269549180327869,0.1582669389937319,-1.4340008057006481,-0.24732726192833102,"conditional complete-window sum on stated capital, not live equity or intraday drawdown",0.28048155737704916,451770.1849930844,mean across entered windows; not equal-risk sizing or margin availability,244,252,0.0,0.0
NQ,revert-12-0.5,gross_reference,2354060058c8498ad69c397726d3d77068989c4f3a2a03df8d7cb42b93007edb,ffabc5d8ea31082d,0.0,0,0.0,0.0,1,7453d8f230dd1ef7fc361e23f107762c1d6acd102f692da6cec81296535d87ef,2026,ok,147,3085.0,3085.0,0.0,0.0,305,610,0.03085,20.98639455782313,0.052885714285714286,0.17202579660235026,0.3074289747831445,-0.16874224758124534,"conditional complete-window sum on stated capital, not live equity or intraday drawdown",0.2791950113378685,543456.7644675927,mean across entered windows; not equal-risk sizing or margin availability,147,252,0.0,0.0
NQ,revert-12-0.5,cost_stress,2354060058c8498ad69c397726d3d77068989c4f3a2a03df8d7cb42b93007edb,921f83da08d0d902,5.0,2,0.0,0.0,1,7453d8f230dd1ef7fc361e23f107762c1d6acd102f692da6cec81296535d87ef,whole,ok,2267,-20065.0,-167995.0,49310.0,98620.0,4931,9862,-1.67995,-74.10454344949272,-0.18674344949272165,0.09984826690657903,-1.8702723169691504,-1.8409,"conditional complete-window sum on stated capital, not live equity or intraday drawdown",0.2843056168210557,278763.7577575894,mean across entered windows; not equal-risk sizing or margin availability,2267,252,0.0,0.0
NQ,revert-12-0.5,cost_stress,2354060058c8498ad69c397726d3d77068989c4f3a2a03df8d7cb42b93007edb,921f83da08d0d902,5.0,2,0.0,0.0,1,7453d8f230dd1ef7fc361e23f107762c1d6acd102f692da6cec81296535d87ef,development,ok,1122,-12265.0,-84565.0,24100.0,48200.0,2410,4820,-0.84565,-75.3698752228164,-0.18993208556149732,0.07148248446959235,-2.6570437075713533,-0.8603,"conditional complete-window sum on stated capital, not live equity or intraday drawdown",0.28323677956030896,186545.65168029064,mean across entered windows; not equal-risk sizing or margin availability,1122,252,0.0,0.0
NQ,revert-12-0.5,cost_stress,2354060058c8498ad69c397726d3d77068989c4f3a2a03df8d7cb42b93007edb,921f83da08d0d902,5.0,2,0.0,0.0,1,7453d8f230dd1ef7fc361e23f107762c1d6acd102f692da6cec81296535d87ef,validation,ok,503,3075.0,-30105.0,11060.0,22120.0,1106,2212,-0.30105,-59.85089463220676,-0.15082425447316103,0.09757258885567052,-1.5457646070686968,-0.3428501827040195,"conditional complete-window sum on stated capital, not live equity or intraday drawdown",0.2940275016567263,270314.7966229839,mean across entered windows; not equal-risk sizing or margin availability,503,252,0.0,0.0
NQ,revert-12-0.5,cost_stress,2354060058c8498ad69c397726d3d77068989c4f3a2a03df8d7cb42b93007edb,921f83da08d0d902,5.0,2,0.0,0.0,1,7453d8f230dd1ef7fc361e23f107762c1d6acd102f692da6cec81296535d87ef,historical_final,ok,642,-10875.0,-53325.0,14150.0,28300.0,1415,2830,-0.53325,-83.0607476635514,-0.20931308411214952,0.13727966494924138,-1.5247202430858366,-0.6942,"conditional complete-window sum on stated capital, not live equity or intraday drawdown",0.2785565939771547,446046.7000263712,mean across entered windows; not equal-risk sizing or margin availability,642,252,0.0,0.0
NQ,revert-12-0.5,cost_stress,2354060058c8498ad69c397726d3d77068989c4f3a2a03df8d7cb42b93007edb,921f83da08d0d902,5.0,2,0.0,0.0,1,7453d8f230dd1ef7fc361e23f107762c1d6acd102f692da6cec81296535d87ef,2016,ok,39,-530.0,-2960.0,810.0,1620.0,81,162,-0.0296,-75.8974358974359,-0.19126153846153846,0.020094591090468038,-9.518060735869579,-0.0296,"conditional complete-window sum on stated capital, not live equity or intraday drawdown",0.29914529914529914,95957.55701754386,mean across entered windows; not equal-risk sizing or margin availability,39,252,0.0,0.0
NQ,revert-12-0.5,cost_stress,2354060058c8498ad69c397726d3d77068989c4f3a2a03df8d7cb42b93007edb,921f83da08d0d902,5.0,2,0.0,0.0,1,7453d8f230dd1ef7fc361e23f107762c1d6acd102f692da6cec81296535d87ef,2017,ok,117,-870.0,-8130.0,2420.0,4840.0,242,484,-0.0813,-69.48717948717949,-0.17510769230769233,0.015462157535411006,-11.324919689032113,-0.0813,"conditional complete-window sum on stated capital, not live equity or intraday drawdown",0.2726139601139601,116723.33625730994,mean across entered windows; not equal-risk sizing or margin availability,117,252,0.0,0.0
NQ,revert-12-0.5,cost_stress,2354060058c8498ad69c397726d3d77068989c4f3a2a03df8d7cb42b93007edb,921f83da08d0d902,5.0,2,0.0,0.0,1,7453d8f230dd1ef7fc361e23f107762c1d6acd102f692da6cec81296535d87ef,2018,ok,228,-1055.0,-15455.0,4800.0,9600.0,480,960,-0.15455,-67.78508771929825,-0.17081842105263156,0.04448726308965791,-3.8397152171031683,-0.17365,"conditional complete-window sum on stated capital, not live equity or intraday drawdown",0.2894736842105263,139877.29222720477,mean across entered windows; not equal-risk sizing or margin availability,228,252,0.0,0.0
NQ,revert-12-0.5,cost_stress,2354060058c8498ad69c397726d3d77068989c4f3a2a03df8d7cb42b93007edb,921f83da08d0d902,5.0,2,0.0,0.0,1,7453d8f230dd1ef7fc361e23f107762c1d6acd102f692da6cec81296535d87ef,2019,ok,244,1765.0,-13805.0,5190.0,10380.0,519,1038,-0.13805,-56.57786885245902,-0.14257622950819673,0.035818818278466655,-3.9804839009418096,-0.14784972812654473,"conditional complete-window sum on stated capital, not live equity or intraday drawdown",0.2780908469945355,152562.99722222224,mean across entered windows; not equal-risk sizing or margin availability,244,252,0.0,0.0
NQ,revert-12-0.5,cost_stress,2354060058c8498ad69c397726d3d77068989c4f3a2a03df8d7cb42b93007edb,921f83da08d0d902,5.0,2,0.0,0.0,1,7453d8f230dd1ef7fc361e23f107762c1d6acd102f692da6cec81296535d87ef,2020,ok,245,-8935.0,-25135.0,5400.0,10800.0,540,1080,-0.25135,-102.59183673469387,-0.2585314285714285,0.11333095766325808,-2.28120748206864,-0.27,"conditional complete-window sum on stated capital, not live equity or intraday drawdown",0.2873299319727891,206742.35709366394,mean across entered windows; not equal-risk sizing or margin availability,245,252,0.0,0.0
NQ,revert-12-0.5,cost_stress,2354060058c8498ad69c397726d3d77068989c4f3a2a03df8d7cb42b93007edb,921f83da08d0d902,5.0,2,0.0,0.0,1,7453d8f230dd1ef7fc361e23f107762c1d6acd102f692da6cec81296535d87ef,2021,ok,249,-2640.0,-19080.0,5480.0,10960.0,548,1096,-0.1908,-76.62650602409639,-0.19309879518072287,0.08478672888297718,-2.2774648547561998,-0.22194477085781433,"conditional complete-window sum on stated capital, not live equity or intraday drawdown",0.2810408299866131,289321.7585382514,mean across entered windows; not equal-risk sizing or margin availability,249,252,0.0,0.0
NQ,revert-12-0.5,cost_stress,2354060058c8498ad69c397726d3d77068989c4f3a2a03df8d7cb42b93007edb,921f83da08d0d902,5.0,2,0.0,0.0,1,7453d8f230dd1ef7fc361e23f107762c1d6acd102f692da6cec81296535d87ef,2022,ok,252,4345.0,-11645.0,5330.0,10660.0,533,1066,-0.11645,-46.21031746031746,-0.11645000000000001,0.11008159573299937,-1.0578516710681327,-0.1436297198538368,"conditional complete-window sum on stated capital, not live equity or intraday drawdown",0.29282407407407407,256079.8056680162,mean across entered windows; not equal-risk sizing or margin availability,252,252,0.0,0.0
NQ,revert-12-0.5,cost_stress,2354060058c8498ad69c397726d3d77068989c4f3a2a03df8d7cb42b93007edb,921f83da08d0d902,5.0,2,0.0,0.0,1,7453d8f230dd1ef7fc361e23f107762c1d6acd102f692da6cec81296535d87ef,2023,ok,251,-1270.0,-18460.0,5730.0,11460.0,573,1146,-0.1846,-73.54581673306772,-0.18533545816733066,0.08331315849065647,-2.2245640607673756,-0.20915,"conditional complete-window sum on stated capital, not live equity or intraday drawdown",0.29523572377158036,284435.4503012048,mean across entered windows; not equal-risk sizing or margin availability,251,252,0.0,0.0
NQ,revert-12-0.5,cost_stress,2354060058c8498ad69c397726d3d77068989c4f3a2a03df8d7cb42b93007edb,921f83da08d0d902,5.0,2,0.0,0.0,1,7453d8f230dd1ef7fc361e23f107762c1d6acd102f692da6cec81296535d87ef,2024,ok,251,8015.0,-9385.0,5800.0,11600.0,580,1160,-0.09385,-37.39043824701195,-0.09422390438247011,0.08426314726079737,-1.1182101244194438,-0.118,"conditional complete-window sum on stated capital, not live equity or intraday drawdown",0.2763114209827357,383672.5738866397,mean across entered windows; not equal-risk sizing or margin availability,251,252,0.0,0.0
NQ,revert-12-0.5,cost_stress,2354060058c8498ad69c397726d3d77068989c4f3a2a03df8d7cb42b93007edb,921f83da08d0d902,5.0,2,0.0,0.0,1,7453d8f230dd1ef7fc361e23f107762c1d6acd102f692da6cec81296535d87ef,2025,ok,244,-21975.0,-37875.0,5300.0,10600.0,530,1060,-0.37875,-155.22540983606558,-0.3911680327868853,0.157259120360478,-2.4874107898494437,-0.3928323240345478,"conditional complete-window sum on stated capital, not live equity or intraday drawdown",0.28048155737704916,451770.1849930844,mean across entered windows; not equal-risk sizing or margin availability,244,252,0.0,0.0
NQ,revert-12-0.5,cost_stress,2354060058c8498ad69c397726d3d77068989c4f3a2a03df8d7cb42b93007edb,921f83da08d0d902,5.0,2,0.0,0.0,1,7453d8f230dd1ef7fc361e23f107762c1d6acd102f692da6cec81296535d87ef,2026,ok,147,3085.0,-6065.0,3050.0,6100.0,305,610,-0.06065,-41.25850340136054,-0.10397142857142858,0.17049175697860489,-0.6098325831933096,-0.22643478260869565,"conditional complete-window sum on stated capital, not live equity or intraday drawdown",0.2791950113378685,543456.7644675927,mean across entered windows; not equal-risk sizing or margin availability,147,252,0.0,0.0
NQ,revert-12-0.5,delay_stress,2354060058c8498ad69c397726d3d77068989c4f3a2a03df8d7cb42b93007edb,26d0f7e18c07bd62,2.5,1,0.0,0.0,5,7453d8f230dd1ef7fc361e23f107762c1d6acd102f692da6cec81296535d87ef,whole,ok,2267,-9605.0,-81530.0,23975.0,47950.0,4795,9590,-0.8153,-35.96382884869872,-0.09062884869872077,0.09639441085812434,-0.9401877960757553,-0.946372397263694,"conditional complete-window sum on stated capital, not live equity or intraday drawdown",0.2801610057344508,278893.1376086631,mean across entered windows; not equal-risk sizing or margin availability,2267,252,0.0,0.0
NQ,revert-12-0.5,delay_stress,2354060058c8498ad69c397726d3d77068989c4f3a2a03df8d7cb42b93007edb,26d0f7e18c07bd62,2.5,1,0.0,0.0,5,7453d8f230dd1ef7fc361e23f107762c1d6acd102f692da6cec81296535d87ef,development,ok,1122,-5025.0,-40155.0,11710.0,23420.0,2342,4684,-0.40155,-35.788770053475936,-0.09018770053475936,0.07378657301693009,-1.2222779409211224,-0.4084485943975633,"conditional complete-window sum on stated capital, not live equity or intraday drawdown",0.2789846999405823,186621.07141772922,mean across entered windows; not equal-risk sizing or margin availability,1122,252,0.0,0.0
NQ,revert-12-0.5,delay_stress,2354060058c8498ad69c397726d3d77068989c4f3a2a03df8d7cb42b93007edb,26d0f7e18c07bd62,2.5,1,0.0,0.0,5,7453d8f230dd1ef7fc361e23f107762c1d6acd102f692da6cec81296535d87ef,validation,ok,503,4400.0,-11845.0,5415.0,10830.0,1083,2166,-0.11845,-23.548707753479125,-0.059342743538767395,0.09651249905664568,-0.6148710697454598,-0.16786346645681685,"conditional complete-window sum on stated capital, not live equity or intraday drawdown",0.29108681245858187,270373.5532828283,mean across entered windows; not equal-risk sizing or margin availability,503,252,0.0,0.0
NQ,revert-12-0.5,delay_stress,2354060058c8498ad69c397726d3d77068989c4f3a2a03df8d7cb42b93007edb,26d0f7e18c07bd62,2.5,1,0.0,0.0,5,7453d8f230dd1ef7fc361e23f107762c1d6acd102f692da6cec81296535d87ef,historical_final,ok,642,-8980.0,-29530.0,6850.0,13700.0,1370,2740,-0.2953,-45.99688473520249,-0.11591214953271028,0.12659358030517207,-0.9156242303384371,-0.43388592855733177,"conditional complete-window sum on stated capital, not live equity or intraday drawdown",0.27365654205607476,446138.65729001584,mean across entered windows; not equal-risk sizing or margin availability,642,252,0.0,0.0
NQ,revert-12-0.5,delay_stress,2354060058c8498ad69c397726d3d77068989c4f3a2a03df8d7cb42b93007edb,26d0f7e18c07bd62,2.5,1,0.0,0.0,5,7453d8f230dd1ef7fc361e23f107762c1d6acd102f692da6cec81296535d87ef,2016,ok,39,-180.0,-1350.0,390.0,780.0,78,156,-0.0135,-34.61538461538461,-0.08723076923076922,0.02855170038967382,-3.055186487678248,-0.014829979527637689,"conditional complete-window sum on stated capital, not live equity or intraday drawdown",0.2948717948717949,95963.27412280701,mean across entered windows; not equal-risk sizing or margin availability,39,252,0.0,0.0
NQ,revert-12-0.5,delay_stress,2354060058c8498ad69c397726d3d77068989c4f3a2a03df8d7cb42b93007edb,26d0f7e18c07bd62,2.5,1,0.0,0.0,5,7453d8f230dd1ef7fc361e23f107762c1d6acd102f692da6cec81296535d87ef,2017,ok,117,60.0,-3495.0,1185.0,2370.0,237,474,-0.03495,-29.871794871794872,-0.07527692307692307,0.015334152084779626,-4.909102417970764,-0.0353,"conditional complete-window sum on stated capital, not live equity or intraday drawdown",0.2694088319088319,116696.94690265486,mean across entered windows; not equal-risk sizing or margin availability,117,252,0.0,0.0
NQ,revert-12-0.5,delay_stress,2354060058c8498ad69c397726d3d77068989c4f3a2a03df8d7cb42b93007edb,26d0f7e18c07bd62,2.5,1,0.0,0.0,5,7453d8f230dd1ef7fc361e23f107762c1d6acd102f692da6cec81296535d87ef,2018,ok,228,2850.0,-4125.0,2325.0,4650.0,465,930,-0.04125,-18.092105263157894,-0.04559210526315789,0.045478175801848666,-1.0025051458045642,-0.06476076435663324,"conditional complete-window sum on stated capital, not live equity or intraday drawdown",0.2849049707602339,139835.64114114115,mean across entered windows; not equal-risk sizing or margin availability,228,252,0.0,0.0
NQ,revert-12-0.5,delay_stress,2354060058c8498ad69c397726d3d77068989c4f3a2a03df8d7cb42b93007edb,26d0f7e18c07bd62,2.5,1,0.0,0.0,5,7453d8f230dd1ef7fc361e23f107762c1d6acd102f692da6cec81296535d87ef,2019,ok,244,3030.0,-4560.0,2530.0,5060.0,506,1012,-0.0456,-18.688524590163933,-0.04709508196721311,0.03446311228074575,-1.3665359525153722,-0.07930453734892015,"conditional complete-window sum on stated capital, not live equity or intraday drawdown",0.2739071038251366,152556.00416666668,mean across entered windows; not equal-risk sizing or margin availability,244,252,0.0,0.0
NQ,revert-12-0.5,delay_stress,2354060058c8498ad69c397726d3d77068989c4f3a2a03df8d7cb42b93007edb,26d0f7e18c07bd62,2.5,1,0.0,0.0,5,7453d8f230dd1ef7fc361e23f107762c1d6acd102f692da6cec81296535d87ef,2020,ok,245,-3085.0,-10945.0,2620.0,5240.0,524,1048,-0.10945,-44.673469387755105,-0.11257714285714288,0.11941176421632531,-0.9427642543928846,-0.16225,"conditional complete-window sum on stated capital, not live equity or intraday drawdown",0.28341836734693876,206747.10788381743,mean across entered windows; not equal-risk sizing or margin availability,245,252,0.0,0.0
NQ,revert-12-0.5,delay_stress,2354060058c8498ad69c397726d3d77068989c4f3a2a03df8d7cb42b93007edb,26d0f7e18c07bd62,2.5,1,0.0,0.0,5,7453d8f230dd1ef7fc361e23f107762c1d6acd102f692da6cec81296535d87ef,2021,ok,249,-7700.0,-15680.0,2660.0,5320.0,532,1064,-0.1568,-62.971887550200805,-0.15868915662650604,0.08516616964842631,-1.863288642445578,-0.1727852166609022,"conditional complete-window sum on stated capital, not live equity or intraday drawdown",0.2761880856760375,289317.91256830597,mean across entered windows; not equal-risk sizing or margin availability,249,252,0.0,0.0
NQ,revert-12-0.5,delay_stress,2354060058c8498ad69c397726d3d77068989c4f3a2a03df8d7cb42b93007edb,26d0f7e18c07bd62,2.5,1,0.0,0.0,5,7453d8f230dd1ef7fc361e23f107762c1d6acd102f692da6cec81296535d87ef,2022,ok,252,7275.0,-570.0,2615.0,5230.0,523,1046,-0.0057,-2.261904761904762,-0.0057,0.11020645330740671,-0.05172110914503877,-0.10223196492626545,"conditional complete-window sum on stated capital, not live equity or intraday drawdown",0.2900132275132275,256143.1632791328,mean across entered windows; not equal-risk sizing or margin availability,252,252,0.0,0.0
NQ,revert-12-0.5,delay_stress,2354060058c8498ad69c397726d3d77068989c4f3a2a03df8d7cb42b93007edb,26d0f7e18c07bd62,2.5,1,0.0,0.0,5,7453d8f230dd1ef7fc361e23f107762c1d6acd102f692da6cec81296535d87ef,2023,ok,251,-2875.0,-11275.0,2800.0,5600.0,560,1120,-0.11275,-44.9203187250996,-0.11319920318725099,0.08054024980941238,-1.4054985358888459,-0.15182750722039637,"conditional complete-window sum on stated capital, not live equity or intraday drawdown",0.2921646746347942,284432.4928045515,mean across entered windows; not equal-risk sizing or margin availability,251,252,0.0,0.0
NQ,revert-12-0.5,delay_stress,2354060058c8498ad69c397726d3d77068989c4f3a2a03df8d7cb42b93007edb,26d0f7e18c07bd62,2.5,1,0.0,0.0,5,7453d8f230dd1ef7fc361e23f107762c1d6acd102f692da6cec81296535d87ef,2024,ok,251,7960.0,-425.0,2795.0,5590.0,559,1118,-0.00425,-1.6932270916334662,-0.004266932270916335,0.07930806605983654,-0.05380199622692868,-0.08885,"conditional complete-window sum on stated capital, not live equity or intraday drawdown",0.2702523240371846,383663.70344129554,mean across entered windows; not equal-risk sizing or margin availability,251,252,0.0,0.0
NQ,revert-12-0.5,delay_stress,2354060058c8498ad69c397726d3d77068989c4f3a2a03df8d7cb42b93007edb,26d0f7e18c07bd62,2.5,1,0.0,0.0,5,7453d8f230dd1ef7fc361e23f107762c1d6acd102f692da6cec81296535d87ef,2025,ok,244,-17660.0,-25370.0,2570.0,5140.0,514,1028,-0.2537,-103.97540983606558,-0.26201803278688524,0.1472399783154327,-1.7795305037709472,-0.2647998402715384,"conditional complete-window sum on stated capital, not live equity or intraday drawdown",0.27587090163934425,452062.85972222226,mean across entered windows; not equal-risk sizing or margin availability,244,252,0.0,0.0
NQ,revert-12-0.5,delay_stress,2354060058c8498ad69c397726d3d77068989c4f3a2a03df8d7cb42b93007edb,26d0f7e18c07bd62,2.5,1,0.0,0.0,5,7453d8f230dd1ef7fc361e23f107762c1d6acd102f692da6cec81296535d87ef,2026,ok,147,720.0,-3735.0,1485.0,2970.0,297,594,-0.03735,-25.408163265306122,-0.06402857142857142,0.15254421058812107,-0.4197378004823309,-0.18180923803433519,"conditional complete-window sum on stated capital, not live equity or intraday drawdown",0.2757936507936508,543426.8865740742,mean across entered windows; not equal-risk sizing or margin availability,147,252,0.0,0.0
NQ,revert-12-0.5,combined_stress,2354060058c8498ad69c397726d3d77068989c4f3a2a03df8d7cb42b93007edb,05f739f48237b28c,5.0,2,0.0,0.0,5,7453d8f230dd1ef7fc361e23f107762c1d6acd102f692da6cec81296535d87ef,whole,ok,2267,-9605.0,-153455.0,47950.0,95900.0,4795,9590,-1.53455,-67.69078076753419,-0.17058076753418616,0.09618304636622774,-1.773501401532665,-1.6396,"conditional complete-window sum on stated capital, not live equity or intraday drawdown",0.2801610057344508,278893.1376086631,mean across entered windows; not equal-risk sizing or margin availability,2267,252,0.0,0.0
NQ,revert-12-0.5,combined_stress,2354060058c8498ad69c397726d3d77068989c4f3a2a03df8d7cb42b93007edb,05f739f48237b28c,5.0,2,0.0,0.0,5,7453d8f230dd1ef7fc361e23f107762c1d6acd102f692da6cec81296535d87ef,development,ok,1122,-5025.0,-75285.0,23420.0,46840.0,2342,4684,-0.75285,-67.09893048128342,-0.1690893048128342,0.07363168888644943,-2.296420296342707,-0.75535,"conditional complete-window sum on stated capital, not live equity or intraday drawdown",0.2789846999405823,186621.07141772922,mean across entered windows; not equal-risk sizing or margin availability,1122,252,0.0,0.0
NQ,revert-12-0.5,combined_stress,2354060058c8498ad69c397726d3d77068989c4f3a2a03df8d7cb42b93007edb,05f739f48237b28c,5.0,2,0.0,0.0,5,7453d8f230dd1ef7fc361e23f107762c1d6acd102f692da6cec81296535d87ef,validation,ok,503,4400.0,-28090.0,10830.0,21660.0,1083,2166,-0.2809,-55.84493041749503,-0.14072922465208745,0.09628488771960918,-1.4615920315751365,-0.30193297038109984,"conditional complete-window sum on stated capital, not live equity or intraday drawdown",0.29108681245858187,270373.5532828283,mean across entered windows; not equal-risk sizing or margin availability,503,252,0.0,0.0
NQ,revert-12-0.5,combined_stress,2354060058c8498ad69c397726d3d77068989c4f3a2a03df8d7cb42b93007edb,05f739f48237b28c,5.0,2,0.0,0.0,5,7453d8f230dd1ef7fc361e23f107762c1d6acd102f692da6cec81296535d87ef,historical_final,ok,642,-8980.0,-50080.0,13700.0,27400.0,1370,2740,-0.5008,-78.00623052959502,-0.19657570093457943,0.126318855207461,-1.5561865298076951,-0.60585,"conditional complete-window sum on stated capital, not live equity or intraday drawdown",0.27365654205607476,446138.65729001584,mean across entered windows; not equal-risk sizing or margin availability,642,252,0.0,0.0
NQ,revert-12-0.5,combined_stress,2354060058c8498ad69c397726d3d77068989c4f3a2a03df8d7cb42b93007edb,05f739f48237b28c,5.0,2,0.0,0.0,5,7453d8f230dd1ef7fc361e23f107762c1d6acd102f692da6cec81296535d87ef,2016,ok,39,-180.0,-2520.0,780.0,1560.0,78,156,-0.0252,-64.61538461538461,-0.16283076923076922,0.028569115001760306,-5.699538442851181,-0.0252,"conditional complete-window sum on stated capital, not live equity or intraday drawdown",0.2948717948717949,95963.27412280701,mean across entered windows; not equal-risk sizing or margin availability,39,252,0.0,0.0
NQ,revert-12-0.5,combined_stress,2354060058c8498ad69c397726d3d77068989c4f3a2a03df8d7cb42b93007edb,05f739f48237b28c,5.0,2,0.0,0.0,5,7453d8f230dd1ef7fc361e23f107762c1d6acd102f692da6cec81296535d87ef,2017,ok,117,60.0,-7050.0,2370.0,4740.0,237,474,-0.0705,-60.256410256410255,-0.15184615384615385,0.015831288899606746,-9.59152187854558,-0.0707,"conditional complete-window sum on stated capital, not live equity or intraday drawdown",0.2694088319088319,116696.94690265486,mean across entered windows; not equal-risk sizing or margin availability,117,252,0.0,0.0
NQ,revert-12-0.5,combined_stress,2354060058c8498ad69c397726d3d77068989c4f3a2a03df8d7cb42b93007edb,05f739f48237b28c,5.0,2,0.0,0.0,5,7453d8f230dd1ef7fc361e23f107762c1d6acd102f692da6cec81296535d87ef,2018,ok,228,2850.0,-11100.0,4650.0,9300.0,465,930,-0.111,-48.68421052631579,-0.12268421052631578,0.045314099712321705,-2.707418028939805,-0.13013082992110256,"conditional complete-window sum on stated capital, not live equity or intraday drawdown",0.2849049707602339,139835.64114114115,mean across entered windows; not equal-risk sizing or margin availability,228,252,0.0,0.0
NQ,revert-12-0.5,combined_stress,2354060058c8498ad69c397726d3d77068989c4f3a2a03df8d7cb42b93007edb,05f739f48237b28c,5.0,2,0.0,0.0,5,7453d8f230dd1ef7fc361e23f107762c1d6acd102f692da6cec81296535d87ef,2019,ok,244,3030.0,-12150.0,5060.0,10120.0,506,1012,-0.1215,-49.795081967213115,-0.12548360655737703,0.034235259770244574,-3.6653323912103217,-0.13253310847676206,"conditional complete-window sum on stated capital, not live equity or intraday drawdown",0.2739071038251366,152556.00416666668,mean across entered windows; not equal-risk sizing or margin availability,244,252,0.0,0.0
NQ,revert-12-0.5,combined_stress,2354060058c8498ad69c397726d3d77068989c4f3a2a03df8d7cb42b93007edb,05f739f48237b28c,5.0,2,0.0,0.0,5,7453d8f230dd1ef7fc361e23f107762c1d6acd102f692da6cec81296535d87ef,2020,ok,245,-3085.0,-18805.0,5240.0,10480.0,524,1048,-0.18805,-76.75510204081633,-0.19342285714285712,0.11905011036331535,-1.6247179994421859,-0.2176,"conditional complete-window sum on stated capital, not live equity or intraday drawdown",0.28341836734693876,206747.10788381743,mean across entered windows; not equal-risk sizing or margin availability,245,252,0.0,0.0
NQ,revert-12-0.5,combined_stress,2354060058c8498ad69c397726d3d77068989c4f3a2a03df8d7cb42b93007edb,05f739f48237b28c,5.0,2,0.0,0.0,5,7453d8f230dd1ef7fc361e23f107762c1d6acd102f692da6cec81296535d87ef,2021,ok,249,-7700.0,-23660.0,5320.0,10640.0,532,1064,-0.2366,-95.02008032128514,-0.23945060240963856,0.08517143355983044,-2.8113957039531514,-0.24596174809235952,"conditional complete-window sum on stated capital, not live equity or intraday drawdown",0.2761880856760375,289317.91256830597,mean across entered windows; not equal-risk sizing or margin availability,249,252,0.0,0.0
NQ,revert-12-0.5,combined_stress,2354060058c8498ad69c397726d3d77068989c4f3a2a03df8d7cb42b93007edb,05f739f48237b28c,5.0,2,0.0,0.0,5,7453d8f230dd1ef7fc361e23f107762c1d6acd102f692da6cec81296535d87ef,2022,ok,252,7275.0,-8415.0,5230.0,10460.0,523,1046,-0.08415,-33.392857142857146,-0.08415,0.10997580261746027,-0.7651683188228895,-0.10758703361470456,"conditional complete-window sum on stated capital, not live equity or intraday drawdown",0.2900132275132275,256143.1632791328,mean across entered windows; not equal-risk sizing or margin availability,252,252,0.0,0.0
NQ,revert-12-0.5,combined_stress,2354060058c8498ad69c397726d3d77068989c4f3a2a03df8d7cb42b93007edb,05f739f48237b28c,5.0,2,0.0,0.0,5,7453d8f230dd1ef7fc361e23f107762c1d6acd102f692da6cec81296535d87ef,2023,ok,251,-2875.0,-19675.0,5600.0,11200.0,560,1120,-0.19675,-78.38645418326693,-0.19753386454183267,0.08029326801547922,-2.460154748013886,-0.2193139894306511,"conditional complete-window sum on stated capital, not live equity or intraday drawdown",0.2921646746347942,284432.4928045515,mean across entered windows; not equal-risk sizing or margin availability,251,252,0.0,0.0
NQ,revert-12-0.5,combined_stress,2354060058c8498ad69c397726d3d77068989c4f3a2a03df8d7cb42b93007edb,05f739f48237b28c,5.0,2,0.0,0.0,5,7453d8f230dd1ef7fc361e23f107762c1d6acd102f692da6cec81296535d87ef,2024,ok,251,7960.0,-8810.0,5590.0,11180.0,559,1118,-0.0881,-35.0996015936255,-0.08845099601593626,0.07904020767308234,-1.1190633048660226,-0.11185,"conditional complete-window sum on stated capital, not live equity or intraday drawdown",0.2702523240371846,383663.70344129554,mean across entered windows; not equal-risk sizing or margin availability,251,252,0.0,0.0
NQ,revert-12-0.5,combined_stress,2354060058c8498ad69c397726d3d77068989c4f3a2a03df8d7cb42b93007edb,05f739f48237b28c,5.0,2,0.0,0.0,5,7453d8f230dd1ef7fc361e23f107762c1d6acd102f692da6cec81296535d87ef,2025,ok,244,-17660.0,-33080.0,5140.0,10280.0,514,1028,-0.3308,-135.5737704918033,-0.3416459016393443,0.14698409778964466,-2.3243732266077424,-0.33892885691446845,"conditional complete-window sum on stated capital, not live equity or intraday drawdown",0.27587090163934425,452062.85972222226,mean across entered windows; not equal-risk sizing or margin availability,244,252,0.0,0.0
NQ,revert-12-0.5,combined_stress,2354060058c8498ad69c397726d3d77068989c4f3a2a03df8d7cb42b93007edb,05f739f48237b28c,5.0,2,0.0,0.0,5,7453d8f230dd1ef7fc361e23f107762c1d6acd102f692da6cec81296535d87ef,2026,ok,147,720.0,-8190.0,2970.0,5940.0,297,594,-0.0819,-55.714285714285715,-0.1404,0.15221052157033146,-0.9224066677619643,-0.19904442912028372,"conditional complete-window sum on stated capital, not live equity or intraday drawdown",0.2757936507936508,543426.8865740742,mean across entered windows; not equal-risk sizing or margin availability,147,252,0.0,0.0
NQ,revert-12-1,base,2354060058c8498ad69c397726d3d77068989c4f3a2a03df8d7cb42b93007edb,644416aedefec30d,2.5,1,0.0,0.0,1,7453d8f230dd1ef7fc361e23f107762c1d6acd102f692da6cec81296535d87ef,whole,ok,2267,-33545.0,-90080.0,18845.0,37690.0,3769,7538,-0.9008,-39.73533303925893,-0.10013303925893252,0.0952571049123952,-1.0511870936138732,-1.076892310768923,"conditional complete-window sum on stated capital, not live equity or intraday drawdown",0.2438703867078371,278812.1024143302,mean across entered windows; not equal-risk sizing or margin availability,2267,252,0.0,0.0
NQ,revert-12-1,base,2354060058c8498ad69c397726d3d77068989c4f3a2a03df8d7cb42b93007edb,644416aedefec30d,2.5,1,0.0,0.0,1,7453d8f230dd1ef7fc361e23f107762c1d6acd102f692da6cec81296535d87ef,development,ok,1122,-15400.0,-43015.0,9205.0,18410.0,1841,3682,-0.43015,-38.33778966131907,-0.09661122994652406,0.06857018184989881,-1.40893938648154,-0.43155684431556846,"conditional complete-window sum on stated capital, not live equity or intraday drawdown",0.24402109328579916,185998.1192733017,mean across entered windows; not equal-risk sizing or margin availability,1122,252,0.0,0.0
NQ,revert-12-1,base,2354060058c8498ad69c397726d3d77068989c4f3a2a03df8d7cb42b93007edb,644416aedefec30d,2.5,1,0.0,0.0,1,7453d8f230dd1ef7fc361e23f107762c1d6acd102f692da6cec81296535d87ef,validation,ok,503,-7275.0,-20145.0,4290.0,8580.0,858,1716,-0.20145,-40.04970178926441,-0.10092524850894631,0.09082835985286479,-1.1111644939139906,-0.23103740226106878,"conditional complete-window sum on stated capital, not live equity or intraday drawdown",0.2533548707753479,270381.01666666666,mean across entered windows; not equal-risk sizing or margin availability,503,252,0.0,0.0
NQ,revert-12-1,base,2354060058c8498ad69c397726d3d77068989c4f3a2a03df8d7cb42b93007edb,644416aedefec30d,2.5,1,0.0,0.0,1,7453d8f230dd1ef7fc361e23f107762c1d6acd102f692da6cec81296535d87ef,historical_final,ok,642,-10870.0,-26920.0,5350.0,10700.0,1070,2140,-0.2692,-41.93146417445483,-0.10566728971962618,0.1318840322005118,-0.801213672015831,-0.4453,"conditional complete-window sum on stated capital, not live equity or intraday drawdown",0.23617601246105918,445899.8367486338,mean across entered windows; not equal-risk sizing or margin availability,642,252,0.0,0.0
NQ,revert-12-1,base,2354060058c8498ad69c397726d3d77068989c4f3a2a03df8d7cb42b93007edb,644416aedefec30d,2.5,1,0.0,0.0,1,7453d8f230dd1ef7fc361e23f107762c1d6acd102f692da6cec81296535d87ef,2016,ok,39,-870.0,-1800.0,310.0,620.0,62,124,-0.018,-46.15384615384615,-0.1163076923076923,0.015221350602690961,-7.641088845764478,-0.018098190180981903,"conditional complete-window sum on stated capital, not live equity or intraday drawdown",0.25854700854700857,95980.22522522524,mean across entered windows; not equal-risk sizing or margin availability,39,252,0.0,0.0
NQ,revert-12-1,base,2354060058c8498ad69c397726d3d77068989c4f3a2a03df8d7cb42b93007edb,644416aedefec30d,2.5,1,0.0,0.0,1,7453d8f230dd1ef7fc361e23f107762c1d6acd102f692da6cec81296535d87ef,2017,ok,117,-130.0,-2860.0,910.0,1820.0,182,364,-0.0286,-24.444444444444443,-0.061599999999999995,0.014590147833147665,-4.222027131215878,-0.02915,"conditional complete-window sum on stated capital, not live equity or intraday drawdown",0.23237179487179488,116597.25694444444,mean across entered windows; not equal-risk sizing or margin availability,117,252,0.0,0.0
NQ,revert-12-1,base,2354060058c8498ad69c397726d3d77068989c4f3a2a03df8d7cb42b93007edb,644416aedefec30d,2.5,1,0.0,0.0,1,7453d8f230dd1ef7fc361e23f107762c1d6acd102f692da6cec81296535d87ef,2018,ok,228,305.0,-5425.0,1910.0,3820.0,382,764,-0.05425,-23.79385964912281,-0.05996052631578948,0.042449828974265066,-1.4125033660828212,-0.07336562952604504,"conditional complete-window sum on stated capital, not live equity or intraday drawdown",0.2547514619883041,139765.253875969,mean across entered windows; not equal-risk sizing or margin availability,228,252,0.0,0.0
NQ,revert-12-1,base,2354060058c8498ad69c397726d3d77068989c4f3a2a03df8d7cb42b93007edb,644416aedefec30d,2.5,1,0.0,0.0,1,7453d8f230dd1ef7fc361e23f107762c1d6acd102f692da6cec81296535d87ef,2019,ok,244,-930.0,-6795.0,1955.0,3910.0,391,782,-0.06795,-27.848360655737704,-0.07017786885245901,0.03212438043222343,-2.1845672323711107,-0.07143212951432129,"conditional complete-window sum on stated capital, not live equity or intraday drawdown",0.23924180327868852,152460.51086956522,mean across entered windows; not equal-risk sizing or margin availability,244,252,0.0,0.0
NQ,revert-12-1,base,2354060058c8498ad69c397726d3d77068989c4f3a2a03df8d7cb42b93007edb,644416aedefec30d,2.5,1,0.0,0.0,1,7453d8f230dd1ef7fc361e23f107762c1d6acd102f692da6cec81296535d87ef,2020,ok,245,-9280.0,-15550.0,2090.0,4180.0,418,836,-0.1555,-63.46938775510204,-0.15994285714285714,0.1087023343007665,-1.4713838315588899,-0.18202202401714088,"conditional complete-window sum on stated capital, not live equity or intraday drawdown",0.24812925170068026,206285.79594017094,mean across entered windows; not equal-risk sizing or margin availability,245,252,0.0,0.0
NQ,revert-12-1,base,2354060058c8498ad69c397726d3d77068989c4f3a2a03df8d7cb42b93007edb,644416aedefec30d,2.5,1,0.0,0.0,1,7453d8f230dd1ef7fc361e23f107762c1d6acd102f692da6cec81296535d87ef,2021,ok,249,-4495.0,-10585.0,2030.0,4060.0,406,812,-0.10585,-42.51004016064257,-0.10712530120481926,0.08249622075575179,-1.2985479846645012,-0.1319819162899227,"conditional complete-window sum on stated capital, not live equity or intraday drawdown",0.2380354752342704,288735.5862193362,mean across entered windows; not equal-risk sizing or margin availability,249,252,0.0,0.0
NQ,revert-12-1,base,2354060058c8498ad69c397726d3d77068989c4f3a2a03df8d7cb42b93007edb,644416aedefec30d,2.5,1,0.0,0.0,1,7453d8f230dd1ef7fc361e23f107762c1d6acd102f692da6cec81296535d87ef,2022,ok,252,-2610.0,-8850.0,2080.0,4160.0,416,832,-0.0885,-35.11904761904762,-0.0885,0.09965993552578682,-0.888019839999804,-0.12102196324518154,"conditional complete-window sum on stated capital, not live equity or intraday drawdown",0.25239748677248675,255497.0780367232,mean across entered windows; not equal-risk sizing or margin availability,252,252,0.0,0.0
NQ,revert-12-1,base,2354060058c8498ad69c397726d3d77068989c4f3a2a03df8d7cb42b93007edb,644416aedefec30d,2.5,1,0.0,0.0,1,7453d8f230dd1ef7fc361e23f107762c1d6acd102f692da6cec81296535d87ef,2023,ok,251,-4665.0,-11295.0,2210.0,4420.0,442,884,-0.11295,-45.0,-0.1134,0.08119428255733281,-1.3966500648604923,-0.1395,"conditional complete-window sum on stated capital, not live equity or intraday drawdown",0.2543160690571049,285078.1276150628,mean across entered windows; not equal-risk sizing or margin availability,251,252,0.0,0.0
NQ,revert-12-1,base,2354060058c8498ad69c397726d3d77068989c4f3a2a03df8d7cb42b93007edb,644416aedefec30d,2.5,1,0.0,0.0,1,7453d8f230dd1ef7fc361e23f107762c1d6acd102f692da6cec81296535d87ef,2024,ok,251,3745.0,-2615.0,2120.0,4240.0,424,848,-0.02615,-10.418326693227092,-0.026254183266932272,0.08023283525110077,-0.32722492212528503,-0.09745,"conditional complete-window sum on stated capital, not live equity or intraday drawdown",0.23223771580345284,383631.87412831245,mean across entered windows; not equal-risk sizing or margin availability,251,252,0.0,0.0
NQ,revert-12-1,base,2354060058c8498ad69c397726d3d77068989c4f3a2a03df8d7cb42b93007edb,644416aedefec30d,2.5,1,0.0,0.0,1,7453d8f230dd1ef7fc361e23f107762c1d6acd102f692da6cec81296535d87ef,2025,ok,244,-20165.0,-26270.0,2035.0,4070.0,407,814,-0.2627,-107.6639344262295,-0.27131311475409836,0.1528545170874901,-1.7749761009601408,-0.2912063413425811,"conditional complete-window sum on stated capital, not live equity or intraday drawdown",0.24052254098360656,451662.8236766809,mean across entered windows; not equal-risk sizing or margin availability,244,252,0.0,0.0
NQ,revert-12-1,base,2354060058c8498ad69c397726d3d77068989c4f3a2a03df8d7cb42b93007edb,644416aedefec30d,2.5,1,0.0,0.0,1,7453d8f230dd1ef7fc361e23f107762c1d6acd102f692da6cec81296535d87ef,2026,ok,147,5550.0,1965.0,1195.0,2390.0,239,478,0.01965,13.36734693877551,0.033685714285714284,0.1617136401451713,0.2083047184855552,-0.16438831104507182,"conditional complete-window sum on stated capital, not live equity or intraday drawdown",0.2356859410430839,544010.467995169,mean across entered windows; not equal-risk sizing or margin availability,147,252,0.0,0.0
NQ,revert-12-1,gross_reference,2354060058c8498ad69c397726d3d77068989c4f3a2a03df8d7cb42b93007edb,cfe4624f72734d8f,0.0,0,0.0,0.0,1,7453d8f230dd1ef7fc361e23f107762c1d6acd102f692da6cec81296535d87ef,whole,ok,2267,-33545.0,-33545.0,0.0,0.0,3769,7538,-0.33545,-14.797088663431849,-0.03728866343184826,0.09554230461785497,-0.39028432044834455,-0.531662005593288,"conditional complete-window sum on stated capital, not live equity or intraday drawdown",0.2438703867078371,278812.1024143302,mean across entered windows; not equal-risk sizing or margin availability,2267,252,0.0,0.0
NQ,revert-12-1,gross_reference,2354060058c8498ad69c397726d3d77068989c4f3a2a03df8d7cb42b93007edb,cfe4624f72734d8f,0.0,0,0.0,0.0,1,7453d8f230dd1ef7fc361e23f107762c1d6acd102f692da6cec81296535d87ef,development,ok,1122,-15400.0,-15400.0,0.0,0.0,1841,3682,-0.154,-13.72549019607843,-0.03458823529411765,0.06879477704437906,-0.5027741462379479,-0.1571114662405114,"conditional complete-window sum on stated capital, not live equity or intraday drawdown",0.24402109328579916,185998.1192733017,mean across entered windows; not equal-risk sizing or margin availability,1122,252,0.0,0.0
NQ,revert-12-1,gross_reference,2354060058c8498ad69c397726d3d77068989c4f3a2a03df8d7cb42b93007edb,cfe4624f72734d8f,0.0,0,0.0,0.0,1,7453d8f230dd1ef7fc361e23f107762c1d6acd102f692da6cec81296535d87ef,validation,ok,503,-7275.0,-7275.0,0.0,0.0,858,1716,-0.07275,-14.463220675944333,-0.03644731610337972,0.09114904881078308,-0.39986501865796703,-0.11580781677869056,"conditional complete-window sum on stated capital, not live equity or intraday drawdown",0.2533548707753479,270381.01666666666,mean across entered windows; not equal-risk sizing or margin availability,503,252,0.0,0.0
NQ,revert-12-1,gross_reference,2354060058c8498ad69c397726d3d77068989c4f3a2a03df8d7cb42b93007edb,cfe4624f72734d8f,0.0,0,0.0,0.0,1,7453d8f230dd1ef7fc361e23f107762c1d6acd102f692da6cec81296535d87ef,historical_final,ok,642,-10870.0,-10870.0,0.0,0.0,1070,2140,-0.1087,-16.931464174454828,-0.04266728971962617,0.1322352014234012,-0.3226621146286959,-0.33595838106147385,"conditional complete-window sum on stated capital, not live equity or intraday drawdown",0.23617601246105918,445899.8367486338,mean across entered windows; not equal-risk sizing or margin availability,642,252,0.0,0.0
NQ,revert-12-1,gross_reference,2354060058c8498ad69c397726d3d77068989c4f3a2a03df8d7cb42b93007edb,cfe4624f72734d8f,0.0,0,0.0,0.0,1,7453d8f230dd1ef7fc361e23f107762c1d6acd102f692da6cec81296535d87ef,2016,ok,39,-870.0,-870.0,0.0,0.0,62,124,-0.0087,-22.307692307692307,-0.05621538461538461,0.015265273760923891,-3.6825664246706786,-0.0112365161805833,"conditional complete-window sum on stated capital, not live equity or intraday drawdown",0.25854700854700857,95980.22522522524,mean across entered windows; not equal-risk sizing or margin availability,39,252,0.0,0.0
NQ,revert-12-1,gross_reference,2354060058c8498ad69c397726d3d77068989c4f3a2a03df8d7cb42b93007edb,cfe4624f72734d8f,0.0,0,0.0,0.0,1,7453d8f230dd1ef7fc361e23f107762c1d6acd102f692da6cec81296535d87ef,2017,ok,117,-130.0,-130.0,0.0,0.0,182,364,-0.0013,-1.1111111111111112,-0.0028,0.014760139705908311,-0.18970010147527214,-0.01035,"conditional complete-window sum on stated capital, not live equity or intraday drawdown",0.23237179487179488,116597.25694444444,mean across entered windows; not equal-risk sizing or margin availability,117,252,0.0,0.0
NQ,revert-12-1,gross_reference,2354060058c8498ad69c397726d3d77068989c4f3a2a03df8d7cb42b93007edb,cfe4624f72734d8f,0.0,0,0.0,0.0,1,7453d8f230dd1ef7fc361e23f107762c1d6acd102f692da6cec81296535d87ef,2018,ok,228,305.0,305.0,0.0,0.0,382,764,0.00305,1.337719298245614,0.0033710526315789474,0.04266109702660141,0.07901936111668487,-0.03599342858565241,"conditional complete-window sum on stated capital, not live equity or intraday drawdown",0.2547514619883041,139765.253875969,mean across entered windows; not equal-risk sizing or margin availability,228,252,0.0,0.0
NQ,revert-12-1,gross_reference,2354060058c8498ad69c397726d3d77068989c4f3a2a03df8d7cb42b93007edb,cfe4624f72734d8f,0.0,0,0.0,0.0,1,7453d8f230dd1ef7fc361e23f107762c1d6acd102f692da6cec81296535d87ef,2019,ok,244,-930.0,-930.0,0.0,0.0,391,782,-0.0093,-3.8114754098360657,-0.009604918032786885,0.032550436600606504,-0.2950780092641806,-0.032065325632344155,"conditional complete-window sum on stated capital, not live equity or intraday drawdown",0.23924180327868852,152460.51086956522,mean across entered windows; not equal-risk sizing or margin availability,244,252,0.0,0.0
NQ,revert-12-1,gross_reference,2354060058c8498ad69c397726d3d77068989c4f3a2a03df8d7cb42b93007edb,cfe4624f72734d8f,0.0,0,0.0,0.0,1,7453d8f230dd1ef7fc361e23f107762c1d6acd102f692da6cec81296535d87ef,2020,ok,245,-9280.0,-9280.0,0.0,0.0,418,836,-0.0928,-37.87755102040816,-0.09545142857142858,0.1089791254531955,-0.8758689168635618,-0.14438874274085473,"conditional complete-window sum on stated capital, not live equity or intraday drawdown",0.24812925170068026,206285.79594017094,mean across entered windows; not equal-risk sizing or margin availability,245,252,0.0,0.0
NQ,revert-12-1,gross_reference,2354060058c8498ad69c397726d3d77068989c4f3a2a03df8d7cb42b93007edb,cfe4624f72734d8f,0.0,0,0.0,0.0,1,7453d8f230dd1ef7fc361e23f107762c1d6acd102f692da6cec81296535d87ef,2021,ok,249,-4495.0,-4495.0,0.0,0.0,406,812,-0.04495,-18.052208835341364,-0.045491566265060235,0.08271190634970008,-0.5500002148750522,-0.08153823912100622,"conditional complete-window sum on stated capital, not live equity or intraday drawdown",0.2380354752342704,288735.5862193362,mean across entered windows; not equal-risk sizing or margin availability,249,252,0.0,0.0
NQ,revert-12-1,gross_reference,2354060058c8498ad69c397726d3d77068989c4f3a2a03df8d7cb42b93007edb,cfe4624f72734d8f,0.0,0,0.0,0.0,1,7453d8f230dd1ef7fc361e23f107762c1d6acd102f692da6cec81296535d87ef,2022,ok,252,-2610.0,-2610.0,0.0,0.0,416,832,-0.0261,-10.357142857142858,-0.0261,0.09996334447708233,-0.26109570599634857,-0.08449091361712721,"conditional complete-window sum on stated capital, not live equity or intraday drawdown",0.25239748677248675,255497.0780367232,mean across entered windows; not equal-risk sizing or margin availability,252,252,0.0,0.0
NQ,revert-12-1,gross_reference,2354060058c8498ad69c397726d3d77068989c4f3a2a03df8d7cb42b93007edb,cfe4624f72734d8f,0.0,0,0.0,0.0,1,7453d8f230dd1ef7fc361e23f107762c1d6acd102f692da6cec81296535d87ef,2023,ok,251,-4665.0,-4665.0,0.0,0.0,442,884,-0.04665,-18.58565737051793,-0.04683585657370518,0.08154302072626049,-0.5743698989387812,-0.08595,"conditional complete-window sum on stated capital, not live equity or intraday drawdown",0.2543160690571049,285078.1276150628,mean across entered windows; not equal-risk sizing or margin availability,251,252,0.0,0.0
NQ,revert-12-1,gross_reference,2354060058c8498ad69c397726d3d77068989c4f3a2a03df8d7cb42b93007edb,cfe4624f72734d8f,0.0,0,0.0,0.0,1,7453d8f230dd1ef7fc361e23f107762c1d6acd102f692da6cec81296535d87ef,2024,ok,251,3745.0,3745.0,0.0,0.0,424,848,0.03745,14.920318725099602,0.037599203187251,0.08061083748084094,0.4664286386577653,-0.0811,"conditional complete-window sum on stated capital, not live equity or intraday drawdown",0.23223771580345284,383631.87412831245,mean across entered windows; not equal-risk sizing or margin availability,251,252,0.0,0.0
NQ,revert-12-1,gross_reference,2354060058c8498ad69c397726d3d77068989c4f3a2a03df8d7cb42b93007edb,cfe4624f72734d8f,0.0,0,0.0,0.0,1,7453d8f230dd1ef7fc361e23f107762c1d6acd102f692da6cec81296535d87ef,2025,ok,244,-20165.0,-20165.0,0.0,0.0,407,814,-0.20165,-82.64344262295081,-0.20826147540983606,0.15308713277116778,-1.360411365997311,-0.2363015393753403,"conditional complete-window sum on stated capital, not live equity or intraday drawdown",0.24052254098360656,451662.8236766809,mean across entered windows; not equal-risk sizing or margin availability,244,252,0.0,0.0
NQ,revert-12-1,gross_reference,2354060058c8498ad69c397726d3d77068989c4f3a2a03df8d7cb42b93007edb,cfe4624f72734d8f,0.0,0,0.0,0.0,1,7453d8f230dd1ef7fc361e23f107762c1d6acd102f692da6cec81296535d87ef,2026,ok,147,5550.0,5550.0,0.0,0.0,239,478,0.0555,37.755102040816325,0.09514285714285714,0.16228631960314055,0.5862654188937313,-0.14874764874764876,"conditional complete-window sum on stated capital, not live equity or intraday drawdown",0.2356859410430839,544010.467995169,mean across entered windows; not equal-risk sizing or margin availability,147,252,0.0,0.0
NQ,revert-12-1,cost_stress,2354060058c8498ad69c397726d3d77068989c4f3a2a03df8d7cb42b93007edb,850f7447a92e6444,5.0,2,0.0,0.0,1,7453d8f230dd1ef7fc361e23f107762c1d6acd102f692da6cec81296535d87ef,whole,ok,2267,-33545.0,-146615.0,37690.0,75380.0,3769,7538,-1.46615,-64.67357741508602,-0.16297741508601676,0.09501147892017182,-1.7153444714080242,-1.62425,"conditional complete-window sum on stated capital, not live equity or intraday drawdown",0.2438703867078371,278812.1024143302,mean across entered windows; not equal-risk sizing or margin availability,2267,252,0.0,0.0
NQ,revert-12-1,cost_stress,2354060058c8498ad69c397726d3d77068989c4f3a2a03df8d7cb42b93007edb,850f7447a92e6444,5.0,2,0.0,0.0,1,7453d8f230dd1ef7fc361e23f107762c1d6acd102f692da6cec81296535d87ef,development,ok,1122,-15400.0,-70630.0,18410.0,36820.0,1841,3682,-0.7063,-62.95008912655972,-0.1586342245989305,0.0683994623302718,-2.319232040640225,-0.7069,"conditional complete-window sum on stated capital, not live equity or intraday drawdown",0.24402109328579916,185998.1192733017,mean across entered windows; not equal-risk sizing or margin availability,1122,252,0.0,0.0
NQ,revert-12-1,cost_stress,2354060058c8498ad69c397726d3d77068989c4f3a2a03df8d7cb42b93007edb,850f7447a92e6444,5.0,2,0.0,0.0,1,7453d8f230dd1ef7fc361e23f107762c1d6acd102f692da6cec81296535d87ef,validation,ok,503,-7275.0,-33015.0,8580.0,17160.0,858,1716,-0.33015,-65.6361829025845,-0.16540318091451295,0.0905500096227022,-1.826650064463869,-0.34633587405968214,"conditional complete-window sum on stated capital, not live equity or intraday drawdown",0.2533548707753479,270381.01666666666,mean across entered windows; not equal-risk sizing or margin availability,503,252,0.0,0.0
NQ,revert-12-1,cost_stress,2354060058c8498ad69c397726d3d77068989c4f3a2a03df8d7cb42b93007edb,850f7447a92e6444,5.0,2,0.0,0.0,1,7453d8f230dd1ef7fc361e23f107762c1d6acd102f692da6cec81296535d87ef,historical_final,ok,642,-10870.0,-42970.0,10700.0,21400.0,1070,2140,-0.4297,-66.93146417445483,-0.16866728971962616,0.1315619604274918,-1.28203691379762,-0.5878,"conditional complete-window sum on stated capital, not live equity or intraday drawdown",0.23617601246105918,445899.8367486338,mean across entered windows; not equal-risk sizing or margin availability,642,252,0.0,0.0
NQ,revert-12-1,cost_stress,2354060058c8498ad69c397726d3d77068989c4f3a2a03df8d7cb42b93007edb,850f7447a92e6444,5.0,2,0.0,0.0,1,7453d8f230dd1ef7fc361e23f107762c1d6acd102f692da6cec81296535d87ef,2016,ok,39,-870.0,-2730.0,620.0,1240.0,62,124,-0.0273,-70.0,-0.1764,0.015386597038365977,-11.464523283488376,-0.0273,"conditional complete-window sum on stated capital, not live equity or intraday drawdown",0.25854700854700857,95980.22522522524,mean across entered windows; not equal-risk sizing or margin availability,39,252,0.0,0.0
NQ,revert-12-1,cost_stress,2354060058c8498ad69c397726d3d77068989c4f3a2a03df8d7cb42b93007edb,850f7447a92e6444,5.0,2,0.0,0.0,1,7453d8f230dd1ef7fc361e23f107762c1d6acd102f692da6cec81296535d87ef,2017,ok,117,-130.0,-5590.0,1820.0,3640.0,182,364,-0.0559,-47.77777777777778,-0.1204,0.014689815848238958,-8.196154481707392,-0.05625,"conditional complete-window sum on stated capital, not live equity or intraday drawdown",0.23237179487179488,116597.25694444444,mean across entered windows; not equal-risk sizing or margin availability,117,252,0.0,0.0
NQ,revert-12-1,cost_stress,2354060058c8498ad69c397726d3d77068989c4f3a2a03df8d7cb42b93007edb,850f7447a92e6444,5.0,2,0.0,0.0,1,7453d8f230dd1ef7fc361e23f107762c1d6acd102f692da6cec81296535d87ef,2018,ok,228,305.0,-11155.0,3820.0,7640.0,382,764,-0.11155,-48.925438596491226,-0.12329210526315788,0.042315482615438875,-2.9136405316141794,-0.12606848287928019,"conditional complete-window sum on stated capital, not live equity or intraday drawdown",0.2547514619883041,139765.253875969,mean across entered windows; not equal-risk sizing or margin availability,228,252,0.0,0.0
NQ,revert-12-1,cost_stress,2354060058c8498ad69c397726d3d77068989c4f3a2a03df8d7cb42b93007edb,850f7447a92e6444,5.0,2,0.0,0.0,1,7453d8f230dd1ef7fc361e23f107762c1d6acd102f692da6cec81296535d87ef,2019,ok,244,-930.0,-12660.0,3910.0,7820.0,391,782,-0.1266,-51.885245901639344,-0.13075081967213115,0.03181929987548245,-4.109167083618891,-0.12947273995813816,"conditional complete-window sum on stated capital, not live equity or intraday drawdown",0.23924180327868852,152460.51086956522,mean across entered windows; not equal-risk sizing or margin availability,244,252,0.0,0.0
NQ,revert-12-1,cost_stress,2354060058c8498ad69c397726d3d77068989c4f3a2a03df8d7cb42b93007edb,850f7447a92e6444,5.0,2,0.0,0.0,1,7453d8f230dd1ef7fc361e23f107762c1d6acd102f692da6cec81296535d87ef,2020,ok,245,-9280.0,-21820.0,4180.0,8360.0,418,836,-0.2182,-89.06122448979592,-0.2244342857142857,0.10845673154888534,-2.06934399100092,-0.22414309983011893,"conditional complete-window sum on stated capital, not live equity or intraday drawdown",0.24812925170068026,206285.79594017094,mean across entered windows; not equal-risk sizing or margin availability,245,252,0.0,0.0
NQ,revert-12-1,cost_stress,2354060058c8498ad69c397726d3d77068989c4f3a2a03df8d7cb42b93007edb,850f7447a92e6444,5.0,2,0.0,0.0,1,7453d8f230dd1ef7fc361e23f107762c1d6acd102f692da6cec81296535d87ef,2021,ok,249,-4495.0,-16675.0,4060.0,8120.0,406,812,-0.16675,-66.96787148594377,-0.16875903614457832,0.08232997290415416,-2.049788554419204,-0.18331616889804325,"conditional complete-window sum on stated capital, not live equity or intraday drawdown",0.2380354752342704,288735.5862193362,mean across entered windows; not equal-risk sizing or margin availability,249,252,0.0,0.0
NQ,revert-12-1,cost_stress,2354060058c8498ad69c397726d3d77068989c4f3a2a03df8d7cb42b93007edb,850f7447a92e6444,5.0,2,0.0,0.0,1,7453d8f230dd1ef7fc361e23f107762c1d6acd102f692da6cec81296535d87ef,2022,ok,252,-2610.0,-15090.0,4160.0,8320.0,416,832,-0.1509,-59.88095238095238,-0.1509,0.09939407803789915,-1.51819910178614,-0.17605739052458527,"conditional complete-window sum on stated capital, not live equity or intraday drawdown",0.25239748677248675,255497.0780367232,mean across entered windows; not equal-risk sizing or margin availability,252,252,0.0,0.0
NQ,revert-12-1,cost_stress,2354060058c8498ad69c397726d3d77068989c4f3a2a03df8d7cb42b93007edb,850f7447a92e6444,5.0,2,0.0,0.0,1,7453d8f230dd1ef7fc361e23f107762c1d6acd102f692da6cec81296535d87ef,2023,ok,251,-4665.0,-17925.0,4420.0,8840.0,442,884,-0.17925,-71.41434262948208,-0.17996414342629485,0.08089386471892258,-2.224694592743297,-0.19305,"conditional complete-window sum on stated capital, not live equity or intraday drawdown",0.2543160690571049,285078.1276150628,mean across entered windows; not equal-risk sizing or margin availability,251,252,0.0,0.0
NQ,revert-12-1,cost_stress,2354060058c8498ad69c397726d3d77068989c4f3a2a03df8d7cb42b93007edb,850f7447a92e6444,5.0,2,0.0,0.0,1,7453d8f230dd1ef7fc361e23f107762c1d6acd102f692da6cec81296535d87ef,2024,ok,251,3745.0,-8975.0,4240.0,8480.0,424,848,-0.08975,-35.756972111553786,-0.09010756972111554,0.07990181263569757,-1.127728730410033,-0.12335,"conditional complete-window sum on stated capital, not live equity or intraday drawdown",0.23223771580345284,383631.87412831245,mean across entered windows; not equal-risk sizing or margin availability,251,252,0.0,0.0
NQ,revert-12-1,cost_stress,2354060058c8498ad69c397726d3d77068989c4f3a2a03df8d7cb42b93007edb,850f7447a92e6444,5.0,2,0.0,0.0,1,7453d8f230dd1ef7fc361e23f107762c1d6acd102f692da6cec81296535d87ef,2025,ok,244,-20165.0,-32375.0,4070.0,8140.0,407,814,-0.32375,-132.6844262295082,-0.3343647540983607,0.1526472460673197,-2.190440788895077,-0.34620915356770965,"conditional complete-window sum on stated capital, not live equity or intraday drawdown",0.24052254098360656,451662.8236766809,mean across entered windows; not equal-risk sizing or margin availability,244,252,0.0,0.0
NQ,revert-12-1,cost_stress,2354060058c8498ad69c397726d3d77068989c4f3a2a03df8d7cb42b93007edb,850f7447a92e6444,5.0,2,0.0,0.0,1,7453d8f230dd1ef7fc361e23f107762c1d6acd102f692da6cec81296535d87ef,2026,ok,147,5550.0,-1620.0,2390.0,4780.0,239,478,-0.0162,-11.020408163265307,-0.027771428571428575,0.16116457178192628,-0.17231720510514204,-0.18158390326097731,"conditional complete-window sum on stated capital, not live equity or intraday drawdown",0.2356859410430839,544010.467995169,mean across entered windows; not equal-risk sizing or margin availability,147,252,0.0,0.0
NQ,revert-12-1,delay_stress,2354060058c8498ad69c397726d3d77068989c4f3a2a03df8d7cb42b93007edb,2ddf42cf5b9f6b1d,2.5,1,0.0,0.0,5,7453d8f230dd1ef7fc361e23f107762c1d6acd102f692da6cec81296535d87ef,whole,ok,2267,-31445.0,-86510.0,18355.0,36710.0,3671,7342,-0.8651,-38.160564622849584,-0.09616462284958095,0.09230849173034308,-1.0417743920082958,-0.99255,"conditional complete-window sum on stated capital, not live equity or intraday drawdown",0.24067232759888252,279106.33270617743,mean across entered windows; not equal-risk sizing or margin availability,2267,252,0.0,0.0
NQ,revert-12-1,delay_stress,2354060058c8498ad69c397726d3d77068989c4f3a2a03df8d7cb42b93007edb,2ddf42cf5b9f6b1d,2.5,1,0.0,0.0,5,7453d8f230dd1ef7fc361e23f107762c1d6acd102f692da6cec81296535d87ef,development,ok,1122,-9655.0,-36535.0,8960.0,17920.0,1792,3584,-0.36535,-32.56238859180036,-0.0820572192513369,0.06907552373623309,-1.1879348112462353,-0.36585,"conditional complete-window sum on stated capital, not live equity or intraday drawdown",0.2406231431966726,186012.2866826156,mean across entered windows; not equal-risk sizing or margin availability,1122,252,0.0,0.0
NQ,revert-12-1,delay_stress,2354060058c8498ad69c397726d3d77068989c4f3a2a03df8d7cb42b93007edb,2ddf42cf5b9f6b1d,2.5,1,0.0,0.0,5,7453d8f230dd1ef7fc361e23f107762c1d6acd102f692da6cec81296535d87ef,validation,ok,503,-3955.0,-16525.0,4190.0,8380.0,838,1676,-0.16525,-32.85288270377733,-0.08278926441351887,0.08899206983846815,-0.9302993464899946,-0.19437787098062712,"conditional complete-window sum on stated capital, not live equity or intraday drawdown",0.25062127236580517,270476.89129668777,mean across entered windows; not equal-risk sizing or margin availability,503,252,0.0,0.0
NQ,revert-12-1,delay_stress,2354060058c8498ad69c397726d3d77068989c4f3a2a03df8d7cb42b93007edb,2ddf42cf5b9f6b1d,2.5,1,0.0,0.0,5,7453d8f230dd1ef7fc361e23f107762c1d6acd102f692da6cec81296535d87ef,historical_final,ok,642,-17835.0,-33450.0,5205.0,10410.0,1041,2082,-0.3345,-52.10280373831776,-0.13129906542056075,0.12477418718947358,-1.052293494175834,-0.46195,"conditional complete-window sum on stated capital, not live equity or intraday drawdown",0.23296339563862928,445825.0890899122,mean across entered windows; not equal-risk sizing or margin availability,642,252,0.0,0.0
NQ,revert-12-1,delay_stress,2354060058c8498ad69c397726d3d77068989c4f3a2a03df8d7cb42b93007edb,2ddf42cf5b9f6b1d,2.5,1,0.0,0.0,5,7453d8f230dd1ef7fc361e23f107762c1d6acd102f692da6cec81296535d87ef,2016,ok,39,-555.0,-1470.0,305.0,610.0,61,122,-0.0147,-37.69230769230769,-0.09498461538461539,0.016372028580419005,-5.801639968929524,-0.01515,"conditional complete-window sum on stated capital, not live equity or intraday drawdown",0.25587606837606836,95971.57657657658,mean across entered windows; not equal-risk sizing or margin availability,39,252,0.0,0.0
NQ,revert-12-1,delay_stress,2354060058c8498ad69c397726d3d77068989c4f3a2a03df8d7cb42b93007edb,2ddf42cf5b9f6b1d,2.5,1,0.0,0.0,5,7453d8f230dd1ef7fc361e23f107762c1d6acd102f692da6cec81296535d87ef,2017,ok,117,280.0,-2420.0,900.0,1800.0,180,360,-0.0242,-20.683760683760685,-0.052123076923076925,0.014357931107105667,-3.630263756961578,-0.0242,"conditional complete-window sum on stated capital, not live equity or intraday drawdown",0.23112535612535612,116572.06761006289,mean across entered windows; not equal-risk sizing or margin availability,117,252,0.0,0.0
NQ,revert-12-1,delay_stress,2354060058c8498ad69c397726d3d77068989c4f3a2a03df8d7cb42b93007edb,2ddf42cf5b9f6b1d,2.5,1,0.0,0.0,5,7453d8f230dd1ef7fc361e23f107762c1d6acd102f692da6cec81296535d87ef,2018,ok,228,2230.0,-3335.0,1855.0,3710.0,371,742,-0.03335,-14.62719298245614,-0.036860526315789476,0.04224239740515047,-0.8725955101993147,-0.059222671256797886,"conditional complete-window sum on stated capital, not live equity or intraday drawdown",0.2507309941520468,139770.07204049843,mean across entered windows; not equal-risk sizing or margin availability,228,252,0.0,0.0
NQ,revert-12-1,delay_stress,2354060058c8498ad69c397726d3d77068989c4f3a2a03df8d7cb42b93007edb,2ddf42cf5b9f6b1d,2.5,1,0.0,0.0,5,7453d8f230dd1ef7fc361e23f107762c1d6acd102f692da6cec81296535d87ef,2019,ok,244,-165.0,-5880.0,1905.0,3810.0,381,762,-0.0588,-24.098360655737704,-0.06072786885245901,0.03132796915677034,-1.9384553319931699,-0.07495275042275938,"conditional complete-window sum on stated capital, not live equity or intraday drawdown",0.23599726775956284,152372.76315789475,mean across entered windows; not equal-risk sizing or margin availability,244,252,0.0,0.0
NQ,revert-12-1,delay_stress,2354060058c8498ad69c397726d3d77068989c4f3a2a03df8d7cb42b93007edb,2ddf42cf5b9f6b1d,2.5,1,0.0,0.0,5,7453d8f230dd1ef7fc361e23f107762c1d6acd102f692da6cec81296535d87ef,2020,ok,245,-3440.0,-9515.0,2025.0,4050.0,405,810,-0.09515,-38.83673469387755,-0.09786857142857143,0.11169172950707243,-0.8762383021598238,-0.13712974967587513,"conditional complete-window sum on stated capital, not live equity or intraday drawdown",0.2441326530612245,206072.50362318842,mean across entered windows; not equal-risk sizing or margin availability,245,252,0.0,0.0
NQ,revert-12-1,delay_stress,2354060058c8498ad69c397726d3d77068989c4f3a2a03df8d7cb42b93007edb,2ddf42cf5b9f6b1d,2.5,1,0.0,0.0,5,7453d8f230dd1ef7fc361e23f107762c1d6acd102f692da6cec81296535d87ef,2021,ok,249,-8005.0,-13915.0,1970.0,3940.0,394,788,-0.13915,-55.88353413654618,-0.14082650602409635,0.0808428708351325,-1.7419780441900925,-0.15672629257534917,"conditional complete-window sum on stated capital, not live equity or intraday drawdown",0.23452141900937082,288812.13405797107,mean across entered windows; not equal-risk sizing or margin availability,249,252,0.0,0.0
NQ,revert-12-1,delay_stress,2354060058c8498ad69c397726d3d77068989c4f3a2a03df8d7cb42b93007edb,2ddf42cf5b9f6b1d,2.5,1,0.0,0.0,5,7453d8f230dd1ef7fc361e23f107762c1d6acd102f692da6cec81296535d87ef,2022,ok,252,-215.0,-6350.0,2045.0,4090.0,409,818,-0.0635,-25.1984126984127,-0.0635,0.09833601533695882,-0.6457450994166329,-0.09591571799480728,"conditional complete-window sum on stated capital, not live equity or intraday drawdown",0.2508267195767196,255562.70567375884,mean across entered windows; not equal-risk sizing or margin availability,252,252,0.0,0.0
NQ,revert-12-1,delay_stress,2354060058c8498ad69c397726d3d77068989c4f3a2a03df8d7cb42b93007edb,2ddf42cf5b9f6b1d,2.5,1,0.0,0.0,5,7453d8f230dd1ef7fc361e23f107762c1d6acd102f692da6cec81296535d87ef,2023,ok,251,-3740.0,-10175.0,2145.0,4290.0,429,858,-0.10175,-40.537848605577686,-0.10215537848605577,0.07868226840245632,-1.2983278260806557,-0.13442410980704197,"conditional complete-window sum on stated capital, not live equity or intraday drawdown",0.25041500664010624,285203.0829831933,mean across entered windows; not equal-risk sizing or margin availability,251,252,0.0,0.0
NQ,revert-12-1,delay_stress,2354060058c8498ad69c397726d3d77068989c4f3a2a03df8d7cb42b93007edb,2ddf42cf5b9f6b1d,2.5,1,0.0,0.0,5,7453d8f230dd1ef7fc361e23f107762c1d6acd102f692da6cec81296535d87ef,2024,ok,251,1945.0,-4265.0,2070.0,4140.0,414,828,-0.04265,-16.99203187250996,-0.0428199203187251,0.07647994823215838,-0.559884274355721,-0.0861,"conditional complete-window sum on stated capital, not live equity or intraday drawdown",0.22933266932270915,383621.68061366805,mean across entered windows; not equal-risk sizing or margin availability,251,252,0.0,0.0
NQ,revert-12-1,delay_stress,2354060058c8498ad69c397726d3d77068989c4f3a2a03df8d7cb42b93007edb,2ddf42cf5b9f6b1d,2.5,1,0.0,0.0,5,7453d8f230dd1ef7fc361e23f107762c1d6acd102f692da6cec81296535d87ef,2025,ok,244,-19760.0,-25655.0,1965.0,3930.0,393,786,-0.25655,-105.14344262295081,-0.26496147540983606,0.1445301398712679,-1.8332610460754806,-0.2675,"conditional complete-window sum on stated capital, not live equity or intraday drawdown",0.23642418032786885,451543.0681818182,mean across entered windows; not equal-risk sizing or margin availability,244,252,0.0,0.0
NQ,revert-12-1,delay_stress,2354060058c8498ad69c397726d3d77068989c4f3a2a03df8d7cb42b93007edb,2ddf42cf5b9f6b1d,2.5,1,0.0,0.0,5,7453d8f230dd1ef7fc361e23f107762c1d6acd102f692da6cec81296535d87ef,2026,ok,147,-20.0,-3530.0,1170.0,2340.0,234,468,-0.0353,-24.01360544217687,-0.060514285714285715,0.15289756633957127,-0.39578318453996264,-0.1730047412090083,"conditional complete-window sum on stated capital, not live equity or intraday drawdown",0.23341836734693877,543982.7807971014,mean across entered windows; not equal-risk sizing or margin availability,147,252,0.0,0.0
NQ,revert-12-1,combined_stress,2354060058c8498ad69c397726d3d77068989c4f3a2a03df8d7cb42b93007edb,773a4acb9073fd5e,5.0,2,0.0,0.0,5,7453d8f230dd1ef7fc361e23f107762c1d6acd102f692da6cec81296535d87ef,whole,ok,2267,-31445.0,-141575.0,36710.0,73420.0,3671,7342,-1.41575,-62.450374944861046,-0.15737494486104983,0.09222078804418384,-1.7065018440923545,-1.5255,"conditional complete-window sum on stated capital, not live equity or intraday drawdown",0.24067232759888252,279106.33270617743,mean across entered windows; not equal-risk sizing or margin availability,2267,252,0.0,0.0
NQ,revert-12-1,combined_stress,2354060058c8498ad69c397726d3d77068989c4f3a2a03df8d7cb42b93007edb,773a4acb9073fd5e,5.0,2,0.0,0.0,5,7453d8f230dd1ef7fc361e23f107762c1d6acd102f692da6cec81296535d87ef,development,ok,1122,-9655.0,-63415.0,17920.0,35840.0,1792,3584,-0.63415,-56.51960784313726,-0.14242941176470592,0.06899379420133117,-2.064380041907564,-0.63415,"conditional complete-window sum on stated capital, not live equity or intraday drawdown",0.2406231431966726,186012.2866826156,mean across entered windows; not equal-risk sizing or margin availability,1122,252,0.0,0.0
NQ,revert-12-1,combined_stress,2354060058c8498ad69c397726d3d77068989c4f3a2a03df8d7cb42b93007edb,773a4acb9073fd5e,5.0,2,0.0,0.0,5,7453d8f230dd1ef7fc361e23f107762c1d6acd102f692da6cec81296535d87ef,validation,ok,503,-3955.0,-29095.0,8380.0,16760.0,838,1676,-0.29095,-57.842942345924456,-0.14576421471172962,0.08887856068401533,-1.640037975299313,-0.30741184696833485,"conditional complete-window sum on stated capital, not live equity or intraday drawdown",0.25062127236580517,270476.89129668777,mean across entered windows; not equal-risk sizing or margin availability,503,252,0.0,0.0
NQ,revert-12-1,combined_stress,2354060058c8498ad69c397726d3d77068989c4f3a2a03df8d7cb42b93007edb,773a4acb9073fd5e,5.0,2,0.0,0.0,5,7453d8f230dd1ef7fc361e23f107762c1d6acd102f692da6cec81296535d87ef,historical_final,ok,642,-17835.0,-49065.0,10410.0,20820.0,1041,2082,-0.49065,-76.42523364485982,-0.19259158878504673,0.12468711810431152,-1.5445989266022437,-0.6004,"conditional complete-window sum on stated capital, not live equity or intraday drawdown",0.23296339563862928,445825.0890899122,mean across entered windows; not equal-risk sizing or margin availability,642,252,0.0,0.0
NQ,revert-12-1,combined_stress,2354060058c8498ad69c397726d3d77068989c4f3a2a03df8d7cb42b93007edb,773a4acb9073fd5e,5.0,2,0.0,0.0,5,7453d8f230dd1ef7fc361e23f107762c1d6acd102f692da6cec81296535d87ef,2016,ok,39,-555.0,-2385.0,610.0,1220.0,61,122,-0.02385,-61.15384615384615,-0.1541076923076923,0.016766870167764524,-9.191202100674404,-0.02385,"conditional complete-window sum on stated capital, not live equity or intraday drawdown",0.25587606837606836,95971.57657657658,mean across entered windows; not equal-risk sizing or margin availability,39,252,0.0,0.0
NQ,revert-12-1,combined_stress,2354060058c8498ad69c397726d3d77068989c4f3a2a03df8d7cb42b93007edb,773a4acb9073fd5e,5.0,2,0.0,0.0,5,7453d8f230dd1ef7fc361e23f107762c1d6acd102f692da6cec81296535d87ef,2017,ok,117,280.0,-5120.0,1800.0,3600.0,180,360,-0.0512,-43.76068376068376,-0.11027692307692308,0.014551804467577189,-7.578230131021249,-0.0512,"conditional complete-window sum on stated capital, not live equity or intraday drawdown",0.23112535612535612,116572.06761006289,mean across entered windows; not equal-risk sizing or margin availability,117,252,0.0,0.0
NQ,revert-12-1,combined_stress,2354060058c8498ad69c397726d3d77068989c4f3a2a03df8d7cb42b93007edb,773a4acb9073fd5e,5.0,2,0.0,0.0,5,7453d8f230dd1ef7fc361e23f107762c1d6acd102f692da6cec81296535d87ef,2018,ok,228,2230.0,-8900.0,3710.0,7420.0,371,742,-0.089,-39.03508771929825,-0.09836842105263158,0.04214800492904959,-2.3338808377341085,-0.10587824002397243,"conditional complete-window sum on stated capital, not live equity or intraday drawdown",0.2507309941520468,139770.07204049843,mean across entered windows; not equal-risk sizing or margin availability,228,252,0.0,0.0
NQ,revert-12-1,combined_stress,2354060058c8498ad69c397726d3d77068989c4f3a2a03df8d7cb42b93007edb,773a4acb9073fd5e,5.0,2,0.0,0.0,5,7453d8f230dd1ef7fc361e23f107762c1d6acd102f692da6cec81296535d87ef,2019,ok,244,-165.0,-11595.0,3810.0,7620.0,381,762,-0.11595,-47.52049180327869,-0.11975163934426229,0.031295633178468965,-3.826464818952762,-0.11942825837940137,"conditional complete-window sum on stated capital, not live equity or intraday drawdown",0.23599726775956284,152372.76315789475,mean across entered windows; not equal-risk sizing or margin availability,244,252,0.0,0.0
NQ,revert-12-1,combined_stress,2354060058c8498ad69c397726d3d77068989c4f3a2a03df8d7cb42b93007edb,773a4acb9073fd5e,5.0,2,0.0,0.0,5,7453d8f230dd1ef7fc361e23f107762c1d6acd102f692da6cec81296535d87ef,2020,ok,245,-3440.0,-15590.0,4050.0,8100.0,405,810,-0.1559,-63.63265306122449,-0.1603542857142857,0.1114279191928308,-1.4390853466157414,-0.178,"conditional complete-window sum on stated capital, not live equity or intraday drawdown",0.2441326530612245,206072.50362318842,mean across entered windows; not equal-risk sizing or margin availability,245,252,0.0,0.0
NQ,revert-12-1,combined_stress,2354060058c8498ad69c397726d3d77068989c4f3a2a03df8d7cb42b93007edb,773a4acb9073fd5e,5.0,2,0.0,0.0,5,7453d8f230dd1ef7fc361e23f107762c1d6acd102f692da6cec81296535d87ef,2021,ok,249,-8005.0,-19825.0,3940.0,7880.0,394,788,-0.19825,-79.61847389558233,-0.20063855421686747,0.08091356241799885,-2.479665314701758,-0.2074044782759132,"conditional complete-window sum on stated capital, not live equity or intraday drawdown",0.23452141900937082,288812.13405797107,mean across entered windows; not equal-risk sizing or margin availability,249,252,0.0,0.0
NQ,revert-12-1,combined_stress,2354060058c8498ad69c397726d3d77068989c4f3a2a03df8d7cb42b93007edb,773a4acb9073fd5e,5.0,2,0.0,0.0,5,7453d8f230dd1ef7fc361e23f107762c1d6acd102f692da6cec81296535d87ef,2022,ok,252,-215.0,-12485.0,4090.0,8180.0,409,818,-0.12485,-49.54365079365079,-0.12484999999999999,0.09823569566298414,-1.2709229487041167,-0.14259314753770852,"conditional complete-window sum on stated capital, not live equity or intraday drawdown",0.2508267195767196,255562.70567375884,mean across entered windows; not equal-risk sizing or margin availability,252,252,0.0,0.0
NQ,revert-12-1,combined_stress,2354060058c8498ad69c397726d3d77068989c4f3a2a03df8d7cb42b93007edb,773a4acb9073fd5e,5.0,2,0.0,0.0,5,7453d8f230dd1ef7fc361e23f107762c1d6acd102f692da6cec81296535d87ef,2023,ok,251,-3740.0,-16610.0,4290.0,8580.0,429,858,-0.1661,-66.17529880478088,-0.1667617529880478,0.07854701249134013,-2.123082058740725,-0.18375897845171588,"conditional complete-window sum on stated capital, not live equity or intraday drawdown",0.25041500664010624,285203.0829831933,mean across entered windows; not equal-risk sizing or margin availability,251,252,0.0,0.0
NQ,revert-12-1,combined_stress,2354060058c8498ad69c397726d3d77068989c4f3a2a03df8d7cb42b93007edb,773a4acb9073fd5e,5.0,2,0.0,0.0,5,7453d8f230dd1ef7fc361e23f107762c1d6acd102f692da6cec81296535d87ef,2024,ok,251,1945.0,-10475.0,4140.0,8280.0,414,828,-0.10475,-41.733067729083665,-0.10516733067729084,0.07645194705464482,-1.3756004226042982,-0.1252,"conditional complete-window sum on stated capital, not live equity or intraday drawdown",0.22933266932270915,383621.68061366805,mean across entered windows; not equal-risk sizing or margin availability,251,252,0.0,0.0
NQ,revert-12-1,combined_stress,2354060058c8498ad69c397726d3d77068989c4f3a2a03df8d7cb42b93007edb,773a4acb9073fd5e,5.0,2,0.0,0.0,5,7453d8f230dd1ef7fc361e23f107762c1d6acd102f692da6cec81296535d87ef,2025,ok,244,-19760.0,-31550.0,3930.0,7860.0,393,786,-0.3155,-129.30327868852459,-0.32584426229508195,0.14447377159894556,-2.255386972243065,-0.3215,"conditional complete-window sum on stated capital, not live equity or intraday drawdown",0.23642418032786885,451543.0681818182,mean across entered windows; not equal-risk sizing or margin availability,244,252,0.0,0.0
NQ,revert-12-1,combined_stress,2354060058c8498ad69c397726d3d77068989c4f3a2a03df8d7cb42b93007edb,773a4acb9073fd5e,5.0,2,0.0,0.0,5,7453d8f230dd1ef7fc361e23f107762c1d6acd102f692da6cec81296535d87ef,2026,ok,147,-20.0,-7040.0,2340.0,4680.0,234,468,-0.0704,-47.89115646258504,-0.12068571428571429,0.1527026622323186,-0.7903314357552302,-0.18947108255066733,"conditional complete-window sum on stated capital, not live equity or intraday drawdown",0.23341836734693877,543982.7807971014,mean across entered windows; not equal-risk sizing or margin availability,147,252,0.0,0.0
NQ,revert-12-1.5,base,2354060058c8498ad69c397726d3d77068989c4f3a2a03df8d7cb42b93007edb,fd3e3e1649d6e7ce,2.5,1,0.0,0.0,1,7453d8f230dd1ef7fc361e23f107762c1d6acd102f692da6cec81296535d87ef,whole,ok,2267,-21505.0,-63640.0,14045.0,28090.0,2809,5618,-0.6364,-28.072342302602557,-0.07074230260255845,0.08731499796511823,-0.8101964639662426,-0.8292756086587012,"conditional complete-window sum on stated capital, not live equity or intraday drawdown",0.19594544919864726,278608.45654237876,mean across entered windows; not equal-risk sizing or margin availability,2267,252,0.0,0.0
NQ,revert-12-1.5,base,2354060058c8498ad69c397726d3d77068989c4f3a2a03df8d7cb42b93007edb,fd3e3e1649d6e7ce,2.5,1,0.0,0.0,1,7453d8f230dd1ef7fc361e23f107762c1d6acd102f692da6cec81296535d87ef,development,ok,1122,-9680.0,-30260.0,6860.0,13720.0,1372,2744,-0.3026,-26.96969696969697,-0.06796363636363636,0.06041511516682888,-1.124944249066863,-0.3139529070639404,"conditional complete-window sum on stated capital, not live equity or intraday drawdown",0.19559566250742721,186327.20019257703,mean across entered windows; not equal-risk sizing or margin availability,1122,252,0.0,0.0
NQ,revert-12-1.5,base,2354060058c8498ad69c397726d3d77068989c4f3a2a03df8d7cb42b93007edb,fd3e3e1649d6e7ce,2.5,1,0.0,0.0,1,7453d8f230dd1ef7fc361e23f107762c1d6acd102f692da6cec81296535d87ef,validation,ok,503,-5940.0,-15570.0,3210.0,6420.0,642,1284,-0.1557,-30.95427435387674,-0.07800477137176938,0.08153778066327816,-0.9566702789459179,-0.18999600638977635,"conditional complete-window sum on stated capital, not live equity or intraday drawdown",0.20166500994035785,269764.2751937985,mean across entered windows; not equal-risk sizing or margin availability,503,252,0.0,0.0
NQ,revert-12-1.5,base,2354060058c8498ad69c397726d3d77068989c4f3a2a03df8d7cb42b93007edb,fd3e3e1649d6e7ce,2.5,1,0.0,0.0,1,7453d8f230dd1ef7fc361e23f107762c1d6acd102f692da6cec81296535d87ef,historical_final,ok,642,-5885.0,-17810.0,3975.0,7950.0,795,1590,-0.1781,-27.741433021806852,-0.06990841121495327,0.1239401241375711,-0.5640498724800074,-0.3716098096998152,"conditional complete-window sum on stated capital, not live equity or intraday drawdown",0.19207554517133957,445557.00667880994,mean across entered windows; not equal-risk sizing or margin availability,642,252,0.0,0.0
NQ,revert-12-1.5,base,2354060058c8498ad69c397726d3d77068989c4f3a2a03df8d7cb42b93007edb,fd3e3e1649d6e7ce,2.5,1,0.0,0.0,1,7453d8f230dd1ef7fc361e23f107762c1d6acd102f692da6cec81296535d87ef,2016,ok,39,-465.0,-1215.0,250.0,500.0,50,100,-0.01215,-31.153846153846153,-0.0785076923076923,0.015006350882263797,-5.231631122292468,-0.012898065290206468,"conditional complete-window sum on stated capital, not live equity or intraday drawdown",0.2168803418803419,95998.03921568627,mean across entered windows; not equal-risk sizing or margin availability,39,252,0.0,0.0
NQ,revert-12-1.5,base,2354060058c8498ad69c397726d3d77068989c4f3a2a03df8d7cb42b93007edb,fd3e3e1649d6e7ce,2.5,1,0.0,0.0,1,7453d8f230dd1ef7fc361e23f107762c1d6acd102f692da6cec81296535d87ef,2017,ok,117,310.0,-1775.0,695.0,1390.0,139,278,-0.01775,-15.17094017094017,-0.03823076923076923,0.013153337666812495,-2.906545106587677,-0.01935,"conditional complete-window sum on stated capital, not live equity or intraday drawdown",0.18945868945868946,116672.1632996633,mean across entered windows; not equal-risk sizing or margin availability,117,252,0.0,0.0
NQ,revert-12-1.5,base,2354060058c8498ad69c397726d3d77068989c4f3a2a03df8d7cb42b93007edb,fd3e3e1649d6e7ce,2.5,1,0.0,0.0,1,7453d8f230dd1ef7fc361e23f107762c1d6acd102f692da6cec81296535d87ef,2018,ok,228,-1410.0,-5730.0,1440.0,2880.0,288,576,-0.0573,-25.13157894736842,-0.06333157894736843,0.03637580769657883,-1.741035676118466,-0.06555411212151493,"conditional complete-window sum on stated capital, not live equity or intraday drawdown",0.20413011695906433,139807.1737213404,mean across entered windows; not equal-risk sizing or margin availability,228,252,0.0,0.0
NQ,revert-12-1.5,base,2354060058c8498ad69c397726d3d77068989c4f3a2a03df8d7cb42b93007edb,fd3e3e1649d6e7ce,2.5,1,0.0,0.0,1,7453d8f230dd1ef7fc361e23f107762c1d6acd102f692da6cec81296535d87ef,2019,ok,244,-1230.0,-5505.0,1425.0,2850.0,285,570,-0.05505,-22.561475409836067,-0.05685491803278689,0.030073285436815467,-1.8905456190425265,-0.06122042341220423,"conditional complete-window sum on stated capital, not live equity or intraday drawdown",0.19279371584699453,152203.75404530746,mean across entered windows; not equal-risk sizing or margin availability,244,252,0.0,0.0
NQ,revert-12-1.5,base,2354060058c8498ad69c397726d3d77068989c4f3a2a03df8d7cb42b93007edb,fd3e3e1649d6e7ce,2.5,1,0.0,0.0,1,7453d8f230dd1ef7fc361e23f107762c1d6acd102f692da6cec81296535d87ef,2020,ok,245,-4710.0,-9390.0,1560.0,3120.0,312,624,-0.0939,-38.326530612244895,-0.09658285714285714,0.09138763434920391,-1.056848203049021,-0.13553095368117957,"conditional complete-window sum on stated capital, not live equity or intraday drawdown",0.19566326530612244,206164.5,mean across entered windows; not equal-risk sizing or margin availability,245,252,0.0,0.0
NQ,revert-12-1.5,base,2354060058c8498ad69c397726d3d77068989c4f3a2a03df8d7cb42b93007edb,fd3e3e1649d6e7ce,2.5,1,0.0,0.0,1,7453d8f230dd1ef7fc361e23f107762c1d6acd102f692da6cec81296535d87ef,2021,ok,249,-2175.0,-6645.0,1490.0,2980.0,298,596,-0.06645,-26.686746987951807,-0.06725060240963855,0.07786707727704226,-0.8636590040533886,-0.09374078805148865,"conditional complete-window sum on stated capital, not live equity or intraday drawdown",0.19001004016064257,289311.58094098885,mean across entered windows; not equal-risk sizing or margin availability,249,252,0.0,0.0
NQ,revert-12-1.5,base,2354060058c8498ad69c397726d3d77068989c4f3a2a03df8d7cb42b93007edb,fd3e3e1649d6e7ce,2.5,1,0.0,0.0,1,7453d8f230dd1ef7fc361e23f107762c1d6acd102f692da6cec81296535d87ef,2022,ok,252,-855.0,-5655.0,1600.0,3200.0,320,640,-0.05655,-22.44047619047619,-0.056549999999999996,0.08875475740573795,-0.6371489444952737,-0.0869608626198083,"conditional complete-window sum on stated capital, not live equity or intraday drawdown",0.20403439153439154,254743.89784946237,mean across entered windows; not equal-risk sizing or margin availability,252,252,0.0,0.0
NQ,revert-12-1.5,base,2354060058c8498ad69c397726d3d77068989c4f3a2a03df8d7cb42b93007edb,fd3e3e1649d6e7ce,2.5,1,0.0,0.0,1,7453d8f230dd1ef7fc361e23f107762c1d6acd102f692da6cec81296535d87ef,2023,ok,251,-5085.0,-9915.0,1610.0,3220.0,322,644,-0.09915,-39.50199203187251,-0.09954501992031874,0.07373872961408817,-1.3499692826454681,-0.13215,"conditional complete-window sum on stated capital, not live equity or intraday drawdown",0.19928618857901725,285066.72535211267,mean across entered windows; not equal-risk sizing or margin availability,251,252,0.0,0.0
NQ,revert-12-1.5,base,2354060058c8498ad69c397726d3d77068989c4f3a2a03df8d7cb42b93007edb,fd3e3e1649d6e7ce,2.5,1,0.0,0.0,1,7453d8f230dd1ef7fc361e23f107762c1d6acd102f692da6cec81296535d87ef,2024,ok,251,2615.0,-1915.0,1510.0,3020.0,302,604,-0.01915,-7.629482071713148,-0.01922629482071713,0.07569638158998576,-0.2539922571842017,-0.08231357075071176,"conditional complete-window sum on stated capital, not live equity or intraday drawdown",0.18891102257636122,382654.6028037383,mean across entered windows; not equal-risk sizing or margin availability,251,252,0.0,0.0
NQ,revert-12-1.5,base,2354060058c8498ad69c397726d3d77068989c4f3a2a03df8d7cb42b93007edb,fd3e3e1649d6e7ce,2.5,1,0.0,0.0,1,7453d8f230dd1ef7fc361e23f107762c1d6acd102f692da6cec81296535d87ef,2025,ok,244,-20000.0,-24665.0,1555.0,3110.0,311,622,-0.24665,-101.0860655737705,-0.25473688524590166,0.14730618454484828,-1.7293020386957716,-0.2721296891217318,"conditional complete-window sum on stated capital, not live equity or intraday drawdown",0.19706284153005466,450694.04306220094,mean across entered windows; not equal-risk sizing or margin availability,244,252,0.0,0.0
NQ,revert-12-1.5,base,2354060058c8498ad69c397726d3d77068989c4f3a2a03df8d7cb42b93007edb,fd3e3e1649d6e7ce,2.5,1,0.0,0.0,1,7453d8f230dd1ef7fc361e23f107762c1d6acd102f692da6cec81296535d87ef,2026,ok,147,11500.0,8770.0,910.0,1820.0,182,364,0.0877,59.65986394557823,0.15034285714285714,0.14517813270346258,1.035575085195123,-0.11506131329113924,"conditional complete-window sum on stated capital, not live equity or intraday drawdown",0.18920068027210885,543870.291005291,mean across entered windows; not equal-risk sizing or margin availability,147,252,0.0,0.0
NQ,revert-12-1.5,gross_reference,2354060058c8498ad69c397726d3d77068989c4f3a2a03df8d7cb42b93007edb,dee87f592f445c02,0.0,0,0.0,0.0,1,7453d8f230dd1ef7fc361e23f107762c1d6acd102f692da6cec81296535d87ef,whole,ok,2267,-21505.0,-21505.0,0.0,0.0,2809,5618,-0.21505,-9.486104984561093,-0.023904984561093953,0.08744836878680551,-0.2733611260305272,-0.42513302501367545,"conditional complete-window sum on stated capital, not live equity or intraday drawdown",0.19594544919864726,278608.45654237876,mean across entered windows; not equal-risk sizing or margin availability,2267,252,0.0,0.0
NQ,revert-12-1.5,gross_reference,2354060058c8498ad69c397726d3d77068989c4f3a2a03df8d7cb42b93007edb,dee87f592f445c02,0.0,0,0.0,0.0,1,7453d8f230dd1ef7fc361e23f107762c1d6acd102f692da6cec81296535d87ef,development,ok,1122,-9680.0,-9680.0,0.0,0.0,1372,2744,-0.0968,-8.627450980392156,-0.021741176470588236,0.06052404697614645,-0.3592155111365372,-0.1509771743995226,"conditional complete-window sum on stated capital, not live equity or intraday drawdown",0.19559566250742721,186327.20019257703,mean across entered windows; not equal-risk sizing or margin availability,1122,252,0.0,0.0
NQ,revert-12-1.5,gross_reference,2354060058c8498ad69c397726d3d77068989c4f3a2a03df8d7cb42b93007edb,dee87f592f445c02,0.0,0,0.0,0.0,1,7453d8f230dd1ef7fc361e23f107762c1d6acd102f692da6cec81296535d87ef,validation,ok,503,-5940.0,-5940.0,0.0,0.0,642,1284,-0.0594,-11.809145129224651,-0.02975904572564612,0.08168344144892546,-0.36432164460472305,-0.10452075960723721,"conditional complete-window sum on stated capital, not live equity or intraday drawdown",0.20166500994035785,269764.2751937985,mean across entered windows; not equal-risk sizing or margin availability,503,252,0.0,0.0
NQ,revert-12-1.5,gross_reference,2354060058c8498ad69c397726d3d77068989c4f3a2a03df8d7cb42b93007edb,dee87f592f445c02,0.0,0,0.0,0.0,1,7453d8f230dd1ef7fc361e23f107762c1d6acd102f692da6cec81296535d87ef,historical_final,ok,642,-5885.0,-5885.0,0.0,0.0,795,1590,-0.05885,-9.166666666666666,-0.023099999999999996,0.12410468101032267,-0.18613318862709624,-0.29312087806287007,"conditional complete-window sum on stated capital, not live equity or intraday drawdown",0.19207554517133957,445557.00667880994,mean across entered windows; not equal-risk sizing or margin availability,642,252,0.0,0.0
NQ,revert-12-1.5,gross_reference,2354060058c8498ad69c397726d3d77068989c4f3a2a03df8d7cb42b93007edb,dee87f592f445c02,0.0,0,0.0,0.0,1,7453d8f230dd1ef7fc361e23f107762c1d6acd102f692da6cec81296535d87ef,2016,ok,39,-465.0,-465.0,0.0,0.0,50,100,-0.00465,-11.923076923076923,-0.030046153846153847,0.015086954441900587,-1.9915320856744607,-0.007987619190255105,"conditional complete-window sum on stated capital, not live equity or intraday drawdown",0.2168803418803419,95998.03921568627,mean across entered windows; not equal-risk sizing or margin availability,39,252,0.0,0.0
NQ,revert-12-1.5,gross_reference,2354060058c8498ad69c397726d3d77068989c4f3a2a03df8d7cb42b93007edb,dee87f592f445c02,0.0,0,0.0,0.0,1,7453d8f230dd1ef7fc361e23f107762c1d6acd102f692da6cec81296535d87ef,2017,ok,117,310.0,310.0,0.0,0.0,139,278,0.0031,2.6495726495726495,0.006676923076923077,0.013250277010266856,0.5039081878627537,-0.009299535023248838,"conditional complete-window sum on stated capital, not live equity or intraday drawdown",0.18945868945868946,116672.1632996633,mean across entered windows; not equal-risk sizing or margin availability,117,252,0.0,0.0
NQ,revert-12-1.5,gross_reference,2354060058c8498ad69c397726d3d77068989c4f3a2a03df8d7cb42b93007edb,dee87f592f445c02,0.0,0,0.0,0.0,1,7453d8f230dd1ef7fc361e23f107762c1d6acd102f692da6cec81296535d87ef,2018,ok,228,-1410.0,-1410.0,0.0,0.0,288,576,-0.0141,-6.184210526315789,-0.01558421052631579,0.03651445448096134,-0.42679565525048185,-0.031313988912750335,"conditional complete-window sum on stated capital, not live equity or intraday drawdown",0.20413011695906433,139807.1737213404,mean across entered windows; not equal-risk sizing or margin availability,228,252,0.0,0.0
NQ,revert-12-1.5,gross_reference,2354060058c8498ad69c397726d3d77068989c4f3a2a03df8d7cb42b93007edb,dee87f592f445c02,0.0,0,0.0,0.0,1,7453d8f230dd1ef7fc361e23f107762c1d6acd102f692da6cec81296535d87ef,2019,ok,244,-1230.0,-1230.0,0.0,0.0,285,570,-0.0123,-5.040983606557377,-0.01270327868852459,0.030313668138597157,-0.4190610859248019,-0.032614649205795945,"conditional complete-window sum on stated capital, not live equity or intraday drawdown",0.19279371584699453,152203.75404530746,mean across entered windows; not equal-risk sizing or margin availability,244,252,0.0,0.0
NQ,revert-12-1.5,gross_reference,2354060058c8498ad69c397726d3d77068989c4f3a2a03df8d7cb42b93007edb,dee87f592f445c02,0.0,0,0.0,0.0,1,7453d8f230dd1ef7fc361e23f107762c1d6acd102f692da6cec81296535d87ef,2020,ok,245,-4710.0,-4710.0,0.0,0.0,312,624,-0.0471,-19.224489795918366,-0.04844571428571428,0.09151050210394521,-0.5294005952528338,-0.13189897100093545,"conditional complete-window sum on stated capital, not live equity or intraday drawdown",0.19566326530612244,206164.5,mean across entered windows; not equal-risk sizing or margin availability,245,252,0.0,0.0
NQ,revert-12-1.5,gross_reference,2354060058c8498ad69c397726d3d77068989c4f3a2a03df8d7cb42b93007edb,dee87f592f445c02,0.0,0,0.0,0.0,1,7453d8f230dd1ef7fc361e23f107762c1d6acd102f692da6cec81296535d87ef,2021,ok,249,-2175.0,-2175.0,0.0,0.0,298,596,-0.02175,-8.734939759036145,-0.022012048192771087,0.07795106115563498,-0.2823829190576691,-0.06637686822311224,"conditional complete-window sum on stated capital, not live equity or intraday drawdown",0.19001004016064257,289311.58094098885,mean across entered windows; not equal-risk sizing or margin availability,249,252,0.0,0.0
NQ,revert-12-1.5,gross_reference,2354060058c8498ad69c397726d3d77068989c4f3a2a03df8d7cb42b93007edb,dee87f592f445c02,0.0,0,0.0,0.0,1,7453d8f230dd1ef7fc361e23f107762c1d6acd102f692da6cec81296535d87ef,2022,ok,252,-855.0,-855.0,0.0,0.0,320,640,-0.00855,-3.392857142857143,-0.00855,0.0888786774921241,-0.0961985511177037,-0.0724232592962316,"conditional complete-window sum on stated capital, not live equity or intraday drawdown",0.20403439153439154,254743.89784946237,mean across entered windows; not equal-risk sizing or margin availability,252,252,0.0,0.0
NQ,revert-12-1.5,gross_reference,2354060058c8498ad69c397726d3d77068989c4f3a2a03df8d7cb42b93007edb,dee87f592f445c02,0.0,0,0.0,0.0,1,7453d8f230dd1ef7fc361e23f107762c1d6acd102f692da6cec81296535d87ef,2023,ok,251,-5085.0,-5085.0,0.0,0.0,322,644,-0.05085,-20.258964143426294,-0.05105258964143426,0.07391294841411031,-0.6907123952815837,-0.09473421512353382,"conditional complete-window sum on stated capital, not live equity or intraday drawdown",0.19928618857901725,285066.72535211267,mean across entered windows; not equal-risk sizing or margin availability,251,252,0.0,0.0
NQ,revert-12-1.5,gross_reference,2354060058c8498ad69c397726d3d77068989c4f3a2a03df8d7cb42b93007edb,dee87f592f445c02,0.0,0,0.0,0.0,1,7453d8f230dd1ef7fc361e23f107762c1d6acd102f692da6cec81296535d87ef,2024,ok,251,2615.0,2615.0,0.0,0.0,302,604,0.02615,10.418326693227092,0.026254183266932272,0.07586944057016817,0.34604424481884755,-0.06778396658046548,"conditional complete-window sum on stated capital, not live equity or intraday drawdown",0.18891102257636122,382654.6028037383,mean across entered windows; not equal-risk sizing or margin availability,251,252,0.0,0.0
NQ,revert-12-1.5,gross_reference,2354060058c8498ad69c397726d3d77068989c4f3a2a03df8d7cb42b93007edb,dee87f592f445c02,0.0,0,0.0,0.0,1,7453d8f230dd1ef7fc361e23f107762c1d6acd102f692da6cec81296535d87ef,2025,ok,244,-20000.0,-20000.0,0.0,0.0,311,622,-0.2,-81.9672131147541,-0.20655737704918034,0.14735192643685008,-1.401796244161787,-0.22962962962962963,"conditional complete-window sum on stated capital, not live equity or intraday drawdown",0.19706284153005466,450694.04306220094,mean across entered windows; not equal-risk sizing or margin availability,244,252,0.0,0.0
NQ,revert-12-1.5,gross_reference,2354060058c8498ad69c397726d3d77068989c4f3a2a03df8d7cb42b93007edb,dee87f592f445c02,0.0,0,0.0,0.0,1,7453d8f230dd1ef7fc361e23f107762c1d6acd102f692da6cec81296535d87ef,2026,ok,147,11500.0,11500.0,0.0,0.0,182,364,0.115,78.2312925170068,0.19714285714285718,0.14557753456982495,1.354212088598735,-0.10280604683331687,"conditional complete-window sum on stated capital, not live equity or intraday drawdown",0.18920068027210885,543870.291005291,mean across entered windows; not equal-risk sizing or margin availability,147,252,0.0,0.0
NQ,revert-12-1.5,cost_stress,2354060058c8498ad69c397726d3d77068989c4f3a2a03df8d7cb42b93007edb,ecd7cc64f6871fc7,5.0,2,0.0,0.0,1,7453d8f230dd1ef7fc361e23f107762c1d6acd102f692da6cec81296535d87ef,whole,ok,2267,-21505.0,-105775.0,28090.0,56180.0,2809,5618,-1.05775,-46.658579620644026,-0.11757962064402296,0.08721764840563265,-1.3481172995766015,-1.2365,"conditional complete-window sum on stated capital, not live equity or intraday drawdown",0.19594544919864726,278608.45654237876,mean across entered windows; not equal-risk sizing or margin availability,2267,252,0.0,0.0
NQ,revert-12-1.5,cost_stress,2354060058c8498ad69c397726d3d77068989c4f3a2a03df8d7cb42b93007edb,ecd7cc64f6871fc7,5.0,2,0.0,0.0,1,7453d8f230dd1ef7fc361e23f107762c1d6acd102f692da6cec81296535d87ef,development,ok,1122,-9680.0,-50840.0,13720.0,27440.0,1372,2744,-0.5084,-45.31194295900178,-0.1141860962566845,0.060357486830303064,-1.8918298665701943,-0.5095,"conditional complete-window sum on stated capital, not live equity or intraday drawdown",0.19559566250742721,186327.20019257703,mean across entered windows; not equal-risk sizing or margin availability,1122,252,0.0,0.0
NQ,revert-12-1.5,cost_stress,2354060058c8498ad69c397726d3d77068989c4f3a2a03df8d7cb42b93007edb,ecd7cc64f6871fc7,5.0,2,0.0,0.0,1,7453d8f230dd1ef7fc361e23f107762c1d6acd102f692da6cec81296535d87ef,validation,ok,503,-5940.0,-25200.0,6420.0,12840.0,642,1284,-0.252,-50.09940357852883,-0.12625049701789265,0.08143300664483727,-1.550360255866799,-0.276748714364172,"conditional complete-window sum on stated capital, not live equity or intraday drawdown",0.20166500994035785,269764.2751937985,mean across entered windows; not equal-risk sizing or margin availability,503,252,0.0,0.0
NQ,revert-12-1.5,cost_stress,2354060058c8498ad69c397726d3d77068989c4f3a2a03df8d7cb42b93007edb,ecd7cc64f6871fc7,5.0,2,0.0,0.0,1,7453d8f230dd1ef7fc361e23f107762c1d6acd102f692da6cec81296535d87ef,historical_final,ok,642,-5885.0,-29735.0,7950.0,15900.0,795,1590,-0.29735,-46.31619937694704,-0.11671682242990654,0.1238003969637346,-0.9427822954727434,-0.4761,"conditional complete-window sum on stated capital, not live equity or intraday drawdown",0.19207554517133957,445557.00667880994,mean across entered windows; not equal-risk sizing or margin availability,642,252,0.0,0.0
NQ,revert-12-1.5,cost_stress,2354060058c8498ad69c397726d3d77068989c4f3a2a03df8d7cb42b93007edb,ecd7cc64f6871fc7,5.0,2,0.0,0.0,1,7453d8f230dd1ef7fc361e23f107762c1d6acd102f692da6cec81296535d87ef,2016,ok,39,-465.0,-1965.0,500.0,1000.0,50,100,-0.01965,-50.38461538461539,-0.12696923076923078,0.015142641617026414,-8.384879863132094,-0.01965,"conditional complete-window sum on stated capital, not live equity or intraday drawdown",0.2168803418803419,95998.03921568627,mean across entered windows; not equal-risk sizing or margin availability,39,252,0.0,0.0
NQ,revert-12-1.5,cost_stress,2354060058c8498ad69c397726d3d77068989c4f3a2a03df8d7cb42b93007edb,ecd7cc64f6871fc7,5.0,2,0.0,0.0,1,7453d8f230dd1ef7fc361e23f107762c1d6acd102f692da6cec81296535d87ef,2017,ok,117,310.0,-3860.0,1390.0,2780.0,139,278,-0.0386,-32.99145299145299,-0.08313846153846154,0.013277909897520937,-6.261411786954811,-0.0386,"conditional complete-window sum on stated capital, not live equity or intraday drawdown",0.18945868945868946,116672.1632996633,mean across entered windows; not equal-risk sizing or margin availability,117,252,0.0,0.0
NQ,revert-12-1.5,cost_stress,2354060058c8498ad69c397726d3d77068989c4f3a2a03df8d7cb42b93007edb,ecd7cc64f6871fc7,5.0,2,0.0,0.0,1,7453d8f230dd1ef7fc361e23f107762c1d6acd102f692da6cec81296535d87ef,2018,ok,228,-1410.0,-10050.0,2880.0,5760.0,288,576,-0.1005,-44.078947368421055,-0.11107894736842105,0.036329024196537,-3.057581364351907,-0.10667333166708323,"conditional complete-window sum on stated capital, not live equity or intraday drawdown",0.20413011695906433,139807.1737213404,mean across entered windows; not equal-risk sizing or margin availability,228,252,0.0,0.0
NQ,revert-12-1.5,cost_stress,2354060058c8498ad69c397726d3d77068989c4f3a2a03df8d7cb42b93007edb,ecd7cc64f6871fc7,5.0,2,0.0,0.0,1,7453d8f230dd1ef7fc361e23f107762c1d6acd102f692da6cec81296535d87ef,2019,ok,244,-1230.0,-9780.0,2850.0,5700.0,285,570,-0.0978,-40.08196721311475,-0.10100655737704918,0.02992944506411337,-3.374822258170105,-0.10090188848472768,"conditional complete-window sum on stated capital, not live equity or intraday drawdown",0.19279371584699453,152203.75404530746,mean across entered windows; not equal-risk sizing or margin availability,244,252,0.0,0.0
NQ,revert-12-1.5,cost_stress,2354060058c8498ad69c397726d3d77068989c4f3a2a03df8d7cb42b93007edb,ecd7cc64f6871fc7,5.0,2,0.0,0.0,1,7453d8f230dd1ef7fc361e23f107762c1d6acd102f692da6cec81296535d87ef,2020,ok,245,-4710.0,-14070.0,3120.0,6240.0,312,624,-0.1407,-57.42857142857143,-0.14472000000000002,0.09129634093901279,-1.5851675818713804,-0.1481,"conditional complete-window sum on stated capital, not live equity or intraday drawdown",0.19566326530612244,206164.5,mean across entered windows; not equal-risk sizing or margin availability,245,252,0.0,0.0
NQ,revert-12-1.5,cost_stress,2354060058c8498ad69c397726d3d77068989c4f3a2a03df8d7cb42b93007edb,ecd7cc64f6871fc7,5.0,2,0.0,0.0,1,7453d8f230dd1ef7fc361e23f107762c1d6acd102f692da6cec81296535d87ef,2021,ok,249,-2175.0,-11115.0,2980.0,5960.0,298,596,-0.11115,-44.63855421686747,-0.11248915662650602,0.07782571617239267,-1.4453982842551678,-0.12251655629139073,"conditional complete-window sum on stated capital, not live equity or intraday drawdown",0.19001004016064257,289311.58094098885,mean across entered windows; not equal-risk sizing or margin availability,249,252,0.0,0.0
NQ,revert-12-1.5,cost_stress,2354060058c8498ad69c397726d3d77068989c4f3a2a03df8d7cb42b93007edb,ecd7cc64f6871fc7,5.0,2,0.0,0.0,1,7453d8f230dd1ef7fc361e23f107762c1d6acd102f692da6cec81296535d87ef,2022,ok,252,-855.0,-10455.0,3200.0,6400.0,320,640,-0.10455,-41.48809523809524,-0.10455000000000002,0.08866574071024959,-1.1791476523233313,-0.12711568226072195,"conditional complete-window sum on stated capital, not live equity or intraday drawdown",0.20403439153439154,254743.89784946237,mean across entered windows; not equal-risk sizing or margin availability,252,252,0.0,0.0
NQ,revert-12-1.5,cost_stress,2354060058c8498ad69c397726d3d77068989c4f3a2a03df8d7cb42b93007edb,ecd7cc64f6871fc7,5.0,2,0.0,0.0,1,7453d8f230dd1ef7fc361e23f107762c1d6acd102f692da6cec81296535d87ef,2023,ok,251,-5085.0,-14745.0,3220.0,6440.0,322,644,-0.14745,-58.745019920318725,-0.1480374501992032,0.07361307622883662,-2.0110211090623076,-0.17115,"conditional complete-window sum on stated capital, not live equity or intraday drawdown",0.19928618857901725,285066.72535211267,mean across entered windows; not equal-risk sizing or margin availability,251,252,0.0,0.0
NQ,revert-12-1.5,cost_stress,2354060058c8498ad69c397726d3d77068989c4f3a2a03df8d7cb42b93007edb,ecd7cc64f6871fc7,5.0,2,0.0,0.0,1,7453d8f230dd1ef7fc361e23f107762c1d6acd102f692da6cec81296535d87ef,2024,ok,251,2615.0,-6445.0,3020.0,6040.0,302,604,-0.06445,-25.677290836653388,-0.06470677290836654,0.0755621470972353,-0.8563384630283231,-0.107,"conditional complete-window sum on stated capital, not live equity or intraday drawdown",0.18891102257636122,382654.6028037383,mean across entered windows; not equal-risk sizing or margin availability,251,252,0.0,0.0
NQ,revert-12-1.5,cost_stress,2354060058c8498ad69c397726d3d77068989c4f3a2a03df8d7cb42b93007edb,ecd7cc64f6871fc7,5.0,2,0.0,0.0,1,7453d8f230dd1ef7fc361e23f107762c1d6acd102f692da6cec81296535d87ef,2025,ok,244,-20000.0,-29330.0,3110.0,6220.0,311,622,-0.2933,-120.20491803278688,-0.3029163934426229,0.1472823882900634,-2.0567047897542787,-0.3147690177069938,"conditional complete-window sum on stated capital, not live equity or intraday drawdown",0.19706284153005466,450694.04306220094,mean across entered windows; not equal-risk sizing or margin availability,244,252,0.0,0.0
NQ,revert-12-1.5,cost_stress,2354060058c8498ad69c397726d3d77068989c4f3a2a03df8d7cb42b93007edb,ecd7cc64f6871fc7,5.0,2,0.0,0.0,1,7453d8f230dd1ef7fc361e23f107762c1d6acd102f692da6cec81296535d87ef,2026,ok,147,11500.0,6040.0,1820.0,3640.0,182,364,0.0604,41.08843537414966,0.10354285714285714,0.14479926566993306,0.7150786066752641,-0.1275974668513754,"conditional complete-window sum on stated capital, not live equity or intraday drawdown",0.18920068027210885,543870.291005291,mean across entered windows; not equal-risk sizing or margin availability,147,252,0.0,0.0
NQ,revert-12-1.5,delay_stress,2354060058c8498ad69c397726d3d77068989c4f3a2a03df8d7cb42b93007edb,06003de29a870625,2.5,1,0.0,0.0,5,7453d8f230dd1ef7fc361e23f107762c1d6acd102f692da6cec81296535d87ef,whole,ok,2267,-23210.0,-64205.0,13665.0,27330.0,2733,5466,-0.64205,-28.3215703573004,-0.071370357300397,0.08673841234749778,-0.822822961232768,-0.79515,"conditional complete-window sum on stated capital, not live equity or intraday drawdown",0.19330796941626233,278557.76022628375,mean across entered windows; not equal-risk sizing or margin availability,2267,252,0.0,0.0
NQ,revert-12-1.5,delay_stress,2354060058c8498ad69c397726d3d77068989c4f3a2a03df8d7cb42b93007edb,06003de29a870625,2.5,1,0.0,0.0,5,7453d8f230dd1ef7fc361e23f107762c1d6acd102f692da6cec81296535d87ef,development,ok,1122,-7480.0,-27520.0,6680.0,13360.0,1336,2672,-0.2752,-24.527629233511586,-0.0618096256684492,0.06223306594481826,-0.9931958956233247,-0.292,"conditional complete-window sum on stated capital, not live equity or intraday drawdown",0.1929404337492573,186533.03495762713,mean across entered windows; not equal-risk sizing or margin availability,1122,252,0.0,0.0
NQ,revert-12-1.5,delay_stress,2354060058c8498ad69c397726d3d77068989c4f3a2a03df8d7cb42b93007edb,06003de29a870625,2.5,1,0.0,0.0,5,7453d8f230dd1ef7fc361e23f107762c1d6acd102f692da6cec81296535d87ef,validation,ok,503,-3225.0,-12630.0,3135.0,6270.0,627,1254,-0.1263,-25.10934393638171,-0.06327554671968191,0.07961100044173089,-0.7948090888016754,-0.15925,"conditional complete-window sum on stated capital, not live equity or intraday drawdown",0.19934559310801855,269706.93925233645,mean across entered windows; not equal-risk sizing or margin availability,503,252,0.0,0.0
NQ,revert-12-1.5,delay_stress,2354060058c8498ad69c397726d3d77068989c4f3a2a03df8d7cb42b93007edb,06003de29a870625,2.5,1,0.0,0.0,5,7453d8f230dd1ef7fc361e23f107762c1d6acd102f692da6cec81296535d87ef,historical_final,ok,642,-12505.0,-24055.0,3850.0,7700.0,770,1540,-0.24055,-37.46884735202492,-0.09442149532710281,0.12188882852816063,-0.7746525786429075,-0.39365,"conditional complete-window sum on stated capital, not live equity or intraday drawdown",0.18921988577362409,445518.1507059545,mean across entered windows; not equal-risk sizing or margin availability,642,252,0.0,0.0
NQ,revert-12-1.5,delay_stress,2354060058c8498ad69c397726d3d77068989c4f3a2a03df8d7cb42b93007edb,06003de29a870625,2.5,1,0.0,0.0,5,7453d8f230dd1ef7fc361e23f107762c1d6acd102f692da6cec81296535d87ef,2016,ok,39,-355.0,-1090.0,245.0,490.0,49,98,-0.0109,-27.94871794871795,-0.07043076923076923,0.015446516057014123,-4.559654032715505,-0.01245,"conditional complete-window sum on stated capital, not live equity or intraday drawdown",0.2142094017094017,95990.04901960785,mean across entered windows; not equal-risk sizing or margin availability,39,252,0.0,0.0
NQ,revert-12-1.5,delay_stress,2354060058c8498ad69c397726d3d77068989c4f3a2a03df8d7cb42b93007edb,06003de29a870625,2.5,1,0.0,0.0,5,7453d8f230dd1ef7fc361e23f107762c1d6acd102f692da6cec81296535d87ef,2017,ok,117,120.0,-1875.0,665.0,1330.0,133,266,-0.01875,-16.025641025641026,-0.04038461538461539,0.01253151147471241,-3.2226452065346085,-0.02115,"conditional complete-window sum on stated capital, not live equity or intraday drawdown",0.1850071225071225,116724.35763888888,mean across entered windows; not equal-risk sizing or margin availability,117,252,0.0,0.0
NQ,revert-12-1.5,delay_stress,2354060058c8498ad69c397726d3d77068989c4f3a2a03df8d7cb42b93007edb,06003de29a870625,2.5,1,0.0,0.0,5,7453d8f230dd1ef7fc361e23f107762c1d6acd102f692da6cec81296535d87ef,2018,ok,228,1590.0,-2640.0,1410.0,2820.0,282,564,-0.0264,-11.578947368421053,-0.029178947368421054,0.03474198895327381,-0.8398755582953308,-0.03898761980830671,"conditional complete-window sum on stated capital, not live equity or intraday drawdown",0.20184576023391812,139802.76455026455,mean across entered windows; not equal-risk sizing or margin availability,228,252,0.0,0.0
NQ,revert-12-1.5,delay_stress,2354060058c8498ad69c397726d3d77068989c4f3a2a03df8d7cb42b93007edb,06003de29a870625,2.5,1,0.0,0.0,5,7453d8f230dd1ef7fc361e23f107762c1d6acd102f692da6cec81296535d87ef,2019,ok,244,-35.0,-4235.0,1400.0,2800.0,280,560,-0.04235,-17.35655737704918,-0.04373852459016394,0.02905131854126479,-1.5055607382514253,-0.060610580747812254,"conditional complete-window sum on stated capital, not live equity or intraday drawdown",0.1913422131147541,152138.4117161716,mean across entered windows; not equal-risk sizing or margin availability,244,252,0.0,0.0
NQ,revert-12-1.5,delay_stress,2354060058c8498ad69c397726d3d77068989c4f3a2a03df8d7cb42b93007edb,06003de29a870625,2.5,1,0.0,0.0,5,7453d8f230dd1ef7fc361e23f107762c1d6acd102f692da6cec81296535d87ef,2020,ok,245,-2305.0,-6850.0,1515.0,3030.0,303,606,-0.0685,-27.959183673469386,-0.07045714285714286,0.09808636220009748,-0.7183174222876098,-0.13714145623927435,"conditional complete-window sum on stated capital, not live equity or intraday drawdown",0.19285714285714287,206145.60465116278,mean across entered windows; not equal-risk sizing or margin availability,245,252,0.0,0.0
NQ,revert-12-1.5,delay_stress,2354060058c8498ad69c397726d3d77068989c4f3a2a03df8d7cb42b93007edb,06003de29a870625,2.5,1,0.0,0.0,5,7453d8f230dd1ef7fc361e23f107762c1d6acd102f692da6cec81296535d87ef,2021,ok,249,-6495.0,-10830.0,1445.0,2890.0,289,578,-0.1083,-43.493975903614455,-0.10960481927710843,0.07735234576567655,-1.4169553384862341,-0.13449077509027058,"conditional complete-window sum on stated capital, not live equity or intraday drawdown",0.18683065595716197,289144.22275641025,mean across entered windows; not equal-risk sizing or margin availability,249,252,0.0,0.0
NQ,revert-12-1.5,delay_stress,2354060058c8498ad69c397726d3d77068989c4f3a2a03df8d7cb42b93007edb,06003de29a870625,2.5,1,0.0,0.0,5,7453d8f230dd1ef7fc361e23f107762c1d6acd102f692da6cec81296535d87ef,2022,ok,252,1780.0,-2900.0,1560.0,3120.0,312,624,-0.029,-11.507936507936508,-0.029,0.08671798547005151,-0.3344173627051715,-0.08475,"conditional complete-window sum on stated capital, not live equity or intraday drawdown",0.20180224867724866,254495.71317829454,mean across entered windows; not equal-risk sizing or margin availability,252,252,0.0,0.0
NQ,revert-12-1.5,delay_stress,2354060058c8498ad69c397726d3d77068989c4f3a2a03df8d7cb42b93007edb,06003de29a870625,2.5,1,0.0,0.0,5,7453d8f230dd1ef7fc361e23f107762c1d6acd102f692da6cec81296535d87ef,2023,ok,251,-5005.0,-9730.0,1575.0,3150.0,315,630,-0.0973,-38.764940239043824,-0.09768764940239044,0.07188198527345074,-1.359000437046511,-0.1321592496507683,"conditional complete-window sum on stated capital, not live equity or intraday drawdown",0.19687915006640105,285060.9937402191,mean across entered windows; not equal-risk sizing or margin availability,251,252,0.0,0.0
NQ,revert-12-1.5,delay_stress,2354060058c8498ad69c397726d3d77068989c4f3a2a03df8d7cb42b93007edb,06003de29a870625,2.5,1,0.0,0.0,5,7453d8f230dd1ef7fc361e23f107762c1d6acd102f692da6cec81296535d87ef,2024,ok,251,-2500.0,-6865.0,1455.0,2910.0,291,582,-0.06865,-27.350597609561753,-0.06892350597609562,0.07075801725076082,-0.974073449964492,-0.1058,"conditional complete-window sum on stated capital, not live equity or intraday drawdown",0.18567397078353254,382363.75987361773,mean across entered windows; not equal-risk sizing or margin availability,251,252,0.0,0.0
NQ,revert-12-1.5,delay_stress,2354060058c8498ad69c397726d3d77068989c4f3a2a03df8d7cb42b93007edb,06003de29a870625,2.5,1,0.0,0.0,5,7453d8f230dd1ef7fc361e23f107762c1d6acd102f692da6cec81296535d87ef,2025,ok,244,-18720.0,-23205.0,1495.0,2990.0,299,598,-0.23205,-95.10245901639344,-0.23965819672131147,0.14514168337484598,-1.6512017164797874,-0.2523313219967087,"conditional complete-window sum on stated capital, not live equity or intraday drawdown",0.19322062841530055,450670.2938808374,mean across entered windows; not equal-risk sizing or margin availability,244,252,0.0,0.0
NQ,revert-12-1.5,delay_stress,2354060058c8498ad69c397726d3d77068989c4f3a2a03df8d7cb42b93007edb,06003de29a870625,2.5,1,0.0,0.0,5,7453d8f230dd1ef7fc361e23f107762c1d6acd102f692da6cec81296535d87ef,2026,ok,147,8715.0,6015.0,900.0,1800.0,180,360,0.06015,40.91836734693877,0.1031142857142857,0.145919197609224,0.7066533218639871,-0.10450192516536677,"conditional complete-window sum on stated capital, not live equity or intraday drawdown",0.18863378684807255,543590.8133333332,mean across entered windows; not equal-risk sizing or margin availability,147,252,0.0,0.0
NQ,revert-12-1.5,combined_stress,2354060058c8498ad69c397726d3d77068989c4f3a2a03df8d7cb42b93007edb,6ca271df63a395f7,5.0,2,0.0,0.0,5,7453d8f230dd1ef7fc361e23f107762c1d6acd102f692da6cec81296535d87ef,whole,ok,2267,-23210.0,-105200.0,27330.0,54660.0,2733,5466,-1.052,-46.40494044993383,-0.11694044993383326,0.08674018881688207,-1.3481691881107984,-1.1859,"conditional complete-window sum on stated capital, not live equity or intraday drawdown",0.19330796941626233,278557.76022628375,mean across entered windows; not equal-risk sizing or margin availability,2267,252,0.0,0.0
NQ,revert-12-1.5,combined_stress,2354060058c8498ad69c397726d3d77068989c4f3a2a03df8d7cb42b93007edb,6ca271df63a395f7,5.0,2,0.0,0.0,5,7453d8f230dd1ef7fc361e23f107762c1d6acd102f692da6cec81296535d87ef,development,ok,1122,-7480.0,-47560.0,13360.0,26720.0,1336,2672,-0.4756,-42.38859180035651,-0.1068192513368984,0.06223997373167576,-1.716248335794765,-0.48145,"conditional complete-window sum on stated capital, not live equity or intraday drawdown",0.1929404337492573,186533.03495762713,mean across entered windows; not equal-risk sizing or margin availability,1122,252,0.0,0.0
NQ,revert-12-1.5,combined_stress,2354060058c8498ad69c397726d3d77068989c4f3a2a03df8d7cb42b93007edb,6ca271df63a395f7,5.0,2,0.0,0.0,5,7453d8f230dd1ef7fc361e23f107762c1d6acd102f692da6cec81296535d87ef,validation,ok,503,-3225.0,-22035.0,6270.0,12540.0,627,1254,-0.22035,-43.807157057654074,-0.11039403578528827,0.07962686217420968,-1.3863918880008783,-0.2443,"conditional complete-window sum on stated capital, not live equity or intraday drawdown",0.19934559310801855,269706.93925233645,mean across entered windows; not equal-risk sizing or margin availability,503,252,0.0,0.0
NQ,revert-12-1.5,combined_stress,2354060058c8498ad69c397726d3d77068989c4f3a2a03df8d7cb42b93007edb,6ca271df63a395f7,5.0,2,0.0,0.0,5,7453d8f230dd1ef7fc361e23f107762c1d6acd102f692da6cec81296535d87ef,historical_final,ok,642,-12505.0,-35605.0,7700.0,15400.0,770,1540,-0.35605,-55.4595015576324,-0.13975794392523366,0.12187916456545092,-1.1466926641934896,-0.48995,"conditional complete-window sum on stated capital, not live equity or intraday drawdown",0.18921988577362409,445518.1507059545,mean across entered windows; not equal-risk sizing or margin availability,642,252,0.0,0.0
NQ,revert-12-1.5,combined_stress,2354060058c8498ad69c397726d3d77068989c4f3a2a03df8d7cb42b93007edb,6ca271df63a395f7,5.0,2,0.0,0.0,5,7453d8f230dd1ef7fc361e23f107762c1d6acd102f692da6cec81296535d87ef,2016,ok,39,-355.0,-1825.0,490.0,980.0,49,98,-0.01825,-46.794871794871796,-0.11792307692307692,0.015645693745996767,-7.537094796659284,-0.0192,"conditional complete-window sum on stated capital, not live equity or intraday drawdown",0.2142094017094017,95990.04901960785,mean across entered windows; not equal-risk sizing or margin availability,39,252,0.0,0.0
NQ,revert-12-1.5,combined_stress,2354060058c8498ad69c397726d3d77068989c4f3a2a03df8d7cb42b93007edb,6ca271df63a395f7,5.0,2,0.0,0.0,5,7453d8f230dd1ef7fc361e23f107762c1d6acd102f692da6cec81296535d87ef,2017,ok,117,120.0,-3870.0,1330.0,2660.0,133,266,-0.0387,-33.07692307692308,-0.08335384615384615,0.012728161199998865,-6.548773608701122,-0.0387,"conditional complete-window sum on stated capital, not live equity or intraday drawdown",0.1850071225071225,116724.35763888888,mean across entered windows; not equal-risk sizing or margin availability,117,252,0.0,0.0
NQ,revert-12-1.5,combined_stress,2354060058c8498ad69c397726d3d77068989c4f3a2a03df8d7cb42b93007edb,6ca271df63a395f7,5.0,2,0.0,0.0,5,7453d8f230dd1ef7fc361e23f107762c1d6acd102f692da6cec81296535d87ef,2018,ok,228,1590.0,-6870.0,2820.0,5640.0,282,564,-0.0687,-30.13157894736842,-0.07593157894736842,0.034640651205988596,-2.1919789699057834,-0.07751086250811566,"conditional complete-window sum on stated capital, not live equity or intraday drawdown",0.20184576023391812,139802.76455026455,mean across entered windows; not equal-risk sizing or margin availability,228,252,0.0,0.0
NQ,revert-12-1.5,combined_stress,2354060058c8498ad69c397726d3d77068989c4f3a2a03df8d7cb42b93007edb,6ca271df63a395f7,5.0,2,0.0,0.0,5,7453d8f230dd1ef7fc361e23f107762c1d6acd102f692da6cec81296535d87ef,2019,ok,244,-35.0,-8435.0,2800.0,5600.0,280,560,-0.08435,-34.56967213114754,-0.08711557377049181,0.0290173150630259,-3.002192779768766,-0.09262854014235229,"conditional complete-window sum on stated capital, not live equity or intraday drawdown",0.1913422131147541,152138.4117161716,mean across entered windows; not equal-risk sizing or margin availability,244,252,0.0,0.0
NQ,revert-12-1.5,combined_stress,2354060058c8498ad69c397726d3d77068989c4f3a2a03df8d7cb42b93007edb,6ca271df63a395f7,5.0,2,0.0,0.0,5,7453d8f230dd1ef7fc361e23f107762c1d6acd102f692da6cec81296535d87ef,2020,ok,245,-2305.0,-11395.0,3030.0,6060.0,303,606,-0.11395,-46.51020408163265,-0.11720571428571427,0.09802830803213952,-1.1956313093487982,-0.14691052891744932,"conditional complete-window sum on stated capital, not live equity or intraday drawdown",0.19285714285714287,206145.60465116278,mean across entered windows; not equal-risk sizing or margin availability,245,252,0.0,0.0
NQ,revert-12-1.5,combined_stress,2354060058c8498ad69c397726d3d77068989c4f3a2a03df8d7cb42b93007edb,6ca271df63a395f7,5.0,2,0.0,0.0,5,7453d8f230dd1ef7fc361e23f107762c1d6acd102f692da6cec81296535d87ef,2021,ok,249,-6495.0,-15165.0,2890.0,5780.0,289,578,-0.15165,-60.903614457831324,-0.15347710843373494,0.07748439245823036,-1.98074868453631,-0.1639791614983875,"conditional complete-window sum on stated capital, not live equity or intraday drawdown",0.18683065595716197,289144.22275641025,mean across entered windows; not equal-risk sizing or margin availability,249,252,0.0,0.0
NQ,revert-12-1.5,combined_stress,2354060058c8498ad69c397726d3d77068989c4f3a2a03df8d7cb42b93007edb,6ca271df63a395f7,5.0,2,0.0,0.0,5,7453d8f230dd1ef7fc361e23f107762c1d6acd102f692da6cec81296535d87ef,2022,ok,252,1780.0,-7580.0,3120.0,6240.0,312,624,-0.0758,-30.07936507936508,-0.07579999999999999,0.08676073753541544,-0.8736670774503121,-0.1017,"conditional complete-window sum on stated capital, not live equity or intraday drawdown",0.20180224867724866,254495.71317829454,mean across entered windows; not equal-risk sizing or margin availability,252,252,0.0,0.0
NQ,revert-12-1.5,combined_stress,2354060058c8498ad69c397726d3d77068989c4f3a2a03df8d7cb42b93007edb,6ca271df63a395f7,5.0,2,0.0,0.0,5,7453d8f230dd1ef7fc361e23f107762c1d6acd102f692da6cec81296535d87ef,2023,ok,251,-5005.0,-14455.0,3150.0,6300.0,315,630,-0.14455,-57.58964143426295,-0.14512589641434265,0.07186424372866682,-2.0194451215862665,-0.16866626674665067,"conditional complete-window sum on stated capital, not live equity or intraday drawdown",0.19687915006640105,285060.9937402191,mean across entered windows; not equal-risk sizing or margin availability,251,252,0.0,0.0
NQ,revert-12-1.5,combined_stress,2354060058c8498ad69c397726d3d77068989c4f3a2a03df8d7cb42b93007edb,6ca271df63a395f7,5.0,2,0.0,0.0,5,7453d8f230dd1ef7fc361e23f107762c1d6acd102f692da6cec81296535d87ef,2024,ok,251,-2500.0,-11230.0,2910.0,5820.0,291,582,-0.1123,-44.7410358565737,-0.11274741035856573,0.07078799462668041,-1.5927476255425745,-0.13515,"conditional complete-window sum on stated capital, not live equity or intraday drawdown",0.18567397078353254,382363.75987361773,mean across entered windows; not equal-risk sizing or margin availability,251,252,0.0,0.0
NQ,revert-12-1.5,combined_stress,2354060058c8498ad69c397726d3d77068989c4f3a2a03df8d7cb42b93007edb,6ca271df63a395f7,5.0,2,0.0,0.0,5,7453d8f230dd1ef7fc361e23f107762c1d6acd102f692da6cec81296535d87ef,2025,ok,244,-18720.0,-27690.0,2990.0,5980.0,299,598,-0.2769,-113.48360655737704,-0.28597868852459013,0.14524039957007084,-1.9690023531408736,-0.2939650872817955,"conditional complete-window sum on stated capital, not live equity or intraday drawdown",0.19322062841530055,450670.2938808374,mean across entered windows; not equal-risk sizing or margin availability,244,252,0.0,0.0
NQ,revert-12-1.5,combined_stress,2354060058c8498ad69c397726d3d77068989c4f3a2a03df8d7cb42b93007edb,6ca271df63a395f7,5.0,2,0.0,0.0,5,7453d8f230dd1ef7fc361e23f107762c1d6acd102f692da6cec81296535d87ef,2026,ok,147,8715.0,3315.0,1800.0,3600.0,180,360,0.03315,22.551020408163264,0.05682857142857142,0.14569195037177285,0.3900597890518851,-0.11141304347826086,"conditional complete-window sum on stated capital, not live equity or intraday drawdown",0.18863378684807255,543590.8133333332,mean across entered windows; not equal-risk sizing or margin availability,147,252,0.0,0.0
NQ,flat,base,2354060058c8498ad69c397726d3d77068989c4f3a2a03df8d7cb42b93007edb,23e06e10f05b29e6,2.5,1,0.0,0.0,1,7453d8f230dd1ef7fc361e23f107762c1d6acd102f692da6cec81296535d87ef,whole,ok,2267,0.0,0.0,0.0,0.0,0,0,0.0,0.0,0.0,0.0,,0.0,"conditional complete-window sum on stated capital, not live equity or intraday drawdown",0.0,0.0,mean across entered windows; not equal-risk sizing or margin availability,2267,252,0.0,0.0
NQ,flat,base,2354060058c8498ad69c397726d3d77068989c4f3a2a03df8d7cb42b93007edb,23e06e10f05b29e6,2.5,1,0.0,0.0,1,7453d8f230dd1ef7fc361e23f107762c1d6acd102f692da6cec81296535d87ef,development,ok,1122,0.0,0.0,0.0,0.0,0,0,0.0,0.0,0.0,0.0,,0.0,"conditional complete-window sum on stated capital, not live equity or intraday drawdown",0.0,0.0,mean across entered windows; not equal-risk sizing or margin availability,1122,252,0.0,0.0
NQ,flat,base,2354060058c8498ad69c397726d3d77068989c4f3a2a03df8d7cb42b93007edb,23e06e10f05b29e6,2.5,1,0.0,0.0,1,7453d8f230dd1ef7fc361e23f107762c1d6acd102f692da6cec81296535d87ef,validation,ok,503,0.0,0.0,0.0,0.0,0,0,0.0,0.0,0.0,0.0,,0.0,"conditional complete-window sum on stated capital, not live equity or intraday drawdown",0.0,0.0,mean across entered windows; not equal-risk sizing or margin availability,503,252,0.0,0.0
NQ,flat,base,2354060058c8498ad69c397726d3d77068989c4f3a2a03df8d7cb42b93007edb,23e06e10f05b29e6,2.5,1,0.0,0.0,1,7453d8f230dd1ef7fc361e23f107762c1d6acd102f692da6cec81296535d87ef,historical_final,ok,642,0.0,0.0,0.0,0.0,0,0,0.0,0.0,0.0,0.0,,0.0,"conditional complete-window sum on stated capital, not live equity or intraday drawdown",0.0,0.0,mean across entered windows; not equal-risk sizing or margin availability,642,252,0.0,0.0
NQ,flat,base,2354060058c8498ad69c397726d3d77068989c4f3a2a03df8d7cb42b93007edb,23e06e10f05b29e6,2.5,1,0.0,0.0,1,7453d8f230dd1ef7fc361e23f107762c1d6acd102f692da6cec81296535d87ef,2016,ok,39,0.0,0.0,0.0,0.0,0,0,0.0,0.0,0.0,0.0,,0.0,"conditional complete-window sum on stated capital, not live equity or intraday drawdown",0.0,0.0,mean across entered windows; not equal-risk sizing or margin availability,39,252,0.0,0.0
NQ,flat,base,2354060058c8498ad69c397726d3d77068989c4f3a2a03df8d7cb42b93007edb,23e06e10f05b29e6,2.5,1,0.0,0.0,1,7453d8f230dd1ef7fc361e23f107762c1d6acd102f692da6cec81296535d87ef,2017,ok,117,0.0,0.0,0.0,0.0,0,0,0.0,0.0,0.0,0.0,,0.0,"conditional complete-window sum on stated capital, not live equity or intraday drawdown",0.0,0.0,mean across entered windows; not equal-risk sizing or margin availability,117,252,0.0,0.0
NQ,flat,base,2354060058c8498ad69c397726d3d77068989c4f3a2a03df8d7cb42b93007edb,23e06e10f05b29e6,2.5,1,0.0,0.0,1,7453d8f230dd1ef7fc361e23f107762c1d6acd102f692da6cec81296535d87ef,2018,ok,228,0.0,0.0,0.0,0.0,0,0,0.0,0.0,0.0,0.0,,0.0,"conditional complete-window sum on stated capital, not live equity or intraday drawdown",0.0,0.0,mean across entered windows; not equal-risk sizing or margin availability,228,252,0.0,0.0
NQ,flat,base,2354060058c8498ad69c397726d3d77068989c4f3a2a03df8d7cb42b93007edb,23e06e10f05b29e6,2.5,1,0.0,0.0,1,7453d8f230dd1ef7fc361e23f107762c1d6acd102f692da6cec81296535d87ef,2019,ok,244,0.0,0.0,0.0,0.0,0,0,0.0,0.0,0.0,0.0,,0.0,"conditional complete-window sum on stated capital, not live equity or intraday drawdown",0.0,0.0,mean across entered windows; not equal-risk sizing or margin availability,244,252,0.0,0.0
NQ,flat,base,2354060058c8498ad69c397726d3d77068989c4f3a2a03df8d7cb42b93007edb,23e06e10f05b29e6,2.5,1,0.0,0.0,1,7453d8f230dd1ef7fc361e23f107762c1d6acd102f692da6cec81296535d87ef,2020,ok,245,0.0,0.0,0.0,0.0,0,0,0.0,0.0,0.0,0.0,,0.0,"conditional complete-window sum on stated capital, not live equity or intraday drawdown",0.0,0.0,mean across entered windows; not equal-risk sizing or margin availability,245,252,0.0,0.0
NQ,flat,base,2354060058c8498ad69c397726d3d77068989c4f3a2a03df8d7cb42b93007edb,23e06e10f05b29e6,2.5,1,0.0,0.0,1,7453d8f230dd1ef7fc361e23f107762c1d6acd102f692da6cec81296535d87ef,2021,ok,249,0.0,0.0,0.0,0.0,0,0,0.0,0.0,0.0,0.0,,0.0,"conditional complete-window sum on stated capital, not live equity or intraday drawdown",0.0,0.0,mean across entered windows; not equal-risk sizing or margin availability,249,252,0.0,0.0
NQ,flat,base,2354060058c8498ad69c397726d3d77068989c4f3a2a03df8d7cb42b93007edb,23e06e10f05b29e6,2.5,1,0.0,0.0,1,7453d8f230dd1ef7fc361e23f107762c1d6acd102f692da6cec81296535d87ef,2022,ok,252,0.0,0.0,0.0,0.0,0,0,0.0,0.0,0.0,0.0,,0.0,"conditional complete-window sum on stated capital, not live equity or intraday drawdown",0.0,0.0,mean across entered windows; not equal-risk sizing or margin availability,252,252,0.0,0.0
NQ,flat,base,2354060058c8498ad69c397726d3d77068989c4f3a2a03df8d7cb42b93007edb,23e06e10f05b29e6,2.5,1,0.0,0.0,1,7453d8f230dd1ef7fc361e23f107762c1d6acd102f692da6cec81296535d87ef,2023,ok,251,0.0,0.0,0.0,0.0,0,0,0.0,0.0,0.0,0.0,,0.0,"conditional complete-window sum on stated capital, not live equity or intraday drawdown",0.0,0.0,mean across entered windows; not equal-risk sizing or margin availability,251,252,0.0,0.0
NQ,flat,base,2354060058c8498ad69c397726d3d77068989c4f3a2a03df8d7cb42b93007edb,23e06e10f05b29e6,2.5,1,0.0,0.0,1,7453d8f230dd1ef7fc361e23f107762c1d6acd102f692da6cec81296535d87ef,2024,ok,251,0.0,0.0,0.0,0.0,0,0,0.0,0.0,0.0,0.0,,0.0,"conditional complete-window sum on stated capital, not live equity or intraday drawdown",0.0,0.0,mean across entered windows; not equal-risk sizing or margin availability,251,252,0.0,0.0
NQ,flat,base,2354060058c8498ad69c397726d3d77068989c4f3a2a03df8d7cb42b93007edb,23e06e10f05b29e6,2.5,1,0.0,0.0,1,7453d8f230dd1ef7fc361e23f107762c1d6acd102f692da6cec81296535d87ef,2025,ok,244,0.0,0.0,0.0,0.0,0,0,0.0,0.0,0.0,0.0,,0.0,"conditional complete-window sum on stated capital, not live equity or intraday drawdown",0.0,0.0,mean across entered windows; not equal-risk sizing or margin availability,244,252,0.0,0.0
NQ,flat,base,2354060058c8498ad69c397726d3d77068989c4f3a2a03df8d7cb42b93007edb,23e06e10f05b29e6,2.5,1,0.0,0.0,1,7453d8f230dd1ef7fc361e23f107762c1d6acd102f692da6cec81296535d87ef,2026,ok,147,0.0,0.0,0.0,0.0,0,0,0.0,0.0,0.0,0.0,,0.0,"conditional complete-window sum on stated capital, not live equity or intraday drawdown",0.0,0.0,mean across entered windows; not equal-risk sizing or margin availability,147,252,0.0,0.0
NQ,flat,gross_reference,2354060058c8498ad69c397726d3d77068989c4f3a2a03df8d7cb42b93007edb,7cb821b0d97c21bf,0.0,0,0.0,0.0,1,7453d8f230dd1ef7fc361e23f107762c1d6acd102f692da6cec81296535d87ef,whole,ok,2267,0.0,0.0,0.0,0.0,0,0,0.0,0.0,0.0,0.0,,0.0,"conditional complete-window sum on stated capital, not live equity or intraday drawdown",0.0,0.0,mean across entered windows; not equal-risk sizing or margin availability,2267,252,0.0,0.0
NQ,flat,gross_reference,2354060058c8498ad69c397726d3d77068989c4f3a2a03df8d7cb42b93007edb,7cb821b0d97c21bf,0.0,0,0.0,0.0,1,7453d8f230dd1ef7fc361e23f107762c1d6acd102f692da6cec81296535d87ef,development,ok,1122,0.0,0.0,0.0,0.0,0,0,0.0,0.0,0.0,0.0,,0.0,"conditional complete-window sum on stated capital, not live equity or intraday drawdown",0.0,0.0,mean across entered windows; not equal-risk sizing or margin availability,1122,252,0.0,0.0
NQ,flat,gross_reference,2354060058c8498ad69c397726d3d77068989c4f3a2a03df8d7cb42b93007edb,7cb821b0d97c21bf,0.0,0,0.0,0.0,1,7453d8f230dd1ef7fc361e23f107762c1d6acd102f692da6cec81296535d87ef,validation,ok,503,0.0,0.0,0.0,0.0,0,0,0.0,0.0,0.0,0.0,,0.0,"conditional complete-window sum on stated capital, not live equity or intraday drawdown",0.0,0.0,mean across entered windows; not equal-risk sizing or margin availability,503,252,0.0,0.0
NQ,flat,gross_reference,2354060058c8498ad69c397726d3d77068989c4f3a2a03df8d7cb42b93007edb,7cb821b0d97c21bf,0.0,0,0.0,0.0,1,7453d8f230dd1ef7fc361e23f107762c1d6acd102f692da6cec81296535d87ef,historical_final,ok,642,0.0,0.0,0.0,0.0,0,0,0.0,0.0,0.0,0.0,,0.0,"conditional complete-window sum on stated capital, not live equity or intraday drawdown",0.0,0.0,mean across entered windows; not equal-risk sizing or margin availability,642,252,0.0,0.0
NQ,flat,gross_reference,2354060058c8498ad69c397726d3d77068989c4f3a2a03df8d7cb42b93007edb,7cb821b0d97c21bf,0.0,0,0.0,0.0,1,7453d8f230dd1ef7fc361e23f107762c1d6acd102f692da6cec81296535d87ef,2016,ok,39,0.0,0.0,0.0,0.0,0,0,0.0,0.0,0.0,0.0,,0.0,"conditional complete-window sum on stated capital, not live equity or intraday drawdown",0.0,0.0,mean across entered windows; not equal-risk sizing or margin availability,39,252,0.0,0.0
NQ,flat,gross_reference,2354060058c8498ad69c397726d3d77068989c4f3a2a03df8d7cb42b93007edb,7cb821b0d97c21bf,0.0,0,0.0,0.0,1,7453d8f230dd1ef7fc361e23f107762c1d6acd102f692da6cec81296535d87ef,2017,ok,117,0.0,0.0,0.0,0.0,0,0,0.0,0.0,0.0,0.0,,0.0,"conditional complete-window sum on stated capital, not live equity or intraday drawdown",0.0,0.0,mean across entered windows; not equal-risk sizing or margin availability,117,252,0.0,0.0
NQ,flat,gross_reference,2354060058c8498ad69c397726d3d77068989c4f3a2a03df8d7cb42b93007edb,7cb821b0d97c21bf,0.0,0,0.0,0.0,1,7453d8f230dd1ef7fc361e23f107762c1d6acd102f692da6cec81296535d87ef,2018,ok,228,0.0,0.0,0.0,0.0,0,0,0.0,0.0,0.0,0.0,,0.0,"conditional complete-window sum on stated capital, not live equity or intraday drawdown",0.0,0.0,mean across entered windows; not equal-risk sizing or margin availability,228,252,0.0,0.0
NQ,flat,gross_reference,2354060058c8498ad69c397726d3d77068989c4f3a2a03df8d7cb42b93007edb,7cb821b0d97c21bf,0.0,0,0.0,0.0,1,7453d8f230dd1ef7fc361e23f107762c1d6acd102f692da6cec81296535d87ef,2019,ok,244,0.0,0.0,0.0,0.0,0,0,0.0,0.0,0.0,0.0,,0.0,"conditional complete-window sum on stated capital, not live equity or intraday drawdown",0.0,0.0,mean across entered windows; not equal-risk sizing or margin availability,244,252,0.0,0.0
NQ,flat,gross_reference,2354060058c8498ad69c397726d3d77068989c4f3a2a03df8d7cb42b93007edb,7cb821b0d97c21bf,0.0,0,0.0,0.0,1,7453d8f230dd1ef7fc361e23f107762c1d6acd102f692da6cec81296535d87ef,2020,ok,245,0.0,0.0,0.0,0.0,0,0,0.0,0.0,0.0,0.0,,0.0,"conditional complete-window sum on stated capital, not live equity or intraday drawdown",0.0,0.0,mean across entered windows; not equal-risk sizing or margin availability,245,252,0.0,0.0
NQ,flat,gross_reference,2354060058c8498ad69c397726d3d77068989c4f3a2a03df8d7cb42b93007edb,7cb821b0d97c21bf,0.0,0,0.0,0.0,1,7453d8f230dd1ef7fc361e23f107762c1d6acd102f692da6cec81296535d87ef,2021,ok,249,0.0,0.0,0.0,0.0,0,0,0.0,0.0,0.0,0.0,,0.0,"conditional complete-window sum on stated capital, not live equity or intraday drawdown",0.0,0.0,mean across entered windows; not equal-risk sizing or margin availability,249,252,0.0,0.0
NQ,flat,gross_reference,2354060058c8498ad69c397726d3d77068989c4f3a2a03df8d7cb42b93007edb,7cb821b0d97c21bf,0.0,0,0.0,0.0,1,7453d8f230dd1ef7fc361e23f107762c1d6acd102f692da6cec81296535d87ef,2022,ok,252,0.0,0.0,0.0,0.0,0,0,0.0,0.0,0.0,0.0,,0.0,"conditional complete-window sum on stated capital, not live equity or intraday drawdown",0.0,0.0,mean across entered windows; not equal-risk sizing or margin availability,252,252,0.0,0.0
NQ,flat,gross_reference,2354060058c8498ad69c397726d3d77068989c4f3a2a03df8d7cb42b93007edb,7cb821b0d97c21bf,0.0,0,0.0,0.0,1,7453d8f230dd1ef7fc361e23f107762c1d6acd102f692da6cec81296535d87ef,2023,ok,251,0.0,0.0,0.0,0.0,0,0,0.0,0.0,0.0,0.0,,0.0,"conditional complete-window sum on stated capital, not live equity or intraday drawdown",0.0,0.0,mean across entered windows; not equal-risk sizing or margin availability,251,252,0.0,0.0
NQ,flat,gross_reference,2354060058c8498ad69c397726d3d77068989c4f3a2a03df8d7cb42b93007edb,7cb821b0d97c21bf,0.0,0,0.0,0.0,1,7453d8f230dd1ef7fc361e23f107762c1d6acd102f692da6cec81296535d87ef,2024,ok,251,0.0,0.0,0.0,0.0,0,0,0.0,0.0,0.0,0.0,,0.0,"conditional complete-window sum on stated capital, not live equity or intraday drawdown",0.0,0.0,mean across entered windows; not equal-risk sizing or margin availability,251,252,0.0,0.0
NQ,flat,gross_reference,2354060058c8498ad69c397726d3d77068989c4f3a2a03df8d7cb42b93007edb,7cb821b0d97c21bf,0.0,0,0.0,0.0,1,7453d8f230dd1ef7fc361e23f107762c1d6acd102f692da6cec81296535d87ef,2025,ok,244,0.0,0.0,0.0,0.0,0,0,0.0,0.0,0.0,0.0,,0.0,"conditional complete-window sum on stated capital, not live equity or intraday drawdown",0.0,0.0,mean across entered windows; not equal-risk sizing or margin availability,244,252,0.0,0.0
NQ,flat,gross_reference,2354060058c8498ad69c397726d3d77068989c4f3a2a03df8d7cb42b93007edb,7cb821b0d97c21bf,0.0,0,0.0,0.0,1,7453d8f230dd1ef7fc361e23f107762c1d6acd102f692da6cec81296535d87ef,2026,ok,147,0.0,0.0,0.0,0.0,0,0,0.0,0.0,0.0,0.0,,0.0,"conditional complete-window sum on stated capital, not live equity or intraday drawdown",0.0,0.0,mean across entered windows; not equal-risk sizing or margin availability,147,252,0.0,0.0
NQ,flat,cost_stress,2354060058c8498ad69c397726d3d77068989c4f3a2a03df8d7cb42b93007edb,5ab02b24c29a251a,5.0,2,0.0,0.0,1,7453d8f230dd1ef7fc361e23f107762c1d6acd102f692da6cec81296535d87ef,whole,ok,2267,0.0,0.0,0.0,0.0,0,0,0.0,0.0,0.0,0.0,,0.0,"conditional complete-window sum on stated capital, not live equity or intraday drawdown",0.0,0.0,mean across entered windows; not equal-risk sizing or margin availability,2267,252,0.0,0.0
NQ,flat,cost_stress,2354060058c8498ad69c397726d3d77068989c4f3a2a03df8d7cb42b93007edb,5ab02b24c29a251a,5.0,2,0.0,0.0,1,7453d8f230dd1ef7fc361e23f107762c1d6acd102f692da6cec81296535d87ef,development,ok,1122,0.0,0.0,0.0,0.0,0,0,0.0,0.0,0.0,0.0,,0.0,"conditional complete-window sum on stated capital, not live equity or intraday drawdown",0.0,0.0,mean across entered windows; not equal-risk sizing or margin availability,1122,252,0.0,0.0
NQ,flat,cost_stress,2354060058c8498ad69c397726d3d77068989c4f3a2a03df8d7cb42b93007edb,5ab02b24c29a251a,5.0,2,0.0,0.0,1,7453d8f230dd1ef7fc361e23f107762c1d6acd102f692da6cec81296535d87ef,validation,ok,503,0.0,0.0,0.0,0.0,0,0,0.0,0.0,0.0,0.0,,0.0,"conditional complete-window sum on stated capital, not live equity or intraday drawdown",0.0,0.0,mean across entered windows; not equal-risk sizing or margin availability,503,252,0.0,0.0
NQ,flat,cost_stress,2354060058c8498ad69c397726d3d77068989c4f3a2a03df8d7cb42b93007edb,5ab02b24c29a251a,5.0,2,0.0,0.0,1,7453d8f230dd1ef7fc361e23f107762c1d6acd102f692da6cec81296535d87ef,historical_final,ok,642,0.0,0.0,0.0,0.0,0,0,0.0,0.0,0.0,0.0,,0.0,"conditional complete-window sum on stated capital, not live equity or intraday drawdown",0.0,0.0,mean across entered windows; not equal-risk sizing or margin availability,642,252,0.0,0.0
NQ,flat,cost_stress,2354060058c8498ad69c397726d3d77068989c4f3a2a03df8d7cb42b93007edb,5ab02b24c29a251a,5.0,2,0.0,0.0,1,7453d8f230dd1ef7fc361e23f107762c1d6acd102f692da6cec81296535d87ef,2016,ok,39,0.0,0.0,0.0,0.0,0,0,0.0,0.0,0.0,0.0,,0.0,"conditional complete-window sum on stated capital, not live equity or intraday drawdown",0.0,0.0,mean across entered windows; not equal-risk sizing or margin availability,39,252,0.0,0.0
NQ,flat,cost_stress,2354060058c8498ad69c397726d3d77068989c4f3a2a03df8d7cb42b93007edb,5ab02b24c29a251a,5.0,2,0.0,0.0,1,7453d8f230dd1ef7fc361e23f107762c1d6acd102f692da6cec81296535d87ef,2017,ok,117,0.0,0.0,0.0,0.0,0,0,0.0,0.0,0.0,0.0,,0.0,"conditional complete-window sum on stated capital, not live equity or intraday drawdown",0.0,0.0,mean across entered windows; not equal-risk sizing or margin availability,117,252,0.0,0.0
NQ,flat,cost_stress,2354060058c8498ad69c397726d3d77068989c4f3a2a03df8d7cb42b93007edb,5ab02b24c29a251a,5.0,2,0.0,0.0,1,7453d8f230dd1ef7fc361e23f107762c1d6acd102f692da6cec81296535d87ef,2018,ok,228,0.0,0.0,0.0,0.0,0,0,0.0,0.0,0.0,0.0,,0.0,"conditional complete-window sum on stated capital, not live equity or intraday drawdown",0.0,0.0,mean across entered windows; not equal-risk sizing or margin availability,228,252,0.0,0.0
NQ,flat,cost_stress,2354060058c8498ad69c397726d3d77068989c4f3a2a03df8d7cb42b93007edb,5ab02b24c29a251a,5.0,2,0.0,0.0,1,7453d8f230dd1ef7fc361e23f107762c1d6acd102f692da6cec81296535d87ef,2019,ok,244,0.0,0.0,0.0,0.0,0,0,0.0,0.0,0.0,0.0,,0.0,"conditional complete-window sum on stated capital, not live equity or intraday drawdown",0.0,0.0,mean across entered windows; not equal-risk sizing or margin availability,244,252,0.0,0.0
NQ,flat,cost_stress,2354060058c8498ad69c397726d3d77068989c4f3a2a03df8d7cb42b93007edb,5ab02b24c29a251a,5.0,2,0.0,0.0,1,7453d8f230dd1ef7fc361e23f107762c1d6acd102f692da6cec81296535d87ef,2020,ok,245,0.0,0.0,0.0,0.0,0,0,0.0,0.0,0.0,0.0,,0.0,"conditional complete-window sum on stated capital, not live equity or intraday drawdown",0.0,0.0,mean across entered windows; not equal-risk sizing or margin availability,245,252,0.0,0.0
NQ,flat,cost_stress,2354060058c8498ad69c397726d3d77068989c4f3a2a03df8d7cb42b93007edb,5ab02b24c29a251a,5.0,2,0.0,0.0,1,7453d8f230dd1ef7fc361e23f107762c1d6acd102f692da6cec81296535d87ef,2021,ok,249,0.0,0.0,0.0,0.0,0,0,0.0,0.0,0.0,0.0,,0.0,"conditional complete-window sum on stated capital, not live equity or intraday drawdown",0.0,0.0,mean across entered windows; not equal-risk sizing or margin availability,249,252,0.0,0.0
NQ,flat,cost_stress,2354060058c8498ad69c397726d3d77068989c4f3a2a03df8d7cb42b93007edb,5ab02b24c29a251a,5.0,2,0.0,0.0,1,7453d8f230dd1ef7fc361e23f107762c1d6acd102f692da6cec81296535d87ef,2022,ok,252,0.0,0.0,0.0,0.0,0,0,0.0,0.0,0.0,0.0,,0.0,"conditional complete-window sum on stated capital, not live equity or intraday drawdown",0.0,0.0,mean across entered windows; not equal-risk sizing or margin availability,252,252,0.0,0.0
NQ,flat,cost_stress,2354060058c8498ad69c397726d3d77068989c4f3a2a03df8d7cb42b93007edb,5ab02b24c29a251a,5.0,2,0.0,0.0,1,7453d8f230dd1ef7fc361e23f107762c1d6acd102f692da6cec81296535d87ef,2023,ok,251,0.0,0.0,0.0,0.0,0,0,0.0,0.0,0.0,0.0,,0.0,"conditional complete-window sum on stated capital, not live equity or intraday drawdown",0.0,0.0,mean across entered windows; not equal-risk sizing or margin availability,251,252,0.0,0.0
NQ,flat,cost_stress,2354060058c8498ad69c397726d3d77068989c4f3a2a03df8d7cb42b93007edb,5ab02b24c29a251a,5.0,2,0.0,0.0,1,7453d8f230dd1ef7fc361e23f107762c1d6acd102f692da6cec81296535d87ef,2024,ok,251,0.0,0.0,0.0,0.0,0,0,0.0,0.0,0.0,0.0,,0.0,"conditional complete-window sum on stated capital, not live equity or intraday drawdown",0.0,0.0,mean across entered windows; not equal-risk sizing or margin availability,251,252,0.0,0.0
NQ,flat,cost_stress,2354060058c8498ad69c397726d3d77068989c4f3a2a03df8d7cb42b93007edb,5ab02b24c29a251a,5.0,2,0.0,0.0,1,7453d8f230dd1ef7fc361e23f107762c1d6acd102f692da6cec81296535d87ef,2025,ok,244,0.0,0.0,0.0,0.0,0,0,0.0,0.0,0.0,0.0,,0.0,"conditional complete-window sum on stated capital, not live equity or intraday drawdown",0.0,0.0,mean across entered windows; not equal-risk sizing or margin availability,244,252,0.0,0.0
NQ,flat,cost_stress,2354060058c8498ad69c397726d3d77068989c4f3a2a03df8d7cb42b93007edb,5ab02b24c29a251a,5.0,2,0.0,0.0,1,7453d8f230dd1ef7fc361e23f107762c1d6acd102f692da6cec81296535d87ef,2026,ok,147,0.0,0.0,0.0,0.0,0,0,0.0,0.0,0.0,0.0,,0.0,"conditional complete-window sum on stated capital, not live equity or intraday drawdown",0.0,0.0,mean across entered windows; not equal-risk sizing or margin availability,147,252,0.0,0.0
NQ,flat,delay_stress,2354060058c8498ad69c397726d3d77068989c4f3a2a03df8d7cb42b93007edb,22a9463b57853576,2.5,1,0.0,0.0,5,7453d8f230dd1ef7fc361e23f107762c1d6acd102f692da6cec81296535d87ef,whole,ok,2267,0.0,0.0,0.0,0.0,0,0,0.0,0.0,0.0,0.0,,0.0,"conditional complete-window sum on stated capital, not live equity or intraday drawdown",0.0,0.0,mean across entered windows; not equal-risk sizing or margin availability,2267,252,0.0,0.0
NQ,flat,delay_stress,2354060058c8498ad69c397726d3d77068989c4f3a2a03df8d7cb42b93007edb,22a9463b57853576,2.5,1,0.0,0.0,5,7453d8f230dd1ef7fc361e23f107762c1d6acd102f692da6cec81296535d87ef,development,ok,1122,0.0,0.0,0.0,0.0,0,0,0.0,0.0,0.0,0.0,,0.0,"conditional complete-window sum on stated capital, not live equity or intraday drawdown",0.0,0.0,mean across entered windows; not equal-risk sizing or margin availability,1122,252,0.0,0.0
NQ,flat,delay_stress,2354060058c8498ad69c397726d3d77068989c4f3a2a03df8d7cb42b93007edb,22a9463b57853576,2.5,1,0.0,0.0,5,7453d8f230dd1ef7fc361e23f107762c1d6acd102f692da6cec81296535d87ef,validation,ok,503,0.0,0.0,0.0,0.0,0,0,0.0,0.0,0.0,0.0,,0.0,"conditional complete-window sum on stated capital, not live equity or intraday drawdown",0.0,0.0,mean across entered windows; not equal-risk sizing or margin availability,503,252,0.0,0.0
NQ,flat,delay_stress,2354060058c8498ad69c397726d3d77068989c4f3a2a03df8d7cb42b93007edb,22a9463b57853576,2.5,1,0.0,0.0,5,7453d8f230dd1ef7fc361e23f107762c1d6acd102f692da6cec81296535d87ef,historical_final,ok,642,0.0,0.0,0.0,0.0,0,0,0.0,0.0,0.0,0.0,,0.0,"conditional complete-window sum on stated capital, not live equity or intraday drawdown",0.0,0.0,mean across entered windows; not equal-risk sizing or margin availability,642,252,0.0,0.0
NQ,flat,delay_stress,2354060058c8498ad69c397726d3d77068989c4f3a2a03df8d7cb42b93007edb,22a9463b57853576,2.5,1,0.0,0.0,5,7453d8f230dd1ef7fc361e23f107762c1d6acd102f692da6cec81296535d87ef,2016,ok,39,0.0,0.0,0.0,0.0,0,0,0.0,0.0,0.0,0.0,,0.0,"conditional complete-window sum on stated capital, not live equity or intraday drawdown",0.0,0.0,mean across entered windows; not equal-risk sizing or margin availability,39,252,0.0,0.0
NQ,flat,delay_stress,2354060058c8498ad69c397726d3d77068989c4f3a2a03df8d7cb42b93007edb,22a9463b57853576,2.5,1,0.0,0.0,5,7453d8f230dd1ef7fc361e23f107762c1d6acd102f692da6cec81296535d87ef,2017,ok,117,0.0,0.0,0.0,0.0,0,0,0.0,0.0,0.0,0.0,,0.0,"conditional complete-window sum on stated capital, not live equity or intraday drawdown",0.0,0.0,mean across entered windows; not equal-risk sizing or margin availability,117,252,0.0,0.0
NQ,flat,delay_stress,2354060058c8498ad69c397726d3d77068989c4f3a2a03df8d7cb42b93007edb,22a9463b57853576,2.5,1,0.0,0.0,5,7453d8f230dd1ef7fc361e23f107762c1d6acd102f692da6cec81296535d87ef,2018,ok,228,0.0,0.0,0.0,0.0,0,0,0.0,0.0,0.0,0.0,,0.0,"conditional complete-window sum on stated capital, not live equity or intraday drawdown",0.0,0.0,mean across entered windows; not equal-risk sizing or margin availability,228,252,0.0,0.0
NQ,flat,delay_stress,2354060058c8498ad69c397726d3d77068989c4f3a2a03df8d7cb42b93007edb,22a9463b57853576,2.5,1,0.0,0.0,5,7453d8f230dd1ef7fc361e23f107762c1d6acd102f692da6cec81296535d87ef,2019,ok,244,0.0,0.0,0.0,0.0,0,0,0.0,0.0,0.0,0.0,,0.0,"conditional complete-window sum on stated capital, not live equity or intraday drawdown",0.0,0.0,mean across entered windows; not equal-risk sizing or margin availability,244,252,0.0,0.0
NQ,flat,delay_stress,2354060058c8498ad69c397726d3d77068989c4f3a2a03df8d7cb42b93007edb,22a9463b57853576,2.5,1,0.0,0.0,5,7453d8f230dd1ef7fc361e23f107762c1d6acd102f692da6cec81296535d87ef,2020,ok,245,0.0,0.0,0.0,0.0,0,0,0.0,0.0,0.0,0.0,,0.0,"conditional complete-window sum on stated capital, not live equity or intraday drawdown",0.0,0.0,mean across entered windows; not equal-risk sizing or margin availability,245,252,0.0,0.0
NQ,flat,delay_stress,2354060058c8498ad69c397726d3d77068989c4f3a2a03df8d7cb42b93007edb,22a9463b57853576,2.5,1,0.0,0.0,5,7453d8f230dd1ef7fc361e23f107762c1d6acd102f692da6cec81296535d87ef,2021,ok,249,0.0,0.0,0.0,0.0,0,0,0.0,0.0,0.0,0.0,,0.0,"conditional complete-window sum on stated capital, not live equity or intraday drawdown",0.0,0.0,mean across entered windows; not equal-risk sizing or margin availability,249,252,0.0,0.0
NQ,flat,delay_stress,2354060058c8498ad69c397726d3d77068989c4f3a2a03df8d7cb42b93007edb,22a9463b57853576,2.5,1,0.0,0.0,5,7453d8f230dd1ef7fc361e23f107762c1d6acd102f692da6cec81296535d87ef,2022,ok,252,0.0,0.0,0.0,0.0,0,0,0.0,0.0,0.0,0.0,,0.0,"conditional complete-window sum on stated capital, not live equity or intraday drawdown",0.0,0.0,mean across entered windows; not equal-risk sizing or margin availability,252,252,0.0,0.0
NQ,flat,delay_stress,2354060058c8498ad69c397726d3d77068989c4f3a2a03df8d7cb42b93007edb,22a9463b57853576,2.5,1,0.0,0.0,5,7453d8f230dd1ef7fc361e23f107762c1d6acd102f692da6cec81296535d87ef,2023,ok,251,0.0,0.0,0.0,0.0,0,0,0.0,0.0,0.0,0.0,,0.0,"conditional complete-window sum on stated capital, not live equity or intraday drawdown",0.0,0.0,mean across entered windows; not equal-risk sizing or margin availability,251,252,0.0,0.0
NQ,flat,delay_stress,2354060058c8498ad69c397726d3d77068989c4f3a2a03df8d7cb42b93007edb,22a9463b57853576,2.5,1,0.0,0.0,5,7453d8f230dd1ef7fc361e23f107762c1d6acd102f692da6cec81296535d87ef,2024,ok,251,0.0,0.0,0.0,0.0,0,0,0.0,0.0,0.0,0.0,,0.0,"conditional complete-window sum on stated capital, not live equity or intraday drawdown",0.0,0.0,mean across entered windows; not equal-risk sizing or margin availability,251,252,0.0,0.0
NQ,flat,delay_stress,2354060058c8498ad69c397726d3d77068989c4f3a2a03df8d7cb42b93007edb,22a9463b57853576,2.5,1,0.0,0.0,5,7453d8f230dd1ef7fc361e23f107762c1d6acd102f692da6cec81296535d87ef,2025,ok,244,0.0,0.0,0.0,0.0,0,0,0.0,0.0,0.0,0.0,,0.0,"conditional complete-window sum on stated capital, not live equity or intraday drawdown",0.0,0.0,mean across entered windows; not equal-risk sizing or margin availability,244,252,0.0,0.0
NQ,flat,delay_stress,2354060058c8498ad69c397726d3d77068989c4f3a2a03df8d7cb42b93007edb,22a9463b57853576,2.5,1,0.0,0.0,5,7453d8f230dd1ef7fc361e23f107762c1d6acd102f692da6cec81296535d87ef,2026,ok,147,0.0,0.0,0.0,0.0,0,0,0.0,0.0,0.0,0.0,,0.0,"conditional complete-window sum on stated capital, not live equity or intraday drawdown",0.0,0.0,mean across entered windows; not equal-risk sizing or margin availability,147,252,0.0,0.0
NQ,flat,combined_stress,2354060058c8498ad69c397726d3d77068989c4f3a2a03df8d7cb42b93007edb,cbbecc13fdc60c63,5.0,2,0.0,0.0,5,7453d8f230dd1ef7fc361e23f107762c1d6acd102f692da6cec81296535d87ef,whole,ok,2267,0.0,0.0,0.0,0.0,0,0,0.0,0.0,0.0,0.0,,0.0,"conditional complete-window sum on stated capital, not live equity or intraday drawdown",0.0,0.0,mean across entered windows; not equal-risk sizing or margin availability,2267,252,0.0,0.0
NQ,flat,combined_stress,2354060058c8498ad69c397726d3d77068989c4f3a2a03df8d7cb42b93007edb,cbbecc13fdc60c63,5.0,2,0.0,0.0,5,7453d8f230dd1ef7fc361e23f107762c1d6acd102f692da6cec81296535d87ef,development,ok,1122,0.0,0.0,0.0,0.0,0,0,0.0,0.0,0.0,0.0,,0.0,"conditional complete-window sum on stated capital, not live equity or intraday drawdown",0.0,0.0,mean across entered windows; not equal-risk sizing or margin availability,1122,252,0.0,0.0
NQ,flat,combined_stress,2354060058c8498ad69c397726d3d77068989c4f3a2a03df8d7cb42b93007edb,cbbecc13fdc60c63,5.0,2,0.0,0.0,5,7453d8f230dd1ef7fc361e23f107762c1d6acd102f692da6cec81296535d87ef,validation,ok,503,0.0,0.0,0.0,0.0,0,0,0.0,0.0,0.0,0.0,,0.0,"conditional complete-window sum on stated capital, not live equity or intraday drawdown",0.0,0.0,mean across entered windows; not equal-risk sizing or margin availability,503,252,0.0,0.0
NQ,flat,combined_stress,2354060058c8498ad69c397726d3d77068989c4f3a2a03df8d7cb42b93007edb,cbbecc13fdc60c63,5.0,2,0.0,0.0,5,7453d8f230dd1ef7fc361e23f107762c1d6acd102f692da6cec81296535d87ef,historical_final,ok,642,0.0,0.0,0.0,0.0,0,0,0.0,0.0,0.0,0.0,,0.0,"conditional complete-window sum on stated capital, not live equity or intraday drawdown",0.0,0.0,mean across entered windows; not equal-risk sizing or margin availability,642,252,0.0,0.0
NQ,flat,combined_stress,2354060058c8498ad69c397726d3d77068989c4f3a2a03df8d7cb42b93007edb,cbbecc13fdc60c63,5.0,2,0.0,0.0,5,7453d8f230dd1ef7fc361e23f107762c1d6acd102f692da6cec81296535d87ef,2016,ok,39,0.0,0.0,0.0,0.0,0,0,0.0,0.0,0.0,0.0,,0.0,"conditional complete-window sum on stated capital, not live equity or intraday drawdown",0.0,0.0,mean across entered windows; not equal-risk sizing or margin availability,39,252,0.0,0.0
NQ,flat,combined_stress,2354060058c8498ad69c397726d3d77068989c4f3a2a03df8d7cb42b93007edb,cbbecc13fdc60c63,5.0,2,0.0,0.0,5,7453d8f230dd1ef7fc361e23f107762c1d6acd102f692da6cec81296535d87ef,2017,ok,117,0.0,0.0,0.0,0.0,0,0,0.0,0.0,0.0,0.0,,0.0,"conditional complete-window sum on stated capital, not live equity or intraday drawdown",0.0,0.0,mean across entered windows; not equal-risk sizing or margin availability,117,252,0.0,0.0
NQ,flat,combined_stress,2354060058c8498ad69c397726d3d77068989c4f3a2a03df8d7cb42b93007edb,cbbecc13fdc60c63,5.0,2,0.0,0.0,5,7453d8f230dd1ef7fc361e23f107762c1d6acd102f692da6cec81296535d87ef,2018,ok,228,0.0,0.0,0.0,0.0,0,0,0.0,0.0,0.0,0.0,,0.0,"conditional complete-window sum on stated capital, not live equity or intraday drawdown",0.0,0.0,mean across entered windows; not equal-risk sizing or margin availability,228,252,0.0,0.0
NQ,flat,combined_stress,2354060058c8498ad69c397726d3d77068989c4f3a2a03df8d7cb42b93007edb,cbbecc13fdc60c63,5.0,2,0.0,0.0,5,7453d8f230dd1ef7fc361e23f107762c1d6acd102f692da6cec81296535d87ef,2019,ok,244,0.0,0.0,0.0,0.0,0,0,0.0,0.0,0.0,0.0,,0.0,"conditional complete-window sum on stated capital, not live equity or intraday drawdown",0.0,0.0,mean across entered windows; not equal-risk sizing or margin availability,244,252,0.0,0.0
NQ,flat,combined_stress,2354060058c8498ad69c397726d3d77068989c4f3a2a03df8d7cb42b93007edb,cbbecc13fdc60c63,5.0,2,0.0,0.0,5,7453d8f230dd1ef7fc361e23f107762c1d6acd102f692da6cec81296535d87ef,2020,ok,245,0.0,0.0,0.0,0.0,0,0,0.0,0.0,0.0,0.0,,0.0,"conditional complete-window sum on stated capital, not live equity or intraday drawdown",0.0,0.0,mean across entered windows; not equal-risk sizing or margin availability,245,252,0.0,0.0
NQ,flat,combined_stress,2354060058c8498ad69c397726d3d77068989c4f3a2a03df8d7cb42b93007edb,cbbecc13fdc60c63,5.0,2,0.0,0.0,5,7453d8f230dd1ef7fc361e23f107762c1d6acd102f692da6cec81296535d87ef,2021,ok,249,0.0,0.0,0.0,0.0,0,0,0.0,0.0,0.0,0.0,,0.0,"conditional complete-window sum on stated capital, not live equity or intraday drawdown",0.0,0.0,mean across entered windows; not equal-risk sizing or margin availability,249,252,0.0,0.0
NQ,flat,combined_stress,2354060058c8498ad69c397726d3d77068989c4f3a2a03df8d7cb42b93007edb,cbbecc13fdc60c63,5.0,2,0.0,0.0,5,7453d8f230dd1ef7fc361e23f107762c1d6acd102f692da6cec81296535d87ef,2022,ok,252,0.0,0.0,0.0,0.0,0,0,0.0,0.0,0.0,0.0,,0.0,"conditional complete-window sum on stated capital, not live equity or intraday drawdown",0.0,0.0,mean across entered windows; not equal-risk sizing or margin availability,252,252,0.0,0.0
NQ,flat,combined_stress,2354060058c8498ad69c397726d3d77068989c4f3a2a03df8d7cb42b93007edb,cbbecc13fdc60c63,5.0,2,0.0,0.0,5,7453d8f230dd1ef7fc361e23f107762c1d6acd102f692da6cec81296535d87ef,2023,ok,251,0.0,0.0,0.0,0.0,0,0,0.0,0.0,0.0,0.0,,0.0,"conditional complete-window sum on stated capital, not live equity or intraday drawdown",0.0,0.0,mean across entered windows; not equal-risk sizing or margin availability,251,252,0.0,0.0
NQ,flat,combined_stress,2354060058c8498ad69c397726d3d77068989c4f3a2a03df8d7cb42b93007edb,cbbecc13fdc60c63,5.0,2,0.0,0.0,5,7453d8f230dd1ef7fc361e23f107762c1d6acd102f692da6cec81296535d87ef,2024,ok,251,0.0,0.0,0.0,0.0,0,0,0.0,0.0,0.0,0.0,,0.0,"conditional complete-window sum on stated capital, not live equity or intraday drawdown",0.0,0.0,mean across entered windows; not equal-risk sizing or margin availability,251,252,0.0,0.0
NQ,flat,combined_stress,2354060058c8498ad69c397726d3d77068989c4f3a2a03df8d7cb42b93007edb,cbbecc13fdc60c63,5.0,2,0.0,0.0,5,7453d8f230dd1ef7fc361e23f107762c1d6acd102f692da6cec81296535d87ef,2025,ok,244,0.0,0.0,0.0,0.0,0,0,0.0,0.0,0.0,0.0,,0.0,"conditional complete-window sum on stated capital, not live equity or intraday drawdown",0.0,0.0,mean across entered windows; not equal-risk sizing or margin availability,244,252,0.0,0.0
NQ,flat,combined_stress,2354060058c8498ad69c397726d3d77068989c4f3a2a03df8d7cb42b93007edb,cbbecc13fdc60c63,5.0,2,0.0,0.0,5,7453d8f230dd1ef7fc361e23f107762c1d6acd102f692da6cec81296535d87ef,2026,ok,147,0.0,0.0,0.0,0.0,0,0,0.0,0.0,0.0,0.0,,0.0,"conditional complete-window sum on stated capital, not live equity or intraday drawdown",0.0,0.0,mean across entered windows; not equal-risk sizing or margin availability,147,252,0.0,0.0
NQ,intraday_long,base,2354060058c8498ad69c397726d3d77068989c4f3a2a03df8d7cb42b93007edb,9006fc3211f4396b,2.5,1,0.0,0.0,1,7453d8f230dd1ef7fc361e23f107762c1d6acd102f692da6cec81296535d87ef,whole,ok,2267,620.0,-33385.0,11335.0,22670.0,2267,4534,-0.33385,-14.72651080723423,-0.03711080723423026,0.15317864220742566,-0.2422714204763413,-0.6177389751475768,"conditional complete-window sum on stated capital, not live equity or intraday drawdown",0.7083333333333334,278620.0617556242,mean across entered windows; not equal-risk sizing or margin availability,2267,252,0.0,0.0
NQ,intraday_long,base,2354060058c8498ad69c397726d3d77068989c4f3a2a03df8d7cb42b93007edb,9006fc3211f4396b,2.5,1,0.0,0.0,1,7453d8f230dd1ef7fc361e23f107762c1d6acd102f692da6cec81296535d87ef,development,ok,1122,-5570.0,-22400.0,5610.0,11220.0,1122,2244,-0.224,-19.964349376114082,-0.05031016042780749,0.10023944813145491,-0.5018998145503584,-0.2829009375465053,"conditional complete-window sum on stated capital, not live equity or intraday drawdown",0.7083333333333334,186423.5606060606,mean across entered windows; not equal-risk sizing or margin availability,1122,252,0.0,0.0
NQ,intraday_long,base,2354060058c8498ad69c397726d3d77068989c4f3a2a03df8d7cb42b93007edb,9006fc3211f4396b,2.5,1,0.0,0.0,1,7453d8f230dd1ef7fc361e23f107762c1d6acd102f692da6cec81296535d87ef,validation,ok,503,-12110.0,-19655.0,2515.0,5030.0,503,1006,-0.19655,-39.07554671968191,-0.09847037773359842,0.14621305211259564,-0.6734718707449484,-0.29335273256342637,"conditional complete-window sum on stated capital, not live equity or intraday drawdown",0.7083333333333334,270155.47713717696,mean across entered windows; not equal-risk sizing or margin availability,503,252,0.0,0.0
NQ,intraday_long,base,2354060058c8498ad69c397726d3d77068989c4f3a2a03df8d7cb42b93007edb,9006fc3211f4396b,2.5,1,0.0,0.0,1,7453d8f230dd1ef7fc361e23f107762c1d6acd102f692da6cec81296535d87ef,historical_final,ok,642,18300.0,8670.0,3210.0,6420.0,642,1284,0.0867,13.504672897196262,0.03403177570093458,0.22045166303138256,0.1543729597362573,-0.25710993316432357,"conditional complete-window sum on stated capital, not live equity or intraday drawdown",0.7083333333333334,446380.43613707164,mean across entered windows; not equal-risk sizing or margin availability,642,252,0.0,0.0
NQ,intraday_long,base,2354060058c8498ad69c397726d3d77068989c4f3a2a03df8d7cb42b93007edb,9006fc3211f4396b,2.5,1,0.0,0.0,1,7453d8f230dd1ef7fc361e23f107762c1d6acd102f692da6cec81296535d87ef,2016,ok,39,-1155.0,-1740.0,195.0,390.0,39,78,-0.0174,-44.61538461538461,-0.11243076923076922,0.028615502154649544,-3.9290161194148783,-0.02515005704648048,"conditional complete-window sum on stated capital, not live equity or intraday drawdown",0.7083333333333334,95981.66666666667,mean across entered windows; not equal-risk sizing or margin availability,39,252,0.0,0.0
NQ,intraday_long,base,2354060058c8498ad69c397726d3d77068989c4f3a2a03df8d7cb42b93007edb,9006fc3211f4396b,2.5,1,0.0,0.0,1,7453d8f230dd1ef7fc361e23f107762c1d6acd102f692da6cec81296535d87ef,2017,ok,117,2255.0,500.0,585.0,1170.0,117,234,0.005,4.273504273504273,0.010769230769230769,0.027700562338085374,0.3887730017099402,-0.016615108272627483,"conditional complete-window sum on stated capital, not live equity or intraday drawdown",0.7083333333333334,116808.93162393162,mean across entered windows; not equal-risk sizing or margin availability,117,252,0.0,0.0
NQ,intraday_long,base,2354060058c8498ad69c397726d3d77068989c4f3a2a03df8d7cb42b93007edb,9006fc3211f4396b,2.5,1,0.0,0.0,1,7453d8f230dd1ef7fc361e23f107762c1d6acd102f692da6cec81296535d87ef,2018,ok,228,2140.0,-1280.0,1140.0,2280.0,228,456,-0.0128,-5.614035087719298,-0.01414736842105263,0.07326653092425583,-0.19309455821892835,-0.08292538199080256,"conditional complete-window sum on stated capital, not live equity or intraday drawdown",0.7083333333333334,139878.77192982455,mean across entered windows; not equal-risk sizing or margin availability,228,252,0.0,0.0
NQ,intraday_long,base,2354060058c8498ad69c397726d3d77068989c4f3a2a03df8d7cb42b93007edb,9006fc3211f4396b,2.5,1,0.0,0.0,1,7453d8f230dd1ef7fc361e23f107762c1d6acd102f692da6cec81296535d87ef,2019,ok,244,1975.0,-1685.0,1220.0,2440.0,244,488,-0.01685,-6.905737704918033,-0.017402459016393444,0.05233303210440845,-0.3325329780562722,-0.05470448705277723,"conditional complete-window sum on stated capital, not live equity or intraday drawdown",0.7083333333333334,152416.9262295082,mean across entered windows; not equal-risk sizing or margin availability,244,252,0.0,0.0
NQ,intraday_long,base,2354060058c8498ad69c397726d3d77068989c4f3a2a03df8d7cb42b93007edb,9006fc3211f4396b,2.5,1,0.0,0.0,1,7453d8f230dd1ef7fc361e23f107762c1d6acd102f692da6cec81296535d87ef,2020,ok,245,-3155.0,-6830.0,1225.0,2450.0,245,490,-0.0683,-27.877551020408163,-0.07025142857142856,0.14945580254941881,-0.47004818396528525,-0.208803611738149,"conditional complete-window sum on stated capital, not live equity or intraday drawdown",0.7083333333333334,206590.85714285713,mean across entered windows; not equal-risk sizing or margin availability,245,252,0.0,0.0
NQ,intraday_long,base,2354060058c8498ad69c397726d3d77068989c4f3a2a03df8d7cb42b93007edb,9006fc3211f4396b,2.5,1,0.0,0.0,1,7453d8f230dd1ef7fc361e23f107762c1d6acd102f692da6cec81296535d87ef,2021,ok,249,-7630.0,-11365.0,1245.0,2490.0,249,498,-0.11365,-45.6425702811245,-0.11501927710843374,0.12378853536792002,-0.9291593665485856,-0.18142071133818038,"conditional complete-window sum on stated capital, not live equity or intraday drawdown",0.7083333333333334,289399.4176706827,mean across entered windows; not equal-risk sizing or margin availability,249,252,0.0,0.0
NQ,intraday_long,base,2354060058c8498ad69c397726d3d77068989c4f3a2a03df8d7cb42b93007edb,9006fc3211f4396b,2.5,1,0.0,0.0,1,7453d8f230dd1ef7fc361e23f107762c1d6acd102f692da6cec81296535d87ef,2022,ok,252,120.0,-3660.0,1260.0,2520.0,252,504,-0.0366,-14.523809523809524,-0.0366,0.17393750560639215,-0.21042040284757865,-0.18218605074111122,"conditional complete-window sum on stated capital, not live equity or intraday drawdown",0.7083333333333334,255879.54365079364,mean across entered windows; not equal-risk sizing or margin availability,252,252,0.0,0.0
NQ,intraday_long,base,2354060058c8498ad69c397726d3d77068989c4f3a2a03df8d7cb42b93007edb,9006fc3211f4396b,2.5,1,0.0,0.0,1,7453d8f230dd1ef7fc361e23f107762c1d6acd102f692da6cec81296535d87ef,2023,ok,251,-12230.0,-15995.0,1255.0,2510.0,251,502,-0.15995,-63.72509960159363,-0.16058725099601595,0.1118998741590568,-1.4350976907065498,-0.1868285614350672,"conditional complete-window sum on stated capital, not live equity or intraday drawdown",0.7083333333333334,284488.28685258963,mean across entered windows; not equal-risk sizing or margin availability,251,252,0.0,0.0
NQ,intraday_long,base,2354060058c8498ad69c397726d3d77068989c4f3a2a03df8d7cb42b93007edb,9006fc3211f4396b,2.5,1,0.0,0.0,1,7453d8f230dd1ef7fc361e23f107762c1d6acd102f692da6cec81296535d87ef,2024,ok,251,8065.0,4300.0,1255.0,2510.0,251,502,0.043,17.131474103585656,0.04317131474103585,0.13427800763291264,0.32150696530333545,-0.0805,"conditional complete-window sum on stated capital, not live equity or intraday drawdown",0.7083333333333334,383921.4342629482,mean across entered windows; not equal-risk sizing or margin availability,251,252,0.0,0.0
NQ,intraday_long,base,2354060058c8498ad69c397726d3d77068989c4f3a2a03df8d7cb42b93007edb,9006fc3211f4396b,2.5,1,0.0,0.0,1,7453d8f230dd1ef7fc361e23f107762c1d6acd102f692da6cec81296535d87ef,2025,ok,244,-15825.0,-19485.0,1220.0,2440.0,244,488,-0.19485,-79.85655737704919,-0.20123852459016395,0.23655905189806622,-0.8506904427266562,-0.25217182625389967,"conditional complete-window sum on stated capital, not live equity or intraday drawdown",0.7083333333333334,451948.81147540984,mean across entered windows; not equal-risk sizing or margin availability,244,252,0.0,0.0
NQ,intraday_long,base,2354060058c8498ad69c397726d3d77068989c4f3a2a03df8d7cb42b93007edb,9006fc3211f4396b,2.5,1,0.0,0.0,1,7453d8f230dd1ef7fc361e23f107762c1d6acd102f692da6cec81296535d87ef,2026,ok,147,26060.0,23855.0,735.0,1470.0,147,294,0.23855,162.27891156462584,0.40894285714285716,0.2973660231467501,1.3752171576812726,-0.10252085090432012,"conditional complete-window sum on stated capital, not live equity or intraday drawdown",0.7083333333333334,543785.3741496599,mean across entered windows; not equal-risk sizing or margin availability,147,252,0.0,0.0
NQ,intraday_long,gross_reference,2354060058c8498ad69c397726d3d77068989c4f3a2a03df8d7cb42b93007edb,234926be0d5e87e7,0.0,0,0.0,0.0,1,7453d8f230dd1ef7fc361e23f107762c1d6acd102f692da6cec81296535d87ef,whole,ok,2267,620.0,620.0,0.0,0.0,2267,4534,0.0062,0.2734891927657697,0.0006891927657697398,0.15317864220742566,0.004499274545314709,-0.3421370219086521,"conditional complete-window sum on stated capital, not live equity or intraday drawdown",0.7083333333333334,278620.0617556242,mean across entered windows; not equal-risk sizing or margin availability,2267,252,0.0,0.0
NQ,intraday_long,gross_reference,2354060058c8498ad69c397726d3d77068989c4f3a2a03df8d7cb42b93007edb,234926be0d5e87e7,0.0,0,0.0,0.0,1,7453d8f230dd1ef7fc361e23f107762c1d6acd102f692da6cec81296535d87ef,development,ok,1122,-5570.0,-5570.0,0.0,0.0,1122,2244,-0.0557,-4.964349376114082,-0.012510160427807487,0.10023944813145491,-0.12480276638595966,-0.19513553657630894,"conditional complete-window sum on stated capital, not live equity or intraday drawdown",0.7083333333333334,186423.5606060606,mean across entered windows; not equal-risk sizing or margin availability,1122,252,0.0,0.0
NQ,intraday_long,gross_reference,2354060058c8498ad69c397726d3d77068989c4f3a2a03df8d7cb42b93007edb,234926be0d5e87e7,0.0,0,0.0,0.0,1,7453d8f230dd1ef7fc361e23f107762c1d6acd102f692da6cec81296535d87ef,validation,ok,503,-12110.0,-12110.0,0.0,0.0,503,1006,-0.1211,-24.07554671968191,-0.06067037773359841,0.14621305211259564,-0.41494501931932465,-0.23956549175155503,"conditional complete-window sum on stated capital, not live equity or intraday drawdown",0.7083333333333334,270155.47713717696,mean across entered windows; not equal-risk sizing or margin availability,503,252,0.0,0.0
NQ,intraday_long,gross_reference,2354060058c8498ad69c397726d3d77068989c4f3a2a03df8d7cb42b93007edb,234926be0d5e87e7,0.0,0,0.0,0.0,1,7453d8f230dd1ef7fc361e23f107762c1d6acd102f692da6cec81296535d87ef,historical_final,ok,642,18300.0,18300.0,0.0,0.0,642,1284,0.183,28.50467289719626,0.07183177570093457,0.22045166303138256,0.32583911916649466,-0.21686640428072348,"conditional complete-window sum on stated capital, not live equity or intraday drawdown",0.7083333333333334,446380.43613707164,mean across entered windows; not equal-risk sizing or margin availability,642,252,0.0,0.0
NQ,intraday_long,gross_reference,2354060058c8498ad69c397726d3d77068989c4f3a2a03df8d7cb42b93007edb,234926be0d5e87e7,0.0,0,0.0,0.0,1,7453d8f230dd1ef7fc361e23f107762c1d6acd102f692da6cec81296535d87ef,2016,ok,39,-1155.0,-1155.0,0.0,0.0,39,78,-0.01155,-29.615384615384617,-0.07463076923076924,0.028615502154649544,-2.608053803404704,-0.0226946847960445,"conditional complete-window sum on stated capital, not live equity or intraday drawdown",0.7083333333333334,95981.66666666667,mean across entered windows; not equal-risk sizing or margin availability,39,252,0.0,0.0
NQ,intraday_long,gross_reference,2354060058c8498ad69c397726d3d77068989c4f3a2a03df8d7cb42b93007edb,234926be0d5e87e7,0.0,0,0.0,0.0,1,7453d8f230dd1ef7fc361e23f107762c1d6acd102f692da6cec81296535d87ef,2017,ok,117,2255.0,2255.0,0.0,0.0,117,234,0.02255,19.273504273504273,0.04856923076923077,0.027700562338085374,1.7533662377118302,-0.013678941368885365,"conditional complete-window sum on stated capital, not live equity or intraday drawdown",0.7083333333333334,116808.93162393162,mean across entered windows; not equal-risk sizing or margin availability,117,252,0.0,0.0
NQ,intraday_long,gross_reference,2354060058c8498ad69c397726d3d77068989c4f3a2a03df8d7cb42b93007edb,234926be0d5e87e7,0.0,0,0.0,0.0,1,7453d8f230dd1ef7fc361e23f107762c1d6acd102f692da6cec81296535d87ef,2018,ok,228,2140.0,2140.0,0.0,0.0,228,456,0.0214,9.385964912280702,0.02365263157894737,0.07326653092425583,0.3228299645222708,-0.07821366888724401,"conditional complete-window sum on stated capital, not live equity or intraday drawdown",0.7083333333333334,139878.77192982455,mean across entered windows; not equal-risk sizing or margin availability,228,252,0.0,0.0
NQ,intraday_long,gross_reference,2354060058c8498ad69c397726d3d77068989c4f3a2a03df8d7cb42b93007edb,234926be0d5e87e7,0.0,0,0.0,0.0,1,7453d8f230dd1ef7fc361e23f107762c1d6acd102f692da6cec81296535d87ef,2019,ok,244,1975.0,1975.0,0.0,0.0,244,488,0.01975,8.094262295081966,0.020397540983606556,0.05233303210440845,0.3897641730926632,-0.043115234375,"conditional complete-window sum on stated capital, not live equity or intraday drawdown",0.7083333333333334,152416.9262295082,mean across entered windows; not equal-risk sizing or margin availability,244,252,0.0,0.0
NQ,intraday_long,gross_reference,2354060058c8498ad69c397726d3d77068989c4f3a2a03df8d7cb42b93007edb,234926be0d5e87e7,0.0,0,0.0,0.0,1,7453d8f230dd1ef7fc361e23f107762c1d6acd102f692da6cec81296535d87ef,2020,ok,245,-3155.0,-3155.0,0.0,0.0,245,490,-0.03155,-12.877551020408163,-0.03245142857142857,0.14945580254941881,-0.21713060328118228,-0.2050631676503585,"conditional complete-window sum on stated capital, not live equity or intraday drawdown",0.7083333333333334,206590.85714285713,mean across entered windows; not equal-risk sizing or margin availability,245,252,0.0,0.0
NQ,intraday_long,gross_reference,2354060058c8498ad69c397726d3d77068989c4f3a2a03df8d7cb42b93007edb,234926be0d5e87e7,0.0,0,0.0,0.0,1,7453d8f230dd1ef7fc361e23f107762c1d6acd102f692da6cec81296535d87ef,2021,ok,249,-7630.0,-7630.0,0.0,0.0,249,498,-0.0763,-30.6425702811245,-0.07721927710843374,0.12378853536792002,-0.623799909086292,-0.15797965969098376,"conditional complete-window sum on stated capital, not live equity or intraday drawdown",0.7083333333333334,289399.4176706827,mean across entered windows; not equal-risk sizing or margin availability,249,252,0.0,0.0
NQ,intraday_long,gross_reference,2354060058c8498ad69c397726d3d77068989c4f3a2a03df8d7cb42b93007edb,234926be0d5e87e7,0.0,0,0.0,0.0,1,7453d8f230dd1ef7fc361e23f107762c1d6acd102f692da6cec81296535d87ef,2022,ok,252,120.0,120.0,0.0,0.0,252,504,0.0012,0.47619047619047616,0.0012,0.17393750560639215,0.006899029601559955,-0.16370684215270892,"conditional complete-window sum on stated capital, not live equity or intraday drawdown",0.7083333333333334,255879.54365079364,mean across entered windows; not equal-risk sizing or margin availability,252,252,0.0,0.0
NQ,intraday_long,gross_reference,2354060058c8498ad69c397726d3d77068989c4f3a2a03df8d7cb42b93007edb,234926be0d5e87e7,0.0,0,0.0,0.0,1,7453d8f230dd1ef7fc361e23f107762c1d6acd102f692da6cec81296535d87ef,2023,ok,251,-12230.0,-12230.0,0.0,0.0,251,502,-0.1223,-48.72509960159363,-0.12278725099601594,0.1118998741590568,-1.0972957022407692,-0.1590795647399421,"conditional complete-window sum on stated capital, not live equity or intraday drawdown",0.7083333333333334,284488.28685258963,mean across entered windows; not equal-risk sizing or margin availability,251,252,0.0,0.0
NQ,intraday_long,gross_reference,2354060058c8498ad69c397726d3d77068989c4f3a2a03df8d7cb42b93007edb,234926be0d5e87e7,0.0,0,0.0,0.0,1,7453d8f230dd1ef7fc361e23f107762c1d6acd102f692da6cec81296535d87ef,2024,ok,251,8065.0,8065.0,0.0,0.0,251,502,0.08065,32.13147410358566,0.08097131474103586,0.13427800763291264,0.6030124825980002,-0.07475,"conditional complete-window sum on stated capital, not live equity or intraday drawdown",0.7083333333333334,383921.4342629482,mean across entered windows; not equal-risk sizing or margin availability,251,252,0.0,0.0
NQ,intraday_long,gross_reference,2354060058c8498ad69c397726d3d77068989c4f3a2a03df8d7cb42b93007edb,234926be0d5e87e7,0.0,0,0.0,0.0,1,7453d8f230dd1ef7fc361e23f107762c1d6acd102f692da6cec81296535d87ef,2025,ok,244,-15825.0,-15825.0,0.0,0.0,244,488,-0.15825,-64.85655737704919,-0.16343852459016395,0.23655905189806622,-0.690899474269917,-0.23352380952380952,"conditional complete-window sum on stated capital, not live equity or intraday drawdown",0.7083333333333334,451948.81147540984,mean across entered windows; not equal-risk sizing or margin availability,244,252,0.0,0.0
NQ,intraday_long,gross_reference,2354060058c8498ad69c397726d3d77068989c4f3a2a03df8d7cb42b93007edb,234926be0d5e87e7,0.0,0,0.0,0.0,1,7453d8f230dd1ef7fc361e23f107762c1d6acd102f692da6cec81296535d87ef,2026,ok,147,26060.0,26060.0,0.0,0.0,147,294,0.2606,177.27891156462584,0.44674285714285716,0.2973660231467501,1.5023332269618093,-0.100046685340803,"conditional complete-window sum on stated capital, not live equity or intraday drawdown",0.7083333333333334,543785.3741496599,mean across entered windows; not equal-risk sizing or margin availability,147,252,0.0,0.0
NQ,intraday_long,cost_stress,2354060058c8498ad69c397726d3d77068989c4f3a2a03df8d7cb42b93007edb,38dbdf2eaf0d5f2f,5.0,2,0.0,0.0,1,7453d8f230dd1ef7fc361e23f107762c1d6acd102f692da6cec81296535d87ef,whole,ok,2267,620.0,-67390.0,22670.0,45340.0,2267,4534,-0.6739,-29.72651080723423,-0.07491080723423027,0.15317864220742566,-0.48904211549799725,-0.9391330314039715,"conditional complete-window sum on stated capital, not live equity or intraday drawdown",0.7083333333333334,278620.0617556242,mean across entered windows; not equal-risk sizing or margin availability,2267,252,0.0,0.0
NQ,intraday_long,cost_stress,2354060058c8498ad69c397726d3d77068989c4f3a2a03df8d7cb42b93007edb,38dbdf2eaf0d5f2f,5.0,2,0.0,0.0,1,7453d8f230dd1ef7fc361e23f107762c1d6acd102f692da6cec81296535d87ef,development,ok,1122,-5570.0,-39230.0,11220.0,22440.0,1122,2244,-0.3923,-34.96434937611408,-0.08811016042780748,0.10023944813145491,-0.8789968627147572,-0.43866022993082165,"conditional complete-window sum on stated capital, not live equity or intraday drawdown",0.7083333333333334,186423.5606060606,mean across entered windows; not equal-risk sizing or margin availability,1122,252,0.0,0.0
NQ,intraday_long,cost_stress,2354060058c8498ad69c397726d3d77068989c4f3a2a03df8d7cb42b93007edb,38dbdf2eaf0d5f2f,5.0,2,0.0,0.0,1,7453d8f230dd1ef7fc361e23f107762c1d6acd102f692da6cec81296535d87ef,validation,ok,503,-12110.0,-27200.0,5030.0,10060.0,503,1006,-0.272,-54.07554671968191,-0.1362703777335984,0.14621305211259564,-0.9319987221705723,-0.34808733143748277,"conditional complete-window sum on stated capital, not live equity or intraday drawdown",0.7083333333333334,270155.47713717696,mean across entered windows; not equal-risk sizing or margin availability,503,252,0.0,0.0
NQ,intraday_long,cost_stress,2354060058c8498ad69c397726d3d77068989c4f3a2a03df8d7cb42b93007edb,38dbdf2eaf0d5f2f,5.0,2,0.0,0.0,1,7453d8f230dd1ef7fc361e23f107762c1d6acd102f692da6cec81296535d87ef,historical_final,ok,642,18300.0,-960.0,6420.0,12840.0,642,1284,-0.0096,-1.4953271028037383,-0.00376822429906542,0.22045166303138256,-0.017093199693980047,-0.3087660790852787,"conditional complete-window sum on stated capital, not live equity or intraday drawdown",0.7083333333333334,446380.43613707164,mean across entered windows; not equal-risk sizing or margin availability,642,252,0.0,0.0
NQ,intraday_long,cost_stress,2354060058c8498ad69c397726d3d77068989c4f3a2a03df8d7cb42b93007edb,38dbdf2eaf0d5f2f,5.0,2,0.0,0.0,1,7453d8f230dd1ef7fc361e23f107762c1d6acd102f692da6cec81296535d87ef,2016,ok,39,-1155.0,-2325.0,390.0,780.0,39,78,-0.02325,-59.61538461538461,-0.15023076923076922,0.028615502154649544,-5.249978435425053,-0.027770865475538746,"conditional complete-window sum on stated capital, not live equity or intraday drawdown",0.7083333333333334,95981.66666666667,mean across entered windows; not equal-risk sizing or margin availability,39,252,0.0,0.0
NQ,intraday_long,cost_stress,2354060058c8498ad69c397726d3d77068989c4f3a2a03df8d7cb42b93007edb,38dbdf2eaf0d5f2f,5.0,2,0.0,0.0,1,7453d8f230dd1ef7fc361e23f107762c1d6acd102f692da6cec81296535d87ef,2017,ok,117,2255.0,-1255.0,1170.0,2340.0,117,234,-0.01255,-10.726495726495726,-0.027030769230769226,0.027700562338085374,-0.9758202342919499,-0.02415,"conditional complete-window sum on stated capital, not live equity or intraday drawdown",0.7083333333333334,116808.93162393162,mean across entered windows; not equal-risk sizing or margin availability,117,252,0.0,0.0
NQ,intraday_long,cost_stress,2354060058c8498ad69c397726d3d77068989c4f3a2a03df8d7cb42b93007edb,38dbdf2eaf0d5f2f,5.0,2,0.0,0.0,1,7453d8f230dd1ef7fc361e23f107762c1d6acd102f692da6cec81296535d87ef,2018,ok,228,2140.0,-4700.0,2280.0,4560.0,228,456,-0.047,-20.614035087719298,-0.05194736842105263,0.07326653092425583,-0.7090190809601276,-0.10595928072521921,"conditional complete-window sum on stated capital, not live equity or intraday drawdown",0.7083333333333334,139878.77192982455,mean across entered windows; not equal-risk sizing or margin availability,228,252,0.0,0.0
NQ,intraday_long,cost_stress,2354060058c8498ad69c397726d3d77068989c4f3a2a03df8d7cb42b93007edb,38dbdf2eaf0d5f2f,5.0,2,0.0,0.0,1,7453d8f230dd1ef7fc361e23f107762c1d6acd102f692da6cec81296535d87ef,2019,ok,244,1975.0,-5345.0,2440.0,4880.0,244,488,-0.05345,-21.90573770491803,-0.055202459016393444,0.05233303210440845,-1.0548301292052076,-0.07530613256655595,"conditional complete-window sum on stated capital, not live equity or intraday drawdown",0.7083333333333334,152416.9262295082,mean across entered windows; not equal-risk sizing or margin availability,244,252,0.0,0.0
NQ,intraday_long,cost_stress,2354060058c8498ad69c397726d3d77068989c4f3a2a03df8d7cb42b93007edb,38dbdf2eaf0d5f2f,5.0,2,0.0,0.0,1,7453d8f230dd1ef7fc361e23f107762c1d6acd102f692da6cec81296535d87ef,2020,ok,245,-3155.0,-10505.0,2450.0,4900.0,245,490,-0.10505,-42.87755102040816,-0.10805142857142856,0.14945580254941881,-0.7229657646493883,-0.21258948407800543,"conditional complete-window sum on stated capital, not live equity or intraday drawdown",0.7083333333333334,206590.85714285713,mean across entered windows; not equal-risk sizing or margin availability,245,252,0.0,0.0
NQ,intraday_long,cost_stress,2354060058c8498ad69c397726d3d77068989c4f3a2a03df8d7cb42b93007edb,38dbdf2eaf0d5f2f,5.0,2,0.0,0.0,1,7453d8f230dd1ef7fc361e23f107762c1d6acd102f692da6cec81296535d87ef,2021,ok,249,-7630.0,-15100.0,2490.0,4980.0,249,498,-0.151,-60.6425702811245,-0.15281927710843374,0.12378853536792002,-1.234518824010879,-0.20508390918065153,"conditional complete-window sum on stated capital, not live equity or intraday drawdown",0.7083333333333334,289399.4176706827,mean across entered windows; not equal-risk sizing or margin availability,249,252,0.0,0.0
NQ,intraday_long,cost_stress,2354060058c8498ad69c397726d3d77068989c4f3a2a03df8d7cb42b93007edb,38dbdf2eaf0d5f2f,5.0,2,0.0,0.0,1,7453d8f230dd1ef7fc361e23f107762c1d6acd102f692da6cec81296535d87ef,2022,ok,252,120.0,-7440.0,2520.0,5040.0,252,504,-0.0744,-29.523809523809526,-0.07440000000000001,0.17393750560639215,-0.4277398352967172,-0.20099073479497293,"conditional complete-window sum on stated capital, not live equity or intraday drawdown",0.7083333333333334,255879.54365079364,mean across entered windows; not equal-risk sizing or margin availability,252,252,0.0,0.0
NQ,intraday_long,cost_stress,2354060058c8498ad69c397726d3d77068989c4f3a2a03df8d7cb42b93007edb,38dbdf2eaf0d5f2f,5.0,2,0.0,0.0,1,7453d8f230dd1ef7fc361e23f107762c1d6acd102f692da6cec81296535d87ef,2023,ok,251,-12230.0,-19760.0,2510.0,5020.0,251,502,-0.1976,-78.72509960159363,-0.19838725099601592,0.1118998741590568,-1.7728996791723304,-0.21495,"conditional complete-window sum on stated capital, not live equity or intraday drawdown",0.7083333333333334,284488.28685258963,mean across entered windows; not equal-risk sizing or margin availability,251,252,0.0,0.0
NQ,intraday_long,cost_stress,2354060058c8498ad69c397726d3d77068989c4f3a2a03df8d7cb42b93007edb,38dbdf2eaf0d5f2f,5.0,2,0.0,0.0,1,7453d8f230dd1ef7fc361e23f107762c1d6acd102f692da6cec81296535d87ef,2024,ok,251,8065.0,535.0,2510.0,5020.0,251,502,0.00535,2.1314741035856573,0.005371314741035856,0.13427800763291264,0.04000144800867081,-0.09115,"conditional complete-window sum on stated capital, not live equity or intraday drawdown",0.7083333333333334,383921.4342629482,mean across entered windows; not equal-risk sizing or margin availability,251,252,0.0,0.0
NQ,intraday_long,cost_stress,2354060058c8498ad69c397726d3d77068989c4f3a2a03df8d7cb42b93007edb,38dbdf2eaf0d5f2f,5.0,2,0.0,0.0,1,7453d8f230dd1ef7fc361e23f107762c1d6acd102f692da6cec81296535d87ef,2025,ok,244,-15825.0,-23145.0,2440.0,4880.0,244,488,-0.23145,-94.85655737704919,-0.23903852459016395,0.23655905189806622,-1.010481411183395,-0.2807450411223996,"conditional complete-window sum on stated capital, not live equity or intraday drawdown",0.7083333333333334,451948.81147540984,mean across entered windows; not equal-risk sizing or margin availability,244,252,0.0,0.0
NQ,intraday_long,cost_stress,2354060058c8498ad69c397726d3d77068989c4f3a2a03df8d7cb42b93007edb,38dbdf2eaf0d5f2f,5.0,2,0.0,0.0,1,7453d8f230dd1ef7fc361e23f107762c1d6acd102f692da6cec81296535d87ef,2026,ok,147,26060.0,21650.0,1470.0,2940.0,147,294,0.2165,147.27891156462584,0.3711428571428571,0.2973660231467501,1.2481010884007357,-0.10501316779533484,"conditional complete-window sum on stated capital, not live equity or intraday drawdown",0.7083333333333334,543785.3741496599,mean across entered windows; not equal-risk sizing or margin availability,147,252,0.0,0.0
NQ,intraday_long,delay_stress,2354060058c8498ad69c397726d3d77068989c4f3a2a03df8d7cb42b93007edb,87e9fd67bd8acbfc,2.5,1,0.0,0.0,5,7453d8f230dd1ef7fc361e23f107762c1d6acd102f692da6cec81296535d87ef,whole,ok,2267,-7820.0,-41825.0,11335.0,22670.0,2267,4534,-0.41825,-18.44949272165858,-0.04649272165857962,0.15344658294315744,-0.3029896187118245,-0.676822309333598,"conditional complete-window sum on stated capital, not live equity or intraday drawdown",0.7083333333333334,278622.30260255845,mean across entered windows; not equal-risk sizing or margin availability,2267,252,0.0,0.0
NQ,intraday_long,delay_stress,2354060058c8498ad69c397726d3d77068989c4f3a2a03df8d7cb42b93007edb,87e9fd67bd8acbfc,2.5,1,0.0,0.0,5,7453d8f230dd1ef7fc361e23f107762c1d6acd102f692da6cec81296535d87ef,development,ok,1122,-6315.0,-23145.0,5610.0,11220.0,1122,2244,-0.23145,-20.628342245989305,-0.05198342245989305,0.10034320359380612,-0.5180562369756933,-0.2743015928149655,"conditional complete-window sum on stated capital, not live equity or intraday drawdown",0.7083333333333334,186424.43404634582,mean across entered windows; not equal-risk sizing or margin availability,1122,252,0.0,0.0
NQ,intraday_long,delay_stress,2354060058c8498ad69c397726d3d77068989c4f3a2a03df8d7cb42b93007edb,87e9fd67bd8acbfc,2.5,1,0.0,0.0,5,7453d8f230dd1ef7fc361e23f107762c1d6acd102f692da6cec81296535d87ef,validation,ok,503,-8600.0,-16145.0,2515.0,5030.0,503,1006,-0.16145,-32.09741550695825,-0.08088548707753479,0.14564740762140369,-0.5553513680640906,-0.26405365942690273,"conditional complete-window sum on stated capital, not live equity or intraday drawdown",0.7083333333333334,270148.986083499,mean across entered windows; not equal-risk sizing or margin availability,503,252,0.0,0.0
NQ,intraday_long,delay_stress,2354060058c8498ad69c397726d3d77068989c4f3a2a03df8d7cb42b93007edb,87e9fd67bd8acbfc,2.5,1,0.0,0.0,5,7453d8f230dd1ef7fc361e23f107762c1d6acd102f692da6cec81296535d87ef,historical_final,ok,642,7095.0,-2535.0,3210.0,6420.0,642,1284,-0.02535,-3.9485981308411215,-0.009950467289719626,0.22137324657463134,-0.044948824863374065,-0.3306162373655038,"conditional complete-window sum on stated capital, not live equity or intraday drawdown",0.7083333333333334,446391.9080996885,mean across entered windows; not equal-risk sizing or margin availability,642,252,0.0,0.0
NQ,intraday_long,delay_stress,2354060058c8498ad69c397726d3d77068989c4f3a2a03df8d7cb42b93007edb,87e9fd67bd8acbfc,2.5,1,0.0,0.0,5,7453d8f230dd1ef7fc361e23f107762c1d6acd102f692da6cec81296535d87ef,2016,ok,39,-1320.0,-1905.0,195.0,390.0,39,78,-0.01905,-48.84615384615385,-0.12309230769230768,0.031413281442920694,-3.9184797651901415,-0.0264972956879869,"conditional complete-window sum on stated capital, not live equity or intraday drawdown",0.7083333333333334,95986.41025641025,mean across entered windows; not equal-risk sizing or margin availability,39,252,0.0,0.0
NQ,intraday_long,delay_stress,2354060058c8498ad69c397726d3d77068989c4f3a2a03df8d7cb42b93007edb,87e9fd67bd8acbfc,2.5,1,0.0,0.0,5,7453d8f230dd1ef7fc361e23f107762c1d6acd102f692da6cec81296535d87ef,2017,ok,117,2775.0,1020.0,585.0,1170.0,117,234,0.0102,8.717948717948717,0.021969230769230765,0.026991523868479635,0.8139307315985284,-0.01454527402700556,"conditional complete-window sum on stated capital, not live equity or intraday drawdown",0.7083333333333334,116810.42735042734,mean across entered windows; not equal-risk sizing or margin availability,117,252,0.0,0.0
NQ,intraday_long,delay_stress,2354060058c8498ad69c397726d3d77068989c4f3a2a03df8d7cb42b93007edb,87e9fd67bd8acbfc,2.5,1,0.0,0.0,5,7453d8f230dd1ef7fc361e23f107762c1d6acd102f692da6cec81296535d87ef,2018,ok,228,3105.0,-315.0,1140.0,2280.0,228,456,-0.00315,-1.381578947368421,-0.0034815789473684206,0.07132516664257925,-0.04881276989950992,-0.07510272785781474,"conditional complete-window sum on stated capital, not live equity or intraday drawdown",0.7083333333333334,139875.7894736842,mean across entered windows; not equal-risk sizing or margin availability,228,252,0.0,0.0
NQ,intraday_long,delay_stress,2354060058c8498ad69c397726d3d77068989c4f3a2a03df8d7cb42b93007edb,87e9fd67bd8acbfc,2.5,1,0.0,0.0,5,7453d8f230dd1ef7fc361e23f107762c1d6acd102f692da6cec81296535d87ef,2019,ok,244,1305.0,-2355.0,1220.0,2440.0,244,488,-0.02355,-9.651639344262295,-0.024322131147540983,0.051597497459471287,-0.4713819922496337,-0.05597737085008188,"conditional complete-window sum on stated capital, not live equity or intraday drawdown",0.7083333333333334,152418.09426229508,mean across entered windows; not equal-risk sizing or margin availability,244,252,0.0,0.0
NQ,intraday_long,delay_stress,2354060058c8498ad69c397726d3d77068989c4f3a2a03df8d7cb42b93007edb,87e9fd67bd8acbfc,2.5,1,0.0,0.0,5,7453d8f230dd1ef7fc361e23f107762c1d6acd102f692da6cec81296535d87ef,2020,ok,245,-2315.0,-5990.0,1225.0,2450.0,245,490,-0.0599,-24.448979591836736,-0.061611428571428574,0.15317017316853096,-0.4022416851591491,-0.2163770991627547,"conditional complete-window sum on stated capital, not live equity or intraday drawdown",0.7083333333333334,206584.26530612246,mean across entered windows; not equal-risk sizing or margin availability,245,252,0.0,0.0
NQ,intraday_long,delay_stress,2354060058c8498ad69c397726d3d77068989c4f3a2a03df8d7cb42b93007edb,87e9fd67bd8acbfc,2.5,1,0.0,0.0,5,7453d8f230dd1ef7fc361e23f107762c1d6acd102f692da6cec81296535d87ef,2021,ok,249,-9865.0,-13600.0,1245.0,2490.0,249,498,-0.136,-54.618473895582326,-0.13763855421686746,0.12090515505409713,-1.1384010396850595,-0.17823061630218687,"conditional complete-window sum on stated capital, not live equity or intraday drawdown",0.7083333333333334,289409.9799196787,mean across entered windows; not equal-risk sizing or margin availability,249,252,0.0,0.0
NQ,intraday_long,delay_stress,2354060058c8498ad69c397726d3d77068989c4f3a2a03df8d7cb42b93007edb,87e9fd67bd8acbfc,2.5,1,0.0,0.0,5,7453d8f230dd1ef7fc361e23f107762c1d6acd102f692da6cec81296535d87ef,2022,ok,252,3740.0,-40.0,1260.0,2520.0,252,504,-0.0004,-0.15873015873015872,-0.0004,0.17298977193816725,-0.0023122754340815844,-0.16353349151304983,"conditional complete-window sum on stated capital, not live equity or intraday drawdown",0.7083333333333334,255864.06746031746,mean across entered windows; not equal-risk sizing or margin availability,252,252,0.0,0.0
NQ,intraday_long,delay_stress,2354060058c8498ad69c397726d3d77068989c4f3a2a03df8d7cb42b93007edb,87e9fd67bd8acbfc,2.5,1,0.0,0.0,5,7453d8f230dd1ef7fc361e23f107762c1d6acd102f692da6cec81296535d87ef,2023,ok,251,-12340.0,-16105.0,1255.0,2510.0,251,502,-0.16105,-64.16334661354581,-0.16169163346613544,0.11179870504492041,-1.4462746540862723,-0.1959641255605381,"conditional complete-window sum on stated capital, not live equity or intraday drawdown",0.7083333333333334,284490.81673306774,mean across entered windows; not equal-risk sizing or margin availability,251,252,0.0,0.0
NQ,intraday_long,delay_stress,2354060058c8498ad69c397726d3d77068989c4f3a2a03df8d7cb42b93007edb,87e9fd67bd8acbfc,2.5,1,0.0,0.0,5,7453d8f230dd1ef7fc361e23f107762c1d6acd102f692da6cec81296535d87ef,2024,ok,251,6715.0,2950.0,1255.0,2510.0,251,502,0.0295,11.752988047808765,0.029617529880478086,0.13508302517886583,0.21925426856010213,-0.0924,"conditional complete-window sum on stated capital, not live equity or intraday drawdown",0.7083333333333334,383926.4541832669,mean across entered windows; not equal-risk sizing or margin availability,251,252,0.0,0.0
NQ,intraday_long,delay_stress,2354060058c8498ad69c397726d3d77068989c4f3a2a03df8d7cb42b93007edb,87e9fd67bd8acbfc,2.5,1,0.0,0.0,5,7453d8f230dd1ef7fc361e23f107762c1d6acd102f692da6cec81296535d87ef,2025,ok,244,-22975.0,-26635.0,1220.0,2440.0,244,488,-0.26635,-109.15983606557377,-0.2750827868852459,0.2338510928352027,-1.1763160203792575,-0.31467024282772166,"conditional complete-window sum on stated capital, not live equity or intraday drawdown",0.7083333333333334,451962.93032786885,mean across entered windows; not equal-risk sizing or margin availability,244,252,0.0,0.0
NQ,intraday_long,delay_stress,2354060058c8498ad69c397726d3d77068989c4f3a2a03df8d7cb42b93007edb,87e9fd67bd8acbfc,2.5,1,0.0,0.0,5,7453d8f230dd1ef7fc361e23f107762c1d6acd102f692da6cec81296535d87ef,2026,ok,147,23355.0,21150.0,735.0,1470.0,147,294,0.2115,143.87755102040816,0.3625714285714286,0.30308584889498125,1.1962664370287346,-0.10168774387663955,"conditional complete-window sum on stated capital, not live equity or intraday drawdown",0.7083333333333334,543803.4693877551,mean across entered windows; not equal-risk sizing or margin availability,147,252,0.0,0.0
NQ,intraday_long,combined_stress,2354060058c8498ad69c397726d3d77068989c4f3a2a03df8d7cb42b93007edb,9b9f405335f62e6d,5.0,2,0.0,0.0,5,7453d8f230dd1ef7fc361e23f107762c1d6acd102f692da6cec81296535d87ef,whole,ok,2267,-7820.0,-75830.0,22670.0,45340.0,2267,4534,-0.7583,-33.44949272165858,-0.08429272165857962,0.15344658294315744,-0.5493294151086109,-0.9985062736506672,"conditional complete-window sum on stated capital, not live equity or intraday drawdown",0.7083333333333334,278622.30260255845,mean across entered windows; not equal-risk sizing or margin availability,2267,252,0.0,0.0
NQ,intraday_long,combined_stress,2354060058c8498ad69c397726d3d77068989c4f3a2a03df8d7cb42b93007edb,9b9f405335f62e6d,5.0,2,0.0,0.0,5,7453d8f230dd1ef7fc361e23f107762c1d6acd102f692da6cec81296535d87ef,development,ok,1122,-6315.0,-39975.0,11220.0,22440.0,1122,2244,-0.39975,-35.6283422459893,-0.08978342245989304,0.10034320359380612,-0.8947633645756463,-0.43791077474606654,"conditional complete-window sum on stated capital, not live equity or intraday drawdown",0.7083333333333334,186424.43404634582,mean across entered windows; not equal-risk sizing or margin availability,1122,252,0.0,0.0
NQ,intraday_long,combined_stress,2354060058c8498ad69c397726d3d77068989c4f3a2a03df8d7cb42b93007edb,9b9f405335f62e6d,5.0,2,0.0,0.0,5,7453d8f230dd1ef7fc361e23f107762c1d6acd102f692da6cec81296535d87ef,validation,ok,503,-8600.0,-23690.0,5030.0,10060.0,503,1006,-0.2369,-47.09741550695825,-0.11868548707753479,0.14564740762140369,-0.814882248958706,-0.3187258331798932,"conditional complete-window sum on stated capital, not live equity or intraday drawdown",0.7083333333333334,270148.986083499,mean across entered windows; not equal-risk sizing or margin availability,503,252,0.0,0.0
NQ,intraday_long,combined_stress,2354060058c8498ad69c397726d3d77068989c4f3a2a03df8d7cb42b93007edb,9b9f405335f62e6d,5.0,2,0.0,0.0,5,7453d8f230dd1ef7fc361e23f107762c1d6acd102f692da6cec81296535d87ef,historical_final,ok,642,7095.0,-12165.0,6420.0,12840.0,642,1284,-0.12165,-18.94859813084112,-0.04775046728971962,0.22137324657463134,-0.21570116546861753,-0.382475324172634,"conditional complete-window sum on stated capital, not live equity or intraday drawdown",0.7083333333333334,446391.9080996885,mean across entered windows; not equal-risk sizing or margin availability,642,252,0.0,0.0
NQ,intraday_long,combined_stress,2354060058c8498ad69c397726d3d77068989c4f3a2a03df8d7cb42b93007edb,9b9f405335f62e6d,5.0,2,0.0,0.0,5,7453d8f230dd1ef7fc361e23f107762c1d6acd102f692da6cec81296535d87ef,2016,ok,39,-1320.0,-2490.0,390.0,780.0,39,78,-0.0249,-63.84615384615385,-0.1608923076923077,0.031413281442920694,-5.121792448988689,-0.028978291177056362,"conditional complete-window sum on stated capital, not live equity or intraday drawdown",0.7083333333333334,95986.41025641025,mean across entered windows; not equal-risk sizing or margin availability,39,252,0.0,0.0
NQ,intraday_long,combined_stress,2354060058c8498ad69c397726d3d77068989c4f3a2a03df8d7cb42b93007edb,9b9f405335f62e6d,5.0,2,0.0,0.0,5,7453d8f230dd1ef7fc361e23f107762c1d6acd102f692da6cec81296535d87ef,2017,ok,117,2775.0,-735.0,1170.0,2340.0,117,234,-0.00735,-6.282051282051282,-0.01583076923076923,0.026991523868479635,-0.5865089095342336,-0.01749212854215603,"conditional complete-window sum on stated capital, not live equity or intraday drawdown",0.7083333333333334,116810.42735042734,mean across entered windows; not equal-risk sizing or margin availability,117,252,0.0,0.0
NQ,intraday_long,combined_stress,2354060058c8498ad69c397726d3d77068989c4f3a2a03df8d7cb42b93007edb,9b9f405335f62e6d,5.0,2,0.0,0.0,5,7453d8f230dd1ef7fc361e23f107762c1d6acd102f692da6cec81296535d87ef,2018,ok,228,3105.0,-3735.0,2280.0,4560.0,228,456,-0.03735,-16.38157894736842,-0.041281578947368426,0.07132516664257925,-0.578779985951332,-0.09545770108102747,"conditional complete-window sum on stated capital, not live equity or intraday drawdown",0.7083333333333334,139875.7894736842,mean across entered windows; not equal-risk sizing or margin availability,228,252,0.0,0.0
NQ,intraday_long,combined_stress,2354060058c8498ad69c397726d3d77068989c4f3a2a03df8d7cb42b93007edb,9b9f405335f62e6d,5.0,2,0.0,0.0,5,7453d8f230dd1ef7fc361e23f107762c1d6acd102f692da6cec81296535d87ef,2019,ok,244,1305.0,-6015.0,2440.0,4880.0,244,488,-0.06015,-24.651639344262296,-0.062122131147540983,0.051597497459471287,-1.203975661733141,-0.07950477326968974,"conditional complete-window sum on stated capital, not live equity or intraday drawdown",0.7083333333333334,152418.09426229508,mean across entered windows; not equal-risk sizing or margin availability,244,252,0.0,0.0
NQ,intraday_long,combined_stress,2354060058c8498ad69c397726d3d77068989c4f3a2a03df8d7cb42b93007edb,9b9f405335f62e6d,5.0,2,0.0,0.0,5,7453d8f230dd1ef7fc361e23f107762c1d6acd102f692da6cec81296535d87ef,2020,ok,245,-2315.0,-9665.0,2450.0,4900.0,245,490,-0.09665,-39.44897959183673,-0.09941142857142857,0.15317017316853096,-0.6490260245514484,-0.22015579357351509,"conditional complete-window sum on stated capital, not live equity or intraday drawdown",0.7083333333333334,206584.26530612246,mean across entered windows; not equal-risk sizing or margin availability,245,252,0.0,0.0
NQ,intraday_long,combined_stress,2354060058c8498ad69c397726d3d77068989c4f3a2a03df8d7cb42b93007edb,9b9f405335f62e6d,5.0,2,0.0,0.0,5,7453d8f230dd1ef7fc361e23f107762c1d6acd102f692da6cec81296535d87ef,2021,ok,249,-9865.0,-17335.0,2490.0,4980.0,249,498,-0.17335,-69.61847389558233,-0.17543855421686746,0.12090515505409713,-1.4510427958044487,-0.2132802785376772,"conditional complete-window sum on stated capital, not live equity or intraday drawdown",0.7083333333333334,289409.9799196787,mean across entered windows; not equal-risk sizing or margin availability,249,252,0.0,0.0
NQ,intraday_long,combined_stress,2354060058c8498ad69c397726d3d77068989c4f3a2a03df8d7cb42b93007edb,9b9f405335f62e6d,5.0,2,0.0,0.0,5,7453d8f230dd1ef7fc361e23f107762c1d6acd102f692da6cec81296535d87ef,2022,ok,252,3740.0,-3820.0,2520.0,5040.0,252,504,-0.0382,-15.158730158730158,-0.0382,0.17298977193816725,-0.2208223039547913,-0.18224083962437856,"conditional complete-window sum on stated capital, not live equity or intraday drawdown",0.7083333333333334,255864.06746031746,mean across entered windows; not equal-risk sizing or margin availability,252,252,0.0,0.0
NQ,intraday_long,combined_stress,2354060058c8498ad69c397726d3d77068989c4f3a2a03df8d7cb42b93007edb,9b9f405335f62e6d,5.0,2,0.0,0.0,5,7453d8f230dd1ef7fc361e23f107762c1d6acd102f692da6cec81296535d87ef,2023,ok,251,-12340.0,-19870.0,2510.0,5020.0,251,502,-0.1987,-79.16334661354581,-0.19949163346613547,0.11179870504492041,-1.7843823270223056,-0.22416629280693884,"conditional complete-window sum on stated capital, not live equity or intraday drawdown",0.7083333333333334,284490.81673306774,mean across entered windows; not equal-risk sizing or margin availability,251,252,0.0,0.0
NQ,intraday_long,combined_stress,2354060058c8498ad69c397726d3d77068989c4f3a2a03df8d7cb42b93007edb,9b9f405335f62e6d,5.0,2,0.0,0.0,5,7453d8f230dd1ef7fc361e23f107762c1d6acd102f692da6cec81296535d87ef,2024,ok,251,6715.0,-815.0,2510.0,5020.0,251,502,-0.00815,-3.247011952191235,-0.00818247011952191,0.13508302517886583,-0.060573636907282444,-0.1032,"conditional complete-window sum on stated capital, not live equity or intraday drawdown",0.7083333333333334,383926.4541832669,mean across entered windows; not equal-risk sizing or margin availability,251,252,0.0,0.0
NQ,intraday_long,combined_stress,2354060058c8498ad69c397726d3d77068989c4f3a2a03df8d7cb42b93007edb,9b9f405335f62e6d,5.0,2,0.0,0.0,5,7453d8f230dd1ef7fc361e23f107762c1d6acd102f692da6cec81296535d87ef,2025,ok,244,-22975.0,-30295.0,2440.0,4880.0,244,488,-0.30295,-124.15983606557377,-0.3128827868852459,0.2338510928352027,-1.3379573432472163,-0.3473669050933705,"conditional complete-window sum on stated capital, not live equity or intraday drawdown",0.7083333333333334,451962.93032786885,mean across entered windows; not equal-risk sizing or margin availability,244,252,0.0,0.0
NQ,intraday_long,combined_stress,2354060058c8498ad69c397726d3d77068989c4f3a2a03df8d7cb42b93007edb,9b9f405335f62e6d,5.0,2,0.0,0.0,5,7453d8f230dd1ef7fc361e23f107762c1d6acd102f692da6cec81296535d87ef,2026,ok,147,23355.0,18945.0,1470.0,2940.0,147,294,0.18945,128.87755102040816,0.3247714285714286,0.30308584889498125,1.071549297849143,-0.10418534421743028,"conditional complete-window sum on stated capital, not live equity or intraday drawdown",0.7083333333333334,543803.4693877551,mean across entered windows; not equal-risk sizing or margin availability,147,252,0.0,0.0
