market,config_id,scenario,execution_sha256,run_id,commission_per_side,slippage_ticks_per_side,fee_bps,slippage_bps,delay_minutes,mask_sha256,sample,period,status,days,gross_pnl_usd,net_pnl_usd,commission_usd,slippage_usd,entry_trades,fills,account_return,mean_session_pnl_usd,annual_mean_return,volatility,sharpe,max_drawdown,drawdown_scope,exposure,mean_entry_notional_usd,notional_note,terminal_flat_windows,periods_per_year,maximum_window_reconciliation_error_usd,reconciliation_error_usd
NQ,mom-3,base,2354060058c8498ad69c397726d3d77068989c4f3a2a03df8d7cb42b93007edb,8491675c8f8da873,2.5,1,0.0,0.0,1,7453d8f230dd1ef7fc361e23f107762c1d6acd102f692da6cec81296535d87ef,common complete dates,whole,ok,1901,-25740.0,-153465.0,42575.0,85150.0,8515,17030,-1.53465,-80.72856391372962,-0.20343598106259864,0.09902083571722692,-2.054476510817878,-1.6011,"conditional complete-window sum on stated capital, not live equity or intraday drawdown",0.3362813431527266,270268.5760261934,mean across entered windows; not equal-risk sizing or margin availability,1901,252,0.0,0.0
NQ,mom-3,base,2354060058c8498ad69c397726d3d77068989c4f3a2a03df8d7cb42b93007edb,8491675c8f8da873,2.5,1,0.0,0.0,1,7453d8f230dd1ef7fc361e23f107762c1d6acd102f692da6cec81296535d87ef,common complete dates,development,ok,970,230.0,-65260.0,21830.0,43660.0,4366,8732,-0.6526,-67.27835051546391,-0.16954144329896906,0.06443827066758216,-2.631067555701221,-0.6576,"conditional complete-window sum on stated capital, not live equity or intraday drawdown",0.3343857388316151,191161.8052323679,mean across entered windows; not equal-risk sizing or margin availability,970,252,0.0,0.0
NQ,mom-3,base,2354060058c8498ad69c397726d3d77068989c4f3a2a03df8d7cb42b93007edb,8491675c8f8da873,2.5,1,0.0,0.0,1,7453d8f230dd1ef7fc361e23f107762c1d6acd102f692da6cec81296535d87ef,common complete dates,validation,ok,467,-3065.0,-34610.0,10515.0,21030.0,2103,4206,-0.3461,-74.11134903640257,-0.18676059957173446,0.09574929751855422,-1.9505166555978561,-0.39158756746696444,"conditional complete-window sum on stated capital, not live equity or intraday drawdown",0.3379282655246253,269707.80051238916,mean across entered windows; not equal-risk sizing or margin availability,467,252,0.0,0.0
NQ,mom-3,base,2354060058c8498ad69c397726d3d77068989c4f3a2a03df8d7cb42b93007edb,8491675c8f8da873,2.5,1,0.0,0.0,1,7453d8f230dd1ef7fc361e23f107762c1d6acd102f692da6cec81296535d87ef,common complete dates,historical_final,ok,464,-22905.0,-53595.0,10230.0,20460.0,2046,4092,-0.53595,-115.50646551724138,-0.2910762931034483,0.14925904229827947,-1.950141771121384,-0.6024,"conditional complete-window sum on stated capital, not live equity or intraday drawdown",0.33858656609195403,436207.0454980843,mean across entered windows; not equal-risk sizing or margin availability,464,252,0.0,0.0
NQ,mom-3,base,2354060058c8498ad69c397726d3d77068989c4f3a2a03df8d7cb42b93007edb,8491675c8f8da873,2.5,1,0.0,0.0,1,7453d8f230dd1ef7fc361e23f107762c1d6acd102f692da6cec81296535d87ef,common complete dates,2016,ok,27,35.0,-1570.0,535.0,1070.0,107,214,-0.0157,-58.148148148148145,-0.14653333333333332,0.0211725390602169,-6.92091453540727,-0.0157,"conditional complete-window sum on stated capital, not live equity or intraday drawdown",0.30401234567901236,95828.75617283952,mean across entered windows; not equal-risk sizing or margin availability,27,252,0.0,0.0
NQ,mom-3,base,2354060058c8498ad69c397726d3d77068989c4f3a2a03df8d7cb42b93007edb,8491675c8f8da873,2.5,1,0.0,0.0,1,7453d8f230dd1ef7fc361e23f107762c1d6acd102f692da6cec81296535d87ef,common complete dates,2017,ok,49,930.0,-2520.0,1150.0,2300.0,230,460,-0.0252,-51.42857142857143,-0.1296,0.023805146502384734,-5.444200899457479,-0.0252,"conditional complete-window sum on stated capital, not live equity or intraday drawdown",0.342687074829932,118002.09936831877,mean across entered windows; not equal-risk sizing or margin availability,49,252,0.0,0.0
NQ,mom-3,base,2354060058c8498ad69c397726d3d77068989c4f3a2a03df8d7cb42b93007edb,8491675c8f8da873,2.5,1,0.0,0.0,1,7453d8f230dd1ef7fc361e23f107762c1d6acd102f692da6cec81296535d87ef,common complete dates,2018,ok,212,3400.0,-10445.0,4615.0,9230.0,923,1846,-0.10445,-49.2688679245283,-0.12415754716981131,0.045373207232773556,-2.736362596826327,-0.11904524616304564,"conditional complete-window sum on stated capital, not live equity or intraday drawdown",0.33038522012578614,139779.18710691822,mean across entered windows; not equal-risk sizing or margin availability,212,252,0.0,0.0
NQ,mom-3,base,2354060058c8498ad69c397726d3d77068989c4f3a2a03df8d7cb42b93007edb,8491675c8f8da873,2.5,1,0.0,0.0,1,7453d8f230dd1ef7fc361e23f107762c1d6acd102f692da6cec81296535d87ef,common complete dates,2019,ok,220,410.0,-14620.0,5010.0,10020.0,1002,2004,-0.1462,-66.45454545454545,-0.16746545454545456,0.04650680760034591,-3.6008804557079293,-0.1586841315868413,"conditional complete-window sum on stated capital, not live equity or intraday drawdown",0.33456439393939397,151400.60134379508,mean across entered windows; not equal-risk sizing or margin availability,220,252,0.0,0.0
NQ,mom-3,base,2354060058c8498ad69c397726d3d77068989c4f3a2a03df8d7cb42b93007edb,8491675c8f8da873,2.5,1,0.0,0.0,1,7453d8f230dd1ef7fc361e23f107762c1d6acd102f692da6cec81296535d87ef,common complete dates,2020,ok,233,2180.0,-13570.0,5250.0,10500.0,1050,2100,-0.1357,-58.24034334763949,-0.1467656652360515,0.08143610567196191,-1.802218610836425,-0.14917182199161844,"conditional complete-window sum on stated capital, not live equity or intraday drawdown",0.3330650929899857,205812.51044860002,mean across entered windows; not equal-risk sizing or margin availability,233,252,0.0,0.0
NQ,mom-3,base,2354060058c8498ad69c397726d3d77068989c4f3a2a03df8d7cb42b93007edb,8491675c8f8da873,2.5,1,0.0,0.0,1,7453d8f230dd1ef7fc361e23f107762c1d6acd102f692da6cec81296535d87ef,common complete dates,2021,ok,229,-6725.0,-22535.0,5270.0,10540.0,1054,2108,-0.22535,-98.4061135371179,-0.24798340611353709,0.08191483889286168,-3.027331915257508,-0.23035,"conditional complete-window sum on stated capital, not live equity or intraday drawdown",0.34106622998544395,288916.31830941985,mean across entered windows; not equal-risk sizing or margin availability,229,252,0.0,0.0
NQ,mom-3,base,2354060058c8498ad69c397726d3d77068989c4f3a2a03df8d7cb42b93007edb,8491675c8f8da873,2.5,1,0.0,0.0,1,7453d8f230dd1ef7fc361e23f107762c1d6acd102f692da6cec81296535d87ef,common complete dates,2022,ok,239,3735.0,-12480.0,5405.0,10810.0,1081,2162,-0.1248,-52.21757322175732,-0.13158828451882845,0.11642813851196607,-1.1302103271650632,-0.19974874371859297,"conditional complete-window sum on stated capital, not live equity or intraday drawdown",0.33856345885634587,256725.59115361626,mean across entered windows; not equal-risk sizing or margin availability,239,252,0.0,0.0
NQ,mom-3,base,2354060058c8498ad69c397726d3d77068989c4f3a2a03df8d7cb42b93007edb,8491675c8f8da873,2.5,1,0.0,0.0,1,7453d8f230dd1ef7fc361e23f107762c1d6acd102f692da6cec81296535d87ef,common complete dates,2023,ok,228,-6800.0,-22130.0,5110.0,10220.0,1022,2044,-0.2213,-97.06140350877193,-0.24459473684210528,0.06769097717503567,-3.613402362468945,-0.2234191103131857,"conditional complete-window sum on stated capital, not live equity or intraday drawdown",0.3372624269005848,283316.34453320806,mean across entered windows; not equal-risk sizing or margin availability,228,252,0.0,0.0
NQ,mom-3,base,2354060058c8498ad69c397726d3d77068989c4f3a2a03df8d7cb42b93007edb,8491675c8f8da873,2.5,1,0.0,0.0,1,7453d8f230dd1ef7fc361e23f107762c1d6acd102f692da6cec81296535d87ef,common complete dates,2024,ok,213,-12345.0,-26970.0,4875.0,9750.0,975,1950,-0.2697,-126.61971830985915,-0.3190816901408451,0.0939394799197318,-3.3966729474496766,-0.2697,"conditional complete-window sum on stated capital, not live equity or intraday drawdown",0.3402777777777778,381239.4925106193,mean across entered windows; not equal-risk sizing or margin availability,213,252,0.0,0.0
NQ,mom-3,base,2354060058c8498ad69c397726d3d77068989c4f3a2a03df8d7cb42b93007edb,8491675c8f8da873,2.5,1,0.0,0.0,1,7453d8f230dd1ef7fc361e23f107762c1d6acd102f692da6cec81296535d87ef,common complete dates,2025,ok,142,-8030.0,-17210.0,3060.0,6120.0,612,1224,-0.1721,-121.19718309859155,-0.30541690140845074,0.1702704538544448,-1.7937163758871253,-0.19768130241736556,"conditional complete-window sum on stated capital, not live equity or intraday drawdown",0.3361208920187793,441332.111418511,mean across entered windows; not equal-risk sizing or margin availability,142,252,0.0,0.0
NQ,mom-3,base,2354060058c8498ad69c397726d3d77068989c4f3a2a03df8d7cb42b93007edb,8491675c8f8da873,2.5,1,0.0,0.0,1,7453d8f230dd1ef7fc361e23f107762c1d6acd102f692da6cec81296535d87ef,common complete dates,2026,ok,109,-2530.0,-9415.0,2295.0,4590.0,459,918,-0.09415,-86.37614678899082,-0.2176678899082569,0.20076310293858543,-1.08420265836817,-0.21016231474947072,"conditional complete-window sum on stated capital, not live equity or intraday drawdown",0.3384938837920489,536944.0127056938,mean across entered windows; not equal-risk sizing or margin availability,109,252,0.0,0.0
NQ,mom-3,gross_reference,2354060058c8498ad69c397726d3d77068989c4f3a2a03df8d7cb42b93007edb,4490c0c1ad9f0e6c,0.0,0,0.0,0.0,1,7453d8f230dd1ef7fc361e23f107762c1d6acd102f692da6cec81296535d87ef,common complete dates,whole,ok,1901,-25740.0,-25740.0,0.0,0.0,8515,17030,-0.2574,-13.540241977906366,-0.03412140978432404,0.09831957530935193,-0.3470459435668301,-0.3807052989255212,"conditional complete-window sum on stated capital, not live equity or intraday drawdown",0.3362813431527266,270268.5760261934,mean across entered windows; not equal-risk sizing or margin availability,1901,252,0.0,0.0
NQ,mom-3,gross_reference,2354060058c8498ad69c397726d3d77068989c4f3a2a03df8d7cb42b93007edb,4490c0c1ad9f0e6c,0.0,0,0.0,0.0,1,7453d8f230dd1ef7fc361e23f107762c1d6acd102f692da6cec81296535d87ef,common complete dates,development,ok,970,230.0,230.0,0.0,0.0,4366,8732,0.0023,0.23711340206185566,0.0005975257731958763,0.06375386838009876,0.009372384584311723,-0.10122528543581175,"conditional complete-window sum on stated capital, not live equity or intraday drawdown",0.3343857388316151,191161.8052323679,mean across entered windows; not equal-risk sizing or margin availability,970,252,0.0,0.0
NQ,mom-3,gross_reference,2354060058c8498ad69c397726d3d77068989c4f3a2a03df8d7cb42b93007edb,4490c0c1ad9f0e6c,0.0,0,0.0,0.0,1,7453d8f230dd1ef7fc361e23f107762c1d6acd102f692da6cec81296535d87ef,common complete dates,validation,ok,467,-3065.0,-3065.0,0.0,0.0,2103,4206,-0.03065,-6.563169164882227,-0.016539186295503213,0.09500275672462911,-0.1740916460292093,-0.12078961899503037,"conditional complete-window sum on stated capital, not live equity or intraday drawdown",0.3379282655246253,269707.80051238916,mean across entered windows; not equal-risk sizing or margin availability,467,252,0.0,0.0
NQ,mom-3,gross_reference,2354060058c8498ad69c397726d3d77068989c4f3a2a03df8d7cb42b93007edb,4490c0c1ad9f0e6c,0.0,0,0.0,0.0,1,7453d8f230dd1ef7fc361e23f107762c1d6acd102f692da6cec81296535d87ef,common complete dates,historical_final,ok,464,-22905.0,-22905.0,0.0,0.0,2046,4092,-0.22905,-49.36422413793103,-0.12439784482758619,0.14844140966354036,-0.8380265662361219,-0.3253324372329701,"conditional complete-window sum on stated capital, not live equity or intraday drawdown",0.33858656609195403,436207.0454980843,mean across entered windows; not equal-risk sizing or margin availability,464,252,0.0,0.0
NQ,mom-3,gross_reference,2354060058c8498ad69c397726d3d77068989c4f3a2a03df8d7cb42b93007edb,4490c0c1ad9f0e6c,0.0,0,0.0,0.0,1,7453d8f230dd1ef7fc361e23f107762c1d6acd102f692da6cec81296535d87ef,common complete dates,2016,ok,27,35.0,35.0,0.0,0.0,107,214,0.00035,1.2962962962962963,0.0032666666666666664,0.02066102487094841,0.15810767796228475,-0.007749242461874721,"conditional complete-window sum on stated capital, not live equity or intraday drawdown",0.30401234567901236,95828.75617283952,mean across entered windows; not equal-risk sizing or margin availability,27,252,0.0,0.0
NQ,mom-3,gross_reference,2354060058c8498ad69c397726d3d77068989c4f3a2a03df8d7cb42b93007edb,4490c0c1ad9f0e6c,0.0,0,0.0,0.0,1,7453d8f230dd1ef7fc361e23f107762c1d6acd102f692da6cec81296535d87ef,common complete dates,2017,ok,49,930.0,930.0,0.0,0.0,230,460,0.0093,18.979591836734695,0.04782857142857143,0.02287961897160253,2.0904444032890046,-0.007762669962917182,"conditional complete-window sum on stated capital, not live equity or intraday drawdown",0.342687074829932,118002.09936831877,mean across entered windows; not equal-risk sizing or margin availability,49,252,0.0,0.0
NQ,mom-3,gross_reference,2354060058c8498ad69c397726d3d77068989c4f3a2a03df8d7cb42b93007edb,4490c0c1ad9f0e6c,0.0,0,0.0,0.0,1,7453d8f230dd1ef7fc361e23f107762c1d6acd102f692da6cec81296535d87ef,common complete dates,2018,ok,212,3400.0,3400.0,0.0,0.0,923,1846,0.034,16.037735849056602,0.040415094339622634,0.04486213038958575,0.9008732752692581,-0.03887076181018584,"conditional complete-window sum on stated capital, not live equity or intraday drawdown",0.33038522012578614,139779.18710691822,mean across entered windows; not equal-risk sizing or margin availability,212,252,0.0,0.0
NQ,mom-3,gross_reference,2354060058c8498ad69c397726d3d77068989c4f3a2a03df8d7cb42b93007edb,4490c0c1ad9f0e6c,0.0,0,0.0,0.0,1,7453d8f230dd1ef7fc361e23f107762c1d6acd102f692da6cec81296535d87ef,common complete dates,2019,ok,220,410.0,410.0,0.0,0.0,1002,2004,0.0041,1.8636363636363635,0.004696363636363636,0.04564427399404374,0.10289053205176357,-0.02982464904830894,"conditional complete-window sum on stated capital, not live equity or intraday drawdown",0.33456439393939397,151400.60134379508,mean across entered windows; not equal-risk sizing or margin availability,220,252,0.0,0.0
NQ,mom-3,gross_reference,2354060058c8498ad69c397726d3d77068989c4f3a2a03df8d7cb42b93007edb,4490c0c1ad9f0e6c,0.0,0,0.0,0.0,1,7453d8f230dd1ef7fc361e23f107762c1d6acd102f692da6cec81296535d87ef,common complete dates,2020,ok,233,2180.0,2180.0,0.0,0.0,1050,2100,0.0218,9.356223175965665,0.023577682403433477,0.08079553927074207,0.2918191105133387,-0.08155632195074562,"conditional complete-window sum on stated capital, not live equity or intraday drawdown",0.3330650929899857,205812.51044860002,mean across entered windows; not equal-risk sizing or margin availability,233,252,0.0,0.0
NQ,mom-3,gross_reference,2354060058c8498ad69c397726d3d77068989c4f3a2a03df8d7cb42b93007edb,4490c0c1ad9f0e6c,0.0,0,0.0,0.0,1,7453d8f230dd1ef7fc361e23f107762c1d6acd102f692da6cec81296535d87ef,common complete dates,2021,ok,229,-6725.0,-6725.0,0.0,0.0,1054,2108,-0.06725,-29.366812227074234,-0.07400436681222707,0.08109982467835003,-0.912509578235659,-0.1013,"conditional complete-window sum on stated capital, not live equity or intraday drawdown",0.34106622998544395,288916.31830941985,mean across entered windows; not equal-risk sizing or margin availability,229,252,0.0,0.0
NQ,mom-3,gross_reference,2354060058c8498ad69c397726d3d77068989c4f3a2a03df8d7cb42b93007edb,4490c0c1ad9f0e6c,0.0,0,0.0,0.0,1,7453d8f230dd1ef7fc361e23f107762c1d6acd102f692da6cec81296535d87ef,common complete dates,2022,ok,239,3735.0,3735.0,0.0,0.0,1081,2162,0.03735,15.627615062761507,0.039381589958159,0.1156818076459361,0.34043027818767385,-0.10394809497515185,"conditional complete-window sum on stated capital, not live equity or intraday drawdown",0.33856345885634587,256725.59115361626,mean across entered windows; not equal-risk sizing or margin availability,239,252,0.0,0.0
NQ,mom-3,gross_reference,2354060058c8498ad69c397726d3d77068989c4f3a2a03df8d7cb42b93007edb,4490c0c1ad9f0e6c,0.0,0,0.0,0.0,1,7453d8f230dd1ef7fc361e23f107762c1d6acd102f692da6cec81296535d87ef,common complete dates,2023,ok,228,-6800.0,-6800.0,0.0,0.0,1022,2044,-0.068,-29.82456140350877,-0.07515789473684209,0.06686288761924418,-1.1240599593130716,-0.08629441624365482,"conditional complete-window sum on stated capital, not live equity or intraday drawdown",0.3372624269005848,283316.34453320806,mean across entered windows; not equal-risk sizing or margin availability,228,252,0.0,0.0
NQ,mom-3,gross_reference,2354060058c8498ad69c397726d3d77068989c4f3a2a03df8d7cb42b93007edb,4490c0c1ad9f0e6c,0.0,0,0.0,0.0,1,7453d8f230dd1ef7fc361e23f107762c1d6acd102f692da6cec81296535d87ef,common complete dates,2024,ok,213,-12345.0,-12345.0,0.0,0.0,975,1950,-0.12345,-57.95774647887324,-0.14605352112676057,0.09318307965527854,-1.5673824225070785,-0.15860976429360088,"conditional complete-window sum on stated capital, not live equity or intraday drawdown",0.3402777777777778,381239.4925106193,mean across entered windows; not equal-risk sizing or margin availability,213,252,0.0,0.0
NQ,mom-3,gross_reference,2354060058c8498ad69c397726d3d77068989c4f3a2a03df8d7cb42b93007edb,4490c0c1ad9f0e6c,0.0,0,0.0,0.0,1,7453d8f230dd1ef7fc361e23f107762c1d6acd102f692da6cec81296535d87ef,common complete dates,2025,ok,142,-8030.0,-8030.0,0.0,0.0,612,1224,-0.0803,-56.54929577464789,-0.14250422535211268,0.1694199350789559,-0.8411302087071424,-0.12284662576687116,"conditional complete-window sum on stated capital, not live equity or intraday drawdown",0.3361208920187793,441332.111418511,mean across entered windows; not equal-risk sizing or margin availability,142,252,0.0,0.0
NQ,mom-3,gross_reference,2354060058c8498ad69c397726d3d77068989c4f3a2a03df8d7cb42b93007edb,4490c0c1ad9f0e6c,0.0,0,0.0,0.0,1,7453d8f230dd1ef7fc361e23f107762c1d6acd102f692da6cec81296535d87ef,common complete dates,2026,ok,109,-2530.0,-2530.0,0.0,0.0,459,918,-0.0253,-23.211009174311926,-0.058491743119266054,0.19980831506117086,-0.29273928415521117,-0.15812203956533855,"conditional complete-window sum on stated capital, not live equity or intraday drawdown",0.3384938837920489,536944.0127056938,mean across entered windows; not equal-risk sizing or margin availability,109,252,0.0,0.0
NQ,mom-3,cost_stress,2354060058c8498ad69c397726d3d77068989c4f3a2a03df8d7cb42b93007edb,7f3b92ddfabc09b4,5.0,2,0.0,0.0,1,7453d8f230dd1ef7fc361e23f107762c1d6acd102f692da6cec81296535d87ef,common complete dates,whole,ok,1901,-25740.0,-281190.0,85150.0,170300.0,8515,17030,-2.8119,-147.91688584955287,-0.37275055234087323,0.09979597339697023,-3.735126174461362,-2.87655,"conditional complete-window sum on stated capital, not live equity or intraday drawdown",0.3362813431527266,270268.5760261934,mean across entered windows; not equal-risk sizing or margin availability,1901,252,0.0,0.0
NQ,mom-3,cost_stress,2354060058c8498ad69c397726d3d77068989c4f3a2a03df8d7cb42b93007edb,7f3b92ddfabc09b4,5.0,2,0.0,0.0,1,7453d8f230dd1ef7fc361e23f107762c1d6acd102f692da6cec81296535d87ef,common complete dates,development,ok,970,230.0,-130750.0,43660.0,87320.0,4366,8732,-1.3075,-134.79381443298968,-0.33968041237113394,0.06523798096031067,-5.206789164394712,-1.3075,"conditional complete-window sum on stated capital, not live equity or intraday drawdown",0.3343857388316151,191161.8052323679,mean across entered windows; not equal-risk sizing or margin availability,970,252,0.0,0.0
NQ,mom-3,cost_stress,2354060058c8498ad69c397726d3d77068989c4f3a2a03df8d7cb42b93007edb,7f3b92ddfabc09b4,5.0,2,0.0,0.0,1,7453d8f230dd1ef7fc361e23f107762c1d6acd102f692da6cec81296535d87ef,common complete dates,validation,ok,467,-3065.0,-66155.0,21030.0,42060.0,2103,4206,-0.66155,-141.65952890792292,-0.35698201284796577,0.09656729868169157,-3.6967173952402055,-0.6814888010540184,"conditional complete-window sum on stated capital, not live equity or intraday drawdown",0.3379282655246253,269707.80051238916,mean across entered windows; not equal-risk sizing or margin availability,467,252,0.0,0.0
NQ,mom-3,cost_stress,2354060058c8498ad69c397726d3d77068989c4f3a2a03df8d7cb42b93007edb,7f3b92ddfabc09b4,5.0,2,0.0,0.0,1,7453d8f230dd1ef7fc361e23f107762c1d6acd102f692da6cec81296535d87ef,common complete dates,historical_final,ok,464,-22905.0,-84285.0,20460.0,40920.0,2046,4092,-0.84285,-181.64870689655172,-0.4577547413793103,0.15012559483684132,-3.0491452298777224,-0.9075,"conditional complete-window sum on stated capital, not live equity or intraday drawdown",0.33858656609195403,436207.0454980843,mean across entered windows; not equal-risk sizing or margin availability,464,252,0.0,0.0
NQ,mom-3,cost_stress,2354060058c8498ad69c397726d3d77068989c4f3a2a03df8d7cb42b93007edb,7f3b92ddfabc09b4,5.0,2,0.0,0.0,1,7453d8f230dd1ef7fc361e23f107762c1d6acd102f692da6cec81296535d87ef,common complete dates,2016,ok,27,35.0,-3175.0,1070.0,2140.0,107,214,-0.03175,-117.5925925925926,-0.29633333333333334,0.022001177124685734,-13.46897630312888,-0.03175,"conditional complete-window sum on stated capital, not live equity or intraday drawdown",0.30401234567901236,95828.75617283952,mean across entered windows; not equal-risk sizing or margin availability,27,252,0.0,0.0
NQ,mom-3,cost_stress,2354060058c8498ad69c397726d3d77068989c4f3a2a03df8d7cb42b93007edb,7f3b92ddfabc09b4,5.0,2,0.0,0.0,1,7453d8f230dd1ef7fc361e23f107762c1d6acd102f692da6cec81296535d87ef,common complete dates,2017,ok,49,930.0,-5970.0,2300.0,4600.0,230,460,-0.0597,-121.83673469387755,-0.3070285714285714,0.025058820089655348,-12.252315565141767,-0.0597,"conditional complete-window sum on stated capital, not live equity or intraday drawdown",0.342687074829932,118002.09936831877,mean across entered windows; not equal-risk sizing or margin availability,49,252,0.0,0.0
NQ,mom-3,cost_stress,2354060058c8498ad69c397726d3d77068989c4f3a2a03df8d7cb42b93007edb,7f3b92ddfabc09b4,5.0,2,0.0,0.0,1,7453d8f230dd1ef7fc361e23f107762c1d6acd102f692da6cec81296535d87ef,common complete dates,2018,ok,212,3400.0,-24290.0,9230.0,18460.0,923,1846,-0.2429,-114.5754716981132,-0.2887301886792453,0.04604374064883842,-6.27078044942748,-0.24835,"conditional complete-window sum on stated capital, not live equity or intraday drawdown",0.33038522012578614,139779.18710691822,mean across entered windows; not equal-risk sizing or margin availability,212,252,0.0,0.0
NQ,mom-3,cost_stress,2354060058c8498ad69c397726d3d77068989c4f3a2a03df8d7cb42b93007edb,7f3b92ddfabc09b4,5.0,2,0.0,0.0,1,7453d8f230dd1ef7fc361e23f107762c1d6acd102f692da6cec81296535d87ef,common complete dates,2019,ok,220,410.0,-29650.0,10020.0,20040.0,1002,2004,-0.2965,-134.77272727272728,-0.3396272727272727,0.04754044054196421,-7.143965618650124,-0.3026,"conditional complete-window sum on stated capital, not live equity or intraday drawdown",0.33456439393939397,151400.60134379508,mean across entered windows; not equal-risk sizing or margin availability,220,252,0.0,0.0
NQ,mom-3,cost_stress,2354060058c8498ad69c397726d3d77068989c4f3a2a03df8d7cb42b93007edb,7f3b92ddfabc09b4,5.0,2,0.0,0.0,1,7453d8f230dd1ef7fc361e23f107762c1d6acd102f692da6cec81296535d87ef,common complete dates,2020,ok,233,2180.0,-29320.0,10500.0,21000.0,1050,2100,-0.2932,-125.83690987124463,-0.31710901287553644,0.08216043591826734,-3.859631577308018,-0.2934472934472934,"conditional complete-window sum on stated capital, not live equity or intraday drawdown",0.3330650929899857,205812.51044860002,mean across entered windows; not equal-risk sizing or margin availability,233,252,0.0,0.0
NQ,mom-3,cost_stress,2354060058c8498ad69c397726d3d77068989c4f3a2a03df8d7cb42b93007edb,7f3b92ddfabc09b4,5.0,2,0.0,0.0,1,7453d8f230dd1ef7fc361e23f107762c1d6acd102f692da6cec81296535d87ef,common complete dates,2021,ok,229,-6725.0,-38345.0,10540.0,21080.0,1054,2108,-0.38345,-167.44541484716157,-0.4219624454148472,0.08281641846884805,-5.095154478016593,-0.38345,"conditional complete-window sum on stated capital, not live equity or intraday drawdown",0.34106622998544395,288916.31830941985,mean across entered windows; not equal-risk sizing or margin availability,229,252,0.0,0.0
NQ,mom-3,cost_stress,2354060058c8498ad69c397726d3d77068989c4f3a2a03df8d7cb42b93007edb,7f3b92ddfabc09b4,5.0,2,0.0,0.0,1,7453d8f230dd1ef7fc361e23f107762c1d6acd102f692da6cec81296535d87ef,common complete dates,2022,ok,239,3735.0,-28695.0,10810.0,21620.0,1081,2162,-0.28695,-120.06276150627615,-0.3025581589958159,0.11723671712179777,-2.5807457460744727,-0.33747412008281574,"conditional complete-window sum on stated capital, not live equity or intraday drawdown",0.33856345885634587,256725.59115361626,mean across entered windows; not equal-risk sizing or margin availability,239,252,0.0,0.0
NQ,mom-3,cost_stress,2354060058c8498ad69c397726d3d77068989c4f3a2a03df8d7cb42b93007edb,7f3b92ddfabc09b4,5.0,2,0.0,0.0,1,7453d8f230dd1ef7fc361e23f107762c1d6acd102f692da6cec81296535d87ef,common complete dates,2023,ok,228,-6800.0,-37460.0,10220.0,20440.0,1022,2044,-0.3746,-164.2982456140351,-0.4140315789473685,0.06861213499373028,-6.034378306187416,-0.3757548535209862,"conditional complete-window sum on stated capital, not live equity or intraday drawdown",0.3372624269005848,283316.34453320806,mean across entered windows; not equal-risk sizing or margin availability,228,252,0.0,0.0
NQ,mom-3,cost_stress,2354060058c8498ad69c397726d3d77068989c4f3a2a03df8d7cb42b93007edb,7f3b92ddfabc09b4,5.0,2,0.0,0.0,1,7453d8f230dd1ef7fc361e23f107762c1d6acd102f692da6cec81296535d87ef,common complete dates,2024,ok,213,-12345.0,-41595.0,9750.0,19500.0,975,1950,-0.41595,-195.28169014084506,-0.49210985915492955,0.09477847842256559,-5.192211009770381,-0.41595,"conditional complete-window sum on stated capital, not live equity or intraday drawdown",0.3402777777777778,381239.4925106193,mean across entered windows; not equal-risk sizing or margin availability,213,252,0.0,0.0
NQ,mom-3,cost_stress,2354060058c8498ad69c397726d3d77068989c4f3a2a03df8d7cb42b93007edb,7f3b92ddfabc09b4,5.0,2,0.0,0.0,1,7453d8f230dd1ef7fc361e23f107762c1d6acd102f692da6cec81296535d87ef,common complete dates,2025,ok,142,-8030.0,-26390.0,6120.0,12240.0,612,1224,-0.2639,-185.8450704225352,-0.4683295774647887,0.17115442748041676,-2.7362983497366695,-0.2806843540788495,"conditional complete-window sum on stated capital, not live equity or intraday drawdown",0.3361208920187793,441332.111418511,mean across entered windows; not equal-risk sizing or margin availability,142,252,0.0,0.0
NQ,mom-3,cost_stress,2354060058c8498ad69c397726d3d77068989c4f3a2a03df8d7cb42b93007edb,7f3b92ddfabc09b4,5.0,2,0.0,0.0,1,7453d8f230dd1ef7fc361e23f107762c1d6acd102f692da6cec81296535d87ef,common complete dates,2026,ok,109,-2530.0,-16300.0,4590.0,9180.0,459,918,-0.163,-149.54128440366972,-0.3768440366972477,0.20175713035310067,-1.8678102530390015,-0.26358695652173914,"conditional complete-window sum on stated capital, not live equity or intraday drawdown",0.3384938837920489,536944.0127056938,mean across entered windows; not equal-risk sizing or margin availability,109,252,0.0,0.0
NQ,mom-3,delay_stress,2354060058c8498ad69c397726d3d77068989c4f3a2a03df8d7cb42b93007edb,c82b97ad00f6e91a,2.5,1,0.0,0.0,5,7453d8f230dd1ef7fc361e23f107762c1d6acd102f692da6cec81296535d87ef,common complete dates,whole,ok,1901,-47630.0,-171410.0,41260.0,82520.0,8252,16504,-1.7141,-90.16833245660179,-0.2272241977906365,0.09890139896452711,-2.297482140491611,-1.79025,"conditional complete-window sum on stated capital, not live equity or intraday drawdown",0.327700333157987,270272.99822044367,mean across entered windows; not equal-risk sizing or margin availability,1901,252,0.0,0.0
NQ,mom-3,delay_stress,2354060058c8498ad69c397726d3d77068989c4f3a2a03df8d7cb42b93007edb,c82b97ad00f6e91a,2.5,1,0.0,0.0,5,7453d8f230dd1ef7fc361e23f107762c1d6acd102f692da6cec81296535d87ef,common complete dates,development,ok,970,-18255.0,-81960.0,21235.0,42470.0,4247,8494,-0.8196,-84.49484536082474,-0.21292701030927835,0.06414644238410395,-3.3193892349366445,-0.827,"conditional complete-window sum on stated capital, not live equity or intraday drawdown",0.3269974226804124,191167.5361622484,mean across entered windows; not equal-risk sizing or margin availability,970,252,0.0,0.0
NQ,mom-3,delay_stress,2354060058c8498ad69c397726d3d77068989c4f3a2a03df8d7cb42b93007edb,c82b97ad00f6e91a,2.5,1,0.0,0.0,5,7453d8f230dd1ef7fc361e23f107762c1d6acd102f692da6cec81296535d87ef,common complete dates,validation,ok,467,-8690.0,-39095.0,10135.0,20270.0,2027,4054,-0.39095,-83.71520342612419,-0.21096231263383297,0.0952945507527422,-2.213791984614213,-0.41867901116731887,"conditional complete-window sum on stated capital, not live equity or intraday drawdown",0.3284261241970021,269713.09219180176,mean across entered windows; not equal-risk sizing or margin availability,467,252,0.0,0.0
NQ,mom-3,delay_stress,2354060058c8498ad69c397726d3d77068989c4f3a2a03df8d7cb42b93007edb,c82b97ad00f6e91a,2.5,1,0.0,0.0,5,7453d8f230dd1ef7fc361e23f107762c1d6acd102f692da6cec81296535d87ef,common complete dates,historical_final,ok,464,-20685.0,-50355.0,9890.0,19780.0,1978,3956,-0.50355,-108.52370689655173,-0.27347974137931036,0.14959000892236052,-1.8281952340898013,-0.5797,"conditional complete-window sum on stated capital, not live equity or intraday drawdown",0.3284392959770115,436207.8566511016,mean across entered windows; not equal-risk sizing or margin availability,464,252,0.0,0.0
NQ,mom-3,delay_stress,2354060058c8498ad69c397726d3d77068989c4f3a2a03df8d7cb42b93007edb,c82b97ad00f6e91a,2.5,1,0.0,0.0,5,7453d8f230dd1ef7fc361e23f107762c1d6acd102f692da6cec81296535d87ef,common complete dates,2016,ok,27,-685.0,-2275.0,530.0,1060.0,106,212,-0.02275,-84.25925925925925,-0.21233333333333332,0.03503454705258065,-6.060684415718537,-0.02275,"conditional complete-window sum on stated capital, not live equity or intraday drawdown",0.30246913580246915,95830.38271604938,mean across entered windows; not equal-risk sizing or margin availability,27,252,0.0,0.0
NQ,mom-3,delay_stress,2354060058c8498ad69c397726d3d77068989c4f3a2a03df8d7cb42b93007edb,c82b97ad00f6e91a,2.5,1,0.0,0.0,5,7453d8f230dd1ef7fc361e23f107762c1d6acd102f692da6cec81296535d87ef,common complete dates,2017,ok,49,1435.0,-1925.0,1120.0,2240.0,224,448,-0.01925,-39.285714285714285,-0.099,0.024493213345741303,-4.041935968242949,-0.0195,"conditional complete-window sum on stated capital, not live equity or intraday drawdown",0.3354591836734694,118001.1568270165,mean across entered windows; not equal-risk sizing or margin availability,49,252,0.0,0.0
NQ,mom-3,delay_stress,2354060058c8498ad69c397726d3d77068989c4f3a2a03df8d7cb42b93007edb,c82b97ad00f6e91a,2.5,1,0.0,0.0,5,7453d8f230dd1ef7fc361e23f107762c1d6acd102f692da6cec81296535d87ef,common complete dates,2018,ok,212,-485.0,-13955.0,4490.0,8980.0,898,1796,-0.13955,-65.8254716981132,-0.16588018867924528,0.04828640510398765,-3.4353393739296276,-0.1402807613528501,"conditional complete-window sum on stated capital, not live equity or intraday drawdown",0.3238011006289308,139785.7641509434,mean across entered windows; not equal-risk sizing or margin availability,212,252,0.0,0.0
NQ,mom-3,delay_stress,2354060058c8498ad69c397726d3d77068989c4f3a2a03df8d7cb42b93007edb,c82b97ad00f6e91a,2.5,1,0.0,0.0,5,7453d8f230dd1ef7fc361e23f107762c1d6acd102f692da6cec81296535d87ef,common complete dates,2019,ok,220,-1795.0,-16345.0,4850.0,9700.0,970,1940,-0.16345,-74.29545454545455,-0.18722454545454545,0.04085953765718787,-4.582150366589123,-0.1635,"conditional complete-window sum on stated capital, not live equity or intraday drawdown",0.3252840909090909,151406.01038961037,mean across entered windows; not equal-risk sizing or margin availability,220,252,0.0,0.0
NQ,mom-3,delay_stress,2354060058c8498ad69c397726d3d77068989c4f3a2a03df8d7cb42b93007edb,c82b97ad00f6e91a,2.5,1,0.0,0.0,5,7453d8f230dd1ef7fc361e23f107762c1d6acd102f692da6cec81296535d87ef,common complete dates,2020,ok,233,-2425.0,-17755.0,5110.0,10220.0,1022,2044,-0.17755,-76.20171673819742,-0.1920283261802575,0.0839925407373275,-2.286254523253365,-0.18034098295085246,"conditional complete-window sum on stated capital, not live equity or intraday drawdown",0.325912017167382,205817.15491518495,mean across entered windows; not equal-risk sizing or margin availability,233,252,0.0,0.0
NQ,mom-3,delay_stress,2354060058c8498ad69c397726d3d77068989c4f3a2a03df8d7cb42b93007edb,c82b97ad00f6e91a,2.5,1,0.0,0.0,5,7453d8f230dd1ef7fc361e23f107762c1d6acd102f692da6cec81296535d87ef,common complete dates,2021,ok,229,-14300.0,-29705.0,5135.0,10270.0,1027,2054,-0.29705,-129.71615720524017,-0.3268847161572052,0.07878036716268394,-4.149316992673796,-0.30445,"conditional complete-window sum on stated capital, not live equity or intraday drawdown",0.3337882096069869,288924.59248284466,mean across entered windows; not equal-risk sizing or margin availability,229,252,0.0,0.0
NQ,mom-3,delay_stress,2354060058c8498ad69c397726d3d77068989c4f3a2a03df8d7cb42b93007edb,c82b97ad00f6e91a,2.5,1,0.0,0.0,5,7453d8f230dd1ef7fc361e23f107762c1d6acd102f692da6cec81296535d87ef,common complete dates,2022,ok,239,355.0,-15200.0,5185.0,10370.0,1037,2074,-0.152,-63.59832635983263,-0.16026778242677825,0.11675288629529489,-1.3727093822881962,-0.20215710604180587,"conditional complete-window sum on stated capital, not live equity or intraday drawdown",0.32792887029288703,256734.68776150627,mean across entered windows; not equal-risk sizing or margin availability,239,252,0.0,0.0
NQ,mom-3,delay_stress,2354060058c8498ad69c397726d3d77068989c4f3a2a03df8d7cb42b93007edb,c82b97ad00f6e91a,2.5,1,0.0,0.0,5,7453d8f230dd1ef7fc361e23f107762c1d6acd102f692da6cec81296535d87ef,common complete dates,2023,ok,228,-9045.0,-23895.0,4950.0,9900.0,990,1980,-0.23895,-104.80263157894737,-0.26410263157894737,0.06579046186992607,-4.014299703520901,-0.23895,"conditional complete-window sum on stated capital, not live equity or intraday drawdown",0.32894736842105265,283317.64771303255,mean across entered windows; not equal-risk sizing or margin availability,228,252,0.0,0.0
NQ,mom-3,delay_stress,2354060058c8498ad69c397726d3d77068989c4f3a2a03df8d7cb42b93007edb,c82b97ad00f6e91a,2.5,1,0.0,0.0,5,7453d8f230dd1ef7fc361e23f107762c1d6acd102f692da6cec81296535d87ef,common complete dates,2024,ok,213,-17305.0,-31540.0,4745.0,9490.0,949,1898,-0.3154,-148.07511737089203,-0.3731492957746479,0.0940436533551337,-3.967830709059521,-0.3189,"conditional complete-window sum on stated capital, not live equity or intraday drawdown",0.3315727699530516,381246.16507377604,mean across entered windows; not equal-risk sizing or margin availability,213,252,0.0,0.0
NQ,mom-3,delay_stress,2354060058c8498ad69c397726d3d77068989c4f3a2a03df8d7cb42b93007edb,c82b97ad00f6e91a,2.5,1,0.0,0.0,5,7453d8f230dd1ef7fc361e23f107762c1d6acd102f692da6cec81296535d87ef,common complete dates,2025,ok,142,-17160.0,-26025.0,2955.0,5910.0,591,1182,-0.26025,-183.27464788732394,-0.4618521126760563,0.1854952840614824,-2.489832100114068,-0.2855141090065713,"conditional complete-window sum on stated capital, not live equity or intraday drawdown",0.3261443661971831,441337.38950368884,mean across entered windows; not equal-risk sizing or margin availability,142,252,0.0,0.0
NQ,mom-3,delay_stress,2354060058c8498ad69c397726d3d77068989c4f3a2a03df8d7cb42b93007edb,c82b97ad00f6e91a,2.5,1,0.0,0.0,5,7453d8f230dd1ef7fc361e23f107762c1d6acd102f692da6cec81296535d87ef,common complete dates,2026,ok,109,13780.0,7210.0,2190.0,4380.0,438,876,0.0721,66.14678899082568,0.1666899082568807,0.18058196399046736,0.9230706354798537,-0.06791306379995327,"conditional complete-window sum on stated capital, not live equity or intraday drawdown",0.3253058103975535,536927.5506043396,mean across entered windows; not equal-risk sizing or margin availability,109,252,0.0,0.0
NQ,mom-3,combined_stress,2354060058c8498ad69c397726d3d77068989c4f3a2a03df8d7cb42b93007edb,e0a8ad1411089375,5.0,2,0.0,0.0,5,7453d8f230dd1ef7fc361e23f107762c1d6acd102f692da6cec81296535d87ef,common complete dates,whole,ok,1901,-47630.0,-295190.0,82520.0,165040.0,8252,16504,-2.9519,-155.2814308258811,-0.3913092056812204,0.09921351349952709,-3.944111964980311,-3.0114,"conditional complete-window sum on stated capital, not live equity or intraday drawdown",0.327700333157987,270272.99822044367,mean across entered windows; not equal-risk sizing or margin availability,1901,252,0.0,0.0
NQ,mom-3,combined_stress,2354060058c8498ad69c397726d3d77068989c4f3a2a03df8d7cb42b93007edb,e0a8ad1411089375,5.0,2,0.0,0.0,5,7453d8f230dd1ef7fc361e23f107762c1d6acd102f692da6cec81296535d87ef,common complete dates,development,ok,970,-18255.0,-145665.0,42470.0,84940.0,4247,8494,-1.45665,-150.1701030927835,-0.3784286597938144,0.06444604564669353,-5.872022961167209,-1.4576,"conditional complete-window sum on stated capital, not live equity or intraday drawdown",0.3269974226804124,191167.5361622484,mean across entered windows; not equal-risk sizing or margin availability,970,252,0.0,0.0
NQ,mom-3,combined_stress,2354060058c8498ad69c397726d3d77068989c4f3a2a03df8d7cb42b93007edb,e0a8ad1411089375,5.0,2,0.0,0.0,5,7453d8f230dd1ef7fc361e23f107762c1d6acd102f692da6cec81296535d87ef,common complete dates,validation,ok,467,-8690.0,-69500.0,20270.0,40540.0,2027,4054,-0.695,-148.82226980728052,-0.37503211991434693,0.09551858836082819,-3.9262736850510893,-0.7055558237196505,"conditional complete-window sum on stated capital, not live equity or intraday drawdown",0.3284261241970021,269713.09219180176,mean across entered windows; not equal-risk sizing or margin availability,467,252,0.0,0.0
NQ,mom-3,combined_stress,2354060058c8498ad69c397726d3d77068989c4f3a2a03df8d7cb42b93007edb,e0a8ad1411089375,5.0,2,0.0,0.0,5,7453d8f230dd1ef7fc361e23f107762c1d6acd102f692da6cec81296535d87ef,common complete dates,historical_final,ok,464,-20685.0,-80025.0,19780.0,39560.0,1978,3956,-0.80025,-172.4676724137931,-0.43461853448275867,0.15002876086963501,-2.896901447185938,-0.85975,"conditional complete-window sum on stated capital, not live equity or intraday drawdown",0.3284392959770115,436207.8566511016,mean across entered windows; not equal-risk sizing or margin availability,464,252,0.0,0.0
NQ,mom-3,combined_stress,2354060058c8498ad69c397726d3d77068989c4f3a2a03df8d7cb42b93007edb,e0a8ad1411089375,5.0,2,0.0,0.0,5,7453d8f230dd1ef7fc361e23f107762c1d6acd102f692da6cec81296535d87ef,common complete dates,2016,ok,27,-685.0,-3865.0,1060.0,2120.0,106,212,-0.03865,-143.14814814814815,-0.36073333333333335,0.035178417042854924,-10.254393564493881,-0.03865,"conditional complete-window sum on stated capital, not live equity or intraday drawdown",0.30246913580246915,95830.38271604938,mean across entered windows; not equal-risk sizing or margin availability,27,252,0.0,0.0
NQ,mom-3,combined_stress,2354060058c8498ad69c397726d3d77068989c4f3a2a03df8d7cb42b93007edb,e0a8ad1411089375,5.0,2,0.0,0.0,5,7453d8f230dd1ef7fc361e23f107762c1d6acd102f692da6cec81296535d87ef,common complete dates,2017,ok,49,1435.0,-5285.0,2240.0,4480.0,224,448,-0.05285,-107.85714285714286,-0.2718,0.025368188741019728,-10.714205999283907,-0.05285,"conditional complete-window sum on stated capital, not live equity or intraday drawdown",0.3354591836734694,118001.1568270165,mean across entered windows; not equal-risk sizing or margin availability,49,252,0.0,0.0
NQ,mom-3,combined_stress,2354060058c8498ad69c397726d3d77068989c4f3a2a03df8d7cb42b93007edb,e0a8ad1411089375,5.0,2,0.0,0.0,5,7453d8f230dd1ef7fc361e23f107762c1d6acd102f692da6cec81296535d87ef,common complete dates,2018,ok,212,-485.0,-27425.0,8980.0,17960.0,898,1796,-0.27425,-129.36320754716982,-0.32599528301886793,0.04858747832918461,-6.709450546295491,-0.27432256774322566,"conditional complete-window sum on stated capital, not live equity or intraday drawdown",0.3238011006289308,139785.7641509434,mean across entered windows; not equal-risk sizing or margin availability,212,252,0.0,0.0
NQ,mom-3,combined_stress,2354060058c8498ad69c397726d3d77068989c4f3a2a03df8d7cb42b93007edb,e0a8ad1411089375,5.0,2,0.0,0.0,5,7453d8f230dd1ef7fc361e23f107762c1d6acd102f692da6cec81296535d87ef,common complete dates,2019,ok,220,-1795.0,-30895.0,9700.0,19400.0,970,1940,-0.30895,-140.4318181818182,-0.3538881818181818,0.04126296316179506,-8.576412227850934,-0.30895,"conditional complete-window sum on stated capital, not live equity or intraday drawdown",0.3252840909090909,151406.01038961037,mean across entered windows; not equal-risk sizing or margin availability,220,252,0.0,0.0
NQ,mom-3,combined_stress,2354060058c8498ad69c397726d3d77068989c4f3a2a03df8d7cb42b93007edb,e0a8ad1411089375,5.0,2,0.0,0.0,5,7453d8f230dd1ef7fc361e23f107762c1d6acd102f692da6cec81296535d87ef,common complete dates,2020,ok,233,-2425.0,-33085.0,10220.0,20440.0,1022,2044,-0.33085,-141.99570815450645,-0.35782918454935625,0.08419764269705365,-4.249871767037938,-0.33085,"conditional complete-window sum on stated capital, not live equity or intraday drawdown",0.325912017167382,205817.15491518495,mean across entered windows; not equal-risk sizing or margin availability,233,252,0.0,0.0
NQ,mom-3,combined_stress,2354060058c8498ad69c397726d3d77068989c4f3a2a03df8d7cb42b93007edb,e0a8ad1411089375,5.0,2,0.0,0.0,5,7453d8f230dd1ef7fc361e23f107762c1d6acd102f692da6cec81296535d87ef,common complete dates,2021,ok,229,-14300.0,-45110.0,10270.0,20540.0,1027,2054,-0.4511,-196.9868995633188,-0.49640698689956336,0.07913051644276231,-6.273268635351706,-0.45205,"conditional complete-window sum on stated capital, not live equity or intraday drawdown",0.3337882096069869,288924.59248284466,mean across entered windows; not equal-risk sizing or margin availability,229,252,0.0,0.0
NQ,mom-3,combined_stress,2354060058c8498ad69c397726d3d77068989c4f3a2a03df8d7cb42b93007edb,e0a8ad1411089375,5.0,2,0.0,0.0,5,7453d8f230dd1ef7fc361e23f107762c1d6acd102f692da6cec81296535d87ef,common complete dates,2022,ok,239,355.0,-30755.0,10370.0,20740.0,1037,2074,-0.30755,-128.68200836820083,-0.32427866108786607,0.116832169144397,-2.7755939435403167,-0.3405898537433026,"conditional complete-window sum on stated capital, not live equity or intraday drawdown",0.32792887029288703,256734.68776150627,mean across entered windows; not equal-risk sizing or margin availability,239,252,0.0,0.0
NQ,mom-3,combined_stress,2354060058c8498ad69c397726d3d77068989c4f3a2a03df8d7cb42b93007edb,e0a8ad1411089375,5.0,2,0.0,0.0,5,7453d8f230dd1ef7fc361e23f107762c1d6acd102f692da6cec81296535d87ef,common complete dates,2023,ok,228,-9045.0,-38745.0,9900.0,19800.0,990,1980,-0.38745,-169.93421052631578,-0.4282342105263158,0.0663074319304707,-6.4583139183456515,-0.38745,"conditional complete-window sum on stated capital, not live equity or intraday drawdown",0.32894736842105265,283317.64771303255,mean across entered windows; not equal-risk sizing or margin availability,228,252,0.0,0.0
NQ,mom-3,combined_stress,2354060058c8498ad69c397726d3d77068989c4f3a2a03df8d7cb42b93007edb,e0a8ad1411089375,5.0,2,0.0,0.0,5,7453d8f230dd1ef7fc361e23f107762c1d6acd102f692da6cec81296535d87ef,common complete dates,2024,ok,213,-17305.0,-45775.0,9490.0,18980.0,949,1898,-0.45775,-214.906103286385,-0.5415633802816902,0.09436187901232213,-5.73921784888335,-0.46065,"conditional complete-window sum on stated capital, not live equity or intraday drawdown",0.3315727699530516,381246.16507377604,mean across entered windows; not equal-risk sizing or margin availability,213,252,0.0,0.0
NQ,mom-3,combined_stress,2354060058c8498ad69c397726d3d77068989c4f3a2a03df8d7cb42b93007edb,e0a8ad1411089375,5.0,2,0.0,0.0,5,7453d8f230dd1ef7fc361e23f107762c1d6acd102f692da6cec81296535d87ef,common complete dates,2025,ok,142,-17160.0,-34890.0,5910.0,11820.0,591,1182,-0.3489,-245.70422535211267,-0.619174647887324,0.18614075024885463,-3.326378813126837,-0.3652140001949888,"conditional complete-window sum on stated capital, not live equity or intraday drawdown",0.3261443661971831,441337.38950368884,mean across entered windows; not equal-risk sizing or margin availability,142,252,0.0,0.0
NQ,mom-3,combined_stress,2354060058c8498ad69c397726d3d77068989c4f3a2a03df8d7cb42b93007edb,e0a8ad1411089375,5.0,2,0.0,0.0,5,7453d8f230dd1ef7fc361e23f107762c1d6acd102f692da6cec81296535d87ef,common complete dates,2026,ok,109,13780.0,640.0,4380.0,8760.0,438,876,0.0064,5.871559633027523,0.01479633027522936,0.18084598377374822,0.0818173009235343,-0.10395079252424888,"conditional complete-window sum on stated capital, not live equity or intraday drawdown",0.3253058103975535,536927.5506043396,mean across entered windows; not equal-risk sizing or margin availability,109,252,0.0,0.0
NQ,mom-6,base,2354060058c8498ad69c397726d3d77068989c4f3a2a03df8d7cb42b93007edb,d431ee2460e85c92,2.5,1,0.0,0.0,1,7453d8f230dd1ef7fc361e23f107762c1d6acd102f692da6cec81296535d87ef,common complete dates,whole,ok,1901,-5180.0,-99245.0,31355.0,62710.0,6271,12542,-0.99245,-52.20673329826407,-0.13156096791162544,0.10591679655921611,-1.2421161910620302,-1.09315,"conditional complete-window sum on stated capital, not live equity or intraday drawdown",0.3489939505523409,270220.5219924812,mean across entered windows; not equal-risk sizing or margin availability,1901,252,0.0,0.0
NQ,mom-6,base,2354060058c8498ad69c397726d3d77068989c4f3a2a03df8d7cb42b93007edb,d431ee2460e85c92,2.5,1,0.0,0.0,1,7453d8f230dd1ef7fc361e23f107762c1d6acd102f692da6cec81296535d87ef,common complete dates,development,ok,970,-10870.0,-59305.0,16145.0,32290.0,3229,6458,-0.59305,-61.13917525773196,-0.15407072164948452,0.06703525979863247,-2.298353465210672,-0.6131,"conditional complete-window sum on stated capital, not live equity or intraday drawdown",0.35066580756013743,191164.07029946,mean across entered windows; not equal-risk sizing or margin availability,970,252,0.0,0.0
NQ,mom-6,base,2354060058c8498ad69c397726d3d77068989c4f3a2a03df8d7cb42b93007edb,d431ee2460e85c92,2.5,1,0.0,0.0,1,7453d8f230dd1ef7fc361e23f107762c1d6acd102f692da6cec81296535d87ef,common complete dates,validation,ok,467,-1755.0,-24255.0,7500.0,15000.0,1500,3000,-0.24255,-51.937901498929335,-0.13088351177730193,0.09980947638163422,-1.3113335178400514,-0.3105097717643843,"conditional complete-window sum on stated capital, not live equity or intraday drawdown",0.346627408993576,269704.32769960235,mean across entered windows; not equal-risk sizing or margin availability,467,252,0.0,0.0
NQ,mom-6,base,2354060058c8498ad69c397726d3d77068989c4f3a2a03df8d7cb42b93007edb,d431ee2460e85c92,2.5,1,0.0,0.0,1,7453d8f230dd1ef7fc361e23f107762c1d6acd102f692da6cec81296535d87ef,common complete dates,historical_final,ok,464,7445.0,-15685.0,7710.0,15420.0,1542,3084,-0.15685,-33.803879310344826,-0.08518577586206895,0.16307193420641997,-0.5223815874670313,-0.28039738308698814,"conditional complete-window sum on stated capital, not live equity or intraday drawdown",0.3478807471264368,436367.003368302,mean across entered windows; not equal-risk sizing or margin availability,464,252,0.0,0.0
NQ,mom-6,base,2354060058c8498ad69c397726d3d77068989c4f3a2a03df8d7cb42b93007edb,d431ee2460e85c92,2.5,1,0.0,0.0,1,7453d8f230dd1ef7fc361e23f107762c1d6acd102f692da6cec81296535d87ef,common complete dates,2016,ok,27,-745.0,-1945.0,400.0,800.0,80,160,-0.01945,-72.03703703703704,-0.18153333333333332,0.02775443600487529,-6.540696172008163,-0.01945,"conditional complete-window sum on stated capital, not live equity or intraday drawdown",0.30864197530864196,95835.06172839506,mean across entered windows; not equal-risk sizing or margin availability,27,252,0.0,0.0
NQ,mom-6,base,2354060058c8498ad69c397726d3d77068989c4f3a2a03df8d7cb42b93007edb,d431ee2460e85c92,2.5,1,0.0,0.0,1,7453d8f230dd1ef7fc361e23f107762c1d6acd102f692da6cec81296535d87ef,common complete dates,2017,ok,49,1530.0,-915.0,815.0,1630.0,163,326,-0.00915,-18.6734693877551,-0.04705714285714285,0.02499330624673049,-1.882789831509333,-0.013808574277168495,"conditional complete-window sum on stated capital, not live equity or intraday drawdown",0.3677721088435374,117999.5631681244,mean across entered windows; not equal-risk sizing or margin availability,49,252,0.0,0.0
NQ,mom-6,base,2354060058c8498ad69c397726d3d77068989c4f3a2a03df8d7cb42b93007edb,d431ee2460e85c92,2.5,1,0.0,0.0,1,7453d8f230dd1ef7fc361e23f107762c1d6acd102f692da6cec81296535d87ef,common complete dates,2018,ok,212,3585.0,-6495.0,3360.0,6720.0,672,1344,-0.06495,-30.63679245283019,-0.07720471698113207,0.04681349117083934,-1.649198020702711,-0.08032868525896414,"conditional complete-window sum on stated capital, not live equity or intraday drawdown",0.34856525157232704,139772.45283018867,mean across entered windows; not equal-risk sizing or margin availability,212,252,0.0,0.0
NQ,mom-6,base,2354060058c8498ad69c397726d3d77068989c4f3a2a03df8d7cb42b93007edb,d431ee2460e85c92,2.5,1,0.0,0.0,1,7453d8f230dd1ef7fc361e23f107762c1d6acd102f692da6cec81296535d87ef,common complete dates,2019,ok,220,-250.0,-11200.0,3650.0,7300.0,730,1460,-0.112,-50.90909090909091,-0.12829090909090907,0.043583925138869564,-2.9435372945906404,-0.11385,"conditional complete-window sum on stated capital, not live equity or intraday drawdown",0.3535037878787879,151398.670508658,mean across entered windows; not equal-risk sizing or margin availability,220,252,0.0,0.0
NQ,mom-6,base,2354060058c8498ad69c397726d3d77068989c4f3a2a03df8d7cb42b93007edb,d431ee2460e85c92,2.5,1,0.0,0.0,1,7453d8f230dd1ef7fc361e23f107762c1d6acd102f692da6cec81296535d87ef,common complete dates,2020,ok,233,-10740.0,-22740.0,4000.0,8000.0,800,1600,-0.2274,-97.59656652360515,-0.24594334763948497,0.09128877501026103,-2.6941247443822145,-0.23099575742450712,"conditional complete-window sum on stated capital, not live equity or intraday drawdown",0.34719241773962806,205826.2213876967,mean across entered windows; not equal-risk sizing or margin availability,233,252,0.0,0.0
NQ,mom-6,base,2354060058c8498ad69c397726d3d77068989c4f3a2a03df8d7cb42b93007edb,d431ee2460e85c92,2.5,1,0.0,0.0,1,7453d8f230dd1ef7fc361e23f107762c1d6acd102f692da6cec81296535d87ef,common complete dates,2021,ok,229,-4250.0,-16010.0,3920.0,7840.0,784,1568,-0.1601,-69.91266375545851,-0.17617991266375543,0.08047247693331577,-2.1893188749458834,-0.18451285621922714,"conditional complete-window sum on stated capital, not live equity or intraday drawdown",0.35471251819505095,288919.85080058227,mean across entered windows; not equal-risk sizing or margin availability,229,252,0.0,0.0
NQ,mom-6,base,2354060058c8498ad69c397726d3d77068989c4f3a2a03df8d7cb42b93007edb,d431ee2460e85c92,2.5,1,0.0,0.0,1,7453d8f230dd1ef7fc361e23f107762c1d6acd102f692da6cec81296535d87ef,common complete dates,2022,ok,239,4125.0,-7020.0,3715.0,7430.0,743,1486,-0.0702,-29.372384937238493,-0.07401841004184101,0.12144992687473474,-0.6094561927417602,-0.21051432736549588,"conditional complete-window sum on stated capital, not live equity or intraday drawdown",0.3427475592747559,256717.4773361227,mean across entered windows; not equal-risk sizing or margin availability,239,252,0.0,0.0
NQ,mom-6,base,2354060058c8498ad69c397726d3d77068989c4f3a2a03df8d7cb42b93007edb,d431ee2460e85c92,2.5,1,0.0,0.0,1,7453d8f230dd1ef7fc361e23f107762c1d6acd102f692da6cec81296535d87ef,common complete dates,2023,ok,228,-5880.0,-17235.0,3785.0,7570.0,757,1514,-0.17235,-75.59210526315789,-0.19049210526315788,0.0704128272147795,-2.7053608383327923,-0.18168324179902035,"conditional complete-window sum on stated capital, not live equity or intraday drawdown",0.3506944444444444,283317.7366332498,mean across entered windows; not equal-risk sizing or margin availability,228,252,0.0,0.0
NQ,mom-6,base,2354060058c8498ad69c397726d3d77068989c4f3a2a03df8d7cb42b93007edb,d431ee2460e85c92,2.5,1,0.0,0.0,1,7453d8f230dd1ef7fc361e23f107762c1d6acd102f692da6cec81296535d87ef,common complete dates,2024,ok,213,-2815.0,-13795.0,3660.0,7320.0,732,1464,-0.13795,-64.76525821596245,-0.16320845070422538,0.09004739014963785,-1.8124728593800536,-0.16564090138114854,"conditional complete-window sum on stated capital, not live equity or intraday drawdown",0.34927621283255084,381291.3351864331,mean across entered windows; not equal-risk sizing or margin availability,213,252,0.0,0.0
NQ,mom-6,base,2354060058c8498ad69c397726d3d77068989c4f3a2a03df8d7cb42b93007edb,d431ee2460e85c92,2.5,1,0.0,0.0,1,7453d8f230dd1ef7fc361e23f107762c1d6acd102f692da6cec81296535d87ef,common complete dates,2025,ok,142,330.0,-6570.0,2300.0,4600.0,460,920,-0.0657,-46.267605633802816,-0.11659436619718311,0.21336762418568636,-0.5464482563470601,-0.11155725412413527,"conditional complete-window sum on stated capital, not live equity or intraday drawdown",0.3477112676056338,441363.1965962441,mean across entered windows; not equal-risk sizing or margin availability,142,252,0.0,0.0
NQ,mom-6,base,2354060058c8498ad69c397726d3d77068989c4f3a2a03df8d7cb42b93007edb,d431ee2460e85c92,2.5,1,0.0,0.0,1,7453d8f230dd1ef7fc361e23f107762c1d6acd102f692da6cec81296535d87ef,common complete dates,2026,ok,109,9930.0,4680.0,1750.0,3500.0,350,700,0.0468,42.93577981651376,0.10819816513761467,0.19607942471128137,0.5518078467280894,-0.14170371042365962,"conditional complete-window sum on stated capital, not live equity or intraday drawdown",0.34537461773700306,536977.8493883791,mean across entered windows; not equal-risk sizing or margin availability,109,252,0.0,0.0
NQ,mom-6,gross_reference,2354060058c8498ad69c397726d3d77068989c4f3a2a03df8d7cb42b93007edb,9c8b910a94c6c482,0.0,0,0.0,0.0,1,7453d8f230dd1ef7fc361e23f107762c1d6acd102f692da6cec81296535d87ef,common complete dates,whole,ok,1901,-5180.0,-5180.0,0.0,0.0,6271,12542,-0.0518,-2.724881641241452,-0.006866701735928458,0.10521512184905062,-0.06526344897247695,-0.25674217907227614,"conditional complete-window sum on stated capital, not live equity or intraday drawdown",0.3489939505523409,270220.5219924812,mean across entered windows; not equal-risk sizing or margin availability,1901,252,0.0,0.0
NQ,mom-6,gross_reference,2354060058c8498ad69c397726d3d77068989c4f3a2a03df8d7cb42b93007edb,9c8b910a94c6c482,0.0,0,0.0,0.0,1,7453d8f230dd1ef7fc361e23f107762c1d6acd102f692da6cec81296535d87ef,common complete dates,development,ok,970,-10870.0,-10870.0,0.0,0.0,3229,6458,-0.1087,-11.206185567010309,-0.028239587628865977,0.06637204514323876,-0.4254741219427787,-0.19970920688523053,"conditional complete-window sum on stated capital, not live equity or intraday drawdown",0.35066580756013743,191164.07029946,mean across entered windows; not equal-risk sizing or margin availability,970,252,0.0,0.0
NQ,mom-6,gross_reference,2354060058c8498ad69c397726d3d77068989c4f3a2a03df8d7cb42b93007edb,9c8b910a94c6c482,0.0,0,0.0,0.0,1,7453d8f230dd1ef7fc361e23f107762c1d6acd102f692da6cec81296535d87ef,common complete dates,validation,ok,467,-1755.0,-1755.0,0.0,0.0,1500,3000,-0.01755,-3.7580299785867237,-0.009470235546038543,0.09893258951946071,-0.09572412480091491,-0.1563758085674221,"conditional complete-window sum on stated capital, not live equity or intraday drawdown",0.346627408993576,269704.32769960235,mean across entered windows; not equal-risk sizing or margin availability,467,252,0.0,0.0
NQ,mom-6,gross_reference,2354060058c8498ad69c397726d3d77068989c4f3a2a03df8d7cb42b93007edb,9c8b910a94c6c482,0.0,0,0.0,0.0,1,7453d8f230dd1ef7fc361e23f107762c1d6acd102f692da6cec81296535d87ef,common complete dates,historical_final,ok,464,7445.0,7445.0,0.0,0.0,1542,3084,0.07445,16.045258620689655,0.04043405172413793,0.16231184232008936,0.24911338042974948,-0.15701569239240157,"conditional complete-window sum on stated capital, not live equity or intraday drawdown",0.3478807471264368,436367.003368302,mean across entered windows; not equal-risk sizing or margin availability,464,252,0.0,0.0
NQ,mom-6,gross_reference,2354060058c8498ad69c397726d3d77068989c4f3a2a03df8d7cb42b93007edb,9c8b910a94c6c482,0.0,0,0.0,0.0,1,7453d8f230dd1ef7fc361e23f107762c1d6acd102f692da6cec81296535d87ef,common complete dates,2016,ok,27,-745.0,-745.0,0.0,0.0,80,160,-0.00745,-27.59259259259259,-0.06953333333333334,0.02676249288913545,-2.598163542588411,-0.009142685851318945,"conditional complete-window sum on stated capital, not live equity or intraday drawdown",0.30864197530864196,95835.06172839506,mean across entered windows; not equal-risk sizing or margin availability,27,252,0.0,0.0
NQ,mom-6,gross_reference,2354060058c8498ad69c397726d3d77068989c4f3a2a03df8d7cb42b93007edb,9c8b910a94c6c482,0.0,0,0.0,0.0,1,7453d8f230dd1ef7fc361e23f107762c1d6acd102f692da6cec81296535d87ef,common complete dates,2017,ok,49,1530.0,1530.0,0.0,0.0,163,326,0.0153,31.224489795918366,0.07868571428571429,0.023939040886623433,3.2869200841576736,-0.006354053787804157,"conditional complete-window sum on stated capital, not live equity or intraday drawdown",0.3677721088435374,117999.5631681244,mean across entered windows; not equal-risk sizing or margin availability,49,252,0.0,0.0
NQ,mom-6,gross_reference,2354060058c8498ad69c397726d3d77068989c4f3a2a03df8d7cb42b93007edb,9c8b910a94c6c482,0.0,0,0.0,0.0,1,7453d8f230dd1ef7fc361e23f107762c1d6acd102f692da6cec81296535d87ef,common complete dates,2018,ok,212,3585.0,3585.0,0.0,0.0,672,1344,0.03585,16.910377358490567,0.042614150943396226,0.046165219088626114,0.9230791445305896,-0.037563787563787567,"conditional complete-window sum on stated capital, not live equity or intraday drawdown",0.34856525157232704,139772.45283018867,mean across entered windows; not equal-risk sizing or margin availability,212,252,0.0,0.0
NQ,mom-6,gross_reference,2354060058c8498ad69c397726d3d77068989c4f3a2a03df8d7cb42b93007edb,9c8b910a94c6c482,0.0,0,0.0,0.0,1,7453d8f230dd1ef7fc361e23f107762c1d6acd102f692da6cec81296535d87ef,common complete dates,2019,ok,220,-250.0,-250.0,0.0,0.0,730,1460,-0.0025,-1.1363636363636365,-0.0028636363636363638,0.04289983453625268,-0.06675168784663811,-0.04005,"conditional complete-window sum on stated capital, not live equity or intraday drawdown",0.3535037878787879,151398.670508658,mean across entered windows; not equal-risk sizing or margin availability,220,252,0.0,0.0
NQ,mom-6,gross_reference,2354060058c8498ad69c397726d3d77068989c4f3a2a03df8d7cb42b93007edb,9c8b910a94c6c482,0.0,0,0.0,0.0,1,7453d8f230dd1ef7fc361e23f107762c1d6acd102f692da6cec81296535d87ef,common complete dates,2020,ok,233,-10740.0,-10740.0,0.0,0.0,800,1600,-0.1074,-46.09442060085837,-0.1161579399141631,0.09064975125147079,-1.2813928147682419,-0.14387680273771694,"conditional complete-window sum on stated capital, not live equity or intraday drawdown",0.34719241773962806,205826.2213876967,mean across entered windows; not equal-risk sizing or margin availability,233,252,0.0,0.0
NQ,mom-6,gross_reference,2354060058c8498ad69c397726d3d77068989c4f3a2a03df8d7cb42b93007edb,9c8b910a94c6c482,0.0,0,0.0,0.0,1,7453d8f230dd1ef7fc361e23f107762c1d6acd102f692da6cec81296535d87ef,common complete dates,2021,ok,229,-4250.0,-4250.0,0.0,0.0,784,1568,-0.0425,-18.558951965065503,-0.046768558951965064,0.0797127115774985,-0.5867139384224263,-0.08636024844720497,"conditional complete-window sum on stated capital, not live equity or intraday drawdown",0.35471251819505095,288919.85080058227,mean across entered windows; not equal-risk sizing or margin availability,229,252,0.0,0.0
NQ,mom-6,gross_reference,2354060058c8498ad69c397726d3d77068989c4f3a2a03df8d7cb42b93007edb,9c8b910a94c6c482,0.0,0,0.0,0.0,1,7453d8f230dd1ef7fc361e23f107762c1d6acd102f692da6cec81296535d87ef,common complete dates,2022,ok,239,4125.0,4125.0,0.0,0.0,743,1486,0.04125,17.259414225941423,0.04349372384937239,0.12051104265960137,0.36091069241037016,-0.1563758085674221,"conditional complete-window sum on stated capital, not live equity or intraday drawdown",0.3427475592747559,256717.4773361227,mean across entered windows; not equal-risk sizing or margin availability,239,252,0.0,0.0
NQ,mom-6,gross_reference,2354060058c8498ad69c397726d3d77068989c4f3a2a03df8d7cb42b93007edb,9c8b910a94c6c482,0.0,0,0.0,0.0,1,7453d8f230dd1ef7fc361e23f107762c1d6acd102f692da6cec81296535d87ef,common complete dates,2023,ok,228,-5880.0,-5880.0,0.0,0.0,757,1514,-0.0588,-25.789473684210527,-0.06498947368421053,0.06958486337718776,-0.9339599236105742,-0.08649358226371062,"conditional complete-window sum on stated capital, not live equity or intraday drawdown",0.3506944444444444,283317.7366332498,mean across entered windows; not equal-risk sizing or margin availability,228,252,0.0,0.0
NQ,mom-6,gross_reference,2354060058c8498ad69c397726d3d77068989c4f3a2a03df8d7cb42b93007edb,9c8b910a94c6c482,0.0,0,0.0,0.0,1,7453d8f230dd1ef7fc361e23f107762c1d6acd102f692da6cec81296535d87ef,common complete dates,2024,ok,213,-2815.0,-2815.0,0.0,0.0,732,1464,-0.02815,-13.215962441314554,-0.03330422535211267,0.08922618798820924,-0.37325617179245235,-0.10966321005781408,"conditional complete-window sum on stated capital, not live equity or intraday drawdown",0.34927621283255084,381291.3351864331,mean across entered windows; not equal-risk sizing or margin availability,213,252,0.0,0.0
NQ,mom-6,gross_reference,2354060058c8498ad69c397726d3d77068989c4f3a2a03df8d7cb42b93007edb,9c8b910a94c6c482,0.0,0,0.0,0.0,1,7453d8f230dd1ef7fc361e23f107762c1d6acd102f692da6cec81296535d87ef,common complete dates,2025,ok,142,330.0,330.0,0.0,0.0,460,920,0.0033,2.323943661971831,0.005856338028169015,0.21260960817884275,0.027545029965168766,-0.09058162432159839,"conditional complete-window sum on stated capital, not live equity or intraday drawdown",0.3477112676056338,441363.1965962441,mean across entered windows; not equal-risk sizing or margin availability,142,252,0.0,0.0
NQ,mom-6,gross_reference,2354060058c8498ad69c397726d3d77068989c4f3a2a03df8d7cb42b93007edb,9c8b910a94c6c482,0.0,0,0.0,0.0,1,7453d8f230dd1ef7fc361e23f107762c1d6acd102f692da6cec81296535d87ef,common complete dates,2026,ok,109,9930.0,9930.0,0.0,0.0,350,700,0.0993,91.10091743119266,0.22957431192660552,0.1952124761406878,1.176022744371899,-0.11692922121144886,"conditional complete-window sum on stated capital, not live equity or intraday drawdown",0.34537461773700306,536977.8493883791,mean across entered windows; not equal-risk sizing or margin availability,109,252,0.0,0.0
NQ,mom-6,cost_stress,2354060058c8498ad69c397726d3d77068989c4f3a2a03df8d7cb42b93007edb,239fe8ef7145c0b9,5.0,2,0.0,0.0,1,7453d8f230dd1ef7fc361e23f107762c1d6acd102f692da6cec81296535d87ef,common complete dates,whole,ok,1901,-5180.0,-193310.0,62710.0,125420.0,6271,12542,-1.9331,-101.68858495528669,-0.2562552340873224,0.10669271036852518,-2.401806395227906,-2.0302,"conditional complete-window sum on stated capital, not live equity or intraday drawdown",0.3489939505523409,270220.5219924812,mean across entered windows; not equal-risk sizing or margin availability,1901,252,0.0,0.0
NQ,mom-6,cost_stress,2354060058c8498ad69c397726d3d77068989c4f3a2a03df8d7cb42b93007edb,239fe8ef7145c0b9,5.0,2,0.0,0.0,1,7453d8f230dd1ef7fc361e23f107762c1d6acd102f692da6cec81296535d87ef,common complete dates,development,ok,970,-10870.0,-107740.0,32290.0,64580.0,3229,6458,-1.0774,-111.0721649484536,-0.2799018556701031,0.0678141028823877,-4.127487407089147,-1.0907,"conditional complete-window sum on stated capital, not live equity or intraday drawdown",0.35066580756013743,191164.07029946,mean across entered windows; not equal-risk sizing or margin availability,970,252,0.0,0.0
NQ,mom-6,cost_stress,2354060058c8498ad69c397726d3d77068989c4f3a2a03df8d7cb42b93007edb,239fe8ef7145c0b9,5.0,2,0.0,0.0,1,7453d8f230dd1ef7fc361e23f107762c1d6acd102f692da6cec81296535d87ef,common complete dates,validation,ok,467,-1755.0,-46755.0,15000.0,30000.0,1500,3000,-0.46755,-100.11777301927195,-0.2522967880085653,0.1007565272464317,-2.5040242543442806,-0.5114016976370728,"conditional complete-window sum on stated capital, not live equity or intraday drawdown",0.346627408993576,269704.32769960235,mean across entered windows; not equal-risk sizing or margin availability,467,252,0.0,0.0
NQ,mom-6,cost_stress,2354060058c8498ad69c397726d3d77068989c4f3a2a03df8d7cb42b93007edb,239fe8ef7145c0b9,5.0,2,0.0,0.0,1,7453d8f230dd1ef7fc361e23f107762c1d6acd102f692da6cec81296535d87ef,common complete dates,historical_final,ok,464,7445.0,-38815.0,15420.0,30840.0,1542,3084,-0.38815,-83.65301724137932,-0.21080560344827587,0.1638849643631868,-1.2863022807943982,-0.48525,"conditional complete-window sum on stated capital, not live equity or intraday drawdown",0.3478807471264368,436367.003368302,mean across entered windows; not equal-risk sizing or margin availability,464,252,0.0,0.0
NQ,mom-6,cost_stress,2354060058c8498ad69c397726d3d77068989c4f3a2a03df8d7cb42b93007edb,239fe8ef7145c0b9,5.0,2,0.0,0.0,1,7453d8f230dd1ef7fc361e23f107762c1d6acd102f692da6cec81296535d87ef,common complete dates,2016,ok,27,-745.0,-3145.0,800.0,1600.0,80,160,-0.03145,-116.48148148148148,-0.2935333333333333,0.029096633869987475,-10.088223079168838,-0.03145,"conditional complete-window sum on stated capital, not live equity or intraday drawdown",0.30864197530864196,95835.06172839506,mean across entered windows; not equal-risk sizing or margin availability,27,252,0.0,0.0
NQ,mom-6,cost_stress,2354060058c8498ad69c397726d3d77068989c4f3a2a03df8d7cb42b93007edb,239fe8ef7145c0b9,5.0,2,0.0,0.0,1,7453d8f230dd1ef7fc361e23f107762c1d6acd102f692da6cec81296535d87ef,common complete dates,2017,ok,49,1530.0,-3360.0,1630.0,3260.0,163,326,-0.0336,-68.57142857142857,-0.1728,0.02633336761601144,-6.562016773537642,-0.03403468439202359,"conditional complete-window sum on stated capital, not live equity or intraday drawdown",0.3677721088435374,117999.5631681244,mean across entered windows; not equal-risk sizing or margin availability,49,252,0.0,0.0
NQ,mom-6,cost_stress,2354060058c8498ad69c397726d3d77068989c4f3a2a03df8d7cb42b93007edb,239fe8ef7145c0b9,5.0,2,0.0,0.0,1,7453d8f230dd1ef7fc361e23f107762c1d6acd102f692da6cec81296535d87ef,common complete dates,2018,ok,212,3585.0,-16575.0,6720.0,13440.0,672,1344,-0.16575,-78.18396226415095,-0.1970235849056604,0.04761565569544874,-4.137790019438766,-0.17295298995853525,"conditional complete-window sum on stated capital, not live equity or intraday drawdown",0.34856525157232704,139772.45283018867,mean across entered windows; not equal-risk sizing or margin availability,212,252,0.0,0.0
NQ,mom-6,cost_stress,2354060058c8498ad69c397726d3d77068989c4f3a2a03df8d7cb42b93007edb,239fe8ef7145c0b9,5.0,2,0.0,0.0,1,7453d8f230dd1ef7fc361e23f107762c1d6acd102f692da6cec81296535d87ef,common complete dates,2019,ok,220,-250.0,-22150.0,7300.0,14600.0,730,1460,-0.2215,-100.68181818181819,-0.25371818181818184,0.044442923363690136,-5.708854472554107,-0.2215,"conditional complete-window sum on stated capital, not live equity or intraday drawdown",0.3535037878787879,151398.670508658,mean across entered windows; not equal-risk sizing or margin availability,220,252,0.0,0.0
NQ,mom-6,cost_stress,2354060058c8498ad69c397726d3d77068989c4f3a2a03df8d7cb42b93007edb,239fe8ef7145c0b9,5.0,2,0.0,0.0,1,7453d8f230dd1ef7fc361e23f107762c1d6acd102f692da6cec81296535d87ef,common complete dates,2020,ok,233,-10740.0,-34740.0,8000.0,16000.0,800,1600,-0.3474,-149.09871244635193,-0.3757287553648068,0.09202943565798397,-4.082701938553186,-0.3494980772112071,"conditional complete-window sum on stated capital, not live equity or intraday drawdown",0.34719241773962806,205826.2213876967,mean across entered windows; not equal-risk sizing or margin availability,233,252,0.0,0.0
NQ,mom-6,cost_stress,2354060058c8498ad69c397726d3d77068989c4f3a2a03df8d7cb42b93007edb,239fe8ef7145c0b9,5.0,2,0.0,0.0,1,7453d8f230dd1ef7fc361e23f107762c1d6acd102f692da6cec81296535d87ef,common complete dates,2021,ok,229,-4250.0,-27770.0,7840.0,15680.0,784,1568,-0.2777,-121.26637554585153,-0.30559126637554584,0.08130834383845388,-3.7584244365216044,-0.2941410722285828,"conditional complete-window sum on stated capital, not live equity or intraday drawdown",0.35471251819505095,288919.85080058227,mean across entered windows; not equal-risk sizing or margin availability,229,252,0.0,0.0
NQ,mom-6,cost_stress,2354060058c8498ad69c397726d3d77068989c4f3a2a03df8d7cb42b93007edb,239fe8ef7145c0b9,5.0,2,0.0,0.0,1,7453d8f230dd1ef7fc361e23f107762c1d6acd102f692da6cec81296535d87ef,common complete dates,2022,ok,239,4125.0,-18165.0,7430.0,14860.0,743,1486,-0.18165,-76.00418410041841,-0.19153054393305438,0.12244839397800314,-1.564173589467097,-0.2805689378297775,"conditional complete-window sum on stated capital, not live equity or intraday drawdown",0.3427475592747559,256717.4773361227,mean across entered windows; not equal-risk sizing or margin availability,239,252,0.0,0.0
NQ,mom-6,cost_stress,2354060058c8498ad69c397726d3d77068989c4f3a2a03df8d7cb42b93007edb,239fe8ef7145c0b9,5.0,2,0.0,0.0,1,7453d8f230dd1ef7fc361e23f107762c1d6acd102f692da6cec81296535d87ef,common complete dates,2023,ok,228,-5880.0,-28590.0,7570.0,15140.0,757,1514,-0.2859,-125.39473684210526,-0.3159947368421053,0.07133475729235825,-4.429744332724551,-0.2912510545382363,"conditional complete-window sum on stated capital, not live equity or intraday drawdown",0.3506944444444444,283317.7366332498,mean across entered windows; not equal-risk sizing or margin availability,228,252,0.0,0.0
NQ,mom-6,cost_stress,2354060058c8498ad69c397726d3d77068989c4f3a2a03df8d7cb42b93007edb,239fe8ef7145c0b9,5.0,2,0.0,0.0,1,7453d8f230dd1ef7fc361e23f107762c1d6acd102f692da6cec81296535d87ef,common complete dates,2024,ok,213,-2815.0,-24775.0,7320.0,14640.0,732,1464,-0.24775,-116.31455399061034,-0.29311267605633806,0.09097659984508569,-3.221846898603028,-0.2485,"conditional complete-window sum on stated capital, not live equity or intraday drawdown",0.34927621283255084,381291.3351864331,mean across entered windows; not equal-risk sizing or margin availability,213,252,0.0,0.0
NQ,mom-6,cost_stress,2354060058c8498ad69c397726d3d77068989c4f3a2a03df8d7cb42b93007edb,239fe8ef7145c0b9,5.0,2,0.0,0.0,1,7453d8f230dd1ef7fc361e23f107762c1d6acd102f692da6cec81296535d87ef,common complete dates,2025,ok,142,330.0,-13470.0,4600.0,9200.0,460,920,-0.1347,-94.85915492957747,-0.23904507042253523,0.21416048746248878,-1.1161959577833196,-0.1596900735831587,"conditional complete-window sum on stated capital, not live equity or intraday drawdown",0.3477112676056338,441363.1965962441,mean across entered windows; not equal-risk sizing or margin availability,142,252,0.0,0.0
NQ,mom-6,cost_stress,2354060058c8498ad69c397726d3d77068989c4f3a2a03df8d7cb42b93007edb,239fe8ef7145c0b9,5.0,2,0.0,0.0,1,7453d8f230dd1ef7fc361e23f107762c1d6acd102f692da6cec81296535d87ef,common complete dates,2026,ok,109,9930.0,-570.0,3500.0,7000.0,350,700,-0.0057,-5.229357798165138,-0.013177981651376148,0.19698471047794425,-0.06689849998714315,-0.167602170988542,"conditional complete-window sum on stated capital, not live equity or intraday drawdown",0.34537461773700306,536977.8493883791,mean across entered windows; not equal-risk sizing or margin availability,109,252,0.0,0.0
NQ,mom-6,delay_stress,2354060058c8498ad69c397726d3d77068989c4f3a2a03df8d7cb42b93007edb,84c5bc8837222f2e,2.5,1,0.0,0.0,5,7453d8f230dd1ef7fc361e23f107762c1d6acd102f692da6cec81296535d87ef,common complete dates,whole,ok,1901,1585.0,-90110.0,30565.0,61130.0,6113,12226,-0.9011,-47.40136770120989,-0.11945144660704893,0.101783323009592,-1.1735856432570186,-0.9835,"conditional complete-window sum on stated capital, not live equity or intraday drawdown",0.3440184990355953,270269.76128100004,mean across entered windows; not equal-risk sizing or margin availability,1901,252,0.0,0.0
NQ,mom-6,delay_stress,2354060058c8498ad69c397726d3d77068989c4f3a2a03df8d7cb42b93007edb,84c5bc8837222f2e,2.5,1,0.0,0.0,5,7453d8f230dd1ef7fc361e23f107762c1d6acd102f692da6cec81296535d87ef,common complete dates,development,ok,970,-4290.0,-51585.0,15765.0,31530.0,3153,6306,-0.51585,-53.18041237113402,-0.13401463917525772,0.06400505090348199,-2.0938134925843346,-0.5363,"conditional complete-window sum on stated capital, not live equity or intraday drawdown",0.34604810996563573,191180.25480981864,mean across entered windows; not equal-risk sizing or margin availability,970,252,0.0,0.0
NQ,mom-6,delay_stress,2354060058c8498ad69c397726d3d77068989c4f3a2a03df8d7cb42b93007edb,84c5bc8837222f2e,2.5,1,0.0,0.0,5,7453d8f230dd1ef7fc361e23f107762c1d6acd102f692da6cec81296535d87ef,common complete dates,validation,ok,467,7135.0,-14765.0,7300.0,14600.0,1460,2920,-0.14765,-31.616702355460387,-0.07967408993576017,0.09734566778068425,-0.8184656980859445,-0.22099295967815671,"conditional complete-window sum on stated capital, not live equity or intraday drawdown",0.3413187009279086,269700.79259712447,mean across entered windows; not equal-risk sizing or margin availability,467,252,0.0,0.0
NQ,mom-6,delay_stress,2354060058c8498ad69c397726d3d77068989c4f3a2a03df8d7cb42b93007edb,84c5bc8837222f2e,2.5,1,0.0,0.0,5,7453d8f230dd1ef7fc361e23f107762c1d6acd102f692da6cec81296535d87ef,common complete dates,historical_final,ok,464,-1260.0,-23760.0,7500.0,15000.0,1500,3000,-0.2376,-51.206896551724135,-0.12904137931034482,0.15618451047965917,-0.826211119873828,-0.3222028407675056,"conditional complete-window sum on stated capital, not live equity or intraday drawdown",0.34249281609195403,436367.9041448112,mean across entered windows; not equal-risk sizing or margin availability,464,252,0.0,0.0
NQ,mom-6,delay_stress,2354060058c8498ad69c397726d3d77068989c4f3a2a03df8d7cb42b93007edb,84c5bc8837222f2e,2.5,1,0.0,0.0,5,7453d8f230dd1ef7fc361e23f107762c1d6acd102f692da6cec81296535d87ef,common complete dates,2016,ok,27,-1300.0,-2500.0,400.0,800.0,80,160,-0.025,-92.5925925925926,-0.23333333333333334,0.04082651225079241,-5.715240427592601,-0.025,"conditional complete-window sum on stated capital, not live equity or intraday drawdown",0.30941358024691357,95843.64506172838,mean across entered windows; not equal-risk sizing or margin availability,27,252,0.0,0.0
NQ,mom-6,delay_stress,2354060058c8498ad69c397726d3d77068989c4f3a2a03df8d7cb42b93007edb,84c5bc8837222f2e,2.5,1,0.0,0.0,5,7453d8f230dd1ef7fc361e23f107762c1d6acd102f692da6cec81296535d87ef,common complete dates,2017,ok,49,1660.0,-695.0,785.0,1570.0,157,314,-0.00695,-14.183673469387756,-0.035742857142857146,0.023326923439297716,-1.5322576608042073,-0.01067704435463753,"conditional complete-window sum on stated capital, not live equity or intraday drawdown",0.3592687074829932,118004.27988338193,mean across entered windows; not equal-risk sizing or margin availability,49,252,0.0,0.0
NQ,mom-6,delay_stress,2354060058c8498ad69c397726d3d77068989c4f3a2a03df8d7cb42b93007edb,84c5bc8837222f2e,2.5,1,0.0,0.0,5,7453d8f230dd1ef7fc361e23f107762c1d6acd102f692da6cec81296535d87ef,common complete dates,2018,ok,212,1580.0,-8260.0,3280.0,6560.0,656,1312,-0.0826,-38.9622641509434,-0.09818490566037735,0.04780346052200535,-2.053928828336182,-0.0964636640231433,"conditional complete-window sum on stated capital, not live equity or intraday drawdown",0.3433569182389937,139775.7338836478,mean across entered windows; not equal-risk sizing or margin availability,212,252,0.0,0.0
NQ,mom-6,delay_stress,2354060058c8498ad69c397726d3d77068989c4f3a2a03df8d7cb42b93007edb,84c5bc8837222f2e,2.5,1,0.0,0.0,5,7453d8f230dd1ef7fc361e23f107762c1d6acd102f692da6cec81296535d87ef,common complete dates,2019,ok,220,-420.0,-11085.0,3555.0,7110.0,711,1422,-0.11085,-50.38636363636363,-0.12697363636363637,0.04334735051175035,-2.9292133167220245,-0.11149425287356322,"conditional complete-window sum on stated capital, not live equity or intraday drawdown",0.3476325757575758,151402.70570887445,mean across entered windows; not equal-risk sizing or margin availability,220,252,0.0,0.0
NQ,mom-6,delay_stress,2354060058c8498ad69c397726d3d77068989c4f3a2a03df8d7cb42b93007edb,84c5bc8837222f2e,2.5,1,0.0,0.0,5,7453d8f230dd1ef7fc361e23f107762c1d6acd102f692da6cec81296535d87ef,common complete dates,2020,ok,233,1245.0,-10425.0,3890.0,7780.0,778,1556,-0.10425,-44.742489270386265,-0.11275107296137338,0.0833908307269248,-1.3520799826373349,-0.14369113029827316,"conditional complete-window sum on stated capital, not live equity or intraday drawdown",0.3420958512160229,205946.2888957307,mean across entered windows; not equal-risk sizing or margin availability,233,252,0.0,0.0
NQ,mom-6,delay_stress,2354060058c8498ad69c397726d3d77068989c4f3a2a03df8d7cb42b93007edb,84c5bc8837222f2e,2.5,1,0.0,0.0,5,7453d8f230dd1ef7fc361e23f107762c1d6acd102f692da6cec81296535d87ef,common complete dates,2021,ok,229,-7055.0,-18620.0,3855.0,7710.0,771,1542,-0.1862,-81.31004366812228,-0.20490131004366813,0.07791546014836212,-2.629790155297895,-0.20752172610128858,"conditional complete-window sum on stated capital, not live equity or intraday drawdown",0.35252911208151383,288921.78566229984,mean across entered windows; not equal-risk sizing or margin availability,229,252,0.0,0.0
NQ,mom-6,delay_stress,2354060058c8498ad69c397726d3d77068989c4f3a2a03df8d7cb42b93007edb,84c5bc8837222f2e,2.5,1,0.0,0.0,5,7453d8f230dd1ef7fc361e23f107762c1d6acd102f692da6cec81296535d87ef,common complete dates,2022,ok,239,12055.0,1180.0,3625.0,7250.0,725,1450,0.0118,4.937238493723849,0.0124418410041841,0.11938154190400953,0.10421913476530689,-0.1276401206912316,"conditional complete-window sum on stated capital, not live equity or intraday drawdown",0.3378661087866109,256708.8887726639,mean across entered windows; not equal-risk sizing or margin availability,239,252,0.0,0.0
NQ,mom-6,delay_stress,2354060058c8498ad69c397726d3d77068989c4f3a2a03df8d7cb42b93007edb,84c5bc8837222f2e,2.5,1,0.0,0.0,5,7453d8f230dd1ef7fc361e23f107762c1d6acd102f692da6cec81296535d87ef,common complete dates,2023,ok,228,-4920.0,-15945.0,3675.0,7350.0,735,1470,-0.15945,-69.9342105263158,-0.1762342105263158,0.06661915049018104,-2.645398646329045,-0.1598,"conditional complete-window sum on stated capital, not live equity or intraday drawdown",0.344937865497076,283319.498799081,mean across entered windows; not equal-risk sizing or margin availability,228,252,0.0,0.0
NQ,mom-6,delay_stress,2354060058c8498ad69c397726d3d77068989c4f3a2a03df8d7cb42b93007edb,84c5bc8837222f2e,2.5,1,0.0,0.0,5,7453d8f230dd1ef7fc361e23f107762c1d6acd102f692da6cec81296535d87ef,common complete dates,2024,ok,213,-4835.0,-15590.0,3585.0,7170.0,717,1434,-0.1559,-73.1924882629108,-0.18444507042253522,0.0856661497601141,-2.1530682882214967,-0.15918265636680787,"conditional complete-window sum on stated capital, not live equity or intraday drawdown",0.3440923317683881,381293.52964959573,mean across entered windows; not equal-risk sizing or margin availability,213,252,0.0,0.0
NQ,mom-6,delay_stress,2354060058c8498ad69c397726d3d77068989c4f3a2a03df8d7cb42b93007edb,84c5bc8837222f2e,2.5,1,0.0,0.0,5,7453d8f230dd1ef7fc361e23f107762c1d6acd102f692da6cec81296535d87ef,common complete dates,2025,ok,142,-2470.0,-9160.0,2230.0,4460.0,446,892,-0.0916,-64.50704225352112,-0.16255774647887322,0.19346264085670914,-0.8402539413243819,-0.12994187442955277,"conditional complete-window sum on stated capital, not live equity or intraday drawdown",0.3418427230046948,441353.1754694836,mean across entered windows; not equal-risk sizing or margin availability,142,252,0.0,0.0
NQ,mom-6,delay_stress,2354060058c8498ad69c397726d3d77068989c4f3a2a03df8d7cb42b93007edb,84c5bc8837222f2e,2.5,1,0.0,0.0,5,7453d8f230dd1ef7fc361e23f107762c1d6acd102f692da6cec81296535d87ef,common complete dates,2026,ok,109,6045.0,990.0,1685.0,3370.0,337,674,0.0099,9.082568807339449,0.02288807339449541,0.20293916229567954,0.11278293029094012,-0.12520631926432446,"conditional complete-window sum on stated capital, not live equity or intraday drawdown",0.34021406727828746,536990.4625382264,mean across entered windows; not equal-risk sizing or margin availability,109,252,0.0,0.0
NQ,mom-6,combined_stress,2354060058c8498ad69c397726d3d77068989c4f3a2a03df8d7cb42b93007edb,da12577c065d1069,5.0,2,0.0,0.0,5,7453d8f230dd1ef7fc361e23f107762c1d6acd102f692da6cec81296535d87ef,common complete dates,whole,ok,1901,1585.0,-181805.0,61130.0,122260.0,6113,12226,-1.81805,-95.63650710152551,-0.24100399789584429,0.10223836135440773,-2.3572756321906176,-1.89685,"conditional complete-window sum on stated capital, not live equity or intraday drawdown",0.3440184990355953,270269.76128100004,mean across entered windows; not equal-risk sizing or margin availability,1901,252,0.0,0.0
NQ,mom-6,combined_stress,2354060058c8498ad69c397726d3d77068989c4f3a2a03df8d7cb42b93007edb,da12577c065d1069,5.0,2,0.0,0.0,5,7453d8f230dd1ef7fc361e23f107762c1d6acd102f692da6cec81296535d87ef,common complete dates,development,ok,970,-4290.0,-98880.0,31530.0,63060.0,3153,6306,-0.9888,-101.9381443298969,-0.2568841237113402,0.06437353197279495,-3.9905239908212997,-1.0006,"conditional complete-window sum on stated capital, not live equity or intraday drawdown",0.34604810996563573,191180.25480981864,mean across entered windows; not equal-risk sizing or margin availability,970,252,0.0,0.0
NQ,mom-6,combined_stress,2354060058c8498ad69c397726d3d77068989c4f3a2a03df8d7cb42b93007edb,da12577c065d1069,5.0,2,0.0,0.0,5,7453d8f230dd1ef7fc361e23f107762c1d6acd102f692da6cec81296535d87ef,common complete dates,validation,ok,467,7135.0,-36665.0,14600.0,29200.0,1460,2920,-0.36665,-78.5117773019272,-0.19784967880085652,0.09783570274871053,-2.022264605274317,-0.4138361869504859,"conditional complete-window sum on stated capital, not live equity or intraday drawdown",0.3413187009279086,269700.79259712447,mean across entered windows; not equal-risk sizing or margin availability,467,252,0.0,0.0
NQ,mom-6,combined_stress,2354060058c8498ad69c397726d3d77068989c4f3a2a03df8d7cb42b93007edb,da12577c065d1069,5.0,2,0.0,0.0,5,7453d8f230dd1ef7fc361e23f107762c1d6acd102f692da6cec81296535d87ef,common complete dates,historical_final,ok,464,-1260.0,-46260.0,15000.0,30000.0,1500,3000,-0.4626,-99.69827586206897,-0.2512396551724138,0.1567730927975436,-1.6025687233003953,-0.5414,"conditional complete-window sum on stated capital, not live equity or intraday drawdown",0.34249281609195403,436367.9041448112,mean across entered windows; not equal-risk sizing or margin availability,464,252,0.0,0.0
NQ,mom-6,combined_stress,2354060058c8498ad69c397726d3d77068989c4f3a2a03df8d7cb42b93007edb,da12577c065d1069,5.0,2,0.0,0.0,5,7453d8f230dd1ef7fc361e23f107762c1d6acd102f692da6cec81296535d87ef,common complete dates,2016,ok,27,-1300.0,-3700.0,800.0,1600.0,80,160,-0.037,-137.03703703703704,-0.3453333333333333,0.041604246578123893,-8.300434732903312,-0.037,"conditional complete-window sum on stated capital, not live equity or intraday drawdown",0.30941358024691357,95843.64506172838,mean across entered windows; not equal-risk sizing or margin availability,27,252,0.0,0.0
NQ,mom-6,combined_stress,2354060058c8498ad69c397726d3d77068989c4f3a2a03df8d7cb42b93007edb,da12577c065d1069,5.0,2,0.0,0.0,5,7453d8f230dd1ef7fc361e23f107762c1d6acd102f692da6cec81296535d87ef,common complete dates,2017,ok,49,1660.0,-3050.0,1570.0,3140.0,157,314,-0.0305,-62.244897959183675,-0.15685714285714286,0.02373947887260496,-6.607438339270114,-0.0305,"conditional complete-window sum on stated capital, not live equity or intraday drawdown",0.3592687074829932,118004.27988338193,mean across entered windows; not equal-risk sizing or margin availability,49,252,0.0,0.0
NQ,mom-6,combined_stress,2354060058c8498ad69c397726d3d77068989c4f3a2a03df8d7cb42b93007edb,da12577c065d1069,5.0,2,0.0,0.0,5,7453d8f230dd1ef7fc361e23f107762c1d6acd102f692da6cec81296535d87ef,common complete dates,2018,ok,212,1580.0,-18100.0,6560.0,13120.0,656,1312,-0.181,-85.37735849056604,-0.21515094339622642,0.04819466545597826,-4.464206595494446,-0.18743758737767127,"conditional complete-window sum on stated capital, not live equity or intraday drawdown",0.3433569182389937,139775.7338836478,mean across entered windows; not equal-risk sizing or margin availability,212,252,0.0,0.0
NQ,mom-6,combined_stress,2354060058c8498ad69c397726d3d77068989c4f3a2a03df8d7cb42b93007edb,da12577c065d1069,5.0,2,0.0,0.0,5,7453d8f230dd1ef7fc361e23f107762c1d6acd102f692da6cec81296535d87ef,common complete dates,2019,ok,220,-420.0,-21750.0,7110.0,14220.0,711,1422,-0.2175,-98.86363636363636,-0.24913636363636363,0.04373520472119665,-5.69647187487881,-0.2175,"conditional complete-window sum on stated capital, not live equity or intraday drawdown",0.3476325757575758,151402.70570887445,mean across entered windows; not equal-risk sizing or margin availability,220,252,0.0,0.0
NQ,mom-6,combined_stress,2354060058c8498ad69c397726d3d77068989c4f3a2a03df8d7cb42b93007edb,da12577c065d1069,5.0,2,0.0,0.0,5,7453d8f230dd1ef7fc361e23f107762c1d6acd102f692da6cec81296535d87ef,common complete dates,2020,ok,233,1245.0,-22095.0,7780.0,15560.0,778,1556,-0.22095,-94.8283261802575,-0.2389673819742489,0.08366385963651968,-2.8562796769411594,-0.22461922596754058,"conditional complete-window sum on stated capital, not live equity or intraday drawdown",0.3420958512160229,205946.2888957307,mean across entered windows; not equal-risk sizing or margin availability,233,252,0.0,0.0
NQ,mom-6,combined_stress,2354060058c8498ad69c397726d3d77068989c4f3a2a03df8d7cb42b93007edb,da12577c065d1069,5.0,2,0.0,0.0,5,7453d8f230dd1ef7fc361e23f107762c1d6acd102f692da6cec81296535d87ef,common complete dates,2021,ok,229,-7055.0,-30185.0,7710.0,15420.0,771,1542,-0.30185,-131.8122270742358,-0.3321668122270742,0.07838215698678018,-4.237786059945978,-0.3141986410871303,"conditional complete-window sum on stated capital, not live equity or intraday drawdown",0.35252911208151383,288921.78566229984,mean across entered windows; not equal-risk sizing or margin availability,229,252,0.0,0.0
NQ,mom-6,combined_stress,2354060058c8498ad69c397726d3d77068989c4f3a2a03df8d7cb42b93007edb,da12577c065d1069,5.0,2,0.0,0.0,5,7453d8f230dd1ef7fc361e23f107762c1d6acd102f692da6cec81296535d87ef,common complete dates,2022,ok,239,12055.0,-9695.0,7250.0,14500.0,725,1450,-0.09695,-40.56485355648535,-0.10222343096234308,0.11984425131384331,-0.8529689980259836,-0.1913928736695974,"conditional complete-window sum on stated capital, not live equity or intraday drawdown",0.3378661087866109,256708.8887726639,mean across entered windows; not equal-risk sizing or margin availability,239,252,0.0,0.0
NQ,mom-6,combined_stress,2354060058c8498ad69c397726d3d77068989c4f3a2a03df8d7cb42b93007edb,da12577c065d1069,5.0,2,0.0,0.0,5,7453d8f230dd1ef7fc361e23f107762c1d6acd102f692da6cec81296535d87ef,common complete dates,2023,ok,228,-4920.0,-26970.0,7350.0,14700.0,735,1470,-0.2697,-118.28947368421052,-0.2980894736842105,0.0671771020140824,-4.437367268711915,-0.2697,"conditional complete-window sum on stated capital, not live equity or intraday drawdown",0.344937865497076,283319.498799081,mean across entered windows; not equal-risk sizing or margin availability,228,252,0.0,0.0
NQ,mom-6,combined_stress,2354060058c8498ad69c397726d3d77068989c4f3a2a03df8d7cb42b93007edb,da12577c065d1069,5.0,2,0.0,0.0,5,7453d8f230dd1ef7fc361e23f107762c1d6acd102f692da6cec81296535d87ef,common complete dates,2024,ok,213,-4835.0,-26345.0,7170.0,14340.0,717,1434,-0.26345,-123.68544600938966,-0.31168732394366194,0.08629215689745127,-3.612000616858703,-0.26355,"conditional complete-window sum on stated capital, not live equity or intraday drawdown",0.3440923317683881,381293.52964959573,mean across entered windows; not equal-risk sizing or margin availability,213,252,0.0,0.0
NQ,mom-6,combined_stress,2354060058c8498ad69c397726d3d77068989c4f3a2a03df8d7cb42b93007edb,da12577c065d1069,5.0,2,0.0,0.0,5,7453d8f230dd1ef7fc361e23f107762c1d6acd102f692da6cec81296535d87ef,common complete dates,2025,ok,142,-2470.0,-15850.0,4460.0,8920.0,446,892,-0.1585,-111.61971830985915,-0.2812816901408451,0.19399470110685166,-1.4499452229157335,-0.18812216101285398,"conditional complete-window sum on stated capital, not live equity or intraday drawdown",0.3418427230046948,441353.1754694836,mean across entered windows; not equal-risk sizing or margin availability,142,252,0.0,0.0
NQ,mom-6,combined_stress,2354060058c8498ad69c397726d3d77068989c4f3a2a03df8d7cb42b93007edb,da12577c065d1069,5.0,2,0.0,0.0,5,7453d8f230dd1ef7fc361e23f107762c1d6acd102f692da6cec81296535d87ef,common complete dates,2026,ok,109,6045.0,-4065.0,3370.0,6740.0,337,674,-0.04065,-37.293577981651374,-0.09397981651376146,0.20367501370553795,-0.4614204501767325,-0.1570457591422554,"conditional complete-window sum on stated capital, not live equity or intraday drawdown",0.34021406727828746,536990.4625382264,mean across entered windows; not equal-risk sizing or margin availability,109,252,0.0,0.0
NQ,mom-12,base,2354060058c8498ad69c397726d3d77068989c4f3a2a03df8d7cb42b93007edb,bfc5d81585833eb2,2.5,1,0.0,0.0,1,7453d8f230dd1ef7fc361e23f107762c1d6acd102f692da6cec81296535d87ef,common complete dates,whole,ok,1901,-3690.0,-75570.0,23960.0,47920.0,4792,9584,-0.7557,-39.75276170436612,-0.10017695949500263,0.10277100187901057,-0.9747590046162844,-0.8713,"conditional complete-window sum on stated capital, not live equity or intraday drawdown",0.3554488865509381,270321.24429457955,mean across entered windows; not equal-risk sizing or margin availability,1901,252,0.0,0.0
NQ,mom-12,base,2354060058c8498ad69c397726d3d77068989c4f3a2a03df8d7cb42b93007edb,bfc5d81585833eb2,2.5,1,0.0,0.0,1,7453d8f230dd1ef7fc361e23f107762c1d6acd102f692da6cec81296535d87ef,common complete dates,development,ok,970,9205.0,-27035.0,12080.0,24160.0,2416,4832,-0.27035,-27.871134020618555,-0.07023525773195875,0.06387696723635937,-1.0995396427020756,-0.31285,"conditional complete-window sum on stated capital, not live equity or intraday drawdown",0.3583118556701031,190947.92343384586,mean across entered windows; not equal-risk sizing or margin availability,970,252,0.0,0.0
NQ,mom-12,base,2354060058c8498ad69c397726d3d77068989c4f3a2a03df8d7cb42b93007edb,bfc5d81585833eb2,2.5,1,0.0,0.0,1,7453d8f230dd1ef7fc361e23f107762c1d6acd102f692da6cec81296535d87ef,common complete dates,validation,ok,467,-8820.0,-26595.0,5925.0,11850.0,1185,2370,-0.26595,-56.94860813704497,-0.1435104925053533,0.09874250114971193,-1.4533811766400857,-0.3176832967750968,"conditional complete-window sum on stated capital, not live equity or intraday drawdown",0.35099928622412563,269698.46803969966,mean across entered windows; not equal-risk sizing or margin availability,467,252,0.0,0.0
NQ,mom-12,base,2354060058c8498ad69c397726d3d77068989c4f3a2a03df8d7cb42b93007edb,bfc5d81585833eb2,2.5,1,0.0,0.0,1,7453d8f230dd1ef7fc361e23f107762c1d6acd102f692da6cec81296535d87ef,common complete dates,historical_final,ok,464,-4075.0,-21940.0,5955.0,11910.0,1191,2382,-0.2194,-47.28448275862069,-0.11915689655172414,0.1580295724908285,-0.7540164456158331,-0.335,"conditional complete-window sum on stated capital, not live equity or intraday drawdown",0.3539421695402299,436079.09966356104,mean across entered windows; not equal-risk sizing or margin availability,464,252,0.0,0.0
NQ,mom-12,base,2354060058c8498ad69c397726d3d77068989c4f3a2a03df8d7cb42b93007edb,bfc5d81585833eb2,2.5,1,0.0,0.0,1,7453d8f230dd1ef7fc361e23f107762c1d6acd102f692da6cec81296535d87ef,common complete dates,2016,ok,27,-900.0,-1920.0,340.0,680.0,68,136,-0.0192,-71.11111111111111,-0.1792,0.019341426246033907,-9.265087161643326,-0.0192,"conditional complete-window sum on stated capital, not live equity or intraday drawdown",0.32330246913580246,95838.76543209876,mean across entered windows; not equal-risk sizing or margin availability,27,252,0.0,0.0
NQ,mom-12,base,2354060058c8498ad69c397726d3d77068989c4f3a2a03df8d7cb42b93007edb,bfc5d81585833eb2,2.5,1,0.0,0.0,1,7453d8f230dd1ef7fc361e23f107762c1d6acd102f692da6cec81296535d87ef,common complete dates,2017,ok,49,1750.0,-20.0,590.0,1180.0,118,236,-0.0002,-0.40816326530612246,-0.0010285714285714284,0.02083109368913966,-0.0493767367148695,-0.0076938449240607516,"conditional complete-window sum on stated capital, not live equity or intraday drawdown",0.3567176870748299,117895.89492753624,mean across entered windows; not equal-risk sizing or margin availability,49,252,0.0,0.0
NQ,mom-12,base,2354060058c8498ad69c397726d3d77068989c4f3a2a03df8d7cb42b93007edb,bfc5d81585833eb2,2.5,1,0.0,0.0,1,7453d8f230dd1ef7fc361e23f107762c1d6acd102f692da6cec81296535d87ef,common complete dates,2018,ok,212,3070.0,-5000.0,2690.0,5380.0,538,1076,-0.05,-23.58490566037736,-0.059433962264150944,0.048172364395020095,-1.2337771460994564,-0.08339114062035477,"conditional complete-window sum on stated capital, not live equity or intraday drawdown",0.35780267295597484,139820.85,mean across entered windows; not equal-risk sizing or margin availability,212,252,0.0,0.0
NQ,mom-12,base,2354060058c8498ad69c397726d3d77068989c4f3a2a03df8d7cb42b93007edb,bfc5d81585833eb2,2.5,1,0.0,0.0,1,7453d8f230dd1ef7fc361e23f107762c1d6acd102f692da6cec81296535d87ef,common complete dates,2019,ok,220,4150.0,-3860.0,2670.0,5340.0,534,1068,-0.0386,-17.545454545454547,-0.04421454545454546,0.03939295642864711,-1.1223972370449458,-0.04995,"conditional complete-window sum on stated capital, not live equity or intraday drawdown",0.3652462121212121,151410.38921504674,mean across entered windows; not equal-risk sizing or margin availability,220,252,0.0,0.0
NQ,mom-12,base,2354060058c8498ad69c397726d3d77068989c4f3a2a03df8d7cb42b93007edb,bfc5d81585833eb2,2.5,1,0.0,0.0,1,7453d8f230dd1ef7fc361e23f107762c1d6acd102f692da6cec81296535d87ef,common complete dates,2020,ok,233,4300.0,-4550.0,2950.0,5900.0,590,1180,-0.0455,-19.527896995708154,-0.04921030042918455,0.08825373859743534,-0.5576001788848254,-0.09749664062111182,"conditional complete-window sum on stated capital, not live equity or intraday drawdown",0.35881616595135907,205609.94813664595,mean across entered windows; not equal-risk sizing or margin availability,233,252,0.0,0.0
NQ,mom-12,base,2354060058c8498ad69c397726d3d77068989c4f3a2a03df8d7cb42b93007edb,bfc5d81585833eb2,2.5,1,0.0,0.0,1,7453d8f230dd1ef7fc361e23f107762c1d6acd102f692da6cec81296535d87ef,common complete dates,2021,ok,229,-3165.0,-11685.0,2840.0,5680.0,568,1136,-0.11685,-51.02620087336245,-0.12858602620087337,0.07493732506493571,-1.715914280226166,-0.15935,"conditional complete-window sum on stated capital, not live equity or intraday drawdown",0.3560771470160116,288510.0581481482,mean across entered windows; not equal-risk sizing or margin availability,229,252,0.0,0.0
NQ,mom-12,base,2354060058c8498ad69c397726d3d77068989c4f3a2a03df8d7cb42b93007edb,bfc5d81585833eb2,2.5,1,0.0,0.0,1,7453d8f230dd1ef7fc361e23f107762c1d6acd102f692da6cec81296535d87ef,common complete dates,2022,ok,239,-3735.0,-12480.0,2915.0,5830.0,583,1166,-0.1248,-52.21757322175732,-0.13158828451882845,0.11775508592367027,-1.1174743195731263,-0.21062211228823446,"conditional complete-window sum on stated capital, not live equity or intraday drawdown",0.3437064156206416,256549.6965541491,mean across entered windows; not equal-risk sizing or margin availability,239,252,0.0,0.0
NQ,mom-12,base,2354060058c8498ad69c397726d3d77068989c4f3a2a03df8d7cb42b93007edb,bfc5d81585833eb2,2.5,1,0.0,0.0,1,7453d8f230dd1ef7fc361e23f107762c1d6acd102f692da6cec81296535d87ef,common complete dates,2023,ok,228,-5085.0,-14115.0,3010.0,6020.0,602,1204,-0.14115,-61.9078947368421,-0.1560078947368421,0.07400118869321186,-2.108180929141652,-0.15057071960297766,"conditional complete-window sum on stated capital, not live equity or intraday drawdown",0.3586440058479532,283487.22397808684,mean across entered windows; not equal-risk sizing or margin availability,228,252,0.0,0.0
NQ,mom-12,base,2354060058c8498ad69c397726d3d77068989c4f3a2a03df8d7cb42b93007edb,bfc5d81585833eb2,2.5,1,0.0,0.0,1,7453d8f230dd1ef7fc361e23f107762c1d6acd102f692da6cec81296535d87ef,common complete dates,2024,ok,213,-8620.0,-17050.0,2810.0,5620.0,562,1124,-0.1705,-80.0469483568075,-0.20171830985915493,0.08857054879588802,-2.2774874109001786,-0.1705,"conditional complete-window sum on stated capital, not live equity or intraday drawdown",0.35279733959311427,381431.79417738656,mean across entered windows; not equal-risk sizing or margin availability,213,252,0.0,0.0
NQ,mom-12,base,2354060058c8498ad69c397726d3d77068989c4f3a2a03df8d7cb42b93007edb,bfc5d81585833eb2,2.5,1,0.0,0.0,1,7453d8f230dd1ef7fc361e23f107762c1d6acd102f692da6cec81296535d87ef,common complete dates,2025,ok,142,-8415.0,-13710.0,1765.0,3530.0,353,706,-0.1371,-96.54929577464789,-0.24330422535211269,0.1964390185761956,-1.238573818560078,-0.16548935548302235,"conditional complete-window sum on stated capital, not live equity or intraday drawdown",0.35563380281690143,440940.9686761229,mean across entered windows; not equal-risk sizing or margin availability,142,252,0.0,0.0
NQ,mom-12,base,2354060058c8498ad69c397726d3d77068989c4f3a2a03df8d7cb42b93007edb,bfc5d81585833eb2,2.5,1,0.0,0.0,1,7453d8f230dd1ef7fc361e23f107762c1d6acd102f692da6cec81296535d87ef,common complete dates,2026,ok,109,12960.0,8820.0,1380.0,2760.0,276,552,0.0882,80.91743119266054,0.20391192660550458,0.20182117974403024,1.0103594026361655,-0.1319946452476573,"conditional complete-window sum on stated capital, not live equity or intraday drawdown",0.35397553516819574,536496.3026895943,mean across entered windows; not equal-risk sizing or margin availability,109,252,0.0,0.0
NQ,mom-12,gross_reference,2354060058c8498ad69c397726d3d77068989c4f3a2a03df8d7cb42b93007edb,7b7e473b9bb74e35,0.0,0,0.0,0.0,1,7453d8f230dd1ef7fc361e23f107762c1d6acd102f692da6cec81296535d87ef,common complete dates,whole,ok,1901,-3690.0,-3690.0,0.0,0.0,4792,9584,-0.0369,-1.941083640189374,-0.0048915307732772225,0.10207578418563769,-0.04792057991326677,-0.314623276152035,"conditional complete-window sum on stated capital, not live equity or intraday drawdown",0.3554488865509381,270321.24429457955,mean across entered windows; not equal-risk sizing or margin availability,1901,252,0.0,0.0
NQ,mom-12,gross_reference,2354060058c8498ad69c397726d3d77068989c4f3a2a03df8d7cb42b93007edb,7b7e473b9bb74e35,0.0,0,0.0,0.0,1,7453d8f230dd1ef7fc361e23f107762c1d6acd102f692da6cec81296535d87ef,common complete dates,development,ok,970,9205.0,9205.0,0.0,0.0,2416,4832,0.09205,9.489690721649485,0.0239140206185567,0.0632224601538661,0.37825197817921913,-0.0907323109559376,"conditional complete-window sum on stated capital, not live equity or intraday drawdown",0.3583118556701031,190947.92343384586,mean across entered windows; not equal-risk sizing or margin availability,970,252,0.0,0.0
NQ,mom-12,gross_reference,2354060058c8498ad69c397726d3d77068989c4f3a2a03df8d7cb42b93007edb,7b7e473b9bb74e35,0.0,0,0.0,0.0,1,7453d8f230dd1ef7fc361e23f107762c1d6acd102f692da6cec81296535d87ef,common complete dates,validation,ok,467,-8820.0,-8820.0,0.0,0.0,1185,2370,-0.0882,-18.886509635974303,-0.04759400428265524,0.09780852658643398,-0.48660383653357814,-0.19031126099439458,"conditional complete-window sum on stated capital, not live equity or intraday drawdown",0.35099928622412563,269698.46803969966,mean across entered windows; not equal-risk sizing or margin availability,467,252,0.0,0.0
NQ,mom-12,gross_reference,2354060058c8498ad69c397726d3d77068989c4f3a2a03df8d7cb42b93007edb,7b7e473b9bb74e35,0.0,0,0.0,0.0,1,7453d8f230dd1ef7fc361e23f107762c1d6acd102f692da6cec81296535d87ef,common complete dates,historical_final,ok,464,-4075.0,-4075.0,0.0,0.0,1191,2382,-0.04075,-8.782327586206897,-0.022131465517241378,0.1573175638024398,-0.14068019477490884,-0.1888,"conditional complete-window sum on stated capital, not live equity or intraday drawdown",0.3539421695402299,436079.09966356104,mean across entered windows; not equal-risk sizing or margin availability,464,252,0.0,0.0
NQ,mom-12,gross_reference,2354060058c8498ad69c397726d3d77068989c4f3a2a03df8d7cb42b93007edb,7b7e473b9bb74e35,0.0,0,0.0,0.0,1,7453d8f230dd1ef7fc361e23f107762c1d6acd102f692da6cec81296535d87ef,common complete dates,2016,ok,27,-900.0,-900.0,0.0,0.0,68,136,-0.009,-33.333333333333336,-0.084,0.018426110236876868,-4.55874836957654,-0.012357982858281841,"conditional complete-window sum on stated capital, not live equity or intraday drawdown",0.32330246913580246,95838.76543209876,mean across entered windows; not equal-risk sizing or margin availability,27,252,0.0,0.0
NQ,mom-12,gross_reference,2354060058c8498ad69c397726d3d77068989c4f3a2a03df8d7cb42b93007edb,7b7e473b9bb74e35,0.0,0,0.0,0.0,1,7453d8f230dd1ef7fc361e23f107762c1d6acd102f692da6cec81296535d87ef,common complete dates,2017,ok,49,1750.0,1750.0,0.0,0.0,118,236,0.0175,35.714285714285715,0.09,0.019776880441566107,4.550768270350782,-0.004489225857940942,"conditional complete-window sum on stated capital, not live equity or intraday drawdown",0.3567176870748299,117895.89492753624,mean across entered windows; not equal-risk sizing or margin availability,49,252,0.0,0.0
NQ,mom-12,gross_reference,2354060058c8498ad69c397726d3d77068989c4f3a2a03df8d7cb42b93007edb,7b7e473b9bb74e35,0.0,0,0.0,0.0,1,7453d8f230dd1ef7fc361e23f107762c1d6acd102f692da6cec81296535d87ef,common complete dates,2018,ok,212,3070.0,3070.0,0.0,0.0,538,1076,0.0307,14.481132075471699,0.036492452830188676,0.047483875122756376,0.7685230562132425,-0.026189889025893958,"conditional complete-window sum on stated capital, not live equity or intraday drawdown",0.35780267295597484,139820.85,mean across entered windows; not equal-risk sizing or margin availability,212,252,0.0,0.0
NQ,mom-12,gross_reference,2354060058c8498ad69c397726d3d77068989c4f3a2a03df8d7cb42b93007edb,7b7e473b9bb74e35,0.0,0,0.0,0.0,1,7453d8f230dd1ef7fc361e23f107762c1d6acd102f692da6cec81296535d87ef,common complete dates,2019,ok,220,4150.0,4150.0,0.0,0.0,534,1068,0.0415,18.863636363636363,0.04753636363636364,0.03869728914019046,1.2284158578693058,-0.01485,"conditional complete-window sum on stated capital, not live equity or intraday drawdown",0.3652462121212121,151410.38921504674,mean across entered windows; not equal-risk sizing or margin availability,220,252,0.0,0.0
NQ,mom-12,gross_reference,2354060058c8498ad69c397726d3d77068989c4f3a2a03df8d7cb42b93007edb,7b7e473b9bb74e35,0.0,0,0.0,0.0,1,7453d8f230dd1ef7fc361e23f107762c1d6acd102f692da6cec81296535d87ef,common complete dates,2020,ok,233,4300.0,4300.0,0.0,0.0,590,1180,0.043,18.454935622317596,0.046506437768240344,0.08743740133158431,0.5318826618814573,-0.059693345903835654,"conditional complete-window sum on stated capital, not live equity or intraday drawdown",0.35881616595135907,205609.94813664595,mean across entered windows; not equal-risk sizing or margin availability,233,252,0.0,0.0
NQ,mom-12,gross_reference,2354060058c8498ad69c397726d3d77068989c4f3a2a03df8d7cb42b93007edb,7b7e473b9bb74e35,0.0,0,0.0,0.0,1,7453d8f230dd1ef7fc361e23f107762c1d6acd102f692da6cec81296535d87ef,common complete dates,2021,ok,229,-3165.0,-3165.0,0.0,0.0,568,1136,-0.03165,-13.820960698689957,-0.03482882096069869,0.0743934655041819,-0.46817043304348893,-0.095,"conditional complete-window sum on stated capital, not live equity or intraday drawdown",0.3560771470160116,288510.0581481482,mean across entered windows; not equal-risk sizing or margin availability,229,252,0.0,0.0
NQ,mom-12,gross_reference,2354060058c8498ad69c397726d3d77068989c4f3a2a03df8d7cb42b93007edb,7b7e473b9bb74e35,0.0,0,0.0,0.0,1,7453d8f230dd1ef7fc361e23f107762c1d6acd102f692da6cec81296535d87ef,common complete dates,2022,ok,239,-3735.0,-3735.0,0.0,0.0,583,1166,-0.03735,-15.627615062761507,-0.039381589958159,0.11671891840806702,-0.33740537091403633,-0.16957571890808001,"conditional complete-window sum on stated capital, not live equity or intraday drawdown",0.3437064156206416,256549.6965541491,mean across entered windows; not equal-risk sizing or margin availability,239,252,0.0,0.0
NQ,mom-12,gross_reference,2354060058c8498ad69c397726d3d77068989c4f3a2a03df8d7cb42b93007edb,7b7e473b9bb74e35,0.0,0,0.0,0.0,1,7453d8f230dd1ef7fc361e23f107762c1d6acd102f692da6cec81296535d87ef,common complete dates,2023,ok,228,-5085.0,-5085.0,0.0,0.0,602,1204,-0.05085,-22.30263157894737,-0.05620263157894737,0.07317575385572293,-0.7680499156832653,-0.08887795275590551,"conditional complete-window sum on stated capital, not live equity or intraday drawdown",0.3586440058479532,283487.22397808684,mean across entered windows; not equal-risk sizing or margin availability,228,252,0.0,0.0
NQ,mom-12,gross_reference,2354060058c8498ad69c397726d3d77068989c4f3a2a03df8d7cb42b93007edb,7b7e473b9bb74e35,0.0,0,0.0,0.0,1,7453d8f230dd1ef7fc361e23f107762c1d6acd102f692da6cec81296535d87ef,common complete dates,2024,ok,213,-8620.0,-8620.0,0.0,0.0,562,1124,-0.0862,-40.46948356807512,-0.1019830985915493,0.08780376160177727,-1.1614889468412595,-0.0862,"conditional complete-window sum on stated capital, not live equity or intraday drawdown",0.35279733959311427,381431.79417738656,mean across entered windows; not equal-risk sizing or margin availability,213,252,0.0,0.0
NQ,mom-12,gross_reference,2354060058c8498ad69c397726d3d77068989c4f3a2a03df8d7cb42b93007edb,7b7e473b9bb74e35,0.0,0,0.0,0.0,1,7453d8f230dd1ef7fc361e23f107762c1d6acd102f692da6cec81296535d87ef,common complete dates,2025,ok,142,-8415.0,-8415.0,0.0,0.0,353,706,-0.08415,-59.26056338028169,-0.14933661971830986,0.19584997937614443,-0.7625051592754973,-0.1292826680722603,"conditional complete-window sum on stated capital, not live equity or intraday drawdown",0.35563380281690143,440940.9686761229,mean across entered windows; not equal-risk sizing or margin availability,142,252,0.0,0.0
NQ,mom-12,gross_reference,2354060058c8498ad69c397726d3d77068989c4f3a2a03df8d7cb42b93007edb,7b7e473b9bb74e35,0.0,0,0.0,0.0,1,7453d8f230dd1ef7fc361e23f107762c1d6acd102f692da6cec81296535d87ef,common complete dates,2026,ok,109,12960.0,12960.0,0.0,0.0,276,552,0.1296,118.89908256880734,0.2996256880733945,0.2008461994685949,1.4918165684297413,-0.11767015706806283,"conditional complete-window sum on stated capital, not live equity or intraday drawdown",0.35397553516819574,536496.3026895943,mean across entered windows; not equal-risk sizing or margin availability,109,252,0.0,0.0
NQ,mom-12,cost_stress,2354060058c8498ad69c397726d3d77068989c4f3a2a03df8d7cb42b93007edb,a2d01f208948011e,5.0,2,0.0,0.0,1,7453d8f230dd1ef7fc361e23f107762c1d6acd102f692da6cec81296535d87ef,common complete dates,whole,ok,1901,-3690.0,-147450.0,47920.0,95840.0,4792,9584,-1.4745,-77.56443976854287,-0.195462388216728,0.103548574079929,-1.8876395928528276,-1.58725,"conditional complete-window sum on stated capital, not live equity or intraday drawdown",0.3554488865509381,270321.24429457955,mean across entered windows; not equal-risk sizing or margin availability,1901,252,0.0,0.0
NQ,mom-12,cost_stress,2354060058c8498ad69c397726d3d77068989c4f3a2a03df8d7cb42b93007edb,a2d01f208948011e,5.0,2,0.0,0.0,1,7453d8f230dd1ef7fc361e23f107762c1d6acd102f692da6cec81296535d87ef,common complete dates,development,ok,970,9205.0,-63275.0,24160.0,48320.0,2416,4832,-0.63275,-65.23195876288659,-0.1643845360824742,0.0646605758315427,-2.5422683601014926,-0.6544,"conditional complete-window sum on stated capital, not live equity or intraday drawdown",0.3583118556701031,190947.92343384586,mean across entered windows; not equal-risk sizing or margin availability,970,252,0.0,0.0
NQ,mom-12,cost_stress,2354060058c8498ad69c397726d3d77068989c4f3a2a03df8d7cb42b93007edb,a2d01f208948011e,5.0,2,0.0,0.0,1,7453d8f230dd1ef7fc361e23f107762c1d6acd102f692da6cec81296535d87ef,common complete dates,validation,ok,467,-8820.0,-44370.0,11850.0,23700.0,1185,2370,-0.4437,-95.01070663811564,-0.2394269807280514,0.0997597408697147,-2.400036113172556,-0.4695842868039664,"conditional complete-window sum on stated capital, not live equity or intraday drawdown",0.35099928622412563,269698.46803969966,mean across entered windows; not equal-risk sizing or margin availability,467,252,0.0,0.0
NQ,mom-12,cost_stress,2354060058c8498ad69c397726d3d77068989c4f3a2a03df8d7cb42b93007edb,a2d01f208948011e,5.0,2,0.0,0.0,1,7453d8f230dd1ef7fc361e23f107762c1d6acd102f692da6cec81296535d87ef,common complete dates,historical_final,ok,464,-4075.0,-39805.0,11910.0,23820.0,1191,2382,-0.39805,-85.78663793103448,-0.21618232758620687,0.15879731158063126,-1.3613727174243608,-0.5108,"conditional complete-window sum on stated capital, not live equity or intraday drawdown",0.3539421695402299,436079.09966356104,mean across entered windows; not equal-risk sizing or margin availability,464,252,0.0,0.0
NQ,mom-12,cost_stress,2354060058c8498ad69c397726d3d77068989c4f3a2a03df8d7cb42b93007edb,a2d01f208948011e,5.0,2,0.0,0.0,1,7453d8f230dd1ef7fc361e23f107762c1d6acd102f692da6cec81296535d87ef,common complete dates,2016,ok,27,-900.0,-2940.0,680.0,1360.0,68,136,-0.0294,-108.88888888888889,-0.2744,0.020586702205363242,-13.328992534244431,-0.0294,"conditional complete-window sum on stated capital, not live equity or intraday drawdown",0.32330246913580246,95838.76543209876,mean across entered windows; not equal-risk sizing or margin availability,27,252,0.0,0.0
NQ,mom-12,cost_stress,2354060058c8498ad69c397726d3d77068989c4f3a2a03df8d7cb42b93007edb,a2d01f208948011e,5.0,2,0.0,0.0,1,7453d8f230dd1ef7fc361e23f107762c1d6acd102f692da6cec81296535d87ef,common complete dates,2017,ok,49,1750.0,-1790.0,1180.0,2360.0,118,236,-0.0179,-36.53061224489796,-0.09205714285714285,0.022357501138160703,-4.117505900514791,-0.0179,"conditional complete-window sum on stated capital, not live equity or intraday drawdown",0.3567176870748299,117895.89492753624,mean across entered windows; not equal-risk sizing or margin availability,49,252,0.0,0.0
NQ,mom-12,cost_stress,2354060058c8498ad69c397726d3d77068989c4f3a2a03df8d7cb42b93007edb,a2d01f208948011e,5.0,2,0.0,0.0,1,7453d8f230dd1ef7fc361e23f107762c1d6acd102f692da6cec81296535d87ef,common complete dates,2018,ok,212,3070.0,-13070.0,5380.0,10760.0,538,1076,-0.1307,-61.65094339622642,-0.15536037735849056,0.04902614732673356,-3.1689289456725027,-0.14196824132609887,"conditional complete-window sum on stated capital, not live equity or intraday drawdown",0.35780267295597484,139820.85,mean across entered windows; not equal-risk sizing or margin availability,212,252,0.0,0.0
NQ,mom-12,cost_stress,2354060058c8498ad69c397726d3d77068989c4f3a2a03df8d7cb42b93007edb,a2d01f208948011e,5.0,2,0.0,0.0,1,7453d8f230dd1ef7fc361e23f107762c1d6acd102f692da6cec81296535d87ef,common complete dates,2019,ok,220,4150.0,-11870.0,5340.0,10680.0,534,1068,-0.1187,-53.95454545454545,-0.13596545454545456,0.04030320361545398,-3.373564440255056,-0.12555,"conditional complete-window sum on stated capital, not live equity or intraday drawdown",0.3652462121212121,151410.38921504674,mean across entered windows; not equal-risk sizing or margin availability,220,252,0.0,0.0
NQ,mom-12,cost_stress,2354060058c8498ad69c397726d3d77068989c4f3a2a03df8d7cb42b93007edb,a2d01f208948011e,5.0,2,0.0,0.0,1,7453d8f230dd1ef7fc361e23f107762c1d6acd102f692da6cec81296535d87ef,common complete dates,2020,ok,233,4300.0,-13400.0,5900.0,11800.0,590,1180,-0.134,-57.51072961373391,-0.14492703862660944,0.0891624253245658,-1.6254272817170614,-0.16091036134957076,"conditional complete-window sum on stated capital, not live equity or intraday drawdown",0.35881616595135907,205609.94813664595,mean across entered windows; not equal-risk sizing or margin availability,233,252,0.0,0.0
NQ,mom-12,cost_stress,2354060058c8498ad69c397726d3d77068989c4f3a2a03df8d7cb42b93007edb,a2d01f208948011e,5.0,2,0.0,0.0,1,7453d8f230dd1ef7fc361e23f107762c1d6acd102f692da6cec81296535d87ef,common complete dates,2021,ok,229,-3165.0,-20205.0,5680.0,11360.0,568,1136,-0.20205,-88.23144104803494,-0.22234323144104806,0.07558564098550777,-2.941606746229466,-0.2237,"conditional complete-window sum on stated capital, not live equity or intraday drawdown",0.3560771470160116,288510.0581481482,mean across entered windows; not equal-risk sizing or margin availability,229,252,0.0,0.0
NQ,mom-12,cost_stress,2354060058c8498ad69c397726d3d77068989c4f3a2a03df8d7cb42b93007edb,a2d01f208948011e,5.0,2,0.0,0.0,1,7453d8f230dd1ef7fc361e23f107762c1d6acd102f692da6cec81296535d87ef,common complete dates,2022,ok,239,-3735.0,-21225.0,5830.0,11660.0,583,1166,-0.21225,-88.80753138075313,-0.22379497907949789,0.11885617439568033,-1.8829057911158165,-0.25600686498855835,"conditional complete-window sum on stated capital, not live equity or intraday drawdown",0.3437064156206416,256549.6965541491,mean across entered windows; not equal-risk sizing or margin availability,239,252,0.0,0.0
NQ,mom-12,cost_stress,2354060058c8498ad69c397726d3d77068989c4f3a2a03df8d7cb42b93007edb,a2d01f208948011e,5.0,2,0.0,0.0,1,7453d8f230dd1ef7fc361e23f107762c1d6acd102f692da6cec81296535d87ef,common complete dates,2023,ok,228,-5085.0,-23145.0,6020.0,12040.0,602,1204,-0.23145,-101.51315789473684,-0.25581315789473685,0.07494444328807086,-3.413370580543834,-0.23477871260018918,"conditional complete-window sum on stated capital, not live equity or intraday drawdown",0.3586440058479532,283487.22397808684,mean across entered windows; not equal-risk sizing or margin availability,228,252,0.0,0.0
NQ,mom-12,cost_stress,2354060058c8498ad69c397726d3d77068989c4f3a2a03df8d7cb42b93007edb,a2d01f208948011e,5.0,2,0.0,0.0,1,7453d8f230dd1ef7fc361e23f107762c1d6acd102f692da6cec81296535d87ef,common complete dates,2024,ok,213,-8620.0,-25480.0,5620.0,11240.0,562,1124,-0.2548,-119.6244131455399,-0.30145352112676055,0.0894352317247774,-3.3706349870533745,-0.2548,"conditional complete-window sum on stated capital, not live equity or intraday drawdown",0.35279733959311427,381431.79417738656,mean across entered windows; not equal-risk sizing or margin availability,213,252,0.0,0.0
NQ,mom-12,cost_stress,2354060058c8498ad69c397726d3d77068989c4f3a2a03df8d7cb42b93007edb,a2d01f208948011e,5.0,2,0.0,0.0,1,7453d8f230dd1ef7fc361e23f107762c1d6acd102f692da6cec81296535d87ef,common complete dates,2025,ok,142,-8415.0,-19005.0,3530.0,7060.0,353,706,-0.19005,-133.83802816901408,-0.33727183098591546,0.1970682287889709,-1.711447010299568,-0.21023954447280582,"conditional complete-window sum on stated capital, not live equity or intraday drawdown",0.35563380281690143,440940.9686761229,mean across entered windows; not equal-risk sizing or margin availability,142,252,0.0,0.0
NQ,mom-12,cost_stress,2354060058c8498ad69c397726d3d77068989c4f3a2a03df8d7cb42b93007edb,a2d01f208948011e,5.0,2,0.0,0.0,1,7453d8f230dd1ef7fc361e23f107762c1d6acd102f692da6cec81296535d87ef,common complete dates,2026,ok,109,12960.0,4680.0,2760.0,5520.0,276,552,0.0468,42.93577981651376,0.10819816513761467,0.20284509063595066,0.5334029273195457,-0.14718100890207717,"conditional complete-window sum on stated capital, not live equity or intraday drawdown",0.35397553516819574,536496.3026895943,mean across entered windows; not equal-risk sizing or margin availability,109,252,0.0,0.0
NQ,mom-12,delay_stress,2354060058c8498ad69c397726d3d77068989c4f3a2a03df8d7cb42b93007edb,0abcc61aa619bd49,2.5,1,0.0,0.0,5,7453d8f230dd1ef7fc361e23f107762c1d6acd102f692da6cec81296535d87ef,common complete dates,whole,ok,1901,5540.0,-64315.0,23285.0,46570.0,4657,9314,-0.64315,-33.83219358232509,-0.08525712782745923,0.09963657589945193,-0.855681029359101,-0.8252,"conditional complete-window sum on stated capital, not live equity or intraday drawdown",0.3510871471155532,270367.6275510204,mean across entered windows; not equal-risk sizing or margin availability,1901,252,0.0,0.0
NQ,mom-12,delay_stress,2354060058c8498ad69c397726d3d77068989c4f3a2a03df8d7cb42b93007edb,0abcc61aa619bd49,2.5,1,0.0,0.0,5,7453d8f230dd1ef7fc361e23f107762c1d6acd102f692da6cec81296535d87ef,common complete dates,development,ok,970,5600.0,-29785.0,11795.0,23590.0,2359,4718,-0.29785,-30.70618556701031,-0.07737958762886599,0.06448135417265093,-1.2000304370419954,-0.3149,"conditional complete-window sum on stated capital, not live equity or intraday drawdown",0.3548539518900344,190824.980108815,mean across entered windows; not equal-risk sizing or margin availability,970,252,0.0,0.0
NQ,mom-12,delay_stress,2354060058c8498ad69c397726d3d77068989c4f3a2a03df8d7cb42b93007edb,0abcc61aa619bd49,2.5,1,0.0,0.0,5,7453d8f230dd1ef7fc361e23f107762c1d6acd102f692da6cec81296535d87ef,common complete dates,validation,ok,467,-6905.0,-24050.0,5715.0,11430.0,1143,2286,-0.2405,-51.49892933618844,-0.12977730192719486,0.09643876750269502,-1.3456963966650466,-0.3137075359399322,"conditional complete-window sum on stated capital, not live equity or intraday drawdown",0.34609207708779444,269624.5721500722,mean across entered windows; not equal-risk sizing or margin availability,467,252,0.0,0.0
NQ,mom-12,delay_stress,2354060058c8498ad69c397726d3d77068989c4f3a2a03df8d7cb42b93007edb,0abcc61aa619bd49,2.5,1,0.0,0.0,5,7453d8f230dd1ef7fc361e23f107762c1d6acd102f692da6cec81296535d87ef,common complete dates,historical_final,ok,464,6845.0,-10480.0,5775.0,11550.0,1155,2310,-0.1048,-22.586206896551722,-0.05691724137931034,0.15054834311148818,-0.3780662091854471,-0.29303593556381663,"conditional complete-window sum on stated capital, not live equity or intraday drawdown",0.34823994252873564,436078.4476708075,mean across entered windows; not equal-risk sizing or margin availability,464,252,0.0,0.0
NQ,mom-12,delay_stress,2354060058c8498ad69c397726d3d77068989c4f3a2a03df8d7cb42b93007edb,0abcc61aa619bd49,2.5,1,0.0,0.0,5,7453d8f230dd1ef7fc361e23f107762c1d6acd102f692da6cec81296535d87ef,common complete dates,2016,ok,27,-1495.0,-2500.0,335.0,670.0,67,134,-0.025,-92.5925925925926,-0.23333333333333334,0.03373341567842387,-6.916979162669702,-0.025,"conditional complete-window sum on stated capital, not live equity or intraday drawdown",0.32330246913580246,95841.86728395062,mean across entered windows; not equal-risk sizing or margin availability,27,252,0.0,0.0
NQ,mom-12,delay_stress,2354060058c8498ad69c397726d3d77068989c4f3a2a03df8d7cb42b93007edb,0abcc61aa619bd49,2.5,1,0.0,0.0,5,7453d8f230dd1ef7fc361e23f107762c1d6acd102f692da6cec81296535d87ef,common complete dates,2017,ok,49,1340.0,-400.0,580.0,1160.0,116,232,-0.004,-8.16326530612245,-0.02057142857142857,0.022384776395705058,-0.9189919169965706,-0.008691742844297917,"conditional complete-window sum on stated capital, not live equity or intraday drawdown",0.35331632653061223,117900.44565217392,mean across entered windows; not equal-risk sizing or margin availability,49,252,0.0,0.0
NQ,mom-12,delay_stress,2354060058c8498ad69c397726d3d77068989c4f3a2a03df8d7cb42b93007edb,0abcc61aa619bd49,2.5,1,0.0,0.0,5,7453d8f230dd1ef7fc361e23f107762c1d6acd102f692da6cec81296535d87ef,common complete dates,2018,ok,212,1465.0,-6380.0,2615.0,5230.0,523,1046,-0.0638,-30.09433962264151,-0.0758377358490566,0.04800991369053536,-1.579626581665928,-0.09682038115927719,"conditional complete-window sum on stated capital, not live equity or intraday drawdown",0.3536753144654088,139827.41190476192,mean across entered windows; not equal-risk sizing or margin availability,212,252,0.0,0.0
NQ,mom-12,delay_stress,2354060058c8498ad69c397726d3d77068989c4f3a2a03df8d7cb42b93007edb,0abcc61aa619bd49,2.5,1,0.0,0.0,5,7453d8f230dd1ef7fc361e23f107762c1d6acd102f692da6cec81296535d87ef,common complete dates,2019,ok,220,3785.0,-4075.0,2620.0,5240.0,524,1048,-0.04075,-18.522727272727273,-0.04667727272727273,0.040282192443062546,-1.1587570064178956,-0.047790262172284645,"conditional complete-window sum on stated capital, not live equity or intraday drawdown",0.3625,151413.98130028267,mean across entered windows; not equal-risk sizing or margin availability,220,252,0.0,0.0
NQ,mom-12,delay_stress,2354060058c8498ad69c397726d3d77068989c4f3a2a03df8d7cb42b93007edb,0abcc61aa619bd49,2.5,1,0.0,0.0,5,7453d8f230dd1ef7fc361e23f107762c1d6acd102f692da6cec81296535d87ef,common complete dates,2020,ok,233,2615.0,-5980.0,2865.0,5730.0,573,1146,-0.0598,-25.665236051502145,-0.0646763948497854,0.08806182026212743,-0.7344430839297637,-0.10030978020356984,"conditional complete-window sum on stated capital, not live equity or intraday drawdown",0.35371959942775394,205516.88815789475,mean across entered windows; not equal-risk sizing or margin availability,233,252,0.0,0.0
NQ,mom-12,delay_stress,2354060058c8498ad69c397726d3d77068989c4f3a2a03df8d7cb42b93007edb,0abcc61aa619bd49,2.5,1,0.0,0.0,5,7453d8f230dd1ef7fc361e23f107762c1d6acd102f692da6cec81296535d87ef,common complete dates,2021,ok,229,-2110.0,-10450.0,2780.0,5560.0,556,1112,-0.1045,-45.633187772925766,-0.11499563318777292,0.07634699170109116,-1.5062235017457724,-0.12155,"conditional complete-window sum on stated capital, not live equity or intraday drawdown",0.3538027656477438,288636.6571534864,mean across entered windows; not equal-risk sizing or margin availability,229,252,0.0,0.0
NQ,mom-12,delay_stress,2354060058c8498ad69c397726d3d77068989c4f3a2a03df8d7cb42b93007edb,0abcc61aa619bd49,2.5,1,0.0,0.0,5,7453d8f230dd1ef7fc361e23f107762c1d6acd102f692da6cec81296535d87ef,common complete dates,2022,ok,239,-640.0,-9100.0,2820.0,5640.0,564,1128,-0.091,-38.07531380753138,-0.09594979079497908,0.11523913151760272,-0.8326146642325467,-0.19123706620272868,"conditional complete-window sum on stated capital, not live equity or intraday drawdown",0.3392608089260809,256346.43361581923,mean across entered windows; not equal-risk sizing or margin availability,239,252,0.0,0.0
NQ,mom-12,delay_stress,2354060058c8498ad69c397726d3d77068989c4f3a2a03df8d7cb42b93007edb,0abcc61aa619bd49,2.5,1,0.0,0.0,5,7453d8f230dd1ef7fc361e23f107762c1d6acd102f692da6cec81296535d87ef,common complete dates,2023,ok,228,-6265.0,-14950.0,2895.0,5790.0,579,1158,-0.1495,-65.5701754385965,-0.16523684210526315,0.07182720798298592,-2.3004770301583166,-0.1595,"conditional complete-window sum on stated capital, not live equity or intraday drawdown",0.3532529239766082,283490.2389380531,mean across entered windows; not equal-risk sizing or margin availability,228,252,0.0,0.0
NQ,mom-12,delay_stress,2354060058c8498ad69c397726d3d77068989c4f3a2a03df8d7cb42b93007edb,0abcc61aa619bd49,2.5,1,0.0,0.0,5,7453d8f230dd1ef7fc361e23f107762c1d6acd102f692da6cec81296535d87ef,common complete dates,2024,ok,213,-1595.0,-9785.0,2730.0,5460.0,546,1092,-0.09785,-45.93896713615023,-0.1157661971830986,0.08260056842298459,-1.4015181661980582,-0.10567534076827757,"conditional complete-window sum on stated capital, not live equity or intraday drawdown",0.3477112676056338,381438.2607199278,mean across entered windows; not equal-risk sizing or margin availability,213,252,0.0,0.0
NQ,mom-12,delay_stress,2354060058c8498ad69c397726d3d77068989c4f3a2a03df8d7cb42b93007edb,0abcc61aa619bd49,2.5,1,0.0,0.0,5,7453d8f230dd1ef7fc361e23f107762c1d6acd102f692da6cec81296535d87ef,common complete dates,2025,ok,142,-12535.0,-17680.0,1715.0,3430.0,343,686,-0.1768,-124.50704225352112,-0.3137577464788732,0.18114712547216003,-1.7320603109823773,-0.20236761338724607,"conditional complete-window sum on stated capital, not live equity or intraday drawdown",0.3506455399061033,440934.96572104015,mean across entered windows; not equal-risk sizing or margin availability,142,252,0.0,0.0
NQ,mom-12,delay_stress,2354060058c8498ad69c397726d3d77068989c4f3a2a03df8d7cb42b93007edb,0abcc61aa619bd49,2.5,1,0.0,0.0,5,7453d8f230dd1ef7fc361e23f107762c1d6acd102f692da6cec81296535d87ef,common complete dates,2026,ok,109,20975.0,16985.0,1330.0,2660.0,266,532,0.16985,155.8256880733945,0.3926807339449542,0.1993743321674511,1.9695651374779195,-0.10278108521857458,"conditional complete-window sum on stated capital, not live equity or intraday drawdown",0.34613914373088683,536488.7291666666,mean across entered windows; not equal-risk sizing or margin availability,109,252,0.0,0.0
NQ,mom-12,combined_stress,2354060058c8498ad69c397726d3d77068989c4f3a2a03df8d7cb42b93007edb,e9fd1c6d7ac3628d,5.0,2,0.0,0.0,5,7453d8f230dd1ef7fc361e23f107762c1d6acd102f692da6cec81296535d87ef,common complete dates,whole,ok,1901,5540.0,-134170.0,46570.0,93140.0,4657,9314,-1.3417,-70.57864281956864,-0.17785817990531297,0.10018872307595313,-1.7752315275091248,-1.48805,"conditional complete-window sum on stated capital, not live equity or intraday drawdown",0.3510871471155532,270367.6275510204,mean across entered windows; not equal-risk sizing or margin availability,1901,252,0.0,0.0
NQ,mom-12,combined_stress,2354060058c8498ad69c397726d3d77068989c4f3a2a03df8d7cb42b93007edb,e9fd1c6d7ac3628d,5.0,2,0.0,0.0,5,7453d8f230dd1ef7fc361e23f107762c1d6acd102f692da6cec81296535d87ef,common complete dates,development,ok,970,5600.0,-65170.0,23590.0,47180.0,2359,4718,-0.6517,-67.18556701030928,-0.16930762886597941,0.06504636592135538,-2.60287606337119,-0.6656,"conditional complete-window sum on stated capital, not live equity or intraday drawdown",0.3548539518900344,190824.980108815,mean across entered windows; not equal-risk sizing or margin availability,970,252,0.0,0.0
NQ,mom-12,combined_stress,2354060058c8498ad69c397726d3d77068989c4f3a2a03df8d7cb42b93007edb,e9fd1c6d7ac3628d,5.0,2,0.0,0.0,5,7453d8f230dd1ef7fc361e23f107762c1d6acd102f692da6cec81296535d87ef,common complete dates,validation,ok,467,-6905.0,-41195.0,11430.0,22860.0,1143,2286,-0.41195,-88.21199143468951,-0.22229421841541755,0.09718412181906051,-2.2873512077342197,-0.45738688827331486,"conditional complete-window sum on stated capital, not live equity or intraday drawdown",0.34609207708779444,269624.5721500722,mean across entered windows; not equal-risk sizing or margin availability,467,252,0.0,0.0
NQ,mom-12,combined_stress,2354060058c8498ad69c397726d3d77068989c4f3a2a03df8d7cb42b93007edb,e9fd1c6d7ac3628d,5.0,2,0.0,0.0,5,7453d8f230dd1ef7fc361e23f107762c1d6acd102f692da6cec81296535d87ef,common complete dates,historical_final,ok,464,6845.0,-27805.0,11550.0,23100.0,1155,2310,-0.27805,-59.92456896551724,-0.15100991379310344,0.1510609822325626,-0.9996619349437269,-0.426178845578706,"conditional complete-window sum on stated capital, not live equity or intraday drawdown",0.34823994252873564,436078.4476708075,mean across entered windows; not equal-risk sizing or margin availability,464,252,0.0,0.0
NQ,mom-12,combined_stress,2354060058c8498ad69c397726d3d77068989c4f3a2a03df8d7cb42b93007edb,e9fd1c6d7ac3628d,5.0,2,0.0,0.0,5,7453d8f230dd1ef7fc361e23f107762c1d6acd102f692da6cec81296535d87ef,common complete dates,2016,ok,27,-1495.0,-3505.0,670.0,1340.0,67,134,-0.03505,-129.8148148148148,-0.32713333333333333,0.03482002444806872,-9.394977129359187,-0.03505,"conditional complete-window sum on stated capital, not live equity or intraday drawdown",0.32330246913580246,95841.86728395062,mean across entered windows; not equal-risk sizing or margin availability,27,252,0.0,0.0
NQ,mom-12,combined_stress,2354060058c8498ad69c397726d3d77068989c4f3a2a03df8d7cb42b93007edb,e9fd1c6d7ac3628d,5.0,2,0.0,0.0,5,7453d8f230dd1ef7fc361e23f107762c1d6acd102f692da6cec81296535d87ef,common complete dates,2017,ok,49,1340.0,-2140.0,1160.0,2320.0,116,232,-0.0214,-43.673469387755105,-0.11005714285714287,0.02364514447286921,-4.6545345909568905,-0.0214,"conditional complete-window sum on stated capital, not live equity or intraday drawdown",0.35331632653061223,117900.44565217392,mean across entered windows; not equal-risk sizing or margin availability,49,252,0.0,0.0
NQ,mom-12,combined_stress,2354060058c8498ad69c397726d3d77068989c4f3a2a03df8d7cb42b93007edb,e9fd1c6d7ac3628d,5.0,2,0.0,0.0,5,7453d8f230dd1ef7fc361e23f107762c1d6acd102f692da6cec81296535d87ef,common complete dates,2018,ok,212,1465.0,-14225.0,5230.0,10460.0,523,1046,-0.14225,-67.09905660377359,-0.16908962264150945,0.04861070383069818,-3.4784442379278517,-0.1568637175163658,"conditional complete-window sum on stated capital, not live equity or intraday drawdown",0.3536753144654088,139827.41190476192,mean across entered windows; not equal-risk sizing or margin availability,212,252,0.0,0.0
NQ,mom-12,combined_stress,2354060058c8498ad69c397726d3d77068989c4f3a2a03df8d7cb42b93007edb,e9fd1c6d7ac3628d,5.0,2,0.0,0.0,5,7453d8f230dd1ef7fc361e23f107762c1d6acd102f692da6cec81296535d87ef,common complete dates,2019,ok,220,3785.0,-11935.0,5240.0,10480.0,524,1048,-0.11935,-54.25,-0.13671,0.040922129609550155,-3.3407352282100065,-0.1208439578021099,"conditional complete-window sum on stated capital, not live equity or intraday drawdown",0.3625,151413.98130028267,mean across entered windows; not equal-risk sizing or margin availability,220,252,0.0,0.0
NQ,mom-12,combined_stress,2354060058c8498ad69c397726d3d77068989c4f3a2a03df8d7cb42b93007edb,e9fd1c6d7ac3628d,5.0,2,0.0,0.0,5,7453d8f230dd1ef7fc361e23f107762c1d6acd102f692da6cec81296535d87ef,common complete dates,2020,ok,233,2615.0,-14575.0,5730.0,11460.0,573,1146,-0.14575,-62.55364806866953,-0.15763519313304722,0.08875711094875281,-1.7760288888184264,-0.15862034640652997,"conditional complete-window sum on stated capital, not live equity or intraday drawdown",0.35371959942775394,205516.88815789475,mean across entered windows; not equal-risk sizing or margin availability,233,252,0.0,0.0
NQ,mom-12,combined_stress,2354060058c8498ad69c397726d3d77068989c4f3a2a03df8d7cb42b93007edb,e9fd1c6d7ac3628d,5.0,2,0.0,0.0,5,7453d8f230dd1ef7fc361e23f107762c1d6acd102f692da6cec81296535d87ef,common complete dates,2021,ok,229,-2110.0,-18790.0,5560.0,11120.0,556,1112,-0.1879,-82.0524017467249,-0.20677205240174676,0.07674396574237714,-2.694310235359255,-0.2018,"conditional complete-window sum on stated capital, not live equity or intraday drawdown",0.3538027656477438,288636.6571534864,mean across entered windows; not equal-risk sizing or margin availability,229,252,0.0,0.0
NQ,mom-12,combined_stress,2354060058c8498ad69c397726d3d77068989c4f3a2a03df8d7cb42b93007edb,e9fd1c6d7ac3628d,5.0,2,0.0,0.0,5,7453d8f230dd1ef7fc361e23f107762c1d6acd102f692da6cec81296535d87ef,common complete dates,2022,ok,239,-640.0,-17560.0,5640.0,11280.0,564,1128,-0.1756,-73.47280334728033,-0.18515146443514643,0.11605953128403776,-1.5953145974889118,-0.24344413665743306,"conditional complete-window sum on stated capital, not live equity or intraday drawdown",0.3392608089260809,256346.43361581923,mean across entered windows; not equal-risk sizing or margin availability,239,252,0.0,0.0
NQ,mom-12,combined_stress,2354060058c8498ad69c397726d3d77068989c4f3a2a03df8d7cb42b93007edb,e9fd1c6d7ac3628d,5.0,2,0.0,0.0,5,7453d8f230dd1ef7fc361e23f107762c1d6acd102f692da6cec81296535d87ef,common complete dates,2023,ok,228,-6265.0,-23635.0,5790.0,11580.0,579,1158,-0.23635,-103.66228070175438,-0.26122894736842106,0.07248755835184863,-3.6037763349737526,-0.23675,"conditional complete-window sum on stated capital, not live equity or intraday drawdown",0.3532529239766082,283490.2389380531,mean across entered windows; not equal-risk sizing or margin availability,228,252,0.0,0.0
NQ,mom-12,combined_stress,2354060058c8498ad69c397726d3d77068989c4f3a2a03df8d7cb42b93007edb,e9fd1c6d7ac3628d,5.0,2,0.0,0.0,5,7453d8f230dd1ef7fc361e23f107762c1d6acd102f692da6cec81296535d87ef,common complete dates,2024,ok,213,-1595.0,-17975.0,5460.0,10920.0,546,1092,-0.17975,-84.38967136150235,-0.21266197183098592,0.08308183623447075,-2.559668652854741,-0.18228491675805006,"conditional complete-window sum on stated capital, not live equity or intraday drawdown",0.3477112676056338,381438.2607199278,mean across entered windows; not equal-risk sizing or margin availability,213,252,0.0,0.0
NQ,mom-12,combined_stress,2354060058c8498ad69c397726d3d77068989c4f3a2a03df8d7cb42b93007edb,e9fd1c6d7ac3628d,5.0,2,0.0,0.0,5,7453d8f230dd1ef7fc361e23f107762c1d6acd102f692da6cec81296535d87ef,common complete dates,2025,ok,142,-12535.0,-22825.0,3430.0,6860.0,343,686,-0.22825,-160.7394366197183,-0.40506338028169014,0.1817073411447416,-2.2292075693245166,-0.24953590620420127,"conditional complete-window sum on stated capital, not live equity or intraday drawdown",0.3506455399061033,440934.96572104015,mean across entered windows; not equal-risk sizing or margin availability,142,252,0.0,0.0
NQ,mom-12,combined_stress,2354060058c8498ad69c397726d3d77068989c4f3a2a03df8d7cb42b93007edb,e9fd1c6d7ac3628d,5.0,2,0.0,0.0,5,7453d8f230dd1ef7fc361e23f107762c1d6acd102f692da6cec81296535d87ef,common complete dates,2026,ok,109,20975.0,12995.0,2660.0,5320.0,266,532,0.12995,119.22018348623853,0.3004348623853211,0.1999729532552819,1.5023774840280093,-0.11705772650388169,"conditional complete-window sum on stated capital, not live equity or intraday drawdown",0.34613914373088683,536488.7291666666,mean across entered windows; not equal-risk sizing or margin availability,109,252,0.0,0.0
NQ,revert-6-0.5,base,2354060058c8498ad69c397726d3d77068989c4f3a2a03df8d7cb42b93007edb,834526f7f57f08a0,2.5,1,0.0,0.0,1,7453d8f230dd1ef7fc361e23f107762c1d6acd102f692da6cec81296535d87ef,common complete dates,whole,ok,1901,-17000.0,-110645.0,31215.0,62430.0,6243,12486,-1.10645,-58.203577064702785,-0.146673014203051,0.10093970188977867,-1.4530755635003851,-1.2034,"conditional complete-window sum on stated capital, not live equity or intraday drawdown",0.2827568823426267,270097.49816319364,mean across entered windows; not equal-risk sizing or margin availability,1901,252,0.0,0.0
NQ,revert-6-0.5,base,2354060058c8498ad69c397726d3d77068989c4f3a2a03df8d7cb42b93007edb,834526f7f57f08a0,2.5,1,0.0,0.0,1,7453d8f230dd1ef7fc361e23f107762c1d6acd102f692da6cec81296535d87ef,common complete dates,development,ok,970,-2480.0,-50540.0,16020.0,32040.0,3204,6408,-0.5054,-52.103092783505154,-0.131299793814433,0.07525780132775273,-1.7446668849999176,-0.52235,"conditional complete-window sum on stated capital, not live equity or intraday drawdown",0.28073453608247423,191079.19933411962,mean across entered windows; not equal-risk sizing or margin availability,970,252,0.0,0.0
NQ,revert-6-0.5,base,2354060058c8498ad69c397726d3d77068989c4f3a2a03df8d7cb42b93007edb,834526f7f57f08a0,2.5,1,0.0,0.0,1,7453d8f230dd1ef7fc361e23f107762c1d6acd102f692da6cec81296535d87ef,common complete dates,validation,ok,467,3300.0,-19560.0,7620.0,15240.0,1524,3048,-0.1956,-41.88436830835118,-0.10554860813704496,0.09597968638184816,-1.0996973642644294,-0.2475833965125095,"conditional complete-window sum on stated capital, not live equity or intraday drawdown",0.2868486795146324,269683.9282655246,mean across entered windows; not equal-risk sizing or margin availability,467,252,0.0,0.0
NQ,revert-6-0.5,base,2354060058c8498ad69c397726d3d77068989c4f3a2a03df8d7cb42b93007edb,834526f7f57f08a0,2.5,1,0.0,0.0,1,7453d8f230dd1ef7fc361e23f107762c1d6acd102f692da6cec81296535d87ef,common complete dates,historical_final,ok,464,-17820.0,-40545.0,7575.0,15150.0,1515,3030,-0.40545,-87.38146551724138,-0.22020129310344827,0.14372224303873316,-1.5321309245368793,-0.5026735295587427,"conditional complete-window sum on stated capital, not live equity or intraday drawdown",0.2828663793103448,435889.87118173396,mean across entered windows; not equal-risk sizing or margin availability,464,252,0.0,0.0
NQ,revert-6-0.5,base,2354060058c8498ad69c397726d3d77068989c4f3a2a03df8d7cb42b93007edb,834526f7f57f08a0,2.5,1,0.0,0.0,1,7453d8f230dd1ef7fc361e23f107762c1d6acd102f692da6cec81296535d87ef,common complete dates,2016,ok,27,-1155.0,-2385.0,410.0,820.0,82,164,-0.02385,-88.33333333333333,-0.2226,0.017653785821918025,-12.609193418650825,-0.02385,"conditional complete-window sum on stated capital, not live equity or intraday drawdown",0.30478395061728397,95834.65123456791,mean across entered windows; not equal-risk sizing or margin availability,27,252,0.0,0.0
NQ,revert-6-0.5,base,2354060058c8498ad69c397726d3d77068989c4f3a2a03df8d7cb42b93007edb,834526f7f57f08a0,2.5,1,0.0,0.0,1,7453d8f230dd1ef7fc361e23f107762c1d6acd102f692da6cec81296535d87ef,common complete dates,2017,ok,49,335.0,-2035.0,790.0,1580.0,158,316,-0.02035,-41.53061224489796,-0.10465714285714287,0.016328705005077934,-6.409396386584017,-0.021,"conditional complete-window sum on stated capital, not live equity or intraday drawdown",0.26232993197278914,117999.05952380951,mean across entered windows; not equal-risk sizing or margin availability,49,252,0.0,0.0
NQ,revert-6-0.5,base,2354060058c8498ad69c397726d3d77068989c4f3a2a03df8d7cb42b93007edb,834526f7f57f08a0,2.5,1,0.0,0.0,1,7453d8f230dd1ef7fc361e23f107762c1d6acd102f692da6cec81296535d87ef,common complete dates,2018,ok,212,-975.0,-11160.0,3395.0,6790.0,679,1358,-0.1116,-52.64150943396226,-0.1326566037735849,0.046162333746913836,-2.873697948220688,-0.1378345984818218,"conditional complete-window sum on stated capital, not live equity or intraday drawdown",0.28596698113207547,139759.4795597484,mean across entered windows; not equal-risk sizing or margin availability,212,252,0.0,0.0
NQ,revert-6-0.5,base,2354060058c8498ad69c397726d3d77068989c4f3a2a03df8d7cb42b93007edb,834526f7f57f08a0,2.5,1,0.0,0.0,1,7453d8f230dd1ef7fc361e23f107762c1d6acd102f692da6cec81296535d87ef,common complete dates,2019,ok,220,2155.0,-8795.0,3650.0,7300.0,730,1460,-0.08795,-39.97727272727273,-0.10074272727272728,0.04191556565833607,-2.4034681553365083,-0.10390505736938002,"conditional complete-window sum on stated capital, not live equity or intraday drawdown",0.28020833333333334,151396.27386363636,mean across entered windows; not equal-risk sizing or margin availability,220,252,0.0,0.0
NQ,revert-6-0.5,base,2354060058c8498ad69c397726d3d77068989c4f3a2a03df8d7cb42b93007edb,834526f7f57f08a0,2.5,1,0.0,0.0,1,7453d8f230dd1ef7fc361e23f107762c1d6acd102f692da6cec81296535d87ef,common complete dates,2020,ok,233,-2455.0,-14275.0,3940.0,7880.0,788,1576,-0.14275,-61.26609442060086,-0.15439055793991419,0.11062505246159048,-1.3956202008900227,-0.14480969721155285,"conditional complete-window sum on stated capital, not live equity or intraday drawdown",0.2822782546494993,205805.89301042305,mean across entered windows; not equal-risk sizing or margin availability,233,252,0.0,0.0
NQ,revert-6-0.5,base,2354060058c8498ad69c397726d3d77068989c4f3a2a03df8d7cb42b93007edb,834526f7f57f08a0,2.5,1,0.0,0.0,1,7453d8f230dd1ef7fc361e23f107762c1d6acd102f692da6cec81296535d87ef,common complete dates,2021,ok,229,-385.0,-11890.0,3835.0,7670.0,767,1534,-0.1189,-51.92139737991266,-0.1308419213973799,0.08863804417517968,-1.4761372795950989,-0.16603937463810076,"conditional complete-window sum on stated capital, not live equity or intraday drawdown",0.2759279475982533,289023.20906432753,mean across entered windows; not equal-risk sizing or margin availability,229,252,0.0,0.0
NQ,revert-6-0.5,base,2354060058c8498ad69c397726d3d77068989c4f3a2a03df8d7cb42b93007edb,834526f7f57f08a0,2.5,1,0.0,0.0,1,7453d8f230dd1ef7fc361e23f107762c1d6acd102f692da6cec81296535d87ef,common complete dates,2022,ok,239,1610.0,-9940.0,3850.0,7700.0,770,1540,-0.0994,-41.58995815899581,-0.10480669456066945,0.11272682818331989,-0.9297404730507413,-0.1598749052312358,"conditional complete-window sum on stated capital, not live equity or intraday drawdown",0.28521617852161785,256706.58542538356,mean across entered windows; not equal-risk sizing or margin availability,239,252,0.0,0.0
NQ,revert-6-0.5,base,2354060058c8498ad69c397726d3d77068989c4f3a2a03df8d7cb42b93007edb,834526f7f57f08a0,2.5,1,0.0,0.0,1,7453d8f230dd1ef7fc361e23f107762c1d6acd102f692da6cec81296535d87ef,common complete dates,2023,ok,228,1690.0,-9620.0,3770.0,7540.0,754,1508,-0.0962,-42.19298245614035,-0.10632631578947369,0.07475337507802106,-1.4223614074749076,-0.11488160110967997,"conditional complete-window sum on stated capital, not live equity or intraday drawdown",0.2885599415204678,283287.37097953213,mean across entered windows; not equal-risk sizing or margin availability,228,252,0.0,0.0
NQ,revert-6-0.5,base,2354060058c8498ad69c397726d3d77068989c4f3a2a03df8d7cb42b93007edb,834526f7f57f08a0,2.5,1,0.0,0.0,1,7453d8f230dd1ef7fc361e23f107762c1d6acd102f692da6cec81296535d87ef,common complete dates,2024,ok,213,3535.0,-7130.0,3555.0,7110.0,711,1422,-0.0713,-33.47417840375587,-0.0843549295774648,0.09193366182735487,-0.9175630329604144,-0.1006,"conditional complete-window sum on stated capital, not live equity or intraday drawdown",0.2786580594679186,381206.45981444215,mean across entered windows; not equal-risk sizing or margin availability,213,252,0.0,0.0
NQ,revert-6-0.5,base,2354060058c8498ad69c397726d3d77068989c4f3a2a03df8d7cb42b93007edb,834526f7f57f08a0,2.5,1,0.0,0.0,1,7453d8f230dd1ef7fc361e23f107762c1d6acd102f692da6cec81296535d87ef,common complete dates,2025,ok,142,-20695.0,-27595.0,2300.0,4600.0,460,920,-0.27595,-194.33098591549296,-0.48971408450704224,0.17866307266643527,-2.7409921770535126,-0.2834735279564572,"conditional complete-window sum on stated capital, not live equity or intraday drawdown",0.2881455399061033,441287.4442488263,mean across entered windows; not equal-risk sizing or margin availability,142,252,0.0,0.0
NQ,revert-6-0.5,base,2354060058c8498ad69c397726d3d77068989c4f3a2a03df8d7cb42b93007edb,834526f7f57f08a0,2.5,1,0.0,0.0,1,7453d8f230dd1ef7fc361e23f107762c1d6acd102f692da6cec81296535d87ef,common complete dates,2026,ok,109,-660.0,-5820.0,1720.0,3440.0,344,688,-0.0582,-53.39449541284404,-0.134554128440367,0.17244145946348294,-0.7802887360093402,-0.1690681091713794,"conditional complete-window sum on stated capital, not live equity or intraday drawdown",0.2842125382262997,536640.901234568,mean across entered windows; not equal-risk sizing or margin availability,109,252,0.0,0.0
NQ,revert-6-0.5,gross_reference,2354060058c8498ad69c397726d3d77068989c4f3a2a03df8d7cb42b93007edb,e122eb05ba367646,0.0,0,0.0,0.0,1,7453d8f230dd1ef7fc361e23f107762c1d6acd102f692da6cec81296535d87ef,common complete dates,whole,ok,1901,-17000.0,-17000.0,0.0,0.0,6243,12486,-0.17,-8.942661756970017,-0.02253550762756444,0.10157767280497929,-0.22185493135711773,-0.3413632630714481,"conditional complete-window sum on stated capital, not live equity or intraday drawdown",0.2827568823426267,270097.49816319364,mean across entered windows; not equal-risk sizing or margin availability,1901,252,0.0,0.0
NQ,revert-6-0.5,gross_reference,2354060058c8498ad69c397726d3d77068989c4f3a2a03df8d7cb42b93007edb,e122eb05ba367646,0.0,0,0.0,0.0,1,7453d8f230dd1ef7fc361e23f107762c1d6acd102f692da6cec81296535d87ef,common complete dates,development,ok,970,-2480.0,-2480.0,0.0,0.0,3204,6408,-0.0248,-2.556701030927835,-0.0064428865979381435,0.0759695918229558,-0.08480875628439656,-0.09500710470870695,"conditional complete-window sum on stated capital, not live equity or intraday drawdown",0.28073453608247423,191079.19933411962,mean across entered windows; not equal-risk sizing or margin availability,970,252,0.0,0.0
NQ,revert-6-0.5,gross_reference,2354060058c8498ad69c397726d3d77068989c4f3a2a03df8d7cb42b93007edb,e122eb05ba367646,0.0,0,0.0,0.0,1,7453d8f230dd1ef7fc361e23f107762c1d6acd102f692da6cec81296535d87ef,common complete dates,validation,ok,467,3300.0,3300.0,0.0,0.0,1524,3048,0.033,7.0663811563169165,0.017807280513918628,0.09671040927041495,0.18412992611919518,-0.09975961538461539,"conditional complete-window sum on stated capital, not live equity or intraday drawdown",0.2868486795146324,269683.9282655246,mean across entered windows; not equal-risk sizing or margin availability,467,252,0.0,0.0
NQ,revert-6-0.5,gross_reference,2354060058c8498ad69c397726d3d77068989c4f3a2a03df8d7cb42b93007edb,e122eb05ba367646,0.0,0,0.0,0.0,1,7453d8f230dd1ef7fc361e23f107762c1d6acd102f692da6cec81296535d87ef,common complete dates,historical_final,ok,464,-17820.0,-17820.0,0.0,0.0,1515,3030,-0.1782,-38.4051724137931,-0.09678103448275863,0.14428765245689962,-0.6707506348241977,-0.34393674726487083,"conditional complete-window sum on stated capital, not live equity or intraday drawdown",0.2828663793103448,435889.87118173396,mean across entered windows; not equal-risk sizing or margin availability,464,252,0.0,0.0
NQ,revert-6-0.5,gross_reference,2354060058c8498ad69c397726d3d77068989c4f3a2a03df8d7cb42b93007edb,e122eb05ba367646,0.0,0,0.0,0.0,1,7453d8f230dd1ef7fc361e23f107762c1d6acd102f692da6cec81296535d87ef,common complete dates,2016,ok,27,-1155.0,-1155.0,0.0,0.0,82,164,-0.01155,-42.77777777777778,-0.1078,0.0185144434262717,-5.8224812660062755,-0.01391660015961692,"conditional complete-window sum on stated capital, not live equity or intraday drawdown",0.30478395061728397,95834.65123456791,mean across entered windows; not equal-risk sizing or margin availability,27,252,0.0,0.0
NQ,revert-6-0.5,gross_reference,2354060058c8498ad69c397726d3d77068989c4f3a2a03df8d7cb42b93007edb,e122eb05ba367646,0.0,0,0.0,0.0,1,7453d8f230dd1ef7fc361e23f107762c1d6acd102f692da6cec81296535d87ef,common complete dates,2017,ok,49,335.0,335.0,0.0,0.0,158,316,0.00335,6.836734693877551,0.01722857142857143,0.016071464285674606,1.0719976177857184,-0.00425,"conditional complete-window sum on stated capital, not live equity or intraday drawdown",0.26232993197278914,117999.05952380951,mean across entered windows; not equal-risk sizing or margin availability,49,252,0.0,0.0
NQ,revert-6-0.5,gross_reference,2354060058c8498ad69c397726d3d77068989c4f3a2a03df8d7cb42b93007edb,e122eb05ba367646,0.0,0,0.0,0.0,1,7453d8f230dd1ef7fc361e23f107762c1d6acd102f692da6cec81296535d87ef,common complete dates,2018,ok,212,-975.0,-975.0,0.0,0.0,679,1358,-0.00975,-4.599056603773585,-0.011589622641509433,0.04672820530970152,-0.24802199366949035,-0.04706936013533685,"conditional complete-window sum on stated capital, not live equity or intraday drawdown",0.28596698113207547,139759.4795597484,mean across entered windows; not equal-risk sizing or margin availability,212,252,0.0,0.0
NQ,revert-6-0.5,gross_reference,2354060058c8498ad69c397726d3d77068989c4f3a2a03df8d7cb42b93007edb,e122eb05ba367646,0.0,0,0.0,0.0,1,7453d8f230dd1ef7fc361e23f107762c1d6acd102f692da6cec81296535d87ef,common complete dates,2019,ok,220,2155.0,2155.0,0.0,0.0,730,1460,0.02155,9.795454545454545,0.024684545454545456,0.042639468609641205,0.5789130648069107,-0.04068759630200308,"conditional complete-window sum on stated capital, not live equity or intraday drawdown",0.28020833333333334,151396.27386363636,mean across entered windows; not equal-risk sizing or margin availability,220,252,0.0,0.0
NQ,revert-6-0.5,gross_reference,2354060058c8498ad69c397726d3d77068989c4f3a2a03df8d7cb42b93007edb,e122eb05ba367646,0.0,0,0.0,0.0,1,7453d8f230dd1ef7fc361e23f107762c1d6acd102f692da6cec81296535d87ef,common complete dates,2020,ok,233,-2455.0,-2455.0,0.0,0.0,788,1576,-0.02455,-10.53648068669528,-0.026551931330472105,0.11156608950732384,-0.23799284753750455,-0.0902887658227848,"conditional complete-window sum on stated capital, not live equity or intraday drawdown",0.2822782546494993,205805.89301042305,mean across entered windows; not equal-risk sizing or margin availability,233,252,0.0,0.0
NQ,revert-6-0.5,gross_reference,2354060058c8498ad69c397726d3d77068989c4f3a2a03df8d7cb42b93007edb,e122eb05ba367646,0.0,0,0.0,0.0,1,7453d8f230dd1ef7fc361e23f107762c1d6acd102f692da6cec81296535d87ef,common complete dates,2021,ok,229,-385.0,-385.0,0.0,0.0,767,1534,-0.00385,-1.6812227074235808,-0.004236681222707424,0.08939622864747503,-0.04739216952221046,-0.07987037743042318,"conditional complete-window sum on stated capital, not live equity or intraday drawdown",0.2759279475982533,289023.20906432753,mean across entered windows; not equal-risk sizing or margin availability,229,252,0.0,0.0
NQ,revert-6-0.5,gross_reference,2354060058c8498ad69c397726d3d77068989c4f3a2a03df8d7cb42b93007edb,e122eb05ba367646,0.0,0,0.0,0.0,1,7453d8f230dd1ef7fc361e23f107762c1d6acd102f692da6cec81296535d87ef,common complete dates,2022,ok,239,1610.0,1610.0,0.0,0.0,770,1540,0.0161,6.7364016736401675,0.016975732217573224,0.11345918361916085,0.1496197282236251,-0.09975961538461539,"conditional complete-window sum on stated capital, not live equity or intraday drawdown",0.28521617852161785,256706.58542538356,mean across entered windows; not equal-risk sizing or margin availability,239,252,0.0,0.0
NQ,revert-6-0.5,gross_reference,2354060058c8498ad69c397726d3d77068989c4f3a2a03df8d7cb42b93007edb,e122eb05ba367646,0.0,0,0.0,0.0,1,7453d8f230dd1ef7fc361e23f107762c1d6acd102f692da6cec81296535d87ef,common complete dates,2023,ok,228,1690.0,1690.0,0.0,0.0,754,1508,0.0169,7.412280701754386,0.018678947368421052,0.07552112129190819,0.24733408414610542,-0.0777028598000465,"conditional complete-window sum on stated capital, not live equity or intraday drawdown",0.2885599415204678,283287.37097953213,mean across entered windows; not equal-risk sizing or margin availability,228,252,0.0,0.0
NQ,revert-6-0.5,gross_reference,2354060058c8498ad69c397726d3d77068989c4f3a2a03df8d7cb42b93007edb,e122eb05ba367646,0.0,0,0.0,0.0,1,7453d8f230dd1ef7fc361e23f107762c1d6acd102f692da6cec81296535d87ef,common complete dates,2024,ok,213,3535.0,3535.0,0.0,0.0,711,1422,0.03535,16.5962441314554,0.0418225352112676,0.09262890211219585,0.4515063253217713,-0.0731,"conditional complete-window sum on stated capital, not live equity or intraday drawdown",0.2786580594679186,381206.45981444215,mean across entered windows; not equal-risk sizing or margin availability,213,252,0.0,0.0
NQ,revert-6-0.5,gross_reference,2354060058c8498ad69c397726d3d77068989c4f3a2a03df8d7cb42b93007edb,e122eb05ba367646,0.0,0,0.0,0.0,1,7453d8f230dd1ef7fc361e23f107762c1d6acd102f692da6cec81296535d87ef,common complete dates,2025,ok,142,-20695.0,-20695.0,0.0,0.0,460,920,-0.20695,-145.7394366197183,-0.36726338028169014,0.17920717107949963,-2.049378817094129,-0.2167020593609561,"conditional complete-window sum on stated capital, not live equity or intraday drawdown",0.2881455399061033,441287.4442488263,mean across entered windows; not equal-risk sizing or margin availability,142,252,0.0,0.0
NQ,revert-6-0.5,gross_reference,2354060058c8498ad69c397726d3d77068989c4f3a2a03df8d7cb42b93007edb,e122eb05ba367646,0.0,0,0.0,0.0,1,7453d8f230dd1ef7fc361e23f107762c1d6acd102f692da6cec81296535d87ef,common complete dates,2026,ok,109,-660.0,-660.0,0.0,0.0,344,688,-0.0066,-6.055045871559633,-0.015258715596330276,0.17298031445688394,-0.08821070561837586,-0.1307934014139827,"conditional complete-window sum on stated capital, not live equity or intraday drawdown",0.2842125382262997,536640.901234568,mean across entered windows; not equal-risk sizing or margin availability,109,252,0.0,0.0
NQ,revert-6-0.5,cost_stress,2354060058c8498ad69c397726d3d77068989c4f3a2a03df8d7cb42b93007edb,1a48a9ea02e23142,5.0,2,0.0,0.0,1,7453d8f230dd1ef7fc361e23f107762c1d6acd102f692da6cec81296535d87ef,common complete dates,whole,ok,1901,-17000.0,-204290.0,62430.0,124860.0,6243,12486,-2.0429,-107.46449237243556,-0.27081052077853757,0.10036205711821977,-2.69833569134141,-2.1286,"conditional complete-window sum on stated capital, not live equity or intraday drawdown",0.2827568823426267,270097.49816319364,mean across entered windows; not equal-risk sizing or margin availability,1901,252,0.0,0.0
NQ,revert-6-0.5,cost_stress,2354060058c8498ad69c397726d3d77068989c4f3a2a03df8d7cb42b93007edb,1a48a9ea02e23142,5.0,2,0.0,0.0,1,7453d8f230dd1ef7fc361e23f107762c1d6acd102f692da6cec81296535d87ef,common complete dates,development,ok,970,-2480.0,-98600.0,32040.0,64080.0,3204,6408,-0.986,-101.64948453608247,-0.2561567010309278,0.07462338943354538,-3.4326596925625297,-0.998,"conditional complete-window sum on stated capital, not live equity or intraday drawdown",0.28073453608247423,191079.19933411962,mean across entered windows; not equal-risk sizing or margin availability,970,252,0.0,0.0
NQ,revert-6-0.5,cost_stress,2354060058c8498ad69c397726d3d77068989c4f3a2a03df8d7cb42b93007edb,1a48a9ea02e23142,5.0,2,0.0,0.0,1,7453d8f230dd1ef7fc361e23f107762c1d6acd102f692da6cec81296535d87ef,common complete dates,validation,ok,467,3300.0,-42420.0,15240.0,30480.0,1524,3048,-0.4242,-90.83511777301928,-0.2289044967880086,0.09531341605441757,-2.401597867999186,-0.44274957493320377,"conditional complete-window sum on stated capital, not live equity or intraday drawdown",0.2868486795146324,269683.9282655246,mean across entered windows; not equal-risk sizing or margin availability,467,252,0.0,0.0
NQ,revert-6-0.5,cost_stress,2354060058c8498ad69c397726d3d77068989c4f3a2a03df8d7cb42b93007edb,1a48a9ea02e23142,5.0,2,0.0,0.0,1,7453d8f230dd1ef7fc361e23f107762c1d6acd102f692da6cec81296535d87ef,common complete dates,historical_final,ok,464,-17820.0,-63270.0,15150.0,30300.0,1515,3030,-0.6327,-136.35775862068965,-0.34362155172413794,0.14320099231216313,-2.3995752136624793,-0.7184,"conditional complete-window sum on stated capital, not live equity or intraday drawdown",0.2828663793103448,435889.87118173396,mean across entered windows; not equal-risk sizing or margin availability,464,252,0.0,0.0
NQ,revert-6-0.5,cost_stress,2354060058c8498ad69c397726d3d77068989c4f3a2a03df8d7cb42b93007edb,1a48a9ea02e23142,5.0,2,0.0,0.0,1,7453d8f230dd1ef7fc361e23f107762c1d6acd102f692da6cec81296535d87ef,common complete dates,2016,ok,27,-1155.0,-3615.0,820.0,1640.0,82,164,-0.03615,-133.88888888888889,-0.3374,0.017121915780659594,-19.70573879244968,-0.03615,"conditional complete-window sum on stated capital, not live equity or intraday drawdown",0.30478395061728397,95834.65123456791,mean across entered windows; not equal-risk sizing or margin availability,27,252,0.0,0.0
NQ,revert-6-0.5,cost_stress,2354060058c8498ad69c397726d3d77068989c4f3a2a03df8d7cb42b93007edb,1a48a9ea02e23142,5.0,2,0.0,0.0,1,7453d8f230dd1ef7fc361e23f107762c1d6acd102f692da6cec81296535d87ef,common complete dates,2017,ok,49,335.0,-4405.0,1580.0,3160.0,158,316,-0.04405,-89.89795918367346,-0.22654285714285713,0.016924142729924527,-13.385780346929716,-0.0441,"conditional complete-window sum on stated capital, not live equity or intraday drawdown",0.26232993197278914,117999.05952380951,mean across entered windows; not equal-risk sizing or margin availability,49,252,0.0,0.0
NQ,revert-6-0.5,cost_stress,2354060058c8498ad69c397726d3d77068989c4f3a2a03df8d7cb42b93007edb,1a48a9ea02e23142,5.0,2,0.0,0.0,1,7453d8f230dd1ef7fc361e23f107762c1d6acd102f692da6cec81296535d87ef,common complete dates,2018,ok,212,-975.0,-21345.0,6790.0,13580.0,679,1358,-0.21345,-100.68396226415095,-0.25372358490566044,0.04571204072569415,-5.550475998833402,-0.2329150627405889,"conditional complete-window sum on stated capital, not live equity or intraday drawdown",0.28596698113207547,139759.4795597484,mean across entered windows; not equal-risk sizing or margin availability,212,252,0.0,0.0
NQ,revert-6-0.5,cost_stress,2354060058c8498ad69c397726d3d77068989c4f3a2a03df8d7cb42b93007edb,1a48a9ea02e23142,5.0,2,0.0,0.0,1,7453d8f230dd1ef7fc361e23f107762c1d6acd102f692da6cec81296535d87ef,common complete dates,2019,ok,220,2155.0,-19745.0,7300.0,14600.0,730,1460,-0.19745,-89.75,-0.22616999999999998,0.04130557601086131,-5.475531921901502,-0.2059463738003364,"conditional complete-window sum on stated capital, not live equity or intraday drawdown",0.28020833333333334,151396.27386363636,mean across entered windows; not equal-risk sizing or margin availability,220,252,0.0,0.0
NQ,revert-6-0.5,cost_stress,2354060058c8498ad69c397726d3d77068989c4f3a2a03df8d7cb42b93007edb,1a48a9ea02e23142,5.0,2,0.0,0.0,1,7453d8f230dd1ef7fc361e23f107762c1d6acd102f692da6cec81296535d87ef,common complete dates,2020,ok,233,-2455.0,-26095.0,7880.0,15760.0,788,1576,-0.26095,-111.99570815450643,-0.2822291845493562,0.10974566766038409,-2.5716658394455703,-0.26095,"conditional complete-window sum on stated capital, not live equity or intraday drawdown",0.2822782546494993,205805.89301042305,mean across entered windows; not equal-risk sizing or margin availability,233,252,0.0,0.0
NQ,revert-6-0.5,cost_stress,2354060058c8498ad69c397726d3d77068989c4f3a2a03df8d7cb42b93007edb,1a48a9ea02e23142,5.0,2,0.0,0.0,1,7453d8f230dd1ef7fc361e23f107762c1d6acd102f692da6cec81296535d87ef,common complete dates,2021,ok,229,-385.0,-23395.0,7670.0,15340.0,767,1534,-0.23395,-102.16157205240175,-0.2574471615720524,0.0879485796378087,-2.927246382286964,-0.2644132279777583,"conditional complete-window sum on stated capital, not live equity or intraday drawdown",0.2759279475982533,289023.20906432753,mean across entered windows; not equal-risk sizing or margin availability,229,252,0.0,0.0
NQ,revert-6-0.5,cost_stress,2354060058c8498ad69c397726d3d77068989c4f3a2a03df8d7cb42b93007edb,1a48a9ea02e23142,5.0,2,0.0,0.0,1,7453d8f230dd1ef7fc361e23f107762c1d6acd102f692da6cec81296535d87ef,common complete dates,2022,ok,239,1610.0,-21490.0,7700.0,15400.0,770,1540,-0.2149,-89.9163179916318,-0.22658912133891213,0.1120452447969773,-2.0223002033641406,-0.24182657274714597,"conditional complete-window sum on stated capital, not live equity or intraday drawdown",0.28521617852161785,256706.58542538356,mean across entered windows; not equal-risk sizing or margin availability,239,252,0.0,0.0
NQ,revert-6-0.5,cost_stress,2354060058c8498ad69c397726d3d77068989c4f3a2a03df8d7cb42b93007edb,1a48a9ea02e23142,5.0,2,0.0,0.0,1,7453d8f230dd1ef7fc361e23f107762c1d6acd102f692da6cec81296535d87ef,common complete dates,2023,ok,228,1690.0,-20930.0,7540.0,15080.0,754,1508,-0.2093,-91.79824561403508,-0.2313315789473684,0.07407433581874479,-3.1229652806259676,-0.21155,"conditional complete-window sum on stated capital, not live equity or intraday drawdown",0.2885599415204678,283287.37097953213,mean across entered windows; not equal-risk sizing or margin availability,228,252,0.0,0.0
NQ,revert-6-0.5,cost_stress,2354060058c8498ad69c397726d3d77068989c4f3a2a03df8d7cb42b93007edb,1a48a9ea02e23142,5.0,2,0.0,0.0,1,7453d8f230dd1ef7fc361e23f107762c1d6acd102f692da6cec81296535d87ef,common complete dates,2024,ok,213,3535.0,-17795.0,7110.0,14220.0,711,1422,-0.17795,-83.54460093896714,-0.21053239436619717,0.09130921264206501,-2.305708134747485,-0.1796,"conditional complete-window sum on stated capital, not live equity or intraday drawdown",0.2786580594679186,381206.45981444215,mean across entered windows; not equal-risk sizing or margin availability,213,252,0.0,0.0
NQ,revert-6-0.5,cost_stress,2354060058c8498ad69c397726d3d77068989c4f3a2a03df8d7cb42b93007edb,1a48a9ea02e23142,5.0,2,0.0,0.0,1,7453d8f230dd1ef7fc361e23f107762c1d6acd102f692da6cec81296535d87ef,common complete dates,2025,ok,142,-20695.0,-34495.0,4600.0,9200.0,460,920,-0.34495,-242.92253521126761,-0.6121647887323943,0.17814662751373106,-3.4362973763576328,-0.3505031976600069,"conditional complete-window sum on stated capital, not live equity or intraday drawdown",0.2881455399061033,441287.4442488263,mean across entered windows; not equal-risk sizing or margin availability,142,252,0.0,0.0
NQ,revert-6-0.5,cost_stress,2354060058c8498ad69c397726d3d77068989c4f3a2a03df8d7cb42b93007edb,1a48a9ea02e23142,5.0,2,0.0,0.0,1,7453d8f230dd1ef7fc361e23f107762c1d6acd102f692da6cec81296535d87ef,common complete dates,2026,ok,109,-660.0,-10980.0,3440.0,6880.0,344,688,-0.1098,-100.73394495412845,-0.2538495412844037,0.17194682695442273,-1.476325825725709,-0.20746724460644272,"conditional complete-window sum on stated capital, not live equity or intraday drawdown",0.2842125382262997,536640.901234568,mean across entered windows; not equal-risk sizing or margin availability,109,252,0.0,0.0
NQ,revert-6-0.5,delay_stress,2354060058c8498ad69c397726d3d77068989c4f3a2a03df8d7cb42b93007edb,355c88c73a55ce47,2.5,1,0.0,0.0,5,7453d8f230dd1ef7fc361e23f107762c1d6acd102f692da6cec81296535d87ef,common complete dates,whole,ok,1901,11090.0,-79615.0,30235.0,60470.0,6047,12094,-0.79615,-41.88058916359811,-0.10553908469226723,0.09941857029677009,-1.0615630900467294,-0.9432,"conditional complete-window sum on stated capital, not live equity or intraday drawdown",0.2761594774679993,270087.3980290378,mean across entered windows; not equal-risk sizing or margin availability,1901,252,0.0,0.0
NQ,revert-6-0.5,delay_stress,2354060058c8498ad69c397726d3d77068989c4f3a2a03df8d7cb42b93007edb,355c88c73a55ce47,2.5,1,0.0,0.0,5,7453d8f230dd1ef7fc361e23f107762c1d6acd102f692da6cec81296535d87ef,common complete dates,development,ok,970,-1535.0,-48005.0,15490.0,30980.0,3098,6196,-0.48005,-49.48969072164948,-0.1247140206185567,0.06957828493259269,-1.792427346252921,-0.4882,"conditional complete-window sum on stated capital, not live equity or intraday drawdown",0.2740764604810997,191075.76971841368,mean across entered windows; not equal-risk sizing or margin availability,970,252,0.0,0.0
NQ,revert-6-0.5,delay_stress,2354060058c8498ad69c397726d3d77068989c4f3a2a03df8d7cb42b93007edb,355c88c73a55ce47,2.5,1,0.0,0.0,5,7453d8f230dd1ef7fc361e23f107762c1d6acd102f692da6cec81296535d87ef,common complete dates,validation,ok,467,9900.0,-12300.0,7400.0,14800.0,1480,2960,-0.123,-26.338329764453963,-0.06637259100642398,0.09159550436081478,-0.7246271688724787,-0.18202776043417704,"conditional complete-window sum on stated capital, not live equity or intraday drawdown",0.28073697359029265,269670.2150249822,mean across entered windows; not equal-risk sizing or margin availability,467,252,0.0,0.0
NQ,revert-6-0.5,delay_stress,2354060058c8498ad69c397726d3d77068989c4f3a2a03df8d7cb42b93007edb,355c88c73a55ce47,2.5,1,0.0,0.0,5,7453d8f230dd1ef7fc361e23f107762c1d6acd102f692da6cec81296535d87ef,common complete dates,historical_final,ok,464,2725.0,-19310.0,7345.0,14690.0,1469,2938,-0.1931,-41.616379310344826,-0.10487327586206896,0.14824211494902342,-0.7074458961822835,-0.401252211787124,"conditional complete-window sum on stated capital, not live equity or intraday drawdown",0.2759069683908046,435869.45482361416,mean across entered windows; not equal-risk sizing or margin availability,464,252,0.0,0.0
NQ,revert-6-0.5,delay_stress,2354060058c8498ad69c397726d3d77068989c4f3a2a03df8d7cb42b93007edb,355c88c73a55ce47,2.5,1,0.0,0.0,5,7453d8f230dd1ef7fc361e23f107762c1d6acd102f692da6cec81296535d87ef,common complete dates,2016,ok,27,-995.0,-2180.0,395.0,790.0,79,158,-0.0218,-80.74074074074075,-0.20346666666666668,0.0190299426680355,-10.691922209961707,-0.0218,"conditional complete-window sum on stated capital, not live equity or intraday drawdown",0.30169753086419754,95826.54629629629,mean across entered windows; not equal-risk sizing or margin availability,27,252,0.0,0.0
NQ,revert-6-0.5,delay_stress,2354060058c8498ad69c397726d3d77068989c4f3a2a03df8d7cb42b93007edb,355c88c73a55ce47,2.5,1,0.0,0.0,5,7453d8f230dd1ef7fc361e23f107762c1d6acd102f692da6cec81296535d87ef,common complete dates,2017,ok,49,-110.0,-2420.0,770.0,1540.0,154,308,-0.0242,-49.38775510204081,-0.12445714285714285,0.016470704512644777,-7.556273185618469,-0.0242,"conditional complete-window sum on stated capital, not live equity or intraday drawdown",0.2576530612244898,117997.04081632652,mean across entered windows; not equal-risk sizing or margin availability,49,252,0.0,0.0
NQ,revert-6-0.5,delay_stress,2354060058c8498ad69c397726d3d77068989c4f3a2a03df8d7cb42b93007edb,355c88c73a55ce47,2.5,1,0.0,0.0,5,7453d8f230dd1ef7fc361e23f107762c1d6acd102f692da6cec81296535d87ef,common complete dates,2018,ok,212,-1545.0,-11400.0,3285.0,6570.0,657,1314,-0.114,-53.77358490566038,-0.13550943396226417,0.04284930081929988,-3.162465463175749,-0.12593665700869217,"conditional complete-window sum on stated capital, not live equity or intraday drawdown",0.27928459119496857,139759.64229559747,mean across entered windows; not equal-risk sizing or margin availability,212,252,0.0,0.0
NQ,revert-6-0.5,delay_stress,2354060058c8498ad69c397726d3d77068989c4f3a2a03df8d7cb42b93007edb,355c88c73a55ce47,2.5,1,0.0,0.0,5,7453d8f230dd1ef7fc361e23f107762c1d6acd102f692da6cec81296535d87ef,common complete dates,2019,ok,220,7005.0,-3675.0,3560.0,7120.0,712,1424,-0.03675,-16.704545454545453,-0.04209545454545454,0.03901382274917902,-1.0789882041574705,-0.06221072015129647,"conditional complete-window sum on stated capital, not live equity or intraday drawdown",0.27575757575757576,151389.14053030303,mean across entered windows; not equal-risk sizing or margin availability,220,252,0.0,0.0
NQ,revert-6-0.5,delay_stress,2354060058c8498ad69c397726d3d77068989c4f3a2a03df8d7cb42b93007edb,355c88c73a55ce47,2.5,1,0.0,0.0,5,7453d8f230dd1ef7fc361e23f107762c1d6acd102f692da6cec81296535d87ef,common complete dates,2020,ok,233,-2510.0,-13850.0,3780.0,7560.0,756,1512,-0.1385,-59.44206008583691,-0.149793991416309,0.10438413912474429,-1.4350263619772508,-0.13885,"conditional complete-window sum on stated capital, not live equity or intraday drawdown",0.2739628040057225,205795.85167586347,mean across entered windows; not equal-risk sizing or margin availability,233,252,0.0,0.0
NQ,revert-6-0.5,delay_stress,2354060058c8498ad69c397726d3d77068989c4f3a2a03df8d7cb42b93007edb,355c88c73a55ce47,2.5,1,0.0,0.0,5,7453d8f230dd1ef7fc361e23f107762c1d6acd102f692da6cec81296535d87ef,common complete dates,2021,ok,229,-3380.0,-14480.0,3700.0,7400.0,740,1480,-0.1448,-63.23144104803494,-0.15934323144104806,0.07868448765083422,-2.0250907923317802,-0.17409321372854913,"conditional complete-window sum on stated capital, not live equity or intraday drawdown",0.2680131004366812,289027.02010233916,mean across entered windows; not equal-risk sizing or margin availability,229,252,0.0,0.0
NQ,revert-6-0.5,delay_stress,2354060058c8498ad69c397726d3d77068989c4f3a2a03df8d7cb42b93007edb,355c88c73a55ce47,2.5,1,0.0,0.0,5,7453d8f230dd1ef7fc361e23f107762c1d6acd102f692da6cec81296535d87ef,common complete dates,2022,ok,239,5985.0,-5250.0,3745.0,7490.0,749,1498,-0.0525,-21.96652719665272,-0.05535564853556486,0.10647348919359377,-0.5199007654845922,-0.11200230536477594,"conditional complete-window sum on stated capital, not live equity or intraday drawdown",0.27955020920502094,256687.96652719667,mean across entered windows; not equal-risk sizing or margin availability,239,252,0.0,0.0
NQ,revert-6-0.5,delay_stress,2354060058c8498ad69c397726d3d77068989c4f3a2a03df8d7cb42b93007edb,355c88c73a55ce47,2.5,1,0.0,0.0,5,7453d8f230dd1ef7fc361e23f107762c1d6acd102f692da6cec81296535d87ef,common complete dates,2023,ok,228,3915.0,-7050.0,3655.0,7310.0,731,1462,-0.0705,-30.92105263157895,-0.07792105263157895,0.07304785908658958,-1.066712339087348,-0.12732274723683576,"conditional complete-window sum on stated capital, not live equity or intraday drawdown",0.2819809941520468,283278.80007309944,mean across entered windows; not equal-risk sizing or margin availability,228,252,0.0,0.0
NQ,revert-6-0.5,delay_stress,2354060058c8498ad69c397726d3d77068989c4f3a2a03df8d7cb42b93007edb,355c88c73a55ce47,2.5,1,0.0,0.0,5,7453d8f230dd1ef7fc361e23f107762c1d6acd102f692da6cec81296535d87ef,common complete dates,2024,ok,213,16500.0,6195.0,3435.0,6870.0,687,1374,0.06195,29.08450704225352,0.07329295774647887,0.08789187856281164,0.833899092213626,-0.05606075746977116,"conditional complete-window sum on stated capital, not live equity or intraday drawdown",0.27093114241001565,381190.6549295775,mean across entered windows; not equal-risk sizing or margin availability,213,252,0.0,0.0
NQ,revert-6-0.5,delay_stress,2354060058c8498ad69c397726d3d77068989c4f3a2a03df8d7cb42b93007edb,355c88c73a55ce47,2.5,1,0.0,0.0,5,7453d8f230dd1ef7fc361e23f107762c1d6acd102f692da6cec81296535d87ef,common complete dates,2025,ok,142,-13260.0,-19965.0,2235.0,4470.0,447,894,-0.19965,-140.59859154929578,-0.35430845070422534,0.18960870023386373,-1.8686297109110537,-0.20999901293060902,"conditional complete-window sum on stated capital, not live equity or intraday drawdown",0.28154342723004694,441267.7570422535,mean across entered windows; not equal-risk sizing or margin availability,142,252,0.0,0.0
NQ,revert-6-0.5,delay_stress,2354060058c8498ad69c397726d3d77068989c4f3a2a03df8d7cb42b93007edb,355c88c73a55ce47,2.5,1,0.0,0.0,5,7453d8f230dd1ef7fc361e23f107762c1d6acd102f692da6cec81296535d87ef,common complete dates,2026,ok,109,-515.0,-5540.0,1675.0,3350.0,335,670,-0.0554,-50.825688073394495,-0.12808073394495414,0.17758111572053617,-0.7212519947589359,-0.21500984251968505,"conditional complete-window sum on stated capital, not live equity or intraday drawdown",0.2782874617737003,536610.4313271606,mean across entered windows; not equal-risk sizing or margin availability,109,252,0.0,0.0
NQ,revert-6-0.5,combined_stress,2354060058c8498ad69c397726d3d77068989c4f3a2a03df8d7cb42b93007edb,0478abb8ebd0b02e,5.0,2,0.0,0.0,5,7453d8f230dd1ef7fc361e23f107762c1d6acd102f692da6cec81296535d87ef,common complete dates,whole,ok,1901,11090.0,-170320.0,60470.0,120940.0,6047,12094,-1.7032,-89.59495002630194,-0.2257792740662809,0.09918067644033954,-2.276444184186369,-1.82565,"conditional complete-window sum on stated capital, not live equity or intraday drawdown",0.2761594774679993,270087.3980290378,mean across entered windows; not equal-risk sizing or margin availability,1901,252,0.0,0.0
NQ,revert-6-0.5,combined_stress,2354060058c8498ad69c397726d3d77068989c4f3a2a03df8d7cb42b93007edb,0478abb8ebd0b02e,5.0,2,0.0,0.0,5,7453d8f230dd1ef7fc361e23f107762c1d6acd102f692da6cec81296535d87ef,common complete dates,development,ok,970,-1535.0,-94475.0,30980.0,61960.0,3098,6196,-0.94475,-97.39690721649484,-0.245440206185567,0.0693078477948252,-3.541304686190134,-0.94815,"conditional complete-window sum on stated capital, not live equity or intraday drawdown",0.2740764604810997,191075.76971841368,mean across entered windows; not equal-risk sizing or margin availability,970,252,0.0,0.0
NQ,revert-6-0.5,combined_stress,2354060058c8498ad69c397726d3d77068989c4f3a2a03df8d7cb42b93007edb,0478abb8ebd0b02e,5.0,2,0.0,0.0,5,7453d8f230dd1ef7fc361e23f107762c1d6acd102f692da6cec81296535d87ef,common complete dates,validation,ok,467,9900.0,-34500.0,14800.0,29600.0,1480,2960,-0.345,-73.87580299785867,-0.18616702355460385,0.09137376405314393,-2.037423164994354,-0.36998083255516784,"conditional complete-window sum on stated capital, not live equity or intraday drawdown",0.28073697359029265,269670.2150249822,mean across entered windows; not equal-risk sizing or margin availability,467,252,0.0,0.0
NQ,revert-6-0.5,combined_stress,2354060058c8498ad69c397726d3d77068989c4f3a2a03df8d7cb42b93007edb,0478abb8ebd0b02e,5.0,2,0.0,0.0,5,7453d8f230dd1ef7fc361e23f107762c1d6acd102f692da6cec81296535d87ef,common complete dates,historical_final,ok,464,2725.0,-41345.0,14690.0,29380.0,1469,2938,-0.41345,-89.10560344827586,-0.22454612068965515,0.14798981545426568,-1.517307930957237,-0.5417654028436019,"conditional complete-window sum on stated capital, not live equity or intraday drawdown",0.2759069683908046,435869.45482361416,mean across entered windows; not equal-risk sizing or margin availability,464,252,0.0,0.0
NQ,revert-6-0.5,combined_stress,2354060058c8498ad69c397726d3d77068989c4f3a2a03df8d7cb42b93007edb,0478abb8ebd0b02e,5.0,2,0.0,0.0,5,7453d8f230dd1ef7fc361e23f107762c1d6acd102f692da6cec81296535d87ef,common complete dates,2016,ok,27,-995.0,-3365.0,790.0,1580.0,79,158,-0.03365,-124.62962962962963,-0.31406666666666666,0.018896058468395618,-16.620750152311143,-0.03365,"conditional complete-window sum on stated capital, not live equity or intraday drawdown",0.30169753086419754,95826.54629629629,mean across entered windows; not equal-risk sizing or margin availability,27,252,0.0,0.0
NQ,revert-6-0.5,combined_stress,2354060058c8498ad69c397726d3d77068989c4f3a2a03df8d7cb42b93007edb,0478abb8ebd0b02e,5.0,2,0.0,0.0,5,7453d8f230dd1ef7fc361e23f107762c1d6acd102f692da6cec81296535d87ef,common complete dates,2017,ok,49,-110.0,-4730.0,1540.0,3080.0,154,308,-0.0473,-96.53061224489795,-0.24325714285714284,0.017103665020774268,-14.222515616488078,-0.0473,"conditional complete-window sum on stated capital, not live equity or intraday drawdown",0.2576530612244898,117997.04081632652,mean across entered windows; not equal-risk sizing or margin availability,49,252,0.0,0.0
NQ,revert-6-0.5,combined_stress,2354060058c8498ad69c397726d3d77068989c4f3a2a03df8d7cb42b93007edb,0478abb8ebd0b02e,5.0,2,0.0,0.0,5,7453d8f230dd1ef7fc361e23f107762c1d6acd102f692da6cec81296535d87ef,common complete dates,2018,ok,212,-1545.0,-21255.0,6570.0,13140.0,657,1314,-0.21255,-100.25943396226415,-0.25265377358490565,0.042801304982127815,-5.902945568841983,-0.221,"conditional complete-window sum on stated capital, not live equity or intraday drawdown",0.27928459119496857,139759.64229559747,mean across entered windows; not equal-risk sizing or margin availability,212,252,0.0,0.0
NQ,revert-6-0.5,combined_stress,2354060058c8498ad69c397726d3d77068989c4f3a2a03df8d7cb42b93007edb,0478abb8ebd0b02e,5.0,2,0.0,0.0,5,7453d8f230dd1ef7fc361e23f107762c1d6acd102f692da6cec81296535d87ef,common complete dates,2019,ok,220,7005.0,-14355.0,7120.0,14240.0,712,1424,-0.14355,-65.25,-0.16443,0.03874898752543833,-4.243465713576473,-0.14538457694037682,"conditional complete-window sum on stated capital, not live equity or intraday drawdown",0.27575757575757576,151389.14053030303,mean across entered windows; not equal-risk sizing or margin availability,220,252,0.0,0.0
NQ,revert-6-0.5,combined_stress,2354060058c8498ad69c397726d3d77068989c4f3a2a03df8d7cb42b93007edb,0478abb8ebd0b02e,5.0,2,0.0,0.0,5,7453d8f230dd1ef7fc361e23f107762c1d6acd102f692da6cec81296535d87ef,common complete dates,2020,ok,233,-2510.0,-25190.0,7560.0,15120.0,756,1512,-0.2519,-108.11158798283262,-0.2724412017167382,0.10397524202340508,-2.6202507098315873,-0.25195,"conditional complete-window sum on stated capital, not live equity or intraday drawdown",0.2739628040057225,205795.85167586347,mean across entered windows; not equal-risk sizing or margin availability,233,252,0.0,0.0
NQ,revert-6-0.5,combined_stress,2354060058c8498ad69c397726d3d77068989c4f3a2a03df8d7cb42b93007edb,0478abb8ebd0b02e,5.0,2,0.0,0.0,5,7453d8f230dd1ef7fc361e23f107762c1d6acd102f692da6cec81296535d87ef,common complete dates,2021,ok,229,-3380.0,-25580.0,7400.0,14800.0,740,1480,-0.2558,-111.70305676855895,-0.28149170305676857,0.0783526542715375,-3.592624980913042,-0.2704352964349025,"conditional complete-window sum on stated capital, not live equity or intraday drawdown",0.2680131004366812,289027.02010233916,mean across entered windows; not equal-risk sizing or margin availability,229,252,0.0,0.0
NQ,revert-6-0.5,combined_stress,2354060058c8498ad69c397726d3d77068989c4f3a2a03df8d7cb42b93007edb,0478abb8ebd0b02e,5.0,2,0.0,0.0,5,7453d8f230dd1ef7fc361e23f107762c1d6acd102f692da6cec81296535d87ef,common complete dates,2022,ok,239,5985.0,-16485.0,7490.0,14980.0,749,1498,-0.16485,-68.97489539748953,-0.1738167364016736,0.10625353777608325,-1.6358677559327186,-0.19128126996608838,"conditional complete-window sum on stated capital, not live equity or intraday drawdown",0.27955020920502094,256687.96652719667,mean across entered windows; not equal-risk sizing or margin availability,239,252,0.0,0.0
NQ,revert-6-0.5,combined_stress,2354060058c8498ad69c397726d3d77068989c4f3a2a03df8d7cb42b93007edb,0478abb8ebd0b02e,5.0,2,0.0,0.0,5,7453d8f230dd1ef7fc361e23f107762c1d6acd102f692da6cec81296535d87ef,common complete dates,2023,ok,228,3915.0,-18015.0,7310.0,14620.0,731,1462,-0.18015,-79.01315789473684,-0.19911315789473683,0.07281134498560987,-2.7346446894242753,-0.20316440049443757,"conditional complete-window sum on stated capital, not live equity or intraday drawdown",0.2819809941520468,283278.80007309944,mean across entered windows; not equal-risk sizing or margin availability,228,252,0.0,0.0
NQ,revert-6-0.5,combined_stress,2354060058c8498ad69c397726d3d77068989c4f3a2a03df8d7cb42b93007edb,0478abb8ebd0b02e,5.0,2,0.0,0.0,5,7453d8f230dd1ef7fc361e23f107762c1d6acd102f692da6cec81296535d87ef,common complete dates,2024,ok,213,16500.0,-4110.0,6870.0,13740.0,687,1374,-0.0411,-19.295774647887324,-0.04862535211267605,0.08761167961974733,-0.5550099293121655,-0.08795,"conditional complete-window sum on stated capital, not live equity or intraday drawdown",0.27093114241001565,381190.6549295775,mean across entered windows; not equal-risk sizing or margin availability,213,252,0.0,0.0
NQ,revert-6-0.5,combined_stress,2354060058c8498ad69c397726d3d77068989c4f3a2a03df8d7cb42b93007edb,0478abb8ebd0b02e,5.0,2,0.0,0.0,5,7453d8f230dd1ef7fc361e23f107762c1d6acd102f692da6cec81296535d87ef,common complete dates,2025,ok,142,-13260.0,-26670.0,4470.0,8940.0,447,894,-0.2667,-187.81690140845072,-0.4732985915492958,0.18921936359074498,-2.5013221827179093,-0.2747861345992187,"conditional complete-window sum on stated capital, not live equity or intraday drawdown",0.28154342723004694,441267.7570422535,mean across entered windows; not equal-risk sizing or margin availability,142,252,0.0,0.0
NQ,revert-6-0.5,combined_stress,2354060058c8498ad69c397726d3d77068989c4f3a2a03df8d7cb42b93007edb,0478abb8ebd0b02e,5.0,2,0.0,0.0,5,7453d8f230dd1ef7fc361e23f107762c1d6acd102f692da6cec81296535d87ef,common complete dates,2026,ok,109,-515.0,-10565.0,3350.0,6700.0,335,670,-0.10565,-96.92660550458716,-0.24425504587155963,0.17751712761401442,-1.3759519949120476,-0.23902006210873958,"conditional complete-window sum on stated capital, not live equity or intraday drawdown",0.2782874617737003,536610.4313271606,mean across entered windows; not equal-risk sizing or margin availability,109,252,0.0,0.0
NQ,revert-6-1,base,2354060058c8498ad69c397726d3d77068989c4f3a2a03df8d7cb42b93007edb,45d9ce6f1f2c8239,2.5,1,0.0,0.0,1,7453d8f230dd1ef7fc361e23f107762c1d6acd102f692da6cec81296535d87ef,common complete dates,whole,ok,1901,-3135.0,-77340.0,24735.0,49470.0,4947,9894,-0.7734,-40.683850604944766,-0.1025233035244608,0.09228921427845067,-1.1108914982755442,-0.8595710643403489,"conditional complete-window sum on stated capital, not live equity or intraday drawdown",0.2383065930212169,270169.1617074035,mean across entered windows; not equal-risk sizing or margin availability,1901,252,0.0,0.0
NQ,revert-6-1,base,2354060058c8498ad69c397726d3d77068989c4f3a2a03df8d7cb42b93007edb,45d9ce6f1f2c8239,2.5,1,0.0,0.0,1,7453d8f230dd1ef7fc361e23f107762c1d6acd102f692da6cec81296535d87ef,common complete dates,development,ok,970,-3635.0,-41765.0,12710.0,25420.0,2542,5084,-0.41765,-43.05670103092783,-0.10850288659793814,0.06908515093628245,-1.5705674103254235,-0.4351847222916563,"conditional complete-window sum on stated capital, not live equity or intraday drawdown",0.23698453608247422,191230.1059027778,mean across entered windows; not equal-risk sizing or margin availability,970,252,0.0,0.0
NQ,revert-6-1,base,2354060058c8498ad69c397726d3d77068989c4f3a2a03df8d7cb42b93007edb,45d9ce6f1f2c8239,2.5,1,0.0,0.0,1,7453d8f230dd1ef7fc361e23f107762c1d6acd102f692da6cec81296535d87ef,common complete dates,validation,ok,467,8450.0,-9520.0,5990.0,11980.0,1198,2396,-0.0952,-20.385438972162742,-0.05137130620985011,0.08701511919892704,-0.5903721868427154,-0.1729811946902655,"conditional complete-window sum on stated capital, not live equity or intraday drawdown",0.24339757316202712,269465.9787157287,mean across entered windows; not equal-risk sizing or margin availability,467,252,0.0,0.0
NQ,revert-6-1,base,2354060058c8498ad69c397726d3d77068989c4f3a2a03df8d7cb42b93007edb,45d9ce6f1f2c8239,2.5,1,0.0,0.0,1,7453d8f230dd1ef7fc361e23f107762c1d6acd102f692da6cec81296535d87ef,common complete dates,historical_final,ok,464,-7950.0,-26055.0,6035.0,12070.0,1207,2414,-0.26055,-56.15301724137931,-0.14150560344827584,0.13162796158121173,-1.0750421243967212,-0.35565637636847813,"conditional complete-window sum on stated capital, not live equity or intraday drawdown",0.23594647988505746,435617.7793478261,mean across entered windows; not equal-risk sizing or margin availability,464,252,0.0,0.0
NQ,revert-6-1,base,2354060058c8498ad69c397726d3d77068989c4f3a2a03df8d7cb42b93007edb,45d9ce6f1f2c8239,2.5,1,0.0,0.0,1,7453d8f230dd1ef7fc361e23f107762c1d6acd102f692da6cec81296535d87ef,common complete dates,2016,ok,27,-945.0,-1965.0,340.0,680.0,68,136,-0.01965,-72.77777777777777,-0.18339999999999998,0.016778832819038123,-10.930438486275694,-0.019797030445433184,"conditional complete-window sum on stated capital, not live equity or intraday drawdown",0.2631172839506173,95824.58333333333,mean across entered windows; not equal-risk sizing or margin availability,27,252,0.0,0.0
NQ,revert-6-1,base,2354060058c8498ad69c397726d3d77068989c4f3a2a03df8d7cb42b93007edb,45d9ce6f1f2c8239,2.5,1,0.0,0.0,1,7453d8f230dd1ef7fc361e23f107762c1d6acd102f692da6cec81296535d87ef,common complete dates,2017,ok,49,-55.0,-1945.0,630.0,1260.0,126,252,-0.01945,-39.69387755102041,-0.10002857142857143,0.015783637549237953,-6.337485330395267,-0.01945,"conditional complete-window sum on stated capital, not live equity or intraday drawdown",0.22448979591836735,117989.60034013604,mean across entered windows; not equal-risk sizing or margin availability,49,252,0.0,0.0
NQ,revert-6-1,base,2354060058c8498ad69c397726d3d77068989c4f3a2a03df8d7cb42b93007edb,45d9ce6f1f2c8239,2.5,1,0.0,0.0,1,7453d8f230dd1ef7fc361e23f107762c1d6acd102f692da6cec81296535d87ef,common complete dates,2018,ok,212,870.0,-7425.0,2765.0,5530.0,553,1106,-0.07425,-35.02358490566038,-0.08825943396226416,0.040970984243695746,-2.1541936468329963,-0.09543091381723655,"conditional complete-window sum on stated capital, not live equity or intraday drawdown",0.2446933962264151,139791.56626984125,mean across entered windows; not equal-risk sizing or margin availability,212,252,0.0,0.0
NQ,revert-6-1,base,2354060058c8498ad69c397726d3d77068989c4f3a2a03df8d7cb42b93007edb,45d9ce6f1f2c8239,2.5,1,0.0,0.0,1,7453d8f230dd1ef7fc361e23f107762c1d6acd102f692da6cec81296535d87ef,common complete dates,2019,ok,220,645.0,-7860.0,2835.0,5670.0,567,1134,-0.0786,-35.72727272727273,-0.09003272727272728,0.04152856461166046,-2.167971084833684,-0.08351188400019931,"conditional complete-window sum on stated capital, not live equity or intraday drawdown",0.23513257575757576,151566.60956790124,mean across entered windows; not equal-risk sizing or margin availability,220,252,0.0,0.0
NQ,revert-6-1,base,2354060058c8498ad69c397726d3d77068989c4f3a2a03df8d7cb42b93007edb,45d9ce6f1f2c8239,2.5,1,0.0,0.0,1,7453d8f230dd1ef7fc361e23f107762c1d6acd102f692da6cec81296535d87ef,common complete dates,2020,ok,233,-3785.0,-13115.0,3110.0,6220.0,622,1244,-0.13115,-56.287553648068666,-0.14184463519313306,0.10083604621326754,-1.4066858084968208,-0.1361485981773816,"conditional complete-window sum on stated capital, not live equity or intraday drawdown",0.23739270386266095,205650.50216450216,mean across entered windows; not equal-risk sizing or margin availability,233,252,0.0,0.0
NQ,revert-6-1,base,2354060058c8498ad69c397726d3d77068989c4f3a2a03df8d7cb42b93007edb,45d9ce6f1f2c8239,2.5,1,0.0,0.0,1,7453d8f230dd1ef7fc361e23f107762c1d6acd102f692da6cec81296535d87ef,common complete dates,2021,ok,229,-365.0,-9455.0,3030.0,6060.0,606,1212,-0.09455,-41.2882096069869,-0.10404628820960697,0.08144488593493875,-1.2775054813475102,-0.14492055849783342,"conditional complete-window sum on stated capital, not live equity or intraday drawdown",0.2308042212518195,289040.8146108664,mean across entered windows; not equal-risk sizing or margin availability,229,252,0.0,0.0
NQ,revert-6-1,base,2354060058c8498ad69c397726d3d77068989c4f3a2a03df8d7cb42b93007edb,45d9ce6f1f2c8239,2.5,1,0.0,0.0,1,7453d8f230dd1ef7fc361e23f107762c1d6acd102f692da6cec81296535d87ef,common complete dates,2022,ok,239,10940.0,1655.0,3095.0,6190.0,619,1238,0.01655,6.924686192468619,0.017450209205020918,0.10087962435200641,0.17298051333072648,-0.09061578171091446,"conditional complete-window sum on stated capital, not live equity or intraday drawdown",0.24363668061366806,256663.5662482566,mean across entered windows; not equal-risk sizing or margin availability,239,252,0.0,0.0
NQ,revert-6-1,base,2354060058c8498ad69c397726d3d77068989c4f3a2a03df8d7cb42b93007edb,45d9ce6f1f2c8239,2.5,1,0.0,0.0,1,7453d8f230dd1ef7fc361e23f107762c1d6acd102f692da6cec81296535d87ef,common complete dates,2023,ok,228,-2490.0,-11175.0,2895.0,5790.0,579,1158,-0.11175,-49.01315789473684,-0.12351315789473685,0.06952085588905976,-1.776634598570494,-0.12708168120539254,"conditional complete-window sum on stated capital, not live equity or intraday drawdown",0.2431469298245614,283186.94992526155,mean across entered windows; not equal-risk sizing or margin availability,228,252,0.0,0.0
NQ,revert-6-1,base,2354060058c8498ad69c397726d3d77068989c4f3a2a03df8d7cb42b93007edb,45d9ce6f1f2c8239,2.5,1,0.0,0.0,1,7453d8f230dd1ef7fc361e23f107762c1d6acd102f692da6cec81296535d87ef,common complete dates,2024,ok,213,5195.0,-3340.0,2845.0,5690.0,569,1138,-0.0334,-15.68075117370892,-0.03951549295774648,0.08628371538280229,-0.4579716205130238,-0.0868,"conditional complete-window sum on stated capital, not live equity or intraday drawdown",0.2353286384976526,381180.45657276997,mean across entered windows; not equal-risk sizing or margin availability,213,252,0.0,0.0
NQ,revert-6-1,base,2354060058c8498ad69c397726d3d77068989c4f3a2a03df8d7cb42b93007edb,45d9ce6f1f2c8239,2.5,1,0.0,0.0,1,7453d8f230dd1ef7fc361e23f107762c1d6acd102f692da6cec81296535d87ef,common complete dates,2025,ok,142,-14005.0,-19555.0,1850.0,3700.0,370,740,-0.19555,-137.7112676056338,-0.34703239436619715,0.15680388359284736,-2.2131619856258915,-0.20891926443111417,"conditional complete-window sum on stated capital, not live equity or intraday drawdown",0.23488849765258216,441413.8061465721,mean across entered windows; not equal-risk sizing or margin availability,142,252,0.0,0.0
NQ,revert-6-1,base,2354060058c8498ad69c397726d3d77068989c4f3a2a03df8d7cb42b93007edb,45d9ce6f1f2c8239,2.5,1,0.0,0.0,1,7453d8f230dd1ef7fc361e23f107762c1d6acd102f692da6cec81296535d87ef,common complete dates,2026,ok,109,860.0,-3160.0,1340.0,2680.0,268,536,-0.0316,-28.990825688073393,-0.07305688073394495,0.1650514437921078,-0.44263097041407573,-0.13322198752271946,"conditional complete-window sum on stated capital, not live equity or intraday drawdown",0.23853211009174313,537296.1753144654,mean across entered windows; not equal-risk sizing or margin availability,109,252,0.0,0.0
NQ,revert-6-1,gross_reference,2354060058c8498ad69c397726d3d77068989c4f3a2a03df8d7cb42b93007edb,9a91936c232eea7f,0.0,0,0.0,0.0,1,7453d8f230dd1ef7fc361e23f107762c1d6acd102f692da6cec81296535d87ef,common complete dates,whole,ok,1901,-3135.0,-3135.0,0.0,0.0,4947,9894,-0.03135,-1.649132035770647,-0.00415581273014203,0.092701439281596,-0.04483007774580565,-0.23004674133521474,"conditional complete-window sum on stated capital, not live equity or intraday drawdown",0.2383065930212169,270169.1617074035,mean across entered windows; not equal-risk sizing or margin availability,1901,252,0.0,0.0
NQ,revert-6-1,gross_reference,2354060058c8498ad69c397726d3d77068989c4f3a2a03df8d7cb42b93007edb,9a91936c232eea7f,0.0,0,0.0,0.0,1,7453d8f230dd1ef7fc361e23f107762c1d6acd102f692da6cec81296535d87ef,common complete dates,development,ok,970,-3635.0,-3635.0,0.0,0.0,2542,5084,-0.03635,-3.747422680412371,-0.009443505154639176,0.06951458065188229,-0.13584927170791283,-0.0792619926199262,"conditional complete-window sum on stated capital, not live equity or intraday drawdown",0.23698453608247422,191230.1059027778,mean across entered windows; not equal-risk sizing or margin availability,970,252,0.0,0.0
NQ,revert-6-1,gross_reference,2354060058c8498ad69c397726d3d77068989c4f3a2a03df8d7cb42b93007edb,9a91936c232eea7f,0.0,0,0.0,0.0,1,7453d8f230dd1ef7fc361e23f107762c1d6acd102f692da6cec81296535d87ef,common complete dates,validation,ok,467,8450.0,8450.0,0.0,0.0,1198,2396,0.0845,18.094218415417558,0.04559743040685224,0.08753849229526126,0.5208843471173262,-0.07667953333044195,"conditional complete-window sum on stated capital, not live equity or intraday drawdown",0.24339757316202712,269465.9787157287,mean across entered windows; not equal-risk sizing or margin availability,467,252,0.0,0.0
NQ,revert-6-1,gross_reference,2354060058c8498ad69c397726d3d77068989c4f3a2a03df8d7cb42b93007edb,9a91936c232eea7f,0.0,0,0.0,0.0,1,7453d8f230dd1ef7fc361e23f107762c1d6acd102f692da6cec81296535d87ef,common complete dates,historical_final,ok,464,-7950.0,-7950.0,0.0,0.0,1207,2414,-0.0795,-17.13362068965517,-0.043176724137931034,0.13199606406880723,-0.32710614852442693,-0.24024867603039374,"conditional complete-window sum on stated capital, not live equity or intraday drawdown",0.23594647988505746,435617.7793478261,mean across entered windows; not equal-risk sizing or margin availability,464,252,0.0,0.0
NQ,revert-6-1,gross_reference,2354060058c8498ad69c397726d3d77068989c4f3a2a03df8d7cb42b93007edb,9a91936c232eea7f,0.0,0,0.0,0.0,1,7453d8f230dd1ef7fc361e23f107762c1d6acd102f692da6cec81296535d87ef,common complete dates,2016,ok,27,-945.0,-945.0,0.0,0.0,68,136,-0.00945,-35.0,-0.0882,0.016946476829213707,-5.204621638401779,-0.01053840775147338,"conditional complete-window sum on stated capital, not live equity or intraday drawdown",0.2631172839506173,95824.58333333333,mean across entered windows; not equal-risk sizing or margin availability,27,252,0.0,0.0
NQ,revert-6-1,gross_reference,2354060058c8498ad69c397726d3d77068989c4f3a2a03df8d7cb42b93007edb,9a91936c232eea7f,0.0,0,0.0,0.0,1,7453d8f230dd1ef7fc361e23f107762c1d6acd102f692da6cec81296535d87ef,common complete dates,2017,ok,49,-55.0,-55.0,0.0,0.0,126,252,-0.00055,-1.1224489795918366,-0.0028285714285714286,0.015606231585034047,-0.1812462805744823,-0.0056,"conditional complete-window sum on stated capital, not live equity or intraday drawdown",0.22448979591836735,117989.60034013604,mean across entered windows; not equal-risk sizing or margin availability,49,252,0.0,0.0
NQ,revert-6-1,gross_reference,2354060058c8498ad69c397726d3d77068989c4f3a2a03df8d7cb42b93007edb,9a91936c232eea7f,0.0,0,0.0,0.0,1,7453d8f230dd1ef7fc361e23f107762c1d6acd102f692da6cec81296535d87ef,common complete dates,2018,ok,212,870.0,870.0,0.0,0.0,553,1106,0.0087,4.10377358490566,0.010341509433962264,0.04122410770709401,0.2508607222608885,-0.034000793021411575,"conditional complete-window sum on stated capital, not live equity or intraday drawdown",0.2446933962264151,139791.56626984125,mean across entered windows; not equal-risk sizing or margin availability,212,252,0.0,0.0
NQ,revert-6-1,gross_reference,2354060058c8498ad69c397726d3d77068989c4f3a2a03df8d7cb42b93007edb,9a91936c232eea7f,0.0,0,0.0,0.0,1,7453d8f230dd1ef7fc361e23f107762c1d6acd102f692da6cec81296535d87ef,common complete dates,2019,ok,220,645.0,645.0,0.0,0.0,567,1134,0.00645,2.9318181818181817,0.007388181818181818,0.042034005380688036,0.1757667809971833,-0.03702427256166609,"conditional complete-window sum on stated capital, not live equity or intraday drawdown",0.23513257575757576,151566.60956790124,mean across entered windows; not equal-risk sizing or margin availability,220,252,0.0,0.0
NQ,revert-6-1,gross_reference,2354060058c8498ad69c397726d3d77068989c4f3a2a03df8d7cb42b93007edb,9a91936c232eea7f,0.0,0,0.0,0.0,1,7453d8f230dd1ef7fc361e23f107762c1d6acd102f692da6cec81296535d87ef,common complete dates,2020,ok,233,-3785.0,-3785.0,0.0,0.0,622,1244,-0.03785,-16.244635193133046,-0.04093648068669528,0.10128428334451553,-0.404174066646165,-0.07966571061220452,"conditional complete-window sum on stated capital, not live equity or intraday drawdown",0.23739270386266095,205650.50216450216,mean across entered windows; not equal-risk sizing or margin availability,233,252,0.0,0.0
NQ,revert-6-1,gross_reference,2354060058c8498ad69c397726d3d77068989c4f3a2a03df8d7cb42b93007edb,9a91936c232eea7f,0.0,0,0.0,0.0,1,7453d8f230dd1ef7fc361e23f107762c1d6acd102f692da6cec81296535d87ef,common complete dates,2021,ok,229,-365.0,-365.0,0.0,0.0,606,1212,-0.00365,-1.5938864628820961,-0.004016593886462883,0.08206841202250789,-0.04894202029108716,-0.07299790755183565,"conditional complete-window sum on stated capital, not live equity or intraday drawdown",0.2308042212518195,289040.8146108664,mean across entered windows; not equal-risk sizing or margin availability,229,252,0.0,0.0
NQ,revert-6-1,gross_reference,2354060058c8498ad69c397726d3d77068989c4f3a2a03df8d7cb42b93007edb,9a91936c232eea7f,0.0,0,0.0,0.0,1,7453d8f230dd1ef7fc361e23f107762c1d6acd102f692da6cec81296535d87ef,common complete dates,2022,ok,239,10940.0,10940.0,0.0,0.0,619,1238,0.1094,45.77405857740586,0.11535062761506276,0.10145150891479075,1.13700258230704,-0.0750305831181188,"conditional complete-window sum on stated capital, not live equity or intraday drawdown",0.24363668061366806,256663.5662482566,mean across entered windows; not equal-risk sizing or margin availability,239,252,0.0,0.0
NQ,revert-6-1,gross_reference,2354060058c8498ad69c397726d3d77068989c4f3a2a03df8d7cb42b93007edb,9a91936c232eea7f,0.0,0,0.0,0.0,1,7453d8f230dd1ef7fc361e23f107762c1d6acd102f692da6cec81296535d87ef,common complete dates,2023,ok,228,-2490.0,-2490.0,0.0,0.0,579,1158,-0.0249,-10.921052631578947,-0.027521052631578946,0.06998764289260555,-0.39322731119562604,-0.08471896113853083,"conditional complete-window sum on stated capital, not live equity or intraday drawdown",0.2431469298245614,283186.94992526155,mean across entered windows; not equal-risk sizing or margin availability,228,252,0.0,0.0
NQ,revert-6-1,gross_reference,2354060058c8498ad69c397726d3d77068989c4f3a2a03df8d7cb42b93007edb,9a91936c232eea7f,0.0,0,0.0,0.0,1,7453d8f230dd1ef7fc361e23f107762c1d6acd102f692da6cec81296535d87ef,common complete dates,2024,ok,213,5195.0,5195.0,0.0,0.0,569,1138,0.05195,24.389671361502348,0.061461971830985916,0.08663141616531728,0.7094651634656309,-0.05935,"conditional complete-window sum on stated capital, not live equity or intraday drawdown",0.2353286384976526,381180.45657276997,mean across entered windows; not equal-risk sizing or margin availability,213,252,0.0,0.0
NQ,revert-6-1,gross_reference,2354060058c8498ad69c397726d3d77068989c4f3a2a03df8d7cb42b93007edb,9a91936c232eea7f,0.0,0,0.0,0.0,1,7453d8f230dd1ef7fc361e23f107762c1d6acd102f692da6cec81296535d87ef,common complete dates,2025,ok,142,-14005.0,-14005.0,0.0,0.0,370,740,-0.14005,-98.62676056338029,-0.24853943661971833,0.15705274494365337,-1.5825220801386704,-0.1557115507338864,"conditional complete-window sum on stated capital, not live equity or intraday drawdown",0.23488849765258216,441413.8061465721,mean across entered windows; not equal-risk sizing or margin availability,142,252,0.0,0.0
NQ,revert-6-1,gross_reference,2354060058c8498ad69c397726d3d77068989c4f3a2a03df8d7cb42b93007edb,9a91936c232eea7f,0.0,0,0.0,0.0,1,7453d8f230dd1ef7fc361e23f107762c1d6acd102f692da6cec81296535d87ef,common complete dates,2026,ok,109,860.0,860.0,0.0,0.0,268,536,0.0086,7.889908256880734,0.01988256880733945,0.1656409120912155,0.12003416641650991,-0.10406751386094892,"conditional complete-window sum on stated capital, not live equity or intraday drawdown",0.23853211009174313,537296.1753144654,mean across entered windows; not equal-risk sizing or margin availability,109,252,0.0,0.0
NQ,revert-6-1,cost_stress,2354060058c8498ad69c397726d3d77068989c4f3a2a03df8d7cb42b93007edb,7c87d1717c6c8f6a,5.0,2,0.0,0.0,1,7453d8f230dd1ef7fc361e23f107762c1d6acd102f692da6cec81296535d87ef,common complete dates,whole,ok,1901,-3135.0,-151545.0,49470.0,98940.0,4947,9894,-1.51545,-79.71856917411888,-0.20089079431877957,0.09193187814254414,-2.185213642728915,-1.59275,"conditional complete-window sum on stated capital, not live equity or intraday drawdown",0.2383065930212169,270169.1617074035,mean across entered windows; not equal-risk sizing or margin availability,1901,252,0.0,0.0
NQ,revert-6-1,cost_stress,2354060058c8498ad69c397726d3d77068989c4f3a2a03df8d7cb42b93007edb,7c87d1717c6c8f6a,5.0,2,0.0,0.0,1,7453d8f230dd1ef7fc361e23f107762c1d6acd102f692da6cec81296535d87ef,common complete dates,development,ok,970,-3635.0,-79895.0,25420.0,50840.0,2542,5084,-0.79895,-82.3659793814433,-0.2075622680412371,0.06873160657185942,-3.0198954803163107,-0.8128,"conditional complete-window sum on stated capital, not live equity or intraday drawdown",0.23698453608247422,191230.1059027778,mean across entered windows; not equal-risk sizing or margin availability,970,252,0.0,0.0
NQ,revert-6-1,cost_stress,2354060058c8498ad69c397726d3d77068989c4f3a2a03df8d7cb42b93007edb,7c87d1717c6c8f6a,5.0,2,0.0,0.0,1,7453d8f230dd1ef7fc361e23f107762c1d6acd102f692da6cec81296535d87ef,common complete dates,validation,ok,467,8450.0,-27490.0,11980.0,23960.0,1198,2396,-0.2749,-58.86509635974304,-0.14834004282655247,0.08654775186230093,-1.7139676032551858,-0.3222175320106937,"conditional complete-window sum on stated capital, not live equity or intraday drawdown",0.24339757316202712,269465.9787157287,mean across entered windows; not equal-risk sizing or margin availability,467,252,0.0,0.0
NQ,revert-6-1,cost_stress,2354060058c8498ad69c397726d3d77068989c4f3a2a03df8d7cb42b93007edb,7c87d1717c6c8f6a,5.0,2,0.0,0.0,1,7453d8f230dd1ef7fc361e23f107762c1d6acd102f692da6cec81296535d87ef,common complete dates,historical_final,ok,464,-7950.0,-44160.0,12070.0,24140.0,1207,2414,-0.4416,-95.17241379310344,-0.23983448275862068,0.13129644291883896,-1.826663978298899,-0.5189,"conditional complete-window sum on stated capital, not live equity or intraday drawdown",0.23594647988505746,435617.7793478261,mean across entered windows; not equal-risk sizing or margin availability,464,252,0.0,0.0
NQ,revert-6-1,cost_stress,2354060058c8498ad69c397726d3d77068989c4f3a2a03df8d7cb42b93007edb,7c87d1717c6c8f6a,5.0,2,0.0,0.0,1,7453d8f230dd1ef7fc361e23f107762c1d6acd102f692da6cec81296535d87ef,common complete dates,2016,ok,27,-945.0,-2985.0,680.0,1360.0,68,136,-0.02985,-110.55555555555556,-0.2786,0.01690543836029833,-16.479903925726042,-0.02985,"conditional complete-window sum on stated capital, not live equity or intraday drawdown",0.2631172839506173,95824.58333333333,mean across entered windows; not equal-risk sizing or margin availability,27,252,0.0,0.0
NQ,revert-6-1,cost_stress,2354060058c8498ad69c397726d3d77068989c4f3a2a03df8d7cb42b93007edb,7c87d1717c6c8f6a,5.0,2,0.0,0.0,1,7453d8f230dd1ef7fc361e23f107762c1d6acd102f692da6cec81296535d87ef,common complete dates,2017,ok,49,-55.0,-3835.0,1260.0,2520.0,126,252,-0.03835,-78.26530612244898,-0.19722857142857142,0.016281491463797603,-12.113667342277285,-0.03835,"conditional complete-window sum on stated capital, not live equity or intraday drawdown",0.22448979591836735,117989.60034013604,mean across entered windows; not equal-risk sizing or margin availability,49,252,0.0,0.0
NQ,revert-6-1,cost_stress,2354060058c8498ad69c397726d3d77068989c4f3a2a03df8d7cb42b93007edb,7c87d1717c6c8f6a,5.0,2,0.0,0.0,1,7453d8f230dd1ef7fc361e23f107762c1d6acd102f692da6cec81296535d87ef,common complete dates,2018,ok,212,870.0,-15720.0,5530.0,11060.0,553,1106,-0.1572,-74.15094339622641,-0.18686037735849056,0.04083261106569014,-4.576253452366195,-0.17404129793510326,"conditional complete-window sum on stated capital, not live equity or intraday drawdown",0.2446933962264151,139791.56626984125,mean across entered windows; not equal-risk sizing or margin availability,212,252,0.0,0.0
NQ,revert-6-1,cost_stress,2354060058c8498ad69c397726d3d77068989c4f3a2a03df8d7cb42b93007edb,7c87d1717c6c8f6a,5.0,2,0.0,0.0,1,7453d8f230dd1ef7fc361e23f107762c1d6acd102f692da6cec81296535d87ef,common complete dates,2019,ok,220,645.0,-16365.0,5670.0,11340.0,567,1134,-0.16365,-74.38636363636364,-0.18745363636363635,0.04114023030821778,-4.556455687273886,-0.16585195530726257,"conditional complete-window sum on stated capital, not live equity or intraday drawdown",0.23513257575757576,151566.60956790124,mean across entered windows; not equal-risk sizing or margin availability,220,252,0.0,0.0
NQ,revert-6-1,cost_stress,2354060058c8498ad69c397726d3d77068989c4f3a2a03df8d7cb42b93007edb,7c87d1717c6c8f6a,5.0,2,0.0,0.0,1,7453d8f230dd1ef7fc361e23f107762c1d6acd102f692da6cec81296535d87ef,common complete dates,2020,ok,233,-3785.0,-22445.0,6220.0,12440.0,622,1244,-0.22445,-96.3304721030043,-0.24275278969957081,0.1004387587115499,-2.4169234348737088,-0.22445,"conditional complete-window sum on stated capital, not live equity or intraday drawdown",0.23739270386266095,205650.50216450216,mean across entered windows; not equal-risk sizing or margin availability,233,252,0.0,0.0
NQ,revert-6-1,cost_stress,2354060058c8498ad69c397726d3d77068989c4f3a2a03df8d7cb42b93007edb,7c87d1717c6c8f6a,5.0,2,0.0,0.0,1,7453d8f230dd1ef7fc361e23f107762c1d6acd102f692da6cec81296535d87ef,common complete dates,2021,ok,229,-365.0,-18545.0,6060.0,12120.0,606,1212,-0.18545,-80.9825327510917,-0.20407598253275108,0.08089785250330234,-2.5226378231043958,-0.22171461897356143,"conditional complete-window sum on stated capital, not live equity or intraday drawdown",0.2308042212518195,289040.8146108664,mean across entered windows; not equal-risk sizing or margin availability,229,252,0.0,0.0
NQ,revert-6-1,cost_stress,2354060058c8498ad69c397726d3d77068989c4f3a2a03df8d7cb42b93007edb,7c87d1717c6c8f6a,5.0,2,0.0,0.0,1,7453d8f230dd1ef7fc361e23f107762c1d6acd102f692da6cec81296535d87ef,common complete dates,2022,ok,239,10940.0,-7630.0,6190.0,12380.0,619,1238,-0.0763,-31.92468619246862,-0.08045020920502093,0.10035382590667784,-0.8016655915025511,-0.1413160733549083,"conditional complete-window sum on stated capital, not live equity or intraday drawdown",0.24363668061366806,256663.5662482566,mean across entered windows; not equal-risk sizing or margin availability,239,252,0.0,0.0
NQ,revert-6-1,cost_stress,2354060058c8498ad69c397726d3d77068989c4f3a2a03df8d7cb42b93007edb,7c87d1717c6c8f6a,5.0,2,0.0,0.0,1,7453d8f230dd1ef7fc361e23f107762c1d6acd102f692da6cec81296535d87ef,common complete dates,2023,ok,228,-2490.0,-19860.0,5790.0,11580.0,579,1158,-0.1986,-87.10526315789474,-0.21950526315789476,0.06912779121789227,-3.175354792778052,-0.20115,"conditional complete-window sum on stated capital, not live equity or intraday drawdown",0.2431469298245614,283186.94992526155,mean across entered windows; not equal-risk sizing or margin availability,228,252,0.0,0.0
NQ,revert-6-1,cost_stress,2354060058c8498ad69c397726d3d77068989c4f3a2a03df8d7cb42b93007edb,7c87d1717c6c8f6a,5.0,2,0.0,0.0,1,7453d8f230dd1ef7fc361e23f107762c1d6acd102f692da6cec81296535d87ef,common complete dates,2024,ok,213,5195.0,-11875.0,5690.0,11380.0,569,1138,-0.11875,-55.751173708920184,-0.14049295774647888,0.08599216427849707,-1.6337879029474565,-0.13085,"conditional complete-window sum on stated capital, not live equity or intraday drawdown",0.2353286384976526,381180.45657276997,mean across entered windows; not equal-risk sizing or margin availability,213,252,0.0,0.0
NQ,revert-6-1,cost_stress,2354060058c8498ad69c397726d3d77068989c4f3a2a03df8d7cb42b93007edb,7c87d1717c6c8f6a,5.0,2,0.0,0.0,1,7453d8f230dd1ef7fc361e23f107762c1d6acd102f692da6cec81296535d87ef,common complete dates,2025,ok,142,-14005.0,-25105.0,3700.0,7400.0,370,740,-0.25105,-176.79577464788733,-0.445525352112676,0.15658388435396756,-2.84528228400273,-0.2622999261265698,"conditional complete-window sum on stated capital, not live equity or intraday drawdown",0.23488849765258216,441413.8061465721,mean across entered windows; not equal-risk sizing or margin availability,142,252,0.0,0.0
NQ,revert-6-1,cost_stress,2354060058c8498ad69c397726d3d77068989c4f3a2a03df8d7cb42b93007edb,7c87d1717c6c8f6a,5.0,2,0.0,0.0,1,7453d8f230dd1ef7fc361e23f107762c1d6acd102f692da6cec81296535d87ef,common complete dates,2026,ok,109,860.0,-7180.0,2680.0,5360.0,268,536,-0.0718,-65.87155963302752,-0.16599633027522934,0.16449212194031707,-1.00914456155814,-0.16303545959769833,"conditional complete-window sum on stated capital, not live equity or intraday drawdown",0.23853211009174313,537296.1753144654,mean across entered windows; not equal-risk sizing or margin availability,109,252,0.0,0.0
NQ,revert-6-1,delay_stress,2354060058c8498ad69c397726d3d77068989c4f3a2a03df8d7cb42b93007edb,2792fc3c475ea79e,2.5,1,0.0,0.0,5,7453d8f230dd1ef7fc361e23f107762c1d6acd102f692da6cec81296535d87ef,common complete dates,whole,ok,1901,18765.0,-53265.0,24010.0,48020.0,4802,9604,-0.53265,-28.019463440294583,-0.07060904786954235,0.08880106234740394,-0.7951374229433033,-0.6766,"conditional complete-window sum on stated capital, not live equity or intraday drawdown",0.23316675433982115,270266.01343085105,mean across entered windows; not equal-risk sizing or margin availability,1901,252,0.0,0.0
NQ,revert-6-1,delay_stress,2354060058c8498ad69c397726d3d77068989c4f3a2a03df8d7cb42b93007edb,2792fc3c475ea79e,2.5,1,0.0,0.0,5,7453d8f230dd1ef7fc361e23f107762c1d6acd102f692da6cec81296535d87ef,common complete dates,development,ok,970,1185.0,-35805.0,12330.0,24660.0,2466,4932,-0.35805,-36.91237113402062,-0.09301917525773196,0.06287351131827404,-1.4794652518587135,-0.36115,"conditional complete-window sum on stated capital, not live equity or intraday drawdown",0.23174398625429554,191268.21111691024,mean across entered windows; not equal-risk sizing or margin availability,970,252,0.0,0.0
NQ,revert-6-1,delay_stress,2354060058c8498ad69c397726d3d77068989c4f3a2a03df8d7cb42b93007edb,2792fc3c475ea79e,2.5,1,0.0,0.0,5,7453d8f230dd1ef7fc361e23f107762c1d6acd102f692da6cec81296535d87ef,common complete dates,validation,ok,467,7935.0,-9495.0,5810.0,11620.0,1162,2324,-0.09495,-20.33190578158458,-0.051236402569593144,0.08473620734963323,-0.6046577274598179,-0.1585069361681842,"conditional complete-window sum on stated capital, not live equity or intraday drawdown",0.23831192005710208,269456.663961039,mean across entered windows; not equal-risk sizing or margin availability,467,252,0.0,0.0
NQ,revert-6-1,delay_stress,2354060058c8498ad69c397726d3d77068989c4f3a2a03df8d7cb42b93007edb,2792fc3c475ea79e,2.5,1,0.0,0.0,5,7453d8f230dd1ef7fc361e23f107762c1d6acd102f692da6cec81296535d87ef,common complete dates,historical_final,ok,464,9645.0,-7965.0,5870.0,11740.0,1174,2348,-0.07965,-17.165948275862068,-0.04325818965517241,0.12981271353134644,-0.33323538564446287,-0.3130419394797381,"conditional complete-window sum on stated capital, not live equity or intraday drawdown",0.2309626436781609,435600.3918478261,mean across entered windows; not equal-risk sizing or margin availability,464,252,0.0,0.0
NQ,revert-6-1,delay_stress,2354060058c8498ad69c397726d3d77068989c4f3a2a03df8d7cb42b93007edb,2792fc3c475ea79e,2.5,1,0.0,0.0,5,7453d8f230dd1ef7fc361e23f107762c1d6acd102f692da6cec81296535d87ef,common complete dates,2016,ok,27,-485.0,-1490.0,335.0,670.0,67,134,-0.0149,-55.18518518518518,-0.13906666666666667,0.022621421660645423,-6.147565292441434,-0.0149,"conditional complete-window sum on stated capital, not live equity or intraday drawdown",0.26003086419753085,95812.90123456791,mean across entered windows; not equal-risk sizing or margin availability,27,252,0.0,0.0
NQ,revert-6-1,delay_stress,2354060058c8498ad69c397726d3d77068989c4f3a2a03df8d7cb42b93007edb,2792fc3c475ea79e,2.5,1,0.0,0.0,5,7453d8f230dd1ef7fc361e23f107762c1d6acd102f692da6cec81296535d87ef,common complete dates,2017,ok,49,5.0,-1840.0,615.0,1230.0,123,246,-0.0184,-37.55102040816327,-0.09462857142857144,0.015613678755684528,-6.060619851943584,-0.0185,"conditional complete-window sum on stated capital, not live equity or intraday drawdown",0.22066326530612246,117985.07312925172,mean across entered windows; not equal-risk sizing or margin availability,49,252,0.0,0.0
NQ,revert-6-1,delay_stress,2354060058c8498ad69c397726d3d77068989c4f3a2a03df8d7cb42b93007edb,2792fc3c475ea79e,2.5,1,0.0,0.0,5,7453d8f230dd1ef7fc361e23f107762c1d6acd102f692da6cec81296535d87ef,common complete dates,2018,ok,212,2785.0,-5240.0,2675.0,5350.0,535,1070,-0.0524,-24.71698113207547,-0.062286792452830184,0.037464678599152305,-1.662547091869074,-0.06961772631999201,"conditional complete-window sum on stated capital, not live equity or intraday drawdown",0.23919025157232704,139792.04625199363,mean across entered windows; not equal-risk sizing or margin availability,212,252,0.0,0.0
NQ,revert-6-1,delay_stress,2354060058c8498ad69c397726d3d77068989c4f3a2a03df8d7cb42b93007edb,2792fc3c475ea79e,2.5,1,0.0,0.0,5,7453d8f230dd1ef7fc361e23f107762c1d6acd102f692da6cec81296535d87ef,common complete dates,2019,ok,220,4925.0,-3325.0,2750.0,5500.0,550,1100,-0.03325,-15.113636363636363,-0.038086363636363633,0.036409622794049676,-1.0460521343986016,-0.060609086370444334,"conditional complete-window sum on stated capital, not live equity or intraday drawdown",0.22916666666666666,151557.493441358,mean across entered windows; not equal-risk sizing or margin availability,220,252,0.0,0.0
NQ,revert-6-1,delay_stress,2354060058c8498ad69c397726d3d77068989c4f3a2a03df8d7cb42b93007edb,2792fc3c475ea79e,2.5,1,0.0,0.0,5,7453d8f230dd1ef7fc361e23f107762c1d6acd102f692da6cec81296535d87ef,common complete dates,2020,ok,233,265.0,-8855.0,3040.0,6080.0,608,1216,-0.08855,-38.00429184549356,-0.09577081545064378,0.09380453687956136,-1.0209614442594281,-0.09406952965235174,"conditional complete-window sum on stated capital, not live equity or intraday drawdown",0.23310085836909872,205652.3257246377,mean across entered windows; not equal-risk sizing or margin availability,233,252,0.0,0.0
NQ,revert-6-1,delay_stress,2354060058c8498ad69c397726d3d77068989c4f3a2a03df8d7cb42b93007edb,2792fc3c475ea79e,2.5,1,0.0,0.0,5,7453d8f230dd1ef7fc361e23f107762c1d6acd102f692da6cec81296535d87ef,common complete dates,2021,ok,229,-6310.0,-15055.0,2915.0,5830.0,583,1166,-0.15055,-65.74235807860262,-0.1656707423580786,0.07160903904211431,-2.3135451134967093,-0.17182836733695386,"conditional complete-window sum on stated capital, not live equity or intraday drawdown",0.22498180494905387,289047.30469897215,mean across entered windows; not equal-risk sizing or margin availability,229,252,0.0,0.0
NQ,revert-6-1,delay_stress,2354060058c8498ad69c397726d3d77068989c4f3a2a03df8d7cb42b93007edb,2792fc3c475ea79e,2.5,1,0.0,0.0,5,7453d8f230dd1ef7fc361e23f107762c1d6acd102f692da6cec81296535d87ef,common complete dates,2022,ok,239,9085.0,70.0,3005.0,6010.0,601,1202,0.0007,0.2928870292887029,0.0007380753138075313,0.09860516425332676,0.007485158808836222,-0.09138580349907041,"conditional complete-window sum on stated capital, not live equity or intraday drawdown",0.23858089260808926,256654.2918410042,mean across entered windows; not equal-risk sizing or margin availability,239,252,0.0,0.0
NQ,revert-6-1,delay_stress,2354060058c8498ad69c397726d3d77068989c4f3a2a03df8d7cb42b93007edb,2792fc3c475ea79e,2.5,1,0.0,0.0,5,7453d8f230dd1ef7fc361e23f107762c1d6acd102f692da6cec81296535d87ef,common complete dates,2023,ok,228,-1150.0,-9565.0,2805.0,5610.0,561,1122,-0.09565,-41.95175438596491,-0.10571842105263157,0.0672515274387668,-1.571985426634202,-0.14141069950834834,"conditional complete-window sum on stated capital, not live equity or intraday drawdown",0.2380299707602339,283177.5919282511,mean across entered windows; not equal-risk sizing or margin availability,228,252,0.0,0.0
NQ,revert-6-1,delay_stress,2354060058c8498ad69c397726d3d77068989c4f3a2a03df8d7cb42b93007edb,2792fc3c475ea79e,2.5,1,0.0,0.0,5,7453d8f230dd1ef7fc361e23f107762c1d6acd102f692da6cec81296535d87ef,common complete dates,2024,ok,213,17220.0,8910.0,2770.0,5540.0,554,1108,0.0891,41.83098591549296,0.10541408450704226,0.08823610171895967,1.1946820230430861,-0.04606658446362515,"conditional complete-window sum on stated capital, not live equity or intraday drawdown",0.23034037558685447,381166.7327856025,mean across entered windows; not equal-risk sizing or margin availability,213,252,0.0,0.0
NQ,revert-6-1,delay_stress,2354060058c8498ad69c397726d3d77068989c4f3a2a03df8d7cb42b93007edb,2792fc3c475ea79e,2.5,1,0.0,0.0,5,7453d8f230dd1ef7fc361e23f107762c1d6acd102f692da6cec81296535d87ef,common complete dates,2025,ok,142,-10865.0,-16220.0,1785.0,3570.0,357,714,-0.1622,-114.22535211267606,-0.2878478873239437,0.1553855167424087,-1.8524756576967554,-0.1684779911666915,"conditional complete-window sum on stated capital, not live equity or intraday drawdown",0.22872652582159625,441429.81973995274,mean across entered windows; not equal-risk sizing or margin availability,142,252,0.0,0.0
NQ,revert-6-1,delay_stress,2354060058c8498ad69c397726d3d77068989c4f3a2a03df8d7cb42b93007edb,2792fc3c475ea79e,2.5,1,0.0,0.0,5,7453d8f230dd1ef7fc361e23f107762c1d6acd102f692da6cec81296535d87ef,common complete dates,2026,ok,109,3290.0,-655.0,1315.0,2630.0,263,526,-0.00655,-6.009174311926605,-0.015143119266055044,0.15795245307114625,-0.09587137756723639,-0.1651105651105651,"conditional complete-window sum on stated capital, not live equity or intraday drawdown",0.23509174311926606,537226.9960691823,mean across entered windows; not equal-risk sizing or margin availability,109,252,0.0,0.0
NQ,revert-6-1,combined_stress,2354060058c8498ad69c397726d3d77068989c4f3a2a03df8d7cb42b93007edb,7a00ad68f1fa2f67,5.0,2,0.0,0.0,5,7453d8f230dd1ef7fc361e23f107762c1d6acd102f692da6cec81296535d87ef,common complete dates,whole,ok,1901,18765.0,-125295.0,48020.0,96040.0,4802,9604,-1.25295,-65.91004734350342,-0.16609331930562862,0.0886750758478331,-1.873055283207715,-1.3774,"conditional complete-window sum on stated capital, not live equity or intraday drawdown",0.23316675433982115,270266.01343085105,mean across entered windows; not equal-risk sizing or margin availability,1901,252,0.0,0.0
NQ,revert-6-1,combined_stress,2354060058c8498ad69c397726d3d77068989c4f3a2a03df8d7cb42b93007edb,7a00ad68f1fa2f67,5.0,2,0.0,0.0,5,7453d8f230dd1ef7fc361e23f107762c1d6acd102f692da6cec81296535d87ef,common complete dates,development,ok,970,1185.0,-72795.0,24660.0,49320.0,2466,4932,-0.72795,-75.04639175257732,-0.18911690721649485,0.06273232565871306,-3.0146643732827703,-0.73,"conditional complete-window sum on stated capital, not live equity or intraday drawdown",0.23174398625429554,191268.21111691024,mean across entered windows; not equal-risk sizing or margin availability,970,252,0.0,0.0
NQ,revert-6-1,combined_stress,2354060058c8498ad69c397726d3d77068989c4f3a2a03df8d7cb42b93007edb,7a00ad68f1fa2f67,5.0,2,0.0,0.0,5,7453d8f230dd1ef7fc361e23f107762c1d6acd102f692da6cec81296535d87ef,common complete dates,validation,ok,467,7935.0,-26925.0,11620.0,23240.0,1162,2324,-0.26925,-57.65524625267666,-0.14529122055674518,0.08462364761555725,-1.716910398577936,-0.30454611615156957,"conditional complete-window sum on stated capital, not live equity or intraday drawdown",0.23831192005710208,269456.663961039,mean across entered windows; not equal-risk sizing or margin availability,467,252,0.0,0.0
NQ,revert-6-1,combined_stress,2354060058c8498ad69c397726d3d77068989c4f3a2a03df8d7cb42b93007edb,7a00ad68f1fa2f67,5.0,2,0.0,0.0,5,7453d8f230dd1ef7fc361e23f107762c1d6acd102f692da6cec81296535d87ef,common complete dates,historical_final,ok,464,9645.0,-25575.0,11740.0,23480.0,1174,2348,-0.25575,-55.11853448275862,-0.13889870689655173,0.12967442905265555,-1.0711341311566567,-0.4142884142884143,"conditional complete-window sum on stated capital, not live equity or intraday drawdown",0.2309626436781609,435600.3918478261,mean across entered windows; not equal-risk sizing or margin availability,464,252,0.0,0.0
NQ,revert-6-1,combined_stress,2354060058c8498ad69c397726d3d77068989c4f3a2a03df8d7cb42b93007edb,7a00ad68f1fa2f67,5.0,2,0.0,0.0,5,7453d8f230dd1ef7fc361e23f107762c1d6acd102f692da6cec81296535d87ef,common complete dates,2016,ok,27,-485.0,-2495.0,670.0,1340.0,67,134,-0.02495,-92.4074074074074,-0.23286666666666664,0.022757996622207552,-10.232300783428025,-0.02495,"conditional complete-window sum on stated capital, not live equity or intraday drawdown",0.26003086419753085,95812.90123456791,mean across entered windows; not equal-risk sizing or margin availability,27,252,0.0,0.0
NQ,revert-6-1,combined_stress,2354060058c8498ad69c397726d3d77068989c4f3a2a03df8d7cb42b93007edb,7a00ad68f1fa2f67,5.0,2,0.0,0.0,5,7453d8f230dd1ef7fc361e23f107762c1d6acd102f692da6cec81296535d87ef,common complete dates,2017,ok,49,5.0,-3685.0,1230.0,2460.0,123,246,-0.03685,-75.20408163265306,-0.18951428571428572,0.016077396510984873,-11.787622802286437,-0.03685,"conditional complete-window sum on stated capital, not live equity or intraday drawdown",0.22066326530612246,117985.07312925172,mean across entered windows; not equal-risk sizing or margin availability,49,252,0.0,0.0
NQ,revert-6-1,combined_stress,2354060058c8498ad69c397726d3d77068989c4f3a2a03df8d7cb42b93007edb,7a00ad68f1fa2f67,5.0,2,0.0,0.0,5,7453d8f230dd1ef7fc361e23f107762c1d6acd102f692da6cec81296535d87ef,common complete dates,2018,ok,212,2785.0,-13265.0,5350.0,10700.0,535,1070,-0.13265,-62.570754716981135,-0.15767830188679247,0.03758536843824295,-4.195204369111771,-0.14456326204277434,"conditional complete-window sum on stated capital, not live equity or intraday drawdown",0.23919025157232704,139792.04625199363,mean across entered windows; not equal-risk sizing or margin availability,212,252,0.0,0.0
NQ,revert-6-1,combined_stress,2354060058c8498ad69c397726d3d77068989c4f3a2a03df8d7cb42b93007edb,7a00ad68f1fa2f67,5.0,2,0.0,0.0,5,7453d8f230dd1ef7fc361e23f107762c1d6acd102f692da6cec81296535d87ef,common complete dates,2019,ok,220,4925.0,-11575.0,5500.0,11000.0,550,1100,-0.11575,-52.61363636363637,-0.13258636363636367,0.03615964717830881,-3.666694063206972,-0.11805,"conditional complete-window sum on stated capital, not live equity or intraday drawdown",0.22916666666666666,151557.493441358,mean across entered windows; not equal-risk sizing or margin availability,220,252,0.0,0.0
NQ,revert-6-1,combined_stress,2354060058c8498ad69c397726d3d77068989c4f3a2a03df8d7cb42b93007edb,7a00ad68f1fa2f67,5.0,2,0.0,0.0,5,7453d8f230dd1ef7fc361e23f107762c1d6acd102f692da6cec81296535d87ef,common complete dates,2020,ok,233,265.0,-17975.0,6080.0,12160.0,608,1216,-0.17975,-77.14592274678111,-0.1944077253218884,0.09353352159034857,-2.078481832142934,-0.18035,"conditional complete-window sum on stated capital, not live equity or intraday drawdown",0.23310085836909872,205652.3257246377,mean across entered windows; not equal-risk sizing or margin availability,233,252,0.0,0.0
NQ,revert-6-1,combined_stress,2354060058c8498ad69c397726d3d77068989c4f3a2a03df8d7cb42b93007edb,7a00ad68f1fa2f67,5.0,2,0.0,0.0,5,7453d8f230dd1ef7fc361e23f107762c1d6acd102f692da6cec81296535d87ef,common complete dates,2021,ok,229,-6310.0,-23800.0,5830.0,11660.0,583,1166,-0.238,-103.93013100436681,-0.2619039301310044,0.07147365618935256,-3.664342137992099,-0.2504315234008976,"conditional complete-window sum on stated capital, not live equity or intraday drawdown",0.22498180494905387,289047.30469897215,mean across entered windows; not equal-risk sizing or margin availability,229,252,0.0,0.0
NQ,revert-6-1,combined_stress,2354060058c8498ad69c397726d3d77068989c4f3a2a03df8d7cb42b93007edb,7a00ad68f1fa2f67,5.0,2,0.0,0.0,5,7453d8f230dd1ef7fc361e23f107762c1d6acd102f692da6cec81296535d87ef,common complete dates,2022,ok,239,9085.0,-8945.0,6010.0,12020.0,601,1202,-0.08945,-37.42677824267783,-0.09431548117154813,0.0984825742852704,-0.9576870005281176,-0.12988210179030615,"conditional complete-window sum on stated capital, not live equity or intraday drawdown",0.23858089260808926,256654.2918410042,mean across entered windows; not equal-risk sizing or margin availability,239,252,0.0,0.0
NQ,revert-6-1,combined_stress,2354060058c8498ad69c397726d3d77068989c4f3a2a03df8d7cb42b93007edb,7a00ad68f1fa2f67,5.0,2,0.0,0.0,5,7453d8f230dd1ef7fc361e23f107762c1d6acd102f692da6cec81296535d87ef,common complete dates,2023,ok,228,-1150.0,-17980.0,5610.0,11220.0,561,1122,-0.1798,-78.85964912280701,-0.1987263157894737,0.06715538456344114,-2.9592015157286244,-0.20246339533043134,"conditional complete-window sum on stated capital, not live equity or intraday drawdown",0.2380299707602339,283177.5919282511,mean across entered windows; not equal-risk sizing or margin availability,228,252,0.0,0.0
NQ,revert-6-1,combined_stress,2354060058c8498ad69c397726d3d77068989c4f3a2a03df8d7cb42b93007edb,7a00ad68f1fa2f67,5.0,2,0.0,0.0,5,7453d8f230dd1ef7fc361e23f107762c1d6acd102f692da6cec81296535d87ef,common complete dates,2024,ok,213,17220.0,600.0,5540.0,11080.0,554,1108,0.006,2.816901408450704,0.007098591549295774,0.08805116138356091,0.08061894287087823,-0.0595,"conditional complete-window sum on stated capital, not live equity or intraday drawdown",0.23034037558685447,381166.7327856025,mean across entered windows; not equal-risk sizing or margin availability,213,252,0.0,0.0
NQ,revert-6-1,combined_stress,2354060058c8498ad69c397726d3d77068989c4f3a2a03df8d7cb42b93007edb,7a00ad68f1fa2f67,5.0,2,0.0,0.0,5,7453d8f230dd1ef7fc361e23f107762c1d6acd102f692da6cec81296535d87ef,common complete dates,2025,ok,142,-10865.0,-21575.0,3570.0,7140.0,357,714,-0.21575,-151.93661971830986,-0.3828802816901408,0.1552010183400767,-2.4669959371733823,-0.2203499353812506,"conditional complete-window sum on stated capital, not live equity or intraday drawdown",0.22872652582159625,441429.81973995274,mean across entered windows; not equal-risk sizing or margin availability,142,252,0.0,0.0
NQ,revert-6-1,combined_stress,2354060058c8498ad69c397726d3d77068989c4f3a2a03df8d7cb42b93007edb,7a00ad68f1fa2f67,5.0,2,0.0,0.0,5,7453d8f230dd1ef7fc361e23f107762c1d6acd102f692da6cec81296535d87ef,common complete dates,2026,ok,109,3290.0,-4600.0,2630.0,5260.0,263,526,-0.046,-42.20183486238532,-0.106348623853211,0.1579259215494648,-0.6734082841485968,-0.18375479681196497,"conditional complete-window sum on stated capital, not live equity or intraday drawdown",0.23509174311926606,537226.9960691823,mean across entered windows; not equal-risk sizing or margin availability,109,252,0.0,0.0
NQ,revert-6-1.5,base,2354060058c8498ad69c397726d3d77068989c4f3a2a03df8d7cb42b93007edb,2199071b5c80fad8,2.5,1,0.0,0.0,1,7453d8f230dd1ef7fc361e23f107762c1d6acd102f692da6cec81296535d87ef,common complete dates,whole,ok,1901,-6995.0,-53810.0,15605.0,31210.0,3121,6242,-0.5381,-28.3061546554445,-0.07133150973172014,0.08202610904819257,-0.8696195706395258,-0.6481,"conditional complete-window sum on stated capital, not live equity or intraday drawdown",0.16135148167631072,269913.69816004677,mean across entered windows; not equal-risk sizing or margin availability,1901,252,0.0,0.0
NQ,revert-6-1.5,base,2354060058c8498ad69c397726d3d77068989c4f3a2a03df8d7cb42b93007edb,2199071b5c80fad8,2.5,1,0.0,0.0,1,7453d8f230dd1ef7fc361e23f107762c1d6acd102f692da6cec81296535d87ef,common complete dates,development,ok,970,6965.0,-17080.0,8015.0,16030.0,1603,3206,-0.1708,-17.608247422680414,-0.04437278350515464,0.06179800736028698,-0.7180293572648389,-0.2029,"conditional complete-window sum on stated capital, not live equity or intraday drawdown",0.16009450171821304,190457.3566204773,mean across entered windows; not equal-risk sizing or margin availability,970,252,0.0,0.0
NQ,revert-6-1.5,base,2354060058c8498ad69c397726d3d77068989c4f3a2a03df8d7cb42b93007edb,2199071b5c80fad8,2.5,1,0.0,0.0,1,7453d8f230dd1ef7fc361e23f107762c1d6acd102f692da6cec81296535d87ef,common complete dates,validation,ok,467,2315.0,-9385.0,3900.0,7800.0,780,1560,-0.09385,-20.096359743040686,-0.05064282655246253,0.07036843964235445,-0.7196809650725983,-0.1335918054757802,"conditional complete-window sum on stated capital, not live equity or intraday drawdown",0.16800499643112063,269879.7222222222,mean across entered windows; not equal-risk sizing or margin availability,467,252,0.0,0.0
NQ,revert-6-1.5,base,2354060058c8498ad69c397726d3d77068989c4f3a2a03df8d7cb42b93007edb,2199071b5c80fad8,2.5,1,0.0,0.0,1,7453d8f230dd1ef7fc361e23f107762c1d6acd102f692da6cec81296535d87ef,common complete dates,historical_final,ok,464,-16275.0,-27345.0,3690.0,7380.0,738,1476,-0.27345,-58.93318965517241,-0.14851163793103447,0.12084183639153685,-1.2289753479899572,-0.38345,"conditional complete-window sum on stated capital, not live equity or intraday drawdown",0.1572826867816092,434958.70403677056,mean across entered windows; not equal-risk sizing or margin availability,464,252,0.0,0.0
NQ,revert-6-1.5,base,2354060058c8498ad69c397726d3d77068989c4f3a2a03df8d7cb42b93007edb,2199071b5c80fad8,2.5,1,0.0,0.0,1,7453d8f230dd1ef7fc361e23f107762c1d6acd102f692da6cec81296535d87ef,common complete dates,2016,ok,27,-1090.0,-1795.0,235.0,470.0,47,94,-0.01795,-66.48148148148148,-0.16753333333333334,0.015814582689436536,-10.593598112787285,-0.01795,"conditional complete-window sum on stated capital, not live equity or intraday drawdown",0.18904320987654322,95777.51666666666,mean across entered windows; not equal-risk sizing or margin availability,27,252,0.0,0.0
NQ,revert-6-1.5,base,2354060058c8498ad69c397726d3d77068989c4f3a2a03df8d7cb42b93007edb,2199071b5c80fad8,2.5,1,0.0,0.0,1,7453d8f230dd1ef7fc361e23f107762c1d6acd102f692da6cec81296535d87ef,common complete dates,2017,ok,49,110.0,-1075.0,395.0,790.0,79,158,-0.01075,-21.93877551020408,-0.055285714285714285,0.014632717743858404,-3.7782259764368535,-0.011,"conditional complete-window sum on stated capital, not live equity or intraday drawdown",0.16071428571428573,117720.81300813008,mean across entered windows; not equal-risk sizing or margin availability,49,252,0.0,0.0
NQ,revert-6-1.5,base,2354060058c8498ad69c397726d3d77068989c4f3a2a03df8d7cb42b93007edb,2199071b5c80fad8,2.5,1,0.0,0.0,1,7453d8f230dd1ef7fc361e23f107762c1d6acd102f692da6cec81296535d87ef,common complete dates,2018,ok,212,-2860.0,-7915.0,1685.0,3370.0,337,674,-0.07915,-37.33490566037736,-0.09408396226415094,0.03594761225001863,-2.617252061410621,-0.09205397301349326,"conditional complete-window sum on stated capital, not live equity or intraday drawdown",0.1619496855345912,139675.25474956824,mean across entered windows; not equal-risk sizing or margin availability,212,252,0.0,0.0
NQ,revert-6-1.5,base,2354060058c8498ad69c397726d3d77068989c4f3a2a03df8d7cb42b93007edb,2199071b5c80fad8,2.5,1,0.0,0.0,1,7453d8f230dd1ef7fc361e23f107762c1d6acd102f692da6cec81296535d87ef,common complete dates,2019,ok,220,-165.0,-5460.0,1765.0,3530.0,353,706,-0.0546,-24.818181818181817,-0.06254181818181818,0.03646531452131232,-1.7151043122160738,-0.05977286312014345,"conditional complete-window sum on stated capital, not live equity or intraday drawdown",0.15776515151515152,151404.29835924009,mean across entered windows; not equal-risk sizing or margin availability,220,252,0.0,0.0
NQ,revert-6-1.5,base,2354060058c8498ad69c397726d3d77068989c4f3a2a03df8d7cb42b93007edb,2199071b5c80fad8,2.5,1,0.0,0.0,1,7453d8f230dd1ef7fc361e23f107762c1d6acd102f692da6cec81296535d87ef,common complete dates,2020,ok,233,7720.0,1600.0,2040.0,4080.0,408,816,0.016,6.866952789699571,0.017304721030042918,0.09395747305764049,0.18417610081347033,-0.061782661782661785,"conditional complete-window sum on stated capital, not live equity or intraday drawdown",0.16550429184549356,206039.38271604938,mean across entered windows; not equal-risk sizing or margin availability,233,252,0.0,0.0
NQ,revert-6-1.5,base,2354060058c8498ad69c397726d3d77068989c4f3a2a03df8d7cb42b93007edb,2199071b5c80fad8,2.5,1,0.0,0.0,1,7453d8f230dd1ef7fc361e23f107762c1d6acd102f692da6cec81296535d87ef,common complete dates,2021,ok,229,3250.0,-2435.0,1895.0,3790.0,379,758,-0.02435,-10.633187772925764,-0.026795633187772925,0.06831442965948863,-0.3922397262384391,-0.09391655063139194,"conditional complete-window sum on stated capital, not live equity or intraday drawdown",0.15156477438136826,288041.5109427609,mean across entered windows; not equal-risk sizing or margin availability,229,252,0.0,0.0
NQ,revert-6-1.5,base,2354060058c8498ad69c397726d3d77068989c4f3a2a03df8d7cb42b93007edb,2199071b5c80fad8,2.5,1,0.0,0.0,1,7453d8f230dd1ef7fc361e23f107762c1d6acd102f692da6cec81296535d87ef,common complete dates,2022,ok,239,4525.0,-1520.0,2015.0,4030.0,403,806,-0.0152,-6.359832635983263,-0.01602677824267782,0.07918815623634783,-0.2023885768326734,-0.07414321271300019,"conditional complete-window sum on stated capital, not live equity or intraday drawdown",0.16954323570432356,256928.63257575757,mean across entered windows; not equal-risk sizing or margin availability,239,252,0.0,0.0
NQ,revert-6-1.5,base,2354060058c8498ad69c397726d3d77068989c4f3a2a03df8d7cb42b93007edb,2199071b5c80fad8,2.5,1,0.0,0.0,1,7453d8f230dd1ef7fc361e23f107762c1d6acd102f692da6cec81296535d87ef,common complete dates,2023,ok,228,-2210.0,-7865.0,1885.0,3770.0,377,754,-0.07865,-34.49561403508772,-0.08692894736842105,0.0598357026703167,-1.452793958940918,-0.096642780013743,"conditional complete-window sum on stated capital, not live equity or intraday drawdown",0.16639254385964913,283512.4481658692,mean across entered windows; not equal-risk sizing or margin availability,228,252,0.0,0.0
NQ,revert-6-1.5,base,2354060058c8498ad69c397726d3d77068989c4f3a2a03df8d7cb42b93007edb,2199071b5c80fad8,2.5,1,0.0,0.0,1,7453d8f230dd1ef7fc361e23f107762c1d6acd102f692da6cec81296535d87ef,common complete dates,2024,ok,213,-2835.0,-7980.0,1715.0,3430.0,343,686,-0.0798,-37.46478873239437,-0.09441126760563381,0.0794901115496441,-1.1877108456021097,-0.08395,"conditional complete-window sum on stated capital, not live equity or intraday drawdown",0.15747261345852895,380093.32692307694,mean across entered windows; not equal-risk sizing or margin availability,213,252,0.0,0.0
NQ,revert-6-1.5,base,2354060058c8498ad69c397726d3d77068989c4f3a2a03df8d7cb42b93007edb,2199071b5c80fad8,2.5,1,0.0,0.0,1,7453d8f230dd1ef7fc361e23f107762c1d6acd102f692da6cec81296535d87ef,common complete dates,2025,ok,142,-21480.0,-24795.0,1105.0,2210.0,221,442,-0.24795,-174.61267605633802,-0.44002394366197184,0.14809259833647914,-2.971275732918127,-0.25975116026463907,"conditional complete-window sum on stated capital, not live equity or intraday drawdown",0.15757042253521128,441243.8333333333,mean across entered windows; not equal-risk sizing or margin availability,142,252,0.0,0.0
NQ,revert-6-1.5,base,2354060058c8498ad69c397726d3d77068989c4f3a2a03df8d7cb42b93007edb,2199071b5c80fad8,2.5,1,0.0,0.0,1,7453d8f230dd1ef7fc361e23f107762c1d6acd102f692da6cec81296535d87ef,common complete dates,2026,ok,109,8040.0,5430.0,870.0,1740.0,174,348,0.0543,49.81651376146789,0.12553761467889907,0.14422010080798106,0.8704585142818865,-0.06698942792214208,"conditional complete-window sum on stated capital, not live equity or intraday drawdown",0.1565366972477064,537155.6872852234,mean across entered windows; not equal-risk sizing or margin availability,109,252,0.0,0.0
NQ,revert-6-1.5,gross_reference,2354060058c8498ad69c397726d3d77068989c4f3a2a03df8d7cb42b93007edb,04bcf90ffd97c551,0.0,0,0.0,0.0,1,7453d8f230dd1ef7fc361e23f107762c1d6acd102f692da6cec81296535d87ef,common complete dates,whole,ok,1901,-6995.0,-6995.0,0.0,0.0,3121,6242,-0.06995,-3.6796422935297213,-0.009272698579694897,0.0822334294449723,-0.11276069406663697,-0.2942405641896304,"conditional complete-window sum on stated capital, not live equity or intraday drawdown",0.16135148167631072,269913.69816004677,mean across entered windows; not equal-risk sizing or margin availability,1901,252,0.0,0.0
NQ,revert-6-1.5,gross_reference,2354060058c8498ad69c397726d3d77068989c4f3a2a03df8d7cb42b93007edb,04bcf90ffd97c551,0.0,0,0.0,0.0,1,7453d8f230dd1ef7fc361e23f107762c1d6acd102f692da6cec81296535d87ef,common complete dates,development,ok,970,6965.0,6965.0,0.0,0.0,1603,3206,0.06965,7.180412371134021,0.01809463917525773,0.06194992017160939,0.292084947408055,-0.06677996601019694,"conditional complete-window sum on stated capital, not live equity or intraday drawdown",0.16009450171821304,190457.3566204773,mean across entered windows; not equal-risk sizing or margin availability,970,252,0.0,0.0
NQ,revert-6-1.5,gross_reference,2354060058c8498ad69c397726d3d77068989c4f3a2a03df8d7cb42b93007edb,04bcf90ffd97c551,0.0,0,0.0,0.0,1,7453d8f230dd1ef7fc361e23f107762c1d6acd102f692da6cec81296535d87ef,common complete dates,validation,ok,467,2315.0,2315.0,0.0,0.0,780,1560,0.02315,4.957173447537473,0.012492077087794432,0.0706309373426711,0.17686409890312257,-0.061465721040189124,"conditional complete-window sum on stated capital, not live equity or intraday drawdown",0.16800499643112063,269879.7222222222,mean across entered windows; not equal-risk sizing or margin availability,467,252,0.0,0.0
NQ,revert-6-1.5,gross_reference,2354060058c8498ad69c397726d3d77068989c4f3a2a03df8d7cb42b93007edb,04bcf90ffd97c551,0.0,0,0.0,0.0,1,7453d8f230dd1ef7fc361e23f107762c1d6acd102f692da6cec81296535d87ef,common complete dates,historical_final,ok,464,-16275.0,-16275.0,0.0,0.0,738,1476,-0.16275,-35.07543103448276,-0.08839008620689656,0.12109636759653536,-0.7299152564294212,-0.288108697808192,"conditional complete-window sum on stated capital, not live equity or intraday drawdown",0.1572826867816092,434958.70403677056,mean across entered windows; not equal-risk sizing or margin availability,464,252,0.0,0.0
NQ,revert-6-1.5,gross_reference,2354060058c8498ad69c397726d3d77068989c4f3a2a03df8d7cb42b93007edb,04bcf90ffd97c551,0.0,0,0.0,0.0,1,7453d8f230dd1ef7fc361e23f107762c1d6acd102f692da6cec81296535d87ef,common complete dates,2016,ok,27,-1090.0,-1090.0,0.0,0.0,47,94,-0.0109,-40.370370370370374,-0.10173333333333334,0.01574873214270165,-6.459779264229793,-0.01119664100769769,"conditional complete-window sum on stated capital, not live equity or intraday drawdown",0.18904320987654322,95777.51666666666,mean across entered windows; not equal-risk sizing or margin availability,27,252,0.0,0.0
NQ,revert-6-1.5,gross_reference,2354060058c8498ad69c397726d3d77068989c4f3a2a03df8d7cb42b93007edb,04bcf90ffd97c551,0.0,0,0.0,0.0,1,7453d8f230dd1ef7fc361e23f107762c1d6acd102f692da6cec81296535d87ef,common complete dates,2017,ok,49,110.0,110.0,0.0,0.0,79,158,0.0011,2.2448979591836733,0.005657142857142857,0.014278842990342641,0.3961905639671934,-0.005317827145768103,"conditional complete-window sum on stated capital, not live equity or intraday drawdown",0.16071428571428573,117720.81300813008,mean across entered windows; not equal-risk sizing or margin availability,49,252,0.0,0.0
NQ,revert-6-1.5,gross_reference,2354060058c8498ad69c397726d3d77068989c4f3a2a03df8d7cb42b93007edb,04bcf90ffd97c551,0.0,0,0.0,0.0,1,7453d8f230dd1ef7fc361e23f107762c1d6acd102f692da6cec81296535d87ef,common complete dates,2018,ok,212,-2860.0,-2860.0,0.0,0.0,337,674,-0.0286,-13.49056603773585,-0.033996226415094345,0.03598056794694179,-0.9448496328692304,-0.04916804077349723,"conditional complete-window sum on stated capital, not live equity or intraday drawdown",0.1619496855345912,139675.25474956824,mean across entered windows; not equal-risk sizing or margin availability,212,252,0.0,0.0
NQ,revert-6-1.5,gross_reference,2354060058c8498ad69c397726d3d77068989c4f3a2a03df8d7cb42b93007edb,04bcf90ffd97c551,0.0,0,0.0,0.0,1,7453d8f230dd1ef7fc361e23f107762c1d6acd102f692da6cec81296535d87ef,common complete dates,2019,ok,220,-165.0,-165.0,0.0,0.0,353,706,-0.00165,-0.75,-0.00189,0.036635803002579806,-0.051588878777050706,-0.03495887191539365,"conditional complete-window sum on stated capital, not live equity or intraday drawdown",0.15776515151515152,151404.29835924009,mean across entered windows; not equal-risk sizing or margin availability,220,252,0.0,0.0
NQ,revert-6-1.5,gross_reference,2354060058c8498ad69c397726d3d77068989c4f3a2a03df8d7cb42b93007edb,04bcf90ffd97c551,0.0,0,0.0,0.0,1,7453d8f230dd1ef7fc361e23f107762c1d6acd102f692da6cec81296535d87ef,common complete dates,2020,ok,233,7720.0,7720.0,0.0,0.0,408,816,0.0772,33.13304721030043,0.08349527896995709,0.09414335740442464,0.8868950637831501,-0.05828013155349197,"conditional complete-window sum on stated capital, not live equity or intraday drawdown",0.16550429184549356,206039.38271604938,mean across entered windows; not equal-risk sizing or margin availability,233,252,0.0,0.0
NQ,revert-6-1.5,gross_reference,2354060058c8498ad69c397726d3d77068989c4f3a2a03df8d7cb42b93007edb,04bcf90ffd97c551,0.0,0,0.0,0.0,1,7453d8f230dd1ef7fc361e23f107762c1d6acd102f692da6cec81296535d87ef,common complete dates,2021,ok,229,3250.0,3250.0,0.0,0.0,379,758,0.0325,14.192139737991265,0.035764192139737985,0.06853221050075965,0.5218596026366545,-0.0624345175731022,"conditional complete-window sum on stated capital, not live equity or intraday drawdown",0.15156477438136826,288041.5109427609,mean across entered windows; not equal-risk sizing or margin availability,229,252,0.0,0.0
NQ,revert-6-1.5,gross_reference,2354060058c8498ad69c397726d3d77068989c4f3a2a03df8d7cb42b93007edb,04bcf90ffd97c551,0.0,0,0.0,0.0,1,7453d8f230dd1ef7fc361e23f107762c1d6acd102f692da6cec81296535d87ef,common complete dates,2022,ok,239,4525.0,4525.0,0.0,0.0,403,806,0.04525,18.93305439330544,0.047711297071129706,0.07950919120822615,0.6000727255063993,-0.061465721040189124,"conditional complete-window sum on stated capital, not live equity or intraday drawdown",0.16954323570432356,256928.63257575757,mean across entered windows; not equal-risk sizing or margin availability,239,252,0.0,0.0
NQ,revert-6-1.5,gross_reference,2354060058c8498ad69c397726d3d77068989c4f3a2a03df8d7cb42b93007edb,04bcf90ffd97c551,0.0,0,0.0,0.0,1,7453d8f230dd1ef7fc361e23f107762c1d6acd102f692da6cec81296535d87ef,common complete dates,2023,ok,228,-2210.0,-2210.0,0.0,0.0,377,754,-0.0221,-9.692982456140351,-0.024426315789473685,0.06002095663462082,-0.4069631202009914,-0.06191650945677937,"conditional complete-window sum on stated capital, not live equity or intraday drawdown",0.16639254385964913,283512.4481658692,mean across entered windows; not equal-risk sizing or margin availability,228,252,0.0,0.0
NQ,revert-6-1.5,gross_reference,2354060058c8498ad69c397726d3d77068989c4f3a2a03df8d7cb42b93007edb,04bcf90ffd97c551,0.0,0,0.0,0.0,1,7453d8f230dd1ef7fc361e23f107762c1d6acd102f692da6cec81296535d87ef,common complete dates,2024,ok,213,-2835.0,-2835.0,0.0,0.0,343,686,-0.02835,-13.309859154929578,-0.033540845070422536,0.07975570385476591,-0.42054478174376064,-0.05,"conditional complete-window sum on stated capital, not live equity or intraday drawdown",0.15747261345852895,380093.32692307694,mean across entered windows; not equal-risk sizing or margin availability,213,252,0.0,0.0
NQ,revert-6-1.5,gross_reference,2354060058c8498ad69c397726d3d77068989c4f3a2a03df8d7cb42b93007edb,04bcf90ffd97c551,0.0,0,0.0,0.0,1,7453d8f230dd1ef7fc361e23f107762c1d6acd102f692da6cec81296535d87ef,common complete dates,2025,ok,142,-21480.0,-21480.0,0.0,0.0,221,442,-0.2148,-151.26760563380282,-0.3811943661971831,0.14819117493035824,-2.5723148924105885,-0.2286714666140645,"conditional complete-window sum on stated capital, not live equity or intraday drawdown",0.15757042253521128,441243.8333333333,mean across entered windows; not equal-risk sizing or margin availability,142,252,0.0,0.0
NQ,revert-6-1.5,gross_reference,2354060058c8498ad69c397726d3d77068989c4f3a2a03df8d7cb42b93007edb,04bcf90ffd97c551,0.0,0,0.0,0.0,1,7453d8f230dd1ef7fc361e23f107762c1d6acd102f692da6cec81296535d87ef,common complete dates,2026,ok,109,8040.0,8040.0,0.0,0.0,174,348,0.0804,73.76146788990826,0.18587889908256883,0.14469700579569203,1.2846077778901965,-0.05743011280039235,"conditional complete-window sum on stated capital, not live equity or intraday drawdown",0.1565366972477064,537155.6872852234,mean across entered windows; not equal-risk sizing or margin availability,109,252,0.0,0.0
NQ,revert-6-1.5,cost_stress,2354060058c8498ad69c397726d3d77068989c4f3a2a03df8d7cb42b93007edb,efbfd022ae1f4ae8,5.0,2,0.0,0.0,1,7453d8f230dd1ef7fc361e23f107762c1d6acd102f692da6cec81296535d87ef,common complete dates,whole,ok,1901,-6995.0,-100625.0,31210.0,62420.0,3121,6242,-1.00625,-52.932667017359286,-0.1333903208837454,0.08187408702459473,-1.6292129259856705,-1.1068,"conditional complete-window sum on stated capital, not live equity or intraday drawdown",0.16135148167631072,269913.69816004677,mean across entered windows; not equal-risk sizing or margin availability,1901,252,0.0,0.0
NQ,revert-6-1.5,cost_stress,2354060058c8498ad69c397726d3d77068989c4f3a2a03df8d7cb42b93007edb,efbfd022ae1f4ae8,5.0,2,0.0,0.0,1,7453d8f230dd1ef7fc361e23f107762c1d6acd102f692da6cec81296535d87ef,common complete dates,development,ok,970,6965.0,-41125.0,16030.0,32060.0,1603,3206,-0.41125,-42.396907216494846,-0.10684020618556701,0.06172539352308043,-1.730895504872192,-0.4273,"conditional complete-window sum on stated capital, not live equity or intraday drawdown",0.16009450171821304,190457.3566204773,mean across entered windows; not equal-risk sizing or margin availability,970,252,0.0,0.0
NQ,revert-6-1.5,cost_stress,2354060058c8498ad69c397726d3d77068989c4f3a2a03df8d7cb42b93007edb,efbfd022ae1f4ae8,5.0,2,0.0,0.0,1,7453d8f230dd1ef7fc361e23f107762c1d6acd102f692da6cec81296535d87ef,common complete dates,validation,ok,467,2315.0,-21085.0,7800.0,15600.0,780,1560,-0.21085,-45.149892933618844,-0.11377773019271949,0.07016450222518716,-1.6215853684468435,-0.2358728312493942,"conditional complete-window sum on stated capital, not live equity or intraday drawdown",0.16800499643112063,269879.7222222222,mean across entered windows; not equal-risk sizing or margin availability,467,252,0.0,0.0
NQ,revert-6-1.5,cost_stress,2354060058c8498ad69c397726d3d77068989c4f3a2a03df8d7cb42b93007edb,efbfd022ae1f4ae8,5.0,2,0.0,0.0,1,7453d8f230dd1ef7fc361e23f107762c1d6acd102f692da6cec81296535d87ef,common complete dates,historical_final,ok,464,-16275.0,-38415.0,7380.0,14760.0,738,1476,-0.38415,-82.79094827586206,-0.2086331896551724,0.12062192106160355,-1.7296457212667014,-0.4847,"conditional complete-window sum on stated capital, not live equity or intraday drawdown",0.1572826867816092,434958.70403677056,mean across entered windows; not equal-risk sizing or margin availability,464,252,0.0,0.0
NQ,revert-6-1.5,cost_stress,2354060058c8498ad69c397726d3d77068989c4f3a2a03df8d7cb42b93007edb,efbfd022ae1f4ae8,5.0,2,0.0,0.0,1,7453d8f230dd1ef7fc361e23f107762c1d6acd102f692da6cec81296535d87ef,common complete dates,2016,ok,27,-1090.0,-2500.0,470.0,940.0,47,94,-0.025,-92.5925925925926,-0.23333333333333334,0.01616847201127822,-14.431378127170772,-0.025,"conditional complete-window sum on stated capital, not live equity or intraday drawdown",0.18904320987654322,95777.51666666666,mean across entered windows; not equal-risk sizing or margin availability,27,252,0.0,0.0
NQ,revert-6-1.5,cost_stress,2354060058c8498ad69c397726d3d77068989c4f3a2a03df8d7cb42b93007edb,efbfd022ae1f4ae8,5.0,2,0.0,0.0,1,7453d8f230dd1ef7fc361e23f107762c1d6acd102f692da6cec81296535d87ef,common complete dates,2017,ok,49,110.0,-2260.0,790.0,1580.0,79,158,-0.0226,-46.12244897959184,-0.11622857142857143,0.01533389103540632,-7.579848530304337,-0.0227,"conditional complete-window sum on stated capital, not live equity or intraday drawdown",0.16071428571428573,117720.81300813008,mean across entered windows; not equal-risk sizing or margin availability,49,252,0.0,0.0
NQ,revert-6-1.5,cost_stress,2354060058c8498ad69c397726d3d77068989c4f3a2a03df8d7cb42b93007edb,efbfd022ae1f4ae8,5.0,2,0.0,0.0,1,7453d8f230dd1ef7fc361e23f107762c1d6acd102f692da6cec81296535d87ef,common complete dates,2018,ok,212,-2860.0,-12970.0,3370.0,6740.0,337,674,-0.1297,-61.179245283018865,-0.15417169811320752,0.036024668401453436,-4.279614635036791,-0.1392512620582796,"conditional complete-window sum on stated capital, not live equity or intraday drawdown",0.1619496855345912,139675.25474956824,mean across entered windows; not equal-risk sizing or margin availability,212,252,0.0,0.0
NQ,revert-6-1.5,cost_stress,2354060058c8498ad69c397726d3d77068989c4f3a2a03df8d7cb42b93007edb,efbfd022ae1f4ae8,5.0,2,0.0,0.0,1,7453d8f230dd1ef7fc361e23f107762c1d6acd102f692da6cec81296535d87ef,common complete dates,2019,ok,220,-165.0,-10755.0,3530.0,7060.0,353,706,-0.10755,-48.88636363636363,-0.12319363636363635,0.03643968146718134,-3.380755028679058,-0.11053497532033704,"conditional complete-window sum on stated capital, not live equity or intraday drawdown",0.15776515151515152,151404.29835924009,mean across entered windows; not equal-risk sizing or margin availability,220,252,0.0,0.0
NQ,revert-6-1.5,cost_stress,2354060058c8498ad69c397726d3d77068989c4f3a2a03df8d7cb42b93007edb,efbfd022ae1f4ae8,5.0,2,0.0,0.0,1,7453d8f230dd1ef7fc361e23f107762c1d6acd102f692da6cec81296535d87ef,common complete dates,2020,ok,233,7720.0,-4520.0,4080.0,8160.0,408,816,-0.0452,-19.399141630901287,-0.04888583690987124,0.09381957097158193,-0.5210622517627886,-0.06826477261517214,"conditional complete-window sum on stated capital, not live equity or intraday drawdown",0.16550429184549356,206039.38271604938,mean across entered windows; not equal-risk sizing or margin availability,233,252,0.0,0.0
NQ,revert-6-1.5,cost_stress,2354060058c8498ad69c397726d3d77068989c4f3a2a03df8d7cb42b93007edb,efbfd022ae1f4ae8,5.0,2,0.0,0.0,1,7453d8f230dd1ef7fc361e23f107762c1d6acd102f692da6cec81296535d87ef,common complete dates,2021,ok,229,3250.0,-8120.0,3790.0,7580.0,379,758,-0.0812,-35.45851528384279,-0.08935545851528384,0.06818053295146871,-1.3105714292214108,-0.12642732726920844,"conditional complete-window sum on stated capital, not live equity or intraday drawdown",0.15156477438136826,288041.5109427609,mean across entered windows; not equal-risk sizing or margin availability,229,252,0.0,0.0
NQ,revert-6-1.5,cost_stress,2354060058c8498ad69c397726d3d77068989c4f3a2a03df8d7cb42b93007edb,efbfd022ae1f4ae8,5.0,2,0.0,0.0,1,7453d8f230dd1ef7fc361e23f107762c1d6acd102f692da6cec81296535d87ef,common complete dates,2022,ok,239,4525.0,-7565.0,4030.0,8060.0,403,806,-0.07565,-31.652719665271967,-0.07976485355648535,0.07891880038305865,-1.0107205528887935,-0.11277503150140544,"conditional complete-window sum on stated capital, not live equity or intraday drawdown",0.16954323570432356,256928.63257575757,mean across entered windows; not equal-risk sizing or margin availability,239,252,0.0,0.0
NQ,revert-6-1.5,cost_stress,2354060058c8498ad69c397726d3d77068989c4f3a2a03df8d7cb42b93007edb,efbfd022ae1f4ae8,5.0,2,0.0,0.0,1,7453d8f230dd1ef7fc361e23f107762c1d6acd102f692da6cec81296535d87ef,common complete dates,2023,ok,228,-2210.0,-13520.0,3770.0,7540.0,377,754,-0.1352,-59.29824561403509,-0.14943157894736842,0.05972002484893437,-2.50220222321349,-0.1406832761450097,"conditional complete-window sum on stated capital, not live equity or intraday drawdown",0.16639254385964913,283512.4481658692,mean across entered windows; not equal-risk sizing or margin availability,228,252,0.0,0.0
NQ,revert-6-1.5,cost_stress,2354060058c8498ad69c397726d3d77068989c4f3a2a03df8d7cb42b93007edb,efbfd022ae1f4ae8,5.0,2,0.0,0.0,1,7453d8f230dd1ef7fc361e23f107762c1d6acd102f692da6cec81296535d87ef,common complete dates,2024,ok,213,-2835.0,-13125.0,3430.0,6860.0,343,686,-0.13125,-61.61971830985915,-0.15528169014084506,0.07927379852683172,-1.958802189708205,-0.13465,"conditional complete-window sum on stated capital, not live equity or intraday drawdown",0.15747261345852895,380093.32692307694,mean across entered windows; not equal-risk sizing or margin availability,213,252,0.0,0.0
NQ,revert-6-1.5,cost_stress,2354060058c8498ad69c397726d3d77068989c4f3a2a03df8d7cb42b93007edb,efbfd022ae1f4ae8,5.0,2,0.0,0.0,1,7453d8f230dd1ef7fc361e23f107762c1d6acd102f692da6cec81296535d87ef,common complete dates,2025,ok,142,-21480.0,-28110.0,2210.0,4420.0,221,442,-0.2811,-197.95774647887325,-0.49885352112676057,0.1480241272074958,-3.370082503019812,-0.29090459713297084,"conditional complete-window sum on stated capital, not live equity or intraday drawdown",0.15757042253521128,441243.8333333333,mean across entered windows; not equal-risk sizing or margin availability,142,252,0.0,0.0
NQ,revert-6-1.5,cost_stress,2354060058c8498ad69c397726d3d77068989c4f3a2a03df8d7cb42b93007edb,efbfd022ae1f4ae8,5.0,2,0.0,0.0,1,7453d8f230dd1ef7fc361e23f107762c1d6acd102f692da6cec81296535d87ef,common complete dates,2026,ok,109,8040.0,2820.0,1740.0,3480.0,174,348,0.0282,25.871559633027523,0.06519633027522935,0.14377310775580204,0.45346679426283965,-0.0828966880869995,"conditional complete-window sum on stated capital, not live equity or intraday drawdown",0.1565366972477064,537155.6872852234,mean across entered windows; not equal-risk sizing or margin availability,109,252,0.0,0.0
NQ,revert-6-1.5,delay_stress,2354060058c8498ad69c397726d3d77068989c4f3a2a03df8d7cb42b93007edb,dcda12d0ca3a3f98,2.5,1,0.0,0.0,5,7453d8f230dd1ef7fc361e23f107762c1d6acd102f692da6cec81296535d87ef,common complete dates,whole,ok,1901,-5730.0,-51240.0,15170.0,30340.0,3034,6068,-0.5124,-26.95423461336139,-0.06792467122567071,0.07732290842701543,-0.878454685777687,-0.63775,"conditional complete-window sum on stated capital, not live equity or intraday drawdown",0.15818428897071718,270120.0075935724,mean across entered windows; not equal-risk sizing or margin availability,1901,252,0.0,0.0
NQ,revert-6-1.5,delay_stress,2354060058c8498ad69c397726d3d77068989c4f3a2a03df8d7cb42b93007edb,dcda12d0ca3a3f98,2.5,1,0.0,0.0,5,7453d8f230dd1ef7fc361e23f107762c1d6acd102f692da6cec81296535d87ef,common complete dates,development,ok,970,175.0,-23240.0,7805.0,15610.0,1561,3122,-0.2324,-23.95876288659794,-0.0603760824742268,0.05344008439029535,-1.1297901783476794,-0.2342,"conditional complete-window sum on stated capital, not live equity or intraday drawdown",0.15717353951890034,190616.87790697673,mean across entered windows; not equal-risk sizing or margin availability,970,252,0.0,0.0
NQ,revert-6-1.5,delay_stress,2354060058c8498ad69c397726d3d77068989c4f3a2a03df8d7cb42b93007edb,dcda12d0ca3a3f98,2.5,1,0.0,0.0,5,7453d8f230dd1ef7fc361e23f107762c1d6acd102f692da6cec81296535d87ef,common complete dates,validation,ok,467,4415.0,-6895.0,3770.0,7540.0,754,1508,-0.06895,-14.764453961456104,-0.037206423982869385,0.06650438959126231,-0.5594581682734181,-0.09379317150187488,"conditional complete-window sum on stated capital, not live equity or intraday drawdown",0.16439150606709493,269965.36776212836,mean across entered windows; not equal-risk sizing or margin availability,467,252,0.0,0.0
NQ,revert-6-1.5,delay_stress,2354060058c8498ad69c397726d3d77068989c4f3a2a03df8d7cb42b93007edb,dcda12d0ca3a3f98,2.5,1,0.0,0.0,5,7453d8f230dd1ef7fc361e23f107762c1d6acd102f692da6cec81296535d87ef,common complete dates,historical_final,ok,464,-10320.0,-21105.0,3595.0,7190.0,719,1438,-0.21105,-45.484913793103445,-0.11462198275862068,0.11871746138758496,-0.9655023062227259,-0.3385497134313481,"conditional complete-window sum on stated capital, not live equity or intraday drawdown",0.15404992816091953,435032.2198795181,mean across entered windows; not equal-risk sizing or margin availability,464,252,0.0,0.0
NQ,revert-6-1.5,delay_stress,2354060058c8498ad69c397726d3d77068989c4f3a2a03df8d7cb42b93007edb,dcda12d0ca3a3f98,2.5,1,0.0,0.0,5,7453d8f230dd1ef7fc361e23f107762c1d6acd102f692da6cec81296535d87ef,common complete dates,2016,ok,27,-940.0,-1645.0,235.0,470.0,47,94,-0.01645,-60.925925925925924,-0.15353333333333333,0.015011593810050575,-10.227650393160758,-0.01645,"conditional complete-window sum on stated capital, not live equity or intraday drawdown",0.18981481481481483,95765.51666666668,mean across entered windows; not equal-risk sizing or margin availability,27,252,0.0,0.0
NQ,revert-6-1.5,delay_stress,2354060058c8498ad69c397726d3d77068989c4f3a2a03df8d7cb42b93007edb,dcda12d0ca3a3f98,2.5,1,0.0,0.0,5,7453d8f230dd1ef7fc361e23f107762c1d6acd102f692da6cec81296535d87ef,common complete dates,2017,ok,49,425.0,-730.0,385.0,770.0,77,154,-0.0073,-14.89795918367347,-0.03754285714285714,0.013564627055059683,-2.767702863519086,-0.0075,"conditional complete-window sum on stated capital, not live equity or intraday drawdown",0.15731292517006804,117714.51219512195,mean across entered windows; not equal-risk sizing or margin availability,49,252,0.0,0.0
NQ,revert-6-1.5,delay_stress,2354060058c8498ad69c397726d3d77068989c4f3a2a03df8d7cb42b93007edb,dcda12d0ca3a3f98,2.5,1,0.0,0.0,5,7453d8f230dd1ef7fc361e23f107762c1d6acd102f692da6cec81296535d87ef,common complete dates,2018,ok,212,-910.0,-5770.0,1620.0,3240.0,324,648,-0.0577,-27.21698113207547,-0.06858679245283018,0.031461081206618426,-2.1800519823966407,-0.06813977903314503,"conditional complete-window sum on stated capital, not live equity or intraday drawdown",0.15703616352201258,139626.8947368421,mean across entered windows; not equal-risk sizing or margin availability,212,252,0.0,0.0
NQ,revert-6-1.5,delay_stress,2354060058c8498ad69c397726d3d77068989c4f3a2a03df8d7cb42b93007edb,dcda12d0ca3a3f98,2.5,1,0.0,0.0,5,7453d8f230dd1ef7fc361e23f107762c1d6acd102f692da6cec81296535d87ef,common complete dates,2019,ok,220,2685.0,-2505.0,1730.0,3460.0,346,692,-0.02505,-11.386363636363637,-0.028693636363636362,0.030586436723767547,-0.9381163495040155,-0.04309704265121118,"conditional complete-window sum on stated capital, not live equity or intraday drawdown",0.15587121212121213,151329.79817708334,mean across entered windows; not equal-risk sizing or margin availability,220,252,0.0,0.0
NQ,revert-6-1.5,delay_stress,2354060058c8498ad69c397726d3d77068989c4f3a2a03df8d7cb42b93007edb,dcda12d0ca3a3f98,2.5,1,0.0,0.0,5,7453d8f230dd1ef7fc361e23f107762c1d6acd102f692da6cec81296535d87ef,common complete dates,2020,ok,233,-2170.0,-8170.0,2000.0,4000.0,400,800,-0.0817,-35.06437768240343,-0.08836223175965666,0.08093353769865198,-1.0917875861137405,-0.08832149421290547,"conditional complete-window sum on stated capital, not live equity or intraday drawdown",0.163447782546495,206036.83995327103,mean across entered windows; not equal-risk sizing or margin availability,233,252,0.0,0.0
NQ,revert-6-1.5,delay_stress,2354060058c8498ad69c397726d3d77068989c4f3a2a03df8d7cb42b93007edb,dcda12d0ca3a3f98,2.5,1,0.0,0.0,5,7453d8f230dd1ef7fc361e23f107762c1d6acd102f692da6cec81296535d87ef,common complete dates,2021,ok,229,1085.0,-4420.0,1835.0,3670.0,367,734,-0.0442,-19.30131004366812,-0.04863930131004367,0.05983980819003116,-0.8128251540443038,-0.0734715680085466,"conditional complete-window sum on stated capital, not live equity or intraday drawdown",0.1482896652110626,288049.32870370365,mean across entered windows; not equal-risk sizing or margin availability,229,252,0.0,0.0
NQ,revert-6-1.5,delay_stress,2354060058c8498ad69c397726d3d77068989c4f3a2a03df8d7cb42b93007edb,dcda12d0ca3a3f98,2.5,1,0.0,0.0,5,7453d8f230dd1ef7fc361e23f107762c1d6acd102f692da6cec81296535d87ef,common complete dates,2022,ok,239,3735.0,-2100.0,1945.0,3890.0,389,778,-0.021,-8.786610878661088,-0.022142259414225943,0.07434821355932805,-0.297818311351314,-0.06881188118811882,"conditional complete-window sum on stated capital, not live equity or intraday drawdown",0.16527196652719664,256923.7980030722,mean across entered windows; not equal-risk sizing or margin availability,239,252,0.0,0.0
NQ,revert-6-1.5,delay_stress,2354060058c8498ad69c397726d3d77068989c4f3a2a03df8d7cb42b93007edb,dcda12d0ca3a3f98,2.5,1,0.0,0.0,5,7453d8f230dd1ef7fc361e23f107762c1d6acd102f692da6cec81296535d87ef,common complete dates,2023,ok,228,680.0,-4795.0,1825.0,3650.0,365,730,-0.04795,-21.030701754385966,-0.05299736842105263,0.05728887331076416,-0.9250900804693399,-0.09188901778808971,"conditional complete-window sum on stated capital, not live equity or intraday drawdown",0.163468567251462,283506.13636363635,mean across entered windows; not equal-risk sizing or margin availability,228,252,0.0,0.0
NQ,revert-6-1.5,delay_stress,2354060058c8498ad69c397726d3d77068989c4f3a2a03df8d7cb42b93007edb,dcda12d0ca3a3f98,2.5,1,0.0,0.0,5,7453d8f230dd1ef7fc361e23f107762c1d6acd102f692da6cec81296535d87ef,common complete dates,2024,ok,213,1170.0,-3870.0,1680.0,3360.0,336,672,-0.0387,-18.169014084507044,-0.045785915492957754,0.07937028236078221,-0.5768647172607403,-0.07555,"conditional complete-window sum on stated capital, not live equity or intraday drawdown",0.15483176838810642,379958.5781786942,mean across entered windows; not equal-risk sizing or margin availability,213,252,0.0,0.0
NQ,revert-6-1.5,delay_stress,2354060058c8498ad69c397726d3d77068989c4f3a2a03df8d7cb42b93007edb,dcda12d0ca3a3f98,2.5,1,0.0,0.0,5,7453d8f230dd1ef7fc361e23f107762c1d6acd102f692da6cec81296535d87ef,common complete dates,2025,ok,142,-21975.0,-25155.0,1060.0,2120.0,212,424,-0.25155,-177.14788732394365,-0.446412676056338,0.1495005676437438,-2.9860266291438338,-0.2565681648870127,"conditional complete-window sum on stated capital, not live equity or intraday drawdown",0.1528755868544601,441358.56182795705,mean across entered windows; not equal-risk sizing or margin availability,142,252,0.0,0.0
NQ,revert-6-1.5,delay_stress,2354060058c8498ad69c397726d3d77068989c4f3a2a03df8d7cb42b93007edb,dcda12d0ca3a3f98,2.5,1,0.0,0.0,5,7453d8f230dd1ef7fc361e23f107762c1d6acd102f692da6cec81296535d87ef,common complete dates,2026,ok,109,10485.0,7920.0,855.0,1710.0,171,342,0.0792,72.66055045871559,0.18310458715596328,0.1338232228330306,1.3682571924337854,-0.05423627980764464,"conditional complete-window sum on stated capital, not live equity or intraday drawdown",0.1540519877675841,537092.220790378,mean across entered windows; not equal-risk sizing or margin availability,109,252,0.0,0.0
NQ,revert-6-1.5,combined_stress,2354060058c8498ad69c397726d3d77068989c4f3a2a03df8d7cb42b93007edb,9e770daa72f457dc,5.0,2,0.0,0.0,5,7453d8f230dd1ef7fc361e23f107762c1d6acd102f692da6cec81296535d87ef,common complete dates,whole,ok,1901,-5730.0,-96750.0,30340.0,60680.0,3034,6068,-0.9675,-50.894266175697,-0.12825355076275644,0.07728076198830583,-1.6595792725512186,-1.0738,"conditional complete-window sum on stated capital, not live equity or intraday drawdown",0.15818428897071718,270120.0075935724,mean across entered windows; not equal-risk sizing or margin availability,1901,252,0.0,0.0
NQ,revert-6-1.5,combined_stress,2354060058c8498ad69c397726d3d77068989c4f3a2a03df8d7cb42b93007edb,9e770daa72f457dc,5.0,2,0.0,0.0,5,7453d8f230dd1ef7fc361e23f107762c1d6acd102f692da6cec81296535d87ef,common complete dates,development,ok,970,175.0,-46655.0,15610.0,31220.0,1561,3122,-0.46655,-48.097938144329895,-0.12120680412371133,0.0534686347062842,-2.2668767360440167,-0.4676,"conditional complete-window sum on stated capital, not live equity or intraday drawdown",0.15717353951890034,190616.87790697673,mean across entered windows; not equal-risk sizing or margin availability,970,252,0.0,0.0
NQ,revert-6-1.5,combined_stress,2354060058c8498ad69c397726d3d77068989c4f3a2a03df8d7cb42b93007edb,9e770daa72f457dc,5.0,2,0.0,0.0,5,7453d8f230dd1ef7fc361e23f107762c1d6acd102f692da6cec81296535d87ef,common complete dates,validation,ok,467,4415.0,-18205.0,7540.0,15080.0,754,1508,-0.18205,-38.98286937901499,-0.09823683083511779,0.06638661111307201,-1.4797687242657616,-0.19355638166047087,"conditional complete-window sum on stated capital, not live equity or intraday drawdown",0.16439150606709493,269965.36776212836,mean across entered windows; not equal-risk sizing or margin availability,467,252,0.0,0.0
NQ,revert-6-1.5,combined_stress,2354060058c8498ad69c397726d3d77068989c4f3a2a03df8d7cb42b93007edb,9e770daa72f457dc,5.0,2,0.0,0.0,5,7453d8f230dd1ef7fc361e23f107762c1d6acd102f692da6cec81296535d87ef,common complete dates,historical_final,ok,464,-10320.0,-31890.0,7190.0,14380.0,719,1438,-0.3189,-68.72844827586206,-0.1731956896551724,0.11864793423943386,-1.4597446703594528,-0.4252,"conditional complete-window sum on stated capital, not live equity or intraday drawdown",0.15404992816091953,435032.2198795181,mean across entered windows; not equal-risk sizing or margin availability,464,252,0.0,0.0
NQ,revert-6-1.5,combined_stress,2354060058c8498ad69c397726d3d77068989c4f3a2a03df8d7cb42b93007edb,9e770daa72f457dc,5.0,2,0.0,0.0,5,7453d8f230dd1ef7fc361e23f107762c1d6acd102f692da6cec81296535d87ef,common complete dates,2016,ok,27,-940.0,-2350.0,470.0,940.0,47,94,-0.0235,-87.03703703703704,-0.21933333333333335,0.015351906254306847,-14.287042253909105,-0.0235,"conditional complete-window sum on stated capital, not live equity or intraday drawdown",0.18981481481481483,95765.51666666668,mean across entered windows; not equal-risk sizing or margin availability,27,252,0.0,0.0
NQ,revert-6-1.5,combined_stress,2354060058c8498ad69c397726d3d77068989c4f3a2a03df8d7cb42b93007edb,9e770daa72f457dc,5.0,2,0.0,0.0,5,7453d8f230dd1ef7fc361e23f107762c1d6acd102f692da6cec81296535d87ef,common complete dates,2017,ok,49,425.0,-1885.0,770.0,1540.0,77,154,-0.01885,-38.46938775510204,-0.09694285714285715,0.0142706992520639,-6.793139945741397,-0.0189,"conditional complete-window sum on stated capital, not live equity or intraday drawdown",0.15731292517006804,117714.51219512195,mean across entered windows; not equal-risk sizing or margin availability,49,252,0.0,0.0
NQ,revert-6-1.5,combined_stress,2354060058c8498ad69c397726d3d77068989c4f3a2a03df8d7cb42b93007edb,9e770daa72f457dc,5.0,2,0.0,0.0,5,7453d8f230dd1ef7fc361e23f107762c1d6acd102f692da6cec81296535d87ef,common complete dates,2018,ok,212,-910.0,-10630.0,3240.0,6480.0,324,648,-0.1063,-50.14150943396226,-0.1263566037735849,0.0316395406988541,-3.993629521245269,-0.1142,"conditional complete-window sum on stated capital, not live equity or intraday drawdown",0.15703616352201258,139626.8947368421,mean across entered windows; not equal-risk sizing or margin availability,212,252,0.0,0.0
NQ,revert-6-1.5,combined_stress,2354060058c8498ad69c397726d3d77068989c4f3a2a03df8d7cb42b93007edb,9e770daa72f457dc,5.0,2,0.0,0.0,5,7453d8f230dd1ef7fc361e23f107762c1d6acd102f692da6cec81296535d87ef,common complete dates,2019,ok,220,2685.0,-7695.0,3460.0,6920.0,346,692,-0.07695,-34.97727272727273,-0.08814272727272728,0.03058977110919721,-2.8814444854157815,-0.0806282722513089,"conditional complete-window sum on stated capital, not live equity or intraday drawdown",0.15587121212121213,151329.79817708334,mean across entered windows; not equal-risk sizing or margin availability,220,252,0.0,0.0
NQ,revert-6-1.5,combined_stress,2354060058c8498ad69c397726d3d77068989c4f3a2a03df8d7cb42b93007edb,9e770daa72f457dc,5.0,2,0.0,0.0,5,7453d8f230dd1ef7fc361e23f107762c1d6acd102f692da6cec81296535d87ef,common complete dates,2020,ok,233,-2170.0,-14170.0,4000.0,8000.0,400,800,-0.1417,-60.81545064377682,-0.1532549356223176,0.0808653445342807,-1.8951868257650133,-0.1422,"conditional complete-window sum on stated capital, not live equity or intraday drawdown",0.163447782546495,206036.83995327103,mean across entered windows; not equal-risk sizing or margin availability,233,252,0.0,0.0
NQ,revert-6-1.5,combined_stress,2354060058c8498ad69c397726d3d77068989c4f3a2a03df8d7cb42b93007edb,9e770daa72f457dc,5.0,2,0.0,0.0,5,7453d8f230dd1ef7fc361e23f107762c1d6acd102f692da6cec81296535d87ef,common complete dates,2021,ok,229,1085.0,-9925.0,3670.0,7340.0,367,734,-0.09925,-43.34061135371179,-0.10921834061135371,0.059894576596523794,-1.8235096868134908,-0.11945192072424761,"conditional complete-window sum on stated capital, not live equity or intraday drawdown",0.1482896652110626,288049.32870370365,mean across entered windows; not equal-risk sizing or margin availability,229,252,0.0,0.0
NQ,revert-6-1.5,combined_stress,2354060058c8498ad69c397726d3d77068989c4f3a2a03df8d7cb42b93007edb,9e770daa72f457dc,5.0,2,0.0,0.0,5,7453d8f230dd1ef7fc361e23f107762c1d6acd102f692da6cec81296535d87ef,common complete dates,2022,ok,239,3735.0,-7935.0,3890.0,7780.0,389,778,-0.07935,-33.20083682008368,-0.08366610878661088,0.0741499424646553,-1.128336799809273,-0.10061957868649318,"conditional complete-window sum on stated capital, not live equity or intraday drawdown",0.16527196652719664,256923.7980030722,mean across entered windows; not equal-risk sizing or margin availability,239,252,0.0,0.0
NQ,revert-6-1.5,combined_stress,2354060058c8498ad69c397726d3d77068989c4f3a2a03df8d7cb42b93007edb,9e770daa72f457dc,5.0,2,0.0,0.0,5,7453d8f230dd1ef7fc361e23f107762c1d6acd102f692da6cec81296535d87ef,common complete dates,2023,ok,228,680.0,-10270.0,3650.0,7300.0,365,730,-0.1027,-45.04385964912281,-0.11351052631578948,0.057278957586071676,-1.9817142472472553,-0.1263271197220999,"conditional complete-window sum on stated capital, not live equity or intraday drawdown",0.163468567251462,283506.13636363635,mean across entered windows; not equal-risk sizing or margin availability,228,252,0.0,0.0
NQ,revert-6-1.5,combined_stress,2354060058c8498ad69c397726d3d77068989c4f3a2a03df8d7cb42b93007edb,9e770daa72f457dc,5.0,2,0.0,0.0,5,7453d8f230dd1ef7fc361e23f107762c1d6acd102f692da6cec81296535d87ef,common complete dates,2024,ok,213,1170.0,-8910.0,3360.0,6720.0,336,672,-0.0891,-41.83098591549296,-0.10541408450704226,0.07923841814870827,-1.3303405970221367,-0.1063,"conditional complete-window sum on stated capital, not live equity or intraday drawdown",0.15483176838810642,379958.5781786942,mean across entered windows; not equal-risk sizing or margin availability,213,252,0.0,0.0
NQ,revert-6-1.5,combined_stress,2354060058c8498ad69c397726d3d77068989c4f3a2a03df8d7cb42b93007edb,9e770daa72f457dc,5.0,2,0.0,0.0,5,7453d8f230dd1ef7fc361e23f107762c1d6acd102f692da6cec81296535d87ef,common complete dates,2025,ok,142,-21975.0,-28335.0,2120.0,4240.0,212,424,-0.28335,-199.54225352112675,-0.5028464788732394,0.14959505482144209,-3.36138436844347,-0.2873054547262692,"conditional complete-window sum on stated capital, not live equity or intraday drawdown",0.1528755868544601,441358.56182795705,mean across entered windows; not equal-risk sizing or margin availability,142,252,0.0,0.0
NQ,revert-6-1.5,combined_stress,2354060058c8498ad69c397726d3d77068989c4f3a2a03df8d7cb42b93007edb,9e770daa72f457dc,5.0,2,0.0,0.0,5,7453d8f230dd1ef7fc361e23f107762c1d6acd102f692da6cec81296535d87ef,common complete dates,2026,ok,109,10485.0,5355.0,1710.0,3420.0,171,342,0.05355,49.12844036697248,0.12380366972477064,0.13361253002779394,0.9265872721594086,-0.06022124113299271,"conditional complete-window sum on stated capital, not live equity or intraday drawdown",0.1540519877675841,537092.220790378,mean across entered windows; not equal-risk sizing or margin availability,109,252,0.0,0.0
NQ,revert-12-0.5,base,2354060058c8498ad69c397726d3d77068989c4f3a2a03df8d7cb42b93007edb,4e90ec8f282e0711,2.5,1,0.0,0.0,1,7453d8f230dd1ef7fc361e23f107762c1d6acd102f692da6cec81296535d87ef,common complete dates,whole,ok,1901,-38880.0,-100425.0,20515.0,41030.0,4103,8206,-1.00425,-52.82745923198317,-0.13312519726459757,0.10188568788145558,-1.306613323546378,-1.1244317897996903,"conditional complete-window sum on stated capital, not live equity or intraday drawdown",0.2861870945116605,270410.1567959002,mean across entered windows; not equal-risk sizing or margin availability,1901,252,0.0,0.0
NQ,revert-12-0.5,base,2354060058c8498ad69c397726d3d77068989c4f3a2a03df8d7cb42b93007edb,4e90ec8f282e0711,2.5,1,0.0,0.0,1,7453d8f230dd1ef7fc361e23f107762c1d6acd102f692da6cec81296535d87ef,common complete dates,development,ok,970,-10900.0,-41965.0,10355.0,20710.0,2071,4142,-0.41965,-43.26288659793814,-0.10902247422680411,0.07503845418511747,-1.4528880613378463,-0.4368350067435936,"conditional complete-window sum on stated capital, not live equity or intraday drawdown",0.2836984536082474,191239.24649491766,mean across entered windows; not equal-risk sizing or margin availability,970,252,0.0,0.0
NQ,revert-12-0.5,base,2354060058c8498ad69c397726d3d77068989c4f3a2a03df8d7cb42b93007edb,4e90ec8f282e0711,2.5,1,0.0,0.0,1,7453d8f230dd1ef7fc361e23f107762c1d6acd102f692da6cec81296535d87ef,common complete dates,validation,ok,467,4115.0,-11245.0,5120.0,10240.0,1024,2048,-0.11245,-24.079229122055676,-0.060679657387580306,0.09717508536514222,-0.6244363682272285,-0.17426963020479472,"conditional complete-window sum on stated capital, not live equity or intraday drawdown",0.2924250535331906,269709.7852633478,mean across entered windows; not equal-risk sizing or margin availability,467,252,0.0,0.0
NQ,revert-12-0.5,base,2354060058c8498ad69c397726d3d77068989c4f3a2a03df8d7cb42b93007edb,4e90ec8f282e0711,2.5,1,0.0,0.0,1,7453d8f230dd1ef7fc361e23f107762c1d6acd102f692da6cec81296535d87ef,common complete dates,historical_final,ok,464,-32095.0,-47215.0,5040.0,10080.0,1008,2016,-0.47215,-101.75646551724138,-0.2564262931034483,0.14568457298956414,-1.7601471991259978,-0.59245,"conditional complete-window sum on stated capital, not live equity or intraday drawdown",0.28511135057471265,435869.9102844639,mean across entered windows; not equal-risk sizing or margin availability,464,252,0.0,0.0
NQ,revert-12-0.5,base,2354060058c8498ad69c397726d3d77068989c4f3a2a03df8d7cb42b93007edb,4e90ec8f282e0711,2.5,1,0.0,0.0,1,7453d8f230dd1ef7fc361e23f107762c1d6acd102f692da6cec81296535d87ef,common complete dates,2016,ok,27,-290.0,-1175.0,295.0,590.0,59,118,-0.01175,-43.51851851851852,-0.10966666666666668,0.022295952259984035,-4.918680547387628,-0.012687946450871672,"conditional complete-window sum on stated capital, not live equity or intraday drawdown",0.29398148148148145,95819.77160493827,mean across entered windows; not equal-risk sizing or margin availability,27,252,0.0,0.0
NQ,revert-12-0.5,base,2354060058c8498ad69c397726d3d77068989c4f3a2a03df8d7cb42b93007edb,4e90ec8f282e0711,2.5,1,0.0,0.0,1,7453d8f230dd1ef7fc361e23f107762c1d6acd102f692da6cec81296535d87ef,common complete dates,2017,ok,49,-365.0,-1745.0,460.0,920.0,92,184,-0.01745,-35.61224489795919,-0.08974285714285714,0.018628348212948384,-4.8175423884592075,-0.0182,"conditional complete-window sum on stated capital, not live equity or intraday drawdown",0.2708333333333333,118021.25,mean across entered windows; not equal-risk sizing or margin availability,49,252,0.0,0.0
NQ,revert-12-0.5,base,2354060058c8498ad69c397726d3d77068989c4f3a2a03df8d7cb42b93007edb,4e90ec8f282e0711,2.5,1,0.0,0.0,1,7453d8f230dd1ef7fc361e23f107762c1d6acd102f692da6cec81296535d87ef,common complete dates,2018,ok,212,-1895.0,-8480.0,2195.0,4390.0,439,878,-0.0848,-40.0,-0.1008,0.04633816049956464,-2.175312936752141,-0.10696095076400679,"conditional complete-window sum on stated capital, not live equity or intraday drawdown",0.28832547169811323,139769.45611916264,mean across entered windows; not equal-risk sizing or margin availability,212,252,0.0,0.0
NQ,revert-12-0.5,base,2354060058c8498ad69c397726d3d77068989c4f3a2a03df8d7cb42b93007edb,4e90ec8f282e0711,2.5,1,0.0,0.0,1,7453d8f230dd1ef7fc361e23f107762c1d6acd102f692da6cec81296535d87ef,common complete dates,2019,ok,220,990.0,-5910.0,2300.0,4600.0,460,920,-0.0591,-26.863636363636363,-0.06769636363636364,0.03776876321076366,-1.792390268608821,-0.07753047426343582,"conditional complete-window sum on stated capital, not live equity or intraday drawdown",0.2771780303030303,151532.64737654323,mean across entered windows; not equal-risk sizing or margin availability,220,252,0.0,0.0
NQ,revert-12-0.5,base,2354060058c8498ad69c397726d3d77068989c4f3a2a03df8d7cb42b93007edb,4e90ec8f282e0711,2.5,1,0.0,0.0,1,7453d8f230dd1ef7fc361e23f107762c1d6acd102f692da6cec81296535d87ef,common complete dates,2020,ok,233,-8665.0,-16360.0,2565.0,5130.0,513,1026,-0.1636,-70.21459227467811,-0.17694077253218884,0.11475646532784962,-1.5418806428612442,-0.20706844125417476,"conditional complete-window sum on stated capital, not live equity or intraday drawdown",0.2863912732474964,205955.83333333334,mean across entered windows; not equal-risk sizing or margin availability,233,252,0.0,0.0
NQ,revert-12-0.5,base,2354060058c8498ad69c397726d3d77068989c4f3a2a03df8d7cb42b93007edb,4e90ec8f282e0711,2.5,1,0.0,0.0,1,7453d8f230dd1ef7fc361e23f107762c1d6acd102f692da6cec81296535d87ef,common complete dates,2021,ok,229,-675.0,-8295.0,2540.0,5080.0,508,1016,-0.08295,-36.222707423580786,-0.09128122270742357,0.08376503825646535,-1.0897293740611182,-0.12607978258759583,"conditional complete-window sum on stated capital, not live equity or intraday drawdown",0.2844796215429403,288844.7317708333,mean across entered windows; not equal-risk sizing or margin availability,229,252,0.0,0.0
NQ,revert-12-0.5,base,2354060058c8498ad69c397726d3d77068989c4f3a2a03df8d7cb42b93007edb,4e90ec8f282e0711,2.5,1,0.0,0.0,1,7453d8f230dd1ef7fc361e23f107762c1d6acd102f692da6cec81296535d87ef,common complete dates,2022,ok,239,1890.0,-5685.0,2525.0,5050.0,505,1010,-0.05685,-23.786610878661087,-0.059942259414225936,0.11134472612537175,-0.5383484382253746,-0.10234883043773658,"conditional complete-window sum on stated capital, not live equity or intraday drawdown",0.2948047419804742,256747.67973163843,mean across entered windows; not equal-risk sizing or margin availability,239,252,0.0,0.0
NQ,revert-12-0.5,base,2354060058c8498ad69c397726d3d77068989c4f3a2a03df8d7cb42b93007edb,4e90ec8f282e0711,2.5,1,0.0,0.0,1,7453d8f230dd1ef7fc361e23f107762c1d6acd102f692da6cec81296535d87ef,common complete dates,2023,ok,228,2225.0,-5560.0,2595.0,5190.0,519,1038,-0.0556,-24.385964912280702,-0.06145263157894737,0.07991723178973888,-0.7689534560034361,-0.10054011198652198,"conditional complete-window sum on stated capital, not live equity or intraday drawdown",0.2899305555555556,283245.4352876106,mean across entered windows; not equal-risk sizing or margin availability,228,252,0.0,0.0
NQ,revert-12-0.5,base,2354060058c8498ad69c397726d3d77068989c4f3a2a03df8d7cb42b93007edb,4e90ec8f282e0711,2.5,1,0.0,0.0,1,7453d8f230dd1ef7fc361e23f107762c1d6acd102f692da6cec81296535d87ef,common complete dates,2024,ok,213,1560.0,-5745.0,2435.0,4870.0,487,974,-0.05745,-26.971830985915492,-0.06796901408450705,0.08958575922199546,-0.7587033327035644,-0.10135,"conditional complete-window sum on stated capital, not live equity or intraday drawdown",0.28589593114241,380941.0468253969,mean across entered windows; not equal-risk sizing or margin availability,213,252,0.0,0.0
NQ,revert-12-0.5,base,2354060058c8498ad69c397726d3d77068989c4f3a2a03df8d7cb42b93007edb,4e90ec8f282e0711,2.5,1,0.0,0.0,1,7453d8f230dd1ef7fc361e23f107762c1d6acd102f692da6cec81296535d87ef,common complete dates,2025,ok,142,-24940.0,-29410.0,1490.0,2980.0,298,596,-0.2941,-207.11267605633802,-0.5219239436619718,0.17741451738773265,-2.9418333479516057,-0.29984130132910136,"conditional complete-window sum on stated capital, not live equity or intraday drawdown",0.28550469483568075,440963.3065476191,mean across entered windows; not equal-risk sizing or margin availability,142,252,0.0,0.0
NQ,revert-12-0.5,base,2354060058c8498ad69c397726d3d77068989c4f3a2a03df8d7cb42b93007edb,4e90ec8f282e0711,2.5,1,0.0,0.0,1,7453d8f230dd1ef7fc361e23f107762c1d6acd102f692da6cec81296535d87ef,common complete dates,2026,ok,109,-8715.0,-12060.0,1115.0,2230.0,223,446,-0.1206,-110.64220183486239,-0.27881834862385324,0.18301033990106505,-1.52351145172771,-0.24770824042416134,"conditional complete-window sum on stated capital, not live equity or intraday drawdown",0.283065749235474,537009.964953271,mean across entered windows; not equal-risk sizing or margin availability,109,252,0.0,0.0
NQ,revert-12-0.5,gross_reference,2354060058c8498ad69c397726d3d77068989c4f3a2a03df8d7cb42b93007edb,ffabc5d8ea31082d,0.0,0,0.0,0.0,1,7453d8f230dd1ef7fc361e23f107762c1d6acd102f692da6cec81296535d87ef,common complete dates,whole,ok,1901,-38880.0,-38880.0,0.0,0.0,4103,8206,-0.3888,-20.452393477117308,-0.051540031562335616,0.10243398412155526,-0.503153636015706,-0.5214324740475835,"conditional complete-window sum on stated capital, not live equity or intraday drawdown",0.2861870945116605,270410.1567959002,mean across entered windows; not equal-risk sizing or margin availability,1901,252,0.0,0.0
NQ,revert-12-0.5,gross_reference,2354060058c8498ad69c397726d3d77068989c4f3a2a03df8d7cb42b93007edb,ffabc5d8ea31082d,0.0,0,0.0,0.0,1,7453d8f230dd1ef7fc361e23f107762c1d6acd102f692da6cec81296535d87ef,common complete dates,development,ok,970,-10900.0,-10900.0,0.0,0.0,2071,4142,-0.109,-11.237113402061855,-0.028317525773195875,0.07552384631300188,-0.37494814095982876,-0.17026771966423285,"conditional complete-window sum on stated capital, not live equity or intraday drawdown",0.2836984536082474,191239.24649491766,mean across entered windows; not equal-risk sizing or margin availability,970,252,0.0,0.0
NQ,revert-12-0.5,gross_reference,2354060058c8498ad69c397726d3d77068989c4f3a2a03df8d7cb42b93007edb,ffabc5d8ea31082d,0.0,0,0.0,0.0,1,7453d8f230dd1ef7fc361e23f107762c1d6acd102f692da6cec81296535d87ef,common complete dates,validation,ok,467,4115.0,4115.0,0.0,0.0,1024,2048,0.04115,8.811563169164883,0.022205139186295502,0.09775298540519184,0.22715561160872896,-0.0983226180693189,"conditional complete-window sum on stated capital, not live equity or intraday drawdown",0.2924250535331906,269709.7852633478,mean across entered windows; not equal-risk sizing or margin availability,467,252,0.0,0.0
NQ,revert-12-0.5,gross_reference,2354060058c8498ad69c397726d3d77068989c4f3a2a03df8d7cb42b93007edb,ffabc5d8ea31082d,0.0,0,0.0,0.0,1,7453d8f230dd1ef7fc361e23f107762c1d6acd102f692da6cec81296535d87ef,common complete dates,historical_final,ok,464,-32095.0,-32095.0,0.0,0.0,1008,2016,-0.32095,-69.17025862068965,-0.1743090517241379,0.1463471784160655,-1.1910653393574608,-0.47217286914765905,"conditional complete-window sum on stated capital, not live equity or intraday drawdown",0.28511135057471265,435869.9102844639,mean across entered windows; not equal-risk sizing or margin availability,464,252,0.0,0.0
NQ,revert-12-0.5,gross_reference,2354060058c8498ad69c397726d3d77068989c4f3a2a03df8d7cb42b93007edb,ffabc5d8ea31082d,0.0,0,0.0,0.0,1,7453d8f230dd1ef7fc361e23f107762c1d6acd102f692da6cec81296535d87ef,common complete dates,2016,ok,27,-290.0,-290.0,0.0,0.0,59,118,-0.0029,-10.74074074074074,-0.027066666666666666,0.02232407002685896,-1.2124431895304801,-0.009834599910594547,"conditional complete-window sum on stated capital, not live equity or intraday drawdown",0.29398148148148145,95819.77160493827,mean across entered windows; not equal-risk sizing or margin availability,27,252,0.0,0.0
NQ,revert-12-0.5,gross_reference,2354060058c8498ad69c397726d3d77068989c4f3a2a03df8d7cb42b93007edb,ffabc5d8ea31082d,0.0,0,0.0,0.0,1,7453d8f230dd1ef7fc361e23f107762c1d6acd102f692da6cec81296535d87ef,common complete dates,2017,ok,49,-365.0,-365.0,0.0,0.0,92,184,-0.00365,-7.448979591836735,-0.01877142857142857,0.019274840188331376,-0.9738824492455425,-0.007777057679844459,"conditional complete-window sum on stated capital, not live equity or intraday drawdown",0.2708333333333333,118021.25,mean across entered windows; not equal-risk sizing or margin availability,49,252,0.0,0.0
NQ,revert-12-0.5,gross_reference,2354060058c8498ad69c397726d3d77068989c4f3a2a03df8d7cb42b93007edb,ffabc5d8ea31082d,0.0,0,0.0,0.0,1,7453d8f230dd1ef7fc361e23f107762c1d6acd102f692da6cec81296535d87ef,common complete dates,2018,ok,212,-1895.0,-1895.0,0.0,0.0,439,878,-0.01895,-8.93867924528302,-0.022525471698113208,0.04678005470350726,-0.4815187122135708,-0.04753836954355192,"conditional complete-window sum on stated capital, not live equity or intraday drawdown",0.28832547169811323,139769.45611916264,mean across entered windows; not equal-risk sizing or margin availability,212,252,0.0,0.0
NQ,revert-12-0.5,gross_reference,2354060058c8498ad69c397726d3d77068989c4f3a2a03df8d7cb42b93007edb,ffabc5d8ea31082d,0.0,0,0.0,0.0,1,7453d8f230dd1ef7fc361e23f107762c1d6acd102f692da6cec81296535d87ef,common complete dates,2019,ok,220,990.0,990.0,0.0,0.0,460,920,0.0099,4.5,0.011340000000000001,0.03842002153558117,0.295158606027795,-0.0343503937007874,"conditional complete-window sum on stated capital, not live equity or intraday drawdown",0.2771780303030303,151532.64737654323,mean across entered windows; not equal-risk sizing or margin availability,220,252,0.0,0.0
NQ,revert-12-0.5,gross_reference,2354060058c8498ad69c397726d3d77068989c4f3a2a03df8d7cb42b93007edb,ffabc5d8ea31082d,0.0,0,0.0,0.0,1,7453d8f230dd1ef7fc361e23f107762c1d6acd102f692da6cec81296535d87ef,common complete dates,2020,ok,233,-8665.0,-8665.0,0.0,0.0,513,1026,-0.08665,-37.18884120171674,-0.09371587982832619,0.11524223605034346,-0.8132077529924576,-0.15653035935563817,"conditional complete-window sum on stated capital, not live equity or intraday drawdown",0.2863912732474964,205955.83333333334,mean across entered windows; not equal-risk sizing or margin availability,233,252,0.0,0.0
NQ,revert-12-0.5,gross_reference,2354060058c8498ad69c397726d3d77068989c4f3a2a03df8d7cb42b93007edb,ffabc5d8ea31082d,0.0,0,0.0,0.0,1,7453d8f230dd1ef7fc361e23f107762c1d6acd102f692da6cec81296535d87ef,common complete dates,2021,ok,229,-675.0,-675.0,0.0,0.0,508,1016,-0.00675,-2.947598253275109,-0.007427947598253275,0.08440503361127102,-0.08800360926888352,-0.06672747347702943,"conditional complete-window sum on stated capital, not live equity or intraday drawdown",0.2844796215429403,288844.7317708333,mean across entered windows; not equal-risk sizing or margin availability,229,252,0.0,0.0
NQ,revert-12-0.5,gross_reference,2354060058c8498ad69c397726d3d77068989c4f3a2a03df8d7cb42b93007edb,ffabc5d8ea31082d,0.0,0,0.0,0.0,1,7453d8f230dd1ef7fc361e23f107762c1d6acd102f692da6cec81296535d87ef,common complete dates,2022,ok,239,1890.0,1890.0,0.0,0.0,505,1010,0.0189,7.907949790794979,0.01992803347280335,0.11197692702328083,0.17796553274461768,-0.0983226180693189,"conditional complete-window sum on stated capital, not live equity or intraday drawdown",0.2948047419804742,256747.67973163843,mean across entered windows; not equal-risk sizing or margin availability,239,252,0.0,0.0
NQ,revert-12-0.5,gross_reference,2354060058c8498ad69c397726d3d77068989c4f3a2a03df8d7cb42b93007edb,ffabc5d8ea31082d,0.0,0,0.0,0.0,1,7453d8f230dd1ef7fc361e23f107762c1d6acd102f692da6cec81296535d87ef,common complete dates,2023,ok,228,2225.0,2225.0,0.0,0.0,519,1038,0.02225,9.758771929824562,0.024592105263157894,0.08043600832100185,0.3057350280861326,-0.07565382786495482,"conditional complete-window sum on stated capital, not live equity or intraday drawdown",0.2899305555555556,283245.4352876106,mean across entered windows; not equal-risk sizing or margin availability,228,252,0.0,0.0
NQ,revert-12-0.5,gross_reference,2354060058c8498ad69c397726d3d77068989c4f3a2a03df8d7cb42b93007edb,ffabc5d8ea31082d,0.0,0,0.0,0.0,1,7453d8f230dd1ef7fc361e23f107762c1d6acd102f692da6cec81296535d87ef,common complete dates,2024,ok,213,1560.0,1560.0,0.0,0.0,487,974,0.0156,7.323943661971831,0.018456338028169015,0.0903305507651831,0.20431999884675564,-0.07905,"conditional complete-window sum on stated capital, not live equity or intraday drawdown",0.28589593114241,380941.0468253969,mean across entered windows; not equal-risk sizing or margin availability,213,252,0.0,0.0
NQ,revert-12-0.5,gross_reference,2354060058c8498ad69c397726d3d77068989c4f3a2a03df8d7cb42b93007edb,ffabc5d8ea31082d,0.0,0,0.0,0.0,1,7453d8f230dd1ef7fc361e23f107762c1d6acd102f692da6cec81296535d87ef,common complete dates,2025,ok,142,-24940.0,-24940.0,0.0,0.0,298,596,-0.2494,-175.6338028169014,-0.44259718309859153,0.17800442743986172,-2.4864391828013477,-0.25616886334357347,"conditional complete-window sum on stated capital, not live equity or intraday drawdown",0.28550469483568075,440963.3065476191,mean across entered windows; not equal-risk sizing or margin availability,142,252,0.0,0.0
NQ,revert-12-0.5,gross_reference,2354060058c8498ad69c397726d3d77068989c4f3a2a03df8d7cb42b93007edb,ffabc5d8ea31082d,0.0,0,0.0,0.0,1,7453d8f230dd1ef7fc361e23f107762c1d6acd102f692da6cec81296535d87ef,common complete dates,2026,ok,109,-8715.0,-8715.0,0.0,0.0,223,446,-0.08715,-79.95412844036697,-0.20148440366972478,0.1837498093780867,-1.0965148989904372,-0.22408755509334918,"conditional complete-window sum on stated capital, not live equity or intraday drawdown",0.283065749235474,537009.964953271,mean across entered windows; not equal-risk sizing or margin availability,109,252,0.0,0.0
NQ,revert-12-0.5,cost_stress,2354060058c8498ad69c397726d3d77068989c4f3a2a03df8d7cb42b93007edb,921f83da08d0d902,5.0,2,0.0,0.0,1,7453d8f230dd1ef7fc361e23f107762c1d6acd102f692da6cec81296535d87ef,common complete dates,whole,ok,1901,-38880.0,-161970.0,41030.0,82060.0,4103,8206,-1.6197,-85.20252498684903,-0.21471036296685952,0.10138769448093418,-2.117716198855232,-1.73085,"conditional complete-window sum on stated capital, not live equity or intraday drawdown",0.2861870945116605,270410.1567959002,mean across entered windows; not equal-risk sizing or margin availability,1901,252,0.0,0.0
NQ,revert-12-0.5,cost_stress,2354060058c8498ad69c397726d3d77068989c4f3a2a03df8d7cb42b93007edb,921f83da08d0d902,5.0,2,0.0,0.0,1,7453d8f230dd1ef7fc361e23f107762c1d6acd102f692da6cec81296535d87ef,common complete dates,development,ok,970,-10900.0,-73030.0,20710.0,41420.0,2071,4142,-0.7303,-75.28865979381443,-0.18972742268041237,0.07462108204570835,-2.542544512611019,-0.7435,"conditional complete-window sum on stated capital, not live equity or intraday drawdown",0.2836984536082474,191239.24649491766,mean across entered windows; not equal-risk sizing or margin availability,970,252,0.0,0.0
NQ,revert-12-0.5,cost_stress,2354060058c8498ad69c397726d3d77068989c4f3a2a03df8d7cb42b93007edb,921f83da08d0d902,5.0,2,0.0,0.0,1,7453d8f230dd1ef7fc361e23f107762c1d6acd102f692da6cec81296535d87ef,common complete dates,validation,ok,467,4115.0,-26605.0,10240.0,20480.0,1024,2048,-0.26605,-56.97002141327623,-0.14356445396145612,0.09665173672778414,-1.4853789370158947,-0.30752740560292324,"conditional complete-window sum on stated capital, not live equity or intraday drawdown",0.2924250535331906,269709.7852633478,mean across entered windows; not equal-risk sizing or margin availability,467,252,0.0,0.0
NQ,revert-12-0.5,cost_stress,2354060058c8498ad69c397726d3d77068989c4f3a2a03df8d7cb42b93007edb,921f83da08d0d902,5.0,2,0.0,0.0,1,7453d8f230dd1ef7fc361e23f107762c1d6acd102f692da6cec81296535d87ef,common complete dates,historical_final,ok,464,-32095.0,-62335.0,10080.0,20160.0,1008,2016,-0.62335,-134.3426724137931,-0.33854353448275865,0.14505610888627601,-2.3338798833227825,-0.7345,"conditional complete-window sum on stated capital, not live equity or intraday drawdown",0.28511135057471265,435869.9102844639,mean across entered windows; not equal-risk sizing or margin availability,464,252,0.0,0.0
NQ,revert-12-0.5,cost_stress,2354060058c8498ad69c397726d3d77068989c4f3a2a03df8d7cb42b93007edb,921f83da08d0d902,5.0,2,0.0,0.0,1,7453d8f230dd1ef7fc361e23f107762c1d6acd102f692da6cec81296535d87ef,common complete dates,2016,ok,27,-290.0,-2060.0,590.0,1180.0,59,118,-0.0206,-76.29629629629629,-0.19226666666666664,0.022482939400856026,-8.551669478740232,-0.0206,"conditional complete-window sum on stated capital, not live equity or intraday drawdown",0.29398148148148145,95819.77160493827,mean across entered windows; not equal-risk sizing or margin availability,27,252,0.0,0.0
NQ,revert-12-0.5,cost_stress,2354060058c8498ad69c397726d3d77068989c4f3a2a03df8d7cb42b93007edb,921f83da08d0d902,5.0,2,0.0,0.0,1,7453d8f230dd1ef7fc361e23f107762c1d6acd102f692da6cec81296535d87ef,common complete dates,2017,ok,49,-365.0,-3125.0,920.0,1840.0,92,184,-0.03125,-63.775510204081634,-0.16071428571428573,0.018202065228193988,-8.82945334496155,-0.03155,"conditional complete-window sum on stated capital, not live equity or intraday drawdown",0.2708333333333333,118021.25,mean across entered windows; not equal-risk sizing or margin availability,49,252,0.0,0.0
NQ,revert-12-0.5,cost_stress,2354060058c8498ad69c397726d3d77068989c4f3a2a03df8d7cb42b93007edb,921f83da08d0d902,5.0,2,0.0,0.0,1,7453d8f230dd1ef7fc361e23f107762c1d6acd102f692da6cec81296535d87ef,common complete dates,2018,ok,212,-1895.0,-15065.0,4390.0,8780.0,439,878,-0.15065,-71.06132075471699,-0.1790745283018868,0.045999590576754144,-3.8929591776058543,-0.1673,"conditional complete-window sum on stated capital, not live equity or intraday drawdown",0.28832547169811323,139769.45611916264,mean across entered windows; not equal-risk sizing or margin availability,212,252,0.0,0.0
NQ,revert-12-0.5,cost_stress,2354060058c8498ad69c397726d3d77068989c4f3a2a03df8d7cb42b93007edb,921f83da08d0d902,5.0,2,0.0,0.0,1,7453d8f230dd1ef7fc361e23f107762c1d6acd102f692da6cec81296535d87ef,common complete dates,2019,ok,220,990.0,-12810.0,4600.0,9200.0,460,920,-0.1281,-58.22727272727273,-0.14673272727272726,0.03724548930038918,-3.939610675787096,-0.13865546218487396,"conditional complete-window sum on stated capital, not live equity or intraday drawdown",0.2771780303030303,151532.64737654323,mean across entered windows; not equal-risk sizing or margin availability,220,252,0.0,0.0
NQ,revert-12-0.5,cost_stress,2354060058c8498ad69c397726d3d77068989c4f3a2a03df8d7cb42b93007edb,921f83da08d0d902,5.0,2,0.0,0.0,1,7453d8f230dd1ef7fc361e23f107762c1d6acd102f692da6cec81296535d87ef,common complete dates,2020,ok,233,-8665.0,-24055.0,5130.0,10260.0,513,1026,-0.24055,-103.24034334763948,-0.2601656652360515,0.11431214976054391,-2.2759231261159485,-0.26015,"conditional complete-window sum on stated capital, not live equity or intraday drawdown",0.2863912732474964,205955.83333333334,mean across entered windows; not equal-risk sizing or margin availability,233,252,0.0,0.0
NQ,revert-12-0.5,cost_stress,2354060058c8498ad69c397726d3d77068989c4f3a2a03df8d7cb42b93007edb,921f83da08d0d902,5.0,2,0.0,0.0,1,7453d8f230dd1ef7fc361e23f107762c1d6acd102f692da6cec81296535d87ef,common complete dates,2021,ok,229,-675.0,-15915.0,5080.0,10160.0,508,1016,-0.15915,-69.49781659388647,-0.1751344978165939,0.08319579987586274,-2.105088214524216,-0.1895319232275754,"conditional complete-window sum on stated capital, not live equity or intraday drawdown",0.2844796215429403,288844.7317708333,mean across entered windows; not equal-risk sizing or margin availability,229,252,0.0,0.0
NQ,revert-12-0.5,cost_stress,2354060058c8498ad69c397726d3d77068989c4f3a2a03df8d7cb42b93007edb,921f83da08d0d902,5.0,2,0.0,0.0,1,7453d8f230dd1ef7fc361e23f107762c1d6acd102f692da6cec81296535d87ef,common complete dates,2022,ok,239,1890.0,-13260.0,5050.0,10100.0,505,1010,-0.1326,-55.48117154811715,-0.13981255230125522,0.11075408514507676,-1.2623692581462327,-0.16136419001218028,"conditional complete-window sum on stated capital, not live equity or intraday drawdown",0.2948047419804742,256747.67973163843,mean across entered windows; not equal-risk sizing or margin availability,239,252,0.0,0.0
NQ,revert-12-0.5,cost_stress,2354060058c8498ad69c397726d3d77068989c4f3a2a03df8d7cb42b93007edb,921f83da08d0d902,5.0,2,0.0,0.0,1,7453d8f230dd1ef7fc361e23f107762c1d6acd102f692da6cec81296535d87ef,common complete dates,2023,ok,228,2225.0,-13345.0,5190.0,10380.0,519,1038,-0.13345,-58.530701754385966,-0.14749736842105263,0.07947292078044808,-1.8559449806623936,-0.15675,"conditional complete-window sum on stated capital, not live equity or intraday drawdown",0.2899305555555556,283245.4352876106,mean across entered windows; not equal-risk sizing or margin availability,228,252,0.0,0.0
NQ,revert-12-0.5,cost_stress,2354060058c8498ad69c397726d3d77068989c4f3a2a03df8d7cb42b93007edb,921f83da08d0d902,5.0,2,0.0,0.0,1,7453d8f230dd1ef7fc361e23f107762c1d6acd102f692da6cec81296535d87ef,common complete dates,2024,ok,213,1560.0,-13050.0,4870.0,9740.0,487,974,-0.1305,-61.267605633802816,-0.15439436619718308,0.08889357202420747,-1.7368451135605,-0.1367,"conditional complete-window sum on stated capital, not live equity or intraday drawdown",0.28589593114241,380941.0468253969,mean across entered windows; not equal-risk sizing or margin availability,213,252,0.0,0.0
NQ,revert-12-0.5,cost_stress,2354060058c8498ad69c397726d3d77068989c4f3a2a03df8d7cb42b93007edb,921f83da08d0d902,5.0,2,0.0,0.0,1,7453d8f230dd1ef7fc361e23f107762c1d6acd102f692da6cec81296535d87ef,common complete dates,2025,ok,142,-24940.0,-33880.0,2980.0,5960.0,298,596,-0.3388,-238.59154929577466,-0.6012507042253521,0.17685598022256832,-3.399662841305649,-0.3435917800059565,"conditional complete-window sum on stated capital, not live equity or intraday drawdown",0.28550469483568075,440963.3065476191,mean across entered windows; not equal-risk sizing or margin availability,142,252,0.0,0.0
NQ,revert-12-0.5,cost_stress,2354060058c8498ad69c397726d3d77068989c4f3a2a03df8d7cb42b93007edb,921f83da08d0d902,5.0,2,0.0,0.0,1,7453d8f230dd1ef7fc361e23f107762c1d6acd102f692da6cec81296535d87ef,common complete dates,2026,ok,109,-8715.0,-15405.0,2230.0,4460.0,223,446,-0.15405,-141.3302752293578,-0.3561522935779816,0.1822945898603542,-1.953718395322704,-0.2713570330705538,"conditional complete-window sum on stated capital, not live equity or intraday drawdown",0.283065749235474,537009.964953271,mean across entered windows; not equal-risk sizing or margin availability,109,252,0.0,0.0
NQ,revert-12-0.5,delay_stress,2354060058c8498ad69c397726d3d77068989c4f3a2a03df8d7cb42b93007edb,26d0f7e18c07bd62,2.5,1,0.0,0.0,5,7453d8f230dd1ef7fc361e23f107762c1d6acd102f692da6cec81296535d87ef,common complete dates,whole,ok,1901,-24340.0,-84160.0,19940.0,39880.0,3988,7976,-0.8416,-44.271436086270384,-0.11156401893740137,0.09847409079940583,-1.132927636414131,-0.9192905540055799,"conditional complete-window sum on stated capital, not live equity or intraday drawdown",0.2819349465193758,270461.2679751697,mean across entered windows; not equal-risk sizing or margin availability,1901,252,0.0,0.0
NQ,revert-12-0.5,delay_stress,2354060058c8498ad69c397726d3d77068989c4f3a2a03df8d7cb42b93007edb,26d0f7e18c07bd62,2.5,1,0.0,0.0,5,7453d8f230dd1ef7fc361e23f107762c1d6acd102f692da6cec81296535d87ef,common complete dates,development,ok,970,-7500.0,-37725.0,10075.0,20150.0,2015,4030,-0.37725,-38.891752577319586,-0.09800721649484537,0.07723303048911007,-1.268980588670083,-0.38865085691510565,"conditional complete-window sum on stated capital, not live equity or intraday drawdown",0.2797680412371134,191266.05830698978,mean across entered windows; not equal-risk sizing or margin availability,970,252,0.0,0.0
NQ,revert-12-0.5,delay_stress,2354060058c8498ad69c397726d3d77068989c4f3a2a03df8d7cb42b93007edb,26d0f7e18c07bd62,2.5,1,0.0,0.0,5,7453d8f230dd1ef7fc361e23f107762c1d6acd102f692da6cec81296535d87ef,common complete dates,validation,ok,467,7880.0,-7135.0,5005.0,10010.0,1001,2002,-0.07135,-15.278372591006423,-0.038501498929336186,0.09534163518238983,-0.40382671070914933,-0.12177847727719851,"conditional complete-window sum on stated capital, not live equity or intraday drawdown",0.28921306209850106,269771.3726500361,mean across entered windows; not equal-risk sizing or margin availability,467,252,0.0,0.0
NQ,revert-12-0.5,delay_stress,2354060058c8498ad69c397726d3d77068989c4f3a2a03df8d7cb42b93007edb,26d0f7e18c07bd62,2.5,1,0.0,0.0,5,7453d8f230dd1ef7fc361e23f107762c1d6acd102f692da6cec81296535d87ef,common complete dates,historical_final,ok,464,-24720.0,-39300.0,4860.0,9720.0,972,1944,-0.393,-84.69827586206897,-0.21343965517241378,0.13452490640725875,-1.586618127993709,-0.4704,"conditional complete-window sum on stated capital, not live equity or intraday drawdown",0.27913972701149425,435975.074378655,mean across entered windows; not equal-risk sizing or margin availability,464,252,0.0,0.0
NQ,revert-12-0.5,delay_stress,2354060058c8498ad69c397726d3d77068989c4f3a2a03df8d7cb42b93007edb,26d0f7e18c07bd62,2.5,1,0.0,0.0,5,7453d8f230dd1ef7fc361e23f107762c1d6acd102f692da6cec81296535d87ef,common complete dates,2016,ok,27,-15.0,-870.0,285.0,570.0,57,114,-0.0087,-32.22222222222222,-0.0812,0.033370127129146276,-2.433314074164193,-0.012504982064567557,"conditional complete-window sum on stated capital, not live equity or intraday drawdown",0.2916666666666667,95827.69444444442,mean across entered windows; not equal-risk sizing or margin availability,27,252,0.0,0.0
NQ,revert-12-0.5,delay_stress,2354060058c8498ad69c397726d3d77068989c4f3a2a03df8d7cb42b93007edb,26d0f7e18c07bd62,2.5,1,0.0,0.0,5,7453d8f230dd1ef7fc361e23f107762c1d6acd102f692da6cec81296535d87ef,common complete dates,2017,ok,49,260.0,-1090.0,450.0,900.0,90,180,-0.0109,-22.244897959183675,-0.05605714285714286,0.01709280863822143,-3.2795747055748827,-0.0109,"conditional complete-window sum on stated capital, not live equity or intraday drawdown",0.26658163265306123,118011.1170212766,mean across entered windows; not equal-risk sizing or margin availability,49,252,0.0,0.0
NQ,revert-12-0.5,delay_stress,2354060058c8498ad69c397726d3d77068989c4f3a2a03df8d7cb42b93007edb,26d0f7e18c07bd62,2.5,1,0.0,0.0,5,7453d8f230dd1ef7fc361e23f107762c1d6acd102f692da6cec81296535d87ef,common complete dates,2018,ok,212,1870.0,-4535.0,2135.0,4270.0,427,854,-0.04535,-21.391509433962263,-0.0539066037735849,0.04693283218660735,-1.1485904698708462,-0.06574877781103462,"conditional complete-window sum on stated capital, not live equity or intraday drawdown",0.2843946540880503,139724.4571197411,mean across entered windows; not equal-risk sizing or margin availability,212,252,0.0,0.0
NQ,revert-12-0.5,delay_stress,2354060058c8498ad69c397726d3d77068989c4f3a2a03df8d7cb42b93007edb,26d0f7e18c07bd62,2.5,1,0.0,0.0,5,7453d8f230dd1ef7fc361e23f107762c1d6acd102f692da6cec81296535d87ef,common complete dates,2019,ok,220,2020.0,-4700.0,2240.0,4480.0,448,896,-0.047,-21.363636363636363,-0.053836363636363634,0.03555250094980385,-1.5142778200716331,-0.07970081236378046,"conditional complete-window sum on stated capital, not live equity or intraday drawdown",0.2728219696969697,151525.39621913582,mean across entered windows; not equal-risk sizing or margin availability,220,252,0.0,0.0
NQ,revert-12-0.5,delay_stress,2354060058c8498ad69c397726d3d77068989c4f3a2a03df8d7cb42b93007edb,26d0f7e18c07bd62,2.5,1,0.0,0.0,5,7453d8f230dd1ef7fc361e23f107762c1d6acd102f692da6cec81296535d87ef,common complete dates,2020,ok,233,-5840.0,-13325.0,2495.0,4990.0,499,998,-0.13325,-57.18884120171674,-0.1441158798283262,0.1213321724578084,-1.1877796046093256,-0.1784,"conditional complete-window sum on stated capital, not live equity or intraday drawdown",0.28317238912732473,205959.41994177585,mean across entered windows; not equal-risk sizing or margin availability,233,252,0.0,0.0
NQ,revert-12-0.5,delay_stress,2354060058c8498ad69c397726d3d77068989c4f3a2a03df8d7cb42b93007edb,26d0f7e18c07bd62,2.5,1,0.0,0.0,5,7453d8f230dd1ef7fc361e23f107762c1d6acd102f692da6cec81296535d87ef,common complete dates,2021,ok,229,-5795.0,-13205.0,2470.0,4940.0,494,988,-0.13205,-57.66375545851528,-0.1453126637554585,0.08304441669158222,-1.7498185855785306,-0.15139087899599782,"conditional complete-window sum on stated capital, not live equity or intraday drawdown",0.2801128093158661,288840.12574404763,mean across entered windows; not equal-risk sizing or margin availability,229,252,0.0,0.0
NQ,revert-12-0.5,delay_stress,2354060058c8498ad69c397726d3d77068989c4f3a2a03df8d7cb42b93007edb,26d0f7e18c07bd62,2.5,1,0.0,0.0,5,7453d8f230dd1ef7fc361e23f107762c1d6acd102f692da6cec81296535d87ef,common complete dates,2022,ok,239,5815.0,-1610.0,2475.0,4950.0,495,990,-0.0161,-6.7364016736401675,-0.016975732217573224,0.11005493759347161,-0.15424780195032534,-0.10223196492626545,"conditional complete-window sum on stated capital, not live equity or intraday drawdown",0.2917538354253835,256817.0489361702,mean across entered windows; not equal-risk sizing or margin availability,239,252,0.0,0.0
NQ,revert-12-0.5,delay_stress,2354060058c8498ad69c397726d3d77068989c4f3a2a03df8d7cb42b93007edb,26d0f7e18c07bd62,2.5,1,0.0,0.0,5,7453d8f230dd1ef7fc361e23f107762c1d6acd102f692da6cec81296535d87ef,common complete dates,2023,ok,228,2065.0,-5525.0,2530.0,5060.0,506,1012,-0.05525,-24.232456140350877,-0.061065789473684205,0.0771854967183819,-0.7911562673035342,-0.0958468042775429,"conditional complete-window sum on stated capital, not live equity or intraday drawdown",0.28654970760233917,283241.5765117994,mean across entered windows; not equal-risk sizing or margin availability,228,252,0.0,0.0
NQ,revert-12-0.5,delay_stress,2354060058c8498ad69c397726d3d77068989c4f3a2a03df8d7cb42b93007edb,26d0f7e18c07bd62,2.5,1,0.0,0.0,5,7453d8f230dd1ef7fc361e23f107762c1d6acd102f692da6cec81296535d87ef,common complete dates,2024,ok,213,1845.0,-5175.0,2340.0,4680.0,468,936,-0.05175,-24.295774647887324,-0.06122535211267605,0.08363644986138455,-0.7320414988219649,-0.0906,"conditional complete-window sum on stated capital, not live equity or intraday drawdown",0.2791471048513302,380927.68095238094,mean across entered windows; not equal-risk sizing or margin availability,213,252,0.0,0.0
NQ,revert-12-0.5,delay_stress,2354060058c8498ad69c397726d3d77068989c4f3a2a03df8d7cb42b93007edb,26d0f7e18c07bd62,2.5,1,0.0,0.0,5,7453d8f230dd1ef7fc361e23f107762c1d6acd102f692da6cec81296535d87ef,common complete dates,2025,ok,142,-19280.0,-23600.0,1440.0,2880.0,288,576,-0.236,-166.19718309859155,-0.4188169014084507,0.167008642305525,-2.5077558599768066,-0.23729659578716183,"conditional complete-window sum on stated capital, not live equity or intraday drawdown",0.2794894366197183,441400.7110311751,mean across entered windows; not equal-risk sizing or margin availability,142,252,0.0,0.0
NQ,revert-12-0.5,delay_stress,2354060058c8498ad69c397726d3d77068989c4f3a2a03df8d7cb42b93007edb,26d0f7e18c07bd62,2.5,1,0.0,0.0,5,7453d8f230dd1ef7fc361e23f107762c1d6acd102f692da6cec81296535d87ef,common complete dates,2026,ok,109,-7285.0,-10525.0,1080.0,2160.0,216,432,-0.10525,-96.55963302752293,-0.2433302752293578,0.1644137255053743,-1.479987601286998,-0.19270087411724035,"conditional complete-window sum on stated capital, not live equity or intraday drawdown",0.2786697247706422,536963.757788162,mean across entered windows; not equal-risk sizing or margin availability,109,252,0.0,0.0
NQ,revert-12-0.5,combined_stress,2354060058c8498ad69c397726d3d77068989c4f3a2a03df8d7cb42b93007edb,05f739f48237b28c,5.0,2,0.0,0.0,5,7453d8f230dd1ef7fc361e23f107762c1d6acd102f692da6cec81296535d87ef,common complete dates,whole,ok,1901,-24340.0,-143980.0,39880.0,79760.0,3988,7976,-1.4398,-75.73908469226723,-0.1908624934245134,0.09821885659337087,-1.9432367678101783,-1.5016,"conditional complete-window sum on stated capital, not live equity or intraday drawdown",0.2819349465193758,270461.2679751697,mean across entered windows; not equal-risk sizing or margin availability,1901,252,0.0,0.0
NQ,revert-12-0.5,combined_stress,2354060058c8498ad69c397726d3d77068989c4f3a2a03df8d7cb42b93007edb,05f739f48237b28c,5.0,2,0.0,0.0,5,7453d8f230dd1ef7fc361e23f107762c1d6acd102f692da6cec81296535d87ef,common complete dates,development,ok,970,-7500.0,-67950.0,20150.0,40300.0,2015,4030,-0.6795,-70.05154639175258,-0.1765298969072165,0.077044768424874,-2.2912639043019514,-0.6812,"conditional complete-window sum on stated capital, not live equity or intraday drawdown",0.2797680412371134,191266.05830698978,mean across entered windows; not equal-risk sizing or margin availability,970,252,0.0,0.0
NQ,revert-12-0.5,combined_stress,2354060058c8498ad69c397726d3d77068989c4f3a2a03df8d7cb42b93007edb,05f739f48237b28c,5.0,2,0.0,0.0,5,7453d8f230dd1ef7fc361e23f107762c1d6acd102f692da6cec81296535d87ef,common complete dates,validation,ok,467,7880.0,-22150.0,10010.0,20020.0,1001,2002,-0.2215,-47.430406852248396,-0.11952462526766595,0.09510005952060357,-1.256830183600156,-0.24524249537985116,"conditional complete-window sum on stated capital, not live equity or intraday drawdown",0.28921306209850106,269771.3726500361,mean across entered windows; not equal-risk sizing or margin availability,467,252,0.0,0.0
NQ,revert-12-0.5,combined_stress,2354060058c8498ad69c397726d3d77068989c4f3a2a03df8d7cb42b93007edb,05f739f48237b28c,5.0,2,0.0,0.0,5,7453d8f230dd1ef7fc361e23f107762c1d6acd102f692da6cec81296535d87ef,common complete dates,historical_final,ok,464,-24720.0,-53880.0,9720.0,19440.0,972,1944,-0.5388,-116.12068965517241,-0.2926241379310345,0.1341601093249705,-2.181156078385589,-0.6006,"conditional complete-window sum on stated capital, not live equity or intraday drawdown",0.27913972701149425,435975.074378655,mean across entered windows; not equal-risk sizing or margin availability,464,252,0.0,0.0
NQ,revert-12-0.5,combined_stress,2354060058c8498ad69c397726d3d77068989c4f3a2a03df8d7cb42b93007edb,05f739f48237b28c,5.0,2,0.0,0.0,5,7453d8f230dd1ef7fc361e23f107762c1d6acd102f692da6cec81296535d87ef,common complete dates,2016,ok,27,-15.0,-1725.0,570.0,1140.0,57,114,-0.01725,-63.888888888888886,-0.16099999999999998,0.03337811351077921,-4.8235200574773724,-0.01725,"conditional complete-window sum on stated capital, not live equity or intraday drawdown",0.2916666666666667,95827.69444444442,mean across entered windows; not equal-risk sizing or margin availability,27,252,0.0,0.0
NQ,revert-12-0.5,combined_stress,2354060058c8498ad69c397726d3d77068989c4f3a2a03df8d7cb42b93007edb,05f739f48237b28c,5.0,2,0.0,0.0,5,7453d8f230dd1ef7fc361e23f107762c1d6acd102f692da6cec81296535d87ef,common complete dates,2017,ok,49,260.0,-2440.0,900.0,1800.0,90,180,-0.0244,-49.795918367346935,-0.12548571428571426,0.016869356199079696,-7.438678323275913,-0.0244,"conditional complete-window sum on stated capital, not live equity or intraday drawdown",0.26658163265306123,118011.1170212766,mean across entered windows; not equal-risk sizing or margin availability,49,252,0.0,0.0
NQ,revert-12-0.5,combined_stress,2354060058c8498ad69c397726d3d77068989c4f3a2a03df8d7cb42b93007edb,05f739f48237b28c,5.0,2,0.0,0.0,5,7453d8f230dd1ef7fc361e23f107762c1d6acd102f692da6cec81296535d87ef,common complete dates,2018,ok,212,1870.0,-10940.0,4270.0,8540.0,427,854,-0.1094,-51.60377358490566,-0.13004150943396225,0.046763161406997426,-2.7808536788640525,-0.1258863477479277,"conditional complete-window sum on stated capital, not live equity or intraday drawdown",0.2843946540880503,139724.4571197411,mean across entered windows; not equal-risk sizing or margin availability,212,252,0.0,0.0
NQ,revert-12-0.5,combined_stress,2354060058c8498ad69c397726d3d77068989c4f3a2a03df8d7cb42b93007edb,05f739f48237b28c,5.0,2,0.0,0.0,5,7453d8f230dd1ef7fc361e23f107762c1d6acd102f692da6cec81296535d87ef,common complete dates,2019,ok,220,2020.0,-11420.0,4480.0,8960.0,448,896,-0.1142,-51.90909090909091,-0.1308109090909091,0.03536787194795615,-3.6985801487688437,-0.13198750062000894,"conditional complete-window sum on stated capital, not live equity or intraday drawdown",0.2728219696969697,151525.39621913582,mean across entered windows; not equal-risk sizing or margin availability,220,252,0.0,0.0
NQ,revert-12-0.5,combined_stress,2354060058c8498ad69c397726d3d77068989c4f3a2a03df8d7cb42b93007edb,05f739f48237b28c,5.0,2,0.0,0.0,5,7453d8f230dd1ef7fc361e23f107762c1d6acd102f692da6cec81296535d87ef,common complete dates,2020,ok,233,-5840.0,-20810.0,4990.0,9980.0,499,998,-0.2081,-89.31330472103004,-0.2250695278969957,0.1209658970045832,-1.8606031408047858,-0.23255,"conditional complete-window sum on stated capital, not live equity or intraday drawdown",0.28317238912732473,205959.41994177585,mean across entered windows; not equal-risk sizing or margin availability,233,252,0.0,0.0
NQ,revert-12-0.5,combined_stress,2354060058c8498ad69c397726d3d77068989c4f3a2a03df8d7cb42b93007edb,05f739f48237b28c,5.0,2,0.0,0.0,5,7453d8f230dd1ef7fc361e23f107762c1d6acd102f692da6cec81296535d87ef,common complete dates,2021,ok,229,-5795.0,-20615.0,4940.0,9880.0,494,988,-0.20615,-90.02183406113537,-0.22685502183406112,0.08299352614915606,-2.733406234919541,-0.21499355861658903,"conditional complete-window sum on stated capital, not live equity or intraday drawdown",0.2801128093158661,288840.12574404763,mean across entered windows; not equal-risk sizing or margin availability,229,252,0.0,0.0
NQ,revert-12-0.5,combined_stress,2354060058c8498ad69c397726d3d77068989c4f3a2a03df8d7cb42b93007edb,05f739f48237b28c,5.0,2,0.0,0.0,5,7453d8f230dd1ef7fc361e23f107762c1d6acd102f692da6cec81296535d87ef,common complete dates,2022,ok,239,5815.0,-9035.0,4950.0,9900.0,495,990,-0.09035,-37.80334728033473,-0.0952644351464435,0.10976685698311563,-0.8678797750499236,-0.10758703361470456,"conditional complete-window sum on stated capital, not live equity or intraday drawdown",0.2917538354253835,256817.0489361702,mean across entered windows; not equal-risk sizing or margin availability,239,252,0.0,0.0
NQ,revert-12-0.5,combined_stress,2354060058c8498ad69c397726d3d77068989c4f3a2a03df8d7cb42b93007edb,05f739f48237b28c,5.0,2,0.0,0.0,5,7453d8f230dd1ef7fc361e23f107762c1d6acd102f692da6cec81296535d87ef,common complete dates,2023,ok,228,2065.0,-13115.0,5060.0,10120.0,506,1012,-0.13115,-57.521929824561404,-0.14495526315789475,0.07699662579816904,-1.8826183830167496,-0.1565460165519992,"conditional complete-window sum on stated capital, not live equity or intraday drawdown",0.28654970760233917,283241.5765117994,mean across entered windows; not equal-risk sizing or margin availability,228,252,0.0,0.0
NQ,revert-12-0.5,combined_stress,2354060058c8498ad69c397726d3d77068989c4f3a2a03df8d7cb42b93007edb,05f739f48237b28c,5.0,2,0.0,0.0,5,7453d8f230dd1ef7fc361e23f107762c1d6acd102f692da6cec81296535d87ef,common complete dates,2024,ok,213,1845.0,-12195.0,4680.0,9360.0,468,936,-0.12195,-57.25352112676056,-0.1442788732394366,0.08325123947766884,-1.7330537556517431,-0.12955,"conditional complete-window sum on stated capital, not live equity or intraday drawdown",0.2791471048513302,380927.68095238094,mean across entered windows; not equal-risk sizing or margin availability,213,252,0.0,0.0
NQ,revert-12-0.5,combined_stress,2354060058c8498ad69c397726d3d77068989c4f3a2a03df8d7cb42b93007edb,05f739f48237b28c,5.0,2,0.0,0.0,5,7453d8f230dd1ef7fc361e23f107762c1d6acd102f692da6cec81296535d87ef,common complete dates,2025,ok,142,-19280.0,-27920.0,2880.0,5760.0,288,576,-0.2792,-196.61971830985917,-0.4954816901408451,0.1666450560197769,-2.9732756673083838,-0.2797761790567546,"conditional complete-window sum on stated capital, not live equity or intraday drawdown",0.2794894366197183,441400.7110311751,mean across entered windows; not equal-risk sizing or margin availability,142,252,0.0,0.0
NQ,revert-12-0.5,combined_stress,2354060058c8498ad69c397726d3d77068989c4f3a2a03df8d7cb42b93007edb,05f739f48237b28c,5.0,2,0.0,0.0,5,7453d8f230dd1ef7fc361e23f107762c1d6acd102f692da6cec81296535d87ef,common complete dates,2026,ok,109,-7285.0,-13765.0,2160.0,4320.0,216,432,-0.13765,-126.28440366972477,-0.3182366972477064,0.16404776146846214,-1.9399027112533125,-0.20882541878736968,"conditional complete-window sum on stated capital, not live equity or intraday drawdown",0.2786697247706422,536963.757788162,mean across entered windows; not equal-risk sizing or margin availability,109,252,0.0,0.0
NQ,revert-12-1,base,2354060058c8498ad69c397726d3d77068989c4f3a2a03df8d7cb42b93007edb,644416aedefec30d,2.5,1,0.0,0.0,1,7453d8f230dd1ef7fc361e23f107762c1d6acd102f692da6cec81296535d87ef,common complete dates,whole,ok,1901,-46205.0,-93425.0,15740.0,31480.0,3148,6296,-0.93425,-49.14518674381904,-0.12384587059442397,0.0967170276887471,-1.2804970702054908,-1.0461953804619537,"conditional complete-window sum on stated capital, not live equity or intraday drawdown",0.2462410135016658,270680.06581386726,mean across entered windows; not equal-risk sizing or margin availability,1901,252,0.0,0.0
NQ,revert-12-1,base,2354060058c8498ad69c397726d3d77068989c4f3a2a03df8d7cb42b93007edb,644416aedefec30d,2.5,1,0.0,0.0,1,7453d8f230dd1ef7fc361e23f107762c1d6acd102f692da6cec81296535d87ef,common complete dates,development,ok,970,-14675.0,-38540.0,7955.0,15910.0,1591,3182,-0.3854,-39.7319587628866,-0.10012453608247424,0.07135258493190143,-1.4032362832829761,-0.3868113188681132,"conditional complete-window sum on stated capital, not live equity or intraday drawdown",0.24568298969072164,190816.771747076,mean across entered windows; not equal-risk sizing or margin availability,970,252,0.0,0.0
NQ,revert-12-1,base,2354060058c8498ad69c397726d3d77068989c4f3a2a03df8d7cb42b93007edb,644416aedefec30d,2.5,1,0.0,0.0,1,7453d8f230dd1ef7fc361e23f107762c1d6acd102f692da6cec81296535d87ef,common complete dates,validation,ok,467,-5935.0,-17770.0,3945.0,7890.0,789,1578,-0.1777,-38.05139186295503,-0.09588950749464667,0.09001554961664035,-1.0652549243216582,-0.20235071467702576,"conditional complete-window sum on stated capital, not live equity or intraday drawdown",0.2511598857958601,269675.1809954751,mean across entered windows; not equal-risk sizing or margin availability,467,252,0.0,0.0
NQ,revert-12-1,base,2354060058c8498ad69c397726d3d77068989c4f3a2a03df8d7cb42b93007edb,644416aedefec30d,2.5,1,0.0,0.0,1,7453d8f230dd1ef7fc361e23f107762c1d6acd102f692da6cec81296535d87ef,common complete dates,historical_final,ok,464,-25595.0,-37115.0,3840.0,7680.0,768,1536,-0.37115,-79.98922413793103,-0.2015728448275862,0.13980039279015388,-1.4418617916914964,-0.4831,"conditional complete-window sum on stated capital, not live equity or intraday drawdown",0.24245689655172414,435723.9470720721,mean across entered windows; not equal-risk sizing or margin availability,464,252,0.0,0.0
NQ,revert-12-1,base,2354060058c8498ad69c397726d3d77068989c4f3a2a03df8d7cb42b93007edb,644416aedefec30d,2.5,1,0.0,0.0,1,7453d8f230dd1ef7fc361e23f107762c1d6acd102f692da6cec81296535d87ef,common complete dates,2016,ok,27,-610.0,-1285.0,225.0,450.0,45,90,-0.01285,-47.592592592592595,-0.11993333333333335,0.016840869092623216,-7.121564372581437,-0.013648635136486351,"conditional complete-window sum on stated capital, not live equity or intraday drawdown",0.25540123456790126,95812.80864197531,mean across entered windows; not equal-risk sizing or margin availability,27,252,0.0,0.0
NQ,revert-12-1,base,2354060058c8498ad69c397726d3d77068989c4f3a2a03df8d7cb42b93007edb,644416aedefec30d,2.5,1,0.0,0.0,1,7453d8f230dd1ef7fc361e23f107762c1d6acd102f692da6cec81296535d87ef,common complete dates,2017,ok,49,-215.0,-1280.0,355.0,710.0,71,142,-0.0128,-26.122448979591837,-0.06582857142857142,0.01820403703263961,-3.616152357333796,-0.0128,"conditional complete-window sum on stated capital, not live equity or intraday drawdown",0.23809523809523808,117850.12596899223,mean across entered windows; not equal-risk sizing or margin availability,49,252,0.0,0.0
NQ,revert-12-1,base,2354060058c8498ad69c397726d3d77068989c4f3a2a03df8d7cb42b93007edb,644416aedefec30d,2.5,1,0.0,0.0,1,7453d8f230dd1ef7fc361e23f107762c1d6acd102f692da6cec81296535d87ef,common complete dates,2018,ok,212,-600.0,-5850.0,1750.0,3500.0,350,700,-0.0585,-27.59433962264151,-0.0695377358490566,0.043863207355277684,-1.5853317630382935,-0.07470288624787776,"conditional complete-window sum on stated capital, not live equity or intraday drawdown",0.25363600628930816,139685.49791666667,mean across entered windows; not equal-risk sizing or margin availability,212,252,0.0,0.0
NQ,revert-12-1,base,2354060058c8498ad69c397726d3d77068989c4f3a2a03df8d7cb42b93007edb,644416aedefec30d,2.5,1,0.0,0.0,1,7453d8f230dd1ef7fc361e23f107762c1d6acd102f692da6cec81296535d87ef,common complete dates,2019,ok,220,-1750.0,-6955.0,1735.0,3470.0,347,694,-0.06955,-31.613636363636363,-0.07966636363636365,0.033177570847598946,-2.40121146910697,-0.07412204234122043,"conditional complete-window sum on stated capital, not live equity or intraday drawdown",0.23892045454545455,151369.6359223301,mean across entered windows; not equal-risk sizing or margin availability,220,252,0.0,0.0
NQ,revert-12-1,base,2354060058c8498ad69c397726d3d77068989c4f3a2a03df8d7cb42b93007edb,644416aedefec30d,2.5,1,0.0,0.0,1,7453d8f230dd1ef7fc361e23f107762c1d6acd102f692da6cec81296535d87ef,common complete dates,2020,ok,233,-9180.0,-15165.0,1995.0,3990.0,399,798,-0.15165,-65.08583690987125,-0.16401630901287553,0.11006198168998554,-1.4902176618522511,-0.17639144949922766,"conditional complete-window sum on stated capital, not live equity or intraday drawdown",0.24910586552217454,205635.56614349777,mean across entered windows; not equal-risk sizing or margin availability,233,252,0.0,0.0
NQ,revert-12-1,base,2354060058c8498ad69c397726d3d77068989c4f3a2a03df8d7cb42b93007edb,644416aedefec30d,2.5,1,0.0,0.0,1,7453d8f230dd1ef7fc361e23f107762c1d6acd102f692da6cec81296535d87ef,common complete dates,2021,ok,229,-2320.0,-8005.0,1895.0,3790.0,379,758,-0.08005,-34.956331877729255,-0.08808995633187772,0.07967493632285515,-1.105616902847887,-0.10676779463243874,"conditional complete-window sum on stated capital, not live equity or intraday drawdown",0.2418122270742358,288236.70774647885,mean across entered windows; not equal-risk sizing or margin availability,229,252,0.0,0.0
NQ,revert-12-1,base,2354060058c8498ad69c397726d3d77068989c4f3a2a03df8d7cb42b93007edb,644416aedefec30d,2.5,1,0.0,0.0,1,7453d8f230dd1ef7fc361e23f107762c1d6acd102f692da6cec81296535d87ef,common complete dates,2022,ok,239,-4480.0,-10390.0,1970.0,3940.0,394,788,-0.1039,-43.47280334728033,-0.10955146443514643,0.10089371566502083,-1.0858105850603261,-0.12909009412819364,"conditional complete-window sum on stated capital, not live equity or intraday drawdown",0.25383542538354253,256075.28576696164,mean across entered windows; not equal-risk sizing or margin availability,239,252,0.0,0.0
NQ,revert-12-1,base,2354060058c8498ad69c397726d3d77068989c4f3a2a03df8d7cb42b93007edb,644416aedefec30d,2.5,1,0.0,0.0,1,7453d8f230dd1ef7fc361e23f107762c1d6acd102f692da6cec81296535d87ef,common complete dates,2023,ok,228,-1455.0,-7380.0,1975.0,3950.0,395,790,-0.0738,-32.36842105263158,-0.08156842105263158,0.07719792259782574,-1.0566141977365717,-0.09534523273836308,"conditional complete-window sum on stated capital, not live equity or intraday drawdown",0.24835526315789475,283904.70100308646,mean across entered windows; not equal-risk sizing or margin availability,228,252,0.0,0.0
NQ,revert-12-1,base,2354060058c8498ad69c397726d3d77068989c4f3a2a03df8d7cb42b93007edb,644416aedefec30d,2.5,1,0.0,0.0,1,7453d8f230dd1ef7fc361e23f107762c1d6acd102f692da6cec81296535d87ef,common complete dates,2024,ok,213,-1500.0,-6885.0,1795.0,3590.0,359,718,-0.06885,-32.32394366197183,-0.08145633802816901,0.08453987451299771,-0.9635256557619493,-0.1079,"conditional complete-window sum on stated capital, not live equity or intraday drawdown",0.24285993740219092,381214.19730392157,mean across entered windows; not equal-risk sizing or margin availability,213,252,0.0,0.0
NQ,revert-12-1,base,2354060058c8498ad69c397726d3d77068989c4f3a2a03df8d7cb42b93007edb,644416aedefec30d,2.5,1,0.0,0.0,1,7453d8f230dd1ef7fc361e23f107762c1d6acd102f692da6cec81296535d87ef,common complete dates,2025,ok,142,-18740.0,-22235.0,1165.0,2330.0,233,466,-0.22235,-156.58450704225353,-0.3945929577464789,0.1730755987374703,-2.279887867642262,-0.22947733465444636,"conditional complete-window sum on stated capital, not live equity or intraday drawdown",0.24398474178403756,441149.163647343,mean across entered windows; not equal-risk sizing or margin availability,142,252,0.0,0.0
NQ,revert-12-1,base,2354060058c8498ad69c397726d3d77068989c4f3a2a03df8d7cb42b93007edb,644416aedefec30d,2.5,1,0.0,0.0,1,7453d8f230dd1ef7fc361e23f107762c1d6acd102f692da6cec81296535d87ef,common complete dates,2026,ok,109,-5355.0,-7995.0,880.0,1760.0,176,352,-0.07995,-73.34862385321101,-0.18483853211009174,0.1741857073419109,-1.0611578580742582,-0.19914771319558,"conditional complete-window sum on stated capital, not live equity or intraday drawdown",0.2396788990825688,537403.4477124183,mean across entered windows; not equal-risk sizing or margin availability,109,252,0.0,0.0
NQ,revert-12-1,gross_reference,2354060058c8498ad69c397726d3d77068989c4f3a2a03df8d7cb42b93007edb,cfe4624f72734d8f,0.0,0,0.0,0.0,1,7453d8f230dd1ef7fc361e23f107762c1d6acd102f692da6cec81296535d87ef,common complete dates,whole,ok,1901,-46205.0,-46205.0,0.0,0.0,3148,6296,-0.46205,-24.305628616517623,-0.06125018411362441,0.09700765016612242,-0.6313954003497197,-0.5824395111000249,"conditional complete-window sum on stated capital, not live equity or intraday drawdown",0.2462410135016658,270680.06581386726,mean across entered windows; not equal-risk sizing or margin availability,1901,252,0.0,0.0
NQ,revert-12-1,gross_reference,2354060058c8498ad69c397726d3d77068989c4f3a2a03df8d7cb42b93007edb,cfe4624f72734d8f,0.0,0,0.0,0.0,1,7453d8f230dd1ef7fc361e23f107762c1d6acd102f692da6cec81296535d87ef,common complete dates,development,ok,970,-14675.0,-14675.0,0.0,0.0,1591,3182,-0.14675,-15.128865979381443,-0.03812474226804124,0.07159962240008708,-0.5324712755467671,-0.16682464454976303,"conditional complete-window sum on stated capital, not live equity or intraday drawdown",0.24568298969072164,190816.771747076,mean across entered windows; not equal-risk sizing or margin availability,970,252,0.0,0.0
NQ,revert-12-1,gross_reference,2354060058c8498ad69c397726d3d77068989c4f3a2a03df8d7cb42b93007edb,cfe4624f72734d8f,0.0,0,0.0,0.0,1,7453d8f230dd1ef7fc361e23f107762c1d6acd102f692da6cec81296535d87ef,common complete dates,validation,ok,467,-5935.0,-5935.0,0.0,0.0,789,1578,-0.05935,-12.708779443254818,-0.03202612419700214,0.09031272444353546,-0.35461364269909984,-0.09504605426935524,"conditional complete-window sum on stated capital, not live equity or intraday drawdown",0.2511598857958601,269675.1809954751,mean across entered windows; not equal-risk sizing or margin availability,467,252,0.0,0.0
NQ,revert-12-1,gross_reference,2354060058c8498ad69c397726d3d77068989c4f3a2a03df8d7cb42b93007edb,cfe4624f72734d8f,0.0,0,0.0,0.0,1,7453d8f230dd1ef7fc361e23f107762c1d6acd102f692da6cec81296535d87ef,common complete dates,historical_final,ok,464,-25595.0,-25595.0,0.0,0.0,768,1536,-0.25595,-55.161637931034484,-0.1390073275862069,0.14016871186219307,-0.9917143828993167,-0.3754,"conditional complete-window sum on stated capital, not live equity or intraday drawdown",0.24245689655172414,435723.9470720721,mean across entered windows; not equal-risk sizing or margin availability,464,252,0.0,0.0
NQ,revert-12-1,gross_reference,2354060058c8498ad69c397726d3d77068989c4f3a2a03df8d7cb42b93007edb,cfe4624f72734d8f,0.0,0,0.0,0.0,1,7453d8f230dd1ef7fc361e23f107762c1d6acd102f692da6cec81296535d87ef,common complete dates,2016,ok,27,-610.0,-610.0,0.0,0.0,45,90,-0.0061,-22.59259259259259,-0.05693333333333333,0.016842307838693997,-3.3803760077661726,-0.010077326016462959,"conditional complete-window sum on stated capital, not live equity or intraday drawdown",0.25540123456790126,95812.80864197531,mean across entered windows; not equal-risk sizing or margin availability,27,252,0.0,0.0
NQ,revert-12-1,gross_reference,2354060058c8498ad69c397726d3d77068989c4f3a2a03df8d7cb42b93007edb,cfe4624f72734d8f,0.0,0,0.0,0.0,1,7453d8f230dd1ef7fc361e23f107762c1d6acd102f692da6cec81296535d87ef,common complete dates,2017,ok,49,-215.0,-215.0,0.0,0.0,71,142,-0.00215,-4.387755102040816,-0.011057142857142857,0.018549268372171912,-0.5960959017516329,-0.007558804515391118,"conditional complete-window sum on stated capital, not live equity or intraday drawdown",0.23809523809523808,117850.12596899223,mean across entered windows; not equal-risk sizing or margin availability,49,252,0.0,0.0
NQ,revert-12-1,gross_reference,2354060058c8498ad69c397726d3d77068989c4f3a2a03df8d7cb42b93007edb,cfe4624f72734d8f,0.0,0,0.0,0.0,1,7453d8f230dd1ef7fc361e23f107762c1d6acd102f692da6cec81296535d87ef,common complete dates,2018,ok,212,-600.0,-600.0,0.0,0.0,350,700,-0.006,-2.830188679245283,-0.007132075471698113,0.044058581615476794,-0.16187710112739478,-0.03604906262465098,"conditional complete-window sum on stated capital, not live equity or intraday drawdown",0.25363600628930816,139685.49791666667,mean across entered windows; not equal-risk sizing or margin availability,212,252,0.0,0.0
NQ,revert-12-1,gross_reference,2354060058c8498ad69c397726d3d77068989c4f3a2a03df8d7cb42b93007edb,cfe4624f72734d8f,0.0,0,0.0,0.0,1,7453d8f230dd1ef7fc361e23f107762c1d6acd102f692da6cec81296535d87ef,common complete dates,2019,ok,220,-1750.0,-1750.0,0.0,0.0,347,694,-0.0175,-7.954545454545454,-0.020045454545454543,0.03356715782848528,-0.597174614779088,-0.03345947022505477,"conditional complete-window sum on stated capital, not live equity or intraday drawdown",0.23892045454545455,151369.6359223301,mean across entered windows; not equal-risk sizing or margin availability,220,252,0.0,0.0
NQ,revert-12-1,gross_reference,2354060058c8498ad69c397726d3d77068989c4f3a2a03df8d7cb42b93007edb,cfe4624f72734d8f,0.0,0,0.0,0.0,1,7453d8f230dd1ef7fc361e23f107762c1d6acd102f692da6cec81296535d87ef,common complete dates,2020,ok,233,-9180.0,-9180.0,0.0,0.0,399,798,-0.0918,-39.39914163090129,-0.09928583690987126,0.11034823991556962,-0.8997500729131475,-0.1395244949620291,"conditional complete-window sum on stated capital, not live equity or intraday drawdown",0.24910586552217454,205635.56614349777,mean across entered windows; not equal-risk sizing or margin availability,233,252,0.0,0.0
NQ,revert-12-1,gross_reference,2354060058c8498ad69c397726d3d77068989c4f3a2a03df8d7cb42b93007edb,cfe4624f72734d8f,0.0,0,0.0,0.0,1,7453d8f230dd1ef7fc361e23f107762c1d6acd102f692da6cec81296535d87ef,common complete dates,2021,ok,229,-2320.0,-2320.0,0.0,0.0,379,758,-0.0232,-10.131004366812228,-0.025530131004366814,0.07995258685348754,-0.31931588468989214,-0.0633288487411109,"conditional complete-window sum on stated capital, not live equity or intraday drawdown",0.2418122270742358,288236.70774647885,mean across entered windows; not equal-risk sizing or margin availability,229,252,0.0,0.0
NQ,revert-12-1,gross_reference,2354060058c8498ad69c397726d3d77068989c4f3a2a03df8d7cb42b93007edb,cfe4624f72734d8f,0.0,0,0.0,0.0,1,7453d8f230dd1ef7fc361e23f107762c1d6acd102f692da6cec81296535d87ef,common complete dates,2022,ok,239,-4480.0,-4480.0,0.0,0.0,394,788,-0.0448,-18.744769874476987,-0.047236820083682005,0.10120926549531864,-0.46672426533781053,-0.08837440876275827,"conditional complete-window sum on stated capital, not live equity or intraday drawdown",0.25383542538354253,256075.28576696164,mean across entered windows; not equal-risk sizing or margin availability,239,252,0.0,0.0
NQ,revert-12-1,gross_reference,2354060058c8498ad69c397726d3d77068989c4f3a2a03df8d7cb42b93007edb,cfe4624f72734d8f,0.0,0,0.0,0.0,1,7453d8f230dd1ef7fc361e23f107762c1d6acd102f692da6cec81296535d87ef,common complete dates,2023,ok,228,-1455.0,-1455.0,0.0,0.0,395,790,-0.01455,-6.381578947368421,-0.016081578947368422,0.07747440626211079,-0.20757279369087847,-0.0770421989934185,"conditional complete-window sum on stated capital, not live equity or intraday drawdown",0.24835526315789475,283904.70100308646,mean across entered windows; not equal-risk sizing or margin availability,228,252,0.0,0.0
NQ,revert-12-1,gross_reference,2354060058c8498ad69c397726d3d77068989c4f3a2a03df8d7cb42b93007edb,cfe4624f72734d8f,0.0,0,0.0,0.0,1,7453d8f230dd1ef7fc361e23f107762c1d6acd102f692da6cec81296535d87ef,common complete dates,2024,ok,213,-1500.0,-1500.0,0.0,0.0,359,718,-0.015,-7.042253521126761,-0.01774647887323944,0.08490099569434414,-0.20902556828814267,-0.09335,"conditional complete-window sum on stated capital, not live equity or intraday drawdown",0.24285993740219092,381214.19730392157,mean across entered windows; not equal-risk sizing or margin availability,213,252,0.0,0.0
NQ,revert-12-1,gross_reference,2354060058c8498ad69c397726d3d77068989c4f3a2a03df8d7cb42b93007edb,cfe4624f72734d8f,0.0,0,0.0,0.0,1,7453d8f230dd1ef7fc361e23f107762c1d6acd102f692da6cec81296535d87ef,common complete dates,2025,ok,142,-18740.0,-18740.0,0.0,0.0,233,466,-0.1874,-131.9718309859155,-0.33256901408450706,0.17333754932326134,-1.918620722301151,-0.1955650150967678,"conditional complete-window sum on stated capital, not live equity or intraday drawdown",0.24398474178403756,441149.163647343,mean across entered windows; not equal-risk sizing or margin availability,142,252,0.0,0.0
NQ,revert-12-1,gross_reference,2354060058c8498ad69c397726d3d77068989c4f3a2a03df8d7cb42b93007edb,cfe4624f72734d8f,0.0,0,0.0,0.0,1,7453d8f230dd1ef7fc361e23f107762c1d6acd102f692da6cec81296535d87ef,common complete dates,2026,ok,109,-5355.0,-5355.0,0.0,0.0,176,352,-0.05355,-49.12844036697248,-0.12380366972477064,0.17476009702950346,-0.7084206968817933,-0.1806608213206519,"conditional complete-window sum on stated capital, not live equity or intraday drawdown",0.2396788990825688,537403.4477124183,mean across entered windows; not equal-risk sizing or margin availability,109,252,0.0,0.0
NQ,revert-12-1,cost_stress,2354060058c8498ad69c397726d3d77068989c4f3a2a03df8d7cb42b93007edb,850f7447a92e6444,5.0,2,0.0,0.0,1,7453d8f230dd1ef7fc361e23f107762c1d6acd102f692da6cec81296535d87ef,common complete dates,whole,ok,1901,-46205.0,-140645.0,31480.0,62960.0,3148,6296,-1.40645,-73.98474487112047,-0.18644155707522359,0.09646423804774698,-1.9327531202075163,-1.5109,"conditional complete-window sum on stated capital, not live equity or intraday drawdown",0.2462410135016658,270680.06581386726,mean across entered windows; not equal-risk sizing or margin availability,1901,252,0.0,0.0
NQ,revert-12-1,cost_stress,2354060058c8498ad69c397726d3d77068989c4f3a2a03df8d7cb42b93007edb,850f7447a92e6444,5.0,2,0.0,0.0,1,7453d8f230dd1ef7fc361e23f107762c1d6acd102f692da6cec81296535d87ef,common complete dates,development,ok,970,-14675.0,-62405.0,15910.0,31820.0,1591,3182,-0.62405,-64.33505154639175,-0.16212432989690723,0.0711576192115458,-2.2783832805721733,-0.62465,"conditional complete-window sum on stated capital, not live equity or intraday drawdown",0.24568298969072164,190816.771747076,mean across entered windows; not equal-risk sizing or margin availability,970,252,0.0,0.0
NQ,revert-12-1,cost_stress,2354060058c8498ad69c397726d3d77068989c4f3a2a03df8d7cb42b93007edb,850f7447a92e6444,5.0,2,0.0,0.0,1,7453d8f230dd1ef7fc361e23f107762c1d6acd102f692da6cec81296535d87ef,common complete dates,validation,ok,467,-5935.0,-29605.0,7890.0,15780.0,789,1578,-0.29605,-63.394004282655246,-0.1597528907922912,0.0897591484772824,-1.7797950794143718,-0.309719523738355,"conditional complete-window sum on stated capital, not live equity or intraday drawdown",0.2511598857958601,269675.1809954751,mean across entered windows; not equal-risk sizing or margin availability,467,252,0.0,0.0
NQ,revert-12-1,cost_stress,2354060058c8498ad69c397726d3d77068989c4f3a2a03df8d7cb42b93007edb,850f7447a92e6444,5.0,2,0.0,0.0,1,7453d8f230dd1ef7fc361e23f107762c1d6acd102f692da6cec81296535d87ef,common complete dates,historical_final,ok,464,-25595.0,-48635.0,7680.0,15360.0,768,1536,-0.48635,-104.81681034482759,-0.2641383620689655,0.13945734430413598,-1.8940441135385353,-0.5908,"conditional complete-window sum on stated capital, not live equity or intraday drawdown",0.24245689655172414,435723.9470720721,mean across entered windows; not equal-risk sizing or margin availability,464,252,0.0,0.0
NQ,revert-12-1,cost_stress,2354060058c8498ad69c397726d3d77068989c4f3a2a03df8d7cb42b93007edb,850f7447a92e6444,5.0,2,0.0,0.0,1,7453d8f230dd1ef7fc361e23f107762c1d6acd102f692da6cec81296535d87ef,common complete dates,2016,ok,27,-610.0,-1960.0,450.0,900.0,45,90,-0.0196,-72.5925925925926,-0.18293333333333334,0.017019769801691332,-10.748284816117458,-0.0199,"conditional complete-window sum on stated capital, not live equity or intraday drawdown",0.25540123456790126,95812.80864197531,mean across entered windows; not equal-risk sizing or margin availability,27,252,0.0,0.0
NQ,revert-12-1,cost_stress,2354060058c8498ad69c397726d3d77068989c4f3a2a03df8d7cb42b93007edb,850f7447a92e6444,5.0,2,0.0,0.0,1,7453d8f230dd1ef7fc361e23f107762c1d6acd102f692da6cec81296535d87ef,common complete dates,2017,ok,49,-215.0,-2345.0,710.0,1420.0,71,142,-0.02345,-47.857142857142854,-0.12059999999999998,0.0181287065175649,-6.652432697454211,-0.02345,"conditional complete-window sum on stated capital, not live equity or intraday drawdown",0.23809523809523808,117850.12596899223,mean across entered windows; not equal-risk sizing or margin availability,49,252,0.0,0.0
NQ,revert-12-1,cost_stress,2354060058c8498ad69c397726d3d77068989c4f3a2a03df8d7cb42b93007edb,850f7447a92e6444,5.0,2,0.0,0.0,1,7453d8f230dd1ef7fc361e23f107762c1d6acd102f692da6cec81296535d87ef,common complete dates,2018,ok,212,-600.0,-11100.0,3500.0,7000.0,350,700,-0.111,-52.35849056603774,-0.13194339622641507,0.04374084727652824,-3.0164801196527624,-0.12306923269182704,"conditional complete-window sum on stated capital, not live equity or intraday drawdown",0.25363600628930816,139685.49791666667,mean across entered windows; not equal-risk sizing or margin availability,212,252,0.0,0.0
NQ,revert-12-1,cost_stress,2354060058c8498ad69c397726d3d77068989c4f3a2a03df8d7cb42b93007edb,850f7447a92e6444,5.0,2,0.0,0.0,1,7453d8f230dd1ef7fc361e23f107762c1d6acd102f692da6cec81296535d87ef,common complete dates,2019,ok,220,-1750.0,-12160.0,3470.0,6940.0,347,694,-0.1216,-55.27272727272727,-0.13928727272727273,0.03290765047108005,-4.2326714527882014,-0.1251370477424499,"conditional complete-window sum on stated capital, not live equity or intraday drawdown",0.23892045454545455,151369.6359223301,mean across entered windows; not equal-risk sizing or margin availability,220,252,0.0,0.0
NQ,revert-12-1,cost_stress,2354060058c8498ad69c397726d3d77068989c4f3a2a03df8d7cb42b93007edb,850f7447a92e6444,5.0,2,0.0,0.0,1,7453d8f230dd1ef7fc361e23f107762c1d6acd102f692da6cec81296535d87ef,common complete dates,2020,ok,233,-9180.0,-21150.0,3990.0,7980.0,399,798,-0.2115,-90.7725321888412,-0.22874678111587982,0.10980608212446989,-2.0831886238923047,-0.2177475766963126,"conditional complete-window sum on stated capital, not live equity or intraday drawdown",0.24910586552217454,205635.56614349777,mean across entered windows; not equal-risk sizing or margin availability,233,252,0.0,0.0
NQ,revert-12-1,cost_stress,2354060058c8498ad69c397726d3d77068989c4f3a2a03df8d7cb42b93007edb,850f7447a92e6444,5.0,2,0.0,0.0,1,7453d8f230dd1ef7fc361e23f107762c1d6acd102f692da6cec81296535d87ef,common complete dates,2021,ok,229,-2320.0,-13690.0,3790.0,7580.0,379,758,-0.1369,-59.78165938864629,-0.15064978165938867,0.07944821288249936,-1.8962010118741561,-0.15403854641753714,"conditional complete-window sum on stated capital, not live equity or intraday drawdown",0.2418122270742358,288236.70774647885,mean across entered windows; not equal-risk sizing or margin availability,229,252,0.0,0.0
NQ,revert-12-1,cost_stress,2354060058c8498ad69c397726d3d77068989c4f3a2a03df8d7cb42b93007edb,850f7447a92e6444,5.0,2,0.0,0.0,1,7453d8f230dd1ef7fc361e23f107762c1d6acd102f692da6cec81296535d87ef,common complete dates,2022,ok,239,-4480.0,-16300.0,3940.0,7880.0,394,788,-0.163,-68.20083682008368,-0.17186610878661088,0.10061328629597784,-1.7081850232088236,-0.1815872066955612,"conditional complete-window sum on stated capital, not live equity or intraday drawdown",0.25383542538354253,256075.28576696164,mean across entered windows; not equal-risk sizing or margin availability,239,252,0.0,0.0
NQ,revert-12-1,cost_stress,2354060058c8498ad69c397726d3d77068989c4f3a2a03df8d7cb42b93007edb,850f7447a92e6444,5.0,2,0.0,0.0,1,7453d8f230dd1ef7fc361e23f107762c1d6acd102f692da6cec81296535d87ef,common complete dates,2023,ok,228,-1455.0,-13305.0,3950.0,7900.0,395,790,-0.13305,-58.35526315789474,-0.14705526315789474,0.07697065712537525,-1.9105366726746367,-0.1442,"conditional complete-window sum on stated capital, not live equity or intraday drawdown",0.24835526315789475,283904.70100308646,mean across entered windows; not equal-risk sizing or margin availability,228,252,0.0,0.0
NQ,revert-12-1,cost_stress,2354060058c8498ad69c397726d3d77068989c4f3a2a03df8d7cb42b93007edb,850f7447a92e6444,5.0,2,0.0,0.0,1,7453d8f230dd1ef7fc361e23f107762c1d6acd102f692da6cec81296535d87ef,common complete dates,2024,ok,213,-1500.0,-12270.0,3590.0,7180.0,359,718,-0.1227,-57.605633802816904,-0.14516619718309862,0.08422037992295094,-1.723646904892901,-0.13435,"conditional complete-window sum on stated capital, not live equity or intraday drawdown",0.24285993740219092,381214.19730392157,mean across entered windows; not equal-risk sizing or margin availability,213,252,0.0,0.0
NQ,revert-12-1,cost_stress,2354060058c8498ad69c397726d3d77068989c4f3a2a03df8d7cb42b93007edb,850f7447a92e6444,5.0,2,0.0,0.0,1,7453d8f230dd1ef7fc361e23f107762c1d6acd102f692da6cec81296535d87ef,common complete dates,2025,ok,142,-18740.0,-25730.0,2330.0,4660.0,233,466,-0.2573,-181.19718309859155,-0.45661690140845074,0.17283295529071427,-2.6419550637226377,-0.26345019090593547,"conditional complete-window sum on stated capital, not live equity or intraday drawdown",0.24398474178403756,441149.163647343,mean across entered windows; not equal-risk sizing or margin availability,142,252,0.0,0.0
NQ,revert-12-1,cost_stress,2354060058c8498ad69c397726d3d77068989c4f3a2a03df8d7cb42b93007edb,850f7447a92e6444,5.0,2,0.0,0.0,1,7453d8f230dd1ef7fc361e23f107762c1d6acd102f692da6cec81296535d87ef,common complete dates,2026,ok,109,-5355.0,-10635.0,1760.0,3520.0,176,352,-0.10635,-97.56880733944953,-0.24587339449541284,0.17363294763548523,-1.4160526434855265,-0.2176456009913259,"conditional complete-window sum on stated capital, not live equity or intraday drawdown",0.2396788990825688,537403.4477124183,mean across entered windows; not equal-risk sizing or margin availability,109,252,0.0,0.0
NQ,revert-12-1,delay_stress,2354060058c8498ad69c397726d3d77068989c4f3a2a03df8d7cb42b93007edb,2ddf42cf5b9f6b1d,2.5,1,0.0,0.0,5,7453d8f230dd1ef7fc361e23f107762c1d6acd102f692da6cec81296535d87ef,common complete dates,whole,ok,1901,-41840.0,-87770.0,15310.0,30620.0,3062,6124,-0.8777,-46.17043661230931,-0.11634950026301946,0.09416561687741877,-1.2355836888370715,-0.9506,"conditional complete-window sum on stated capital, not live equity or intraday drawdown",0.24289847448711205,270795.664193729,mean across entered windows; not equal-risk sizing or margin availability,1901,252,0.0,0.0
NQ,revert-12-1,delay_stress,2354060058c8498ad69c397726d3d77068989c4f3a2a03df8d7cb42b93007edb,2ddf42cf5b9f6b1d,2.5,1,0.0,0.0,5,7453d8f230dd1ef7fc361e23f107762c1d6acd102f692da6cec81296535d87ef,common complete dates,development,ok,970,-10255.0,-33460.0,7735.0,15470.0,1547,3094,-0.3346,-34.49484536082474,-0.08692701030927835,0.07189831615693655,-1.2090270670531118,-0.3438,"conditional complete-window sum on stated capital, not live equity or intraday drawdown",0.24218213058419244,190726.1886983776,mean across entered windows; not equal-risk sizing or margin availability,970,252,0.0,0.0
NQ,revert-12-1,delay_stress,2354060058c8498ad69c397726d3d77068989c4f3a2a03df8d7cb42b93007edb,2ddf42cf5b9f6b1d,2.5,1,0.0,0.0,5,7453d8f230dd1ef7fc361e23f107762c1d6acd102f692da6cec81296535d87ef,common complete dates,validation,ok,467,-1175.0,-12725.0,3850.0,7700.0,770,1540,-0.12725,-27.248394004282655,-0.0686659528907923,0.08773822686749017,-0.7826229836454017,-0.15633113640902735,"conditional complete-window sum on stated capital, not live equity or intraday drawdown",0.24839400428265523,269774.0909090909,mean across entered windows; not equal-risk sizing or margin availability,467,252,0.0,0.0
NQ,revert-12-1,delay_stress,2354060058c8498ad69c397726d3d77068989c4f3a2a03df8d7cb42b93007edb,2ddf42cf5b9f6b1d,2.5,1,0.0,0.0,5,7453d8f230dd1ef7fc361e23f107762c1d6acd102f692da6cec81296535d87ef,common complete dates,historical_final,ok,464,-30410.0,-41585.0,3725.0,7450.0,745,1490,-0.41585,-89.6228448275862,-0.22584956896551725,0.1332563059728288,-1.6948508914209912,-0.48875,"conditional complete-window sum on stated capital, not live equity or intraday drawdown",0.23886494252873564,435574.6191553545,mean across entered windows; not equal-risk sizing or margin availability,464,252,0.0,0.0
NQ,revert-12-1,delay_stress,2354060058c8498ad69c397726d3d77068989c4f3a2a03df8d7cb42b93007edb,2ddf42cf5b9f6b1d,2.5,1,0.0,0.0,5,7453d8f230dd1ef7fc361e23f107762c1d6acd102f692da6cec81296535d87ef,common complete dates,2016,ok,27,-420.0,-1095.0,225.0,450.0,45,90,-0.01095,-40.55555555555556,-0.10220000000000001,0.01836200089650028,-5.565842229072046,-0.0114,"conditional complete-window sum on stated capital, not live equity or intraday drawdown",0.25540123456790126,95803.64197530865,mean across entered windows; not equal-risk sizing or margin availability,27,252,0.0,0.0
NQ,revert-12-1,delay_stress,2354060058c8498ad69c397726d3d77068989c4f3a2a03df8d7cb42b93007edb,2ddf42cf5b9f6b1d,2.5,1,0.0,0.0,5,7453d8f230dd1ef7fc361e23f107762c1d6acd102f692da6cec81296535d87ef,common complete dates,2017,ok,49,20.0,-1045.0,355.0,710.0,71,142,-0.01045,-21.3265306122449,-0.05374285714285714,0.015442647348911948,-3.480158286891382,-0.01045,"conditional complete-window sum on stated capital, not live equity or intraday drawdown",0.23809523809523808,117848.06201550386,mean across entered windows; not equal-risk sizing or margin availability,49,252,0.0,0.0
NQ,revert-12-1,delay_stress,2354060058c8498ad69c397726d3d77068989c4f3a2a03df8d7cb42b93007edb,2ddf42cf5b9f6b1d,2.5,1,0.0,0.0,5,7453d8f230dd1ef7fc361e23f107762c1d6acd102f692da6cec81296535d87ef,common complete dates,2018,ok,212,1290.0,-3825.0,1705.0,3410.0,341,682,-0.03825,-18.04245283018868,-0.04546698113207547,0.043552646029480065,-1.0439545074092542,-0.060681670742052995,"conditional complete-window sum on stated capital, not live equity or intraday drawdown",0.25009827044025157,139690.24497487437,mean across entered windows; not equal-risk sizing or margin availability,212,252,0.0,0.0
NQ,revert-12-1,delay_stress,2354060058c8498ad69c397726d3d77068989c4f3a2a03df8d7cb42b93007edb,2ddf42cf5b9f6b1d,2.5,1,0.0,0.0,5,7453d8f230dd1ef7fc361e23f107762c1d6acd102f692da6cec81296535d87ef,common complete dates,2019,ok,220,-730.0,-5785.0,1685.0,3370.0,337,674,-0.05785,-26.295454545454547,-0.06626454545454546,0.032316149888044376,-2.050508667774826,-0.07919463087248323,"conditional complete-window sum on stated capital, not live equity or intraday drawdown",0.2353219696969697,151260.49428104577,mean across entered windows; not equal-risk sizing or margin availability,220,252,0.0,0.0
NQ,revert-12-1,delay_stress,2354060058c8498ad69c397726d3d77068989c4f3a2a03df8d7cb42b93007edb,2ddf42cf5b9f6b1d,2.5,1,0.0,0.0,5,7453d8f230dd1ef7fc361e23f107762c1d6acd102f692da6cec81296535d87ef,common complete dates,2020,ok,233,-5020.0,-10810.0,1930.0,3860.0,386,772,-0.1081,-46.39484978540773,-0.11691502145922748,0.11364282988934996,-1.0287936473692492,-0.13833025600079843,"conditional complete-window sum on stated capital, not live equity or intraday drawdown",0.24490343347639484,205406.09208523596,mean across entered windows; not equal-risk sizing or margin availability,233,252,0.0,0.0
NQ,revert-12-1,delay_stress,2354060058c8498ad69c397726d3d77068989c4f3a2a03df8d7cb42b93007edb,2ddf42cf5b9f6b1d,2.5,1,0.0,0.0,5,7453d8f230dd1ef7fc361e23f107762c1d6acd102f692da6cec81296535d87ef,common complete dates,2021,ok,229,-5395.0,-10900.0,1835.0,3670.0,367,734,-0.109,-47.59825327510917,-0.11994759825327511,0.07722928473146247,-1.5531362056550242,-0.13519344873240818,"conditional complete-window sum on stated capital, not live equity or intraday drawdown",0.23799126637554585,288315.4520440252,mean across entered windows; not equal-risk sizing or margin availability,229,252,0.0,0.0
NQ,revert-12-1,delay_stress,2354060058c8498ad69c397726d3d77068989c4f3a2a03df8d7cb42b93007edb,2ddf42cf5b9f6b1d,2.5,1,0.0,0.0,5,7453d8f230dd1ef7fc361e23f107762c1d6acd102f692da6cec81296535d87ef,common complete dates,2022,ok,239,-1865.0,-7685.0,1940.0,3880.0,388,776,-0.07685,-32.15481171548117,-0.08103012552301256,0.09865094361360807,-0.82138216376711,-0.10310565208707809,"conditional complete-window sum on stated capital, not live equity or intraday drawdown",0.2525278940027894,256146.8962962963,mean across entered windows; not equal-risk sizing or margin availability,239,252,0.0,0.0
NQ,revert-12-1,delay_stress,2354060058c8498ad69c397726d3d77068989c4f3a2a03df8d7cb42b93007edb,2ddf42cf5b9f6b1d,2.5,1,0.0,0.0,5,7453d8f230dd1ef7fc361e23f107762c1d6acd102f692da6cec81296535d87ef,common complete dates,2023,ok,228,690.0,-5040.0,1910.0,3820.0,382,764,-0.0504,-22.105263157894736,-0.05570526315789473,0.07481993994208784,-0.7445242966114616,-0.09232360037421833,"conditional complete-window sum on stated capital, not live equity or intraday drawdown",0.24406067251461988,284035.1085271318,mean across entered windows; not equal-risk sizing or margin availability,228,252,0.0,0.0
NQ,revert-12-1,delay_stress,2354060058c8498ad69c397726d3d77068989c4f3a2a03df8d7cb42b93007edb,2ddf42cf5b9f6b1d,2.5,1,0.0,0.0,5,7453d8f230dd1ef7fc361e23f107762c1d6acd102f692da6cec81296535d87ef,common complete dates,2024,ok,213,-3560.0,-8810.0,1750.0,3500.0,350,700,-0.0881,-41.36150234741784,-0.10423098591549294,0.08065184992850927,-1.2923570384050027,-0.1052,"conditional complete-window sum on stated capital, not live equity or intraday drawdown",0.2397300469483568,381199.8366013072,mean across entered windows; not equal-risk sizing or margin availability,213,252,0.0,0.0
NQ,revert-12-1,delay_stress,2354060058c8498ad69c397726d3d77068989c4f3a2a03df8d7cb42b93007edb,2ddf42cf5b9f6b1d,2.5,1,0.0,0.0,5,7453d8f230dd1ef7fc361e23f107762c1d6acd102f692da6cec81296535d87ef,common complete dates,2025,ok,142,-18730.0,-22090.0,1120.0,2240.0,224,448,-0.2209,-155.56338028169014,-0.39201971830985916,0.16522592922886378,-2.372628316508667,-0.2209,"conditional complete-window sum on stated capital, not live equity or intraday drawdown",0.23943661971830985,440795.81188725494,mean across entered windows; not equal-risk sizing or margin availability,142,252,0.0,0.0
NQ,revert-12-1,delay_stress,2354060058c8498ad69c397726d3d77068989c4f3a2a03df8d7cb42b93007edb,2ddf42cf5b9f6b1d,2.5,1,0.0,0.0,5,7453d8f230dd1ef7fc361e23f107762c1d6acd102f692da6cec81296535d87ef,common complete dates,2026,ok,109,-8120.0,-10685.0,855.0,1710.0,171,342,-0.10685,-98.02752293577981,-0.24702935779816515,0.16569445840884545,-1.490872779756029,-0.1875897588273164,"conditional complete-window sum on stated capital, not live equity or intraday drawdown",0.23642966360856268,537362.5939542484,mean across entered windows; not equal-risk sizing or margin availability,109,252,0.0,0.0
NQ,revert-12-1,combined_stress,2354060058c8498ad69c397726d3d77068989c4f3a2a03df8d7cb42b93007edb,773a4acb9073fd5e,5.0,2,0.0,0.0,5,7453d8f230dd1ef7fc361e23f107762c1d6acd102f692da6cec81296535d87ef,common complete dates,whole,ok,1901,-41840.0,-133700.0,30620.0,61240.0,3062,6124,-1.337,-70.33140452393476,-0.1772351394003156,0.09406263993134346,-1.8842245925659749,-1.3964,"conditional complete-window sum on stated capital, not live equity or intraday drawdown",0.24289847448711205,270795.664193729,mean across entered windows; not equal-risk sizing or margin availability,1901,252,0.0,0.0
NQ,revert-12-1,combined_stress,2354060058c8498ad69c397726d3d77068989c4f3a2a03df8d7cb42b93007edb,773a4acb9073fd5e,5.0,2,0.0,0.0,5,7453d8f230dd1ef7fc361e23f107762c1d6acd102f692da6cec81296535d87ef,common complete dates,development,ok,970,-10255.0,-56665.0,15470.0,30940.0,1547,3094,-0.56665,-58.41752577319588,-0.1472121649484536,0.07179509986075978,-2.0504486411183844,-0.56665,"conditional complete-window sum on stated capital, not live equity or intraday drawdown",0.24218213058419244,190726.1886983776,mean across entered windows; not equal-risk sizing or margin availability,970,252,0.0,0.0
NQ,revert-12-1,combined_stress,2354060058c8498ad69c397726d3d77068989c4f3a2a03df8d7cb42b93007edb,773a4acb9073fd5e,5.0,2,0.0,0.0,5,7453d8f230dd1ef7fc361e23f107762c1d6acd102f692da6cec81296535d87ef,common complete dates,validation,ok,467,-1175.0,-24275.0,7700.0,15400.0,770,1540,-0.24275,-51.980728051391864,-0.1309914346895075,0.08762362032892428,-1.4949329210296012,-0.2615622814903606,"conditional complete-window sum on stated capital, not live equity or intraday drawdown",0.24839400428265523,269774.0909090909,mean across entered windows; not equal-risk sizing or margin availability,467,252,0.0,0.0
NQ,revert-12-1,combined_stress,2354060058c8498ad69c397726d3d77068989c4f3a2a03df8d7cb42b93007edb,773a4acb9073fd5e,5.0,2,0.0,0.0,5,7453d8f230dd1ef7fc361e23f107762c1d6acd102f692da6cec81296535d87ef,common complete dates,historical_final,ok,464,-30410.0,-52760.0,7450.0,14900.0,745,1490,-0.5276,-113.70689655172414,-0.28654137931034485,0.1331517269647088,-2.151991459985278,-0.587,"conditional complete-window sum on stated capital, not live equity or intraday drawdown",0.23886494252873564,435574.6191553545,mean across entered windows; not equal-risk sizing or margin availability,464,252,0.0,0.0
NQ,revert-12-1,combined_stress,2354060058c8498ad69c397726d3d77068989c4f3a2a03df8d7cb42b93007edb,773a4acb9073fd5e,5.0,2,0.0,0.0,5,7453d8f230dd1ef7fc361e23f107762c1d6acd102f692da6cec81296535d87ef,common complete dates,2016,ok,27,-420.0,-1770.0,450.0,900.0,45,90,-0.0177,-65.55555555555556,-0.1652,0.01882721025945815,-8.774534183417279,-0.01785,"conditional complete-window sum on stated capital, not live equity or intraday drawdown",0.25540123456790126,95803.64197530865,mean across entered windows; not equal-risk sizing or margin availability,27,252,0.0,0.0
NQ,revert-12-1,combined_stress,2354060058c8498ad69c397726d3d77068989c4f3a2a03df8d7cb42b93007edb,773a4acb9073fd5e,5.0,2,0.0,0.0,5,7453d8f230dd1ef7fc361e23f107762c1d6acd102f692da6cec81296535d87ef,common complete dates,2017,ok,49,20.0,-2110.0,710.0,1420.0,71,142,-0.0211,-43.06122448979592,-0.10851428571428572,0.015570490633612946,-6.9692271276300986,-0.0211,"conditional complete-window sum on stated capital, not live equity or intraday drawdown",0.23809523809523808,117848.06201550386,mean across entered windows; not equal-risk sizing or margin availability,49,252,0.0,0.0
NQ,revert-12-1,combined_stress,2354060058c8498ad69c397726d3d77068989c4f3a2a03df8d7cb42b93007edb,773a4acb9073fd5e,5.0,2,0.0,0.0,5,7453d8f230dd1ef7fc361e23f107762c1d6acd102f692da6cec81296535d87ef,common complete dates,2018,ok,212,1290.0,-8940.0,3410.0,6820.0,341,682,-0.0894,-42.16981132075472,-0.1062679245283019,0.0434717976643097,-2.4445256519848906,-0.10358605533912696,"conditional complete-window sum on stated capital, not live equity or intraday drawdown",0.25009827044025157,139690.24497487437,mean across entered windows; not equal-risk sizing or margin availability,212,252,0.0,0.0
NQ,revert-12-1,combined_stress,2354060058c8498ad69c397726d3d77068989c4f3a2a03df8d7cb42b93007edb,773a4acb9073fd5e,5.0,2,0.0,0.0,5,7453d8f230dd1ef7fc361e23f107762c1d6acd102f692da6cec81296535d87ef,common complete dates,2019,ok,220,-730.0,-10840.0,3370.0,6740.0,337,674,-0.1084,-49.27272727272727,-0.12416727272727272,0.03232412105522017,-3.8413193823632334,-0.11758553712834305,"conditional complete-window sum on stated capital, not live equity or intraday drawdown",0.2353219696969697,151260.49428104577,mean across entered windows; not equal-risk sizing or margin availability,220,252,0.0,0.0
NQ,revert-12-1,combined_stress,2354060058c8498ad69c397726d3d77068989c4f3a2a03df8d7cb42b93007edb,773a4acb9073fd5e,5.0,2,0.0,0.0,5,7453d8f230dd1ef7fc361e23f107762c1d6acd102f692da6cec81296535d87ef,common complete dates,2020,ok,233,-5020.0,-16600.0,3860.0,7720.0,386,772,-0.166,-71.24463519313305,-0.17953648068669528,0.11336162619683707,-1.5837500458484477,-0.1791,"conditional complete-window sum on stated capital, not live equity or intraday drawdown",0.24490343347639484,205406.09208523596,mean across entered windows; not equal-risk sizing or margin availability,233,252,0.0,0.0
NQ,revert-12-1,combined_stress,2354060058c8498ad69c397726d3d77068989c4f3a2a03df8d7cb42b93007edb,773a4acb9073fd5e,5.0,2,0.0,0.0,5,7453d8f230dd1ef7fc361e23f107762c1d6acd102f692da6cec81296535d87ef,common complete dates,2021,ok,229,-5395.0,-16405.0,3670.0,7340.0,367,734,-0.16405,-71.63755458515284,-0.18052663755458515,0.0772541339128151,-2.3367893523771546,-0.17322717832064088,"conditional complete-window sum on stated capital, not live equity or intraday drawdown",0.23799126637554585,288315.4520440252,mean across entered windows; not equal-risk sizing or margin availability,229,252,0.0,0.0
NQ,revert-12-1,combined_stress,2354060058c8498ad69c397726d3d77068989c4f3a2a03df8d7cb42b93007edb,773a4acb9073fd5e,5.0,2,0.0,0.0,5,7453d8f230dd1ef7fc361e23f107762c1d6acd102f692da6cec81296535d87ef,common complete dates,2022,ok,239,-1865.0,-13505.0,3880.0,7760.0,388,776,-0.13505,-56.50627615062761,-0.14239581589958158,0.09852568609043752,-1.4452659154169738,-0.14808710418539606,"conditional complete-window sum on stated capital, not live equity or intraday drawdown",0.2525278940027894,256146.8962962963,mean across entered windows; not equal-risk sizing or margin availability,239,252,0.0,0.0
NQ,revert-12-1,combined_stress,2354060058c8498ad69c397726d3d77068989c4f3a2a03df8d7cb42b93007edb,773a4acb9073fd5e,5.0,2,0.0,0.0,5,7453d8f230dd1ef7fc361e23f107762c1d6acd102f692da6cec81296535d87ef,common complete dates,2023,ok,228,690.0,-10770.0,3820.0,7640.0,382,764,-0.1077,-47.23684210526316,-0.11903684210526316,0.07471850940724667,-1.5931372701302609,-0.12935670185222067,"conditional complete-window sum on stated capital, not live equity or intraday drawdown",0.24406067251461988,284035.1085271318,mean across entered windows; not equal-risk sizing or margin availability,228,252,0.0,0.0
NQ,revert-12-1,combined_stress,2354060058c8498ad69c397726d3d77068989c4f3a2a03df8d7cb42b93007edb,773a4acb9073fd5e,5.0,2,0.0,0.0,5,7453d8f230dd1ef7fc361e23f107762c1d6acd102f692da6cec81296535d87ef,common complete dates,2024,ok,213,-3560.0,-14060.0,3500.0,7000.0,350,700,-0.1406,-66.0093896713615,-0.166343661971831,0.0805868294498959,-2.0641544419520015,-0.14785,"conditional complete-window sum on stated capital, not live equity or intraday drawdown",0.2397300469483568,381199.8366013072,mean across entered windows; not equal-risk sizing or margin availability,213,252,0.0,0.0
NQ,revert-12-1,combined_stress,2354060058c8498ad69c397726d3d77068989c4f3a2a03df8d7cb42b93007edb,773a4acb9073fd5e,5.0,2,0.0,0.0,5,7453d8f230dd1ef7fc361e23f107762c1d6acd102f692da6cec81296535d87ef,common complete dates,2025,ok,142,-18730.0,-25450.0,2240.0,4480.0,224,448,-0.2545,-179.22535211267606,-0.4516478873239437,0.16515312071344723,-2.7347220892518638,-0.2545,"conditional complete-window sum on stated capital, not live equity or intraday drawdown",0.23943661971830985,440795.81188725494,mean across entered windows; not equal-risk sizing or margin availability,142,252,0.0,0.0
NQ,revert-12-1,combined_stress,2354060058c8498ad69c397726d3d77068989c4f3a2a03df8d7cb42b93007edb,773a4acb9073fd5e,5.0,2,0.0,0.0,5,7453d8f230dd1ef7fc361e23f107762c1d6acd102f692da6cec81296535d87ef,common complete dates,2026,ok,109,-8120.0,-13250.0,1710.0,3420.0,171,342,-0.1325,-121.55963302752293,-0.3063302752293578,0.16550514534163757,-1.8508806756250837,-0.19938574330014366,"conditional complete-window sum on stated capital, not live equity or intraday drawdown",0.23642966360856268,537362.5939542484,mean across entered windows; not equal-risk sizing or margin availability,109,252,0.0,0.0
NQ,revert-12-1.5,base,2354060058c8498ad69c397726d3d77068989c4f3a2a03df8d7cb42b93007edb,fd3e3e1649d6e7ce,2.5,1,0.0,0.0,1,7453d8f230dd1ef7fc361e23f107762c1d6acd102f692da6cec81296535d87ef,common complete dates,whole,ok,1901,-32985.0,-68070.0,11695.0,23390.0,2339,4678,-0.6807,-35.807469752761705,-0.0902348237769595,0.08856241223434355,-1.0188839881437581,-0.7954306853971904,"conditional complete-window sum on stated capital, not live equity or intraday drawdown",0.19761529019814134,270986.1672321612,mean across entered windows; not equal-risk sizing or margin availability,1901,252,0.0,0.0
NQ,revert-12-1.5,base,2354060058c8498ad69c397726d3d77068989c4f3a2a03df8d7cb42b93007edb,fd3e3e1649d6e7ce,2.5,1,0.0,0.0,1,7453d8f230dd1ef7fc361e23f107762c1d6acd102f692da6cec81296535d87ef,common complete dates,development,ok,970,-8270.0,-26015.0,5915.0,11830.0,1183,2366,-0.26015,-26.81958762886598,-0.06758536082474227,0.06235172412138772,-1.0839373213347814,-0.29085637154426836,"conditional complete-window sum on stated capital, not live equity or intraday drawdown",0.1965635738831615,191387.3595904298,mean across entered windows; not equal-risk sizing or margin availability,970,252,0.0,0.0
NQ,revert-12-1.5,base,2354060058c8498ad69c397726d3d77068989c4f3a2a03df8d7cb42b93007edb,fd3e3e1649d6e7ce,2.5,1,0.0,0.0,1,7453d8f230dd1ef7fc361e23f107762c1d6acd102f692da6cec81296535d87ef,common complete dates,validation,ok,467,-6235.0,-15010.0,2925.0,5850.0,585,1170,-0.1501,-32.14132762312634,-0.08099614561027838,0.08000823024381029,-1.0123476717764859,-0.17601837060702874,"conditional complete-window sum on stated capital, not live equity or intraday drawdown",0.19963418986438258,268931.42527287995,mean across entered windows; not equal-risk sizing or margin availability,467,252,0.0,0.0
NQ,revert-12-1.5,base,2354060058c8498ad69c397726d3d77068989c4f3a2a03df8d7cb42b93007edb,fd3e3e1649d6e7ce,2.5,1,0.0,0.0,1,7453d8f230dd1ef7fc361e23f107762c1d6acd102f692da6cec81296535d87ef,common complete dates,historical_final,ok,464,-18480.0,-27045.0,2855.0,5710.0,571,1142,-0.27045,-58.286637931034484,-0.1468823275862069,0.13262590484546533,-1.1074935002882962,-0.38579491533889415,"conditional complete-window sum on stated capital, not live equity or intraday drawdown",0.19778196839080459,435777.09369817586,mean across entered windows; not equal-risk sizing or margin availability,464,252,0.0,0.0
NQ,revert-12-1.5,base,2354060058c8498ad69c397726d3d77068989c4f3a2a03df8d7cb42b93007edb,fd3e3e1649d6e7ce,2.5,1,0.0,0.0,1,7453d8f230dd1ef7fc361e23f107762c1d6acd102f692da6cec81296535d87ef,common complete dates,2016,ok,27,-385.0,-925.0,180.0,360.0,36,72,-0.00925,-34.25925925925926,-0.08633333333333333,0.016536447700884933,-5.220790758387201,-0.010698395240713893,"conditional complete-window sum on stated capital, not live equity or intraday drawdown",0.20910493827160495,95823.99305555555,mean across entered windows; not equal-risk sizing or margin availability,27,252,0.0,0.0
NQ,revert-12-1.5,base,2354060058c8498ad69c397726d3d77068989c4f3a2a03df8d7cb42b93007edb,fd3e3e1649d6e7ce,2.5,1,0.0,0.0,1,7453d8f230dd1ef7fc361e23f107762c1d6acd102f692da6cec81296535d87ef,common complete dates,2017,ok,49,60.0,-765.0,275.0,550.0,55,110,-0.00765,-15.612244897959183,-0.039342857142857145,0.015391445908128878,-2.556150824145671,-0.008393704721458907,"conditional complete-window sum on stated capital, not live equity or intraday drawdown",0.19472789115646258,117914.93589743589,mean across entered windows; not equal-risk sizing or margin availability,49,252,0.0,0.0
NQ,revert-12-1.5,base,2354060058c8498ad69c397726d3d77068989c4f3a2a03df8d7cb42b93007edb,fd3e3e1649d6e7ce,2.5,1,0.0,0.0,1,7453d8f230dd1ef7fc361e23f107762c1d6acd102f692da6cec81296535d87ef,common complete dates,2018,ok,212,-2150.0,-6110.0,1320.0,2640.0,264,528,-0.0611,-28.82075471698113,-0.07262830188679245,0.03757429485577356,-1.9329252129832741,-0.06806596701649176,"conditional complete-window sum on stated capital, not live equity or intraday drawdown",0.20371462264150944,139644.92857142858,mean across entered windows; not equal-risk sizing or margin availability,212,252,0.0,0.0
NQ,revert-12-1.5,base,2354060058c8498ad69c397726d3d77068989c4f3a2a03df8d7cb42b93007edb,fd3e3e1649d6e7ce,2.5,1,0.0,0.0,1,7453d8f230dd1ef7fc361e23f107762c1d6acd102f692da6cec81296535d87ef,common complete dates,2019,ok,220,-1810.0,-5620.0,1270.0,2540.0,254,508,-0.0562,-25.545454545454547,-0.06437454545454546,0.03117791415822719,-2.064748306376307,-0.06535491905354919,"conditional complete-window sum on stated capital, not live equity or intraday drawdown",0.19261363636363638,151324.6012544803,mean across entered windows; not equal-risk sizing or margin availability,220,252,0.0,0.0
NQ,revert-12-1.5,base,2354060058c8498ad69c397726d3d77068989c4f3a2a03df8d7cb42b93007edb,fd3e3e1649d6e7ce,2.5,1,0.0,0.0,1,7453d8f230dd1ef7fc361e23f107762c1d6acd102f692da6cec81296535d87ef,common complete dates,2020,ok,233,-4130.0,-8570.0,1480.0,2960.0,296,592,-0.0857,-36.78111587982833,-0.09268841201716739,0.09229813301550097,-1.0042284604131797,-0.12170022371364653,"conditional complete-window sum on stated capital, not live equity or intraday drawdown",0.19644134477825465,205189.13414634147,mean across entered windows; not equal-risk sizing or margin availability,233,252,0.0,0.0
NQ,revert-12-1.5,base,2354060058c8498ad69c397726d3d77068989c4f3a2a03df8d7cb42b93007edb,fd3e3e1649d6e7ce,2.5,1,0.0,0.0,1,7453d8f230dd1ef7fc361e23f107762c1d6acd102f692da6cec81296535d87ef,common complete dates,2021,ok,229,145.0,-4025.0,1390.0,2780.0,278,556,-0.04025,-17.5764192139738,-0.044292576419213976,0.07434702160763398,-0.5957545502356211,-0.08687533782123728,"conditional complete-window sum on stated capital, not live equity or intraday drawdown",0.19277656477438138,288984.14723661484,mean across entered windows; not equal-risk sizing or margin availability,229,252,0.0,0.0
NQ,revert-12-1.5,base,2354060058c8498ad69c397726d3d77068989c4f3a2a03df8d7cb42b93007edb,fd3e3e1649d6e7ce,2.5,1,0.0,0.0,1,7453d8f230dd1ef7fc361e23f107762c1d6acd102f692da6cec81296535d87ef,common complete dates,2022,ok,239,-2925.0,-7410.0,1495.0,2990.0,299,598,-0.0741,-31.00418410041841,-0.0781305439330544,0.08979052622385604,-0.8701423994138066,-0.09160343450479233,"conditional complete-window sum on stated capital, not live equity or intraday drawdown",0.20458507670850767,255341.57407407404,mean across entered windows; not equal-risk sizing or margin availability,239,252,0.0,0.0
NQ,revert-12-1.5,base,2354060058c8498ad69c397726d3d77068989c4f3a2a03df8d7cb42b93007edb,fd3e3e1649d6e7ce,2.5,1,0.0,0.0,1,7453d8f230dd1ef7fc361e23f107762c1d6acd102f692da6cec81296535d87ef,common complete dates,2023,ok,228,-3310.0,-7600.0,1430.0,2860.0,286,572,-0.076,-33.333333333333336,-0.084,0.06846849302741324,-1.2268416652075038,-0.10095961615353859,"conditional complete-window sum on stated capital, not live equity or intraday drawdown",0.19444444444444445,283737.2105263158,mean across entered windows; not equal-risk sizing or margin availability,228,252,0.0,0.0
NQ,revert-12-1.5,base,2354060058c8498ad69c397726d3d77068989c4f3a2a03df8d7cb42b93007edb,fd3e3e1649d6e7ce,2.5,1,0.0,0.0,1,7453d8f230dd1ef7fc361e23f107762c1d6acd102f692da6cec81296535d87ef,common complete dates,2024,ok,213,-1365.0,-5280.0,1305.0,2610.0,261,522,-0.0528,-24.788732394366196,-0.06246760563380281,0.0801458114120679,-0.7794244581619746,-0.09664851905499226,"conditional complete-window sum on stated capital, not live equity or intraday drawdown",0.20021517996870108,380434.02173913043,mean across entered windows; not equal-risk sizing or margin availability,213,252,0.0,0.0
NQ,revert-12-1.5,base,2354060058c8498ad69c397726d3d77068989c4f3a2a03df8d7cb42b93007edb,fd3e3e1649d6e7ce,2.5,1,0.0,0.0,1,7453d8f230dd1ef7fc361e23f107762c1d6acd102f692da6cec81296535d87ef,common complete dates,2025,ok,142,-17230.0,-19900.0,890.0,1780.0,178,356,-0.199,-140.14084507042253,-0.35315492957746475,0.1685020674371574,-2.0958492376313034,-0.20822418820738398,"conditional complete-window sum on stated capital, not live equity or intraday drawdown",0.19865023474178403,440054.9865591398,mean across entered windows; not equal-risk sizing or margin availability,142,252,0.0,0.0
NQ,revert-12-1.5,base,2354060058c8498ad69c397726d3d77068989c4f3a2a03df8d7cb42b93007edb,fd3e3e1649d6e7ce,2.5,1,0.0,0.0,1,7453d8f230dd1ef7fc361e23f107762c1d6acd102f692da6cec81296535d87ef,common complete dates,2026,ok,109,115.0,-1865.0,660.0,1320.0,132,264,-0.01865,-17.110091743119266,-0.04311743119266055,0.1594024469440263,-0.2704941612834909,-0.14112283831326494,"conditional complete-window sum on stated capital, not live equity or intraday drawdown",0.1918960244648318,538465.035460993,mean across entered windows; not equal-risk sizing or margin availability,109,252,0.0,0.0
NQ,revert-12-1.5,gross_reference,2354060058c8498ad69c397726d3d77068989c4f3a2a03df8d7cb42b93007edb,dee87f592f445c02,0.0,0,0.0,0.0,1,7453d8f230dd1ef7fc361e23f107762c1d6acd102f692da6cec81296535d87ef,common complete dates,whole,ok,1901,-32985.0,-32985.0,0.0,0.0,2339,4678,-0.32985,-17.351394003156233,-0.043725512887953705,0.08868552373881756,-0.4930400255257792,-0.4554830352249514,"conditional complete-window sum on stated capital, not live equity or intraday drawdown",0.19761529019814134,270986.1672321612,mean across entered windows; not equal-risk sizing or margin availability,1901,252,0.0,0.0
NQ,revert-12-1.5,gross_reference,2354060058c8498ad69c397726d3d77068989c4f3a2a03df8d7cb42b93007edb,dee87f592f445c02,0.0,0,0.0,0.0,1,7453d8f230dd1ef7fc361e23f107762c1d6acd102f692da6cec81296535d87ef,common complete dates,development,ok,970,-8270.0,-8270.0,0.0,0.0,1183,2366,-0.0827,-8.525773195876289,-0.02148494845360825,0.06246601185039915,-0.3439462167852639,-0.15215983259429028,"conditional complete-window sum on stated capital, not live equity or intraday drawdown",0.1965635738831615,191387.3595904298,mean across entered windows; not equal-risk sizing or margin availability,970,252,0.0,0.0
NQ,revert-12-1.5,gross_reference,2354060058c8498ad69c397726d3d77068989c4f3a2a03df8d7cb42b93007edb,dee87f592f445c02,0.0,0,0.0,0.0,1,7453d8f230dd1ef7fc361e23f107762c1d6acd102f692da6cec81296535d87ef,common complete dates,validation,ok,467,-6235.0,-6235.0,0.0,0.0,585,1170,-0.06235,-13.35117773019272,-0.033644967880085655,0.08011926097439365,-0.41993607368443764,-0.09729352539500573,"conditional complete-window sum on stated capital, not live equity or intraday drawdown",0.19963418986438258,268931.42527287995,mean across entered windows; not equal-risk sizing or margin availability,467,252,0.0,0.0
NQ,revert-12-1.5,gross_reference,2354060058c8498ad69c397726d3d77068989c4f3a2a03df8d7cb42b93007edb,dee87f592f445c02,0.0,0,0.0,0.0,1,7453d8f230dd1ef7fc361e23f107762c1d6acd102f692da6cec81296535d87ef,common complete dates,historical_final,ok,464,-18480.0,-18480.0,0.0,0.0,571,1142,-0.1848,-39.827586206896555,-0.10036551724137932,0.13278373176733674,-0.7558570308691089,-0.31286331793113725,"conditional complete-window sum on stated capital, not live equity or intraday drawdown",0.19778196839080459,435777.09369817586,mean across entered windows; not equal-risk sizing or margin availability,464,252,0.0,0.0
NQ,revert-12-1.5,gross_reference,2354060058c8498ad69c397726d3d77068989c4f3a2a03df8d7cb42b93007edb,dee87f592f445c02,0.0,0,0.0,0.0,1,7453d8f230dd1ef7fc361e23f107762c1d6acd102f692da6cec81296535d87ef,common complete dates,2016,ok,27,-385.0,-385.0,0.0,0.0,36,72,-0.00385,-14.25925925925926,-0.03593333333333333,0.016556949118196992,-2.1702871149033514,-0.007637779552715655,"conditional complete-window sum on stated capital, not live equity or intraday drawdown",0.20910493827160495,95823.99305555555,mean across entered windows; not equal-risk sizing or margin availability,27,252,0.0,0.0
NQ,revert-12-1.5,gross_reference,2354060058c8498ad69c397726d3d77068989c4f3a2a03df8d7cb42b93007edb,dee87f592f445c02,0.0,0,0.0,0.0,1,7453d8f230dd1ef7fc361e23f107762c1d6acd102f692da6cec81296535d87ef,common complete dates,2017,ok,49,60.0,60.0,0.0,0.0,55,110,0.0006,1.2244897959183674,0.003085714285714286,0.015446688271970422,0.19976542747442028,-0.006750049632717888,"conditional complete-window sum on stated capital, not live equity or intraday drawdown",0.19472789115646258,117914.93589743589,mean across entered windows; not equal-risk sizing or margin availability,49,252,0.0,0.0
NQ,revert-12-1.5,gross_reference,2354060058c8498ad69c397726d3d77068989c4f3a2a03df8d7cb42b93007edb,dee87f592f445c02,0.0,0,0.0,0.0,1,7453d8f230dd1ef7fc361e23f107762c1d6acd102f692da6cec81296535d87ef,common complete dates,2018,ok,212,-2150.0,-2150.0,0.0,0.0,264,528,-0.0215,-10.141509433962264,-0.025556603773584905,0.037682036716248264,-0.678217155989476,-0.03347780600807054,"conditional complete-window sum on stated capital, not live equity or intraday drawdown",0.20371462264150944,139644.92857142858,mean across entered windows; not equal-risk sizing or margin availability,212,252,0.0,0.0
NQ,revert-12-1.5,gross_reference,2354060058c8498ad69c397726d3d77068989c4f3a2a03df8d7cb42b93007edb,dee87f592f445c02,0.0,0,0.0,0.0,1,7453d8f230dd1ef7fc361e23f107762c1d6acd102f692da6cec81296535d87ef,common complete dates,2019,ok,220,-1810.0,-1810.0,0.0,0.0,254,508,-0.0181,-8.227272727272727,-0.02073272727272727,0.03139522966675263,-0.6603782642393954,-0.03510431708410098,"conditional complete-window sum on stated capital, not live equity or intraday drawdown",0.19261363636363638,151324.6012544803,mean across entered windows; not equal-risk sizing or margin availability,220,252,0.0,0.0
NQ,revert-12-1.5,gross_reference,2354060058c8498ad69c397726d3d77068989c4f3a2a03df8d7cb42b93007edb,dee87f592f445c02,0.0,0,0.0,0.0,1,7453d8f230dd1ef7fc361e23f107762c1d6acd102f692da6cec81296535d87ef,common complete dates,2020,ok,233,-4130.0,-4130.0,0.0,0.0,296,592,-0.0413,-17.72532188841202,-0.04466781115879829,0.09241936185500285,-0.4833165936470955,-0.11837821840781296,"conditional complete-window sum on stated capital, not live equity or intraday drawdown",0.19644134477825465,205189.13414634147,mean across entered windows; not equal-risk sizing or margin availability,233,252,0.0,0.0
NQ,revert-12-1.5,gross_reference,2354060058c8498ad69c397726d3d77068989c4f3a2a03df8d7cb42b93007edb,dee87f592f445c02,0.0,0,0.0,0.0,1,7453d8f230dd1ef7fc361e23f107762c1d6acd102f692da6cec81296535d87ef,common complete dates,2021,ok,229,145.0,145.0,0.0,0.0,278,556,0.00145,0.6331877729257642,0.0015956331877729258,0.07446500580255737,0.021427960295923684,-0.061608364275942934,"conditional complete-window sum on stated capital, not live equity or intraday drawdown",0.19277656477438138,288984.14723661484,mean across entered windows; not equal-risk sizing or margin availability,229,252,0.0,0.0
NQ,revert-12-1.5,gross_reference,2354060058c8498ad69c397726d3d77068989c4f3a2a03df8d7cb42b93007edb,dee87f592f445c02,0.0,0,0.0,0.0,1,7453d8f230dd1ef7fc361e23f107762c1d6acd102f692da6cec81296535d87ef,common complete dates,2022,ok,239,-2925.0,-2925.0,0.0,0.0,299,598,-0.02925,-12.238493723849372,-0.030841004184100417,0.08990581978497536,-0.3430367940347108,-0.07546229377460997,"conditional complete-window sum on stated capital, not live equity or intraday drawdown",0.20458507670850767,255341.57407407404,mean across entered windows; not equal-risk sizing or margin availability,239,252,0.0,0.0
NQ,revert-12-1.5,gross_reference,2354060058c8498ad69c397726d3d77068989c4f3a2a03df8d7cb42b93007edb,dee87f592f445c02,0.0,0,0.0,0.0,1,7453d8f230dd1ef7fc361e23f107762c1d6acd102f692da6cec81296535d87ef,common complete dates,2023,ok,228,-3310.0,-3310.0,0.0,0.0,286,572,-0.0331,-14.517543859649123,-0.03658421052631579,0.06857633524829285,-0.5334815631931357,-0.07883326763894363,"conditional complete-window sum on stated capital, not live equity or intraday drawdown",0.19444444444444445,283737.2105263158,mean across entered windows; not equal-risk sizing or margin availability,228,252,0.0,0.0
NQ,revert-12-1.5,gross_reference,2354060058c8498ad69c397726d3d77068989c4f3a2a03df8d7cb42b93007edb,dee87f592f445c02,0.0,0,0.0,0.0,1,7453d8f230dd1ef7fc361e23f107762c1d6acd102f692da6cec81296535d87ef,common complete dates,2024,ok,213,-1365.0,-1365.0,0.0,0.0,261,522,-0.01365,-6.408450704225352,-0.01614929577464789,0.08029747676058319,-0.20111834675451884,-0.07787945096479014,"conditional complete-window sum on stated capital, not live equity or intraday drawdown",0.20021517996870108,380434.02173913043,mean across entered windows; not equal-risk sizing or margin availability,213,252,0.0,0.0
NQ,revert-12-1.5,gross_reference,2354060058c8498ad69c397726d3d77068989c4f3a2a03df8d7cb42b93007edb,dee87f592f445c02,0.0,0,0.0,0.0,1,7453d8f230dd1ef7fc361e23f107762c1d6acd102f692da6cec81296535d87ef,common complete dates,2025,ok,142,-17230.0,-17230.0,0.0,0.0,178,356,-0.1723,-121.33802816901408,-0.3057718309859155,0.16858750770881267,-1.8137276903935848,-0.1824377716317661,"conditional complete-window sum on stated capital, not live equity or intraday drawdown",0.19865023474178403,440054.9865591398,mean across entered windows; not equal-risk sizing or margin availability,142,252,0.0,0.0
NQ,revert-12-1.5,gross_reference,2354060058c8498ad69c397726d3d77068989c4f3a2a03df8d7cb42b93007edb,dee87f592f445c02,0.0,0,0.0,0.0,1,7453d8f230dd1ef7fc361e23f107762c1d6acd102f692da6cec81296535d87ef,common complete dates,2026,ok,109,115.0,115.0,0.0,0.0,132,264,0.00115,1.055045871559633,0.002658715596330275,0.1597062538629461,0.016647535910596745,-0.13067815921137366,"conditional complete-window sum on stated capital, not live equity or intraday drawdown",0.1918960244648318,538465.035460993,mean across entered windows; not equal-risk sizing or margin availability,109,252,0.0,0.0
NQ,revert-12-1.5,cost_stress,2354060058c8498ad69c397726d3d77068989c4f3a2a03df8d7cb42b93007edb,ecd7cc64f6871fc7,5.0,2,0.0,0.0,1,7453d8f230dd1ef7fc361e23f107762c1d6acd102f692da6cec81296535d87ef,common complete dates,whole,ok,1901,-32985.0,-103155.0,23390.0,46780.0,2339,4678,-1.03155,-54.26354550236717,-0.13674413466596527,0.0884738469768723,-1.5455882087020723,-1.13725,"conditional complete-window sum on stated capital, not live equity or intraday drawdown",0.19761529019814134,270986.1672321612,mean across entered windows; not equal-risk sizing or margin availability,1901,252,0.0,0.0
NQ,revert-12-1.5,cost_stress,2354060058c8498ad69c397726d3d77068989c4f3a2a03df8d7cb42b93007edb,ecd7cc64f6871fc7,5.0,2,0.0,0.0,1,7453d8f230dd1ef7fc361e23f107762c1d6acd102f692da6cec81296535d87ef,common complete dates,development,ok,970,-8270.0,-43760.0,11830.0,23660.0,1183,2366,-0.4376,-45.11340206185567,-0.11368577319587629,0.0622868694255655,-1.8251964538325993,-0.4577,"conditional complete-window sum on stated capital, not live equity or intraday drawdown",0.1965635738831615,191387.3595904298,mean across entered windows; not equal-risk sizing or margin availability,970,252,0.0,0.0
NQ,revert-12-1.5,cost_stress,2354060058c8498ad69c397726d3d77068989c4f3a2a03df8d7cb42b93007edb,ecd7cc64f6871fc7,5.0,2,0.0,0.0,1,7453d8f230dd1ef7fc361e23f107762c1d6acd102f692da6cec81296535d87ef,common complete dates,validation,ok,467,-6235.0,-23785.0,5850.0,11700.0,585,1170,-0.23785,-50.93147751605996,-0.12834732334047108,0.07993757166044523,-1.605594474218686,-0.25602875830046434,"conditional complete-window sum on stated capital, not live equity or intraday drawdown",0.19963418986438258,268931.42527287995,mean across entered windows; not equal-risk sizing or margin availability,467,252,0.0,0.0
NQ,revert-12-1.5,cost_stress,2354060058c8498ad69c397726d3d77068989c4f3a2a03df8d7cb42b93007edb,ecd7cc64f6871fc7,5.0,2,0.0,0.0,1,7453d8f230dd1ef7fc361e23f107762c1d6acd102f692da6cec81296535d87ef,common complete dates,historical_final,ok,464,-18480.0,-35610.0,5710.0,11420.0,571,1142,-0.3561,-76.74568965517241,-0.1933991379310345,0.13248955072683513,-1.459731253295453,-0.4618,"conditional complete-window sum on stated capital, not live equity or intraday drawdown",0.19778196839080459,435777.09369817586,mean across entered windows; not equal-risk sizing or margin availability,464,252,0.0,0.0
NQ,revert-12-1.5,cost_stress,2354060058c8498ad69c397726d3d77068989c4f3a2a03df8d7cb42b93007edb,ecd7cc64f6871fc7,5.0,2,0.0,0.0,1,7453d8f230dd1ef7fc361e23f107762c1d6acd102f692da6cec81296535d87ef,common complete dates,2016,ok,27,-385.0,-1465.0,360.0,720.0,36,72,-0.01465,-54.25925925925926,-0.13673333333333332,0.016725851325541028,-8.174970031243564,-0.0156,"conditional complete-window sum on stated capital, not live equity or intraday drawdown",0.20910493827160495,95823.99305555555,mean across entered windows; not equal-risk sizing or margin availability,27,252,0.0,0.0
NQ,revert-12-1.5,cost_stress,2354060058c8498ad69c397726d3d77068989c4f3a2a03df8d7cb42b93007edb,ecd7cc64f6871fc7,5.0,2,0.0,0.0,1,7453d8f230dd1ef7fc361e23f107762c1d6acd102f692da6cec81296535d87ef,common complete dates,2017,ok,49,60.0,-1590.0,550.0,1100.0,55,110,-0.0159,-32.44897959183673,-0.08177142857142856,0.01552939033850699,-5.265591680612631,-0.0159,"conditional complete-window sum on stated capital, not live equity or intraday drawdown",0.19472789115646258,117914.93589743589,mean across entered windows; not equal-risk sizing or margin availability,49,252,0.0,0.0
NQ,revert-12-1.5,cost_stress,2354060058c8498ad69c397726d3d77068989c4f3a2a03df8d7cb42b93007edb,ecd7cc64f6871fc7,5.0,2,0.0,0.0,1,7453d8f230dd1ef7fc361e23f107762c1d6acd102f692da6cec81296535d87ef,common complete dates,2018,ok,212,-2150.0,-10070.0,2640.0,5280.0,264,528,-0.1007,-47.5,-0.1197,0.037553103632284,-3.1874862107827275,-0.10602879424115177,"conditional complete-window sum on stated capital, not live equity or intraday drawdown",0.20371462264150944,139644.92857142858,mean across entered windows; not equal-risk sizing or margin availability,212,252,0.0,0.0
NQ,revert-12-1.5,cost_stress,2354060058c8498ad69c397726d3d77068989c4f3a2a03df8d7cb42b93007edb,ecd7cc64f6871fc7,5.0,2,0.0,0.0,1,7453d8f230dd1ef7fc361e23f107762c1d6acd102f692da6cec81296535d87ef,common complete dates,2019,ok,220,-1810.0,-9430.0,2540.0,5080.0,254,508,-0.0943,-42.86363636363637,-0.10801636363636365,0.03105154919400073,-3.478614318451873,-0.09781254671383727,"conditional complete-window sum on stated capital, not live equity or intraday drawdown",0.19261363636363638,151324.6012544803,mean across entered windows; not equal-risk sizing or margin availability,220,252,0.0,0.0
NQ,revert-12-1.5,cost_stress,2354060058c8498ad69c397726d3d77068989c4f3a2a03df8d7cb42b93007edb,ecd7cc64f6871fc7,5.0,2,0.0,0.0,1,7453d8f230dd1ef7fc361e23f107762c1d6acd102f692da6cec81296535d87ef,common complete dates,2020,ok,233,-4130.0,-13010.0,2960.0,5920.0,296,592,-0.1301,-55.836909871244636,-0.1407090128755365,0.092207486639365,-1.526004210762918,-0.1348,"conditional complete-window sum on stated capital, not live equity or intraday drawdown",0.19644134477825465,205189.13414634147,mean across entered windows; not equal-risk sizing or margin availability,233,252,0.0,0.0
NQ,revert-12-1.5,cost_stress,2354060058c8498ad69c397726d3d77068989c4f3a2a03df8d7cb42b93007edb,ecd7cc64f6871fc7,5.0,2,0.0,0.0,1,7453d8f230dd1ef7fc361e23f107762c1d6acd102f692da6cec81296535d87ef,common complete dates,2021,ok,229,145.0,-8195.0,2780.0,5560.0,278,556,-0.08195,-35.786026200873366,-0.09018078602620089,0.07427457165002387,-1.2141542390998348,-0.11243451616091726,"conditional complete-window sum on stated capital, not live equity or intraday drawdown",0.19277656477438138,288984.14723661484,mean across entered windows; not equal-risk sizing or margin availability,229,252,0.0,0.0
NQ,revert-12-1.5,cost_stress,2354060058c8498ad69c397726d3d77068989c4f3a2a03df8d7cb42b93007edb,ecd7cc64f6871fc7,5.0,2,0.0,0.0,1,7453d8f230dd1ef7fc361e23f107762c1d6acd102f692da6cec81296535d87ef,common complete dates,2022,ok,239,-2925.0,-11895.0,2990.0,5980.0,299,598,-0.11895,-49.76987447698745,-0.12542008368200835,0.08970667632625962,-1.3981131485226417,-0.131609166708273,"conditional complete-window sum on stated capital, not live equity or intraday drawdown",0.20458507670850767,255341.57407407404,mean across entered windows; not equal-risk sizing or margin availability,239,252,0.0,0.0
NQ,revert-12-1.5,cost_stress,2354060058c8498ad69c397726d3d77068989c4f3a2a03df8d7cb42b93007edb,ecd7cc64f6871fc7,5.0,2,0.0,0.0,1,7453d8f230dd1ef7fc361e23f107762c1d6acd102f692da6cec81296535d87ef,common complete dates,2023,ok,228,-3310.0,-11890.0,2860.0,5720.0,286,572,-0.1189,-52.14912280701754,-0.1314157894736842,0.06841426103462965,-1.9208829779973025,-0.136,"conditional complete-window sum on stated capital, not live equity or intraday drawdown",0.19444444444444445,283737.2105263158,mean across entered windows; not equal-risk sizing or margin availability,228,252,0.0,0.0
NQ,revert-12-1.5,cost_stress,2354060058c8498ad69c397726d3d77068989c4f3a2a03df8d7cb42b93007edb,ecd7cc64f6871fc7,5.0,2,0.0,0.0,1,7453d8f230dd1ef7fc361e23f107762c1d6acd102f692da6cec81296535d87ef,common complete dates,2024,ok,213,-1365.0,-9195.0,2610.0,5220.0,261,522,-0.09195,-43.16901408450704,-0.10878591549295774,0.08003102302581543,-1.3592968249058484,-0.1185,"conditional complete-window sum on stated capital, not live equity or intraday drawdown",0.20021517996870108,380434.02173913043,mean across entered windows; not equal-risk sizing or margin availability,213,252,0.0,0.0
NQ,revert-12-1.5,cost_stress,2354060058c8498ad69c397726d3d77068989c4f3a2a03df8d7cb42b93007edb,ecd7cc64f6871fc7,5.0,2,0.0,0.0,1,7453d8f230dd1ef7fc361e23f107762c1d6acd102f692da6cec81296535d87ef,common complete dates,2025,ok,142,-17230.0,-22570.0,1780.0,3560.0,178,356,-0.2257,-158.94366197183098,-0.40053802816901407,0.16843302785570322,-2.3780254577632807,-0.23404886734592936,"conditional complete-window sum on stated capital, not live equity or intraday drawdown",0.19865023474178403,440054.9865591398,mean across entered windows; not equal-risk sizing or margin availability,142,252,0.0,0.0
NQ,revert-12-1.5,cost_stress,2354060058c8498ad69c397726d3d77068989c4f3a2a03df8d7cb42b93007edb,ecd7cc64f6871fc7,5.0,2,0.0,0.0,1,7453d8f230dd1ef7fc361e23f107762c1d6acd102f692da6cec81296535d87ef,common complete dates,2026,ok,109,115.0,-3845.0,1320.0,2640.0,132,264,-0.03845,-35.27522935779817,-0.08889357798165137,0.1591159265233826,-0.5586717805309589,-0.1515737298636927,"conditional complete-window sum on stated capital, not live equity or intraday drawdown",0.1918960244648318,538465.035460993,mean across entered windows; not equal-risk sizing or margin availability,109,252,0.0,0.0
NQ,revert-12-1.5,delay_stress,2354060058c8498ad69c397726d3d77068989c4f3a2a03df8d7cb42b93007edb,06003de29a870625,2.5,1,0.0,0.0,5,7453d8f230dd1ef7fc361e23f107762c1d6acd102f692da6cec81296535d87ef,common complete dates,whole,ok,1901,-32820.0,-67005.0,11395.0,22790.0,2279,4558,-0.67005,-35.24723829563388,-0.08882304050499737,0.0879312585331041,-1.0101418083485925,-0.72575,"conditional complete-window sum on stated capital, not live equity or intraday drawdown",0.1950837278625285,270951.6495646766,mean across entered windows; not equal-risk sizing or margin availability,1901,252,0.0,0.0
NQ,revert-12-1.5,delay_stress,2354060058c8498ad69c397726d3d77068989c4f3a2a03df8d7cb42b93007edb,06003de29a870625,2.5,1,0.0,0.0,5,7453d8f230dd1ef7fc361e23f107762c1d6acd102f692da6cec81296535d87ef,common complete dates,development,ok,970,-7165.0,-24445.0,5760.0,11520.0,1152,2304,-0.24445,-25.201030927835053,-0.06350659793814434,0.06446191043507116,-0.9851802019133603,-0.27915,"conditional complete-window sum on stated capital, not live equity or intraday drawdown",0.19392182130584193,191588.09815950922,mean across entered windows; not equal-risk sizing or margin availability,970,252,0.0,0.0
NQ,revert-12-1.5,delay_stress,2354060058c8498ad69c397726d3d77068989c4f3a2a03df8d7cb42b93007edb,06003de29a870625,2.5,1,0.0,0.0,5,7453d8f230dd1ef7fc361e23f107762c1d6acd102f692da6cec81296535d87ef,common complete dates,validation,ok,467,-870.0,-9435.0,2855.0,5710.0,571,1142,-0.09435,-20.203426124197,-0.050912633832976444,0.07819318794899148,-0.651113417529271,-0.12505,"conditional complete-window sum on stated capital, not live equity or intraday drawdown",0.19731441827266238,268862.4029535865,mean across entered windows; not equal-risk sizing or margin availability,467,252,0.0,0.0
NQ,revert-12-1.5,delay_stress,2354060058c8498ad69c397726d3d77068989c4f3a2a03df8d7cb42b93007edb,06003de29a870625,2.5,1,0.0,0.0,5,7453d8f230dd1ef7fc361e23f107762c1d6acd102f692da6cec81296535d87ef,common complete dates,historical_final,ok,464,-24785.0,-33125.0,2780.0,5560.0,556,1112,-0.33125,-71.39008620689656,-0.1799030172413793,0.1297487956351283,-1.3865486485692837,-0.38695,"conditional complete-window sum on stated capital, not live equity or intraday drawdown",0.19526760057471265,435540.9631490788,mean across entered windows; not equal-risk sizing or margin availability,464,252,0.0,0.0
NQ,revert-12-1.5,delay_stress,2354060058c8498ad69c397726d3d77068989c4f3a2a03df8d7cb42b93007edb,06003de29a870625,2.5,1,0.0,0.0,5,7453d8f230dd1ef7fc361e23f107762c1d6acd102f692da6cec81296535d87ef,common complete dates,2016,ok,27,-315.0,-855.0,180.0,360.0,36,72,-0.00855,-31.666666666666668,-0.07980000000000001,0.017438352956806267,-4.576120244707727,-0.0101,"conditional complete-window sum on stated capital, not live equity or intraday drawdown",0.20910493827160495,95816.94444444445,mean across entered windows; not equal-risk sizing or margin availability,27,252,0.0,0.0
NQ,revert-12-1.5,delay_stress,2354060058c8498ad69c397726d3d77068989c4f3a2a03df8d7cb42b93007edb,06003de29a870625,2.5,1,0.0,0.0,5,7453d8f230dd1ef7fc361e23f107762c1d6acd102f692da6cec81296535d87ef,common complete dates,2017,ok,49,110.0,-670.0,260.0,520.0,52,104,-0.0067,-13.673469387755102,-0.03445714285714286,0.012470980600692842,-2.762985843729766,-0.00765,"conditional complete-window sum on stated capital, not live equity or intraday drawdown",0.18920068027210885,118176.01351351352,mean across entered windows; not equal-risk sizing or margin availability,49,252,0.0,0.0
NQ,revert-12-1.5,delay_stress,2354060058c8498ad69c397726d3d77068989c4f3a2a03df8d7cb42b93007edb,06003de29a870625,2.5,1,0.0,0.0,5,7453d8f230dd1ef7fc361e23f107762c1d6acd102f692da6cec81296535d87ef,common complete dates,2018,ok,212,665.0,-3220.0,1295.0,2590.0,259,518,-0.0322,-15.18867924528302,-0.03827547169811321,0.03579716487829441,-1.0692319301890167,-0.04308967445576194,"conditional complete-window sum on stated capital, not live equity or intraday drawdown",0.20155267295597484,139640.95714285714,mean across entered windows; not equal-risk sizing or margin availability,212,252,0.0,0.0
NQ,revert-12-1.5,delay_stress,2354060058c8498ad69c397726d3d77068989c4f3a2a03df8d7cb42b93007edb,06003de29a870625,2.5,1,0.0,0.0,5,7453d8f230dd1ef7fc361e23f107762c1d6acd102f692da6cec81296535d87ef,common complete dates,2019,ok,220,-600.0,-4335.0,1245.0,2490.0,249,498,-0.04335,-19.704545454545453,-0.04965545454545454,0.02997232711855419,-1.6567100161774104,-0.06424025457438345,"conditional complete-window sum on stated capital, not live equity or intraday drawdown",0.19100378787878788,151232.98076923078,mean across entered windows; not equal-risk sizing or margin availability,220,252,0.0,0.0
NQ,revert-12-1.5,delay_stress,2354060058c8498ad69c397726d3d77068989c4f3a2a03df8d7cb42b93007edb,06003de29a870625,2.5,1,0.0,0.0,5,7453d8f230dd1ef7fc361e23f107762c1d6acd102f692da6cec81296535d87ef,common complete dates,2020,ok,233,-2970.0,-7275.0,1435.0,2870.0,287,574,-0.07275,-31.223175965665234,-0.07868240343347639,0.10000593829674814,-0.7867773131631614,-0.12991662579695928,"conditional complete-window sum on stated capital, not live equity or intraday drawdown",0.19349070100143062,205174.08536585365,mean across entered windows; not equal-risk sizing or margin availability,233,252,0.0,0.0
NQ,revert-12-1.5,delay_stress,2354060058c8498ad69c397726d3d77068989c4f3a2a03df8d7cb42b93007edb,06003de29a870625,2.5,1,0.0,0.0,5,7453d8f230dd1ef7fc361e23f107762c1d6acd102f692da6cec81296535d87ef,common complete dates,2021,ok,229,-4055.0,-8090.0,1345.0,2690.0,269,538,-0.0809,-35.327510917030565,-0.08902532751091703,0.07321127534566278,-1.2160056916177067,-0.12461645055923982,"conditional complete-window sum on stated capital, not live equity or intraday drawdown",0.18931950509461426,288801.6840277778,mean across entered windows; not equal-risk sizing or margin availability,229,252,0.0,0.0
NQ,revert-12-1.5,delay_stress,2354060058c8498ad69c397726d3d77068989c4f3a2a03df8d7cb42b93007edb,06003de29a870625,2.5,1,0.0,0.0,5,7453d8f230dd1ef7fc361e23f107762c1d6acd102f692da6cec81296535d87ef,common complete dates,2022,ok,239,715.0,-3665.0,1460.0,2920.0,292,584,-0.03665,-15.334728033472803,-0.038643514644351465,0.08731450650956919,-0.442578400647736,-0.089,"conditional complete-window sum on stated capital, not live equity or intraday drawdown",0.2025801952580195,255085.906504065,mean across entered windows; not equal-risk sizing or margin availability,239,252,0.0,0.0
NQ,revert-12-1.5,delay_stress,2354060058c8498ad69c397726d3d77068989c4f3a2a03df8d7cb42b93007edb,06003de29a870625,2.5,1,0.0,0.0,5,7453d8f230dd1ef7fc361e23f107762c1d6acd102f692da6cec81296535d87ef,common complete dates,2023,ok,228,-1585.0,-5770.0,1395.0,2790.0,279,558,-0.0577,-25.30701754385965,-0.06377368421052633,0.0675056884018863,-0.9447157079690532,-0.09334128996966533,"conditional complete-window sum on stated capital, not live equity or intraday drawdown",0.19179459064327486,283726.51754385966,mean across entered windows; not equal-risk sizing or margin availability,228,252,0.0,0.0
NQ,revert-12-1.5,delay_stress,2354060058c8498ad69c397726d3d77068989c4f3a2a03df8d7cb42b93007edb,06003de29a870625,2.5,1,0.0,0.0,5,7453d8f230dd1ef7fc361e23f107762c1d6acd102f692da6cec81296535d87ef,common complete dates,2024,ok,213,-6915.0,-10710.0,1265.0,2530.0,253,506,-0.1071,-50.28169014084507,-0.12670985915492958,0.07403520752472303,-1.7114811100193996,-0.11755,"conditional complete-window sum on stated capital, not live equity or intraday drawdown",0.19718309859154928,380117.6144688645,mean across entered windows; not equal-risk sizing or margin availability,213,252,0.0,0.0
NQ,revert-12-1.5,delay_stress,2354060058c8498ad69c397726d3d77068989c4f3a2a03df8d7cb42b93007edb,06003de29a870625,2.5,1,0.0,0.0,5,7453d8f230dd1ef7fc361e23f107762c1d6acd102f692da6cec81296535d87ef,common complete dates,2025,ok,142,-15905.0,-18485.0,860.0,1720.0,172,344,-0.18485,-130.17605633802816,-0.32804366197183094,0.16789995457200158,-1.9538043521694581,-0.18700443823866753,"conditional complete-window sum on stated capital, not live equity or intraday drawdown",0.1949823943661972,440065.7994579946,mean across entered windows; not equal-risk sizing or margin availability,142,252,0.0,0.0
NQ,revert-12-1.5,delay_stress,2354060058c8498ad69c397726d3d77068989c4f3a2a03df8d7cb42b93007edb,06003de29a870625,2.5,1,0.0,0.0,5,7453d8f230dd1ef7fc361e23f107762c1d6acd102f692da6cec81296535d87ef,common complete dates,2026,ok,109,-1965.0,-3930.0,655.0,1310.0,131,262,-0.0393,-36.055045871559635,-0.09085871559633027,0.15633058729159746,-0.5811960229309123,-0.10364977962660328,"conditional complete-window sum on stated capital, not live equity or intraday drawdown",0.1918960244648318,538019.3996415772,mean across entered windows; not equal-risk sizing or margin availability,109,252,0.0,0.0
NQ,revert-12-1.5,combined_stress,2354060058c8498ad69c397726d3d77068989c4f3a2a03df8d7cb42b93007edb,6ca271df63a395f7,5.0,2,0.0,0.0,5,7453d8f230dd1ef7fc361e23f107762c1d6acd102f692da6cec81296535d87ef,common complete dates,whole,ok,1901,-32820.0,-101190.0,22790.0,45580.0,2279,4558,-1.0119,-53.22987901104682,-0.13413929510783798,0.08793295049513095,-1.5254724691088992,-1.0577,"conditional complete-window sum on stated capital, not live equity or intraday drawdown",0.1950837278625285,270951.6495646766,mean across entered windows; not equal-risk sizing or margin availability,1901,252,0.0,0.0
NQ,revert-12-1.5,combined_stress,2354060058c8498ad69c397726d3d77068989c4f3a2a03df8d7cb42b93007edb,6ca271df63a395f7,5.0,2,0.0,0.0,5,7453d8f230dd1ef7fc361e23f107762c1d6acd102f692da6cec81296535d87ef,common complete dates,development,ok,970,-7165.0,-41725.0,11520.0,23040.0,1152,2304,-0.41725,-43.01546391752577,-0.10839896907216495,0.06446361875177695,-1.6815526520402941,-0.44175,"conditional complete-window sum on stated capital, not live equity or intraday drawdown",0.19392182130584193,191588.09815950922,mean across entered windows; not equal-risk sizing or margin availability,970,252,0.0,0.0
NQ,revert-12-1.5,combined_stress,2354060058c8498ad69c397726d3d77068989c4f3a2a03df8d7cb42b93007edb,6ca271df63a395f7,5.0,2,0.0,0.0,5,7453d8f230dd1ef7fc361e23f107762c1d6acd102f692da6cec81296535d87ef,common complete dates,validation,ok,467,-870.0,-18000.0,5710.0,11420.0,571,1142,-0.18,-38.54389721627409,-0.0971306209850107,0.0782027845489373,-1.2420353257911023,-0.2035,"conditional complete-window sum on stated capital, not live equity or intraday drawdown",0.19731441827266238,268862.4029535865,mean across entered windows; not equal-risk sizing or margin availability,467,252,0.0,0.0
NQ,revert-12-1.5,combined_stress,2354060058c8498ad69c397726d3d77068989c4f3a2a03df8d7cb42b93007edb,6ca271df63a395f7,5.0,2,0.0,0.0,5,7453d8f230dd1ef7fc361e23f107762c1d6acd102f692da6cec81296535d87ef,common complete dates,historical_final,ok,464,-24785.0,-41465.0,5560.0,11120.0,556,1112,-0.41465,-89.36422413793103,-0.2251978448275862,0.12974631206253123,-1.7356781957629142,-0.46045,"conditional complete-window sum on stated capital, not live equity or intraday drawdown",0.19526760057471265,435540.9631490788,mean across entered windows; not equal-risk sizing or margin availability,464,252,0.0,0.0
NQ,revert-12-1.5,combined_stress,2354060058c8498ad69c397726d3d77068989c4f3a2a03df8d7cb42b93007edb,6ca271df63a395f7,5.0,2,0.0,0.0,5,7453d8f230dd1ef7fc361e23f107762c1d6acd102f692da6cec81296535d87ef,common complete dates,2016,ok,27,-315.0,-1395.0,360.0,720.0,36,72,-0.01395,-51.666666666666664,-0.1302,0.017670248790203614,-7.368317308140159,-0.01505,"conditional complete-window sum on stated capital, not live equity or intraday drawdown",0.20910493827160495,95816.94444444445,mean across entered windows; not equal-risk sizing or margin availability,27,252,0.0,0.0
NQ,revert-12-1.5,combined_stress,2354060058c8498ad69c397726d3d77068989c4f3a2a03df8d7cb42b93007edb,6ca271df63a395f7,5.0,2,0.0,0.0,5,7453d8f230dd1ef7fc361e23f107762c1d6acd102f692da6cec81296535d87ef,common complete dates,2017,ok,49,110.0,-1450.0,520.0,1040.0,52,104,-0.0145,-29.591836734693878,-0.07457142857142857,0.012621686269501168,-5.9081985543898154,-0.0145,"conditional complete-window sum on stated capital, not live equity or intraday drawdown",0.18920068027210885,118176.01351351352,mean across entered windows; not equal-risk sizing or margin availability,49,252,0.0,0.0
NQ,revert-12-1.5,combined_stress,2354060058c8498ad69c397726d3d77068989c4f3a2a03df8d7cb42b93007edb,6ca271df63a395f7,5.0,2,0.0,0.0,5,7453d8f230dd1ef7fc361e23f107762c1d6acd102f692da6cec81296535d87ef,common complete dates,2018,ok,212,665.0,-7105.0,2590.0,5180.0,259,518,-0.07105,-33.514150943396224,-0.0844556603773585,0.035710255495255694,-2.365025374533624,-0.0786135251223654,"conditional complete-window sum on stated capital, not live equity or intraday drawdown",0.20155267295597484,139640.95714285714,mean across entered windows; not equal-risk sizing or margin availability,212,252,0.0,0.0
NQ,revert-12-1.5,combined_stress,2354060058c8498ad69c397726d3d77068989c4f3a2a03df8d7cb42b93007edb,6ca271df63a395f7,5.0,2,0.0,0.0,5,7453d8f230dd1ef7fc361e23f107762c1d6acd102f692da6cec81296535d87ef,common complete dates,2019,ok,220,-600.0,-8070.0,2490.0,4980.0,249,498,-0.0807,-36.68181818181818,-0.09243818181818181,0.029955184084715463,-3.0858826157355552,-0.09327559603802697,"conditional complete-window sum on stated capital, not live equity or intraday drawdown",0.19100378787878788,151232.98076923078,mean across entered windows; not equal-risk sizing or margin availability,220,252,0.0,0.0
NQ,revert-12-1.5,combined_stress,2354060058c8498ad69c397726d3d77068989c4f3a2a03df8d7cb42b93007edb,6ca271df63a395f7,5.0,2,0.0,0.0,5,7453d8f230dd1ef7fc361e23f107762c1d6acd102f692da6cec81296535d87ef,common complete dates,2020,ok,233,-2970.0,-11580.0,2870.0,5740.0,287,574,-0.1158,-49.69957081545064,-0.12524291845493563,0.09995102011784965,-1.253042923496578,-0.1394188000395374,"conditional complete-window sum on stated capital, not live equity or intraday drawdown",0.19349070100143062,205174.08536585365,mean across entered windows; not equal-risk sizing or margin availability,233,252,0.0,0.0
NQ,revert-12-1.5,combined_stress,2354060058c8498ad69c397726d3d77068989c4f3a2a03df8d7cb42b93007edb,6ca271df63a395f7,5.0,2,0.0,0.0,5,7453d8f230dd1ef7fc361e23f107762c1d6acd102f692da6cec81296535d87ef,common complete dates,2021,ok,229,-4055.0,-12125.0,2690.0,5380.0,269,538,-0.12125,-52.94759825327511,-0.13342794759825327,0.0733248555113605,-1.8196823801116222,-0.1523195236913917,"conditional complete-window sum on stated capital, not live equity or intraday drawdown",0.18931950509461426,288801.6840277778,mean across entered windows; not equal-risk sizing or margin availability,229,252,0.0,0.0
NQ,revert-12-1.5,combined_stress,2354060058c8498ad69c397726d3d77068989c4f3a2a03df8d7cb42b93007edb,6ca271df63a395f7,5.0,2,0.0,0.0,5,7453d8f230dd1ef7fc361e23f107762c1d6acd102f692da6cec81296535d87ef,common complete dates,2022,ok,239,715.0,-8045.0,2920.0,5840.0,292,584,-0.08045,-33.66108786610879,-0.08482594142259414,0.08732744962516617,-0.9713548464622613,-0.1058,"conditional complete-window sum on stated capital, not live equity or intraday drawdown",0.2025801952580195,255085.906504065,mean across entered windows; not equal-risk sizing or margin availability,239,252,0.0,0.0
NQ,revert-12-1.5,combined_stress,2354060058c8498ad69c397726d3d77068989c4f3a2a03df8d7cb42b93007edb,6ca271df63a395f7,5.0,2,0.0,0.0,5,7453d8f230dd1ef7fc361e23f107762c1d6acd102f692da6cec81296535d87ef,common complete dates,2023,ok,228,-1585.0,-9955.0,2790.0,5580.0,279,558,-0.09955,-43.66228070175438,-0.11002894736842105,0.06751090002674079,-1.6297952971274126,-0.12597797378781084,"conditional complete-window sum on stated capital, not live equity or intraday drawdown",0.19179459064327486,283726.51754385966,mean across entered windows; not equal-risk sizing or margin availability,228,252,0.0,0.0
NQ,revert-12-1.5,combined_stress,2354060058c8498ad69c397726d3d77068989c4f3a2a03df8d7cb42b93007edb,6ca271df63a395f7,5.0,2,0.0,0.0,5,7453d8f230dd1ef7fc361e23f107762c1d6acd102f692da6cec81296535d87ef,common complete dates,2024,ok,213,-6915.0,-14505.0,2530.0,5060.0,253,506,-0.14505,-68.09859154929578,-0.17160845070422537,0.07408173151634086,-2.316474617853286,-0.1469,"conditional complete-window sum on stated capital, not live equity or intraday drawdown",0.19718309859154928,380117.6144688645,mean across entered windows; not equal-risk sizing or margin availability,213,252,0.0,0.0
NQ,revert-12-1.5,combined_stress,2354060058c8498ad69c397726d3d77068989c4f3a2a03df8d7cb42b93007edb,6ca271df63a395f7,5.0,2,0.0,0.0,5,7453d8f230dd1ef7fc361e23f107762c1d6acd102f692da6cec81296535d87ef,common complete dates,2025,ok,142,-15905.0,-21065.0,1720.0,3440.0,172,344,-0.21065,-148.3450704225352,-0.3738295774647887,0.16796057308183673,-2.2256983922211604,-0.21261845386533665,"conditional complete-window sum on stated capital, not live equity or intraday drawdown",0.1949823943661972,440065.7994579946,mean across entered windows; not equal-risk sizing or margin availability,142,252,0.0,0.0
NQ,revert-12-1.5,combined_stress,2354060058c8498ad69c397726d3d77068989c4f3a2a03df8d7cb42b93007edb,6ca271df63a395f7,5.0,2,0.0,0.0,5,7453d8f230dd1ef7fc361e23f107762c1d6acd102f692da6cec81296535d87ef,common complete dates,2026,ok,109,-1965.0,-5895.0,1310.0,2620.0,131,262,-0.05895,-54.08256880733945,-0.13628807339449542,0.15619022673203822,-0.8725774732903924,-0.11304304750582057,"conditional complete-window sum on stated capital, not live equity or intraday drawdown",0.1918960244648318,538019.3996415772,mean across entered windows; not equal-risk sizing or margin availability,109,252,0.0,0.0
NQ,flat,base,2354060058c8498ad69c397726d3d77068989c4f3a2a03df8d7cb42b93007edb,23e06e10f05b29e6,2.5,1,0.0,0.0,1,7453d8f230dd1ef7fc361e23f107762c1d6acd102f692da6cec81296535d87ef,common complete dates,whole,ok,1901,0.0,0.0,0.0,0.0,0,0,0.0,0.0,0.0,0.0,,0.0,"conditional complete-window sum on stated capital, not live equity or intraday drawdown",0.0,0.0,mean across entered windows; not equal-risk sizing or margin availability,1901,252,0.0,0.0
NQ,flat,base,2354060058c8498ad69c397726d3d77068989c4f3a2a03df8d7cb42b93007edb,23e06e10f05b29e6,2.5,1,0.0,0.0,1,7453d8f230dd1ef7fc361e23f107762c1d6acd102f692da6cec81296535d87ef,common complete dates,development,ok,970,0.0,0.0,0.0,0.0,0,0,0.0,0.0,0.0,0.0,,0.0,"conditional complete-window sum on stated capital, not live equity or intraday drawdown",0.0,0.0,mean across entered windows; not equal-risk sizing or margin availability,970,252,0.0,0.0
NQ,flat,base,2354060058c8498ad69c397726d3d77068989c4f3a2a03df8d7cb42b93007edb,23e06e10f05b29e6,2.5,1,0.0,0.0,1,7453d8f230dd1ef7fc361e23f107762c1d6acd102f692da6cec81296535d87ef,common complete dates,validation,ok,467,0.0,0.0,0.0,0.0,0,0,0.0,0.0,0.0,0.0,,0.0,"conditional complete-window sum on stated capital, not live equity or intraday drawdown",0.0,0.0,mean across entered windows; not equal-risk sizing or margin availability,467,252,0.0,0.0
NQ,flat,base,2354060058c8498ad69c397726d3d77068989c4f3a2a03df8d7cb42b93007edb,23e06e10f05b29e6,2.5,1,0.0,0.0,1,7453d8f230dd1ef7fc361e23f107762c1d6acd102f692da6cec81296535d87ef,common complete dates,historical_final,ok,464,0.0,0.0,0.0,0.0,0,0,0.0,0.0,0.0,0.0,,0.0,"conditional complete-window sum on stated capital, not live equity or intraday drawdown",0.0,0.0,mean across entered windows; not equal-risk sizing or margin availability,464,252,0.0,0.0
NQ,flat,base,2354060058c8498ad69c397726d3d77068989c4f3a2a03df8d7cb42b93007edb,23e06e10f05b29e6,2.5,1,0.0,0.0,1,7453d8f230dd1ef7fc361e23f107762c1d6acd102f692da6cec81296535d87ef,common complete dates,2016,ok,27,0.0,0.0,0.0,0.0,0,0,0.0,0.0,0.0,0.0,,0.0,"conditional complete-window sum on stated capital, not live equity or intraday drawdown",0.0,0.0,mean across entered windows; not equal-risk sizing or margin availability,27,252,0.0,0.0
NQ,flat,base,2354060058c8498ad69c397726d3d77068989c4f3a2a03df8d7cb42b93007edb,23e06e10f05b29e6,2.5,1,0.0,0.0,1,7453d8f230dd1ef7fc361e23f107762c1d6acd102f692da6cec81296535d87ef,common complete dates,2017,ok,49,0.0,0.0,0.0,0.0,0,0,0.0,0.0,0.0,0.0,,0.0,"conditional complete-window sum on stated capital, not live equity or intraday drawdown",0.0,0.0,mean across entered windows; not equal-risk sizing or margin availability,49,252,0.0,0.0
NQ,flat,base,2354060058c8498ad69c397726d3d77068989c4f3a2a03df8d7cb42b93007edb,23e06e10f05b29e6,2.5,1,0.0,0.0,1,7453d8f230dd1ef7fc361e23f107762c1d6acd102f692da6cec81296535d87ef,common complete dates,2018,ok,212,0.0,0.0,0.0,0.0,0,0,0.0,0.0,0.0,0.0,,0.0,"conditional complete-window sum on stated capital, not live equity or intraday drawdown",0.0,0.0,mean across entered windows; not equal-risk sizing or margin availability,212,252,0.0,0.0
NQ,flat,base,2354060058c8498ad69c397726d3d77068989c4f3a2a03df8d7cb42b93007edb,23e06e10f05b29e6,2.5,1,0.0,0.0,1,7453d8f230dd1ef7fc361e23f107762c1d6acd102f692da6cec81296535d87ef,common complete dates,2019,ok,220,0.0,0.0,0.0,0.0,0,0,0.0,0.0,0.0,0.0,,0.0,"conditional complete-window sum on stated capital, not live equity or intraday drawdown",0.0,0.0,mean across entered windows; not equal-risk sizing or margin availability,220,252,0.0,0.0
NQ,flat,base,2354060058c8498ad69c397726d3d77068989c4f3a2a03df8d7cb42b93007edb,23e06e10f05b29e6,2.5,1,0.0,0.0,1,7453d8f230dd1ef7fc361e23f107762c1d6acd102f692da6cec81296535d87ef,common complete dates,2020,ok,233,0.0,0.0,0.0,0.0,0,0,0.0,0.0,0.0,0.0,,0.0,"conditional complete-window sum on stated capital, not live equity or intraday drawdown",0.0,0.0,mean across entered windows; not equal-risk sizing or margin availability,233,252,0.0,0.0
NQ,flat,base,2354060058c8498ad69c397726d3d77068989c4f3a2a03df8d7cb42b93007edb,23e06e10f05b29e6,2.5,1,0.0,0.0,1,7453d8f230dd1ef7fc361e23f107762c1d6acd102f692da6cec81296535d87ef,common complete dates,2021,ok,229,0.0,0.0,0.0,0.0,0,0,0.0,0.0,0.0,0.0,,0.0,"conditional complete-window sum on stated capital, not live equity or intraday drawdown",0.0,0.0,mean across entered windows; not equal-risk sizing or margin availability,229,252,0.0,0.0
NQ,flat,base,2354060058c8498ad69c397726d3d77068989c4f3a2a03df8d7cb42b93007edb,23e06e10f05b29e6,2.5,1,0.0,0.0,1,7453d8f230dd1ef7fc361e23f107762c1d6acd102f692da6cec81296535d87ef,common complete dates,2022,ok,239,0.0,0.0,0.0,0.0,0,0,0.0,0.0,0.0,0.0,,0.0,"conditional complete-window sum on stated capital, not live equity or intraday drawdown",0.0,0.0,mean across entered windows; not equal-risk sizing or margin availability,239,252,0.0,0.0
NQ,flat,base,2354060058c8498ad69c397726d3d77068989c4f3a2a03df8d7cb42b93007edb,23e06e10f05b29e6,2.5,1,0.0,0.0,1,7453d8f230dd1ef7fc361e23f107762c1d6acd102f692da6cec81296535d87ef,common complete dates,2023,ok,228,0.0,0.0,0.0,0.0,0,0,0.0,0.0,0.0,0.0,,0.0,"conditional complete-window sum on stated capital, not live equity or intraday drawdown",0.0,0.0,mean across entered windows; not equal-risk sizing or margin availability,228,252,0.0,0.0
NQ,flat,base,2354060058c8498ad69c397726d3d77068989c4f3a2a03df8d7cb42b93007edb,23e06e10f05b29e6,2.5,1,0.0,0.0,1,7453d8f230dd1ef7fc361e23f107762c1d6acd102f692da6cec81296535d87ef,common complete dates,2024,ok,213,0.0,0.0,0.0,0.0,0,0,0.0,0.0,0.0,0.0,,0.0,"conditional complete-window sum on stated capital, not live equity or intraday drawdown",0.0,0.0,mean across entered windows; not equal-risk sizing or margin availability,213,252,0.0,0.0
NQ,flat,base,2354060058c8498ad69c397726d3d77068989c4f3a2a03df8d7cb42b93007edb,23e06e10f05b29e6,2.5,1,0.0,0.0,1,7453d8f230dd1ef7fc361e23f107762c1d6acd102f692da6cec81296535d87ef,common complete dates,2025,ok,142,0.0,0.0,0.0,0.0,0,0,0.0,0.0,0.0,0.0,,0.0,"conditional complete-window sum on stated capital, not live equity or intraday drawdown",0.0,0.0,mean across entered windows; not equal-risk sizing or margin availability,142,252,0.0,0.0
NQ,flat,base,2354060058c8498ad69c397726d3d77068989c4f3a2a03df8d7cb42b93007edb,23e06e10f05b29e6,2.5,1,0.0,0.0,1,7453d8f230dd1ef7fc361e23f107762c1d6acd102f692da6cec81296535d87ef,common complete dates,2026,ok,109,0.0,0.0,0.0,0.0,0,0,0.0,0.0,0.0,0.0,,0.0,"conditional complete-window sum on stated capital, not live equity or intraday drawdown",0.0,0.0,mean across entered windows; not equal-risk sizing or margin availability,109,252,0.0,0.0
NQ,flat,gross_reference,2354060058c8498ad69c397726d3d77068989c4f3a2a03df8d7cb42b93007edb,7cb821b0d97c21bf,0.0,0,0.0,0.0,1,7453d8f230dd1ef7fc361e23f107762c1d6acd102f692da6cec81296535d87ef,common complete dates,whole,ok,1901,0.0,0.0,0.0,0.0,0,0,0.0,0.0,0.0,0.0,,0.0,"conditional complete-window sum on stated capital, not live equity or intraday drawdown",0.0,0.0,mean across entered windows; not equal-risk sizing or margin availability,1901,252,0.0,0.0
NQ,flat,gross_reference,2354060058c8498ad69c397726d3d77068989c4f3a2a03df8d7cb42b93007edb,7cb821b0d97c21bf,0.0,0,0.0,0.0,1,7453d8f230dd1ef7fc361e23f107762c1d6acd102f692da6cec81296535d87ef,common complete dates,development,ok,970,0.0,0.0,0.0,0.0,0,0,0.0,0.0,0.0,0.0,,0.0,"conditional complete-window sum on stated capital, not live equity or intraday drawdown",0.0,0.0,mean across entered windows; not equal-risk sizing or margin availability,970,252,0.0,0.0
NQ,flat,gross_reference,2354060058c8498ad69c397726d3d77068989c4f3a2a03df8d7cb42b93007edb,7cb821b0d97c21bf,0.0,0,0.0,0.0,1,7453d8f230dd1ef7fc361e23f107762c1d6acd102f692da6cec81296535d87ef,common complete dates,validation,ok,467,0.0,0.0,0.0,0.0,0,0,0.0,0.0,0.0,0.0,,0.0,"conditional complete-window sum on stated capital, not live equity or intraday drawdown",0.0,0.0,mean across entered windows; not equal-risk sizing or margin availability,467,252,0.0,0.0
NQ,flat,gross_reference,2354060058c8498ad69c397726d3d77068989c4f3a2a03df8d7cb42b93007edb,7cb821b0d97c21bf,0.0,0,0.0,0.0,1,7453d8f230dd1ef7fc361e23f107762c1d6acd102f692da6cec81296535d87ef,common complete dates,historical_final,ok,464,0.0,0.0,0.0,0.0,0,0,0.0,0.0,0.0,0.0,,0.0,"conditional complete-window sum on stated capital, not live equity or intraday drawdown",0.0,0.0,mean across entered windows; not equal-risk sizing or margin availability,464,252,0.0,0.0
NQ,flat,gross_reference,2354060058c8498ad69c397726d3d77068989c4f3a2a03df8d7cb42b93007edb,7cb821b0d97c21bf,0.0,0,0.0,0.0,1,7453d8f230dd1ef7fc361e23f107762c1d6acd102f692da6cec81296535d87ef,common complete dates,2016,ok,27,0.0,0.0,0.0,0.0,0,0,0.0,0.0,0.0,0.0,,0.0,"conditional complete-window sum on stated capital, not live equity or intraday drawdown",0.0,0.0,mean across entered windows; not equal-risk sizing or margin availability,27,252,0.0,0.0
NQ,flat,gross_reference,2354060058c8498ad69c397726d3d77068989c4f3a2a03df8d7cb42b93007edb,7cb821b0d97c21bf,0.0,0,0.0,0.0,1,7453d8f230dd1ef7fc361e23f107762c1d6acd102f692da6cec81296535d87ef,common complete dates,2017,ok,49,0.0,0.0,0.0,0.0,0,0,0.0,0.0,0.0,0.0,,0.0,"conditional complete-window sum on stated capital, not live equity or intraday drawdown",0.0,0.0,mean across entered windows; not equal-risk sizing or margin availability,49,252,0.0,0.0
NQ,flat,gross_reference,2354060058c8498ad69c397726d3d77068989c4f3a2a03df8d7cb42b93007edb,7cb821b0d97c21bf,0.0,0,0.0,0.0,1,7453d8f230dd1ef7fc361e23f107762c1d6acd102f692da6cec81296535d87ef,common complete dates,2018,ok,212,0.0,0.0,0.0,0.0,0,0,0.0,0.0,0.0,0.0,,0.0,"conditional complete-window sum on stated capital, not live equity or intraday drawdown",0.0,0.0,mean across entered windows; not equal-risk sizing or margin availability,212,252,0.0,0.0
NQ,flat,gross_reference,2354060058c8498ad69c397726d3d77068989c4f3a2a03df8d7cb42b93007edb,7cb821b0d97c21bf,0.0,0,0.0,0.0,1,7453d8f230dd1ef7fc361e23f107762c1d6acd102f692da6cec81296535d87ef,common complete dates,2019,ok,220,0.0,0.0,0.0,0.0,0,0,0.0,0.0,0.0,0.0,,0.0,"conditional complete-window sum on stated capital, not live equity or intraday drawdown",0.0,0.0,mean across entered windows; not equal-risk sizing or margin availability,220,252,0.0,0.0
NQ,flat,gross_reference,2354060058c8498ad69c397726d3d77068989c4f3a2a03df8d7cb42b93007edb,7cb821b0d97c21bf,0.0,0,0.0,0.0,1,7453d8f230dd1ef7fc361e23f107762c1d6acd102f692da6cec81296535d87ef,common complete dates,2020,ok,233,0.0,0.0,0.0,0.0,0,0,0.0,0.0,0.0,0.0,,0.0,"conditional complete-window sum on stated capital, not live equity or intraday drawdown",0.0,0.0,mean across entered windows; not equal-risk sizing or margin availability,233,252,0.0,0.0
NQ,flat,gross_reference,2354060058c8498ad69c397726d3d77068989c4f3a2a03df8d7cb42b93007edb,7cb821b0d97c21bf,0.0,0,0.0,0.0,1,7453d8f230dd1ef7fc361e23f107762c1d6acd102f692da6cec81296535d87ef,common complete dates,2021,ok,229,0.0,0.0,0.0,0.0,0,0,0.0,0.0,0.0,0.0,,0.0,"conditional complete-window sum on stated capital, not live equity or intraday drawdown",0.0,0.0,mean across entered windows; not equal-risk sizing or margin availability,229,252,0.0,0.0
NQ,flat,gross_reference,2354060058c8498ad69c397726d3d77068989c4f3a2a03df8d7cb42b93007edb,7cb821b0d97c21bf,0.0,0,0.0,0.0,1,7453d8f230dd1ef7fc361e23f107762c1d6acd102f692da6cec81296535d87ef,common complete dates,2022,ok,239,0.0,0.0,0.0,0.0,0,0,0.0,0.0,0.0,0.0,,0.0,"conditional complete-window sum on stated capital, not live equity or intraday drawdown",0.0,0.0,mean across entered windows; not equal-risk sizing or margin availability,239,252,0.0,0.0
NQ,flat,gross_reference,2354060058c8498ad69c397726d3d77068989c4f3a2a03df8d7cb42b93007edb,7cb821b0d97c21bf,0.0,0,0.0,0.0,1,7453d8f230dd1ef7fc361e23f107762c1d6acd102f692da6cec81296535d87ef,common complete dates,2023,ok,228,0.0,0.0,0.0,0.0,0,0,0.0,0.0,0.0,0.0,,0.0,"conditional complete-window sum on stated capital, not live equity or intraday drawdown",0.0,0.0,mean across entered windows; not equal-risk sizing or margin availability,228,252,0.0,0.0
NQ,flat,gross_reference,2354060058c8498ad69c397726d3d77068989c4f3a2a03df8d7cb42b93007edb,7cb821b0d97c21bf,0.0,0,0.0,0.0,1,7453d8f230dd1ef7fc361e23f107762c1d6acd102f692da6cec81296535d87ef,common complete dates,2024,ok,213,0.0,0.0,0.0,0.0,0,0,0.0,0.0,0.0,0.0,,0.0,"conditional complete-window sum on stated capital, not live equity or intraday drawdown",0.0,0.0,mean across entered windows; not equal-risk sizing or margin availability,213,252,0.0,0.0
NQ,flat,gross_reference,2354060058c8498ad69c397726d3d77068989c4f3a2a03df8d7cb42b93007edb,7cb821b0d97c21bf,0.0,0,0.0,0.0,1,7453d8f230dd1ef7fc361e23f107762c1d6acd102f692da6cec81296535d87ef,common complete dates,2025,ok,142,0.0,0.0,0.0,0.0,0,0,0.0,0.0,0.0,0.0,,0.0,"conditional complete-window sum on stated capital, not live equity or intraday drawdown",0.0,0.0,mean across entered windows; not equal-risk sizing or margin availability,142,252,0.0,0.0
NQ,flat,gross_reference,2354060058c8498ad69c397726d3d77068989c4f3a2a03df8d7cb42b93007edb,7cb821b0d97c21bf,0.0,0,0.0,0.0,1,7453d8f230dd1ef7fc361e23f107762c1d6acd102f692da6cec81296535d87ef,common complete dates,2026,ok,109,0.0,0.0,0.0,0.0,0,0,0.0,0.0,0.0,0.0,,0.0,"conditional complete-window sum on stated capital, not live equity or intraday drawdown",0.0,0.0,mean across entered windows; not equal-risk sizing or margin availability,109,252,0.0,0.0
NQ,flat,cost_stress,2354060058c8498ad69c397726d3d77068989c4f3a2a03df8d7cb42b93007edb,5ab02b24c29a251a,5.0,2,0.0,0.0,1,7453d8f230dd1ef7fc361e23f107762c1d6acd102f692da6cec81296535d87ef,common complete dates,whole,ok,1901,0.0,0.0,0.0,0.0,0,0,0.0,0.0,0.0,0.0,,0.0,"conditional complete-window sum on stated capital, not live equity or intraday drawdown",0.0,0.0,mean across entered windows; not equal-risk sizing or margin availability,1901,252,0.0,0.0
NQ,flat,cost_stress,2354060058c8498ad69c397726d3d77068989c4f3a2a03df8d7cb42b93007edb,5ab02b24c29a251a,5.0,2,0.0,0.0,1,7453d8f230dd1ef7fc361e23f107762c1d6acd102f692da6cec81296535d87ef,common complete dates,development,ok,970,0.0,0.0,0.0,0.0,0,0,0.0,0.0,0.0,0.0,,0.0,"conditional complete-window sum on stated capital, not live equity or intraday drawdown",0.0,0.0,mean across entered windows; not equal-risk sizing or margin availability,970,252,0.0,0.0
NQ,flat,cost_stress,2354060058c8498ad69c397726d3d77068989c4f3a2a03df8d7cb42b93007edb,5ab02b24c29a251a,5.0,2,0.0,0.0,1,7453d8f230dd1ef7fc361e23f107762c1d6acd102f692da6cec81296535d87ef,common complete dates,validation,ok,467,0.0,0.0,0.0,0.0,0,0,0.0,0.0,0.0,0.0,,0.0,"conditional complete-window sum on stated capital, not live equity or intraday drawdown",0.0,0.0,mean across entered windows; not equal-risk sizing or margin availability,467,252,0.0,0.0
NQ,flat,cost_stress,2354060058c8498ad69c397726d3d77068989c4f3a2a03df8d7cb42b93007edb,5ab02b24c29a251a,5.0,2,0.0,0.0,1,7453d8f230dd1ef7fc361e23f107762c1d6acd102f692da6cec81296535d87ef,common complete dates,historical_final,ok,464,0.0,0.0,0.0,0.0,0,0,0.0,0.0,0.0,0.0,,0.0,"conditional complete-window sum on stated capital, not live equity or intraday drawdown",0.0,0.0,mean across entered windows; not equal-risk sizing or margin availability,464,252,0.0,0.0
NQ,flat,cost_stress,2354060058c8498ad69c397726d3d77068989c4f3a2a03df8d7cb42b93007edb,5ab02b24c29a251a,5.0,2,0.0,0.0,1,7453d8f230dd1ef7fc361e23f107762c1d6acd102f692da6cec81296535d87ef,common complete dates,2016,ok,27,0.0,0.0,0.0,0.0,0,0,0.0,0.0,0.0,0.0,,0.0,"conditional complete-window sum on stated capital, not live equity or intraday drawdown",0.0,0.0,mean across entered windows; not equal-risk sizing or margin availability,27,252,0.0,0.0
NQ,flat,cost_stress,2354060058c8498ad69c397726d3d77068989c4f3a2a03df8d7cb42b93007edb,5ab02b24c29a251a,5.0,2,0.0,0.0,1,7453d8f230dd1ef7fc361e23f107762c1d6acd102f692da6cec81296535d87ef,common complete dates,2017,ok,49,0.0,0.0,0.0,0.0,0,0,0.0,0.0,0.0,0.0,,0.0,"conditional complete-window sum on stated capital, not live equity or intraday drawdown",0.0,0.0,mean across entered windows; not equal-risk sizing or margin availability,49,252,0.0,0.0
NQ,flat,cost_stress,2354060058c8498ad69c397726d3d77068989c4f3a2a03df8d7cb42b93007edb,5ab02b24c29a251a,5.0,2,0.0,0.0,1,7453d8f230dd1ef7fc361e23f107762c1d6acd102f692da6cec81296535d87ef,common complete dates,2018,ok,212,0.0,0.0,0.0,0.0,0,0,0.0,0.0,0.0,0.0,,0.0,"conditional complete-window sum on stated capital, not live equity or intraday drawdown",0.0,0.0,mean across entered windows; not equal-risk sizing or margin availability,212,252,0.0,0.0
NQ,flat,cost_stress,2354060058c8498ad69c397726d3d77068989c4f3a2a03df8d7cb42b93007edb,5ab02b24c29a251a,5.0,2,0.0,0.0,1,7453d8f230dd1ef7fc361e23f107762c1d6acd102f692da6cec81296535d87ef,common complete dates,2019,ok,220,0.0,0.0,0.0,0.0,0,0,0.0,0.0,0.0,0.0,,0.0,"conditional complete-window sum on stated capital, not live equity or intraday drawdown",0.0,0.0,mean across entered windows; not equal-risk sizing or margin availability,220,252,0.0,0.0
NQ,flat,cost_stress,2354060058c8498ad69c397726d3d77068989c4f3a2a03df8d7cb42b93007edb,5ab02b24c29a251a,5.0,2,0.0,0.0,1,7453d8f230dd1ef7fc361e23f107762c1d6acd102f692da6cec81296535d87ef,common complete dates,2020,ok,233,0.0,0.0,0.0,0.0,0,0,0.0,0.0,0.0,0.0,,0.0,"conditional complete-window sum on stated capital, not live equity or intraday drawdown",0.0,0.0,mean across entered windows; not equal-risk sizing or margin availability,233,252,0.0,0.0
NQ,flat,cost_stress,2354060058c8498ad69c397726d3d77068989c4f3a2a03df8d7cb42b93007edb,5ab02b24c29a251a,5.0,2,0.0,0.0,1,7453d8f230dd1ef7fc361e23f107762c1d6acd102f692da6cec81296535d87ef,common complete dates,2021,ok,229,0.0,0.0,0.0,0.0,0,0,0.0,0.0,0.0,0.0,,0.0,"conditional complete-window sum on stated capital, not live equity or intraday drawdown",0.0,0.0,mean across entered windows; not equal-risk sizing or margin availability,229,252,0.0,0.0
NQ,flat,cost_stress,2354060058c8498ad69c397726d3d77068989c4f3a2a03df8d7cb42b93007edb,5ab02b24c29a251a,5.0,2,0.0,0.0,1,7453d8f230dd1ef7fc361e23f107762c1d6acd102f692da6cec81296535d87ef,common complete dates,2022,ok,239,0.0,0.0,0.0,0.0,0,0,0.0,0.0,0.0,0.0,,0.0,"conditional complete-window sum on stated capital, not live equity or intraday drawdown",0.0,0.0,mean across entered windows; not equal-risk sizing or margin availability,239,252,0.0,0.0
NQ,flat,cost_stress,2354060058c8498ad69c397726d3d77068989c4f3a2a03df8d7cb42b93007edb,5ab02b24c29a251a,5.0,2,0.0,0.0,1,7453d8f230dd1ef7fc361e23f107762c1d6acd102f692da6cec81296535d87ef,common complete dates,2023,ok,228,0.0,0.0,0.0,0.0,0,0,0.0,0.0,0.0,0.0,,0.0,"conditional complete-window sum on stated capital, not live equity or intraday drawdown",0.0,0.0,mean across entered windows; not equal-risk sizing or margin availability,228,252,0.0,0.0
NQ,flat,cost_stress,2354060058c8498ad69c397726d3d77068989c4f3a2a03df8d7cb42b93007edb,5ab02b24c29a251a,5.0,2,0.0,0.0,1,7453d8f230dd1ef7fc361e23f107762c1d6acd102f692da6cec81296535d87ef,common complete dates,2024,ok,213,0.0,0.0,0.0,0.0,0,0,0.0,0.0,0.0,0.0,,0.0,"conditional complete-window sum on stated capital, not live equity or intraday drawdown",0.0,0.0,mean across entered windows; not equal-risk sizing or margin availability,213,252,0.0,0.0
NQ,flat,cost_stress,2354060058c8498ad69c397726d3d77068989c4f3a2a03df8d7cb42b93007edb,5ab02b24c29a251a,5.0,2,0.0,0.0,1,7453d8f230dd1ef7fc361e23f107762c1d6acd102f692da6cec81296535d87ef,common complete dates,2025,ok,142,0.0,0.0,0.0,0.0,0,0,0.0,0.0,0.0,0.0,,0.0,"conditional complete-window sum on stated capital, not live equity or intraday drawdown",0.0,0.0,mean across entered windows; not equal-risk sizing or margin availability,142,252,0.0,0.0
NQ,flat,cost_stress,2354060058c8498ad69c397726d3d77068989c4f3a2a03df8d7cb42b93007edb,5ab02b24c29a251a,5.0,2,0.0,0.0,1,7453d8f230dd1ef7fc361e23f107762c1d6acd102f692da6cec81296535d87ef,common complete dates,2026,ok,109,0.0,0.0,0.0,0.0,0,0,0.0,0.0,0.0,0.0,,0.0,"conditional complete-window sum on stated capital, not live equity or intraday drawdown",0.0,0.0,mean across entered windows; not equal-risk sizing or margin availability,109,252,0.0,0.0
NQ,flat,delay_stress,2354060058c8498ad69c397726d3d77068989c4f3a2a03df8d7cb42b93007edb,22a9463b57853576,2.5,1,0.0,0.0,5,7453d8f230dd1ef7fc361e23f107762c1d6acd102f692da6cec81296535d87ef,common complete dates,whole,ok,1901,0.0,0.0,0.0,0.0,0,0,0.0,0.0,0.0,0.0,,0.0,"conditional complete-window sum on stated capital, not live equity or intraday drawdown",0.0,0.0,mean across entered windows; not equal-risk sizing or margin availability,1901,252,0.0,0.0
NQ,flat,delay_stress,2354060058c8498ad69c397726d3d77068989c4f3a2a03df8d7cb42b93007edb,22a9463b57853576,2.5,1,0.0,0.0,5,7453d8f230dd1ef7fc361e23f107762c1d6acd102f692da6cec81296535d87ef,common complete dates,development,ok,970,0.0,0.0,0.0,0.0,0,0,0.0,0.0,0.0,0.0,,0.0,"conditional complete-window sum on stated capital, not live equity or intraday drawdown",0.0,0.0,mean across entered windows; not equal-risk sizing or margin availability,970,252,0.0,0.0
NQ,flat,delay_stress,2354060058c8498ad69c397726d3d77068989c4f3a2a03df8d7cb42b93007edb,22a9463b57853576,2.5,1,0.0,0.0,5,7453d8f230dd1ef7fc361e23f107762c1d6acd102f692da6cec81296535d87ef,common complete dates,validation,ok,467,0.0,0.0,0.0,0.0,0,0,0.0,0.0,0.0,0.0,,0.0,"conditional complete-window sum on stated capital, not live equity or intraday drawdown",0.0,0.0,mean across entered windows; not equal-risk sizing or margin availability,467,252,0.0,0.0
NQ,flat,delay_stress,2354060058c8498ad69c397726d3d77068989c4f3a2a03df8d7cb42b93007edb,22a9463b57853576,2.5,1,0.0,0.0,5,7453d8f230dd1ef7fc361e23f107762c1d6acd102f692da6cec81296535d87ef,common complete dates,historical_final,ok,464,0.0,0.0,0.0,0.0,0,0,0.0,0.0,0.0,0.0,,0.0,"conditional complete-window sum on stated capital, not live equity or intraday drawdown",0.0,0.0,mean across entered windows; not equal-risk sizing or margin availability,464,252,0.0,0.0
NQ,flat,delay_stress,2354060058c8498ad69c397726d3d77068989c4f3a2a03df8d7cb42b93007edb,22a9463b57853576,2.5,1,0.0,0.0,5,7453d8f230dd1ef7fc361e23f107762c1d6acd102f692da6cec81296535d87ef,common complete dates,2016,ok,27,0.0,0.0,0.0,0.0,0,0,0.0,0.0,0.0,0.0,,0.0,"conditional complete-window sum on stated capital, not live equity or intraday drawdown",0.0,0.0,mean across entered windows; not equal-risk sizing or margin availability,27,252,0.0,0.0
NQ,flat,delay_stress,2354060058c8498ad69c397726d3d77068989c4f3a2a03df8d7cb42b93007edb,22a9463b57853576,2.5,1,0.0,0.0,5,7453d8f230dd1ef7fc361e23f107762c1d6acd102f692da6cec81296535d87ef,common complete dates,2017,ok,49,0.0,0.0,0.0,0.0,0,0,0.0,0.0,0.0,0.0,,0.0,"conditional complete-window sum on stated capital, not live equity or intraday drawdown",0.0,0.0,mean across entered windows; not equal-risk sizing or margin availability,49,252,0.0,0.0
NQ,flat,delay_stress,2354060058c8498ad69c397726d3d77068989c4f3a2a03df8d7cb42b93007edb,22a9463b57853576,2.5,1,0.0,0.0,5,7453d8f230dd1ef7fc361e23f107762c1d6acd102f692da6cec81296535d87ef,common complete dates,2018,ok,212,0.0,0.0,0.0,0.0,0,0,0.0,0.0,0.0,0.0,,0.0,"conditional complete-window sum on stated capital, not live equity or intraday drawdown",0.0,0.0,mean across entered windows; not equal-risk sizing or margin availability,212,252,0.0,0.0
NQ,flat,delay_stress,2354060058c8498ad69c397726d3d77068989c4f3a2a03df8d7cb42b93007edb,22a9463b57853576,2.5,1,0.0,0.0,5,7453d8f230dd1ef7fc361e23f107762c1d6acd102f692da6cec81296535d87ef,common complete dates,2019,ok,220,0.0,0.0,0.0,0.0,0,0,0.0,0.0,0.0,0.0,,0.0,"conditional complete-window sum on stated capital, not live equity or intraday drawdown",0.0,0.0,mean across entered windows; not equal-risk sizing or margin availability,220,252,0.0,0.0
NQ,flat,delay_stress,2354060058c8498ad69c397726d3d77068989c4f3a2a03df8d7cb42b93007edb,22a9463b57853576,2.5,1,0.0,0.0,5,7453d8f230dd1ef7fc361e23f107762c1d6acd102f692da6cec81296535d87ef,common complete dates,2020,ok,233,0.0,0.0,0.0,0.0,0,0,0.0,0.0,0.0,0.0,,0.0,"conditional complete-window sum on stated capital, not live equity or intraday drawdown",0.0,0.0,mean across entered windows; not equal-risk sizing or margin availability,233,252,0.0,0.0
NQ,flat,delay_stress,2354060058c8498ad69c397726d3d77068989c4f3a2a03df8d7cb42b93007edb,22a9463b57853576,2.5,1,0.0,0.0,5,7453d8f230dd1ef7fc361e23f107762c1d6acd102f692da6cec81296535d87ef,common complete dates,2021,ok,229,0.0,0.0,0.0,0.0,0,0,0.0,0.0,0.0,0.0,,0.0,"conditional complete-window sum on stated capital, not live equity or intraday drawdown",0.0,0.0,mean across entered windows; not equal-risk sizing or margin availability,229,252,0.0,0.0
NQ,flat,delay_stress,2354060058c8498ad69c397726d3d77068989c4f3a2a03df8d7cb42b93007edb,22a9463b57853576,2.5,1,0.0,0.0,5,7453d8f230dd1ef7fc361e23f107762c1d6acd102f692da6cec81296535d87ef,common complete dates,2022,ok,239,0.0,0.0,0.0,0.0,0,0,0.0,0.0,0.0,0.0,,0.0,"conditional complete-window sum on stated capital, not live equity or intraday drawdown",0.0,0.0,mean across entered windows; not equal-risk sizing or margin availability,239,252,0.0,0.0
NQ,flat,delay_stress,2354060058c8498ad69c397726d3d77068989c4f3a2a03df8d7cb42b93007edb,22a9463b57853576,2.5,1,0.0,0.0,5,7453d8f230dd1ef7fc361e23f107762c1d6acd102f692da6cec81296535d87ef,common complete dates,2023,ok,228,0.0,0.0,0.0,0.0,0,0,0.0,0.0,0.0,0.0,,0.0,"conditional complete-window sum on stated capital, not live equity or intraday drawdown",0.0,0.0,mean across entered windows; not equal-risk sizing or margin availability,228,252,0.0,0.0
NQ,flat,delay_stress,2354060058c8498ad69c397726d3d77068989c4f3a2a03df8d7cb42b93007edb,22a9463b57853576,2.5,1,0.0,0.0,5,7453d8f230dd1ef7fc361e23f107762c1d6acd102f692da6cec81296535d87ef,common complete dates,2024,ok,213,0.0,0.0,0.0,0.0,0,0,0.0,0.0,0.0,0.0,,0.0,"conditional complete-window sum on stated capital, not live equity or intraday drawdown",0.0,0.0,mean across entered windows; not equal-risk sizing or margin availability,213,252,0.0,0.0
NQ,flat,delay_stress,2354060058c8498ad69c397726d3d77068989c4f3a2a03df8d7cb42b93007edb,22a9463b57853576,2.5,1,0.0,0.0,5,7453d8f230dd1ef7fc361e23f107762c1d6acd102f692da6cec81296535d87ef,common complete dates,2025,ok,142,0.0,0.0,0.0,0.0,0,0,0.0,0.0,0.0,0.0,,0.0,"conditional complete-window sum on stated capital, not live equity or intraday drawdown",0.0,0.0,mean across entered windows; not equal-risk sizing or margin availability,142,252,0.0,0.0
NQ,flat,delay_stress,2354060058c8498ad69c397726d3d77068989c4f3a2a03df8d7cb42b93007edb,22a9463b57853576,2.5,1,0.0,0.0,5,7453d8f230dd1ef7fc361e23f107762c1d6acd102f692da6cec81296535d87ef,common complete dates,2026,ok,109,0.0,0.0,0.0,0.0,0,0,0.0,0.0,0.0,0.0,,0.0,"conditional complete-window sum on stated capital, not live equity or intraday drawdown",0.0,0.0,mean across entered windows; not equal-risk sizing or margin availability,109,252,0.0,0.0
NQ,flat,combined_stress,2354060058c8498ad69c397726d3d77068989c4f3a2a03df8d7cb42b93007edb,cbbecc13fdc60c63,5.0,2,0.0,0.0,5,7453d8f230dd1ef7fc361e23f107762c1d6acd102f692da6cec81296535d87ef,common complete dates,whole,ok,1901,0.0,0.0,0.0,0.0,0,0,0.0,0.0,0.0,0.0,,0.0,"conditional complete-window sum on stated capital, not live equity or intraday drawdown",0.0,0.0,mean across entered windows; not equal-risk sizing or margin availability,1901,252,0.0,0.0
NQ,flat,combined_stress,2354060058c8498ad69c397726d3d77068989c4f3a2a03df8d7cb42b93007edb,cbbecc13fdc60c63,5.0,2,0.0,0.0,5,7453d8f230dd1ef7fc361e23f107762c1d6acd102f692da6cec81296535d87ef,common complete dates,development,ok,970,0.0,0.0,0.0,0.0,0,0,0.0,0.0,0.0,0.0,,0.0,"conditional complete-window sum on stated capital, not live equity or intraday drawdown",0.0,0.0,mean across entered windows; not equal-risk sizing or margin availability,970,252,0.0,0.0
NQ,flat,combined_stress,2354060058c8498ad69c397726d3d77068989c4f3a2a03df8d7cb42b93007edb,cbbecc13fdc60c63,5.0,2,0.0,0.0,5,7453d8f230dd1ef7fc361e23f107762c1d6acd102f692da6cec81296535d87ef,common complete dates,validation,ok,467,0.0,0.0,0.0,0.0,0,0,0.0,0.0,0.0,0.0,,0.0,"conditional complete-window sum on stated capital, not live equity or intraday drawdown",0.0,0.0,mean across entered windows; not equal-risk sizing or margin availability,467,252,0.0,0.0
NQ,flat,combined_stress,2354060058c8498ad69c397726d3d77068989c4f3a2a03df8d7cb42b93007edb,cbbecc13fdc60c63,5.0,2,0.0,0.0,5,7453d8f230dd1ef7fc361e23f107762c1d6acd102f692da6cec81296535d87ef,common complete dates,historical_final,ok,464,0.0,0.0,0.0,0.0,0,0,0.0,0.0,0.0,0.0,,0.0,"conditional complete-window sum on stated capital, not live equity or intraday drawdown",0.0,0.0,mean across entered windows; not equal-risk sizing or margin availability,464,252,0.0,0.0
NQ,flat,combined_stress,2354060058c8498ad69c397726d3d77068989c4f3a2a03df8d7cb42b93007edb,cbbecc13fdc60c63,5.0,2,0.0,0.0,5,7453d8f230dd1ef7fc361e23f107762c1d6acd102f692da6cec81296535d87ef,common complete dates,2016,ok,27,0.0,0.0,0.0,0.0,0,0,0.0,0.0,0.0,0.0,,0.0,"conditional complete-window sum on stated capital, not live equity or intraday drawdown",0.0,0.0,mean across entered windows; not equal-risk sizing or margin availability,27,252,0.0,0.0
NQ,flat,combined_stress,2354060058c8498ad69c397726d3d77068989c4f3a2a03df8d7cb42b93007edb,cbbecc13fdc60c63,5.0,2,0.0,0.0,5,7453d8f230dd1ef7fc361e23f107762c1d6acd102f692da6cec81296535d87ef,common complete dates,2017,ok,49,0.0,0.0,0.0,0.0,0,0,0.0,0.0,0.0,0.0,,0.0,"conditional complete-window sum on stated capital, not live equity or intraday drawdown",0.0,0.0,mean across entered windows; not equal-risk sizing or margin availability,49,252,0.0,0.0
NQ,flat,combined_stress,2354060058c8498ad69c397726d3d77068989c4f3a2a03df8d7cb42b93007edb,cbbecc13fdc60c63,5.0,2,0.0,0.0,5,7453d8f230dd1ef7fc361e23f107762c1d6acd102f692da6cec81296535d87ef,common complete dates,2018,ok,212,0.0,0.0,0.0,0.0,0,0,0.0,0.0,0.0,0.0,,0.0,"conditional complete-window sum on stated capital, not live equity or intraday drawdown",0.0,0.0,mean across entered windows; not equal-risk sizing or margin availability,212,252,0.0,0.0
NQ,flat,combined_stress,2354060058c8498ad69c397726d3d77068989c4f3a2a03df8d7cb42b93007edb,cbbecc13fdc60c63,5.0,2,0.0,0.0,5,7453d8f230dd1ef7fc361e23f107762c1d6acd102f692da6cec81296535d87ef,common complete dates,2019,ok,220,0.0,0.0,0.0,0.0,0,0,0.0,0.0,0.0,0.0,,0.0,"conditional complete-window sum on stated capital, not live equity or intraday drawdown",0.0,0.0,mean across entered windows; not equal-risk sizing or margin availability,220,252,0.0,0.0
NQ,flat,combined_stress,2354060058c8498ad69c397726d3d77068989c4f3a2a03df8d7cb42b93007edb,cbbecc13fdc60c63,5.0,2,0.0,0.0,5,7453d8f230dd1ef7fc361e23f107762c1d6acd102f692da6cec81296535d87ef,common complete dates,2020,ok,233,0.0,0.0,0.0,0.0,0,0,0.0,0.0,0.0,0.0,,0.0,"conditional complete-window sum on stated capital, not live equity or intraday drawdown",0.0,0.0,mean across entered windows; not equal-risk sizing or margin availability,233,252,0.0,0.0
NQ,flat,combined_stress,2354060058c8498ad69c397726d3d77068989c4f3a2a03df8d7cb42b93007edb,cbbecc13fdc60c63,5.0,2,0.0,0.0,5,7453d8f230dd1ef7fc361e23f107762c1d6acd102f692da6cec81296535d87ef,common complete dates,2021,ok,229,0.0,0.0,0.0,0.0,0,0,0.0,0.0,0.0,0.0,,0.0,"conditional complete-window sum on stated capital, not live equity or intraday drawdown",0.0,0.0,mean across entered windows; not equal-risk sizing or margin availability,229,252,0.0,0.0
NQ,flat,combined_stress,2354060058c8498ad69c397726d3d77068989c4f3a2a03df8d7cb42b93007edb,cbbecc13fdc60c63,5.0,2,0.0,0.0,5,7453d8f230dd1ef7fc361e23f107762c1d6acd102f692da6cec81296535d87ef,common complete dates,2022,ok,239,0.0,0.0,0.0,0.0,0,0,0.0,0.0,0.0,0.0,,0.0,"conditional complete-window sum on stated capital, not live equity or intraday drawdown",0.0,0.0,mean across entered windows; not equal-risk sizing or margin availability,239,252,0.0,0.0
NQ,flat,combined_stress,2354060058c8498ad69c397726d3d77068989c4f3a2a03df8d7cb42b93007edb,cbbecc13fdc60c63,5.0,2,0.0,0.0,5,7453d8f230dd1ef7fc361e23f107762c1d6acd102f692da6cec81296535d87ef,common complete dates,2023,ok,228,0.0,0.0,0.0,0.0,0,0,0.0,0.0,0.0,0.0,,0.0,"conditional complete-window sum on stated capital, not live equity or intraday drawdown",0.0,0.0,mean across entered windows; not equal-risk sizing or margin availability,228,252,0.0,0.0
NQ,flat,combined_stress,2354060058c8498ad69c397726d3d77068989c4f3a2a03df8d7cb42b93007edb,cbbecc13fdc60c63,5.0,2,0.0,0.0,5,7453d8f230dd1ef7fc361e23f107762c1d6acd102f692da6cec81296535d87ef,common complete dates,2024,ok,213,0.0,0.0,0.0,0.0,0,0,0.0,0.0,0.0,0.0,,0.0,"conditional complete-window sum on stated capital, not live equity or intraday drawdown",0.0,0.0,mean across entered windows; not equal-risk sizing or margin availability,213,252,0.0,0.0
NQ,flat,combined_stress,2354060058c8498ad69c397726d3d77068989c4f3a2a03df8d7cb42b93007edb,cbbecc13fdc60c63,5.0,2,0.0,0.0,5,7453d8f230dd1ef7fc361e23f107762c1d6acd102f692da6cec81296535d87ef,common complete dates,2025,ok,142,0.0,0.0,0.0,0.0,0,0,0.0,0.0,0.0,0.0,,0.0,"conditional complete-window sum on stated capital, not live equity or intraday drawdown",0.0,0.0,mean across entered windows; not equal-risk sizing or margin availability,142,252,0.0,0.0
NQ,flat,combined_stress,2354060058c8498ad69c397726d3d77068989c4f3a2a03df8d7cb42b93007edb,cbbecc13fdc60c63,5.0,2,0.0,0.0,5,7453d8f230dd1ef7fc361e23f107762c1d6acd102f692da6cec81296535d87ef,common complete dates,2026,ok,109,0.0,0.0,0.0,0.0,0,0,0.0,0.0,0.0,0.0,,0.0,"conditional complete-window sum on stated capital, not live equity or intraday drawdown",0.0,0.0,mean across entered windows; not equal-risk sizing or margin availability,109,252,0.0,0.0
NQ,intraday_long,base,2354060058c8498ad69c397726d3d77068989c4f3a2a03df8d7cb42b93007edb,9006fc3211f4396b,2.5,1,0.0,0.0,1,7453d8f230dd1ef7fc361e23f107762c1d6acd102f692da6cec81296535d87ef,common complete dates,whole,ok,1901,-30310.0,-58825.0,9505.0,19010.0,1901,3802,-0.58825,-30.944239873750657,-0.07797948448185166,0.15239406708691566,-0.5116963276357553,-0.7523510971786834,"conditional complete-window sum on stated capital, not live equity or intraday drawdown",0.7083333333333334,270266.69910573383,mean across entered windows; not equal-risk sizing or margin availability,1901,252,0.0,0.0
NQ,intraday_long,base,2354060058c8498ad69c397726d3d77068989c4f3a2a03df8d7cb42b93007edb,9006fc3211f4396b,2.5,1,0.0,0.0,1,7453d8f230dd1ef7fc361e23f107762c1d6acd102f692da6cec81296535d87ef,common complete dates,development,ok,970,-3030.0,-17580.0,4850.0,9700.0,970,1940,-0.1758,-18.123711340206185,-0.04567175257731959,0.10336078169632845,-0.44186732944321305,-0.23854306612927303,"conditional complete-window sum on stated capital, not live equity or intraday drawdown",0.7083333333333334,191156.6443298969,mean across entered windows; not equal-risk sizing or margin availability,970,252,0.0,0.0
NQ,intraday_long,base,2354060058c8498ad69c397726d3d77068989c4f3a2a03df8d7cb42b93007edb,9006fc3211f4396b,2.5,1,0.0,0.0,1,7453d8f230dd1ef7fc361e23f107762c1d6acd102f692da6cec81296535d87ef,common complete dates,validation,ok,467,-7365.0,-14370.0,2335.0,4670.0,467,934,-0.1437,-30.77087794432548,-0.07754261241970022,0.14787669703128548,-0.5243734406868374,-0.24334687542794542,"conditional complete-window sum on stated capital, not live equity or intraday drawdown",0.7083333333333334,269693.74732334045,mean across entered windows; not equal-risk sizing or margin availability,467,252,0.0,0.0
NQ,intraday_long,base,2354060058c8498ad69c397726d3d77068989c4f3a2a03df8d7cb42b93007edb,9006fc3211f4396b,2.5,1,0.0,0.0,1,7453d8f230dd1ef7fc361e23f107762c1d6acd102f692da6cec81296535d87ef,common complete dates,historical_final,ok,464,-19915.0,-26875.0,2320.0,4640.0,464,928,-0.26875,-57.92025862068966,-0.14595905172413795,0.22562825077607254,-0.6469006040781513,-0.4461875761266748,"conditional complete-window sum on stated capital, not live equity or intraday drawdown",0.7083333333333334,436224.2887931034,mean across entered windows; not equal-risk sizing or margin availability,464,252,0.0,0.0
NQ,intraday_long,base,2354060058c8498ad69c397726d3d77068989c4f3a2a03df8d7cb42b93007edb,9006fc3211f4396b,2.5,1,0.0,0.0,1,7453d8f230dd1ef7fc361e23f107762c1d6acd102f692da6cec81296535d87ef,common complete dates,2016,ok,27,-1280.0,-1685.0,135.0,270.0,27,54,-0.01685,-62.407407407407405,-0.15726666666666667,0.02937062024086882,-5.354557220001511,-0.02159526297457332,"conditional complete-window sum on stated capital, not live equity or intraday drawdown",0.7083333333333334,95848.70370370371,mean across entered windows; not equal-risk sizing or margin availability,27,252,0.0,0.0
NQ,intraday_long,base,2354060058c8498ad69c397726d3d77068989c4f3a2a03df8d7cb42b93007edb,9006fc3211f4396b,2.5,1,0.0,0.0,1,7453d8f230dd1ef7fc361e23f107762c1d6acd102f692da6cec81296535d87ef,common complete dates,2017,ok,49,1350.0,615.0,245.0,490.0,49,98,0.00615,12.551020408163266,0.03162857142857143,0.03360942151072693,0.9410626546629706,-0.008578125779262879,"conditional complete-window sum on stated capital, not live equity or intraday drawdown",0.7083333333333334,117987.24489795919,mean across entered windows; not equal-risk sizing or margin availability,49,252,0.0,0.0
NQ,intraday_long,base,2354060058c8498ad69c397726d3d77068989c4f3a2a03df8d7cb42b93007edb,9006fc3211f4396b,2.5,1,0.0,0.0,1,7453d8f230dd1ef7fc361e23f107762c1d6acd102f692da6cec81296535d87ef,common complete dates,2018,ok,212,1320.0,-1860.0,1060.0,2120.0,212,424,-0.0186,-8.773584905660377,-0.022109433962264148,0.0751568219708612,-0.2941773398938572,-0.08161953727506427,"conditional complete-window sum on stated capital, not live equity or intraday drawdown",0.7083333333333334,139773.41981132075,mean across entered windows; not equal-risk sizing or margin availability,212,252,0.0,0.0
NQ,intraday_long,base,2354060058c8498ad69c397726d3d77068989c4f3a2a03df8d7cb42b93007edb,9006fc3211f4396b,2.5,1,0.0,0.0,1,7453d8f230dd1ef7fc361e23f107762c1d6acd102f692da6cec81296535d87ef,common complete dates,2019,ok,220,1440.0,-1860.0,1100.0,2200.0,220,440,-0.0186,-8.454545454545455,-0.021305454545454548,0.054688784027267165,-0.38957630754474093,-0.057608695652173914,"conditional complete-window sum on stated capital, not live equity or intraday drawdown",0.7083333333333334,151388.02272727274,mean across entered windows; not equal-risk sizing or margin availability,220,252,0.0,0.0
NQ,intraday_long,base,2354060058c8498ad69c397726d3d77068989c4f3a2a03df8d7cb42b93007edb,9006fc3211f4396b,2.5,1,0.0,0.0,1,7453d8f230dd1ef7fc361e23f107762c1d6acd102f692da6cec81296535d87ef,common complete dates,2020,ok,233,195.0,-3300.0,1165.0,2330.0,233,466,-0.033,-14.163090128755364,-0.035690987124463516,0.14785910723505902,-0.24138511175861338,-0.16986597280180668,"conditional complete-window sum on stated capital, not live equity or intraday drawdown",0.7083333333333334,205794.12017167383,mean across entered windows; not equal-risk sizing or margin availability,233,252,0.0,0.0
NQ,intraday_long,base,2354060058c8498ad69c397726d3d77068989c4f3a2a03df8d7cb42b93007edb,9006fc3211f4396b,2.5,1,0.0,0.0,1,7453d8f230dd1ef7fc361e23f107762c1d6acd102f692da6cec81296535d87ef,common complete dates,2021,ok,229,-6055.0,-9490.0,1145.0,2290.0,229,458,-0.0949,-41.4410480349345,-0.10443144104803494,0.12121468912933646,-0.8615411366241781,-0.16817422082391112,"conditional complete-window sum on stated capital, not live equity or intraday drawdown",0.7083333333333334,288931.4192139738,mean across entered windows; not equal-risk sizing or margin availability,229,252,0.0,0.0
NQ,intraday_long,base,2354060058c8498ad69c397726d3d77068989c4f3a2a03df8d7cb42b93007edb,9006fc3211f4396b,2.5,1,0.0,0.0,1,7453d8f230dd1ef7fc361e23f107762c1d6acd102f692da6cec81296535d87ef,common complete dates,2022,ok,239,-1455.0,-5040.0,1195.0,2390.0,239,478,-0.0504,-21.08786610878661,-0.05314142259414226,0.17700332513969755,-0.300228385835131,-0.1795316565481353,"conditional complete-window sum on stated capital, not live equity or intraday drawdown",0.7083333333333334,256703.4518828452,mean across entered windows; not equal-risk sizing or margin availability,239,252,0.0,0.0
NQ,intraday_long,base,2354060058c8498ad69c397726d3d77068989c4f3a2a03df8d7cb42b93007edb,9006fc3211f4396b,2.5,1,0.0,0.0,1,7453d8f230dd1ef7fc361e23f107762c1d6acd102f692da6cec81296535d87ef,common complete dates,2023,ok,228,-5910.0,-9330.0,1140.0,2280.0,228,456,-0.0933,-40.921052631578945,-0.10312105263157895,0.1097157795041366,-0.9398926307376869,-0.145287512759442,"conditional complete-window sum on stated capital, not live equity or intraday drawdown",0.7083333333333334,283310.76754385966,mean across entered windows; not equal-risk sizing or margin availability,228,252,0.0,0.0
NQ,intraday_long,base,2354060058c8498ad69c397726d3d77068989c4f3a2a03df8d7cb42b93007edb,9006fc3211f4396b,2.5,1,0.0,0.0,1,7453d8f230dd1ef7fc361e23f107762c1d6acd102f692da6cec81296535d87ef,common complete dates,2024,ok,213,-5390.0,-8585.0,1065.0,2130.0,213,426,-0.08585,-40.305164319248824,-0.10156901408450704,0.1366272143762418,-0.7434025098748479,-0.11444579780755176,"conditional complete-window sum on stated capital, not live equity or intraday drawdown",0.7083333333333334,381276.5023474178,mean across entered windows; not equal-risk sizing or margin availability,213,252,0.0,0.0
NQ,intraday_long,base,2354060058c8498ad69c397726d3d77068989c4f3a2a03df8d7cb42b93007edb,9006fc3211f4396b,2.5,1,0.0,0.0,1,7453d8f230dd1ef7fc361e23f107762c1d6acd102f692da6cec81296535d87ef,common complete dates,2025,ok,142,-23535.0,-25665.0,710.0,1420.0,142,284,-0.25665,-180.7394366197183,-0.4554633802816901,0.2756492235099461,-1.6523296328649224,-0.29221613901452037,"conditional complete-window sum on stated capital, not live equity or intraday drawdown",0.7083333333333334,441346.72535211267,mean across entered windows; not equal-risk sizing or margin availability,142,252,0.0,0.0
NQ,intraday_long,base,2354060058c8498ad69c397726d3d77068989c4f3a2a03df8d7cb42b93007edb,9006fc3211f4396b,2.5,1,0.0,0.0,1,7453d8f230dd1ef7fc361e23f107762c1d6acd102f692da6cec81296535d87ef,common complete dates,2026,ok,109,9010.0,7375.0,545.0,1090.0,109,218,0.07375,67.66055045871559,0.1705045871559633,0.28545863676328365,0.597300502409931,-0.12903996940141518,"conditional complete-window sum on stated capital, not live equity or intraday drawdown",0.7083333333333334,536926.0550458715,mean across entered windows; not equal-risk sizing or margin availability,109,252,0.0,0.0
NQ,intraday_long,gross_reference,2354060058c8498ad69c397726d3d77068989c4f3a2a03df8d7cb42b93007edb,234926be0d5e87e7,0.0,0,0.0,0.0,1,7453d8f230dd1ef7fc361e23f107762c1d6acd102f692da6cec81296535d87ef,common complete dates,whole,ok,1901,-30310.0,-30310.0,0.0,0.0,1901,3802,-0.3031,-15.944239873750657,-0.04017948448185166,0.15239406708691566,-0.2636551753614916,-0.507810320781032,"conditional complete-window sum on stated capital, not live equity or intraday drawdown",0.7083333333333334,270266.69910573383,mean across entered windows; not equal-risk sizing or margin availability,1901,252,0.0,0.0
NQ,intraday_long,gross_reference,2354060058c8498ad69c397726d3d77068989c4f3a2a03df8d7cb42b93007edb,234926be0d5e87e7,0.0,0,0.0,0.0,1,7453d8f230dd1ef7fc361e23f107762c1d6acd102f692da6cec81296535d87ef,common complete dates,development,ok,970,-3030.0,-3030.0,0.0,0.0,970,1940,-0.0303,-3.1237113402061856,-0.007871752577319587,0.10336078169632845,-0.07615802094499063,-0.16219425314652103,"conditional complete-window sum on stated capital, not live equity or intraday drawdown",0.7083333333333334,191156.6443298969,mean across entered windows; not equal-risk sizing or margin availability,970,252,0.0,0.0
NQ,intraday_long,gross_reference,2354060058c8498ad69c397726d3d77068989c4f3a2a03df8d7cb42b93007edb,234926be0d5e87e7,0.0,0,0.0,0.0,1,7453d8f230dd1ef7fc361e23f107762c1d6acd102f692da6cec81296535d87ef,common complete dates,validation,ok,467,-7365.0,-7365.0,0.0,0.0,467,934,-0.07365,-15.770877944325482,-0.039742612419700216,0.14787669703128548,-0.268755072418828,-0.1934739319333816,"conditional complete-window sum on stated capital, not live equity or intraday drawdown",0.7083333333333334,269693.74732334045,mean across entered windows; not equal-risk sizing or margin availability,467,252,0.0,0.0
NQ,intraday_long,gross_reference,2354060058c8498ad69c397726d3d77068989c4f3a2a03df8d7cb42b93007edb,234926be0d5e87e7,0.0,0,0.0,0.0,1,7453d8f230dd1ef7fc361e23f107762c1d6acd102f692da6cec81296535d87ef,common complete dates,historical_final,ok,464,-19915.0,-19915.0,0.0,0.0,464,928,-0.19915,-42.92025862068966,-0.10815905172413794,0.22562825077607254,-0.47936839182200497,-0.39587904225889536,"conditional complete-window sum on stated capital, not live equity or intraday drawdown",0.7083333333333334,436224.2887931034,mean across entered windows; not equal-risk sizing or margin availability,464,252,0.0,0.0
NQ,intraday_long,gross_reference,2354060058c8498ad69c397726d3d77068989c4f3a2a03df8d7cb42b93007edb,234926be0d5e87e7,0.0,0,0.0,0.0,1,7453d8f230dd1ef7fc361e23f107762c1d6acd102f692da6cec81296535d87ef,common complete dates,2016,ok,27,-1280.0,-1280.0,0.0,0.0,27,54,-0.0128,-47.407407407407405,-0.11946666666666665,0.02937062024086882,-4.0675568199418,-0.0196136848900144,"conditional complete-window sum on stated capital, not live equity or intraday drawdown",0.7083333333333334,95848.70370370371,mean across entered windows; not equal-risk sizing or margin availability,27,252,0.0,0.0
NQ,intraday_long,gross_reference,2354060058c8498ad69c397726d3d77068989c4f3a2a03df8d7cb42b93007edb,234926be0d5e87e7,0.0,0,0.0,0.0,1,7453d8f230dd1ef7fc361e23f107762c1d6acd102f692da6cec81296535d87ef,common complete dates,2017,ok,49,1350.0,1350.0,0.0,0.0,49,98,0.0135,27.551020408163264,0.06942857142857142,0.03360942151072693,2.0657472907235936,-0.007807837676546648,"conditional complete-window sum on stated capital, not live equity or intraday drawdown",0.7083333333333334,117987.24489795919,mean across entered windows; not equal-risk sizing or margin availability,49,252,0.0,0.0
NQ,intraday_long,gross_reference,2354060058c8498ad69c397726d3d77068989c4f3a2a03df8d7cb42b93007edb,234926be0d5e87e7,0.0,0,0.0,0.0,1,7453d8f230dd1ef7fc361e23f107762c1d6acd102f692da6cec81296535d87ef,common complete dates,2018,ok,212,1320.0,1320.0,0.0,0.0,212,424,0.0132,6.226415094339623,0.01569056603773585,0.0751568219708612,0.20877101540854384,-0.07821752862218713,"conditional complete-window sum on stated capital, not live equity or intraday drawdown",0.7083333333333334,139773.41981132075,mean across entered windows; not equal-risk sizing or margin availability,212,252,0.0,0.0
NQ,intraday_long,gross_reference,2354060058c8498ad69c397726d3d77068989c4f3a2a03df8d7cb42b93007edb,234926be0d5e87e7,0.0,0,0.0,0.0,1,7453d8f230dd1ef7fc361e23f107762c1d6acd102f692da6cec81296535d87ef,common complete dates,2019,ok,220,1440.0,1440.0,0.0,0.0,220,440,0.0144,6.545454545454546,0.016494545454545456,0.054688784027267165,0.3016074639056059,-0.047412109375,"conditional complete-window sum on stated capital, not live equity or intraday drawdown",0.7083333333333334,151388.02272727274,mean across entered windows; not equal-risk sizing or margin availability,220,252,0.0,0.0
NQ,intraday_long,gross_reference,2354060058c8498ad69c397726d3d77068989c4f3a2a03df8d7cb42b93007edb,234926be0d5e87e7,0.0,0,0.0,0.0,1,7453d8f230dd1ef7fc361e23f107762c1d6acd102f692da6cec81296535d87ef,common complete dates,2020,ok,233,195.0,195.0,0.0,0.0,233,466,0.00195,0.8369098712446352,0.002109012875536481,0.14785910723505902,0.014263665694827156,-0.16667480111279223,"conditional complete-window sum on stated capital, not live equity or intraday drawdown",0.7083333333333334,205794.12017167383,mean across entered windows; not equal-risk sizing or margin availability,233,252,0.0,0.0
NQ,intraday_long,gross_reference,2354060058c8498ad69c397726d3d77068989c4f3a2a03df8d7cb42b93007edb,234926be0d5e87e7,0.0,0,0.0,0.0,1,7453d8f230dd1ef7fc361e23f107762c1d6acd102f692da6cec81296535d87ef,common complete dates,2021,ok,229,-6055.0,-6055.0,0.0,0.0,229,458,-0.06055,-26.441048034934497,-0.06663144104803494,0.12121468912933646,-0.5496977431253318,-0.14670907756300464,"conditional complete-window sum on stated capital, not live equity or intraday drawdown",0.7083333333333334,288931.4192139738,mean across entered windows; not equal-risk sizing or margin availability,229,252,0.0,0.0
NQ,intraday_long,gross_reference,2354060058c8498ad69c397726d3d77068989c4f3a2a03df8d7cb42b93007edb,234926be0d5e87e7,0.0,0,0.0,0.0,1,7453d8f230dd1ef7fc361e23f107762c1d6acd102f692da6cec81296535d87ef,common complete dates,2022,ok,239,-1455.0,-1455.0,0.0,0.0,239,478,-0.01455,-6.087866108786611,-0.015341422594142258,0.17700332513969755,-0.086673075672642,-0.16197501810282405,"conditional complete-window sum on stated capital, not live equity or intraday drawdown",0.7083333333333334,256703.4518828452,mean across entered windows; not equal-risk sizing or margin availability,239,252,0.0,0.0
NQ,intraday_long,gross_reference,2354060058c8498ad69c397726d3d77068989c4f3a2a03df8d7cb42b93007edb,234926be0d5e87e7,0.0,0,0.0,0.0,1,7453d8f230dd1ef7fc361e23f107762c1d6acd102f692da6cec81296535d87ef,common complete dates,2023,ok,228,-5910.0,-5910.0,0.0,0.0,228,456,-0.0591,-25.92105263157895,-0.06532105263157895,0.1097157795041366,-0.5953660715605285,-0.1369895649687902,"conditional complete-window sum on stated capital, not live equity or intraday drawdown",0.7083333333333334,283310.76754385966,mean across entered windows; not equal-risk sizing or margin availability,228,252,0.0,0.0
NQ,intraday_long,gross_reference,2354060058c8498ad69c397726d3d77068989c4f3a2a03df8d7cb42b93007edb,234926be0d5e87e7,0.0,0,0.0,0.0,1,7453d8f230dd1ef7fc361e23f107762c1d6acd102f692da6cec81296535d87ef,common complete dates,2024,ok,213,-5390.0,-5390.0,0.0,0.0,213,426,-0.0539,-25.305164319248828,-0.06376901408450704,0.1366272143762418,-0.4667372776034281,-0.10288085471716112,"conditional complete-window sum on stated capital, not live equity or intraday drawdown",0.7083333333333334,381276.5023474178,mean across entered windows; not equal-risk sizing or margin availability,213,252,0.0,0.0
NQ,intraday_long,gross_reference,2354060058c8498ad69c397726d3d77068989c4f3a2a03df8d7cb42b93007edb,234926be0d5e87e7,0.0,0,0.0,0.0,1,7453d8f230dd1ef7fc361e23f107762c1d6acd102f692da6cec81296535d87ef,common complete dates,2025,ok,142,-23535.0,-23535.0,0.0,0.0,142,284,-0.23535,-165.7394366197183,-0.41766338028169014,0.2756492235099461,-1.5151988275657882,-0.27678993663104134,"conditional complete-window sum on stated capital, not live equity or intraday drawdown",0.7083333333333334,441346.72535211267,mean across entered windows; not equal-risk sizing or margin availability,142,252,0.0,0.0
NQ,intraday_long,gross_reference,2354060058c8498ad69c397726d3d77068989c4f3a2a03df8d7cb42b93007edb,234926be0d5e87e7,0.0,0,0.0,0.0,1,7453d8f230dd1ef7fc361e23f107762c1d6acd102f692da6cec81296535d87ef,common complete dates,2026,ok,109,9010.0,9010.0,0.0,0.0,109,218,0.0901,82.66055045871559,0.20830458715596328,0.28545863676328365,0.7297189866730139,-0.12037566742944317,"conditional complete-window sum on stated capital, not live equity or intraday drawdown",0.7083333333333334,536926.0550458715,mean across entered windows; not equal-risk sizing or margin availability,109,252,0.0,0.0
NQ,intraday_long,cost_stress,2354060058c8498ad69c397726d3d77068989c4f3a2a03df8d7cb42b93007edb,38dbdf2eaf0d5f2f,5.0,2,0.0,0.0,1,7453d8f230dd1ef7fc361e23f107762c1d6acd102f692da6cec81296535d87ef,common complete dates,whole,ok,1901,-30310.0,-87340.0,19010.0,38020.0,1901,3802,-0.8734,-45.94423987375066,-0.11577948448185167,0.15239406708691566,-0.759737479910019,-1.031563201196709,"conditional complete-window sum on stated capital, not live equity or intraday drawdown",0.7083333333333334,270266.69910573383,mean across entered windows; not equal-risk sizing or margin availability,1901,252,0.0,0.0
NQ,intraday_long,cost_stress,2354060058c8498ad69c397726d3d77068989c4f3a2a03df8d7cb42b93007edb,38dbdf2eaf0d5f2f,5.0,2,0.0,0.0,1,7453d8f230dd1ef7fc361e23f107762c1d6acd102f692da6cec81296535d87ef,common complete dates,development,ok,970,-3030.0,-32130.0,9700.0,19400.0,970,1940,-0.3213,-33.123711340206185,-0.08347175257731959,0.10336078169632845,-0.8075766379414354,-0.37352281226626777,"conditional complete-window sum on stated capital, not live equity or intraday drawdown",0.7083333333333334,191156.6443298969,mean across entered windows; not equal-risk sizing or margin availability,970,252,0.0,0.0
NQ,intraday_long,cost_stress,2354060058c8498ad69c397726d3d77068989c4f3a2a03df8d7cb42b93007edb,38dbdf2eaf0d5f2f,5.0,2,0.0,0.0,1,7453d8f230dd1ef7fc361e23f107762c1d6acd102f692da6cec81296535d87ef,common complete dates,validation,ok,467,-7365.0,-21375.0,4670.0,9340.0,467,934,-0.21375,-45.770877944325484,-0.11534261241970022,0.14787669703128548,-0.7799918089548471,-0.29674311926605507,"conditional complete-window sum on stated capital, not live equity or intraday drawdown",0.7083333333333334,269693.74732334045,mean across entered windows; not equal-risk sizing or margin availability,467,252,0.0,0.0
NQ,intraday_long,cost_stress,2354060058c8498ad69c397726d3d77068989c4f3a2a03df8d7cb42b93007edb,38dbdf2eaf0d5f2f,5.0,2,0.0,0.0,1,7453d8f230dd1ef7fc361e23f107762c1d6acd102f692da6cec81296535d87ef,common complete dates,historical_final,ok,464,-19915.0,-33835.0,4640.0,9280.0,464,928,-0.33835,-72.92025862068965,-0.18375905172413792,0.22562825077607254,-0.8144328163342975,-0.4997515651396204,"conditional complete-window sum on stated capital, not live equity or intraday drawdown",0.7083333333333334,436224.2887931034,mean across entered windows; not equal-risk sizing or margin availability,464,252,0.0,0.0
NQ,intraday_long,cost_stress,2354060058c8498ad69c397726d3d77068989c4f3a2a03df8d7cb42b93007edb,38dbdf2eaf0d5f2f,5.0,2,0.0,0.0,1,7453d8f230dd1ef7fc361e23f107762c1d6acd102f692da6cec81296535d87ef,common complete dates,2016,ok,27,-1280.0,-2090.0,270.0,540.0,27,54,-0.0209,-77.4074074074074,-0.19506666666666667,0.02937062024086882,-6.641557620061222,-0.023585140862627772,"conditional complete-window sum on stated capital, not live equity or intraday drawdown",0.7083333333333334,95848.70370370371,mean across entered windows; not equal-risk sizing or margin availability,27,252,0.0,0.0
NQ,intraday_long,cost_stress,2354060058c8498ad69c397726d3d77068989c4f3a2a03df8d7cb42b93007edb,38dbdf2eaf0d5f2f,5.0,2,0.0,0.0,1,7453d8f230dd1ef7fc361e23f107762c1d6acd102f692da6cec81296535d87ef,common complete dates,2017,ok,49,1350.0,-120.0,490.0,980.0,49,98,-0.0012,-2.4489795918367347,-0.006171428571428572,0.03360942151072693,-0.18362198139765276,-0.009848030393921216,"conditional complete-window sum on stated capital, not live equity or intraday drawdown",0.7083333333333334,117987.24489795919,mean across entered windows; not equal-risk sizing or margin availability,49,252,0.0,0.0
NQ,intraday_long,cost_stress,2354060058c8498ad69c397726d3d77068989c4f3a2a03df8d7cb42b93007edb,38dbdf2eaf0d5f2f,5.0,2,0.0,0.0,1,7453d8f230dd1ef7fc361e23f107762c1d6acd102f692da6cec81296535d87ef,common complete dates,2018,ok,212,1320.0,-5040.0,2120.0,4240.0,212,424,-0.0504,-23.77358490566038,-0.059909433962264155,0.0751568219708612,-0.7971256951962583,-0.09868779400841793,"conditional complete-window sum on stated capital, not live equity or intraday drawdown",0.7083333333333334,139773.41981132075,mean across entered windows; not equal-risk sizing or margin availability,212,252,0.0,0.0
NQ,intraday_long,cost_stress,2354060058c8498ad69c397726d3d77068989c4f3a2a03df8d7cb42b93007edb,38dbdf2eaf0d5f2f,5.0,2,0.0,0.0,1,7453d8f230dd1ef7fc361e23f107762c1d6acd102f692da6cec81296535d87ef,common complete dates,2019,ok,220,1440.0,-5160.0,2200.0,4400.0,220,440,-0.0516,-23.454545454545453,-0.059105454545454544,0.054688784027267165,-1.0807600789950877,-0.07639680729760548,"conditional complete-window sum on stated capital, not live equity or intraday drawdown",0.7083333333333334,151388.02272727274,mean across entered windows; not equal-risk sizing or margin availability,220,252,0.0,0.0
NQ,intraday_long,cost_stress,2354060058c8498ad69c397726d3d77068989c4f3a2a03df8d7cb42b93007edb,38dbdf2eaf0d5f2f,5.0,2,0.0,0.0,1,7453d8f230dd1ef7fc361e23f107762c1d6acd102f692da6cec81296535d87ef,common complete dates,2020,ok,233,195.0,-6795.0,2330.0,4660.0,233,466,-0.06795,-29.163090128755364,-0.07349098712446352,0.14785910723505902,-0.49703388921205394,-0.17309496765272359,"conditional complete-window sum on stated capital, not live equity or intraday drawdown",0.7083333333333334,205794.12017167383,mean across entered windows; not equal-risk sizing or margin availability,233,252,0.0,0.0
NQ,intraday_long,cost_stress,2354060058c8498ad69c397726d3d77068989c4f3a2a03df8d7cb42b93007edb,38dbdf2eaf0d5f2f,5.0,2,0.0,0.0,1,7453d8f230dd1ef7fc361e23f107762c1d6acd102f692da6cec81296535d87ef,common complete dates,2021,ok,229,-6055.0,-12925.0,2290.0,4580.0,229,458,-0.12925,-56.4410480349345,-0.14223144104803492,0.12121468912933646,-1.1733845301230243,-0.18983653513753765,"conditional complete-window sum on stated capital, not live equity or intraday drawdown",0.7083333333333334,288931.4192139738,mean across entered windows; not equal-risk sizing or margin availability,229,252,0.0,0.0
NQ,intraday_long,cost_stress,2354060058c8498ad69c397726d3d77068989c4f3a2a03df8d7cb42b93007edb,38dbdf2eaf0d5f2f,5.0,2,0.0,0.0,1,7453d8f230dd1ef7fc361e23f107762c1d6acd102f692da6cec81296535d87ef,common complete dates,2022,ok,239,-1455.0,-8625.0,2390.0,4780.0,239,478,-0.08625,-36.08786610878661,-0.09094142259414226,0.17700332513969755,-0.5137836959976201,-0.20041284403669724,"conditional complete-window sum on stated capital, not live equity or intraday drawdown",0.7083333333333334,256703.4518828452,mean across entered windows; not equal-risk sizing or margin availability,239,252,0.0,0.0
NQ,intraday_long,cost_stress,2354060058c8498ad69c397726d3d77068989c4f3a2a03df8d7cb42b93007edb,38dbdf2eaf0d5f2f,5.0,2,0.0,0.0,1,7453d8f230dd1ef7fc361e23f107762c1d6acd102f692da6cec81296535d87ef,common complete dates,2023,ok,228,-5910.0,-12750.0,2280.0,4560.0,228,456,-0.1275,-55.921052631578945,-0.14092105263157895,0.1097157795041366,-1.2844191899148454,-0.15392628602609257,"conditional complete-window sum on stated capital, not live equity or intraday drawdown",0.7083333333333334,283310.76754385966,mean across entered windows; not equal-risk sizing or margin availability,228,252,0.0,0.0
NQ,intraday_long,cost_stress,2354060058c8498ad69c397726d3d77068989c4f3a2a03df8d7cb42b93007edb,38dbdf2eaf0d5f2f,5.0,2,0.0,0.0,1,7453d8f230dd1ef7fc361e23f107762c1d6acd102f692da6cec81296535d87ef,common complete dates,2024,ok,213,-5390.0,-11780.0,2130.0,4260.0,213,426,-0.1178,-55.305164319248824,-0.13936901408450703,0.1366272143762418,-1.0200677421462676,-0.12834144887210575,"conditional complete-window sum on stated capital, not live equity or intraday drawdown",0.7083333333333334,381276.5023474178,mean across entered windows; not equal-risk sizing or margin availability,213,252,0.0,0.0
NQ,intraday_long,cost_stress,2354060058c8498ad69c397726d3d77068989c4f3a2a03df8d7cb42b93007edb,38dbdf2eaf0d5f2f,5.0,2,0.0,0.0,1,7453d8f230dd1ef7fc361e23f107762c1d6acd102f692da6cec81296535d87ef,common complete dates,2025,ok,142,-23535.0,-27795.0,1420.0,2840.0,142,284,-0.27795,-195.7394366197183,-0.49326338028169014,0.2756492235099461,-1.789460438164057,-0.3078508435582822,"conditional complete-window sum on stated capital, not live equity or intraday drawdown",0.7083333333333334,441346.72535211267,mean across entered windows; not equal-risk sizing or margin availability,142,252,0.0,0.0
NQ,intraday_long,cost_stress,2354060058c8498ad69c397726d3d77068989c4f3a2a03df8d7cb42b93007edb,38dbdf2eaf0d5f2f,5.0,2,0.0,0.0,1,7453d8f230dd1ef7fc361e23f107762c1d6acd102f692da6cec81296535d87ef,common complete dates,2026,ok,109,9010.0,5740.0,1090.0,2180.0,109,218,0.0574,52.6605504587156,0.1327045871559633,0.28545863676328365,0.46488201814684804,-0.13775412351361718,"conditional complete-window sum on stated capital, not live equity or intraday drawdown",0.7083333333333334,536926.0550458715,mean across entered windows; not equal-risk sizing or margin availability,109,252,0.0,0.0
NQ,intraday_long,delay_stress,2354060058c8498ad69c397726d3d77068989c4f3a2a03df8d7cb42b93007edb,87e9fd67bd8acbfc,2.5,1,0.0,0.0,5,7453d8f230dd1ef7fc361e23f107762c1d6acd102f692da6cec81296535d87ef,common complete dates,whole,ok,1901,-36280.0,-64795.0,9505.0,19010.0,1901,3802,-0.64795,-34.08469226722777,-0.08589342451341399,0.1526937402390924,-0.5625209283558023,-0.8046828395307218,"conditional complete-window sum on stated capital, not live equity or intraday drawdown",0.7083333333333334,270268.8584955287,mean across entered windows; not equal-risk sizing or margin availability,1901,252,0.0,0.0
NQ,intraday_long,delay_stress,2354060058c8498ad69c397726d3d77068989c4f3a2a03df8d7cb42b93007edb,87e9fd67bd8acbfc,2.5,1,0.0,0.0,5,7453d8f230dd1ef7fc361e23f107762c1d6acd102f692da6cec81296535d87ef,common complete dates,development,ok,970,-3240.0,-17790.0,4850.0,9700.0,970,1940,-0.1779,-18.34020618556701,-0.04621731958762886,0.10392121707800357,-0.4447342023808094,-0.22559156890037782,"conditional complete-window sum on stated capital, not live equity or intraday drawdown",0.7083333333333334,191158.2525773196,mean across entered windows; not equal-risk sizing or margin availability,970,252,0.0,0.0
NQ,intraday_long,delay_stress,2354060058c8498ad69c397726d3d77068989c4f3a2a03df8d7cb42b93007edb,87e9fd67bd8acbfc,2.5,1,0.0,0.0,5,7453d8f230dd1ef7fc361e23f107762c1d6acd102f692da6cec81296535d87ef,common complete dates,validation,ok,467,-5130.0,-12135.0,2335.0,4670.0,467,934,-0.12135,-25.985010706638114,-0.06548222698072804,0.14683331387615634,-0.44596301242617026,-0.2222171239790768,"conditional complete-window sum on stated capital, not live equity or intraday drawdown",0.7083333333333334,269687.3340471092,mean across entered windows; not equal-risk sizing or margin availability,467,252,0.0,0.0
NQ,intraday_long,delay_stress,2354060058c8498ad69c397726d3d77068989c4f3a2a03df8d7cb42b93007edb,87e9fd67bd8acbfc,2.5,1,0.0,0.0,5,7453d8f230dd1ef7fc361e23f107762c1d6acd102f692da6cec81296535d87ef,common complete dates,historical_final,ok,464,-27910.0,-34870.0,2320.0,4640.0,464,928,-0.3487,-75.15086206896552,-0.1893801724137931,0.22653778211468673,-0.8359761036148831,-0.506741628936763,"conditional complete-window sum on stated capital, not live equity or intraday drawdown",0.7083333333333334,436236.2284482759,mean across entered windows; not equal-risk sizing or margin availability,464,252,0.0,0.0
NQ,intraday_long,delay_stress,2354060058c8498ad69c397726d3d77068989c4f3a2a03df8d7cb42b93007edb,87e9fd67bd8acbfc,2.5,1,0.0,0.0,5,7453d8f230dd1ef7fc361e23f107762c1d6acd102f692da6cec81296535d87ef,common complete dates,2016,ok,27,-1470.0,-1875.0,135.0,270.0,27,54,-0.01875,-69.44444444444444,-0.17500000000000002,0.033348336367224354,-5.247638085238782,-0.02319446518341546,"conditional complete-window sum on stated capital, not live equity or intraday drawdown",0.7083333333333334,95853.51851851853,mean across entered windows; not equal-risk sizing or margin availability,27,252,0.0,0.0
NQ,intraday_long,delay_stress,2354060058c8498ad69c397726d3d77068989c4f3a2a03df8d7cb42b93007edb,87e9fd67bd8acbfc,2.5,1,0.0,0.0,5,7453d8f230dd1ef7fc361e23f107762c1d6acd102f692da6cec81296535d87ef,common complete dates,2017,ok,49,1995.0,1260.0,245.0,490.0,49,98,0.0126,25.714285714285715,0.0648,0.03220013586927857,2.0124138687819713,-0.00717726870514207,"conditional complete-window sum on stated capital, not live equity or intraday drawdown",0.7083333333333334,117988.36734693877,mean across entered windows; not equal-risk sizing or margin availability,49,252,0.0,0.0
NQ,intraday_long,delay_stress,2354060058c8498ad69c397726d3d77068989c4f3a2a03df8d7cb42b93007edb,87e9fd67bd8acbfc,2.5,1,0.0,0.0,5,7453d8f230dd1ef7fc361e23f107762c1d6acd102f692da6cec81296535d87ef,common complete dates,2018,ok,212,2515.0,-665.0,1060.0,2120.0,212,424,-0.00665,-3.1367924528301887,-0.007904716981132076,0.07311397398971745,-0.10811499566750091,-0.0748269040553907,"conditional complete-window sum on stated capital, not live equity or intraday drawdown",0.7083333333333334,139769.1037735849,mean across entered windows; not equal-risk sizing or margin availability,212,252,0.0,0.0
NQ,intraday_long,delay_stress,2354060058c8498ad69c397726d3d77068989c4f3a2a03df8d7cb42b93007edb,87e9fd67bd8acbfc,2.5,1,0.0,0.0,5,7453d8f230dd1ef7fc361e23f107762c1d6acd102f692da6cec81296535d87ef,common complete dates,2019,ok,220,810.0,-2490.0,1100.0,2200.0,220,440,-0.0249,-11.318181818181818,-0.028521818181818183,0.05386343829589827,-0.5295209344998337,-0.058163214622758655,"conditional complete-window sum on stated capital, not live equity or intraday drawdown",0.7083333333333334,151390.0909090909,mean across entered windows; not equal-risk sizing or margin availability,220,252,0.0,0.0
NQ,intraday_long,delay_stress,2354060058c8498ad69c397726d3d77068989c4f3a2a03df8d7cb42b93007edb,87e9fd67bd8acbfc,2.5,1,0.0,0.0,5,7453d8f230dd1ef7fc361e23f107762c1d6acd102f692da6cec81296535d87ef,common complete dates,2020,ok,233,705.0,-2790.0,1165.0,2330.0,233,466,-0.0279,-11.974248927038627,-0.03017510729613734,0.15310548305608815,-0.19708704543966654,-0.18435321456235476,"conditional complete-window sum on stated capital, not live equity or intraday drawdown",0.7083333333333334,205790.7939914163,mean across entered windows; not equal-risk sizing or margin availability,233,252,0.0,0.0
NQ,intraday_long,delay_stress,2354060058c8498ad69c397726d3d77068989c4f3a2a03df8d7cb42b93007edb,87e9fd67bd8acbfc,2.5,1,0.0,0.0,5,7453d8f230dd1ef7fc361e23f107762c1d6acd102f692da6cec81296535d87ef,common complete dates,2021,ok,229,-7795.0,-11230.0,1145.0,2290.0,229,458,-0.1123,-49.03930131004367,-0.12357903930131006,0.11797076826980783,-1.0475394974005399,-0.16053677932405566,"conditional complete-window sum on stated capital, not live equity or intraday drawdown",0.7083333333333334,288942.81659388647,mean across entered windows; not equal-risk sizing or margin availability,229,252,0.0,0.0
NQ,intraday_long,delay_stress,2354060058c8498ad69c397726d3d77068989c4f3a2a03df8d7cb42b93007edb,87e9fd67bd8acbfc,2.5,1,0.0,0.0,5,7453d8f230dd1ef7fc361e23f107762c1d6acd102f692da6cec81296535d87ef,common complete dates,2022,ok,239,1085.0,-2500.0,1195.0,2390.0,239,478,-0.025,-10.460251046025105,-0.026359832635983266,0.1750447335885203,-0.1505891213953779,-0.1622464898595944,"conditional complete-window sum on stated capital, not live equity or intraday drawdown",0.7083333333333334,256687.51046025104,mean across entered windows; not equal-risk sizing or margin availability,239,252,0.0,0.0
NQ,intraday_long,delay_stress,2354060058c8498ad69c397726d3d77068989c4f3a2a03df8d7cb42b93007edb,87e9fd67bd8acbfc,2.5,1,0.0,0.0,5,7453d8f230dd1ef7fc361e23f107762c1d6acd102f692da6cec81296535d87ef,common complete dates,2023,ok,228,-6215.0,-9635.0,1140.0,2280.0,228,456,-0.09635,-42.25877192982456,-0.1064921052631579,0.1100964786286212,-0.9672616834765297,-0.13454671692124578,"conditional complete-window sum on stated capital, not live equity or intraday drawdown",0.7083333333333334,283314.34210526315,mean across entered windows; not equal-risk sizing or margin availability,228,252,0.0,0.0
NQ,intraday_long,delay_stress,2354060058c8498ad69c397726d3d77068989c4f3a2a03df8d7cb42b93007edb,87e9fd67bd8acbfc,2.5,1,0.0,0.0,5,7453d8f230dd1ef7fc361e23f107762c1d6acd102f692da6cec81296535d87ef,common complete dates,2024,ok,213,-4800.0,-7995.0,1065.0,2130.0,213,426,-0.07995,-37.53521126760563,-0.0945887323943662,0.13874950383805681,-0.6817230316352454,-0.09425,"conditional complete-window sum on stated capital, not live equity or intraday drawdown",0.7083333333333334,381274.882629108,mean across entered windows; not equal-risk sizing or margin availability,213,252,0.0,0.0
NQ,intraday_long,delay_stress,2354060058c8498ad69c397726d3d77068989c4f3a2a03df8d7cb42b93007edb,87e9fd67bd8acbfc,2.5,1,0.0,0.0,5,7453d8f230dd1ef7fc361e23f107762c1d6acd102f692da6cec81296535d87ef,common complete dates,2025,ok,142,-31105.0,-33235.0,710.0,1420.0,142,284,-0.33235,-234.04929577464787,-0.5898042253521127,0.2749240534162816,-2.145335113545155,-0.3553012746234067,"conditional complete-window sum on stated capital, not live equity or intraday drawdown",0.7083333333333334,441364.0140845071,mean across entered windows; not equal-risk sizing or margin availability,142,252,0.0,0.0
NQ,intraday_long,delay_stress,2354060058c8498ad69c397726d3d77068989c4f3a2a03df8d7cb42b93007edb,87e9fd67bd8acbfc,2.5,1,0.0,0.0,5,7453d8f230dd1ef7fc361e23f107762c1d6acd102f692da6cec81296535d87ef,common complete dates,2026,ok,109,7995.0,6360.0,545.0,1090.0,109,218,0.0636,58.34862385321101,0.14703853211009174,0.2866703809410182,0.5129184662448424,-0.12876607177125313,"conditional complete-window sum on stated capital, not live equity or intraday drawdown",0.7083333333333334,536957.5229357798,mean across entered windows; not equal-risk sizing or margin availability,109,252,0.0,0.0
NQ,intraday_long,combined_stress,2354060058c8498ad69c397726d3d77068989c4f3a2a03df8d7cb42b93007edb,9b9f405335f62e6d,5.0,2,0.0,0.0,5,7453d8f230dd1ef7fc361e23f107762c1d6acd102f692da6cec81296535d87ef,common complete dates,whole,ok,1901,-36280.0,-93310.0,19010.0,38020.0,1901,3802,-0.9331,-49.08469226722777,-0.12369342451341399,0.1526937402390924,-0.8100752808840174,-1.080265389603911,"conditional complete-window sum on stated capital, not live equity or intraday drawdown",0.7083333333333334,270268.8584955287,mean across entered windows; not equal-risk sizing or margin availability,1901,252,0.0,0.0
NQ,intraday_long,combined_stress,2354060058c8498ad69c397726d3d77068989c4f3a2a03df8d7cb42b93007edb,9b9f405335f62e6d,5.0,2,0.0,0.0,5,7453d8f230dd1ef7fc361e23f107762c1d6acd102f692da6cec81296535d87ef,common complete dates,development,ok,970,-3240.0,-32340.0,9700.0,19400.0,970,1940,-0.3234,-33.34020618556701,-0.08401731958762887,0.10392121707800357,-0.808471281899684,-0.3595230968771825,"conditional complete-window sum on stated capital, not live equity or intraday drawdown",0.7083333333333334,191158.2525773196,mean across entered windows; not equal-risk sizing or margin availability,970,252,0.0,0.0
NQ,intraday_long,combined_stress,2354060058c8498ad69c397726d3d77068989c4f3a2a03df8d7cb42b93007edb,9b9f405335f62e6d,5.0,2,0.0,0.0,5,7453d8f230dd1ef7fc361e23f107762c1d6acd102f692da6cec81296535d87ef,common complete dates,validation,ok,467,-5130.0,-19140.0,4670.0,9340.0,467,934,-0.1914,-40.985010706638114,-0.10328222698072806,0.14683331387615634,-0.703397779797025,-0.2730386484610044,"conditional complete-window sum on stated capital, not live equity or intraday drawdown",0.7083333333333334,269687.3340471092,mean across entered windows; not equal-risk sizing or margin availability,467,252,0.0,0.0
NQ,intraday_long,combined_stress,2354060058c8498ad69c397726d3d77068989c4f3a2a03df8d7cb42b93007edb,9b9f405335f62e6d,5.0,2,0.0,0.0,5,7453d8f230dd1ef7fc361e23f107762c1d6acd102f692da6cec81296535d87ef,common complete dates,historical_final,ok,464,-27910.0,-41830.0,4640.0,9280.0,464,928,-0.4183,-90.15086206896552,-0.22718017241379312,0.22653778211468673,-1.002835687244352,-0.56565,"conditional complete-window sum on stated capital, not live equity or intraday drawdown",0.7083333333333334,436236.2284482759,mean across entered windows; not equal-risk sizing or margin availability,464,252,0.0,0.0
NQ,intraday_long,combined_stress,2354060058c8498ad69c397726d3d77068989c4f3a2a03df8d7cb42b93007edb,9b9f405335f62e6d,5.0,2,0.0,0.0,5,7453d8f230dd1ef7fc361e23f107762c1d6acd102f692da6cec81296535d87ef,common complete dates,2016,ok,27,-1470.0,-2280.0,270.0,540.0,27,54,-0.0228,-84.44444444444444,-0.2128,0.033348336367224354,-6.381127911650357,-0.02504240247430909,"conditional complete-window sum on stated capital, not live equity or intraday drawdown",0.7083333333333334,95853.51851851853,mean across entered windows; not equal-risk sizing or margin availability,27,252,0.0,0.0
NQ,intraday_long,combined_stress,2354060058c8498ad69c397726d3d77068989c4f3a2a03df8d7cb42b93007edb,9b9f405335f62e6d,5.0,2,0.0,0.0,5,7453d8f230dd1ef7fc361e23f107762c1d6acd102f692da6cec81296535d87ef,common complete dates,2017,ok,49,1995.0,525.0,490.0,980.0,49,98,0.00525,10.714285714285714,0.027,0.03220013586927857,0.8385057786591547,-0.007853403141361256,"conditional complete-window sum on stated capital, not live equity or intraday drawdown",0.7083333333333334,117988.36734693877,mean across entered windows; not equal-risk sizing or margin availability,49,252,0.0,0.0
NQ,intraday_long,combined_stress,2354060058c8498ad69c397726d3d77068989c4f3a2a03df8d7cb42b93007edb,9b9f405335f62e6d,5.0,2,0.0,0.0,5,7453d8f230dd1ef7fc361e23f107762c1d6acd102f692da6cec81296535d87ef,common complete dates,2018,ok,212,2515.0,-3845.0,2120.0,4240.0,212,424,-0.03845,-18.13679245283019,-0.04570471698113208,0.07311397398971745,-0.6251160275812647,-0.08662704309063893,"conditional complete-window sum on stated capital, not live equity or intraday drawdown",0.7083333333333334,139769.1037735849,mean across entered windows; not equal-risk sizing or margin availability,212,252,0.0,0.0
NQ,intraday_long,combined_stress,2354060058c8498ad69c397726d3d77068989c4f3a2a03df8d7cb42b93007edb,9b9f405335f62e6d,5.0,2,0.0,0.0,5,7453d8f230dd1ef7fc361e23f107762c1d6acd102f692da6cec81296535d87ef,common complete dates,2019,ok,220,810.0,-5790.0,2200.0,4400.0,220,440,-0.0579,-26.318181818181817,-0.06632181818181818,0.05386343829589827,-1.231295666969493,-0.08089697692919649,"conditional complete-window sum on stated capital, not live equity or intraday drawdown",0.7083333333333334,151390.0909090909,mean across entered windows; not equal-risk sizing or margin availability,220,252,0.0,0.0
NQ,intraday_long,combined_stress,2354060058c8498ad69c397726d3d77068989c4f3a2a03df8d7cb42b93007edb,9b9f405335f62e6d,5.0,2,0.0,0.0,5,7453d8f230dd1ef7fc361e23f107762c1d6acd102f692da6cec81296535d87ef,common complete dates,2020,ok,233,705.0,-6285.0,2330.0,4660.0,233,466,-0.06285,-26.974248927038627,-0.06797510729613734,0.15310548305608815,-0.44397565612484025,-0.18762173743669652,"conditional complete-window sum on stated capital, not live equity or intraday drawdown",0.7083333333333334,205790.7939914163,mean across entered windows; not equal-risk sizing or margin availability,233,252,0.0,0.0
NQ,intraday_long,combined_stress,2354060058c8498ad69c397726d3d77068989c4f3a2a03df8d7cb42b93007edb,9b9f405335f62e6d,5.0,2,0.0,0.0,5,7453d8f230dd1ef7fc361e23f107762c1d6acd102f692da6cec81296535d87ef,common complete dates,2021,ok,229,-7795.0,-14665.0,2290.0,4580.0,229,458,-0.14665,-64.03930131004367,-0.16137903930131006,0.11797076826980783,-1.3679578565787103,-0.18557572743098733,"conditional complete-window sum on stated capital, not live equity or intraday drawdown",0.7083333333333334,288942.81659388647,mean across entered windows; not equal-risk sizing or margin availability,229,252,0.0,0.0
NQ,intraday_long,combined_stress,2354060058c8498ad69c397726d3d77068989c4f3a2a03df8d7cb42b93007edb,9b9f405335f62e6d,5.0,2,0.0,0.0,5,7453d8f230dd1ef7fc361e23f107762c1d6acd102f692da6cec81296535d87ef,common complete dates,2022,ok,239,1085.0,-6085.0,2390.0,4780.0,239,478,-0.06085,-25.460251046025103,-0.06415983263598327,0.1750447335885203,-0.3665339214763497,-0.18005091414024532,"conditional complete-window sum on stated capital, not live equity or intraday drawdown",0.7083333333333334,256687.51046025104,mean across entered windows; not equal-risk sizing or margin availability,239,252,0.0,0.0
NQ,intraday_long,combined_stress,2354060058c8498ad69c397726d3d77068989c4f3a2a03df8d7cb42b93007edb,9b9f405335f62e6d,5.0,2,0.0,0.0,5,7453d8f230dd1ef7fc361e23f107762c1d6acd102f692da6cec81296535d87ef,common complete dates,2023,ok,228,-6215.0,-13055.0,2280.0,4560.0,228,456,-0.13055,-57.25877192982456,-0.1442921052631579,0.1100964786286212,-1.310596915182781,-0.1576825444228759,"conditional complete-window sum on stated capital, not live equity or intraday drawdown",0.7083333333333334,283314.34210526315,mean across entered windows; not equal-risk sizing or margin availability,228,252,0.0,0.0
NQ,intraday_long,combined_stress,2354060058c8498ad69c397726d3d77068989c4f3a2a03df8d7cb42b93007edb,9b9f405335f62e6d,5.0,2,0.0,0.0,5,7453d8f230dd1ef7fc361e23f107762c1d6acd102f692da6cec81296535d87ef,common complete dates,2024,ok,213,-4800.0,-11190.0,2130.0,4260.0,213,426,-0.1119,-52.53521126760563,-0.1323887323943662,0.13874950383805681,-0.9541564382737205,-0.1181,"conditional complete-window sum on stated capital, not live equity or intraday drawdown",0.7083333333333334,381274.882629108,mean across entered windows; not equal-risk sizing or margin availability,213,252,0.0,0.0
NQ,intraday_long,combined_stress,2354060058c8498ad69c397726d3d77068989c4f3a2a03df8d7cb42b93007edb,9b9f405335f62e6d,5.0,2,0.0,0.0,5,7453d8f230dd1ef7fc361e23f107762c1d6acd102f692da6cec81296535d87ef,common complete dates,2025,ok,142,-31105.0,-35365.0,1420.0,2840.0,142,284,-0.35365,-249.04929577464787,-0.6276042253521127,0.2749240534162816,-2.282827630224895,-0.3755977394580496,"conditional complete-window sum on stated capital, not live equity or intraday drawdown",0.7083333333333334,441364.0140845071,mean across entered windows; not equal-risk sizing or margin availability,142,252,0.0,0.0
NQ,intraday_long,combined_stress,2354060058c8498ad69c397726d3d77068989c4f3a2a03df8d7cb42b93007edb,9b9f405335f62e6d,5.0,2,0.0,0.0,5,7453d8f230dd1ef7fc361e23f107762c1d6acd102f692da6cec81296535d87ef,common complete dates,2026,ok,109,7995.0,4725.0,1090.0,2180.0,109,218,0.04725,43.34862385321101,0.10923853211009174,0.2866703809410182,0.38105970959227675,-0.1340454195535027,"conditional complete-window sum on stated capital, not live equity or intraday drawdown",0.7083333333333334,536957.5229357798,mean across entered windows; not equal-risk sizing or margin availability,109,252,0.0,0.0
